handle,old_rating,new_rating,change,rank,contest_id,contest_name
rainboy,1762,2142,380,1,2049,Codeforces Round 994 (Div. 2)
not_natural_fruits,1953,2239,286,2,2049,Codeforces Round 994 (Div. 2)
Aestivate,2035,2277,242,3,2049,Codeforces Round 994 (Div. 2)
trunkty,2084,2298,214,4,2049,Codeforces Round 994 (Div. 2)
1.618034,1881,2148,267,5,2049,Codeforces Round 994 (Div. 2)
GCCCCCCCC,1723,2084,361,6,2049,Codeforces Round 994 (Div. 2)
HUST_UESLESS,749,1428,679,7,2049,Codeforces Round 994 (Div. 2)
PowerfulNumber,990,1601,611,8,2049,Codeforces Round 994 (Div. 2)
lwm7708,2066,2248,182,9,2049,Codeforces Round 994 (Div. 2)
leolin0214,2089,2260,171,10,2049,Codeforces Round 994 (Div. 2)
Drawchill,1649,1956,307,11,2049,Codeforces Round 994 (Div. 2)
Muelsyse_sep006,2057,2264,207,12,2049,Codeforces Round 994 (Div. 2)
I_love_Khanh_Dan,735,1389,654,13,2049,Codeforces Round 994 (Div. 2)
FinrodF,2063,2226,163,14,2049,Codeforces Round 994 (Div. 2)
Ali_BBN,2037,2204,167,15,2049,Codeforces Round 994 (Div. 2)
tbtl,0,877,877,16,2049,Codeforces Round 994 (Div. 2)
xcxcx,2052,2212,160,17,2049,Codeforces Round 994 (Div. 2)
ow3nLLL,2029,2193,164,18,2049,Codeforces Round 994 (Div. 2)
yyswys2347861,1517,1847,330,19,2049,Codeforces Round 994 (Div. 2)
Dobriy_Kozel,2080,2224,144,20,2049,Codeforces Round 994 (Div. 2)
GGhandsome,2005,2169,164,21,2049,Codeforces Round 994 (Div. 2)
PNJ0714,2054,2201,147,22,2049,Codeforces Round 994 (Div. 2)
Emma194,2098,2230,132,23,2049,Codeforces Round 994 (Div. 2)
LuigiMangione,0,856,856,24,2049,Codeforces Round 994 (Div. 2)
patatapum,2050,2229,179,25,2049,Codeforces Round 994 (Div. 2)
CodeCracker1609,1879,2073,194,26,2049,Codeforces Round 994 (Div. 2)
tatata96,2074,2207,133,27,2049,Codeforces Round 994 (Div. 2)
Pras28,1806,2019,213,28,2049,Codeforces Round 994 (Div. 2)
vovanus,1501,1816,315,29,2049,Codeforces Round 994 (Div. 2)
diordhd,2064,2194,130,30,2049,Codeforces Round 994 (Div. 2)
AdisFDinArashi,1948,2111,163,31,2049,Codeforces Round 994 (Div. 2)
Hollowheart_Albion,1819,2019,200,32,2049,Codeforces Round 994 (Div. 2)
jtrh,1927,2093,166,32,2049,Codeforces Round 994 (Div. 2)
Yourmomfat,2097,2212,115,34,2049,Codeforces Round 994 (Div. 2)
SkyWave2024,1590,1863,273,35,2049,Codeforces Round 994 (Div. 2)
ButterflyDew,2099,2210,111,36,2049,Codeforces Round 994 (Div. 2)
uyi,1726,1951,225,37,2049,Codeforces Round 994 (Div. 2)
_Grey_,1954,2105,151,38,2049,Codeforces Round 994 (Div. 2)
Mtaylor,2093,2202,109,39,2049,Codeforces Round 994 (Div. 2)
curl1,1362,1773,411,40,2049,Codeforces Round 994 (Div. 2)
VanshRA,1991,2127,136,41,2049,Codeforces Round 994 (Div. 2)
KKT_89,1946,2094,148,42,2049,Codeforces Round 994 (Div. 2)
YamOCHca,2029,2151,122,43,2049,Codeforces Round 994 (Div. 2)
TsukikoTsutsukakushi,2094,2197,103,44,2049,Codeforces Round 994 (Div. 2)
MonkeyGoesCoding,1998,2127,129,45,2049,Codeforces Round 994 (Div. 2)
r4kit1czheng,2021,2142,121,46,2049,Codeforces Round 994 (Div. 2)
Cai1000,2090,2190,100,47,2049,Codeforces Round 994 (Div. 2)
Dulustan,2096,2194,98,48,2049,Codeforces Round 994 (Div. 2)
Relice,1839,2012,173,49,2049,Codeforces Round 994 (Div. 2)
The_Caspian_Sea,2077,2178,101,50,2049,Codeforces Round 994 (Div. 2)
mainyutin,1983,2110,127,51,2049,Codeforces Round 994 (Div. 2)
onlytrall,1992,2116,124,52,2049,Codeforces Round 994 (Div. 2)
MrPython,2028,2140,112,53,2049,Codeforces Round 994 (Div. 2)
yev,1386,1754,368,54,2049,Codeforces Round 994 (Div. 2)
ElliotNightlight,2048,2153,105,55,2049,Codeforces Round 994 (Div. 2)
aktuss,928,1430,502,56,2049,Codeforces Round 994 (Div. 2)
tepchik,1912,2055,143,56,2049,Codeforces Round 994 (Div. 2)
thesoleft,1714,1919,205,58,2049,Codeforces Round 994 (Div. 2)
Miniest,1676,1948,272,59,2049,Codeforces Round 994 (Div. 2)
shade34,1899,2043,144,60,2049,Codeforces Round 994 (Div. 2)
sav,1763,1949,186,61,2049,Codeforces Round 994 (Div. 2)
TomAnderson,1194,1579,385,62,2049,Codeforces Round 994 (Div. 2)
mahseh,1973,2093,120,63,2049,Codeforces Round 994 (Div. 2)
Mohammad-Parsa,2004,2114,110,64,2049,Codeforces Round 994 (Div. 2)
dark__moon,1958,2080,122,65,2049,Codeforces Round 994 (Div. 2)
_FCY_,1916,2050,134,66,2049,Codeforces Round 994 (Div. 2)
reil_st,2024,2126,102,67,2049,Codeforces Round 994 (Div. 2)
adepteXiao,1836,1992,156,68,2049,Codeforces Round 994 (Div. 2)
BenjaR,2031,2129,98,68,2049,Codeforces Round 994 (Div. 2)
tongzhenxuan,2072,2158,86,70,2049,Codeforces Round 994 (Div. 2)
arthur_9548,1992,2100,108,71,2049,Codeforces Round 994 (Div. 2)
EchoLisa,2001,2164,163,72,2049,Codeforces Round 994 (Div. 2)
FzArK,2031,2126,95,73,2049,Codeforces Round 994 (Div. 2)
ub33,2063,2149,86,74,2049,Codeforces Round 994 (Div. 2)
imgeeking,1353,1735,382,75,2049,Codeforces Round 994 (Div. 2)
misteg168,1991,2096,105,76,2049,Codeforces Round 994 (Div. 2)
Qzong,2025,2119,94,77,2049,Codeforces Round 994 (Div. 2)
Kanaifu,1963,2075,112,78,2049,Codeforces Round 994 (Div. 2)
sergeev.PRO,2057,2141,84,79,2049,Codeforces Round 994 (Div. 2)
Annasirius,557,1180,623,80,2049,Codeforces Round 994 (Div. 2)
atc,1987,2090,103,81,2049,Codeforces Round 994 (Div. 2)
svinidla,1766,1935,169,82,2049,Codeforces Round 994 (Div. 2)
harurun4635,2040,2126,86,83,2049,Codeforces Round 994 (Div. 2)
AlexanderL,1916,2038,122,84,2049,Codeforces Round 994 (Div. 2)
Treks,1899,2025,126,85,2049,Codeforces Round 994 (Div. 2)
CDastrup,1584,1864,280,86,2049,Codeforces Round 994 (Div. 2)
yoru_sacri,1925,2042,117,87,2049,Codeforces Round 994 (Div. 2)
A.I.skeleton_,1820,1969,149,88,2049,Codeforces Round 994 (Div. 2)
Azm1t,2095,2162,67,89,2049,Codeforces Round 994 (Div. 2)
harsh__h,2044,2125,81,90,2049,Codeforces Round 994 (Div. 2)
jia,1869,2001,132,91,2049,Codeforces Round 994 (Div. 2)
ILL1A,1730,1904,174,92,2049,Codeforces Round 994 (Div. 2)
baizongyu314,1782,1939,157,93,2049,Codeforces Round 994 (Div. 2)
RussianSpy,1530,1769,239,94,2049,Codeforces Round 994 (Div. 2)
Ashbourne,2081,2149,68,95,2049,Codeforces Round 994 (Div. 2)
haminh1092005,1562,1789,227,96,2049,Codeforces Round 994 (Div. 2)
amhdaimm,1480,1734,254,97,2049,Codeforces Round 994 (Div. 2)
historical,1959,2118,159,98,2049,Codeforces Round 994 (Div. 2)
hhjk,1870,1997,127,99,2049,Codeforces Round 994 (Div. 2)
tomcruise_,415,1075,660,100,2049,Codeforces Round 994 (Div. 2)
punkitkumar,1607,1816,209,101,2049,Codeforces Round 994 (Div. 2)
dv_0101,1248,1582,334,102,2049,Codeforces Round 994 (Div. 2)
turska,2005,2090,85,103,2049,Codeforces Round 994 (Div. 2)
LEViTATED,1942,2045,103,104,2049,Codeforces Round 994 (Div. 2)
Palbudir,2088,2149,61,105,2049,Codeforces Round 994 (Div. 2)
Invinc1ble,0,774,774,106,2049,Codeforces Round 994 (Div. 2)
ddatzyy,0,774,774,107,2049,Codeforces Round 994 (Div. 2)
Aldiyar-S-001-2026,2070,2136,66,108,2049,Codeforces Round 994 (Div. 2)
hungry123,2097,2155,58,109,2049,Codeforces Round 994 (Div. 2)
tosbryanorz,1881,2000,119,110,2049,Codeforces Round 994 (Div. 2)
igno_tus,1011,1481,470,111,2049,Codeforces Round 994 (Div. 2)
heal,1771,1923,152,112,2049,Codeforces Round 994 (Div. 2)
thelightinsidehasbroken,1946,2044,98,113,2049,Codeforces Round 994 (Div. 2)
dreamCoderFromKZ,2044,2114,70,114,2049,Codeforces Round 994 (Div. 2)
PaciukZvichainyi,1938,2038,100,115,2049,Codeforces Round 994 (Div. 2)
svntn.4vr,1823,1957,134,116,2049,Codeforces Round 994 (Div. 2)
Sunflower233,2046,2114,68,117,2049,Codeforces Round 994 (Div. 2)
alu097,1697,1869,172,118,2049,Codeforces Round 994 (Div. 2)
Horcrux983282,1424,1686,262,119,2049,Codeforces Round 994 (Div. 2)
aIish,1865,1984,119,120,2049,Codeforces Round 994 (Div. 2)
_panhuachao_,648,1217,569,121,2049,Codeforces Round 994 (Div. 2)
overcompensate,528,1137,609,122,2049,Codeforces Round 994 (Div. 2)
digital_vest,1676,1852,176,123,2049,Codeforces Round 994 (Div. 2)
CepryH9,2082,2137,55,124,2049,Codeforces Round 994 (Div. 2)
Raymond_7,1731,1943,212,125,2049,Codeforces Round 994 (Div. 2)
khoianh,2065,2124,59,125,2049,Codeforces Round 994 (Div. 2)
null_lambda,1916,2016,100,127,2049,Codeforces Round 994 (Div. 2)
cly_ss,1954,2043,89,127,2049,Codeforces Round 994 (Div. 2)
efishel,2055,2115,60,129,2049,Codeforces Round 994 (Div. 2)
mumberes,2058,2117,59,130,2049,Codeforces Round 994 (Div. 2)
pengin_2000,1888,1995,107,131,2049,Codeforces Round 994 (Div. 2)
a.out,1904,2006,102,131,2049,Codeforces Round 994 (Div. 2)
Mafuyu,1985,2064,79,133,2049,Codeforces Round 994 (Div. 2)
idtagirm,1751,1898,147,134,2049,Codeforces Round 994 (Div. 2)
Sadbo0,1747,1957,210,134,2049,Codeforces Round 994 (Div. 2)
Meguhine,1840,1959,119,136,2049,Codeforces Round 994 (Div. 2)
xdl,1598,1793,195,136,2049,Codeforces Round 994 (Div. 2)
lsr_czz,1889,1993,104,138,2049,Codeforces Round 994 (Div. 2)
dewana310,1935,2026,91,138,2049,Codeforces Round 994 (Div. 2)
ezuygnaij,764,1287,523,140,2049,Codeforces Round 994 (Div. 2)
sojabhai,1835,1954,119,141,2049,Codeforces Round 994 (Div. 2)
PureRuby,1939,2085,146,141,2049,Codeforces Round 994 (Div. 2)
s_wadhwa01,446,1074,628,143,2049,Codeforces Round 994 (Div. 2)
jastaway,1939,2026,87,144,2049,Codeforces Round 994 (Div. 2)
987,1902,2000,98,145,2049,Codeforces Round 994 (Div. 2)
imgm228,732,1262,530,146,2049,Codeforces Round 994 (Div. 2)
ymh114514,1925,2015,90,147,2049,Codeforces Round 994 (Div. 2)
AndrewNguyen,1627,1808,181,148,2049,Codeforces Round 994 (Div. 2)
89.1MHz,2027,2088,61,149,2049,Codeforces Round 994 (Div. 2)
Jenny_jsiadcsa,1199,1591,392,150,2049,Codeforces Round 994 (Div. 2)
patak,1934,2020,86,151,2049,Codeforces Round 994 (Div. 2)
kixxippi,901,1352,451,152,2049,Codeforces Round 994 (Div. 2)
Arabian_Night,686,1228,542,153,2049,Codeforces Round 994 (Div. 2)
Vassu05,1970,2045,75,154,2049,Codeforces Round 994 (Div. 2)
mainkkk,1735,1879,144,154,2049,Codeforces Round 994 (Div. 2)
arman_ferdous,1773,1905,132,156,2049,Codeforces Round 994 (Div. 2)
tzaph_,2076,2120,44,157,2049,Codeforces Round 994 (Div. 2)
Ayis137,1749,1887,138,157,2049,Codeforces Round 994 (Div. 2)
AnAverageElectrician,1706,1858,152,157,2049,Codeforces Round 994 (Div. 2)
stup_bitch,2019,2078,59,157,2049,Codeforces Round 994 (Div. 2)
oicourse,1982,2051,69,161,2049,Codeforces Round 994 (Div. 2)
BlankJ,1944,2023,79,161,2049,Codeforces Round 994 (Div. 2)
wprqxr,2066,2111,45,161,2049,Codeforces Round 994 (Div. 2)
buko,2070,2114,44,164,2049,Codeforces Round 994 (Div. 2)
cdx123456,2049,2098,49,165,2049,Codeforces Round 994 (Div. 2)
sysu_yzc,1744,1937,193,166,2049,Codeforces Round 994 (Div. 2)
BRATOK-OKNO-KAWASAKI,1941,2020,79,167,2049,Codeforces Round 994 (Div. 2)
AcPlusOne,1793,1915,122,168,2049,Codeforces Round 994 (Div. 2)
akhmet-issa-016-2025,822,1330,508,169,2049,Codeforces Round 994 (Div. 2)
pikaka,2039,2089,50,170,2049,Codeforces Round 994 (Div. 2)
sahasrad,1765,1895,130,171,2049,Codeforces Round 994 (Div. 2)
_Sherbiny,1848,1952,104,172,2049,Codeforces Round 994 (Div. 2)
0x706163,1952,2085,133,172,2049,Codeforces Round 994 (Div. 2)
Well1ngt0n,1677,1832,155,174,2049,Codeforces Round 994 (Div. 2)
Ichinoseyang,1919,2002,83,174,2049,Codeforces Round 994 (Div. 2)
_coke_,1316,1591,275,176,2049,Codeforces Round 994 (Div. 2)
Umiyuri,1775,1899,124,177,2049,Codeforces Round 994 (Div. 2)
zmza,681,1216,535,177,2049,Codeforces Round 994 (Div. 2)
Nurislam-S-016-24,1848,1950,102,179,2049,Codeforces Round 994 (Div. 2)
Shahrad_Mirzaei,1691,1840,149,179,2049,Codeforces Round 994 (Div. 2)
CaCl2_H2O_CO2,1987,2049,62,179,2049,Codeforces Round 994 (Div. 2)
nguyenphong233,2044,2090,46,182,2049,Codeforces Round 994 (Div. 2)
Nonoze,1902,1987,85,183,2049,Codeforces Round 994 (Div. 2)
nguyenquocthao00,2013,2066,53,184,2049,Codeforces Round 994 (Div. 2)
penguin2,2030,2078,48,184,2049,Codeforces Round 994 (Div. 2)
yupooh,1864,1959,95,184,2049,Codeforces Round 994 (Div. 2)
sdyakonov,2002,2058,56,184,2049,Codeforces Round 994 (Div. 2)
truongminhduc_beo,1980,2041,61,188,2049,Codeforces Round 994 (Div. 2)
bansalsomya166,1952,2021,69,188,2049,Codeforces Round 994 (Div. 2)
DaniraSilla,1953,2022,69,188,2049,Codeforces Round 994 (Div. 2)
Mohamed_Reda,2020,2069,49,191,2049,Codeforces Round 994 (Div. 2)
winter2020,1749,1877,128,191,2049,Codeforces Round 994 (Div. 2)
Left0807,1870,1961,91,193,2049,Codeforces Round 994 (Div. 2)
Nalrimet,1905,1986,81,193,2049,Codeforces Round 994 (Div. 2)
zc_li,1879,1967,88,195,2049,Codeforces Round 994 (Div. 2)
ddh123,1990,2046,56,196,2049,Codeforces Round 994 (Div. 2)
TOMATO_MAT_TO,2085,2115,30,196,2049,Codeforces Round 994 (Div. 2)
lenhanbounofficial,1943,2012,69,198,2049,Codeforces Round 994 (Div. 2)
Chaska,1812,1919,107,198,2049,Codeforces Round 994 (Div. 2)
zxck3,1604,1774,170,200,2049,Codeforces Round 994 (Div. 2)
tyrin.mikhail,1921,1996,75,200,2049,Codeforces Round 994 (Div. 2)
inap,1927,1999,72,202,2049,Codeforces Round 994 (Div. 2)
timer2023,1962,2024,62,202,2049,Codeforces Round 994 (Div. 2)
_yao,1658,1810,152,204,2049,Codeforces Round 994 (Div. 2)
TheRedStone,1980,2037,57,205,2049,Codeforces Round 994 (Div. 2)
klinac,1581,1810,229,205,2049,Codeforces Round 994 (Div. 2)
mmdrzada,1699,1837,138,207,2049,Codeforces Round 994 (Div. 2)
aleph01,1701,1873,172,207,2049,Codeforces Round 994 (Div. 2)
Werner,1881,1965,84,207,2049,Codeforces Round 994 (Div. 2)
love_gold_,1321,1633,312,210,2049,Codeforces Round 994 (Div. 2)
PeEchDangYeu,2079,2144,65,210,2049,Codeforces Round 994 (Div. 2)
shisukenohara,1837,1933,96,212,2049,Codeforces Round 994 (Div. 2)
MrAndria,1931,1999,68,213,2049,Codeforces Round 994 (Div. 2)
Knights_of_Yuri,1690,1830,140,213,2049,Codeforces Round 994 (Div. 2)
romegenixxx,1637,1793,156,215,2049,Codeforces Round 994 (Div. 2)
am_25,1521,1713,192,216,2049,Codeforces Round 994 (Div. 2)
Sacharlemagne,1787,1896,109,217,2049,Codeforces Round 994 (Div. 2)
vereshchagin88,1843,1936,93,218,2049,Codeforces Round 994 (Div. 2)
Include_Z_F_R_,2031,2070,39,219,2049,Codeforces Round 994 (Div. 2)
arashmemar,2026,2066,40,219,2049,Codeforces Round 994 (Div. 2)
bananasaur,2065,2095,30,221,2049,Codeforces Round 994 (Div. 2)
0I0acOJleHbKa,1997,2045,48,222,2049,Codeforces Round 994 (Div. 2)
thnam12,1102,1442,340,222,2049,Codeforces Round 994 (Div. 2)
Running_a_way,1719,1846,127,224,2049,Codeforces Round 994 (Div. 2)
ivan.alexeev,2047,2080,33,224,2049,Codeforces Round 994 (Div. 2)
Ryshi,1986,2036,50,224,2049,Codeforces Round 994 (Div. 2)
-Raspberry-,1990,2039,49,227,2049,Codeforces Round 994 (Div. 2)
contest_virus,1980,2031,51,228,2049,Codeforces Round 994 (Div. 2)
Nathan4,1859,1944,85,229,2049,Codeforces Round 994 (Div. 2)
ChengyunSun,1702,1888,186,230,2049,Codeforces Round 994 (Div. 2)
tymond,1991,2038,47,230,2049,Codeforces Round 994 (Div. 2)
run2wice,2071,2096,25,230,2049,Codeforces Round 994 (Div. 2)
starryskycat,2048,2079,31,233,2049,Codeforces Round 994 (Div. 2)
Lzy_,2046,2078,32,234,2049,Codeforces Round 994 (Div. 2)
SoloSerenade,1722,1846,124,235,2049,Codeforces Round 994 (Div. 2)
Ferrriccc,1608,1767,159,236,2049,Codeforces Round 994 (Div. 2)
EfrenStevens,1588,1753,165,236,2049,Codeforces Round 994 (Div. 2)
lftroq,1881,1957,76,238,2049,Codeforces Round 994 (Div. 2)
Segment.trii,1432,1702,270,238,2049,Codeforces Round 994 (Div. 2)
csegura,1885,1960,75,240,2049,Codeforces Round 994 (Div. 2)
gxd,2066,2090,24,241,2049,Codeforces Round 994 (Div. 2)
N29,2014,2052,38,241,2049,Codeforces Round 994 (Div. 2)
komite,1971,2021,50,241,2049,Codeforces Round 994 (Div. 2)
Bahamin,1992,2036,44,241,2049,Codeforces Round 994 (Div. 2)
picramide,2036,2067,31,245,2049,Codeforces Round 994 (Div. 2)
realpsdoingdamyoo,1653,1795,142,245,2049,Codeforces Round 994 (Div. 2)
eepsilon,1906,1973,67,245,2049,Codeforces Round 994 (Div. 2)
xlpg080713,1663,1802,139,245,2049,Codeforces Round 994 (Div. 2)
De-Bug,1933,1992,59,249,2049,Codeforces Round 994 (Div. 2)
monna4335,1952,2006,54,249,2049,Codeforces Round 994 (Div. 2)
Teatify,1612,1766,154,251,2049,Codeforces Round 994 (Div. 2)
wsy_single_push_people,1893,1963,70,252,2049,Codeforces Round 994 (Div. 2)
Anand_Bharti,1621,1772,151,252,2049,Codeforces Round 994 (Div. 2)
BLuemoon_,1403,1624,221,254,2049,Codeforces Round 994 (Div. 2)
FredBill,1845,1928,83,255,2049,Codeforces Round 994 (Div. 2)
Lucky_Summer,1360,1595,235,255,2049,Codeforces Round 994 (Div. 2)
KSCD,1722,1841,119,257,2049,Codeforces Round 994 (Div. 2)
Nephren_Sakura,1928,1987,59,258,2049,Codeforces Round 994 (Div. 2)
Good_Handle,1758,1865,107,259,2049,Codeforces Round 994 (Div. 2)
leeminhduc2,2047,2073,26,259,2049,Codeforces Round 994 (Div. 2)
ywli08,1842,1925,83,259,2049,Codeforces Round 994 (Div. 2)
zjdl,2045,2071,26,262,2049,Codeforces Round 994 (Div. 2)
balakrishnan,1973,2018,45,263,2049,Codeforces Round 994 (Div. 2)
SpyrosAliv,1801,1895,94,264,2049,Codeforces Round 994 (Div. 2)
pipi20020818,1483,1675,192,265,2049,Codeforces Round 994 (Div. 2)
sputn1k,2067,2086,19,265,2049,Codeforces Round 994 (Div. 2)
Ayalla,2012,2046,34,267,2049,Codeforces Round 994 (Div. 2)
Aarush,1927,1984,57,268,2049,Codeforces Round 994 (Div. 2)
ivchenkoandrey2,1683,1811,128,268,2049,Codeforces Round 994 (Div. 2)
JiangYS,1126,1506,380,270,2049,Codeforces Round 994 (Div. 2)
I_am_Domik,2043,2068,25,271,2049,Codeforces Round 994 (Div. 2)
idr1ska,2001,2036,35,272,2049,Codeforces Round 994 (Div. 2)
M_bolshakov,2059,2079,20,272,2049,Codeforces Round 994 (Div. 2)
Arnab_4,936,1375,439,272,2049,Codeforces Round 994 (Div. 2)
hyperion1019,2091,2103,12,275,2049,Codeforces Round 994 (Div. 2)
Apocalypse8,1904,1966,62,276,2049,Codeforces Round 994 (Div. 2)
always_grinding,2078,2093,15,276,2049,Codeforces Round 994 (Div. 2)
Rajat.18,1731,1843,112,278,2049,Codeforces Round 994 (Div. 2)
cwal,1776,1874,98,278,2049,Codeforces Round 994 (Div. 2)
giullia,1822,1907,85,280,2049,Codeforces Round 994 (Div. 2)
glycee,1695,1817,122,281,2049,Codeforces Round 994 (Div. 2)
MightZero,1819,1904,85,281,2049,Codeforces Round 994 (Div. 2)
cockatooo_2025GM,2035,2059,24,283,2049,Codeforces Round 994 (Div. 2)
SuRiNonSul,1260,1573,313,284,2049,Codeforces Round 994 (Div. 2)
PsychoPinkQ,1796,1887,91,285,2049,Codeforces Round 994 (Div. 2)
IvayloS,1826,1908,82,285,2049,Codeforces Round 994 (Div. 2)
momen159,1955,2000,45,287,2049,Codeforces Round 994 (Div. 2)
ppmn_6,1621,1764,143,288,2049,Codeforces Round 994 (Div. 2)
MOD-Essam,1939,1988,49,288,2049,Codeforces Round 994 (Div. 2)
ViratKohliGoat,1768,1867,99,290,2049,Codeforces Round 994 (Div. 2)
tvmpqx_8601,2000,2033,33,291,2049,Codeforces Round 994 (Div. 2)
chUoNgnn,1917,1972,55,292,2049,Codeforces Round 994 (Div. 2)
bit-2-coder,2096,2103,7,293,2049,Codeforces Round 994 (Div. 2)
Eslam_Saleh,2025,2050,25,294,2049,Codeforces Round 994 (Div. 2)
e_n1cat_,1622,1763,141,294,2049,Codeforces Round 994 (Div. 2)
fikys,1867,1935,68,296,2049,Codeforces Round 994 (Div. 2)
PineaP,2010,2039,29,296,2049,Codeforces Round 994 (Div. 2)
canhnam357,2071,2084,13,298,2049,Codeforces Round 994 (Div. 2)
anfanite396,2014,2041,27,299,2049,Codeforces Round 994 (Div. 2)
miya145592,1891,1952,61,300,2049,Codeforces Round 994 (Div. 2)
BUAA_bacon,2069,2081,12,301,2049,Codeforces Round 994 (Div. 2)
CrispyLobster,1942,1989,47,302,2049,Codeforces Round 994 (Div. 2)
gyuzacha,2049,2067,18,303,2049,Codeforces Round 994 (Div. 2)
drexdelta,1770,1865,95,304,2049,Codeforces Round 994 (Div. 2)
P.V.Sekhar,1919,1971,52,305,2049,Codeforces Round 994 (Div. 2)
dalgu,1992,2024,32,305,2049,Codeforces Round 994 (Div. 2)
goncharovmike,2089,2095,6,307,2049,Codeforces Round 994 (Div. 2)
Max_Gameversion,2086,2093,7,307,2049,Codeforces Round 994 (Div. 2)
mapIe,1765,1860,95,307,2049,Codeforces Round 994 (Div. 2)
SeaYellow,1942,1986,44,310,2049,Codeforces Round 994 (Div. 2)
Maks_Simenkov,1696,1811,115,310,2049,Codeforces Round 994 (Div. 2)
Kira_Dev,975,1393,418,312,2049,Codeforces Round 994 (Div. 2)
keep1earning,1888,1947,59,313,2049,Codeforces Round 994 (Div. 2)
Halzion-Fan,1642,1773,131,313,2049,Codeforces Round 994 (Div. 2)
sjm150,2074,2083,9,315,2049,Codeforces Round 994 (Div. 2)
Mendeke,1553,1712,159,315,2049,Codeforces Round 994 (Div. 2)
Scalm,1905,1959,54,317,2049,Codeforces Round 994 (Div. 2)
AnasMaged,2038,2056,18,317,2049,Codeforces Round 994 (Div. 2)
ProTeam15,1735,1837,102,317,2049,Codeforces Round 994 (Div. 2)
AkashxOP,1646,1775,129,320,2049,Codeforces Round 994 (Div. 2)
Le0Chan,1721,1827,106,321,2049,Codeforces Round 994 (Div. 2)
ajxu2,2036,2054,18,322,2049,Codeforces Round 994 (Div. 2)
Sir-Ahmed-Imran,2093,2095,2,322,2049,Codeforces Round 994 (Div. 2)
Marky,1906,1958,52,324,2049,Codeforces Round 994 (Div. 2)
Qiubai_love,641,1151,510,324,2049,Codeforces Round 994 (Div. 2)
mujigae,2091,2094,3,326,2049,Codeforces Round 994 (Div. 2)
mutualns,1119,1490,371,327,2049,Codeforces Round 994 (Div. 2)
yusuf12360,1844,1913,69,327,2049,Codeforces Round 994 (Div. 2)
Brinton,1946,1986,40,329,2049,Codeforces Round 994 (Div. 2)
Horka,1891,1946,55,330,2049,Codeforces Round 994 (Div. 2)
monoidic,2087,2090,3,331,2049,Codeforces Round 994 (Div. 2)
Siddarth_MSR,1579,1726,147,331,2049,Codeforces Round 994 (Div. 2)
Lihg,1805,1885,80,333,2049,Codeforces Round 994 (Div. 2)
_WXZY,1670,1789,119,334,2049,Codeforces Round 994 (Div. 2)
krakar,1811,1888,77,335,2049,Codeforces Round 994 (Div. 2)
oYo,1661,1782,121,336,2049,Codeforces Round 994 (Div. 2)
RWeakest,1928,1972,44,336,2049,Codeforces Round 994 (Div. 2)
6_108,1863,1925,62,336,2049,Codeforces Round 994 (Div. 2)
fbrunodr,1952,1989,37,339,2049,Codeforces Round 994 (Div. 2)
constructive_hater,1950,1988,38,340,2049,Codeforces Round 994 (Div. 2)
Xc4l16r3,2037,2051,14,341,2049,Codeforces Round 994 (Div. 2)
Mox_Taest3r,1902,1952,50,342,2049,Codeforces Round 994 (Div. 2)
minsi,1678,1792,114,343,2049,Codeforces Round 994 (Div. 2)
cambryx,1490,1662,172,343,2049,Codeforces Round 994 (Div. 2)
FelixArg,2099,2097,-2,343,2049,Codeforces Round 994 (Div. 2)
Chifwin,2057,2065,8,343,2049,Codeforces Round 994 (Div. 2)
Ellipsis113,1327,1633,306,347,2049,Codeforces Round 994 (Div. 2)
tourust,1878,1934,56,348,2049,Codeforces Round 994 (Div. 2)
rlidon2006,1898,1948,50,348,2049,Codeforces Round 994 (Div. 2)
_helloLad,2036,2048,12,350,2049,Codeforces Round 994 (Div. 2)
stapler,1846,1910,64,350,2049,Codeforces Round 994 (Div. 2)
mathworker21,1704,1809,105,352,2049,Codeforces Round 994 (Div. 2)
Rybka21,1673,1787,114,352,2049,Codeforces Round 994 (Div. 2)
gtgd,1633,1760,127,354,2049,Codeforces Round 994 (Div. 2)
Alwoosh,1883,1936,53,355,2049,Codeforces Round 994 (Div. 2)
kekokl_love,1124,1488,364,356,2049,Codeforces Round 994 (Div. 2)
less_than_green,951,1367,416,357,2049,Codeforces Round 994 (Div. 2)
Azuken,1835,1901,66,357,2049,Codeforces Round 994 (Div. 2)
JakovJ,1857,1917,60,359,2049,Codeforces Round 994 (Div. 2)
olegator2007,1905,1952,47,359,2049,Codeforces Round 994 (Div. 2)
FinalTrack,861,1306,445,361,2049,Codeforces Round 994 (Div. 2)
alexzeans,861,1306,445,361,2049,Codeforces Round 994 (Div. 2)
trassis,1887,1938,51,363,2049,Codeforces Round 994 (Div. 2)
sword060,1840,1904,64,364,2049,Codeforces Round 994 (Div. 2)
Filikec,1773,1856,83,365,2049,Codeforces Round 994 (Div. 2)
KabanDJan,1754,1842,88,366,2049,Codeforces Round 994 (Div. 2)
pengyixuan2007,1949,1982,33,366,2049,Codeforces Round 994 (Div. 2)
baoziiQwQ,1984,2008,24,368,2049,Codeforces Round 994 (Div. 2)
abhayg_07,2073,2074,1,369,2049,Codeforces Round 994 (Div. 2)
sckrt,2033,2044,11,370,2049,Codeforces Round 994 (Div. 2)
SZnK_,0,696,696,370,2049,Codeforces Round 994 (Div. 2)
daddybogdan,1218,1527,309,372,2049,Codeforces Round 994 (Div. 2)
chota_don_v2,2085,2082,-3,372,2049,Codeforces Round 994 (Div. 2)
pera2008,1945,1978,33,374,2049,Codeforces Round 994 (Div. 2)
John314,1631,1754,123,374,2049,Codeforces Round 994 (Div. 2)
Vectors_Master,2099,2092,-7,376,2049,Codeforces Round 994 (Div. 2)
muugii0416,1385,1642,257,377,2049,Codeforces Round 994 (Div. 2)
TimurKul,1872,1925,53,377,2049,Codeforces Round 994 (Div. 2)
WINGU,1677,1786,109,379,2049,Codeforces Round 994 (Div. 2)
zhy1206,1899,1944,45,380,2049,Codeforces Round 994 (Div. 2)
wuhudsm,2066,2066,0,380,2049,Codeforces Round 994 (Div. 2)
Egorov_Dmitriy,1730,1823,93,382,2049,Codeforces Round 994 (Div. 2)
yash_karakoti,1909,1951,42,382,2049,Codeforces Round 994 (Div. 2)
Ami_Nul,1550,1697,147,382,2049,Codeforces Round 994 (Div. 2)
lrx___,1834,1897,63,385,2049,Codeforces Round 994 (Div. 2)
dhruvumesh25,1719,1814,95,386,2049,Codeforces Round 994 (Div. 2)
mathcode,1979,2002,23,387,2049,Codeforces Round 994 (Div. 2)
SanathK,1825,1890,65,388,2049,Codeforces Round 994 (Div. 2)
choyj416,1913,1953,40,388,2049,Codeforces Round 994 (Div. 2)
linanchen,1290,1573,283,388,2049,Codeforces Round 994 (Div. 2)
AAAAAAAAAAAAAAAAA,1601,1731,130,391,2049,Codeforces Round 994 (Div. 2)
tyWu,1702,1801,99,391,2049,Codeforces Round 994 (Div. 2)
Pekiban,1980,2001,21,393,2049,Codeforces Round 994 (Div. 2)
_Seele_Vollerei_,2003,2018,15,393,2049,Codeforces Round 994 (Div. 2)
marinkaa,1812,1879,67,393,2049,Codeforces Round 994 (Div. 2)
aimerfan,1837,1933,96,393,2049,Codeforces Round 994 (Div. 2)
_greedy,1884,1931,47,397,2049,Codeforces Round 994 (Div. 2)
wsyfish,1789,1862,73,398,2049,Codeforces Round 994 (Div. 2)
Rusty_adept,1970,1993,23,398,2049,Codeforces Round 994 (Div. 2)
fatalerror,1831,1892,61,398,2049,Codeforces Round 994 (Div. 2)
Ozurie,1951,1979,28,401,2049,Codeforces Round 994 (Div. 2)
Rid_Ham,1655,1823,168,402,2049,Codeforces Round 994 (Div. 2)
Fadyy_yosryy77,1428,1610,182,402,2049,Codeforces Round 994 (Div. 2)
Eldar_H1,2030,2037,7,404,2049,Codeforces Round 994 (Div. 2)
Alenochka,1579,1713,134,404,2049,Codeforces Round 994 (Div. 2)
Starheart,1755,1836,81,406,2049,Codeforces Round 994 (Div. 2)
Linchh,1719,1811,92,406,2049,Codeforces Round 994 (Div. 2)
sjoonmin07,1796,1866,70,406,2049,Codeforces Round 994 (Div. 2)
73501,1865,1916,51,406,2049,Codeforces Round 994 (Div. 2)
Haksell,1998,2012,14,410,2049,Codeforces Round 994 (Div. 2)
bench225,1697,1830,133,411,2049,Codeforces Round 994 (Div. 2)
Kalyano,1922,1956,34,412,2049,Codeforces Round 994 (Div. 2)
parag776,1836,1893,57,412,2049,Codeforces Round 994 (Div. 2)
crispy-tofu,1824,1885,61,414,2049,Codeforces Round 994 (Div. 2)
wowWait,1712,1805,93,414,2049,Codeforces Round 994 (Div. 2)
Abhishek_Srivastava,1877,1923,46,416,2049,Codeforces Round 994 (Div. 2)
n4k,1704,1799,95,417,2049,Codeforces Round 994 (Div. 2)
Pbriwanttorecover,1214,1516,302,417,2049,Codeforces Round 994 (Div. 2)
SilverTongue1729,1950,1976,26,419,2049,Codeforces Round 994 (Div. 2)
theSkeleton,1772,1847,75,419,2049,Codeforces Round 994 (Div. 2)
FLY_lai,1725,1813,88,421,2049,Codeforces Round 994 (Div. 2)
Kalashyan,1928,1959,31,421,2049,Codeforces Round 994 (Div. 2)
Hasanv,1981,1998,17,421,2049,Codeforces Round 994 (Div. 2)
vamshikrishnakyatham,1569,1738,169,421,2049,Codeforces Round 994 (Div. 2)
lyrrr,1473,1637,164,425,2049,Codeforces Round 994 (Div. 2)
nandan-akshit,1759,1837,78,426,2049,Codeforces Round 994 (Div. 2)
HuaZhaoBi,1838,1893,55,426,2049,Codeforces Round 994 (Div. 2)
BeautifulWish,1925,1956,31,428,2049,Codeforces Round 994 (Div. 2)
Lehe,2076,2067,-9,429,2049,Codeforces Round 994 (Div. 2)
katonyonko,1934,1963,29,430,2049,Codeforces Round 994 (Div. 2)
xiang_xiang,2052,2049,-3,431,2049,Codeforces Round 994 (Div. 2)
csk2005,1899,1937,38,432,2049,Codeforces Round 994 (Div. 2)
Asbjorn,1972,1990,18,433,2049,Codeforces Round 994 (Div. 2)
FugiPig,1895,1933,38,433,2049,Codeforces Round 994 (Div. 2)
Dr_House_13,1625,1741,116,435,2049,Codeforces Round 994 (Div. 2)
DragonuPatruSapte,2002,2011,9,436,2049,Codeforces Round 994 (Div. 2)
XG0000,1929,1958,29,437,2049,Codeforces Round 994 (Div. 2)
akkafakka,1768,1841,73,438,2049,Codeforces Round 994 (Div. 2)
Konjac_16,2020,2024,4,438,2049,Codeforces Round 994 (Div. 2)
Ggg_,2090,2077,-13,440,2049,Codeforces Round 994 (Div. 2)
Karll,1640,1750,110,440,2049,Codeforces Round 994 (Div. 2)
Mmarek,1612,1730,118,440,2049,Codeforces Round 994 (Div. 2)
sushmanth.dampur8780,1724,1809,85,443,2049,Codeforces Round 994 (Div. 2)
Timosh,1907,1940,33,443,2049,Codeforces Round 994 (Div. 2)
henriqueramos.qs,1884,1924,40,443,2049,Codeforces Round 994 (Div. 2)
AloWarshik,1713,1801,88,446,2049,Codeforces Round 994 (Div. 2)
harvsftw,1762,1836,74,447,2049,Codeforces Round 994 (Div. 2)
BINYU,1729,1812,83,447,2049,Codeforces Round 994 (Div. 2)
ruhan.habib39,1886,1925,39,447,2049,Codeforces Round 994 (Div. 2)
Matthewwww,1691,1784,93,450,2049,Codeforces Round 994 (Div. 2)
Niiiiiiiiiiiiiiiiiiii,2058,2051,-7,450,2049,Codeforces Round 994 (Div. 2)
bary,1720,1805,85,450,2049,Codeforces Round 994 (Div. 2)
rJ_ysenM,1884,1923,39,453,2049,Codeforces Round 994 (Div. 2)
pulkitagrawal,1842,1892,50,453,2049,Codeforces Round 994 (Div. 2)
VulcanForge,1983,1995,12,455,2049,Codeforces Round 994 (Div. 2)
FakeDuck,1930,1956,26,456,2049,Codeforces Round 994 (Div. 2)
frostdemon,1747,1823,76,457,2049,Codeforces Round 994 (Div. 2)
cleanser,1742,1820,78,457,2049,Codeforces Round 994 (Div. 2)
Kinder_Maxi,1601,1720,119,457,2049,Codeforces Round 994 (Div. 2)
alexztv,1402,1583,181,457,2049,Codeforces Round 994 (Div. 2)
ajinkya1p3,2093,2076,-17,457,2049,Codeforces Round 994 (Div. 2)
osvarp,1874,1914,40,462,2049,Codeforces Round 994 (Div. 2)
dk10211,1805,1864,59,462,2049,Codeforces Round 994 (Div. 2)
brucelei658,1477,1633,156,464,2049,Codeforces Round 994 (Div. 2)
ktn_ka_wa_i,1399,1581,182,465,2049,Codeforces Round 994 (Div. 2)
Zawos,1791,1853,62,466,2049,Codeforces Round 994 (Div. 2)
BiggestOtaku,2088,2071,-17,466,2049,Codeforces Round 994 (Div. 2)
_totoro,1596,1715,119,466,2049,Codeforces Round 994 (Div. 2)
monkey8,2017,2019,2,466,2049,Codeforces Round 994 (Div. 2)
programandcode,1481,1636,155,470,2049,Codeforces Round 994 (Div. 2)
susenyang,1792,1854,62,471,2049,Codeforces Round 994 (Div. 2)
LightGran,1591,1712,121,472,2049,Codeforces Round 994 (Div. 2)
tumu1t,2008,2011,3,473,2049,Codeforces Round 994 (Div. 2)
acat,1919,1946,27,473,2049,Codeforces Round 994 (Div. 2)
yyh603,1981,1992,11,475,2049,Codeforces Round 994 (Div. 2)
wuguanghaik6,1868,1908,40,476,2049,Codeforces Round 994 (Div. 2)
kzyKT,1960,1976,16,476,2049,Codeforces Round 994 (Div. 2)
Doncho_Bonboncho,1588,1709,121,478,2049,Codeforces Round 994 (Div. 2)
KluydQ,1674,1769,95,479,2049,Codeforces Round 994 (Div. 2)
Hyf20100507,1414,1588,174,480,2049,Codeforces Round 994 (Div. 2)
Ogloblin,1502,1648,146,480,2049,Codeforces Round 994 (Div. 2)
chaitanyan,1655,1755,100,482,2049,Codeforces Round 994 (Div. 2)
6fishes,1773,1839,66,482,2049,Codeforces Round 994 (Div. 2)
__Alliy666,0,678,678,482,2049,Codeforces Round 994 (Div. 2)
Mr.Perfume,1698,1785,87,485,2049,Codeforces Round 994 (Div. 2)
TJUHuangTao,2016,2016,0,485,2049,Codeforces Round 994 (Div. 2)
KarimSalakhov,1628,1735,107,487,2049,Codeforces Round 994 (Div. 2)
felipe_massa,1698,1785,87,488,2049,Codeforces Round 994 (Div. 2)
smalyarovsky,2049,2040,-9,488,2049,Codeforces Round 994 (Div. 2)
ryuzakiDis,1564,1691,127,488,2049,Codeforces Round 994 (Div. 2)
coder3000,1812,1866,54,491,2049,Codeforces Round 994 (Div. 2)
jjaewon,1832,1881,49,492,2049,Codeforces Round 994 (Div. 2)
linearspace,1718,1798,80,493,2049,Codeforces Round 994 (Div. 2)
hyhcnzjsx,1753,1823,70,494,2049,Codeforces Round 994 (Div. 2)
Rittin_Sehgal,1798,1855,57,494,2049,Codeforces Round 994 (Div. 2)
BrotherCall,1860,1899,39,496,2049,Codeforces Round 994 (Div. 2)
pikachu1010,1755,1824,69,496,2049,Codeforces Round 994 (Div. 2)
chenxi2009,1428,1649,221,496,2049,Codeforces Round 994 (Div. 2)
Hoshizaki_Akari,1837,1919,82,496,2049,Codeforces Round 994 (Div. 2)
Movazed,1356,1547,191,496,2049,Codeforces Round 994 (Div. 2)
jincongcong,1612,1779,167,501,2049,Codeforces Round 994 (Div. 2)
Desh01,1901,1930,29,501,2049,Codeforces Round 994 (Div. 2)
Ruchit1,1816,1867,51,501,2049,Codeforces Round 994 (Div. 2)
The_diya,1382,1621,239,504,2049,Codeforces Round 994 (Div. 2)
Saarth,1786,1845,59,505,2049,Codeforces Round 994 (Div. 2)
Uma7moud,856,1239,383,505,2049,Codeforces Round 994 (Div. 2)
koyomi_xox,2006,2006,0,507,2049,Codeforces Round 994 (Div. 2)
Animmah,1565,1689,124,507,2049,Codeforces Round 994 (Div. 2)
huxint.,1453,1611,158,509,2049,Codeforces Round 994 (Div. 2)
154051,1823,1871,48,509,2049,Codeforces Round 994 (Div. 2)
FHQY,2010,2008,-2,511,2049,Codeforces Round 994 (Div. 2)
syndr0me,2077,2059,-18,511,2049,Codeforces Round 994 (Div. 2)
hcng,1876,1910,34,511,2049,Codeforces Round 994 (Div. 2)
forgotmyhandle,1976,1983,7,514,2049,Codeforces Round 994 (Div. 2)
zhaosongwen,1963,1974,11,515,2049,Codeforces Round 994 (Div. 2)
Hyffff,1945,1960,15,515,2049,Codeforces Round 994 (Div. 2)
nikoro256,1847,1888,41,517,2049,Codeforces Round 994 (Div. 2)
woonder,1660,1754,94,517,2049,Codeforces Round 994 (Div. 2)
volkov179,1863,1900,37,519,2049,Codeforces Round 994 (Div. 2)
Kaloqn1234,1607,1716,109,520,2049,Codeforces Round 994 (Div. 2)
byebye10000,1961,1971,10,520,2049,Codeforces Round 994 (Div. 2)
Kouba64,2068,2051,-17,520,2049,Codeforces Round 994 (Div. 2)
Wuming_shi,1798,1852,54,520,2049,Codeforces Round 994 (Div. 2)
4927618350,1924,1943,19,524,2049,Codeforces Round 994 (Div. 2)
Joacoini,1903,1927,24,525,2049,Codeforces Round 994 (Div. 2)
coderdhanraj,1802,1854,52,525,2049,Codeforces Round 994 (Div. 2)
Astrayt,1846,1886,40,525,2049,Codeforces Round 994 (Div. 2)
gs17005,1971,1978,7,525,2049,Codeforces Round 994 (Div. 2)
vlp,2001,2000,-1,525,2049,Codeforces Round 994 (Div. 2)
feresatcccccccc,1566,1686,120,530,2049,Codeforces Round 994 (Div. 2)
cemil1234,1831,1874,43,530,2049,Codeforces Round 994 (Div. 2)
SpicyTomato,1062,1418,356,530,2049,Codeforces Round 994 (Div. 2)
nicerice,1849,1888,39,530,2049,Codeforces Round 994 (Div. 2)
djawadmain,1683,1768,85,530,2049,Codeforces Round 994 (Div. 2)
MENASQ_TGRM,1991,1992,1,535,2049,Codeforces Round 994 (Div. 2)
dongqiyuan2005,1635,1734,99,535,2049,Codeforces Round 994 (Div. 2)
Keseho,0,671,671,535,2049,Codeforces Round 994 (Div. 2)
Behind_the_Clouds,1774,1833,59,538,2049,Codeforces Round 994 (Div. 2)
abhijain565aj,1800,1851,51,538,2049,Codeforces Round 994 (Div. 2)
Zane,1895,1920,25,540,2049,Codeforces Round 994 (Div. 2)
fermion5,1901,1925,24,541,2049,Codeforces Round 994 (Div. 2)
Krishhna,1524,1656,132,541,2049,Codeforces Round 994 (Div. 2)
pk_27,2043,2030,-13,541,2049,Codeforces Round 994 (Div. 2)
TungLinh,1140,1447,307,544,2049,Codeforces Round 994 (Div. 2)
Always_remember_begin,1751,1815,64,545,2049,Codeforces Round 994 (Div. 2)
Mukundan314,1954,1963,9,545,2049,Codeforces Round 994 (Div. 2)
timurkn,1877,1907,30,545,2049,Codeforces Round 994 (Div. 2)
wild.cherry,1574,1725,151,545,2049,Codeforces Round 994 (Div. 2)
IsaacMoris,2098,2071,-27,549,2049,Codeforces Round 994 (Div. 2)
Subio,1411,1577,166,549,2049,Codeforces Round 994 (Div. 2)
mezavant,1998,1995,-3,549,2049,Codeforces Round 994 (Div. 2)
Enoch006,1754,1817,63,552,2049,Codeforces Round 994 (Div. 2)
vedantjain29,1817,1862,45,552,2049,Codeforces Round 994 (Div. 2)
kwm_t,2068,2048,-20,554,2049,Codeforces Round 994 (Div. 2)
manishjha91,1613,1716,103,554,2049,Codeforces Round 994 (Div. 2)
Scanffer,1759,1820,61,556,2049,Codeforces Round 994 (Div. 2)
weebyes,1517,1649,132,556,2049,Codeforces Round 994 (Div. 2)
Erkinoff_Mohammed,1848,1884,36,558,2049,Codeforces Round 994 (Div. 2)
twoplusthree,1686,1767,81,559,2049,Codeforces Round 994 (Div. 2)
reynaa,1909,1929,20,559,2049,Codeforces Round 994 (Div. 2)
lddlinan,2077,2054,-23,561,2049,Codeforces Round 994 (Div. 2)
Nanako7_ix,1790,1842,52,562,2049,Codeforces Round 994 (Div. 2)
kinoud,1642,1736,94,563,2049,Codeforces Round 994 (Div. 2)
robinyqc,2065,2045,-20,564,2049,Codeforces Round 994 (Div. 2)
wzx_ON9,1155,1480,325,565,2049,Codeforces Round 994 (Div. 2)
prz1213,1924,1939,15,565,2049,Codeforces Round 994 (Div. 2)
WhileTrueRP,1804,1852,48,565,2049,Codeforces Round 994 (Div. 2)
gubidubi,2045,2029,-16,565,2049,Codeforces Round 994 (Div. 2)
Zlin05,1476,1619,143,569,2049,Codeforces Round 994 (Div. 2)
liangzexian,1761,1856,95,570,2049,Codeforces Round 994 (Div. 2)
motorsponge,1655,1744,89,570,2049,Codeforces Round 994 (Div. 2)
TheFuturoma,1927,1940,13,572,2049,Codeforces Round 994 (Div. 2)
nyavim,1705,1779,74,572,2049,Codeforces Round 994 (Div. 2)
nadalking,1624,1721,97,572,2049,Codeforces Round 994 (Div. 2)
YUYyyyy,1638,1732,94,572,2049,Codeforces Round 994 (Div. 2)
yogi3926,1529,1655,126,576,2049,Codeforces Round 994 (Div. 2)
ALAov,2053,2035,-18,577,2049,Codeforces Round 994 (Div. 2)
PaTTern,1811,1855,44,578,2049,Codeforces Round 994 (Div. 2)
MKasirloo,1680,1761,81,578,2049,Codeforces Round 994 (Div. 2)
Nameless_Mist,1719,1788,69,580,2049,Codeforces Round 994 (Div. 2)
numberdude,2096,2066,-30,580,2049,Codeforces Round 994 (Div. 2)
const,1963,1967,4,580,2049,Codeforces Round 994 (Div. 2)
trraian,1806,1851,45,580,2049,Codeforces Round 994 (Div. 2)
pakqwq,1240,1459,219,584,2049,Codeforces Round 994 (Div. 2)
monthudorff,1726,1793,67,584,2049,Codeforces Round 994 (Div. 2)
_Hoks,1877,1963,86,584,2049,Codeforces Round 994 (Div. 2)
Mn6fy,1975,1974,-1,584,2049,Codeforces Round 994 (Div. 2)
kou_kou_kou,1717,1787,70,588,2049,Codeforces Round 994 (Div. 2)
0___0,1686,1764,78,588,2049,Codeforces Round 994 (Div. 2)
overnap,1988,1984,-4,590,2049,Codeforces Round 994 (Div. 2)
M.UmairAhmadMirza,1745,1806,61,591,2049,Codeforces Round 994 (Div. 2)
Void_Wu,2053,2033,-20,591,2049,Codeforces Round 994 (Div. 2)
abdart,1628,1723,95,593,2049,Codeforces Round 994 (Div. 2)
caan_do,2000,1993,-7,593,2049,Codeforces Round 994 (Div. 2)
hungtien2202,1550,1667,117,593,2049,Codeforces Round 994 (Div. 2)
WisdomCasual,1721,1788,67,596,2049,Codeforces Round 994 (Div. 2)
ihgazi,1810,1853,43,597,2049,Codeforces Round 994 (Div. 2)
JahonaliX,1940,1948,8,598,2049,Codeforces Round 994 (Div. 2)
rguy23,1949,1955,6,598,2049,Codeforces Round 994 (Div. 2)
conjectureguy,1915,1929,14,600,2049,Codeforces Round 994 (Div. 2)
IcarusWing,1976,1974,-2,600,2049,Codeforces Round 994 (Div. 2)
Amao_Fox,2098,2066,-32,600,2049,Codeforces Round 994 (Div. 2)
Mission-WF,0,662,662,603,2049,Codeforces Round 994 (Div. 2)
darthrevenge,1783,1832,49,603,2049,Codeforces Round 994 (Div. 2)
Mirbek,1926,1936,10,605,2049,Codeforces Round 994 (Div. 2)
CaiXY06,1804,1847,43,606,2049,Codeforces Round 994 (Div. 2)
Bronya_H,1977,1974,-3,606,2049,Codeforces Round 994 (Div. 2)
Dck,1680,1758,78,608,2049,Codeforces Round 994 (Div. 2)
regain0001,1827,1864,37,609,2049,Codeforces Round 994 (Div. 2)
Abdullah500,1732,1795,63,609,2049,Codeforces Round 994 (Div. 2)
Alkaser_ID,1598,1699,101,609,2049,Codeforces Round 994 (Div. 2)
shshank_10,1737,1798,61,612,2049,Codeforces Round 994 (Div. 2)
BillautaLauta,1804,1846,42,612,2049,Codeforces Round 994 (Div. 2)
verdantgmd,1587,1691,104,612,2049,Codeforces Round 994 (Div. 2)
DuongForeverAlone,1860,1887,27,612,2049,Codeforces Round 994 (Div. 2)
priyansh13,1788,1834,46,612,2049,Codeforces Round 994 (Div. 2)
BROVER29,1668,1749,81,617,2049,Codeforces Round 994 (Div. 2)
Beyond_o3_by_2026,625,1097,472,617,2049,Codeforces Round 994 (Div. 2)
3edc2wsx1qaz,1666,1746,80,619,2049,Codeforces Round 994 (Div. 2)
ckling,1770,1821,51,620,2049,Codeforces Round 994 (Div. 2)
svyatsvyatsvyat,1804,1845,41,621,2049,Codeforces Round 994 (Div. 2)
S1eGa,1715,1781,66,621,2049,Codeforces Round 994 (Div. 2)
shrey71,1650,1735,85,621,2049,Codeforces Round 994 (Div. 2)
hato_,2052,2029,-23,621,2049,Codeforces Round 994 (Div. 2)
PPTenshi_Heimin,1796,1839,43,625,2049,Codeforces Round 994 (Div. 2)
DarkTemplarDrop,1771,1821,50,625,2049,Codeforces Round 994 (Div. 2)
hgcnxn,1035,1388,353,625,2049,Codeforces Round 994 (Div. 2)
Queeee,1845,1875,30,625,2049,Codeforces Round 994 (Div. 2)
Univmemor_N,1807,1847,40,625,2049,Codeforces Round 994 (Div. 2)
zya219,1790,1835,45,630,2049,Codeforces Round 994 (Div. 2)
plAtEaUpUs,1955,1956,1,630,2049,Codeforces Round 994 (Div. 2)
Austin4.5,1907,1920,13,630,2049,Codeforces Round 994 (Div. 2)
AsunonHecate,1027,1382,355,633,2049,Codeforces Round 994 (Div. 2)
lyongwolf,1914,1925,11,633,2049,Codeforces Round 994 (Div. 2)
alireza2856,1718,1782,64,635,2049,Codeforces Round 994 (Div. 2)
Ankity_07,1732,1792,60,636,2049,Codeforces Round 994 (Div. 2)
chikien2009,1838,1868,30,637,2049,Codeforces Round 994 (Div. 2)
dongggle,1907,1919,12,637,2049,Codeforces Round 994 (Div. 2)
shivamxd,1727,1789,62,637,2049,Codeforces Round 994 (Div. 2)
sparsh_16,2004,1991,-13,640,2049,Codeforces Round 994 (Div. 2)
ambak,1675,1751,76,641,2049,Codeforces Round 994 (Div. 2)
_wzw_,1822,1857,35,641,2049,Codeforces Round 994 (Div. 2)
hoangnguyen09022004,1698,1767,69,641,2049,Codeforces Round 994 (Div. 2)
KisuraOP,1628,1717,89,644,2049,Codeforces Round 994 (Div. 2)
raskitech,1736,1794,58,644,2049,Codeforces Round 994 (Div. 2)
zheqing,1927,1934,7,646,2049,Codeforces Round 994 (Div. 2)
BiaxialRay_,1650,1732,82,646,2049,Codeforces Round 994 (Div. 2)
emvy,1722,1784,62,646,2049,Codeforces Round 994 (Div. 2)
sy-kid,1834,1865,31,649,2049,Codeforces Round 994 (Div. 2)
pifagorgor,1888,1904,16,650,2049,Codeforces Round 994 (Div. 2)
Catgod,1652,1733,81,650,2049,Codeforces Round 994 (Div. 2)
basebillions,2028,2008,-20,652,2049,Codeforces Round 994 (Div. 2)
dmkozyrev,2005,1991,-14,652,2049,Codeforces Round 994 (Div. 2)
dkirienko_prime,1690,1760,70,654,2049,Codeforces Round 994 (Div. 2)
lelbaba,2026,2007,-19,655,2049,Codeforces Round 994 (Div. 2)
ezluci,1983,1975,-8,655,2049,Codeforces Round 994 (Div. 2)
lucky__389,1986,1976,-10,657,2049,Codeforces Round 994 (Div. 2)
deneribeiro10,1820,1853,33,657,2049,Codeforces Round 994 (Div. 2)
Routec,2025,2006,-19,659,2049,Codeforces Round 994 (Div. 2)
the_only_noob,1820,1854,34,660,2049,Codeforces Round 994 (Div. 2)
codack_mayank,1797,1837,40,661,2049,Codeforces Round 994 (Div. 2)
nudun001,2097,2060,-37,661,2049,Codeforces Round 994 (Div. 2)
NirbhayPaliwal,1797,1836,39,663,2049,Codeforces Round 994 (Div. 2)
AshrafSustS19,2064,2035,-29,664,2049,Codeforces Round 994 (Div. 2)
notarmen,1387,1547,160,665,2049,Codeforces Round 994 (Div. 2)
bhatnagar.mradul,1701,1767,66,665,2049,Codeforces Round 994 (Div. 2)
unchiu,1789,1831,42,667,2049,Codeforces Round 994 (Div. 2)
pawandev,1486,1615,129,668,2049,Codeforces Round 994 (Div. 2)
tushaar9876,2016,1999,-17,668,2049,Codeforces Round 994 (Div. 2)
redpanda,1707,1771,64,670,2049,Codeforces Round 994 (Div. 2)
Big_Dankakon,1967,1961,-6,670,2049,Codeforces Round 994 (Div. 2)
Cucumber_Love_Math,1749,1801,52,672,2049,Codeforces Round 994 (Div. 2)
k_san,1678,1749,71,673,2049,Codeforces Round 994 (Div. 2)
AgOH,1782,1825,43,674,2049,Codeforces Round 994 (Div. 2)
bushang2100bugaiming,1737,1792,55,674,2049,Codeforces Round 994 (Div. 2)
42i196,1839,1866,27,676,2049,Codeforces Round 994 (Div. 2)
__yerazh__,1503,1626,123,676,2049,Codeforces Round 994 (Div. 2)
MsDuckie,1823,1854,31,678,2049,Codeforces Round 994 (Div. 2)
www.com,1902,1912,10,678,2049,Codeforces Round 994 (Div. 2)
xiesx,1740,1853,113,680,2049,Codeforces Round 994 (Div. 2)
d4got10,1524,1640,116,680,2049,Codeforces Round 994 (Div. 2)
WJHHJW,2054,2026,-28,680,2049,Codeforces Round 994 (Div. 2)
KING_VAMP,2097,2058,-39,683,2049,Codeforces Round 994 (Div. 2)
dong_gas,1753,1803,50,683,2049,Codeforces Round 994 (Div. 2)
vkcodes,1517,1634,117,683,2049,Codeforces Round 994 (Div. 2)
Jalali,1550,1657,107,683,2049,Codeforces Round 994 (Div. 2)
abhi_atg,1780,1822,42,683,2049,Codeforces Round 994 (Div. 2)
hrundelair,1683,1752,69,688,2049,Codeforces Round 994 (Div. 2)
zhichenlin,1735,1789,54,688,2049,Codeforces Round 994 (Div. 2)
geckods,1800,1836,36,690,2049,Codeforces Round 994 (Div. 2)
zhoujingchen,1780,1822,42,690,2049,Codeforces Round 994 (Div. 2)
Denislav_Manev,1997,1982,-15,690,2049,Codeforces Round 994 (Div. 2)
Pocochuk,1734,1788,54,690,2049,Codeforces Round 994 (Div. 2)
buouuuu,1620,1706,86,694,2049,Codeforces Round 994 (Div. 2)
AfterALongTime2,1582,1679,97,694,2049,Codeforces Round 994 (Div. 2)
nithish654,1519,1635,116,694,2049,Codeforces Round 994 (Div. 2)
Euphoria_07,1708,1769,61,697,2049,Codeforces Round 994 (Div. 2)
66xyyd,1702,1764,62,698,2049,Codeforces Round 994 (Div. 2)
DDSTILLLIVES,855,1256,401,699,2049,Codeforces Round 994 (Div. 2)
Lcyanstars,1821,1851,30,700,2049,Codeforces Round 994 (Div. 2)
SussykinWantsNatalia,1695,1759,64,700,2049,Codeforces Round 994 (Div. 2)
iwantitaargh,0,652,652,700,2049,Codeforces Round 994 (Div. 2)
bnsczr,1589,1683,94,703,2049,Codeforces Round 994 (Div. 2)
ComRSMaster,1691,1756,65,703,2049,Codeforces Round 994 (Div. 2)
lAMaLOSER,1715,1773,58,705,2049,Codeforces Round 994 (Div. 2)
infCraft,2096,2056,-40,705,2049,Codeforces Round 994 (Div. 2)
Pavarishko,1904,1911,7,707,2049,Codeforces Round 994 (Div. 2)
Xiter,1523,1636,113,708,2049,Codeforces Round 994 (Div. 2)
Displace_,1951,1946,-5,708,2049,Codeforces Round 994 (Div. 2)
-VM-,1989,1974,-15,710,2049,Codeforces Round 994 (Div. 2)
ultraviolet,1585,1680,95,710,2049,Codeforces Round 994 (Div. 2)
paz15,1879,1892,13,712,2049,Codeforces Round 994 (Div. 2)
hyprox,1383,1593,210,713,2049,Codeforces Round 994 (Div. 2)
Doroshi,1658,1731,73,713,2049,Codeforces Round 994 (Div. 2)
bubbarob19,1670,1740,70,715,2049,Codeforces Round 994 (Div. 2)
samkim21,1715,1809,94,716,2049,Codeforces Round 994 (Div. 2)
Fan.,1788,1825,37,716,2049,Codeforces Round 994 (Div. 2)
AST_TheCoder,2019,1996,-23,718,2049,Codeforces Round 994 (Div. 2)
Hanyu_23,1724,1778,54,719,2049,Codeforces Round 994 (Div. 2)
ossau,1560,1662,102,719,2049,Codeforces Round 994 (Div. 2)
kakabadzeteo,1739,1789,50,721,2049,Codeforces Round 994 (Div. 2)
xiachi,1840,1863,23,721,2049,Codeforces Round 994 (Div. 2)
AkiLotus,2047,2017,-30,723,2049,Codeforces Round 994 (Div. 2)
ChihChi21,1684,1749,65,723,2049,Codeforces Round 994 (Div. 2)
GreekGod1,1602,1690,88,725,2049,Codeforces Round 994 (Div. 2)
Souture,1396,1546,150,725,2049,Codeforces Round 994 (Div. 2)
Guitar_Jasmine,1797,1831,34,727,2049,Codeforces Round 994 (Div. 2)
MR_NoSolution,1568,1666,98,727,2049,Codeforces Round 994 (Div. 2)
omikad,1762,1805,43,727,2049,Codeforces Round 994 (Div. 2)
Axialotl,1342,1510,168,730,2049,Codeforces Round 994 (Div. 2)
covon,1639,1716,77,730,2049,Codeforces Round 994 (Div. 2)
s169,1773,1812,39,730,2049,Codeforces Round 994 (Div. 2)
Ghulam_Junaid,1985,1969,-16,733,2049,Codeforces Round 994 (Div. 2)
C12AK,1799,1832,33,733,2049,Codeforces Round 994 (Div. 2)
Buarieucun,1438,1575,137,735,2049,Codeforces Round 994 (Div. 2)
RockSnow,2047,2016,-31,736,2049,Codeforces Round 994 (Div. 2)
Pedreitorzelda,1479,1603,124,736,2049,Codeforces Round 994 (Div. 2)
notSpad2e,1839,1860,21,736,2049,Codeforces Round 994 (Div. 2)
sparpara,1445,1579,134,739,2049,Codeforces Round 994 (Div. 2)
gMr,1761,1804,43,740,2049,Codeforces Round 994 (Div. 2)
Ylx21,690,1130,440,741,2049,Codeforces Round 994 (Div. 2)
Inri,1854,1871,17,742,2049,Codeforces Round 994 (Div. 2)
practice.cpp1,1737,1786,49,743,2049,Codeforces Round 994 (Div. 2)
peiyangwjx,1821,1846,25,743,2049,Codeforces Round 994 (Div. 2)
anhkha1004,2066,2029,-37,745,2049,Codeforces Round 994 (Div. 2)
Raul_A,1783,1819,36,745,2049,Codeforces Round 994 (Div. 2)
cooluo,1701,1759,58,747,2049,Codeforces Round 994 (Div. 2)
panther_74,1196,1412,216,747,2049,Codeforces Round 994 (Div. 2)
Mostima_Y,1662,1731,69,749,2049,Codeforces Round 994 (Div. 2)
bebera,1810,1838,28,750,2049,Codeforces Round 994 (Div. 2)
mcrash12,1648,1721,73,751,2049,Codeforces Round 994 (Div. 2)
convective_rain,1974,1959,-15,751,2049,Codeforces Round 994 (Div. 2)
larionov_kirill,2024,1997,-27,753,2049,Codeforces Round 994 (Div. 2)
beny_kh,1279,1465,186,753,2049,Codeforces Round 994 (Div. 2)
StefanSebez,1996,1976,-20,755,2049,Codeforces Round 994 (Div. 2)
Marusya_r,1868,1880,12,756,2049,Codeforces Round 994 (Div. 2)
MongHwa,1995,1976,-19,757,2049,Codeforces Round 994 (Div. 2)
fenglaosir,1615,1697,82,758,2049,Codeforces Round 994 (Div. 2)
yhang,1080,1382,302,758,2049,Codeforces Round 994 (Div. 2)
Akshar_7,1696,1754,58,758,2049,Codeforces Round 994 (Div. 2)
virinci,1650,1721,71,761,2049,Codeforces Round 994 (Div. 2)
lalalallaa,0,646,646,761,2049,Codeforces Round 994 (Div. 2)
Mahedar_Reddy8,1575,1668,93,763,2049,Codeforces Round 994 (Div. 2)
kyuukyuusha,1942,1935,-7,763,2049,Codeforces Round 994 (Div. 2)
Newbie_QQH,1729,1778,49,765,2049,Codeforces Round 994 (Div. 2)
kosar,1840,1859,19,766,2049,Codeforces Round 994 (Div. 2)
Ragnar21,1703,1759,56,767,2049,Codeforces Round 994 (Div. 2)
PhirainEX,1719,1830,111,767,2049,Codeforces Round 994 (Div. 2)
O_Elmasry,1681,1743,62,769,2049,Codeforces Round 994 (Div. 2)
yeetholmes619,1889,1894,5,769,2049,Codeforces Round 994 (Div. 2)
Klaus26,1737,1783,46,771,2049,Codeforces Round 994 (Div. 2)
Srginit286,2031,2001,-30,772,2049,Codeforces Round 994 (Div. 2)
AngryKid,1850,1866,16,772,2049,Codeforces Round 994 (Div. 2)
Paul-Andre,1743,1787,44,772,2049,Codeforces Round 994 (Div. 2)
ShadowPhoenix,1778,1812,34,775,2049,Codeforces Round 994 (Div. 2)
Ali_07,1946,1936,-10,776,2049,Codeforces Round 994 (Div. 2)
gud_day,1847,1863,16,776,2049,Codeforces Round 994 (Div. 2)
Saniok822,1572,1664,92,776,2049,Codeforces Round 994 (Div. 2)
Zuqa,1692,1750,58,779,2049,Codeforces Round 994 (Div. 2)
din2009siuc,1844,1860,16,779,2049,Codeforces Round 994 (Div. 2)
Horrible120,1564,1658,94,781,2049,Codeforces Round 994 (Div. 2)
not_jenil,1681,1742,61,782,2049,Codeforces Round 994 (Div. 2)
mahiro_zcy,1531,1635,104,782,2049,Codeforces Round 994 (Div. 2)
LostSpirit,1364,1519,155,782,2049,Codeforces Round 994 (Div. 2)
Mysterious109,1807,1833,26,782,2049,Codeforces Round 994 (Div. 2)
pcms3,462,968,506,782,2049,Codeforces Round 994 (Div. 2)
Pan_H,2072,2031,-41,787,2049,Codeforces Round 994 (Div. 2)
hehehe,1679,1740,61,787,2049,Codeforces Round 994 (Div. 2)
ExtractStars,1576,1666,90,787,2049,Codeforces Round 994 (Div. 2)
ns0,1580,1669,89,787,2049,Codeforces Round 994 (Div. 2)
smallbrainsovamain1,1755,1795,40,791,2049,Codeforces Round 994 (Div. 2)
headerush,1235,1433,198,791,2049,Codeforces Round 994 (Div. 2)
VahanAbraham,1868,1877,9,793,2049,Codeforces Round 994 (Div. 2)
JaydeepMachhi,1666,1730,64,793,2049,Codeforces Round 994 (Div. 2)
ZmkzOWYyOHcwdWo4cj,2007,1981,-26,793,2049,Codeforces Round 994 (Div. 2)
ilyaZg,1786,1817,31,793,2049,Codeforces Round 994 (Div. 2)
DemberS06,1693,1749,56,797,2049,Codeforces Round 994 (Div. 2)
Moga,1692,1748,56,798,2049,Codeforces Round 994 (Div. 2)
HubertM6,1716,1766,50,798,2049,Codeforces Round 994 (Div. 2)
EastIsRed,1747,1788,41,798,2049,Codeforces Round 994 (Div. 2)
samarthgattu,1682,1741,59,801,2049,Codeforces Round 994 (Div. 2)
42-the_answer,1781,1812,31,801,2049,Codeforces Round 994 (Div. 2)
MahmoudKhater,1619,1696,77,803,2049,Codeforces Round 994 (Div. 2)
askoria,1620,1696,76,804,2049,Codeforces Round 994 (Div. 2)
hungcubuso2vn,1991,1969,-22,804,2049,Codeforces Round 994 (Div. 2)
fingerdash,1972,1954,-18,806,2049,Codeforces Round 994 (Div. 2)
burns7,1640,1710,70,806,2049,Codeforces Round 994 (Div. 2)
Yhayjx,1353,1509,156,806,2049,Codeforces Round 994 (Div. 2)
Behrad.,1538,1637,99,806,2049,Codeforces Round 994 (Div. 2)
Mr.Silence,1787,1816,29,806,2049,Codeforces Round 994 (Div. 2)
Chucao_Automaton,0,641,641,811,2049,Codeforces Round 994 (Div. 2)
CuteWillow,1638,1767,129,811,2049,Codeforces Round 994 (Div. 2)
Taechka,2086,2040,-46,811,2049,Codeforces Round 994 (Div. 2)
tibo413,1667,1788,121,814,2049,Codeforces Round 994 (Div. 2)
Igor_Parfenov,1982,1961,-21,814,2049,Codeforces Round 994 (Div. 2)
ThomasFoster,1387,1532,145,814,2049,Codeforces Round 994 (Div. 2)
SpicyOctopus,1921,1914,-7,814,2049,Codeforces Round 994 (Div. 2)
dimkolya,1869,1876,7,814,2049,Codeforces Round 994 (Div. 2)
23337456,1497,1608,111,819,2049,Codeforces Round 994 (Div. 2)
daud04,1743,1784,41,819,2049,Codeforces Round 994 (Div. 2)
lhyjdmc,1808,1831,23,819,2049,Codeforces Round 994 (Div. 2)
lmao_ded1309,1984,1962,-22,822,2049,Codeforces Round 994 (Div. 2)
Friendiks,1799,1824,25,822,2049,Codeforces Round 994 (Div. 2)
LoliHoiXuan,1756,1792,36,824,2049,Codeforces Round 994 (Div. 2)
micho,1757,1793,36,825,2049,Codeforces Round 994 (Div. 2)
whale_086,1931,1922,-9,825,2049,Codeforces Round 994 (Div. 2)
slonik11111111,1835,1850,15,825,2049,Codeforces Round 994 (Div. 2)
maksonchik20,1673,1732,59,828,2049,Codeforces Round 994 (Div. 2)
SC_newbie,1495,1606,111,828,2049,Codeforces Round 994 (Div. 2)
andrei_n,1460,1581,121,830,2049,Codeforces Round 994 (Div. 2)
holl0w,1713,1761,48,830,2049,Codeforces Round 994 (Div. 2)
ASB_,1852,1862,10,832,2049,Codeforces Round 994 (Div. 2)
phoenix1900,1665,1726,61,832,2049,Codeforces Round 994 (Div. 2)
Jakub_Woxniak,2039,2003,-36,832,2049,Codeforces Round 994 (Div. 2)
miniL,1716,1762,46,835,2049,Codeforces Round 994 (Div. 2)
Mhmud_Sameh24,1551,1644,93,835,2049,Codeforces Round 994 (Div. 2)
CarlosS48,1695,1747,52,837,2049,Codeforces Round 994 (Div. 2)
aryak05,1613,1688,75,837,2049,Codeforces Round 994 (Div. 2)
WCISL,0,639,639,839,2049,Codeforces Round 994 (Div. 2)
twosquares,1899,1896,-3,840,2049,Codeforces Round 994 (Div. 2)
rogeryi,1281,1515,234,840,2049,Codeforces Round 994 (Div. 2)
Citypop,1627,1698,71,842,2049,Codeforces Round 994 (Div. 2)
dawdoi,1706,1815,109,843,2049,Codeforces Round 994 (Div. 2)
Altr14,1632,1702,70,843,2049,Codeforces Round 994 (Div. 2)
xiao__xiao,1823,1840,17,845,2049,Codeforces Round 994 (Div. 2)
licn090605,1936,1924,-12,845,2049,Codeforces Round 994 (Div. 2)
radnomoxi123,1812,1832,20,845,2049,Codeforces Round 994 (Div. 2)
dongfangyanxu,1778,1807,29,845,2049,Codeforces Round 994 (Div. 2)
CodeAceking,737,1162,425,845,2049,Codeforces Round 994 (Div. 2)
valen0k,1465,1583,118,850,2049,Codeforces Round 994 (Div. 2)
kissgergely,2007,1977,-30,851,2049,Codeforces Round 994 (Div. 2)
ykr5184,1545,1639,94,851,2049,Codeforces Round 994 (Div. 2)
K_sakkary,1789,1814,25,853,2049,Codeforces Round 994 (Div. 2)
DustOfSnow,1783,1810,27,853,2049,Codeforces Round 994 (Div. 2)
Koosh18,1621,1693,72,853,2049,Codeforces Round 994 (Div. 2)
s.nazyrov,1678,1734,56,856,2049,Codeforces Round 994 (Div. 2)
SANKI,1729,1770,41,856,2049,Codeforces Round 994 (Div. 2)
Fight_G,1663,1722,59,856,2049,Codeforces Round 994 (Div. 2)
snasibov05,1886,1886,0,856,2049,Codeforces Round 994 (Div. 2)
kr25161,1664,1723,59,856,2049,Codeforces Round 994 (Div. 2)
FallingRain,1823,1839,16,856,2049,Codeforces Round 994 (Div. 2)
SAIHAZE,1686,1739,53,862,2049,Codeforces Round 994 (Div. 2)
maguuus,1500,1606,106,863,2049,Codeforces Round 994 (Div. 2)
Third_Thread,1667,1725,58,863,2049,Codeforces Round 994 (Div. 2)
LlLlCc,1758,1791,33,863,2049,Codeforces Round 994 (Div. 2)
_sexyboy,563,1030,467,866,2049,Codeforces Round 994 (Div. 2)
konghaojie,2036,1999,-37,866,2049,Codeforces Round 994 (Div. 2)
lev1106,1666,1724,58,866,2049,Codeforces Round 994 (Div. 2)
Wazzan,1468,1583,115,869,2049,Codeforces Round 994 (Div. 2)
m0urnful,1754,1787,33,870,2049,Codeforces Round 994 (Div. 2)
Damoonmah,1554,1643,89,871,2049,Codeforces Round 994 (Div. 2)
Genteki,2017,1984,-33,872,2049,Codeforces Round 994 (Div. 2)
explainer,1759,1791,32,873,2049,Codeforces Round 994 (Div. 2)
Oran_tree,1198,1454,256,874,2049,Codeforces Round 994 (Div. 2)
fanfly,1943,1927,-16,874,2049,Codeforces Round 994 (Div. 2)
Lord_Wrongmort,1779,1805,26,876,2049,Codeforces Round 994 (Div. 2)
maithehung123,1725,1766,41,876,2049,Codeforces Round 994 (Div. 2)
vbutenko,1579,1661,82,878,2049,Codeforces Round 994 (Div. 2)
Urtusea,1647,1710,63,879,2049,Codeforces Round 994 (Div. 2)
qwqXueman,1724,1765,41,880,2049,Codeforces Round 994 (Div. 2)
Vinicius_Asaad,1637,1702,65,881,2049,Codeforces Round 994 (Div. 2)
Syrus,1927,1915,-12,881,2049,Codeforces Round 994 (Div. 2)
BlueBlue,1671,1726,55,881,2049,Codeforces Round 994 (Div. 2)
ali2241,1815,1831,16,881,2049,Codeforces Round 994 (Div. 2)
WSD33,1801,1821,20,885,2049,Codeforces Round 994 (Div. 2)
dontforgetyourself,1923,1911,-12,885,2049,Codeforces Round 994 (Div. 2)
csanyidavid2000,1307,1471,164,885,2049,Codeforces Round 994 (Div. 2)
Bedoo,1896,1891,-5,885,2049,Codeforces Round 994 (Div. 2)
201716080213,1603,1677,74,885,2049,Codeforces Round 994 (Div. 2)
Geforgs,1891,1887,-4,890,2049,Codeforces Round 994 (Div. 2)
sai-17,2000,1969,-31,890,2049,Codeforces Round 994 (Div. 2)
Sarvesh43,1626,1693,67,890,2049,Codeforces Round 994 (Div. 2)
brun0matheus,1957,1937,-20,893,2049,Codeforces Round 994 (Div. 2)
tranphuc8a,1476,1587,111,894,2049,Codeforces Round 994 (Div. 2)
The_Straw_Hat,0,634,634,894,2049,Codeforces Round 994 (Div. 2)
Lecorbio,1830,1841,11,896,2049,Codeforces Round 994 (Div. 2)
daniel604,2010,1977,-33,896,2049,Codeforces Round 994 (Div. 2)
Mousa_Aboubaker,1664,1720,56,896,2049,Codeforces Round 994 (Div. 2)
blankKyo,1764,1793,29,899,2049,Codeforces Round 994 (Div. 2)
Bardia_AB,1654,1713,59,900,2049,Codeforces Round 994 (Div. 2)
quarterbackpraying,1561,1646,85,901,2049,Codeforces Round 994 (Div. 2)
Carucao,1891,1887,-4,901,2049,Codeforces Round 994 (Div. 2)
N.N_2004,2064,2017,-47,901,2049,Codeforces Round 994 (Div. 2)
giga-bit,1772,1798,26,901,2049,Codeforces Round 994 (Div. 2)
shivamkr05bb9,1649,1709,60,905,2049,Codeforces Round 994 (Div. 2)
Vladislav_Luzhnov,1932,1917,-15,905,2049,Codeforces Round 994 (Div. 2)
ashishc1,1801,1819,18,907,2049,Codeforces Round 994 (Div. 2)
julia_08,1436,1558,122,908,2049,Codeforces Round 994 (Div. 2)
hwmiao,1721,1760,39,909,2049,Codeforces Round 994 (Div. 2)
depresssssed,1716,1757,41,909,2049,Codeforces Round 994 (Div. 2)
chenly8128,1696,1742,46,911,2049,Codeforces Round 994 (Div. 2)
Buzdi,1695,1742,47,912,2049,Codeforces Round 994 (Div. 2)
2730883287,1839,1847,8,912,2049,Codeforces Round 994 (Div. 2)
Nautisus,1525,1619,94,914,2049,Codeforces Round 994 (Div. 2)
Slanyara,1521,1617,96,914,2049,Codeforces Round 994 (Div. 2)
orzzz23333,1920,1907,-13,916,2049,Codeforces Round 994 (Div. 2)
Vaulinn,1562,1646,84,916,2049,Codeforces Round 994 (Div. 2)
andriaberi,1719,1795,76,916,2049,Codeforces Round 994 (Div. 2)
DarkChemist,1656,1712,56,919,2049,Codeforces Round 994 (Div. 2)
Jeleyka,1779,1803,24,919,2049,Codeforces Round 994 (Div. 2)
ritakura1,1546,1634,88,919,2049,Codeforces Round 994 (Div. 2)
Kun10,1651,1709,58,922,2049,Codeforces Round 994 (Div. 2)
LuuPhucVinh,1503,1604,101,922,2049,Codeforces Round 994 (Div. 2)
techno_crate,1756,1785,29,924,2049,Codeforces Round 994 (Div. 2)
kimchijeon,1652,1710,58,924,2049,Codeforces Round 994 (Div. 2)
mitchelz,1368,1509,141,926,2049,Codeforces Round 994 (Div. 2)
ihCueYhniMmE,1229,1472,243,926,2049,Codeforces Round 994 (Div. 2)
SmallBee,1604,1675,71,926,2049,Codeforces Round 994 (Div. 2)
super_zt,1636,1698,62,929,2049,Codeforces Round 994 (Div. 2)
Serik2003,1798,1816,18,929,2049,Codeforces Round 994 (Div. 2)
HumbleRobo,1769,1794,25,931,2049,Codeforces Round 994 (Div. 2)
xiapali,1510,1607,97,931,2049,Codeforces Round 994 (Div. 2)
Anuj0Sharma,1478,1585,107,933,2049,Codeforces Round 994 (Div. 2)
THK_is_dead,1768,1793,25,933,2049,Codeforces Round 994 (Div. 2)
heyuhao,1690,1736,46,935,2049,Codeforces Round 994 (Div. 2)
tooourist,1297,1461,164,935,2049,Codeforces Round 994 (Div. 2)
Apurv_M,1614,1681,67,937,2049,Codeforces Round 994 (Div. 2)
jerdno,1760,1787,27,938,2049,Codeforces Round 994 (Div. 2)
NqkSyte,1610,1678,68,938,2049,Codeforces Round 994 (Div. 2)
Nishu_2005,1631,1693,62,940,2049,Codeforces Round 994 (Div. 2)
the.wiz,1742,1773,31,941,2049,Codeforces Round 994 (Div. 2)
SambhavJain,1867,1866,-1,942,2049,Codeforces Round 994 (Div. 2)
arpan2048,1699,1742,43,942,2049,Codeforces Round 994 (Div. 2)
crzy22,1914,1901,-13,942,2049,Codeforces Round 994 (Div. 2)
HuHu_Fei,1804,1819,15,942,2049,Codeforces Round 994 (Div. 2)
Homie_Lander,1609,1677,68,946,2049,Codeforces Round 994 (Div. 2)
enrolled2003,1723,1759,36,946,2049,Codeforces Round 994 (Div. 2)
ebofan,2067,2017,-50,948,2049,Codeforces Round 994 (Div. 2)
OMEGAftw,1667,1719,52,949,2049,Codeforces Round 994 (Div. 2)
Vipul21435,1335,1485,150,950,2049,Codeforces Round 994 (Div. 2)
EldoSantos,1836,1842,6,950,2049,Codeforces Round 994 (Div. 2)
ImSarthak,1779,1800,21,952,2049,Codeforces Round 994 (Div. 2)
Freesia,1637,1696,59,953,2049,Codeforces Round 994 (Div. 2)
False0099,1481,1586,105,954,2049,Codeforces Round 994 (Div. 2)
MODDI,1953,1929,-24,955,2049,Codeforces Round 994 (Div. 2)
The_Bharadwaj,1534,1623,89,955,2049,Codeforces Round 994 (Div. 2)
vangtrangtan,1666,1717,51,957,2049,Codeforces Round 994 (Div. 2)
Kirina,1638,1756,118,957,2049,Codeforces Round 994 (Div. 2)
Teto,1828,1836,8,957,2049,Codeforces Round 994 (Div. 2)
___Y___,1573,1651,78,960,2049,Codeforces Round 994 (Div. 2)
espr1t,1925,1908,-17,961,2049,Codeforces Round 994 (Div. 2)
YWKM,1524,1615,91,961,2049,Codeforces Round 994 (Div. 2)
LRC11,1717,1754,37,961,2049,Codeforces Round 994 (Div. 2)
wksp,1597,1667,70,964,2049,Codeforces Round 994 (Div. 2)
TAFH,1469,1576,107,964,2049,Codeforces Round 994 (Div. 2)
RioBlus,1826,1833,7,966,2049,Codeforces Round 994 (Div. 2)
pizza53,1701,1742,41,967,2049,Codeforces Round 994 (Div. 2)
tiojuan,1935,1915,-20,968,2049,Codeforces Round 994 (Div. 2)
LauLLeLien,1803,1817,14,969,2049,Codeforces Round 994 (Div. 2)
souriano12,1766,1789,23,970,2049,Codeforces Round 994 (Div. 2)
akorton,1814,1824,10,970,2049,Codeforces Round 994 (Div. 2)
MouadDidNotFail,1522,1613,91,972,2049,Codeforces Round 994 (Div. 2)
jvatsal0709,1771,1792,21,973,2049,Codeforces Round 994 (Div. 2)
LLGM,1679,1726,47,974,2049,Codeforces Round 994 (Div. 2)
assawalhy,1551,1691,140,975,2049,Codeforces Round 994 (Div. 2)
og.kostya,1746,1774,28,976,2049,Codeforces Round 994 (Div. 2)
Cheeseman,1549,1632,83,977,2049,Codeforces Round 994 (Div. 2)
Beaten,1489,1589,100,978,2049,Codeforces Round 994 (Div. 2)
GrishechkinIvan,1820,1828,8,979,2049,Codeforces Round 994 (Div. 2)
jeromah,1936,1915,-21,980,2049,Codeforces Round 994 (Div. 2)
MarioYC,1961,1934,-27,980,2049,Codeforces Round 994 (Div. 2)
dd22cs01048,1530,1618,88,980,2049,Codeforces Round 994 (Div. 2)
Ruki.cf,1709,1747,38,983,2049,Codeforces Round 994 (Div. 2)
Rahul_Kumar_Singh,1519,1610,91,983,2049,Codeforces Round 994 (Div. 2)
FXLY_ouo,1227,1496,269,985,2049,Codeforces Round 994 (Div. 2)
shubham6105,1784,1801,17,985,2049,Codeforces Round 994 (Div. 2)
dikshit_barla,1057,1347,290,987,2049,Codeforces Round 994 (Div. 2)
sp_77,1702,1741,39,988,2049,Codeforces Round 994 (Div. 2)
Monis_Azarus,1683,1727,44,989,2049,Codeforces Round 994 (Div. 2)
yinpeichu2021,1710,1747,37,989,2049,Codeforces Round 994 (Div. 2)
Heliumeow,1854,1853,-1,989,2049,Codeforces Round 994 (Div. 2)
EthelCampbell,1206,1396,190,992,2049,Codeforces Round 994 (Div. 2)
subhamgo_,1458,1566,108,993,2049,Codeforces Round 994 (Div. 2)
clubpenguinfan,1725,1758,33,994,2049,Codeforces Round 994 (Div. 2)
qwsxza,1697,1737,40,995,2049,Codeforces Round 994 (Div. 2)
Djangle162857,1909,1894,-15,996,2049,Codeforces Round 994 (Div. 2)
Antokir,1589,1659,70,996,2049,Codeforces Round 994 (Div. 2)
dark_shedinja,1554,1634,80,998,2049,Codeforces Round 994 (Div. 2)
Kawaii,1958,1930,-28,999,2049,Codeforces Round 994 (Div. 2)
XYSND,1863,1859,-4,999,2049,Codeforces Round 994 (Div. 2)
monubhargav,1505,1599,94,1001,2049,Codeforces Round 994 (Div. 2)
liguanchang,1697,1737,40,1002,2049,Codeforces Round 994 (Div. 2)
d1mk,2093,2033,-60,1003,2049,Codeforces Round 994 (Div. 2)
SMIrrichto,2079,2022,-57,1003,2049,Codeforces Round 994 (Div. 2)
Artist04,1666,1714,48,1003,2049,Codeforces Round 994 (Div. 2)
endlessive,0,625,625,1006,2049,Codeforces Round 994 (Div. 2)
EgorKush,1703,1741,38,1007,2049,Codeforces Round 994 (Div. 2)
yashk6767,1661,1710,49,1007,2049,Codeforces Round 994 (Div. 2)
Lite_,1111,1383,272,1007,2049,Codeforces Round 994 (Div. 2)
dr.doom007,1765,1786,21,1010,2049,Codeforces Round 994 (Div. 2)
just_chillax,1525,1612,87,1011,2049,Codeforces Round 994 (Div. 2)
ritik_369,1769,1789,20,1011,2049,Codeforces Round 994 (Div. 2)
NikoBaotic,1883,1873,-10,1013,2049,Codeforces Round 994 (Div. 2)
umm_Kulthum,1577,1649,72,1013,2049,Codeforces Round 994 (Div. 2)
bombremover,1670,1716,46,1015,2049,Codeforces Round 994 (Div. 2)
resolve100,1680,1724,44,1015,2049,Codeforces Round 994 (Div. 2)
taijinvjin,1655,1705,50,1015,2049,Codeforces Round 994 (Div. 2)
threebody,1770,1789,19,1018,2049,Codeforces Round 994 (Div. 2)
Yoda1122,1501,1595,94,1018,2049,Codeforces Round 994 (Div. 2)
coding_princess,0,624,624,1020,2049,Codeforces Round 994 (Div. 2)
automac,1727,1757,30,1021,2049,Codeforces Round 994 (Div. 2)
Lyamzin_alexandr,1746,1771,25,1022,2049,Codeforces Round 994 (Div. 2)
adrieledix,1299,1514,215,1023,2049,Codeforces Round 994 (Div. 2)
Aditya.Rai,1652,1703,51,1023,2049,Codeforces Round 994 (Div. 2)
cosmicmanhnopro,2001,1962,-39,1025,2049,Codeforces Round 994 (Div. 2)
ksuksuksu,1916,1898,-18,1025,2049,Codeforces Round 994 (Div. 2)
DeanMenezes93,1595,1661,66,1027,2049,Codeforces Round 994 (Div. 2)
waste_,1592,1659,67,1027,2049,Codeforces Round 994 (Div. 2)
WorldBias,1733,1761,28,1029,2049,Codeforces Round 994 (Div. 2)
Arsud,1657,1706,49,1030,2049,Codeforces Round 994 (Div. 2)
yoichi_isagi,1678,1721,43,1031,2049,Codeforces Round 994 (Div. 2)
Jacob_c_kim,1021,1319,298,1032,2049,Codeforces Round 994 (Div. 2)
lewc,1973,1940,-33,1032,2049,Codeforces Round 994 (Div. 2)
kathal404,1538,1620,82,1034,2049,Codeforces Round 994 (Div. 2)
Snigy9,1334,1478,144,1035,2049,Codeforces Round 994 (Div. 2)
mehul1512,1761,1781,20,1036,2049,Codeforces Round 994 (Div. 2)
disjointset,1751,1774,23,1037,2049,Codeforces Round 994 (Div. 2)
UnforgettableDream,1690,1765,75,1038,2049,Codeforces Round 994 (Div. 2)
OrionSour_05,1371,1503,132,1038,2049,Codeforces Round 994 (Div. 2)
pheonix_2002,1490,1585,95,1038,2049,Codeforces Round 994 (Div. 2)
hello_kittty,1699,1736,37,1038,2049,Codeforces Round 994 (Div. 2)
diego_in_cf,1660,1707,47,1042,2049,Codeforces Round 994 (Div. 2)
Windroxxx,1670,1715,45,1043,2049,Codeforces Round 994 (Div. 2)
SajidZakaria,1833,1834,1,1044,2049,Codeforces Round 994 (Div. 2)
tw20000807,1925,1903,-22,1045,2049,Codeforces Round 994 (Div. 2)
Unknown_io,591,1036,445,1046,2049,Codeforces Round 994 (Div. 2)
sanju77,1669,1713,44,1047,2049,Codeforces Round 994 (Div. 2)
melodiasssf,1340,1481,141,1047,2049,Codeforces Round 994 (Div. 2)
not_sure_yet,1657,1704,47,1049,2049,Codeforces Round 994 (Div. 2)
pradeep,1716,1747,31,1050,2049,Codeforces Round 994 (Div. 2)
MightyKot,1588,1654,66,1051,2049,Codeforces Round 994 (Div. 2)
poco_oi,1558,1633,75,1051,2049,Codeforces Round 994 (Div. 2)
F3R618,1152,1357,205,1051,2049,Codeforces Round 994 (Div. 2)
IceSerpent,1640,1692,52,1054,2049,Codeforces Round 994 (Div. 2)
Piwry,1742,1766,24,1055,2049,Codeforces Round 994 (Div. 2)
Salty_jelly,1850,1845,-5,1056,2049,Codeforces Round 994 (Div. 2)
Ridham.,1790,1801,11,1056,2049,Codeforces Round 994 (Div. 2)
Alphx2243,1450,1556,106,1058,2049,Codeforces Round 994 (Div. 2)
lmj,1789,1800,11,1059,2049,Codeforces Round 994 (Div. 2)
minhnguyent546,1603,1665,62,1060,2049,Codeforces Round 994 (Div. 2)
rkgena,1496,1588,92,1061,2049,Codeforces Round 994 (Div. 2)
iwayurunonfikushon,1237,1467,230,1062,2049,Codeforces Round 994 (Div. 2)
tdiv,1800,1808,8,1063,2049,Codeforces Round 994 (Div. 2)
Finale_Sirius,1721,1787,66,1064,2049,Codeforces Round 994 (Div. 2)
AmartyaXphy,1530,1612,82,1064,2049,Codeforces Round 994 (Div. 2)
harshgarg,1490,1583,93,1064,2049,Codeforces Round 994 (Div. 2)
XGB,1543,1621,78,1067,2049,Codeforces Round 994 (Div. 2)
downfall,1771,1787,16,1067,2049,Codeforces Round 994 (Div. 2)
salty9,1624,1679,55,1069,2049,Codeforces Round 994 (Div. 2)
XDEv11,1819,1822,3,1070,2049,Codeforces Round 994 (Div. 2)
Bolaloon,1788,1799,11,1070,2049,Codeforces Round 994 (Div. 2)
Saiji007,1297,1450,153,1072,2049,Codeforces Round 994 (Div. 2)
gugg,1936,1909,-27,1072,2049,Codeforces Round 994 (Div. 2)
ortsac,1855,1848,-7,1074,2049,Codeforces Round 994 (Div. 2)
heWhoCooks,1627,1681,54,1075,2049,Codeforces Round 994 (Div. 2)
PVM,1646,1695,49,1075,2049,Codeforces Round 994 (Div. 2)
verstm,760,1158,398,1077,2049,Codeforces Round 994 (Div. 2)
Gold_Dragon,1836,1834,-2,1077,2049,Codeforces Round 994 (Div. 2)
zhy156,1540,1618,78,1079,2049,Codeforces Round 994 (Div. 2)
xuangou,1446,1551,105,1079,2049,Codeforces Round 994 (Div. 2)
no_mind,1652,1699,47,1079,2049,Codeforces Round 994 (Div. 2)
zap4eg,1778,1791,13,1082,2049,Codeforces Round 994 (Div. 2)
TRYING_To_Do_Better__,1778,1790,12,1083,2049,Codeforces Round 994 (Div. 2)
ok12,1402,1521,119,1084,2049,Codeforces Round 994 (Div. 2)
awdec,1692,1728,36,1084,2049,Codeforces Round 994 (Div. 2)
siyuan_giegie,1950,1920,-30,1086,2049,Codeforces Round 994 (Div. 2)
AdletShelby,1733,1757,24,1087,2049,Codeforces Round 994 (Div. 2)
Sam_2027,1797,1804,7,1087,2049,Codeforces Round 994 (Div. 2)
_Adel_Mahmoud_,1114,1407,293,1089,2049,Codeforces Round 994 (Div. 2)
Segfaulted,1456,1558,102,1090,2049,Codeforces Round 994 (Div. 2)
coolkid1412,1087,1312,225,1091,2049,Codeforces Round 994 (Div. 2)
0mar,1709,1739,30,1092,2049,Codeforces Round 994 (Div. 2)
purplelemon,1877,1863,-14,1093,2049,Codeforces Round 994 (Div. 2)
usernameson,1635,1685,50,1094,2049,Codeforces Round 994 (Div. 2)
TosakaUCVV,1631,1683,52,1095,2049,Codeforces Round 994 (Div. 2)
YudoTLE,1723,1749,26,1096,2049,Codeforces Round 994 (Div. 2)
YungCf,1793,1801,8,1097,2049,Codeforces Round 994 (Div. 2)
LightZz,803,1186,383,1098,2049,Codeforces Round 994 (Div. 2)
ylb_Ac2003,1475,1571,96,1099,2049,Codeforces Round 994 (Div. 2)
Manan.Garg21,1569,1637,68,1100,2049,Codeforces Round 994 (Div. 2)
PoDuReMaN,1765,1780,15,1100,2049,Codeforces Round 994 (Div. 2)
ikunnnna,1764,1779,15,1102,2049,Codeforces Round 994 (Div. 2)
jinsiqi1004,1896,1878,-18,1103,2049,Codeforces Round 994 (Div. 2)
Lieutenant-,1504,1591,87,1104,2049,Codeforces Round 994 (Div. 2)
lwiwiwi,437,925,488,1105,2049,Codeforces Round 994 (Div. 2)
Tahirliyev,1926,1900,-26,1105,2049,Codeforces Round 994 (Div. 2)
tushar_joshi,1816,1817,1,1107,2049,Codeforces Round 994 (Div. 2)
FatKid,1664,1706,42,1108,2049,Codeforces Round 994 (Div. 2)
sahilkumar_1,1767,1781,14,1109,2049,Codeforces Round 994 (Div. 2)
lbm47,1709,1738,29,1110,2049,Codeforces Round 994 (Div. 2)
FrederickSheridan,1212,1391,179,1110,2049,Codeforces Round 994 (Div. 2)
official-ashutosh,1534,1611,77,1112,2049,Codeforces Round 994 (Div. 2)
MaxDYF,1787,1795,8,1113,2049,Codeforces Round 994 (Div. 2)
wumaodang,1728,1752,24,1113,2049,Codeforces Round 994 (Div. 2)
AngelOlan,1606,1663,57,1115,2049,Codeforces Round 994 (Div. 2)
testdemo,1407,1522,115,1115,2049,Codeforces Round 994 (Div. 2)
BodaciousLord007,1424,1534,110,1117,2049,Codeforces Round 994 (Div. 2)
ermi_a,1060,1339,279,1118,2049,Codeforces Round 994 (Div. 2)
Bluepanda_x,1707,1736,29,1118,2049,Codeforces Round 994 (Div. 2)
feev1x,1620,1673,53,1120,2049,Codeforces Round 994 (Div. 2)
va_adi,1118,1329,211,1121,2049,Codeforces Round 994 (Div. 2)
ms24,1686,1721,35,1122,2049,Codeforces Round 994 (Div. 2)
rudraprabhatpattanayak,0,617,617,1122,2049,Codeforces Round 994 (Div. 2)
sun_jinwoo36,952,1289,337,1122,2049,Codeforces Round 994 (Div. 2)
E003219,1664,1705,41,1125,2049,Codeforces Round 994 (Div. 2)
nottheonion,1338,1474,136,1126,2049,Codeforces Round 994 (Div. 2)
zzxdashuaibi,1617,1670,53,1127,2049,Codeforces Round 994 (Div. 2)
ckk,1669,1708,39,1128,2049,Codeforces Round 994 (Div. 2)
moradiya84,1951,1918,-33,1129,2049,Codeforces Round 994 (Div. 2)
presento,1657,1699,42,1130,2049,Codeforces Round 994 (Div. 2)
kulezi,1784,1793,9,1131,2049,Codeforces Round 994 (Div. 2)
LiFar,1587,1648,61,1132,2049,Codeforces Round 994 (Div. 2)
bramar2,1524,1604,80,1133,2049,Codeforces Round 994 (Div. 2)
TheForsaking,2037,1983,-54,1134,2049,Codeforces Round 994 (Div. 2)
guesswhetherIamXJK,1867,1854,-13,1135,2049,Codeforces Round 994 (Div. 2)
MiaoYu404,1470,1565,95,1135,2049,Codeforces Round 994 (Div. 2)
sabino1,1638,1685,47,1137,2049,Codeforces Round 994 (Div. 2)
CFHarlem,1343,1539,196,1138,2049,Codeforces Round 994 (Div. 2)
LDM0116,1877,1861,-16,1139,2049,Codeforces Round 994 (Div. 2)
Remineva,1771,1782,11,1140,2049,Codeforces Round 994 (Div. 2)
Dark__Seith,1690,1723,33,1141,2049,Codeforces Round 994 (Div. 2)
suprend,1817,1816,-1,1142,2049,Codeforces Round 994 (Div. 2)
porcif,1630,1679,49,1143,2049,Codeforces Round 994 (Div. 2)
455a,1638,1684,46,1144,2049,Codeforces Round 994 (Div. 2)
Neev4321,1853,1842,-11,1145,2049,Codeforces Round 994 (Div. 2)
Ineesh_reddy,1587,1648,61,1146,2049,Codeforces Round 994 (Div. 2)
TomazGomes,1865,1851,-14,1147,2049,Codeforces Round 994 (Div. 2)
coding_sucks_1001001,1460,1557,97,1147,2049,Codeforces Round 994 (Div. 2)
Kevin_Xu,1525,1603,78,1147,2049,Codeforces Round 994 (Div. 2)
EasyMind,1691,1722,31,1150,2049,Codeforces Round 994 (Div. 2)
Chipsignature,1035,1346,311,1151,2049,Codeforces Round 994 (Div. 2)
Rikhil,1364,1490,126,1152,2049,Codeforces Round 994 (Div. 2)
hello_world34728,604,1038,434,1153,2049,Codeforces Round 994 (Div. 2)
lad1chka,1731,1752,21,1154,2049,Codeforces Round 994 (Div. 2)
MojeDes,1830,1825,-5,1155,2049,Codeforces Round 994 (Div. 2)
AlimkhanMeshok,1454,1552,98,1156,2049,Codeforces Round 994 (Div. 2)
nebula,1794,1798,4,1157,2049,Codeforces Round 994 (Div. 2)
Abijith27UK,1382,1502,120,1158,2049,Codeforces Round 994 (Div. 2)
Hawkeyee_007,0,615,615,1159,2049,Codeforces Round 994 (Div. 2)
GuWolf,1559,1627,68,1160,2049,Codeforces Round 994 (Div. 2)
Sahilence,1534,1609,75,1161,2049,Codeforces Round 994 (Div. 2)
learner_22,1452,1550,98,1162,2049,Codeforces Round 994 (Div. 2)
uacoder123,1846,1836,-10,1163,2049,Codeforces Round 994 (Div. 2)
Rising-coder,2039,1983,-56,1164,2049,Codeforces Round 994 (Div. 2)
m3e92,1509,1591,82,1165,2049,Codeforces Round 994 (Div. 2)
yhkhoo,623,1050,427,1166,2049,Codeforces Round 994 (Div. 2)
MountAim,1541,1613,72,1167,2049,Codeforces Round 994 (Div. 2)
pyorz,1476,1567,91,1168,2049,Codeforces Round 994 (Div. 2)
Toorean,1426,1532,106,1169,2049,Codeforces Round 994 (Div. 2)
Utsav_Kashyap,888,1240,352,1170,2049,Codeforces Round 994 (Div. 2)
lq5,1970,1930,-40,1171,2049,Codeforces Round 994 (Div. 2)
Shinonome_Ena,1664,1702,38,1172,2049,Codeforces Round 994 (Div. 2)
ninsean1,0,614,614,1173,2049,Codeforces Round 994 (Div. 2)
shobyy,1780,1787,7,1174,2049,Codeforces Round 994 (Div. 2)
M_Rana,1634,1679,45,1175,2049,Codeforces Round 994 (Div. 2)
BYR_KKK,1965,1926,-39,1176,2049,Codeforces Round 994 (Div. 2)
road_to_2400,0,613,613,1177,2049,Codeforces Round 994 (Div. 2)
LaMbarghambar,1356,1483,127,1177,2049,Codeforces Round 994 (Div. 2)
T404,1909,1883,-26,1179,2049,Codeforces Round 994 (Div. 2)
locked_in_hell,1608,1661,53,1180,2049,Codeforces Round 994 (Div. 2)
Sensi,1478,1568,90,1180,2049,Codeforces Round 994 (Div. 2)
gigachau,2013,1962,-51,1180,2049,Codeforces Round 994 (Div. 2)
JakeMate14,1673,1707,34,1183,2049,Codeforces Round 994 (Div. 2)
qlwpc,1966,1927,-39,1184,2049,Codeforces Round 994 (Div. 2)
ALESTA,1758,1770,12,1185,2049,Codeforces Round 994 (Div. 2)
Magnet1c,1921,1892,-29,1186,2049,Codeforces Round 994 (Div. 2)
fsj-o,1822,1818,-4,1187,2049,Codeforces Round 994 (Div. 2)
cuongson,1834,1826,-8,1188,2049,Codeforces Round 994 (Div. 2)
conmoe,0,612,612,1188,2049,Codeforces Round 994 (Div. 2)
ARIS2_0,859,1219,360,1190,2049,Codeforces Round 994 (Div. 2)
jarvis22,1704,1730,26,1191,2049,Codeforces Round 994 (Div. 2)
_WD_,1944,1909,-35,1192,2049,Codeforces Round 994 (Div. 2)
SunShine11,1646,1688,42,1193,2049,Codeforces Round 994 (Div. 2)
Sersawy,1689,1719,30,1194,2049,Codeforces Round 994 (Div. 2)
Qwerty1412,1178,1363,185,1195,2049,Codeforces Round 994 (Div. 2)
AnuragPy07,0,612,612,1196,2049,Codeforces Round 994 (Div. 2)
Fahad06,1353,1480,127,1197,2049,Codeforces Round 994 (Div. 2)
justnaman,1136,1336,200,1198,2049,Codeforces Round 994 (Div. 2)
ynotme,880,1233,353,1198,2049,Codeforces Round 994 (Div. 2)
LaDeX,2041,1983,-58,1200,2049,Codeforces Round 994 (Div. 2)
Badint,2078,2012,-66,1201,2049,Codeforces Round 994 (Div. 2)
liboshunx,1654,1693,39,1202,2049,Codeforces Round 994 (Div. 2)
dsyz,1760,1771,11,1203,2049,Codeforces Round 994 (Div. 2)
leodicaprio4791,1202,1378,176,1204,2049,Codeforces Round 994 (Div. 2)
Faisal-Saqib,1802,1802,0,1205,2049,Codeforces Round 994 (Div. 2)
incloud184,1495,1578,83,1206,2049,Codeforces Round 994 (Div. 2)
poorang,1638,1754,116,1207,2049,Codeforces Round 994 (Div. 2)
AsukaSaito,2013,1961,-52,1208,2049,Codeforces Round 994 (Div. 2)
harry_potter_3112,1216,1387,171,1208,2049,Codeforces Round 994 (Div. 2)
AhmedPlusPlus,1645,1685,40,1210,2049,Codeforces Round 994 (Div. 2)
_Filya_,1787,1790,3,1210,2049,Codeforces Round 994 (Div. 2)
handle2345,1751,1763,12,1212,2049,Codeforces Round 994 (Div. 2)
peatrovich,1749,1762,13,1213,2049,Codeforces Round 994 (Div. 2)
Messier-42,1449,1545,96,1213,2049,Codeforces Round 994 (Div. 2)
240205,1674,1707,33,1215,2049,Codeforces Round 994 (Div. 2)
MEthylene_koishi,1020,1293,273,1216,2049,Codeforces Round 994 (Div. 2)
SkillZz_,1769,1776,7,1217,2049,Codeforces Round 994 (Div. 2)
AshutoshSingh10,1776,1782,6,1218,2049,Codeforces Round 994 (Div. 2)
reirugan,1615,1663,48,1219,2049,Codeforces Round 994 (Div. 2)
mateberishvili,1810,1807,-3,1220,2049,Codeforces Round 994 (Div. 2)
ThisWasUnplanned,1886,1864,-22,1221,2049,Codeforces Round 994 (Div. 2)
harshagrawal04,1140,1336,196,1222,2049,Codeforces Round 994 (Div. 2)
sjnnjs,1877,1857,-20,1222,2049,Codeforces Round 994 (Div. 2)
meow_love,1523,1597,74,1224,2049,Codeforces Round 994 (Div. 2)
quio_,1708,1807,99,1225,2049,Codeforces Round 994 (Div. 2)
siuhou,1743,1757,14,1225,2049,Codeforces Round 994 (Div. 2)
ezraft,2046,1985,-61,1227,2049,Codeforces Round 994 (Div. 2)
ff_U,1511,1624,113,1228,2049,Codeforces Round 994 (Div. 2)
andrei_p,1672,1704,32,1228,2049,Codeforces Round 994 (Div. 2)
mj1000j,1915,1885,-30,1230,2049,Codeforces Round 994 (Div. 2)
KuroLeaf,1633,1676,43,1230,2049,Codeforces Round 994 (Div. 2)
shashankindukuri14,1642,1682,40,1232,2049,Codeforces Round 994 (Div. 2)
sky10w,1746,1758,12,1233,2049,Codeforces Round 994 (Div. 2)
code_fanatic03,854,1212,358,1233,2049,Codeforces Round 994 (Div. 2)
CoderAbhi27,1993,1944,-49,1233,2049,Codeforces Round 994 (Div. 2)
kauperwood,1688,1716,28,1236,2049,Codeforces Round 994 (Div. 2)
Aviat918,1611,1659,48,1237,2049,Codeforces Round 994 (Div. 2)
XiaoretaW,1596,1649,53,1237,2049,Codeforces Round 994 (Div. 2)
AlRntn,1972,1928,-44,1239,2049,Codeforces Round 994 (Div. 2)
AS23,1759,1768,9,1240,2049,Codeforces Round 994 (Div. 2)
kiwi_1,1884,1861,-23,1240,2049,Codeforces Round 994 (Div. 2)
jalapen0p1ckle,1559,1622,63,1242,2049,Codeforces Round 994 (Div. 2)
Nsqk,1536,1605,69,1242,2049,Codeforces Round 994 (Div. 2)
blackslex,1714,1735,21,1244,2049,Codeforces Round 994 (Div. 2)
NinjaSenpai,1852,1837,-15,1245,2049,Codeforces Round 994 (Div. 2)
ICPC-PSU,1664,1697,33,1245,2049,Codeforces Round 994 (Div. 2)
Piashy,1926,1893,-33,1245,2049,Codeforces Round 994 (Div. 2)
Pritam_19,1647,1685,38,1248,2049,Codeforces Round 994 (Div. 2)
Pirate-King,1696,1721,25,1249,2049,Codeforces Round 994 (Div. 2)
sadi_74,1791,1791,0,1250,2049,Codeforces Round 994 (Div. 2)
motsuni04,2099,2025,-74,1251,2049,Codeforces Round 994 (Div. 2)
CoolCatPro,1338,1466,128,1251,2049,Codeforces Round 994 (Div. 2)
dauletkiar,1462,1552,90,1251,2049,Codeforces Round 994 (Div. 2)
PokeSam9,1233,1452,219,1254,2049,Codeforces Round 994 (Div. 2)
Tanmay1618,1686,1713,27,1255,2049,Codeforces Round 994 (Div. 2)
powervic08,2095,2022,-73,1255,2049,Codeforces Round 994 (Div. 2)
2877739569,1275,1423,148,1257,2049,Codeforces Round 994 (Div. 2)
Red_oron,1625,1705,80,1258,2049,Codeforces Round 994 (Div. 2)
tkt0506tkt,1783,1784,1,1259,2049,Codeforces Round 994 (Div. 2)
leonlian,1741,1753,12,1259,2049,Codeforces Round 994 (Div. 2)
shtirmann,1580,1636,56,1261,2049,Codeforces Round 994 (Div. 2)
Yash57,1537,1605,68,1261,2049,Codeforces Round 994 (Div. 2)
just_shut_up,1155,1396,241,1261,2049,Codeforces Round 994 (Div. 2)
BlahBlah86169,1795,1793,-2,1264,2049,Codeforces Round 994 (Div. 2)
Marcythm,2027,1969,-58,1264,2049,Codeforces Round 994 (Div. 2)
AhmetKaan,2074,2005,-69,1264,2049,Codeforces Round 994 (Div. 2)
StressLimitExceeded,1677,1705,28,1267,2049,Codeforces Round 994 (Div. 2)
D4nnyLee,1795,1793,-2,1267,2049,Codeforces Round 994 (Div. 2)
ArchEnemy,648,1062,414,1269,2049,Codeforces Round 994 (Div. 2)
DCODER_13,1647,1683,36,1269,2049,Codeforces Round 994 (Div. 2)
ShreyHehe,1721,1738,17,1271,2049,Codeforces Round 994 (Div. 2)
CodeLegendX,1728,1743,15,1271,2049,Codeforces Round 994 (Div. 2)
Petricore,1669,1699,30,1273,2049,Codeforces Round 994 (Div. 2)
Skile,1679,1707,28,1273,2049,Codeforces Round 994 (Div. 2)
Signior,1762,1768,6,1273,2049,Codeforces Round 994 (Div. 2)
rulerofcakes,2015,1959,-56,1276,2049,Codeforces Round 994 (Div. 2)
Matfey,1934,1897,-37,1276,2049,Codeforces Round 994 (Div. 2)
zhouxiuoa,1507,1582,75,1278,2049,Codeforces Round 994 (Div. 2)
iridescent_1024,1758,1765,7,1279,2049,Codeforces Round 994 (Div. 2)
46657526buscaR,1550,1613,63,1279,2049,Codeforces Round 994 (Div. 2)
Heenpei,1638,1677,39,1279,2049,Codeforces Round 994 (Div. 2)
InfinityX,1616,1660,44,1282,2049,Codeforces Round 994 (Div. 2)
NH3-H2O,1677,1705,28,1283,2049,Codeforces Round 994 (Div. 2)
Heartbeateffect,1999,1946,-53,1284,2049,Codeforces Round 994 (Div. 2)
yarinys,1319,1451,132,1284,2049,Codeforces Round 994 (Div. 2)
bruhj1502,1832,1819,-13,1286,2049,Codeforces Round 994 (Div. 2)
BaiLi_nya,1788,1787,-1,1286,2049,Codeforces Round 994 (Div. 2)
samuelneo,830,1192,362,1288,2049,Codeforces Round 994 (Div. 2)
-is-this-omori-,1692,1715,23,1289,2049,Codeforces Round 994 (Div. 2)
sankalp_gupta8,1562,1657,95,1289,2049,Codeforces Round 994 (Div. 2)
speedcode,1792,1789,-3,1291,2049,Codeforces Round 994 (Div. 2)
Dobata,1937,1937,0,1292,2049,Codeforces Round 994 (Div. 2)
simplesheep03,1756,1762,6,1292,2049,Codeforces Round 994 (Div. 2)
KingOfThisWorld,1522,1592,70,1292,2049,Codeforces Round 994 (Div. 2)
colesmith54,1343,1467,124,1295,2049,Codeforces Round 994 (Div. 2)
SHK,1537,1603,66,1295,2049,Codeforces Round 994 (Div. 2)
Ghammaz-Hassan,1625,1666,41,1297,2049,Codeforces Round 994 (Div. 2)
FahimR,1386,1495,109,1298,2049,Codeforces Round 994 (Div. 2)
HardikG12,1536,1601,65,1298,2049,Codeforces Round 994 (Div. 2)
Sxrqwq,1956,1913,-43,1298,2049,Codeforces Round 994 (Div. 2)
tin.le2,1550,1611,61,1301,2049,Codeforces Round 994 (Div. 2)
birsnot,1939,1899,-40,1302,2049,Codeforces Round 994 (Div. 2)
secret-550504,2081,2009,-72,1302,2049,Codeforces Round 994 (Div. 2)
TychoElling,1998,1944,-54,1304,2049,Codeforces Round 994 (Div. 2)
Sylph1ette,1654,1687,33,1305,2049,Codeforces Round 994 (Div. 2)
navneetk12,1515,1586,71,1305,2049,Codeforces Round 994 (Div. 2)
Koushik,1768,1771,3,1307,2049,Codeforces Round 994 (Div. 2)
peeroguy12,1437,1531,94,1308,2049,Codeforces Round 994 (Div. 2)
DarLam,1779,1778,-1,1308,2049,Codeforces Round 994 (Div. 2)
shu_900,1648,1682,34,1310,2049,Codeforces Round 994 (Div. 2)
Ahmed_Dyab,1703,1722,19,1311,2049,Codeforces Round 994 (Div. 2)
hi_sshanky21,388,878,490,1311,2049,Codeforces Round 994 (Div. 2)
Kleaves,1782,1781,-1,1313,2049,Codeforces Round 994 (Div. 2)
based,1463,1549,86,1314,2049,Codeforces Round 994 (Div. 2)
Dhruv_Garg07,1691,1714,23,1314,2049,Codeforces Round 994 (Div. 2)
Shivansh0809,1762,1766,4,1314,2049,Codeforces Round 994 (Div. 2)
Thakrar_Parth,1653,1685,32,1314,2049,Codeforces Round 994 (Div. 2)
Imagine.2019,2061,1992,-69,1318,2049,Codeforces Round 994 (Div. 2)
RighterTheOriginal,1869,1846,-23,1318,2049,Codeforces Round 994 (Div. 2)
Werdnight,1634,1671,37,1318,2049,Codeforces Round 994 (Div. 2)
leo_dev,1393,1500,107,1321,2049,Codeforces Round 994 (Div. 2)
Muschuang123,1392,1499,107,1321,2049,Codeforces Round 994 (Div. 2)
value0,1757,1762,5,1323,2049,Codeforces Round 994 (Div. 2)
JustOK,1651,1684,33,1323,2049,Codeforces Round 994 (Div. 2)
ninjamayank,1802,1795,-7,1323,2049,Codeforces Round 994 (Div. 2)
ASGA_RedSea,1513,1584,71,1326,2049,Codeforces Round 994 (Div. 2)
rmaltsev,1367,1481,114,1326,2049,Codeforces Round 994 (Div. 2)
Husanboy,1928,1890,-38,1326,2049,Codeforces Round 994 (Div. 2)
TheGreatAntivirus,1621,1661,40,1329,2049,Codeforces Round 994 (Div. 2)
evwyb,1794,1789,-5,1329,2049,Codeforces Round 994 (Div. 2)
hbert,1485,1563,78,1331,2049,Codeforces Round 994 (Div. 2)
omega,1718,1732,14,1331,2049,Codeforces Round 994 (Div. 2)
wplllll,1758,1762,4,1331,2049,Codeforces Round 994 (Div. 2)
DCA_SUCKS,1824,1811,-13,1331,2049,Codeforces Round 994 (Div. 2)
_Kee,1798,1791,-7,1331,2049,Codeforces Round 994 (Div. 2)
ONIM,1588,1637,49,1331,2049,Codeforces Round 994 (Div. 2)
legendaryICE,1731,1742,11,1331,2049,Codeforces Round 994 (Div. 2)
Faizal,1927,1889,-38,1338,2049,Codeforces Round 994 (Div. 2)
knapik,1593,1641,48,1338,2049,Codeforces Round 994 (Div. 2)
Mahf,1581,1632,51,1340,2049,Codeforces Round 994 (Div. 2)
_.flash._,1624,1663,39,1340,2049,Codeforces Round 994 (Div. 2)
lce4113,1819,1807,-12,1342,2049,Codeforces Round 994 (Div. 2)
izoomrood,1658,1688,30,1343,2049,Codeforces Round 994 (Div. 2)
hnust_maoyiyun,1745,1752,7,1343,2049,Codeforces Round 994 (Div. 2)
bigguigui,1083,1369,286,1343,2049,Codeforces Round 994 (Div. 2)
Naruto_Uzamaki,1496,1570,74,1346,2049,Codeforces Round 994 (Div. 2)
devangsvaghani,1759,1762,3,1346,2049,Codeforces Round 994 (Div. 2)
blablabla1803,1665,1692,27,1346,2049,Codeforces Round 994 (Div. 2)
MVP_Harry,1989,1936,-53,1346,2049,Codeforces Round 994 (Div. 2)
AndreyKhodyrev,1332,1455,123,1346,2049,Codeforces Round 994 (Div. 2)
Krayem__,1805,1834,29,1351,2049,Codeforces Round 994 (Div. 2)
wvn,1667,1693,26,1351,2049,Codeforces Round 994 (Div. 2)
xfp_17,1708,1723,15,1353,2049,Codeforces Round 994 (Div. 2)
aditya_108,1790,1785,-5,1353,2049,Codeforces Round 994 (Div. 2)
Yahbim,1707,1722,15,1355,2049,Codeforces Round 994 (Div. 2)
Md_Atik,1791,1785,-6,1355,2049,Codeforces Round 994 (Div. 2)
Elgoker,1980,1928,-52,1355,2049,Codeforces Round 994 (Div. 2)
GodLoki,1041,1311,270,1355,2049,Codeforces Round 994 (Div. 2)
sourav_suku,1756,1759,3,1355,2049,Codeforces Round 994 (Div. 2)
AIF_is_carving,2074,2001,-73,1360,2049,Codeforces Round 994 (Div. 2)
tsaiyilin,1522,1588,66,1360,2049,Codeforces Round 994 (Div. 2)
ando_copy,1656,1685,29,1360,2049,Codeforces Round 994 (Div. 2)
Cyber,1795,1787,-8,1363,2049,Codeforces Round 994 (Div. 2)
Don_quixxote,1391,1495,104,1363,2049,Codeforces Round 994 (Div. 2)
moyegege,1660,1688,28,1365,2049,Codeforces Round 994 (Div. 2)
Klass_Mars,1815,1803,-12,1365,2049,Codeforces Round 994 (Div. 2)
niranjanrajeev25,1641,1674,33,1365,2049,Codeforces Round 994 (Div. 2)
lokyo,0,602,602,1368,2049,Codeforces Round 994 (Div. 2)
_XVIIVX,1682,1704,22,1368,2049,Codeforces Round 994 (Div. 2)
mewo52,0,602,602,1368,2049,Codeforces Round 994 (Div. 2)
Thirvin,1551,1608,57,1368,2049,Codeforces Round 994 (Div. 2)
zxh923,1936,1894,-42,1368,2049,Codeforces Round 994 (Div. 2)
OdAli,1172,1347,175,1368,2049,Codeforces Round 994 (Div. 2)
KimDohoon,1856,1834,-22,1374,2049,Codeforces Round 994 (Div. 2)
RachitKansal,1563,1617,54,1374,2049,Codeforces Round 994 (Div. 2)
Warinchai_s,1590,1636,46,1376,2049,Codeforces Round 994 (Div. 2)
ChuanSWT,1707,1722,15,1376,2049,Codeforces Round 994 (Div. 2)
arham_doshi,1665,1691,26,1376,2049,Codeforces Round 994 (Div. 2)
Abeke,1544,1603,59,1379,2049,Codeforces Round 994 (Div. 2)
Bob_Wang,2002,1944,-58,1379,2049,Codeforces Round 994 (Div. 2)
Top12,1619,1657,38,1379,2049,Codeforces Round 994 (Div. 2)
MunkhturErdenebat,1525,1589,64,1382,2049,Codeforces Round 994 (Div. 2)
DarrenKey,1608,1649,41,1383,2049,Codeforces Round 994 (Div. 2)
jiangly---fan,1494,1567,73,1383,2049,Codeforces Round 994 (Div. 2)
cinCout,1418,1513,95,1383,2049,Codeforces Round 994 (Div. 2)
Saanteye,1877,1848,-29,1386,2049,Codeforces Round 994 (Div. 2)
ZROUNDF,1588,1634,46,1386,2049,Codeforces Round 994 (Div. 2)
kazu_tech,1660,1687,27,1388,2049,Codeforces Round 994 (Div. 2)
LeticiaFCS,1650,1679,29,1389,2049,Codeforces Round 994 (Div. 2)
Golden_Square,1467,1547,80,1389,2049,Codeforces Round 994 (Div. 2)
guc_lzh,1458,1541,83,1389,2049,Codeforces Round 994 (Div. 2)
hruif,1670,1694,24,1392,2049,Codeforces Round 994 (Div. 2)
iamash_,1503,1573,70,1392,2049,Codeforces Round 994 (Div. 2)
abacaba4613,1714,1726,12,1394,2049,Codeforces Round 994 (Div. 2)
Kush_Purohit23,1644,1674,30,1394,2049,Codeforces Round 994 (Div. 2)
Acpexia,553,987,434,1396,2049,Codeforces Round 994 (Div. 2)
starback24,1808,1796,-12,1396,2049,Codeforces Round 994 (Div. 2)
Cb127127,1419,1513,94,1398,2049,Codeforces Round 994 (Div. 2)
NapSaq,1631,1665,34,1398,2049,Codeforces Round 994 (Div. 2)
Miracle.6,1267,1408,141,1398,2049,Codeforces Round 994 (Div. 2)
hardenisthegoat,1914,1876,-38,1401,2049,Codeforces Round 994 (Div. 2)
hydra_cody,1653,1680,27,1402,2049,Codeforces Round 994 (Div. 2)
mvec,1421,1514,93,1402,2049,Codeforces Round 994 (Div. 2)
Nash_Okano,1591,1636,45,1402,2049,Codeforces Round 994 (Div. 2)
xosqedemrufo,1128,1369,241,1402,2049,Codeforces Round 994 (Div. 2)
Ramez_Emad,1485,1559,74,1402,2049,Codeforces Round 994 (Div. 2)
Qiu_Qiu,1691,1708,17,1407,2049,Codeforces Round 994 (Div. 2)
Infinite_Strife,978,1290,312,1407,2049,Codeforces Round 994 (Div. 2)
Amaterasu1601,1615,1653,38,1407,2049,Codeforces Round 994 (Div. 2)
Alielsalek96,1543,1600,57,1410,2049,Codeforces Round 994 (Div. 2)
__Ben10__,1376,1482,106,1410,2049,Codeforces Round 994 (Div. 2)
Deep1809,1557,1610,53,1410,2049,Codeforces Round 994 (Div. 2)
i_love_qingyu,1679,1700,21,1410,2049,Codeforces Round 994 (Div. 2)
happy_sisyphus,1862,1836,-26,1410,2049,Codeforces Round 994 (Div. 2)
wasd1234,1823,1806,-17,1410,2049,Codeforces Round 994 (Div. 2)
puzzzle,1712,1724,12,1410,2049,Codeforces Round 994 (Div. 2)
Jaydenzh2011,1115,1308,193,1417,2049,Codeforces Round 994 (Div. 2)
Keylime,1867,1840,-27,1417,2049,Codeforces Round 994 (Div. 2)
xjm_xjm,1018,1318,300,1417,2049,Codeforces Round 994 (Div. 2)
Ar4d,1748,1750,2,1417,2049,Codeforces Round 994 (Div. 2)
Sutanu_19,1303,1431,128,1421,2049,Codeforces Round 994 (Div. 2)
Ak_16,1836,1816,-20,1422,2049,Codeforces Round 994 (Div. 2)
B_3,1989,1932,-57,1422,2049,Codeforces Round 994 (Div. 2)
Bestway11,1194,1358,164,1422,2049,Codeforces Round 994 (Div. 2)
ayushi.mm,1660,1685,25,1425,2049,Codeforces Round 994 (Div. 2)
Al5ateeb,1776,1771,-5,1425,2049,Codeforces Round 994 (Div. 2)
enzy.enzy,1637,1668,31,1427,2049,Codeforces Round 994 (Div. 2)
_val_,1494,1564,70,1427,2049,Codeforces Round 994 (Div. 2)
txnb,1613,1651,38,1427,2049,Codeforces Round 994 (Div. 2)
pipi0818,864,1155,291,1430,2049,Codeforces Round 994 (Div. 2)
miztom,602,1020,418,1430,2049,Codeforces Round 994 (Div. 2)
Antiparticle,1342,1457,115,1430,2049,Codeforces Round 994 (Div. 2)
eldenlord,1363,1507,144,1430,2049,Codeforces Round 994 (Div. 2)
veda_manvith,1480,1554,74,1430,2049,Codeforces Round 994 (Div. 2)
stostap,1421,1512,91,1430,2049,Codeforces Round 994 (Div. 2)
ken-kei,1761,1759,-2,1430,2049,Codeforces Round 994 (Div. 2)
yellowsubmarine1447,1259,1461,202,1430,2049,Codeforces Round 994 (Div. 2)
ssd_newbie,1735,1739,4,1430,2049,Codeforces Round 994 (Div. 2)
hewhocodes,1820,1803,-17,1439,2049,Codeforces Round 994 (Div. 2)
ali2005_syr,1886,1853,-33,1439,2049,Codeforces Round 994 (Div. 2)
.Alireza.,1720,1728,8,1441,2049,Codeforces Round 994 (Div. 2)
Coder96,1410,1504,94,1441,2049,Codeforces Round 994 (Div. 2)
bcryptic,1448,1531,83,1441,2049,Codeforces Round 994 (Div. 2)
ikun2.5,1472,1548,76,1444,2049,Codeforces Round 994 (Div. 2)
robai2002,1315,1438,123,1445,2049,Codeforces Round 994 (Div. 2)
Sou_G,1533,1591,58,1445,2049,Codeforces Round 994 (Div. 2)
wb11111,1313,1471,158,1445,2049,Codeforces Round 994 (Div. 2)
SG2Alok,1769,1764,-5,1445,2049,Codeforces Round 994 (Div. 2)
BinaryPioneer,1571,1619,48,1445,2049,Codeforces Round 994 (Div. 2)
mooIi,1378,1481,103,1445,2049,Codeforces Round 994 (Div. 2)
rarex,1406,1501,95,1445,2049,Codeforces Round 994 (Div. 2)
ItayKarny,1558,1609,51,1452,2049,Codeforces Round 994 (Div. 2)
ThirteenFrames,1792,1781,-11,1452,2049,Codeforces Round 994 (Div. 2)
Muso228,1665,1687,22,1452,2049,Codeforces Round 994 (Div. 2)
Faizan_43,1575,1621,46,1452,2049,Codeforces Round 994 (Div. 2)
lilmx,1433,1520,87,1456,2049,Codeforces Round 994 (Div. 2)
PedroGallo,1848,1824,-24,1456,2049,Codeforces Round 994 (Div. 2)
loop0919,1685,1702,17,1458,2049,Codeforces Round 994 (Div. 2)
SPizzzz,1732,1736,4,1458,2049,Codeforces Round 994 (Div. 2)
GooglerPraveen,1914,1873,-41,1460,2049,Codeforces Round 994 (Div. 2)
yltzzz,1618,1652,34,1460,2049,Codeforces Round 994 (Div. 2)
jsj0412,1877,1845,-32,1460,2049,Codeforces Round 994 (Div. 2)
Felix_Felicis23,1509,1573,64,1460,2049,Codeforces Round 994 (Div. 2)
atharva24_,1152,1328,176,1460,2049,Codeforces Round 994 (Div. 2)
sarvesh_87,1791,1780,-11,1460,2049,Codeforces Round 994 (Div. 2)
MonikaConK,665,1063,398,1460,2049,Codeforces Round 994 (Div. 2)
MaksimXD,1618,1652,34,1460,2049,Codeforces Round 994 (Div. 2)
solyamba,1631,1661,30,1468,2049,Codeforces Round 994 (Div. 2)
akane,1733,1736,3,1469,2049,Codeforces Round 994 (Div. 2)
omarsaifeldeen2000,1293,1422,129,1469,2049,Codeforces Round 994 (Div. 2)
Lolicodedao,1814,1797,-17,1469,2049,Codeforces Round 994 (Div. 2)
andreasn,1709,1718,9,1472,2049,Codeforces Round 994 (Div. 2)
raneatharva,1221,1373,152,1472,2049,Codeforces Round 994 (Div. 2)
sygi,1797,1784,-13,1472,2049,Codeforces Round 994 (Div. 2)
j.colada,1301,1427,126,1475,2049,Codeforces Round 994 (Div. 2)
FortuneWillWinICPC,1588,1629,41,1475,2049,Codeforces Round 994 (Div. 2)
ykgupta2411,1644,1671,27,1475,2049,Codeforces Round 994 (Div. 2)
happy_lazier,1922,1878,-44,1475,2049,Codeforces Round 994 (Div. 2)
nikunj1009,1520,1581,61,1475,2049,Codeforces Round 994 (Div. 2)
52525,1576,1621,45,1475,2049,Codeforces Round 994 (Div. 2)
ritik108,1764,1759,-5,1475,2049,Codeforces Round 994 (Div. 2)
Runtime_error_101,1493,1561,68,1482,2049,Codeforces Round 994 (Div. 2)
MH_Parag,1633,1662,29,1482,2049,Codeforces Round 994 (Div. 2)
SAI_PRANAY_DEEP,1495,1562,67,1482,2049,Codeforces Round 994 (Div. 2)
Bilguungerelt_0717,1654,1677,23,1482,2049,Codeforces Round 994 (Div. 2)
Aditya8676,1567,1614,47,1486,2049,Codeforces Round 994 (Div. 2)
Yulian0214,1551,1602,51,1486,2049,Codeforces Round 994 (Div. 2)
ArnavSinghal1,1779,1808,29,1486,2049,Codeforces Round 994 (Div. 2)
Voronov-Dima_444,1593,1633,40,1486,2049,Codeforces Round 994 (Div. 2)
Harshsingh_26,1639,1666,27,1486,2049,Codeforces Round 994 (Div. 2)
Crai0n,1405,1498,93,1491,2049,Codeforces Round 994 (Div. 2)
Dolphy,1058,1343,285,1491,2049,Codeforces Round 994 (Div. 2)
light161,1595,1634,39,1491,2049,Codeforces Round 994 (Div. 2)
EZohidjonov,1454,1533,79,1491,2049,Codeforces Round 994 (Div. 2)
ShanuSingroha,1721,1726,5,1491,2049,Codeforces Round 994 (Div. 2)
Yang8on,1510,1572,62,1491,2049,Codeforces Round 994 (Div. 2)
wangjianlizl,945,1261,316,1491,2049,Codeforces Round 994 (Div. 2)
herzlichkeit,1061,1268,207,1498,2049,Codeforces Round 994 (Div. 2)
ap00rva,1742,1742,0,1498,2049,Codeforces Round 994 (Div. 2)
cherepashka,1488,1556,68,1498,2049,Codeforces Round 994 (Div. 2)
Istiaque_ahmed,1358,1464,106,1498,2049,Codeforces Round 994 (Div. 2)
ventusliberum,1863,1833,-30,1498,2049,Codeforces Round 994 (Div. 2)
outwitter,1353,1461,108,1498,2049,Codeforces Round 994 (Div. 2)
kilimav,1364,1468,104,1498,2049,Codeforces Round 994 (Div. 2)
Zeenov,1338,1450,112,1498,2049,Codeforces Round 994 (Div. 2)
ibraheemkureshi,1761,1755,-6,1498,2049,Codeforces Round 994 (Div. 2)
alan-c,1851,1823,-28,1498,2049,Codeforces Round 994 (Div. 2)
hxu20220928,0,594,594,1508,2049,Codeforces Round 994 (Div. 2)
xksark,1725,1729,4,1508,2049,Codeforces Round 994 (Div. 2)
knightofshadow,1648,1671,23,1508,2049,Codeforces Round 994 (Div. 2)
Ban.kai,1694,1706,12,1508,2049,Codeforces Round 994 (Div. 2)
divyateja,1429,1514,85,1512,2049,Codeforces Round 994 (Div. 2)
sathvikreddy853,1249,1389,140,1512,2049,Codeforces Round 994 (Div. 2)
akhil,1547,1598,51,1512,2049,Codeforces Round 994 (Div. 2)
itisdevansh,1470,1543,73,1512,2049,Codeforces Round 994 (Div. 2)
SIGTERM,1964,1909,-55,1512,2049,Codeforces Round 994 (Div. 2)
ChiefNing,1551,1601,50,1517,2049,Codeforces Round 994 (Div. 2)
AvoHado-_-,1647,1671,24,1517,2049,Codeforces Round 994 (Div. 2)
mistborn2005,1547,1598,51,1517,2049,Codeforces Round 994 (Div. 2)
KushalBijarniya,1607,1641,34,1520,2049,Codeforces Round 994 (Div. 2)
MongyTrad,1666,1684,18,1520,2049,Codeforces Round 994 (Div. 2)
Lacheck,1946,1895,-51,1520,2049,Codeforces Round 994 (Div. 2)
GuillemBCohomological,1822,1801,-21,1520,2049,Codeforces Round 994 (Div. 2)
SamHH0912,0,594,594,1520,2049,Codeforces Round 994 (Div. 2)
Mr.Roamer,1853,1824,-29,1525,2049,Codeforces Round 994 (Div. 2)
TankYoung,1907,1865,-42,1525,2049,Codeforces Round 994 (Div. 2)
Seer_2210,1606,1640,34,1525,2049,Codeforces Round 994 (Div. 2)
Glitch-20,1697,1707,10,1525,2049,Codeforces Round 994 (Div. 2)
0xarmin,1770,1761,-9,1529,2049,Codeforces Round 994 (Div. 2)
bingo,1546,1596,50,1529,2049,Codeforces Round 994 (Div. 2)
Raunil,1471,1543,72,1529,2049,Codeforces Round 994 (Div. 2)
yeVegeTable,1637,1663,26,1529,2049,Codeforces Round 994 (Div. 2)
procodgok,1699,1708,9,1533,2049,Codeforces Round 994 (Div. 2)
baoziiiiii,1854,1889,35,1533,2049,Codeforces Round 994 (Div. 2)
dryeab,1638,1663,25,1533,2049,Codeforces Round 994 (Div. 2)
v1et,1776,1765,-11,1533,2049,Codeforces Round 994 (Div. 2)
Backstabber,1278,1408,130,1537,2049,Codeforces Round 994 (Div. 2)
cwz2024,1928,1881,-47,1537,2049,Codeforces Round 994 (Div. 2)
_HCl_,1191,1382,191,1537,2049,Codeforces Round 994 (Div. 2)
iceylemon157,1966,1910,-56,1537,2049,Codeforces Round 994 (Div. 2)
ke_xi,1776,1765,-11,1537,2049,Codeforces Round 994 (Div. 2)
Moatazoleq,1936,1886,-50,1542,2049,Codeforces Round 994 (Div. 2)
tcltk,1729,1730,1,1542,2049,Codeforces Round 994 (Div. 2)
nikhil_thogaru,1701,1710,9,1542,2049,Codeforces Round 994 (Div. 2)
The_Starry_Night,1318,1435,117,1545,2049,Codeforces Round 994 (Div. 2)
AlexJzG,1580,1620,40,1545,2049,Codeforces Round 994 (Div. 2)
RustyMoon,1355,1460,105,1547,2049,Codeforces Round 994 (Div. 2)
nanoknot,0,593,593,1547,2049,Codeforces Round 994 (Div. 2)
Nikita2038,1702,1710,8,1547,2049,Codeforces Round 994 (Div. 2)
DC17,1873,1838,-35,1550,2049,Codeforces Round 994 (Div. 2)
ThatOnePythonUser,1982,1921,-61,1550,2049,Codeforces Round 994 (Div. 2)
Azzpg7,1727,1728,1,1550,2049,Codeforces Round 994 (Div. 2)
hnust_pengjingyan,1733,1732,-1,1553,2049,Codeforces Round 994 (Div. 2)
xandermeander,1319,1469,150,1553,2049,Codeforces Round 994 (Div. 2)
MitakeMoca,1687,1698,11,1553,2049,Codeforces Round 994 (Div. 2)
dauka,1431,1513,82,1553,2049,Codeforces Round 994 (Div. 2)
Rasulov_Ardasher,1594,1630,36,1553,2049,Codeforces Round 994 (Div. 2)
youngbrandon007,1820,1798,-22,1558,2049,Codeforces Round 994 (Div. 2)
akliu,0,592,592,1559,2049,Codeforces Round 994 (Div. 2)
jai_bansal_007,1435,1516,81,1559,2049,Codeforces Round 994 (Div. 2)
AlenHsiao,1422,1506,84,1559,2049,Codeforces Round 994 (Div. 2)
Elephant6,1563,1607,44,1562,2049,Codeforces Round 994 (Div. 2)
kavorka,2014,1946,-68,1562,2049,Codeforces Round 994 (Div. 2)
ludo.,1701,1708,7,1562,2049,Codeforces Round 994 (Div. 2)
Binw,1585,1623,38,1565,2049,Codeforces Round 994 (Div. 2)
blue_sky114514,1385,1480,95,1565,2049,Codeforces Round 994 (Div. 2)
Lyr_ids,1517,1574,57,1565,2049,Codeforces Round 994 (Div. 2)
dangiyatharth9,1703,1710,7,1565,2049,Codeforces Round 994 (Div. 2)
nraj25,1393,1486,93,1565,2049,Codeforces Round 994 (Div. 2)
123_QWEasd,1429,1511,82,1570,2049,Codeforces Round 994 (Div. 2)
Leandro-Trossard,1560,1641,81,1570,2049,Codeforces Round 994 (Div. 2)
domovonok,1852,1821,-31,1570,2049,Codeforces Round 994 (Div. 2)
rom777,1851,1821,-30,1570,2049,Codeforces Round 994 (Div. 2)
pratyanch_jain,1551,1598,47,1574,2049,Codeforces Round 994 (Div. 2)
rainy_,1499,1560,61,1574,2049,Codeforces Round 994 (Div. 2)
lakshyasinghal006,1503,1563,60,1574,2049,Codeforces Round 994 (Div. 2)
Carered,1694,1703,9,1574,2049,Codeforces Round 994 (Div. 2)
Yousef_Ramadan,1533,1585,52,1578,2049,Codeforces Round 994 (Div. 2)
gmmaster,1284,1464,180,1578,2049,Codeforces Round 994 (Div. 2)
ChocoKhongSuy,1493,1556,63,1578,2049,Codeforces Round 994 (Div. 2)
Short_Bit,1662,1679,17,1578,2049,Codeforces Round 994 (Div. 2)
rutvik_1234,1722,1723,1,1578,2049,Codeforces Round 994 (Div. 2)
CM_quick,1678,1690,12,1578,2049,Codeforces Round 994 (Div. 2)
Himanshu2125,1489,1553,64,1584,2049,Codeforces Round 994 (Div. 2)
FinanceEngineer,1811,1790,-21,1584,2049,Codeforces Round 994 (Div. 2)
738174101867244499,1364,1464,100,1586,2049,Codeforces Round 994 (Div. 2)
asmit_kh,1087,1280,193,1586,2049,Codeforces Round 994 (Div. 2)
MadhusudanKabra,1509,1567,58,1586,2049,Codeforces Round 994 (Div. 2)
BK_sky,1314,1430,116,1586,2049,Codeforces Round 994 (Div. 2)
Kalery,1419,1502,83,1590,2049,Codeforces Round 994 (Div. 2)
_AdiYadav_,1859,1826,-33,1590,2049,Codeforces Round 994 (Div. 2)
haveOlogntime,1433,1513,80,1590,2049,Codeforces Round 994 (Div. 2)
MarcosH912,0,590,590,1590,2049,Codeforces Round 994 (Div. 2)
aash8a9,1897,1854,-43,1594,2049,Codeforces Round 994 (Div. 2)
alpha299792458,1423,1505,82,1594,2049,Codeforces Round 994 (Div. 2)
smac_fan,1869,1833,-36,1594,2049,Codeforces Round 994 (Div. 2)
dougalves,1675,1688,13,1594,2049,Codeforces Round 994 (Div. 2)
yse,1647,1667,20,1594,2049,Codeforces Round 994 (Div. 2)
dreambeta,1097,1337,240,1594,2049,Codeforces Round 994 (Div. 2)
tawkir,1428,1509,81,1600,2049,Codeforces Round 994 (Div. 2)
kimmoqt,2097,2009,-88,1600,2049,Codeforces Round 994 (Div. 2)
z1qqurbt,1994,1929,-65,1600,2049,Codeforces Round 994 (Div. 2)
nice333,1516,1571,55,1600,2049,Codeforces Round 994 (Div. 2)
dvb1r,1610,1640,30,1600,2049,Codeforces Round 994 (Div. 2)
lucasomee006,1679,1690,11,1605,2049,Codeforces Round 994 (Div. 2)
liujingwen,1385,1478,93,1605,2049,Codeforces Round 994 (Div. 2)
ngu_dot,1300,1482,182,1605,2049,Codeforces Round 994 (Div. 2)
omennn,1550,1596,46,1605,2049,Codeforces Round 994 (Div. 2)
kenkenkenken,1510,1567,57,1605,2049,Codeforces Round 994 (Div. 2)
AChievedreaM,1424,1505,81,1610,2049,Codeforces Round 994 (Div. 2)
Too_Weak_To_Anything,1884,1844,-40,1610,2049,Codeforces Round 994 (Div. 2)
Kuldeepak,848,1187,339,1610,2049,Codeforces Round 994 (Div. 2)
Bebo,1526,1578,52,1610,2049,Codeforces Round 994 (Div. 2)
heyyyankit,1525,1577,52,1610,2049,Codeforces Round 994 (Div. 2)
San_jida,1480,1545,65,1615,2049,Codeforces Round 994 (Div. 2)
luv29,1639,1661,22,1615,2049,Codeforces Round 994 (Div. 2)
178094221___jxaynz,1465,1534,69,1617,2049,Codeforces Round 994 (Div. 2)
Norfor,1266,1395,129,1617,2049,Codeforces Round 994 (Div. 2)
Orphan,1445,1520,75,1617,2049,Codeforces Round 994 (Div. 2)
hihihaha,2044,1967,-77,1617,2049,Codeforces Round 994 (Div. 2)
tanishq2,1860,1825,-35,1617,2049,Codeforces Round 994 (Div. 2)
zog34bro,1523,1575,52,1617,2049,Codeforces Round 994 (Div. 2)
_Youssef_X,928,1181,253,1617,2049,Codeforces Round 994 (Div. 2)
StrongestMetricSpace,0,588,588,1624,2049,Codeforces Round 994 (Div. 2)
cr1515,1858,1824,-34,1624,2049,Codeforces Round 994 (Div. 2)
FBI,1890,1848,-42,1624,2049,Codeforces Round 994 (Div. 2)
Ayanokoji7,1688,1695,7,1624,2049,Codeforces Round 994 (Div. 2)
he_rock18,1578,1615,37,1624,2049,Codeforces Round 994 (Div. 2)
TheSensei,1683,1692,9,1624,2049,Codeforces Round 994 (Div. 2)
Aryan_Jaiswal28,1496,1556,60,1624,2049,Codeforces Round 994 (Div. 2)
I_will_AKIOI,1727,1724,-3,1624,2049,Codeforces Round 994 (Div. 2)
code__ccc,1828,1801,-27,1632,2049,Codeforces Round 994 (Div. 2)
Sunumbrella,1260,1391,131,1632,2049,Codeforces Round 994 (Div. 2)
zhuo__,1693,1699,6,1632,2049,Codeforces Round 994 (Div. 2)
ace01,1817,1792,-25,1632,2049,Codeforces Round 994 (Div. 2)
timg8710,2020,1947,-73,1632,2049,Codeforces Round 994 (Div. 2)
yashsinha129,1373,1468,95,1637,2049,Codeforces Round 994 (Div. 2)
NeeeraJ,1831,1802,-29,1637,2049,Codeforces Round 994 (Div. 2)
Quantum_Quasar,1648,1665,17,1637,2049,Codeforces Round 994 (Div. 2)
Deep_1026,1614,1641,27,1637,2049,Codeforces Round 994 (Div. 2)
thelzz,1492,1552,60,1637,2049,Codeforces Round 994 (Div. 2)
snap,1195,1347,152,1637,2049,Codeforces Round 994 (Div. 2)
jdyt11,1649,1666,17,1637,2049,Codeforces Round 994 (Div. 2)
_XU_,1777,1762,-15,1637,2049,Codeforces Round 994 (Div. 2)
k230590,1366,1463,97,1637,2049,Codeforces Round 994 (Div. 2)
fonikos01,1590,1623,33,1637,2049,Codeforces Round 994 (Div. 2)
1DG,1700,1704,4,1637,2049,Codeforces Round 994 (Div. 2)
tamtu_comder,1263,1446,183,1648,2049,Codeforces Round 994 (Div. 2)
Christine-,1646,1664,18,1648,2049,Codeforces Round 994 (Div. 2)
_Two_Face,1415,1555,140,1648,2049,Codeforces Round 994 (Div. 2)
LightHouse1,1374,1468,94,1648,2049,Codeforces Round 994 (Div. 2)
DiegoStocco,1511,1565,54,1652,2049,Codeforces Round 994 (Div. 2)
Andimeo,1595,1626,31,1652,2049,Codeforces Round 994 (Div. 2)
vishaaaal,1978,1914,-64,1652,2049,Codeforces Round 994 (Div. 2)
Ash_0702,1404,1489,85,1655,2049,Codeforces Round 994 (Div. 2)
bhishma_v2,1426,1504,78,1655,2049,Codeforces Round 994 (Div. 2)
Matistjati,1698,1702,4,1655,2049,Codeforces Round 994 (Div. 2)
lavishsingal12,1291,1465,174,1655,2049,Codeforces Round 994 (Div. 2)
James_bond_067,1403,1488,85,1659,2049,Codeforces Round 994 (Div. 2)
ineyok,1570,1608,38,1659,2049,Codeforces Round 994 (Div. 2)
northsideganster,1939,1884,-55,1659,2049,Codeforces Round 994 (Div. 2)
harel,1633,1654,21,1659,2049,Codeforces Round 994 (Div. 2)
Neketman,1710,1710,0,1663,2049,Codeforces Round 994 (Div. 2)
BoltzZ,1728,1724,-4,1663,2049,Codeforces Round 994 (Div. 2)
vaibhavyadavv32,1217,1360,143,1663,2049,Codeforces Round 994 (Div. 2)
jacketkkidJR,1717,1716,-1,1663,2049,Codeforces Round 994 (Div. 2)
psr_1,1499,1556,57,1663,2049,Codeforces Round 994 (Div. 2)
ElementSnow,1084,1273,189,1663,2049,Codeforces Round 994 (Div. 2)
ysahu,1870,1831,-39,1663,2049,Codeforces Round 994 (Div. 2)
prerak26,1399,1485,86,1663,2049,Codeforces Round 994 (Div. 2)
Pili_02,1405,1489,84,1671,2049,Codeforces Round 994 (Div. 2)
Tanzim639,1466,1532,66,1671,2049,Codeforces Round 994 (Div. 2)
kasanaruomoi,1619,1643,24,1671,2049,Codeforces Round 994 (Div. 2)
xing4c,1683,1690,7,1671,2049,Codeforces Round 994 (Div. 2)
cpgawd,1486,1546,60,1671,2049,Codeforces Round 994 (Div. 2)
Mr.Backender,1463,1530,67,1671,2049,Codeforces Round 994 (Div. 2)
aococacao,979,1251,272,1677,2049,Codeforces Round 994 (Div. 2)
LeHuynhDuc,1677,1685,8,1677,2049,Codeforces Round 994 (Div. 2)
_bardia_,1688,1693,5,1677,2049,Codeforces Round 994 (Div. 2)
AlMuhitMuhtadi,1675,1684,9,1677,2049,Codeforces Round 994 (Div. 2)
want_something,1539,1584,45,1677,2049,Codeforces Round 994 (Div. 2)
putis,1766,1751,-15,1682,2049,Codeforces Round 994 (Div. 2)
bankientapcode,1676,1684,8,1682,2049,Codeforces Round 994 (Div. 2)
Nanaanaaa,1553,1595,42,1682,2049,Codeforces Round 994 (Div. 2)
tetrahydropyranyl,1364,1459,95,1682,2049,Codeforces Round 994 (Div. 2)
Shahriar_88,1356,1454,98,1686,2049,Codeforces Round 994 (Div. 2)
anil_1,1560,1599,39,1686,2049,Codeforces Round 994 (Div. 2)
abhinab_roy,1247,1379,132,1686,2049,Codeforces Round 994 (Div. 2)
Swan416,1582,1615,33,1686,2049,Codeforces Round 994 (Div. 2)
xtung,1544,1587,43,1686,2049,Codeforces Round 994 (Div. 2)
gaofeng,1790,1770,-20,1686,2049,Codeforces Round 994 (Div. 2)
JOO.,1565,1603,38,1692,2049,Codeforces Round 994 (Div. 2)
Vanshika_288,1433,1508,75,1692,2049,Codeforces Round 994 (Div. 2)
ardeelia,1255,1418,163,1694,2049,Codeforces Round 994 (Div. 2)
sidd160,1490,1548,58,1694,2049,Codeforces Round 994 (Div. 2)
arsh298,1634,1653,19,1694,2049,Codeforces Round 994 (Div. 2)
I_LOVE_vinnipuh01,1589,1620,31,1694,2049,Codeforces Round 994 (Div. 2)
thedot92,904,1203,299,1698,2049,Codeforces Round 994 (Div. 2)
ClosetNarcissist,1615,1638,23,1698,2049,Codeforces Round 994 (Div. 2)
averageAlgoEnjoyer,1367,1461,94,1698,2049,Codeforces Round 994 (Div. 2)
Festyve,1458,1525,67,1698,2049,Codeforces Round 994 (Div. 2)
TheFallenShallRise,505,937,432,1698,2049,Codeforces Round 994 (Div. 2)
devanshhhhhh,1702,1703,1,1703,2049,Codeforces Round 994 (Div. 2)
deniskorolev62870,471,913,442,1703,2049,Codeforces Round 994 (Div. 2)
DIMSE,1489,1547,58,1703,2049,Codeforces Round 994 (Div. 2)
KolunG,1926,1873,-53,1703,2049,Codeforces Round 994 (Div. 2)
blanklol9999,1638,1655,17,1707,2049,Codeforces Round 994 (Div. 2)
neal27,1590,1619,29,1707,2049,Codeforces Round 994 (Div. 2)
Shahod,1428,1503,75,1707,2049,Codeforces Round 994 (Div. 2)
aayudumb,1376,1467,91,1707,2049,Codeforces Round 994 (Div. 2)
amumu123,1145,1310,165,1707,2049,Codeforces Round 994 (Div. 2)
AdarshX,1834,1802,-32,1707,2049,Codeforces Round 994 (Div. 2)
Tejas0601,1508,1596,88,1707,2049,Codeforces Round 994 (Div. 2)
dsfz202004,1280,1462,182,1707,2049,Codeforces Round 994 (Div. 2)
Minatooo0,1364,1493,129,1707,2049,Codeforces Round 994 (Div. 2)
hnust_yzmo,507,938,431,1707,2049,Codeforces Round 994 (Div. 2)
Dedibeat,1806,1781,-25,1707,2049,Codeforces Round 994 (Div. 2)
knatwila,1727,1721,-6,1707,2049,Codeforces Round 994 (Div. 2)
Dilute_Particles,1432,1541,109,1719,2049,Codeforces Round 994 (Div. 2)
Overlord993,1652,1665,13,1719,2049,Codeforces Round 994 (Div. 2)
susanzhishen,1775,1757,-18,1721,2049,Codeforces Round 994 (Div. 2)
TheTechieGuy,1477,1538,61,1721,2049,Codeforces Round 994 (Div. 2)
xxx.ego,1768,1751,-17,1721,2049,Codeforces Round 994 (Div. 2)
jeremyjy,1501,1555,54,1724,2049,Codeforces Round 994 (Div. 2)
koder100,1515,1565,50,1724,2049,Codeforces Round 994 (Div. 2)
OxyaneOH2,1012,1270,258,1726,2049,Codeforces Round 994 (Div. 2)
lrXac,1554,1593,39,1726,2049,Codeforces Round 994 (Div. 2)
FusionFunc,1959,1897,-62,1726,2049,Codeforces Round 994 (Div. 2)
mahmoudMC,1551,1591,40,1726,2049,Codeforces Round 994 (Div. 2)
Patta_gobhi_,1888,1842,-46,1726,2049,Codeforces Round 994 (Div. 2)
7_divided_by_3,1649,1662,13,1726,2049,Codeforces Round 994 (Div. 2)
TsotneSV,1580,1612,32,1726,2049,Codeforces Round 994 (Div. 2)
Kineeeee,1655,1666,11,1733,2049,Codeforces Round 994 (Div. 2)
The_challenger,1617,1638,21,1733,2049,Codeforces Round 994 (Div. 2)
koyoluk,1751,1738,-13,1733,2049,Codeforces Round 994 (Div. 2)
RaquelFolz,1685,1688,3,1736,2049,Codeforces Round 994 (Div. 2)
Karthik_Kotikalapudi,1590,1619,29,1736,2049,Codeforces Round 994 (Div. 2)
thewoahguy24,1393,1477,84,1736,2049,Codeforces Round 994 (Div. 2)
YashJainyj,1442,1512,70,1736,2049,Codeforces Round 994 (Div. 2)
Leshrac,1253,1380,127,1740,2049,Codeforces Round 994 (Div. 2)
wejih,1427,1501,74,1740,2049,Codeforces Round 994 (Div. 2)
ravi_sumit33,1485,1542,57,1740,2049,Codeforces Round 994 (Div. 2)
SaltyDonut,1452,1519,67,1743,2049,Codeforces Round 994 (Div. 2)
twoo.zyy,1541,1583,42,1743,2049,Codeforces Round 994 (Div. 2)
rohitjazz199955,1594,1621,27,1743,2049,Codeforces Round 994 (Div. 2)
MaxKon,1498,1552,54,1743,2049,Codeforces Round 994 (Div. 2)
Mehul_zzz,1652,1664,12,1743,2049,Codeforces Round 994 (Div. 2)
rahul4005,1747,1734,-13,1748,2049,Codeforces Round 994 (Div. 2)
TMSniper,1615,1637,22,1748,2049,Codeforces Round 994 (Div. 2)
Glauco,1656,1666,10,1748,2049,Codeforces Round 994 (Div. 2)
RD_TheCoder,1673,1680,7,1748,2049,Codeforces Round 994 (Div. 2)
vmdokdc,1545,1585,40,1748,2049,Codeforces Round 994 (Div. 2)
AkankshaPandit,384,851,467,1753,2049,Codeforces Round 994 (Div. 2)
lequydon,1569,1603,34,1753,2049,Codeforces Round 994 (Div. 2)
fzs7,1065,1307,242,1753,2049,Codeforces Round 994 (Div. 2)
Dhruv-Singh-Negi,1420,1495,75,1753,2049,Codeforces Round 994 (Div. 2)
qaruti,1622,1641,19,1753,2049,Codeforces Round 994 (Div. 2)
Hmzaawy,1619,1639,20,1753,2049,Codeforces Round 994 (Div. 2)
luca200799k,1319,1459,140,1759,2049,Codeforces Round 994 (Div. 2)
Just_chill_,1533,1576,43,1759,2049,Codeforces Round 994 (Div. 2)
husain8570,1350,1446,96,1759,2049,Codeforces Round 994 (Div. 2)
PlayDate,1631,1648,17,1762,2049,Codeforces Round 994 (Div. 2)
EboTheGreat,1312,1419,107,1762,2049,Codeforces Round 994 (Div. 2)
H1manshuSingh,960,1234,274,1762,2049,Codeforces Round 994 (Div. 2)
BFxue,1461,1524,63,1762,2049,Codeforces Round 994 (Div. 2)
iCanSeeForever,1765,1748,-17,1766,2049,Codeforces Round 994 (Div. 2)
GEM_Dengshiying,1425,1499,74,1766,2049,Codeforces Round 994 (Div. 2)
_infinite_,1886,1839,-47,1766,2049,Codeforces Round 994 (Div. 2)
7rikster,1372,1461,89,1766,2049,Codeforces Round 994 (Div. 2)
rmmukhesh,1427,1500,73,1766,2049,Codeforces Round 994 (Div. 2)
Super_D_Man,1636,1651,15,1766,2049,Codeforces Round 994 (Div. 2)
Kcits970,1550,1588,38,1772,2049,Codeforces Round 994 (Div. 2)
Syanvu1,1350,1445,95,1772,2049,Codeforces Round 994 (Div. 2)
Hayan,1474,1533,59,1772,2049,Codeforces Round 994 (Div. 2)
eboy,1853,1814,-39,1775,2049,Codeforces Round 994 (Div. 2)
Jteh,1506,1556,50,1775,2049,Codeforces Round 994 (Div. 2)
gabrielepure1109,1353,1447,94,1775,2049,Codeforces Round 994 (Div. 2)
Max33Verstappen,1755,1739,-16,1775,2049,Codeforces Round 994 (Div. 2)
awesomemaths,1689,1690,1,1775,2049,Codeforces Round 994 (Div. 2)
AyushK22,1576,1607,31,1775,2049,Codeforces Round 994 (Div. 2)
YoussefMorad1,1490,1544,54,1775,2049,Codeforces Round 994 (Div. 2)
Xier,1677,1681,4,1775,2049,Codeforces Round 994 (Div. 2)
re404d,1894,1845,-49,1783,2049,Codeforces Round 994 (Div. 2)
TRfirst,1400,1480,80,1783,2049,Codeforces Round 994 (Div. 2)
Newtech66,1766,1748,-18,1783,2049,Codeforces Round 994 (Div. 2)
khos,1575,1606,31,1783,2049,Codeforces Round 994 (Div. 2)
BoatLife,0,581,581,1783,2049,Codeforces Round 994 (Div. 2)
noari,1206,1347,141,1783,2049,Codeforces Round 994 (Div. 2)
suyasho786,1589,1616,27,1783,2049,Codeforces Round 994 (Div. 2)
Fookin_Blinders,1575,1605,30,1790,2049,Codeforces Round 994 (Div. 2)
Yasho_ham,1638,1652,14,1790,2049,Codeforces Round 994 (Div. 2)
volochai,1864,1822,-42,1790,2049,Codeforces Round 994 (Div. 2)
Aetherius,1239,1422,183,1790,2049,Codeforces Round 994 (Div. 2)
_Puzzles,1712,1707,-5,1790,2049,Codeforces Round 994 (Div. 2)
Anonymous__User,572,980,408,1795,2049,Codeforces Round 994 (Div. 2)
Champion,1430,1500,70,1795,2049,Codeforces Round 994 (Div. 2)
udaycodeforcess,980,1203,223,1795,2049,Codeforces Round 994 (Div. 2)
Andrei_Calota,1577,1607,30,1795,2049,Codeforces Round 994 (Div. 2)
Preetham98,1278,1394,116,1795,2049,Codeforces Round 994 (Div. 2)
itz_km07,1434,1503,69,1795,2049,Codeforces Round 994 (Div. 2)
rushinshah_,1644,1656,12,1795,2049,Codeforces Round 994 (Div. 2)
timeflew,992,1254,262,1802,2049,Codeforces Round 994 (Div. 2)
DivijJ,1158,1314,156,1802,2049,Codeforces Round 994 (Div. 2)
Hirro,1764,1745,-19,1802,2049,Codeforces Round 994 (Div. 2)
ink65536,827,1163,336,1802,2049,Codeforces Round 994 (Div. 2)
rmnv,1530,1572,42,1806,2049,Codeforces Round 994 (Div. 2)
prnv10,1406,1483,77,1806,2049,Codeforces Round 994 (Div. 2)
Salah_G,1269,1388,119,1806,2049,Codeforces Round 994 (Div. 2)
John316,1701,1698,-3,1806,2049,Codeforces Round 994 (Div. 2)
Blackwater,1597,1621,24,1806,2049,Codeforces Round 994 (Div. 2)
gabriel,1682,1683,1,1806,2049,Codeforces Round 994 (Div. 2)
arlplay,1205,1397,192,1806,2049,Codeforces Round 994 (Div. 2)
ZauntExe,1459,1521,62,1806,2049,Codeforces Round 994 (Div. 2)
Lolboyyyy,1977,1907,-70,1814,2049,Codeforces Round 994 (Div. 2)
Hushpuppy,1663,1669,6,1814,2049,Codeforces Round 994 (Div. 2)
EmmaWasson,1561,1594,33,1814,2049,Codeforces Round 994 (Div. 2)
Warrior_G,1719,1711,-8,1817,2049,Codeforces Round 994 (Div. 2)
Yafumo_Ran,1441,1507,66,1817,2049,Codeforces Round 994 (Div. 2)
XFang233,988,1250,262,1817,2049,Codeforces Round 994 (Div. 2)
TheGoodest,1627,1642,15,1817,2049,Codeforces Round 994 (Div. 2)
jatint_05,1338,1435,97,1821,2049,Codeforces Round 994 (Div. 2)
swamsingla,1473,1531,58,1821,2049,Codeforces Round 994 (Div. 2)
Shady_Mo,1564,1596,32,1823,2049,Codeforces Round 994 (Div. 2)
Cannonbolt2704,1606,1627,21,1823,2049,Codeforces Round 994 (Div. 2)
mrandal,1748,1732,-16,1825,2049,Codeforces Round 994 (Div. 2)
vedic86,1569,1600,31,1825,2049,Codeforces Round 994 (Div. 2)
liulj,1401,1478,77,1825,2049,Codeforces Round 994 (Div. 2)
Karpov_Arsenii,1418,1491,73,1828,2049,Codeforces Round 994 (Div. 2)
YeSXX...,1271,1423,152,1829,2049,Codeforces Round 994 (Div. 2)
Papaz239,2039,1955,-84,1829,2049,Codeforces Round 994 (Div. 2)
msvardhan19,1528,1570,42,1829,2049,Codeforces Round 994 (Div. 2)
Darsh_Jain,1769,1748,-21,1829,2049,Codeforces Round 994 (Div. 2)
yaya,1991,1917,-74,1833,2049,Codeforces Round 994 (Div. 2)
tranlehieu,1618,1635,17,1833,2049,Codeforces Round 994 (Div. 2)
code_n_chill,1431,1499,68,1833,2049,Codeforces Round 994 (Div. 2)
CuteRay,1512,1558,46,1833,2049,Codeforces Round 994 (Div. 2)
masood_,1842,1803,-39,1833,2049,Codeforces Round 994 (Div. 2)
KohibariKurumi,1469,1527,58,1833,2049,Codeforces Round 994 (Div. 2)
Gin-Chan,1604,1625,21,1833,2049,Codeforces Round 994 (Div. 2)
hahahaaa,1366,1453,87,1833,2049,Codeforces Round 994 (Div. 2)
nr_p,1423,1493,70,1841,2049,Codeforces Round 994 (Div. 2)
awez_mehtab,1089,1300,211,1841,2049,Codeforces Round 994 (Div. 2)
ruchikxxii,1324,1424,100,1841,2049,Codeforces Round 994 (Div. 2)
zzz13579zzz,652,1037,385,1841,2049,Codeforces Round 994 (Div. 2)
swater01,1577,1605,28,1841,2049,Codeforces Round 994 (Div. 2)
Zonorox,1312,1416,104,1841,2049,Codeforces Round 994 (Div. 2)
Kacchi,1485,1537,52,1841,2049,Codeforces Round 994 (Div. 2)
abc917372,1585,1610,25,1841,2049,Codeforces Round 994 (Div. 2)
amaruu,1703,1697,-6,1849,2049,Codeforces Round 994 (Div. 2)
Zarif_Mustafa,1633,1645,12,1849,2049,Codeforces Round 994 (Div. 2)
Aditya1706,1279,1393,114,1849,2049,Codeforces Round 994 (Div. 2)
Noobelectro444,2000,1924,-76,1849,2049,Codeforces Round 994 (Div. 2)
Abhyudaya_7,998,1283,285,1849,2049,Codeforces Round 994 (Div. 2)
Youssef_H,1325,1424,99,1849,2049,Codeforces Round 994 (Div. 2)
Coki628,1566,1596,30,1855,2049,Codeforces Round 994 (Div. 2)
jreddy4499,1721,1711,-10,1855,2049,Codeforces Round 994 (Div. 2)
Curlwiz,1447,1510,63,1855,2049,Codeforces Round 994 (Div. 2)
Mokilasita,1447,1510,63,1855,2049,Codeforces Round 994 (Div. 2)
CH_Lam,1650,1658,8,1855,2049,Codeforces Round 994 (Div. 2)
jiayan2005,1430,1498,68,1855,2049,Codeforces Round 994 (Div. 2)
xiahou,1470,1526,56,1855,2049,Codeforces Round 994 (Div. 2)
Abito,1855,1812,-43,1862,2049,Codeforces Round 994 (Div. 2)
abhi-bnsl,2019,1939,-80,1862,2049,Codeforces Round 994 (Div. 2)
Pika,1503,1550,47,1862,2049,Codeforces Round 994 (Div. 2)
JG_0212,1431,1498,67,1865,2049,Codeforces Round 994 (Div. 2)
THE_._Prag,1555,1588,33,1865,2049,Codeforces Round 994 (Div. 2)
zhangzirui66,1279,1392,113,1865,2049,Codeforces Round 994 (Div. 2)
lkt,1439,1504,65,1865,2049,Codeforces Round 994 (Div. 2)
Evil_Morty_,1417,1488,71,1865,2049,Codeforces Round 994 (Div. 2)
red_before_2025,1590,1613,23,1870,2049,Codeforces Round 994 (Div. 2)
anshu.mehta,1489,1539,50,1870,2049,Codeforces Round 994 (Div. 2)
MD.Abdullah,1629,1642,13,1870,2049,Codeforces Round 994 (Div. 2)
Nyaoha,1368,1510,142,1870,2049,Codeforces Round 994 (Div. 2)
Ruthless-.-,1440,1504,64,1870,2049,Codeforces Round 994 (Div. 2)
Kenpar,1502,1549,47,1870,2049,Codeforces Round 994 (Div. 2)
Burning,1704,1697,-7,1870,2049,Codeforces Round 994 (Div. 2)
Senku,1593,1615,22,1877,2049,Codeforces Round 994 (Div. 2)
dt1ft,1522,1563,41,1877,2049,Codeforces Round 994 (Div. 2)
NamanKr,1770,1747,-23,1877,2049,Codeforces Round 994 (Div. 2)
MMMAAANNNIII,768,1076,308,1877,2049,Codeforces Round 994 (Div. 2)
alyalnmr,1512,1555,43,1881,2049,Codeforces Round 994 (Div. 2)
pvtr,1920,1861,-59,1881,2049,Codeforces Round 994 (Div. 2)
md_ashraful_islam,1262,1380,118,1881,2049,Codeforces Round 994 (Div. 2)
shree_swami_samarth,1388,1467,79,1884,2049,Codeforces Round 994 (Div. 2)
MongoAbe,1747,1767,20,1884,2049,Codeforces Round 994 (Div. 2)
5imp,1332,1427,95,1886,2049,Codeforces Round 994 (Div. 2)
pe4enka_play,1652,1658,6,1886,2049,Codeforces Round 994 (Div. 2)
guptaparth1911,1545,1579,34,1886,2049,Codeforces Round 994 (Div. 2)
rumike,1628,1641,13,1886,2049,Codeforces Round 994 (Div. 2)
songzhihan2010,1366,1451,85,1886,2049,Codeforces Round 994 (Div. 2)
Avlark,1368,1452,84,1891,2049,Codeforces Round 994 (Div. 2)
DavidC.,1667,1669,2,1891,2049,Codeforces Round 994 (Div. 2)
shaurya.17,0,576,576,1891,2049,Codeforces Round 994 (Div. 2)
limabeans,1922,1862,-60,1891,2049,Codeforces Round 994 (Div. 2)
ayush07agrawal,1409,1482,73,1891,2049,Codeforces Round 994 (Div. 2)
RaduM,1841,1800,-41,1891,2049,Codeforces Round 994 (Div. 2)
WickedWango,1436,1500,64,1891,2049,Codeforces Round 994 (Div. 2)
SadraMzf,1664,1667,3,1898,2049,Codeforces Round 994 (Div. 2)
arshad_shahzeb,1754,1735,-19,1898,2049,Codeforces Round 994 (Div. 2)
Togi,1413,1484,71,1898,2049,Codeforces Round 994 (Div. 2)
meetkatharotiya,1632,1643,11,1901,2049,Codeforces Round 994 (Div. 2)
ahanf,1568,1596,28,1901,2049,Codeforces Round 994 (Div. 2)
Ilya_D_14,1540,1575,35,1901,2049,Codeforces Round 994 (Div. 2)
Blastoise42,1676,1675,-1,1901,2049,Codeforces Round 994 (Div. 2)
sudhanshunain21,1414,1484,70,1905,2049,Codeforces Round 994 (Div. 2)
Future_Hustler,1585,1608,23,1905,2049,Codeforces Round 994 (Div. 2)
rishabh_sri17,1347,1437,90,1905,2049,Codeforces Round 994 (Div. 2)
Lan_Fa,1512,1555,43,1905,2049,Codeforces Round 994 (Div. 2)
amr_abdelazim,1747,1729,-18,1905,2049,Codeforces Round 994 (Div. 2)
iLoveOru,1615,1630,15,1905,2049,Codeforces Round 994 (Div. 2)
AyuAnchor,1904,1848,-56,1905,2049,Codeforces Round 994 (Div. 2)
jununu0811,1918,1858,-60,1905,2049,Codeforces Round 994 (Div. 2)
hbhz_zcy,1594,1614,20,1913,2049,Codeforces Round 994 (Div. 2)
samuel_beovides,1658,1661,3,1913,2049,Codeforces Round 994 (Div. 2)
brawler45,1527,1565,38,1913,2049,Codeforces Round 994 (Div. 2)
Adityaxv,1222,1351,129,1913,2049,Codeforces Round 994 (Div. 2)
TomerG,1554,1621,67,1917,2049,Codeforces Round 994 (Div. 2)
DavidGeo,1664,1666,2,1917,2049,Codeforces Round 994 (Div. 2)
SAYEM_19,1473,1526,53,1919,2049,Codeforces Round 994 (Div. 2)
OrangeAscent,1681,1678,-3,1919,2049,Codeforces Round 994 (Div. 2)
qwe1rt1yuiop1,2033,1947,-86,1919,2049,Codeforces Round 994 (Div. 2)
Gaswerd,0,575,575,1919,2049,Codeforces Round 994 (Div. 2)
animeshm,1601,1619,18,1919,2049,Codeforces Round 994 (Div. 2)
kamranm,1565,1592,27,1919,2049,Codeforces Round 994 (Div. 2)
XNG.Shuo,855,1177,322,1919,2049,Codeforces Round 994 (Div. 2)
YouZ,1312,1412,100,1919,2049,Codeforces Round 994 (Div. 2)
siv,1475,1527,52,1919,2049,Codeforces Round 994 (Div. 2)
glueder,1442,1503,61,1928,2049,Codeforces Round 994 (Div. 2)
rahulb2809,1698,1691,-7,1928,2049,Codeforces Round 994 (Div. 2)
friedel,2008,1927,-81,1928,2049,Codeforces Round 994 (Div. 2)
TheRealLeviAckerman,1521,1560,39,1928,2049,Codeforces Round 994 (Div. 2)
wbsbot,1453,1511,58,1928,2049,Codeforces Round 994 (Div. 2)
heaven2808h,1924,1862,-62,1933,2049,Codeforces Round 994 (Div. 2)
limage,1685,1681,-4,1933,2049,Codeforces Round 994 (Div. 2)
VTifand,2081,1984,-97,1933,2049,Codeforces Round 994 (Div. 2)
Valhalla_RL,1449,1508,59,1933,2049,Codeforces Round 994 (Div. 2)
gouravts,1455,1512,57,1933,2049,Codeforces Round 994 (Div. 2)
Adhoom_El3almy,1451,1509,58,1933,2049,Codeforces Round 994 (Div. 2)
lcf12345,1757,1735,-22,1933,2049,Codeforces Round 994 (Div. 2)
DeterminedSage,1535,1570,35,1933,2049,Codeforces Round 994 (Div. 2)
zeyuanliu,1438,1500,62,1933,2049,Codeforces Round 994 (Div. 2)
Comars,1430,1495,65,1933,2049,Codeforces Round 994 (Div. 2)
ChaomengOrion,1585,1606,21,1943,2049,Codeforces Round 994 (Div. 2)
_Equinox,1564,1591,27,1943,2049,Codeforces Round 994 (Div. 2)
Yyb_04,1095,1267,172,1943,2049,Codeforces Round 994 (Div. 2)
zzzth,1174,1318,144,1943,2049,Codeforces Round 994 (Div. 2)
anosh21,1227,1353,126,1947,2049,Codeforces Round 994 (Div. 2)
vedang_kore,1370,1451,81,1947,2049,Codeforces Round 994 (Div. 2)
_AhSaN_,1460,1515,55,1947,2049,Codeforces Round 994 (Div. 2)
TheProgrammerGuy,1098,1268,170,1947,2049,Codeforces Round 994 (Div. 2)
TheCodeNinja,1323,1453,130,1947,2049,Codeforces Round 994 (Div. 2)
automaton24,1450,1508,58,1952,2049,Codeforces Round 994 (Div. 2)
ClearColdWater,1669,1705,36,1952,2049,Codeforces Round 994 (Div. 2)
vishalrathod16,1310,1409,99,1952,2049,Codeforces Round 994 (Div. 2)
heavenly_principles,1652,1655,3,1952,2049,Codeforces Round 994 (Div. 2)
The_Elephant,1511,1552,41,1956,2049,Codeforces Round 994 (Div. 2)
JiangShenLi,1533,1568,35,1956,2049,Codeforces Round 994 (Div. 2)
Zed1Yasoo,1023,1268,245,1956,2049,Codeforces Round 994 (Div. 2)
SaiAnoop,1755,1733,-22,1956,2049,Codeforces Round 994 (Div. 2)
sodriet,1563,1590,27,1960,2049,Codeforces Round 994 (Div. 2)
hrueschwein,1300,1402,102,1960,2049,Codeforces Round 994 (Div. 2)
HardikChoudhary,1459,1514,55,1960,2049,Codeforces Round 994 (Div. 2)
wasim_394,1478,1527,49,1963,2049,Codeforces Round 994 (Div. 2)
bhagwandai,1438,1499,61,1963,2049,Codeforces Round 994 (Div. 2)
etian6795,1982,1906,-76,1963,2049,Codeforces Round 994 (Div. 2)
thabumi,2095,1994,-101,1963,2049,Codeforces Round 994 (Div. 2)
Muhammad-Saram,2086,1987,-99,1963,2049,Codeforces Round 994 (Div. 2)
hitinbajaj,1608,1622,14,1963,2049,Codeforces Round 994 (Div. 2)
MaBarsi,1767,1741,-26,1963,2049,Codeforces Round 994 (Div. 2)
specterlitt,1577,1599,22,1963,2049,Codeforces Round 994 (Div. 2)
abiramee,1568,1593,25,1963,2049,Codeforces Round 994 (Div. 2)
QXTXY,1554,1583,29,1963,2049,Codeforces Round 994 (Div. 2)
Suplex,1467,1519,52,1963,2049,Codeforces Round 994 (Div. 2)
FlutterShy.,1613,1626,13,1974,2049,Codeforces Round 994 (Div. 2)
SamuelTull,1626,1635,9,1974,2049,Codeforces Round 994 (Div. 2)
Aviansh,1814,1777,-37,1976,2049,Codeforces Round 994 (Div. 2)
Pranshu_kedia,1509,1550,41,1976,2049,Codeforces Round 994 (Div. 2)
wust_66,1544,1575,31,1976,2049,Codeforces Round 994 (Div. 2)
hitanshu0729,1479,1528,49,1979,2049,Codeforces Round 994 (Div. 2)
ougapr17,489,913,424,1979,2049,Codeforces Round 994 (Div. 2)
DoubleSegFault,1351,1437,86,1979,2049,Codeforces Round 994 (Div. 2)
KiaRash24,1374,1453,79,1979,2049,Codeforces Round 994 (Div. 2)
etherinmatic,1845,1800,-45,1979,2049,Codeforces Round 994 (Div. 2)
ayush_295,1197,1331,134,1984,2049,Codeforces Round 994 (Div. 2)
Kyon,1769,1742,-27,1984,2049,Codeforces Round 994 (Div. 2)
sksshivam007,1669,1667,-2,1984,2049,Codeforces Round 994 (Div. 2)
Aryan2311,1480,1528,48,1987,2049,Codeforces Round 994 (Div. 2)
prashantdhaka,579,977,398,1987,2049,Codeforces Round 994 (Div. 2)
Juaquin_Remon,1454,1509,55,1987,2049,Codeforces Round 994 (Div. 2)
_abhishek_55_,1406,1475,69,1990,2049,Codeforces Round 994 (Div. 2)
Elsa3dy74__,1155,1360,205,1990,2049,Codeforces Round 994 (Div. 2)
Daredevil_42,1514,1553,39,1990,2049,Codeforces Round 994 (Div. 2)
samarth__717,1336,1425,89,1990,2049,Codeforces Round 994 (Div. 2)
Sudip809,1516,1554,38,1994,2049,Codeforces Round 994 (Div. 2)
jimmy_2021,1487,1533,46,1994,2049,Codeforces Round 994 (Div. 2)
Terror_404,1775,1746,-29,1994,2049,Codeforces Round 994 (Div. 2)
LordPranjay,1398,1469,71,1994,2049,Codeforces Round 994 (Div. 2)
WilliamFung,1546,1576,30,1994,2049,Codeforces Round 994 (Div. 2)
Hastorius,1427,1490,63,1994,2049,Codeforces Round 994 (Div. 2)
JobairHasib,1401,1471,70,1994,2049,Codeforces Round 994 (Div. 2)
DallashSmurf,1434,1495,61,2001,2049,Codeforces Round 994 (Div. 2)
0Arctic0,1628,1636,8,2001,2049,Codeforces Round 994 (Div. 2)
MN3M,1295,1397,102,2001,2049,Codeforces Round 994 (Div. 2)
imtushar0001,1657,1657,0,2004,2049,Codeforces Round 994 (Div. 2)
FDpencil3,1466,1517,51,2004,2049,Codeforces Round 994 (Div. 2)
kaisirius,1655,1655,0,2004,2049,Codeforces Round 994 (Div. 2)
justVako,1223,1347,124,2004,2049,Codeforces Round 994 (Div. 2)
TernarySearcher,1721,1705,-16,2004,2049,Codeforces Round 994 (Div. 2)
25-din-me-rating-double,1394,1466,72,2004,2049,Codeforces Round 994 (Div. 2)
Mazen_Ghanayem,1653,1654,1,2004,2049,Codeforces Round 994 (Div. 2)
1.sh,1633,1639,6,2004,2049,Codeforces Round 994 (Div. 2)
TRErnD,1658,1658,0,2004,2049,Codeforces Round 994 (Div. 2)
bytebard2004,1359,1441,82,2004,2049,Codeforces Round 994 (Div. 2)
Re_Sircle,1771,1743,-28,2004,2049,Codeforces Round 994 (Div. 2)
manas_kukkar,1671,1667,-4,2015,2049,Codeforces Round 994 (Div. 2)
Give_Contest,867,1182,315,2015,2049,Codeforces Round 994 (Div. 2)
3rian_jr,1410,1477,67,2015,2049,Codeforces Round 994 (Div. 2)
SayMyName_,1480,1527,47,2015,2049,Codeforces Round 994 (Div. 2)
572700,1133,1343,210,2015,2049,Codeforces Round 994 (Div. 2)
RahulR_,0,571,571,2015,2049,Codeforces Round 994 (Div. 2)
shushukl,1571,1593,22,2015,2049,Codeforces Round 994 (Div. 2)
NayemVai,1622,1630,8,2022,2049,Codeforces Round 994 (Div. 2)
Darelife,1407,1474,67,2022,2049,Codeforces Round 994 (Div. 2)
hpesoj,1770,1742,-28,2022,2049,Codeforces Round 994 (Div. 2)
X_xp,1775,1745,-30,2022,2049,Codeforces Round 994 (Div. 2)
sharmasumit0118,784,1078,294,2022,2049,Codeforces Round 994 (Div. 2)
unstABLE54,1384,1458,74,2022,2049,Codeforces Round 994 (Div. 2)
peepo,1533,1565,32,2028,2049,Codeforces Round 994 (Div. 2)
Z-wzy,1756,1731,-25,2028,2049,Codeforces Round 994 (Div. 2)
Yash9890,1595,1610,15,2028,2049,Codeforces Round 994 (Div. 2)
code_with_atif,1642,1645,3,2028,2049,Codeforces Round 994 (Div. 2)
zyc_ovo,1241,1393,152,2028,2049,Codeforces Round 994 (Div. 2)
qwqkok,1256,1403,147,2028,2049,Codeforces Round 994 (Div. 2)
koderz20,1270,1433,163,2028,2049,Codeforces Round 994 (Div. 2)
wall_of_fire,1774,1744,-30,2028,2049,Codeforces Round 994 (Div. 2)
coderbd,1595,1610,15,2028,2049,Codeforces Round 994 (Div. 2)
_Body,1476,1524,48,2028,2049,Codeforces Round 994 (Div. 2)
hemantlodha1000,1563,1587,24,2028,2049,Codeforces Round 994 (Div. 2)
Amiakhan,1614,1624,10,2028,2049,Codeforces Round 994 (Div. 2)
one_zero_two_zero,1331,1420,89,2040,2049,Codeforces Round 994 (Div. 2)
MagicalGirl,1691,1681,-10,2040,2049,Codeforces Round 994 (Div. 2)
adithyag1,1553,1579,26,2040,2049,Codeforces Round 994 (Div. 2)
Suraj1807,1584,1602,18,2040,2049,Codeforces Round 994 (Div. 2)
Kakuro_asdf,1387,1459,72,2040,2049,Codeforces Round 994 (Div. 2)
dhirajshivam,1374,1450,76,2045,2049,Codeforces Round 994 (Div. 2)
SpearheadK,1581,1599,18,2045,2049,Codeforces Round 994 (Div. 2)
ph03iA_,1320,1412,92,2045,2049,Codeforces Round 994 (Div. 2)
junjie_zhao,1283,1386,103,2048,2049,Codeforces Round 994 (Div. 2)
CraaazyShep,1584,1601,17,2048,2049,Codeforces Round 994 (Div. 2)
LittleDrinks,1485,1529,44,2048,2049,Codeforces Round 994 (Div. 2)
william0,1248,1363,115,2048,2049,Codeforces Round 994 (Div. 2)
.sam_20,1397,1466,69,2048,2049,Codeforces Round 994 (Div. 2)
boy_of_kutbilim,1654,1653,-1,2048,2049,Codeforces Round 994 (Div. 2)
Medet4673,895,1139,244,2054,2049,Codeforces Round 994 (Div. 2)
ara.udupa,1139,1290,151,2054,2049,Codeforces Round 994 (Div. 2)
loveyoulitach,1729,1710,-19,2054,2049,Codeforces Round 994 (Div. 2)
buts,1476,1522,46,2057,2049,Codeforces Round 994 (Div. 2)
xingliu,1683,1675,-8,2057,2049,Codeforces Round 994 (Div. 2)
ryn9785,1388,1459,71,2057,2049,Codeforces Round 994 (Div. 2)
Mostafa_Mohamed,1148,1295,147,2057,2049,Codeforces Round 994 (Div. 2)
Barakat.,1698,1686,-12,2057,2049,Codeforces Round 994 (Div. 2)
CipherNova,1618,1626,8,2057,2049,Codeforces Round 994 (Div. 2)
robert_cosac,505,921,416,2057,2049,Codeforces Round 994 (Div. 2)
harshaa005,1773,1742,-31,2057,2049,Codeforces Round 994 (Div. 2)
not_insync,1589,1605,16,2057,2049,Codeforces Round 994 (Div. 2)
ErikUs,1652,1651,-1,2057,2049,Codeforces Round 994 (Div. 2)
strikingarrow,1485,1529,44,2057,2049,Codeforces Round 994 (Div. 2)
CocaColastik2025,1531,1562,31,2057,2049,Codeforces Round 994 (Div. 2)
Ldawn_AI,1325,1415,90,2069,2049,Codeforces Round 994 (Div. 2)
UjjwalBharti13,1408,1473,65,2069,2049,Codeforces Round 994 (Div. 2)
KAREYEV,1328,1417,89,2069,2049,Codeforces Round 994 (Div. 2)
soumarajghosh,1095,1261,166,2069,2049,Codeforces Round 994 (Div. 2)
Heshi,1475,1521,46,2073,2049,Codeforces Round 994 (Div. 2)
ZHM4284,1454,1506,52,2073,2049,Codeforces Round 994 (Div. 2)
FristCrushd,1660,1657,-3,2073,2049,Codeforces Round 994 (Div. 2)
Leelasai_2004,1664,1660,-4,2073,2049,Codeforces Round 994 (Div. 2)
DreamChaser,1621,1628,7,2077,2049,Codeforces Round 994 (Div. 2)
Haidora,1734,1712,-22,2077,2049,Codeforces Round 994 (Div. 2)
hackstar,1365,1442,77,2077,2049,Codeforces Round 994 (Div. 2)
Soumya_v2,1072,1246,174,2077,2049,Codeforces Round 994 (Div. 2)
shaileshmishra,1189,1322,133,2077,2049,Codeforces Round 994 (Div. 2)
NirvanaYiYun,1397,1465,68,2077,2049,Codeforces Round 994 (Div. 2)
err_hexa,1389,1459,70,2083,2049,Codeforces Round 994 (Div. 2)
esh4,1504,1542,38,2083,2049,Codeforces Round 994 (Div. 2)
nmixx_change_up,1120,1331,211,2083,2049,Codeforces Round 994 (Div. 2)
Karoot,1463,1512,49,2083,2049,Codeforces Round 994 (Div. 2)
lingluya,1505,1542,37,2083,2049,Codeforces Round 994 (Div. 2)
oldcatsthecat,1177,1313,136,2088,2049,Codeforces Round 994 (Div. 2)
pallavgoyal136,1906,1843,-63,2088,2049,Codeforces Round 994 (Div. 2)
k0tik228,1182,1317,135,2090,2049,Codeforces Round 994 (Div. 2)
wooooow,1753,1726,-27,2090,2049,Codeforces Round 994 (Div. 2)
Slata,1592,1606,14,2092,2049,Codeforces Round 994 (Div. 2)
iond,1610,1619,9,2092,2049,Codeforces Round 994 (Div. 2)
Anubhav_Saha,1293,1392,99,2092,2049,Codeforces Round 994 (Div. 2)
HarunoYukinoshita,1429,1487,58,2092,2049,Codeforces Round 994 (Div. 2)
ApuYe,1624,1630,6,2096,2049,Codeforces Round 994 (Div. 2)
prathamp_05,1635,1637,2,2096,2049,Codeforces Round 994 (Div. 2)
upsainian3747,1561,1583,22,2096,2049,Codeforces Round 994 (Div. 2)
Tirth11,1729,1708,-21,2099,2049,Codeforces Round 994 (Div. 2)
Afterglow_of_Sirius,0,568,568,2099,2049,Codeforces Round 994 (Div. 2)
Prikhodko_Artem,1287,1387,100,2099,2049,Codeforces Round 994 (Div. 2)
Sagar1324,1273,1377,104,2099,2049,Codeforces Round 994 (Div. 2)
ShinonomeKuro,1792,1756,-36,2099,2049,Codeforces Round 994 (Div. 2)
saiful_islam_bk,1367,1443,76,2099,2049,Codeforces Round 994 (Div. 2)
ARandomJock,499,915,416,2105,2049,Codeforces Round 994 (Div. 2)
_BaXa.-_-.,1237,1352,115,2105,2049,Codeforces Round 994 (Div. 2)
yilingzhixing,1442,1496,54,2105,2049,Codeforces Round 994 (Div. 2)
TrispdTit,1521,1553,32,2105,2049,Codeforces Round 994 (Div. 2)
the_stone_dawg,1773,1741,-32,2105,2049,Codeforces Round 994 (Div. 2)
redreoicy,1290,1388,98,2105,2049,Codeforces Round 994 (Div. 2)
MHN-JFRN,1339,1423,84,2105,2049,Codeforces Round 994 (Div. 2)
fini_keksi,1358,1436,78,2105,2049,Codeforces Round 994 (Div. 2)
zhcmmm,1589,1603,14,2105,2049,Codeforces Round 994 (Div. 2)
Kalix1110,1654,1651,-3,2114,2049,Codeforces Round 994 (Div. 2)
hseera,1356,1435,79,2114,2049,Codeforces Round 994 (Div. 2)
butter3105,1371,1503,132,2114,2049,Codeforces Round 994 (Div. 2)
Ultimate_GS,1424,1482,58,2114,2049,Codeforces Round 994 (Div. 2)
jay_jani_0011,1372,1446,74,2114,2049,Codeforces Round 994 (Div. 2)
praveenLakhara,1459,1508,49,2119,2049,Codeforces Round 994 (Div. 2)
ayushgupta0218,1498,1536,38,2119,2049,Codeforces Round 994 (Div. 2)
PoetryFactory,1633,1635,2,2119,2049,Codeforces Round 994 (Div. 2)
twin_braids,1504,1541,37,2119,2049,Codeforces Round 994 (Div. 2)
markingdown,1298,1459,161,2119,2049,Codeforces Round 994 (Div. 2)
Tanishq_2,1698,1683,-15,2124,2049,Codeforces Round 994 (Div. 2)
aditya10prakash,1542,1568,26,2124,2049,Codeforces Round 994 (Div. 2)
meumarkhan,1553,1575,22,2124,2049,Codeforces Round 994 (Div. 2)
yupp,516,927,411,2124,2049,Codeforces Round 994 (Div. 2)
Ashrayy,1587,1601,14,2124,2049,Codeforces Round 994 (Div. 2)
FangYifan,2065,1966,-99,2124,2049,Codeforces Round 994 (Div. 2)
icandothis__allday,1592,1604,12,2124,2049,Codeforces Round 994 (Div. 2)
demnn,891,1194,303,2124,2049,Codeforces Round 994 (Div. 2)
satpura_na16,1490,1530,40,2132,2049,Codeforces Round 994 (Div. 2)
Arriveddd,1161,1301,140,2132,2049,Codeforces Round 994 (Div. 2)
An1kv,1435,1490,55,2132,2049,Codeforces Round 994 (Div. 2)
hui-tu,1328,1414,86,2132,2049,Codeforces Round 994 (Div. 2)
Sereinsky,1531,1559,28,2132,2049,Codeforces Round 994 (Div. 2)
VectorVirtuoso,1595,1606,11,2137,2049,Codeforces Round 994 (Div. 2)
Shi_07g,1657,1653,-4,2137,2049,Codeforces Round 994 (Div. 2)
ayushmandhar195,1472,1516,44,2137,2049,Codeforces Round 994 (Div. 2)
cse210001061,1228,1345,117,2140,2049,Codeforces Round 994 (Div. 2)
atharvmandpe2,1549,1572,23,2140,2049,Codeforces Round 994 (Div. 2)
alextigau,1571,1588,17,2140,2049,Codeforces Round 994 (Div. 2)
Harsh_Dagar__,1587,1600,13,2140,2049,Codeforces Round 994 (Div. 2)
Byte_Bender_3,1539,1565,26,2140,2049,Codeforces Round 994 (Div. 2)
Rupam_09,1355,1432,77,2145,2049,Codeforces Round 994 (Div. 2)
nulim,1692,1678,-14,2145,2049,Codeforces Round 994 (Div. 2)
harshsaini_10,1414,1474,60,2145,2049,Codeforces Round 994 (Div. 2)
uraghuvamshireddy,1231,1347,116,2145,2049,Codeforces Round 994 (Div. 2)
binary_turtle,1276,1377,101,2145,2049,Codeforces Round 994 (Div. 2)
mayankag_12,1464,1510,46,2145,2049,Codeforces Round 994 (Div. 2)
caffeine.machine,759,1100,341,2145,2049,Codeforces Round 994 (Div. 2)
Lemonade_,1662,1656,-6,2145,2049,Codeforces Round 994 (Div. 2)
quicker.beast,0,565,565,2153,2049,Codeforces Round 994 (Div. 2)
shashi_raj_1104,1558,1578,20,2153,2049,Codeforces Round 994 (Div. 2)
shakil180143,1236,1412,176,2153,2049,Codeforces Round 994 (Div. 2)
Ivan_Li,1713,1694,-19,2153,2049,Codeforces Round 994 (Div. 2)
Zik_,1473,1516,43,2153,2049,Codeforces Round 994 (Div. 2)
Pramoddd,1316,1405,89,2153,2049,Codeforces Round 994 (Div. 2)
Mr_Crowley,1642,1640,-2,2159,2049,Codeforces Round 994 (Div. 2)
_Aditya_Jain_,1756,1726,-30,2159,2049,Codeforces Round 994 (Div. 2)
orangesTO,1409,1470,61,2159,2049,Codeforces Round 994 (Div. 2)
KushLahoti,1175,1309,134,2159,2049,Codeforces Round 994 (Div. 2)
Demon_Slayer,1276,1377,101,2159,2049,Codeforces Round 994 (Div. 2)
scorpion,1887,1826,-61,2159,2049,Codeforces Round 994 (Div. 2)
amis27,1517,1548,31,2159,2049,Codeforces Round 994 (Div. 2)
Farhan-Ishtiyak,1241,1353,112,2159,2049,Codeforces Round 994 (Div. 2)
langdog,0,565,565,2159,2049,Codeforces Round 994 (Div. 2)
neugis,1517,1548,31,2168,2049,Codeforces Round 994 (Div. 2)
we12223,1435,1489,54,2168,2049,Codeforces Round 994 (Div. 2)
tammmmmy,1542,1566,24,2168,2049,Codeforces Round 994 (Div. 2)
smyluke,1385,1453,68,2168,2049,Codeforces Round 994 (Div. 2)
Enderbrine16,1465,1510,45,2172,2049,Codeforces Round 994 (Div. 2)
MattMurdock8,1236,1349,113,2172,2049,Codeforces Round 994 (Div. 2)
ManasR_2003,1504,1538,34,2172,2049,Codeforces Round 994 (Div. 2)
Imthiyash786,1529,1556,27,2172,2049,Codeforces Round 994 (Div. 2)
chailovergrt,1317,1405,88,2172,2049,Codeforces Round 994 (Div. 2)
magallan_forever,1452,1501,49,2172,2049,Codeforces Round 994 (Div. 2)
Jellyfishp,1234,1348,114,2172,2049,Codeforces Round 994 (Div. 2)
deVICe7772,1621,1624,3,2179,2049,Codeforces Round 994 (Div. 2)
kaiboy,1512,1543,31,2179,2049,Codeforces Round 994 (Div. 2)
Jrke,1791,1752,-39,2179,2049,Codeforces Round 994 (Div. 2)
gry3125,1452,1500,48,2179,2049,Codeforces Round 994 (Div. 2)
Oryshych,1529,1556,27,2179,2049,Codeforces Round 994 (Div. 2)
Angr4,1339,1455,116,2179,2049,Codeforces Round 994 (Div. 2)
wrong_answer_07,1741,1714,-27,2179,2049,Codeforces Round 994 (Div. 2)
maichelyamaha,1337,1418,81,2179,2049,Codeforces Round 994 (Div. 2)
BaSEc1d,1581,1657,76,2187,2049,Codeforces Round 994 (Div. 2)
wakanda-forever,1686,1710,24,2187,2049,Codeforces Round 994 (Div. 2)
_gal1le0_,1235,1402,167,2187,2049,Codeforces Round 994 (Div. 2)
mananpatel2526,0,564,564,2190,2049,Codeforces Round 994 (Div. 2)
UBory,2055,1956,-99,2190,2049,Codeforces Round 994 (Div. 2)
hatehate,1622,1624,2,2190,2049,Codeforces Round 994 (Div. 2)
secondaccount,1376,1446,70,2190,2049,Codeforces Round 994 (Div. 2)
vanishedO_o,1393,1458,65,2194,2049,Codeforces Round 994 (Div. 2)
LISOP9527,1367,1475,108,2194,2049,Codeforces Round 994 (Div. 2)
Dr_Zhang,1433,1486,53,2194,2049,Codeforces Round 994 (Div. 2)
vanshagarwal,1307,1397,90,2194,2049,Codeforces Round 994 (Div. 2)
c326820068122,1916,1847,-69,2198,2049,Codeforces Round 994 (Div. 2)
Cloudby,1439,1490,51,2198,2049,Codeforces Round 994 (Div. 2)
BronzeMelon,1647,1643,-4,2198,2049,Codeforces Round 994 (Div. 2)
ShadowNull,1390,1455,65,2198,2049,Codeforces Round 994 (Div. 2)
LaughingBuddha,1587,1598,11,2198,2049,Codeforces Round 994 (Div. 2)
JustinJBD,1337,1418,81,2198,2049,Codeforces Round 994 (Div. 2)
mad_tom_1,1519,1548,29,2198,2049,Codeforces Round 994 (Div. 2)
TheCodeDude,1019,1253,234,2198,2049,Codeforces Round 994 (Div. 2)
AwLty,1447,1496,49,2198,2049,Codeforces Round 994 (Div. 2)
k1384,1535,1560,25,2207,2049,Codeforces Round 994 (Div. 2)
749291,1882,1821,-61,2207,2049,Codeforces Round 994 (Div. 2)
presindent,1587,1598,11,2207,2049,Codeforces Round 994 (Div. 2)
Mobious,1350,1427,77,2207,2049,Codeforces Round 994 (Div. 2)
Sirius_A,1836,1785,-51,2207,2049,Codeforces Round 994 (Div. 2)
DawnGavial,1243,1407,164,2207,2049,Codeforces Round 994 (Div. 2)
6_months_run,1026,1259,233,2213,2049,Codeforces Round 994 (Div. 2)
hombrecito2580,1654,1647,-7,2213,2049,Codeforces Round 994 (Div. 2)
SharifdotG,1251,1358,107,2213,2049,Codeforces Round 994 (Div. 2)
Last_Stardust,1189,1316,127,2213,2049,Codeforces Round 994 (Div. 2)
Pitwolff,1462,1506,44,2213,2049,Codeforces Round 994 (Div. 2)
vishal_781,1478,1518,40,2213,2049,Codeforces Round 994 (Div. 2)
vikram108,1850,1796,-54,2213,2049,Codeforces Round 994 (Div. 2)
Noodles,1439,1489,50,2220,2049,Codeforces Round 994 (Div. 2)
ttakk,1476,1516,40,2220,2049,Codeforces Round 994 (Div. 2)
kayn.ge1996,1639,1636,-3,2220,2049,Codeforces Round 994 (Div. 2)
KalashShah,1658,1650,-8,2220,2049,Codeforces Round 994 (Div. 2)
HoangMC2009,1415,1473,58,2220,2049,Codeforces Round 994 (Div. 2)
Nariman_MT,1662,1653,-9,2225,2049,Codeforces Round 994 (Div. 2)
manss24,1378,1446,68,2225,2049,Codeforces Round 994 (Div. 2)
RahulGupta0712,1581,1593,12,2225,2049,Codeforces Round 994 (Div. 2)
Dibamboo,1582,1594,12,2225,2049,Codeforces Round 994 (Div. 2)
ranxi,1515,1544,29,2229,2049,Codeforces Round 994 (Div. 2)
Limerence559,1435,1487,52,2229,2049,Codeforces Round 994 (Div. 2)
DoHuongGiang,1924,1853,-71,2229,2049,Codeforces Round 994 (Div. 2)
RG04,1444,1492,48,2229,2049,Codeforces Round 994 (Div. 2)
Max_Rosul,1461,1505,44,2233,2049,Codeforces Round 994 (Div. 2)
JulSjlv,1759,1726,-33,2233,2049,Codeforces Round 994 (Div. 2)
mehul07,1444,1492,48,2233,2049,Codeforces Round 994 (Div. 2)
Serene_Skiff,1462,1505,43,2233,2049,Codeforces Round 994 (Div. 2)
ADivT_,1462,1505,43,2233,2049,Codeforces Round 994 (Div. 2)
Ivangog,1660,1651,-9,2233,2049,Codeforces Round 994 (Div. 2)
Xh_QwQ,1772,1736,-36,2233,2049,Codeforces Round 994 (Div. 2)
cyrilln,1762,1728,-34,2233,2049,Codeforces Round 994 (Div. 2)
anonymous372,1511,1541,30,2233,2049,Codeforces Round 994 (Div. 2)
SAAD,1601,1607,6,2242,2049,Codeforces Round 994 (Div. 2)
mohdfaiz.72,1394,1457,63,2242,2049,Codeforces Round 994 (Div. 2)
rdjoo7,1370,1439,69,2242,2049,Codeforces Round 994 (Div. 2)
RyuzakiLight,1217,1333,116,2242,2049,Codeforces Round 994 (Div. 2)
Itsadijmbt,1202,1324,122,2242,2049,Codeforces Round 994 (Div. 2)
-HossaM-,1354,1428,74,2242,2049,Codeforces Round 994 (Div. 2)
nibirjoydhar,1433,1484,51,2242,2049,Codeforces Round 994 (Div. 2)
thalacodes_77,1171,1362,191,2242,2049,Codeforces Round 994 (Div. 2)
MinbaevBaiysh,1643,1638,-5,2242,2049,Codeforces Round 994 (Div. 2)
ShashiPreetam,1518,1546,28,2251,2049,Codeforces Round 994 (Div. 2)
Arjunnarenreddy,1474,1514,40,2251,2049,Codeforces Round 994 (Div. 2)
W.jr.,0,562,562,2251,2049,Codeforces Round 994 (Div. 2)
redcoder_122,1452,1498,46,2251,2049,Codeforces Round 994 (Div. 2)
REN_5511,1545,1565,20,2251,2049,Codeforces Round 994 (Div. 2)
jiangzy_OvO,604,985,381,2251,2049,Codeforces Round 994 (Div. 2)
Sauron06_,1340,1418,78,2257,2049,Codeforces Round 994 (Div. 2)
Kunj_30,1502,1534,32,2257,2049,Codeforces Round 994 (Div. 2)
NicoRobin,1560,1576,16,2257,2049,Codeforces Round 994 (Div. 2)
nisritha35,1593,1600,7,2257,2049,Codeforces Round 994 (Div. 2)
altmailid0804,1192,1349,157,2257,2049,Codeforces Round 994 (Div. 2)
aditya0610,1540,1561,21,2257,2049,Codeforces Round 994 (Div. 2)
OmRaturi,1557,1574,17,2257,2049,Codeforces Round 994 (Div. 2)
Eftekhar_Nahim,1429,1481,52,2257,2049,Codeforces Round 994 (Div. 2)
man-ray,1794,1752,-42,2265,2049,Codeforces Round 994 (Div. 2)
omkar_169,1453,1498,45,2265,2049,Codeforces Round 994 (Div. 2)
anshit1063,1490,1525,35,2265,2049,Codeforces Round 994 (Div. 2)
fake_name,1555,1573,18,2265,2049,Codeforces Round 994 (Div. 2)
Swayamo,1340,1417,77,2265,2049,Codeforces Round 994 (Div. 2)
ParthAher07,1602,1607,5,2270,2049,Codeforces Round 994 (Div. 2)
Unlock_U,1553,1571,18,2270,2049,Codeforces Round 994 (Div. 2)
racoder_1,1324,1406,82,2270,2049,Codeforces Round 994 (Div. 2)
Syntax2503,1386,1449,63,2270,2049,Codeforces Round 994 (Div. 2)
2nav,1493,1527,34,2274,2049,Codeforces Round 994 (Div. 2)
Stalin67,1583,1593,10,2274,2049,Codeforces Round 994 (Div. 2)
HeGoPlay,1600,1605,5,2274,2049,Codeforces Round 994 (Div. 2)
rohith6792,1490,1524,34,2274,2049,Codeforces Round 994 (Div. 2)
puniTT,1479,1516,37,2274,2049,Codeforces Round 994 (Div. 2)
YinDouKi,1406,1464,58,2279,2049,Codeforces Round 994 (Div. 2)
vinayakverma290605,1479,1516,37,2279,2049,Codeforces Round 994 (Div. 2)
Mixnight,1753,1720,-33,2279,2049,Codeforces Round 994 (Div. 2)
PirateKing16921,1169,1352,183,2279,2049,Codeforces Round 994 (Div. 2)
_kaitokid,1536,1557,21,2279,2049,Codeforces Round 994 (Div. 2)
xorfftdp,1413,1469,56,2279,2049,Codeforces Round 994 (Div. 2)
fanhuaxingyu,1788,1747,-41,2279,2049,Codeforces Round 994 (Div. 2)
odyssey,1419,1473,54,2286,2049,Codeforces Round 994 (Div. 2)
asmitj0009,699,1053,354,2286,2049,Codeforces Round 994 (Div. 2)
IgrisTheRed,1437,1485,48,2286,2049,Codeforces Round 994 (Div. 2)
ACKAP,1427,1479,52,2286,2049,Codeforces Round 994 (Div. 2)
kakoujt,1357,1428,71,2286,2049,Codeforces Round 994 (Div. 2)
hsharda,716,1065,349,2286,2049,Codeforces Round 994 (Div. 2)
ds_13,1321,1403,82,2286,2049,Codeforces Round 994 (Div. 2)
DDDG,1637,1632,-5,2286,2049,Codeforces Round 994 (Div. 2)
Rafsan18,1356,1427,71,2294,2049,Codeforces Round 994 (Div. 2)
yankai,1565,1579,14,2294,2049,Codeforces Round 994 (Div. 2)
Precizne,1495,1527,32,2294,2049,Codeforces Round 994 (Div. 2)
KurockaGril2010,1642,1636,-6,2294,2049,Codeforces Round 994 (Div. 2)
DarkKnight44,1543,1562,19,2294,2049,Codeforces Round 994 (Div. 2)
kalkanivaibhav0927,1440,1487,47,2294,2049,Codeforces Round 994 (Div. 2)
sunchaoyi,1654,1645,-9,2294,2049,Codeforces Round 994 (Div. 2)
alphax171,1674,1659,-15,2301,2049,Codeforces Round 994 (Div. 2)
astronom1cal,1455,1498,43,2302,2049,Codeforces Round 994 (Div. 2)
AdityaDargan2,1816,1767,-49,2302,2049,Codeforces Round 994 (Div. 2)
wktong,1530,1553,23,2302,2049,Codeforces Round 994 (Div. 2)
RED1_.,1017,1248,231,2302,2049,Codeforces Round 994 (Div. 2)
silicalet,1249,1353,104,2302,2049,Codeforces Round 994 (Div. 2)
Lazy_Propagator_0_0_,1336,1413,77,2302,2049,Codeforces Round 994 (Div. 2)
Mahmoud_syria,1408,1464,56,2308,2049,Codeforces Round 994 (Div. 2)
Tannyyyyy12,1292,1382,90,2308,2049,Codeforces Round 994 (Div. 2)
Nikita2121,1302,1389,87,2308,2049,Codeforces Round 994 (Div. 2)
Mota_Manush,1384,1447,63,2308,2049,Codeforces Round 994 (Div. 2)
samsoom,1454,1497,43,2312,2049,Codeforces Round 994 (Div. 2)
_Kratos,1431,1480,49,2312,2049,Codeforces Round 994 (Div. 2)
domovoi,1256,1357,101,2312,2049,Codeforces Round 994 (Div. 2)
kingAB,1506,1535,29,2312,2049,Codeforces Round 994 (Div. 2)
Poonia,1414,1468,54,2312,2049,Codeforces Round 994 (Div. 2)
coord_axis,1425,1476,51,2312,2049,Codeforces Round 994 (Div. 2)
sudhanshu_singh1182,1272,1368,96,2318,2049,Codeforces Round 994 (Div. 2)
Waffle_,1465,1505,40,2318,2049,Codeforces Round 994 (Div. 2)
Steven-_-AbuAlkhair,1444,1489,45,2318,2049,Codeforces Round 994 (Div. 2)
30SK5,1524,1548,24,2318,2049,Codeforces Round 994 (Div. 2)
vignesh_1324,1248,1351,103,2322,2049,Codeforces Round 994 (Div. 2)
Leeisateam,1877,1814,-63,2322,2049,Codeforces Round 994 (Div. 2)
SAEED.,1480,1516,36,2322,2049,Codeforces Round 994 (Div. 2)
Carousel,1592,1597,5,2322,2049,Codeforces Round 994 (Div. 2)
ThucLV,1812,1763,-49,2322,2049,Codeforces Round 994 (Div. 2)
zus1123,1376,1499,123,2322,2049,Codeforces Round 994 (Div. 2)
gurjar_boy,1366,1433,67,2322,2049,Codeforces Round 994 (Div. 2)
Snowball_511,1399,1457,58,2329,2049,Codeforces Round 994 (Div. 2)
Shkoko,1440,1486,46,2329,2049,Codeforces Round 994 (Div. 2)
shvik,1346,1476,130,2329,2049,Codeforces Round 994 (Div. 2)
OwnerOf666Niger,1382,1445,63,2329,2049,Codeforces Round 994 (Div. 2)
pnx,1448,1492,44,2329,2049,Codeforces Round 994 (Div. 2)
HiteshSomu,1500,1529,29,2334,2049,Codeforces Round 994 (Div. 2)
alex007__,1491,1523,32,2334,2049,Codeforces Round 994 (Div. 2)
cheyun,1794,1749,-45,2334,2049,Codeforces Round 994 (Div. 2)
Pushkar_Pathak,1385,1446,61,2334,2049,Codeforces Round 994 (Div. 2)
BoundlessBit,1328,1406,78,2334,2049,Codeforces Round 994 (Div. 2)
rhydberg,1644,1636,-8,2334,2049,Codeforces Round 994 (Div. 2)
harshul97,1509,1536,27,2334,2049,Codeforces Round 994 (Div. 2)
urejgi,1072,1234,162,2341,2049,Codeforces Round 994 (Div. 2)
CChord,1574,1584,10,2341,2049,Codeforces Round 994 (Div. 2)
Arsen-Batman,1230,1338,108,2341,2049,Codeforces Round 994 (Div. 2)
pranavsingh0111,1604,1606,2,2341,2049,Codeforces Round 994 (Div. 2)
prasanntrivedi6263,1543,1561,18,2341,2049,Codeforces Round 994 (Div. 2)
Mousa,1594,1598,4,2346,2049,Codeforces Round 994 (Div. 2)
Samyak_Jain8796,1309,1392,83,2346,2049,Codeforces Round 994 (Div. 2)
SevenAlarm,1462,1501,39,2346,2049,Codeforces Round 994 (Div. 2)
AtomicFire,1240,1345,105,2346,2049,Codeforces Round 994 (Div. 2)
JustKitkat,1505,1533,28,2346,2049,Codeforces Round 994 (Div. 2)
chatterjee_sid,1316,1397,81,2346,2049,Codeforces Round 994 (Div. 2)
sidpatil_123,1506,1533,27,2346,2049,Codeforces Round 994 (Div. 2)
pakhomovivan,1115,1312,197,2353,2049,Codeforces Round 994 (Div. 2)
hiteshmaurya,1732,1702,-30,2353,2049,Codeforces Round 994 (Div. 2)
yumingsk,1625,1621,-4,2353,2049,Codeforces Round 994 (Div. 2)
sibashis_12,1510,1536,26,2353,2049,Codeforces Round 994 (Div. 2)
0saurav0,1436,1482,46,2353,2049,Codeforces Round 994 (Div. 2)
MythBuster1,1621,1618,-3,2353,2049,Codeforces Round 994 (Div. 2)
jiminaseinen,1463,1502,39,2353,2049,Codeforces Round 994 (Div. 2)
MrSadariya,1405,1460,55,2353,2049,Codeforces Round 994 (Div. 2)
donaldtheduck,1434,1480,46,2353,2049,Codeforces Round 994 (Div. 2)
vbnm111,1527,1548,21,2353,2049,Codeforces Round 994 (Div. 2)
gradnos,1295,1438,143,2363,2049,Codeforces Round 994 (Div. 2)
PrimeHunter,1476,1511,35,2363,2049,Codeforces Round 994 (Div. 2)
SWWW77,1680,1663,-17,2363,2049,Codeforces Round 994 (Div. 2)
x3mka,1502,1530,28,2363,2049,Codeforces Round 994 (Div. 2)
Kaederei,1570,1580,10,2363,2049,Codeforces Round 994 (Div. 2)
kunalsurana,1252,1352,100,2368,2049,Codeforces Round 994 (Div. 2)
Franktastic,1667,1652,-15,2369,2049,Codeforces Round 994 (Div. 2)
Adilkhan855,1417,1468,51,2369,2049,Codeforces Round 994 (Div. 2)
tonmoy6052,1527,1548,21,2369,2049,Codeforces Round 994 (Div. 2)
ygggg123,826,1139,313,2369,2049,Codeforces Round 994 (Div. 2)
Long_Long_,1344,1485,141,2369,2049,Codeforces Round 994 (Div. 2)
psp_09,1334,1409,75,2369,2049,Codeforces Round 994 (Div. 2)
walizamanee,1617,1614,-3,2375,2049,Codeforces Round 994 (Div. 2)
dilworth,1257,1411,154,2375,2049,Codeforces Round 994 (Div. 2)
Ewilipsic,1195,1313,118,2375,2049,Codeforces Round 994 (Div. 2)
AmySadler,1197,1315,118,2375,2049,Codeforces Round 994 (Div. 2)
Kishansingh47,1291,1379,88,2375,2049,Codeforces Round 994 (Div. 2)
sanjuguptasbg264,1521,1543,22,2375,2049,Codeforces Round 994 (Div. 2)
TiLTovozzik,2037,1936,-101,2375,2049,Codeforces Round 994 (Div. 2)
b_like_karthik,1472,1507,35,2382,2049,Codeforces Round 994 (Div. 2)
wiseeldrich2004,1691,1670,-21,2383,2049,Codeforces Round 994 (Div. 2)
phoenix_vasu,1515,1539,24,2383,2049,Codeforces Round 994 (Div. 2)
m1tu,1499,1527,28,2383,2049,Codeforces Round 994 (Div. 2)
AnsonWong,1136,1331,195,2386,2049,Codeforces Round 994 (Div. 2)
justsurfing,1543,1559,16,2386,2049,Codeforces Round 994 (Div. 2)
danx,2064,1957,-107,2386,2049,Codeforces Round 994 (Div. 2)
not_Bekzhan_Aldiyar,1332,1407,75,2386,2049,Codeforces Round 994 (Div. 2)
spiderwick_99,1333,1408,75,2386,2049,Codeforces Round 994 (Div. 2)
Saif_Ahmed008,1361,1427,66,2386,2049,Codeforces Round 994 (Div. 2)
aishwarykesarwani,1432,1478,46,2386,2049,Codeforces Round 994 (Div. 2)
SidM007,1354,1422,68,2386,2049,Codeforces Round 994 (Div. 2)
ZhishengIE002,1562,1573,11,2386,2049,Codeforces Round 994 (Div. 2)
9ine,1414,1465,51,2386,2049,Codeforces Round 994 (Div. 2)
Exiled_Code2024,1473,1508,35,2396,2049,Codeforces Round 994 (Div. 2)
Gokuu007,1537,1554,17,2396,2049,Codeforces Round 994 (Div. 2)
xiaojianhua111,472,885,413,2396,2049,Codeforces Round 994 (Div. 2)
Light_inw,1227,1334,107,2399,2049,Codeforces Round 994 (Div. 2)
p2k,1552,1565,13,2399,2049,Codeforces Round 994 (Div. 2)
Krrishchanchal,1668,1652,-16,2399,2049,Codeforces Round 994 (Div. 2)
dsarules,1461,1499,38,2399,2049,Codeforces Round 994 (Div. 2)
RudenkoAD,936,1190,254,2403,2049,Codeforces Round 994 (Div. 2)
alexalvarez123,1601,1601,0,2403,2049,Codeforces Round 994 (Div. 2)
winkhatri292004,1123,1321,198,2403,2049,Codeforces Round 994 (Div. 2)
Hyl_Kibou,1234,1338,104,2403,2049,Codeforces Round 994 (Div. 2)
TMQuitten,1279,1369,90,2403,2049,Codeforces Round 994 (Div. 2)
wlh__1,1663,1648,-15,2403,2049,Codeforces Round 994 (Div. 2)
_dhruv_03,1596,1598,2,2403,2049,Codeforces Round 994 (Div. 2)
nihalgeorge01,1453,1493,40,2403,2049,Codeforces Round 994 (Div. 2)
y.avinav,1384,1443,59,2403,2049,Codeforces Round 994 (Div. 2)
Btech_Griever,1319,1397,78,2412,2049,Codeforces Round 994 (Div. 2)
revlis5202ioi,1415,1465,50,2412,2049,Codeforces Round 994 (Div. 2)
sahilf637,1490,1519,29,2414,2049,Codeforces Round 994 (Div. 2)
Shamim97,1676,1658,-18,2414,2049,Codeforces Round 994 (Div. 2)
dev.t.prajapati,1062,1277,215,2414,2049,Codeforces Round 994 (Div. 2)
Hritik0101,1418,1467,49,2414,2049,Codeforces Round 994 (Div. 2)
saikrishna17394,1659,1644,-15,2414,2049,Codeforces Round 994 (Div. 2)
Kushagra_Trivedi_IIITH,1355,1458,103,2414,2049,Codeforces Round 994 (Div. 2)
AdityaDSingh,1387,1445,58,2420,2049,Codeforces Round 994 (Div. 2)
dosaseung,1671,1654,-17,2420,2049,Codeforces Round 994 (Div. 2)
dongbin1999,1887,1818,-69,2420,2049,Codeforces Round 994 (Div. 2)
tofuegy,1016,1196,180,2423,2049,Codeforces Round 994 (Div. 2)
AL70SSAIN,1926,1848,-78,2423,2049,Codeforces Round 994 (Div. 2)
Munnu2004,1113,1257,144,2423,2049,Codeforces Round 994 (Div. 2)
shviv1,1266,1360,94,2423,2049,Codeforces Round 994 (Div. 2)
sachish,1346,1416,70,2423,2049,Codeforces Round 994 (Div. 2)
RahulAhuja2901,1445,1486,41,2423,2049,Codeforces Round 994 (Div. 2)
NMTLSDGRBI2F,1560,1570,10,2423,2049,Codeforces Round 994 (Div. 2)
masoom_choudhury,1121,1319,198,2430,2049,Codeforces Round 994 (Div. 2)
Tenshi,1969,1882,-87,2430,2049,Codeforces Round 994 (Div. 2)
oxidisingojha,1530,1548,18,2430,2049,Codeforces Round 994 (Div. 2)
Taymyr,1631,1623,-8,2430,2049,Codeforces Round 994 (Div. 2)
hhjjee,1554,1628,74,2430,2049,Codeforces Round 994 (Div. 2)
Aetherios,1502,1528,26,2430,2049,Codeforces Round 994 (Div. 2)
kevaljain,1942,1860,-82,2436,2049,Codeforces Round 994 (Div. 2)
quang.nh14,1567,1575,8,2436,2049,Codeforces Round 994 (Div. 2)
Tankard,1505,1530,25,2436,2049,Codeforces Round 994 (Div. 2)
MishkatIT,1320,1397,77,2436,2049,Codeforces Round 994 (Div. 2)
nazmulnns2066,1816,1763,-53,2436,2049,Codeforces Round 994 (Div. 2)
Pi-Pikachu,1547,1560,13,2441,2049,Codeforces Round 994 (Div. 2)
Nader_Osama,1513,1535,22,2441,2049,Codeforces Round 994 (Div. 2)
gjp4,1566,1574,8,2441,2049,Codeforces Round 994 (Div. 2)
AnteTheDestroyer,1359,1424,65,2441,2049,Codeforces Round 994 (Div. 2)
elotelo,1591,1592,1,2441,2049,Codeforces Round 994 (Div. 2)
Shin__chan__,1497,1523,26,2441,2049,Codeforces Round 994 (Div. 2)
ywb_x,1405,1457,52,2447,2049,Codeforces Round 994 (Div. 2)
AIGAL30H7WM97CI,818,1130,312,2447,2049,Codeforces Round 994 (Div. 2)
BitSlayer,1226,1331,105,2447,2049,Codeforces Round 994 (Div. 2)
Omar-G,1397,1451,54,2447,2049,Codeforces Round 994 (Div. 2)
mayanka22,1562,1571,9,2447,2049,Codeforces Round 994 (Div. 2)
MohamedG4,1580,1584,4,2447,2049,Codeforces Round 994 (Div. 2)
pavan1670,1581,1585,4,2453,2049,Codeforces Round 994 (Div. 2)
de_koding,1220,1327,107,2453,2049,Codeforces Round 994 (Div. 2)
Priyanshu95m,1355,1421,66,2453,2049,Codeforces Round 994 (Div. 2)
Yash_2310,1427,1472,45,2456,2049,Codeforces Round 994 (Div. 2)
GGT000,1635,1625,-10,2456,2049,Codeforces Round 994 (Div. 2)
shikhr,1499,1524,25,2456,2049,Codeforces Round 994 (Div. 2)
romarkovets,2085,1972,-113,2456,2049,Codeforces Round 994 (Div. 2)
Ubantu,1169,1352,183,2456,2049,Codeforces Round 994 (Div. 2)
Theorcos24,1364,1427,63,2456,2049,Codeforces Round 994 (Div. 2)
ayushd2910,1555,1565,10,2456,2049,Codeforces Round 994 (Div. 2)
harsha_medicharla,1134,1270,136,2456,2049,Codeforces Round 994 (Div. 2)
bjei,1451,1489,38,2456,2049,Codeforces Round 994 (Div. 2)
harshitkansal,1811,1758,-53,2456,2049,Codeforces Round 994 (Div. 2)
volki74,1111,1310,199,2466,2049,Codeforces Round 994 (Div. 2)
RajaVamshiNath,1603,1601,-2,2466,2049,Codeforces Round 994 (Div. 2)
narasimha_27,1117,1315,198,2466,2049,Codeforces Round 994 (Div. 2)
bjjvsrjjt,1702,1675,-27,2466,2049,Codeforces Round 994 (Div. 2)
xk9,1432,1475,43,2466,2049,Codeforces Round 994 (Div. 2)
WhoElse,0,554,554,2466,2049,Codeforces Round 994 (Div. 2)
Josephcheng,661,1020,359,2472,2049,Codeforces Round 994 (Div. 2)
duttasagnik,1505,1528,23,2472,2049,Codeforces Round 994 (Div. 2)
Arafat383,1236,1337,101,2472,2049,Codeforces Round 994 (Div. 2)
minuki646,1498,1523,25,2472,2049,Codeforces Round 994 (Div. 2)
Norbertgamote,1643,1630,-13,2472,2049,Codeforces Round 994 (Div. 2)
bhajji,1764,1722,-42,2472,2049,Codeforces Round 994 (Div. 2)
suzumeyosano,1224,1329,105,2472,2049,Codeforces Round 994 (Div. 2)
Sultana_Akter,1364,1426,62,2472,2049,Codeforces Round 994 (Div. 2)
muigokua144,1433,1476,43,2472,2049,Codeforces Round 994 (Div. 2)
Arkanefury,1563,1571,8,2472,2049,Codeforces Round 994 (Div. 2)
JoksimKaktus,1906,1831,-75,2482,2049,Codeforces Round 994 (Div. 2)
parvasatodia,1407,1457,50,2482,2049,Codeforces Round 994 (Div. 2)
niklas.mohrin,1774,1730,-44,2482,2049,Codeforces Round 994 (Div. 2)
shubh_aps,1330,1402,72,2482,2049,Codeforces Round 994 (Div. 2)
Divyanshu_Mani_Tripathi,1252,1348,96,2482,2049,Codeforces Round 994 (Div. 2)
VOP-Ansish,1359,1423,64,2482,2049,Codeforces Round 994 (Div. 2)
SINNOCENT,1401,1452,51,2482,2049,Codeforces Round 994 (Div. 2)
Khushal_S,1229,1332,103,2482,2049,Codeforces Round 994 (Div. 2)
Wind_Flute,1584,1586,2,2490,2049,Codeforces Round 994 (Div. 2)
_shanky,1957,1871,-86,2490,2049,Codeforces Round 994 (Div. 2)
commitery,1605,1602,-3,2490,2049,Codeforces Round 994 (Div. 2)
Heliuss,1265,1357,92,2490,2049,Codeforces Round 994 (Div. 2)
Carie,1273,1362,89,2490,2049,Codeforces Round 994 (Div. 2)
S____V,1581,1584,3,2490,2049,Codeforces Round 994 (Div. 2)
ymwang,1710,1681,-29,2496,2049,Codeforces Round 994 (Div. 2)
ram.bhakt,1736,1700,-36,2496,2049,Codeforces Round 994 (Div. 2)
FO7,1450,1487,37,2496,2049,Codeforces Round 994 (Div. 2)
ShayahmetovAskar,1283,1369,86,2496,2049,Codeforces Round 994 (Div. 2)
P1KACHUUU,1534,1549,15,2500,2049,Codeforces Round 994 (Div. 2)
satyam_vivek,1607,1603,-4,2500,2049,Codeforces Round 994 (Div. 2)
joaco-gavernet,1144,1275,131,2500,2049,Codeforces Round 994 (Div. 2)
MithilaReich,1362,1424,62,2500,2049,Codeforces Round 994 (Div. 2)
_Juffin,1253,1348,95,2504,2049,Codeforces Round 994 (Div. 2)
ultra_vegito,1462,1496,34,2504,2049,Codeforces Round 994 (Div. 2)
scyyyyyyyyyy,1728,1694,-34,2504,2049,Codeforces Round 994 (Div. 2)
Glitch007,1318,1393,75,2504,2049,Codeforces Round 994 (Div. 2)
Sssswwwppp,1481,1510,29,2504,2049,Codeforces Round 994 (Div. 2)
Falcon_76,1779,1733,-46,2504,2049,Codeforces Round 994 (Div. 2)
NeverSpot,1665,1646,-19,2504,2049,Codeforces Round 994 (Div. 2)
DinarPerseus,1424,1468,44,2504,2049,Codeforces Round 994 (Div. 2)
Polaris1000M,1353,1417,64,2512,2049,Codeforces Round 994 (Div. 2)
lanyinia,1540,1553,13,2512,2049,Codeforces Round 994 (Div. 2)
sanya37y,1404,1454,50,2512,2049,Codeforces Round 994 (Div. 2)
Shyam_26_7_2,1437,1477,40,2512,2049,Codeforces Round 994 (Div. 2)
Erling-Haaland,1328,1400,72,2512,2049,Codeforces Round 994 (Div. 2)
newsboy,1504,1526,22,2512,2049,Codeforces Round 994 (Div. 2)
Aryaloy,1514,1534,20,2512,2049,Codeforces Round 994 (Div. 2)
venilv912,1581,1583,2,2519,2049,Codeforces Round 994 (Div. 2)
neitydv,1548,1559,11,2519,2049,Codeforces Round 994 (Div. 2)
kreeeesh_17,1498,1522,24,2519,2049,Codeforces Round 994 (Div. 2)
JustStarted,1933,1851,-82,2519,2049,Codeforces Round 994 (Div. 2)
CirnoNine,1898,1823,-75,2519,2049,Codeforces Round 994 (Div. 2)
3sideddice,782,1102,320,2519,2049,Codeforces Round 994 (Div. 2)
redcar,1401,1451,50,2519,2049,Codeforces Round 994 (Div. 2)
slowzone,1613,1607,-6,2519,2049,Codeforces Round 994 (Div. 2)
yajirs,1680,1657,-23,2527,2049,Codeforces Round 994 (Div. 2)
Otveta_Net,0,552,552,2527,2049,Codeforces Round 994 (Div. 2)
agentdeath,1239,1338,99,2527,2049,Codeforces Round 994 (Div. 2)
Big_Fat_Panda108,1325,1397,72,2527,2049,Codeforces Round 994 (Div. 2)
syun0713,1790,1740,-50,2527,2049,Codeforces Round 994 (Div. 2)
linnzsc,1519,1537,18,2527,2049,Codeforces Round 994 (Div. 2)
AnwarAuto,1399,1486,87,2527,2049,Codeforces Round 994 (Div. 2)
MilkMangoTea754,1051,1266,215,2527,2049,Codeforces Round 994 (Div. 2)
Abhi25jk,1340,1407,67,2527,2049,Codeforces Round 994 (Div. 2)
aceC0der,1590,1589,-1,2536,2049,Codeforces Round 994 (Div. 2)
Ishant0016,1205,1314,109,2536,2049,Codeforces Round 994 (Div. 2)
RifatALmuiN,1443,1481,38,2536,2049,Codeforces Round 994 (Div. 2)
darsh9510,1510,1530,20,2536,2049,Codeforces Round 994 (Div. 2)
lhywk,1358,1420,62,2536,2049,Codeforces Round 994 (Div. 2)
_YashG,1568,1573,5,2536,2049,Codeforces Round 994 (Div. 2)
shohag.shadow,1342,1409,67,2542,2049,Codeforces Round 994 (Div. 2)
Mihajlo18,1692,1666,-26,2542,2049,Codeforces Round 994 (Div. 2)
clementinesparrow13,1141,1304,163,2542,2049,Codeforces Round 994 (Div. 2)
saymon,1260,1352,92,2542,2049,Codeforces Round 994 (Div. 2)
CodeWode,1404,1453,49,2542,2049,Codeforces Round 994 (Div. 2)
grim.reaper.25,1549,1558,9,2547,2049,Codeforces Round 994 (Div. 2)
yash_siwach,1070,1225,155,2547,2049,Codeforces Round 994 (Div. 2)
Happy_Noob0,0,551,551,2547,2049,Codeforces Round 994 (Div. 2)
-is-this-jurassic-algo-,1468,1499,31,2547,2049,Codeforces Round 994 (Div. 2)
Virat__Kohli,1419,1463,44,2547,2049,Codeforces Round 994 (Div. 2)
1moon1,1425,1468,43,2547,2049,Codeforces Round 994 (Div. 2)
cubinguy,1262,1387,125,2547,2049,Codeforces Round 994 (Div. 2)
SoryuAsuka,1864,1797,-67,2547,2049,Codeforces Round 994 (Div. 2)
p__seervi5678,1248,1343,95,2555,2049,Codeforces Round 994 (Div. 2)
Fadel097,1430,1471,41,2555,2049,Codeforces Round 994 (Div. 2)
fansunrainbow,582,965,383,2555,2049,Codeforces Round 994 (Div. 2)
1nurtas,1215,1320,105,2555,2049,Codeforces Round 994 (Div. 2)
magagam,1715,1683,-32,2555,2049,Codeforces Round 994 (Div. 2)
siam-35862,1393,1444,51,2555,2049,Codeforces Round 994 (Div. 2)
007WSsr,1370,1428,58,2561,2049,Codeforces Round 994 (Div. 2)
tchuana4,1635,1622,-13,2561,2049,Codeforces Round 994 (Div. 2)
MegaBlaster505,1499,1521,22,2561,2049,Codeforces Round 994 (Div. 2)
PrathamJain,1571,1574,3,2561,2049,Codeforces Round 994 (Div. 2)
Dev-2004,1241,1337,96,2561,2049,Codeforces Round 994 (Div. 2)
surv_to_mipt,1699,1670,-29,2561,2049,Codeforces Round 994 (Div. 2)
dhruvcodes423,1492,1515,23,2561,2049,Codeforces Round 994 (Div. 2)
Khushhal,1428,1469,41,2561,2049,Codeforces Round 994 (Div. 2)
michaleproff,1435,1474,39,2561,2049,Codeforces Round 994 (Div. 2)
bassclef,1515,1532,17,2570,2049,Codeforces Round 994 (Div. 2)
Ellipse,1458,1491,33,2570,2049,Codeforces Round 994 (Div. 2)
Joey1060,1194,1367,173,2570,2049,Codeforces Round 994 (Div. 2)
Goutham_ur,1506,1526,20,2570,2049,Codeforces Round 994 (Div. 2)
a_cedia,1092,1293,201,2570,2049,Codeforces Round 994 (Div. 2)
shanks26,1151,1277,126,2570,2049,Codeforces Round 994 (Div. 2)
LLCCJJ,1289,1370,81,2570,2049,Codeforces Round 994 (Div. 2)
MohamedSaeed,1564,1569,5,2577,2049,Codeforces Round 994 (Div. 2)
pranay_1237,1309,1384,75,2577,2049,Codeforces Round 994 (Div. 2)
Rishabh__Jaiswal,1533,1545,12,2577,2049,Codeforces Round 994 (Div. 2)
Hydrogen,1594,1591,-3,2577,2049,Codeforces Round 994 (Div. 2)
tan074,1305,1381,76,2577,2049,Codeforces Round 994 (Div. 2)
NotGhavi,1138,1268,130,2577,2049,Codeforces Round 994 (Div. 2)
mtemp9898,1100,1243,143,2577,2049,Codeforces Round 994 (Div. 2)
Error303-CodeNotFound,1377,1432,55,2577,2049,Codeforces Round 994 (Div. 2)
TomitaMatei,1876,1805,-71,2585,2049,Codeforces Round 994 (Div. 2)
bithal,1344,1409,65,2585,2049,Codeforces Round 994 (Div. 2)
YC_Huo,1446,1481,35,2587,2049,Codeforces Round 994 (Div. 2)
Reisentyan,1373,1429,56,2587,2049,Codeforces Round 994 (Div. 2)
uhhharsh,1468,1497,29,2587,2049,Codeforces Round 994 (Div. 2)
Ghosting,1439,1476,37,2587,2049,Codeforces Round 994 (Div. 2)
Cebrayil09,1071,1224,153,2587,2049,Codeforces Round 994 (Div. 2)
dhruvs7,1329,1398,69,2587,2049,Codeforces Round 994 (Div. 2)
aryan_satija_1111,1555,1562,7,2593,2049,Codeforces Round 994 (Div. 2)
Vic710,1144,1271,127,2593,2049,Codeforces Round 994 (Div. 2)
Basargin,1658,1639,-19,2593,2049,Codeforces Round 994 (Div. 2)
S_V_M123,1619,1609,-10,2596,2049,Codeforces Round 994 (Div. 2)
gauravpramodwadhai07,1583,1582,-1,2596,2049,Codeforces Round 994 (Div. 2)
mayank_singal,1369,1485,116,2596,2049,Codeforces Round 994 (Div. 2)
nie_,1215,1319,104,2596,2049,Codeforces Round 994 (Div. 2)
3042568013x,1531,1543,12,2596,2049,Codeforces Round 994 (Div. 2)
maddybhanu2511,1523,1537,14,2601,2049,Codeforces Round 994 (Div. 2)
Raul2008487,1791,1739,-52,2601,2049,Codeforces Round 994 (Div. 2)
pragati_iitk,1349,1411,62,2601,2049,Codeforces Round 994 (Div. 2)
ZyadH1,1194,1304,110,2601,2049,Codeforces Round 994 (Div. 2)
udit5656,1531,1543,12,2601,2049,Codeforces Round 994 (Div. 2)
RainbowDash.,1660,1640,-20,2601,2049,Codeforces Round 994 (Div. 2)
dakshmv14,1665,1643,-22,2601,2049,Codeforces Round 994 (Div. 2)
SsSnIPE,1513,1530,17,2601,2049,Codeforces Round 994 (Div. 2)
taraneh_fakooran,1548,1556,8,2601,2049,Codeforces Round 994 (Div. 2)
ParasBedi298,1686,1659,-27,2601,2049,Codeforces Round 994 (Div. 2)
aadit59,1345,1408,63,2601,2049,Codeforces Round 994 (Div. 2)
Inori,1691,1663,-28,2612,2049,Codeforces Round 994 (Div. 2)
delegarzza,1300,1376,76,2612,2049,Codeforces Round 994 (Div. 2)
darkh_coder,1934,1849,-85,2612,2049,Codeforces Round 994 (Div. 2)
zundamochi,1349,1411,62,2612,2049,Codeforces Round 994 (Div. 2)
bura_t1,1184,1297,113,2612,2049,Codeforces Round 994 (Div. 2)
I_love_Si_Quy,1396,1444,48,2612,2049,Codeforces Round 994 (Div. 2)
43c65d1,1411,1455,44,2612,2049,Codeforces Round 994 (Div. 2)
CallmeSourav,1539,1549,10,2612,2049,Codeforces Round 994 (Div. 2)
Heisenberg_52,1138,1266,128,2612,2049,Codeforces Round 994 (Div. 2)
Duv,1656,1636,-20,2621,2049,Codeforces Round 994 (Div. 2)
ZoRoxLUFFY,1484,1508,24,2621,2049,Codeforces Round 994 (Div. 2)
MahmoudBassem,1758,1713,-45,2621,2049,Codeforces Round 994 (Div. 2)
yuval_b,1406,1451,45,2621,2049,Codeforces Round 994 (Div. 2)
L1419GHT,1382,1434,52,2625,2049,Codeforces Round 994 (Div. 2)
Luu_Hai_Dang,1494,1515,21,2625,2049,Codeforces Round 994 (Div. 2)
Tengen.,1239,1334,95,2625,2049,Codeforces Round 994 (Div. 2)
manvendra21,1448,1481,33,2628,2049,Codeforces Round 994 (Div. 2)
nightwing_808,1529,1540,11,2629,2049,Codeforces Round 994 (Div. 2)
Maddy_Great,825,1129,304,2629,2049,Codeforces Round 994 (Div. 2)
Maciesz,1506,1524,18,2629,2049,Codeforces Round 994 (Div. 2)
vitamin_hugmefirst,922,1130,208,2629,2049,Codeforces Round 994 (Div. 2)
DUNKITO,1332,1399,67,2629,2049,Codeforces Round 994 (Div. 2)
2288,1837,1774,-63,2629,2049,Codeforces Round 994 (Div. 2)
SiddharthJoshi,1677,1652,-25,2629,2049,Codeforces Round 994 (Div. 2)
mohdfahad,1584,1581,-3,2629,2049,Codeforces Round 994 (Div. 2)
srai2225,1348,1410,62,2629,2049,Codeforces Round 994 (Div. 2)
tangyutao123,1290,1404,114,2638,2049,Codeforces Round 994 (Div. 2)
off_AdityaGupta,1256,1345,89,2638,2049,Codeforces Round 994 (Div. 2)
raararaara,1683,1656,-27,2638,2049,Codeforces Round 994 (Div. 2)
kumzerikov,1656,1636,-20,2638,2049,Codeforces Round 994 (Div. 2)
saikrishna1681,1415,1457,42,2638,2049,Codeforces Round 994 (Div. 2)
adarshworkplace,1302,1376,74,2643,2049,Codeforces Round 994 (Div. 2)
Aritra_Ray,754,1078,324,2643,2049,Codeforces Round 994 (Div. 2)
sujal1234,1212,1315,103,2643,2049,Codeforces Round 994 (Div. 2)
Harsh_maheriya,1491,1512,21,2643,2049,Codeforces Round 994 (Div. 2)
wish-nu,1497,1516,19,2643,2049,Codeforces Round 994 (Div. 2)
isagi_yaichki,1586,1583,-3,2643,2049,Codeforces Round 994 (Div. 2)
23110276,1297,1373,76,2643,2049,Codeforces Round 994 (Div. 2)
envariant,1992,1894,-98,2643,2049,Codeforces Round 994 (Div. 2)
_sacred_021,1706,1673,-33,2643,2049,Codeforces Round 994 (Div. 2)
razoncdr,1395,1443,48,2652,2049,Codeforces Round 994 (Div. 2)
yinruiyang,463,870,407,2652,2049,Codeforces Round 994 (Div. 2)
Aylup,1550,1556,6,2652,2049,Codeforces Round 994 (Div. 2)
abramazani,1452,1484,32,2652,2049,Codeforces Round 994 (Div. 2)
Swayam78,1428,1466,38,2656,2049,Codeforces Round 994 (Div. 2)
reyhaneh01,1357,1415,58,2656,2049,Codeforces Round 994 (Div. 2)
Cuber-26,1477,1501,24,2656,2049,Codeforces Round 994 (Div. 2)
PorkythePig,1567,1568,1,2656,2049,Codeforces Round 994 (Div. 2)
Captain__Price,1555,1559,4,2656,2049,Codeforces Round 994 (Div. 2)
stasemv,1326,1393,67,2656,2049,Codeforces Round 994 (Div. 2)
ColinPaddock,1182,1328,146,2656,2049,Codeforces Round 994 (Div. 2)
TahsinArafat,1779,1729,-50,2656,2049,Codeforces Round 994 (Div. 2)
sainisiddharth99,1831,1768,-63,2664,2049,Codeforces Round 994 (Div. 2)
toshit3q34,1729,1690,-39,2664,2049,Codeforces Round 994 (Div. 2)
Prakul_Agrawal,1738,1697,-41,2664,2049,Codeforces Round 994 (Div. 2)
samriddhiguptaiitk,1201,1307,106,2667,2049,Codeforces Round 994 (Div. 2)
Piyush_sahoo,1523,1535,12,2667,2049,Codeforces Round 994 (Div. 2)
gungunsingh29,1553,1557,4,2669,2049,Codeforces Round 994 (Div. 2)
PipRa,1496,1515,19,2669,2049,Codeforces Round 994 (Div. 2)
Aeternum632,1350,1410,60,2669,2049,Codeforces Round 994 (Div. 2)
yzdu,1417,1458,41,2669,2049,Codeforces Round 994 (Div. 2)
Drill__Endeavor,1216,1316,100,2673,2049,Codeforces Round 994 (Div. 2)
uranus,1584,1580,-4,2673,2049,Codeforces Round 994 (Div. 2)
mrkushkansal,1039,1200,161,2673,2049,Codeforces Round 994 (Div. 2)
PurvaS15,1129,1259,130,2673,2049,Codeforces Round 994 (Div. 2)
fycccccc,1256,1409,153,2673,2049,Codeforces Round 994 (Div. 2)
Invincible745,1499,1517,18,2673,2049,Codeforces Round 994 (Div. 2)
NX7,1471,1496,25,2679,2049,Codeforces Round 994 (Div. 2)
SyamSriBalajiT,1305,1378,73,2679,2049,Codeforces Round 994 (Div. 2)
Bhu1kumaar,1105,1242,137,2679,2049,Codeforces Round 994 (Div. 2)
YashaswiR,1409,1452,43,2682,2049,Codeforces Round 994 (Div. 2)
dangidevanshu,1457,1486,29,2682,2049,Codeforces Round 994 (Div. 2)
Fresh,1593,1587,-6,2682,2049,Codeforces Round 994 (Div. 2)
SpongeIsMaster,1488,1509,21,2682,2049,Codeforces Round 994 (Div. 2)
hefflewq,1690,1660,-30,2686,2049,Codeforces Round 994 (Div. 2)
zhuyifan,1316,1421,105,2686,2049,Codeforces Round 994 (Div. 2)
Leadd,1355,1413,58,2686,2049,Codeforces Round 994 (Div. 2)
aerojpeg,429,844,415,2686,2049,Codeforces Round 994 (Div. 2)
mango_peel,1488,1509,21,2686,2049,Codeforces Round 994 (Div. 2)
Catchet,1337,1400,63,2686,2049,Codeforces Round 994 (Div. 2)
Punpun018,1416,1456,40,2692,2049,Codeforces Round 994 (Div. 2)
mnt36,1726,1687,-39,2692,2049,Codeforces Round 994 (Div. 2)
weily,1845,1778,-67,2692,2049,Codeforces Round 994 (Div. 2)
balaji1209,1289,1366,77,2692,2049,Codeforces Round 994 (Div. 2)
Hinataa_,1603,1593,-10,2692,2049,Codeforces Round 994 (Div. 2)
prem_1,1651,1630,-21,2692,2049,Codeforces Round 994 (Div. 2)
Encounter_kk,1787,1733,-54,2692,2049,Codeforces Round 994 (Div. 2)
Moni_2,1555,1558,3,2699,2049,Codeforces Round 994 (Div. 2)
DrRoshogullaDas,1411,1452,41,2699,2049,Codeforces Round 994 (Div. 2)
arthxrouyang,1346,1406,60,2699,2049,Codeforces Round 994 (Div. 2)
f20221318,1642,1624,-18,2699,2049,Codeforces Round 994 (Div. 2)
KLINH,1353,1411,58,2699,2049,Codeforces Round 994 (Div. 2)
HossamHero7,1709,1674,-35,2704,2049,Codeforces Round 994 (Div. 2)
ZZU-ZCY,1110,1245,135,2704,2049,Codeforces Round 994 (Div. 2)
shreyk,1464,1491,27,2704,2049,Codeforces Round 994 (Div. 2)
achyut88,1528,1538,10,2704,2049,Codeforces Round 994 (Div. 2)
Timetraveller123,680,1026,346,2704,2049,Codeforces Round 994 (Div. 2)
LonggVuz,1431,1503,72,2704,2049,Codeforces Round 994 (Div. 2)
x-wing,0,546,546,2704,2049,Codeforces Round 994 (Div. 2)
Nova_Shen,714,1048,334,2704,2049,Codeforces Round 994 (Div. 2)
gamejoye,1330,1394,64,2712,2049,Codeforces Round 994 (Div. 2)
aditya_mehta,382,811,429,2712,2049,Codeforces Round 994 (Div. 2)
aryangarg0729,1426,1463,37,2712,2049,Codeforces Round 994 (Div. 2)
Nemesis_4O4,1368,1421,53,2712,2049,Codeforces Round 994 (Div. 2)
PedroPacoca,1551,1555,4,2712,2049,Codeforces Round 994 (Div. 2)
kunj_kheni,1453,1482,29,2717,2049,Codeforces Round 994 (Div. 2)
alhod,1471,1495,24,2717,2049,Codeforces Round 994 (Div. 2)
gagandeep.singh,1451,1480,29,2717,2049,Codeforces Round 994 (Div. 2)
forevergreen1399,1341,1402,61,2717,2049,Codeforces Round 994 (Div. 2)
STK,1455,1484,29,2717,2049,Codeforces Round 994 (Div. 2)
I.dot,1297,1371,74,2717,2049,Codeforces Round 994 (Div. 2)
anonymuspj,1713,1676,-37,2717,2049,Codeforces Round 994 (Div. 2)
Surge568,1630,1613,-17,2717,2049,Codeforces Round 994 (Div. 2)
JustNoobkkk,1286,1363,77,2717,2049,Codeforces Round 994 (Div. 2)
RitaBrookshire,710,1030,320,2717,2049,Codeforces Round 994 (Div. 2)
halor,1420,1458,38,2727,2049,Codeforces Round 994 (Div. 2)
hippo19,1559,1560,1,2727,2049,Codeforces Round 994 (Div. 2)
embetapchill,1525,1535,10,2727,2049,Codeforces Round 994 (Div. 2)
mohsen_soleman,1186,1294,108,2727,2049,Codeforces Round 994 (Div. 2)
iuxan,1721,1682,-39,2727,2049,Codeforces Round 994 (Div. 2)
Paras__,1309,1379,70,2727,2049,Codeforces Round 994 (Div. 2)
alamsaibharath2005,1514,1527,13,2733,2049,Codeforces Round 994 (Div. 2)
Maryan_Shuika,1668,1642,-26,2733,2049,Codeforces Round 994 (Div. 2)
PhotonRush,1242,1388,146,2733,2049,Codeforces Round 994 (Div. 2)
Galaxy_KW,1797,1739,-58,2736,2049,Codeforces Round 994 (Div. 2)
czr0000,1511,1524,13,2736,2049,Codeforces Round 994 (Div. 2)
MichuD07,1375,1425,50,2736,2049,Codeforces Round 994 (Div. 2)
Ronit5,1553,1555,2,2736,2049,Codeforces Round 994 (Div. 2)
ghostVS,1562,1562,0,2736,2049,Codeforces Round 994 (Div. 2)
djs2904,1350,1407,57,2736,2049,Codeforces Round 994 (Div. 2)
Owaish777,1191,1297,106,2736,2049,Codeforces Round 994 (Div. 2)
noa233,1717,1678,-39,2736,2049,Codeforces Round 994 (Div. 2)
BacktrackerG,1585,1579,-6,2736,2049,Codeforces Round 994 (Div. 2)
miniyahirpro,1831,1766,-65,2736,2049,Codeforces Round 994 (Div. 2)
hangogogo,1641,1621,-20,2746,2049,Codeforces Round 994 (Div. 2)
Talharashid,1345,1404,59,2746,2049,Codeforces Round 994 (Div. 2)
ka45,1526,1535,9,2746,2049,Codeforces Round 994 (Div. 2)
Jahid__Noob,1443,1474,31,2746,2049,Codeforces Round 994 (Div. 2)
r_31,1630,1677,47,2746,2049,Codeforces Round 994 (Div. 2)
close_enough,1666,1640,-26,2746,2049,Codeforces Round 994 (Div. 2)
xiao14ren,1337,1398,61,2746,2049,Codeforces Round 994 (Div. 2)
zenith.exe,1071,1218,147,2746,2049,Codeforces Round 994 (Div. 2)
PekitaZ,1391,1436,45,2754,2049,Codeforces Round 994 (Div. 2)
Skyzhou,1470,1494,24,2754,2049,Codeforces Round 994 (Div. 2)
nipunnohria2016,1838,1771,-67,2754,2049,Codeforces Round 994 (Div. 2)
imMorningStar666,1361,1415,54,2754,2049,Codeforces Round 994 (Div. 2)
amogh_jalan,1271,1351,80,2754,2049,Codeforces Round 994 (Div. 2)
AA7med_N3GEH,1212,1311,99,2759,2049,Codeforces Round 994 (Div. 2)
Varshith127,1041,1198,157,2759,2049,Codeforces Round 994 (Div. 2)
Araceae,1411,1450,39,2759,2049,Codeforces Round 994 (Div. 2)
AbhinavSinghVishen,1428,1463,35,2759,2049,Codeforces Round 994 (Div. 2)
srivastavaaryanalc76,1120,1249,129,2759,2049,Codeforces Round 994 (Div. 2)
Frosted_maze,1297,1369,72,2759,2049,Codeforces Round 994 (Div. 2)
TranSiQuy,1544,1548,4,2759,2049,Codeforces Round 994 (Div. 2)
Alosqka,1483,1540,57,2766,2049,Codeforces Round 994 (Div. 2)
Zezo,1365,1417,52,2766,2049,Codeforces Round 994 (Div. 2)
cheng-jian,1667,1640,-27,2766,2049,Codeforces Round 994 (Div. 2)
petrenslavik,1375,1424,49,2766,2049,Codeforces Round 994 (Div. 2)
not_serious_enough,1431,1464,33,2770,2049,Codeforces Round 994 (Div. 2)
il-pragadish-aak,1394,1437,43,2770,2049,Codeforces Round 994 (Div. 2)
derovi,1987,1887,-100,2770,2049,Codeforces Round 994 (Div. 2)
fervor_w,1351,1407,56,2770,2049,Codeforces Round 994 (Div. 2)
hotBoi,1698,1663,-35,2770,2049,Codeforces Round 994 (Div. 2)
vijay_22,1218,1314,96,2770,2049,Codeforces Round 994 (Div. 2)
gyanratan,1276,1354,78,2770,2049,Codeforces Round 994 (Div. 2)
ming2022,1751,1704,-47,2770,2049,Codeforces Round 994 (Div. 2)
forsst50,1526,1534,8,2770,2049,Codeforces Round 994 (Div. 2)
dpmaharathy,1172,1283,111,2770,2049,Codeforces Round 994 (Div. 2)
parth121004,1416,1454,38,2770,2049,Codeforces Round 994 (Div. 2)
go_mu,1627,1610,-17,2781,2049,Codeforces Round 994 (Div. 2)
linvg,1567,1564,-3,2781,2049,Codeforces Round 994 (Div. 2)
God3l,1560,1559,-1,2781,2049,Codeforces Round 994 (Div. 2)
duoki,1690,1657,-33,2784,2049,Codeforces Round 994 (Div. 2)
codingmania066,1407,1447,40,2784,2049,Codeforces Round 994 (Div. 2)
Heixow,1294,1366,72,2784,2049,Codeforces Round 994 (Div. 2)
Hiraethsoul,1925,1838,-87,2784,2049,Codeforces Round 994 (Div. 2)
dhruv22170,1414,1452,38,2788,2049,Codeforces Round 994 (Div. 2)
naivedyam,1358,1412,54,2788,2049,Codeforces Round 994 (Div. 2)
Hanrit,1024,1187,163,2788,2049,Codeforces Round 994 (Div. 2)
Mosaab.,1559,1558,-1,2788,2049,Codeforces Round 994 (Div. 2)
loka.polampalli,1072,1217,145,2792,2049,Codeforces Round 994 (Div. 2)
utkarshmishra2111,944,1137,193,2792,2049,Codeforces Round 994 (Div. 2)
shiny_shine,1980,1881,-99,2792,2049,Codeforces Round 994 (Div. 2)
laughing_philosopher,1333,1394,61,2792,2049,Codeforces Round 994 (Div. 2)
Shoeib,1556,1556,0,2792,2049,Codeforces Round 994 (Div. 2)
vbsinha,1896,1815,-81,2792,2049,Codeforces Round 994 (Div. 2)
turururu,0,543,543,2798,2049,Codeforces Round 994 (Div. 2)
sohamsada123,1204,1304,100,2798,2049,Codeforces Round 994 (Div. 2)
shy_paper,1536,1541,5,2798,2049,Codeforces Round 994 (Div. 2)
Cheng0928,1551,1552,1,2798,2049,Codeforces Round 994 (Div. 2)
denk,1721,1680,-41,2802,2049,Codeforces Round 994 (Div. 2)
clueless_girrafe,1275,1353,78,2802,2049,Codeforces Round 994 (Div. 2)
Lost_from_Light,1480,1499,19,2802,2049,Codeforces Round 994 (Div. 2)
yash089,924,1167,243,2802,2049,Codeforces Round 994 (Div. 2)
_sano_,1119,1247,128,2802,2049,Codeforces Round 994 (Div. 2)
paramveer5404,1532,1537,5,2807,2049,Codeforces Round 994 (Div. 2)
shxun,1557,1556,-1,2807,2049,Codeforces Round 994 (Div. 2)
Rishabh_king,1671,1642,-29,2807,2049,Codeforces Round 994 (Div. 2)
Titan493ASST,1434,1466,32,2807,2049,Codeforces Round 994 (Div. 2)
gaopeiqi,890,1170,280,2807,2049,Codeforces Round 994 (Div. 2)
deenium,1547,1549,2,2807,2049,Codeforces Round 994 (Div. 2)
ssugamlm10,1291,1363,72,2807,2049,Codeforces Round 994 (Div. 2)
Roll_Num_44,1517,1526,9,2807,2049,Codeforces Round 994 (Div. 2)
flechita_veloz,1378,1425,47,2807,2049,Codeforces Round 994 (Div. 2)
crazy0215,1184,1290,106,2807,2049,Codeforces Round 994 (Div. 2)
arnab_baishnab,1622,1605,-17,2817,2049,Codeforces Round 994 (Div. 2)
FoxMinusCat,1662,1635,-27,2817,2049,Codeforces Round 994 (Div. 2)
mohao.zarya,349,784,435,2817,2049,Codeforces Round 994 (Div. 2)
culprit_1011,1501,1514,13,2817,2049,Codeforces Round 994 (Div. 2)
varun312,1398,1439,41,2817,2049,Codeforces Round 994 (Div. 2)
transporter,1255,1338,83,2817,2049,Codeforces Round 994 (Div. 2)
chiraga196,1502,1515,13,2823,2049,Codeforces Round 994 (Div. 2)
achuru,549,926,377,2823,2049,Codeforces Round 994 (Div. 2)
CODE__INFINITY,1684,1651,-33,2823,2049,Codeforces Round 994 (Div. 2)
zpestsov,1452,1478,26,2823,2049,Codeforces Round 994 (Div. 2)
Legendary_king,1164,1276,112,2823,2049,Codeforces Round 994 (Div. 2)
tiankonguse,1643,1620,-23,2828,2049,Codeforces Round 994 (Div. 2)
_suresh_kurmi,1228,1319,91,2828,2049,Codeforces Round 994 (Div. 2)
yyyyyd,1483,1501,18,2828,2049,Codeforces Round 994 (Div. 2)
gdani,1674,1644,-30,2828,2049,Codeforces Round 994 (Div. 2)
jai6san,710,1041,331,2828,2049,Codeforces Round 994 (Div. 2)
airat102,1455,1480,25,2828,2049,Codeforces Round 994 (Div. 2)
kyoshiki_murasaki,1468,1490,22,2834,2049,Codeforces Round 994 (Div. 2)
scanner,1726,1683,-43,2834,2049,Codeforces Round 994 (Div. 2)
vindication2023,1115,1243,128,2834,2049,Codeforces Round 994 (Div. 2)
Andha_Hoon,1532,1537,5,2834,2049,Codeforces Round 994 (Div. 2)
M905,1153,1268,115,2834,2049,Codeforces Round 994 (Div. 2)
Bassmala_Abood4,1451,1477,26,2834,2049,Codeforces Round 994 (Div. 2)
MRasool,1292,1363,71,2834,2049,Codeforces Round 994 (Div. 2)
amir7777,1581,1573,-8,2834,2049,Codeforces Round 994 (Div. 2)
OrinLoong,1527,1533,6,2842,2049,Codeforces Round 994 (Div. 2)
ParthN27,1611,1595,-16,2842,2049,Codeforces Round 994 (Div. 2)
na_ru_to,1322,1384,62,2842,2049,Codeforces Round 994 (Div. 2)
eugenechka.boyko.2_0-0,1668,1639,-29,2845,2049,Codeforces Round 994 (Div. 2)
Dif1rent,1403,1442,39,2845,2049,Codeforces Round 994 (Div. 2)
5_11N,1338,1395,57,2845,2049,Codeforces Round 994 (Div. 2)
TalkySafe143,1407,1445,38,2845,2049,Codeforces Round 994 (Div. 2)
risingStark,1457,1481,24,2845,2049,Codeforces Round 994 (Div. 2)
Kunal7373,1269,1347,78,2845,2049,Codeforces Round 994 (Div. 2)
keshav.sai0311,1437,1466,29,2851,2049,Codeforces Round 994 (Div. 2)
OMKAR_7777,1160,1272,112,2851,2049,Codeforces Round 994 (Div. 2)
ctw123,1349,1403,54,2851,2049,Codeforces Round 994 (Div. 2)
wzhd123,1435,1465,30,2851,2049,Codeforces Round 994 (Div. 2)
DontEatRabbit,1419,1453,34,2851,2049,Codeforces Round 994 (Div. 2)
karthi222528,1671,1641,-30,2851,2049,Codeforces Round 994 (Div. 2)
khalfa,1356,1444,88,2857,2049,Codeforces Round 994 (Div. 2)
pushpa_kumar,1212,1307,95,2857,2049,Codeforces Round 994 (Div. 2)
ubormaci,1322,1384,62,2857,2049,Codeforces Round 994 (Div. 2)
Zhanibekkk,1282,1356,74,2857,2049,Codeforces Round 994 (Div. 2)
pythan,1680,1647,-33,2861,2049,Codeforces Round 994 (Div. 2)
NiGhT-h-MaRe,1488,1503,15,2861,2049,Codeforces Round 994 (Div. 2)
Shaaker,1224,1315,91,2861,2049,Codeforces Round 994 (Div. 2)
xoda18,1522,1529,7,2861,2049,Codeforces Round 994 (Div. 2)
Aiyaari,1248,1367,119,2861,2049,Codeforces Round 994 (Div. 2)
Ne0B1ade,1352,1405,53,2861,2049,Codeforces Round 994 (Div. 2)
Raima17,969,1195,226,2867,2049,Codeforces Round 994 (Div. 2)
golu_29,1271,1348,77,2868,2049,Codeforces Round 994 (Div. 2)
raghavmangla04,1476,1494,18,2868,2049,Codeforces Round 994 (Div. 2)
VectorSmasher,1577,1569,-8,2868,2049,Codeforces Round 994 (Div. 2)
Baby_Bird,1520,1527,7,2868,2049,Codeforces Round 994 (Div. 2)
alphabeta2025,1416,1451,35,2868,2049,Codeforces Round 994 (Div. 2)
greylife18,1057,1259,202,2868,2049,Codeforces Round 994 (Div. 2)
BerSerKeR07,1656,1629,-27,2874,2049,Codeforces Round 994 (Div. 2)
Vaibhav_Gupta_22,1347,1401,54,2874,2049,Codeforces Round 994 (Div. 2)
RSG_02,1580,1571,-9,2874,2049,Codeforces Round 994 (Div. 2)
vicious_vile,1437,1466,29,2874,2049,Codeforces Round 994 (Div. 2)
M__Sobhi,1411,1446,35,2874,2049,Codeforces Round 994 (Div. 2)
SummitClimbingDevil,1508,1518,10,2874,2049,Codeforces Round 994 (Div. 2)
William_ChenZiMo,1300,1368,68,2874,2049,Codeforces Round 994 (Div. 2)
Rayquaza,1527,1531,4,2874,2049,Codeforces Round 994 (Div. 2)
102301635fushijie,1429,1460,31,2874,2049,Codeforces Round 994 (Div. 2)
isma,1560,1556,-4,2874,2049,Codeforces Round 994 (Div. 2)
Another_Isamatdin,1405,1442,37,2874,2049,Codeforces Round 994 (Div. 2)
nazeeftham007,1435,1464,29,2885,2049,Codeforces Round 994 (Div. 2)
BlueBird45,1329,1388,59,2885,2049,Codeforces Round 994 (Div. 2)
fuckkkk2,673,979,306,2885,2049,Codeforces Round 994 (Div. 2)
GU_77,1478,1495,17,2885,2049,Codeforces Round 994 (Div. 2)
AutumnMist,1671,1640,-31,2885,2049,Codeforces Round 994 (Div. 2)
gully_gurl,1276,1350,74,2890,2049,Codeforces Round 994 (Div. 2)
ParsaFarin,1536,1538,2,2890,2049,Codeforces Round 994 (Div. 2)
Cloudy,1601,1586,-15,2890,2049,Codeforces Round 994 (Div. 2)
accismus_k,1475,1493,18,2890,2049,Codeforces Round 994 (Div. 2)
aryanmaurya264,1335,1392,57,2890,2049,Codeforces Round 994 (Div. 2)
Semyazi,1569,1563,-6,2890,2049,Codeforces Round 994 (Div. 2)
manideep2004,1444,1470,26,2896,2049,Codeforces Round 994 (Div. 2)
ableed,1339,1395,56,2896,2049,Codeforces Round 994 (Div. 2)
sk1000,1269,1345,76,2896,2049,Codeforces Round 994 (Div. 2)
Phuocbua,1587,1576,-11,2896,2049,Codeforces Round 994 (Div. 2)
Emadow,1200,1298,98,2896,2049,Codeforces Round 994 (Div. 2)
karinmnezevic,1504,1514,10,2901,2049,Codeforces Round 994 (Div. 2)
Not_Deserve,1349,1402,53,2901,2049,Codeforces Round 994 (Div. 2)
IamHereForFun,1617,1598,-19,2901,2049,Codeforces Round 994 (Div. 2)
zoro_ar_k,1370,1417,47,2901,2049,Codeforces Round 994 (Div. 2)
salatunia,0,540,540,2905,2049,Codeforces Round 994 (Div. 2)
Anav_Agrawal,1528,1532,4,2905,2049,Codeforces Round 994 (Div. 2)
Abhinav_Sudini,1372,1418,46,2905,2049,Codeforces Round 994 (Div. 2)
Whxxxxx318,1752,1701,-51,2905,2049,Codeforces Round 994 (Div. 2)
S4MI,1526,1531,5,2905,2049,Codeforces Round 994 (Div. 2)
Alg01,1855,1780,-75,2910,2049,Codeforces Round 994 (Div. 2)
VaibhavRai10,1455,1478,23,2910,2049,Codeforces Round 994 (Div. 2)
hari_krishna_reddy,1416,1449,33,2910,2049,Codeforces Round 994 (Div. 2)
edga,1699,1660,-39,2910,2049,Codeforces Round 994 (Div. 2)
vandalcrime2,1469,1488,19,2910,2049,Codeforces Round 994 (Div. 2)
littlemistake,1304,1427,123,2915,2049,Codeforces Round 994 (Div. 2)
ananymous507,1687,1651,-36,2915,2049,Codeforces Round 994 (Div. 2)
MojoLake,1606,1590,-16,2915,2049,Codeforces Round 994 (Div. 2)
PakinDioxide,1614,1596,-18,2915,2049,Codeforces Round 994 (Div. 2)
Usami_Renko,1256,1336,80,2915,2049,Codeforces Round 994 (Div. 2)
JhdFarrell,1645,1619,-26,2915,2049,Codeforces Round 994 (Div. 2)
BayernForce,1498,1509,11,2921,2049,Codeforces Round 994 (Div. 2)
Swarnadip_Kar,1414,1447,33,2921,2049,Codeforces Round 994 (Div. 2)
binggun,1540,1540,0,2921,2049,Codeforces Round 994 (Div. 2)
mkkkkkkkk,1563,1557,-6,2921,2049,Codeforces Round 994 (Div. 2)
kibr,1778,1720,-58,2925,2049,Codeforces Round 994 (Div. 2)
Ishan2004,1499,1509,10,2925,2049,Codeforces Round 994 (Div. 2)
Tathya_,1236,1322,86,2925,2049,Codeforces Round 994 (Div. 2)
walterTheRock,1912,1824,-88,2925,2049,Codeforces Round 994 (Div. 2)
lingchen107,1198,1296,98,2925,2049,Codeforces Round 994 (Div. 2)
RUN-FUN,1272,1346,74,2930,2049,Codeforces Round 994 (Div. 2)
ruast,0,539,539,2930,2049,Codeforces Round 994 (Div. 2)
ZLA000,773,1082,309,2930,2049,Codeforces Round 994 (Div. 2)
Mitanshu111,1199,1296,97,2930,2049,Codeforces Round 994 (Div. 2)
amans584,1290,1359,69,2930,2049,Codeforces Round 994 (Div. 2)
torif,1525,1529,4,2930,2049,Codeforces Round 994 (Div. 2)
tapuuu,1396,1471,75,2930,2049,Codeforces Round 994 (Div. 2)
Yti_J,1519,1525,6,2930,2049,Codeforces Round 994 (Div. 2)
Kato_Shoko,1354,1404,50,2930,2049,Codeforces Round 994 (Div. 2)
THE_DARKHORSE,1396,1434,38,2939,2049,Codeforces Round 994 (Div. 2)
MNTEEOKK,1110,1237,127,2939,2049,Codeforces Round 994 (Div. 2)
d2s2,1583,1571,-12,2939,2049,Codeforces Round 994 (Div. 2)
Zerone.,1468,1487,19,2939,2049,Codeforces Round 994 (Div. 2)
l_yzzz,1446,1470,24,2943,2049,Codeforces Round 994 (Div. 2)
_firstexception,1243,1326,83,2943,2049,Codeforces Round 994 (Div. 2)
Yash_Maniya,1496,1507,11,2943,2049,Codeforces Round 994 (Div. 2)
Ayaman,1209,1302,93,2946,2049,Codeforces Round 994 (Div. 2)
tejkumar_40,1254,1333,79,2946,2049,Codeforces Round 994 (Div. 2)
_Solyman_,1825,1756,-69,2946,2049,Codeforces Round 994 (Div. 2)
HenriqueCP,1603,1587,-16,2946,2049,Codeforces Round 994 (Div. 2)
lastSeen,1613,1594,-19,2950,2049,Codeforces Round 994 (Div. 2)
Abhiraj,1445,1469,24,2950,2049,Codeforces Round 994 (Div. 2)
choudharymohit,1338,1463,125,2950,2049,Codeforces Round 994 (Div. 2)
22bec021,1393,1432,39,2950,2049,Codeforces Round 994 (Div. 2)
Egora.,1543,1542,-1,2950,2049,Codeforces Round 994 (Div. 2)
checknmate,730,1052,322,2950,2049,Codeforces Round 994 (Div. 2)
JaneStreetBoi,1412,1445,33,2956,2049,Codeforces Round 994 (Div. 2)
namaris15,1002,1217,215,2956,2049,Codeforces Round 994 (Div. 2)
LeoZhang_2012,1288,1357,69,2956,2049,Codeforces Round 994 (Div. 2)
gym123456,1591,1577,-14,2956,2049,Codeforces Round 994 (Div. 2)
sathvik_666,1311,1373,62,2956,2049,Codeforces Round 994 (Div. 2)
shaayaan,1528,1530,2,2961,2049,Codeforces Round 994 (Div. 2)
wandanoko,1287,1356,69,2961,2049,Codeforces Round 994 (Div. 2)
ImplementationFault,1088,1221,133,2961,2049,Codeforces Round 994 (Div. 2)
DxKinG,1466,1484,18,2961,2049,Codeforces Round 994 (Div. 2)
salvini_god,1717,1673,-44,2961,2049,Codeforces Round 994 (Div. 2)
Deadpool_11,1129,1248,119,2961,2049,Codeforces Round 994 (Div. 2)
Nagerhide,1315,1375,60,2961,2049,Codeforces Round 994 (Div. 2)
amit_shinde,1559,1553,-6,2968,2049,Codeforces Round 994 (Div. 2)
RauPro,1461,1480,19,2968,2049,Codeforces Round 994 (Div. 2)
darknight_il,1594,1579,-15,2968,2049,Codeforces Round 994 (Div. 2)
kesava_9,1277,1349,72,2968,2049,Codeforces Round 994 (Div. 2)
cp_31,1231,1317,86,2968,2049,Codeforces Round 994 (Div. 2)
sniper_0101,1803,1738,-65,2968,2049,Codeforces Round 994 (Div. 2)
5311_Runtime_Terror,1046,1194,148,2968,2049,Codeforces Round 994 (Div. 2)
Mohit1802,1590,1576,-14,2968,2049,Codeforces Round 994 (Div. 2)
LazyPaneer,1363,1409,46,2976,2049,Codeforces Round 994 (Div. 2)
core,1832,1761,-71,2976,2049,Codeforces Round 994 (Div. 2)
ABHISHEK__KUMAR,1284,1354,70,2976,2049,Codeforces Round 994 (Div. 2)
Arisbek,1316,1376,60,2976,2049,Codeforces Round 994 (Div. 2)
Dung2008,1334,1389,55,2976,2049,Codeforces Round 994 (Div. 2)
Vallano,1335,1389,54,2981,2049,Codeforces Round 994 (Div. 2)
Black-Octopus,1591,1577,-14,2981,2049,Codeforces Round 994 (Div. 2)
average_engineer,1649,1621,-28,2981,2049,Codeforces Round 994 (Div. 2)
praxkilleryt,0,538,538,2981,2049,Codeforces Round 994 (Div. 2)
Pranjald72,1340,1393,53,2981,2049,Codeforces Round 994 (Div. 2)
mega_bot,1538,1537,-1,2981,2049,Codeforces Round 994 (Div. 2)
Runny_Boi,1480,1494,14,2987,2049,Codeforces Round 994 (Div. 2)
huo_hua_ya,1633,1608,-25,2987,2049,Codeforces Round 994 (Div. 2)
Sena.,1473,1489,16,2987,2049,Codeforces Round 994 (Div. 2)
NikhilKumar_11,1287,1355,68,2987,2049,Codeforces Round 994 (Div. 2)
youknowwho05,1578,1567,-11,2987,2049,Codeforces Round 994 (Div. 2)
Teddydudu,1586,1573,-13,2987,2049,Codeforces Round 994 (Div. 2)
zzzssz,1179,1281,102,2987,2049,Codeforces Round 994 (Div. 2)
Mirzaa,1514,1519,5,2987,2049,Codeforces Round 994 (Div. 2)
harsh_1503,1326,1382,56,2987,2049,Codeforces Round 994 (Div. 2)
rishigodre14,1522,1525,3,2996,2049,Codeforces Round 994 (Div. 2)
pechenushk,894,1141,247,2996,2049,Codeforces Round 994 (Div. 2)
gareeb_koder,1551,1546,-5,2996,2049,Codeforces Round 994 (Div. 2)
dad,1494,1504,10,2996,2049,Codeforces Round 994 (Div. 2)
Md.Salam_Uddin,1142,1255,113,3000,2049,Codeforces Round 994 (Div. 2)
rohithReddy_45,1412,1444,32,3000,2049,Codeforces Round 994 (Div. 2)
He_XY,1561,1554,-7,3000,2049,Codeforces Round 994 (Div. 2)
ntntnt,1104,1288,184,3000,2049,Codeforces Round 994 (Div. 2)
Moemi_,1495,1505,10,3000,2049,Codeforces Round 994 (Div. 2)
tytytonyty,1440,1525,85,3000,2049,Codeforces Round 994 (Div. 2)
KrishnaSh1355,1633,1608,-25,3000,2049,Codeforces Round 994 (Div. 2)
saikowshikpadala,1358,1405,47,3000,2049,Codeforces Round 994 (Div. 2)
a-a-a,1782,1721,-61,3008,2049,Codeforces Round 994 (Div. 2)
Salmon2653,1781,1721,-60,3008,2049,Codeforces Round 994 (Div. 2)
jaiswalXKrish,1256,1333,77,3008,2049,Codeforces Round 994 (Div. 2)
AJ_codes_CP,940,1171,231,3011,2049,Codeforces Round 994 (Div. 2)
sk_143,1394,1430,36,3011,2049,Codeforces Round 994 (Div. 2)
booleancube,1360,1406,46,3011,2049,Codeforces Round 994 (Div. 2)
mbez,1313,1443,130,3011,2049,Codeforces Round 994 (Div. 2)
NLsosad,1112,1235,123,3011,2049,Codeforces Round 994 (Div. 2)
adil198,1334,1387,53,3011,2049,Codeforces Round 994 (Div. 2)
dipaR,1452,1473,21,3011,2049,Codeforces Round 994 (Div. 2)
Immortal100,1173,1276,103,3011,2049,Codeforces Round 994 (Div. 2)
yuwanshbansal,1420,1450,30,3011,2049,Codeforces Round 994 (Div. 2)
codersachdeva,1640,1613,-27,3020,2049,Codeforces Round 994 (Div. 2)
datma._coder,1491,1501,10,3020,2049,Codeforces Round 994 (Div. 2)
SLastChance,1710,1666,-44,3020,2049,Codeforces Round 994 (Div. 2)
mpxsuyzmk3008,1591,1575,-16,3020,2049,Codeforces Round 994 (Div. 2)
d_bansal,955,1136,181,3020,2049,Codeforces Round 994 (Div. 2)
sierracharlie,1111,1234,123,3020,2049,Codeforces Round 994 (Div. 2)
AnK7r_A,1423,1451,28,3020,2049,Codeforces Round 994 (Div. 2)
chinmaisabarish,1426,1453,27,3020,2049,Codeforces Round 994 (Div. 2)
Devotte_Of_Lord_Hanuman,753,1065,312,3028,2049,Codeforces Round 994 (Div. 2)
CodeCraftsPhoenix,1628,1604,-24,3028,2049,Codeforces Round 994 (Div. 2)
abhinavpt405,1292,1357,65,3028,2049,Codeforces Round 994 (Div. 2)
MaiHoonDawn,1349,1398,49,3028,2049,Codeforces Round 994 (Div. 2)
wly_sh,1543,1539,-4,3028,2049,Codeforces Round 994 (Div. 2)
Blazagon,1131,1344,213,3028,2049,Codeforces Round 994 (Div. 2)
S3nSei,1436,1460,24,3034,2049,Codeforces Round 994 (Div. 2)
Shivam_0001,1367,1410,43,3034,2049,Codeforces Round 994 (Div. 2)
dipeshpatidar,1199,1293,94,3034,2049,Codeforces Round 994 (Div. 2)
abhinavkumar03,1399,1433,34,3037,2049,Codeforces Round 994 (Div. 2)
Greyitis,1414,1445,31,3037,2049,Codeforces Round 994 (Div. 2)
rajat11,1574,1563,-11,3037,2049,Codeforces Round 994 (Div. 2)
rishitverma,1305,1366,61,3037,2049,Codeforces Round 994 (Div. 2)
kanishkgupta071,1775,1715,-60,3041,2049,Codeforces Round 994 (Div. 2)
asdfg1021,1472,1487,15,3041,2049,Codeforces Round 994 (Div. 2)
shivank_dixit,1197,1291,94,3041,2049,Codeforces Round 994 (Div. 2)
Flaminthunder,1346,1431,85,3041,2049,Codeforces Round 994 (Div. 2)
ariv_l.,974,1147,173,3041,2049,Codeforces Round 994 (Div. 2)
jagbarrameda,1188,1285,97,3046,2049,Codeforces Round 994 (Div. 2)
iamarman,1453,1472,19,3046,2049,Codeforces Round 994 (Div. 2)
chaoming,731,1055,324,3046,2049,Codeforces Round 994 (Div. 2)
wlkmok369,1499,1506,7,3046,2049,Codeforces Round 994 (Div. 2)
ycperson,1462,1479,17,3050,2049,Codeforces Round 994 (Div. 2)
BonnieCaledonia,1490,1500,10,3050,2049,Codeforces Round 994 (Div. 2)
Bazzinga02,854,1137,283,3052,2049,Codeforces Round 994 (Div. 2)
sufi_16,1447,1468,21,3052,2049,Codeforces Round 994 (Div. 2)
zzhr021021,1765,1707,-58,3052,2049,Codeforces Round 994 (Div. 2)
Vimury,1316,1373,57,3052,2049,Codeforces Round 994 (Div. 2)
RagePhoenix,1468,1483,15,3052,2049,Codeforces Round 994 (Div. 2)
lwrnc788,1373,1414,41,3057,2049,Codeforces Round 994 (Div. 2)
chengyanghao,546,917,371,3057,2049,Codeforces Round 994 (Div. 2)
sayglenn,1287,1353,66,3057,2049,Codeforces Round 994 (Div. 2)
sabhesan,1503,1509,6,3057,2049,Codeforces Round 994 (Div. 2)
uddhav_Nagar,1466,1482,16,3057,2049,Codeforces Round 994 (Div. 2)
d-light,1339,1390,51,3062,2049,Codeforces Round 994 (Div. 2)
greenbinjack,1567,1556,-11,3062,2049,Codeforces Round 994 (Div. 2)
yeling,1299,1361,62,3064,2049,Codeforces Round 994 (Div. 2)
Hide_on_bush,1330,1383,53,3064,2049,Codeforces Round 994 (Div. 2)
RagavKR,1188,1284,96,3064,2049,Codeforces Round 994 (Div. 2)
goldencheems,1386,1483,97,3064,2049,Codeforces Round 994 (Div. 2)
sha_rdy,1645,1615,-30,3064,2049,Codeforces Round 994 (Div. 2)
porcelli,1294,1357,63,3069,2049,Codeforces Round 994 (Div. 2)
Grape_fruit,1492,1500,8,3069,2049,Codeforces Round 994 (Div. 2)
LovelyLife,1662,1628,-34,3069,2049,Codeforces Round 994 (Div. 2)
dhanunjaygurram12340,1306,1366,60,3069,2049,Codeforces Round 994 (Div. 2)
LuoxuanLove,1695,1653,-42,3069,2049,Codeforces Round 994 (Div. 2)
Lavzilla,1477,1489,12,3069,2049,Codeforces Round 994 (Div. 2)
kovid17,1396,1430,34,3069,2049,Codeforces Round 994 (Div. 2)
calebmartim,1601,1582,-19,3076,2049,Codeforces Round 994 (Div. 2)
rakim_,1236,1317,81,3076,2049,Codeforces Round 994 (Div. 2)
sunny_2005,1217,1359,142,3076,2049,Codeforces Round 994 (Div. 2)
Byte_Forge,1081,1213,132,3076,2049,Codeforces Round 994 (Div. 2)
sagorahmedmunna,1481,1492,11,3076,2049,Codeforces Round 994 (Div. 2)
NumeratorX4831,1093,1278,185,3076,2049,Codeforces Round 994 (Div. 2)
CITLALI_,1548,1542,-6,3076,2049,Codeforces Round 994 (Div. 2)
shoaib54445,1115,1235,120,3076,2049,Codeforces Round 994 (Div. 2)
starry-sky-155,1425,1451,26,3076,2049,Codeforces Round 994 (Div. 2)
adityaaryan151,1424,1450,26,3085,2049,Codeforces Round 994 (Div. 2)
saurabhraj7480,1217,1303,86,3085,2049,Codeforces Round 994 (Div. 2)
NotNotNehal,1145,1315,170,3085,2049,Codeforces Round 994 (Div. 2)
tehlka_omellete,355,780,425,3088,2049,Codeforces Round 994 (Div. 2)
Yaseen_Ahmad,1510,1514,4,3088,2049,Codeforces Round 994 (Div. 2)
aayu_iitr,1302,1362,60,3088,2049,Codeforces Round 994 (Div. 2)
E1e3_fan,1263,1335,72,3088,2049,Codeforces Round 994 (Div. 2)
marq64,456,850,394,3092,2049,Codeforces Round 994 (Div. 2)
Vishal_Kr_Maurya,1321,1376,55,3092,2049,Codeforces Round 994 (Div. 2)
MJavad,1625,1600,-25,3092,2049,Codeforces Round 994 (Div. 2)
Tan_Wei_Ye,1680,1641,-39,3092,2049,Codeforces Round 994 (Div. 2)
nintwa,1627,1601,-26,3092,2049,Codeforces Round 994 (Div. 2)
Frange,1249,1360,111,3097,2049,Codeforces Round 994 (Div. 2)
Zhuluoan,1240,1319,79,3097,2049,Codeforces Round 994 (Div. 2)
Jatin_jain,1289,1353,64,3097,2049,Codeforces Round 994 (Div. 2)
Quake04,1473,1486,13,3097,2049,Codeforces Round 994 (Div. 2)
tvvister,1412,1441,29,3097,2049,Codeforces Round 994 (Div. 2)
SigmaGoku,1659,1625,-34,3097,2049,Codeforces Round 994 (Div. 2)
Haider-Sultan,1153,1260,107,3103,2049,Codeforces Round 994 (Div. 2)
iasmimqf,1557,1548,-9,3103,2049,Codeforces Round 994 (Div. 2)
vulestamenkovic,1480,1491,11,3103,2049,Codeforces Round 994 (Div. 2)
sumit_mittal_5329,1054,1195,141,3106,2049,Codeforces Round 994 (Div. 2)
The_Yeagerist,1478,1489,11,3106,2049,Codeforces Round 994 (Div. 2)
iWillBeLessThanCyan,1402,1433,31,3106,2049,Codeforces Round 994 (Div. 2)
AlphaRho,1563,1552,-11,3106,2049,Codeforces Round 994 (Div. 2)
kartik__sethi,1609,1587,-22,3106,2049,Codeforces Round 994 (Div. 2)
Mr_Surfer,1605,1584,-21,3111,2049,Codeforces Round 994 (Div. 2)
obiskywalker,1370,1410,40,3111,2049,Codeforces Round 994 (Div. 2)
christmas964,1324,1377,53,3111,2049,Codeforces Round 994 (Div. 2)
krish.mangal,1503,1507,4,3111,2049,Codeforces Round 994 (Div. 2)
mahskas_17,1341,1389,48,3111,2049,Codeforces Round 994 (Div. 2)
traveler_47,1367,1408,41,3111,2049,Codeforces Round 994 (Div. 2)
UP84,2015,1901,-114,3111,2049,Codeforces Round 994 (Div. 2)
shourov,1310,1367,57,3111,2049,Codeforces Round 994 (Div. 2)
HackerGupta069,1836,1760,-76,3111,2049,Codeforces Round 994 (Div. 2)
shinchan_roy,1334,1443,109,3111,2049,Codeforces Round 994 (Div. 2)
tc_adventureking,1486,1495,9,3111,2049,Codeforces Round 994 (Div. 2)
dCoding,1695,1652,-43,3111,2049,Codeforces Round 994 (Div. 2)
pukhraj10,1047,1238,191,3123,2049,Codeforces Round 994 (Div. 2)
aleC_aleC,1119,1236,117,3123,2049,Codeforces Round 994 (Div. 2)
The_King_0_0,1302,1361,59,3123,2049,Codeforces Round 994 (Div. 2)
sgement,1306,1364,58,3123,2049,Codeforces Round 994 (Div. 2)
___Johniel,1632,1604,-28,3123,2049,Codeforces Round 994 (Div. 2)
Ambug_Pls_Debug,1379,1416,37,3128,2049,Codeforces Round 994 (Div. 2)
rishupjane,1331,1382,51,3128,2049,Codeforces Round 994 (Div. 2)
1_I_I,1262,1333,71,3128,2049,Codeforces Round 994 (Div. 2)
lavishdungerpuriya,1301,1360,59,3128,2049,Codeforces Round 994 (Div. 2)
GuessWho_A,1453,1470,17,3128,2049,Codeforces Round 994 (Div. 2)
SeeYouSpaceCowboy,1207,1295,88,3133,2049,Codeforces Round 994 (Div. 2)
gambit001,1427,1451,24,3133,2049,Codeforces Round 994 (Div. 2)
debate,1635,1606,-29,3133,2049,Codeforces Round 994 (Div. 2)
aowuu,1461,1476,15,3136,2049,Codeforces Round 994 (Div. 2)
Jerrytqx,1285,1349,64,3136,2049,Codeforces Round 994 (Div. 2)
apoorvabajpai2,852,1133,281,3136,2049,Codeforces Round 994 (Div. 2)
Akinator007,1202,1291,89,3139,2049,Codeforces Round 994 (Div. 2)
devsharma1322,1442,1462,20,3139,2049,Codeforces Round 994 (Div. 2)
ashu_1491981,1381,1417,36,3139,2049,Codeforces Round 994 (Div. 2)
arkalatua2005,1160,1263,103,3139,2049,Codeforces Round 994 (Div. 2)
dreameater69,1491,1497,6,3139,2049,Codeforces Round 994 (Div. 2)
86.pushkar.24,1569,1556,-13,3144,2049,Codeforces Round 994 (Div. 2)
chiyaa_,1637,1607,-30,3144,2049,Codeforces Round 994 (Div. 2)
NKN,1431,1453,22,3144,2049,Codeforces Round 994 (Div. 2)
dipanshu115,1389,1423,34,3144,2049,Codeforces Round 994 (Div. 2)
RajGyanu,1327,1378,51,3144,2049,Codeforces Round 994 (Div. 2)
Fuyuki_Vila,1363,1404,41,3144,2049,Codeforces Round 994 (Div. 2)
Yasin_Malek,1513,1514,1,3150,2049,Codeforces Round 994 (Div. 2)
blue_chair,1356,1399,43,3150,2049,Codeforces Round 994 (Div. 2)
albfr,1240,1317,77,3150,2049,Codeforces Round 994 (Div. 2)
Perhac,1360,1402,42,3150,2049,Codeforces Round 994 (Div. 2)
adilsadman60,1557,1546,-11,3150,2049,Codeforces Round 994 (Div. 2)
NeVzZo,1673,1634,-39,3150,2049,Codeforces Round 994 (Div. 2)
4elovek1543s,1362,1403,41,3156,2049,Codeforces Round 994 (Div. 2)
sang41dz,1054,1242,188,3156,2049,Codeforces Round 994 (Div. 2)
_heisen_berg,1676,1636,-40,3156,2049,Codeforces Round 994 (Div. 2)
Omar_Farhan,1533,1528,-5,3156,2049,Codeforces Round 994 (Div. 2)
KushKushal,1615,1590,-25,3156,2049,Codeforces Round 994 (Div. 2)
jay.nm3101,505,884,379,3161,2049,Codeforces Round 994 (Div. 2)
MHMD_3R,1235,1313,78,3161,2049,Codeforces Round 994 (Div. 2)
ashiknur,1454,1470,16,3161,2049,Codeforces Round 994 (Div. 2)
Harsheys_07,1208,1295,87,3161,2049,Codeforces Round 994 (Div. 2)
pcube,1456,1471,15,3161,2049,Codeforces Round 994 (Div. 2)
tminh,1231,1311,80,3166,2049,Codeforces Round 994 (Div. 2)
euph_math,1622,1595,-27,3166,2049,Codeforces Round 994 (Div. 2)
bihnehminduh,1324,1376,52,3168,2049,Codeforces Round 994 (Div. 2)
cf-ss-b,1078,1264,186,3168,2049,Codeforces Round 994 (Div. 2)
Anshu2171229,1100,1222,122,3168,2049,Codeforces Round 994 (Div. 2)
1435730,1271,1338,67,3168,2049,Codeforces Round 994 (Div. 2)
_Vlad__,1630,1601,-29,3168,2049,Codeforces Round 994 (Div. 2)
realshady501,1494,1499,5,3173,2049,Codeforces Round 994 (Div. 2)
Deepak_challa,1304,1361,57,3173,2049,Codeforces Round 994 (Div. 2)
shubham01651,1451,1468,17,3173,2049,Codeforces Round 994 (Div. 2)
shreyash_arya,1119,1235,116,3173,2049,Codeforces Round 994 (Div. 2)
Ras_Vz,1872,1787,-85,3173,2049,Codeforces Round 994 (Div. 2)
soumyadiptocodes,1667,1629,-38,3173,2049,Codeforces Round 994 (Div. 2)
keyur03,1554,1544,-10,3173,2049,Codeforces Round 994 (Div. 2)
8128,1255,1327,72,3180,2049,Codeforces Round 994 (Div. 2)
abhi7102003,1490,1496,6,3180,2049,Codeforces Round 994 (Div. 2)
MEXanick,1536,1530,-6,3180,2049,Codeforces Round 994 (Div. 2)
kushagraG,1524,1521,-3,3180,2049,Codeforces Round 994 (Div. 2)
sifat91,1291,1352,61,3180,2049,Codeforces Round 994 (Div. 2)
Ask3421,1413,1439,26,3185,2049,Codeforces Round 994 (Div. 2)
tailor_dxb,1501,1504,3,3185,2049,Codeforces Round 994 (Div. 2)
Abdo-Atef,1592,1573,-19,3185,2049,Codeforces Round 994 (Div. 2)
surana_naman,1094,1218,124,3185,2049,Codeforces Round 994 (Div. 2)
prajwalpatgar0,875,1122,247,3189,2049,Codeforces Round 994 (Div. 2)
AgrimGoyal,1476,1485,9,3189,2049,Codeforces Round 994 (Div. 2)
BofMeAstaroth,1346,1390,44,3189,2049,Codeforces Round 994 (Div. 2)
ilazhg,1302,1359,57,3192,2049,Codeforces Round 994 (Div. 2)
vidit_ag-2005,1518,1516,-2,3192,2049,Codeforces Round 994 (Div. 2)
DylanT,1330,1379,49,3192,2049,Codeforces Round 994 (Div. 2)
Ahad_18,1443,1461,18,3192,2049,Codeforces Round 994 (Div. 2)
redgex,1177,1306,129,3196,2049,Codeforces Round 994 (Div. 2)
j30,1635,1604,-31,3196,2049,Codeforces Round 994 (Div. 2)
Neo_D_Genkai,0,532,532,3196,2049,Codeforces Round 994 (Div. 2)
sai_ravi,1443,1461,18,3196,2049,Codeforces Round 994 (Div. 2)
SG_11,1335,1383,48,3196,2049,Codeforces Round 994 (Div. 2)
xingyunri,1270,1337,67,3196,2049,Codeforces Round 994 (Div. 2)
Zzzzqwq,1437,1456,19,3196,2049,Codeforces Round 994 (Div. 2)
CuriousBee,1307,1362,55,3203,2049,Codeforces Round 994 (Div. 2)
avacatocapt,1457,1471,14,3203,2049,Codeforces Round 994 (Div. 2)
tiredasheck99,1511,1510,-1,3203,2049,Codeforces Round 994 (Div. 2)
mysticTB,1220,1302,82,3203,2049,Codeforces Round 994 (Div. 2)
AhmedElseyoufi,1587,1568,-19,3203,2049,Codeforces Round 994 (Div. 2)
isataygaygaygaygaygaygay,1273,1338,65,3203,2049,Codeforces Round 994 (Div. 2)
griffith911,1439,1458,19,3203,2049,Codeforces Round 994 (Div. 2)
benfraj_helmi,1308,1363,55,3210,2049,Codeforces Round 994 (Div. 2)
theharshit,1717,1666,-51,3210,2049,Codeforces Round 994 (Div. 2)
DalChawal,1203,1290,87,3210,2049,Codeforces Round 994 (Div. 2)
xianya,1368,1406,38,3210,2049,Codeforces Round 994 (Div. 2)
Zaxas,1450,1466,16,3210,2049,Codeforces Round 994 (Div. 2)
Poliker,1756,1696,-60,3215,2049,Codeforces Round 994 (Div. 2)
Banana_123,1500,1502,2,3216,2049,Codeforces Round 994 (Div. 2)
omegaphi,1732,1678,-54,3216,2049,Codeforces Round 994 (Div. 2)
ironwaste,1559,1546,-13,3218,2049,Codeforces Round 994 (Div. 2)
MasterGraphster,1489,1494,5,3218,2049,Codeforces Round 994 (Div. 2)
1ANH6,1497,1500,3,3218,2049,Codeforces Round 994 (Div. 2)
_SSH_,1590,1570,-20,3221,2049,Codeforces Round 994 (Div. 2)
Morfeo,1480,1487,7,3221,2049,Codeforces Round 994 (Div. 2)
dev12022005,1304,1360,56,3221,2049,Codeforces Round 994 (Div. 2)
K0NSTANTiNE_haker,831,1055,224,3221,2049,Codeforces Round 994 (Div. 2)
Priyanshu.Rmn,1690,1645,-45,3221,2049,Codeforces Round 994 (Div. 2)
anmolagrawal_21,1356,1397,41,3221,2049,Codeforces Round 994 (Div. 2)
HaHeHyt,1998,1885,-113,3227,2049,Codeforces Round 994 (Div. 2)
infinitix,1705,1657,-48,3227,2049,Codeforces Round 994 (Div. 2)
rohajrohit,1428,1449,21,3227,2049,Codeforces Round 994 (Div. 2)
Hoba,1358,1398,40,3227,2049,Codeforces Round 994 (Div. 2)
kvrlearn,1331,1379,48,3227,2049,Codeforces Round 994 (Div. 2)
RedStoneShark,1277,1341,64,3227,2049,Codeforces Round 994 (Div. 2)
aaradhy__001,1393,1423,30,3227,2049,Codeforces Round 994 (Div. 2)
Batyi-A-019-28,1277,1341,64,3227,2049,Codeforces Round 994 (Div. 2)
tushal_07,1410,1436,26,3235,2049,Codeforces Round 994 (Div. 2)
von2401,1244,1317,73,3235,2049,Codeforces Round 994 (Div. 2)
thinhcute,1544,1534,-10,3235,2049,Codeforces Round 994 (Div. 2)
nimoxide,1258,1327,69,3235,2049,Codeforces Round 994 (Div. 2)
Aprameya1210,1064,1197,133,3235,2049,Codeforces Round 994 (Div. 2)
mig,1430,1450,20,3235,2049,Codeforces Round 994 (Div. 2)
Gelder20,1202,1288,86,3241,2049,Codeforces Round 994 (Div. 2)
miral58,1401,1429,28,3241,2049,Codeforces Round 994 (Div. 2)
Wuris,1011,1163,152,3241,2049,Codeforces Round 994 (Div. 2)
bartilyska,1435,1453,18,3241,2049,Codeforces Round 994 (Div. 2)
alfaloo,1560,1584,24,3245,2049,Codeforces Round 994 (Div. 2)
Hamed_,1648,1613,-35,3245,2049,Codeforces Round 994 (Div. 2)
ChallaBharadwajReddy,1498,1500,2,3247,2049,Codeforces Round 994 (Div. 2)
Harshitbro,1425,1446,21,3247,2049,Codeforces Round 994 (Div. 2)
dhruvilpatel217,1307,1361,54,3247,2049,Codeforces Round 994 (Div. 2)
hemang,1339,1384,45,3247,2049,Codeforces Round 994 (Div. 2)
g-agan,1488,1492,4,3247,2049,Codeforces Round 994 (Div. 2)
AGcodes,1364,1402,38,3247,2049,Codeforces Round 994 (Div. 2)
raiax07,1317,1368,51,3247,2049,Codeforces Round 994 (Div. 2)
shreyas333,1772,1708,-64,3247,2049,Codeforces Round 994 (Div. 2)
twoo,1512,1510,-2,3247,2049,Codeforces Round 994 (Div. 2)
m_nature,1451,1465,14,3247,2049,Codeforces Round 994 (Div. 2)
Pawello09,960,1209,249,3247,2049,Codeforces Round 994 (Div. 2)
shivamp_07,1503,1504,1,3258,2049,Codeforces Round 994 (Div. 2)
DanilSh,1421,1443,22,3258,2049,Codeforces Round 994 (Div. 2)
_KingBob_,1368,1404,36,3258,2049,Codeforces Round 994 (Div. 2)
dpspri11137,1463,1536,73,3258,2049,Codeforces Round 994 (Div. 2)
Fourier_Transform,1463,1474,11,3258,2049,Codeforces Round 994 (Div. 2)
Jatin_prime,1480,1486,6,3258,2049,Codeforces Round 994 (Div. 2)
Mutevazi,1438,1455,17,3258,2049,Codeforces Round 994 (Div. 2)
sorashika,1109,1225,116,3258,2049,Codeforces Round 994 (Div. 2)
Mimiron,1344,1447,103,3258,2049,Codeforces Round 994 (Div. 2)
watsoneric,1396,1425,29,3267,2049,Codeforces Round 994 (Div. 2)
dhxxiifv,1473,1481,8,3267,2049,Codeforces Round 994 (Div. 2)
landour,1736,1680,-56,3267,2049,Codeforces Round 994 (Div. 2)
Madhv_2003,1075,1202,127,3270,2049,Codeforces Round 994 (Div. 2)
Chaitu121212,1329,1376,47,3270,2049,Codeforces Round 994 (Div. 2)
paakhim10,388,797,409,3270,2049,Codeforces Round 994 (Div. 2)
5phInX,1787,1718,-69,3270,2049,Codeforces Round 994 (Div. 2)
aayush_001,1530,1523,-7,3274,2049,Codeforces Round 994 (Div. 2)
if_test_AC,1598,1574,-24,3274,2049,Codeforces Round 994 (Div. 2)
nqhuy_,1435,1453,18,3274,2049,Codeforces Round 994 (Div. 2)
Yash_Kejriwal,1334,1380,46,3274,2049,Codeforces Round 994 (Div. 2)
surjayan_kar,1315,1366,51,3274,2049,Codeforces Round 994 (Div. 2)
haruxne,1381,1413,32,3274,2049,Codeforces Round 994 (Div. 2)
XORcist1136,405,809,404,3280,2049,Codeforces Round 994 (Div. 2)
_Badassium,1248,1319,71,3280,2049,Codeforces Round 994 (Div. 2)
meghhshah,1403,1429,26,3280,2049,Codeforces Round 994 (Div. 2)
IamAddictedtoCP,1237,1311,74,3280,2049,Codeforces Round 994 (Div. 2)
OpaqueChicken,1632,1600,-32,3280,2049,Codeforces Round 994 (Div. 2)
abhijeetbodas2001,1173,1267,94,3285,2049,Codeforces Round 994 (Div. 2)
Guanexxx,1604,1579,-25,3285,2049,Codeforces Round 994 (Div. 2)
SaiKrishna_101,1451,1464,13,3285,2049,Codeforces Round 994 (Div. 2)
Mohammed_Ayad_Alhajji,1283,1343,60,3285,2049,Codeforces Round 994 (Div. 2)
J_A_I_KUMAR,1260,1327,67,3285,2049,Codeforces Round 994 (Div. 2)
ChitreshApte,1380,1412,32,3285,2049,Codeforces Round 994 (Div. 2)
urur,403,807,404,3291,2049,Codeforces Round 994 (Div. 2)
_junick,1403,1429,26,3291,2049,Codeforces Round 994 (Div. 2)
puravjn,1460,1471,11,3291,2049,Codeforces Round 994 (Div. 2)
fstlrnr,1391,1420,29,3291,2049,Codeforces Round 994 (Div. 2)
debabrata117,1098,1217,119,3291,2049,Codeforces Round 994 (Div. 2)
RitvikPhoenix,406,809,403,3291,2049,Codeforces Round 994 (Div. 2)
NazarM,1211,1293,82,3297,2049,Codeforces Round 994 (Div. 2)
ToxicXI,1355,1394,39,3297,2049,Codeforces Round 994 (Div. 2)
nemesis_S,1597,1573,-24,3297,2049,Codeforces Round 994 (Div. 2)
klayy,1273,1336,63,3297,2049,Codeforces Round 994 (Div. 2)
MIngDexterous,1638,1604,-34,3301,2049,Codeforces Round 994 (Div. 2)
awesohame,1360,1398,38,3301,2049,Codeforces Round 994 (Div. 2)
Z-yx,1348,1389,41,3301,2049,Codeforces Round 994 (Div. 2)
Bl333,1339,1382,43,3301,2049,Codeforces Round 994 (Div. 2)
singh.ssy121,882,1122,240,3301,2049,Codeforces Round 994 (Div. 2)
Tanjiro_Kamado_069,1283,1343,60,3306,2049,Codeforces Round 994 (Div. 2)
Taherr,1264,1329,65,3306,2049,Codeforces Round 994 (Div. 2)
FourthRateOne,1408,1432,24,3306,2049,Codeforces Round 994 (Div. 2)
Purna_Tadikonda_9,1467,1475,8,3306,2049,Codeforces Round 994 (Div. 2)
retards,1589,1567,-22,3306,2049,Codeforces Round 994 (Div. 2)
Jinxed,1476,1482,6,3311,2049,Codeforces Round 994 (Div. 2)
vladimirfilip,1503,1502,-1,3311,2049,Codeforces Round 994 (Div. 2)
grind_like_gm,1667,1626,-41,3311,2049,Codeforces Round 994 (Div. 2)
BOLTCO,1228,1304,76,3314,2049,Codeforces Round 994 (Div. 2)
rpratik27,1357,1395,38,3314,2049,Codeforces Round 994 (Div. 2)
ritesh_jat20,1309,1361,52,3314,2049,Codeforces Round 994 (Div. 2)
SadikMR,1209,1291,82,3314,2049,Codeforces Round 994 (Div. 2)
Arkah03,1207,1289,82,3314,2049,Codeforces Round 994 (Div. 2)
0xEssam,1344,1386,42,3314,2049,Codeforces Round 994 (Div. 2)
Kraska,1601,1576,-25,3320,2049,Codeforces Round 994 (Div. 2)
merrychristmas911,1473,1479,6,3320,2049,Codeforces Round 994 (Div. 2)
unrealassembler,1183,1307,124,3320,2049,Codeforces Round 994 (Div. 2)
SPIKEY_86,1289,1346,57,3320,2049,Codeforces Round 994 (Div. 2)
xiacoke7708,1441,1456,15,3320,2049,Codeforces Round 994 (Div. 2)
darkEye,1445,1459,14,3320,2049,Codeforces Round 994 (Div. 2)
rubbish,1441,1456,15,3326,2049,Codeforces Round 994 (Div. 2)
_shriom_,1648,1611,-37,3326,2049,Codeforces Round 994 (Div. 2)
Legend4321,1279,1339,60,3326,2049,Codeforces Round 994 (Div. 2)
Gyanendra_512,1194,1280,86,3329,2049,Codeforces Round 994 (Div. 2)
Aaruj,1042,1180,138,3329,2049,Codeforces Round 994 (Div. 2)
ilopez15,1334,1378,44,3329,2049,Codeforces Round 994 (Div. 2)
Tobzhan,1404,1428,24,3332,2049,Codeforces Round 994 (Div. 2)
JoyBoyIsHere,1117,1228,111,3332,2049,Codeforces Round 994 (Div. 2)
ram-ki,1114,1226,112,3332,2049,Codeforces Round 994 (Div. 2)
bignewnew,1598,1637,39,3332,2049,Codeforces Round 994 (Div. 2)
PunitBadjate_30,1314,1364,50,3332,2049,Codeforces Round 994 (Div. 2)
sooryakumar0236,1120,1230,110,3332,2049,Codeforces Round 994 (Div. 2)
amalverma,1440,1455,15,3332,2049,Codeforces Round 994 (Div. 2)
WildTrueshin,1127,1235,108,3332,2049,Codeforces Round 994 (Div. 2)
ankitbansal17,1428,1446,18,3332,2049,Codeforces Round 994 (Div. 2)
Ststone,1789,1719,-70,3341,2049,Codeforces Round 994 (Div. 2)
mrpranay,1503,1501,-2,3341,2049,Codeforces Round 994 (Div. 2)
yoez123,1579,1558,-21,3341,2049,Codeforces Round 994 (Div. 2)
nthatall,1339,1381,42,3341,2049,Codeforces Round 994 (Div. 2)
Zhangyl,1438,1453,15,3341,2049,Codeforces Round 994 (Div. 2)
EntityY,1138,1242,104,3346,2049,Codeforces Round 994 (Div. 2)
KnightWithSword,1502,1500,-2,3346,2049,Codeforces Round 994 (Div. 2)
Artronis,1322,1369,47,3346,2049,Codeforces Round 994 (Div. 2)
Starboy_14,1073,1256,183,3346,2049,Codeforces Round 994 (Div. 2)
arnav_04,1296,1350,54,3346,2049,Codeforces Round 994 (Div. 2)
mONESY07,1231,1340,109,3346,2049,Codeforces Round 994 (Div. 2)
tushar3q34,1802,1728,-74,3346,2049,Codeforces Round 994 (Div. 2)
Noborita,1263,1327,64,3353,2049,Codeforces Round 994 (Div. 2)
Dark___Devil,1452,1463,11,3353,2049,Codeforces Round 994 (Div. 2)
LoveYYing,624,966,342,3353,2049,Codeforces Round 994 (Div. 2)
NullPointered,1429,1446,17,3353,2049,Codeforces Round 994 (Div. 2)
Abdelrahman_Elatroush,1414,1436,22,3353,2049,Codeforces Round 994 (Div. 2)
cowthecow,1848,1764,-84,3358,2049,Codeforces Round 994 (Div. 2)
ninjaHattori1,1532,1522,-10,3358,2049,Codeforces Round 994 (Div. 2)
rampkroctzzcc,1078,1202,124,3358,2049,Codeforces Round 994 (Div. 2)
mw3m,1400,1425,25,3358,2049,Codeforces Round 994 (Div. 2)
T_500XIN,1417,1437,20,3358,2049,Codeforces Round 994 (Div. 2)
CodeG007,1467,1474,7,3363,2049,Codeforces Round 994 (Div. 2)
Nagender456,1621,1590,-31,3363,2049,Codeforces Round 994 (Div. 2)
sujalmeshram,1298,1351,53,3363,2049,Codeforces Round 994 (Div. 2)
chaluubilla,1405,1428,23,3363,2049,Codeforces Round 994 (Div. 2)
Baiter_,1785,1715,-70,3363,2049,Codeforces Round 994 (Div. 2)
KritarthSinghal,1183,1271,88,3363,2049,Codeforces Round 994 (Div. 2)
Richard-Dyinman,1739,1679,-60,3363,2049,Codeforces Round 994 (Div. 2)
sai_36,1406,1429,23,3363,2049,Codeforces Round 994 (Div. 2)
md83,1599,1573,-26,3371,2049,Codeforces Round 994 (Div. 2)
petuk75,1343,1383,40,3371,2049,Codeforces Round 994 (Div. 2)
zupey,1371,1404,33,3371,2049,Codeforces Round 994 (Div. 2)
WBC.,1237,1308,71,3374,2049,Codeforces Round 994 (Div. 2)
PixelMaster,1509,1505,-4,3374,2049,Codeforces Round 994 (Div. 2)
HarshaDevu,1381,1411,30,3374,2049,Codeforces Round 994 (Div. 2)
keshavcoding18,1441,1454,13,3374,2049,Codeforces Round 994 (Div. 2)
lssch09,1300,1353,53,3374,2049,Codeforces Round 994 (Div. 2)
DrShivam2004,1409,1431,22,3374,2049,Codeforces Round 994 (Div. 2)
mistick152,1247,1315,68,3380,2049,Codeforces Round 994 (Div. 2)
sanilen578,1463,1471,8,3380,2049,Codeforces Round 994 (Div. 2)
mohansaisankar,1093,1244,151,3382,2049,Codeforces Round 994 (Div. 2)
deependra_agarwal,1157,1253,96,3382,2049,Codeforces Round 994 (Div. 2)
abineth,1620,1588,-32,3384,2049,Codeforces Round 994 (Div. 2)
daksh321,1235,1307,72,3384,2049,Codeforces Round 994 (Div. 2)
Jelly.bean,1462,1470,8,3384,2049,Codeforces Round 994 (Div. 2)
seaways,1577,1556,-21,3384,2049,Codeforces Round 994 (Div. 2)
Mikasa_Kira,1250,1317,67,3388,2049,Codeforces Round 994 (Div. 2)
hbg1345,1712,1658,-54,3388,2049,Codeforces Round 994 (Div. 2)
zartaf.raza,1577,1556,-21,3390,2049,Codeforces Round 994 (Div. 2)
kra1684,1367,1400,33,3390,2049,Codeforces Round 994 (Div. 2)
ankitkr_1499,1180,1269,89,3390,2049,Codeforces Round 994 (Div. 2)
navaneethpaturi,1492,1492,0,3390,2049,Codeforces Round 994 (Div. 2)
Kawaii_Singla,1612,1582,-30,3390,2049,Codeforces Round 994 (Div. 2)
XKZL-WTY,1090,1267,177,3390,2049,Codeforces Round 994 (Div. 2)
mmaiti627,1630,1596,-34,3390,2049,Codeforces Round 994 (Div. 2)
pharaok,1374,1405,31,3390,2049,Codeforces Round 994 (Div. 2)
ayman707,1077,1200,123,3398,2049,Codeforces Round 994 (Div. 2)
EEA,1279,1337,58,3398,2049,Codeforces Round 994 (Div. 2)
sHau.,1554,1538,-16,3398,2049,Codeforces Round 994 (Div. 2)
Kirlos_Nabil,1555,1538,-17,3398,2049,Codeforces Round 994 (Div. 2)
notNafis,1528,1518,-10,3398,2049,Codeforces Round 994 (Div. 2)
yash22101,1290,1403,113,3398,2049,Codeforces Round 994 (Div. 2)
mesrivastava_piyush,894,1086,192,3398,2049,Codeforces Round 994 (Div. 2)
pugong,1561,1543,-18,3405,2049,Codeforces Round 994 (Div. 2)
rhineofts,1656,1615,-41,3405,2049,Codeforces Round 994 (Div. 2)
Plazma_,1399,1423,24,3405,2049,Codeforces Round 994 (Div. 2)
ishaanthenerd,1361,1395,34,3405,2049,Codeforces Round 994 (Div. 2)
xiongdx,1164,1257,93,3405,2049,Codeforces Round 994 (Div. 2)
SKnight4,1396,1421,25,3410,2049,Codeforces Round 994 (Div. 2)
hemant030406,1089,1207,118,3410,2049,Codeforces Round 994 (Div. 2)
-121,1595,1569,-26,3410,2049,Codeforces Round 994 (Div. 2)
The_Boolean_Nerd,1241,1310,69,3410,2049,Codeforces Round 994 (Div. 2)
Nirvana_Shatterer,1394,1419,25,3414,2049,Codeforces Round 994 (Div. 2)
ccserm,1228,1301,73,3414,2049,Codeforces Round 994 (Div. 2)
rshohruh,1591,1566,-25,3414,2049,Codeforces Round 994 (Div. 2)
Nari0222,1498,1496,-2,3414,2049,Codeforces Round 994 (Div. 2)
mkx2023275_,1465,1471,6,3414,2049,Codeforces Round 994 (Div. 2)
vampire2004,0,526,526,3414,2049,Codeforces Round 994 (Div. 2)
rogers_27,1374,1404,30,3414,2049,Codeforces Round 994 (Div. 2)
malairas,594,942,348,3421,2049,Codeforces Round 994 (Div. 2)
ykaan,995,1194,199,3421,2049,Codeforces Round 994 (Div. 2)
zxilly,1450,1460,10,3421,2049,Codeforces Round 994 (Div. 2)
gumeng0314,637,973,336,3421,2049,Codeforces Round 994 (Div. 2)
AMANVISHWAKARMA27,892,1084,192,3425,2049,Codeforces Round 994 (Div. 2)
Tanzim411,1605,1576,-29,3425,2049,Codeforces Round 994 (Div. 2)
duongpham_2027,1011,1157,146,3425,2049,Codeforces Round 994 (Div. 2)
harshpreet,1126,1232,106,3425,2049,Codeforces Round 994 (Div. 2)
SUVU01,1576,1554,-22,3425,2049,Codeforces Round 994 (Div. 2)
d7xy7,1270,1330,60,3425,2049,Codeforces Round 994 (Div. 2)
KCL108,1660,1618,-42,3425,2049,Codeforces Round 994 (Div. 2)
hitasher,1115,1224,109,3432,2049,Codeforces Round 994 (Div. 2)
kokhre,1141,1241,100,3432,2049,Codeforces Round 994 (Div. 2)
shivamind,1300,1351,51,3432,2049,Codeforces Round 994 (Div. 2)
cleanup,1264,1325,61,3432,2049,Codeforces Round 994 (Div. 2)
cuddle_disaster,1231,1302,71,3432,2049,Codeforces Round 994 (Div. 2)
Kshitij_g,1262,1324,62,3432,2049,Codeforces Round 994 (Div. 2)
Norman165,1301,1352,51,3432,2049,Codeforces Round 994 (Div. 2)
OGGYYY,1270,1330,60,3432,2049,Codeforces Round 994 (Div. 2)
ulisses_ab,1461,1468,7,3440,2049,Codeforces Round 994 (Div. 2)
Nilay__S,1414,1433,19,3440,2049,Codeforces Round 994 (Div. 2)
krishpatel,1253,1317,64,3442,2049,Codeforces Round 994 (Div. 2)
bitmaster_,1327,1370,43,3442,2049,Codeforces Round 994 (Div. 2)
akash10rout,1627,1592,-35,3442,2049,Codeforces Round 994 (Div. 2)
_SilverFang_,1217,1327,110,3442,2049,Codeforces Round 994 (Div. 2)
lueagzil,1651,1610,-41,3442,2049,Codeforces Round 994 (Div. 2)
adibhai0845R,1429,1444,15,3442,2049,Codeforces Round 994 (Div. 2)
Learner0001,1208,1286,78,3442,2049,Codeforces Round 994 (Div. 2)
Eduardmm,1397,1420,23,3449,2049,Codeforces Round 994 (Div. 2)
Kumar_Abhay,1374,1404,30,3449,2049,Codeforces Round 994 (Div. 2)
krishnamoorthy,1260,1322,62,3449,2049,Codeforces Round 994 (Div. 2)
bettercallwael,1408,1428,20,3449,2049,Codeforces Round 994 (Div. 2)
quingybot,727,1034,307,3449,2049,Codeforces Round 994 (Div. 2)
MTA2002,1264,1325,61,3454,2049,Codeforces Round 994 (Div. 2)
sleepyAdarsh,1414,1433,19,3454,2049,Codeforces Round 994 (Div. 2)
han23092002,0,525,525,3454,2049,Codeforces Round 994 (Div. 2)
SandraRivera,393,795,402,3454,2049,Codeforces Round 994 (Div. 2)
eeeVeee,1405,1426,21,3454,2049,Codeforces Round 994 (Div. 2)
Cafune,851,1088,237,3454,2049,Codeforces Round 994 (Div. 2)
Moynul_Islam,1467,1471,4,3460,2049,Codeforces Round 994 (Div. 2)
super_zzr,1438,1450,12,3460,2049,Codeforces Round 994 (Div. 2)
Arnur2937,1632,1596,-36,3460,2049,Codeforces Round 994 (Div. 2)
ElMahden,797,1084,287,3460,2049,Codeforces Round 994 (Div. 2)
agarwalpratham,1237,1306,69,3460,2049,Codeforces Round 994 (Div. 2)
yashvardhanj,1211,1288,77,3465,2049,Codeforces Round 994 (Div. 2)
_Jahongir_,1101,1214,113,3465,2049,Codeforces Round 994 (Div. 2)
starkcastic,1175,1263,88,3465,2049,Codeforces Round 994 (Div. 2)
AhmedQassem_,1314,1360,46,3465,2049,Codeforces Round 994 (Div. 2)
peacefinder19,1286,1340,54,3465,2049,Codeforces Round 994 (Div. 2)
EcolashX,888,1150,262,3465,2049,Codeforces Round 994 (Div. 2)
hdkfdj,472,852,380,3465,2049,Codeforces Round 994 (Div. 2)
ry1772856,1515,1507,-8,3472,2049,Codeforces Round 994 (Div. 2)
Spartan-007,1479,1480,1,3472,2049,Codeforces Round 994 (Div. 2)
ccgg23,1262,1323,61,3472,2049,Codeforces Round 994 (Div. 2)
JSMxJUGGERNAUT,1448,1457,9,3472,2049,Codeforces Round 994 (Div. 2)
BitManipulated,1301,1350,49,3476,2049,Codeforces Round 994 (Div. 2)
krishna2005,1289,1342,53,3476,2049,Codeforces Round 994 (Div. 2)
big_hongbao1,1144,1304,160,3476,2049,Codeforces Round 994 (Div. 2)
darkquasar,1665,1620,-45,3479,2049,Codeforces Round 994 (Div. 2)
AndreasK,1639,1600,-39,3479,2049,Codeforces Round 994 (Div. 2)
load_the_code,1095,1209,114,3479,2049,Codeforces Round 994 (Div. 2)
coderRebooted,1324,1367,43,3479,2049,Codeforces Round 994 (Div. 2)
Atik7866,1315,1360,45,3479,2049,Codeforces Round 994 (Div. 2)
Bool_redatcf,1435,1447,12,3479,2049,Codeforces Round 994 (Div. 2)
MINOO,1461,1466,5,3485,2049,Codeforces Round 994 (Div. 2)
_ar07,1553,1535,-18,3485,2049,Codeforces Round 994 (Div. 2)
luuia,1472,1474,2,3485,2049,Codeforces Round 994 (Div. 2)
pranavachaitanyaballa,1495,1492,-3,3485,2049,Codeforces Round 994 (Div. 2)
Ayman_,1238,1306,68,3485,2049,Codeforces Round 994 (Div. 2)
JC0713,1677,1629,-48,3490,2049,Codeforces Round 994 (Div. 2)
parekh,1222,1295,73,3490,2049,Codeforces Round 994 (Div. 2)
GenShin-impact-start,1229,1335,106,3490,2049,Codeforces Round 994 (Div. 2)
Hadi_Alhamed,1413,1431,18,3493,2049,Codeforces Round 994 (Div. 2)
vikas11111,1284,1338,54,3493,2049,Codeforces Round 994 (Div. 2)
atul_21,1124,1228,104,3493,2049,Codeforces Round 994 (Div. 2)
smartsachin_79,1308,1391,83,3493,2049,Codeforces Round 994 (Div. 2)
prabhavagrawal7,1693,1641,-52,3493,2049,Codeforces Round 994 (Div. 2)
sidXIX,1560,1540,-20,3498,2049,Codeforces Round 994 (Div. 2)
shreeram77,1410,1428,18,3498,2049,Codeforces Round 994 (Div. 2)
Cosmosoul,1178,1264,86,3498,2049,Codeforces Round 994 (Div. 2)
Satwik_Tillu,1317,1361,44,3498,2049,Codeforces Round 994 (Div. 2)
Harsh_2410,1599,1570,-29,3498,2049,Codeforces Round 994 (Div. 2)
Timey,1227,1298,71,3503,2049,Codeforces Round 994 (Div. 2)
leo_rc,1732,1671,-61,3503,2049,Codeforces Round 994 (Div. 2)
GTGCodes,1339,1377,38,3503,2049,Codeforces Round 994 (Div. 2)
devesh652,1142,1240,98,3503,2049,Codeforces Round 994 (Div. 2)
Xeqr,1186,1269,83,3507,2049,Codeforces Round 994 (Div. 2)
what_to_code,1228,1298,70,3507,2049,Codeforces Round 994 (Div. 2)
kubrick,1252,1350,98,3507,2049,Codeforces Round 994 (Div. 2)
-02,1015,1157,142,3507,2049,Codeforces Round 994 (Div. 2)
Vibes_10,1353,1387,34,3511,2049,Codeforces Round 994 (Div. 2)
Haya_ahm08,1084,1201,117,3511,2049,Codeforces Round 994 (Div. 2)
dord,1436,1447,11,3511,2049,Codeforces Round 994 (Div. 2)
rky_cse,1296,1346,50,3511,2049,Codeforces Round 994 (Div. 2)
abhi_code,1100,1211,111,3515,2049,Codeforces Round 994 (Div. 2)
Newbie-1,1423,1437,14,3515,2049,Codeforces Round 994 (Div. 2)
mking01,556,912,356,3515,2049,Codeforces Round 994 (Div. 2)
StOlEn_KiNg,1533,1519,-14,3515,2049,Codeforces Round 994 (Div. 2)
amod_24,1382,1407,25,3515,2049,Codeforces Round 994 (Div. 2)
ItsFr1x,346,760,414,3515,2049,Codeforces Round 994 (Div. 2)
harkodee,1231,1300,69,3515,2049,Codeforces Round 994 (Div. 2)
party04,1302,1350,48,3515,2049,Codeforces Round 994 (Div. 2)
ayma_NAY,1359,1391,32,3515,2049,Codeforces Round 994 (Div. 2)
DSKroc,1124,1227,103,3515,2049,Codeforces Round 994 (Div. 2)
code_coffee,1268,1326,58,3515,2049,Codeforces Round 994 (Div. 2)
iliyian,1841,1755,-86,3526,2049,Codeforces Round 994 (Div. 2)
Bhuban,1357,1389,32,3527,2049,Codeforces Round 994 (Div. 2)
parcero_del_pepe,1474,1475,1,3527,2049,Codeforces Round 994 (Div. 2)
op_srijan,1264,1323,59,3527,2049,Codeforces Round 994 (Div. 2)
Mehedy_Hasan_Alvee,1269,1326,57,3527,2049,Codeforces Round 994 (Div. 2)
munieniu333,1153,1246,93,3527,2049,Codeforces Round 994 (Div. 2)
complexsterling_27,404,801,397,3532,2049,Codeforces Round 994 (Div. 2)
DeadlyFe,1125,1227,102,3532,2049,Codeforces Round 994 (Div. 2)
EshadReza,1125,1227,102,3532,2049,Codeforces Round 994 (Div. 2)
TheMarioFan102,1466,1469,3,3532,2049,Codeforces Round 994 (Div. 2)
kya_maal_hai_yaar,1565,1543,-22,3532,2049,Codeforces Round 994 (Div. 2)
vigza,1323,1365,42,3532,2049,Codeforces Round 994 (Div. 2)
sanmai_reddy123,1771,1700,-71,3532,2049,Codeforces Round 994 (Div. 2)
tumhari_mummy,1180,1264,84,3539,2049,Codeforces Round 994 (Div. 2)
rohan6126,1041,1172,131,3539,2049,Codeforces Round 994 (Div. 2)
Auzar,1501,1495,-6,3539,2049,Codeforces Round 994 (Div. 2)
krishuuu_p,1497,1492,-5,3539,2049,Codeforces Round 994 (Div. 2)
semicolon_2004,1137,1235,98,3539,2049,Codeforces Round 994 (Div. 2)
IsThisGraph,675,995,320,3544,2049,Codeforces Round 994 (Div. 2)
_QuantumBifrost_,1301,1349,48,3544,2049,Codeforces Round 994 (Div. 2)
pshan,1243,1308,65,3544,2049,Codeforces Round 994 (Div. 2)
China001,1461,1465,4,3544,2049,Codeforces Round 994 (Div. 2)
okkay,1487,1484,-3,3544,2049,Codeforces Round 994 (Div. 2)
rohit_dayalani,1114,1220,106,3549,2049,Codeforces Round 994 (Div. 2)
Nogaybica,1323,1364,41,3549,2049,Codeforces Round 994 (Div. 2)
MotuAri16,1684,1633,-51,3551,2049,Codeforces Round 994 (Div. 2)
macaquedev,1571,1547,-24,3551,2049,Codeforces Round 994 (Div. 2)
WHO_SAHIL,1459,1463,4,3551,2049,Codeforces Round 994 (Div. 2)
ssmy1,0,522,522,3554,2049,Codeforces Round 994 (Div. 2)
below_Avg_Coder,990,1190,200,3554,2049,Codeforces Round 994 (Div. 2)
Eleven111,1165,1254,89,3554,2049,Codeforces Round 994 (Div. 2)
genesis,1398,1419,21,3554,2049,Codeforces Round 994 (Div. 2)
Vraj_Dobariya_95,1601,1570,-31,3554,2049,Codeforces Round 994 (Div. 2)
Ahmed_El_Gendy,1479,1478,-1,3559,2049,Codeforces Round 994 (Div. 2)
kunal_thakur_,1146,1241,95,3559,2049,Codeforces Round 994 (Div. 2)
Sumith_chandra,1496,1490,-6,3559,2049,Codeforces Round 994 (Div. 2)
XxxxX..,1034,1200,166,3559,2049,Codeforces Round 994 (Div. 2)
dgguns04,960,1121,161,3563,2049,Codeforces Round 994 (Div. 2)
churos,1230,1298,68,3563,2049,Codeforces Round 994 (Div. 2)
codeRick,1452,1458,6,3565,2049,Codeforces Round 994 (Div. 2)
GOURAB,1439,1448,9,3565,2049,Codeforces Round 994 (Div. 2)
just_common,1438,1524,86,3565,2049,Codeforces Round 994 (Div. 2)
Delahoya,1506,1497,-9,3565,2049,Codeforces Round 994 (Div. 2)
Xing_Kong_C,1426,1438,12,3565,2049,Codeforces Round 994 (Div. 2)
mu_hua,1499,1492,-7,3570,2049,Codeforces Round 994 (Div. 2)
manvitha6731,1131,1230,99,3570,2049,Codeforces Round 994 (Div. 2)
_HLogK_,1367,1395,28,3570,2049,Codeforces Round 994 (Div. 2)
jhvjh,1643,1601,-42,3570,2049,Codeforces Round 994 (Div. 2)
bharath_Kmar,1309,1354,45,3570,2049,Codeforces Round 994 (Div. 2)
hardik2972,1233,1300,67,3575,2049,Codeforces Round 994 (Div. 2)
suanfaking,995,1193,198,3575,2049,Codeforces Round 994 (Div. 2)
Utkarsh_Dwivedi2,1056,1181,125,3575,2049,Codeforces Round 994 (Div. 2)
Mediocrisity,1270,1326,56,3575,2049,Codeforces Round 994 (Div. 2)
Rakib_18,1181,1264,83,3575,2049,Codeforces Round 994 (Div. 2)
ramalzaher,1511,1501,-10,3575,2049,Codeforces Round 994 (Div. 2)
BJTU_Sett,1179,1263,84,3575,2049,Codeforces Round 994 (Div. 2)
N-I-H-A-L,1354,1386,32,3582,2049,Codeforces Round 994 (Div. 2)
KartikSharma99,1403,1421,18,3582,2049,Codeforces Round 994 (Div. 2)
Priyanshu_phc,1349,1382,33,3582,2049,Codeforces Round 994 (Div. 2)
_MShadow_,1105,1246,141,3585,2049,Codeforces Round 994 (Div. 2)
Tausif3142,1330,1368,38,3585,2049,Codeforces Round 994 (Div. 2)
yashsaxena56789,1288,1338,50,3585,2049,Codeforces Round 994 (Div. 2)
nguyenvietanhc2123,979,1182,203,3585,2049,Codeforces Round 994 (Div. 2)
Shubh_09,1371,1398,27,3585,2049,Codeforces Round 994 (Div. 2)
DaoDaoYu,1587,1558,-29,3590,2049,Codeforces Round 994 (Div. 2)
CodeFixer,1329,1367,38,3590,2049,Codeforces Round 994 (Div. 2)
dilip_patnana,1493,1487,-6,3590,2049,Codeforces Round 994 (Div. 2)
rbb3,1658,1612,-46,3593,2049,Codeforces Round 994 (Div. 2)
Aadityanshu_Singh,1364,1392,28,3593,2049,Codeforces Round 994 (Div. 2)
hcnh,1371,1398,27,3593,2049,Codeforces Round 994 (Div. 2)
himeno_sena,1497,1491,-6,3593,2049,Codeforces Round 994 (Div. 2)
Saiya-jin_x07,1478,1476,-2,3593,2049,Codeforces Round 994 (Div. 2)
MoonlightCodata,1363,1392,29,3593,2049,Codeforces Round 994 (Div. 2)
m1mirr,1155,1246,91,3593,2049,Codeforces Round 994 (Div. 2)
AsemoGG,1384,1407,23,3600,2049,Codeforces Round 994 (Div. 2)
Abdallah_Abdalbaset,1310,1353,43,3600,2049,Codeforces Round 994 (Div. 2)
rvkshs731,1456,1460,4,3600,2049,Codeforces Round 994 (Div. 2)
Kristiana,1285,1336,51,3600,2049,Codeforces Round 994 (Div. 2)
dmrmra,1671,1622,-49,3600,2049,Codeforces Round 994 (Div. 2)
ltdsword,1542,1524,-18,3600,2049,Codeforces Round 994 (Div. 2)
LHJ_y,1371,1397,26,3600,2049,Codeforces Round 994 (Div. 2)
Manas_DixiT,1532,1516,-16,3607,2049,Codeforces Round 994 (Div. 2)
DesLightT,1370,1396,26,3607,2049,Codeforces Round 994 (Div. 2)
joel_moses,1186,1267,81,3607,2049,Codeforces Round 994 (Div. 2)
sharvil.athaley,1817,1734,-83,3607,2049,Codeforces Round 994 (Div. 2)
whb569,1492,1486,-6,3611,2049,Codeforces Round 994 (Div. 2)
jihanz,1231,1297,66,3611,2049,Codeforces Round 994 (Div. 2)
Vision_P.ASH,1274,1386,112,3611,2049,Codeforces Round 994 (Div. 2)
MArc,1432,1442,10,3614,2049,Codeforces Round 994 (Div. 2)
maryam_abdelhady_,1023,1159,136,3614,2049,Codeforces Round 994 (Div. 2)
ata_karim,1462,1464,2,3614,2049,Codeforces Round 994 (Div. 2)
royale_as,1555,1534,-21,3614,2049,Codeforces Round 994 (Div. 2)
alok_07,565,916,351,3618,2049,Codeforces Round 994 (Div. 2)
arun.rkrish06,1406,1422,16,3618,2049,Codeforces Round 994 (Div. 2)
Mamba_AI,1347,1380,33,3618,2049,Codeforces Round 994 (Div. 2)
DeathLurker,1367,1394,27,3618,2049,Codeforces Round 994 (Div. 2)
chef_gladiator,1355,1385,30,3618,2049,Codeforces Round 994 (Div. 2)
harshitchauhan3,1472,1471,-1,3618,2049,Codeforces Round 994 (Div. 2)
aditya_11_singh,1311,1354,43,3624,2049,Codeforces Round 994 (Div. 2)
Reality_is_delusion,1451,1455,4,3624,2049,Codeforces Round 994 (Div. 2)
Thomasguo666,1774,1701,-73,3624,2049,Codeforces Round 994 (Div. 2)
jazzsterq,1519,1506,-13,3624,2049,Codeforces Round 994 (Div. 2)
Pranjal_Varshney,811,1089,278,3628,2049,Codeforces Round 994 (Div. 2)
Tpxun,1330,1367,37,3628,2049,Codeforces Round 994 (Div. 2)
_MANS0UR_,1403,1420,17,3628,2049,Codeforces Round 994 (Div. 2)
Skidz_2.0,0,521,521,3628,2049,Codeforces Round 994 (Div. 2)
tianwenbin,1259,1317,58,3628,2049,Codeforces Round 994 (Div. 2)
anubhav100rao,1479,1476,-3,3633,2049,Codeforces Round 994 (Div. 2)
ahmedalaa22,1741,1675,-66,3633,2049,Codeforces Round 994 (Div. 2)
DevKankaani,1432,1441,9,3633,2049,Codeforces Round 994 (Div. 2)
Speedster1010,1399,1417,18,3633,2049,Codeforces Round 994 (Div. 2)
T.a.c.h.y.o.n.,1417,1430,13,3637,2049,Codeforces Round 994 (Div. 2)
pastimeplays,1492,1485,-7,3637,2049,Codeforces Round 994 (Div. 2)
surroundedcity,1235,1299,64,3637,2049,Codeforces Round 994 (Div. 2)
Kushagra_2709,1709,1650,-59,3637,2049,Codeforces Round 994 (Div. 2)
wang_ye_xin,1362,1390,28,3637,2049,Codeforces Round 994 (Div. 2)
SmPkh,1461,1462,1,3637,2049,Codeforces Round 994 (Div. 2)
ShubhamGarg2004,1307,1422,115,3643,2049,Codeforces Round 994 (Div. 2)
CH-YYF,1401,1418,17,3643,2049,Codeforces Round 994 (Div. 2)
anishdev12,1315,1356,41,3643,2049,Codeforces Round 994 (Div. 2)
El_Farag,1361,1389,28,3643,2049,Codeforces Round 994 (Div. 2)
SuvratZZZ,1441,1448,7,3647,2049,Codeforces Round 994 (Div. 2)
mssaketsaii45,1361,1389,28,3647,2049,Codeforces Round 994 (Div. 2)
XoXoHarsh,1432,1441,9,3649,2049,Codeforces Round 994 (Div. 2)
phnxfr,969,1173,204,3649,2049,Codeforces Round 994 (Div. 2)
CipherSage,1320,1359,39,3649,2049,Codeforces Round 994 (Div. 2)
deepti20gupta05,918,1138,220,3652,2049,Codeforces Round 994 (Div. 2)
LearningMachine,1731,1667,-64,3652,2049,Codeforces Round 994 (Div. 2)
shadow4667,1015,1184,169,3652,2049,Codeforces Round 994 (Div. 2)
bholeOM,1457,1459,2,3652,2049,Codeforces Round 994 (Div. 2)
Levi_14,0,520,520,3652,2049,Codeforces Round 994 (Div. 2)
ALL_TER,1486,1481,-5,3652,2049,Codeforces Round 994 (Div. 2)
azuminha,1337,1371,34,3658,2049,Codeforces Round 994 (Div. 2)
liangyanlun,849,1090,241,3659,2049,Codeforces Round 994 (Div. 2)
triperci,1343,1412,69,3659,2049,Codeforces Round 994 (Div. 2)
glowbigger,1387,1408,21,3659,2049,Codeforces Round 994 (Div. 2)
__ALBION__,1357,1386,29,3659,2049,Codeforces Round 994 (Div. 2)
Pranav_Mittal,1429,1438,9,3659,2049,Codeforces Round 994 (Div. 2)
I_Love_HoangChau,1279,1401,122,3659,2049,Codeforces Round 994 (Div. 2)
Kamikazee112,1554,1532,-22,3665,2049,Codeforces Round 994 (Div. 2)
GMgrizo,1709,1650,-59,3665,2049,Codeforces Round 994 (Div. 2)
mr360_,1462,1463,1,3665,2049,Codeforces Round 994 (Div. 2)
contact.thevarunsappa,1428,1437,9,3668,2049,Codeforces Round 994 (Div. 2)
Mohak_25,1738,1672,-66,3668,2049,Codeforces Round 994 (Div. 2)
SinaSP,1551,1529,-22,3668,2049,Codeforces Round 994 (Div. 2)
param_hans,1139,1233,94,3668,2049,Codeforces Round 994 (Div. 2)
Rafat_Kabir,1641,1598,-43,3668,2049,Codeforces Round 994 (Div. 2)
marcipanko,1435,1442,7,3668,2049,Codeforces Round 994 (Div. 2)
maratzabivnoy1337,1456,1458,2,3674,2049,Codeforces Round 994 (Div. 2)
dmitrievlk,1394,1488,94,3674,2049,Codeforces Round 994 (Div. 2)
ShubhamTyagi,1607,1572,-35,3674,2049,Codeforces Round 994 (Div. 2)
Sameer_Raj,1452,1455,3,3677,2049,Codeforces Round 994 (Div. 2)
vivekpal24,1042,1169,127,3677,2049,Codeforces Round 994 (Div. 2)
ankitgarg2105,1489,1482,-7,3677,2049,Codeforces Round 994 (Div. 2)
hqcoder,1408,1422,14,3677,2049,Codeforces Round 994 (Div. 2)
Manas_Bhutada8550,1241,1302,61,3681,2049,Codeforces Round 994 (Div. 2)
JedbyKey999,1452,1454,2,3681,2049,Codeforces Round 994 (Div. 2)
noheart_inside,1382,1403,21,3681,2049,Codeforces Round 994 (Div. 2)
Cagnas_Marlsen,1089,1199,110,3681,2049,Codeforces Round 994 (Div. 2)
loser_abhi,1476,1473,-3,3681,2049,Codeforces Round 994 (Div. 2)
Pankaj777,1512,1499,-13,3686,2049,Codeforces Round 994 (Div. 2)
Trotuar,707,1014,307,3686,2049,Codeforces Round 994 (Div. 2)
Anonymouse_122,912,1162,250,3686,2049,Codeforces Round 994 (Div. 2)
Xiao_2710,1378,1400,22,3686,2049,Codeforces Round 994 (Div. 2)
andrei_C1,1664,1615,-49,3690,2049,Codeforces Round 994 (Div. 2)
abhishekpandey7842,1513,1500,-13,3690,2049,Codeforces Round 994 (Div. 2)
Trinity2206,1130,1226,96,3690,2049,Codeforces Round 994 (Div. 2)
ar_rony1,1612,1575,-37,3690,2049,Codeforces Round 994 (Div. 2)
anmolnee,1162,1248,86,3690,2049,Codeforces Round 994 (Div. 2)
elSaf,1288,1335,47,3690,2049,Codeforces Round 994 (Div. 2)
bhavya-18,1402,1418,16,3690,2049,Codeforces Round 994 (Div. 2)
Znno,1355,1383,28,3690,2049,Codeforces Round 994 (Div. 2)
rohitt26,1186,1264,78,3698,2049,Codeforces Round 994 (Div. 2)
vamsidhar24,1418,1429,11,3698,2049,Codeforces Round 994 (Div. 2)
6930kumarkundan,1433,1440,7,3698,2049,Codeforces Round 994 (Div. 2)
tourist-1,1520,1505,-15,3698,2049,Codeforces Round 994 (Div. 2)
sriharshak,1143,1235,92,3698,2049,Codeforces Round 994 (Div. 2)
kphoenix,1293,1339,46,3698,2049,Codeforces Round 994 (Div. 2)
Enot_den,672,989,317,3704,2049,Codeforces Round 994 (Div. 2)
yashraj_04,1375,1398,23,3704,2049,Codeforces Round 994 (Div. 2)
Ice_cream_A,1382,1403,21,3704,2049,Codeforces Round 994 (Div. 2)
the_terror_wonder,1313,1353,40,3704,2049,Codeforces Round 994 (Div. 2)
Hz___,1286,1333,47,3708,2049,Codeforces Round 994 (Div. 2)
Nemaleswang,1372,1395,23,3708,2049,Codeforces Round 994 (Div. 2)
Testcase007,955,1162,207,3708,2049,Codeforces Round 994 (Div. 2)
Prakshal,1449,1452,3,3708,2049,Codeforces Round 994 (Div. 2)
mhjmbs,1458,1459,1,3708,2049,Codeforces Round 994 (Div. 2)
Ys_sy_108,1503,1492,-11,3713,2049,Codeforces Round 994 (Div. 2)
Techphile,1682,1628,-54,3713,2049,Codeforces Round 994 (Div. 2)
kindmango,1683,1629,-54,3713,2049,Codeforces Round 994 (Div. 2)
Mystery2000,1122,1220,98,3713,2049,Codeforces Round 994 (Div. 2)
Quasar_iwnl,1415,1427,12,3717,2049,Codeforces Round 994 (Div. 2)
siam5ell,1318,1356,38,3717,2049,Codeforces Round 994 (Div. 2)
why1,1425,1434,9,3717,2049,Codeforces Round 994 (Div. 2)
H_a_r_M_i_t,1510,1497,-13,3717,2049,Codeforces Round 994 (Div. 2)
pkhushi.0024,1029,1159,130,3717,2049,Codeforces Round 994 (Div. 2)
pvpwarrior,1398,1414,16,3722,2049,Codeforces Round 994 (Div. 2)
kushanava_ghosh,1434,1440,6,3722,2049,Codeforces Round 994 (Div. 2)
OHIN2005,1472,1469,-3,3722,2049,Codeforces Round 994 (Div. 2)
-2-,584,928,344,3722,2049,Codeforces Round 994 (Div. 2)
mack_lykyn_,1536,1517,-19,3722,2049,Codeforces Round 994 (Div. 2)
anuj1845,0,518,518,3727,2049,Codeforces Round 994 (Div. 2)
SheshuTalluri,1366,1391,25,3727,2049,Codeforces Round 994 (Div. 2)
Surpass_Your_Limits,1172,1288,116,3729,2049,Codeforces Round 994 (Div. 2)
Shimotsuki,1393,1410,17,3729,2049,Codeforces Round 994 (Div. 2)
sergio_gzz,1513,1499,-14,3729,2049,Codeforces Round 994 (Div. 2)
buri_buri_zaemon21,1535,1516,-19,3732,2049,Codeforces Round 994 (Div. 2)
Guardiantzb,0,518,518,3733,2049,Codeforces Round 994 (Div. 2)
k-logger,1457,1457,0,3733,2049,Codeforces Round 994 (Div. 2)
eysbutno,1613,1575,-38,3733,2049,Codeforces Round 994 (Div. 2)
xikvwl,1941,1829,-112,3733,2049,Codeforces Round 994 (Div. 2)
akshit5638,1605,1569,-36,3737,2049,Codeforces Round 994 (Div. 2)
Prax24,1105,1209,104,3737,2049,Codeforces Round 994 (Div. 2)
Fajrin_Thuja,1095,1202,107,3737,2049,Codeforces Round 994 (Div. 2)
BaarishBoy,1458,1458,0,3737,2049,Codeforces Round 994 (Div. 2)
22me01018,1152,1240,88,3737,2049,Codeforces Round 994 (Div. 2)
soyeb_p_jim,1550,1527,-23,3742,2049,Codeforces Round 994 (Div. 2)
Jafartuk,1535,1516,-19,3742,2049,Codeforces Round 994 (Div. 2)
A_M14,1233,1295,62,3742,2049,Codeforces Round 994 (Div. 2)
dineshdcoc,1334,1367,33,3745,2049,Codeforces Round 994 (Div. 2)
franchu,1927,1818,-109,3745,2049,Codeforces Round 994 (Div. 2)
Krish_Vish,1584,1553,-31,3745,2049,Codeforces Round 994 (Div. 2)
atishay_j27,1333,1366,33,3748,2049,Codeforces Round 994 (Div. 2)
Supraj_2004,1352,1380,28,3748,2049,Codeforces Round 994 (Div. 2)
charanteja001,1355,1382,27,3750,2049,Codeforces Round 994 (Div. 2)
przwl,1385,1404,19,3750,2049,Codeforces Round 994 (Div. 2)
RCTR,1238,1334,96,3752,2049,Codeforces Round 994 (Div. 2)
NPsolved.cpp,1475,1470,-5,3753,2049,Codeforces Round 994 (Div. 2)
saramfho_404,1603,1567,-36,3753,2049,Codeforces Round 994 (Div. 2)
abhitulya19,1394,1410,16,3753,2049,Codeforces Round 994 (Div. 2)
prithviraj051105,1328,1362,34,3753,2049,Codeforces Round 994 (Div. 2)
prashant___,1201,1273,72,3753,2049,Codeforces Round 994 (Div. 2)
Zeyad_Zahran,1144,1234,90,3758,2049,Codeforces Round 994 (Div. 2)
MazenXv,1462,1461,-1,3758,2049,Codeforces Round 994 (Div. 2)
ghiblifanboy,914,1132,218,3758,2049,Codeforces Round 994 (Div. 2)
AynazRoAy,1350,1378,28,3758,2049,Codeforces Round 994 (Div. 2)
h1410101,523,881,358,3758,2049,Codeforces Round 994 (Div. 2)
tic_tac,1550,1527,-23,3758,2049,Codeforces Round 994 (Div. 2)
wizardaddy,1107,1209,102,3758,2049,Codeforces Round 994 (Div. 2)
TheCGuy,1477,1471,-6,3765,2049,Codeforces Round 994 (Div. 2)
Reagger,1316,1354,38,3765,2049,Codeforces Round 994 (Div. 2)
Mo_Shams,1107,1209,102,3767,2049,Codeforces Round 994 (Div. 2)
IshtiyakSezar,1402,1416,14,3767,2049,Codeforces Round 994 (Div. 2)
shekhawat_g,1271,1321,50,3769,2049,Codeforces Round 994 (Div. 2)
coldheart361,1132,1279,147,3769,2049,Codeforces Round 994 (Div. 2)
xANTARESx,1042,1216,174,3769,2049,Codeforces Round 994 (Div. 2)
pagol,1418,1428,10,3772,2049,Codeforces Round 994 (Div. 2)
Rishi23,1117,1268,151,3773,2049,Codeforces Round 994 (Div. 2)
naitikjain,1216,1283,67,3774,2049,Codeforces Round 994 (Div. 2)
AyushmanKumarSingh,1423,1431,8,3774,2049,Codeforces Round 994 (Div. 2)
aditya1695,992,1186,194,3774,2049,Codeforces Round 994 (Div. 2)
chinna.chilukuri,1203,1274,71,3774,2049,Codeforces Round 994 (Div. 2)
thatsgonzalez,1447,1448,1,3778,2049,Codeforces Round 994 (Div. 2)
uudd2,1404,1479,75,3778,2049,Codeforces Round 994 (Div. 2)
TWINSRIRAM01,789,1013,224,3778,2049,Codeforces Round 994 (Div. 2)
AkshayB1911,1467,1464,-3,3778,2049,Codeforces Round 994 (Div. 2)
gkosthefinalboss7,1426,1433,7,3782,2049,Codeforces Round 994 (Div. 2)
nhubui,1266,1317,51,3782,2049,Codeforces Round 994 (Div. 2)
Citrus_maxima,1644,1597,-47,3782,2049,Codeforces Round 994 (Div. 2)
gauravkr_0220,1097,1202,105,3782,2049,Codeforces Round 994 (Div. 2)
Jami_2006,626,954,328,3782,2049,Codeforces Round 994 (Div. 2)
chinmayamish61qx,1121,1218,97,3782,2049,Codeforces Round 994 (Div. 2)
winter_soldier_,1080,1190,110,3782,2049,Codeforces Round 994 (Div. 2)
ZalenoToTo,1262,1314,52,3789,2049,Codeforces Round 994 (Div. 2)
CP12433,1240,1299,59,3789,2049,Codeforces Round 994 (Div. 2)
HOO_KKn,681,993,312,3791,2049,Codeforces Round 994 (Div. 2)
naman__02,1222,1286,64,3791,2049,Codeforces Round 994 (Div. 2)
sandwich,1563,1536,-27,3791,2049,Codeforces Round 994 (Div. 2)
compile_sourabh,1442,1445,3,3794,2049,Codeforces Round 994 (Div. 2)
Flynek,1367,1390,23,3794,2049,Codeforces Round 994 (Div. 2)
oneGoal25,1224,1288,64,3794,2049,Codeforces Round 994 (Div. 2)
Abir_07,1070,1184,114,3797,2049,Codeforces Round 994 (Div. 2)
Cheshulko,1579,1548,-31,3797,2049,Codeforces Round 994 (Div. 2)
K3rnelPanic,1246,1303,57,3799,2049,Codeforces Round 994 (Div. 2)
Anwesh_16,1309,1348,39,3799,2049,Codeforces Round 994 (Div. 2)
TheRedMoon,1582,1550,-32,3799,2049,Codeforces Round 994 (Div. 2)
Se7enn,1560,1533,-27,3799,2049,Codeforces Round 994 (Div. 2)
_yo_boii,1141,1231,90,3799,2049,Codeforces Round 994 (Div. 2)
H.YUN.SS,1202,1272,70,3804,2049,Codeforces Round 994 (Div. 2)
samyak.jain.che21,0,516,516,3804,2049,Codeforces Round 994 (Div. 2)
30yardstopbin,1432,1437,5,3806,2049,Codeforces Round 994 (Div. 2)
Feral_Striker,1252,1307,55,3806,2049,Codeforces Round 994 (Div. 2)
Lakshay_2021059,1349,1376,27,3806,2049,Codeforces Round 994 (Div. 2)
L_thelostone,1276,1324,48,3806,2049,Codeforces Round 994 (Div. 2)
zeroko,1427,1433,6,3810,2049,Codeforces Round 994 (Div. 2)
iakumar0132,0,516,516,3810,2049,Codeforces Round 994 (Div. 2)
Aadi.,1358,1383,25,3810,2049,Codeforces Round 994 (Div. 2)
Lubesh,1255,1309,54,3810,2049,Codeforces Round 994 (Div. 2)
Antivenom10,1582,1550,-32,3810,2049,Codeforces Round 994 (Div. 2)
seeforty4040,1339,1369,30,3810,2049,Codeforces Round 994 (Div. 2)
hydro_7,1286,1331,45,3816,2049,Codeforces Round 994 (Div. 2)
Mauricio_Cruz,1195,1267,72,3816,2049,Codeforces Round 994 (Div. 2)
kashyap_2005,1167,1248,81,3818,2049,Codeforces Round 994 (Div. 2)
great_98,1321,1356,35,3818,2049,Codeforces Round 994 (Div. 2)
Trenod,826,1096,270,3818,2049,Codeforces Round 994 (Div. 2)
codekanishk293,1470,1465,-5,3818,2049,Codeforces Round 994 (Div. 2)
Sourav__01,1272,1321,49,3818,2049,Codeforces Round 994 (Div. 2)
MiniBess,1581,1549,-32,3818,2049,Codeforces Round 994 (Div. 2)
Ayan_00,1573,1543,-30,3818,2049,Codeforces Round 994 (Div. 2)
Lagran,681,992,311,3825,2049,Codeforces Round 994 (Div. 2)
Ahmik_Virani,806,1081,275,3825,2049,Codeforces Round 994 (Div. 2)
BillyJay,1345,1373,28,3825,2049,Codeforces Round 994 (Div. 2)
shafiullah-raihan,1024,1153,129,3825,2049,Codeforces Round 994 (Div. 2)
PotatoPlanet,1766,1690,-76,3825,2049,Codeforces Round 994 (Div. 2)
A5HU705H,1501,1488,-13,3825,2049,Codeforces Round 994 (Div. 2)
Mitul_Aggarwal,1249,1304,55,3831,2049,Codeforces Round 994 (Div. 2)
Aditya_singh_yadav,1282,1328,46,3831,2049,Codeforces Round 994 (Div. 2)
harith-s,1154,1273,119,3831,2049,Codeforces Round 994 (Div. 2)
rzougaBo,1058,1175,117,3831,2049,Codeforces Round 994 (Div. 2)
VW100,1383,1401,18,3835,2049,Codeforces Round 994 (Div. 2)
Supersidd,1360,1384,24,3835,2049,Codeforces Round 994 (Div. 2)
VioletSkeleton,1362,1385,23,3835,2049,Codeforces Round 994 (Div. 2)
ApaarGulati,985,1128,143,3835,2049,Codeforces Round 994 (Div. 2)
Aisham,1489,1479,-10,3835,2049,Codeforces Round 994 (Div. 2)
akimzhan,1143,1231,88,3840,2049,Codeforces Round 994 (Div. 2)
Algoquasar,1593,1557,-36,3840,2049,Codeforces Round 994 (Div. 2)
babgpipe_xpj,1213,1314,101,3840,2049,Codeforces Round 994 (Div. 2)
sharath__chandra,1464,1460,-4,3843,2049,Codeforces Round 994 (Div. 2)
itsraajjjuuuu,1429,1434,5,3843,2049,Codeforces Round 994 (Div. 2)
atishay_j.47,1145,1232,87,3843,2049,Codeforces Round 994 (Div. 2)
pdmass,1192,1264,72,3846,2049,Codeforces Round 994 (Div. 2)
omraki216746,1228,1289,61,3846,2049,Codeforces Round 994 (Div. 2)
xcjACMdxcj,1178,1254,76,3846,2049,Codeforces Round 994 (Div. 2)
cthsm,1350,1376,26,3849,2049,Codeforces Round 994 (Div. 2)
bobby222222222,1388,1404,16,3849,2049,Codeforces Round 994 (Div. 2)
Focus07,1436,1439,3,3849,2049,Codeforces Round 994 (Div. 2)
Error4040,1396,1409,13,3849,2049,Codeforces Round 994 (Div. 2)
Vansh223,1382,1399,17,3853,2049,Codeforces Round 994 (Div. 2)
jimmyminh0204,1704,1642,-62,3853,2049,Codeforces Round 994 (Div. 2)
raveech,734,1028,294,3855,2049,Codeforces Round 994 (Div. 2)
algoskipper,1497,1484,-13,3855,2049,Codeforces Round 994 (Div. 2)
Jesse_Pinkman_bch,1133,1224,91,3857,2049,Codeforces Round 994 (Div. 2)
dineshre_123,1343,1371,28,3857,2049,Codeforces Round 994 (Div. 2)
Himanshu_Yadav94,1250,1304,54,3859,2049,Codeforces Round 994 (Div. 2)
namokaul,1336,1366,30,3859,2049,Codeforces Round 994 (Div. 2)
JosephCifuentes,737,1009,272,3859,2049,Codeforces Round 994 (Div. 2)
Sora213,1346,1373,27,3862,2049,Codeforces Round 994 (Div. 2)
This_Akshat_Codes,1150,1269,119,3862,2049,Codeforces Round 994 (Div. 2)
sroid_03,1571,1540,-31,3864,2049,Codeforces Round 994 (Div. 2)
phantomstar3.14,1262,1312,50,3864,2049,Codeforces Round 994 (Div. 2)
shivam9878009,1174,1251,77,3864,2049,Codeforces Round 994 (Div. 2)
kuileishi,1245,1300,55,3864,2049,Codeforces Round 994 (Div. 2)
phanhom,1157,1304,147,3868,2049,Codeforces Round 994 (Div. 2)
sos-myslom,1142,1229,87,3868,2049,Codeforces Round 994 (Div. 2)
myselfshoibashis123,1289,1332,43,3868,2049,Codeforces Round 994 (Div. 2)
yarorekiw,1679,1622,-57,3868,2049,Codeforces Round 994 (Div. 2)
_TheChosenOne_,1443,1443,0,3872,2049,Codeforces Round 994 (Div. 2)
Legendary_CP,1427,1432,5,3872,2049,Codeforces Round 994 (Div. 2)
ChiMu,1283,1327,44,3872,2049,Codeforces Round 994 (Div. 2)
nskzaya,1463,1458,-5,3872,2049,Codeforces Round 994 (Div. 2)
shaniii,0,515,515,3872,2049,Codeforces Round 994 (Div. 2)
suyu1491,1245,1300,55,3872,2049,Codeforces Round 994 (Div. 2)
santughanta576,713,1013,300,3872,2049,Codeforces Round 994 (Div. 2)
Kriith,1108,1206,98,3879,2049,Codeforces Round 994 (Div. 2)
concl,1728,1660,-68,3879,2049,Codeforces Round 994 (Div. 2)
shreyansharma1,1344,1371,27,3881,2049,Codeforces Round 994 (Div. 2)
why_0210,1341,1369,28,3881,2049,Codeforces Round 994 (Div. 2)
Seismic_Toss,1583,1549,-34,3881,2049,Codeforces Round 994 (Div. 2)
semicolon18,1575,1543,-32,3884,2049,Codeforces Round 994 (Div. 2)
thakuremon,1432,1435,3,3884,2049,Codeforces Round 994 (Div. 2)
jokertao,1649,1599,-50,3884,2049,Codeforces Round 994 (Div. 2)
BeverlyAkin,740,1010,270,3884,2049,Codeforces Round 994 (Div. 2)
harrypang,1483,1473,-10,3884,2049,Codeforces Round 994 (Div. 2)
darshil2208,1361,1383,22,3884,2049,Codeforces Round 994 (Div. 2)
Sankalp3011,1175,1252,77,3884,2049,Codeforces Round 994 (Div. 2)
DeD_TihoN,1722,1655,-67,3884,2049,Codeforces Round 994 (Div. 2)
chini2005,1254,1306,52,3884,2049,Codeforces Round 994 (Div. 2)
sribhargav1345,1372,1391,19,3893,2049,Codeforces Round 994 (Div. 2)
yravidheeraj12,1498,1484,-14,3893,2049,Codeforces Round 994 (Div. 2)
lotus_pjl,1060,1174,114,3895,2049,Codeforces Round 994 (Div. 2)
dshreddy03,1151,1235,84,3895,2049,Codeforces Round 994 (Div. 2)
m_bhaskar,1176,1252,76,3895,2049,Codeforces Round 994 (Div. 2)
Sinatbt,1630,1584,-46,3895,2049,Codeforces Round 994 (Div. 2)
Kartik-Singh,1451,1449,-2,3895,2049,Codeforces Round 994 (Div. 2)
Equation_Tracker,1450,1448,-2,3900,2049,Codeforces Round 994 (Div. 2)
khushi_khandelwal,939,1098,159,3900,2049,Codeforces Round 994 (Div. 2)
jaiwardhansingh,580,920,340,3900,2049,Codeforces Round 994 (Div. 2)
ChiyoYuki,1573,1541,-32,3900,2049,Codeforces Round 994 (Div. 2)
Codezilla1211,1314,1349,35,3904,2049,Codeforces Round 994 (Div. 2)
sahuaanshuman,1094,1196,102,3904,2049,Codeforces Round 994 (Div. 2)
paracet_anmol,683,991,308,3904,2049,Codeforces Round 994 (Div. 2)
JAC_Sadi,1654,1602,-52,3904,2049,Codeforces Round 994 (Div. 2)
shibofish,1497,1483,-14,3908,2049,Codeforces Round 994 (Div. 2)
comalonwizme,1363,1384,21,3908,2049,Codeforces Round 994 (Div. 2)
Retired_Lixy,1678,1621,-57,3908,2049,Codeforces Round 994 (Div. 2)
harshit_maurya0001,1051,1168,117,3908,2049,Codeforces Round 994 (Div. 2)
ren_fan,1690,1630,-60,3912,2049,Codeforces Round 994 (Div. 2)
Krish_Kalola,1059,1173,114,3912,2049,Codeforces Round 994 (Div. 2)
kyumin2805,0,513,513,3912,2049,Codeforces Round 994 (Div. 2)
ckfy,1335,1400,65,3912,2049,Codeforces Round 994 (Div. 2)
Ny0n,1340,1367,27,3916,2049,Codeforces Round 994 (Div. 2)
ryoiki_senpai,1307,1343,36,3916,2049,Codeforces Round 994 (Div. 2)
aryanmishra12112003,1553,1525,-28,3916,2049,Codeforces Round 994 (Div. 2)
namo_2210040017,883,1063,180,3919,2049,Codeforces Round 994 (Div. 2)
Ahmed_Faraj,1183,1256,73,3919,2049,Codeforces Round 994 (Div. 2)
orkag,1132,1221,89,3919,2049,Codeforces Round 994 (Div. 2)
aggarwal_abhinav7,1238,1294,56,3919,2049,Codeforces Round 994 (Div. 2)
elijah5399,1247,1300,53,3919,2049,Codeforces Round 994 (Div. 2)
HariHar_1.3,1237,1293,56,3919,2049,Codeforces Round 994 (Div. 2)
mngan,1289,1330,41,3925,2049,Codeforces Round 994 (Div. 2)
Architect_00,1574,1541,-33,3925,2049,Codeforces Round 994 (Div. 2)
thundercrypt,430,810,380,3925,2049,Codeforces Round 994 (Div. 2)
VaibhavxLegend,790,1067,277,3925,2049,Codeforces Round 994 (Div. 2)
_Ackermann_,1353,1376,23,3925,2049,Codeforces Round 994 (Div. 2)
pillow_mycode,1385,1400,15,3925,2049,Codeforces Round 994 (Div. 2)
Gotsuhan,1753,1678,-75,3931,2049,Codeforces Round 994 (Div. 2)
johann_,1128,1218,90,3931,2049,Codeforces Round 994 (Div. 2)
p1k4,1671,1615,-56,3931,2049,Codeforces Round 994 (Div. 2)
xxxasybt2024,0,513,513,3931,2049,Codeforces Round 994 (Div. 2)
aksharabhat,1236,1292,56,3931,2049,Codeforces Round 994 (Div. 2)
teja_bvs,1298,1336,38,3931,2049,Codeforces Round 994 (Div. 2)
ShraJX,1278,1322,44,3931,2049,Codeforces Round 994 (Div. 2)
amitkumariitm,737,1009,272,3938,2049,Codeforces Round 994 (Div. 2)
ek_gupta,1371,1389,18,3938,2049,Codeforces Round 994 (Div. 2)
Nithya_ch,1293,1333,40,3940,2049,Codeforces Round 994 (Div. 2)
dark_22,1293,1333,40,3940,2049,Codeforces Round 994 (Div. 2)
mridupaban4g,1386,1400,14,3940,2049,Codeforces Round 994 (Div. 2)
TrushChauhan,1321,1353,32,3940,2049,Codeforces Round 994 (Div. 2)
siuuu_on_code,1313,1347,34,3940,2049,Codeforces Round 994 (Div. 2)
EndlessDreamzz,1591,1554,-37,3940,2049,Codeforces Round 994 (Div. 2)
bigDeyta,1372,1390,18,3946,2049,Codeforces Round 994 (Div. 2)
lgm_,1481,1470,-11,3946,2049,Codeforces Round 994 (Div. 2)
Pranad,1284,1326,42,3946,2049,Codeforces Round 994 (Div. 2)
2armBandit,1358,1379,21,3949,2049,Codeforces Round 994 (Div. 2)
ashraftanvir01,1354,1376,22,3949,2049,Codeforces Round 994 (Div. 2)
Abd_Codeforce,1424,1427,3,3949,2049,Codeforces Round 994 (Div. 2)
516manav,1314,1347,33,3952,2049,Codeforces Round 994 (Div. 2)
HarishkumarMarni,1436,1436,0,3952,2049,Codeforces Round 994 (Div. 2)
Sorinel,1421,1425,4,3952,2049,Codeforces Round 994 (Div. 2)
hagertaher1,1093,1194,101,3952,2049,Codeforces Round 994 (Div. 2)
skill_Issued,1567,1535,-32,3952,2049,Codeforces Round 994 (Div. 2)
rougenn,1609,1567,-42,3957,2049,Codeforces Round 994 (Div. 2)
Ayush_7,1223,1283,60,3957,2049,Codeforces Round 994 (Div. 2)
SolveXJo,1097,1197,100,3957,2049,Codeforces Round 994 (Div. 2)
tsukumo,1443,1442,-1,3960,2049,Codeforces Round 994 (Div. 2)
SamarMahfooz,1135,1222,87,3960,2049,Codeforces Round 994 (Div. 2)
Navdeep2024,928,1168,240,3960,2049,Codeforces Round 994 (Div. 2)
DeltaRail,1503,1486,-17,3963,2049,Codeforces Round 994 (Div. 2)
Lakshya3859,1366,1385,19,3963,2049,Codeforces Round 994 (Div. 2)
mamali,1167,1244,77,3965,2049,Codeforces Round 994 (Div. 2)
150rupyadega,1508,1490,-18,3965,2049,Codeforces Round 994 (Div. 2)
KoKoDuDu,1476,1466,-10,3965,2049,Codeforces Round 994 (Div. 2)
karanagarwal12,1596,1557,-39,3968,2049,Codeforces Round 994 (Div. 2)
BlueEnchanter,1055,1169,114,3968,2049,Codeforces Round 994 (Div. 2)
GreetTheCosmos,1351,1374,23,3970,2049,Codeforces Round 994 (Div. 2)
Rithwik_g,1216,1277,61,3970,2049,Codeforces Round 994 (Div. 2)
swatishivam23,1201,1267,66,3970,2049,Codeforces Round 994 (Div. 2)
lovish8320,1570,1537,-33,3970,2049,Codeforces Round 994 (Div. 2)
amonguslacdit,1518,1498,-20,3970,2049,Codeforces Round 994 (Div. 2)
3bkarm,1644,1593,-51,3975,2049,Codeforces Round 994 (Div. 2)
siddharthtiwari3739,1671,1614,-57,3975,2049,Codeforces Round 994 (Div. 2)
creepy...,1156,1236,80,3977,2049,Codeforces Round 994 (Div. 2)
ArcticFox,1272,1317,45,3977,2049,Codeforces Round 994 (Div. 2)
shivanis.ug22.cs,1105,1202,97,3977,2049,Codeforces Round 994 (Div. 2)
YouKnowCipher,1382,1396,14,3977,2049,Codeforces Round 994 (Div. 2)
rishabh_638413,1174,1248,74,3981,2049,Codeforces Round 994 (Div. 2)
shelter551,0,512,512,3981,2049,Codeforces Round 994 (Div. 2)
qiqi_0507sinan,1309,1343,34,3983,2049,Codeforces Round 994 (Div. 2)
Almahrouky,1427,1429,2,3983,2049,Codeforces Round 994 (Div. 2)
FZANOTFOUND,1239,1293,54,3985,2049,Codeforces Round 994 (Div. 2)
__Aviral__,1325,1354,29,3985,2049,Codeforces Round 994 (Div. 2)
BluoCaroot,1891,1785,-106,3985,2049,Codeforces Round 994 (Div. 2)
Ankur_Dwivedi,1268,1314,46,3985,2049,Codeforces Round 994 (Div. 2)
utkarshupdy,1281,1323,42,3989,2049,Codeforces Round 994 (Div. 2)
polsage,1665,1609,-56,3989,2049,Codeforces Round 994 (Div. 2)
devarsh_dk,1169,1245,76,3989,2049,Codeforces Round 994 (Div. 2)
rounak133,1357,1378,21,3992,2049,Codeforces Round 994 (Div. 2)
angkaberapa,1173,1247,74,3992,2049,Codeforces Round 994 (Div. 2)
dev4nshu,1236,1291,55,3992,2049,Codeforces Round 994 (Div. 2)
Yellowlion,1172,1247,75,3992,2049,Codeforces Round 994 (Div. 2)
Power_Rangers_,1448,1444,-4,3996,2049,Codeforces Round 994 (Div. 2)
aste_risk,1420,1424,4,3996,2049,Codeforces Round 994 (Div. 2)
Yash-G,1423,1426,3,3996,2049,Codeforces Round 994 (Div. 2)
PioX,1197,1264,67,3996,2049,Codeforces Round 994 (Div. 2)
codecrafter1003,1053,1167,114,4000,2049,Codeforces Round 994 (Div. 2)
Karthik_Saladi,1164,1241,77,4001,2049,Codeforces Round 994 (Div. 2)
balaji_pugaz,1176,1249,73,4001,2049,Codeforces Round 994 (Div. 2)
TheMaysan,1598,1558,-40,4003,2049,Codeforces Round 994 (Div. 2)
epozin,1535,1510,-25,4003,2049,Codeforces Round 994 (Div. 2)
tgarg7084,1274,1353,79,4003,2049,Codeforces Round 994 (Div. 2)
ritwik_69,1244,1296,52,4003,2049,Codeforces Round 994 (Div. 2)
AlluSaikiran,1397,1406,9,4007,2049,Codeforces Round 994 (Div. 2)
abhishek_g15,1160,1238,78,4007,2049,Codeforces Round 994 (Div. 2)
the-NerdNinja,1560,1529,-31,4007,2049,Codeforces Round 994 (Div. 2)
AAr_bunny,1272,1316,44,4007,2049,Codeforces Round 994 (Div. 2)
pratap_s,1469,1460,-9,4011,2049,Codeforces Round 994 (Div. 2)
__SchrodingersCat__,1359,1379,20,4011,2049,Codeforces Round 994 (Div. 2)
codehunter123,1372,1388,16,4011,2049,Codeforces Round 994 (Div. 2)
Zjh88035540,1145,1262,117,4011,2049,Codeforces Round 994 (Div. 2)
anant_.singh_,1224,1282,58,4015,2049,Codeforces Round 994 (Div. 2)
gargpb31,1509,1490,-19,4015,2049,Codeforces Round 994 (Div. 2)
infinitin007,1649,1596,-53,4015,2049,Codeforces Round 994 (Div. 2)
BahtiX,1094,1193,99,4015,2049,Codeforces Round 994 (Div. 2)
zahorodnyi,1170,1244,74,4015,2049,Codeforces Round 994 (Div. 2)
theriseofahero,1485,1471,-14,4015,2049,Codeforces Round 994 (Div. 2)
askeladdd,1187,1256,69,4015,2049,Codeforces Round 994 (Div. 2)
Tawfik040,1127,1215,88,4022,2049,Codeforces Round 994 (Div. 2)
LazzyLeopard,1397,1406,9,4022,2049,Codeforces Round 994 (Div. 2)
segorkan,1198,1264,66,4022,2049,Codeforces Round 994 (Div. 2)
amitrathore,1323,1352,29,4025,2049,Codeforces Round 994 (Div. 2)
srijanagrawal,1205,1268,63,4026,2049,Codeforces Round 994 (Div. 2)
rakor,902,1115,213,4026,2049,Codeforces Round 994 (Div. 2)
neptunns,1175,1248,73,4028,2049,Codeforces Round 994 (Div. 2)
dedop,1316,1347,31,4028,2049,Codeforces Round 994 (Div. 2)
student_iiitl,1120,1210,90,4030,2049,Codeforces Round 994 (Div. 2)
Den_Mokhovikov,1190,1258,68,4030,2049,Codeforces Round 994 (Div. 2)
KaSo06,1101,1198,97,4030,2049,Codeforces Round 994 (Div. 2)
zavodov42,1267,1383,116,4030,2049,Codeforces Round 994 (Div. 2)
Ahil_Khan_IITB,1319,1349,30,4034,2049,Codeforces Round 994 (Div. 2)
Sspreck,1273,1316,43,4035,2049,Codeforces Round 994 (Div. 2)
CheeseUncia,1198,1320,122,4036,2049,Codeforces Round 994 (Div. 2)
Love_Elaina,1315,1346,31,4036,2049,Codeforces Round 994 (Div. 2)
Solandra,1391,1401,10,4038,2049,Codeforces Round 994 (Div. 2)
Chicken_Game,1842,1745,-97,4038,2049,Codeforces Round 994 (Div. 2)
hemanthkumarvaddipalli,1209,1271,62,4038,2049,Codeforces Round 994 (Div. 2)
adibabakharat,1414,1418,4,4041,2049,Codeforces Round 994 (Div. 2)
farfromreality,1218,1277,59,4041,2049,Codeforces Round 994 (Div. 2)
Maniii,936,1140,204,4041,2049,Codeforces Round 994 (Div. 2)
Rishi_Kumar_Singh,1571,1537,-34,4041,2049,Codeforces Round 994 (Div. 2)
ishitjain0690,1164,1240,76,4045,2049,Codeforces Round 994 (Div. 2)
Lithika,1182,1252,70,4045,2049,Codeforces Round 994 (Div. 2)
utk_2809,1597,1556,-41,4045,2049,Codeforces Round 994 (Div. 2)
saidpon,1478,1466,-12,4048,2049,Codeforces Round 994 (Div. 2)
Dhru_P,1320,1349,29,4048,2049,Codeforces Round 994 (Div. 2)
cdryme,1019,1144,125,4050,2049,Codeforces Round 994 (Div. 2)
abhinav-0401,1485,1471,-14,4051,2049,Codeforces Round 994 (Div. 2)
Dark_Knight_3,1486,1471,-15,4051,2049,Codeforces Round 994 (Div. 2)
lucaminiati,1486,1471,-15,4051,2049,Codeforces Round 994 (Div. 2)
code_breaker073,1217,1276,59,4051,2049,Codeforces Round 994 (Div. 2)
amanpand3y,829,1092,263,4055,2049,Codeforces Round 994 (Div. 2)
orzACbro,988,1176,188,4055,2049,Codeforces Round 994 (Div. 2)
.s.,1461,1453,-8,4057,2049,Codeforces Round 994 (Div. 2)
Maybe0_0,1152,1231,79,4057,2049,Codeforces Round 994 (Div. 2)
Fgdg45,1208,1305,97,4057,2049,Codeforces Round 994 (Div. 2)
KAZHYI2,1289,1400,111,4057,2049,Codeforces Round 994 (Div. 2)
Xis10t,1129,1215,86,4061,2049,Codeforces Round 994 (Div. 2)
hardikbatra07,1403,1410,7,4061,2049,Codeforces Round 994 (Div. 2)
Hexiuqi,1720,1650,-70,4063,2049,Codeforces Round 994 (Div. 2)
PetrShinomontazh,1162,1238,76,4063,2049,Codeforces Round 994 (Div. 2)
Sherlocked_Potter,1483,1469,-14,4065,2049,Codeforces Round 994 (Div. 2)
anshg03,1456,1449,-7,4065,2049,Codeforces Round 994 (Div. 2)
C20udz,1575,1539,-36,4065,2049,Codeforces Round 994 (Div. 2)
Kumar_Nishant,1099,1195,96,4065,2049,Codeforces Round 994 (Div. 2)
Rebobtg,1136,1220,84,4069,2049,Codeforces Round 994 (Div. 2)
RioBluss,1353,1373,20,4070,2049,Codeforces Round 994 (Div. 2)
MaximTreg,1065,1224,159,4071,2049,Codeforces Round 994 (Div. 2)
Aditya_5618,1008,1136,128,4071,2049,Codeforces Round 994 (Div. 2)
yonatanL,1625,1576,-49,4073,2049,Codeforces Round 994 (Div. 2)
StrayDog123,1011,1192,181,4073,2049,Codeforces Round 994 (Div. 2)
Eslam.Taha,1772,1690,-82,4075,2049,Codeforces Round 994 (Div. 2)
long_our_unity,1440,1437,-3,4075,2049,Codeforces Round 994 (Div. 2)
aditkari,1018,1142,124,4077,2049,Codeforces Round 994 (Div. 2)
stakudog,1572,1537,-35,4077,2049,Codeforces Round 994 (Div. 2)
008-Amirkhan-Zh-27,1271,1313,42,4077,2049,Codeforces Round 994 (Div. 2)
sar123,1184,1287,103,4080,2049,Codeforces Round 994 (Div. 2)
Suman_Dalai,1347,1368,21,4081,2049,Codeforces Round 994 (Div. 2)
rohangarg23,774,1051,277,4081,2049,Codeforces Round 994 (Div. 2)
Leomi,1494,1477,-17,4081,2049,Codeforces Round 994 (Div. 2)
akshatsaxena552004.ss,1391,1437,46,4084,2049,Codeforces Round 994 (Div. 2)
FailX,1408,1412,4,4084,2049,Codeforces Round 994 (Div. 2)
yuvrajsingh_1,1378,1391,13,4084,2049,Codeforces Round 994 (Div. 2)
ashank_22,1120,1209,89,4087,2049,Codeforces Round 994 (Div. 2)
Nika.,1731,1658,-73,4088,2049,Codeforces Round 994 (Div. 2)
01unp01,1306,1339,33,4088,2049,Codeforces Round 994 (Div. 2)
becastal,1120,1209,89,4088,2049,Codeforces Round 994 (Div. 2)
FKiller,0,510,510,4088,2049,Codeforces Round 994 (Div. 2)
Biologist,1168,1241,73,4088,2049,Codeforces Round 994 (Div. 2)
no_its_becky,1338,1361,23,4093,2049,Codeforces Round 994 (Div. 2)
OrganicBot,1192,1258,66,4093,2049,Codeforces Round 994 (Div. 2)
Amin_2005022,1342,1364,22,4095,2049,Codeforces Round 994 (Div. 2)
harshkankhar1,1454,1447,-7,4095,2049,Codeforces Round 994 (Div. 2)
cjl001,1416,1418,2,4095,2049,Codeforces Round 994 (Div. 2)
Pedrinho_Eu,1731,1658,-73,4098,2049,Codeforces Round 994 (Div. 2)
manojvarma,1384,1395,11,4098,2049,Codeforces Round 994 (Div. 2)
Absiiii,1368,1459,91,4100,2049,Codeforces Round 994 (Div. 2)
Karieciation,1565,1530,-35,4100,2049,Codeforces Round 994 (Div. 2)
Anurag6022,1235,1287,52,4100,2049,Codeforces Round 994 (Div. 2)
PranavVarmaDp,1455,1447,-8,4103,2049,Codeforces Round 994 (Div. 2)
leneza_41,1588,1548,-40,4103,2049,Codeforces Round 994 (Div. 2)
ujjawals159,1471,1459,-12,4103,2049,Codeforces Round 994 (Div. 2)
zjhl2,1665,1607,-58,4106,2049,Codeforces Round 994 (Div. 2)
3bdulrahman.,1333,1357,24,4106,2049,Codeforces Round 994 (Div. 2)
Iron_man45,1185,1252,67,4106,2049,Codeforces Round 994 (Div. 2)
Varun_3124,1350,1370,20,4109,2049,Codeforces Round 994 (Div. 2)
VexedVectors101,1414,1417,3,4109,2049,Codeforces Round 994 (Div. 2)
Infiniteenergy,1396,1466,70,4111,2049,Codeforces Round 994 (Div. 2)
MinValgen,1397,1404,7,4111,2049,Codeforces Round 994 (Div. 2)
Jay_vardhan_vashishtha,1243,1293,50,4113,2049,Codeforces Round 994 (Div. 2)
Cyber_Wolf,1615,1568,-47,4113,2049,Codeforces Round 994 (Div. 2)
daoqi,1996,1866,-130,4113,2049,Codeforces Round 994 (Div. 2)
SilenZcience,1203,1322,119,4113,2049,Codeforces Round 994 (Div. 2)
goodby,1079,1181,102,4113,2049,Codeforces Round 994 (Div. 2)
DemirKelle,1435,1432,-3,4118,2049,Codeforces Round 994 (Div. 2)
sasaurabh11,1279,1318,39,4118,2049,Codeforces Round 994 (Div. 2)
kdisback,1346,1367,21,4120,2049,Codeforces Round 994 (Div. 2)
kryptx,1337,1360,23,4121,2049,Codeforces Round 994 (Div. 2)
Srujan_B,1158,1234,76,4121,2049,Codeforces Round 994 (Div. 2)
sanchang111,1223,1278,55,4123,2049,Codeforces Round 994 (Div. 2)
ALOMGIR_27,1438,1434,-4,4123,2049,Codeforces Round 994 (Div. 2)
Codevibes,1411,1414,3,4125,2049,Codeforces Round 994 (Div. 2)
Md_Faique_Ibrahimi,1465,1454,-11,4125,2049,Codeforces Round 994 (Div. 2)
Ridhim,1213,1271,58,4127,2049,Codeforces Round 994 (Div. 2)
Vcoistnt,1500,1481,-19,4128,2049,Codeforces Round 994 (Div. 2)
Stroy,1274,1314,40,4128,2049,Codeforces Round 994 (Div. 2)
_.Manish._,1266,1309,43,4130,2049,Codeforces Round 994 (Div. 2)
CegaxLujanCarrion,1442,1437,-5,4130,2049,Codeforces Round 994 (Div. 2)
rautelaaditya16,1317,1345,28,4130,2049,Codeforces Round 994 (Div. 2)
sumit228,1240,1290,50,4133,2049,Codeforces Round 994 (Div. 2)
ayushdreams147,1405,1409,4,4134,2049,Codeforces Round 994 (Div. 2)
Mennah_fathy_gadalla,1321,1348,27,4134,2049,Codeforces Round 994 (Div. 2)
Dima357,1197,1260,63,4134,2049,Codeforces Round 994 (Div. 2)
AlgoExp_Sandip,1082,1182,100,4137,2049,Codeforces Round 994 (Div. 2)
Adarsh_pal,1328,1389,61,4137,2049,Codeforces Round 994 (Div. 2)
nilan425,1385,1395,10,4137,2049,Codeforces Round 994 (Div. 2)
njoop,1327,1352,25,4137,2049,Codeforces Round 994 (Div. 2)
Maks_Voiteh,1661,1603,-58,4141,2049,Codeforces Round 994 (Div. 2)
deepanhalder1907,1040,1155,115,4142,2049,Codeforces Round 994 (Div. 2)
PandemicP,1671,1611,-60,4143,2049,Codeforces Round 994 (Div. 2)
Eyad_Hazem,1397,1403,6,4144,2049,Codeforces Round 994 (Div. 2)
AG_BOSS,1432,1429,-3,4144,2049,Codeforces Round 994 (Div. 2)
itz_jeel05,1158,1233,75,4144,2049,Codeforces Round 994 (Div. 2)
BedwarKing,1587,1546,-41,4147,2049,Codeforces Round 994 (Div. 2)
just_shantii,559,899,340,4147,2049,Codeforces Round 994 (Div. 2)
parvinder01,1106,1198,92,4147,2049,Codeforces Round 994 (Div. 2)
jets_psd,1337,1360,23,4150,2049,Codeforces Round 994 (Div. 2)
CeHang,1340,1361,21,4151,2049,Codeforces Round 994 (Div. 2)
7.1,1612,1565,-47,4152,2049,Codeforces Round 994 (Div. 2)
MasterMuskan,1362,1377,15,4152,2049,Codeforces Round 994 (Div. 2)
khanhminh,1303,1335,32,4154,2049,Codeforces Round 994 (Div. 2)
_y0_saikat_y0_,1057,1216,159,4155,2049,Codeforces Round 994 (Div. 2)
lao_wang,823,1085,262,4155,2049,Codeforces Round 994 (Div. 2)
siddharths0001,1371,1384,13,4155,2049,Codeforces Round 994 (Div. 2)
darklord_self,1155,1231,76,4158,2049,Codeforces Round 994 (Div. 2)
Schlaflos,448,817,369,4158,2049,Codeforces Round 994 (Div. 2)
rohitmatrix2005,1355,1372,17,4160,2049,Codeforces Round 994 (Div. 2)
tjonac,1335,1358,23,4161,2049,Codeforces Round 994 (Div. 2)
amharshit45,1339,1360,21,4162,2049,Codeforces Round 994 (Div. 2)
nik10101,355,750,395,4162,2049,Codeforces Round 994 (Div. 2)
TheASR_007,1132,1215,83,4162,2049,Codeforces Round 994 (Div. 2)
piyush4434,1238,1288,50,4165,2049,Codeforces Round 994 (Div. 2)
Nium2025,1707,1638,-69,4165,2049,Codeforces Round 994 (Div. 2)
AdamHDhayfa,1281,1318,37,4167,2049,Codeforces Round 994 (Div. 2)
Brzenn,595,923,328,4167,2049,Codeforces Round 994 (Div. 2)
nem-E-sis,1221,1276,55,4169,2049,Codeforces Round 994 (Div. 2)
code4dj,1320,1383,63,4170,2049,Codeforces Round 994 (Div. 2)
bruhboy2806,964,1156,192,4171,2049,Codeforces Round 994 (Div. 2)
iam_acharya31,1405,1409,4,4172,2049,Codeforces Round 994 (Div. 2)
darcaster,1200,1261,61,4173,2049,Codeforces Round 994 (Div. 2)
copyPasteCoder,1565,1529,-36,4173,2049,Codeforces Round 994 (Div. 2)
coderzzz_123,1178,1302,124,4175,2049,Codeforces Round 994 (Div. 2)
Slamix,1508,1486,-22,4176,2049,Codeforces Round 994 (Div. 2)
sreeharshithagaddam,1234,1285,51,4176,2049,Codeforces Round 994 (Div. 2)
Rana_Azka,1265,1307,42,4176,2049,Codeforces Round 994 (Div. 2)
DeadllyPillow,1062,1168,106,4179,2049,Codeforces Round 994 (Div. 2)
johnsmith0x3f,1974,1848,-126,4180,2049,Codeforces Round 994 (Div. 2)
ag_kunal,1218,1274,56,4181,2049,Codeforces Round 994 (Div. 2)
Tapos-Minmoy,1297,1330,33,4182,2049,Codeforces Round 994 (Div. 2)
Detective_conans,514,865,351,4183,2049,Codeforces Round 994 (Div. 2)
azerbenmed1730,1191,1255,64,4183,2049,Codeforces Round 994 (Div. 2)
SandTea,1896,1785,-111,4183,2049,Codeforces Round 994 (Div. 2)
The_Pacific,1121,1207,86,4183,2049,Codeforces Round 994 (Div. 2)
vzharov6,1218,1273,55,4183,2049,Codeforces Round 994 (Div. 2)
ReaperScythe21,1418,1455,37,4183,2049,Codeforces Round 994 (Div. 2)
kahaan_,867,1045,178,4189,2049,Codeforces Round 994 (Div. 2)
delusionX,1344,1363,19,4189,2049,Codeforces Round 994 (Div. 2)
ochopra,1339,1360,21,4191,2049,Codeforces Round 994 (Div. 2)
Akash_75,945,1093,148,4192,2049,Codeforces Round 994 (Div. 2)
Ask-2005,1598,1554,-44,4192,2049,Codeforces Round 994 (Div. 2)
_Hotoru,1241,1289,48,4192,2049,Codeforces Round 994 (Div. 2)
ilseoresivee,1466,1453,-13,4195,2049,Codeforces Round 994 (Div. 2)
ecco2k0rzdoer2013,1289,1323,34,4195,2049,Codeforces Round 994 (Div. 2)
krantikumar0503,1095,1189,94,4197,2049,Codeforces Round 994 (Div. 2)
ragam_ganesh_babu,912,1073,161,4197,2049,Codeforces Round 994 (Div. 2)
_ASRafi__,1343,1362,19,4197,2049,Codeforces Round 994 (Div. 2)
atkm953,1419,1418,-1,4197,2049,Codeforces Round 994 (Div. 2)
giridhar123456,1502,1480,-22,4201,2049,Codeforces Round 994 (Div. 2)
Qurbonov_Jaloliddin,1141,1220,79,4202,2049,Codeforces Round 994 (Div. 2)
vainilla,487,845,358,4203,2049,Codeforces Round 994 (Div. 2)
LogNMaster,1280,1317,37,4203,2049,Codeforces Round 994 (Div. 2)
BLUmOOn,1427,1424,-3,4205,2049,Codeforces Round 994 (Div. 2)
Kanan.cpp,1249,1295,46,4205,2049,Codeforces Round 994 (Div. 2)
peymar,1192,1255,63,4207,2049,Codeforces Round 994 (Div. 2)
alpha1324,1622,1572,-50,4207,2049,Codeforces Round 994 (Div. 2)
vijay_18,1499,1478,-21,4207,2049,Codeforces Round 994 (Div. 2)
_c-p_,1104,1228,124,4210,2049,Codeforces Round 994 (Div. 2)
henryyyh,1500,1479,-21,4210,2049,Codeforces Round 994 (Div. 2)
lockdown,1718,1645,-73,4212,2049,Codeforces Round 994 (Div. 2)
The_Loser.,1066,1203,137,4212,2049,Codeforces Round 994 (Div. 2)
AhmedMaherAli,1200,1260,60,4212,2049,Codeforces Round 994 (Div. 2)
garvit27,1268,1308,40,4215,2049,Codeforces Round 994 (Div. 2)
senatenikhil,1203,1262,59,4216,2049,Codeforces Round 994 (Div. 2)
Echo2,1292,1325,33,4217,2049,Codeforces Round 994 (Div. 2)
molekula,1231,1282,51,4217,2049,Codeforces Round 994 (Div. 2)
mohitagarwal_24,1223,1276,53,4217,2049,Codeforces Round 994 (Div. 2)
Anish_2407,1158,1231,73,4217,2049,Codeforces Round 994 (Div. 2)
Mahesh_4444,1411,1412,1,4221,2049,Codeforces Round 994 (Div. 2)
Bilbo,1261,1303,42,4222,2049,Codeforces Round 994 (Div. 2)
gtx123,1103,1194,91,4222,2049,Codeforces Round 994 (Div. 2)
Mighilon,1641,1586,-55,4222,2049,Codeforces Round 994 (Div. 2)
Shivam08,1330,1352,22,4225,2049,Codeforces Round 994 (Div. 2)
_Duck_Dot_Dot_Happy,1790,1701,-89,4225,2049,Codeforces Round 994 (Div. 2)
BrutHawk,1373,1384,11,4225,2049,Codeforces Round 994 (Div. 2)
Dalle,1315,1341,26,4228,2049,Codeforces Round 994 (Div. 2)
__swoosh__,1452,1442,-10,4229,2049,Codeforces Round 994 (Div. 2)
nithin0810,1451,1441,-10,4229,2049,Codeforces Round 994 (Div. 2)
sengardeep,1116,1256,140,4231,2049,Codeforces Round 994 (Div. 2)
XMAN12321,1310,1337,27,4232,2049,Codeforces Round 994 (Div. 2)
Windows__XP,926,1080,154,4233,2049,Codeforces Round 994 (Div. 2)
Kshitij_Patel,1391,1397,6,4233,2049,Codeforces Round 994 (Div. 2)
ReverseFlash081,1248,1293,45,4233,2049,Codeforces Round 994 (Div. 2)
harsh05773,1104,1248,144,4236,2049,Codeforces Round 994 (Div. 2)
Breaking_Bugs,1299,1330,31,4237,2049,Codeforces Round 994 (Div. 2)
alokbarnwal54,1033,1147,114,4238,2049,Codeforces Round 994 (Div. 2)
quad_wipe,1277,1314,37,4238,2049,Codeforces Round 994 (Div. 2)
Int_Enigma,0,506,506,4240,2049,Codeforces Round 994 (Div. 2)
lavaloon_6969,1188,1251,63,4240,2049,Codeforces Round 994 (Div. 2)
MugiWada07,1370,1418,48,4242,2049,Codeforces Round 994 (Div. 2)
TeletubiGaim33,1696,1628,-68,4243,2049,Codeforces Round 994 (Div. 2)
ayush_yad,1063,1218,155,4243,2049,Codeforces Round 994 (Div. 2)
bhjumhi,1331,1353,22,4245,2049,Codeforces Round 994 (Div. 2)
im_veer29,1362,1375,13,4245,2049,Codeforces Round 994 (Div. 2)
BISMILLAHIRRAHMANIRRAHIM,1283,1318,35,4247,2049,Codeforces Round 994 (Div. 2)
whoami_ok,1188,1251,63,4247,2049,Codeforces Round 994 (Div. 2)
shihaka,1517,1491,-26,4247,2049,Codeforces Round 994 (Div. 2)
grey.,1257,1299,42,4247,2049,Codeforces Round 994 (Div. 2)
Chiot,769,1044,275,4247,2049,Codeforces Round 994 (Div. 2)
flow2023,1318,1343,25,4252,2049,Codeforces Round 994 (Div. 2)
MAT1U5,899,1063,164,4252,2049,Codeforces Round 994 (Div. 2)
AbduIIa,1326,1349,23,4254,2049,Codeforces Round 994 (Div. 2)
thisismefr,1231,1281,50,4254,2049,Codeforces Round 994 (Div. 2)
EbrahimSaad,1816,1721,-95,4256,2049,Codeforces Round 994 (Div. 2)
shark25361,1362,1375,13,4256,2049,Codeforces Round 994 (Div. 2)
JA_Tausif,1440,1433,-7,4256,2049,Codeforces Round 994 (Div. 2)
arrow_s,1581,1539,-42,4256,2049,Codeforces Round 994 (Div. 2)
Bankai_1211,879,1124,245,4260,2049,Codeforces Round 994 (Div. 2)
DewanganDeeksha,1090,1184,94,4261,2049,Codeforces Round 994 (Div. 2)
Chandu_Lakkimsetti,1068,1169,101,4262,2049,Codeforces Round 994 (Div. 2)
TrisJB,1421,1418,-3,4262,2049,Codeforces Round 994 (Div. 2)
aryan26aa,1163,1233,70,4264,2049,Codeforces Round 994 (Div. 2)
_Hridoy_,1393,1398,5,4265,2049,Codeforces Round 994 (Div. 2)
Swishy123,1929,1810,-119,4266,2049,Codeforces Round 994 (Div. 2)
nandini24gupta07,1001,1126,125,4267,2049,Codeforces Round 994 (Div. 2)
Love_bansal,1402,1404,2,4268,2049,Codeforces Round 994 (Div. 2)
Kartikey_M,1372,1382,10,4269,2049,Codeforces Round 994 (Div. 2)
Bidoof,1181,1246,65,4269,2049,Codeforces Round 994 (Div. 2)
dyuthi.vivek,1111,1198,87,4271,2049,Codeforces Round 994 (Div. 2)
ashborn3,971,1154,183,4271,2049,Codeforces Round 994 (Div. 2)
goodsmellmoutainpeople,1386,1392,6,4271,2049,Codeforces Round 994 (Div. 2)
Gigabrainus,1425,1421,-4,4274,2049,Codeforces Round 994 (Div. 2)
sainibhavesh10,1593,1548,-45,4274,2049,Codeforces Round 994 (Div. 2)
abhirishal,1240,1287,47,4274,2049,Codeforces Round 994 (Div. 2)
priyanshuraj35,1199,1258,59,4274,2049,Codeforces Round 994 (Div. 2)
quickbot-17,1365,1377,12,4278,2049,Codeforces Round 994 (Div. 2)
khulegu,1375,1384,9,4278,2049,Codeforces Round 994 (Div. 2)
ChaBlaSauR,1476,1459,-17,4278,2049,Codeforces Round 994 (Div. 2)
Timka,1293,1324,31,4281,2049,Codeforces Round 994 (Div. 2)
usMinh,1265,1304,39,4282,2049,Codeforces Round 994 (Div. 2)
BGVShiva,1318,1342,24,4283,2049,Codeforces Round 994 (Div. 2)
avichan,1192,1253,61,4283,2049,Codeforces Round 994 (Div. 2)
guptaatharva_0120,1243,1289,46,4285,2049,Codeforces Round 994 (Div. 2)
Lentreo,1109,1196,87,4286,2049,Codeforces Round 994 (Div. 2)
Arab_squad_111,859,1068,209,4287,2049,Codeforces Round 994 (Div. 2)
harmlesshulk,1408,1408,0,4287,2049,Codeforces Round 994 (Div. 2)
ayushgautam08,380,765,385,4287,2049,Codeforces Round 994 (Div. 2)
WhydoYoucare,1267,1305,38,4290,2049,Codeforces Round 994 (Div. 2)
visk404,478,836,358,4291,2049,Codeforces Round 994 (Div. 2)
gamma,1439,1431,-8,4291,2049,Codeforces Round 994 (Div. 2)
harishrswamy1,1308,1335,27,4291,2049,Codeforces Round 994 (Div. 2)
Law_Light,1295,1325,30,4294,2049,Codeforces Round 994 (Div. 2)
Muhammed_Ramadan,1278,1313,35,4295,2049,Codeforces Round 994 (Div. 2)
nguyentribaothang,371,758,387,4296,2049,Codeforces Round 994 (Div. 2)
NoAbility,1195,1290,95,4297,2049,Codeforces Round 994 (Div. 2)
Nappiz,1372,1381,9,4297,2049,Codeforces Round 994 (Div. 2)
ashwinisingh27,1292,1323,31,4299,2049,Codeforces Round 994 (Div. 2)
Prady,1857,1752,-105,4300,2049,Codeforces Round 994 (Div. 2)
123gjweq2,1902,1788,-114,4301,2049,Codeforces Round 994 (Div. 2)
man05,999,1124,125,4302,2049,Codeforces Round 994 (Div. 2)
__Maksik__,1660,1599,-61,4302,2049,Codeforces Round 994 (Div. 2)
titan_2,1287,1319,32,4304,2049,Codeforces Round 994 (Div. 2)
RusHer_07,1440,1432,-8,4305,2049,Codeforces Round 994 (Div. 2)
gaddeanuragsreevastav4,0,505,505,4305,2049,Codeforces Round 994 (Div. 2)
2147483647str,1117,1304,187,4307,2049,Codeforces Round 994 (Div. 2)
pelak,1520,1492,-28,4307,2049,Codeforces Round 994 (Div. 2)
MasteR_BaiteR,962,1100,138,4309,2049,Codeforces Round 994 (Div. 2)
jodd0311,1291,1322,31,4309,2049,Codeforces Round 994 (Div. 2)
posiedon_7,1373,1382,9,4309,2049,Codeforces Round 994 (Div. 2)
Sed_Miyuki,1164,1232,68,4312,2049,Codeforces Round 994 (Div. 2)
wangzifan,977,1110,133,4312,2049,Codeforces Round 994 (Div. 2)
EnJeeEff,1152,1224,72,4312,2049,Codeforces Round 994 (Div. 2)
YassaTalaat101,1185,1247,62,4315,2049,Codeforces Round 994 (Div. 2)
AANNUUBBHHAAVV,1450,1503,53,4316,2049,Codeforces Round 994 (Div. 2)
Aditya_r01,445,811,366,4317,2049,Codeforces Round 994 (Div. 2)
Milton_098,1304,1331,27,4318,2049,Codeforces Round 994 (Div. 2)
TheIuliuss,1182,1245,63,4318,2049,Codeforces Round 994 (Div. 2)
jatin_317,1247,1291,44,4320,2049,Codeforces Round 994 (Div. 2)
RooBee,515,863,348,4321,2049,Codeforces Round 994 (Div. 2)
pawansharma48,1219,1271,52,4322,2049,Codeforces Round 994 (Div. 2)
PenguinSlayer_69,1653,1593,-60,4322,2049,Codeforces Round 994 (Div. 2)
jain_01,1067,1227,160,4324,2049,Codeforces Round 994 (Div. 2)
Oanh_va_Khoi,1892,1779,-113,4325,2049,Codeforces Round 994 (Div. 2)
EvaElfie,895,1059,164,4325,2049,Codeforces Round 994 (Div. 2)
shakil_21_,1028,1142,114,4325,2049,Codeforces Round 994 (Div. 2)
dimash1,2018,1881,-137,4328,2049,Codeforces Round 994 (Div. 2)
ann_moon,1203,1259,56,4328,2049,Codeforces Round 994 (Div. 2)
_Veer_,865,1112,247,4330,2049,Codeforces Round 994 (Div. 2)
SM.22,1594,1548,-46,4331,2049,Codeforces Round 994 (Div. 2)
muriGhonto,1521,1492,-29,4331,2049,Codeforces Round 994 (Div. 2)
Matbubble,1516,1488,-28,4333,2049,Codeforces Round 994 (Div. 2)
Snigdho1978,1483,1464,-19,4333,2049,Codeforces Round 994 (Div. 2)
sudhaanshu94,1188,1249,61,4333,2049,Codeforces Round 994 (Div. 2)
ssj6713,682,980,298,4333,2049,Codeforces Round 994 (Div. 2)
Pentacontakaiheptagon,2020,1882,-138,4337,2049,Codeforces Round 994 (Div. 2)
yashkiran2004,1394,1397,3,4338,2049,Codeforces Round 994 (Div. 2)
vandantime,1147,1276,129,4339,2049,Codeforces Round 994 (Div. 2)
Ravsteel,1565,1526,-39,4340,2049,Codeforces Round 994 (Div. 2)
ahambrahmasmi83761,1147,1220,73,4341,2049,Codeforces Round 994 (Div. 2)
shannu213,1500,1476,-24,4341,2049,Codeforces Round 994 (Div. 2)
wronganswer404,734,965,231,4341,2049,Codeforces Round 994 (Div. 2)
Raihan_Freeze,1407,1406,-1,4344,2049,Codeforces Round 994 (Div. 2)
Alihan_8,1974,1845,-129,4344,2049,Codeforces Round 994 (Div. 2)
thisisafamilyshow,883,1095,212,4346,2049,Codeforces Round 994 (Div. 2)
Bl0ck_M0mb0,1401,1402,1,4347,2049,Codeforces Round 994 (Div. 2)
sh1erkeh,1385,1390,5,4347,2049,Codeforces Round 994 (Div. 2)
pulkitdarky,1040,1149,109,4349,2049,Codeforces Round 994 (Div. 2)
Potemashu,685,981,296,4349,2049,Codeforces Round 994 (Div. 2)
day_time_dead_dreams,436,804,368,4351,2049,Codeforces Round 994 (Div. 2)
_MyAngelGasai,1477,1459,-18,4352,2049,Codeforces Round 994 (Div. 2)
SDD_22_12_09,1177,1241,64,4352,2049,Codeforces Round 994 (Div. 2)
theobito,1668,1643,-25,4354,2049,Codeforces Round 994 (Div. 2)
mrsunsss,1889,1777,-112,4355,2049,Codeforces Round 994 (Div. 2)
neel__18,1778,1689,-89,4355,2049,Codeforces Round 994 (Div. 2)
4.5Tatami,1899,1784,-115,4355,2049,Codeforces Round 994 (Div. 2)
tyrt,1519,1491,-28,4355,2049,Codeforces Round 994 (Div. 2)
Ibrahimfostok,1714,1640,-74,4359,2049,Codeforces Round 994 (Div. 2)
yoki,1446,1434,-12,4360,2049,Codeforces Round 994 (Div. 2)
Byf23333,1930,1810,-120,4360,2049,Codeforces Round 994 (Div. 2)
koybasimuhittin,1553,1516,-37,4360,2049,Codeforces Round 994 (Div. 2)
orzthxuan,1273,1308,35,4360,2049,Codeforces Round 994 (Div. 2)
C01d,1319,1341,22,4360,2049,Codeforces Round 994 (Div. 2)
purp4ever,1841,1739,-102,4365,2049,Codeforces Round 994 (Div. 2)
less-than-red,1301,1328,27,4365,2049,Codeforces Round 994 (Div. 2)
PG_Mazen,1604,1555,-49,4365,2049,Codeforces Round 994 (Div. 2)
LongvnXD,619,935,316,4368,2049,Codeforces Round 994 (Div. 2)
ankur_310,1285,1316,31,4368,2049,Codeforces Round 994 (Div. 2)
Serial_Coder,1873,1764,-109,4370,2049,Codeforces Round 994 (Div. 2)
dbGIs,1748,1666,-82,4371,2049,Codeforces Round 994 (Div. 2)
kingbass,1562,1522,-40,4372,2049,Codeforces Round 994 (Div. 2)
Saurx9611,1147,1220,73,4372,2049,Codeforces Round 994 (Div. 2)
TimoshWillWinIOI2026,1305,1330,25,4372,2049,Codeforces Round 994 (Div. 2)
justplaygame,1230,1277,47,4372,2049,Codeforces Round 994 (Div. 2)
FZY0314,1690,1621,-69,4372,2049,Codeforces Round 994 (Div. 2)
EastMaple,1706,1633,-73,4377,2049,Codeforces Round 994 (Div. 2)
ZhockDen,1517,1488,-29,4377,2049,Codeforces Round 994 (Div. 2)
pianapolataa,1561,1522,-39,4377,2049,Codeforces Round 994 (Div. 2)
a1verma8105,1176,1239,63,4380,2049,Codeforces Round 994 (Div. 2)
Progenitor01,1140,1215,75,4380,2049,Codeforces Round 994 (Div. 2)
poituk,1922,1803,-119,4380,2049,Codeforces Round 994 (Div. 2)
HarshBoghani,1492,1469,-23,4380,2049,Codeforces Round 994 (Div. 2)
SayMyName.Omar,1420,1415,-5,4380,2049,Codeforces Round 994 (Div. 2)
alokpriydarshi7,1499,1474,-25,4385,2049,Codeforces Round 994 (Div. 2)
ideservebetter,1712,1637,-75,4385,2049,Codeforces Round 994 (Div. 2)
SIXIANG,410,784,374,4385,2049,Codeforces Round 994 (Div. 2)
Fei2077,688,992,304,4385,2049,Codeforces Round 994 (Div. 2)
flakes24,1730,1651,-79,4385,2049,Codeforces Round 994 (Div. 2)
ye_shan233,1214,1266,52,4390,2049,Codeforces Round 994 (Div. 2)
hnust_lianghan,1544,1508,-36,4390,2049,Codeforces Round 994 (Div. 2)
StrangePenguin,1587,1541,-46,4390,2049,Codeforces Round 994 (Div. 2)
hnust_huangjiaxing,1751,1668,-83,4393,2049,Codeforces Round 994 (Div. 2)
MayankBhakat,1585,1540,-45,4393,2049,Codeforces Round 994 (Div. 2)
atog_1905,1439,1429,-10,4395,2049,Codeforces Round 994 (Div. 2)
The_Dz,1216,1267,51,4395,2049,Codeforces Round 994 (Div. 2)
RedSnow389,1762,1676,-86,4397,2049,Codeforces Round 994 (Div. 2)
M-Sa3dy,1493,1469,-24,4397,2049,Codeforces Round 994 (Div. 2)
king2008,1407,1405,-2,4397,2049,Codeforces Round 994 (Div. 2)
Zhaoziper,710,998,288,4397,2049,Codeforces Round 994 (Div. 2)
vrasp,1392,1394,2,4401,2049,Codeforces Round 994 (Div. 2)
jakub.zip,1459,1444,-15,4402,2049,Codeforces Round 994 (Div. 2)
new_account_,1568,1526,-42,4402,2049,Codeforces Round 994 (Div. 2)
Drifti,1344,1358,14,4402,2049,Codeforces Round 994 (Div. 2)
Orpheuson,1493,1470,-23,4405,2049,Codeforces Round 994 (Div. 2)
Ghost_freak05,1502,1541,39,4405,2049,Codeforces Round 994 (Div. 2)
unknowncoder2805,1473,1455,-18,4405,2049,Codeforces Round 994 (Div. 2)
grmb_2903,1275,1308,33,4405,2049,Codeforces Round 994 (Div. 2)
RSAMSD,1767,1680,-87,4405,2049,Codeforces Round 994 (Div. 2)
kushal46,1556,1517,-39,4410,2049,Codeforces Round 994 (Div. 2)
__xor__,1405,1403,-2,4410,2049,Codeforces Round 994 (Div. 2)
MMG101,1115,1301,186,4410,2049,Codeforces Round 994 (Div. 2)
tillGM,1323,1404,81,4410,2049,Codeforces Round 994 (Div. 2)
Nyqe,1636,1578,-58,4414,2049,Codeforces Round 994 (Div. 2)
AbdalrhmanEssam,1629,1573,-56,4414,2049,Codeforces Round 994 (Div. 2)
ndstab,1366,1374,8,4414,2049,Codeforces Round 994 (Div. 2)
Barreru_Titor,1379,1384,5,4414,2049,Codeforces Round 994 (Div. 2)
coderr112,1642,1583,-59,4414,2049,Codeforces Round 994 (Div. 2)
SeekhneDoYaar,917,1069,152,4419,2049,Codeforces Round 994 (Div. 2)
AMIGO-_-,1375,1381,6,4419,2049,Codeforces Round 994 (Div. 2)
Yerugulan,1010,1128,118,4419,2049,Codeforces Round 994 (Div. 2)
Rightlyso,1358,1368,10,4419,2049,Codeforces Round 994 (Div. 2)
daksh177777,1654,1592,-62,4423,2049,Codeforces Round 994 (Div. 2)
diamond5687,1485,1463,-22,4423,2049,Codeforces Round 994 (Div. 2)
MrJindal,1519,1489,-30,4425,2049,Codeforces Round 994 (Div. 2)
hopefull_61,1053,1155,102,4425,2049,Codeforces Round 994 (Div. 2)
deep_n_drap,1427,1419,-8,4425,2049,Codeforces Round 994 (Div. 2)
Aryanthepain,930,1077,147,4425,2049,Codeforces Round 994 (Div. 2)
rajkhowamadhujya0,1118,1198,80,4425,2049,Codeforces Round 994 (Div. 2)
sixx_one,1523,1492,-31,4425,2049,Codeforces Round 994 (Div. 2)
3blatif,1074,1169,95,4425,2049,Codeforces Round 994 (Div. 2)
jushuai_lfx,1612,1560,-52,4432,2049,Codeforces Round 994 (Div. 2)
aaaaker,1529,1497,-32,4432,2049,Codeforces Round 994 (Div. 2)
Tsuki_w,1294,1321,27,4434,2049,Codeforces Round 994 (Div. 2)
harshy1718,1309,1333,24,4434,2049,Codeforces Round 994 (Div. 2)
PimpedButterfly,1561,1520,-41,4436,2049,Codeforces Round 994 (Div. 2)
ADecentUsername,1188,1246,58,4437,2049,Codeforces Round 994 (Div. 2)
rndascode,1598,1549,-49,4437,2049,Codeforces Round 994 (Div. 2)
xaemonn31,1108,1191,83,4437,2049,Codeforces Round 994 (Div. 2)
Al-Fattah,1279,1310,31,4440,2049,Codeforces Round 994 (Div. 2)
play_like_you_never_win,1292,1320,28,4440,2049,Codeforces Round 994 (Div. 2)
ayushmittal007,1757,1671,-86,4442,2049,Codeforces Round 994 (Div. 2)
ayanokoji_.,1306,1330,24,4442,2049,Codeforces Round 994 (Div. 2)
jbrenorv,1445,1432,-13,4442,2049,Codeforces Round 994 (Div. 2)
mamikonm1,1475,1455,-20,4442,2049,Codeforces Round 994 (Div. 2)
devansh151005,1061,1160,99,4442,2049,Codeforces Round 994 (Div. 2)
AkShukla,1429,1420,-9,4442,2049,Codeforces Round 994 (Div. 2)
hnust_kuanghaojie,1624,1568,-56,4442,2049,Codeforces Round 994 (Div. 2)
Black_Rock_8025,1004,1123,119,4442,2049,Codeforces Round 994 (Div. 2)
Coderv55,1045,1201,156,4450,2049,Codeforces Round 994 (Div. 2)
Ayush2272,1512,1483,-29,4450,2049,Codeforces Round 994 (Div. 2)
bayyanakiran,1167,1231,64,4452,2049,Codeforces Round 994 (Div. 2)
pajju04,1725,1646,-79,4452,2049,Codeforces Round 994 (Div. 2)
ElayV13,1374,1417,43,4452,2049,Codeforces Round 994 (Div. 2)
Nishant_2728,1346,1359,13,4452,2049,Codeforces Round 994 (Div. 2)
-PATO,1309,1332,23,4452,2049,Codeforces Round 994 (Div. 2)
NS.One8,1717,1640,-77,4452,2049,Codeforces Round 994 (Div. 2)
vermaparth04,1517,1487,-30,4452,2049,Codeforces Round 994 (Div. 2)
Alpha_114,1207,1294,87,4452,2049,Codeforces Round 994 (Div. 2)
nkrim,1685,1615,-70,4460,2049,Codeforces Round 994 (Div. 2)
bhavya_rajdev,1797,1702,-95,4460,2049,Codeforces Round 994 (Div. 2)
Shikharraj,1260,1296,36,4460,2049,Codeforces Round 994 (Div. 2)
Safawt,1482,1460,-22,4460,2049,Codeforces Round 994 (Div. 2)
myx12345,1684,1614,-70,4460,2049,Codeforces Round 994 (Div. 2)
yangyunzhe,1107,1190,83,4465,2049,Codeforces Round 994 (Div. 2)
am_aadvik,1526,1493,-33,4465,2049,Codeforces Round 994 (Div. 2)
elitexpert,1428,1419,-9,4465,2049,Codeforces Round 994 (Div. 2)
arsh_2004,1487,1464,-23,4468,2049,Codeforces Round 994 (Div. 2)
ZombieTheLegend,1626,1569,-57,4468,2049,Codeforces Round 994 (Div. 2)
Wageeh,1536,1501,-35,4468,2049,Codeforces Round 994 (Div. 2)
RiveringDusk,1327,1344,17,4468,2049,Codeforces Round 994 (Div. 2)
cgnoooob,1420,1413,-7,4468,2049,Codeforces Round 994 (Div. 2)
altcringer,1314,1335,21,4468,2049,Codeforces Round 994 (Div. 2)
Anisha_07,1210,1261,51,4474,2049,Codeforces Round 994 (Div. 2)
devine_8765,1132,1206,74,4474,2049,Codeforces Round 994 (Div. 2)
Eclipsed1.1,1470,1451,-19,4474,2049,Codeforces Round 994 (Div. 2)
nitin_27,860,1033,173,4474,2049,Codeforces Round 994 (Div. 2)
Kai220022,1068,1164,96,4478,2049,Codeforces Round 994 (Div. 2)
D347H,1717,1640,-77,4478,2049,Codeforces Round 994 (Div. 2)
SRaimundo,1599,1549,-50,4478,2049,Codeforces Round 994 (Div. 2)
LI-ZJ,1448,1472,24,4481,2049,Codeforces Round 994 (Div. 2)
Safayet_Ullah,876,1043,167,4481,2049,Codeforces Round 994 (Div. 2)
zoidzium,1406,1402,-4,4483,2049,Codeforces Round 994 (Div. 2)
kalp_shah_19,1122,1200,78,4483,2049,Codeforces Round 994 (Div. 2)
Zeno07,1634,1575,-59,4483,2049,Codeforces Round 994 (Div. 2)
limx,1496,1470,-26,4483,2049,Codeforces Round 994 (Div. 2)
saby_,1448,1433,-15,4487,2049,Codeforces Round 994 (Div. 2)
TheCodingBeastX,1040,1145,105,4487,2049,Codeforces Round 994 (Div. 2)
JoyBoy23,1651,1588,-63,4487,2049,Codeforces Round 994 (Div. 2)
Jay_yadav93,1512,1482,-30,4487,2049,Codeforces Round 994 (Div. 2)
codeInCpp18,0,501,501,4487,2049,Codeforces Round 994 (Div. 2)
ElMasfo3enMenACM,1189,1303,114,4487,2049,Codeforces Round 994 (Div. 2)
CWQLYK,1486,1463,-23,4487,2049,Codeforces Round 994 (Div. 2)
fcukubites,964,1096,132,4487,2049,Codeforces Round 994 (Div. 2)
ligay_artem,1549,1510,-39,4495,2049,Codeforces Round 994 (Div. 2)
UD_071,1471,1451,-20,4495,2049,Codeforces Round 994 (Div. 2)
Abu-Alhoss,1335,1350,15,4497,2049,Codeforces Round 994 (Div. 2)
Piyush_Kabir,1276,1307,31,4497,2049,Codeforces Round 994 (Div. 2)
Numerous,935,1128,193,4497,2049,Codeforces Round 994 (Div. 2)
vraj_kalariya,1302,1326,24,4497,2049,Codeforces Round 994 (Div. 2)
Nazqfyuk,938,1129,191,4501,2049,Codeforces Round 994 (Div. 2)
Chentxo,1268,1301,33,4501,2049,Codeforces Round 994 (Div. 2)
binhnguyen2909,387,765,378,4501,2049,Codeforces Round 994 (Div. 2)
qicho,1543,1505,-38,4501,2049,Codeforces Round 994 (Div. 2)
mihneacazan,1943,1817,-126,4501,2049,Codeforces Round 994 (Div. 2)
sanjeetkumar6178,1344,1356,12,4506,2049,Codeforces Round 994 (Div. 2)
DrSid,1225,1270,45,4506,2049,Codeforces Round 994 (Div. 2)
Kachef,1629,1571,-58,4506,2049,Codeforces Round 994 (Div. 2)
SwapnilG,927,1073,146,4506,2049,Codeforces Round 994 (Div. 2)
Ziad_Abdou,1455,1438,-17,4506,2049,Codeforces Round 994 (Div. 2)
LadyMaria,1415,1408,-7,4506,2049,Codeforces Round 994 (Div. 2)
yyqjwyy,1494,1468,-26,4506,2049,Codeforces Round 994 (Div. 2)
TRollingHash,1607,1554,-53,4506,2049,Codeforces Round 994 (Div. 2)
atkiya,1393,1392,-1,4506,2049,Codeforces Round 994 (Div. 2)
koradasaidinesh882,1524,1491,-33,4515,2049,Codeforces Round 994 (Div. 2)
akshay23codes,1187,1244,57,4515,2049,Codeforces Round 994 (Div. 2)
A_Coder_AS,1363,1370,7,4515,2049,Codeforces Round 994 (Div. 2)
luogu_official_alts,1540,1503,-37,4515,2049,Codeforces Round 994 (Div. 2)
Aryan0908,1127,1202,75,4519,2049,Codeforces Round 994 (Div. 2)
Grain_Depot08,1496,1469,-27,4519,2049,Codeforces Round 994 (Div. 2)
jigglypuffpro,1335,1349,14,4519,2049,Codeforces Round 994 (Div. 2)
thaihonganhIT1945,912,1111,199,4519,2049,Codeforces Round 994 (Div. 2)
nanahoshi,1318,1337,19,4519,2049,Codeforces Round 994 (Div. 2)
edge_case,1465,1446,-19,4519,2049,Codeforces Round 994 (Div. 2)
Andrew055,1352,1362,10,4519,2049,Codeforces Round 994 (Div. 2)
9876879876,1530,1495,-35,4519,2049,Codeforces Round 994 (Div. 2)
GarudAksha,1231,1310,79,4527,2049,Codeforces Round 994 (Div. 2)
ZzlZzl090316,1465,1446,-19,4527,2049,Codeforces Round 994 (Div. 2)
dhirajpatil2346,1463,1444,-19,4527,2049,Codeforces Round 994 (Div. 2)
StepanYL,1666,1599,-67,4527,2049,Codeforces Round 994 (Div. 2)
Lovre,1306,1328,22,4527,2049,Codeforces Round 994 (Div. 2)
mind_your_own_business,1600,1548,-52,4532,2049,Codeforces Round 994 (Div. 2)
XorReverse,557,890,333,4532,2049,Codeforces Round 994 (Div. 2)
Ava_sin,1235,1313,78,4532,2049,Codeforces Round 994 (Div. 2)
666ggh,1329,1345,16,4532,2049,Codeforces Round 994 (Div. 2)
coder_1718,1265,1299,34,4532,2049,Codeforces Round 994 (Div. 2)
MohamedMagdy,1248,1286,38,4537,2049,Codeforces Round 994 (Div. 2)
shrutii_028,1171,1232,61,4537,2049,Codeforces Round 994 (Div. 2)
nitin_choudhary,1486,1462,-24,4537,2049,Codeforces Round 994 (Div. 2)
notXtourist,1551,1510,-41,4540,2049,Codeforces Round 994 (Div. 2)
upceric,1418,1410,-8,4540,2049,Codeforces Round 994 (Div. 2)
soumen_kr003,1395,1393,-2,4540,2049,Codeforces Round 994 (Div. 2)
TusharSachdeva29,1277,1307,30,4540,2049,Codeforces Round 994 (Div. 2)
Errorspect19,1230,1273,43,4540,2049,Codeforces Round 994 (Div. 2)
chenlinxuan0226,2092,1937,-155,4545,2049,Codeforces Round 994 (Div. 2)
trandaihao5555,1766,1677,-89,4545,2049,Codeforces Round 994 (Div. 2)
Arsh2609,1466,1446,-20,4545,2049,Codeforces Round 994 (Div. 2)
stayhappy,1410,1404,-6,4548,2049,Codeforces Round 994 (Div. 2)
Maria_Sultana,1390,1389,-1,4548,2049,Codeforces Round 994 (Div. 2)
sarthak_nayyar,1421,1412,-9,4548,2049,Codeforces Round 994 (Div. 2)
Kaushal_singhal,1619,1563,-56,4548,2049,Codeforces Round 994 (Div. 2)
Chetan_21,1326,1342,16,4548,2049,Codeforces Round 994 (Div. 2)
Nice2Cu_M,1307,1328,21,4548,2049,Codeforces Round 994 (Div. 2)
dakoo_5541,1200,1251,51,4548,2049,Codeforces Round 994 (Div. 2)
ashwinrajamohan1207,1051,1184,133,4548,2049,Codeforces Round 994 (Div. 2)
ehsan_M,1500,1472,-28,4556,2049,Codeforces Round 994 (Div. 2)
lovepie,962,1093,131,4556,2049,Codeforces Round 994 (Div. 2)
6ggkk9,1537,1499,-38,4556,2049,Codeforces Round 994 (Div. 2)
cout.flush,1391,1390,-1,4556,2049,Codeforces Round 994 (Div. 2)
_Zer0__,908,1140,232,4556,2049,Codeforces Round 994 (Div. 2)
__fn__,1473,1451,-22,4556,2049,Codeforces Round 994 (Div. 2)
Thanwisit_neo,1409,1441,32,4556,2049,Codeforces Round 994 (Div. 2)
Nkumbo,1232,1274,42,4563,2049,Codeforces Round 994 (Div. 2)
suseelkumar2006,1470,1449,-21,4563,2049,Codeforces Round 994 (Div. 2)
henfleidd,1290,1352,62,4563,2049,Codeforces Round 994 (Div. 2)
BhavikYadav,1427,1417,-10,4563,2049,Codeforces Round 994 (Div. 2)
Granger,1338,1351,13,4567,2049,Codeforces Round 994 (Div. 2)
pranshul_047,1372,1376,4,4567,2049,Codeforces Round 994 (Div. 2)
CaptainBD,1951,1823,-128,4567,2049,Codeforces Round 994 (Div. 2)
456niketkumar,1423,1413,-10,4567,2049,Codeforces Round 994 (Div. 2)
sohamsen15,1168,1229,61,4567,2049,Codeforces Round 994 (Div. 2)
perfectionism,1267,1335,68,4567,2049,Codeforces Round 994 (Div. 2)
Lntano265,1693,1619,-74,4567,2049,Codeforces Round 994 (Div. 2)
Ankit_sharma05,1023,1182,159,4574,2049,Codeforces Round 994 (Div. 2)
aarfazafar2,985,1107,122,4574,2049,Codeforces Round 994 (Div. 2)
yerkegyan,943,1081,138,4574,2049,Codeforces Round 994 (Div. 2)
dasariakshay_3,1450,1433,-17,4574,2049,Codeforces Round 994 (Div. 2)
Istiak516,1176,1234,58,4574,2049,Codeforces Round 994 (Div. 2)
anshikag020,1143,1212,69,4574,2049,Codeforces Round 994 (Div. 2)
gvancak,1668,1600,-68,4574,2049,Codeforces Round 994 (Div. 2)
Sofiatpc,1705,1628,-77,4574,2049,Codeforces Round 994 (Div. 2)
Zhangwuji,1602,1549,-53,4574,2049,Codeforces Round 994 (Div. 2)
secret_script,1758,1670,-88,4583,2049,Codeforces Round 994 (Div. 2)
harvey_wzy,1886,1770,-116,4583,2049,Codeforces Round 994 (Div. 2)
ga3an,1298,1321,23,4583,2049,Codeforces Round 994 (Div. 2)
SRQhuajiGabaxi,1206,1255,49,4583,2049,Codeforces Round 994 (Div. 2)
cr7ro,1679,1608,-71,4583,2049,Codeforces Round 994 (Div. 2)
Huygd,1399,1395,-4,4583,2049,Codeforces Round 994 (Div. 2)
BeyonderxX,1476,1453,-23,4583,2049,Codeforces Round 994 (Div. 2)
fuckyouhahaha,1498,1470,-28,4590,2049,Codeforces Round 994 (Div. 2)
FURDREAMS,1572,1526,-46,4590,2049,Codeforces Round 994 (Div. 2)
Steve_sup,1174,1233,59,4590,2049,Codeforces Round 994 (Div. 2)
shantanugupta2907,1292,1316,24,4590,2049,Codeforces Round 994 (Div. 2)
rishi_3,481,831,350,4594,2049,Codeforces Round 994 (Div. 2)
Practice_Mode_GOAT,1373,1375,2,4594,2049,Codeforces Round 994 (Div. 2)
ArtemMB,1142,1211,69,4594,2049,Codeforces Round 994 (Div. 2)
Kumarfeldspar,1732,1649,-83,4594,2049,Codeforces Round 994 (Div. 2)
Stellar_Scripter,1517,1484,-33,4594,2049,Codeforces Round 994 (Div. 2)
Bharat_08,1320,1336,16,4599,2049,Codeforces Round 994 (Div. 2)
LZiK,1821,1719,-102,4599,2049,Codeforces Round 994 (Div. 2)
kritiupadhyay24,984,1160,176,4599,2049,Codeforces Round 994 (Div. 2)
Barkaat,1477,1453,-24,4599,2049,Codeforces Round 994 (Div. 2)
QianK,1482,1457,-25,4599,2049,Codeforces Round 994 (Div. 2)
G_Penchev,1394,1391,-3,4604,2049,Codeforces Round 994 (Div. 2)
ReachExpertRedeemMyself,1455,1437,-18,4604,2049,Codeforces Round 994 (Div. 2)
aqwerty2203,1234,1275,41,4604,2049,Codeforces Round 994 (Div. 2)
nkxyzxy,1391,1388,-3,4607,2049,Codeforces Round 994 (Div. 2)
firework72,1699,1623,-76,4607,2049,Codeforces Round 994 (Div. 2)
Mazhiken,1698,1622,-76,4607,2049,Codeforces Round 994 (Div. 2)
wzl19371,1703,1626,-77,4607,2049,Codeforces Round 994 (Div. 2)
saugat,1095,1178,83,4607,2049,Codeforces Round 994 (Div. 2)
HuynhMinh,1150,1216,66,4607,2049,Codeforces Round 994 (Div. 2)
mr_tiger,1161,1223,62,4607,2049,Codeforces Round 994 (Div. 2)
Kira_11,1606,1551,-55,4614,2049,Codeforces Round 994 (Div. 2)
Daisuki.241_,1800,1702,-98,4614,2049,Codeforces Round 994 (Div. 2)
Krokenbush,1516,1483,-33,4614,2049,Codeforces Round 994 (Div. 2)
namanbhardwaj1454,1631,1571,-60,4614,2049,Codeforces Round 994 (Div. 2)
AJ148,1480,1455,-25,4614,2049,Codeforces Round 994 (Div. 2)
springg,1388,1386,-2,4619,2049,Codeforces Round 994 (Div. 2)
jamil_safi,1496,1467,-29,4619,2049,Codeforces Round 994 (Div. 2)
El7abal,1330,1343,13,4619,2049,Codeforces Round 994 (Div. 2)
serv_Er,1491,1502,11,4619,2049,Codeforces Round 994 (Div. 2)
djsksbrbf,1277,1305,28,4619,2049,Codeforces Round 994 (Div. 2)
stevengongg,1462,1442,-20,4624,2049,Codeforces Round 994 (Div. 2)
les3_orlova,1160,1222,62,4624,2049,Codeforces Round 994 (Div. 2)
_Master_7_,1151,1216,65,4624,2049,Codeforces Round 994 (Div. 2)
Bhawna_Chauhan_,1247,1283,36,4624,2049,Codeforces Round 994 (Div. 2)
lensit,1324,1401,77,4628,2049,Codeforces Round 994 (Div. 2)
Anay_mahajan,1026,1132,106,4628,2049,Codeforces Round 994 (Div. 2)
anmoljoshicrx128,1357,1363,6,4628,2049,Codeforces Round 994 (Div. 2)
ichKeine,1103,1287,184,4628,2049,Codeforces Round 994 (Div. 2)
arjun_06_s,1543,1503,-40,4628,2049,Codeforces Round 994 (Div. 2)
ayush5556,1435,1421,-14,4628,2049,Codeforces Round 994 (Div. 2)
daksh942,1391,1388,-3,4634,2049,Codeforces Round 994 (Div. 2)
ic03,434,796,362,4634,2049,Codeforces Round 994 (Div. 2)
RealAryan,1673,1603,-70,4636,2049,Codeforces Round 994 (Div. 2)
Matrosk1n,1587,1536,-51,4636,2049,Codeforces Round 994 (Div. 2)
BeastRD,1480,1455,-25,4636,2049,Codeforces Round 994 (Div. 2)
Enthusia0209,1272,1301,29,4636,2049,Codeforces Round 994 (Div. 2)
franchester,1645,1581,-64,4636,2049,Codeforces Round 994 (Div. 2)
layla2003,994,1111,117,4636,2049,Codeforces Round 994 (Div. 2)
Retudal,1268,1298,30,4636,2049,Codeforces Round 994 (Div. 2)
UXIXA,1559,1515,-44,4636,2049,Codeforces Round 994 (Div. 2)
wallace_QwQ,1296,1318,22,4644,2049,Codeforces Round 994 (Div. 2)
Adith1000,1231,1271,40,4644,2049,Codeforces Round 994 (Div. 2)
Sankabapur,1078,1166,88,4644,2049,Codeforces Round 994 (Div. 2)
45654,1632,1570,-62,4644,2049,Codeforces Round 994 (Div. 2)
COME___BACK,1278,1305,27,4644,2049,Codeforces Round 994 (Div. 2)
TarekFarag,1318,1334,16,4649,2049,Codeforces Round 994 (Div. 2)
alt_X_infinty,564,893,329,4649,2049,Codeforces Round 994 (Div. 2)
a0ms1n,1447,1430,-17,4649,2049,Codeforces Round 994 (Div. 2)
Xx-mdsa-xX,1718,1637,-81,4649,2049,Codeforces Round 994 (Div. 2)
CowCorner_12,410,778,368,4649,2049,Codeforces Round 994 (Div. 2)
tempturing,1490,1462,-28,4654,2049,Codeforces Round 994 (Div. 2)
yasdf,1157,1219,62,4654,2049,Codeforces Round 994 (Div. 2)
abdealimuneem,1567,1521,-46,4654,2049,Codeforces Round 994 (Div. 2)
-WhiteDeath-,1359,1364,5,4654,2049,Codeforces Round 994 (Div. 2)
M0Njuice,1193,1244,51,4658,2049,Codeforces Round 994 (Div. 2)
keshavmonga,1487,1459,-28,4658,2049,Codeforces Round 994 (Div. 2)
devansh2020raulo,995,1111,116,4658,2049,Codeforces Round 994 (Div. 2)
NeverTheLess72,1352,1359,7,4658,2049,Codeforces Round 994 (Div. 2)
mumm00z,1094,1176,82,4658,2049,Codeforces Round 994 (Div. 2)
Liquidator015,1103,1182,79,4658,2049,Codeforces Round 994 (Div. 2)
gluded,984,1159,175,4658,2049,Codeforces Round 994 (Div. 2)
vlibrovs,1174,1288,114,4658,2049,Codeforces Round 994 (Div. 2)
EarlOfHycia,1358,1363,5,4658,2049,Codeforces Round 994 (Div. 2)
Akhliddin,1577,1528,-49,4667,2049,Codeforces Round 994 (Div. 2)
div7011,1588,1537,-51,4667,2049,Codeforces Round 994 (Div. 2)
ashwinimishra666,1185,1238,53,4667,2049,Codeforces Round 994 (Div. 2)
SKTTIFAKER,1558,1514,-44,4667,2049,Codeforces Round 994 (Div. 2)
Yashu2907,1224,1266,42,4667,2049,Codeforces Round 994 (Div. 2)
Naman_g17,1474,1450,-24,4672,2049,Codeforces Round 994 (Div. 2)
arjit_12,1291,1314,23,4672,2049,Codeforces Round 994 (Div. 2)
SaiGaneshreddy,1098,1179,81,4672,2049,Codeforces Round 994 (Div. 2)
DLYdly1105,1365,1368,3,4672,2049,Codeforces Round 994 (Div. 2)
GENERATIONAL_TALENT,1340,1349,9,4672,2049,Codeforces Round 994 (Div. 2)
ParaB0Y,1420,1409,-11,4672,2049,Codeforces Round 994 (Div. 2)
S____H,1087,1171,84,4672,2049,Codeforces Round 994 (Div. 2)
Nelt,1766,1674,-92,4672,2049,Codeforces Round 994 (Div. 2)
NullMeowference,1633,1571,-62,4672,2049,Codeforces Round 994 (Div. 2)
Manan_Bihani,1290,1313,23,4672,2049,Codeforces Round 994 (Div. 2)
ciflost,1282,1307,25,4672,2049,Codeforces Round 994 (Div. 2)
Praim,1424,1412,-12,4672,2049,Codeforces Round 994 (Div. 2)
Ayush0130,1309,1327,18,4672,2049,Codeforces Round 994 (Div. 2)
Col.Mustang,859,1100,241,4685,2049,Codeforces Round 994 (Div. 2)
muksah2520,1339,1348,9,4685,2049,Codeforces Round 994 (Div. 2)
Sveshnikov,1676,1604,-72,4685,2049,Codeforces Round 994 (Div. 2)
morandyg,1664,1595,-69,4685,2049,Codeforces Round 994 (Div. 2)
Jayanthdvv,1327,1340,13,4685,2049,Codeforces Round 994 (Div. 2)
gshahrouzi,1322,1336,14,4685,2049,Codeforces Round 994 (Div. 2)
jayush1064,1214,1294,80,4691,2049,Codeforces Round 994 (Div. 2)
KingGarvit,882,1086,204,4691,2049,Codeforces Round 994 (Div. 2)
elmatador55,1259,1290,31,4691,2049,Codeforces Round 994 (Div. 2)
dzik77,1346,1353,7,4691,2049,Codeforces Round 994 (Div. 2)
Firas_Briki,1747,1659,-88,4691,2049,Codeforces Round 994 (Div. 2)
pushp_deep,1475,1450,-25,4691,2049,Codeforces Round 994 (Div. 2)
Godschild10,1041,1140,99,4691,2049,Codeforces Round 994 (Div. 2)
parteekoncode,1021,1127,106,4691,2049,Codeforces Round 994 (Div. 2)
Janming,1673,1601,-72,4691,2049,Codeforces Round 994 (Div. 2)
Drought,1430,1416,-14,4700,2049,Codeforces Round 994 (Div. 2)
bacardi,468,819,351,4700,2049,Codeforces Round 994 (Div. 2)
YashShewale,1320,1334,14,4700,2049,Codeforces Round 994 (Div. 2)
_Tawsif_,1263,1293,30,4700,2049,Codeforces Round 994 (Div. 2)
TheBeginning,1306,1400,94,4700,2049,Codeforces Round 994 (Div. 2)
KINGZIE,1670,1599,-71,4700,2049,Codeforces Round 994 (Div. 2)
fang_baby,1818,1715,-103,4700,2049,Codeforces Round 994 (Div. 2)
shashipraneeth,1273,1300,27,4700,2049,Codeforces Round 994 (Div. 2)
ThePrime,1243,1278,35,4708,2049,Codeforces Round 994 (Div. 2)
adrakChai,0,496,496,4708,2049,Codeforces Round 994 (Div. 2)
james-tan,1327,1339,12,4708,2049,Codeforces Round 994 (Div. 2)
NeoReaperX,929,1152,223,4708,2049,Codeforces Round 994 (Div. 2)
adityaabhilash,1239,1276,37,4708,2049,Codeforces Round 994 (Div. 2)
Taibiquan,506,847,341,4708,2049,Codeforces Round 994 (Div. 2)
tahermakda72,1211,1256,45,4708,2049,Codeforces Round 994 (Div. 2)
TheArcticWolf,1499,1468,-31,4708,2049,Codeforces Round 994 (Div. 2)
Cp_die,1331,1342,11,4716,2049,Codeforces Round 994 (Div. 2)
mini_wish_a_girlfriend,1687,1612,-75,4716,2049,Codeforces Round 994 (Div. 2)
Jon_Snow.,1405,1397,-8,4716,2049,Codeforces Round 994 (Div. 2)
Salah7_a,1455,1434,-21,4716,2049,Codeforces Round 994 (Div. 2)
Extraordnrly_MEDIOCRE,1376,1375,-1,4716,2049,Codeforces Round 994 (Div. 2)
100xing,1546,1503,-43,4716,2049,Codeforces Round 994 (Div. 2)
Sadvik_Meda,1343,1351,8,4716,2049,Codeforces Round 994 (Div. 2)
Diego_Mucha,1116,1189,73,4716,2049,Codeforces Round 994 (Div. 2)
myanhcute,998,1112,114,4716,2049,Codeforces Round 994 (Div. 2)
AksharZala,799,1055,256,4725,2049,Codeforces Round 994 (Div. 2)
sum_1,1121,1193,72,4725,2049,Codeforces Round 994 (Div. 2)
forecircle,1737,1651,-86,4725,2049,Codeforces Round 994 (Div. 2)
S_A_I_A_J_A_Y,467,818,351,4725,2049,Codeforces Round 994 (Div. 2)
rakun45,1535,1495,-40,4725,2049,Codeforces Round 994 (Div. 2)
HCCoder,1270,1297,27,4725,2049,Codeforces Round 994 (Div. 2)
happytushir,1297,1317,20,4731,2049,Codeforces Round 994 (Div. 2)
giakietdragon,1320,1334,14,4731,2049,Codeforces Round 994 (Div. 2)
NaraFluorine,1474,1449,-25,4731,2049,Codeforces Round 994 (Div. 2)
Utkarsh2907,1222,1263,41,4731,2049,Codeforces Round 994 (Div. 2)
mozeel_v,960,1087,127,4735,2049,Codeforces Round 994 (Div. 2)
krishg_,1346,1353,7,4735,2049,Codeforces Round 994 (Div. 2)
Saarthak1,1290,1312,22,4735,2049,Codeforces Round 994 (Div. 2)
YouKn0wMe2005,1526,1488,-38,4735,2049,Codeforces Round 994 (Div. 2)
gtheoden42,1792,1694,-98,4735,2049,Codeforces Round 994 (Div. 2)
ericwww,1342,1350,8,4740,2049,Codeforces Round 994 (Div. 2)
strikerrr,1506,1473,-33,4740,2049,Codeforces Round 994 (Div. 2)
bardeen,0,496,496,4740,2049,Codeforces Round 994 (Div. 2)
karock,1512,1477,-35,4743,2049,Codeforces Round 994 (Div. 2)
Alexbrii,1925,1799,-126,4743,2049,Codeforces Round 994 (Div. 2)
vikaskumarsingh14aug,1228,1267,39,4743,2049,Codeforces Round 994 (Div. 2)
shorif274,1142,1207,65,4743,2049,Codeforces Round 994 (Div. 2)
Rachit_Bhalani,1338,1346,8,4747,2049,Codeforces Round 994 (Div. 2)
ansul_18,1496,1465,-31,4747,2049,Codeforces Round 994 (Div. 2)
hzzt_2004,1227,1266,39,4747,2049,Codeforces Round 994 (Div. 2)
xhf,1268,1295,27,4747,2049,Codeforces Round 994 (Div. 2)
mdkhaledmhamud220,1327,1338,11,4747,2049,Codeforces Round 994 (Div. 2)
hyay,1312,1327,15,4747,2049,Codeforces Round 994 (Div. 2)
ArminAmirfatahi,1166,1223,57,4753,2049,Codeforces Round 994 (Div. 2)
not_from_iit_d,1221,1321,100,4753,2049,Codeforces Round 994 (Div. 2)
Rajpandey2003,951,1081,130,4753,2049,Codeforces Round 994 (Div. 2)
moonlitt,513,852,339,4753,2049,Codeforces Round 994 (Div. 2)
pallav_ag,1279,1304,25,4753,2049,Codeforces Round 994 (Div. 2)
igennova001,1157,1217,60,4753,2049,Codeforces Round 994 (Div. 2)
Rashed-,1289,1310,21,4753,2049,Codeforces Round 994 (Div. 2)
YYYwYYY,1525,1487,-38,4753,2049,Codeforces Round 994 (Div. 2)
IsacBieber,1434,1417,-17,4761,2049,Codeforces Round 994 (Div. 2)
gaz-b,1499,1467,-32,4761,2049,Codeforces Round 994 (Div. 2)
Kyrillos_Ashraf,1355,1359,4,4761,2049,Codeforces Round 994 (Div. 2)
div1345gupta,1341,1348,7,4761,2049,Codeforces Round 994 (Div. 2)
Darzt,980,1154,174,4761,2049,Codeforces Round 994 (Div. 2)
Kevin_Mu,471,820,349,4761,2049,Codeforces Round 994 (Div. 2)
Alaatnt,1394,1387,-7,4767,2049,Codeforces Round 994 (Div. 2)
bhavya_19,1115,1188,73,4767,2049,Codeforces Round 994 (Div. 2)
codewithabhishek,1334,1343,9,4767,2049,Codeforces Round 994 (Div. 2)
Herbert_lyw,1330,1340,10,4767,2049,Codeforces Round 994 (Div. 2)
M_graph,1407,1397,-10,4767,2049,Codeforces Round 994 (Div. 2)
ClaudetteMiller,740,984,244,4767,2049,Codeforces Round 994 (Div. 2)
abra_r,1364,1365,1,4767,2049,Codeforces Round 994 (Div. 2)
visheshgautam.official,1061,1152,91,4767,2049,Codeforces Round 994 (Div. 2)
mehtamaneeya,915,1058,143,4767,2049,Codeforces Round 994 (Div. 2)
mcuadros,1612,1553,-59,4767,2049,Codeforces Round 994 (Div. 2)
whitepunch,1619,1558,-61,4777,2049,Codeforces Round 994 (Div. 2)
it_is_rit.,1295,1314,19,4777,2049,Codeforces Round 994 (Div. 2)
vegnim,1370,1369,-1,4777,2049,Codeforces Round 994 (Div. 2)
Repsaj21o,1561,1514,-47,4777,2049,Codeforces Round 994 (Div. 2)
rewarronak36,1002,1113,111,4777,2049,Codeforces Round 994 (Div. 2)
sonuthecoder96,1207,1251,44,4777,2049,Codeforces Round 994 (Div. 2)
The_First_Avenger,1508,1473,-35,4777,2049,Codeforces Round 994 (Div. 2)
Sivam_5917,1230,1268,38,4777,2049,Codeforces Round 994 (Div. 2)
_UV,1108,1183,75,4777,2049,Codeforces Round 994 (Div. 2)
dickenkuan,1540,1498,-42,4786,2049,Codeforces Round 994 (Div. 2)
suppakrit2006,1133,1200,67,4786,2049,Codeforces Round 994 (Div. 2)
vivekananda1001,1505,1471,-34,4786,2049,Codeforces Round 994 (Div. 2)
Ashraqt_Muhammad,1215,1257,42,4786,2049,Codeforces Round 994 (Div. 2)
Nipphitch,1314,1328,14,4786,2049,Codeforces Round 994 (Div. 2)
Aditya_Pratap_Singh,1418,1405,-13,4786,2049,Codeforces Round 994 (Div. 2)
qgcl,1130,1253,123,4786,2049,Codeforces Round 994 (Div. 2)
drinkly,1303,1320,17,4793,2049,Codeforces Round 994 (Div. 2)
ONLY123,1500,1467,-33,4793,2049,Codeforces Round 994 (Div. 2)
Suvrat6,1612,1553,-59,4793,2049,Codeforces Round 994 (Div. 2)
KK7,1156,1215,59,4796,2049,Codeforces Round 994 (Div. 2)
D-G-2004,1584,1531,-53,4796,2049,Codeforces Round 994 (Div. 2)
lgx57,1437,1419,-18,4796,2049,Codeforces Round 994 (Div. 2)
Felix555,1357,1359,2,4796,2049,Codeforces Round 994 (Div. 2)
Kita_Ikuyo,1650,1582,-68,4796,2049,Codeforces Round 994 (Div. 2)
Serendipity22,1037,1135,98,4796,2049,Codeforces Round 994 (Div. 2)
P_SUBHAM,1453,1431,-22,4802,2049,Codeforces Round 994 (Div. 2)
sp177,799,1053,254,4802,2049,Codeforces Round 994 (Div. 2)
jasontsai,1503,1469,-34,4802,2049,Codeforces Round 994 (Div. 2)
y_himanshu,1441,1423,-18,4802,2049,Codeforces Round 994 (Div. 2)
vivekyadavnitt,1173,1227,54,4802,2049,Codeforces Round 994 (Div. 2)
Keerthiharan_2004,1544,1500,-44,4802,2049,Codeforces Round 994 (Div. 2)
mohmmdali,1273,1298,25,4808,2049,Codeforces Round 994 (Div. 2)
pushkar_j123,1251,1282,31,4808,2049,Codeforces Round 994 (Div. 2)
lekato,1266,1292,26,4808,2049,Codeforces Round 994 (Div. 2)
nailuj_217,1228,1338,110,4808,2049,Codeforces Round 994 (Div. 2)
scanfdream,1404,1432,28,4812,2049,Codeforces Round 994 (Div. 2)
Vinuthna.G,1327,1337,10,4813,2049,Codeforces Round 994 (Div. 2)
meetjpatel017,1217,1258,41,4813,2049,Codeforces Round 994 (Div. 2)
no-name01,1374,1371,-3,4813,2049,Codeforces Round 994 (Div. 2)
FrontMan.,1292,1311,19,4813,2049,Codeforces Round 994 (Div. 2)
qhyer,1719,1635,-84,4813,2049,Codeforces Round 994 (Div. 2)
Galib35,1587,1533,-54,4813,2049,Codeforces Round 994 (Div. 2)
joaohenalves,1287,1308,21,4813,2049,Codeforces Round 994 (Div. 2)
Ricay,831,1077,246,4813,2049,Codeforces Round 994 (Div. 2)
Hannna,1560,1512,-48,4813,2049,Codeforces Round 994 (Div. 2)
ajay_1501,1080,1163,83,4822,2049,Codeforces Round 994 (Div. 2)
Snakefoot,1541,1498,-43,4822,2049,Codeforces Round 994 (Div. 2)
VERYCOOL_BOY,1382,1377,-5,4822,2049,Codeforces Round 994 (Div. 2)
soulfull,1554,1508,-46,4822,2049,Codeforces Round 994 (Div. 2)
KIRAKOSYAN,1328,1337,9,4822,2049,Codeforces Round 994 (Div. 2)
Centelle,1220,1260,40,4822,2049,Codeforces Round 994 (Div. 2)
Rin_Nohara,1124,1192,68,4828,2049,Codeforces Round 994 (Div. 2)
www.___.com,1604,1546,-58,4828,2049,Codeforces Round 994 (Div. 2)
exp_i,1360,1361,1,4828,2049,Codeforces Round 994 (Div. 2)
hades314,1416,1402,-14,4828,2049,Codeforces Round 994 (Div. 2)
ch1ll_guy,1673,1599,-74,4828,2049,Codeforces Round 994 (Div. 2)
deekshith_17,1271,1296,25,4828,2049,Codeforces Round 994 (Div. 2)
abenezer_m54,1381,1376,-5,4828,2049,Codeforces Round 994 (Div. 2)
siic,1425,1409,-16,4828,2049,Codeforces Round 994 (Div. 2)
case3,1338,1345,7,4828,2049,Codeforces Round 994 (Div. 2)
cvxbhcxb,1277,1300,23,4828,2049,Codeforces Round 994 (Div. 2)
-Nebula,1402,1392,-10,4828,2049,Codeforces Round 994 (Div. 2)
ittou_shura,1117,1188,71,4828,2049,Codeforces Round 994 (Div. 2)
Gagansinghal,1009,1116,107,4828,2049,Codeforces Round 994 (Div. 2)
caojh07,1216,1257,41,4841,2049,Codeforces Round 994 (Div. 2)
I_FloPPed21,1683,1607,-76,4841,2049,Codeforces Round 994 (Div. 2)
eirinayukari,897,1126,229,4841,2049,Codeforces Round 994 (Div. 2)
DivinePunishment,1858,1744,-114,4841,2049,Codeforces Round 994 (Div. 2)
iffatul_anon,1258,1286,28,4841,2049,Codeforces Round 994 (Div. 2)
Kartikey_Tanwar,1185,1234,49,4846,2049,Codeforces Round 994 (Div. 2)
Rakesh_Kedia,1306,1321,15,4846,2049,Codeforces Round 994 (Div. 2)
ujjwalgupta146,1521,1482,-39,4846,2049,Codeforces Round 994 (Div. 2)
NaAlOH4,1332,1340,8,4846,2049,Codeforces Round 994 (Div. 2)
arindam.pande.ug21,852,1092,240,4846,2049,Codeforces Round 994 (Div. 2)
ssAmanSoni1,1583,1529,-54,4851,2049,Codeforces Round 994 (Div. 2)
MOAZ_KING,1229,1265,36,4851,2049,Codeforces Round 994 (Div. 2)
cannotmath,558,884,326,4851,2049,Codeforces Round 994 (Div. 2)
niku_raaz,1477,1448,-29,4851,2049,Codeforces Round 994 (Div. 2)
brainardphilemon,1166,1221,55,4851,2049,Codeforces Round 994 (Div. 2)
igoroogle,1689,1611,-78,4851,2049,Codeforces Round 994 (Div. 2)
sabbir.sa2k,1405,1393,-12,4851,2049,Codeforces Round 994 (Div. 2)
hosaria,681,920,239,4851,2049,Codeforces Round 994 (Div. 2)
blackleaf,1198,1301,103,4851,2049,Codeforces Round 994 (Div. 2)
Kemo_,1174,1226,52,4860,2049,Codeforces Round 994 (Div. 2)
eyewal_18,1151,1210,59,4860,2049,Codeforces Round 994 (Div. 2)
mercyknight100,1278,1300,22,4860,2049,Codeforces Round 994 (Div. 2)
deepanshu_dhakate,1224,1261,37,4860,2049,Codeforces Round 994 (Div. 2)
Mossad00,1327,1336,9,4860,2049,Codeforces Round 994 (Div. 2)
rana_2406,1264,1290,26,4860,2049,Codeforces Round 994 (Div. 2)
_Jovian,1343,1348,5,4860,2049,Codeforces Round 994 (Div. 2)
yzaLImA,1118,1188,70,4860,2049,Codeforces Round 994 (Div. 2)
dobrishk,1447,1426,-21,4860,2049,Codeforces Round 994 (Div. 2)
Hespera,1127,1193,66,4860,2049,Codeforces Round 994 (Div. 2)
invision1203,1055,1198,143,4870,2049,Codeforces Round 994 (Div. 2)
Masterkrab,1369,1367,-2,4870,2049,Codeforces Round 994 (Div. 2)
TiwoeeM,1428,1411,-17,4870,2049,Codeforces Round 994 (Div. 2)
animesh2107,1200,1244,44,4870,2049,Codeforces Round 994 (Div. 2)
CELD_07,1590,1534,-56,4870,2049,Codeforces Round 994 (Div. 2)
WonderofU,1471,1443,-28,4870,2049,Codeforces Round 994 (Div. 2)
saba_goduadze,1610,1550,-60,4870,2049,Codeforces Round 994 (Div. 2)
naroto2022,1316,1364,48,4870,2049,Codeforces Round 994 (Div. 2)
absx,1233,1268,35,4870,2049,Codeforces Round 994 (Div. 2)
sourabh19278,1039,1135,96,4870,2049,Codeforces Round 994 (Div. 2)
zokz,1431,1413,-18,4880,2049,Codeforces Round 994 (Div. 2)
EyeSpirit,1173,1225,52,4880,2049,Codeforces Round 994 (Div. 2)
udayan8,1306,1320,14,4880,2049,Codeforces Round 994 (Div. 2)
Ironman25,1599,1541,-58,4880,2049,Codeforces Round 994 (Div. 2)
skyfall003,1302,1317,15,4880,2049,Codeforces Round 994 (Div. 2)
codewithaman,1145,1206,61,4880,2049,Codeforces Round 994 (Div. 2)
Incheon,883,1082,199,4880,2049,Codeforces Round 994 (Div. 2)
adityap22,1162,1274,112,4880,2049,Codeforces Round 994 (Div. 2)
Muhamed4,1298,1314,16,4888,2049,Codeforces Round 994 (Div. 2)
nkg206,1265,1290,25,4888,2049,Codeforces Round 994 (Div. 2)
AhmedAshraf,1214,1254,40,4888,2049,Codeforces Round 994 (Div. 2)
Raghav999,1239,1272,33,4888,2049,Codeforces Round 994 (Div. 2)
_Samar,1191,1237,46,4888,2049,Codeforces Round 994 (Div. 2)
Kuris33,831,1075,244,4888,2049,Codeforces Round 994 (Div. 2)
ACMxiaocaiji,943,1104,161,4888,2049,Codeforces Round 994 (Div. 2)
Simple_Minded000,1307,1321,14,4895,2049,Codeforces Round 994 (Div. 2)
adel54321,1361,1361,0,4895,2049,Codeforces Round 994 (Div. 2)
saiteja6,1465,1439,-26,4895,2049,Codeforces Round 994 (Div. 2)
FXY_AC,1467,1440,-27,4898,2049,Codeforces Round 994 (Div. 2)
clashgamer1050,1091,1169,78,4898,2049,Codeforces Round 994 (Div. 2)
ccr230110900501,1276,1298,22,4898,2049,Codeforces Round 994 (Div. 2)
xsjpx,1448,1426,-22,4898,2049,Codeforces Round 994 (Div. 2)
Tyler_Durden21,948,1075,127,4902,2049,Codeforces Round 994 (Div. 2)
Nanthana2003,1314,1325,11,4902,2049,Codeforces Round 994 (Div. 2)
paulo.pr,1355,1356,1,4902,2049,Codeforces Round 994 (Div. 2)
balalm10,1469,1441,-28,4902,2049,Codeforces Round 994 (Div. 2)
AR009,1225,1261,36,4902,2049,Codeforces Round 994 (Div. 2)
swarup19,1518,1478,-40,4902,2049,Codeforces Round 994 (Div. 2)
Aries_24,818,1065,247,4902,2049,Codeforces Round 994 (Div. 2)
hnust_msc,1414,1399,-15,4902,2049,Codeforces Round 994 (Div. 2)
Swap2728,1435,1416,-19,4902,2049,Codeforces Round 994 (Div. 2)
sachin_3059,1209,1250,41,4902,2049,Codeforces Round 994 (Div. 2)
blurryface69,1242,1274,32,4902,2049,Codeforces Round 994 (Div. 2)
kks06,1166,1220,54,4913,2049,Codeforces Round 994 (Div. 2)
sas39,1230,1265,35,4913,2049,Codeforces Round 994 (Div. 2)
himanshi15,1149,1208,59,4913,2049,Codeforces Round 994 (Div. 2)
mittalpiyush2019,1137,1199,62,4913,2049,Codeforces Round 994 (Div. 2)
Suuii,1579,1525,-54,4913,2049,Codeforces Round 994 (Div. 2)
Bankai25,0,493,493,4913,2049,Codeforces Round 994 (Div. 2)
Burrito_TG,1160,1215,55,4919,2049,Codeforces Round 994 (Div. 2)
g.devvrat11,1557,1508,-49,4919,2049,Codeforces Round 994 (Div. 2)
RamenNagi,1046,1138,92,4919,2049,Codeforces Round 994 (Div. 2)
XRomanticCatX,1272,1295,23,4919,2049,Codeforces Round 994 (Div. 2)
sssilent_coder,1489,1456,-33,4919,2049,Codeforces Round 994 (Div. 2)
Hemicub,1334,1340,6,4919,2049,Codeforces Round 994 (Div. 2)
ram2472,938,1069,131,4919,2049,Codeforces Round 994 (Div. 2)
Rajdeep_P1,1037,1132,95,4919,2049,Codeforces Round 994 (Div. 2)
sunxiaomai2,1372,1368,-4,4919,2049,Codeforces Round 994 (Div. 2)
believer_0507,1133,1197,64,4928,2049,Codeforces Round 994 (Div. 2)
VICTORIS,1326,1334,8,4928,2049,Codeforces Round 994 (Div. 2)
ANNA106,1250,1278,28,4928,2049,Codeforces Round 994 (Div. 2)
TJLhhhhss,1290,1307,17,4928,2049,Codeforces Round 994 (Div. 2)
CodeBharat,931,1064,133,4928,2049,Codeforces Round 994 (Div. 2)
ZhishengIE003,1431,1412,-19,4928,2049,Codeforces Round 994 (Div. 2)
Michael_H,910,1134,224,4928,2049,Codeforces Round 994 (Div. 2)
get-gud,1216,1254,38,4928,2049,Codeforces Round 994 (Div. 2)
vishal1002,729,999,270,4928,2049,Codeforces Round 994 (Div. 2)
pawan_729,1142,1202,60,4928,2049,Codeforces Round 994 (Div. 2)
AURAVxS,887,1084,197,4938,2049,Codeforces Round 994 (Div. 2)
Revanthsahu_07,1245,1275,30,4938,2049,Codeforces Round 994 (Div. 2)
ProElectro07,937,1068,131,4938,2049,Codeforces Round 994 (Div. 2)
MiniMaxed,1212,1251,39,4938,2049,Codeforces Round 994 (Div. 2)
JohanXLiebert,1379,1373,-6,4942,2049,Codeforces Round 994 (Div. 2)
unatnahs,1270,1293,23,4942,2049,Codeforces Round 994 (Div. 2)
khacduy,1208,1248,40,4944,2049,Codeforces Round 994 (Div. 2)
v1r,1245,1348,103,4944,2049,Codeforces Round 994 (Div. 2)
dance_with_the_devil,1270,1293,23,4944,2049,Codeforces Round 994 (Div. 2)
pushpendersolanki,904,1047,143,4944,2049,Codeforces Round 994 (Div. 2)
atharrizwan,1232,1265,33,4944,2049,Codeforces Round 994 (Div. 2)
_princegrewal,1328,1335,7,4944,2049,Codeforces Round 994 (Div. 2)
fraserdab,1288,1306,18,4944,2049,Codeforces Round 994 (Div. 2)
LogicLad,1254,1281,27,4944,2049,Codeforces Round 994 (Div. 2)
sankalpp472,0,492,492,4944,2049,Codeforces Round 994 (Div. 2)
elurisreelakshmi04,1045,1137,92,4953,2049,Codeforces Round 994 (Div. 2)
Back_in_the_game,1497,1500,3,4953,2049,Codeforces Round 994 (Div. 2)
Eqedos,1036,1183,147,4953,2049,Codeforces Round 994 (Div. 2)
LiuKang,1219,1256,37,4956,2049,Codeforces Round 994 (Div. 2)
Samarth_Udagi,1271,1293,22,4956,2049,Codeforces Round 994 (Div. 2)
anukuljain42,1337,1341,4,4956,2049,Codeforces Round 994 (Div. 2)
kaustabhmishra,1496,1460,-36,4956,2049,Codeforces Round 994 (Div. 2)
erachanzZ,1213,1251,38,4956,2049,Codeforces Round 994 (Div. 2)
Encode_Hridoy,1282,1301,19,4956,2049,Codeforces Round 994 (Div. 2)
Fermits,1426,1408,-18,4956,2049,Codeforces Round 994 (Div. 2)
v4der,1197,1240,43,4956,2049,Codeforces Round 994 (Div. 2)
fornaxx,1374,1368,-6,4956,2049,Codeforces Round 994 (Div. 2)
stressing,1200,1300,100,4956,2049,Codeforces Round 994 (Div. 2)
MikuMiku5e5,1195,1297,102,4956,2049,Codeforces Round 994 (Div. 2)
biniyamnegasa,1430,1411,-19,4956,2049,Codeforces Round 994 (Div. 2)
code_ninja_7711,1309,1321,12,4968,2049,Codeforces Round 994 (Div. 2)
Ngunguoi45,1187,1233,46,4968,2049,Codeforces Round 994 (Div. 2)
gdevansh740,1192,1236,44,4970,2049,Codeforces Round 994 (Div. 2)
ydsrwex,1474,1444,-30,4970,2049,Codeforces Round 994 (Div. 2)
AmTheGeorge,0,491,491,4970,2049,Codeforces Round 994 (Div. 2)
abdullahelshebrawy,1122,1188,66,4970,2049,Codeforces Round 994 (Div. 2)
crocell001,1376,1370,-6,4970,2049,Codeforces Round 994 (Div. 2)
TechDragon,1121,1222,101,4970,2049,Codeforces Round 994 (Div. 2)
zc_cf,1313,1323,10,4976,2049,Codeforces Round 994 (Div. 2)
ikeha,1387,1378,-9,4976,2049,Codeforces Round 994 (Div. 2)
Dinhquang06,1541,1495,-46,4976,2049,Codeforces Round 994 (Div. 2)
R6mez,1270,1292,22,4976,2049,Codeforces Round 994 (Div. 2)
coldwheat233,1332,1337,5,4976,2049,Codeforces Round 994 (Div. 2)
MrYhatoh,1296,1311,15,4981,2049,Codeforces Round 994 (Div. 2)
quavoou,1192,1236,44,4981,2049,Codeforces Round 994 (Div. 2)
BakhtiyarN,1240,1270,30,4981,2049,Codeforces Round 994 (Div. 2)
Deepak_45,653,901,248,4981,2049,Codeforces Round 994 (Div. 2)
Awayaway,1342,1344,2,4981,2049,Codeforces Round 994 (Div. 2)
weatherwise,1309,1320,11,4981,2049,Codeforces Round 994 (Div. 2)
Manas_Jain,1505,1467,-38,4981,2049,Codeforces Round 994 (Div. 2)
BlackCatMagic,1257,1282,25,4988,2049,Codeforces Round 994 (Div. 2)
anirudh.vijan,1269,1291,22,4988,2049,Codeforces Round 994 (Div. 2)
DestroyerDhruv,1301,1376,75,4988,2049,Codeforces Round 994 (Div. 2)
velazqua,1311,1322,11,4988,2049,Codeforces Round 994 (Div. 2)
to___ot,1203,1302,99,4988,2049,Codeforces Round 994 (Div. 2)
Ayush_soni,1365,1361,-4,4988,2049,Codeforces Round 994 (Div. 2)
KRATI_AGARWAL,859,1063,204,4994,2049,Codeforces Round 994 (Div. 2)
Sh1khar,1254,1280,26,4994,2049,Codeforces Round 994 (Div. 2)
lovya_006,1067,1150,83,4994,2049,Codeforces Round 994 (Div. 2)
generalskywalker,1061,1146,85,4994,2049,Codeforces Round 994 (Div. 2)
Prateek_Agarwal,1328,1334,6,4994,2049,Codeforces Round 994 (Div. 2)
404salad,1026,1123,97,4994,2049,Codeforces Round 994 (Div. 2)
Mikuchan,1248,1276,28,5000,2049,Codeforces Round 994 (Div. 2)
Kulakov_Artem,1236,1267,31,5000,2049,Codeforces Round 994 (Div. 2)
fanemigo,1461,1433,-28,5000,2049,Codeforces Round 994 (Div. 2)
nazibur175,1502,1465,-37,5000,2049,Codeforces Round 994 (Div. 2)
mazen228,1488,1454,-34,5000,2049,Codeforces Round 994 (Div. 2)
space_catfish,1292,1307,15,5000,2049,Codeforces Round 994 (Div. 2)
suryansh0_0,1031,1178,147,5000,2049,Codeforces Round 994 (Div. 2)
LONEWOLF09,1086,1162,76,5007,2049,Codeforces Round 994 (Div. 2)
r3kste,1455,1429,-26,5007,2049,Codeforces Round 994 (Div. 2)
kart31,1327,1333,6,5007,2049,Codeforces Round 994 (Div. 2)
thakurraunak0,1655,1582,-73,5007,2049,Codeforces Round 994 (Div. 2)
raichu_,1418,1401,-17,5007,2049,Codeforces Round 994 (Div. 2)
sunny45,372,743,371,5007,2049,Codeforces Round 994 (Div. 2)
cefegent,1253,1279,26,5007,2049,Codeforces Round 994 (Div. 2)
GautamSh,1426,1407,-19,5007,2049,Codeforces Round 994 (Div. 2)
coder_thunder,1032,1127,95,5007,2049,Codeforces Round 994 (Div. 2)
Teamleader001,1040,1132,92,5016,2049,Codeforces Round 994 (Div. 2)
NishthaDoshi,1072,1153,81,5016,2049,Codeforces Round 994 (Div. 2)
Arne1234,1071,1152,81,5016,2049,Codeforces Round 994 (Div. 2)
Hardi_Rakholiya,1159,1212,53,5019,2049,Codeforces Round 994 (Div. 2)
HoshinoAkuamarin,1178,1225,47,5019,2049,Codeforces Round 994 (Div. 2)
min_worked,1693,1611,-82,5019,2049,Codeforces Round 994 (Div. 2)
krohit22,1194,1237,43,5019,2049,Codeforces Round 994 (Div. 2)
the_last_smilodon,1618,1553,-65,5019,2049,Codeforces Round 994 (Div. 2)
Griffith,910,1049,139,5019,2049,Codeforces Round 994 (Div. 2)
Yuanyin26,1616,1552,-64,5019,2049,Codeforces Round 994 (Div. 2)
jayeshgoel74,1299,1312,13,5019,2049,Codeforces Round 994 (Div. 2)
Mushfiq,1302,1314,12,5019,2049,Codeforces Round 994 (Div. 2)
Slayer_ayp,935,1112,177,5019,2049,Codeforces Round 994 (Div. 2)
bhishek239,1059,1144,85,5029,2049,Codeforces Round 994 (Div. 2)
crzhou111111,1523,1480,-43,5029,2049,Codeforces Round 994 (Div. 2)
Harsh_Agrawal_12,1258,1282,24,5029,2049,Codeforces Round 994 (Div. 2)
Bridgen88,1157,1211,54,5029,2049,Codeforces Round 994 (Div. 2)
Nguyendinhbach,1340,1342,2,5029,2049,Codeforces Round 994 (Div. 2)
auddy,1279,1297,18,5029,2049,Codeforces Round 994 (Div. 2)
ayush_345,1439,1416,-23,5035,2049,Codeforces Round 994 (Div. 2)
moksh_mangal,1317,1325,8,5035,2049,Codeforces Round 994 (Div. 2)
sarthaKKharKa_18,1357,1354,-3,5035,2049,Codeforces Round 994 (Div. 2)
skr7998,1194,1236,42,5035,2049,Codeforces Round 994 (Div. 2)
Creym,1343,1344,1,5035,2049,Codeforces Round 994 (Div. 2)
sushmit2022,1483,1449,-34,5035,2049,Codeforces Round 994 (Div. 2)
bvsmjayaditya,1261,1284,23,5035,2049,Codeforces Round 994 (Div. 2)
Lost_Warrior,1435,1413,-22,5042,2049,Codeforces Round 994 (Div. 2)
Umar_Sk,1307,1317,10,5042,2049,Codeforces Round 994 (Div. 2)
__7781,1582,1525,-57,5042,2049,Codeforces Round 994 (Div. 2)
postpone,1439,1416,-23,5042,2049,Codeforces Round 994 (Div. 2)
j_mayan7,1074,1217,143,5042,2049,Codeforces Round 994 (Div. 2)
Dynamyte,1414,1397,-17,5042,2049,Codeforces Round 994 (Div. 2)
NotTogawaButSakiko,1321,1328,7,5042,2049,Codeforces Round 994 (Div. 2)
MAK963,1037,1129,92,5049,2049,Codeforces Round 994 (Div. 2)
Daksh_Mor,1209,1247,38,5049,2049,Codeforces Round 994 (Div. 2)
ChewieMewK,1356,1353,-3,5049,2049,Codeforces Round 994 (Div. 2)
AMBUJ_2003,1378,1370,-8,5049,2049,Codeforces Round 994 (Div. 2)
infinitystriker,965,1137,172,5049,2049,Codeforces Round 994 (Div. 2)
Ayush_Kumar_235,1376,1368,-8,5049,2049,Codeforces Round 994 (Div. 2)
-3en_7oras-,1843,1728,-115,5049,2049,Codeforces Round 994 (Div. 2)
pr_tam,1096,1168,72,5049,2049,Codeforces Round 994 (Div. 2)
decalcomania24,979,1091,112,5049,2049,Codeforces Round 994 (Div. 2)
Dark_knight174,1556,1505,-51,5049,2049,Codeforces Round 994 (Div. 2)
_Trilasha_,1506,1467,-39,5049,2049,Codeforces Round 994 (Div. 2)
MadHouse,503,838,335,5049,2049,Codeforces Round 994 (Div. 2)
shrimpballs,1533,1487,-46,5061,2049,Codeforces Round 994 (Div. 2)
two-seven,1302,1313,11,5061,2049,Codeforces Round 994 (Div. 2)
Forge,1390,1378,-12,5061,2049,Codeforces Round 994 (Div. 2)
yuvraj_coder1,1492,1456,-36,5061,2049,Codeforces Round 994 (Div. 2)
jjinendra3,904,1044,140,5061,2049,Codeforces Round 994 (Div. 2)
codetheus,1120,1185,65,5061,2049,Codeforces Round 994 (Div. 2)
rikka4153,1256,1280,24,5061,2049,Codeforces Round 994 (Div. 2)
uniform,1343,1343,0,5061,2049,Codeforces Round 994 (Div. 2)
Bnamious,555,878,323,5061,2049,Codeforces Round 994 (Div. 2)
soumya_jeet,1176,1223,47,5070,2049,Codeforces Round 994 (Div. 2)
vivek2092,1216,1251,35,5070,2049,Codeforces Round 994 (Div. 2)
MoCkZeTa,1157,1209,52,5070,2049,Codeforces Round 994 (Div. 2)
lol398,0,489,489,5070,2049,Codeforces Round 994 (Div. 2)
kindasomethin,1163,1214,51,5070,2049,Codeforces Round 994 (Div. 2)
bu_fan3,1609,1545,-64,5070,2049,Codeforces Round 994 (Div. 2)
abhisharma,1057,1141,84,5070,2049,Codeforces Round 994 (Div. 2)
Unnati_s,1052,1138,86,5070,2049,Codeforces Round 994 (Div. 2)
MkttyptL,504,839,335,5070,2049,Codeforces Round 994 (Div. 2)
SmartCoder,1478,1445,-33,5070,2049,Codeforces Round 994 (Div. 2)
jkulanko,1404,1389,-15,5070,2049,Codeforces Round 994 (Div. 2)
HeKaBi,1229,1260,31,5070,2049,Codeforces Round 994 (Div. 2)
Roll_no_68,1414,1397,-17,5070,2049,Codeforces Round 994 (Div. 2)
SPARSH_EE1,1138,1196,58,5070,2049,Codeforces Round 994 (Div. 2)
silverstorm,1903,1776,-127,5070,2049,Codeforces Round 994 (Div. 2)
adityatiwari6186,1411,1394,-17,5070,2049,Codeforces Round 994 (Div. 2)
boris_7,1644,1572,-72,5070,2049,Codeforces Round 994 (Div. 2)
bhaiyagaming2021,688,966,278,5087,2049,Codeforces Round 994 (Div. 2)
Sarswa_Dhiru,988,1153,165,5087,2049,Codeforces Round 994 (Div. 2)
VisheshIITian,1072,1151,79,5087,2049,Codeforces Round 994 (Div. 2)
dhruvi_29,854,1088,234,5087,2049,Codeforces Round 994 (Div. 2)
Greninja08,1369,1362,-7,5087,2049,Codeforces Round 994 (Div. 2)
saumya1007,1145,1201,56,5087,2049,Codeforces Round 994 (Div. 2)
rigeman,1403,1388,-15,5087,2049,Codeforces Round 994 (Div. 2)
gamerr,1092,1165,73,5087,2049,Codeforces Round 994 (Div. 2)
student_for_a_teacher,1189,1232,43,5087,2049,Codeforces Round 994 (Div. 2)
yashkamthan45,1300,1311,11,5096,2049,Codeforces Round 994 (Div. 2)
Phon,1403,1387,-16,5096,2049,Codeforces Round 994 (Div. 2)
linj_1,1277,1331,54,5096,2049,Codeforces Round 994 (Div. 2)
finedragon,1449,1422,-27,5096,2049,Codeforces Round 994 (Div. 2)
KAMIKAZE_1944,1242,1269,27,5096,2049,Codeforces Round 994 (Div. 2)
himanshu12102004,1149,1203,54,5096,2049,Codeforces Round 994 (Div. 2)
entitled,1196,1236,40,5096,2049,Codeforces Round 994 (Div. 2)
N_NAboALcodeIsBack,1691,1647,-44,5096,2049,Codeforces Round 994 (Div. 2)
2021csb1107,1490,1453,-37,5096,2049,Codeforces Round 994 (Div. 2)
For_her_smile,0,489,489,5096,2049,Codeforces Round 994 (Div. 2)
balaudaya3,1178,1224,46,5096,2049,Codeforces Round 994 (Div. 2)
AhmedReda11,1505,1465,-40,5096,2049,Codeforces Round 994 (Div. 2)
_Deadpool_29,1116,1181,65,5096,2049,Codeforces Round 994 (Div. 2)
not_Isakhan,1118,1237,119,5096,2049,Codeforces Round 994 (Div. 2)
SADIQ_insD,1348,1346,-2,5096,2049,Codeforces Round 994 (Div. 2)
clifong2002,1102,1171,69,5096,2049,Codeforces Round 994 (Div. 2)
Div0013,1228,1259,31,5112,2049,Codeforces Round 994 (Div. 2)
santoshswansi_,1420,1400,-20,5112,2049,Codeforces Round 994 (Div. 2)
m1ghtyc4ndl3,1423,1403,-20,5112,2049,Codeforces Round 994 (Div. 2)
_Rounak,1407,1390,-17,5112,2049,Codeforces Round 994 (Div. 2)
twistedumar,1334,1336,2,5112,2049,Codeforces Round 994 (Div. 2)
sm0kxy,1209,1245,36,5112,2049,Codeforces Round 994 (Div. 2)
coder_dude_13,1158,1209,51,5112,2049,Codeforces Round 994 (Div. 2)
madmax5559,1265,1285,20,5112,2049,Codeforces Round 994 (Div. 2)
koti_prashn,1443,1418,-25,5112,2049,Codeforces Round 994 (Div. 2)
asitis,1352,1349,-3,5112,2049,Codeforces Round 994 (Div. 2)
Abhishek_Jain_1008,1070,1149,79,5112,2049,Codeforces Round 994 (Div. 2)
PIKACHU_01,1198,1237,39,5112,2049,Codeforces Round 994 (Div. 2)
mearshnie,1352,1349,-3,5124,2049,Codeforces Round 994 (Div. 2)
pratulg007,798,1046,248,5124,2049,Codeforces Round 994 (Div. 2)
Iopeocivl_luv_TaiGa,1123,1185,62,5124,2049,Codeforces Round 994 (Div. 2)
bitset_iTM,1113,1234,121,5124,2049,Codeforces Round 994 (Div. 2)
utk7rsh,884,1077,193,5124,2049,Codeforces Round 994 (Div. 2)
PS_Sudharshan07,926,1056,130,5124,2049,Codeforces Round 994 (Div. 2)
shubhamjee,1384,1373,-11,5124,2049,Codeforces Round 994 (Div. 2)
vatsal_04,1788,1684,-104,5131,2049,Codeforces Round 994 (Div. 2)
chakshu_jhamb,1181,1225,44,5131,2049,Codeforces Round 994 (Div. 2)
100413hhyz,1259,1281,22,5131,2049,Codeforces Round 994 (Div. 2)
asmm,1140,1196,56,5131,2049,Codeforces Round 994 (Div. 2)
cryolyte,417,773,356,5131,2049,Codeforces Round 994 (Div. 2)
Rumplestitskin,1080,1156,76,5131,2049,Codeforces Round 994 (Div. 2)
Tod,1312,1319,7,5131,2049,Codeforces Round 994 (Div. 2)
teja_4,1247,1272,25,5131,2049,Codeforces Round 994 (Div. 2)
prakashM27,1160,1210,50,5139,2049,Codeforces Round 994 (Div. 2)
harshroy,1252,1275,23,5139,2049,Codeforces Round 994 (Div. 2)
Ganesh8790,1320,1325,5,5139,2049,Codeforces Round 994 (Div. 2)
pjmundada2005,1256,1278,22,5139,2049,Codeforces Round 994 (Div. 2)
ajkdsfaldkjfskldjf,0,488,488,5139,2049,Codeforces Round 994 (Div. 2)
KM_Parvez,1566,1511,-55,5139,2049,Codeforces Round 994 (Div. 2)
mrhga_RnD,1504,1463,-41,5139,2049,Codeforces Round 994 (Div. 2)
u_rl,1222,1290,68,5139,2049,Codeforces Round 994 (Div. 2)
TrueBlack,1149,1203,54,5139,2049,Codeforces Round 994 (Div. 2)
blakshay_810,1362,1356,-6,5148,2049,Codeforces Round 994 (Div. 2)
saksham_gautam_,801,1048,247,5148,2049,Codeforces Round 994 (Div. 2)
zzxuu,1110,1176,66,5148,2049,Codeforces Round 994 (Div. 2)
Krishnaxxgarg,1314,1398,84,5148,2049,Codeforces Round 994 (Div. 2)
lakshkyada22,1197,1236,39,5148,2049,Codeforces Round 994 (Div. 2)
wttt907,1248,1272,24,5148,2049,Codeforces Round 994 (Div. 2)
vansh-16,1218,1251,33,5148,2049,Codeforces Round 994 (Div. 2)
prime_arcanine,776,1029,253,5148,2049,Codeforces Round 994 (Div. 2)
Abid_52,1383,1371,-12,5156,2049,Codeforces Round 994 (Div. 2)
agrawalhimanshu,1065,1179,114,5156,2049,Codeforces Round 994 (Div. 2)
Chi_Mo,418,773,355,5156,2049,Codeforces Round 994 (Div. 2)
Upadhyay_07,1400,1384,-16,5156,2049,Codeforces Round 994 (Div. 2)
Tioz0,1036,1126,90,5156,2049,Codeforces Round 994 (Div. 2)
wait4it,1096,1166,70,5156,2049,Codeforces Round 994 (Div. 2)
Shafin01,1249,1273,24,5162,2049,Codeforces Round 994 (Div. 2)
hkw0202,0,487,487,5162,2049,Codeforces Round 994 (Div. 2)
Bat_Bat,485,823,338,5162,2049,Codeforces Round 994 (Div. 2)
alisa22580,402,761,359,5162,2049,Codeforces Round 994 (Div. 2)
ElNChou,1340,1339,-1,5162,2049,Codeforces Round 994 (Div. 2)
creat_son,1415,1396,-19,5162,2049,Codeforces Round 994 (Div. 2)
ahmed-07,1113,1177,64,5162,2049,Codeforces Round 994 (Div. 2)
stolen_beer,1084,1158,74,5162,2049,Codeforces Round 994 (Div. 2)
LogicLooper,1265,1284,19,5170,2049,Codeforces Round 994 (Div. 2)
Raj_3,1243,1268,25,5170,2049,Codeforces Round 994 (Div. 2)
prajna_,1170,1216,46,5170,2049,Codeforces Round 994 (Div. 2)
Aman_27p,1254,1276,22,5170,2049,Codeforces Round 994 (Div. 2)
Heathen__,1634,1563,-71,5170,2049,Codeforces Round 994 (Div. 2)
hritikkaushik,1342,1341,-1,5170,2049,Codeforces Round 994 (Div. 2)
sanchiitvijay,1153,1262,109,5170,2049,Codeforces Round 994 (Div. 2)
jojolastico,1068,1180,112,5170,2049,Codeforces Round 994 (Div. 2)
ClearMist,945,1067,122,5170,2049,Codeforces Round 994 (Div. 2)
alokkr_,1171,1217,46,5170,2049,Codeforces Round 994 (Div. 2)
pvr04,1386,1373,-13,5180,2049,Codeforces Round 994 (Div. 2)
berojgar1905,1338,1338,0,5180,2049,Codeforces Round 994 (Div. 2)
NoSkillHeZhen,1463,1470,7,5180,2049,Codeforces Round 994 (Div. 2)
kaltroniz,1249,1273,24,5180,2049,Codeforces Round 994 (Div. 2)
Daki-sa,1449,1421,-28,5184,2049,Codeforces Round 994 (Div. 2)
Aravinth_M_C,988,1094,106,5184,2049,Codeforces Round 994 (Div. 2)
TheRoadLessTaken,1528,1481,-47,5184,2049,Codeforces Round 994 (Div. 2)
khushii27,1002,1103,101,5184,2049,Codeforces Round 994 (Div. 2)
sarthak107,1178,1222,44,5184,2049,Codeforces Round 994 (Div. 2)
P_rakhar,1201,1238,37,5184,2049,Codeforces Round 994 (Div. 2)
fun_of_hashes,1516,1472,-44,5184,2049,Codeforces Round 994 (Div. 2)
Raghvendra_Singh,1044,1130,86,5184,2049,Codeforces Round 994 (Div. 2)
manish-dev,1185,1227,42,5184,2049,Codeforces Round 994 (Div. 2)
_Infinity_Leo_,1080,1154,74,5184,2049,Codeforces Round 994 (Div. 2)
shaamhitohhai,1535,1486,-49,5194,2049,Codeforces Round 994 (Div. 2)
The_Batman__,1259,1279,20,5194,2049,Codeforces Round 994 (Div. 2)
vermish77,1479,1444,-35,5194,2049,Codeforces Round 994 (Div. 2)
Sarthak_78,1341,1339,-2,5194,2049,Codeforces Round 994 (Div. 2)
WhyYouSmile,1538,1527,-11,5194,2049,Codeforces Round 994 (Div. 2)
adithyakanil,1310,1317,7,5194,2049,Codeforces Round 994 (Div. 2)
saelcc03,1424,1402,-22,5194,2049,Codeforces Round 994 (Div. 2)
harshit_2004,1071,1148,77,5194,2049,Codeforces Round 994 (Div. 2)
khainizzaro,1052,1135,83,5202,2049,Codeforces Round 994 (Div. 2)
b1t_exe,1340,1338,-2,5202,2049,Codeforces Round 994 (Div. 2)
jankaar,859,1090,231,5202,2049,Codeforces Round 994 (Div. 2)
LuHOvO,1356,1350,-6,5202,2049,Codeforces Round 994 (Div. 2)
snneteynoewvewvewvuvu,1346,1343,-3,5202,2049,Codeforces Round 994 (Div. 2)
763307575Aa,1284,1297,13,5202,2049,Codeforces Round 994 (Div. 2)
samyakjain677,1308,1315,7,5202,2049,Codeforces Round 994 (Div. 2)
akhil2811,1442,1415,-27,5202,2049,Codeforces Round 994 (Div. 2)
lorapim4,1138,1193,55,5202,2049,Codeforces Round 994 (Div. 2)
uday51,1415,1395,-20,5211,2049,Codeforces Round 994 (Div. 2)
__hsn__,1299,1308,9,5211,2049,Codeforces Round 994 (Div. 2)
rhanyu,1092,1162,70,5211,2049,Codeforces Round 994 (Div. 2)
kushwanth_sistu,1434,1409,-25,5211,2049,Codeforces Round 994 (Div. 2)
aitijhya_modak,1489,1451,-38,5211,2049,Codeforces Round 994 (Div. 2)
shafkatislam.14,1105,1171,66,5211,2049,Codeforces Round 994 (Div. 2)
Io_Vinci,1465,1433,-32,5211,2049,Codeforces Round 994 (Div. 2)
swaymbhu,1285,1298,13,5218,2049,Codeforces Round 994 (Div. 2)
AryFox,976,1085,109,5218,2049,Codeforces Round 994 (Div. 2)
karangupta98335,1182,1224,42,5218,2049,Codeforces Round 994 (Div. 2)
shwetanshusinha13,1102,1168,66,5218,2049,Codeforces Round 994 (Div. 2)
V_Sathvik_Reddy,464,806,342,5218,2049,Codeforces Round 994 (Div. 2)
welken,1190,1265,75,5218,2049,Codeforces Round 994 (Div. 2)
Adhoc,1498,1457,-41,5218,2049,Codeforces Round 994 (Div. 2)
Pawan_gupta,851,1008,157,5218,2049,Codeforces Round 994 (Div. 2)
nikunj233,1212,1245,33,5218,2049,Codeforces Round 994 (Div. 2)
Sai_Sathwik_19,397,756,359,5227,2049,Codeforces Round 994 (Div. 2)
hanchebj,1070,1210,140,5227,2049,Codeforces Round 994 (Div. 2)
yang_wei,1205,1240,35,5227,2049,Codeforces Round 994 (Div. 2)
jbhayet,1195,1233,38,5227,2049,Codeforces Round 994 (Div. 2)
red.eye,931,1104,173,5231,2049,Codeforces Round 994 (Div. 2)
Danimora,1518,1473,-45,5231,2049,Codeforces Round 994 (Div. 2)
_lakshita_,1102,1168,66,5231,2049,Codeforces Round 994 (Div. 2)
sparsh__03,1450,1421,-29,5231,2049,Codeforces Round 994 (Div. 2)
Time__less,1485,1486,1,5231,2049,Codeforces Round 994 (Div. 2)
RaghavSingla,1326,1328,2,5231,2049,Codeforces Round 994 (Div. 2)
TH3YW3,1722,1630,-92,5231,2049,Codeforces Round 994 (Div. 2)
chotonbarmon3,1223,1253,30,5231,2049,Codeforces Round 994 (Div. 2)
priyansh_0901,1450,1421,-29,5239,2049,Codeforces Round 994 (Div. 2)
yutaoJiang,0,486,486,5239,2049,Codeforces Round 994 (Div. 2)
R.i.s.h.i_99,1136,1191,55,5239,2049,Codeforces Round 994 (Div. 2)
Utkarsh.iitkgp,1342,1339,-3,5239,2049,Codeforces Round 994 (Div. 2)
mahirj23,1388,1373,-15,5239,2049,Codeforces Round 994 (Div. 2)
opop1omar,1337,1336,-1,5239,2049,Codeforces Round 994 (Div. 2)
Yash_S_B,1389,1374,-15,5239,2049,Codeforces Round 994 (Div. 2)
Teckza,1469,1435,-34,5239,2049,Codeforces Round 994 (Div. 2)
samDong,1561,1505,-56,5247,2049,Codeforces Round 994 (Div. 2)
BinaryNinjas,592,902,310,5247,2049,Codeforces Round 994 (Div. 2)
Ronnie212,1362,1354,-8,5247,2049,Codeforces Round 994 (Div. 2)
StrongerInChaos,1514,1469,-45,5247,2049,Codeforces Round 994 (Div. 2)
ashwin_codes,391,751,360,5247,2049,Codeforces Round 994 (Div. 2)
kekebukeko,474,813,339,5247,2049,Codeforces Round 994 (Div. 2)
testingbot123,1237,1262,25,5247,2049,Codeforces Round 994 (Div. 2)
punya_chadha,1142,1195,53,5247,2049,Codeforces Round 994 (Div. 2)
subconsciousmind1,1155,1205,50,5247,2049,Codeforces Round 994 (Div. 2)
Stargazer_jeet,1100,1166,66,5247,2049,Codeforces Round 994 (Div. 2)
Rishikesh_,1027,1117,90,5257,2049,Codeforces Round 994 (Div. 2)
patilkalash33,1235,1260,25,5257,2049,Codeforces Round 994 (Div. 2)
manan_777,1405,1386,-19,5257,2049,Codeforces Round 994 (Div. 2)
virat1906,1657,1579,-78,5257,2049,Codeforces Round 994 (Div. 2)
Depressed_BoyHADI,1133,1189,56,5257,2049,Codeforces Round 994 (Div. 2)
Ansh_Agrawal5,388,749,361,5257,2049,Codeforces Round 994 (Div. 2)
sun-goku,1125,1183,58,5257,2049,Codeforces Round 994 (Div. 2)
Shuvo2023,1161,1208,47,5257,2049,Codeforces Round 994 (Div. 2)
fggg,1295,1304,9,5265,2049,Codeforces Round 994 (Div. 2)
rohit738,1211,1243,32,5265,2049,Codeforces Round 994 (Div. 2)
kanavchoudhary.ind,1296,1305,9,5265,2049,Codeforces Round 994 (Div. 2)
arpan_patel,1429,1404,-25,5265,2049,Codeforces Round 994 (Div. 2)
Baby_oil,1139,1193,54,5269,2049,Codeforces Round 994 (Div. 2)
vaibhav245,1308,1313,5,5269,2049,Codeforces Round 994 (Div. 2)
Shohanur_1603020,1478,1441,-37,5269,2049,Codeforces Round 994 (Div. 2)
ThePeak,1723,1631,-92,5269,2049,Codeforces Round 994 (Div. 2)
Subhankar744,1248,1270,22,5269,2049,Codeforces Round 994 (Div. 2)
kubayaxi,1175,1218,43,5269,2049,Codeforces Round 994 (Div. 2)
anushka_777,1078,1151,73,5269,2049,Codeforces Round 994 (Div. 2)
Shnatan,1554,1499,-55,5269,2049,Codeforces Round 994 (Div. 2)
adarsh.kumariitbhu,1487,1448,-39,5269,2049,Codeforces Round 994 (Div. 2)
thtuan108,1143,1230,87,5269,2049,Codeforces Round 994 (Div. 2)
HooinKy0ma,1566,1509,-57,5269,2049,Codeforces Round 994 (Div. 2)
el_nino_la_nina,734,996,262,5280,2049,Codeforces Round 994 (Div. 2)
MrLeast,1280,1293,13,5280,2049,Codeforces Round 994 (Div. 2)
xu-yiming,1236,1261,25,5280,2049,Codeforces Round 994 (Div. 2)
Krritin,1157,1205,48,5280,2049,Codeforces Round 994 (Div. 2)
__Mahatab,945,1064,119,5280,2049,Codeforces Round 994 (Div. 2)
_shanks_7,1142,1195,53,5280,2049,Codeforces Round 994 (Div. 2)
Unknown_rebound,1285,1296,11,5286,2049,Codeforces Round 994 (Div. 2)
Itzvikas,848,1049,201,5286,2049,Codeforces Round 994 (Div. 2)
Likhit_Bhogadi,1250,1271,21,5286,2049,Codeforces Round 994 (Div. 2)
dialectic_,1500,1496,-4,5286,2049,Codeforces Round 994 (Div. 2)
ggarabs,1190,1228,38,5286,2049,Codeforces Round 994 (Div. 2)
7plus6,1311,1315,4,5286,2049,Codeforces Round 994 (Div. 2)
yash.jindal,653,937,284,5292,2049,Codeforces Round 994 (Div. 2)
toorisk,1135,1189,54,5292,2049,Codeforces Round 994 (Div. 2)
yassin_samir,660,942,282,5292,2049,Codeforces Round 994 (Div. 2)
piyush___singhal,1103,1167,64,5292,2049,Codeforces Round 994 (Div. 2)
thisisaro,1267,1283,16,5292,2049,Codeforces Round 994 (Div. 2)
rahmanmehraj627,1404,1385,-19,5292,2049,Codeforces Round 994 (Div. 2)
codrac,1347,1342,-5,5292,2049,Codeforces Round 994 (Div. 2)
donpaul2718,1537,1486,-51,5292,2049,Codeforces Round 994 (Div. 2)
AntheaFlourish,1153,1259,106,5292,2049,Codeforces Round 994 (Div. 2)
chi_hiro,1239,1263,24,5292,2049,Codeforces Round 994 (Div. 2)
deepak021,1082,1153,71,5302,2049,Codeforces Round 994 (Div. 2)
_moonknight_,1168,1212,44,5302,2049,Codeforces Round 994 (Div. 2)
gamezovladislav,1386,1371,-15,5302,2049,Codeforces Round 994 (Div. 2)
im_poli,1575,1515,-60,5302,2049,Codeforces Round 994 (Div. 2)
phantomphreak96,1522,1474,-48,5302,2049,Codeforces Round 994 (Div. 2)
winterarc,420,772,352,5302,2049,Codeforces Round 994 (Div. 2)
TheTakibKhan,1257,1276,19,5302,2049,Codeforces Round 994 (Div. 2)
shaogy,1423,1399,-24,5309,2049,Codeforces Round 994 (Div. 2)
Wanderer_Tanishq,720,985,265,5309,2049,Codeforces Round 994 (Div. 2)
Gold_Fridge,1418,1395,-23,5309,2049,Codeforces Round 994 (Div. 2)
nidhichaudhary2002,980,1085,105,5309,2049,Codeforces Round 994 (Div. 2)
xtter,922,1100,178,5309,2049,Codeforces Round 994 (Div. 2)
Dormon,1204,1237,33,5309,2049,Codeforces Round 994 (Div. 2)
saiyam_k,1252,1272,20,5309,2049,Codeforces Round 994 (Div. 2)
Sabbir.Hasan,1537,1486,-51,5309,2049,Codeforces Round 994 (Div. 2)
SuPerMaCyboom,1407,1387,-20,5309,2049,Codeforces Round 994 (Div. 2)
Slingshot,1447,1417,-30,5309,2049,Codeforces Round 994 (Div. 2)
GabrielMoura,1266,1282,16,5309,2049,Codeforces Round 994 (Div. 2)
Mankirat_Singh,1319,1321,2,5320,2049,Codeforces Round 994 (Div. 2)
paarth_kaushik,1213,1244,31,5320,2049,Codeforces Round 994 (Div. 2)
Okletscodenowabhi,1287,1297,10,5320,2049,Codeforces Round 994 (Div. 2)
ILikeHerculePoirot,993,1144,151,5320,2049,Codeforces Round 994 (Div. 2)
abhaygarg354,985,1089,104,5320,2049,Codeforces Round 994 (Div. 2)
EL-OSTA,1099,1164,65,5320,2049,Codeforces Round 994 (Div. 2)
nineforeleven,1348,1342,-6,5320,2049,Codeforces Round 994 (Div. 2)
Philomath_2723,1418,1395,-23,5320,2049,Codeforces Round 994 (Div. 2)
code_tal,1425,1400,-25,5328,2049,Codeforces Round 994 (Div. 2)
STGWinteam,1014,1107,93,5328,2049,Codeforces Round 994 (Div. 2)
Valar_Codeghulis,1074,1147,73,5328,2049,Codeforces Round 994 (Div. 2)
schrolemons,1463,1429,-34,5328,2049,Codeforces Round 994 (Div. 2)
theRealSublimeTextLover,1197,1232,35,5328,2049,Codeforces Round 994 (Div. 2)
_arbaj196,1327,1326,-1,5328,2049,Codeforces Round 994 (Div. 2)
aBhiLASH,1266,1282,16,5328,2049,Codeforces Round 994 (Div. 2)
Sparker_7242,1498,1456,-42,5328,2049,Codeforces Round 994 (Div. 2)
h.j.b.r.l,1366,1356,-10,5336,2049,Codeforces Round 994 (Div. 2)
grishmak,1452,1420,-32,5336,2049,Codeforces Round 994 (Div. 2)
anjurao,955,1069,114,5336,2049,Codeforces Round 994 (Div. 2)
MohmedGado_255,1077,1149,72,5339,2049,Codeforces Round 994 (Div. 2)
vdsathvikreddy,1297,1304,7,5339,2049,Codeforces Round 994 (Div. 2)
SUNG_JIN,1440,1412,-28,5339,2049,Codeforces Round 994 (Div. 2)
ARISE,1492,1451,-41,5339,2049,Codeforces Round 994 (Div. 2)
Vansh_Rana,1199,1233,34,5339,2049,Codeforces Round 994 (Div. 2)
King-Brand,1133,1256,123,5339,2049,Codeforces Round 994 (Div. 2)
Angelo91,1427,1401,-26,5345,2049,Codeforces Round 994 (Div. 2)
prasannakasar,1059,1137,78,5345,2049,Codeforces Round 994 (Div. 2)
pathOfLight,891,1029,138,5345,2049,Codeforces Round 994 (Div. 2)
warlockmj20,1366,1355,-11,5345,2049,Codeforces Round 994 (Div. 2)
pandeyprakash9826,1312,1315,3,5349,2049,Codeforces Round 994 (Div. 2)
DevangT,1308,1312,4,5349,2049,Codeforces Round 994 (Div. 2)
Alex0x0,1292,1300,8,5349,2049,Codeforces Round 994 (Div. 2)
Liooow,1429,1403,-26,5349,2049,Codeforces Round 994 (Div. 2)
samvidpundir799,1398,1379,-19,5349,2049,Codeforces Round 994 (Div. 2)
Sagnik_121,1339,1335,-4,5349,2049,Codeforces Round 994 (Div. 2)
tonystark31072001,1257,1275,18,5349,2049,Codeforces Round 994 (Div. 2)
Mr_Coder7,1457,1424,-33,5349,2049,Codeforces Round 994 (Div. 2)
LeonPranav,866,1060,194,5349,2049,Codeforces Round 994 (Div. 2)
ayush99336,985,1088,103,5358,2049,Codeforces Round 994 (Div. 2)
Mistep,1363,1353,-10,5358,2049,Codeforces Round 994 (Div. 2)
unifer,1020,1171,151,5358,2049,Codeforces Round 994 (Div. 2)
Le_Louch007,1213,1243,30,5358,2049,Codeforces Round 994 (Div. 2)
mew_may_lay_lay,1515,1468,-47,5358,2049,Codeforces Round 994 (Div. 2)
asdfghjkl_12345,1573,1513,-60,5358,2049,Codeforces Round 994 (Div. 2)
devanshmishra111,1493,1451,-42,5364,2049,Codeforces Round 994 (Div. 2)
RaghuRam1233,1139,1191,52,5364,2049,Codeforces Round 994 (Div. 2)
Shivansh_24,1037,1121,84,5364,2049,Codeforces Round 994 (Div. 2)
expertcoderhk,1766,1663,-103,5364,2049,Codeforces Round 994 (Div. 2)
Deepraj_emc,1170,1212,42,5364,2049,Codeforces Round 994 (Div. 2)
vaishu2876,952,1120,168,5364,2049,Codeforces Round 994 (Div. 2)
ketan_k_j,1311,1314,3,5364,2049,Codeforces Round 994 (Div. 2)
N_gel,1265,1280,15,5364,2049,Codeforces Round 994 (Div. 2)
EidPurrCoder,1098,1162,64,5372,2049,Codeforces Round 994 (Div. 2)
_skadooshh_,1248,1268,20,5372,2049,Codeforces Round 994 (Div. 2)
hehe_123,1277,1289,12,5372,2049,Codeforces Round 994 (Div. 2)
Afruja_Afrin,1449,1417,-32,5372,2049,Codeforces Round 994 (Div. 2)
tac_o_cat,1309,1312,3,5372,2049,Codeforces Round 994 (Div. 2)
Aakash__G970,1203,1235,32,5372,2049,Codeforces Round 994 (Div. 2)
eugalt,1095,1160,65,5372,2049,Codeforces Round 994 (Div. 2)
MUZI_TAT,1256,1310,54,5372,2049,Codeforces Round 994 (Div. 2)
ninjacoder2209,1765,1662,-103,5380,2049,Codeforces Round 994 (Div. 2)
im_Vignan,1319,1319,0,5380,2049,Codeforces Round 994 (Div. 2)
Pak1u,1165,1244,79,5380,2049,Codeforces Round 994 (Div. 2)
pshenikita,1122,1178,56,5380,2049,Codeforces Round 994 (Div. 2)
Bingle_Bing,1505,1460,-45,5380,2049,Codeforces Round 994 (Div. 2)
Dreamer_42,0,483,483,5380,2049,Codeforces Round 994 (Div. 2)
SKM,1550,1494,-56,5380,2049,Codeforces Round 994 (Div. 2)
mmodi1610,1138,1247,109,5380,2049,Codeforces Round 994 (Div. 2)
Mehryad,1203,1235,32,5380,2049,Codeforces Round 994 (Div. 2)
tourist9276,1115,1230,115,5380,2049,Codeforces Round 994 (Div. 2)
roychuang,0,483,483,5390,2049,Codeforces Round 994 (Div. 2)
shivam2301,897,1081,184,5390,2049,Codeforces Round 994 (Div. 2)
supernove,1341,1336,-5,5390,2049,Codeforces Round 994 (Div. 2)
l_a_l_u1234,1488,1447,-41,5390,2049,Codeforces Round 994 (Div. 2)
ashu_2211,1615,1545,-70,5390,2049,Codeforces Round 994 (Div. 2)
nibbaop,515,841,326,5390,2049,Codeforces Round 994 (Div. 2)
jkraj903,1094,1159,65,5390,2049,Codeforces Round 994 (Div. 2)
mulyam13986,1742,1644,-98,5397,2049,Codeforces Round 994 (Div. 2)
Ihsan_Tamim,1106,1167,61,5397,2049,Codeforces Round 994 (Div. 2)
catci142,1242,1263,21,5397,2049,Codeforces Round 994 (Div. 2)
dvyh,1460,1425,-35,5397,2049,Codeforces Round 994 (Div. 2)
aryamahendraker,1485,1444,-41,5397,2049,Codeforces Round 994 (Div. 2)
Om_dingdong,1241,1262,21,5397,2049,Codeforces Round 994 (Div. 2)
SeannH,1668,1586,-82,5397,2049,Codeforces Round 994 (Div. 2)
mihamag,1451,1419,-32,5397,2049,Codeforces Round 994 (Div. 2)
rick_morty_spwan,1085,1208,123,5405,2049,Codeforces Round 994 (Div. 2)
lonewolf15,1202,1234,32,5405,2049,Codeforces Round 994 (Div. 2)
Discens,1274,1286,12,5405,2049,Codeforces Round 994 (Div. 2)
littlebear_XBT,1466,1429,-37,5405,2049,Codeforces Round 994 (Div. 2)
Krish_mittal,1054,1132,78,5405,2049,Codeforces Round 994 (Div. 2)
harshchy2210,808,1048,240,5405,2049,Codeforces Round 994 (Div. 2)
chetan3327,1164,1207,43,5405,2049,Codeforces Round 994 (Div. 2)
Dragos__1,1220,1247,27,5405,2049,Codeforces Round 994 (Div. 2)
kapillohani023,1252,1270,18,5405,2049,Codeforces Round 994 (Div. 2)
phamkhanhminh220309,1211,1300,89,5405,2049,Codeforces Round 994 (Div. 2)
GOD_VIPUL,1400,1380,-20,5415,2049,Codeforces Round 994 (Div. 2)
blazevfx,1148,1196,48,5415,2049,Codeforces Round 994 (Div. 2)
devkothiya,1298,1304,6,5415,2049,Codeforces Round 994 (Div. 2)
Ndot,0,483,483,5415,2049,Codeforces Round 994 (Div. 2)
Emailam,1657,1576,-81,5415,2049,Codeforces Round 994 (Div. 2)
Fuehrer7,1355,1345,-10,5415,2049,Codeforces Round 994 (Div. 2)
asdfgh0986,1259,1275,16,5415,2049,Codeforces Round 994 (Div. 2)
danger_24,1331,1328,-3,5415,2049,Codeforces Round 994 (Div. 2)
Sidd_Anand,1441,1411,-30,5415,2049,Codeforces Round 994 (Div. 2)
renmq,1397,1377,-20,5415,2049,Codeforces Round 994 (Div. 2)
yjojdkgk5bp,1622,1549,-73,5415,2049,Codeforces Round 994 (Div. 2)
Eckry,1119,1210,91,5426,2049,Codeforces Round 994 (Div. 2)
krishnaverma,1333,1329,-4,5426,2049,Codeforces Round 994 (Div. 2)
google_1234,1244,1264,20,5428,2049,Codeforces Round 994 (Div. 2)
notacallforhelp,1233,1256,23,5428,2049,Codeforces Round 994 (Div. 2)
sai_swaroop8656,915,1042,127,5428,2049,Codeforces Round 994 (Div. 2)
tukiTuki011,899,1032,133,5428,2049,Codeforces Round 994 (Div. 2)
Mohammed84Farouk,1481,1441,-40,5428,2049,Codeforces Round 994 (Div. 2)
sweet007,1330,1327,-3,5428,2049,Codeforces Round 994 (Div. 2)
iska_terminator,1215,1243,28,5428,2049,Codeforces Round 994 (Div. 2)
mohitmodi1601,1092,1157,65,5428,2049,Codeforces Round 994 (Div. 2)
yzy123443,1308,1310,2,5428,2049,Codeforces Round 994 (Div. 2)
tech_Boy,1167,1208,41,5428,2049,Codeforces Round 994 (Div. 2)
vansh118,1158,1202,44,5438,2049,Codeforces Round 994 (Div. 2)
maorui,1213,1241,28,5438,2049,Codeforces Round 994 (Div. 2)
1_shivam,1153,1199,46,5438,2049,Codeforces Round 994 (Div. 2)
MayankGaurav,463,801,338,5438,2049,Codeforces Round 994 (Div. 2)
anshswaroop14,1454,1420,-34,5438,2049,Codeforces Round 994 (Div. 2)
likely-shayan,1001,1096,95,5438,2049,Codeforces Round 994 (Div. 2)
cheris0917,1145,1193,48,5444,2049,Codeforces Round 994 (Div. 2)
white_two,1369,1355,-14,5444,2049,Codeforces Round 994 (Div. 2)
priyanshumanit23singh,938,1104,166,5444,2049,Codeforces Round 994 (Div. 2)
zhnrlv,1581,1518,-63,5444,2049,Codeforces Round 994 (Div. 2)
sairaj2k05,1371,1357,-14,5444,2049,Codeforces Round 994 (Div. 2)
Selvaragavan_C,1201,1232,31,5444,2049,Codeforces Round 994 (Div. 2)
namanagarwal578,1520,1470,-50,5444,2049,Codeforces Round 994 (Div. 2)
confirgante,1241,1261,20,5444,2049,Codeforces Round 994 (Div. 2)
SamiaShareen,1180,1218,38,5444,2049,Codeforces Round 994 (Div. 2)
Harsh_M_T,995,1092,97,5444,2049,Codeforces Round 994 (Div. 2)
koward14,1333,1328,-5,5454,2049,Codeforces Round 994 (Div. 2)
ambaliyasho2004,1209,1238,29,5454,2049,Codeforces Round 994 (Div. 2)
_PD_,1297,1302,5,5454,2049,Codeforces Round 994 (Div. 2)
mahathi_reddy,996,1092,96,5454,2049,Codeforces Round 994 (Div. 2)
RishabhXHecker,1254,1270,16,5454,2049,Codeforces Round 994 (Div. 2)
SeyedAmirHs00,1517,1468,-49,5454,2049,Codeforces Round 994 (Div. 2)
soheil4,1337,1331,-6,5454,2049,Codeforces Round 994 (Div. 2)
takeonicky,1519,1469,-50,5454,2049,Codeforces Round 994 (Div. 2)
Mynamic,1372,1357,-15,5462,2049,Codeforces Round 994 (Div. 2)
durga_7,1234,1256,22,5462,2049,Codeforces Round 994 (Div. 2)
Ahmad_Hb,1233,1255,22,5462,2049,Codeforces Round 994 (Div. 2)
Pathak.S,1393,1373,-20,5462,2049,Codeforces Round 994 (Div. 2)
Sowad232,866,1011,145,5462,2049,Codeforces Round 994 (Div. 2)
Fojlerabbi39,670,946,276,5462,2049,Codeforces Round 994 (Div. 2)
theyashwairagade,1266,1279,13,5462,2049,Codeforces Round 994 (Div. 2)
__panda__,1618,1546,-72,5462,2049,Codeforces Round 994 (Div. 2)
arora.nakul2004,1153,1198,45,5462,2049,Codeforces Round 994 (Div. 2)
Kavya.2005,1039,1120,81,5462,2049,Codeforces Round 994 (Div. 2)
tanvir50198,733,933,200,5462,2049,Codeforces Round 994 (Div. 2)
RajeevSingh24,948,1061,113,5462,2049,Codeforces Round 994 (Div. 2)
Squittal,864,1056,192,5474,2049,Codeforces Round 994 (Div. 2)
Hrishikesh1107,1564,1504,-60,5474,2049,Codeforces Round 994 (Div. 2)
believer_285,1236,1257,21,5474,2049,Codeforces Round 994 (Div. 2)
namredips7,1547,1491,-56,5474,2049,Codeforces Round 994 (Div. 2)
SojibSD,1069,1141,72,5474,2049,Codeforces Round 994 (Div. 2)
BackNo.01,837,1037,200,5474,2049,Codeforces Round 994 (Div. 2)
eadr5334,1571,1509,-62,5474,2049,Codeforces Round 994 (Div. 2)
ritton,1130,1182,52,5474,2049,Codeforces Round 994 (Div. 2)
Ansh_007,1371,1356,-15,5482,2049,Codeforces Round 994 (Div. 2)
Parth_3406,1227,1250,23,5482,2049,Codeforces Round 994 (Div. 2)
nem,1528,1476,-52,5482,2049,Codeforces Round 994 (Div. 2)
Bakytz7zaN,1132,1183,51,5482,2049,Codeforces Round 994 (Div. 2)
Sp3cTer,1309,1310,1,5482,2049,Codeforces Round 994 (Div. 2)
Ahmad400,1071,1141,70,5482,2049,Codeforces Round 994 (Div. 2)
RP_21,1394,1374,-20,5482,2049,Codeforces Round 994 (Div. 2)
disconventional,750,1003,253,5489,2049,Codeforces Round 994 (Div. 2)
Termiinator,1339,1332,-7,5489,2049,Codeforces Round 994 (Div. 2)
wuxinlong,0,482,482,5489,2049,Codeforces Round 994 (Div. 2)
Shravan6398,1316,1315,-1,5489,2049,Codeforces Round 994 (Div. 2)
SIDHant_sin,1303,1306,3,5489,2049,Codeforces Round 994 (Div. 2)
amibatman,502,830,328,5489,2049,Codeforces Round 994 (Div. 2)
vusal,1178,1215,37,5489,2049,Codeforces Round 994 (Div. 2)
Haciyev123,1283,1291,8,5496,2049,Codeforces Round 994 (Div. 2)
RePoh,1157,1200,43,5496,2049,Codeforces Round 994 (Div. 2)
SushiWithAchaar,988,1119,131,5496,2049,Codeforces Round 994 (Div. 2)
jubair7,1153,1197,44,5496,2049,Codeforces Round 994 (Div. 2)
arorapranav_,1087,1152,65,5496,2049,Codeforces Round 994 (Div. 2)
perseus999,1198,1229,31,5496,2049,Codeforces Round 994 (Div. 2)
Rinker,1246,1264,18,5496,2049,Codeforces Round 994 (Div. 2)
fggggsdf,926,1047,121,5496,2049,Codeforces Round 994 (Div. 2)
VaibhavVarshney,1089,1154,65,5496,2049,Codeforces Round 994 (Div. 2)
abhinavsmile9,989,1087,98,5496,2049,Codeforces Round 994 (Div. 2)
hector.mesa,465,801,336,5496,2049,Codeforces Round 994 (Div. 2)
Devanshm23,1255,1270,15,5507,2049,Codeforces Round 994 (Div. 2)
Shadow_walker9170,1361,1348,-13,5507,2049,Codeforces Round 994 (Div. 2)
srikantbarai,1063,1136,73,5507,2049,Codeforces Round 994 (Div. 2)
manas06,1146,1192,46,5507,2049,Codeforces Round 994 (Div. 2)
SprodigyCoder,1269,1280,11,5511,2049,Codeforces Round 994 (Div. 2)
i_want_to_sleep,1485,1442,-43,5511,2049,Codeforces Round 994 (Div. 2)
yoonsica,1221,1245,24,5511,2049,Codeforces Round 994 (Div. 2)
LoserDuckFailInLove,1187,1257,70,5511,2049,Codeforces Round 994 (Div. 2)
elonmusky075,844,1027,183,5511,2049,Codeforces Round 994 (Div. 2)
samved58117,1061,1168,107,5511,2049,Codeforces Round 994 (Div. 2)
surajkrr,1311,1311,0,5511,2049,Codeforces Round 994 (Div. 2)
70Gaurav61,1070,1140,70,5511,2049,Codeforces Round 994 (Div. 2)
xenon314159,1213,1240,27,5511,2049,Codeforces Round 994 (Div. 2)
khun_,1092,1155,63,5520,2049,Codeforces Round 994 (Div. 2)
ishibashijun,1253,1268,15,5520,2049,Codeforces Round 994 (Div. 2)
aminoscheddadi10,1103,1162,59,5520,2049,Codeforces Round 994 (Div. 2)
s_u_nt,1117,1172,55,5520,2049,Codeforces Round 994 (Div. 2)
fibbonugget,1302,1304,2,5520,2049,Codeforces Round 994 (Div. 2)
lifetimes0721,1096,1213,117,5520,2049,Codeforces Round 994 (Div. 2)
Al_Faiaj_Anon,1108,1166,58,5526,2049,Codeforces Round 994 (Div. 2)
m_e_dk,1229,1251,22,5526,2049,Codeforces Round 994 (Div. 2)
Moaz_Ragab1,1342,1334,-8,5526,2049,Codeforces Round 994 (Div. 2)
aaditya2603,1347,1337,-10,5526,2049,Codeforces Round 994 (Div. 2)
azapro179,1212,1239,27,5526,2049,Codeforces Round 994 (Div. 2)
anisharma081104,1027,1111,84,5526,2049,Codeforces Round 994 (Div. 2)
jiankiyo,1062,1135,73,5526,2049,Codeforces Round 994 (Div. 2)
Upamanyu_Phukan,1105,1163,58,5526,2049,Codeforces Round 994 (Div. 2)
vasaniyakush,1199,1230,31,5526,2049,Codeforces Round 994 (Div. 2)
EdL,1267,1278,11,5526,2049,Codeforces Round 994 (Div. 2)
Silent_Ayanokoji,1076,1144,68,5526,2049,Codeforces Round 994 (Div. 2)
shreyansh.kumar,1116,1171,55,5526,2049,Codeforces Round 994 (Div. 2)
Light.3108,1463,1425,-38,5526,2049,Codeforces Round 994 (Div. 2)
LuckyFan,1079,1212,133,5539,2049,Codeforces Round 994 (Div. 2)
Riya_Chaudhry,1242,1260,18,5539,2049,Codeforces Round 994 (Div. 2)
Shinchan12,1326,1322,-4,5539,2049,Codeforces Round 994 (Div. 2)
zaber30,1118,1172,54,5539,2049,Codeforces Round 994 (Div. 2)
priyanshu234e,1256,1270,14,5539,2049,Codeforces Round 994 (Div. 2)
pppyl,1152,1196,44,5544,2049,Codeforces Round 994 (Div. 2)
jag_3548,1341,1333,-8,5544,2049,Codeforces Round 994 (Div. 2)
zhangyuanjun,1024,1170,146,5544,2049,Codeforces Round 994 (Div. 2)
ShunsuiKyoraku,1183,1277,94,5544,2049,Codeforces Round 994 (Div. 2)
m30VV,1276,1285,9,5548,2049,Codeforces Round 994 (Div. 2)
Sakuya_maid_fan,572,882,310,5548,2049,Codeforces Round 994 (Div. 2)
-_-SamarthGupta-_-,1423,1395,-28,5548,2049,Codeforces Round 994 (Div. 2)
ShauryaH4X,1075,1143,68,5548,2049,Codeforces Round 994 (Div. 2)
akohj,1423,1395,-28,5548,2049,Codeforces Round 994 (Div. 2)
Tarang_Agrawal,1521,1469,-52,5548,2049,Codeforces Round 994 (Div. 2)
SURU_SRI_MUKHESH,1400,1377,-23,5548,2049,Codeforces Round 994 (Div. 2)
aniket_bisht2003,1171,1209,38,5555,2049,Codeforces Round 994 (Div. 2)
welcometohoms,1266,1277,11,5555,2049,Codeforces Round 994 (Div. 2)
KayserX,1365,1350,-15,5555,2049,Codeforces Round 994 (Div. 2)
revanthgsr,842,1039,197,5555,2049,Codeforces Round 994 (Div. 2)
gourav_27,1115,1170,55,5555,2049,Codeforces Round 994 (Div. 2)
yoCandy,1168,1207,39,5555,2049,Codeforces Round 994 (Div. 2)
VIKRANTH_RAM,1112,1168,56,5561,2049,Codeforces Round 994 (Div. 2)
xxxSEDOYxxx,1627,1551,-76,5561,2049,Codeforces Round 994 (Div. 2)
YouKnowWhat,1338,1330,-8,5561,2049,Codeforces Round 994 (Div. 2)
AoiDonguri,1304,1305,1,5561,2049,Codeforces Round 994 (Div. 2)
wangshihai,1267,1314,47,5561,2049,Codeforces Round 994 (Div. 2)
tanayiphone6sse,1051,1126,75,5561,2049,Codeforces Round 994 (Div. 2)
algoridam61,1253,1304,51,5561,2049,Codeforces Round 994 (Div. 2)
anshumangarg,401,753,352,5561,2049,Codeforces Round 994 (Div. 2)
Somosree,830,986,156,5561,2049,Codeforces Round 994 (Div. 2)
Gianamtong0502,1141,1188,47,5561,2049,Codeforces Round 994 (Div. 2)
dasap,1130,1180,50,5571,2049,Codeforces Round 994 (Div. 2)
m.madhav123456789,1192,1224,32,5571,2049,Codeforces Round 994 (Div. 2)
DhruvS2209,1114,1169,55,5571,2049,Codeforces Round 994 (Div. 2)
y_a_s,1445,1411,-34,5571,2049,Codeforces Round 994 (Div. 2)
akshat_ansh,854,1046,192,5571,2049,Codeforces Round 994 (Div. 2)
harshg_005,1026,1109,83,5571,2049,Codeforces Round 994 (Div. 2)
D.daflamingo,435,777,342,5571,2049,Codeforces Round 994 (Div. 2)
Sameed-Rais,0,480,480,5571,2049,Codeforces Round 994 (Div. 2)
raj_vardhan06,1341,1332,-9,5571,2049,Codeforces Round 994 (Div. 2)
shrubs,1151,1252,101,5571,2049,Codeforces Round 994 (Div. 2)
krushikesh,1176,1212,36,5571,2049,Codeforces Round 994 (Div. 2)
prathvik0912,1428,1398,-30,5571,2049,Codeforces Round 994 (Div. 2)
Ph_oenix_,0,480,480,5571,2049,Codeforces Round 994 (Div. 2)
akschanshrai04,1198,1228,30,5571,2049,Codeforces Round 994 (Div. 2)
gauravkrgupta0954,1377,1359,-18,5571,2049,Codeforces Round 994 (Div. 2)
Pronoy_Deb,1243,1260,17,5571,2049,Codeforces Round 994 (Div. 2)
dinhvietcuong,1401,1377,-24,5571,2049,Codeforces Round 994 (Div. 2)
bharath_23,1149,1193,44,5588,2049,Codeforces Round 994 (Div. 2)
ArianKG,1229,1250,21,5588,2049,Codeforces Round 994 (Div. 2)
lblolbl,742,996,254,5588,2049,Codeforces Round 994 (Div. 2)
gangto,1326,1321,-5,5588,2049,Codeforces Round 994 (Div. 2)
surbhi.gaikwad,976,1076,100,5588,2049,Codeforces Round 994 (Div. 2)
rdsm2003,1239,1257,18,5588,2049,Codeforces Round 994 (Div. 2)
ng_jahkhanh39,1422,1393,-29,5588,2049,Codeforces Round 994 (Div. 2)
Icarus___,1132,1180,48,5595,2049,Codeforces Round 994 (Div. 2)
mahak_codes,474,807,333,5595,2049,Codeforces Round 994 (Div. 2)
Polinka27,1250,1265,15,5595,2049,Codeforces Round 994 (Div. 2)
dckjm6,840,1069,229,5595,2049,Codeforces Round 994 (Div. 2)
CMRIT25_21R01A66E5,1000,1092,92,5595,2049,Codeforces Round 994 (Div. 2)
JVgu,872,1011,139,5595,2049,Codeforces Round 994 (Div. 2)
Kevinnnnn,1198,1227,29,5595,2049,Codeforces Round 994 (Div. 2)
AceTaffy812,702,966,264,5595,2049,Codeforces Round 994 (Div. 2)
Darkknight20,1224,1246,22,5603,2049,Codeforces Round 994 (Div. 2)
RNG_BOzi,1083,1147,64,5603,2049,Codeforces Round 994 (Div. 2)
nikele,698,963,265,5603,2049,Codeforces Round 994 (Div. 2)
Hotel,405,755,350,5603,2049,Codeforces Round 994 (Div. 2)
yash_raj_29,1216,1240,24,5603,2049,Codeforces Round 994 (Div. 2)
yuxie,1032,1113,81,5603,2049,Codeforces Round 994 (Div. 2)
kmd_2000,1415,1388,-27,5603,2049,Codeforces Round 994 (Div. 2)
disabled_user,1270,1316,46,5603,2049,Codeforces Round 994 (Div. 2)
ravec,1236,1254,18,5603,2049,Codeforces Round 994 (Div. 2)
kenilsarang96,1477,1435,-42,5612,2049,Codeforces Round 994 (Div. 2)
Sh3rl0ck_H0lm3s,1001,1092,91,5612,2049,Codeforces Round 994 (Div. 2)
Arnab_Bhattacharya,789,961,172,5612,2049,Codeforces Round 994 (Div. 2)
erikpe,1110,1222,112,5612,2049,Codeforces Round 994 (Div. 2)
oleinikowc,1520,1468,-52,5612,2049,Codeforces Round 994 (Div. 2)
T3554R4CT,956,1063,107,5612,2049,Codeforces Round 994 (Div. 2)
Cat_Pummins,1048,1123,75,5618,2049,Codeforces Round 994 (Div. 2)
papersus,1094,1221,127,5618,2049,Codeforces Round 994 (Div. 2)
Advtik,1325,1319,-6,5618,2049,Codeforces Round 994 (Div. 2)
silentsword255,1552,1492,-60,5618,2049,Codeforces Round 994 (Div. 2)
Subham_krr,1525,1471,-54,5618,2049,Codeforces Round 994 (Div. 2)
tanayjain1206,643,923,280,5618,2049,Codeforces Round 994 (Div. 2)
amanraj8848,1086,1149,63,5618,2049,Codeforces Round 994 (Div. 2)
_dk_07_,1337,1328,-9,5618,2049,Codeforces Round 994 (Div. 2)
__AlephNuLL,1639,1559,-80,5618,2049,Codeforces Round 994 (Div. 2)
SleepDeprived_MSK,904,1081,177,5618,2049,Codeforces Round 994 (Div. 2)
ngyijie1116,980,1078,98,5628,2049,Codeforces Round 994 (Div. 2)
Mominul36,811,1015,204,5628,2049,Codeforces Round 994 (Div. 2)
anjaneyasharma,1046,1121,75,5628,2049,Codeforces Round 994 (Div. 2)
really_nice_pants,1159,1199,40,5628,2049,Codeforces Round 994 (Div. 2)
Priyanshu3011,1207,1233,26,5628,2049,Codeforces Round 994 (Div. 2)
iamsafal10,1168,1205,37,5628,2049,Codeforces Round 994 (Div. 2)
onychen,1059,1184,125,5628,2049,Codeforces Round 994 (Div. 2)
julimichi,727,925,198,5628,2049,Codeforces Round 994 (Div. 2)
Ranger_Akash,1191,1221,30,5628,2049,Codeforces Round 994 (Div. 2)
Mrigaank_9,926,1043,117,5628,2049,Codeforces Round 994 (Div. 2)
rohithpurchury12,453,790,337,5628,2049,Codeforces Round 994 (Div. 2)
AlgoKnight1,1055,1128,73,5628,2049,Codeforces Round 994 (Div. 2)
abhay9494,1089,1150,61,5628,2049,Codeforces Round 994 (Div. 2)
Cold_Green_Dragon,1455,1417,-38,5641,2049,Codeforces Round 994 (Div. 2)
ganesh1806,1272,1280,8,5641,2049,Codeforces Round 994 (Div. 2)
nitin_jha,1003,1093,90,5641,2049,Codeforces Round 994 (Div. 2)
selenophilee,1145,1189,44,5641,2049,Codeforces Round 994 (Div. 2)
ntom_ok,1142,1187,45,5645,2049,Codeforces Round 994 (Div. 2)
BalaramanM,1272,1280,8,5645,2049,Codeforces Round 994 (Div. 2)
heisenberg..,1396,1372,-24,5645,2049,Codeforces Round 994 (Div. 2)
glgloryww,467,800,333,5645,2049,Codeforces Round 994 (Div. 2)
jnmk,1214,1274,60,5645,2049,Codeforces Round 994 (Div. 2)
muhil18,1285,1289,4,5645,2049,Codeforces Round 994 (Div. 2)
The-Lone-Shade,1010,1130,120,5645,2049,Codeforces Round 994 (Div. 2)
uj_26,969,1070,101,5645,2049,Codeforces Round 994 (Div. 2)
knob,1401,1376,-25,5653,2049,Codeforces Round 994 (Div. 2)
puru29,1192,1222,30,5653,2049,Codeforces Round 994 (Div. 2)
CST17017,1693,1601,-92,5653,2049,Codeforces Round 994 (Div. 2)
mohitbarnwal,971,1129,158,5653,2049,Codeforces Round 994 (Div. 2)
ArmaanRawatnsut,1224,1245,21,5653,2049,Codeforces Round 994 (Div. 2)
ansh2226,1490,1444,-46,5653,2049,Codeforces Round 994 (Div. 2)
saifulislam14,1192,1222,30,5653,2049,Codeforces Round 994 (Div. 2)
rajsng,1273,1280,7,5653,2049,Codeforces Round 994 (Div. 2)
gaby,1178,1212,34,5661,2049,Codeforces Round 994 (Div. 2)
hslk,1320,1315,-5,5661,2049,Codeforces Round 994 (Div. 2)
mnnit.prakharg,1178,1212,34,5661,2049,Codeforces Round 994 (Div. 2)
tobry,1342,1331,-11,5661,2049,Codeforces Round 994 (Div. 2)
astianya,866,1053,187,5661,2049,Codeforces Round 994 (Div. 2)
alpha4321,654,930,276,5661,2049,Codeforces Round 994 (Div. 2)
AbdullahFarg,1455,1417,-38,5661,2049,Codeforces Round 994 (Div. 2)
masti,1486,1441,-45,5661,2049,Codeforces Round 994 (Div. 2)
sobad,1302,1301,-1,5661,2049,Codeforces Round 994 (Div. 2)
vmffotltka,1336,1326,-10,5670,2049,Codeforces Round 994 (Div. 2)
graas,1102,1158,56,5670,2049,Codeforces Round 994 (Div. 2)
_mohamed_abdo,1435,1401,-34,5670,2049,Codeforces Round 994 (Div. 2)
blah.blah.blah,1422,1392,-30,5670,2049,Codeforces Round 994 (Div. 2)
AdityaGupta16565,1115,1167,52,5670,2049,Codeforces Round 994 (Div. 2)
Haya,1370,1352,-18,5670,2049,Codeforces Round 994 (Div. 2)
espacio,1260,1270,10,5670,2049,Codeforces Round 994 (Div. 2)
anshumaangupta,1200,1227,27,5670,2049,Codeforces Round 994 (Div. 2)
SJ_SJ,1457,1418,-39,5670,2049,Codeforces Round 994 (Div. 2)
fadeelkhan,1162,1200,38,5670,2049,Codeforces Round 994 (Div. 2)
seer_of_c,1089,1149,60,5670,2049,Codeforces Round 994 (Div. 2)
v-kaarti,1083,1145,62,5670,2049,Codeforces Round 994 (Div. 2)
mikeelinoo,0,479,479,5670,2049,Codeforces Round 994 (Div. 2)
TourmaL1ne,1321,1315,-6,5683,2049,Codeforces Round 994 (Div. 2)
sarveshjoshi,1028,1108,80,5683,2049,Codeforces Round 994 (Div. 2)
aryan_gupta_iitg,1260,1270,10,5683,2049,Codeforces Round 994 (Div. 2)
Surtr_4242,1141,1185,44,5683,2049,Codeforces Round 994 (Div. 2)
shaswatk98,1297,1297,0,5683,2049,Codeforces Round 994 (Div. 2)
RIMURU-43,926,1042,116,5683,2049,Codeforces Round 994 (Div. 2)
karanreddy132,956,1061,105,5683,2049,Codeforces Round 994 (Div. 2)
Vimal_S,387,740,353,5683,2049,Codeforces Round 994 (Div. 2)
Hp_11,1547,1487,-60,5683,2049,Codeforces Round 994 (Div. 2)
Afer,1033,1215,182,5692,2049,Codeforces Round 994 (Div. 2)
Aditya_agr,1311,1308,-3,5692,2049,Codeforces Round 994 (Div. 2)
Kollector911,1139,1184,45,5692,2049,Codeforces Round 994 (Div. 2)
noxious_tab,1468,1426,-42,5692,2049,Codeforces Round 994 (Div. 2)
shiwani_shrivastava,1211,1235,24,5692,2049,Codeforces Round 994 (Div. 2)
Phoenix1811,454,789,335,5697,2049,Codeforces Round 994 (Div. 2)
jpr1974,1346,1333,-13,5697,2049,Codeforces Round 994 (Div. 2)
AlienOfMercury,1195,1223,28,5697,2049,Codeforces Round 994 (Div. 2)
Achilles1,1648,1565,-83,5697,2049,Codeforces Round 994 (Div. 2)
_DUCKUP_,1210,1234,24,5697,2049,Codeforces Round 994 (Div. 2)
san9blin,1347,1334,-13,5697,2049,Codeforces Round 994 (Div. 2)
Vishy1111,1611,1536,-75,5697,2049,Codeforces Round 994 (Div. 2)
Stepanov_Ayur,371,728,357,5697,2049,Codeforces Round 994 (Div. 2)
n0zdr1k,460,794,334,5705,2049,Codeforces Round 994 (Div. 2)
adityasaah,1113,1165,52,5705,2049,Codeforces Round 994 (Div. 2)
Rudransh58,1387,1365,-22,5705,2049,Codeforces Round 994 (Div. 2)
vanshkalra,1452,1414,-38,5705,2049,Codeforces Round 994 (Div. 2)
disasterclass,1465,1424,-41,5705,2049,Codeforces Round 994 (Div. 2)
dhruvpansuriya05,1482,1437,-45,5705,2049,Codeforces Round 994 (Div. 2)
_aayushku03,1137,1182,45,5705,2049,Codeforces Round 994 (Div. 2)
LM2357,1319,1313,-6,5712,2049,Codeforces Round 994 (Div. 2)
Maverick_1005,1162,1199,37,5712,2049,Codeforces Round 994 (Div. 2)
ankur_04,1073,1138,65,5712,2049,Codeforces Round 994 (Div. 2)
kingsmaker,1048,1155,107,5715,2049,Codeforces Round 994 (Div. 2)
JFLS_LMH,1295,1295,0,5715,2049,Codeforces Round 994 (Div. 2)
Superionsai,973,1071,98,5715,2049,Codeforces Round 994 (Div. 2)
Tianyu_miao,1213,1235,22,5715,2049,Codeforces Round 994 (Div. 2)
em_name,1557,1495,-62,5715,2049,Codeforces Round 994 (Div. 2)
tan_wan,1275,1280,5,5715,2049,Codeforces Round 994 (Div. 2)
Celloboy,1304,1302,-2,5715,2049,Codeforces Round 994 (Div. 2)
Strange_One,1324,1317,-7,5715,2049,Codeforces Round 994 (Div. 2)
The-Mentalist,1005,1153,148,5715,2049,Codeforces Round 994 (Div. 2)
shin_chan_27,1235,1251,16,5715,2049,Codeforces Round 994 (Div. 2)
biggerKING,1229,1247,18,5715,2049,Codeforces Round 994 (Div. 2)
Hyper_Hari,1026,1106,80,5726,2049,Codeforces Round 994 (Div. 2)
shivansh_07,973,1071,98,5726,2049,Codeforces Round 994 (Div. 2)
seven_mark,1684,1593,-91,5726,2049,Codeforces Round 994 (Div. 2)
_Aniruddhan_,1214,1236,22,5726,2049,Codeforces Round 994 (Div. 2)
goo_l,1286,1288,2,5726,2049,Codeforces Round 994 (Div. 2)
Ayushman1109,1098,1154,56,5726,2049,Codeforces Round 994 (Div. 2)
byte_a.viral13,986,1080,94,5726,2049,Codeforces Round 994 (Div. 2)
shravanjoshi,1092,1150,58,5726,2049,Codeforces Round 994 (Div. 2)
Aryan_64,920,1037,117,5726,2049,Codeforces Round 994 (Div. 2)
amandeep_13,1342,1330,-12,5726,2049,Codeforces Round 994 (Div. 2)
Hirasawaa,1592,1521,-71,5736,2049,Codeforces Round 994 (Div. 2)
shreetsu,1255,1266,11,5736,2049,Codeforces Round 994 (Div. 2)
GeekPeak,1183,1214,31,5738,2049,Codeforces Round 994 (Div. 2)
Awwww,1361,1344,-17,5738,2049,Codeforces Round 994 (Div. 2)
YH_AM-IN,1189,1218,29,5738,2049,Codeforces Round 994 (Div. 2)
Negationist,1415,1385,-30,5738,2049,Codeforces Round 994 (Div. 2)
NandosIsOk,991,1082,91,5738,2049,Codeforces Round 994 (Div. 2)
KUI1729,1240,1291,51,5738,2049,Codeforces Round 994 (Div. 2)
mrigankMIDAS,998,1139,141,5738,2049,Codeforces Round 994 (Div. 2)
FeiYehua,1129,1246,117,5738,2049,Codeforces Round 994 (Div. 2)
fanminghao000,802,1037,235,5738,2049,Codeforces Round 994 (Div. 2)
dhruvchavda1403,961,1063,102,5738,2049,Codeforces Round 994 (Div. 2)
daredevil17,1138,1182,44,5748,2049,Codeforces Round 994 (Div. 2)
Retr0o0,887,1101,214,5748,2049,Codeforces Round 994 (Div. 2)
SarthakCP21,1616,1540,-76,5748,2049,Codeforces Round 994 (Div. 2)
w_SiD24,1025,1105,80,5748,2049,Codeforces Round 994 (Div. 2)
Saptak3315,1631,1551,-80,5748,2049,Codeforces Round 994 (Div. 2)
Kezak,961,1063,102,5753,2049,Codeforces Round 994 (Div. 2)
rasboy,1228,1246,18,5753,2049,Codeforces Round 994 (Div. 2)
Tudor19,1278,1282,4,5753,2049,Codeforces Round 994 (Div. 2)
HetmesAskalana,1241,1255,14,5753,2049,Codeforces Round 994 (Div. 2)
phathuy123,430,770,340,5753,2049,Codeforces Round 994 (Div. 2)
Sanjeet2004,1062,1129,67,5753,2049,Codeforces Round 994 (Div. 2)
vasireddyvenu,1198,1224,26,5753,2049,Codeforces Round 994 (Div. 2)
elseecay,1556,1493,-63,5753,2049,Codeforces Round 994 (Div. 2)
twin_brain,1243,1256,13,5761,2049,Codeforces Round 994 (Div. 2)
Robiul_Islam_,1252,1263,11,5761,2049,Codeforces Round 994 (Div. 2)
a527duonghn,1218,1238,20,5761,2049,Codeforces Round 994 (Div. 2)
JuanCorredor23,1040,1148,108,5761,2049,Codeforces Round 994 (Div. 2)
Ahsan_habib_47th,1412,1383,-29,5761,2049,Codeforces Round 994 (Div. 2)
W0LVeRiNE,1299,1297,-2,5761,2049,Codeforces Round 994 (Div. 2)
_SHAHIN,1589,1518,-71,5767,2049,Codeforces Round 994 (Div. 2)
omkar_p21,700,961,261,5767,2049,Codeforces Round 994 (Div. 2)
ritik240sharma,925,1040,115,5767,2049,Codeforces Round 994 (Div. 2)
GreedForGreed,1167,1202,35,5767,2049,Codeforces Round 994 (Div. 2)
yashasvi231,674,942,268,5767,2049,Codeforces Round 994 (Div. 2)
ShaDiya06,1281,1284,3,5767,2049,Codeforces Round 994 (Div. 2)
bhuvankmr,922,1091,169,5767,2049,Codeforces Round 994 (Div. 2)
ritwik_042,1186,1215,29,5767,2049,Codeforces Round 994 (Div. 2)
Sohel66,838,1064,226,5767,2049,Codeforces Round 994 (Div. 2)
kumardasshankit973,1171,1204,33,5776,2049,Codeforces Round 994 (Div. 2)
manishbarath,1132,1177,45,5776,2049,Codeforces Round 994 (Div. 2)
vaibhavi812,1419,1387,-32,5776,2049,Codeforces Round 994 (Div. 2)
redcapp,1360,1343,-17,5776,2049,Codeforces Round 994 (Div. 2)
ZeldaandLink,1211,1233,22,5776,2049,Codeforces Round 994 (Div. 2)
Rohit_kaushik,1561,1496,-65,5776,2049,Codeforces Round 994 (Div. 2)
--RohAn,1313,1307,-6,5776,2049,Codeforces Round 994 (Div. 2)
Samarth123,1030,1107,77,5776,2049,Codeforces Round 994 (Div. 2)
Gandalf_625,1486,1439,-47,5776,2049,Codeforces Round 994 (Div. 2)
Whiff,1341,1366,25,5776,2049,Codeforces Round 994 (Div. 2)
Leonardo_Paes,1777,1666,-111,5776,2049,Codeforces Round 994 (Div. 2)
rcssssss,923,1091,168,5776,2049,Codeforces Round 994 (Div. 2)
surendra_05,1009,1093,84,5776,2049,Codeforces Round 994 (Div. 2)
DataMaverik,1378,1356,-22,5776,2049,Codeforces Round 994 (Div. 2)
mradul098,1208,1230,22,5790,2049,Codeforces Round 994 (Div. 2)
nikur_i,856,1041,185,5790,2049,Codeforces Round 994 (Div. 2)
yuvi_768,1267,1273,6,5790,2049,Codeforces Round 994 (Div. 2)
toma12,1454,1414,-40,5790,2049,Codeforces Round 994 (Div. 2)
anmol_jain0705,1228,1245,17,5790,2049,Codeforces Round 994 (Div. 2)
PriyanshuRaj1000,1109,1160,51,5790,2049,Codeforces Round 994 (Div. 2)
Ya7ia.,1160,1196,36,5790,2049,Codeforces Round 994 (Div. 2)
ilovecod,414,758,344,5790,2049,Codeforces Round 994 (Div. 2)
As1236,1509,1456,-53,5790,2049,Codeforces Round 994 (Div. 2)
Cyprus004,1123,1170,47,5790,2049,Codeforces Round 994 (Div. 2)
ojass_1,1159,1195,36,5790,2049,Codeforces Round 994 (Div. 2)
mobius-p,1502,1451,-51,5790,2049,Codeforces Round 994 (Div. 2)
DivyanshMalviya,1355,1338,-17,5802,2049,Codeforces Round 994 (Div. 2)
sulohesh,1319,1311,-8,5802,2049,Codeforces Round 994 (Div. 2)
HashRash786,1249,1260,11,5802,2049,Codeforces Round 994 (Div. 2)
Lemonana,1504,1452,-52,5802,2049,Codeforces Round 994 (Div. 2)
Solver3211,1297,1295,-2,5802,2049,Codeforces Round 994 (Div. 2)
Eyes_on_me,1396,1370,-26,5802,2049,Codeforces Round 994 (Div. 2)
SrTanger,0,476,476,5808,2049,Codeforces Round 994 (Div. 2)
innominate_,1382,1359,-23,5808,2049,Codeforces Round 994 (Div. 2)
Kandarp08,1556,1492,-64,5808,2049,Codeforces Round 994 (Div. 2)
Zeyad.Elsayed,1357,1340,-17,5808,2049,Codeforces Round 994 (Div. 2)
SystemTesting,1389,1364,-25,5808,2049,Codeforces Round 994 (Div. 2)
sharangkalra01,1111,1196,85,5808,2049,Codeforces Round 994 (Div. 2)
udaydubey,1181,1270,89,5808,2049,Codeforces Round 994 (Div. 2)
Alonso_zz,1139,1181,42,5808,2049,Codeforces Round 994 (Div. 2)
rottenapple512,687,951,264,5808,2049,Codeforces Round 994 (Div. 2)
Fatefly,387,737,350,5808,2049,Codeforces Round 994 (Div. 2)
zyademad,1356,1339,-17,5808,2049,Codeforces Round 994 (Div. 2)
shaun2005,464,795,331,5808,2049,Codeforces Round 994 (Div. 2)
btzenith,1258,1266,8,5820,2049,Codeforces Round 994 (Div. 2)
stemdarrenyang,1614,1537,-77,5820,2049,Codeforces Round 994 (Div. 2)
Rits_16,1404,1375,-29,5820,2049,Codeforces Round 994 (Div. 2)
kill5witch,427,767,340,5820,2049,Codeforces Round 994 (Div. 2)
Kyle099,0,476,476,5824,2049,Codeforces Round 994 (Div. 2)
1.e4,1275,1278,3,5824,2049,Codeforces Round 994 (Div. 2)
gokugod02,1125,1171,46,5824,2049,Codeforces Round 994 (Div. 2)
Divya639,1008,1092,84,5824,2049,Codeforces Round 994 (Div. 2)
Trumpsunderwear,953,1056,103,5824,2049,Codeforces Round 994 (Div. 2)
UthriBoro,0,476,476,5824,2049,Codeforces Round 994 (Div. 2)
rafatalam,408,753,345,5824,2049,Codeforces Round 994 (Div. 2)
_SIEG_,1161,1196,35,5824,2049,Codeforces Round 994 (Div. 2)
andrija15051505,1278,1281,3,5824,2049,Codeforces Round 994 (Div. 2)
Thorfin_ll,1217,1236,19,5824,2049,Codeforces Round 994 (Div. 2)
WYX1210,972,1126,154,5824,2049,Codeforces Round 994 (Div. 2)
h4cker3,1496,1445,-51,5835,2049,Codeforces Round 994 (Div. 2)
MohammadHijaz,1681,1589,-92,5835,2049,Codeforces Round 994 (Div. 2)
Akshat_Miskin,1365,1346,-19,5835,2049,Codeforces Round 994 (Div. 2)
arjun_t04,1500,1448,-52,5835,2049,Codeforces Round 994 (Div. 2)
muralikrishnagunti,1086,1178,92,5835,2049,Codeforces Round 994 (Div. 2)
priyanshu2384chaudhary,1187,1214,27,5835,2049,Codeforces Round 994 (Div. 2)
Dragonborn1,1018,1098,80,5835,2049,Codeforces Round 994 (Div. 2)
shubham_33323232343,482,808,326,5835,2049,Codeforces Round 994 (Div. 2)
KoporovA,954,1056,102,5835,2049,Codeforces Round 994 (Div. 2)
Tanvir2000,1427,1393,-34,5835,2049,Codeforces Round 994 (Div. 2)
anshul169,1417,1385,-32,5835,2049,Codeforces Round 994 (Div. 2)
Wolf_fiesta,1000,1138,138,5846,2049,Codeforces Round 994 (Div. 2)
luxemburger,1518,1462,-56,5846,2049,Codeforces Round 994 (Div. 2)
arafat7r5,1258,1266,8,5846,2049,Codeforces Round 994 (Div. 2)
MVB,1717,1617,-100,5846,2049,Codeforces Round 994 (Div. 2)
__sadman,744,929,185,5846,2049,Codeforces Round 994 (Div. 2)
amlanbiswal10,1008,1091,83,5846,2049,Codeforces Round 994 (Div. 2)
Libra_Minister,1091,1147,56,5846,2049,Codeforces Round 994 (Div. 2)
andre-miele,0,476,476,5846,2049,Codeforces Round 994 (Div. 2)
happy2003,1127,1172,45,5846,2049,Codeforces Round 994 (Div. 2)
ayushraj858,1135,1177,42,5846,2049,Codeforces Round 994 (Div. 2)
striver_tj,1032,1107,75,5846,2049,Codeforces Round 994 (Div. 2)
TanvirAhmed10,1398,1370,-28,5857,2049,Codeforces Round 994 (Div. 2)
satyamgupta12,1455,1414,-41,5857,2049,Codeforces Round 994 (Div. 2)
AhmedReda,1113,1162,49,5857,2049,Codeforces Round 994 (Div. 2)
I_love_humingyu,1339,1325,-14,5857,2049,Codeforces Round 994 (Div. 2)
Satyamyadav77512,1253,1262,9,5857,2049,Codeforces Round 994 (Div. 2)
eragon_shadeslayer,1187,1214,27,5857,2049,Codeforces Round 994 (Div. 2)
Hotash_CP_Kore_Lav_Nai,1247,1257,10,5857,2049,Codeforces Round 994 (Div. 2)
nishant0777,1244,1255,11,5864,2049,Codeforces Round 994 (Div. 2)
JeetDalal,582,875,293,5864,2049,Codeforces Round 994 (Div. 2)
Imranka,1103,1155,52,5864,2049,Codeforces Round 994 (Div. 2)
OmikAcharya,1238,1251,13,5864,2049,Codeforces Round 994 (Div. 2)
MatWhyTle,1775,1663,-112,5864,2049,Codeforces Round 994 (Div. 2)
Vonnegout,1190,1216,26,5864,2049,Codeforces Round 994 (Div. 2)
vacantman,1082,1140,58,5870,2049,Codeforces Round 994 (Div. 2)
foonssk,1090,1146,56,5870,2049,Codeforces Round 994 (Div. 2)
Krishnadev44,1184,1212,28,5870,2049,Codeforces Round 994 (Div. 2)
abaababiu,1155,1191,36,5870,2049,Codeforces Round 994 (Div. 2)
goddddgg,1300,1296,-4,5870,2049,Codeforces Round 994 (Div. 2)
Prakash_OP,1127,1171,44,5870,2049,Codeforces Round 994 (Div. 2)
GopalJee_23,1000,1085,85,5870,2049,Codeforces Round 994 (Div. 2)
srdjr000,1444,1405,-39,5870,2049,Codeforces Round 994 (Div. 2)
Ayush_Raj100,1180,1208,28,5870,2049,Codeforces Round 994 (Div. 2)
PriyanshuSingh18,1175,1265,90,5870,2049,Codeforces Round 994 (Div. 2)
rayiseB,1341,1327,-14,5870,2049,Codeforces Round 994 (Div. 2)
pegasus_a1,0,475,475,5881,2049,Codeforces Round 994 (Div. 2)
VelvetJinx,1265,1270,5,5881,2049,Codeforces Round 994 (Div. 2)
Ada,1135,1176,41,5881,2049,Codeforces Round 994 (Div. 2)
anabolx,1543,1481,-62,5881,2049,Codeforces Round 994 (Div. 2)
Vansh_Agrawal_1,656,927,271,5881,2049,Codeforces Round 994 (Div. 2)
HemantSingh,1603,1527,-76,5881,2049,Codeforces Round 994 (Div. 2)
Logic_Ninja,935,1098,163,5881,2049,Codeforces Round 994 (Div. 2)
AD_26J,1088,1144,56,5881,2049,Codeforces Round 994 (Div. 2)
Mazza,1202,1225,23,5881,2049,Codeforces Round 994 (Div. 2)
ctrl_binary,1187,1214,27,5881,2049,Codeforces Round 994 (Div. 2)
y.d.chandra_kumar,1150,1187,37,5881,2049,Codeforces Round 994 (Div. 2)
armoredvortex06,1128,1172,44,5892,2049,Codeforces Round 994 (Div. 2)
xixilwz,1276,1278,2,5892,2049,Codeforces Round 994 (Div. 2)
aryanpahariya,1157,1192,35,5892,2049,Codeforces Round 994 (Div. 2)
Sanat0412,1163,1197,34,5892,2049,Codeforces Round 994 (Div. 2)
rahulrathaur18898,1218,1236,18,5892,2049,Codeforces Round 994 (Div. 2)
crococoder,1213,1232,19,5892,2049,Codeforces Round 994 (Div. 2)
samar09,1092,1147,55,5892,2049,Codeforces Round 994 (Div. 2)
__Frank__,430,768,338,5892,2049,Codeforces Round 994 (Div. 2)
akshat_yadav_5,1234,1247,13,5892,2049,Codeforces Round 994 (Div. 2)
FairKrashe,1744,1638,-106,5901,2049,Codeforces Round 994 (Div. 2)
lakshyabamne181,963,1060,97,5901,2049,Codeforces Round 994 (Div. 2)
nishant_hardy,1241,1252,11,5901,2049,Codeforces Round 994 (Div. 2)
cysssssssss,1596,1589,-7,5901,2049,Codeforces Round 994 (Div. 2)
UtroYAKQ,1390,1363,-27,5901,2049,Codeforces Round 994 (Div. 2)
Bitch_Slapper,1141,1181,40,5901,2049,Codeforces Round 994 (Div. 2)
Krish_Sagar_1305,1392,1365,-27,5907,2049,Codeforces Round 994 (Div. 2)
AR_Nasim,1518,1461,-57,5907,2049,Codeforces Round 994 (Div. 2)
sumitkumar121413,1378,1354,-24,5907,2049,Codeforces Round 994 (Div. 2)
keshav003,1167,1199,32,5910,2049,Codeforces Round 994 (Div. 2)
heman_1511,1136,1212,76,5910,2049,Codeforces Round 994 (Div. 2)
boss8055n,915,1030,115,5910,2049,Codeforces Round 994 (Div. 2)
Paul-Atreides,515,832,317,5910,2049,Codeforces Round 994 (Div. 2)
CS25,1320,1310,-10,5910,2049,Codeforces Round 994 (Div. 2)
Coding_Ninja01,1230,1244,14,5910,2049,Codeforces Round 994 (Div. 2)
someone311,1215,1269,54,5916,2049,Codeforces Round 994 (Div. 2)
nishantKumar62,1105,1155,50,5916,2049,Codeforces Round 994 (Div. 2)
belugaUwU,1073,1133,60,5916,2049,Codeforces Round 994 (Div. 2)
jericho_03,1268,1272,4,5919,2049,Codeforces Round 994 (Div. 2)
flux0k,1155,1190,35,5919,2049,Codeforces Round 994 (Div. 2)
ZERO111,950,1102,152,5919,2049,Codeforces Round 994 (Div. 2)
Pi213,1201,1223,22,5919,2049,Codeforces Round 994 (Div. 2)
thismagic,1410,1378,-32,5919,2049,Codeforces Round 994 (Div. 2)
xerlixx,1061,1125,64,5919,2049,Codeforces Round 994 (Div. 2)
Heisenberg_wc,496,818,322,5925,2049,Codeforces Round 994 (Div. 2)
songsang2024,1144,1217,73,5925,2049,Codeforces Round 994 (Div. 2)
_m_a_h_a_d_e_v_,916,1030,114,5925,2049,Codeforces Round 994 (Div. 2)
bhavesh_aswani,1162,1195,33,5925,2049,Codeforces Round 994 (Div. 2)
shadowWalker404,1510,1493,-17,5925,2049,Codeforces Round 994 (Div. 2)
StevenHunt,740,954,214,5925,2049,Codeforces Round 994 (Div. 2)
a_y_u_s_h7,1074,1134,60,5931,2049,Codeforces Round 994 (Div. 2)
platinumdragon,1315,1306,-9,5931,2049,Codeforces Round 994 (Div. 2)
onionrouter,1116,1162,46,5931,2049,Codeforces Round 994 (Div. 2)
athiest07,1366,1345,-21,5931,2049,Codeforces Round 994 (Div. 2)
Vikash_Kumar04,1072,1132,60,5931,2049,Codeforces Round 994 (Div. 2)
danggg0,610,893,283,5931,2049,Codeforces Round 994 (Div. 2)
M.ZeeshanRashid,1301,1296,-5,5931,2049,Codeforces Round 994 (Div. 2)
OP_JASH,1280,1280,0,5931,2049,Codeforces Round 994 (Div. 2)
ArthurC,1331,1318,-13,5931,2049,Codeforces Round 994 (Div. 2)
Chef-KTK,1135,1176,41,5940,2049,Codeforces Round 994 (Div. 2)
COSMIC_ATOM,1015,1146,131,5940,2049,Codeforces Round 994 (Div. 2)
1252749383,1393,1365,-28,5940,2049,Codeforces Round 994 (Div. 2)
arnavwinner,1413,1380,-33,5940,2049,Codeforces Round 994 (Div. 2)
codewithprakhar,1385,1359,-26,5940,2049,Codeforces Round 994 (Div. 2)
_hmt,1417,1383,-34,5940,2049,Codeforces Round 994 (Div. 2)
Utkarsh_raj_ymca,1599,1523,-76,5940,2049,Codeforces Round 994 (Div. 2)
_raZu_,1263,1267,4,5947,2049,Codeforces Round 994 (Div. 2)
Orange_This_Year,1573,1503,-70,5947,2049,Codeforces Round 994 (Div. 2)
ashutosh_84,1185,1247,62,5947,2049,Codeforces Round 994 (Div. 2)
k.kaushik,977,1069,92,5947,2049,Codeforces Round 994 (Div. 2)
Horizonblack,1217,1270,53,5947,2049,Codeforces Round 994 (Div. 2)
PolarisDA,1179,1206,27,5947,2049,Codeforces Round 994 (Div. 2)
Akshayforrivers,406,749,343,5947,2049,Codeforces Round 994 (Div. 2)
dhami_88,1256,1340,84,5947,2049,Codeforces Round 994 (Div. 2)
yellow_one,662,930,268,5947,2049,Codeforces Round 994 (Div. 2)
JaiJaveria,681,944,263,5947,2049,Codeforces Round 994 (Div. 2)
namanadlakha9311,935,1042,107,5947,2049,Codeforces Round 994 (Div. 2)
Xenomorph97,476,802,326,5947,2049,Codeforces Round 994 (Div. 2)
KareemHesham_,1449,1407,-42,5959,2049,Codeforces Round 994 (Div. 2)
papercrane,835,1059,224,5959,2049,Codeforces Round 994 (Div. 2)
_gajju,1215,1232,17,5959,2049,Codeforces Round 994 (Div. 2)
_fuleli,1199,1221,22,5959,2049,Codeforces Round 994 (Div. 2)
tmm010101,1247,1255,8,5959,2049,Codeforces Round 994 (Div. 2)
nandakishore1905,1097,1184,87,5959,2049,Codeforces Round 994 (Div. 2)
Tanmay010,1119,1164,45,5959,2049,Codeforces Round 994 (Div. 2)
Bengali,1071,1186,115,5959,2049,Codeforces Round 994 (Div. 2)
ElBarbados,1194,1217,23,5959,2049,Codeforces Round 994 (Div. 2)
_aniket_p__,1241,1251,10,5959,2049,Codeforces Round 994 (Div. 2)
uselessme68e,904,1074,170,5969,2049,Codeforces Round 994 (Div. 2)
BetaHarshith,1614,1535,-79,5969,2049,Codeforces Round 994 (Div. 2)
lipglossuserr,813,966,153,5969,2049,Codeforces Round 994 (Div. 2)
CoolAttacks,1018,1095,77,5969,2049,Codeforces Round 994 (Div. 2)
AlphaScorpii,1207,1226,19,5969,2049,Codeforces Round 994 (Div. 2)
Roy_2010,1278,1341,63,5969,2049,Codeforces Round 994 (Div. 2)
NKhanh106,1287,1284,-3,5975,2049,Codeforces Round 994 (Div. 2)
_Tonmoy_,1543,1479,-64,5975,2049,Codeforces Round 994 (Div. 2)
AyasaYasca,1481,1432,-49,5975,2049,Codeforces Round 994 (Div. 2)
aur1ga,1260,1265,5,5975,2049,Codeforces Round 994 (Div. 2)
TheAnt,1410,1377,-33,5975,2049,Codeforces Round 994 (Div. 2)
priyanshu950,1095,1147,52,5975,2049,Codeforces Round 994 (Div. 2)
raj_saurav09,821,1048,227,5981,2049,Codeforces Round 994 (Div. 2)
Berton2L,1279,1278,-1,5981,2049,Codeforces Round 994 (Div. 2)
goposo,975,1067,92,5981,2049,Codeforces Round 994 (Div. 2)
tamal_63,1400,1370,-30,5981,2049,Codeforces Round 994 (Div. 2)
chessmaniitg30,1092,1145,53,5981,2049,Codeforces Round 994 (Div. 2)
Torikul_Islam,1018,1095,77,5981,2049,Codeforces Round 994 (Div. 2)
NoPressureAgain,1301,1295,-6,5981,2049,Codeforces Round 994 (Div. 2)
nikhil21229,1196,1218,22,5981,2049,Codeforces Round 994 (Div. 2)
Escape,1562,1494,-68,5981,2049,Codeforces Round 994 (Div. 2)
aftab_AFZAL,1498,1444,-54,5990,2049,Codeforces Round 994 (Div. 2)
Hasib.13,1349,1331,-18,5990,2049,Codeforces Round 994 (Div. 2)
adiked2805,1139,1177,38,5990,2049,Codeforces Round 994 (Div. 2)
Lumino,1303,1296,-7,5990,2049,Codeforces Round 994 (Div. 2)
ish4an,1408,1375,-33,5990,2049,Codeforces Round 994 (Div. 2)
tanuj2909,1270,1272,2,5990,2049,Codeforces Round 994 (Div. 2)
LimitLess_Journey,0,473,473,5990,2049,Codeforces Round 994 (Div. 2)
prakharg11,1626,1544,-82,5990,2049,Codeforces Round 994 (Div. 2)
Xzzzzzzb,1149,1184,35,5990,2049,Codeforces Round 994 (Div. 2)
mayankparmar0708,1257,1262,5,5999,2049,Codeforces Round 994 (Div. 2)
hrishikeshsarma4444,870,1000,130,5999,2049,Codeforces Round 994 (Div. 2)
Madhur_20,1249,1256,7,5999,2049,Codeforces Round 994 (Div. 2)
vanshulagarwal,1216,1232,16,5999,2049,Codeforces Round 994 (Div. 2)
congfeifan,959,1113,154,5999,2049,Codeforces Round 994 (Div. 2)
binhan2009,1000,1083,83,5999,2049,Codeforces Round 994 (Div. 2)
tornikeshubitidze,1158,1226,68,5999,2049,Codeforces Round 994 (Div. 2)
shah_mehul,1229,1241,12,6006,2049,Codeforces Round 994 (Div. 2)
Pramag_IIITD,872,1050,178,6006,2049,Codeforces Round 994 (Div. 2)
_TZYHJ_521,1343,1326,-17,6006,2049,Codeforces Round 994 (Div. 2)
GrassDew,1013,1194,181,6006,2049,Codeforces Round 994 (Div. 2)
D_K,1065,1126,61,6006,2049,Codeforces Round 994 (Div. 2)
AreebZahoori,1151,1185,34,6006,2049,Codeforces Round 994 (Div. 2)
ayushahuja,1323,1311,-12,6006,2049,Codeforces Round 994 (Div. 2)
Manjot1151,1564,1495,-69,6006,2049,Codeforces Round 994 (Div. 2)
Prateek_2005,1375,1350,-25,6006,2049,Codeforces Round 994 (Div. 2)
daviromao,1347,1329,-18,6015,2049,Codeforces Round 994 (Div. 2)
f202211753,1473,1425,-48,6015,2049,Codeforces Round 994 (Div. 2)
utkarsh.37,1277,1276,-1,6015,2049,Codeforces Round 994 (Div. 2)
Holanda2103,1409,1376,-33,6015,2049,Codeforces Round 994 (Div. 2)
nikhil_vishal2004,1215,1231,16,6015,2049,Codeforces Round 994 (Div. 2)
utkarsh031,1261,1265,4,6015,2049,Codeforces Round 994 (Div. 2)
ch22b025,1097,1148,51,6015,2049,Codeforces Round 994 (Div. 2)
Zymmi,1423,1386,-37,6022,2049,Codeforces Round 994 (Div. 2)
vedant.04.mahajan,1036,1170,134,6022,2049,Codeforces Round 994 (Div. 2)
turtlesprint,1038,1107,69,6022,2049,Codeforces Round 994 (Div. 2)
KaMikAZEBANKAiiiii,1001,1135,134,6022,2049,Codeforces Round 994 (Div. 2)
iamkushal,1094,1145,51,6022,2049,Codeforces Round 994 (Div. 2)
cuzifearloosingrating,1092,1213,121,6027,2049,Codeforces Round 994 (Div. 2)
howtohutao,1112,1193,81,6027,2049,Codeforces Round 994 (Div. 2)
alpha_6124,1590,1515,-75,6027,2049,Codeforces Round 994 (Div. 2)
RealAjay,1645,1558,-87,6027,2049,Codeforces Round 994 (Div. 2)
wck_iipi,1096,1147,51,6027,2049,Codeforces Round 994 (Div. 2)
Ujjwal_jaggarwal,1337,1321,-16,6027,2049,Codeforces Round 994 (Div. 2)
ifte_,1177,1203,26,6027,2049,Codeforces Round 994 (Div. 2)
sakshamag23,1356,1335,-21,6027,2049,Codeforces Round 994 (Div. 2)
Bhoumik,1041,1163,122,6027,2049,Codeforces Round 994 (Div. 2)
p4ul_4nk17,995,1079,84,6027,2049,Codeforces Round 994 (Div. 2)
ebenkemisty,1206,1224,18,6037,2049,Codeforces Round 994 (Div. 2)
pulkit_garg14,1451,1407,-44,6037,2049,Codeforces Round 994 (Div. 2)
_blue_hat,948,1048,100,6037,2049,Codeforces Round 994 (Div. 2)
ahmedmagdy112233,1618,1537,-81,6037,2049,Codeforces Round 994 (Div. 2)
Bug_Noir,1199,1219,20,6037,2049,Codeforces Round 994 (Div. 2)
ayan_gpt,1387,1359,-28,6037,2049,Codeforces Round 994 (Div. 2)
aeyaz,1023,1097,74,6037,2049,Codeforces Round 994 (Div. 2)
meow_billi,846,984,138,6037,2049,Codeforces Round 994 (Div. 2)
NavinKumarM,1050,1170,120,6045,2049,Codeforces Round 994 (Div. 2)
abhisheky969,1290,1285,-5,6045,2049,Codeforces Round 994 (Div. 2)
sbielak,0,473,473,6045,2049,Codeforces Round 994 (Div. 2)
tt_daithang_stph,1152,1185,33,6045,2049,Codeforces Round 994 (Div. 2)
alt_practice,0,473,473,6045,2049,Codeforces Round 994 (Div. 2)
Sunkist_fan,1288,1347,59,6045,2049,Codeforces Round 994 (Div. 2)
De_P,1445,1403,-42,6051,2049,Codeforces Round 994 (Div. 2)
JuanCoder64,1159,1190,31,6051,2049,Codeforces Round 994 (Div. 2)
The_Lost_Amulet,1142,1178,36,6051,2049,Codeforces Round 994 (Div. 2)
IshanRJ,1302,1294,-8,6051,2049,Codeforces Round 994 (Div. 2)
HNUIT202320018,723,973,250,6051,2049,Codeforces Round 994 (Div. 2)
gouravpanseja25,1017,1093,76,6051,2049,Codeforces Round 994 (Div. 2)
sravanchaitanya,1111,1156,45,6051,2049,Codeforces Round 994 (Div. 2)
harshisfresh,1183,1207,24,6051,2049,Codeforces Round 994 (Div. 2)
madhav_28,435,769,334,6051,2049,Codeforces Round 994 (Div. 2)
yuanhen...,1015,1092,77,6051,2049,Codeforces Round 994 (Div. 2)
orion24,1009,1087,78,6061,2049,Codeforces Round 994 (Div. 2)
SiddhantSingh,988,1073,85,6061,2049,Codeforces Round 994 (Div. 2)
sidwat,1028,1099,71,6061,2049,Codeforces Round 994 (Div. 2)
dhananjay.chimnani,1175,1201,26,6061,2049,Codeforces Round 994 (Div. 2)
Rnayush,1233,1244,11,6061,2049,Codeforces Round 994 (Div. 2)
akiten,1184,1208,24,6061,2049,Codeforces Round 994 (Div. 2)
veerakowshikkatam,783,987,204,6061,2049,Codeforces Round 994 (Div. 2)
iostick,497,816,319,6068,2049,Codeforces Round 994 (Div. 2)
cq__2436,1375,1349,-26,6068,2049,Codeforces Round 994 (Div. 2)
Adit_Shriyans,1345,1327,-18,6068,2049,Codeforces Round 994 (Div. 2)
Egg_Man,1654,1564,-90,6068,2049,Codeforces Round 994 (Div. 2)
vishal_2304,972,1122,150,6068,2049,Codeforces Round 994 (Div. 2)
haridevsingh,1237,1246,9,6068,2049,Codeforces Round 994 (Div. 2)
AhmedHamada,1089,1141,52,6074,2049,Codeforces Round 994 (Div. 2)
Rice.,1123,1164,41,6074,2049,Codeforces Round 994 (Div. 2)
RealSpineFreezer_1410,1445,1402,-43,6074,2049,Codeforces Round 994 (Div. 2)
jainuditkumar,1247,1253,6,6074,2049,Codeforces Round 994 (Div. 2)
toomuchintomilfs,1197,1217,20,6074,2049,Codeforces Round 994 (Div. 2)
prakhar22gupta,1033,1157,124,6074,2049,Codeforces Round 994 (Div. 2)
Void_Raghav10,972,1062,90,6074,2049,Codeforces Round 994 (Div. 2)
nawab_kibria,1096,1146,50,6074,2049,Codeforces Round 994 (Div. 2)
tuanbess,1039,1107,68,6074,2049,Codeforces Round 994 (Div. 2)
ShaanKapoor,1210,1226,16,6074,2049,Codeforces Round 994 (Div. 2)
Shreyas_545,1102,1150,48,6074,2049,Codeforces Round 994 (Div. 2)
euyogi,1485,1433,-52,6074,2049,Codeforces Round 994 (Div. 2)
roumeideclown,1423,1385,-38,6086,2049,Codeforces Round 994 (Div. 2)
king_of_hell_zoro,1035,1104,69,6086,2049,Codeforces Round 994 (Div. 2)
KL_2200031344,1038,1106,68,6086,2049,Codeforces Round 994 (Div. 2)
L.a.s.t_O.n.e_Chance,852,1035,183,6086,2049,Codeforces Round 994 (Div. 2)
raghavs1304,1058,1119,61,6086,2049,Codeforces Round 994 (Div. 2)
N0.ONE,1389,1359,-30,6086,2049,Codeforces Round 994 (Div. 2)
the_average_coder,1234,1243,9,6086,2049,Codeforces Round 994 (Div. 2)
PhSte,897,1062,165,6086,2049,Codeforces Round 994 (Div. 2)
Darkhood148,1463,1416,-47,6086,2049,Codeforces Round 994 (Div. 2)
Legendary_GrandTiger,1126,1166,40,6086,2049,Codeforces Round 994 (Div. 2)
Archit_Modi_21,1395,1364,-31,6096,2049,Codeforces Round 994 (Div. 2)
sachin_214,1315,1303,-12,6096,2049,Codeforces Round 994 (Div. 2)
KRISTY2006,1246,1252,6,6096,2049,Codeforces Round 994 (Div. 2)
PheonixSidd,374,723,349,6096,2049,Codeforces Round 994 (Div. 2)
darkpulse_10,1234,1243,9,6096,2049,Codeforces Round 994 (Div. 2)
Monzer_DA,1212,1228,16,6096,2049,Codeforces Round 994 (Div. 2)
xinttt,1138,1174,36,6096,2049,Codeforces Round 994 (Div. 2)
P3rp3tu4l,958,1086,128,6096,2049,Codeforces Round 994 (Div. 2)
SheikhFahadShaon,1635,1549,-86,6096,2049,Codeforces Round 994 (Div. 2)
NSr_wang,1139,1175,36,6096,2049,Codeforces Round 994 (Div. 2)
Pratham_patil724,1453,1408,-45,6106,2049,Codeforces Round 994 (Div. 2)
one657,1121,1233,112,6106,2049,Codeforces Round 994 (Div. 2)
Eternal_Quest,1397,1365,-32,6106,2049,Codeforces Round 994 (Div. 2)
ki-khanh,1199,1218,19,6106,2049,Codeforces Round 994 (Div. 2)
Quartz_Blocks,1146,1180,34,6106,2049,Codeforces Round 994 (Div. 2)
Andreas0x07,1249,1254,5,6106,2049,Codeforces Round 994 (Div. 2)
mimingucci,1627,1542,-85,6106,2049,Codeforces Round 994 (Div. 2)
sleepyyHarsh,1313,1301,-12,6113,2049,Codeforces Round 994 (Div. 2)
anurag1597sharma,1035,1103,68,6113,2049,Codeforces Round 994 (Div. 2)
burfy,330,700,370,6113,2049,Codeforces Round 994 (Div. 2)
VikalpShakya,1092,1142,50,6113,2049,Codeforces Round 994 (Div. 2)
Priyanshu233,1058,1119,61,6113,2049,Codeforces Round 994 (Div. 2)
SRoshan,688,946,258,6118,2049,Codeforces Round 994 (Div. 2)
bhoomi_27,1272,1271,-1,6118,2049,Codeforces Round 994 (Div. 2)
Namanush,1034,1103,69,6118,2049,Codeforces Round 994 (Div. 2)
wa_kings,1427,1388,-39,6118,2049,Codeforces Round 994 (Div. 2)
adarshraj150820063108,1015,1090,75,6118,2049,Codeforces Round 994 (Div. 2)
Kener_Castillo,1339,1321,-18,6118,2049,Codeforces Round 994 (Div. 2)
vijay_mali,1278,1275,-3,6124,2049,Codeforces Round 994 (Div. 2)
siddhbhalodia,1382,1353,-29,6124,2049,Codeforces Round 994 (Div. 2)
Rohithch7102,1401,1368,-33,6124,2049,Codeforces Round 994 (Div. 2)
Lincredible,1203,1220,17,6124,2049,Codeforces Round 994 (Div. 2)
wuming_nj,1289,1283,-6,6124,2049,Codeforces Round 994 (Div. 2)
BlueHue,1264,1265,1,6124,2049,Codeforces Round 994 (Div. 2)
Beblet,1253,1257,4,6124,2049,Codeforces Round 994 (Div. 2)
arkphaleus,1160,1189,29,6124,2049,Codeforces Round 994 (Div. 2)
Azogue,0,471,471,6124,2049,Codeforces Round 994 (Div. 2)
koloshek,987,1132,145,6124,2049,Codeforces Round 994 (Div. 2)
another_tourist,1013,1151,138,6124,2049,Codeforces Round 994 (Div. 2)
aryan0707as,1159,1189,30,6124,2049,Codeforces Round 994 (Div. 2)
faiyaz_67,1026,1097,71,6124,2049,Codeforces Round 994 (Div. 2)
pyth0n_314,1040,1161,121,6124,2049,Codeforces Round 994 (Div. 2)
DomUmaru,1236,1244,8,6138,2049,Codeforces Round 994 (Div. 2)
Sreyas_S,1067,1124,57,6138,2049,Codeforces Round 994 (Div. 2)
princeakanerd,1294,1325,31,6138,2049,Codeforces Round 994 (Div. 2)
parth.nepalia,994,1075,81,6138,2049,Codeforces Round 994 (Div. 2)
Imanali1,1180,1203,23,6138,2049,Codeforces Round 994 (Div. 2)
stevestarc16,1042,1107,65,6138,2049,Codeforces Round 994 (Div. 2)
AutumnBells,1025,1096,71,6138,2049,Codeforces Round 994 (Div. 2)
bloodfeud,847,1065,218,6138,2049,Codeforces Round 994 (Div. 2)
legobelin,1085,1137,52,6138,2049,Codeforces Round 994 (Div. 2)
ja-twe,1193,1249,56,6147,2049,Codeforces Round 994 (Div. 2)
kqv,1026,1096,70,6147,2049,Codeforces Round 994 (Div. 2)
kyokun,1134,1171,37,6147,2049,Codeforces Round 994 (Div. 2)
LynnUTE,613,891,278,6147,2049,Codeforces Round 994 (Div. 2)
mokshasai021,1311,1299,-12,6147,2049,Codeforces Round 994 (Div. 2)
qidao,1327,1311,-16,6147,2049,Codeforces Round 994 (Div. 2)
RodrigoGarciaT,1141,1175,34,6147,2049,Codeforces Round 994 (Div. 2)
Osman_112,1153,1184,31,6147,2049,Codeforces Round 994 (Div. 2)
aryankadam20,1184,1206,22,6147,2049,Codeforces Round 994 (Div. 2)
anishray042,1410,1374,-36,6147,2049,Codeforces Round 994 (Div. 2)
mr.grory,1127,1166,39,6157,2049,Codeforces Round 994 (Div. 2)
SATY-_-,1088,1138,50,6157,2049,Codeforces Round 994 (Div. 2)
liuyan1217,1076,1130,54,6157,2049,Codeforces Round 994 (Div. 2)
curiousbeast,1464,1416,-48,6157,2049,Codeforces Round 994 (Div. 2)
Penguin02,395,737,342,6157,2049,Codeforces Round 994 (Div. 2)
Gadallah__,1134,1170,36,6157,2049,Codeforces Round 994 (Div. 2)
Tide,1251,1255,4,6163,2049,Codeforces Round 994 (Div. 2)
marufhussain745,1327,1311,-16,6163,2049,Codeforces Round 994 (Div. 2)
adityapatel1335,398,740,342,6163,2049,Codeforces Round 994 (Div. 2)
danglun2003,1060,1119,59,6163,2049,Codeforces Round 994 (Div. 2)
Benny20,1370,1344,-26,6163,2049,Codeforces Round 994 (Div. 2)
my_id_96,1141,1175,34,6168,2049,Codeforces Round 994 (Div. 2)
wdakc,1368,1342,-26,6168,2049,Codeforces Round 994 (Div. 2)
Kirigakure_Garbaca,1341,1321,-20,6168,2049,Codeforces Round 994 (Div. 2)
ihy,1236,1280,44,6168,2049,Codeforces Round 994 (Div. 2)
omvishnu9876,1319,1304,-15,6168,2049,Codeforces Round 994 (Div. 2)
Greninja1863,1314,1301,-13,6168,2049,Codeforces Round 994 (Div. 2)
necromancer369,1075,1129,54,6168,2049,Codeforces Round 994 (Div. 2)
bac_h,1747,1636,-111,6168,2049,Codeforces Round 994 (Div. 2)
Sarthak_Narula,1185,1206,21,6168,2049,Codeforces Round 994 (Div. 2)
aditya_1605,1020,1092,72,6177,2049,Codeforces Round 994 (Div. 2)
Xhita,1107,1151,44,6177,2049,Codeforces Round 994 (Div. 2)
himshu2,1130,1226,96,6177,2049,Codeforces Round 994 (Div. 2)
safin17.8,1336,1318,-18,6177,2049,Codeforces Round 994 (Div. 2)
AmirTYR,1316,1302,-14,6177,2049,Codeforces Round 994 (Div. 2)
Pankaj8433,1511,1451,-60,6177,2049,Codeforces Round 994 (Div. 2)
pranaydubey272,1125,1164,39,6177,2049,Codeforces Round 994 (Div. 2)
Boogeyman912,1279,1275,-4,6177,2049,Codeforces Round 994 (Div. 2)
raven0us,1132,1169,37,6177,2049,Codeforces Round 994 (Div. 2)
Muhammad-Ahmad,1272,1270,-2,6186,2049,Codeforces Round 994 (Div. 2)
Ranjeet_yadav,1283,1278,-5,6186,2049,Codeforces Round 994 (Div. 2)
Ru1n00,1038,1104,66,6186,2049,Codeforces Round 994 (Div. 2)
ouyangyunfei,0,470,470,6186,2049,Codeforces Round 994 (Div. 2)
vde1441,932,1034,102,6186,2049,Codeforces Round 994 (Div. 2)
Loving_you_endless,1220,1231,11,6191,2049,Codeforces Round 994 (Div. 2)
div2__,1153,1242,89,6191,2049,Codeforces Round 994 (Div. 2)
Bryanhdzmdo,790,989,199,6191,2049,Codeforces Round 994 (Div. 2)
sridhanush1208,1397,1364,-33,6191,2049,Codeforces Round 994 (Div. 2)
Danny301,0,470,470,6191,2049,Codeforces Round 994 (Div. 2)
Bekss,1246,1250,4,6191,2049,Codeforces Round 994 (Div. 2)
ragu.,1014,1087,73,6191,2049,Codeforces Round 994 (Div. 2)
code_cpp,1108,1151,43,6191,2049,Codeforces Round 994 (Div. 2)
wwwacwww,1229,1238,9,6191,2049,Codeforces Round 994 (Div. 2)
rupanshiii,1476,1424,-52,6191,2049,Codeforces Round 994 (Div. 2)
pnjlstarkhack11,809,1035,226,6191,2049,Codeforces Round 994 (Div. 2)
chicago007,391,733,342,6191,2049,Codeforces Round 994 (Div. 2)
vwv_go,1192,1211,19,6191,2049,Codeforces Round 994 (Div. 2)
Zoz,1488,1433,-55,6204,2049,Codeforces Round 994 (Div. 2)
viper51,1270,1268,-2,6204,2049,Codeforces Round 994 (Div. 2)
FARHADUL_ISLAM,1117,1157,40,6204,2049,Codeforces Round 994 (Div. 2)
Sazzad14802,1292,1284,-8,6204,2049,Codeforces Round 994 (Div. 2)
IIT_KGP_CM,1173,1233,60,6204,2049,Codeforces Round 994 (Div. 2)
Parth1636,1186,1206,20,6204,2049,Codeforces Round 994 (Div. 2)
_ViBhor_,1437,1394,-43,6204,2049,Codeforces Round 994 (Div. 2)
Priyanshagrawal,1321,1306,-15,6204,2049,Codeforces Round 994 (Div. 2)
vibhushit,1252,1254,2,6204,2049,Codeforces Round 994 (Div. 2)
CarlosDaniel111,1595,1516,-79,6204,2049,Codeforces Round 994 (Div. 2)
202305960829,1175,1198,23,6204,2049,Codeforces Round 994 (Div. 2)
AnirudhBharatiya,1506,1447,-59,6204,2049,Codeforces Round 994 (Div. 2)
Carits,1520,1458,-62,6204,2049,Codeforces Round 994 (Div. 2)
Prabhdeep-24,1121,1160,39,6217,2049,Codeforces Round 994 (Div. 2)
eRali,1072,1126,54,6217,2049,Codeforces Round 994 (Div. 2)
chirag2403,1202,1218,16,6217,2049,Codeforces Round 994 (Div. 2)
Reddi_Devika,1263,1262,-1,6217,2049,Codeforces Round 994 (Div. 2)
Saq56,1138,1172,34,6217,2049,Codeforces Round 994 (Div. 2)
ahtoh_,1643,1554,-89,6217,2049,Codeforces Round 994 (Div. 2)
doppelganger1729,1540,1473,-67,6217,2049,Codeforces Round 994 (Div. 2)
ShivamKapoor23,1423,1383,-40,6224,2049,Codeforces Round 994 (Div. 2)
ImmortalNova,1534,1469,-65,6224,2049,Codeforces Round 994 (Div. 2)
keshavkodes,701,953,252,6224,2049,Codeforces Round 994 (Div. 2)
zhang123456889,1245,1249,4,6224,2049,Codeforces Round 994 (Div. 2)
Surya_1,1240,1245,5,6224,2049,Codeforces Round 994 (Div. 2)
_raaghav_09,1098,1144,46,6224,2049,Codeforces Round 994 (Div. 2)
chauhanasheesh,1211,1224,13,6224,2049,Codeforces Round 994 (Div. 2)
ItsRajRahul,1230,1238,8,6224,2049,Codeforces Round 994 (Div. 2)
maybebinarysearch,1263,1262,-1,6232,2049,Codeforces Round 994 (Div. 2)
Raunak_gup1729,888,1006,118,6232,2049,Codeforces Round 994 (Div. 2)
yusupbekmyradow4,1003,1079,76,6232,2049,Codeforces Round 994 (Div. 2)
kathanshah743,1215,1227,12,6232,2049,Codeforces Round 994 (Div. 2)
Lauhensan,1034,1100,66,6232,2049,Codeforces Round 994 (Div. 2)
3lo1129,735,978,243,6232,2049,Codeforces Round 994 (Div. 2)
ankur_27,1474,1422,-52,6232,2049,Codeforces Round 994 (Div. 2)
Turaka_2.0,1207,1221,14,6232,2049,Codeforces Round 994 (Div. 2)
HassanAdel0,1341,1321,-20,6240,2049,Codeforces Round 994 (Div. 2)
diffused_orbital,1166,1191,25,6240,2049,Codeforces Round 994 (Div. 2)
jatinnekela,1268,1266,-2,6240,2049,Codeforces Round 994 (Div. 2)
zatch123,1085,1135,50,6240,2049,Codeforces Round 994 (Div. 2)
aadityaraj7769,0,469,469,6240,2049,Codeforces Round 994 (Div. 2)
songmengyu,1283,1277,-6,6240,2049,Codeforces Round 994 (Div. 2)
mohak47,1072,1126,54,6246,2049,Codeforces Round 994 (Div. 2)
Tanmay_Mankar,1165,1191,26,6246,2049,Codeforces Round 994 (Div. 2)
Mayosama,1210,1223,13,6246,2049,Codeforces Round 994 (Div. 2)
sgirish_1204,1192,1210,18,6246,2049,Codeforces Round 994 (Div. 2)
_kvn,1449,1403,-46,6246,2049,Codeforces Round 994 (Div. 2)
omar2017,1244,1248,4,6246,2049,Codeforces Round 994 (Div. 2)
sc2uderia,0,469,469,6252,2049,Codeforces Round 994 (Div. 2)
adityadebnath0202,876,998,122,6252,2049,Codeforces Round 994 (Div. 2)
o_1,1079,1130,51,6252,2049,Codeforces Round 994 (Div. 2)
junhao.liu,1006,1115,109,6252,2049,Codeforces Round 994 (Div. 2)
vanshxgupta,932,1033,101,6252,2049,Codeforces Round 994 (Div. 2)
Praveen_2112,425,758,333,6257,2049,Codeforces Round 994 (Div. 2)
Nerey,1283,1276,-7,6257,2049,Codeforces Round 994 (Div. 2)
unemployed_479,1205,1219,14,6257,2049,Codeforces Round 994 (Div. 2)
Tjha,1158,1185,27,6257,2049,Codeforces Round 994 (Div. 2)
waring,1156,1184,28,6257,2049,Codeforces Round 994 (Div. 2)
a_maiti,1158,1185,27,6257,2049,Codeforces Round 994 (Div. 2)
itsAbhishek,1136,1170,34,6263,2049,Codeforces Round 994 (Div. 2)
ar_ag,1290,1282,-8,6263,2049,Codeforces Round 994 (Div. 2)
T.S.Joy,1095,1141,46,6263,2049,Codeforces Round 994 (Div. 2)
nothingnessAllOver,0,469,469,6263,2049,Codeforces Round 994 (Div. 2)
ajay.116,1356,1331,-25,6267,2049,Codeforces Round 994 (Div. 2)
manikgupta2k04,1012,1085,73,6267,2049,Codeforces Round 994 (Div. 2)
Nuraman.Coder,901,1066,165,6267,2049,Codeforces Round 994 (Div. 2)
Avadhoot4757,809,1033,224,6267,2049,Codeforces Round 994 (Div. 2)
Kunal_K99418,1322,1305,-17,6271,2049,Codeforces Round 994 (Div. 2)
archiemittal,1048,1164,116,6271,2049,Codeforces Round 994 (Div. 2)
nithiin,1320,1304,-16,6271,2049,Codeforces Round 994 (Div. 2)
MUIGokuSan,1248,1250,2,6271,2049,Codeforces Round 994 (Div. 2)
QingChangqing,402,740,338,6271,2049,Codeforces Round 994 (Div. 2)
hotcocoa,1495,1438,-57,6271,2049,Codeforces Round 994 (Div. 2)
SomilP,1229,1236,7,6271,2049,Codeforces Round 994 (Div. 2)
saisampath23,1063,1119,56,6271,2049,Codeforces Round 994 (Div. 2)
beginner_Ayush,936,1035,99,6271,2049,Codeforces Round 994 (Div. 2)
Neo00,1305,1292,-13,6271,2049,Codeforces Round 994 (Div. 2)
vampconnoisseur,718,965,247,6271,2049,Codeforces Round 994 (Div. 2)
Priyanshu171,1107,1149,42,6271,2049,Codeforces Round 994 (Div. 2)
jais_arush43,1041,1170,129,6271,2049,Codeforces Round 994 (Div. 2)
aloocoder,1027,1094,67,6284,2049,Codeforces Round 994 (Div. 2)
iAmJP,1081,1131,50,6284,2049,Codeforces Round 994 (Div. 2)
Gyanpapi,1123,1160,37,6284,2049,Codeforces Round 994 (Div. 2)
nitinnrajj,854,1032,178,6284,2049,Codeforces Round 994 (Div. 2)
chaitanya_2408,1193,1210,17,6284,2049,Codeforces Round 994 (Div. 2)
manas011,894,1008,114,6284,2049,Codeforces Round 994 (Div. 2)
device_2005,987,1068,81,6290,2049,Codeforces Round 994 (Div. 2)
varad17,1181,1201,20,6290,2049,Codeforces Round 994 (Div. 2)
Ahsanul_Anam_4632,1343,1321,-22,6290,2049,Codeforces Round 994 (Div. 2)
abhi0,1262,1260,-2,6290,2049,Codeforces Round 994 (Div. 2)
mapcrafter2048,1121,1159,38,6290,2049,Codeforces Round 994 (Div. 2)
truongdoanbaotuan20204,1179,1200,21,6290,2049,Codeforces Round 994 (Div. 2)
Throckmorton,1690,1590,-100,6296,2049,Codeforces Round 994 (Div. 2)
code.akumar,932,1032,100,6296,2049,Codeforces Round 994 (Div. 2)
I_HATE_MD_DM,1385,1353,-32,6296,2049,Codeforces Round 994 (Div. 2)
MithileshT,1269,1265,-4,6296,2049,Codeforces Round 994 (Div. 2)
vinesh789,1024,1092,68,6296,2049,Codeforces Round 994 (Div. 2)
PixlatedCatman,1067,1190,123,6296,2049,Codeforces Round 994 (Div. 2)
gadun,1217,1264,47,6302,2049,Codeforces Round 994 (Div. 2)
supremeace,471,792,321,6302,2049,Codeforces Round 994 (Div. 2)
AleTaf,1113,1153,40,6302,2049,Codeforces Round 994 (Div. 2)
FaroukM,1134,1168,34,6302,2049,Codeforces Round 994 (Div. 2)
Zaphl,1196,1212,16,6302,2049,Codeforces Round 994 (Div. 2)
SiamArif,1207,1220,13,6307,2049,Codeforces Round 994 (Div. 2)
goldrevboy,1672,1575,-97,6307,2049,Codeforces Round 994 (Div. 2)
Nadella_Mohith,1121,1158,37,6307,2049,Codeforces Round 994 (Div. 2)
abhi003,1441,1396,-45,6307,2049,Codeforces Round 994 (Div. 2)
jasongq,761,996,235,6307,2049,Codeforces Round 994 (Div. 2)
trie-isme,1322,1305,-17,6312,2049,Codeforces Round 994 (Div. 2)
pythun,1076,1127,51,6312,2049,Codeforces Round 994 (Div. 2)
YouDoNotKnowWho,960,1049,89,6312,2049,Codeforces Round 994 (Div. 2)
eushaahmed08,1067,1121,54,6312,2049,Codeforces Round 994 (Div. 2)
kannu06,1279,1272,-7,6312,2049,Codeforces Round 994 (Div. 2)
sachin1829,1449,1402,-47,6312,2049,Codeforces Round 994 (Div. 2)
K.Outis,1287,1278,-9,6312,2049,Codeforces Round 994 (Div. 2)
keshavbaskar,1136,1228,92,6312,2049,Codeforces Round 994 (Div. 2)
velkejondra,1143,1174,31,6312,2049,Codeforces Round 994 (Div. 2)
Dev_Mehta13,1257,1256,-1,6321,2049,Codeforces Round 994 (Div. 2)
DHieb,1060,1116,56,6321,2049,Codeforces Round 994 (Div. 2)
SerzhRedAlert,1361,1334,-27,6321,2049,Codeforces Round 994 (Div. 2)
defender_13,1205,1218,13,6321,2049,Codeforces Round 994 (Div. 2)
maxim_tep,1213,1224,11,6321,2049,Codeforces Round 994 (Div. 2)
AZATHOTH,1422,1381,-41,6321,2049,Codeforces Round 994 (Div. 2)
anushkanirat,950,1043,93,6321,2049,Codeforces Round 994 (Div. 2)
utube2021bk,1106,1148,42,6321,2049,Codeforces Round 994 (Div. 2)
av_01,1437,1392,-45,6329,2049,Codeforces Round 994 (Div. 2)
1231A,1202,1252,50,6329,2049,Codeforces Round 994 (Div. 2)
ayushmaan3,1448,1439,-9,6329,2049,Codeforces Round 994 (Div. 2)
23stuzyp,1303,1290,-13,6329,2049,Codeforces Round 994 (Div. 2)
DNZLREV,1404,1367,-37,6329,2049,Codeforces Round 994 (Div. 2)
nishanth14,1387,1354,-33,6329,2049,Codeforces Round 994 (Div. 2)
11balkishan11,897,1062,165,6329,2049,Codeforces Round 994 (Div. 2)
summer0612,599,878,279,6329,2049,Codeforces Round 994 (Div. 2)
Sajeeb,1073,1124,51,6337,2049,Codeforces Round 994 (Div. 2)
Musaddik_Khan,981,1063,82,6337,2049,Codeforces Round 994 (Div. 2)
byteblt,1396,1399,3,6337,2049,Codeforces Round 994 (Div. 2)
CodeHaashira,1271,1266,-5,6337,2049,Codeforces Round 994 (Div. 2)
Mr_Flash,1344,1321,-23,6337,2049,Codeforces Round 994 (Div. 2)
krahulkr11,1061,1116,55,6337,2049,Codeforces Round 994 (Div. 2)
prolibek,1272,1266,-6,6337,2049,Codeforces Round 994 (Div. 2)
Dhansuh333S,1031,1150,119,6337,2049,Codeforces Round 994 (Div. 2)
metarudra28,995,1071,76,6337,2049,Codeforces Round 994 (Div. 2)
Vinod2509,0,467,467,6337,2049,Codeforces Round 994 (Div. 2)
raghuwanshi313,1171,1193,22,6337,2049,Codeforces Round 994 (Div. 2)
kunwar_ajay,1415,1375,-40,6348,2049,Codeforces Round 994 (Div. 2)
2prithviraj.2,1074,1125,51,6348,2049,Codeforces Round 994 (Div. 2)
TyreseMaxey,1328,1309,-19,6348,2049,Codeforces Round 994 (Div. 2)
dream_chaser_,1235,1239,4,6348,2049,Codeforces Round 994 (Div. 2)
888krishnam,1054,1111,57,6348,2049,Codeforces Round 994 (Div. 2)
Mr_Status,0,468,468,6348,2049,Codeforces Round 994 (Div. 2)
Kilua,1096,1140,44,6354,2049,Codeforces Round 994 (Div. 2)
emam_hossain_easin,1151,1178,27,6354,2049,Codeforces Round 994 (Div. 2)
om.nom,1061,1116,55,6354,2049,Codeforces Round 994 (Div. 2)
HariomGupta,930,1079,149,6354,2049,Codeforces Round 994 (Div. 2)
utkarsh_s_sood,1266,1262,-4,6354,2049,Codeforces Round 994 (Div. 2)
azizbek_,1301,1288,-13,6354,2049,Codeforces Round 994 (Div. 2)
PraveenChouhan,1271,1266,-5,6354,2049,Codeforces Round 994 (Div. 2)
POLYMORPHIC_PHANTOM,1121,1157,36,6354,2049,Codeforces Round 994 (Div. 2)
immortal2121,1388,1354,-34,6354,2049,Codeforces Round 994 (Div. 2)
omJadon,1004,1077,73,6354,2049,Codeforces Round 994 (Div. 2)
___M,1277,1270,-7,6354,2049,Codeforces Round 994 (Div. 2)
Phaneendra3000,1179,1198,19,6365,2049,Codeforces Round 994 (Div. 2)
Ashutosh_Sharma_77,1121,1157,36,6365,2049,Codeforces Round 994 (Div. 2)
praneethgarre,1159,1184,25,6365,2049,Codeforces Round 994 (Div. 2)
gupta_dhruv,1182,1262,80,6365,2049,Codeforces Round 994 (Div. 2)
notBreakThru,1381,1349,-32,6365,2049,Codeforces Round 994 (Div. 2)
warowl,1249,1249,0,6370,2049,Codeforces Round 994 (Div. 2)
Ollys_OGGY,415,737,322,6370,2049,Codeforces Round 994 (Div. 2)
snehacodes,1134,1166,32,6370,2049,Codeforces Round 994 (Div. 2)
Roronoa_x_Zoro,1220,1228,8,6370,2049,Codeforces Round 994 (Div. 2)
ethanhunt1729,1078,1127,49,6370,2049,Codeforces Round 994 (Div. 2)
devendra_1608,1282,1274,-8,6370,2049,Codeforces Round 994 (Div. 2)
walkingsky1,1063,1117,54,6370,2049,Codeforces Round 994 (Div. 2)
prashanth_32,1413,1373,-40,6370,2049,Codeforces Round 994 (Div. 2)
xym0get,858,1030,172,6370,2049,Codeforces Round 994 (Div. 2)
FinalMove,1215,1224,9,6379,2049,Codeforces Round 994 (Div. 2)
__Anshul__,995,1071,76,6379,2049,Codeforces Round 994 (Div. 2)
Mind_Reaper,1221,1229,8,6379,2049,Codeforces Round 994 (Div. 2)
varyanechaeva,1082,1129,47,6379,2049,Codeforces Round 994 (Div. 2)
ashutosh_kumar_007,1303,1289,-14,6379,2049,Codeforces Round 994 (Div. 2)
Mahjabin7,1145,1174,29,6379,2049,Codeforces Round 994 (Div. 2)
yashksingh790,983,1063,80,6385,2049,Codeforces Round 994 (Div. 2)
NonMaskableInterrupt,508,819,311,6385,2049,Codeforces Round 994 (Div. 2)
Risan99,1244,1246,2,6385,2049,Codeforces Round 994 (Div. 2)
thefirefly,1002,1138,136,6385,2049,Codeforces Round 994 (Div. 2)
Proachtavish,1246,1247,1,6385,2049,Codeforces Round 994 (Div. 2)
Ph4BK,0,467,467,6385,2049,Codeforces Round 994 (Div. 2)
Kartik_Pasari,957,1105,148,6385,2049,Codeforces Round 994 (Div. 2)
titan-cruzz,1151,1178,27,6385,2049,Codeforces Round 994 (Div. 2)
Aashman,1384,1351,-33,6385,2049,Codeforces Round 994 (Div. 2)
zhangxujing303,1092,1171,79,6394,2049,Codeforces Round 994 (Div. 2)
Nandan_star,1240,1242,2,6394,2049,Codeforces Round 994 (Div. 2)
psbb,1272,1304,32,6394,2049,Codeforces Round 994 (Div. 2)
solanki.5,1199,1212,13,6394,2049,Codeforces Round 994 (Div. 2)
milhxe,1333,1312,-21,6394,2049,Codeforces Round 994 (Div. 2)
Touper,1249,1249,0,6394,2049,Codeforces Round 994 (Div. 2)
sarang_123,1397,1360,-37,6394,2049,Codeforces Round 994 (Div. 2)
ThomasDB,992,1069,77,6394,2049,Codeforces Round 994 (Div. 2)
riseofsteins,990,1067,77,6394,2049,Codeforces Round 994 (Div. 2)
Binary_Beast007,1009,1080,71,6403,2049,Codeforces Round 994 (Div. 2)
h4rry_cf,1138,1168,30,6403,2049,Codeforces Round 994 (Div. 2)
I-amVengeance,1094,1137,43,6403,2049,Codeforces Round 994 (Div. 2)
lipgloss20,390,729,339,6403,2049,Codeforces Round 994 (Div. 2)
acanoku,1105,1145,40,6403,2049,Codeforces Round 994 (Div. 2)
Adarsh_N,1269,1263,-6,6403,2049,Codeforces Round 994 (Div. 2)
SreemukhMantri,1112,1150,38,6403,2049,Codeforces Round 994 (Div. 2)
pramodha5,1116,1153,37,6403,2049,Codeforces Round 994 (Div. 2)
gambit_Pnav,1416,1375,-41,6403,2049,Codeforces Round 994 (Div. 2)
man_in_the_hat_,1490,1432,-58,6412,2049,Codeforces Round 994 (Div. 2)
lhy20050520,946,1097,151,6412,2049,Codeforces Round 994 (Div. 2)
dharaneshsp,1042,1102,60,6412,2049,Codeforces Round 994 (Div. 2)
amar_kale,1311,1295,-16,6412,2049,Codeforces Round 994 (Div. 2)
sanketag23,1257,1254,-3,6412,2049,Codeforces Round 994 (Div. 2)
OneIndexed,1368,1338,-30,6412,2049,Codeforces Round 994 (Div. 2)
msdvk351,1276,1348,72,6412,2049,Codeforces Round 994 (Div. 2)
Abhinov_2144,1161,1184,23,6419,2049,Codeforces Round 994 (Div. 2)
meetmeet,1349,1388,39,6419,2049,Codeforces Round 994 (Div. 2)
Game.Changer,1292,1280,-12,6419,2049,Codeforces Round 994 (Div. 2)
VaidikSaxena,960,1106,146,6419,2049,Codeforces Round 994 (Div. 2)
viktor3,838,1053,215,6419,2049,Codeforces Round 994 (Div. 2)
deekshithasontam555,1003,1075,72,6419,2049,Codeforces Round 994 (Div. 2)
kesavakarthikr,1041,1101,60,6419,2049,Codeforces Round 994 (Div. 2)
bikram_gupta,1138,1168,30,6426,2049,Codeforces Round 994 (Div. 2)
Yo_brow,954,1094,140,6426,2049,Codeforces Round 994 (Div. 2)
EnquisitelyCurious,994,1069,75,6426,2049,Codeforces Round 994 (Div. 2)
wmdmzxfhhh,1076,1125,49,6426,2049,Codeforces Round 994 (Div. 2)
retr0123,1256,1253,-3,6426,2049,Codeforces Round 994 (Div. 2)
AbDhrubo,1251,1250,-1,6431,2049,Codeforces Round 994 (Div. 2)
stackvariable,1293,1281,-12,6431,2049,Codeforces Round 994 (Div. 2)
Jackhammer95,1065,1117,52,6431,2049,Codeforces Round 994 (Div. 2)
yingkui,1478,1422,-56,6431,2049,Codeforces Round 994 (Div. 2)
udishxarora,1124,1158,34,6431,2049,Codeforces Round 994 (Div. 2)
Chen_HaiBing,1397,1359,-38,6431,2049,Codeforces Round 994 (Div. 2)
serdenk,1110,1206,96,6431,2049,Codeforces Round 994 (Div. 2)
ghruank,1067,1118,51,6431,2049,Codeforces Round 994 (Div. 2)
Wyx776161,1212,1221,9,6431,2049,Codeforces Round 994 (Div. 2)
AlgoAce2004,1180,1198,18,6431,2049,Codeforces Round 994 (Div. 2)
Behesht,1341,1317,-24,6431,2049,Codeforces Round 994 (Div. 2)
himanshugupta240504,1273,1266,-7,6442,2049,Codeforces Round 994 (Div. 2)
Izumi_3900,929,1026,97,6442,2049,Codeforces Round 994 (Div. 2)
litecracker,1020,1086,66,6442,2049,Codeforces Round 994 (Div. 2)
InfinitePotential,1019,1150,131,6442,2049,Codeforces Round 994 (Div. 2)
wrongAssumption,1184,1200,16,6442,2049,Codeforces Round 994 (Div. 2)
ayushydv23,1261,1257,-4,6442,2049,Codeforces Round 994 (Div. 2)
DHARMIL_8688,1336,1313,-23,6442,2049,Codeforces Round 994 (Div. 2)
rip_coding,1233,1236,3,6442,2049,Codeforces Round 994 (Div. 2)
1e20,613,885,272,6442,2049,Codeforces Round 994 (Div. 2)
Mohamed.Sweid,1175,1194,19,6442,2049,Codeforces Round 994 (Div. 2)
Blublak,942,1035,93,6442,2049,Codeforces Round 994 (Div. 2)
_NabeelAhsan_,1209,1218,9,6442,2049,Codeforces Round 994 (Div. 2)
deepakgoswami0552,1535,1466,-69,6442,2049,Codeforces Round 994 (Div. 2)
kanav67,994,1131,137,6442,2049,Codeforces Round 994 (Div. 2)
blackwell,1262,1257,-5,6456,2049,Codeforces Round 994 (Div. 2)
disgracefulmango1234,1212,1220,8,6456,2049,Codeforces Round 994 (Div. 2)
_sansan,1199,1211,12,6456,2049,Codeforces Round 994 (Div. 2)
uday.jangra76,1123,1157,34,6456,2049,Codeforces Round 994 (Div. 2)
datta_ishaan19,996,1103,107,6456,2049,Codeforces Round 994 (Div. 2)
Shreyas_Chougaonkar,1058,1112,54,6456,2049,Codeforces Round 994 (Div. 2)
keaucucal,1488,1429,-59,6456,2049,Codeforces Round 994 (Div. 2)
Rohan1875,1169,1189,20,6456,2049,Codeforces Round 994 (Div. 2)
dima_gorobets,1055,1109,54,6456,2049,Codeforces Round 994 (Div. 2)
KingCobra2637,420,751,331,6456,2049,Codeforces Round 994 (Div. 2)
lovemathematics,726,968,242,6456,2049,Codeforces Round 994 (Div. 2)
s_tapan099,1247,1246,-1,6456,2049,Codeforces Round 994 (Div. 2)
dinkar789,1104,1179,75,6468,2049,Codeforces Round 994 (Div. 2)
-_rehankhan7_-,399,735,336,6468,2049,Codeforces Round 994 (Div. 2)
SupreethC,1026,1090,64,6468,2049,Codeforces Round 994 (Div. 2)
A_xor_A,1341,1317,-24,6468,2049,Codeforces Round 994 (Div. 2)
hojiakbarumarov,1078,1125,47,6472,2049,Codeforces Round 994 (Div. 2)
debanjan1,1162,1184,22,6472,2049,Codeforces Round 994 (Div. 2)
pooyana,1358,1329,-29,6472,2049,Codeforces Round 994 (Div. 2)
Nuraman2010,1064,1115,51,6472,2049,Codeforces Round 994 (Div. 2)
Rahul_iitbhu,1088,1132,44,6472,2049,Codeforces Round 994 (Div. 2)
babaya_,1220,1226,6,6472,2049,Codeforces Round 994 (Div. 2)
devess,1103,1142,39,6478,2049,Codeforces Round 994 (Div. 2)
Delhack,1175,1193,18,6478,2049,Codeforces Round 994 (Div. 2)
Nazar_Shch,1482,1424,-58,6478,2049,Codeforces Round 994 (Div. 2)
2077devwave,1292,1279,-13,6478,2049,Codeforces Round 994 (Div. 2)
Arvi_saleque,1509,1445,-64,6478,2049,Codeforces Round 994 (Div. 2)
Gauravpadda,975,1056,81,6478,2049,Codeforces Round 994 (Div. 2)
and_you,1403,1364,-39,6484,2049,Codeforces Round 994 (Div. 2)
BrAin,1369,1338,-31,6484,2049,Codeforces Round 994 (Div. 2)
sabermyking,1216,1223,7,6484,2049,Codeforces Round 994 (Div. 2)
Sharma_ji_45,1215,1222,7,6484,2049,Codeforces Round 994 (Div. 2)
muser,1323,1303,-20,6488,2049,Codeforces Round 994 (Div. 2)
_ryuko,1244,1243,-1,6488,2049,Codeforces Round 994 (Div. 2)
saurabhkumarsuman20,0,465,465,6490,2049,Codeforces Round 994 (Div. 2)
A.Dabdoub3,1189,1203,14,6490,2049,Codeforces Round 994 (Div. 2)
zmy.e,1289,1277,-12,6490,2049,Codeforces Round 994 (Div. 2)
ENGINEER_X,984,1061,77,6490,2049,Codeforces Round 994 (Div. 2)
phungtanh8901ag,1153,1177,24,6490,2049,Codeforces Round 994 (Div. 2)
idiot152,391,728,337,6490,2049,Codeforces Round 994 (Div. 2)
CodeYuger,1167,1187,20,6490,2049,Codeforces Round 994 (Div. 2)
Arata_Hinata,417,748,331,6490,2049,Codeforces Round 994 (Div. 2)
timerl,1013,1114,101,6490,2049,Codeforces Round 994 (Div. 2)
Abhinav_0806,1355,1327,-28,6499,2049,Codeforces Round 994 (Div. 2)
mbycxkyztt,1147,1173,26,6499,2049,Codeforces Round 994 (Div. 2)
rendon,1141,1169,28,6499,2049,Codeforces Round 994 (Div. 2)
shiva_chakrimeesala1,1083,1128,45,6499,2049,Codeforces Round 994 (Div. 2)
ByteBlade2104,1147,1173,26,6499,2049,Codeforces Round 994 (Div. 2)
D4RK99,1265,1259,-6,6499,2049,Codeforces Round 994 (Div. 2)
meem_358,1190,1204,14,6499,2049,Codeforces Round 994 (Div. 2)
Aarav_4761,1035,1095,60,6499,2049,Codeforces Round 994 (Div. 2)
ydhabc,1323,1303,-20,6507,2049,Codeforces Round 994 (Div. 2)
abhijeethchandragi,1439,1391,-48,6507,2049,Codeforces Round 994 (Div. 2)
Saivishwas,1566,1489,-77,6507,2049,Codeforces Round 994 (Div. 2)
mm1046,1406,1365,-41,6510,2049,Codeforces Round 994 (Div. 2)
hitarth.k.makawana746,1082,1127,45,6510,2049,Codeforces Round 994 (Div. 2)
Mauryavardhan_Singh,1339,1314,-25,6510,2049,Codeforces Round 994 (Div. 2)
XoXoDipti,1155,1178,23,6510,2049,Codeforces Round 994 (Div. 2)
defvap,983,1060,77,6510,2049,Codeforces Round 994 (Div. 2)
saltvik,1214,1221,7,6510,2049,Codeforces Round 994 (Div. 2)
tbbduck,444,768,324,6510,2049,Codeforces Round 994 (Div. 2)
sujansg23,1036,1095,59,6510,2049,Codeforces Round 994 (Div. 2)
shuzerainty,1133,1222,89,6510,2049,Codeforces Round 994 (Div. 2)
syna,819,1003,184,6519,2049,Codeforces Round 994 (Div. 2)
WeirdoWithSmolBrain,1170,1189,19,6519,2049,Codeforces Round 994 (Div. 2)
darshanjain5,956,1042,86,6519,2049,Codeforces Round 994 (Div. 2)
Ankityadav05,1408,1366,-42,6519,2049,Codeforces Round 994 (Div. 2)
kkrmm,1148,1173,25,6519,2049,Codeforces Round 994 (Div. 2)
Mit2,1227,1230,3,6519,2049,Codeforces Round 994 (Div. 2)
ayushtiwari110,995,1068,73,6519,2049,Codeforces Round 994 (Div. 2)
Skvid,1267,1260,-7,6519,2049,Codeforces Round 994 (Div. 2)
Yamin_,1576,1497,-79,6527,2049,Codeforces Round 994 (Div. 2)
Fed_20,935,1079,144,6527,2049,Codeforces Round 994 (Div. 2)
garv_123,1308,1291,-17,6527,2049,Codeforces Round 994 (Div. 2)
tharun42,994,1067,73,6527,2049,Codeforces Round 994 (Div. 2)
mursalin_2001,999,1070,71,6527,2049,Codeforces Round 994 (Div. 2)
sumagnadas,922,1052,130,6527,2049,Codeforces Round 994 (Div. 2)
TanbirHasan01,852,976,124,6527,2049,Codeforces Round 994 (Div. 2)
Neelabhra,1409,1367,-42,6527,2049,Codeforces Round 994 (Div. 2)
andre_livio,966,1049,83,6527,2049,Codeforces Round 994 (Div. 2)
AniAg18,0,464,464,6527,2049,Codeforces Round 994 (Div. 2)
Deep_Thought_Programs,1098,1138,40,6537,2049,Codeforces Round 994 (Div. 2)
hasnain_bashir_,1494,1433,-61,6537,2049,Codeforces Round 994 (Div. 2)
n00bmaster__,1363,1332,-31,6537,2049,Codeforces Round 994 (Div. 2)
fxnb,1143,1169,26,6537,2049,Codeforces Round 994 (Div. 2)
FIAZE_AHAMED,1183,1198,15,6537,2049,Codeforces Round 994 (Div. 2)
Ashish_,1333,1309,-24,6537,2049,Codeforces Round 994 (Div. 2)
Soad21,1348,1321,-27,6537,2049,Codeforces Round 994 (Div. 2)
Abdalla_Ayman1,1243,1242,-1,6537,2049,Codeforces Round 994 (Div. 2)
Unstoppable_Aman,1044,1100,56,6545,2049,Codeforces Round 994 (Div. 2)
Mehul_S12,1267,1297,30,6545,2049,Codeforces Round 994 (Div. 2)
Shah_Vivek_official,1120,1152,32,6545,2049,Codeforces Round 994 (Div. 2)
coder_guy86,1031,1092,61,6545,2049,Codeforces Round 994 (Div. 2)
naixinganhuoyyp,1233,1234,1,6545,2049,Codeforces Round 994 (Div. 2)
KANHA_123,1569,1491,-78,6545,2049,Codeforces Round 994 (Div. 2)
The_Mysterious18,400,734,334,6545,2049,Codeforces Round 994 (Div. 2)
Gryffindor-Shadow-SD,1047,1102,55,6545,2049,Codeforces Round 994 (Div. 2)
mk9416822,1084,1128,44,6545,2049,Codeforces Round 994 (Div. 2)
amannpatel,1008,1110,102,6545,2049,Codeforces Round 994 (Div. 2)
McLovin6,1602,1517,-85,6545,2049,Codeforces Round 994 (Div. 2)
Mayank_g4104,1126,1216,90,6545,2049,Codeforces Round 994 (Div. 2)
goatcoder69,477,793,316,6545,2049,Codeforces Round 994 (Div. 2)
Gopal,1033,1092,59,6558,2049,Codeforces Round 994 (Div. 2)
Keshav.Goyal,1118,1187,69,6558,2049,Codeforces Round 994 (Div. 2)
Avneesh7035,1129,1159,30,6558,2049,Codeforces Round 994 (Div. 2)
alokkumar97,1070,1117,47,6558,2049,Codeforces Round 994 (Div. 2)
maxsony0297,694,942,248,6558,2049,Codeforces Round 994 (Div. 2)
sava_20,1347,1320,-27,6558,2049,Codeforces Round 994 (Div. 2)
Varun301004,1277,1267,-10,6558,2049,Codeforces Round 994 (Div. 2)
MATH_AFU,1011,1078,67,6565,2049,Codeforces Round 994 (Div. 2)
PonbaPanda,1160,1181,21,6565,2049,Codeforces Round 994 (Div. 2)
kranjis,1130,1160,30,6565,2049,Codeforces Round 994 (Div. 2)
Naveen0210,1077,1122,45,6565,2049,Codeforces Round 994 (Div. 2)
cherry-001,1073,1120,47,6565,2049,Codeforces Round 994 (Div. 2)
srivikhilGodavarthi,1187,1200,13,6570,2049,Codeforces Round 994 (Div. 2)
vacuous,1339,1313,-26,6570,2049,Codeforces Round 994 (Div. 2)
penguinnoob,1382,1346,-36,6570,2049,Codeforces Round 994 (Div. 2)
Code_Show,878,991,113,6570,2049,Codeforces Round 994 (Div. 2)
Viyom10,1174,1190,16,6570,2049,Codeforces Round 994 (Div. 2)
ramjatan1154,1135,1163,28,6570,2049,Codeforces Round 994 (Div. 2)
Ruiui,1258,1252,-6,6570,2049,Codeforces Round 994 (Div. 2)
shalini_x_code,1132,1160,28,6570,2049,Codeforces Round 994 (Div. 2)
Yash_Thakur,498,808,310,6570,2049,Codeforces Round 994 (Div. 2)
lol_newbie,1182,1197,15,6570,2049,Codeforces Round 994 (Div. 2)
Shouryathelearner,975,1053,78,6570,2049,Codeforces Round 994 (Div. 2)
p4r4d0_x,1243,1241,-2,6570,2049,Codeforces Round 994 (Div. 2)
kingdv,1158,1179,21,6582,2049,Codeforces Round 994 (Div. 2)
Destroyer3763,1071,1175,104,6582,2049,Codeforces Round 994 (Div. 2)
Wilko,394,729,335,6582,2049,Codeforces Round 994 (Div. 2)
IAmANigga,965,1047,82,6582,2049,Codeforces Round 994 (Div. 2)
jeshts27,1326,1303,-23,6582,2049,Codeforces Round 994 (Div. 2)
divv_s,1055,1107,52,6582,2049,Codeforces Round 994 (Div. 2)
pusstom5,1097,1172,75,6582,2049,Codeforces Round 994 (Div. 2)
Ph0en1x_,1298,1281,-17,6589,2049,Codeforces Round 994 (Div. 2)
lord_mystery,1622,1532,-90,6589,2049,Codeforces Round 994 (Div. 2)
shivangigakhar,0,463,463,6589,2049,Codeforces Round 994 (Div. 2)
TAMIM_CSE_53,1148,1172,24,6589,2049,Codeforces Round 994 (Div. 2)
Kakeru_Diachi,1366,1334,-32,6589,2049,Codeforces Round 994 (Div. 2)
abhinav.reddy,1252,1247,-5,6589,2049,Codeforces Round 994 (Div. 2)
prakashkumar43674,1379,1343,-36,6589,2049,Codeforces Round 994 (Div. 2)
aditya_patil71,1360,1329,-31,6596,2049,Codeforces Round 994 (Div. 2)
dhruv_04,1047,1101,54,6596,2049,Codeforces Round 994 (Div. 2)
.I_.AM_.WEAK,1438,1389,-49,6596,2049,Codeforces Round 994 (Div. 2)
Abdur_Rahman_Russel,1253,1248,-5,6596,2049,Codeforces Round 994 (Div. 2)
Pavan_Sekhar,1329,1305,-24,6596,2049,Codeforces Round 994 (Div. 2)
the_apocalypse,1195,1206,11,6596,2049,Codeforces Round 994 (Div. 2)
primefury,1016,1080,64,6596,2049,Codeforces Round 994 (Div. 2)
the_enchey,1131,1160,29,6596,2049,Codeforces Round 994 (Div. 2)
_Jaswanth__,1083,1126,43,6596,2049,Codeforces Round 994 (Div. 2)
Destroyer69,1295,1279,-16,6605,2049,Codeforces Round 994 (Div. 2)
Cysheper_Code,1100,1138,38,6605,2049,Codeforces Round 994 (Div. 2)
Tyler8,1267,1258,-9,6605,2049,Codeforces Round 994 (Div. 2)
nilkant_rk2,1321,1299,-22,6605,2049,Codeforces Round 994 (Div. 2)
shreyankbhat97,1394,1355,-39,6605,2049,Codeforces Round 994 (Div. 2)
Numberknight118,749,982,233,6610,2049,Codeforces Round 994 (Div. 2)
T0TA._.,1228,1229,1,6610,2049,Codeforces Round 994 (Div. 2)
vijetakhillare02,979,1108,129,6610,2049,Codeforces Round 994 (Div. 2)
n_zhiFeng,0,463,463,6610,2049,Codeforces Round 994 (Div. 2)
yash_075,1171,1188,17,6610,2049,Codeforces Round 994 (Div. 2)
subhammldlgh,1376,1341,-35,6610,2049,Codeforces Round 994 (Div. 2)
lizhuoheng,1010,1076,66,6610,2049,Codeforces Round 994 (Div. 2)
XhDDJ,441,765,324,6610,2049,Codeforces Round 994 (Div. 2)
sp_mehedi,1197,1207,10,6618,2049,Codeforces Round 994 (Div. 2)
subhamnayak2918,1005,1072,67,6618,2049,Codeforces Round 994 (Div. 2)
hello_44,703,886,183,6618,2049,Codeforces Round 994 (Div. 2)
ozairmalakji,1640,1546,-94,6618,2049,Codeforces Round 994 (Div. 2)
siddharth_adak,1004,1072,68,6618,2049,Codeforces Round 994 (Div. 2)
gentlecoder29,1108,1143,35,6618,2049,Codeforces Round 994 (Div. 2)
Adn0n,1319,1362,43,6618,2049,Codeforces Round 994 (Div. 2)
D_NATH,1152,1210,58,6618,2049,Codeforces Round 994 (Div. 2)
aise,1508,1442,-66,6626,2049,Codeforces Round 994 (Div. 2)
DHRUV_BALIYAN,1032,1090,58,6626,2049,Codeforces Round 994 (Div. 2)
Adarsh_Pandey1145,1145,1169,24,6626,2049,Codeforces Round 994 (Div. 2)
nandan_sa,1095,1134,39,6626,2049,Codeforces Round 994 (Div. 2)
Praneeth018,978,1088,110,6626,2049,Codeforces Round 994 (Div. 2)
darkking143,1125,1155,30,6626,2049,Codeforces Round 994 (Div. 2)
Positronn,1403,1361,-42,6632,2049,Codeforces Round 994 (Div. 2)
adityasd314,854,1062,208,6632,2049,Codeforces Round 994 (Div. 2)
Quintillions,653,911,258,6632,2049,Codeforces Round 994 (Div. 2)
binary_solve,504,812,308,6632,2049,Codeforces Round 994 (Div. 2)
drizzydrake,1205,1212,7,6632,2049,Codeforces Round 994 (Div. 2)
udta_kouwa,1338,1312,-26,6637,2049,Codeforces Round 994 (Div. 2)
gdbxcvgg,1229,1230,1,6637,2049,Codeforces Round 994 (Div. 2)
nikhil404,1115,1148,33,6637,2049,Codeforces Round 994 (Div. 2)
harryle,1103,1197,94,6637,2049,Codeforces Round 994 (Div. 2)
DaninaD,373,713,340,6637,2049,Codeforces Round 994 (Div. 2)
sofialimon,1152,1174,22,6642,2049,Codeforces Round 994 (Div. 2)
Unskilled_007,1126,1156,30,6642,2049,Codeforces Round 994 (Div. 2)
kozyrevsb,0,463,463,6642,2049,Codeforces Round 994 (Div. 2)
subhojit_26,1128,1157,29,6642,2049,Codeforces Round 994 (Div. 2)
L1r0gn,637,899,262,6646,2049,Codeforces Round 994 (Div. 2)
sahilrathore03,1157,1177,20,6646,2049,Codeforces Round 994 (Div. 2)
ritik85,1242,1239,-3,6646,2049,Codeforces Round 994 (Div. 2)
Rafi_Sama,1225,1227,2,6646,2049,Codeforces Round 994 (Div. 2)
sugatdeepesh,1196,1205,9,6650,2049,Codeforces Round 994 (Div. 2)
srivastavavaibhav499,989,1061,72,6650,2049,Codeforces Round 994 (Div. 2)
rdabardaba,1161,1180,19,6650,2049,Codeforces Round 994 (Div. 2)
blazzingrocky,1152,1173,21,6650,2049,Codeforces Round 994 (Div. 2)
yatohiyo,1239,1237,-2,6650,2049,Codeforces Round 994 (Div. 2)
NightPanther,878,1037,159,6650,2049,Codeforces Round 994 (Div. 2)
T52T52,767,995,228,6650,2049,Codeforces Round 994 (Div. 2)
The_Blue_Apple,1182,1195,13,6650,2049,Codeforces Round 994 (Div. 2)
V.A.V,1219,1222,3,6650,2049,Codeforces Round 994 (Div. 2)
231002814yht,1443,1392,-51,6650,2049,Codeforces Round 994 (Div. 2)
harikumar3868,1215,1219,4,6650,2049,Codeforces Round 994 (Div. 2)
Ashu172005,1102,1138,36,6661,2049,Codeforces Round 994 (Div. 2)
jluis,464,781,317,6661,2049,Codeforces Round 994 (Div. 2)
nilay_04,1353,1322,-31,6661,2049,Codeforces Round 994 (Div. 2)
Ninja_Coder007,784,975,191,6661,2049,Codeforces Round 994 (Div. 2)
lakshyadhaka,1112,1145,33,6661,2049,Codeforces Round 994 (Div. 2)
Saidul_1,1522,1453,-69,6661,2049,Codeforces Round 994 (Div. 2)
PreyPatel,1362,1329,-33,6661,2049,Codeforces Round 994 (Div. 2)
Abhi_raj,1004,1070,66,6661,2049,Codeforces Round 994 (Div. 2)
CoderWitch09,1034,1091,57,6661,2049,Codeforces Round 994 (Div. 2)
Uzumaki123,1100,1136,36,6661,2049,Codeforces Round 994 (Div. 2)
ROHITDAScr7,1192,1202,10,6671,2049,Codeforces Round 994 (Div. 2)
tarunvyshnav,1361,1329,-32,6671,2049,Codeforces Round 994 (Div. 2)
bravichandra12,1116,1148,32,6671,2049,Codeforces Round 994 (Div. 2)
vishal_28d,975,1051,76,6674,2049,Codeforces Round 994 (Div. 2)
sensei_,1064,1111,47,6674,2049,Codeforces Round 994 (Div. 2)
Ramith04,892,998,106,6674,2049,Codeforces Round 994 (Div. 2)
maheshsharmask123,1056,1106,50,6674,2049,Codeforces Round 994 (Div. 2)
proxychainz,1340,1312,-28,6674,2049,Codeforces Round 994 (Div. 2)
utkarshletter,972,1050,78,6679,2049,Codeforces Round 994 (Div. 2)
_Zyi,1353,1322,-31,6679,2049,Codeforces Round 994 (Div. 2)
Abhinav_Thulal,1109,1142,33,6679,2049,Codeforces Round 994 (Div. 2)
HeroMinhSteve,1018,1080,62,6679,2049,Codeforces Round 994 (Div. 2)
NiamulKarim,1120,1151,31,6679,2049,Codeforces Round 994 (Div. 2)
SatinWuker,1180,1193,13,6684,2049,Codeforces Round 994 (Div. 2)
partylooper_,1192,1202,10,6684,2049,Codeforces Round 994 (Div. 2)
R.Raj,1011,1075,64,6684,2049,Codeforces Round 994 (Div. 2)
addirox_29,1168,1184,16,6684,2049,Codeforces Round 994 (Div. 2)
Devblitz,1331,1306,-25,6684,2049,Codeforces Round 994 (Div. 2)
logic_legend,1278,1265,-13,6689,2049,Codeforces Round 994 (Div. 2)
yxd12,1273,1261,-12,6689,2049,Codeforces Round 994 (Div. 2)
SandraMichelle,1038,1093,55,6689,2049,Codeforces Round 994 (Div. 2)
hemanth4646k,1232,1231,-1,6689,2049,Codeforces Round 994 (Div. 2)
zsy0237,1146,1205,59,6689,2049,Codeforces Round 994 (Div. 2)
Akhiranandha,1330,1305,-25,6689,2049,Codeforces Round 994 (Div. 2)
ROCHDI,1093,1131,38,6689,2049,Codeforces Round 994 (Div. 2)
Kanishka_bansode,1248,1243,-5,6696,2049,Codeforces Round 994 (Div. 2)
Ionut321,386,721,335,6696,2049,Codeforces Round 994 (Div. 2)
Baymax.,1210,1215,5,6696,2049,Codeforces Round 994 (Div. 2)
lovewwy,414,742,328,6699,2049,Codeforces Round 994 (Div. 2)
SuperHamster,1286,1271,-15,6699,2049,Codeforces Round 994 (Div. 2)
stillcyb3rnaut,1043,1096,53,6699,2049,Codeforces Round 994 (Div. 2)
mamtakri230605,1027,1085,58,6702,2049,Codeforces Round 994 (Div. 2)
riikka,1295,1278,-17,6702,2049,Codeforces Round 994 (Div. 2)
srikarthikkanithi,1098,1134,36,6702,2049,Codeforces Round 994 (Div. 2)
2251307025,1071,1116,45,6702,2049,Codeforces Round 994 (Div. 2)
N0t_Miki,0,461,461,6706,2049,Codeforces Round 994 (Div. 2)
Ash06,1082,1123,41,6706,2049,Codeforces Round 994 (Div. 2)
Dhruv2705,1226,1226,0,6706,2049,Codeforces Round 994 (Div. 2)
clemenceparis,1495,1431,-64,6706,2049,Codeforces Round 994 (Div. 2)
binxoc,1215,1255,40,6706,2049,Codeforces Round 994 (Div. 2)
Fly_zyf,1258,1250,-8,6706,2049,Codeforces Round 994 (Div. 2)
mohitmongia2005,1036,1091,55,6706,2049,Codeforces Round 994 (Div. 2)
Reginleyv,1235,1233,-2,6706,2049,Codeforces Round 994 (Div. 2)
World_Champion,969,1047,78,6706,2049,Codeforces Round 994 (Div. 2)
AdityaBharatiya,830,1042,212,6706,2049,Codeforces Round 994 (Div. 2)
LeGrosss,1198,1206,8,6706,2049,Codeforces Round 994 (Div. 2)
Tanishq_v010,1301,1282,-19,6706,2049,Codeforces Round 994 (Div. 2)
uwuadityaa,0,461,461,6706,2049,Codeforces Round 994 (Div. 2)
rajeev22,1156,1175,19,6706,2049,Codeforces Round 994 (Div. 2)
vanshajharsh,1284,1269,-15,6720,2049,Codeforces Round 994 (Div. 2)
SukuruAizawa,1186,1197,11,6720,2049,Codeforces Round 994 (Div. 2)
asddddd28,1436,1385,-51,6720,2049,Codeforces Round 994 (Div. 2)
ShashankGupta,1217,1219,2,6723,2049,Codeforces Round 994 (Div. 2)
B0udy_,1361,1411,50,6723,2049,Codeforces Round 994 (Div. 2)
SpanNewComet,1110,1142,32,6723,2049,Codeforces Round 994 (Div. 2)
thanhnhanqn88,1073,1117,44,6723,2049,Codeforces Round 994 (Div. 2)
sid_51,1014,1131,117,6727,2049,Codeforces Round 994 (Div. 2)
kp_s33,1206,1211,5,6727,2049,Codeforces Round 994 (Div. 2)
AKAeclipse,1187,1197,10,6727,2049,Codeforces Round 994 (Div. 2)
202201431,1006,1071,65,6727,2049,Codeforces Round 994 (Div. 2)
XeroxFlynn,1191,1200,9,6727,2049,Codeforces Round 994 (Div. 2)
Casio-AEQ-120W-1AVDF,799,1018,219,6727,2049,Codeforces Round 994 (Div. 2)
manoj95713,1504,1438,-66,6727,2049,Codeforces Round 994 (Div. 2)
SumBree,681,929,248,6734,2049,Codeforces Round 994 (Div. 2)
harsh_0_1,1252,1245,-7,6734,2049,Codeforces Round 994 (Div. 2)
KmAt1072,1048,1099,51,6734,2049,Codeforces Round 994 (Div. 2)
kutu,1348,1318,-30,6734,2049,Codeforces Round 994 (Div. 2)
arjun_g325,1289,1273,-16,6734,2049,Codeforces Round 994 (Div. 2)
ashab.tanim,1110,1142,32,6734,2049,Codeforces Round 994 (Div. 2)
iRitik,1195,1203,8,6734,2049,Codeforces Round 994 (Div. 2)
error_400,1417,1370,-47,6741,2049,Codeforces Round 994 (Div. 2)
JoNTy_357,1128,1155,27,6741,2049,Codeforces Round 994 (Div. 2)
kumarangel427,923,1016,93,6741,2049,Codeforces Round 994 (Div. 2)
pandihoo,987,1121,134,6741,2049,Codeforces Round 994 (Div. 2)
arshilyusuf,1123,1210,87,6741,2049,Codeforces Round 994 (Div. 2)
harshagr0110,1385,1346,-39,6741,2049,Codeforces Round 994 (Div. 2)
lyricx,1110,1142,32,6741,2049,Codeforces Round 994 (Div. 2)
Areal27,1213,1216,3,6748,2049,Codeforces Round 994 (Div. 2)
sujal_appa,1103,1137,34,6748,2049,Codeforces Round 994 (Div. 2)
Excelll,1146,1167,21,6748,2049,Codeforces Round 994 (Div. 2)
A.barwar,1271,1259,-12,6748,2049,Codeforces Round 994 (Div. 2)
Trefoil_Chill_Guy,677,926,249,6748,2049,Codeforces Round 994 (Div. 2)
cocofhu,1404,1360,-44,6748,2049,Codeforces Round 994 (Div. 2)
ricardo-s,1461,1404,-57,6754,2049,Codeforces Round 994 (Div. 2)
afterlight,1322,1297,-25,6754,2049,Codeforces Round 994 (Div. 2)
VoHT,1450,1395,-55,6754,2049,Codeforces Round 994 (Div. 2)
RenukaMV,1294,1276,-18,6754,2049,Codeforces Round 994 (Div. 2)
agentrico09_09,1172,1186,14,6754,2049,Codeforces Round 994 (Div. 2)
ahmed_hassanM,1235,1232,-3,6754,2049,Codeforces Round 994 (Div. 2)
theSTRONGEST_,952,1034,82,6754,2049,Codeforces Round 994 (Div. 2)
ereklezurashvili,1219,1220,1,6754,2049,Codeforces Round 994 (Div. 2)
RAMODER,1201,1207,6,6754,2049,Codeforces Round 994 (Div. 2)
AL-FAIZ,1192,1200,8,6754,2049,Codeforces Round 994 (Div. 2)
_Promise_,671,922,251,6754,2049,Codeforces Round 994 (Div. 2)
adevansh2005,1103,1137,34,6754,2049,Codeforces Round 994 (Div. 2)
rAGEx,1050,1100,50,6766,2049,Codeforces Round 994 (Div. 2)
Paul_dirac29,1070,1114,44,6766,2049,Codeforces Round 994 (Div. 2)
shashanksinghyadav,1155,1234,79,6766,2049,Codeforces Round 994 (Div. 2)
EXPERT_096,988,1058,70,6766,2049,Codeforces Round 994 (Div. 2)
cdrmanish,1177,1189,12,6766,2049,Codeforces Round 994 (Div. 2)
NRZ,803,1021,218,6766,2049,Codeforces Round 994 (Div. 2)
harekrishnaharerama,501,807,306,6772,2049,Codeforces Round 994 (Div. 2)
champion18,1015,1110,95,6772,2049,Codeforces Round 994 (Div. 2)
Divyansh_kumar123,994,1062,68,6772,2049,Codeforces Round 994 (Div. 2)
Xavqos,847,1014,167,6772,2049,Codeforces Round 994 (Div. 2)
RedDemons,1395,1353,-42,6772,2049,Codeforces Round 994 (Div. 2)
Nandan1436,1273,1260,-13,6772,2049,Codeforces Round 994 (Div. 2)
Chirag_Gupta5,1061,1107,46,6772,2049,Codeforces Round 994 (Div. 2)
pawanchanukya,1481,1419,-62,6779,2049,Codeforces Round 994 (Div. 2)
Icy_,1023,1081,58,6779,2049,Codeforces Round 994 (Div. 2)
01hcaijiahao,1224,1223,-1,6779,2049,Codeforces Round 994 (Div. 2)
harshitraj969,1242,1237,-5,6779,2049,Codeforces Round 994 (Div. 2)
PrimePirate,1114,1144,30,6779,2049,Codeforces Round 994 (Div. 2)
ERIN_CYH,443,763,320,6779,2049,Codeforces Round 994 (Div. 2)
idontknow21_,1200,1206,6,6779,2049,Codeforces Round 994 (Div. 2)
Codez.05,1246,1240,-6,6779,2049,Codeforces Round 994 (Div. 2)
_shelby70,1414,1367,-47,6787,2049,Codeforces Round 994 (Div. 2)
Sanskarpandey1510,1222,1222,0,6787,2049,Codeforces Round 994 (Div. 2)
ammar_shaikh,1790,1663,-127,6787,2049,Codeforces Round 994 (Div. 2)
Shivansh_Mi,1210,1213,3,6787,2049,Codeforces Round 994 (Div. 2)
om_malviya,1055,1102,47,6787,2049,Codeforces Round 994 (Div. 2)
benz_19,926,1017,91,6787,2049,Codeforces Round 994 (Div. 2)
Lakshya_Rani,1199,1205,6,6787,2049,Codeforces Round 994 (Div. 2)
tek-wizard,1189,1198,9,6794,2049,Codeforces Round 994 (Div. 2)
b0nkimch0ndro,1104,1137,33,6794,2049,Codeforces Round 994 (Div. 2)
sarbojit_007,1223,1222,-1,6794,2049,Codeforces Round 994 (Div. 2)
Than0s_op,1342,1312,-30,6794,2049,Codeforces Round 994 (Div. 2)
Le0.,375,711,336,6794,2049,Codeforces Round 994 (Div. 2)
nishchay_06,1113,1143,30,6799,2049,Codeforces Round 994 (Div. 2)
NodeMon,0,460,460,6799,2049,Codeforces Round 994 (Div. 2)
suryanshtiwari1811,0,460,460,6799,2049,Codeforces Round 994 (Div. 2)
ahmedrezk14,1208,1211,3,6802,2049,Codeforces Round 994 (Div. 2)
theapexpredator_10,1239,1234,-5,6802,2049,Codeforces Round 994 (Div. 2)
nilesar,1118,1146,28,6802,2049,Codeforces Round 994 (Div. 2)
EaslyubitsS,1217,1218,1,6802,2049,Codeforces Round 994 (Div. 2)
Noname-researcher,1432,1380,-52,6802,2049,Codeforces Round 994 (Div. 2)
xubaichuan,1049,1167,118,6802,2049,Codeforces Round 994 (Div. 2)
sarfaraz.8.kh,1023,1081,58,6802,2049,Codeforces Round 994 (Div. 2)
KVK18,1009,1071,62,6802,2049,Codeforces Round 994 (Div. 2)
mohit0011,928,1018,90,6802,2049,Codeforces Round 994 (Div. 2)
Aishwarya_shukl057,978,1050,72,6802,2049,Codeforces Round 994 (Div. 2)
manirht_45,1203,1208,5,6802,2049,Codeforces Round 994 (Div. 2)
halfpast5,970,1079,109,6802,2049,Codeforces Round 994 (Div. 2)
Emperor_N,1295,1276,-19,6814,2049,Codeforces Round 994 (Div. 2)
lllyyy,364,703,339,6814,2049,Codeforces Round 994 (Div. 2)
RecursiveRage,1175,1187,12,6814,2049,Codeforces Round 994 (Div. 2)
qbaiyu,1260,1250,-10,6814,2049,Codeforces Round 994 (Div. 2)
vegeta_2907,1200,1205,5,6814,2049,Codeforces Round 994 (Div. 2)
zjngr,1178,1189,11,6819,2049,Codeforces Round 994 (Div. 2)
SerajOmar,1286,1269,-17,6819,2049,Codeforces Round 994 (Div. 2)
dipu1927,1345,1314,-31,6819,2049,Codeforces Round 994 (Div. 2)
Diptangshu_DC,1090,1126,36,6819,2049,Codeforces Round 994 (Div. 2)
Utsav_21,1220,1220,0,6819,2049,Codeforces Round 994 (Div. 2)
_Tremor_,1229,1226,-3,6824,2049,Codeforces Round 994 (Div. 2)
SEGFaultED1,1158,1175,17,6824,2049,Codeforces Round 994 (Div. 2)
Pie-O-My,1146,1202,56,6824,2049,Codeforces Round 994 (Div. 2)
siddhesh__56,1288,1270,-18,6827,2049,Codeforces Round 994 (Div. 2)
graph_theory,0,460,460,6827,2049,Codeforces Round 994 (Div. 2)
SaiMourya,1223,1222,-1,6827,2049,Codeforces Round 994 (Div. 2)
0410shubham,1148,1167,19,6827,2049,Codeforces Round 994 (Div. 2)
Rdr_Kartik,1097,1131,34,6827,2049,Codeforces Round 994 (Div. 2)
bharathsan,1344,1313,-31,6832,2049,Codeforces Round 994 (Div. 2)
sparrow_harsh,1213,1214,1,6832,2049,Codeforces Round 994 (Div. 2)
muhammad1072,989,1091,102,6832,2049,Codeforces Round 994 (Div. 2)
codaline,1258,1248,-10,6832,2049,Codeforces Round 994 (Div. 2)
Qw04_Dragoknight,1124,1150,26,6832,2049,Codeforces Round 994 (Div. 2)
Neon099,1218,1218,0,6832,2049,Codeforces Round 994 (Div. 2)
Bruce_wayne__,1296,1277,-19,6838,2049,Codeforces Round 994 (Div. 2)
Screwedupmr,1013,1073,60,6838,2049,Codeforces Round 994 (Div. 2)
bobobor,700,914,214,6838,2049,Codeforces Round 994 (Div. 2)
saumyabamrara,945,1028,83,6838,2049,Codeforces Round 994 (Div. 2)
Munda_Faridkotia,1328,1301,-27,6842,2049,Codeforces Round 994 (Div. 2)
secondUsername,1342,1311,-31,6842,2049,Codeforces Round 994 (Div. 2)
singh_3662,1163,1178,15,6842,2049,Codeforces Round 994 (Div. 2)
TheFormalGuy,1157,1174,17,6842,2049,Codeforces Round 994 (Div. 2)
ArynRajani,1160,1176,16,6842,2049,Codeforces Round 994 (Div. 2)
Dheeraj_007,1360,1325,-35,6842,2049,Codeforces Round 994 (Div. 2)
harshityadav28541,1052,1100,48,6842,2049,Codeforces Round 994 (Div. 2)
krshailendra,909,1005,96,6842,2049,Codeforces Round 994 (Div. 2)
kodesky,1363,1327,-36,6850,2049,Codeforces Round 994 (Div. 2)
HazeMOONium,1140,1161,21,6850,2049,Codeforces Round 994 (Div. 2)
dyadav15112005,1206,1209,3,6850,2049,Codeforces Round 994 (Div. 2)
Rook898,0,459,459,6850,2049,Codeforces Round 994 (Div. 2)
akdaww,1412,1365,-47,6850,2049,Codeforces Round 994 (Div. 2)
YEdh,1379,1339,-40,6850,2049,Codeforces Round 994 (Div. 2)
truong_8502,1096,1130,34,6850,2049,Codeforces Round 994 (Div. 2)
apnfunk,986,1055,69,6850,2049,Codeforces Round 994 (Div. 2)
TODINSON,1281,1264,-17,6850,2049,Codeforces Round 994 (Div. 2)
SudoKuder,1115,1143,28,6850,2049,Codeforces Round 994 (Div. 2)
BLWxHarshh,1326,1299,-27,6850,2049,Codeforces Round 994 (Div. 2)
Mikhil,1138,1160,22,6850,2049,Codeforces Round 994 (Div. 2)
RajatxSilver,1142,1162,20,6862,2049,Codeforces Round 994 (Div. 2)
sakurajimamayi,851,1019,168,6862,2049,Codeforces Round 994 (Div. 2)
Erbolat-R-019-28,1267,1254,-13,6862,2049,Codeforces Round 994 (Div. 2)
GVSaiPraneeth,1407,1361,-46,6862,2049,Codeforces Round 994 (Div. 2)
_sandeep_charlie,1190,1197,7,6862,2049,Codeforces Round 994 (Div. 2)
ayushsahu_123,1503,1435,-68,6862,2049,Codeforces Round 994 (Div. 2)
Talent_Camellia,1511,1441,-70,6862,2049,Codeforces Round 994 (Div. 2)
happyrebecca,960,1037,77,6862,2049,Codeforces Round 994 (Div. 2)
ITBlockZ,1184,1193,9,6862,2049,Codeforces Round 994 (Div. 2)
3028598146,1249,1240,-9,6862,2049,Codeforces Round 994 (Div. 2)
MostafaOsman,1133,1156,23,6872,2049,Codeforces Round 994 (Div. 2)
mdeasintuha,1056,1102,46,6872,2049,Codeforces Round 994 (Div. 2)
Sharit_2846,1359,1324,-35,6872,2049,Codeforces Round 994 (Div. 2)
GPT5O,600,882,282,6872,2049,Codeforces Round 994 (Div. 2)
MESSI_THE_ONLY_GOAT,1330,1302,-28,6872,2049,Codeforces Round 994 (Div. 2)
ayush1608,958,1036,78,6872,2049,Codeforces Round 994 (Div. 2)
vajaniharsh124,1249,1240,-9,6872,2049,Codeforces Round 994 (Div. 2)
MarcosViniciusG,1166,1179,13,6872,2049,Codeforces Round 994 (Div. 2)
apollo07,1360,1324,-36,6872,2049,Codeforces Round 994 (Div. 2)
arivaatral,976,1101,125,6881,2049,Codeforces Round 994 (Div. 2)
GREAT_ONE,1404,1358,-46,6881,2049,Codeforces Round 994 (Div. 2)
P3T3F,1138,1159,21,6881,2049,Codeforces Round 994 (Div. 2)
Adarsh_singh,1187,1195,8,6881,2049,Codeforces Round 994 (Div. 2)
Shubh_Garg,1243,1236,-7,6881,2049,Codeforces Round 994 (Div. 2)
the_aryan_1712,1156,1172,16,6881,2049,Codeforces Round 994 (Div. 2)
Codesystem,1205,1208,3,6881,2049,Codeforces Round 994 (Div. 2)
NSR_55,959,1036,77,6888,2049,Codeforces Round 994 (Div. 2)
avijay95,589,860,271,6888,2049,Codeforces Round 994 (Div. 2)
xiyangdaxia,1199,1203,4,6888,2049,Codeforces Round 994 (Div. 2)
vaishnavi.pandey.ece22,1158,1173,15,6888,2049,Codeforces Round 994 (Div. 2)
wingbuster,1021,1133,112,6888,2049,Codeforces Round 994 (Div. 2)
sa2i21,1348,1315,-33,6888,2049,Codeforces Round 994 (Div. 2)
Ayush_Baghel,1373,1334,-39,6888,2049,Codeforces Round 994 (Div. 2)
vaibhavg26,1206,1245,39,6895,2049,Codeforces Round 994 (Div. 2)
TDzq,0,459,459,6895,2049,Codeforces Round 994 (Div. 2)
Ktoxz,1342,1310,-32,6895,2049,Codeforces Round 994 (Div. 2)
manaskhetan09,479,789,310,6895,2049,Codeforces Round 994 (Div. 2)
SherwayLi,1298,1277,-21,6895,2049,Codeforces Round 994 (Div. 2)
lakshay_7_garg,1142,1162,20,6900,2049,Codeforces Round 994 (Div. 2)
Satvik_Rao,1093,1127,34,6900,2049,Codeforces Round 994 (Div. 2)
ja_ya,1208,1210,2,6900,2049,Codeforces Round 994 (Div. 2)
seasmoke_,1208,1210,2,6900,2049,Codeforces Round 994 (Div. 2)
Makaty,1038,1089,51,6900,2049,Codeforces Round 994 (Div. 2)
Nyxius,1187,1194,7,6900,2049,Codeforces Round 994 (Div. 2)
DestructorX,1209,1210,1,6906,2049,Codeforces Round 994 (Div. 2)
PunitSukhani,1250,1241,-9,6906,2049,Codeforces Round 994 (Div. 2)
thocon6969,1710,1597,-113,6906,2049,Codeforces Round 994 (Div. 2)
SilverCobra123,799,981,182,6906,2049,Codeforces Round 994 (Div. 2)
Jigyansh_Sharma,1110,1139,29,6906,2049,Codeforces Round 994 (Div. 2)
MrImmortal09,1198,1202,4,6911,2049,Codeforces Round 994 (Div. 2)
Ayariyanam,1132,1154,22,6911,2049,Codeforces Round 994 (Div. 2)
Mp3949,1221,1219,-2,6911,2049,Codeforces Round 994 (Div. 2)
yilu123,1020,1076,56,6911,2049,Codeforces Round 994 (Div. 2)
phantomphoton_,907,1002,95,6911,2049,Codeforces Round 994 (Div. 2)
Riyaan,948,1080,132,6916,2049,Codeforces Round 994 (Div. 2)
CSK_13,1120,1146,26,6916,2049,Codeforces Round 994 (Div. 2)
rahulgamings46,1126,1150,24,6916,2049,Codeforces Round 994 (Div. 2)
khushi_mishra,1123,1148,25,6916,2049,Codeforces Round 994 (Div. 2)
k2106,1429,1377,-52,6916,2049,Codeforces Round 994 (Div. 2)
Ahmad12,1337,1306,-31,6916,2049,Codeforces Round 994 (Div. 2)
hehe_boi30,1160,1174,14,6922,2049,Codeforces Round 994 (Div. 2)
starfishcoding,0,458,458,6922,2049,Codeforces Round 994 (Div. 2)
snowflake05,1048,1095,47,6922,2049,Codeforces Round 994 (Div. 2)
shraddha_sri,1157,1172,15,6922,2049,Codeforces Round 994 (Div. 2)
Nishad86,971,1077,106,6922,2049,Codeforces Round 994 (Div. 2)
isha2422,871,979,108,6922,2049,Codeforces Round 994 (Div. 2)
dev_alt,1335,1305,-30,6928,2049,Codeforces Round 994 (Div. 2)
Sujal_23102453,849,965,116,6928,2049,Codeforces Round 994 (Div. 2)
Shreyansh_70,1072,1169,97,6928,2049,Codeforces Round 994 (Div. 2)
pac-man,1507,1437,-70,6928,2049,Codeforces Round 994 (Div. 2)
Suraj_Singh07,1014,1139,125,6928,2049,Codeforces Round 994 (Div. 2)
horiboss,1136,1157,21,6933,2049,Codeforces Round 994 (Div. 2)
anbeidan,1137,1157,20,6933,2049,Codeforces Round 994 (Div. 2)
Sukhbir_bachhal,1194,1199,5,6933,2049,Codeforces Round 994 (Div. 2)
OmarZydan,1272,1256,-16,6933,2049,Codeforces Round 994 (Div. 2)
_unknow,0,458,458,6933,2049,Codeforces Round 994 (Div. 2)
sizzling_brownie,651,904,253,6933,2049,Codeforces Round 994 (Div. 2)
Aayush_0305,1101,1132,31,6933,2049,Codeforces Round 994 (Div. 2)
hgoel3105,1151,1167,16,6933,2049,Codeforces Round 994 (Div. 2)
girish18,1203,1205,2,6933,2049,Codeforces Round 994 (Div. 2)
kunj_bhesaniya,1069,1109,40,6933,2049,Codeforces Round 994 (Div. 2)
K3br,1491,1425,-66,6933,2049,Codeforces Round 994 (Div. 2)
acodead3,0,458,458,6944,2049,Codeforces Round 994 (Div. 2)
Ziad_Ebrahim,1239,1232,-7,6944,2049,Codeforces Round 994 (Div. 2)
akashtiwari0704,1244,1235,-9,6944,2049,Codeforces Round 994 (Div. 2)
JesterKing,1337,1306,-31,6944,2049,Codeforces Round 994 (Div. 2)
BlizGale,1573,1489,-84,6944,2049,Codeforces Round 994 (Div. 2)
leofiber,0,458,458,6944,2049,Codeforces Round 994 (Div. 2)
KHU5HWANT,390,720,330,6944,2049,Codeforces Round 994 (Div. 2)
A_turki,820,947,127,6944,2049,Codeforces Round 994 (Div. 2)
birajlayek1230,0,458,458,6952,2049,Codeforces Round 994 (Div. 2)
Renukas,1166,1178,12,6952,2049,Codeforces Round 994 (Div. 2)
Saurabh_1729,1214,1213,-1,6952,2049,Codeforces Round 994 (Div. 2)
praveen1547,1098,1130,32,6952,2049,Codeforces Round 994 (Div. 2)
Durga_456,1273,1257,-16,6952,2049,Codeforces Round 994 (Div. 2)
atharwazawar23,1368,1329,-39,6957,2049,Codeforces Round 994 (Div. 2)
rudranshverma,1219,1217,-2,6957,2049,Codeforces Round 994 (Div. 2)
agm17,1122,1146,24,6957,2049,Codeforces Round 994 (Div. 2)
EmmanuelRojas,1293,1272,-21,6960,2049,Codeforces Round 994 (Div. 2)
AJAY,1159,1173,14,6960,2049,Codeforces Round 994 (Div. 2)
Aditya_Prajesh101,1073,1112,39,6960,2049,Codeforces Round 994 (Div. 2)
Om_Singh_,1444,1388,-56,6963,2049,Codeforces Round 994 (Div. 2)
acTiOn_kAmeN___,1097,1129,32,6963,2049,Codeforces Round 994 (Div. 2)
s_shaurya,1042,1090,48,6963,2049,Codeforces Round 994 (Div. 2)
Harchit,1138,1157,19,6963,2049,Codeforces Round 994 (Div. 2)
shishi_maru,1370,1331,-39,6963,2049,Codeforces Round 994 (Div. 2)
Shrey_Annihilatrix,789,928,139,6968,2049,Codeforces Round 994 (Div. 2)
blinderchief,1070,1110,40,6968,2049,Codeforces Round 994 (Div. 2)
lonely_warrior_lak0708,1062,1104,42,6968,2049,Codeforces Round 994 (Div. 2)
salehin_076923,1275,1258,-17,6968,2049,Codeforces Round 994 (Div. 2)
NinjaDeepak,1422,1371,-51,6968,2049,Codeforces Round 994 (Div. 2)
Virtual_Master,1038,1122,84,6968,2049,Codeforces Round 994 (Div. 2)
vishalkumarr420,907,1001,94,6968,2049,Codeforces Round 994 (Div. 2)
Advaid,1410,1361,-49,6968,2049,Codeforces Round 994 (Div. 2)
krish_ag087,1269,1253,-16,6976,2049,Codeforces Round 994 (Div. 2)
_calendar,1087,1122,35,6976,2049,Codeforces Round 994 (Div. 2)
KOHAKU0530,1093,1125,32,6976,2049,Codeforces Round 994 (Div. 2)
wizard6969,952,1030,78,6976,2049,Codeforces Round 994 (Div. 2)
koodwaan,1097,1128,31,6976,2049,Codeforces Round 994 (Div. 2)
zhuqing,1245,1236,-9,6976,2049,Codeforces Round 994 (Div. 2)
abhishekkkk,1227,1222,-5,6976,2049,Codeforces Round 994 (Div. 2)
adhityakant,1338,1306,-32,6976,2049,Codeforces Round 994 (Div. 2)
sm_10,967,1040,73,6984,2049,Codeforces Round 994 (Div. 2)
code_fighter1011,1198,1200,2,6985,2049,Codeforces Round 994 (Div. 2)
KushalAgrawal,978,1047,69,6985,2049,Codeforces Round 994 (Div. 2)
king_vsv,1148,1200,52,6985,2049,Codeforces Round 994 (Div. 2)
iAM_CODER_BHAI,1148,1164,16,6985,2049,Codeforces Round 994 (Div. 2)
Akil_Newaz_Chy,1214,1212,-2,6985,2049,Codeforces Round 994 (Div. 2)
SpacePetrolDelta,959,1034,75,6985,2049,Codeforces Round 994 (Div. 2)
bhujbalaniket2003,1224,1220,-4,6985,2049,Codeforces Round 994 (Div. 2)
Alice486,1275,1258,-17,6992,2049,Codeforces Round 994 (Div. 2)
Sourabh_Malviya,930,1015,85,6992,2049,Codeforces Round 994 (Div. 2)
Naveen264,1203,1204,1,6992,2049,Codeforces Round 994 (Div. 2)
cricrazy_001,1343,1310,-33,6992,2049,Codeforces Round 994 (Div. 2)
skipper_108,1153,1168,15,6992,2049,Codeforces Round 994 (Div. 2)
kartik_2005,1300,1277,-23,6992,2049,Codeforces Round 994 (Div. 2)
nish0602,1002,1097,95,6992,2049,Codeforces Round 994 (Div. 2)
Toronto.Tokyo,1132,1153,21,6999,2049,Codeforces Round 994 (Div. 2)
spandev,1090,1123,33,6999,2049,Codeforces Round 994 (Div. 2)
TERRA2k5,1167,1178,11,7001,2049,Codeforces Round 994 (Div. 2)
sury666,1392,1347,-45,7001,2049,Codeforces Round 994 (Div. 2)
Gautam_100,1310,1284,-26,7001,2049,Codeforces Round 994 (Div. 2)
Deft1592,1119,1143,24,7001,2049,Codeforces Round 994 (Div. 2)
MysticMavericks,1159,1172,13,7001,2049,Codeforces Round 994 (Div. 2)
andre_rei,1464,1403,-61,7001,2049,Codeforces Round 994 (Div. 2)
notark,1095,1126,31,7007,2049,Codeforces Round 994 (Div. 2)
exorcisT777,1180,1187,7,7007,2049,Codeforces Round 994 (Div. 2)
170zhiyixi,1461,1400,-61,7007,2049,Codeforces Round 994 (Div. 2)
AaryanSriram,1121,1144,23,7007,2049,Codeforces Round 994 (Div. 2)
tbd108,1037,1142,105,7007,2049,Codeforces Round 994 (Div. 2)
Nikhildeshmukh,1109,1136,27,7012,2049,Codeforces Round 994 (Div. 2)
mahdavifar,1717,1602,-115,7012,2049,Codeforces Round 994 (Div. 2)
_IshanAryan_,1043,1090,47,7012,2049,Codeforces Round 994 (Div. 2)
iamvhk,1071,1109,38,7012,2049,Codeforces Round 994 (Div. 2)
Rohan.D.Skaria,1329,1299,-30,7012,2049,Codeforces Round 994 (Div. 2)
D_D,1285,1265,-20,7017,2049,Codeforces Round 994 (Div. 2)
nharif_01733,1089,1157,68,7017,2049,Codeforces Round 994 (Div. 2)
kishores.cse2023,1160,1173,13,7017,2049,Codeforces Round 994 (Div. 2)
AmongUsIsCool,1185,1191,6,7017,2049,Codeforces Round 994 (Div. 2)
9596,1192,1196,4,7017,2049,Codeforces Round 994 (Div. 2)
awestruck_,0,457,457,7017,2049,Codeforces Round 994 (Div. 2)
Eun_ha,1492,1424,-68,7023,2049,Codeforces Round 994 (Div. 2)
Rakesh_Padala,795,976,181,7023,2049,Codeforces Round 994 (Div. 2)
devecent,1295,1272,-23,7023,2049,Codeforces Round 994 (Div. 2)
RoronoaZoro2200,1349,1314,-35,7023,2049,Codeforces Round 994 (Div. 2)
Aman_Mangukiya,1357,1320,-37,7023,2049,Codeforces Round 994 (Div. 2)
Nayeem22,1501,1431,-70,7023,2049,Codeforces Round 994 (Div. 2)
grigory7,1333,1302,-31,7023,2049,Codeforces Round 994 (Div. 2)
AliEmadi,1061,1102,41,7023,2049,Codeforces Round 994 (Div. 2)
Alex._,1052,1096,44,7031,2049,Codeforces Round 994 (Div. 2)
MOH_LazyCoder_HSN,1215,1212,-3,7031,2049,Codeforces Round 994 (Div. 2)
Eric_cc,1053,1097,44,7031,2049,Codeforces Round 994 (Div. 2)
himmimehta21,1067,1106,39,7031,2049,Codeforces Round 994 (Div. 2)
chaitanya21kumar,993,1056,63,7031,2049,Codeforces Round 994 (Div. 2)
Eternal_Sky,420,742,322,7031,2049,Codeforces Round 994 (Div. 2)
Deepshikha22_,1122,1145,23,7031,2049,Codeforces Round 994 (Div. 2)
nishant_10002,529,825,296,7031,2049,Codeforces Round 994 (Div. 2)
__DopamIne,1333,1301,-32,7039,2049,Codeforces Round 994 (Div. 2)
ndthanhlam3003,1058,1100,42,7039,2049,Codeforces Round 994 (Div. 2)
Mr_Gajera112,958,1032,74,7039,2049,Codeforces Round 994 (Div. 2)
anujindal1406,1163,1174,11,7039,2049,Codeforces Round 994 (Div. 2)
sanjaysiddhu999,916,1005,89,7043,2049,Codeforces Round 994 (Div. 2)
atharva.kj,1338,1305,-33,7043,2049,Codeforces Round 994 (Div. 2)
ECLIPSE87878,712,947,235,7045,2049,Codeforces Round 994 (Div. 2)
mj_riffu,1285,1265,-20,7045,2049,Codeforces Round 994 (Div. 2)
devansh_arora,987,1116,129,7047,2049,Codeforces Round 994 (Div. 2)
ameyaunchagaonkar,1079,1114,35,7047,2049,Codeforces Round 994 (Div. 2)
Fighter05vaibhav,1200,1201,1,7049,2049,Codeforces Round 994 (Div. 2)
nikhil172,983,1049,66,7049,2049,Codeforces Round 994 (Div. 2)
amit_roy,1239,1230,-9,7049,2049,Codeforces Round 994 (Div. 2)
chreh,475,783,308,7049,2049,Codeforces Round 994 (Div. 2)
Rajnesh34698,1130,1150,20,7049,2049,Codeforces Round 994 (Div. 2)
VICUNA666,1193,1196,3,7049,2049,Codeforces Round 994 (Div. 2)
Abhin_07av,774,994,220,7049,2049,Codeforces Round 994 (Div. 2)
emptyUser,1237,1229,-8,7056,2049,Codeforces Round 994 (Div. 2)
bluish,1233,1225,-8,7056,2049,Codeforces Round 994 (Div. 2)
depressed,1246,1235,-11,7056,2049,Codeforces Round 994 (Div. 2)
sneekyblinder,1076,1112,36,7056,2049,Codeforces Round 994 (Div. 2)
db2005,1354,1317,-37,7056,2049,Codeforces Round 994 (Div. 2)
d3v.souparno.ch28,957,1031,74,7056,2049,Codeforces Round 994 (Div. 2)
ByteKnight2005,1105,1132,27,7056,2049,Codeforces Round 994 (Div. 2)
Anuj344,1366,1326,-40,7063,2049,Codeforces Round 994 (Div. 2)
dhruva_k04,1206,1205,-1,7063,2049,Codeforces Round 994 (Div. 2)
wjh123000,1163,1174,11,7063,2049,Codeforces Round 994 (Div. 2)
npnainav,1148,1163,15,7063,2049,Codeforces Round 994 (Div. 2)
convnet,1329,1298,-31,7063,2049,Codeforces Round 994 (Div. 2)
2021MCB1253,1250,1238,-12,7063,2049,Codeforces Round 994 (Div. 2)
WiseKid,1160,1172,12,7069,2049,Codeforces Round 994 (Div. 2)
Always_WA14,1259,1244,-15,7069,2049,Codeforces Round 994 (Div. 2)
nahin.binkaysar,1253,1240,-13,7069,2049,Codeforces Round 994 (Div. 2)
maruf_khan96,1165,1175,10,7069,2049,Codeforces Round 994 (Div. 2)
Sumon_Ahmed,1396,1349,-47,7069,2049,Codeforces Round 994 (Div. 2)
fanXvirat,1115,1140,25,7069,2049,Codeforces Round 994 (Div. 2)
oojamchaudhary,1211,1209,-2,7075,2049,Codeforces Round 994 (Div. 2)
Sachin446,1028,1079,51,7075,2049,Codeforces Round 994 (Div. 2)
prabal8899,1358,1320,-38,7077,2049,Codeforces Round 994 (Div. 2)
hridyansh2809,1582,1494,-88,7077,2049,Codeforces Round 994 (Div. 2)
Arman0604,886,985,99,7077,2049,Codeforces Round 994 (Div. 2)
ash_cp,1057,1098,41,7077,2049,Codeforces Round 994 (Div. 2)
TheJackedBrain,1138,1155,17,7077,2049,Codeforces Round 994 (Div. 2)
sbmraj03,1212,1209,-3,7077,2049,Codeforces Round 994 (Div. 2)
Intracon,1215,1212,-3,7077,2049,Codeforces Round 994 (Div. 2)
shinigami777,1240,1230,-10,7077,2049,Codeforces Round 994 (Div. 2)
Kuroudo,1401,1352,-49,7077,2049,Codeforces Round 994 (Div. 2)
MWORLDY,0,455,455,7086,2049,Codeforces Round 994 (Div. 2)
sujal109,1271,1254,-17,7086,2049,Codeforces Round 994 (Div. 2)
AResh,1196,1198,2,7086,2049,Codeforces Round 994 (Div. 2)
Jayansh_805,1164,1174,10,7086,2049,Codeforces Round 994 (Div. 2)
Moiz_Ali,1127,1147,20,7090,2049,Codeforces Round 994 (Div. 2)
Derarinho,1564,1480,-84,7090,2049,Codeforces Round 994 (Div. 2)
MinGW_JDC,1351,1314,-37,7090,2049,Codeforces Round 994 (Div. 2)
hjumph,677,920,243,7090,2049,Codeforces Round 994 (Div. 2)
sarvesh225,1208,1206,-2,7094,2049,Codeforces Round 994 (Div. 2)
ShonenDev,1099,1127,28,7094,2049,Codeforces Round 994 (Div. 2)
c______,1253,1278,25,7094,2049,Codeforces Round 994 (Div. 2)
EmKaanTheKing,1170,1178,8,7094,2049,Codeforces Round 994 (Div. 2)
Light2211,1093,1123,30,7094,2049,Codeforces Round 994 (Div. 2)
_Madi,1056,1097,41,7099,2049,Codeforces Round 994 (Div. 2)
yajme,1010,1133,123,7099,2049,Codeforces Round 994 (Div. 2)
WyLx,1125,1146,21,7099,2049,Codeforces Round 994 (Div. 2)
ryanultasnia098,886,1040,154,7102,2049,Codeforces Round 994 (Div. 2)
professionalgamerz36,902,1044,142,7103,2049,Codeforces Round 994 (Div. 2)
The_Suhriday_72,1208,1206,-2,7103,2049,Codeforces Round 994 (Div. 2)
Adarsh__Pal,1242,1231,-11,7103,2049,Codeforces Round 994 (Div. 2)
durud.,1047,1091,44,7103,2049,Codeforces Round 994 (Div. 2)
achkoz,1170,1178,8,7103,2049,Codeforces Round 994 (Div. 2)
tAatreya7,998,1124,126,7103,2049,Codeforces Round 994 (Div. 2)
Accclk,1134,1152,18,7109,2049,Codeforces Round 994 (Div. 2)
genka.,1011,1133,122,7109,2049,Codeforces Round 994 (Div. 2)
Abhi__14gyan,978,1109,131,7109,2049,Codeforces Round 994 (Div. 2)
navneet2311,1270,1253,-17,7109,2049,Codeforces Round 994 (Div. 2)
sushant_wayal,1395,1348,-47,7109,2049,Codeforces Round 994 (Div. 2)
viraaz11,1279,1259,-20,7109,2049,Codeforces Round 994 (Div. 2)
justMayank,1180,1185,5,7115,2049,Codeforces Round 994 (Div. 2)
ShobhitVasaniya,782,920,138,7115,2049,Codeforces Round 994 (Div. 2)
hasanjakir,1253,1239,-14,7115,2049,Codeforces Round 994 (Div. 2)
m0ttzyM,1374,1331,-43,7115,2049,Codeforces Round 994 (Div. 2)
AbduAlrimali,1144,1159,15,7115,2049,Codeforces Round 994 (Div. 2)
supreetmaurya77,1675,1567,-108,7115,2049,Codeforces Round 994 (Div. 2)
Born_C0nfused,0,455,455,7115,2049,Codeforces Round 994 (Div. 2)
hkrishna,987,1050,63,7115,2049,Codeforces Round 994 (Div. 2)
Kawser_hamim,1025,1076,51,7115,2049,Codeforces Round 994 (Div. 2)
Muneeb_Shafiq,852,1010,158,7115,2049,Codeforces Round 994 (Div. 2)
ankit9362,1100,1128,28,7125,2049,Codeforces Round 994 (Div. 2)
tkc2407,1051,1093,42,7125,2049,Codeforces Round 994 (Div. 2)
ALyingFish,1489,1420,-69,7127,2049,Codeforces Round 994 (Div. 2)
moha1111,1067,1104,37,7127,2049,Codeforces Round 994 (Div. 2)
PRANIT_4166,1215,1211,-4,7127,2049,Codeforces Round 994 (Div. 2)
KotoriItsuka,1182,1187,5,7127,2049,Codeforces Round 994 (Div. 2)
Anuj123321,1301,1275,-26,7131,2049,Codeforces Round 994 (Div. 2)
mazzenn,1453,1392,-61,7131,2049,Codeforces Round 994 (Div. 2)
Akik04,1122,1143,21,7131,2049,Codeforces Round 994 (Div. 2)
elysia_miao,1086,1118,32,7131,2049,Codeforces Round 994 (Div. 2)
namhoctinhoc1,1048,1162,114,7131,2049,Codeforces Round 994 (Div. 2)
noob_kush,1092,1122,30,7131,2049,Codeforces Round 994 (Div. 2)
Clone_,1088,1119,31,7131,2049,Codeforces Round 994 (Div. 2)
maxminus,413,735,322,7131,2049,Codeforces Round 994 (Div. 2)
harshitpar2003,998,1057,59,7139,2049,Codeforces Round 994 (Div. 2)
L._.,1277,1257,-20,7139,2049,Codeforces Round 994 (Div. 2)
RedImposter,1115,1138,23,7139,2049,Codeforces Round 994 (Div. 2)
Sanskar_294,1403,1353,-50,7139,2049,Codeforces Round 994 (Div. 2)
utkarshag_20,1412,1360,-52,7139,2049,Codeforces Round 994 (Div. 2)
pTaran17,1032,1080,48,7144,2049,Codeforces Round 994 (Div. 2)
hjxzq,1480,1413,-67,7144,2049,Codeforces Round 994 (Div. 2)
Sam_13110,797,929,132,7144,2049,Codeforces Round 994 (Div. 2)
unlimited_ovo,1089,1155,66,7144,2049,Codeforces Round 994 (Div. 2)
RishikeshChaudhari,1295,1271,-24,7148,2049,Codeforces Round 994 (Div. 2)
KattaBarood,394,720,326,7148,2049,Codeforces Round 994 (Div. 2)
Shivraj13,1139,1155,16,7148,2049,Codeforces Round 994 (Div. 2)
Sabhay02,933,1014,81,7148,2049,Codeforces Round 994 (Div. 2)
Vipattim_Jayati,1587,1497,-90,7148,2049,Codeforces Round 994 (Div. 2)
cyanby2025,1543,1462,-81,7148,2049,Codeforces Round 994 (Div. 2)
krishna40405,640,892,252,7148,2049,Codeforces Round 994 (Div. 2)
tech_pg,1182,1186,4,7155,2049,Codeforces Round 994 (Div. 2)
gojosatoru123,1155,1166,11,7155,2049,Codeforces Round 994 (Div. 2)
Chinni_Sai_Mohan,1116,1138,22,7157,2049,Codeforces Round 994 (Div. 2)
jatin_024,1067,1104,37,7157,2049,Codeforces Round 994 (Div. 2)
abhissshhh,1060,1099,39,7157,2049,Codeforces Round 994 (Div. 2)
yumu,1384,1338,-46,7160,2049,Codeforces Round 994 (Div. 2)
MakSiRp0,981,1079,98,7160,2049,Codeforces Round 994 (Div. 2)
trust_me_darling,460,770,310,7160,2049,Codeforces Round 994 (Div. 2)
CPsuckz,1122,1143,21,7160,2049,Codeforces Round 994 (Div. 2)
_Lynx,1173,1179,6,7164,2049,Codeforces Round 994 (Div. 2)
sahilgarg3112,1193,1194,1,7164,2049,Codeforces Round 994 (Div. 2)
priyanshu_sahani_10,1157,1168,11,7166,2049,Codeforces Round 994 (Div. 2)
t3nsor,1220,1213,-7,7166,2049,Codeforces Round 994 (Div. 2)
shrikantacharya13,1276,1256,-20,7166,2049,Codeforces Round 994 (Div. 2)
Tarela4ka,1151,1163,12,7166,2049,Codeforces Round 994 (Div. 2)
Nilesh_Dhirhe,360,694,334,7166,2049,Codeforces Round 994 (Div. 2)
VaibhavRajDwivedi,1038,1084,46,7166,2049,Codeforces Round 994 (Div. 2)
idrive0,1131,1149,18,7172,2049,Codeforces Round 994 (Div. 2)
neeraj_2307,1413,1361,-52,7172,2049,Codeforces Round 994 (Div. 2)
subham_3009,1094,1158,64,7172,2049,Codeforces Round 994 (Div. 2)
Error503,1250,1236,-14,7172,2049,Codeforces Round 994 (Div. 2)
mrBelka,1202,1200,-2,7172,2049,Codeforces Round 994 (Div. 2)
Gandji,1395,1347,-48,7172,2049,Codeforces Round 994 (Div. 2)
mayankkushwaha,1177,1182,5,7178,2049,Codeforces Round 994 (Div. 2)
kushagra.ghuryani,1039,1084,45,7178,2049,Codeforces Round 994 (Div. 2)
Boori_boori_zaimon,1249,1235,-14,7178,2049,Codeforces Round 994 (Div. 2)
BigBrainShre,954,1079,125,7181,2049,Codeforces Round 994 (Div. 2)
lost_parsley,1065,1102,37,7182,2049,Codeforces Round 994 (Div. 2)
homecoming475,1456,1394,-62,7182,2049,Codeforces Round 994 (Div. 2)
The_Black_Hat,1027,1076,49,7184,2049,Codeforces Round 994 (Div. 2)
Devve_1,1395,1346,-49,7184,2049,Codeforces Round 994 (Div. 2)
Ramzi9,1212,1207,-5,7184,2049,Codeforces Round 994 (Div. 2)
0ms,1142,1156,14,7184,2049,Codeforces Round 994 (Div. 2)
HanaSoliman,1154,1165,11,7184,2049,Codeforces Round 994 (Div. 2)
Th3_Ch0sen_One,1121,1141,20,7184,2049,Codeforces Round 994 (Div. 2)
dummy_panda,424,742,318,7184,2049,Codeforces Round 994 (Div. 2)
123108046,681,922,241,7184,2049,Codeforces Round 994 (Div. 2)
suraj321,1145,1159,14,7192,2049,Codeforces Round 994 (Div. 2)
D1stance,1265,1247,-18,7193,2049,Codeforces Round 994 (Div. 2)
Madiyar-Rat-005-2027,1070,1105,35,7193,2049,Codeforces Round 994 (Div. 2)
FredLin,1353,1314,-39,7195,2049,Codeforces Round 994 (Div. 2)
dhiru.4211,1149,1161,12,7195,2049,Codeforces Round 994 (Div. 2)
foe123,1058,1097,39,7195,2049,Codeforces Round 994 (Div. 2)
Yeaish_Turj,1163,1171,8,7198,2049,Codeforces Round 994 (Div. 2)
Shukla49,414,734,320,7198,2049,Codeforces Round 994 (Div. 2)
MICRONAME,1277,1256,-21,7198,2049,Codeforces Round 994 (Div. 2)
manyarawat15,1133,1150,17,7201,2049,Codeforces Round 994 (Div. 2)
kaylent13,1170,1213,43,7202,2049,Codeforces Round 994 (Div. 2)
zzzeen,1405,1354,-51,7202,2049,Codeforces Round 994 (Div. 2)
ivan.812,1312,1283,-29,7202,2049,Codeforces Round 994 (Div. 2)
anushka04,1171,1177,6,7202,2049,Codeforces Round 994 (Div. 2)
SakshamSaldhi123,1135,1151,16,7206,2049,Codeforces Round 994 (Div. 2)
varaprasadchilakanti,723,953,230,7206,2049,Codeforces Round 994 (Div. 2)
anonlovesoyo,689,927,238,7206,2049,Codeforces Round 994 (Div. 2)
Noob_H,993,1106,113,7206,2049,Codeforces Round 994 (Div. 2)
DharmaTeja45,1115,1137,22,7206,2049,Codeforces Round 994 (Div. 2)
__AbHiNaV,1198,1197,-1,7211,2049,Codeforces Round 994 (Div. 2)
Devi_Lakshman,1381,1335,-46,7211,2049,Codeforces Round 994 (Div. 2)
hidden_charm20,1112,1134,22,7211,2049,Codeforces Round 994 (Div. 2)
duezzz,1114,1136,22,7211,2049,Codeforces Round 994 (Div. 2)
Aansh_Mishra,969,1070,101,7211,2049,Codeforces Round 994 (Div. 2)
nishant_522,1012,1065,53,7211,2049,Codeforces Round 994 (Div. 2)
Dew_Drunk,1185,1187,2,7211,2049,Codeforces Round 994 (Div. 2)
hugh_jazz,1185,1187,2,7218,2049,Codeforces Round 994 (Div. 2)
A_ngle05,1111,1134,23,7218,2049,Codeforces Round 994 (Div. 2)
redsoon,1386,1339,-47,7218,2049,Codeforces Round 994 (Div. 2)
deepsalunkhee,1004,1059,55,7218,2049,Codeforces Round 994 (Div. 2)
nikshaykataria3,1147,1159,12,7222,2049,Codeforces Round 994 (Div. 2)
rishitbansal438,901,991,90,7222,2049,Codeforces Round 994 (Div. 2)
_Intrepid_,1113,1135,22,7222,2049,Codeforces Round 994 (Div. 2)
Additionlly,1250,1235,-15,7225,2049,Codeforces Round 994 (Div. 2)
MyTreAsUre,1102,1127,25,7225,2049,Codeforces Round 994 (Div. 2)
u22cs028,1049,1090,41,7225,2049,Codeforces Round 994 (Div. 2)
UnknownAC,1250,1235,-15,7225,2049,Codeforces Round 994 (Div. 2)
shivanshuv2005,1089,1118,29,7225,2049,Codeforces Round 994 (Div. 2)
Harsiii,831,998,167,7225,2049,Codeforces Round 994 (Div. 2)
praneethnellutla,1363,1321,-42,7225,2049,Codeforces Round 994 (Div. 2)
amareshkoneti,776,914,138,7225,2049,Codeforces Round 994 (Div. 2)
rishav-goyal,1321,1289,-32,7233,2049,Codeforces Round 994 (Div. 2)
tomaso,1316,1285,-31,7233,2049,Codeforces Round 994 (Div. 2)
benielenoshraj,1041,1154,113,7233,2049,Codeforces Round 994 (Div. 2)
Harshal_Kanani,1180,1183,3,7233,2049,Codeforces Round 994 (Div. 2)
chetanjai,1132,1148,16,7233,2049,Codeforces Round 994 (Div. 2)
v27j1104,1391,1343,-48,7233,2049,Codeforces Round 994 (Div. 2)
Shashi_S,1242,1229,-13,7239,2049,Codeforces Round 994 (Div. 2)
popeye31,1114,1210,96,7239,2049,Codeforces Round 994 (Div. 2)
2021331071,849,958,109,7239,2049,Codeforces Round 994 (Div. 2)
animalbeforehuman,768,987,219,7239,2049,Codeforces Round 994 (Div. 2)
Rushitha_Reddy_225,1190,1190,0,7239,2049,Codeforces Round 994 (Div. 2)
Griffiths_,884,1029,145,7244,2049,Codeforces Round 994 (Div. 2)
athakur5,1076,1108,32,7244,2049,Codeforces Round 994 (Div. 2)
AK1602,1201,1198,-3,7244,2049,Codeforces Round 994 (Div. 2)
Anju2003,1077,1109,32,7244,2049,Codeforces Round 994 (Div. 2)
anshuldutt21,1187,1188,1,7244,2049,Codeforces Round 994 (Div. 2)
magnetic,1201,1198,-3,7249,2049,Codeforces Round 994 (Div. 2)
spareid050804,924,1038,114,7249,2049,Codeforces Round 994 (Div. 2)
Invincible108,1109,1132,23,7249,2049,Codeforces Round 994 (Div. 2)
suryajyoti02,1453,1390,-63,7249,2049,Codeforces Round 994 (Div. 2)
gigga_dummy,1132,1148,16,7249,2049,Codeforces Round 994 (Div. 2)
Pratikmk2645,1147,1159,12,7249,2049,Codeforces Round 994 (Div. 2)
vimwang,1479,1410,-69,7249,2049,Codeforces Round 994 (Div. 2)
Constantor,1822,1683,-139,7256,2049,Codeforces Round 994 (Div. 2)
rineetpandey,925,1066,141,7256,2049,Codeforces Round 994 (Div. 2)
GSCAV,0,453,453,7258,2049,Codeforces Round 994 (Div. 2)
vortex05,837,1001,164,7258,2049,Codeforces Round 994 (Div. 2)
zxac_myt,1275,1292,17,7258,2049,Codeforces Round 994 (Div. 2)
omteja04,999,1055,56,7258,2049,Codeforces Round 994 (Div. 2)
crazyGAUTAM1,436,750,314,7258,2049,Codeforces Round 994 (Div. 2)
Umamusume_s_trainer,1576,1487,-89,7258,2049,Codeforces Round 994 (Div. 2)
anmoldtuece,1124,1142,18,7258,2049,Codeforces Round 994 (Div. 2)
qcpy,1307,1278,-29,7258,2049,Codeforces Round 994 (Div. 2)
Lunaire,854,1014,160,7266,2049,Codeforces Round 994 (Div. 2)
koushik_rebba,1191,1191,0,7266,2049,Codeforces Round 994 (Div. 2)
issamemayo,413,732,319,7266,2049,Codeforces Round 994 (Div. 2)
maestro_karin,1079,1110,31,7266,2049,Codeforces Round 994 (Div. 2)
cpgodakshat,437,751,314,7266,2049,Codeforces Round 994 (Div. 2)
Malav_Sanghvi,1018,1136,118,7266,2049,Codeforces Round 994 (Div. 2)
Roopeshwar,1177,1243,66,7266,2049,Codeforces Round 994 (Div. 2)
priyanshuuno12,1145,1157,12,7266,2049,Codeforces Round 994 (Div. 2)
metellus,1198,1196,-2,7266,2049,Codeforces Round 994 (Div. 2)
Abhi6432,1223,1214,-9,7275,2049,Codeforces Round 994 (Div. 2)
omnavneet,1020,1069,49,7275,2049,Codeforces Round 994 (Div. 2)
t-vaibhav,1146,1158,12,7275,2049,Codeforces Round 994 (Div. 2)
voxthane,1273,1252,-21,7275,2049,Codeforces Round 994 (Div. 2)
37184286LongNK,0,453,453,7279,2049,Codeforces Round 994 (Div. 2)
Labib_,1436,1377,-59,7279,2049,Codeforces Round 994 (Div. 2)
xcode_07,1286,1262,-24,7281,2049,Codeforces Round 994 (Div. 2)
nainong,1174,1215,41,7281,2049,Codeforces Round 994 (Div. 2)
A.Manideep,1135,1150,15,7281,2049,Codeforces Round 994 (Div. 2)
Corleone_,685,923,238,7281,2049,Codeforces Round 994 (Div. 2)
uropeltidae,1334,1298,-36,7285,2049,Codeforces Round 994 (Div. 2)
Divyansh21j,1062,1098,36,7285,2049,Codeforces Round 994 (Div. 2)
pure,1118,1137,19,7285,2049,Codeforces Round 994 (Div. 2)
Akshay_x,1348,1309,-39,7288,2049,Codeforces Round 994 (Div. 2)
A_b_h_i_s_h_e_k_,1159,1167,8,7288,2049,Codeforces Round 994 (Div. 2)
anikett_guptaa,1099,1124,25,7288,2049,Codeforces Round 994 (Div. 2)
elate,1516,1439,-77,7291,2049,Codeforces Round 994 (Div. 2)
adityagehlot25,1178,1181,3,7291,2049,Codeforces Round 994 (Div. 2)
arpit45_8,1000,1089,89,7291,2049,Codeforces Round 994 (Div. 2)
lazyflash99,1134,1149,15,7291,2049,Codeforces Round 994 (Div. 2)
christian.barry,1087,1115,28,7291,2049,Codeforces Round 994 (Div. 2)
Manjeet908,1056,1093,37,7291,2049,Codeforces Round 994 (Div. 2)
AnubhavKishoreAnand,1123,1141,18,7297,2049,Codeforces Round 994 (Div. 2)
keshavbhalotia149,1294,1268,-26,7297,2049,Codeforces Round 994 (Div. 2)
mohanhari061,1231,1220,-11,7297,2049,Codeforces Round 994 (Div. 2)
harshitanand3012,1225,1215,-10,7297,2049,Codeforces Round 994 (Div. 2)
Haagen-Dazsta,1042,1141,99,7297,2049,Codeforces Round 994 (Div. 2)
nakul_05,1185,1186,1,7302,2049,Codeforces Round 994 (Div. 2)
Sanoy-si,1477,1409,-68,7302,2049,Codeforces Round 994 (Div. 2)
bera_674,1197,1194,-3,7304,2049,Codeforces Round 994 (Div. 2)
Abhi1304,1096,1121,25,7304,2049,Codeforces Round 994 (Div. 2)
Dilwar5625,1085,1114,29,7304,2049,Codeforces Round 994 (Div. 2)
_EmonX_,1184,1185,1,7304,2049,Codeforces Round 994 (Div. 2)
AyushRaj3011,1280,1257,-23,7304,2049,Codeforces Round 994 (Div. 2)
photon__,1027,1142,115,7304,2049,Codeforces Round 994 (Div. 2)
t122329,1187,1187,0,7310,2049,Codeforces Round 994 (Div. 2)
ritiktayal18,1298,1270,-28,7310,2049,Codeforces Round 994 (Div. 2)
trilok_shetty,1255,1238,-17,7310,2049,Codeforces Round 994 (Div. 2)
Muhammad-Talha,1198,1195,-3,7313,2049,Codeforces Round 994 (Div. 2)
weizixuan,1338,1301,-37,7313,2049,Codeforces Round 994 (Div. 2)
aka_abdol,1275,1253,-22,7315,2049,Codeforces Round 994 (Div. 2)
b65524804,1262,1281,19,7315,2049,Codeforces Round 994 (Div. 2)
JollyCowsHu,753,974,221,7315,2049,Codeforces Round 994 (Div. 2)
tsacm123,1078,1108,30,7315,2049,Codeforces Round 994 (Div. 2)
4o2a,1245,1230,-15,7319,2049,Codeforces Round 994 (Div. 2)
One_Head,1208,1202,-6,7319,2049,Codeforces Round 994 (Div. 2)
th3_ro4rk,1290,1264,-26,7319,2049,Codeforces Round 994 (Div. 2)
HelpSeriously,0,452,452,7319,2049,Codeforces Round 994 (Div. 2)
Bunny_Namala,979,1040,61,7323,2049,Codeforces Round 994 (Div. 2)
srikar2429,1234,1221,-13,7323,2049,Codeforces Round 994 (Div. 2)
dtgG1856_7,1134,1148,14,7323,2049,Codeforces Round 994 (Div. 2)
soumyadeep4790,1380,1333,-47,7323,2049,Codeforces Round 994 (Div. 2)
Vitamin_C,488,789,301,7323,2049,Codeforces Round 994 (Div. 2)
dinospecs,1262,1243,-19,7323,2049,Codeforces Round 994 (Div. 2)
xili_ytl,897,1019,122,7323,2049,Codeforces Round 994 (Div. 2)
Prashant9759,1568,1480,-88,7323,2049,Codeforces Round 994 (Div. 2)
ai_li,400,722,322,7323,2049,Codeforces Round 994 (Div. 2)
Lvl_Insane,1265,1245,-20,7332,2049,Codeforces Round 994 (Div. 2)
Grim.Reaper,1159,1166,7,7332,2049,Codeforces Round 994 (Div. 2)
Oni_chan123,423,739,316,7332,2049,Codeforces Round 994 (Div. 2)
ansshh,1027,1073,46,7335,2049,Codeforces Round 994 (Div. 2)
ImagineTime,1395,1344,-51,7335,2049,Codeforces Round 994 (Div. 2)
Eason_OIer,1554,1468,-86,7335,2049,Codeforces Round 994 (Div. 2)
ib_,1256,1238,-18,7335,2049,Codeforces Round 994 (Div. 2)
asl0304_karthikeya,1014,1064,50,7335,2049,Codeforces Round 994 (Div. 2)
Tri.Angle,1159,1166,7,7340,2049,Codeforces Round 994 (Div. 2)
Anonymous_HF,1395,1344,-51,7340,2049,Codeforces Round 994 (Div. 2)
bandr,826,988,162,7340,2049,Codeforces Round 994 (Div. 2)
akellaakhila246,787,918,131,7340,2049,Codeforces Round 994 (Div. 2)
suryansh22s,1108,1129,21,7340,2049,Codeforces Round 994 (Div. 2)
AnkitPathak_05,1166,1171,5,7345,2049,Codeforces Round 994 (Div. 2)
PermaPupil,1209,1203,-6,7345,2049,Codeforces Round 994 (Div. 2)
leduchuy1337,0,452,452,7347,2049,Codeforces Round 994 (Div. 2)
vivekmaurya,1152,1160,8,7347,2049,Codeforces Round 994 (Div. 2)
ankush,1129,1144,15,7349,2049,Codeforces Round 994 (Div. 2)
vishal231,1206,1201,-5,7349,2049,Codeforces Round 994 (Div. 2)
ChinmayA_G,1345,1306,-39,7349,2049,Codeforces Round 994 (Div. 2)
Bronia,1252,1235,-17,7352,2049,Codeforces Round 994 (Div. 2)
rudraguptabls,1211,1204,-7,7352,2049,Codeforces Round 994 (Div. 2)
PiYuSh._.05,1138,1150,12,7354,2049,Codeforces Round 994 (Div. 2)
sajib1619,1096,1120,24,7354,2049,Codeforces Round 994 (Div. 2)
waKey_waKey,1380,1332,-48,7354,2049,Codeforces Round 994 (Div. 2)
PixelCrafter,1041,1082,41,7357,2049,Codeforces Round 994 (Div. 2)
.ShadowMan.,995,1105,110,7357,2049,Codeforces Round 994 (Div. 2)
Hssaan_SundarSTEM,1181,1182,1,7357,2049,Codeforces Round 994 (Div. 2)
_abhishek_07_,1197,1193,-4,7357,2049,Codeforces Round 994 (Div. 2)
ayush_garg_0729,1075,1105,30,7357,2049,Codeforces Round 994 (Div. 2)
lakshyasingh20042005,1215,1206,-9,7357,2049,Codeforces Round 994 (Div. 2)
solem,1092,1117,25,7363,2049,Codeforces Round 994 (Div. 2)
wjh1008,678,916,238,7363,2049,Codeforces Round 994 (Div. 2)
Sadnur_Islam,1340,1302,-38,7363,2049,Codeforces Round 994 (Div. 2)
sreejan_gupta,1350,1309,-41,7363,2049,Codeforces Round 994 (Div. 2)
Deep_Legend,427,741,314,7367,2049,Codeforces Round 994 (Div. 2)
sunflower80,977,1038,61,7367,2049,Codeforces Round 994 (Div. 2)
tiger3768,1452,1388,-64,7367,2049,Codeforces Round 994 (Div. 2)
Celeste.,1237,1223,-14,7367,2049,Codeforces Round 994 (Div. 2)
ErzerLP,1364,1320,-44,7367,2049,Codeforces Round 994 (Div. 2)
luwowo,1272,1250,-22,7367,2049,Codeforces Round 994 (Div. 2)
arham005,1130,1144,14,7367,2049,Codeforces Round 994 (Div. 2)
manyankg22,1030,1074,44,7374,2049,Codeforces Round 994 (Div. 2)
green-eyeliner,1177,1178,1,7374,2049,Codeforces Round 994 (Div. 2)
khan.daniyal1329,1211,1203,-8,7374,2049,Codeforces Round 994 (Div. 2)
100010100,1323,1288,-35,7374,2049,Codeforces Round 994 (Div. 2)
the_bigShort,1377,1330,-47,7374,2049,Codeforces Round 994 (Div. 2)
TheBronzeFury,1311,1279,-32,7374,2049,Codeforces Round 994 (Div. 2)
yairr,1210,1203,-7,7374,2049,Codeforces Round 994 (Div. 2)
EliteSharma17,1125,1141,16,7381,2049,Codeforces Round 994 (Div. 2)
nan888,1067,1099,32,7382,2049,Codeforces Round 994 (Div. 2)
AditiSahu_21,1061,1095,34,7382,2049,Codeforces Round 994 (Div. 2)
jqbqdnjy,1142,1215,73,7382,2049,Codeforces Round 994 (Div. 2)
touhid19,1094,1118,24,7382,2049,Codeforces Round 994 (Div. 2)
Mahmoud-Hossam,1576,1485,-91,7382,2049,Codeforces Round 994 (Div. 2)
maharshi7,1255,1237,-18,7382,2049,Codeforces Round 994 (Div. 2)
2200030183,785,962,177,7388,2049,Codeforces Round 994 (Div. 2)
RandomThread,1604,1507,-97,7388,2049,Codeforces Round 994 (Div. 2)
howway,932,1060,128,7388,2049,Codeforces Round 994 (Div. 2)
ladnoooo,1108,1128,20,7388,2049,Codeforces Round 994 (Div. 2)
gdw1301,971,1099,128,7388,2049,Codeforces Round 994 (Div. 2)
neerajjjjjj,918,1058,140,7393,2049,Codeforces Round 994 (Div. 2)
Simp_lord,796,1006,210,7393,2049,Codeforces Round 994 (Div. 2)
devu_2k6,1153,1161,8,7393,2049,Codeforces Round 994 (Div. 2)
AAE,1179,1180,1,7393,2049,Codeforces Round 994 (Div. 2)
DCdon,1023,1069,46,7393,2049,Codeforces Round 994 (Div. 2)
w5q,959,1079,120,7393,2049,Codeforces Round 994 (Div. 2)
k3g,1218,1209,-9,7399,2049,Codeforces Round 994 (Div. 2)
cursed_nerd,1051,1088,37,7399,2049,Codeforces Round 994 (Div. 2)
YashGoyal1523,1115,1133,18,7399,2049,Codeforces Round 994 (Div. 2)
simple_bunny,753,972,219,7399,2049,Codeforces Round 994 (Div. 2)
Anubhav_Sultania,1177,1178,1,7403,2049,Codeforces Round 994 (Div. 2)
samarithishreddy2005,951,1083,132,7403,2049,Codeforces Round 994 (Div. 2)
chhhcooh,920,1060,140,7403,2049,Codeforces Round 994 (Div. 2)
BlueSkull,1389,1339,-50,7403,2049,Codeforces Round 994 (Div. 2)
cj_28,960,1026,66,7403,2049,Codeforces Round 994 (Div. 2)
_aj_007,1065,1097,32,7408,2049,Codeforces Round 994 (Div. 2)
Marbjo07,646,892,246,7408,2049,Codeforces Round 994 (Div. 2)
Aira2,869,1022,153,7408,2049,Codeforces Round 994 (Div. 2)
se_tsu_na,1426,1406,-20,7408,2049,Codeforces Round 994 (Div. 2)
Binary_Crusader2503,1091,1175,84,7412,2049,Codeforces Round 994 (Div. 2)
kakarot_7,1019,1066,47,7412,2049,Codeforces Round 994 (Div. 2)
_mh_tuqn,1899,1744,-155,7412,2049,Codeforces Round 994 (Div. 2)
BambooTree,1407,1352,-55,7412,2049,Codeforces Round 994 (Div. 2)
0-Inf,1210,1202,-8,7416,2049,Codeforces Round 994 (Div. 2)
architgulve,1014,1062,48,7416,2049,Codeforces Round 994 (Div. 2)
shashwat_ss,1351,1309,-42,7416,2049,Codeforces Round 994 (Div. 2)
peasantbird,1166,1170,4,7416,2049,Codeforces Round 994 (Div. 2)
b_gao,1216,1206,-10,7416,2049,Codeforces Round 994 (Div. 2)
yury,1497,1423,-74,7421,2049,Codeforces Round 994 (Div. 2)
tong_qi,1151,1195,44,7422,2049,Codeforces Round 994 (Div. 2)
kartikeya_sen,1057,1092,35,7422,2049,Codeforces Round 994 (Div. 2)
superduper11,570,851,281,7422,2049,Codeforces Round 994 (Div. 2)
charankumargadde,1415,1358,-57,7425,2049,Codeforces Round 994 (Div. 2)
LAMORO,1450,1386,-64,7425,2049,Codeforces Round 994 (Div. 2)
Avinash.,1292,1264,-28,7425,2049,Codeforces Round 994 (Div. 2)
omasho,1196,1191,-5,7425,2049,Codeforces Round 994 (Div. 2)
xiaci77,1315,1281,-34,7425,2049,Codeforces Round 994 (Div. 2)
tarun02185,923,1001,78,7425,2049,Codeforces Round 994 (Div. 2)
.Habiba.,1255,1236,-19,7425,2049,Codeforces Round 994 (Div. 2)
atgcoder,1197,1256,59,7432,2049,Codeforces Round 994 (Div. 2)
dazai05,1051,1087,36,7432,2049,Codeforces Round 994 (Div. 2)
Buri_Buri_Zaemon493,1254,1235,-19,7432,2049,Codeforces Round 994 (Div. 2)
yanyv,359,689,330,7435,2049,Codeforces Round 994 (Div. 2)
HouzMeIfYouCan,1533,1450,-83,7435,2049,Codeforces Round 994 (Div. 2)
Antukanu,952,1020,68,7435,2049,Codeforces Round 994 (Div. 2)
YULKET,1304,1273,-31,7435,2049,Codeforces Round 994 (Div. 2)
lessgo_2814,1049,1086,37,7435,2049,Codeforces Round 994 (Div. 2)
tacuya,1135,1147,12,7435,2049,Codeforces Round 994 (Div. 2)
Rauf_Lala,1188,1249,61,7435,2049,Codeforces Round 994 (Div. 2)
labixiaoxin,1071,1101,30,7435,2049,Codeforces Round 994 (Div. 2)
prateekbhaisora,956,1023,67,7435,2049,Codeforces Round 994 (Div. 2)
ompol1705,1298,1268,-30,7435,2049,Codeforces Round 994 (Div. 2)
maile123,1100,1121,21,7445,2049,Codeforces Round 994 (Div. 2)
CodeSherif,1044,1082,38,7445,2049,Codeforces Round 994 (Div. 2)
ayushkumar170704,1142,1152,10,7445,2049,Codeforces Round 994 (Div. 2)
Manyya123,1128,1141,13,7448,2049,Codeforces Round 994 (Div. 2)
Jenil_01,1460,1393,-67,7448,2049,Codeforces Round 994 (Div. 2)
Smoking_Cat,1020,1065,45,7450,2049,Codeforces Round 994 (Div. 2)
Raed888_,1276,1251,-25,7450,2049,Codeforces Round 994 (Div. 2)
hrishabhpatel09,1222,1210,-12,7450,2049,Codeforces Round 994 (Div. 2)
gggg0210,453,760,307,7450,2049,Codeforces Round 994 (Div. 2)
Wish_End,487,786,299,7450,2049,Codeforces Round 994 (Div. 2)
Yaichi,1042,1081,39,7450,2049,Codeforces Round 994 (Div. 2)
_aatish,861,961,100,7456,2049,Codeforces Round 994 (Div. 2)
Prince_16823,1235,1220,-15,7456,2049,Codeforces Round 994 (Div. 2)
lylia,1093,1116,23,7456,2049,Codeforces Round 994 (Div. 2)
NikhilMahadik,1112,1130,18,7456,2049,Codeforces Round 994 (Div. 2)
crap,1299,1269,-30,7456,2049,Codeforces Round 994 (Div. 2)
alsharis,1619,1518,-101,7456,2049,Codeforces Round 994 (Div. 2)
adarsh01_22,1137,1148,11,7456,2049,Codeforces Round 994 (Div. 2)
A_deStroyeR,1338,1298,-40,7456,2049,Codeforces Round 994 (Div. 2)
nvsailikhith,1462,1394,-68,7464,2049,Codeforces Round 994 (Div. 2)
trishantdudi,1067,1098,31,7464,2049,Codeforces Round 994 (Div. 2)
ashu_verma,1200,1194,-6,7464,2049,Codeforces Round 994 (Div. 2)
bgt,1073,1102,29,7464,2049,Codeforces Round 994 (Div. 2)
park,1216,1206,-10,7468,2049,Codeforces Round 994 (Div. 2)
Moonfr4ction,1364,1318,-46,7468,2049,Codeforces Round 994 (Div. 2)
padmanabh10,1173,1174,1,7468,2049,Codeforces Round 994 (Div. 2)
akshayyy13,1184,1219,35,7468,2049,Codeforces Round 994 (Div. 2)
BEATLE_DARK,1107,1126,19,7468,2049,Codeforces Round 994 (Div. 2)
butters,1084,1110,26,7468,2049,Codeforces Round 994 (Div. 2)
Utkarsh_sharma131,1147,1155,8,7474,2049,Codeforces Round 994 (Div. 2)
pthombre657,1186,1183,-3,7475,2049,Codeforces Round 994 (Div. 2)
int_quantum69,946,1015,69,7475,2049,Codeforces Round 994 (Div. 2)
sveti,1264,1242,-22,7475,2049,Codeforces Round 994 (Div. 2)
shivam_105,1281,1255,-26,7475,2049,Codeforces Round 994 (Div. 2)
Md_Anas_Ali_Usmani,1208,1199,-9,7475,2049,Codeforces Round 994 (Div. 2)
Bruteforce_man,1027,1070,43,7475,2049,Codeforces Round 994 (Div. 2)
Sora_2013_adb,1009,1057,48,7475,2049,Codeforces Round 994 (Div. 2)
harshit001,1196,1191,-5,7475,2049,Codeforces Round 994 (Div. 2)
OCDManiac,1343,1341,-2,7475,2049,Codeforces Round 994 (Div. 2)
KeshavRai,1328,1290,-38,7475,2049,Codeforces Round 994 (Div. 2)
agishita,1198,1192,-6,7485,2049,Codeforces Round 994 (Div. 2)
MASRAFI221,1122,1136,14,7486,2049,Codeforces Round 994 (Div. 2)
Eiad_Alaa,1125,1139,14,7486,2049,Codeforces Round 994 (Div. 2)
Nilanshu_Ranjan_101,1120,1135,15,7486,2049,Codeforces Round 994 (Div. 2)
yurui.,553,837,284,7486,2049,Codeforces Round 994 (Div. 2)
lmaoaadiez,1387,1336,-51,7490,2049,Codeforces Round 994 (Div. 2)
Shamim_khandakar,1236,1220,-16,7490,2049,Codeforces Round 994 (Div. 2)
ENG.Hussam.Issa.,907,989,82,7492,2049,Codeforces Round 994 (Div. 2)
atulkumar_1210,960,1024,64,7492,2049,Codeforces Round 994 (Div. 2)
farhan_2204,1442,1379,-63,7492,2049,Codeforces Round 994 (Div. 2)
Aayush1102verma,825,938,113,7495,2049,Codeforces Round 994 (Div. 2)
Pavitra_Dwivedi,0,450,450,7495,2049,Codeforces Round 994 (Div. 2)
rohit10000,1274,1249,-25,7497,2049,Codeforces Round 994 (Div. 2)
Wanshh_heccer,1517,1437,-80,7497,2049,Codeforces Round 994 (Div. 2)
Daniyal,1142,1151,9,7497,2049,Codeforces Round 994 (Div. 2)
Tan27,1102,1122,20,7500,2049,Codeforces Round 994 (Div. 2)
Tumour,1251,1232,-19,7501,2049,Codeforces Round 994 (Div. 2)
selvaganesh12p,1115,1131,16,7501,2049,Codeforces Round 994 (Div. 2)
sajid_ayman,1372,1324,-48,7501,2049,Codeforces Round 994 (Div. 2)
s_gun14,1106,1125,19,7504,2049,Codeforces Round 994 (Div. 2)
shuvo37,1079,1105,26,7505,2049,Codeforces Round 994 (Div. 2)
KethDeorge,1554,1466,-88,7505,2049,Codeforces Round 994 (Div. 2)
sahilanand,1420,1361,-59,7505,2049,Codeforces Round 994 (Div. 2)
Xe_Crane,905,1047,142,7505,2049,Codeforces Round 994 (Div. 2)
snake_wing,1117,1194,77,7505,2049,Codeforces Round 994 (Div. 2)
dickman,1488,1414,-74,7510,2049,Codeforces Round 994 (Div. 2)
mantya,1199,1192,-7,7510,2049,Codeforces Round 994 (Div. 2)
lazylettuce,1132,1143,11,7512,2049,Codeforces Round 994 (Div. 2)
Shiro01,1043,1080,37,7512,2049,Codeforces Round 994 (Div. 2)
jvhaooooo,1114,1192,78,7512,2049,Codeforces Round 994 (Div. 2)
velvetglove03,1234,1218,-16,7512,2049,Codeforces Round 994 (Div. 2)
askmecode2003,1059,1091,32,7512,2049,Codeforces Round 994 (Div. 2)
Vyaduct,976,1035,59,7512,2049,Codeforces Round 994 (Div. 2)
vinayaksrivastava,905,988,83,7512,2049,Codeforces Round 994 (Div. 2)
TheNoobCoder24,358,687,329,7519,2049,Codeforces Round 994 (Div. 2)
BitBender0,1399,1345,-54,7519,2049,Codeforces Round 994 (Div. 2)
AGENT-007,1297,1266,-31,7519,2049,Codeforces Round 994 (Div. 2)
Parthtaneja,1056,1089,33,7519,2049,Codeforces Round 994 (Div. 2)
sed404,1163,1166,3,7519,2049,Codeforces Round 994 (Div. 2)
kiruthees5,1253,1233,-20,7519,2049,Codeforces Round 994 (Div. 2)
Jaman_khan,1346,1304,-42,7519,2049,Codeforces Round 994 (Div. 2)
gopal370370,0,449,449,7526,2049,Codeforces Round 994 (Div. 2)
najmul90,969,1029,60,7527,2049,Codeforces Round 994 (Div. 2)
tarun_k456,1556,1467,-89,7527,2049,Codeforces Round 994 (Div. 2)
LokEnce333,984,1039,55,7529,2049,Codeforces Round 994 (Div. 2)
Sparsh_28,1392,1339,-53,7529,2049,Codeforces Round 994 (Div. 2)
PravinRavi,1159,1162,3,7529,2049,Codeforces Round 994 (Div. 2)
3B3ATY,1387,1335,-52,7529,2049,Codeforces Round 994 (Div. 2)
trishul_shetty,1268,1244,-24,7529,2049,Codeforces Round 994 (Div. 2)
mukundareddy,892,1037,145,7534,2049,Codeforces Round 994 (Div. 2)
sujalpas62,1190,1185,-5,7534,2049,Codeforces Round 994 (Div. 2)
kim_jong_un_16,834,1033,199,7534,2049,Codeforces Round 994 (Div. 2)
brogrammer_,977,1089,112,7537,2049,Codeforces Round 994 (Div. 2)
pmy_coding,1018,1062,44,7537,2049,Codeforces Round 994 (Div. 2)
mayank9166,1228,1213,-15,7537,2049,Codeforces Round 994 (Div. 2)
BitMasker,878,970,92,7537,2049,Codeforces Round 994 (Div. 2)
eepy,1191,1186,-5,7537,2049,Codeforces Round 994 (Div. 2)
candymonster6567,1057,1125,68,7542,2049,Codeforces Round 994 (Div. 2)
_Vertika_22,1266,1242,-24,7543,2049,Codeforces Round 994 (Div. 2)
silvermete0r,1251,1231,-20,7543,2049,Codeforces Round 994 (Div. 2)
Serial_Chiller,1148,1154,6,7543,2049,Codeforces Round 994 (Div. 2)
CacheMe,1116,1131,15,7543,2049,Codeforces Round 994 (Div. 2)
SADMAN,1119,1133,14,7543,2049,Codeforces Round 994 (Div. 2)
anurag472,1161,1164,3,7548,2049,Codeforces Round 994 (Div. 2)
AlexJenious,1017,1061,44,7548,2049,Codeforces Round 994 (Div. 2)
n74470048,1280,1253,-27,7548,2049,Codeforces Round 994 (Div. 2)
Blazefury,1090,1112,22,7548,2049,Codeforces Round 994 (Div. 2)
IU_Endl_,0,449,449,7552,2049,Codeforces Round 994 (Div. 2)
Omino_95,1184,1180,-4,7552,2049,Codeforces Round 994 (Div. 2)
kanish.narolia,1024,1123,99,7552,2049,Codeforces Round 994 (Div. 2)
TheLxcifer,1261,1238,-23,7552,2049,Codeforces Round 994 (Div. 2)
Ronaknayak01,1048,1154,106,7552,2049,Codeforces Round 994 (Div. 2)
alancho,1187,1183,-4,7552,2049,Codeforces Round 994 (Div. 2)
naitikpatel325,1136,1145,9,7558,2049,Codeforces Round 994 (Div. 2)
Kuuuuuuuuu,922,998,76,7558,2049,Codeforces Round 994 (Div. 2)
Re124va,0,449,449,7558,2049,Codeforces Round 994 (Div. 2)
prakary,0,449,449,7558,2049,Codeforces Round 994 (Div. 2)
x.ing,1181,1178,-3,7558,2049,Codeforces Round 994 (Div. 2)
Mahfuz2411,1174,1173,-1,7558,2049,Codeforces Round 994 (Div. 2)
aditya_5240,1112,1128,16,7564,2049,Codeforces Round 994 (Div. 2)
Captain_AM,1113,1129,16,7564,2049,Codeforces Round 994 (Div. 2)
shaikjameelurrahaman,1256,1234,-22,7564,2049,Codeforces Round 994 (Div. 2)
sasiedharanrdms,1183,1179,-4,7567,2049,Codeforces Round 994 (Div. 2)
aniumbott,1372,1323,-49,7567,2049,Codeforces Round 994 (Div. 2)
Muhammed-Sh-019-28,1227,1212,-15,7569,2049,Codeforces Round 994 (Div. 2)
sneha_23,1133,1143,10,7569,2049,Codeforces Round 994 (Div. 2)
MizAn_IIUC,1471,1400,-71,7571,2049,Codeforces Round 994 (Div. 2)
farmmm,-34,478,512,7571,2049,Codeforces Round 994 (Div. 2)
NB71105,974,1032,58,7571,2049,Codeforces Round 994 (Div. 2)
Azdy_28,1187,1182,-5,7574,2049,Codeforces Round 994 (Div. 2)
mahmudulsakib2019,1170,1170,0,7574,2049,Codeforces Round 994 (Div. 2)
armaan10,1018,1062,44,7576,2049,Codeforces Round 994 (Div. 2)
ilove_sundarKanya,1174,1173,-1,7576,2049,Codeforces Round 994 (Div. 2)
Ak_47___,789,961,172,7578,2049,Codeforces Round 994 (Div. 2)
rishabh_cf,1190,1184,-6,7578,2049,Codeforces Round 994 (Div. 2)
anshika_04,1029,1069,40,7580,2049,Codeforces Round 994 (Div. 2)
LeeDoo,1163,1202,39,7581,2049,Codeforces Round 994 (Div. 2)
abdelhakimlamnaouar,1432,1370,-62,7582,2049,Codeforces Round 994 (Div. 2)
roger_goat_div,1082,1166,84,7583,2049,Codeforces Round 994 (Div. 2)
Shresth_Jha,1253,1232,-21,7583,2049,Codeforces Round 994 (Div. 2)
DigiTalDreamar,1079,1104,25,7583,2049,Codeforces Round 994 (Div. 2)
Muskan99,1162,1163,1,7583,2049,Codeforces Round 994 (Div. 2)
Hasnat0006,1420,1360,-60,7583,2049,Codeforces Round 994 (Div. 2)
Abhi050705,1341,1299,-42,7588,2049,Codeforces Round 994 (Div. 2)
harshkaushik2507,1109,1126,17,7589,2049,Codeforces Round 994 (Div. 2)
Coder_Sachin,1288,1258,-30,7589,2049,Codeforces Round 994 (Div. 2)
tehelka_omlette,391,711,320,7589,2049,Codeforces Round 994 (Div. 2)
darshgupta1604,375,698,323,7592,2049,Codeforces Round 994 (Div. 2)
yushmita_bisu_18,1288,1258,-30,7592,2049,Codeforces Round 994 (Div. 2)
_WaterDrop_,1331,1291,-40,7592,2049,Codeforces Round 994 (Div. 2)
Dzhudan,1149,1154,5,7595,2049,Codeforces Round 994 (Div. 2)
Anant23-27,0,449,449,7596,2049,Codeforces Round 994 (Div. 2)
SnehatheGreat,0,449,449,7596,2049,Codeforces Round 994 (Div. 2)
chenhh_ddl,1126,1137,11,7596,2049,Codeforces Round 994 (Div. 2)
gyroooo,1110,1126,16,7596,2049,Codeforces Round 994 (Div. 2)
Anas_Refaei,1003,1051,48,7600,2049,Codeforces Round 994 (Div. 2)
yashvs34,1094,1114,20,7601,2049,Codeforces Round 994 (Div. 2)
Prithiraj_Paul,981,1036,55,7602,2049,Codeforces Round 994 (Div. 2)
aarushh,1269,1244,-25,7602,2049,Codeforces Round 994 (Div. 2)
kv_dhruv,941,1009,68,7602,2049,Codeforces Round 994 (Div. 2)
Varun_Kashyap,877,1024,147,7602,2049,Codeforces Round 994 (Div. 2)
tanisha_d,939,1041,102,7602,2049,Codeforces Round 994 (Div. 2)
Amr_Fadel,1045,1079,34,7602,2049,Codeforces Round 994 (Div. 2)
Ljyang,1209,1198,-11,7608,2049,Codeforces Round 994 (Div. 2)
Akshit_EP,846,980,134,7608,2049,Codeforces Round 994 (Div. 2)
milestones,1147,1152,5,7610,2049,Codeforces Round 994 (Div. 2)
LeeJU0912,1352,1307,-45,7610,2049,Codeforces Round 994 (Div. 2)
Manan2303,1186,1181,-5,7610,2049,Codeforces Round 994 (Div. 2)
Deepanshu_Pundir1709,1147,1152,5,7610,2049,Codeforces Round 994 (Div. 2)
pavan_santhosh,1128,1138,10,7614,2049,Codeforces Round 994 (Div. 2)
Joao_Guimaraes,970,1083,113,7614,2049,Codeforces Round 994 (Div. 2)
joker._001,1112,1127,15,7614,2049,Codeforces Round 994 (Div. 2)
comeonboy,753,969,216,7614,2049,Codeforces Round 994 (Div. 2)
Ether,1193,1186,-7,7618,2049,Codeforces Round 994 (Div. 2)
lesner_12,1131,1141,10,7619,2049,Codeforces Round 994 (Div. 2)
Param_1729,1229,1213,-16,7619,2049,Codeforces Round 994 (Div. 2)
Souhail1411,860,957,97,7619,2049,Codeforces Round 994 (Div. 2)
mistertfy64,1195,1187,-8,7622,2049,Codeforces Round 994 (Div. 2)
Indocstere,1103,1120,17,7623,2049,Codeforces Round 994 (Div. 2)
Void_666,1022,1098,76,7623,2049,Codeforces Round 994 (Div. 2)
chefnav35,1243,1223,-20,7625,2049,Codeforces Round 994 (Div. 2)
PXLXTA,1081,1105,24,7625,2049,Codeforces Round 994 (Div. 2)
ShiyuKirara,936,1005,69,7627,2049,Codeforces Round 994 (Div. 2)
ruo_zhi_er_tong,403,719,316,7627,2049,Codeforces Round 994 (Div. 2)
gehiv_1,1104,1121,17,7629,2049,Codeforces Round 994 (Div. 2)
nikhil_sharma_29,1212,1200,-12,7629,2049,Codeforces Round 994 (Div. 2)
Ra7_aljaml_bima_7aml,1306,1271,-35,7631,2049,Codeforces Round 994 (Div. 2)
1_Erkanat_1,1209,1198,-11,7632,2049,Codeforces Round 994 (Div. 2)
GeloFunz,925,1060,135,7632,2049,Codeforces Round 994 (Div. 2)
what_a_man,894,978,84,7632,2049,Codeforces Round 994 (Div. 2)
robicodex18,1065,1093,28,7635,2049,Codeforces Round 994 (Div. 2)
ishank_96,1077,1102,25,7635,2049,Codeforces Round 994 (Div. 2)
akshatsharma.sja,1060,1090,30,7635,2049,Codeforces Round 994 (Div. 2)
neveraboolean,1118,1131,13,7635,2049,Codeforces Round 994 (Div. 2)
teodora_laura,1265,1240,-25,7635,2049,Codeforces Round 994 (Div. 2)
pragyan_,939,1007,68,7640,2049,Codeforces Round 994 (Div. 2)
DuyMunkkis,877,1065,188,7640,2049,Codeforces Round 994 (Div. 2)
ZuiLeiTianShan,1251,1229,-22,7640,2049,Codeforces Round 994 (Div. 2)
Suzit_Datta,1044,1078,34,7643,2049,Codeforces Round 994 (Div. 2)
VigneshDatta,1244,1224,-20,7643,2049,Codeforces Round 994 (Div. 2)
G-DFS-CP-NEW-1,787,995,208,7645,2049,Codeforces Round 994 (Div. 2)
IU_BrainOverflow,0,448,448,7646,2049,Codeforces Round 994 (Div. 2)
rashi_rashmi,0,448,448,7647,2049,Codeforces Round 994 (Div. 2)
BaBa__YaGa__,961,1022,61,7647,2049,Codeforces Round 994 (Div. 2)
alwaysBelieve,1362,1353,-9,7649,2049,Codeforces Round 994 (Div. 2)
Joy_Code_Joy,1543,1456,-87,7650,2049,Codeforces Round 994 (Div. 2)
crystal_13,1333,1292,-41,7651,2049,Codeforces Round 994 (Div. 2)
nbqu,1022,1133,111,7652,2049,Codeforces Round 994 (Div. 2)
Saurabhthakur,1229,1212,-17,7652,2049,Codeforces Round 994 (Div. 2)
SakSham_banSal-_-,1071,1097,26,7654,2049,Codeforces Round 994 (Div. 2)
arya_20,1224,1209,-15,7654,2049,Codeforces Round 994 (Div. 2)
Siddhant_Sirohi,1117,1130,13,7654,2049,Codeforces Round 994 (Div. 2)
Vegeto_,1138,1145,7,7657,2049,Codeforces Round 994 (Div. 2)
ibrm,1736,1609,-127,7657,2049,Codeforces Round 994 (Div. 2)
qDis,1186,1180,-6,7657,2049,Codeforces Round 994 (Div. 2)
Savvy_,1133,1141,8,7657,2049,Codeforces Round 994 (Div. 2)
aditya.pillai53916,1243,1223,-20,7661,2049,Codeforces Round 994 (Div. 2)
Gucyc,695,857,162,7661,2049,Codeforces Round 994 (Div. 2)
cyr0x,1155,1158,3,7663,2049,Codeforces Round 994 (Div. 2)
Stressed_Dev_103,1226,1210,-16,7663,2049,Codeforces Round 994 (Div. 2)
nidhissssssssssssh,1297,1264,-33,7663,2049,Codeforces Round 994 (Div. 2)
dashk11,974,1030,56,7663,2049,Codeforces Round 994 (Div. 2)
FufaCoder,1336,1294,-42,7667,2049,Codeforces Round 994 (Div. 2)
SageSaiyan,1152,1155,3,7667,2049,Codeforces Round 994 (Div. 2)
Yuhaowei,1167,1166,-1,7667,2049,Codeforces Round 994 (Div. 2)
BloomingSummerEnding,1303,1269,-34,7670,2049,Codeforces Round 994 (Div. 2)
dhanushkrishnac,1269,1243,-26,7670,2049,Codeforces Round 994 (Div. 2)
Goel_Ronit,1377,1325,-52,7670,2049,Codeforces Round 994 (Div. 2)
Nirved431,1138,1145,7,7670,2049,Codeforces Round 994 (Div. 2)
Hudai_Khulsi,770,981,211,7674,2049,Codeforces Round 994 (Div. 2)
0and1,1074,1099,25,7674,2049,Codeforces Round 994 (Div. 2)
Ocidog,0,447,447,7676,2049,Codeforces Round 994 (Div. 2)
newaz234,1233,1215,-18,7676,2049,Codeforces Round 994 (Div. 2)
Shiro__oni,1024,1064,40,7678,2049,Codeforces Round 994 (Div. 2)
knowyourplace96,964,1077,113,7678,2049,Codeforces Round 994 (Div. 2)
majinaru,1024,1064,40,7680,2049,Codeforces Round 994 (Div. 2)
sanjanasheela,1021,1062,41,7680,2049,Codeforces Round 994 (Div. 2)
ViceCityBhai,441,747,306,7682,2049,Codeforces Round 994 (Div. 2)
CoderAshika16,959,1020,61,7682,2049,Codeforces Round 994 (Div. 2)
KYYYrie,1269,1242,-27,7682,2049,Codeforces Round 994 (Div. 2)
KK23,866,1056,190,7685,2049,Codeforces Round 994 (Div. 2)
SJ_0312,1091,1111,20,7686,2049,Codeforces Round 994 (Div. 2)
gRaine,1103,1119,16,7686,2049,Codeforces Round 994 (Div. 2)
cb_mariserla,985,1071,86,7686,2049,Codeforces Round 994 (Div. 2)
ajay____400,1084,1106,22,7689,2049,Codeforces Round 994 (Div. 2)
KappalaAkshay,931,1001,70,7690,2049,Codeforces Round 994 (Div. 2)
2pac,1271,1244,-27,7691,2049,Codeforces Round 994 (Div. 2)
infinityextends,1164,1163,-1,7691,2049,Codeforces Round 994 (Div. 2)
cpmcksjfkd,1004,1106,102,7693,2049,Codeforces Round 994 (Div. 2)
veduuuuu,993,1077,84,7694,2049,Codeforces Round 994 (Div. 2)
Majic1412,422,733,311,7695,2049,Codeforces Round 994 (Div. 2)
Kurbonovsalmon,1370,1320,-50,7696,2049,Codeforces Round 994 (Div. 2)
shriwastavaaditya11,0,447,447,7697,2049,Codeforces Round 994 (Div. 2)
Always_learner,1052,1118,66,7698,2049,Codeforces Round 994 (Div. 2)
Sowvick_Paul,1075,1099,24,7698,2049,Codeforces Round 994 (Div. 2)
Prabuddha_Sinha,0,447,447,7700,2049,Codeforces Round 994 (Div. 2)
Golgawitch,1078,1101,23,7700,2049,Codeforces Round 994 (Div. 2)
fuadj,1049,1080,31,7702,2049,Codeforces Round 994 (Div. 2)
_Danial_,1239,1220,-19,7703,2049,Codeforces Round 994 (Div. 2)
Antid0te_in_Ar3,1404,1346,-58,7704,2049,Codeforces Round 994 (Div. 2)
ranajay321,1079,1102,23,7705,2049,Codeforces Round 994 (Div. 2)
ankur_232,1161,1161,0,7706,2049,Codeforces Round 994 (Div. 2)
Hardikaswal,1487,1411,-76,7707,2049,Codeforces Round 994 (Div. 2)
Mayank_111,1195,1186,-9,7707,2049,Codeforces Round 994 (Div. 2)
fake_hub,0,447,447,7709,2049,Codeforces Round 994 (Div. 2)
Br0ok,1346,1301,-45,7710,2049,Codeforces Round 994 (Div. 2)
sagnikpal05,1056,1085,29,7710,2049,Codeforces Round 994 (Div. 2)
Arcon,1084,1166,82,7712,2049,Codeforces Round 994 (Div. 2)
Zoror,1025,1064,39,7712,2049,Codeforces Round 994 (Div. 2)
dubey_7200,1153,1155,2,7714,2049,Codeforces Round 994 (Div. 2)
_td.07_,461,762,301,7714,2049,Codeforces Round 994 (Div. 2)
vaishnvi_malvi,372,695,323,7716,2049,Codeforces Round 994 (Div. 2)
raviVaar,984,1035,51,7717,2049,Codeforces Round 994 (Div. 2)
__CodeArtisan__,1210,1197,-13,7718,2049,Codeforces Round 994 (Div. 2)
__32801_altter_code_,1215,1201,-14,7719,2049,Codeforces Round 994 (Div. 2)
Sailokesh321,1228,1211,-17,7720,2049,Codeforces Round 994 (Div. 2)
sourav25,1055,1085,30,7721,2049,Codeforces Round 994 (Div. 2)
algowizard07,1220,1204,-16,7722,2049,Codeforces Round 994 (Div. 2)
korskim_,1256,1232,-24,7723,2049,Codeforces Round 994 (Div. 2)
Radian6405,1171,1168,-3,7723,2049,Codeforces Round 994 (Div. 2)
Hacker_1729,1208,1195,-13,7723,2049,Codeforces Round 994 (Div. 2)
S_26,639,881,242,7723,2049,Codeforces Round 994 (Div. 2)
wajdi4,1116,1128,12,7727,2049,Codeforces Round 994 (Div. 2)
shubhraj625,1286,1255,-31,7728,2049,Codeforces Round 994 (Div. 2)
openair,1089,1108,19,7728,2049,Codeforces Round 994 (Div. 2)
Kiteretsu_29,1050,1081,31,7730,2049,Codeforces Round 994 (Div. 2)
pixel_4oton,386,705,319,7730,2049,Codeforces Round 994 (Div. 2)
tree4trie,1284,1253,-31,7730,2049,Codeforces Round 994 (Div. 2)
CodeAman,1201,1190,-11,7733,2049,Codeforces Round 994 (Div. 2)
sharvil_lade04,992,1041,49,7734,2049,Codeforces Round 994 (Div. 2)
Storm7424,1090,1145,55,7735,2049,Codeforces Round 994 (Div. 2)
Mayank_IITM27,1069,1094,25,7736,2049,Codeforces Round 994 (Div. 2)
Abhinandanporwal,1047,1079,32,7737,2049,Codeforces Round 994 (Div. 2)
Radhe_1,1017,1058,41,7737,2049,Codeforces Round 994 (Div. 2)
zsh_1,1195,1186,-9,7739,2049,Codeforces Round 994 (Div. 2)
SohanKumar109,1006,1085,79,7740,2049,Codeforces Round 994 (Div. 2)
samosa16,1125,1134,9,7741,2049,Codeforces Round 994 (Div. 2)
Newcoder_123,796,914,118,7742,2049,Codeforces Round 994 (Div. 2)
Mona_4715,597,799,202,7742,2049,Codeforces Round 994 (Div. 2)
kartik_verma_2328,1115,1127,12,7744,2049,Codeforces Round 994 (Div. 2)
akil1625,1131,1138,7,7744,2049,Codeforces Round 994 (Div. 2)
priyabratass64,1147,1150,3,7746,2049,Codeforces Round 994 (Div. 2)
goodluck8,0,446,446,7746,2049,Codeforces Round 994 (Div. 2)
Siddharth0908,947,1010,63,7746,2049,Codeforces Round 994 (Div. 2)
K_11,751,966,215,7746,2049,Codeforces Round 994 (Div. 2)
Hanuman_Bhakt_1,1069,1094,25,7746,2049,Codeforces Round 994 (Div. 2)
aastha_kandwal9,1232,1213,-19,7751,2049,Codeforces Round 994 (Div. 2)
tpliem09dana,988,1106,118,7752,2049,Codeforces Round 994 (Div. 2)
free_guy,950,1012,62,7753,2049,Codeforces Round 994 (Div. 2)
Ostentatious,1200,1189,-11,7753,2049,Codeforces Round 994 (Div. 2)
PanShpek,1273,1283,10,7755,2049,Codeforces Round 994 (Div. 2)
zeroFPS,880,966,86,7755,2049,Codeforces Round 994 (Div. 2)
meat_is_sus,422,732,310,7757,2049,Codeforces Round 994 (Div. 2)
liwanling,1038,1072,34,7758,2049,Codeforces Round 994 (Div. 2)
hdjhas,874,1020,146,7759,2049,Codeforces Round 994 (Div. 2)
HemantRaj_2005,957,1051,94,7760,2049,Codeforces Round 994 (Div. 2)
codingonly135,522,758,236,7760,2049,Codeforces Round 994 (Div. 2)
Arnav17,1054,1083,29,7762,2049,Codeforces Round 994 (Div. 2)
Ankityadav2004,796,914,118,7762,2049,Codeforces Round 994 (Div. 2)
Little_Aditya,1184,1177,-7,7764,2049,Codeforces Round 994 (Div. 2)
Akshatt15,1083,1139,56,7764,2049,Codeforces Round 994 (Div. 2)
PRAJESH14,1037,1106,69,7766,2049,Codeforces Round 994 (Div. 2)
barath17,0,446,446,7767,2049,Codeforces Round 994 (Div. 2)
JeeveshMittal,1141,1145,4,7767,2049,Codeforces Round 994 (Div. 2)
roy.aavas,1128,1136,8,7769,2049,Codeforces Round 994 (Div. 2)
S3CR3T_CP,374,695,321,7770,2049,Codeforces Round 994 (Div. 2)
TomaHawk04,1259,1234,-25,7770,2049,Codeforces Round 994 (Div. 2)
jeijei,807,920,113,7772,2049,Codeforces Round 994 (Div. 2)
admi02,1129,1173,44,7773,2049,Codeforces Round 994 (Div. 2)
Amirben,1067,1092,25,7774,2049,Codeforces Round 994 (Div. 2)
Voldemort_,1195,1185,-10,7775,2049,Codeforces Round 994 (Div. 2)
kiyoko_28,690,919,229,7776,2049,Codeforces Round 994 (Div. 2)
YF_YUSUF,1429,1364,-65,7776,2049,Codeforces Round 994 (Div. 2)
Call_me_Ujjwal,1176,1171,-5,7776,2049,Codeforces Round 994 (Div. 2)
duong3982,1778,1642,-136,7776,2049,Codeforces Round 994 (Div. 2)
kinjal_05,1083,1103,20,7776,2049,Codeforces Round 994 (Div. 2)
Aryanwastaken,1159,1158,-1,7776,2049,Codeforces Round 994 (Div. 2)
c2me,1219,1268,49,7776,2049,Codeforces Round 994 (Div. 2)
outlander,1268,1240,-28,7776,2049,Codeforces Round 994 (Div. 2)
taishogun,1713,1590,-123,7776,2049,Codeforces Round 994 (Div. 2)
TuiLa_Diem_Quynh,953,1122,169,7776,2049,Codeforces Round 994 (Div. 2)
sabyr,1554,1463,-91,7776,2049,Codeforces Round 994 (Div. 2)
Srapit,1063,1089,26,7787,2049,Codeforces Round 994 (Div. 2)
BlackpenRedpen,928,996,68,7787,2049,Codeforces Round 994 (Div. 2)
_Gawd_,1882,1726,-156,7787,2049,Codeforces Round 994 (Div. 2)
Remote_Dream,1924,1760,-164,7787,2049,Codeforces Round 994 (Div. 2)
CinCout21,1238,1217,-21,7787,2049,Codeforces Round 994 (Div. 2)
alphastriker,1186,1178,-8,7787,2049,Codeforces Round 994 (Div. 2)
hp3005,419,729,310,7787,2049,Codeforces Round 994 (Div. 2)
ShanMaitzzzz,1299,1263,-36,7787,2049,Codeforces Round 994 (Div. 2)
Coder_Arjun,1850,1700,-150,7787,2049,Codeforces Round 994 (Div. 2)
Ah_naf,1232,1212,-20,7787,2049,Codeforces Round 994 (Div. 2)
SoooongE,1527,1531,4,7787,2049,Codeforces Round 994 (Div. 2)
EtlaBroCF,1184,1214,30,7787,2049,Codeforces Round 994 (Div. 2)
Jishnu69,966,1056,90,7787,2049,Codeforces Round 994 (Div. 2)
still_alive_,1430,1365,-65,7787,2049,Codeforces Round 994 (Div. 2)
anshtrip99,1001,1045,44,7787,2049,Codeforces Round 994 (Div. 2)
Dewan_Abir_Mahmud,1081,1101,20,7787,2049,Codeforces Round 994 (Div. 2)
kumarayushmanpandey075,619,865,246,7787,2049,Codeforces Round 994 (Div. 2)
yusufazam,1464,1391,-73,7787,2049,Codeforces Round 994 (Div. 2)
Mohamed_M.M.R,1637,1528,-109,7787,2049,Codeforces Round 994 (Div. 2)
lokas,1031,1066,35,7787,2049,Codeforces Round 994 (Div. 2)
Mo_Nour,1389,1372,-17,7787,2049,Codeforces Round 994 (Div. 2)
mahesh_thorat,1174,1169,-5,7787,2049,Codeforces Round 994 (Div. 2)
LostFromLight,1407,1386,-21,7787,2049,Codeforces Round 994 (Div. 2)
Nisikto,1432,1366,-66,7787,2049,Codeforces Round 994 (Div. 2)
aineee,1053,1081,28,7811,2049,Codeforces Round 994 (Div. 2)
JEEL001,1267,1238,-29,7811,2049,Codeforces Round 994 (Div. 2)
ravigod22,1383,1328,-55,7811,2049,Codeforces Round 994 (Div. 2)
shivamsingh_45,965,1020,55,7811,2049,Codeforces Round 994 (Div. 2)
_trance_,1029,1122,93,7811,2049,Codeforces Round 994 (Div. 2)
AbhinavJain821,1283,1251,-32,7811,2049,Codeforces Round 994 (Div. 2)
amit_201,1038,1070,32,7811,2049,Codeforces Round 994 (Div. 2)
aadarshg087,1146,1148,2,7811,2049,Codeforces Round 994 (Div. 2)
VelajZmaj,1236,1215,-21,7811,2049,Codeforces Round 994 (Div. 2)
Sparky_,1280,1248,-32,7811,2049,Codeforces Round 994 (Div. 2)
KOPOLb_4YPOK,1808,1665,-143,7811,2049,Codeforces Round 994 (Div. 2)
whos_vic,1287,1254,-33,7811,2049,Codeforces Round 994 (Div. 2)
priyanka140905,842,989,147,7811,2049,Codeforces Round 994 (Div. 2)
TheoGermal,1472,1397,-75,7811,2049,Codeforces Round 994 (Div. 2)
Rakshit_1,1417,1354,-63,7811,2049,Codeforces Round 994 (Div. 2)
k_ni_ght,988,1036,48,7811,2049,Codeforces Round 994 (Div. 2)
MehtaSaheb,1461,1389,-72,7811,2049,Codeforces Round 994 (Div. 2)
Gajarr,1054,1082,28,7811,2049,Codeforces Round 994 (Div. 2)
cozyvelocirapto,1353,1304,-49,7811,2049,Codeforces Round 994 (Div. 2)
Noskash,1160,1158,-2,7811,2049,Codeforces Round 994 (Div. 2)
simanto_O8,750,884,134,7811,2049,Codeforces Round 994 (Div. 2)
Mohammed_Nasserr,1399,1340,-59,7811,2049,Codeforces Round 994 (Div. 2)
hopium,1414,1352,-62,7811,2049,Codeforces Round 994 (Div. 2)
Vishesh211,1149,1150,1,7811,2049,Codeforces Round 994 (Div. 2)
naitik10001,1485,1408,-77,7811,2049,Codeforces Round 994 (Div. 2)
biryani70,1334,1290,-44,7811,2049,Codeforces Round 994 (Div. 2)
SHKAV,2034,1850,-184,7811,2049,Codeforces Round 994 (Div. 2)
outlast_NATE,1288,1254,-34,7811,2049,Codeforces Round 994 (Div. 2)
Wizard_21,482,777,295,7811,2049,Codeforces Round 994 (Div. 2)
__HG,1368,1316,-52,7811,2049,Codeforces Round 994 (Div. 2)
__Firefly,1805,1703,-102,7811,2049,Codeforces Round 994 (Div. 2)
ashutosh5patel,1031,1065,34,7811,2049,Codeforces Round 994 (Div. 2)
bludisNOTsigma,1082,1161,79,7843,2049,Codeforces Round 994 (Div. 2)
ronaldkassabronaldkassab,849,992,143,7843,2049,Codeforces Round 994 (Div. 2)
Donbcheap,1334,1289,-45,7843,2049,Codeforces Round 994 (Div. 2)
AleFlash,1524,1438,-86,7843,2049,Codeforces Round 994 (Div. 2)
mishra.rprm,1603,1500,-103,7843,2049,Codeforces Round 994 (Div. 2)
Ali_OP,1356,1306,-50,7843,2049,Codeforces Round 994 (Div. 2)
tshell,1190,1179,-11,7843,2049,Codeforces Round 994 (Div. 2)
_Death_Note_,389,704,315,7843,2049,Codeforces Round 994 (Div. 2)
imhighshou,637,898,261,7843,2049,Codeforces Round 994 (Div. 2)
20050808Ff,859,949,90,7843,2049,Codeforces Round 994 (Div. 2)
rohansai2104,1041,1071,30,7843,2049,Codeforces Round 994 (Div. 2)
Quitting...,1506,1423,-83,7843,2049,Codeforces Round 994 (Div. 2)
zenin1,915,1091,176,7843,2049,Codeforces Round 994 (Div. 2)
HarshitKumarGupta,1148,1148,0,7843,2049,Codeforces Round 994 (Div. 2)
L20,1352,1303,-49,7843,2049,Codeforces Round 994 (Div. 2)
TCS_Bhediya,1286,1252,-34,7843,2049,Codeforces Round 994 (Div. 2)
aayush_bg,1499,1418,-81,7843,2049,Codeforces Round 994 (Div. 2)
mdmahabub55,1062,1086,24,7843,2049,Codeforces Round 994 (Div. 2)
_Smuggler_,1222,1203,-19,7843,2049,Codeforces Round 994 (Div. 2)
shade-space,1363,1311,-52,7843,2049,Codeforces Round 994 (Div. 2)
HASAN_49,1252,1226,-26,7843,2049,Codeforces Round 994 (Div. 2)
noob_coder19,1306,1267,-39,7843,2049,Codeforces Round 994 (Div. 2)
santi3223,1229,1208,-21,7843,2049,Codeforces Round 994 (Div. 2)
ymh06,1255,1228,-27,7843,2049,Codeforces Round 994 (Div. 2)
ravel_Ncs,1392,1334,-58,7843,2049,Codeforces Round 994 (Div. 2)
opal_Inwza007x,1651,1538,-113,7843,2049,Codeforces Round 994 (Div. 2)
prosenjit_mondol,841,938,97,7843,2049,Codeforces Round 994 (Div. 2)
SouravDebnath10,401,713,312,7843,2049,Codeforces Round 994 (Div. 2)
dingshangjing,1283,1249,-34,7843,2049,Codeforces Round 994 (Div. 2)
Obviously__,1252,1291,39,7843,2049,Codeforces Round 994 (Div. 2)
Harsh_cf,1336,1290,-46,7843,2049,Codeforces Round 994 (Div. 2)
Muhammad_Osama_Fahim,1257,1230,-27,7843,2049,Codeforces Round 994 (Div. 2)
satyam343,1880,1723,-157,7843,2049,Codeforces Round 994 (Div. 2)
flyingfist,1414,1351,-63,7843,2049,Codeforces Round 994 (Div. 2)
adnanahmad,1452,1381,-71,7843,2049,Codeforces Round 994 (Div. 2)
Manik.18,1351,1302,-49,7843,2049,Codeforces Round 994 (Div. 2)
Rasel.,1145,1145,0,7843,2049,Codeforces Round 994 (Div. 2)
Soumya1712,1168,1162,-6,7843,2049,Codeforces Round 994 (Div. 2)
bcsf22m536,1161,1157,-4,7843,2049,Codeforces Round 994 (Div. 2)
_xguagua_Firefly_,1132,1136,4,7843,2049,Codeforces Round 994 (Div. 2)
NP_1110,1228,1208,-20,7843,2049,Codeforces Round 994 (Div. 2)
lakshitcodes,1261,1233,-28,7843,2049,Codeforces Round 994 (Div. 2)
srijon_32,1232,1211,-21,7843,2049,Codeforces Round 994 (Div. 2)
stoic.23,904,978,74,7843,2049,Codeforces Round 994 (Div. 2)
Neanderthal_,1537,1448,-89,7843,2049,Codeforces Round 994 (Div. 2)
harshit_chauhan,1387,1330,-57,7843,2049,Codeforces Round 994 (Div. 2)
enlightrahulrm333,1140,1142,2,7843,2049,Codeforces Round 994 (Div. 2)
angle-bisector,1465,1391,-74,7843,2049,Codeforces Round 994 (Div. 2)
shyam_raval,1043,1072,29,7843,2049,Codeforces Round 994 (Div. 2)
gaurangagarwal26,1033,1065,32,7843,2049,Codeforces Round 994 (Div. 2)
The_Cryptic_TG,1752,1619,-133,7843,2049,Codeforces Round 994 (Div. 2)
m_s_t_y,1553,1460,-93,7843,2049,Codeforces Round 994 (Div. 2)
shuniko,1646,1534,-112,7843,2049,Codeforces Round 994 (Div. 2)
alyosha,1465,1391,-74,7843,2049,Codeforces Round 994 (Div. 2)
expertaq,1392,1334,-58,7843,2049,Codeforces Round 994 (Div. 2)
worthNothing,1246,1287,41,7843,2049,Codeforces Round 994 (Div. 2)
Dev_ouR,1022,1058,36,7843,2049,Codeforces Round 994 (Div. 2)
U_L_T-Paoku,1415,1352,-63,7843,2049,Codeforces Round 994 (Div. 2)
ratan_03,1085,1102,17,7843,2049,Codeforces Round 994 (Div. 2)
wet-Insect,1243,1219,-24,7843,2049,Codeforces Round 994 (Div. 2)
Dcoder10M,1478,1401,-77,7843,2049,Codeforces Round 994 (Div. 2)
Shyngys-K-003-27,909,1015,106,7843,2049,Codeforces Round 994 (Div. 2)
vishalkumar.singh.cer21,976,1026,50,7843,2049,Codeforces Round 994 (Div. 2)
i_am_unknown,1008,1048,40,7843,2049,Codeforces Round 994 (Div. 2)
vegret,1110,1120,10,7843,2049,Codeforces Round 994 (Div. 2)
Mukul9571,1177,1169,-8,7843,2049,Codeforces Round 994 (Div. 2)
Ghuri,1206,1191,-15,7843,2049,Codeforces Round 994 (Div. 2)
tendo_satori,1256,1229,-27,7843,2049,Codeforces Round 994 (Div. 2)
Aadritaa,853,946,93,7843,2049,Codeforces Round 994 (Div. 2)
Bosscoder,1202,1188,-14,7843,2049,Codeforces Round 994 (Div. 2)
.1tach1_,991,1036,45,7843,2049,Codeforces Round 994 (Div. 2)
puspendra_09,1457,1384,-73,7843,2049,Codeforces Round 994 (Div. 2)
shashank_2.0,1122,1129,7,7843,2049,Codeforces Round 994 (Div. 2)
arif049,1383,1327,-56,7843,2049,Codeforces Round 994 (Div. 2)
arvindchoudhary054,1212,1195,-17,7843,2049,Codeforces Round 994 (Div. 2)
tnwrshubham52,1198,1185,-13,7843,2049,Codeforces Round 994 (Div. 2)
Iak300,1117,1160,43,7919,2049,Codeforces Round 994 (Div. 2)
thiennhan11a1,1382,1325,-57,7919,2049,Codeforces Round 994 (Div. 2)
hit_7624,1200,1185,-15,7919,2049,Codeforces Round 994 (Div. 2)
Manthan_Parmar,942,1002,60,7919,2049,Codeforces Round 994 (Div. 2)
sssom,0,443,443,7919,2049,Codeforces Round 994 (Div. 2)
aktowon,1199,1184,-15,7919,2049,Codeforces Round 994 (Div. 2)
un_reated,955,1011,56,7919,2049,Codeforces Round 994 (Div. 2)
sachin_24m8,910,981,71,7919,2049,Codeforces Round 994 (Div. 2)
Dharya42,1222,1202,-20,7919,2049,Codeforces Round 994 (Div. 2)
codermvs46,1026,1059,33,7919,2049,Codeforces Round 994 (Div. 2)
Rajat_garg,1138,1139,1,7919,2049,Codeforces Round 994 (Div. 2)
Sm_aieng,1078,1096,18,7919,2049,Codeforces Round 994 (Div. 2)
spawar955,1227,1206,-21,7919,2049,Codeforces Round 994 (Div. 2)
ONNN1234,1061,1084,23,7919,2049,Codeforces Round 994 (Div. 2)
last_switch,1184,1173,-11,7919,2049,Codeforces Round 994 (Div. 2)
zourui,1281,1247,-34,7919,2049,Codeforces Round 994 (Div. 2)
tumenbay,1031,1063,32,7919,2049,Codeforces Round 994 (Div. 2)
mathpig,1321,1278,-43,7919,2049,Codeforces Round 994 (Div. 2)
HoangTran84,1012,1049,37,7919,2049,Codeforces Round 994 (Div. 2)
kerno1,0,443,443,7919,2049,Codeforces Round 994 (Div. 2)
AMEsmaeilzadeh,1067,1148,81,7919,2049,Codeforces Round 994 (Div. 2)
Sirius05,1361,1308,-53,7919,2049,Codeforces Round 994 (Div. 2)
b_mehta,1203,1188,-15,7919,2049,Codeforces Round 994 (Div. 2)
ebrahim_77,1132,1134,2,7919,2049,Codeforces Round 994 (Div. 2)
F.H.Pantho,828,928,100,7919,2049,Codeforces Round 994 (Div. 2)
Ayanokouji_Gojo,1529,1480,-49,7919,2049,Codeforces Round 994 (Div. 2)
shivamchp2,1113,1121,8,7919,2049,Codeforces Round 994 (Div. 2)
AdityaTakkar,1604,1500,-104,7919,2049,Codeforces Round 994 (Div. 2)
secret_one,843,938,95,7919,2049,Codeforces Round 994 (Div. 2)
I_will_back_,1289,1253,-36,7919,2049,Codeforces Round 994 (Div. 2)
Pirates__,1200,1185,-15,7919,2049,Codeforces Round 994 (Div. 2)
Priyan3,999,1040,41,7919,2049,Codeforces Round 994 (Div. 2)
bad_imagination,1453,1380,-73,7919,2049,Codeforces Round 994 (Div. 2)
SuckOnDeez,0,443,443,7919,2049,Codeforces Round 994 (Div. 2)
apex,1262,1232,-30,7919,2049,Codeforces Round 994 (Div. 2)
Ayham_Alsalman,1398,1337,-61,7919,2049,Codeforces Round 994 (Div. 2)
dev27,1561,1466,-95,7919,2049,Codeforces Round 994 (Div. 2)
kartik_gupta03,1395,1335,-60,7919,2049,Codeforces Round 994 (Div. 2)
ash1607,1089,1104,15,7919,2049,Codeforces Round 994 (Div. 2)
_ShockWave_,1472,1395,-77,7919,2049,Codeforces Round 994 (Div. 2)
TheDarkKnightRises.,1377,1321,-56,7919,2049,Codeforces Round 994 (Div. 2)
Bhuwan_36,1306,1266,-40,7919,2049,Codeforces Round 994 (Div. 2)
SHANKS_17,1127,1131,4,7919,2049,Codeforces Round 994 (Div. 2)
kakashi781,1288,1252,-36,7919,2049,Codeforces Round 994 (Div. 2)
mu_5,1214,1196,-18,7919,2049,Codeforces Round 994 (Div. 2)
SDY_25,1124,1129,5,7919,2049,Codeforces Round 994 (Div. 2)
Tian_Ming_Yo,1338,1291,-47,7919,2049,Codeforces Round 994 (Div. 2)
evan0410,988,1033,45,7919,2049,Codeforces Round 994 (Div. 2)
wdy_yyds,957,1012,55,7919,2049,Codeforces Round 994 (Div. 2)
alecuandreiizsak,998,1039,41,7919,2049,Codeforces Round 994 (Div. 2)
ruban,1354,1303,-51,7919,2049,Codeforces Round 994 (Div. 2)
zmdld11,1359,1307,-52,7919,2049,Codeforces Round 994 (Div. 2)
bourbon111,1602,1499,-103,7919,2049,Codeforces Round 994 (Div. 2)
Chagan_Nsut_2023UCD2154,1376,1320,-56,7919,2049,Codeforces Round 994 (Div. 2)
ZeinabHamdy,1391,1332,-59,7919,2049,Codeforces Round 994 (Div. 2)
wiedergeboren,1448,1376,-72,7919,2049,Codeforces Round 994 (Div. 2)
Mahendra_Nath,1441,1371,-70,7919,2049,Codeforces Round 994 (Div. 2)
MrBarHat,1068,1089,21,7919,2049,Codeforces Round 994 (Div. 2)
CBrandonCode,1060,1118,58,7919,2049,Codeforces Round 994 (Div. 2)
HarshSingh,1282,1248,-34,7919,2049,Codeforces Round 994 (Div. 2)
Yuvansh_0211,828,928,100,7919,2049,Codeforces Round 994 (Div. 2)
Konchi_Babaa__,1247,1221,-26,7919,2049,Codeforces Round 994 (Div. 2)
GoodGameIsGood,1162,1157,-5,7919,2049,Codeforces Round 994 (Div. 2)
siddiqui_Rashid,1197,1183,-14,7919,2049,Codeforces Round 994 (Div. 2)
EndMyMisery,1366,1312,-54,7919,2049,Codeforces Round 994 (Div. 2)
Aletz,1626,1517,-109,7919,2049,Codeforces Round 994 (Div. 2)
nazeer18,1227,1206,-21,7919,2049,Codeforces Round 994 (Div. 2)
Diamond-_-,970,1021,51,7919,2049,Codeforces Round 994 (Div. 2)
MytHz1,1405,1343,-62,7919,2049,Codeforces Round 994 (Div. 2)
sandeep31,1291,1254,-37,7919,2049,Codeforces Round 994 (Div. 2)
insane.prem,517,802,285,7919,2049,Codeforces Round 994 (Div. 2)
Shantanu.CPP,1294,1256,-38,7990,2049,Codeforces Round 994 (Div. 2)
jevesh2905,1273,1240,-33,7990,2049,Codeforces Round 994 (Div. 2)
reileen00,1115,1121,6,7990,2049,Codeforces Round 994 (Div. 2)
DrRedScull,1211,1193,-18,7990,2049,Codeforces Round 994 (Div. 2)
gawd_sarda,1152,1148,-4,7990,2049,Codeforces Round 994 (Div. 2)
Utkarsh2010,1262,1231,-31,7990,2049,Codeforces Round 994 (Div. 2)
honeybutterwaffle,1078,1094,16,7990,2049,Codeforces Round 994 (Div. 2)
Olaf_minus_f,1110,1117,7,7990,2049,Codeforces Round 994 (Div. 2)
floofy,1234,1210,-24,7990,2049,Codeforces Round 994 (Div. 2)
coderbodrul,1250,1222,-28,7990,2049,Codeforces Round 994 (Div. 2)
die-kstra,1277,1243,-34,7990,2049,Codeforces Round 994 (Div. 2)
3002642,1305,1264,-41,7990,2049,Codeforces Round 994 (Div. 2)
truot_tuyen_tong_hop,1665,1548,-117,7990,2049,Codeforces Round 994 (Div. 2)
nayak401,1400,1338,-62,7990,2049,Codeforces Round 994 (Div. 2)
ronin_zoro_2004,1402,1339,-63,7990,2049,Codeforces Round 994 (Div. 2)
Siddhant_555,1137,1137,0,7990,2049,Codeforces Round 994 (Div. 2)
RE_ght,1337,1289,-48,7990,2049,Codeforces Round 994 (Div. 2)
Mohammed_Rabei,1141,1140,-1,7990,2049,Codeforces Round 994 (Div. 2)
DiMsh09,1278,1243,-35,7990,2049,Codeforces Round 994 (Div. 2)
abhi7492,1345,1295,-50,7990,2049,Codeforces Round 994 (Div. 2)
Trinitas,1408,1344,-64,7990,2049,Codeforces Round 994 (Div. 2)
operator32,1157,1152,-5,7990,2049,Codeforces Round 994 (Div. 2)
Sumit2023102,1270,1237,-33,7990,2049,Codeforces Round 994 (Div. 2)
SHAFIN,1549,1455,-94,7990,2049,Codeforces Round 994 (Div. 2)
okbhr2O9,1558,1462,-96,7990,2049,Codeforces Round 994 (Div. 2)
neaz_1019,1187,1174,-13,7990,2049,Codeforces Round 994 (Div. 2)
HuckleBerryFlim,402,712,310,7990,2049,Codeforces Round 994 (Div. 2)
Engle10,1150,1147,-3,7990,2049,Codeforces Round 994 (Div. 2)
CopperRoger,1271,1238,-33,7990,2049,Codeforces Round 994 (Div. 2)
algorithms_source,444,744,300,7990,2049,Codeforces Round 994 (Div. 2)
kushagrassisodia,1357,1304,-53,7990,2049,Codeforces Round 994 (Div. 2)
vanshgarg8683,917,1047,130,7990,2049,Codeforces Round 994 (Div. 2)
VVarn_2005,962,1014,52,7990,2049,Codeforces Round 994 (Div. 2)
LazyCoder1912,1355,1303,-52,7990,2049,Codeforces Round 994 (Div. 2)
prateekm_04,1280,1283,3,7990,2049,Codeforces Round 994 (Div. 2)
rahul_k27,1081,1096,15,7990,2049,Codeforces Round 994 (Div. 2)
GoogleDocs,1609,1503,-106,7990,2049,Codeforces Round 994 (Div. 2)
__TAMIM,1233,1209,-24,7990,2049,Codeforces Round 994 (Div. 2)
9mi7a,1412,1347,-65,7990,2049,Codeforces Round 994 (Div. 2)
EDM_FI,1370,1314,-56,7990,2049,Codeforces Round 994 (Div. 2)
UI-Shashank,1281,1246,-35,7990,2049,Codeforces Round 994 (Div. 2)
MIRAJ12,1239,1214,-25,7990,2049,Codeforces Round 994 (Div. 2)
KOI,1456,1381,-75,7990,2049,Codeforces Round 994 (Div. 2)
Salman__Ahmed,1199,1183,-16,7990,2049,Codeforces Round 994 (Div. 2)
tarsh.16052003,1484,1404,-80,7990,2049,Codeforces Round 994 (Div. 2)
raisemysword,1307,1266,-41,7990,2049,Codeforces Round 994 (Div. 2)
Dipto.4D,1237,1212,-25,7990,2049,Codeforces Round 994 (Div. 2)
0x81,1447,1375,-72,7990,2049,Codeforces Round 994 (Div. 2)
WhoRUWhenUrNotPerforming,438,740,302,7990,2049,Codeforces Round 994 (Div. 2)
SanSahu,1132,1133,1,7990,2049,Codeforces Round 994 (Div. 2)
treasuryonly,1181,1170,-11,7990,2049,Codeforces Round 994 (Div. 2)
ImGooD,1272,1277,5,7990,2049,Codeforces Round 994 (Div. 2)
tanmay-8,1240,1214,-26,7990,2049,Codeforces Round 994 (Div. 2)
Layk,1673,1554,-119,7990,2049,Codeforces Round 994 (Div. 2)
ZenoOfCitium,1070,1089,19,7990,2049,Codeforces Round 994 (Div. 2)
Have_Fun,1150,1147,-3,7990,2049,Codeforces Round 994 (Div. 2)
oxygen_06_05,1101,1111,10,7990,2049,Codeforces Round 994 (Div. 2)
drk16072000,1333,1286,-47,7990,2049,Codeforces Round 994 (Div. 2)
v_potoke,1366,1311,-55,7990,2049,Codeforces Round 994 (Div. 2)
sikki_pehlwan,1066,1086,20,7990,2049,Codeforces Round 994 (Div. 2)
ConsW,1486,1405,-81,7990,2049,Codeforces Round 994 (Div. 2)
Jyotiraditya_harichandan,1365,1311,-54,7990,2049,Codeforces Round 994 (Div. 2)
the_seal,1028,1059,31,7990,2049,Codeforces Round 994 (Div. 2)
sachincoder11,1321,1276,-45,7990,2049,Codeforces Round 994 (Div. 2)
rishiraj_729,1373,1317,-56,7990,2049,Codeforces Round 994 (Div. 2)
maanassehgal,1049,1073,24,7990,2049,Codeforces Round 994 (Div. 2)
chickbecamechicken,1413,1348,-65,7990,2049,Codeforces Round 994 (Div. 2)
AbdallahMahmoud,1188,1175,-13,7990,2049,Codeforces Round 994 (Div. 2)
gaurav7376,1218,1198,-20,7990,2049,Codeforces Round 994 (Div. 2)
mnshakib79,1168,1198,30,7990,2049,Codeforces Round 994 (Div. 2)
Ravishekhar12,1414,1349,-65,7990,2049,Codeforces Round 994 (Div. 2)
Yessimkhan,1310,1268,-42,7990,2049,Codeforces Round 994 (Div. 2)
__runknowna__,1273,1240,-33,7990,2049,Codeforces Round 994 (Div. 2)
abar_submit_de,1192,1178,-14,7990,2049,Codeforces Round 994 (Div. 2)
manyasharma2,1214,1195,-19,8064,2049,Codeforces Round 994 (Div. 2)
sashakt1290,1098,1107,9,8065,2049,Codeforces Round 994 (Div. 2)
Najibullo_prog,946,1001,55,8065,2049,Codeforces Round 994 (Div. 2)
e1567,1197,1180,-17,8065,2049,Codeforces Round 994 (Div. 2)
nish1044,862,947,85,8065,2049,Codeforces Round 994 (Div. 2)
durga_prasad52,950,1004,54,8065,2049,Codeforces Round 994 (Div. 2)
03shree,1359,1305,-54,8065,2049,Codeforces Round 994 (Div. 2)
tahmids55,1200,1183,-17,8065,2049,Codeforces Round 994 (Div. 2)
arctano,987,1029,42,8065,2049,Codeforces Round 994 (Div. 2)
Ayushkt02,1175,1164,-11,8065,2049,Codeforces Round 994 (Div. 2)
THAT_1_PER_CENT_OF_MINE,1366,1310,-56,8065,2049,Codeforces Round 994 (Div. 2)
Xeroficator,1396,1333,-63,8065,2049,Codeforces Round 994 (Div. 2)
sharath1220,895,968,73,8065,2049,Codeforces Round 994 (Div. 2)
praveen_sr1,1241,1214,-27,8065,2049,Codeforces Round 994 (Div. 2)
Chet1398,1183,1170,-13,8065,2049,Codeforces Round 994 (Div. 2)
sbarreto,1127,1128,1,8065,2049,Codeforces Round 994 (Div. 2)
AayushKumar_,1036,1063,27,8065,2049,Codeforces Round 994 (Div. 2)
iutcdi123,1054,1111,57,8065,2049,Codeforces Round 994 (Div. 2)
Marwanthe0,1089,1101,12,8065,2049,Codeforces Round 994 (Div. 2)
Ghost_bharti,910,1011,101,8065,2049,Codeforces Round 994 (Div. 2)
_T_L_E,1185,1171,-14,8065,2049,Codeforces Round 994 (Div. 2)
prernatilara373,903,972,69,8065,2049,Codeforces Round 994 (Div. 2)
Pop_951,1170,1160,-10,8065,2049,Codeforces Round 994 (Div. 2)
yamini3,854,973,119,8065,2049,Codeforces Round 994 (Div. 2)
nish001,1300,1259,-41,8065,2049,Codeforces Round 994 (Div. 2)
Rajputana,1043,1068,25,8065,2049,Codeforces Round 994 (Div. 2)
zyphor,1121,1124,3,8065,2049,Codeforces Round 994 (Div. 2)
Lingxin1,1096,1106,10,8065,2049,Codeforces Round 994 (Div. 2)
MLE_Automaton,423,727,304,8065,2049,Codeforces Round 994 (Div. 2)
riteshojhaa,1211,1191,-20,8065,2049,Codeforces Round 994 (Div. 2)
AlexRt,1429,1359,-70,8065,2049,Codeforces Round 994 (Div. 2)
Beat-O-O-Heat,1066,1084,18,8065,2049,Codeforces Round 994 (Div. 2)
ErmiCodeforce,1467,1390,-77,8065,2049,Codeforces Round 994 (Div. 2)
rishabhtwr07,1692,1568,-124,8065,2049,Codeforces Round 994 (Div. 2)
kunal10200,1184,1170,-14,8065,2049,Codeforces Round 994 (Div. 2)
the_explorer_adarsh,1161,1153,-8,8065,2049,Codeforces Round 994 (Div. 2)
Jazaba,1293,1254,-39,8065,2049,Codeforces Round 994 (Div. 2)
sonal_231115,960,1011,51,8065,2049,Codeforces Round 994 (Div. 2)
neel_chhatbar,1218,1196,-22,8065,2049,Codeforces Round 994 (Div. 2)
uwbt17,1293,1254,-39,8065,2049,Codeforces Round 994 (Div. 2)
ANUJ_0007,1103,1111,8,8065,2049,Codeforces Round 994 (Div. 2)
kwyjibo,1252,1222,-30,8065,2049,Codeforces Round 994 (Div. 2)
sfiisf,1536,1444,-92,8065,2049,Codeforces Round 994 (Div. 2)
pcheloveks,1279,1243,-36,8065,2049,Codeforces Round 994 (Div. 2)
Daddie,1143,1177,34,8065,2049,Codeforces Round 994 (Div. 2)
sphogat444,1336,1287,-49,8065,2049,Codeforces Round 994 (Div. 2)
Ahmed-Sahlol,1242,1215,-27,8065,2049,Codeforces Round 994 (Div. 2)
Tetsuya_Kuroko,1019,1051,32,8065,2049,Codeforces Round 994 (Div. 2)
voldemort713,1463,1386,-77,8065,2049,Codeforces Round 994 (Div. 2)
anubhav.krishna,1295,1255,-40,8065,2049,Codeforces Round 994 (Div. 2)
nikhilsonkar616,830,926,96,8065,2049,Codeforces Round 994 (Div. 2)
littlefish,1157,1151,-6,8065,2049,Codeforces Round 994 (Div. 2)
Apricity-0806,1370,1313,-57,8065,2049,Codeforces Round 994 (Div. 2)
Code_Wizard_,1182,1169,-13,8065,2049,Codeforces Round 994 (Div. 2)
berry_10,1083,1096,13,8065,2049,Codeforces Round 994 (Div. 2)
k_Teleport,1335,1286,-49,8065,2049,Codeforces Round 994 (Div. 2)
yongfu,1218,1196,-22,8065,2049,Codeforces Round 994 (Div. 2)
ANMIND,1107,1114,7,8065,2049,Codeforces Round 994 (Div. 2)
Cecil_Ha,1168,1158,-10,8065,2049,Codeforces Round 994 (Div. 2)
shantanu1283,993,1033,40,8065,2049,Codeforces Round 994 (Div. 2)
mukheshkumaryedla,1127,1128,1,8065,2049,Codeforces Round 994 (Div. 2)
akshat_j07,860,945,85,8065,2049,Codeforces Round 994 (Div. 2)
magnetCodes,1393,1331,-62,8065,2049,Codeforces Round 994 (Div. 2)
yugagr,1411,1345,-66,8065,2049,Codeforces Round 994 (Div. 2)
Ricoprogrammer,1502,1417,-85,8065,2049,Codeforces Round 994 (Div. 2)
ImranHossain,1158,1151,-7,8065,2049,Codeforces Round 994 (Div. 2)
say_yas,1276,1240,-36,8065,2049,Codeforces Round 994 (Div. 2)
protein,1378,1319,-59,8065,2049,Codeforces Round 994 (Div. 2)
Glesser_451,1341,1291,-50,8065,2049,Codeforces Round 994 (Div. 2)
Shubh_0601,1385,1325,-60,8065,2049,Codeforces Round 994 (Div. 2)
ImperialALEN,1440,1368,-72,8065,2049,Codeforces Round 994 (Div. 2)
shaurya17,1017,1050,33,8065,2049,Codeforces Round 994 (Div. 2)
Xue_Gaoy,1217,1196,-21,8065,2049,Codeforces Round 994 (Div. 2)
postmasterr,1517,1429,-88,8065,2049,Codeforces Round 994 (Div. 2)
denisvlasov,1220,1198,-22,8065,2049,Codeforces Round 994 (Div. 2)
coder.cpp,1381,1321,-60,8065,2049,Codeforces Round 994 (Div. 2)
GreatestEver,1163,1155,-8,8065,2049,Codeforces Round 994 (Div. 2)
Shakyawal_S,928,989,61,8065,2049,Codeforces Round 994 (Div. 2)
codingNoober,708,927,219,8065,2049,Codeforces Round 994 (Div. 2)
BEKSULTANOV,987,1029,42,8065,2049,Codeforces Round 994 (Div. 2)
ywsndm,1021,1052,31,8065,2049,Codeforces Round 994 (Div. 2)
rmqs,1410,1344,-66,8065,2049,Codeforces Round 994 (Div. 2)
rishi_sde,1202,1184,-18,8065,2049,Codeforces Round 994 (Div. 2)
Uchiha_007,1122,1125,3,8065,2049,Codeforces Round 994 (Div. 2)
vyom_1225,1522,1433,-89,8065,2049,Codeforces Round 994 (Div. 2)
OMNITRIXXX,809,960,151,8149,2049,Codeforces Round 994 (Div. 2)
The6thWall,932,990,58,8150,2049,Codeforces Round 994 (Div. 2)
CodeVoyager...,1063,1080,17,8150,2049,Codeforces Round 994 (Div. 2)
jyoti_bhookar,1151,1144,-7,8150,2049,Codeforces Round 994 (Div. 2)
gs27304,777,891,114,8150,2049,Codeforces Round 994 (Div. 2)
happy_ray_67,795,992,197,8150,2049,Codeforces Round 994 (Div. 2)
__coder9__,1128,1127,-1,8150,2049,Codeforces Round 994 (Div. 2)
Vivek3000,1046,1068,22,8150,2049,Codeforces Round 994 (Div. 2)
Siddeshwar.,1319,1272,-47,8150,2049,Codeforces Round 994 (Div. 2)
temporary_25,1121,1122,1,8150,2049,Codeforces Round 994 (Div. 2)
AbdalrhmanGhandour,1073,1087,14,8150,2049,Codeforces Round 994 (Div. 2)
another_fake_account,1493,1408,-85,8150,2049,Codeforces Round 994 (Div. 2)
UnkknownNnN,1081,1093,12,8150,2049,Codeforces Round 994 (Div. 2)
pybagheri,1003,1096,93,8150,2049,Codeforces Round 994 (Div. 2)
Martin-Marinov-09,650,881,231,8150,2049,Codeforces Round 994 (Div. 2)
SiyamBhuiyan,1027,1055,28,8150,2049,Codeforces Round 994 (Div. 2)
1135Taran,1198,1180,-18,8150,2049,Codeforces Round 994 (Div. 2)
XL16610,1109,1113,4,8150,2049,Codeforces Round 994 (Div. 2)
shashank_padamati,1108,1113,5,8150,2049,Codeforces Round 994 (Div. 2)
tomytp,1481,1399,-82,8150,2049,Codeforces Round 994 (Div. 2)
giddy_quest,1149,1180,31,8150,2049,Codeforces Round 994 (Div. 2)
mamut-rahal,1158,1149,-9,8150,2049,Codeforces Round 994 (Div. 2)
infi9itea,1160,1151,-9,8150,2049,Codeforces Round 994 (Div. 2)
gullu42,1117,1119,2,8150,2049,Codeforces Round 994 (Div. 2)
injection_moulding,1207,1186,-21,8150,2049,Codeforces Round 994 (Div. 2)
Monasm,1289,1249,-40,8150,2049,Codeforces Round 994 (Div. 2)
dugawaarun,1119,1121,2,8150,2049,Codeforces Round 994 (Div. 2)
goldenboy1,1033,1059,26,8150,2049,Codeforces Round 994 (Div. 2)
Unos55567,1282,1244,-38,8150,2049,Codeforces Round 994 (Div. 2)
dreamer_001,0,439,439,8150,2049,Codeforces Round 994 (Div. 2)
ayush_092005,1117,1119,2,8150,2049,Codeforces Round 994 (Div. 2)
Nitter,1151,1144,-7,8150,2049,Codeforces Round 994 (Div. 2)
not-knowing,951,1002,51,8150,2049,Codeforces Round 994 (Div. 2)
sid6969,1307,1263,-44,8150,2049,Codeforces Round 994 (Div. 2)
garam_icecream,1230,1204,-26,8150,2049,Codeforces Round 994 (Div. 2)
Aboalkasim,1531,1439,-92,8150,2049,Codeforces Round 994 (Div. 2)
As6294389,1016,1105,89,8150,2049,Codeforces Round 994 (Div. 2)
WhySoSerious16,1616,1506,-110,8150,2049,Codeforces Round 994 (Div. 2)
ritesh_gupta97,1280,1242,-38,8150,2049,Codeforces Round 994 (Div. 2)
harshtailor8696,1074,1088,14,8150,2049,Codeforces Round 994 (Div. 2)
Arghya17,1227,1201,-26,8150,2049,Codeforces Round 994 (Div. 2)
ZhixingYi,1592,1487,-105,8150,2049,Codeforces Round 994 (Div. 2)
uttamkumarreddy123,1429,1358,-71,8150,2049,Codeforces Round 994 (Div. 2)
salhawamde1,1184,1169,-15,8150,2049,Codeforces Round 994 (Div. 2)
Touken,1501,1415,-86,8150,2049,Codeforces Round 994 (Div. 2)
ahhlmao,1187,1171,-16,8150,2049,Codeforces Round 994 (Div. 2)
shashipra2002,1256,1224,-32,8150,2049,Codeforces Round 994 (Div. 2)
AY_ALFRM,1090,1099,9,8150,2049,Codeforces Round 994 (Div. 2)
ashwanikumarsharma,1163,1153,-10,8150,2049,Codeforces Round 994 (Div. 2)
vipul2003,1250,1219,-31,8150,2049,Codeforces Round 994 (Div. 2)
AHMADUL,1219,1195,-24,8150,2049,Codeforces Round 994 (Div. 2)
rajkedia19,1242,1213,-29,8150,2049,Codeforces Round 994 (Div. 2)
Sudhanshu_Kadam,1019,1049,30,8150,2049,Codeforces Round 994 (Div. 2)
KashiViswanath,1148,1142,-6,8150,2049,Codeforces Round 994 (Div. 2)
tamer__,1158,1149,-9,8150,2049,Codeforces Round 994 (Div. 2)
SaurabhBansal,1352,1298,-54,8150,2049,Codeforces Round 994 (Div. 2)
max_maxbetov,865,1004,139,8150,2049,Codeforces Round 994 (Div. 2)
Pankaj_lamgria,1347,1294,-53,8150,2049,Codeforces Round 994 (Div. 2)
jai_hanuman_orz,1433,1361,-72,8150,2049,Codeforces Round 994 (Div. 2)
AnF1,1488,1405,-83,8150,2049,Codeforces Round 994 (Div. 2)
rkd1801,1154,1146,-8,8150,2049,Codeforces Round 994 (Div. 2)
ms0031,1117,1119,2,8150,2049,Codeforces Round 994 (Div. 2)
htkhanh05,1293,1252,-41,8150,2049,Codeforces Round 994 (Div. 2)
jai_anurag_y,1292,1251,-41,8150,2049,Codeforces Round 994 (Div. 2)
buchu,1354,1299,-55,8150,2049,Codeforces Round 994 (Div. 2)
CainSmith,1218,1260,42,8150,2049,Codeforces Round 994 (Div. 2)
MaiHoonKaun,1437,1364,-73,8150,2049,Codeforces Round 994 (Div. 2)
_Manual_,1430,1359,-71,8150,2049,Codeforces Round 994 (Div. 2)
LegendARY_,397,705,308,8150,2049,Codeforces Round 994 (Div. 2)
himanshupl25,1036,1061,25,8150,2049,Codeforces Round 994 (Div. 2)
Suyash_R10,1652,1535,-117,8150,2049,Codeforces Round 994 (Div. 2)
puppy_boss,1179,1165,-14,8150,2049,Codeforces Round 994 (Div. 2)
jaisakash,976,1019,43,8150,2049,Codeforces Round 994 (Div. 2)
Lycanrox,1230,1204,-26,8150,2049,Codeforces Round 994 (Div. 2)
arikrrr77,1548,1452,-96,8150,2049,Codeforces Round 994 (Div. 2)
Strangerr999,1197,1179,-18,8150,2049,Codeforces Round 994 (Div. 2)
Shashank_bhatnagar03,1137,1133,-4,8150,2049,Codeforces Round 994 (Div. 2)
PeterBA,1106,1111,5,8150,2049,Codeforces Round 994 (Div. 2)
jinxihexi,1431,1360,-71,8150,2049,Codeforces Round 994 (Div. 2)
hetvi.kalariya.,1174,1161,-13,8150,2049,Codeforces Round 994 (Div. 2)
ccwcew,1231,1205,-26,8150,2049,Codeforces Round 994 (Div. 2)
budarin.028472,701,944,243,8150,2049,Codeforces Round 994 (Div. 2)
Pinakaa,1090,1161,71,8150,2049,Codeforces Round 994 (Div. 2)
Namae_no_nai_Senshi,1312,1267,-45,8150,2049,Codeforces Round 994 (Div. 2)
dustycrown,1073,1087,14,8150,2049,Codeforces Round 994 (Div. 2)
Jatin012,1082,1094,12,8150,2049,Codeforces Round 994 (Div. 2)
Narendra_Simha18,1182,1167,-15,8150,2049,Codeforces Round 994 (Div. 2)
priyanshukn03,645,877,232,8150,2049,Codeforces Round 994 (Div. 2)
desparado,1291,1250,-41,8150,2049,Codeforces Round 994 (Div. 2)
burstingfire355,1254,1222,-32,8150,2049,Codeforces Round 994 (Div. 2)
Carelessss,942,1108,166,8150,2049,Codeforces Round 994 (Div. 2)
yangyangyang31,1319,1272,-47,8150,2049,Codeforces Round 994 (Div. 2)
OMAR_JR,1432,1360,-72,8150,2049,Codeforces Round 994 (Div. 2)
Satya.akeA,1347,1294,-53,8150,2049,Codeforces Round 994 (Div. 2)
none_c,1573,1472,-101,8150,2049,Codeforces Round 994 (Div. 2)
Vengeance279,1314,1268,-46,8150,2049,Codeforces Round 994 (Div. 2)
A_R_K1,971,1016,45,8150,2049,Codeforces Round 994 (Div. 2)
dhawal9z,1152,1145,-7,8150,2049,Codeforces Round 994 (Div. 2)
SkyWalker_01,1226,1200,-26,8150,2049,Codeforces Round 994 (Div. 2)
aayushgupta13,1333,1283,-50,8150,2049,Codeforces Round 994 (Div. 2)
kunalnishanttyagi,1286,1247,-39,8150,2049,Codeforces Round 994 (Div. 2)
1412professor,1221,1197,-24,8150,2049,Codeforces Round 994 (Div. 2)
manhsobad,667,892,225,8251,2049,Codeforces Round 994 (Div. 2)
Filpe,1335,1283,-52,8251,2049,Codeforces Round 994 (Div. 2)
dh4wall,409,713,304,8251,2049,Codeforces Round 994 (Div. 2)
AyushWani,1329,1278,-51,8251,2049,Codeforces Round 994 (Div. 2)
sanjeev.kumar.cse22,867,945,78,8251,2049,Codeforces Round 994 (Div. 2)
hadad,1393,1328,-65,8251,2049,Codeforces Round 994 (Div. 2)
ytt123123,1146,1177,31,8251,2049,Codeforces Round 994 (Div. 2)
Astra_,1063,1078,15,8251,2049,Codeforces Round 994 (Div. 2)
krishjustice,1105,1108,3,8251,2049,Codeforces Round 994 (Div. 2)
ostavvi_traggg,776,976,200,8251,2049,Codeforces Round 994 (Div. 2)
Crypt0X,1276,1237,-39,8251,2049,Codeforces Round 994 (Div. 2)
Mehedi_7575,1131,1127,-4,8251,2049,Codeforces Round 994 (Div. 2)
bezdarn0st,1778,1635,-143,8251,2049,Codeforces Round 994 (Div. 2)
raghav_1910,1058,1074,16,8251,2049,Codeforces Round 994 (Div. 2)
004-Nurislam-K-26,1079,1089,10,8251,2049,Codeforces Round 994 (Div. 2)
samva210,1063,1078,15,8251,2049,Codeforces Round 994 (Div. 2)
setsuna_780,1226,1199,-27,8251,2049,Codeforces Round 994 (Div. 2)
Newtonian278,1423,1351,-72,8251,2049,Codeforces Round 994 (Div. 2)
ashuy.1303,1005,1037,32,8251,2049,Codeforces Round 994 (Div. 2)
saumya77022,890,960,70,8251,2049,Codeforces Round 994 (Div. 2)
_kaal__,1301,1256,-45,8251,2049,Codeforces Round 994 (Div. 2)
mdshohed,1128,1125,-3,8251,2049,Codeforces Round 994 (Div. 2)
.sempai,964,1009,45,8251,2049,Codeforces Round 994 (Div. 2)
blueicecream,1082,1092,10,8251,2049,Codeforces Round 994 (Div. 2)
ArinaKash,486,773,287,8251,2049,Codeforces Round 994 (Div. 2)
CrimsonMarauderr,1116,1116,0,8251,2049,Codeforces Round 994 (Div. 2)
darshit2308,990,1027,37,8251,2049,Codeforces Round 994 (Div. 2)
samyukta,894,1014,120,8251,2049,Codeforces Round 994 (Div. 2)
draid,1075,1087,12,8251,2049,Codeforces Round 994 (Div. 2)
kaustubh.jaitapkar,617,854,237,8251,2049,Codeforces Round 994 (Div. 2)
firetree,478,766,288,8251,2049,Codeforces Round 994 (Div. 2)
Waigoon,1130,1127,-3,8251,2049,Codeforces Round 994 (Div. 2)
syan7201,905,1033,128,8251,2049,Codeforces Round 994 (Div. 2)
Tourist-Egypt,1322,1273,-49,8251,2049,Codeforces Round 994 (Div. 2)
Kakkart16,1480,1397,-83,8251,2049,Codeforces Round 994 (Div. 2)
JinayVora,1081,1091,10,8251,2049,Codeforces Round 994 (Div. 2)
arwa_khattab,1434,1360,-74,8251,2049,Codeforces Round 994 (Div. 2)
2112aru,1042,1063,21,8251,2049,Codeforces Round 994 (Div. 2)
Ferdousi_53,1158,1147,-11,8251,2049,Codeforces Round 994 (Div. 2)
SearchMeLater,1306,1260,-46,8251,2049,Codeforces Round 994 (Div. 2)
antosz420,840,1026,186,8251,2049,Codeforces Round 994 (Div. 2)
RunTimeeError,425,725,300,8251,2049,Codeforces Round 994 (Div. 2)
tausif26,1054,1072,18,8251,2049,Codeforces Round 994 (Div. 2)
AdityaGarg_2004,1449,1372,-77,8251,2049,Codeforces Round 994 (Div. 2)
Ropraite,1115,1116,1,8251,2049,Codeforces Round 994 (Div. 2)
Abdullah-Arslan,1122,1120,-2,8251,2049,Codeforces Round 994 (Div. 2)
Fahmid_Arman,956,1003,47,8251,2049,Codeforces Round 994 (Div. 2)
ChAranj33th,863,942,79,8251,2049,Codeforces Round 994 (Div. 2)
jiejieya,1173,1197,24,8251,2049,Codeforces Round 994 (Div. 2)
N0va_N3bula,1104,1108,4,8251,2049,Codeforces Round 994 (Div. 2)
nonamexishere,1307,1261,-46,8251,2049,Codeforces Round 994 (Div. 2)
abhi_shek931,1347,1292,-55,8251,2049,Codeforces Round 994 (Div. 2)
kong_mda,1469,1388,-81,8251,2049,Codeforces Round 994 (Div. 2)
Kidlin,1231,1202,-29,8251,2049,Codeforces Round 994 (Div. 2)
Rashedunnabi,1304,1259,-45,8251,2049,Codeforces Round 994 (Div. 2)
IF_SI_TA,1228,1200,-28,8251,2049,Codeforces Round 994 (Div. 2)
Baseplate._.,1046,1102,56,8251,2049,Codeforces Round 994 (Div. 2)
karimov,1377,1316,-61,8251,2049,Codeforces Round 994 (Div. 2)
Maxematics,0,438,438,8251,2049,Codeforces Round 994 (Div. 2)
SCHRODlNGER,1188,1170,-18,8251,2049,Codeforces Round 994 (Div. 2)
bluket,1052,1070,18,8251,2049,Codeforces Round 994 (Div. 2)
Smakadyavka_3000,1035,1058,23,8251,2049,Codeforces Round 994 (Div. 2)
Saikot_Das,855,937,82,8251,2049,Codeforces Round 994 (Div. 2)
ThunderWasTaken,1121,1120,-1,8251,2049,Codeforces Round 994 (Div. 2)
Utkarsh070,935,989,54,8251,2049,Codeforces Round 994 (Div. 2)
tyagi_2512,1184,1167,-17,8251,2049,Codeforces Round 994 (Div. 2)
Akhand_24,1090,1097,7,8251,2049,Codeforces Round 994 (Div. 2)
arpitkus,1418,1348,-70,8251,2049,Codeforces Round 994 (Div. 2)
michael.scott,1126,1124,-2,8251,2049,Codeforces Round 994 (Div. 2)
_Bakr,1392,1327,-65,8251,2049,Codeforces Round 994 (Div. 2)
perspective_,1034,1057,23,8251,2049,Codeforces Round 994 (Div. 2)
nvr_giv_up,1359,1302,-57,8251,2049,Codeforces Round 994 (Div. 2)
ArnavSharma005,1166,1153,-13,8251,2049,Codeforces Round 994 (Div. 2)
cjd29,1082,1092,10,8251,2049,Codeforces Round 994 (Div. 2)
rmpmm,960,1075,115,8251,2049,Codeforces Round 994 (Div. 2)
-320,1024,1050,26,8251,2049,Codeforces Round 994 (Div. 2)
targater04,0,438,438,8251,2049,Codeforces Round 994 (Div. 2)
akashdholakiya,1120,1120,0,8251,2049,Codeforces Round 994 (Div. 2)
mdashrafsuhad1,1121,1120,-1,8251,2049,Codeforces Round 994 (Div. 2)
rajkumar789,1087,1096,9,8251,2049,Codeforces Round 994 (Div. 2)
Home1ander,1376,1315,-61,8251,2049,Codeforces Round 994 (Div. 2)
w1ss,1455,1377,-78,8251,2049,Codeforces Round 994 (Div. 2)
PalestinianTornado,1773,1631,-142,8251,2049,Codeforces Round 994 (Div. 2)
tauseef187,1132,1128,-4,8251,2049,Codeforces Round 994 (Div. 2)
Yashika_garg,1018,1046,28,8251,2049,Codeforces Round 994 (Div. 2)
cauemb,1175,1198,23,8251,2049,Codeforces Round 994 (Div. 2)
ACKERMAN_14062,1362,1304,-58,8251,2049,Codeforces Round 994 (Div. 2)
zzzoop,1276,1237,-39,8251,2049,Codeforces Round 994 (Div. 2)
Erudite137,1305,1260,-45,8251,2049,Codeforces Round 994 (Div. 2)
jigyasu_kalyan,1169,1156,-13,8251,2049,Codeforces Round 994 (Div. 2)
mxdcxt,1022,1049,27,8251,2049,Codeforces Round 994 (Div. 2)
Adrenaline_00,1214,1190,-24,8251,2049,Codeforces Round 994 (Div. 2)
anjanbarman2002,668,824,156,8251,2049,Codeforces Round 994 (Div. 2)
np99,387,696,309,8251,2049,Codeforces Round 994 (Div. 2)
Nikhil__14k,1504,1415,-89,8251,2049,Codeforces Round 994 (Div. 2)
blue_eyed_demon,1380,1318,-62,8251,2049,Codeforces Round 994 (Div. 2)
onatso,1336,1284,-52,8251,2049,Codeforces Round 994 (Div. 2)
Code_era_yug,1031,1056,25,8251,2049,Codeforces Round 994 (Div. 2)
codeforceslite,1275,1236,-39,8251,2049,Codeforces Round 994 (Div. 2)
SinSteR,850,934,84,8251,2049,Codeforces Round 994 (Div. 2)
mrf1111,1355,1298,-57,8251,2049,Codeforces Round 994 (Div. 2)
JoblessSamurai,1055,1072,17,8251,2049,Codeforces Round 994 (Div. 2)
Identity_Imbalance,1192,1173,-19,8251,2049,Codeforces Round 994 (Div. 2)
rohittondak38,1187,1169,-18,8251,2049,Codeforces Round 994 (Div. 2)
kano_f0rever,1107,1110,3,8251,2049,Codeforces Round 994 (Div. 2)
HomeLander24,1171,1157,-14,8251,2049,Codeforces Round 994 (Div. 2)
Stormbreaker9999,1187,1169,-18,8251,2049,Codeforces Round 994 (Div. 2)
Arshia_Izadi,1225,1198,-27,8251,2049,Codeforces Round 994 (Div. 2)
AtulKS,1390,1326,-64,8251,2049,Codeforces Round 994 (Div. 2)
imaditya132,1010,1041,31,8251,2049,Codeforces Round 994 (Div. 2)
_jaynill.g,1264,1228,-36,8251,2049,Codeforces Round 994 (Div. 2)
anjaliagg10,1026,1052,26,8251,2049,Codeforces Round 994 (Div. 2)
uselesswerw1,0,438,438,8251,2049,Codeforces Round 994 (Div. 2)
Maisoon,791,895,104,8364,2049,Codeforces Round 994 (Div. 2)
whiteblueskyss,1214,1188,-26,8364,2049,Codeforces Round 994 (Div. 2)
Hacker_Dt,1330,1278,-52,8364,2049,Codeforces Round 994 (Div. 2)
tenfen,0,436,436,8364,2049,Codeforces Round 994 (Div. 2)
Lo0ser_42,1221,1194,-27,8364,2049,Codeforces Round 994 (Div. 2)
amlet00,1010,1112,102,8364,2049,Codeforces Round 994 (Div. 2)
Dynamic_Dishank,1167,1152,-15,8364,2049,Codeforces Round 994 (Div. 2)
noobLal1,667,891,224,8364,2049,Codeforces Round 994 (Div. 2)
Kiran_V,1212,1187,-25,8364,2049,Codeforces Round 994 (Div. 2)
sarthak.zip,888,1019,131,8364,2049,Codeforces Round 994 (Div. 2)
fmadarang2542,0,436,436,8364,2049,Codeforces Round 994 (Div. 2)
tavuquangg,539,813,274,8364,2049,Codeforces Round 994 (Div. 2)
Binomial77,1141,1133,-8,8364,2049,Codeforces Round 994 (Div. 2)
Natsu,1172,1156,-16,8364,2049,Codeforces Round 994 (Div. 2)
jatin1009,1036,1057,21,8364,2049,Codeforces Round 994 (Div. 2)
EsAhEm,763,926,163,8364,2049,Codeforces Round 994 (Div. 2)
VentiLyre,1243,1210,-33,8364,2049,Codeforces Round 994 (Div. 2)
Serioton_codes,1086,1093,7,8364,2049,Codeforces Round 994 (Div. 2)
aamhim,1097,1101,4,8364,2049,Codeforces Round 994 (Div. 2)
bitcoder_74,933,986,53,8364,2049,Codeforces Round 994 (Div. 2)
14Gingka,1243,1210,-33,8364,2049,Codeforces Round 994 (Div. 2)
Nichi10p,1139,1132,-7,8364,2049,Codeforces Round 994 (Div. 2)
punk_hazard,1137,1130,-7,8364,2049,Codeforces Round 994 (Div. 2)
TLEGrandMaster,1208,1184,-24,8364,2049,Codeforces Round 994 (Div. 2)
Naman_MMMCXV,1203,1180,-23,8364,2049,Codeforces Round 994 (Div. 2)
Ace_18,1065,1078,13,8364,2049,Codeforces Round 994 (Div. 2)
Rahyl,1180,1163,-17,8364,2049,Codeforces Round 994 (Div. 2)
silver-speed,1347,1291,-56,8364,2049,Codeforces Round 994 (Div. 2)
sakshamgumber124,1162,1149,-13,8364,2049,Codeforces Round 994 (Div. 2)
abhi_nav24,0,436,436,8364,2049,Codeforces Round 994 (Div. 2)
p_2626,1107,1108,1,8364,2049,Codeforces Round 994 (Div. 2)
Momoi-chan,1026,1050,24,8364,2049,Codeforces Round 994 (Div. 2)
maxverstappen33,969,1010,41,8364,2049,Codeforces Round 994 (Div. 2)
shaggs,804,956,152,8364,2049,Codeforces Round 994 (Div. 2)
Programmer_JK,1202,1179,-23,8364,2049,Codeforces Round 994 (Div. 2)
KANG21540,1075,1085,10,8364,2049,Codeforces Round 994 (Div. 2)
haohuihui,1091,1096,5,8364,2049,Codeforces Round 994 (Div. 2)
paperdog,1500,1411,-89,8364,2049,Codeforces Round 994 (Div. 2)
Syeda_Raisa_Rahman,1129,1124,-5,8364,2049,Codeforces Round 994 (Div. 2)
Baaqar-007,913,973,60,8364,2049,Codeforces Round 994 (Div. 2)
onlycppcode,1500,1411,-89,8364,2049,Codeforces Round 994 (Div. 2)
Hezov,1334,1281,-53,8364,2049,Codeforces Round 994 (Div. 2)
neatshit,1268,1230,-38,8364,2049,Codeforces Round 994 (Div. 2)
Ekshith,915,974,59,8364,2049,Codeforces Round 994 (Div. 2)
Freyas,890,958,68,8364,2049,Codeforces Round 994 (Div. 2)
mohd_fariq,634,866,232,8364,2049,Codeforces Round 994 (Div. 2)
aokida,1299,1253,-46,8364,2049,Codeforces Round 994 (Div. 2)
Butulka,1109,1110,1,8364,2049,Codeforces Round 994 (Div. 2)
skynet_07,1364,1304,-60,8364,2049,Codeforces Round 994 (Div. 2)
shizukunya,816,1006,190,8364,2049,Codeforces Round 994 (Div. 2)
0606osh,1457,1377,-80,8364,2049,Codeforces Round 994 (Div. 2)
KnightCurry,1024,1048,24,8364,2049,Codeforces Round 994 (Div. 2)
Rudra452,1199,1177,-22,8364,2049,Codeforces Round 994 (Div. 2)
hack_ck_259,988,1095,107,8364,2049,Codeforces Round 994 (Div. 2)
AK_25,1540,1443,-97,8364,2049,Codeforces Round 994 (Div. 2)
zhenyailyina,1093,1098,5,8364,2049,Codeforces Round 994 (Div. 2)
HADES_8,1114,1150,36,8364,2049,Codeforces Round 994 (Div. 2)
AuroraLeaf,1436,1361,-75,8364,2049,Codeforces Round 994 (Div. 2)
Rathore_21,1143,1172,29,8364,2049,Codeforces Round 994 (Div. 2)
Cellul4r,1230,1200,-30,8364,2049,Codeforces Round 994 (Div. 2)
PanShanxing,505,787,282,8364,2049,Codeforces Round 994 (Div. 2)
ayoooy,1381,1317,-64,8364,2049,Codeforces Round 994 (Div. 2)
abhinav_i7,1179,1162,-17,8364,2049,Codeforces Round 994 (Div. 2)
Bertho_codeer,1198,1176,-22,8364,2049,Codeforces Round 994 (Div. 2)
abhishek00053,1301,1255,-46,8364,2049,Codeforces Round 994 (Div. 2)
GANGSTEROJ,1225,1197,-28,8364,2049,Codeforces Round 994 (Div. 2)
mythresh07,1105,1107,2,8364,2049,Codeforces Round 994 (Div. 2)
jagathkari801,746,951,205,8364,2049,Codeforces Round 994 (Div. 2)
Udaybisone,1279,1238,-41,8364,2049,Codeforces Round 994 (Div. 2)
tnaik,925,981,56,8364,2049,Codeforces Round 994 (Div. 2)
Blukic,1217,1256,39,8364,2049,Codeforces Round 994 (Div. 2)
MacQuy,1297,1252,-45,8364,2049,Codeforces Round 994 (Div. 2)
5amia,1111,1111,0,8364,2049,Codeforces Round 994 (Div. 2)
raazsharma155,1342,1287,-55,8364,2049,Codeforces Round 994 (Div. 2)
Testing_me,1153,1142,-11,8364,2049,Codeforces Round 994 (Div. 2)
_ALI__,972,1012,40,8364,2049,Codeforces Round 994 (Div. 2)
salazar070406,974,1014,40,8364,2049,Codeforces Round 994 (Div. 2)
anshu_47,1228,1199,-29,8364,2049,Codeforces Round 994 (Div. 2)
Ayushman01,1115,1114,-1,8364,2049,Codeforces Round 994 (Div. 2)
dharmateja_gadde,1343,1288,-55,8364,2049,Codeforces Round 994 (Div. 2)
sonali_cant_code,0,436,436,8364,2049,Codeforces Round 994 (Div. 2)
K.E.R.O,1230,1200,-30,8364,2049,Codeforces Round 994 (Div. 2)
Cristian46290,393,699,306,8364,2049,Codeforces Round 994 (Div. 2)
rAUGer,1128,1123,-5,8364,2049,Codeforces Round 994 (Div. 2)
bakwankrispi,1420,1348,-72,8364,2049,Codeforces Round 994 (Div. 2)
sachin.13,1164,1150,-14,8364,2049,Codeforces Round 994 (Div. 2)
erickaiser24,1148,1139,-9,8364,2049,Codeforces Round 994 (Div. 2)
Mr.Constantine_429,437,733,296,8364,2049,Codeforces Round 994 (Div. 2)
GiuleXje,1015,1042,27,8364,2049,Codeforces Round 994 (Div. 2)
streaker_rules,1156,1144,-12,8364,2049,Codeforces Round 994 (Div. 2)
FunkyLlama,1297,1252,-45,8364,2049,Codeforces Round 994 (Div. 2)
Abo_3adel,1089,1095,6,8364,2049,Codeforces Round 994 (Div. 2)
rakesh23,1335,1281,-54,8364,2049,Codeforces Round 994 (Div. 2)
shreyansh1410,1120,1118,-2,8364,2049,Codeforces Round 994 (Div. 2)
Hemal__404,1046,1064,18,8364,2049,Codeforces Round 994 (Div. 2)
AarZoooo,922,979,57,8364,2049,Codeforces Round 994 (Div. 2)
prathmesh20,1302,1256,-46,8364,2049,Codeforces Round 994 (Div. 2)
LiZhao,1077,1087,10,8364,2049,Codeforces Round 994 (Div. 2)
archiash,560,829,269,8462,2049,Codeforces Round 994 (Div. 2)
trion_leninster,939,988,49,8462,2049,Codeforces Round 994 (Div. 2)
Mehemmed.nabiyev,1012,1039,27,8462,2049,Codeforces Round 994 (Div. 2)
mohit_naidu,833,919,86,8462,2049,Codeforces Round 994 (Div. 2)
Mahakaal17,1148,1137,-11,8462,2049,Codeforces Round 994 (Div. 2)
ShengY,1210,1184,-26,8462,2049,Codeforces Round 994 (Div. 2)
Anmol.rai,1137,1167,30,8462,2049,Codeforces Round 994 (Div. 2)
jimmy2683,1167,1151,-16,8462,2049,Codeforces Round 994 (Div. 2)
m7md.ahraf,776,884,108,8462,2049,Codeforces Round 994 (Div. 2)
sachiniit,1074,1083,9,8462,2049,Codeforces Round 994 (Div. 2)
Hacker12357,1231,1200,-31,8462,2049,Codeforces Round 994 (Div. 2)
VRP,1033,1053,20,8462,2049,Codeforces Round 994 (Div. 2)
afsarrrr,907,967,60,8462,2049,Codeforces Round 994 (Div. 2)
mawo78,1186,1166,-20,8462,2049,Codeforces Round 994 (Div. 2)
mos9527,1299,1252,-47,8462,2049,Codeforces Round 994 (Div. 2)
erickprog12,1029,1051,22,8462,2049,Codeforces Round 994 (Div. 2)
sachinjangid1016,1160,1146,-14,8462,2049,Codeforces Round 994 (Div. 2)
Fermentation,1213,1186,-27,8462,2049,Codeforces Round 994 (Div. 2)
The_Binary_Brawler,935,986,51,8462,2049,Codeforces Round 994 (Div. 2)
huntersname,1099,1101,2,8462,2049,Codeforces Round 994 (Div. 2)
Riyon,1205,1180,-25,8462,2049,Codeforces Round 994 (Div. 2)
codebuster_121,1417,1345,-72,8462,2049,Codeforces Round 994 (Div. 2)
aman3069,1023,1106,83,8462,2049,Codeforces Round 994 (Div. 2)
udaygupta8899,1071,1080,9,8462,2049,Codeforces Round 994 (Div. 2)
kchhillar13,1063,1074,11,8462,2049,Codeforces Round 994 (Div. 2)
legendav007,1177,1159,-18,8462,2049,Codeforces Round 994 (Div. 2)
_Lan_,1147,1136,-11,8462,2049,Codeforces Round 994 (Div. 2)
takoshanava,1201,1177,-24,8462,2049,Codeforces Round 994 (Div. 2)
404_n0man_found,1219,1191,-28,8462,2049,Codeforces Round 994 (Div. 2)
NHHTin12,951,1053,102,8462,2049,Codeforces Round 994 (Div. 2)
erg.srvkr,1048,1100,52,8462,2049,Codeforces Round 994 (Div. 2)
anonymous3,1043,1060,17,8462,2049,Codeforces Round 994 (Div. 2)
Case2Hunter,1161,1147,-14,8462,2049,Codeforces Round 994 (Div. 2)
mR.kapustkin,888,955,67,8462,2049,Codeforces Round 994 (Div. 2)
itsharshmishra,1274,1233,-41,8462,2049,Codeforces Round 994 (Div. 2)
angrygroot,1035,1055,20,8462,2049,Codeforces Round 994 (Div. 2)
NJ_stella,1018,1043,25,8462,2049,Codeforces Round 994 (Div. 2)
23je0896,964,1040,76,8462,2049,Codeforces Round 994 (Div. 2)
jinggg,1055,1194,139,8462,2049,Codeforces Round 994 (Div. 2)
Readyone,858,935,77,8462,2049,Codeforces Round 994 (Div. 2)
dhruvSonicX,1463,1381,-82,8462,2049,Codeforces Round 994 (Div. 2)
Divyansh1551,1153,1141,-12,8462,2049,Codeforces Round 994 (Div. 2)
LoneWalker,1165,1150,-15,8462,2049,Codeforces Round 994 (Div. 2)
7oDA_ERROR,1091,1095,4,8462,2049,Codeforces Round 994 (Div. 2)
b33lz3bub,1186,1204,18,8462,2049,Codeforces Round 994 (Div. 2)
Defined1,933,984,51,8462,2049,Codeforces Round 994 (Div. 2)
aashutosh148,975,1013,38,8462,2049,Codeforces Round 994 (Div. 2)
Jass___,1196,1173,-23,8462,2049,Codeforces Round 994 (Div. 2)
_soul_scriptor_,1242,1208,-34,8462,2049,Codeforces Round 994 (Div. 2)
Swastik_Mantri,1204,1179,-25,8462,2049,Codeforces Round 994 (Div. 2)
nio2004,1259,1221,-38,8462,2049,Codeforces Round 994 (Div. 2)
Abo_WahbaZ,1337,1282,-55,8462,2049,Codeforces Round 994 (Div. 2)
amoeba,970,1009,39,8462,2049,Codeforces Round 994 (Div. 2)
Vaibhavv1703,1185,1203,18,8462,2049,Codeforces Round 994 (Div. 2)
mr_detective,1304,1256,-48,8462,2049,Codeforces Round 994 (Div. 2)
das.codes,1369,1307,-62,8462,2049,Codeforces Round 994 (Div. 2)
shubhayandas2004,1003,1033,30,8462,2049,Codeforces Round 994 (Div. 2)
Asif1000,1124,1119,-5,8462,2049,Codeforces Round 994 (Div. 2)
ShAdowLiAr,797,897,100,8462,2049,Codeforces Round 994 (Div. 2)
leap_CODE,1109,1108,-1,8462,2049,Codeforces Round 994 (Div. 2)
Aram_7,997,1028,31,8462,2049,Codeforces Round 994 (Div. 2)
Pratik_Magdum,747,951,204,8462,2049,Codeforces Round 994 (Div. 2)
its_me_dp,1078,1086,8,8462,2049,Codeforces Round 994 (Div. 2)
khoikhongga,950,996,46,8462,2049,Codeforces Round 994 (Div. 2)
Roshan_jha,1089,1094,5,8462,2049,Codeforces Round 994 (Div. 2)
SevenRedSuns,1140,1131,-9,8462,2049,Codeforces Round 994 (Div. 2)
mydelight,434,730,296,8462,2049,Codeforces Round 994 (Div. 2)
Delulu_Da3do3a,1347,1290,-57,8462,2049,Codeforces Round 994 (Div. 2)
SachithShibineni,1247,1212,-35,8462,2049,Codeforces Round 994 (Div. 2)
nishchay_chaudhary,1036,1055,19,8462,2049,Codeforces Round 994 (Div. 2)
Omipotent65,1142,1132,-10,8462,2049,Codeforces Round 994 (Div. 2)
revant.sinha,947,994,47,8462,2049,Codeforces Round 994 (Div. 2)
Hasan_K_Shama,1162,1147,-15,8462,2049,Codeforces Round 994 (Div. 2)
hyp0pharynxcafe,1035,1055,20,8462,2049,Codeforces Round 994 (Div. 2)
sampedro,1057,1070,13,8462,2049,Codeforces Round 994 (Div. 2)
HarshDSingh_2004,1126,1121,-5,8462,2049,Codeforces Round 994 (Div. 2)
subry,1106,1106,0,8462,2049,Codeforces Round 994 (Div. 2)
rounakpatra,1281,1237,-44,8539,2049,Codeforces Round 994 (Div. 2)
NirupamSom_23,1145,1133,-12,8539,2049,Codeforces Round 994 (Div. 2)
itsAbhishek_007,1330,1275,-55,8539,2049,Codeforces Round 994 (Div. 2)
altx2,429,724,295,8539,2049,Codeforces Round 994 (Div. 2)
theishanbh,778,974,196,8539,2049,Codeforces Round 994 (Div. 2)
Salman9966,1152,1138,-14,8539,2049,Codeforces Round 994 (Div. 2)
vivekraj67,1130,1122,-8,8539,2049,Codeforces Round 994 (Div. 2)
bbsshh,756,957,201,8539,2049,Codeforces Round 994 (Div. 2)
2341341,1290,1244,-46,8539,2049,Codeforces Round 994 (Div. 2)
Bogeyman_,1119,1114,-5,8539,2049,Codeforces Round 994 (Div. 2)
amit232004,984,1017,33,8539,2049,Codeforces Round 994 (Div. 2)
andrew23,892,955,63,8539,2049,Codeforces Round 994 (Div. 2)
mithilesh1729,950,994,44,8539,2049,Codeforces Round 994 (Div. 2)
vsriramv,1106,1104,-2,8539,2049,Codeforces Round 994 (Div. 2)
The_Masked_Man,1073,1080,7,8539,2049,Codeforces Round 994 (Div. 2)
Tanay_mittal,943,1045,102,8539,2049,Codeforces Round 994 (Div. 2)
Pritish317,964,1004,40,8539,2049,Codeforces Round 994 (Div. 2)
AbuSufian,1022,1044,22,8539,2049,Codeforces Round 994 (Div. 2)
_kuragayala___,1059,1132,73,8539,2049,Codeforces Round 994 (Div. 2)
Bonic,838,978,140,8539,2049,Codeforces Round 994 (Div. 2)
ilham3169,365,675,310,8539,2049,Codeforces Round 994 (Div. 2)
HeadAche__,1051,1065,14,8539,2049,Codeforces Round 994 (Div. 2)
flightzz,1075,1082,7,8539,2049,Codeforces Round 994 (Div. 2)
animesh11,1239,1205,-34,8539,2049,Codeforces Round 994 (Div. 2)
vortex001,1366,1303,-63,8539,2049,Codeforces Round 994 (Div. 2)
bharatjain14,1501,1410,-91,8539,2049,Codeforces Round 994 (Div. 2)
flixy694,0,434,434,8539,2049,Codeforces Round 994 (Div. 2)
vedant_agarwal22,1245,1209,-36,8539,2049,Codeforces Round 994 (Div. 2)
zhou_gy1022,1209,1182,-27,8539,2049,Codeforces Round 994 (Div. 2)
-1984-,1225,1194,-31,8539,2049,Codeforces Round 994 (Div. 2)
willwam,1202,1242,40,8539,2049,Codeforces Round 994 (Div. 2)
Adiat,1079,1085,6,8539,2049,Codeforces Round 994 (Div. 2)
anant.pandey,1062,1072,10,8539,2049,Codeforces Round 994 (Div. 2)
Ahmed_Mordi_74,1124,1118,-6,8539,2049,Codeforces Round 994 (Div. 2)
jeevan_raj,1041,1093,52,8539,2049,Codeforces Round 994 (Div. 2)
enfp,948,992,44,8539,2049,Codeforces Round 994 (Div. 2)
Jahid_hasan_Mahmud,1218,1189,-29,8539,2049,Codeforces Round 994 (Div. 2)
RandomDud123456,1238,1204,-34,8539,2049,Codeforces Round 994 (Div. 2)
Ripa_cse,1091,1093,2,8539,2049,Codeforces Round 994 (Div. 2)
alabedy,417,715,298,8539,2049,Codeforces Round 994 (Div. 2)
williama_cf,418,716,298,8539,2049,Codeforces Round 994 (Div. 2)
White_Devil04,1114,1110,-4,8539,2049,Codeforces Round 994 (Div. 2)
BoggyMan,877,1008,131,8539,2049,Codeforces Round 994 (Div. 2)
prasukbajaj08,1316,1264,-52,8539,2049,Codeforces Round 994 (Div. 2)
who_shivamanand,942,989,47,8539,2049,Codeforces Round 994 (Div. 2)
ANiSh684,1057,1146,89,8539,2049,Codeforces Round 994 (Div. 2)
mayank_manas,1265,1225,-40,8539,2049,Codeforces Round 994 (Div. 2)
Fruice,989,1021,32,8539,2049,Codeforces Round 994 (Div. 2)
nachiketa,1160,1144,-16,8539,2049,Codeforces Round 994 (Div. 2)
aWty,1139,1129,-10,8539,2049,Codeforces Round 994 (Div. 2)
Raze07,749,951,202,8539,2049,Codeforces Round 994 (Div. 2)
UhOh,1249,1212,-37,8539,2049,Codeforces Round 994 (Div. 2)
quinlan_19,435,729,294,8539,2049,Codeforces Round 994 (Div. 2)
Shakline,1243,1208,-35,8539,2049,Codeforces Round 994 (Div. 2)
yet_Wicton,1094,1096,2,8539,2049,Codeforces Round 994 (Div. 2)
coco_12,964,1004,40,8539,2049,Codeforces Round 994 (Div. 2)
sidhartha2027,947,992,45,8539,2049,Codeforces Round 994 (Div. 2)
jagtapritesh06,1010,1036,26,8539,2049,Codeforces Round 994 (Div. 2)
kshav,1306,1257,-49,8539,2049,Codeforces Round 994 (Div. 2)
Smallville,918,1027,109,8539,2049,Codeforces Round 994 (Div. 2)
v252,1143,1132,-11,8539,2049,Codeforces Round 994 (Div. 2)
happy1705,1075,1082,7,8539,2049,Codeforces Round 994 (Div. 2)
not_rohan,1114,1110,-4,8539,2049,Codeforces Round 994 (Div. 2)
rishurajsinghsengar,1178,1158,-20,8539,2049,Codeforces Round 994 (Div. 2)
Aspirebugs,1430,1354,-76,8539,2049,Codeforces Round 994 (Div. 2)
Vbs30,951,995,44,8539,2049,Codeforces Round 994 (Div. 2)
naveen_8801,1045,1060,15,8539,2049,Codeforces Round 994 (Div. 2)
Ravindra_Rinwa,1260,1221,-39,8539,2049,Codeforces Round 994 (Div. 2)
Phantom-Orion,1409,1338,-71,8539,2049,Codeforces Round 994 (Div. 2)
5046434_06,1112,1109,-3,8539,2049,Codeforces Round 994 (Div. 2)
LetsTryOneMoreTime,1169,1152,-17,8539,2049,Codeforces Round 994 (Div. 2)
harshptank2212,1500,1409,-91,8539,2049,Codeforces Round 994 (Div. 2)
Solankisarkar,1011,1036,25,8539,2049,Codeforces Round 994 (Div. 2)
Boom_Wuhuhu,1125,1118,-7,8539,2049,Codeforces Round 994 (Div. 2)
pawanmsr,1318,1266,-52,8539,2049,Codeforces Round 994 (Div. 2)
MrSup1998,489,771,282,8539,2049,Codeforces Round 994 (Div. 2)
initiator_18,1303,1254,-49,8539,2049,Codeforces Round 994 (Div. 2)
IntruSieve,1077,1083,6,8539,2049,Codeforces Round 994 (Div. 2)
gaurav_o7,934,1051,117,8539,2049,Codeforces Round 994 (Div. 2)
Sajib_bhuiyan00,619,790,171,8539,2049,Codeforces Round 994 (Div. 2)
Md_Tasrik,1240,1206,-34,8539,2049,Codeforces Round 994 (Div. 2)
Aman14Go,1080,1085,5,8539,2049,Codeforces Round 994 (Div. 2)
_WizzzNamPat_,1197,1173,-24,8539,2049,Codeforces Round 994 (Div. 2)
Harsh103,1104,1101,-3,8622,2049,Codeforces Round 994 (Div. 2)
coder_ld_01,1026,1045,19,8622,2049,Codeforces Round 994 (Div. 2)
Tejas_mahant,1140,1128,-12,8622,2049,Codeforces Round 994 (Div. 2)
mayankbharti,1030,1048,18,8622,2049,Codeforces Round 994 (Div. 2)
yashgo9878,1384,1316,-68,8622,2049,Codeforces Round 994 (Div. 2)
After_it,1028,1107,79,8622,2049,Codeforces Round 994 (Div. 2)
SIR51,982,1014,32,8622,2049,Codeforces Round 994 (Div. 2)
IU_ZeroSKill,0,433,433,8622,2049,Codeforces Round 994 (Div. 2)
2003tripathi,1075,1080,5,8622,2049,Codeforces Round 994 (Div. 2)
psm9352,1408,1335,-73,8622,2049,Codeforces Round 994 (Div. 2)
isolated_pawn_17,1012,1035,23,8622,2049,Codeforces Round 994 (Div. 2)
GAURAV_WANI,607,841,234,8622,2049,Codeforces Round 994 (Div. 2)
WaterSpellbinder,1395,1325,-70,8622,2049,Codeforces Round 994 (Div. 2)
naverdo,1040,1055,15,8622,2049,Codeforces Round 994 (Div. 2)
inside_i_am_more,906,1016,110,8622,2049,Codeforces Round 994 (Div. 2)
pratham795,991,1020,29,8622,2049,Codeforces Round 994 (Div. 2)
viralbhoi,928,977,49,8622,2049,Codeforces Round 994 (Div. 2)
rajpatel2619,1141,1128,-13,8622,2049,Codeforces Round 994 (Div. 2)
mhr_emon,1247,1210,-37,8622,2049,Codeforces Round 994 (Div. 2)
slamaymen,757,868,111,8622,2049,Codeforces Round 994 (Div. 2)
plutoson,649,873,224,8622,2049,Codeforces Round 994 (Div. 2)
Rising_star777,1252,1213,-39,8622,2049,Codeforces Round 994 (Div. 2)
vaibhavbarokar,891,952,61,8622,2049,Codeforces Round 994 (Div. 2)
nidhij166,947,1060,113,8622,2049,Codeforces Round 994 (Div. 2)
literally-bug-creator,1139,1127,-12,8622,2049,Codeforces Round 994 (Div. 2)
nikhilist,1062,1071,9,8622,2049,Codeforces Round 994 (Div. 2)
Warriors_Lightning_eagle,1602,1490,-112,8622,2049,Codeforces Round 994 (Div. 2)
jaggudixit686,1124,1116,-8,8622,2049,Codeforces Round 994 (Div. 2)
guestly,1075,1080,5,8622,2049,Codeforces Round 994 (Div. 2)
NinetyBac,1050,1124,74,8622,2049,Codeforces Round 994 (Div. 2)
_asunaa,1272,1229,-43,8622,2049,Codeforces Round 994 (Div. 2)
_Albaraa_,1098,1097,-1,8622,2049,Codeforces Round 994 (Div. 2)
Camouflage_86,1152,1137,-15,8622,2049,Codeforces Round 994 (Div. 2)
arun_7,1202,1175,-27,8622,2049,Codeforces Round 994 (Div. 2)
aayushkumar23,675,893,218,8622,2049,Codeforces Round 994 (Div. 2)
xyz-,1189,1165,-24,8622,2049,Codeforces Round 994 (Div. 2)
expericode,669,888,219,8622,2049,Codeforces Round 994 (Div. 2)
cvsj,1283,1237,-46,8622,2049,Codeforces Round 994 (Div. 2)
Distortionator,989,1019,30,8622,2049,Codeforces Round 994 (Div. 2)
harman9898,889,1015,126,8622,2049,Codeforces Round 994 (Div. 2)
ShivangB,1055,1066,11,8622,2049,Codeforces Round 994 (Div. 2)
kdn12,1237,1202,-35,8622,2049,Codeforces Round 994 (Div. 2)
kushagra2245,1238,1203,-35,8622,2049,Codeforces Round 994 (Div. 2)
mulebanga,1170,1151,-19,8622,2049,Codeforces Round 994 (Div. 2)
AmakeArKhujoNa,1234,1200,-34,8622,2049,Codeforces Round 994 (Div. 2)
niharika6232,355,666,311,8622,2049,Codeforces Round 994 (Div. 2)
Chonu,1337,1279,-58,8622,2049,Codeforces Round 994 (Div. 2)
whatisthis132,1204,1177,-27,8622,2049,Codeforces Round 994 (Div. 2)
sandeep8102,992,1021,29,8622,2049,Codeforces Round 994 (Div. 2)
Pratham18,1073,1078,5,8622,2049,Codeforces Round 994 (Div. 2)
nikhilsingh,1073,1078,5,8622,2049,Codeforces Round 994 (Div. 2)
firedemon,1222,1190,-32,8622,2049,Codeforces Round 994 (Div. 2)
armaansingh,1254,1215,-39,8622,2049,Codeforces Round 994 (Div. 2)
discontinuous,1085,1087,2,8622,2049,Codeforces Round 994 (Div. 2)
ashu_srivastava_23,772,877,105,8622,2049,Codeforces Round 994 (Div. 2)
Iloveprawns,0,433,433,8622,2049,Codeforces Round 994 (Div. 2)
mapaxo8721,381,686,305,8622,2049,Codeforces Round 994 (Div. 2)
Key,1429,1352,-77,8622,2049,Codeforces Round 994 (Div. 2)
lipinamarek,0,433,433,8622,2049,Codeforces Round 994 (Div. 2)
torterra157,676,893,217,8622,2049,Codeforces Round 994 (Div. 2)
_spider__,421,717,296,8622,2049,Codeforces Round 994 (Div. 2)
peruri2003,1219,1188,-31,8622,2049,Codeforces Round 994 (Div. 2)
Shresth_Sharma-2015,723,930,207,8622,2049,Codeforces Round 994 (Div. 2)
amieow,1071,1077,6,8622,2049,Codeforces Round 994 (Div. 2)
22bec031,1003,1029,26,8622,2049,Codeforces Round 994 (Div. 2)
KNIGA_BRATAN_IDI_KA_SUDA,1144,1131,-13,8622,2049,Codeforces Round 994 (Div. 2)
saksham_2021486,1285,1239,-46,8622,2049,Codeforces Round 994 (Div. 2)
Colours,1068,1137,69,8622,2049,Codeforces Round 994 (Div. 2)
cosmic_entity,950,992,42,8622,2049,Codeforces Round 994 (Div. 2)
himanshubhardwaj169,1204,1177,-27,8622,2049,Codeforces Round 994 (Div. 2)
Con,1176,1155,-21,8622,2049,Codeforces Round 994 (Div. 2)
saikiran-bpr,1263,1222,-41,8622,2049,Codeforces Round 994 (Div. 2)
sayangg128,1051,1063,12,8622,2049,Codeforces Round 994 (Div. 2)
Tr_affable,1069,1076,7,8622,2049,Codeforces Round 994 (Div. 2)
FernandoJC07,1114,1109,-5,8622,2049,Codeforces Round 994 (Div. 2)
arunk_codeforces,1145,1132,-13,8622,2049,Codeforces Round 994 (Div. 2)
varunmistry,1102,1100,-2,8622,2049,Codeforces Round 994 (Div. 2)
namantiwari470,1143,1130,-13,8622,2049,Codeforces Round 994 (Div. 2)
timelimited,1065,1151,86,8622,2049,Codeforces Round 994 (Div. 2)
bhimanshu7274,1177,1156,-21,8622,2049,Codeforces Round 994 (Div. 2)
SameerS212169,1089,1090,1,8622,2049,Codeforces Round 994 (Div. 2)
takade,1155,1139,-16,8622,2049,Codeforces Round 994 (Div. 2)
_MengShang_,705,916,211,8622,2049,Codeforces Round 994 (Div. 2)
lajishift,0,433,433,8622,2049,Codeforces Round 994 (Div. 2)
RadheShyam,1048,1061,13,8622,2049,Codeforces Round 994 (Div. 2)
adv6273,1107,1104,-3,8622,2049,Codeforces Round 994 (Div. 2)
RitaKofGokkan,1178,1157,-21,8622,2049,Codeforces Round 994 (Div. 2)
pri_singh,1044,1058,14,8622,2049,Codeforces Round 994 (Div. 2)
akibk001,1076,1081,5,8622,2049,Codeforces Round 994 (Div. 2)
tarundeepakjain,839,977,138,8622,2049,Codeforces Round 994 (Div. 2)
Im_ran,1053,1064,11,8622,2049,Codeforces Round 994 (Div. 2)
harsh654gupta,1174,1154,-20,8622,2049,Codeforces Round 994 (Div. 2)
ViditGarg_IITJ,945,1045,100,8622,2049,Codeforces Round 994 (Div. 2)
suyash.dixit834,1039,1054,15,8715,2049,Codeforces Round 994 (Div. 2)
chuzos_nyawis,1031,1047,16,8716,2049,Codeforces Round 994 (Div. 2)
Tudor_11,852,925,73,8716,2049,Codeforces Round 994 (Div. 2)
alter_later,1258,1217,-41,8716,2049,Codeforces Round 994 (Div. 2)
Rishabh-_9,1166,1146,-20,8716,2049,Codeforces Round 994 (Div. 2)
gafgadfdfvswe,1215,1184,-31,8716,2049,Codeforces Round 994 (Div. 2)
XAH3ORus54,1175,1153,-22,8716,2049,Codeforces Round 994 (Div. 2)
notSoEzPz,1215,1184,-31,8716,2049,Codeforces Round 994 (Div. 2)
bruh05,1091,1154,63,8716,2049,Codeforces Round 994 (Div. 2)
Imron.S,1283,1236,-47,8716,2049,Codeforces Round 994 (Div. 2)
__Elaina,0,431,431,8716,2049,Codeforces Round 994 (Div. 2)
abhayog007.10,1474,1386,-88,8716,2049,Codeforces Round 994 (Div. 2)
alpha1215,1573,1465,-108,8716,2049,Codeforces Round 994 (Div. 2)
Dibya_Sundar_Roy,994,1056,62,8716,2049,Codeforces Round 994 (Div. 2)
Voga,1453,1369,-84,8716,2049,Codeforces Round 994 (Div. 2)
khalidebrahim1441,1117,1109,-8,8716,2049,Codeforces Round 994 (Div. 2)
full_effort,1458,1374,-84,8716,2049,Codeforces Round 994 (Div. 2)
archit23,1061,1068,7,8716,2049,Codeforces Round 994 (Div. 2)
space,1126,1116,-10,8716,2049,Codeforces Round 994 (Div. 2)
vishal.yadav.civ21,793,888,95,8716,2049,Codeforces Round 994 (Div. 2)
TheThief,1063,1070,7,8716,2049,Codeforces Round 994 (Div. 2)
tanvibansall,965,1001,36,8716,2049,Codeforces Round 994 (Div. 2)
sotezsojib_2nd,1041,1054,13,8716,2049,Codeforces Round 994 (Div. 2)
Mountain_Planet,937,982,45,8716,2049,Codeforces Round 994 (Div. 2)
ace.coder123,1078,1081,3,8716,2049,Codeforces Round 994 (Div. 2)
sohail_hasan,890,950,60,8716,2049,Codeforces Round 994 (Div. 2)
pkse,985,1014,29,8716,2049,Codeforces Round 994 (Div. 2)
kaitou1k41i2d,1310,1257,-53,8716,2049,Codeforces Round 994 (Div. 2)
codeititit,788,979,191,8716,2049,Codeforces Round 994 (Div. 2)
bharath671,1006,1029,23,8716,2049,Codeforces Round 994 (Div. 2)
mizida,943,986,43,8716,2049,Codeforces Round 994 (Div. 2)
gaurang2621,1072,1076,4,8716,2049,Codeforces Round 994 (Div. 2)
felipeft,1171,1150,-21,8716,2049,Codeforces Round 994 (Div. 2)
nguyendinhanh1508,1347,1286,-61,8716,2049,Codeforces Round 994 (Div. 2)
dokii322,0,431,431,8716,2049,Codeforces Round 994 (Div. 2)
Nehal21,1311,1258,-53,8716,2049,Codeforces Round 994 (Div. 2)
doloted69,806,896,90,8716,2049,Codeforces Round 994 (Div. 2)
aayushg205,970,1004,34,8716,2049,Codeforces Round 994 (Div. 2)
ScriptDaddy,678,894,216,8716,2049,Codeforces Round 994 (Div. 2)
mehrona,1066,1072,6,8716,2049,Codeforces Round 994 (Div. 2)
xod,990,1018,28,8716,2049,Codeforces Round 994 (Div. 2)
_canute,1088,1088,0,8716,2049,Codeforces Round 994 (Div. 2)
doitwithcod3,1257,1216,-41,8716,2049,Codeforces Round 994 (Div. 2)
Tarun_gautam,914,966,52,8716,2049,Codeforces Round 994 (Div. 2)
ravii_codes,1316,1262,-54,8716,2049,Codeforces Round 994 (Div. 2)
dumbest_golu,1274,1268,-6,8716,2049,Codeforces Round 994 (Div. 2)
btech10209.23,837,974,137,8716,2049,Codeforces Round 994 (Div. 2)
Safwan_brahim,1321,1266,-55,8716,2049,Codeforces Round 994 (Div. 2)
Lumora,913,1032,119,8716,2049,Codeforces Round 994 (Div. 2)
TinTin__,989,1053,64,8716,2049,Codeforces Round 994 (Div. 2)
UTKARSH0192,1094,1092,-2,8716,2049,Codeforces Round 994 (Div. 2)
RedSage,1355,1292,-63,8716,2049,Codeforces Round 994 (Div. 2)
bajrangbali0410,667,885,218,8716,2049,Codeforces Round 994 (Div. 2)
centrifugal,1355,1292,-63,8716,2049,Codeforces Round 994 (Div. 2)
RebelStar,1123,1114,-9,8716,2049,Codeforces Round 994 (Div. 2)
vibhanshu2212,977,1009,32,8716,2049,Codeforces Round 994 (Div. 2)
shirkemayur49,1379,1311,-68,8716,2049,Codeforces Round 994 (Div. 2)
Iamadi_1435,1207,1177,-30,8716,2049,Codeforces Round 994 (Div. 2)
learner17,0,431,431,8716,2049,Codeforces Round 994 (Div. 2)
prabhatyadav60,1030,1046,16,8716,2049,Codeforces Round 994 (Div. 2)
Jenn30_05,779,879,100,8716,2049,Codeforces Round 994 (Div. 2)
Magical-Cat-Man,1178,1155,-23,8716,2049,Codeforces Round 994 (Div. 2)
AkshatJ,1488,1398,-90,8716,2049,Codeforces Round 994 (Div. 2)
LiveLifeLiveToday,920,970,50,8716,2049,Codeforces Round 994 (Div. 2)
pafingl,1173,1152,-21,8716,2049,Codeforces Round 994 (Div. 2)
CODEBREAKER_Reii,1095,1093,-2,8716,2049,Codeforces Round 994 (Div. 2)
allenchuang,826,958,132,8716,2049,Codeforces Round 994 (Div. 2)
hhc0716,1600,1487,-113,8716,2049,Codeforces Round 994 (Div. 2)
acm_fan,0,431,431,8716,2049,Codeforces Round 994 (Div. 2)
Aditya_Thakkar,733,936,203,8716,2049,Codeforces Round 994 (Div. 2)
Mr.Start,443,733,290,8716,2049,Codeforces Round 994 (Div. 2)
usernamebaihgui,0,431,431,8716,2049,Codeforces Round 994 (Div. 2)
Sahriar_Ahmed,922,971,49,8716,2049,Codeforces Round 994 (Div. 2)
Tedic,1351,1289,-62,8716,2049,Codeforces Round 994 (Div. 2)
uvthecoder,1146,1131,-15,8716,2049,Codeforces Round 994 (Div. 2)
saurabhn16,1364,1299,-65,8716,2049,Codeforces Round 994 (Div. 2)
RobiulHasanJisan,1169,1149,-20,8716,2049,Codeforces Round 994 (Div. 2)
tkumar2602,1052,1062,10,8716,2049,Codeforces Round 994 (Div. 2)
Null_Pointerrrr,0,431,431,8716,2049,Codeforces Round 994 (Div. 2)
v1296,1158,1140,-18,8716,2049,Codeforces Round 994 (Div. 2)
elliot_1337,907,995,88,8716,2049,Codeforces Round 994 (Div. 2)
itachi_no_find_public,882,1009,127,8716,2049,Codeforces Round 994 (Div. 2)
shreyashp714,1095,1130,35,8716,2049,Codeforces Round 994 (Div. 2)
_MH_,1071,1076,5,8716,2049,Codeforces Round 994 (Div. 2)
Saurav_Ratan,386,688,302,8716,2049,Codeforces Round 994 (Div. 2)
wolgwang,1062,1069,7,8716,2049,Codeforces Round 994 (Div. 2)
fredy2268277,801,989,188,8716,2049,Codeforces Round 994 (Div. 2)
Manishkumar081,969,1003,34,8716,2049,Codeforces Round 994 (Div. 2)
Terrifier,1139,1126,-13,8716,2049,Codeforces Round 994 (Div. 2)
Brown_fox,822,906,84,8716,2049,Codeforces Round 994 (Div. 2)
piyu_skimmer,408,705,297,8716,2049,Codeforces Round 994 (Div. 2)
Sarvesh2799,717,842,125,8716,2049,Codeforces Round 994 (Div. 2)
Priyanshu275,1126,1116,-10,8716,2049,Codeforces Round 994 (Div. 2)
Tai_Lung07,1081,1083,2,8716,2049,Codeforces Round 994 (Div. 2)
Neshwanth0.,1242,1204,-38,8716,2049,Codeforces Round 994 (Div. 2)
fake.account,694,828,134,8810,2049,Codeforces Round 994 (Div. 2)
red_scorpion,1144,1128,-16,8811,2049,Codeforces Round 994 (Div. 2)
dheeeraj001,743,943,200,8811,2049,Codeforces Round 994 (Div. 2)
doomsday124,1058,1065,7,8811,2049,Codeforces Round 994 (Div. 2)
Amansahu504,1001,1024,23,8811,2049,Codeforces Round 994 (Div. 2)
MARTIIROSYAN,1030,1045,15,8811,2049,Codeforces Round 994 (Div. 2)
P_Manav,717,922,205,8811,2049,Codeforces Round 994 (Div. 2)
nawed_anagnos,916,1021,105,8811,2049,Codeforces Round 994 (Div. 2)
gaganSharma001,848,981,133,8811,2049,Codeforces Round 994 (Div. 2)
onlycoding567,1047,1057,10,8811,2049,Codeforces Round 994 (Div. 2)
eswareleven,1170,1148,-22,8811,2049,Codeforces Round 994 (Div. 2)
asrani_prayag,1069,1073,4,8811,2049,Codeforces Round 994 (Div. 2)
kuchhalananya,1196,1168,-28,8811,2049,Codeforces Round 994 (Div. 2)
Acin03,1149,1170,21,8811,2049,Codeforces Round 994 (Div. 2)
Ekber_Ekber,947,987,40,8811,2049,Codeforces Round 994 (Div. 2)
devalsinghal,1294,1243,-51,8811,2049,Codeforces Round 994 (Div. 2)
Shadowfax17,1037,1050,13,8811,2049,Codeforces Round 994 (Div. 2)
Jiu_Du,1359,1294,-65,8811,2049,Codeforces Round 994 (Div. 2)
hy_Z,1289,1279,-10,8811,2049,Codeforces Round 994 (Div. 2)
AkramKhan,1260,1217,-43,8811,2049,Codeforces Round 994 (Div. 2)
AD24,950,989,39,8811,2049,Codeforces Round 994 (Div. 2)
ragulnath255,989,1016,27,8811,2049,Codeforces Round 994 (Div. 2)
ab_malek,1442,1360,-82,8811,2049,Codeforces Round 994 (Div. 2)
ATEF_GH,1057,1064,7,8811,2049,Codeforces Round 994 (Div. 2)
vgarg1603,940,982,42,8811,2049,Codeforces Round 994 (Div. 2)
nwblanton,693,904,211,8811,2049,Codeforces Round 994 (Div. 2)
AnVill,925,972,47,8811,2049,Codeforces Round 994 (Div. 2)
LLIYM,1086,1085,-1,8811,2049,Codeforces Round 994 (Div. 2)
Subham99kr,1142,1127,-15,8811,2049,Codeforces Round 994 (Div. 2)
nai0610,1257,1215,-42,8811,2049,Codeforces Round 994 (Div. 2)
CipherMind,908,1015,107,8811,2049,Codeforces Round 994 (Div. 2)
singlenerd_13,1439,1358,-81,8811,2049,Codeforces Round 994 (Div. 2)
Kodik,1239,1200,-39,8811,2049,Codeforces Round 994 (Div. 2)
RiseAgain,1083,1083,0,8811,2049,Codeforces Round 994 (Div. 2)
sakib_ayan323,1262,1219,-43,8811,2049,Codeforces Round 994 (Div. 2)
satya66618,794,941,147,8811,2049,Codeforces Round 994 (Div. 2)
a_simple_boi,976,1007,31,8811,2049,Codeforces Round 994 (Div. 2)
chinmoypaul,904,958,54,8811,2049,Codeforces Round 994 (Div. 2)
AtumsVerdict,577,815,238,8811,2049,Codeforces Round 994 (Div. 2)
jangir10,1007,1028,21,8811,2049,Codeforces Round 994 (Div. 2)
ahanaf101,1134,1121,-13,8811,2049,Codeforces Round 994 (Div. 2)
Mclovin2,1021,1038,17,8811,2049,Codeforces Round 994 (Div. 2)
PixelsInParadox555,1137,1123,-14,8811,2049,Codeforces Round 994 (Div. 2)
Ashwin_S_19,850,922,72,8811,2049,Codeforces Round 994 (Div. 2)
priyanshukamde22,1048,1057,9,8811,2049,Codeforces Round 994 (Div. 2)
leshya,1230,1232,2,8811,2049,Codeforces Round 994 (Div. 2)
singhal1808,1231,1195,-36,8811,2049,Codeforces Round 994 (Div. 2)
tsharmi12341234,1360,1295,-65,8811,2049,Codeforces Round 994 (Div. 2)
haytam_kenway,1117,1108,-9,8811,2049,Codeforces Round 994 (Div. 2)
chenyanhan,1179,1155,-24,8811,2049,Codeforces Round 994 (Div. 2)
lokeshwar777,970,1037,67,8811,2049,Codeforces Round 994 (Div. 2)
harshitinfinix8,1186,1160,-26,8811,2049,Codeforces Round 994 (Div. 2)
Swastideb,668,885,217,8811,2049,Codeforces Round 994 (Div. 2)
Nikita123321,0,431,431,8811,2049,Codeforces Round 994 (Div. 2)
6232,920,968,48,8811,2049,Codeforces Round 994 (Div. 2)
zaid_khan,986,1087,101,8811,2049,Codeforces Round 994 (Div. 2)
PrantoBala,1224,1189,-35,8811,2049,Codeforces Round 994 (Div. 2)
K_V_T,917,966,49,8811,2049,Codeforces Round 994 (Div. 2)
he_aniket,964,998,34,8811,2049,Codeforces Round 994 (Div. 2)
priyansh.R,1293,1243,-50,8811,2049,Codeforces Round 994 (Div. 2)
Karunya12.3,441,730,289,8811,2049,Codeforces Round 994 (Div. 2)
lluther,411,707,296,8811,2049,Codeforces Round 994 (Div. 2)
Ignacio36,1090,1088,-2,8811,2049,Codeforces Round 994 (Div. 2)
1943zz,892,1060,168,8811,2049,Codeforces Round 994 (Div. 2)
Feras.Nassar,779,877,98,8811,2049,Codeforces Round 994 (Div. 2)
VANIT__13,1009,1030,21,8811,2049,Codeforces Round 994 (Div. 2)
freeMdoge,854,986,132,8811,2049,Codeforces Round 994 (Div. 2)
JAI_007,896,1006,110,8811,2049,Codeforces Round 994 (Div. 2)
ashuthe1x,1317,1261,-56,8811,2049,Codeforces Round 994 (Div. 2)
failure71311,924,1026,102,8811,2049,Codeforces Round 994 (Div. 2)
samkitj,1084,1084,0,8811,2049,Codeforces Round 994 (Div. 2)
Nithish7,1098,1094,-4,8811,2049,Codeforces Round 994 (Div. 2)
altakhil,1118,1109,-9,8811,2049,Codeforces Round 994 (Div. 2)
Slime_sensei,1093,1090,-3,8811,2049,Codeforces Round 994 (Div. 2)
a_aditya_25,858,927,69,8811,2049,Codeforces Round 994 (Div. 2)
Yash3141592,1219,1185,-34,8811,2049,Codeforces Round 994 (Div. 2)
thetwoface,1034,1047,13,8811,2049,Codeforces Round 994 (Div. 2)
pomeyo,616,845,229,8811,2049,Codeforces Round 994 (Div. 2)
PrathanJho,1212,1180,-32,8811,2049,Codeforces Round 994 (Div. 2)
-Temp-,1145,1129,-16,8811,2049,Codeforces Round 994 (Div. 2)
r_b2006,890,948,58,8811,2049,Codeforces Round 994 (Div. 2)
eyasir329,1092,1089,-3,8811,2049,Codeforces Round 994 (Div. 2)
tben,1130,1116,-14,8892,2049,Codeforces Round 994 (Div. 2)
anjali_sing,977,1005,28,8892,2049,Codeforces Round 994 (Div. 2)
kesharwaniyanshi,1014,1031,17,8892,2049,Codeforces Round 994 (Div. 2)
mangojuice,1223,1187,-36,8892,2049,Codeforces Round 994 (Div. 2)
alexboshkovic,0,429,429,8892,2049,Codeforces Round 994 (Div. 2)
Yacookie,832,909,77,8892,2049,Codeforces Round 994 (Div. 2)
abhik13,1145,1128,-17,8892,2049,Codeforces Round 994 (Div. 2)
slave_owner_1012,1592,1479,-113,8892,2049,Codeforces Round 994 (Div. 2)
Sanyamjw,981,1067,86,8892,2049,Codeforces Round 994 (Div. 2)
Sahil1803,1142,1125,-17,8892,2049,Codeforces Round 994 (Div. 2)
Adi_code,1099,1093,-6,8892,2049,Codeforces Round 994 (Div. 2)
SL4YER,1023,1038,15,8892,2049,Codeforces Round 994 (Div. 2)
Alina_Polishchuk,1296,1244,-52,8892,2049,Codeforces Round 994 (Div. 2)
flying_shadow,965,997,32,8892,2049,Codeforces Round 994 (Div. 2)
sudipdas,1087,1084,-3,8892,2049,Codeforces Round 994 (Div. 2)
shiva.cp,1149,1131,-18,8892,2049,Codeforces Round 994 (Div. 2)
Kshithij,1032,1106,74,8892,2049,Codeforces Round 994 (Div. 2)
h.sakamoto,1091,1087,-4,8892,2049,Codeforces Round 994 (Div. 2)
mohitrajpoot,1094,1089,-5,8892,2049,Codeforces Round 994 (Div. 2)
LETS_T_R_Y,915,963,48,8892,2049,Codeforces Round 994 (Div. 2)
FormulaBine,1277,1229,-48,8892,2049,Codeforces Round 994 (Div. 2)
prcsh14,1136,1120,-16,8892,2049,Codeforces Round 994 (Div. 2)
techtushar2002,1526,1426,-100,8892,2049,Codeforces Round 994 (Div. 2)
priyanshu.codejee123,934,976,42,8892,2049,Codeforces Round 994 (Div. 2)
CR7_Clutch,932,1030,98,8892,2049,Codeforces Round 994 (Div. 2)
khushi__0101,892,948,56,8892,2049,Codeforces Round 994 (Div. 2)
quarterback,1185,1158,-27,8892,2049,Codeforces Round 994 (Div. 2)
12.04.2004,1058,1063,5,8892,2049,Codeforces Round 994 (Div. 2)
benkyochuu,1040,1050,10,8892,2049,Codeforces Round 994 (Div. 2)
turjokhan535,1114,1104,-10,8892,2049,Codeforces Round 994 (Div. 2)
Anu_Jangid,767,868,101,8892,2049,Codeforces Round 994 (Div. 2)
Ashish94,1300,1247,-53,8892,2049,Codeforces Round 994 (Div. 2)
Chandru_99,1210,1177,-33,8892,2049,Codeforces Round 994 (Div. 2)
siddharth0714,1148,1130,-18,8892,2049,Codeforces Round 994 (Div. 2)
yash88147,1039,1050,11,8892,2049,Codeforces Round 994 (Div. 2)
AyahAssembler,905,1023,118,8892,2049,Codeforces Round 994 (Div. 2)
kharbpraveen,1246,1205,-41,8892,2049,Codeforces Round 994 (Div. 2)
Andelupe,1147,1129,-18,8892,2049,Codeforces Round 994 (Div. 2)
ishitaagarwal_1812,350,658,308,8892,2049,Codeforces Round 994 (Div. 2)
SantaSingh_.sid.,1158,1137,-21,8892,2049,Codeforces Round 994 (Div. 2)
scream_g0d,1094,1089,-5,8892,2049,Codeforces Round 994 (Div. 2)
Mo_3leem,1038,1049,11,8892,2049,Codeforces Round 994 (Div. 2)
Amirmotk,1027,1041,14,8892,2049,Codeforces Round 994 (Div. 2)
mdshahriaswapno,965,997,32,8892,2049,Codeforces Round 994 (Div. 2)
deepak_221,1284,1234,-50,8892,2049,Codeforces Round 994 (Div. 2)
bitwiseWiz,686,897,211,8892,2049,Codeforces Round 994 (Div. 2)
sumitkhandegar,983,1010,27,8892,2049,Codeforces Round 994 (Div. 2)
vibekroy16,1305,1251,-54,8892,2049,Codeforces Round 994 (Div. 2)
Sayman369,1043,1052,9,8892,2049,Codeforces Round 994 (Div. 2)
Classmate_00,984,1084,100,8892,2049,Codeforces Round 994 (Div. 2)
i_vivek,905,957,52,8892,2049,Codeforces Round 994 (Div. 2)
petruboca,898,1006,108,8892,2049,Codeforces Round 994 (Div. 2)
staslug007228,1118,1107,-11,8892,2049,Codeforces Round 994 (Div. 2)
Pariket,1036,1047,11,8892,2049,Codeforces Round 994 (Div. 2)
sasidharkanigolla,0,429,429,8892,2049,Codeforces Round 994 (Div. 2)
soumya7568,825,904,79,8892,2049,Codeforces Round 994 (Div. 2)
pulkitv23,877,938,61,8892,2049,Codeforces Round 994 (Div. 2)
coderzspace1,354,661,307,8892,2049,Codeforces Round 994 (Div. 2)
singhanjesh2005,1076,1076,0,8892,2049,Codeforces Round 994 (Div. 2)
TenseLemon,926,970,44,8892,2049,Codeforces Round 994 (Div. 2)
shantam60,1115,1105,-10,8892,2049,Codeforces Round 994 (Div. 2)
mrvandana,1020,1036,16,8892,2049,Codeforces Round 994 (Div. 2)
sheba11,1076,1076,0,8892,2049,Codeforces Round 994 (Div. 2)
tej11,832,909,77,8892,2049,Codeforces Round 994 (Div. 2)
virendragoyal,1048,1056,8,8892,2049,Codeforces Round 994 (Div. 2)
sneha31415,472,753,281,8892,2049,Codeforces Round 994 (Div. 2)
devraj_ashok,1132,1117,-15,8892,2049,Codeforces Round 994 (Div. 2)
kavin123,1143,1126,-17,8892,2049,Codeforces Round 994 (Div. 2)
Ghatotkacha,1423,1344,-79,8892,2049,Codeforces Round 994 (Div. 2)
himmi_r10,1117,1107,-10,8892,2049,Codeforces Round 994 (Div. 2)
Redjet,1218,1183,-35,8892,2049,Codeforces Round 994 (Div. 2)
Ragib100,1192,1163,-29,8892,2049,Codeforces Round 994 (Div. 2)
balajee_kumar,798,887,89,8892,2049,Codeforces Round 994 (Div. 2)
kanishka88660,1088,1085,-3,8892,2049,Codeforces Round 994 (Div. 2)
Hocus_Xenophilus,938,979,41,8892,2049,Codeforces Round 994 (Div. 2)
nomyzs.kemada,1222,1186,-36,8892,2049,Codeforces Round 994 (Div. 2)
liuby,1066,1069,3,8892,2049,Codeforces Round 994 (Div. 2)
invincible2-12-77-33-14,894,1015,121,8892,2049,Codeforces Round 994 (Div. 2)
Saiful241,1060,1064,4,8892,2049,Codeforces Round 994 (Div. 2)
top_down_,1362,1295,-67,8892,2049,Codeforces Round 994 (Div. 2)
Ash13_gupta,867,931,64,8892,2049,Codeforces Round 994 (Div. 2)
sholuistic.,1195,1166,-29,8892,2049,Codeforces Round 994 (Div. 2)
Mjolnir65,1054,1060,6,8892,2049,Codeforces Round 994 (Div. 2)
Rofyda_Mohamed,1100,1094,-6,8892,2049,Codeforces Round 994 (Div. 2)
Abdur_Rahman_ISM,1011,1030,19,8892,2049,Codeforces Round 994 (Div. 2)
ABCdiv2,0,429,429,8892,2049,Codeforces Round 994 (Div. 2)
Pickle_Rick_,895,1004,109,8892,2049,Codeforces Round 994 (Div. 2)
Andercau_Vasile,1011,1105,94,8892,2049,Codeforces Round 994 (Div. 2)
CTC_45_21_15,1077,1077,0,8892,2049,Codeforces Round 994 (Div. 2)
ayush2415,795,885,90,8892,2049,Codeforces Round 994 (Div. 2)
tejasvinig,1260,1216,-44,8892,2049,Codeforces Round 994 (Div. 2)
Atul_naruto,1130,1116,-14,8892,2049,Codeforces Round 994 (Div. 2)
persistence08,1292,1240,-52,8892,2049,Codeforces Round 994 (Div. 2)
JackOfMostTrades,1093,1089,-4,8892,2049,Codeforces Round 994 (Div. 2)
bloodfang,1112,1103,-9,8892,2049,Codeforces Round 994 (Div. 2)
d4d,1205,1173,-32,8892,2049,Codeforces Round 994 (Div. 2)
joynath,970,999,29,8988,2049,Codeforces Round 994 (Div. 2)
sammy.rote.3210,1259,1214,-45,8988,2049,Codeforces Round 994 (Div. 2)
mnsn1970,1300,1246,-54,8988,2049,Codeforces Round 994 (Div. 2)
Jackis666,1127,1112,-15,8988,2049,Codeforces Round 994 (Div. 2)
Prachi_200,1188,1159,-29,8988,2049,Codeforces Round 994 (Div. 2)
Yedige4,973,1001,28,8988,2049,Codeforces Round 994 (Div. 2)
Rahul1119,1280,1230,-50,8988,2049,Codeforces Round 994 (Div. 2)
ankitchauhan,1207,1173,-34,8988,2049,Codeforces Round 994 (Div. 2)
Dipanshu_,949,984,35,8988,2049,Codeforces Round 994 (Div. 2)
Xenon1902,1255,1210,-45,8988,2049,Codeforces Round 994 (Div. 2)
vansika_06,1078,1076,-2,8988,2049,Codeforces Round 994 (Div. 2)
anonymousdv,1282,1231,-51,8988,2049,Codeforces Round 994 (Div. 2)
disney_love_11,900,1006,106,8988,2049,Codeforces Round 994 (Div. 2)
vamshikrishna06,992,1074,82,8988,2049,Codeforces Round 994 (Div. 2)
CodeFletcher,1317,1259,-58,8988,2049,Codeforces Round 994 (Div. 2)
amanpatel04,978,1004,26,8988,2049,Codeforces Round 994 (Div. 2)
vinith_kumar30,749,905,156,8988,2049,Codeforces Round 994 (Div. 2)
taklepushkar3872,677,889,212,8988,2049,Codeforces Round 994 (Div. 2)
Bogdan_Lukomsky,1041,1049,8,8988,2049,Codeforces Round 994 (Div. 2)
icaijy,0,428,428,8988,2049,Codeforces Round 994 (Div. 2)
sacalgo,1250,1207,-43,8988,2049,Codeforces Round 994 (Div. 2)
lith1um,1080,1115,35,8988,2049,Codeforces Round 994 (Div. 2)
Sigterm_Fault,836,969,133,8988,2049,Codeforces Round 994 (Div. 2)
linux_mint,1149,1194,45,8988,2049,Codeforces Round 994 (Div. 2)
NUSUR,727,841,114,8988,2049,Codeforces Round 994 (Div. 2)
deenmdatif0210,853,920,67,8988,2049,Codeforces Round 994 (Div. 2)
KYAL,1062,1064,2,8988,2049,Codeforces Round 994 (Div. 2)
BitMonk,1114,1103,-11,8988,2049,Codeforces Round 994 (Div. 2)
Anubhav_Rajput,862,926,64,8988,2049,Codeforces Round 994 (Div. 2)
Jahidul_CSE,935,975,40,8988,2049,Codeforces Round 994 (Div. 2)
sumitmandaliitr,1056,1060,4,8988,2049,Codeforces Round 994 (Div. 2)
Bradley_Noir,407,701,294,8988,2049,Codeforces Round 994 (Div. 2)
avtg,850,918,68,8988,2049,Codeforces Round 994 (Div. 2)
IcantDoThisAnymore,1237,1196,-41,8988,2049,Codeforces Round 994 (Div. 2)
jayesh_18,1012,1028,16,8988,2049,Codeforces Round 994 (Div. 2)
its_vk,1240,1199,-41,8988,2049,Codeforces Round 994 (Div. 2)
hello_habibi,1044,1051,7,8988,2049,Codeforces Round 994 (Div. 2)
satya_s18,975,1002,27,8988,2049,Codeforces Round 994 (Div. 2)
DarkDominion,1146,1127,-19,8988,2049,Codeforces Round 994 (Div. 2)
finn_shelby,1252,1208,-44,8988,2049,Codeforces Round 994 (Div. 2)
Shajjadul_ferdous,1245,1203,-42,8988,2049,Codeforces Round 994 (Div. 2)
_wonderful_,1295,1242,-53,8988,2049,Codeforces Round 994 (Div. 2)
sabbir2.0,943,981,38,8988,2049,Codeforces Round 994 (Div. 2)
jalalcse24,432,721,289,8988,2049,Codeforces Round 994 (Div. 2)
ayushk1227,938,1048,110,8988,2049,Codeforces Round 994 (Div. 2)
Ares_77,1074,1073,-1,8988,2049,Codeforces Round 994 (Div. 2)
debug_dynamo011,991,1073,82,8988,2049,Codeforces Round 994 (Div. 2)
lucifer3.1415,984,1009,25,8988,2049,Codeforces Round 994 (Div. 2)
a_satish113,848,979,131,8988,2049,Codeforces Round 994 (Div. 2)
anubhab04,725,926,201,8988,2049,Codeforces Round 994 (Div. 2)
wuyou18268683423,872,933,61,8988,2049,Codeforces Round 994 (Div. 2)
CP__NoOb,1076,1075,-1,8988,2049,Codeforces Round 994 (Div. 2)
ruh_orz,1388,1315,-73,8988,2049,Codeforces Round 994 (Div. 2)
S133PY,0,428,428,8988,2049,Codeforces Round 994 (Div. 2)
tejbir_7,1142,1162,20,8988,2049,Codeforces Round 994 (Div. 2)
hdw1314,0,428,428,8988,2049,Codeforces Round 994 (Div. 2)
3rdAcc,1046,1053,7,8988,2049,Codeforces Round 994 (Div. 2)
ModiSagar,1082,1079,-3,8988,2049,Codeforces Round 994 (Div. 2)
Bartwal,1352,1286,-66,8988,2049,Codeforces Round 994 (Div. 2)
Mehedi.Sabbir,1213,1178,-35,8988,2049,Codeforces Round 994 (Div. 2)
wzdhwn,822,959,137,8988,2049,Codeforces Round 994 (Div. 2)
Mr.Kruskal,434,722,288,8988,2049,Codeforces Round 994 (Div. 2)
MiracleInvoker,1118,1106,-12,8988,2049,Codeforces Round 994 (Div. 2)
amar_13,927,969,42,8988,2049,Codeforces Round 994 (Div. 2)
Anlums,1049,1092,43,8988,2049,Codeforces Round 994 (Div. 2)
Rajatt09,969,998,29,8988,2049,Codeforces Round 994 (Div. 2)
Jayant_Patara,1203,1170,-33,8988,2049,Codeforces Round 994 (Div. 2)
shubhamdhingra2003,1050,1056,6,8988,2049,Codeforces Round 994 (Div. 2)
Shyam23,996,1017,21,8988,2049,Codeforces Round 994 (Div. 2)
JAS1123,1056,1060,4,8988,2049,Codeforces Round 994 (Div. 2)
Phoenix_95,790,880,90,8988,2049,Codeforces Round 994 (Div. 2)
Apaschyamkirikiri,0,428,428,8988,2049,Codeforces Round 994 (Div. 2)
arman_01,924,967,43,8988,2049,Codeforces Round 994 (Div. 2)
_ronak_,1000,1056,56,8988,2049,Codeforces Round 994 (Div. 2)
shadan122,1242,1200,-42,8988,2049,Codeforces Round 994 (Div. 2)
canon_b,1112,1101,-11,8988,2049,Codeforces Round 994 (Div. 2)
ann57,0,428,428,8988,2049,Codeforces Round 994 (Div. 2)
shivang_2006,369,671,302,8988,2049,Codeforces Round 994 (Div. 2)
gayathri_anant,1446,1361,-85,8988,2049,Codeforces Round 994 (Div. 2)
Eris.sd,1205,1172,-33,8988,2049,Codeforces Round 994 (Div. 2)
anirban2005,912,959,47,8988,2049,Codeforces Round 994 (Div. 2)
vasubhrdwj,1160,1138,-22,8988,2049,Codeforces Round 994 (Div. 2)
animkratos,1141,1123,-18,8988,2049,Codeforces Round 994 (Div. 2)
kazosh,910,1013,103,8988,2049,Codeforces Round 994 (Div. 2)
shaswati_mishra,947,983,36,8988,2049,Codeforces Round 994 (Div. 2)
luckysumit07,1061,1062,1,9073,2049,Codeforces Round 994 (Div. 2)
Shimu155,1119,1105,-14,9073,2049,Codeforces Round 994 (Div. 2)
Ahmad_Sameer,1046,1051,5,9073,2049,Codeforces Round 994 (Div. 2)
Mercersfire,1234,1193,-41,9073,2049,Codeforces Round 994 (Div. 2)
kowalski79,1056,1059,3,9073,2049,Codeforces Round 994 (Div. 2)
feitiandog,837,908,71,9073,2049,Codeforces Round 994 (Div. 2)
SrikarNihal,1099,1090,-9,9073,2049,Codeforces Round 994 (Div. 2)
nameett,1117,1168,51,9073,2049,Codeforces Round 994 (Div. 2)
blueeeeee,1079,1076,-3,9073,2049,Codeforces Round 994 (Div. 2)
Amir.-.,1072,1107,35,9073,2049,Codeforces Round 994 (Div. 2)
OMI_14,1278,1227,-51,9073,2049,Codeforces Round 994 (Div. 2)
Mohitiyo,1144,1124,-20,9073,2049,Codeforces Round 994 (Div. 2)
Godsent,1094,1087,-7,9073,2049,Codeforces Round 994 (Div. 2)
wreckerAA1975,902,985,83,9073,2049,Codeforces Round 994 (Div. 2)
mikusingh,1092,1085,-7,9073,2049,Codeforces Round 994 (Div. 2)
koishichan,626,849,223,9073,2049,Codeforces Round 994 (Div. 2)
vke.1743,694,901,207,9073,2049,Codeforces Round 994 (Div. 2)
diyah2000d,1164,1140,-24,9073,2049,Codeforces Round 994 (Div. 2)
CSFriday,1143,1124,-19,9073,2049,Codeforces Round 994 (Div. 2)
ro8267856984,1101,1156,55,9073,2049,Codeforces Round 994 (Div. 2)
q2anAn,427,715,288,9073,2049,Codeforces Round 994 (Div. 2)
Shy_am,969,997,28,9073,2049,Codeforces Round 994 (Div. 2)
Steve827742,1233,1192,-41,9073,2049,Codeforces Round 994 (Div. 2)
Atharva-mendhu,825,951,126,9073,2049,Codeforces Round 994 (Div. 2)
grimrelord,850,979,129,9073,2049,Codeforces Round 994 (Div. 2)
mwenyewe,913,1027,114,9073,2049,Codeforces Round 994 (Div. 2)
FrostBytee,1070,1069,-1,9073,2049,Codeforces Round 994 (Div. 2)
LightThatILLuminatesAll,965,1052,87,9073,2049,Codeforces Round 994 (Div. 2)
Purushottam_verma,917,995,78,9073,2049,Codeforces Round 994 (Div. 2)
Nishu_Coder,1013,1028,15,9073,2049,Codeforces Round 994 (Div. 2)
someshjoyguru,1298,1243,-55,9073,2049,Codeforces Round 994 (Div. 2)
Qaiser-,738,935,197,9073,2049,Codeforces Round 994 (Div. 2)
zeroafterzero,931,971,40,9073,2049,Codeforces Round 994 (Div. 2)
Pilgrim1043,1119,1105,-14,9073,2049,Codeforces Round 994 (Div. 2)
S.nitdgp,851,980,129,9073,2049,Codeforces Round 994 (Div. 2)
demonslayer_629,1118,1104,-14,9073,2049,Codeforces Round 994 (Div. 2)
gsireesha,614,840,226,9073,2049,Codeforces Round 994 (Div. 2)
direction_,1059,1061,2,9073,2049,Codeforces Round 994 (Div. 2)
i_am_a_fighter,0,427,427,9073,2049,Codeforces Round 994 (Div. 2)
mini06,921,964,43,9073,2049,Codeforces Round 994 (Div. 2)
harsh18sharma,1100,1091,-9,9073,2049,Codeforces Round 994 (Div. 2)
harsshukla,1146,1126,-20,9073,2049,Codeforces Round 994 (Div. 2)
jawed-byte,1087,1081,-6,9073,2049,Codeforces Round 994 (Div. 2)
_NITHINREDDY,968,996,28,9073,2049,Codeforces Round 994 (Div. 2)
ritikajaiswall,0,427,427,9073,2049,Codeforces Round 994 (Div. 2)
wrong1,1024,1036,12,9073,2049,Codeforces Round 994 (Div. 2)
euclidstellar,1150,1129,-21,9073,2049,Codeforces Round 994 (Div. 2)
nqrbjwd,1327,1265,-62,9073,2049,Codeforces Round 994 (Div. 2)
subha_02,922,1020,98,9073,2049,Codeforces Round 994 (Div. 2)
patel_niraj,1250,1206,-44,9073,2049,Codeforces Round 994 (Div. 2)
yog_04,1086,1081,-5,9073,2049,Codeforces Round 994 (Div. 2)
potto70,1046,1051,5,9073,2049,Codeforces Round 994 (Div. 2)
Puru_Brahmankar,1026,1037,11,9073,2049,Codeforces Round 994 (Div. 2)
devastator_17,1009,1061,52,9073,2049,Codeforces Round 994 (Div. 2)
ErrorAt221B,0,427,427,9073,2049,Codeforces Round 994 (Div. 2)
zolotoy4195,1138,1120,-18,9073,2049,Codeforces Round 994 (Div. 2)
Starkx07,984,1007,23,9073,2049,Codeforces Round 994 (Div. 2)
NiggaBOB,0,427,427,9073,2049,Codeforces Round 994 (Div. 2)
ElysiaZ,752,946,194,9073,2049,Codeforces Round 994 (Div. 2)
Hi_Beemo,972,1057,85,9073,2049,Codeforces Round 994 (Div. 2)
prasad25j,1341,1277,-64,9073,2049,Codeforces Round 994 (Div. 2)
ShareefAfzal,1060,1062,2,9073,2049,Codeforces Round 994 (Div. 2)
cube_escape,1338,1274,-64,9073,2049,Codeforces Round 994 (Div. 2)
crayon_21,1183,1154,-29,9073,2049,Codeforces Round 994 (Div. 2)
M-Proff,1076,1073,-3,9073,2049,Codeforces Round 994 (Div. 2)
ali1386dehghani,1201,1167,-34,9073,2049,Codeforces Round 994 (Div. 2)
Schrodinbug1208,1021,1033,12,9073,2049,Codeforces Round 994 (Div. 2)
datshroud,1300,1245,-55,9073,2049,Codeforces Round 994 (Div. 2)
muffinboy_,980,1004,24,9073,2049,Codeforces Round 994 (Div. 2)
shorefulislam01732254306,1053,1057,4,9073,2049,Codeforces Round 994 (Div. 2)
ReVoR,995,1015,20,9073,2049,Codeforces Round 994 (Div. 2)
Code_glitcher,913,1014,101,9073,2049,Codeforces Round 994 (Div. 2)
TranKimLT,845,912,67,9145,2049,Codeforces Round 994 (Div. 2)
Camilo77,1131,1113,-18,9145,2049,Codeforces Round 994 (Div. 2)
__Ravi_Shankar18,1123,1172,49,9145,2049,Codeforces Round 994 (Div. 2)
avhixorin,1005,1020,15,9145,2049,Codeforces Round 994 (Div. 2)
brawler2010,0,426,426,9145,2049,Codeforces Round 994 (Div. 2)
kartik_1208,999,1016,17,9145,2049,Codeforces Round 994 (Div. 2)
HelloGoodbye,452,734,282,9145,2049,Codeforces Round 994 (Div. 2)
lyh_1st,859,920,61,9145,2049,Codeforces Round 994 (Div. 2)
KamalDas496,1279,1227,-52,9145,2049,Codeforces Round 994 (Div. 2)
yanatcoder,1004,1081,77,9145,2049,Codeforces Round 994 (Div. 2)
ludYN109,868,991,123,9145,2049,Codeforces Round 994 (Div. 2)
B_NguyenVietManhKhai,925,965,40,9145,2049,Codeforces Round 994 (Div. 2)
bhartigarg,1254,1207,-47,9145,2049,Codeforces Round 994 (Div. 2)
tanvir_islam,817,894,77,9145,2049,Codeforces Round 994 (Div. 2)
MubtasimSajid,996,1014,18,9145,2049,Codeforces Round 994 (Div. 2)
Sino_2009,1036,1043,7,9145,2049,Codeforces Round 994 (Div. 2)
manoharsingh2402,1188,1156,-32,9145,2049,Codeforces Round 994 (Div. 2)
AcroBatics,930,1003,73,9145,2049,Codeforces Round 994 (Div. 2)
madboii,1297,1241,-56,9145,2049,Codeforces Round 994 (Div. 2)
jaygoti2006,1106,1094,-12,9145,2049,Codeforces Round 994 (Div. 2)
ToniKroos007,563,823,260,9145,2049,Codeforces Round 994 (Div. 2)
Suprime_anis,617,773,156,9145,2049,Codeforces Round 994 (Div. 2)
shreyansh7,956,986,30,9145,2049,Codeforces Round 994 (Div. 2)
visheshvaidya24112004,1144,1123,-21,9145,2049,Codeforces Round 994 (Div. 2)
jayeshjoshi2005,1052,1054,2,9145,2049,Codeforces Round 994 (Div. 2)
gopesh_sharma,1206,1170,-36,9145,2049,Codeforces Round 994 (Div. 2)
md.noor.hassnain.01,1110,1097,-13,9145,2049,Codeforces Round 994 (Div. 2)
d3x,990,1010,20,9145,2049,Codeforces Round 994 (Div. 2)
_ishafin,1082,1077,-5,9145,2049,Codeforces Round 994 (Div. 2)
Abhishek_Pant_pr,1327,1265,-62,9145,2049,Codeforces Round 994 (Div. 2)
aarzooK,997,1015,18,9145,2049,Codeforces Round 994 (Div. 2)
nnviswanath,814,994,180,9145,2049,Codeforces Round 994 (Div. 2)
emptyjoker,1016,1028,12,9145,2049,Codeforces Round 994 (Div. 2)
litfan,1452,1364,-88,9145,2049,Codeforces Round 994 (Div. 2)
asdfghjkl.04,0,426,426,9145,2049,Codeforces Round 994 (Div. 2)
reyhannn,1137,1118,-19,9145,2049,Codeforces Round 994 (Div. 2)
erreze,1104,1093,-11,9145,2049,Codeforces Round 994 (Div. 2)
prasad_dash,1030,1038,8,9145,2049,Codeforces Round 994 (Div. 2)
Giant_Skeleton,1205,1169,-36,9145,2049,Codeforces Round 994 (Div. 2)
C_c-c_C_alt,720,920,200,9145,2049,Codeforces Round 994 (Div. 2)
noobra1,1115,1100,-15,9145,2049,Codeforces Round 994 (Div. 2)
bholax,376,675,299,9145,2049,Codeforces Round 994 (Div. 2)
_Anjali123,851,915,64,9145,2049,Codeforces Round 994 (Div. 2)
PokemonMasterFather,716,831,115,9145,2049,Codeforces Round 994 (Div. 2)
SAHAL01,1253,1207,-46,9145,2049,Codeforces Round 994 (Div. 2)
pykich,864,988,124,9145,2049,Codeforces Round 994 (Div. 2)
Ishan_420,1244,1200,-44,9145,2049,Codeforces Round 994 (Div. 2)
rehanmm,1442,1356,-86,9145,2049,Codeforces Round 994 (Div. 2)
saurabhjha04,725,885,160,9145,2049,Codeforces Round 994 (Div. 2)
phamhuy050407,981,1004,23,9145,2049,Codeforces Round 994 (Div. 2)
SeanDictionary,729,927,198,9145,2049,Codeforces Round 994 (Div. 2)
anantk,898,947,49,9145,2049,Codeforces Round 994 (Div. 2)
single_habla,998,1016,18,9145,2049,Codeforces Round 994 (Div. 2)
rn2004,353,657,304,9145,2049,Codeforces Round 994 (Div. 2)
vaibhav._.070,951,983,32,9145,2049,Codeforces Round 994 (Div. 2)
Huge_Monster,934,1042,108,9145,2049,Codeforces Round 994 (Div. 2)
loser_seele,1369,1298,-71,9145,2049,Codeforces Round 994 (Div. 2)
aricode25,508,779,271,9145,2049,Codeforces Round 994 (Div. 2)
Umesh_Krishna,1158,1134,-24,9145,2049,Codeforces Round 994 (Div. 2)
kamath,860,921,61,9145,2049,Codeforces Round 994 (Div. 2)
nohatea,859,1030,171,9145,2049,Codeforces Round 994 (Div. 2)
Cypher42,1063,1062,-1,9145,2049,Codeforces Round 994 (Div. 2)
Wynz,0,426,426,9145,2049,Codeforces Round 994 (Div. 2)
1--la,1198,1164,-34,9145,2049,Codeforces Round 994 (Div. 2)
Devil_Kira,1083,1141,58,9145,2049,Codeforces Round 994 (Div. 2)
Rishi_677,1168,1141,-27,9145,2049,Codeforces Round 994 (Div. 2)
raghavasrivastava201,1050,1116,66,9145,2049,Codeforces Round 994 (Div. 2)
SahaPacific,978,1001,23,9145,2049,Codeforces Round 994 (Div. 2)
priya15d99,978,1001,23,9145,2049,Codeforces Round 994 (Div. 2)
siyam_19,949,981,32,9145,2049,Codeforces Round 994 (Div. 2)
519A,805,886,81,9145,2049,Codeforces Round 994 (Div. 2)
WannabeOrange,792,976,184,9145,2049,Codeforces Round 994 (Div. 2)
tangakk,1001,1054,53,9145,2049,Codeforces Round 994 (Div. 2)
sici,941,976,35,9145,2049,Codeforces Round 994 (Div. 2)
sarvajnya_18,971,997,26,9145,2049,Codeforces Round 994 (Div. 2)
PetaLinGer.,1037,1122,85,9145,2049,Codeforces Round 994 (Div. 2)
vk_04,358,661,303,9145,2049,Codeforces Round 994 (Div. 2)
nebwani,926,965,39,9145,2049,Codeforces Round 994 (Div. 2)
remiss,975,999,24,9145,2049,Codeforces Round 994 (Div. 2)
ABiktimirov_heaven,446,730,284,9145,2049,Codeforces Round 994 (Div. 2)
m00que,837,968,131,9145,2049,Codeforces Round 994 (Div. 2)
Vijay0672,930,968,38,9145,2049,Codeforces Round 994 (Div. 2)
himanshukumar979897,1233,1191,-42,9145,2049,Codeforces Round 994 (Div. 2)
tr25,1399,1322,-77,9145,2049,Codeforces Round 994 (Div. 2)
shiny_333,923,1033,110,9145,2049,Codeforces Round 994 (Div. 2)
atharav_yadav,943,975,32,9230,2049,Codeforces Round 994 (Div. 2)
GDRuiz,880,933,53,9230,2049,Codeforces Round 994 (Div. 2)
cr00,1097,1086,-11,9230,2049,Codeforces Round 994 (Div. 2)
Code4u_Shubh,490,763,273,9230,2049,Codeforces Round 994 (Div. 2)
Skayu,427,714,287,9230,2049,Codeforces Round 994 (Div. 2)
rajvardhan1110,670,880,210,9230,2049,Codeforces Round 994 (Div. 2)
Abhinavkarthik,1075,1070,-5,9230,2049,Codeforces Round 994 (Div. 2)
m_shahin,926,964,38,9230,2049,Codeforces Round 994 (Div. 2)
simrrunnn,976,998,22,9230,2049,Codeforces Round 994 (Div. 2)
mera_naam_coder,838,905,67,9230,2049,Codeforces Round 994 (Div. 2)
smahak_20,1168,1140,-28,9230,2049,Codeforces Round 994 (Div. 2)
Roshan18,1217,1178,-39,9230,2049,Codeforces Round 994 (Div. 2)
suman1209,903,948,45,9230,2049,Codeforces Round 994 (Div. 2)
aryajohary,667,878,211,9230,2049,Codeforces Round 994 (Div. 2)
Tiny_Coder69,1055,1118,63,9230,2049,Codeforces Round 994 (Div. 2)
abhinav_jain05,1227,1185,-42,9230,2049,Codeforces Round 994 (Div. 2)
YustR2,970,994,24,9230,2049,Codeforces Round 994 (Div. 2)
tamadac,1180,1149,-31,9230,2049,Codeforces Round 994 (Div. 2)
nqhtrung304,1033,1076,43,9230,2049,Codeforces Round 994 (Div. 2)
Pulkit_Aggarwal,381,677,296,9230,2049,Codeforces Round 994 (Div. 2)
zt37.0,881,1000,119,9230,2049,Codeforces Round 994 (Div. 2)
derak,490,763,273,9230,2049,Codeforces Round 994 (Div. 2)
daddy_sasageyo,1402,1323,-79,9230,2049,Codeforces Round 994 (Div. 2)
fishes,1239,1195,-44,9230,2049,Codeforces Round 994 (Div. 2)
Mk_Rahi,1103,1090,-13,9230,2049,Codeforces Round 994 (Div. 2)
faritu_23,1190,1156,-34,9230,2049,Codeforces Round 994 (Div. 2)
Ywa,418,706,288,9230,2049,Codeforces Round 994 (Div. 2)
width,950,980,30,9230,2049,Codeforces Round 994 (Div. 2)
KINGofSPADE,1126,1108,-18,9230,2049,Codeforces Round 994 (Div. 2)
adityagoyal000234,1179,1148,-31,9230,2049,Codeforces Round 994 (Div. 2)
No0r,1021,1030,9,9230,2049,Codeforces Round 994 (Div. 2)
mika.andriamiadana,1103,1129,26,9230,2049,Codeforces Round 994 (Div. 2)
drakonov,426,713,287,9230,2049,Codeforces Round 994 (Div. 2)
inactive_potato,902,948,46,9230,2049,Codeforces Round 994 (Div. 2)
Shubham_04Jha,943,975,32,9230,2049,Codeforces Round 994 (Div. 2)
kingslayer35,1091,1119,28,9230,2049,Codeforces Round 994 (Div. 2)
rujuldwivedi,893,942,49,9230,2049,Codeforces Round 994 (Div. 2)
JS7,1039,1043,4,9230,2049,Codeforces Round 994 (Div. 2)
son_of_Tripti_Susanta,432,717,285,9230,2049,Codeforces Round 994 (Div. 2)
somnath_01,1094,1084,-10,9230,2049,Codeforces Round 994 (Div. 2)
SSAHARIA7,869,991,122,9230,2049,Codeforces Round 994 (Div. 2)
_wizz_,1241,1196,-45,9230,2049,Codeforces Round 994 (Div. 2)
Hazemkisuke,791,932,141,9230,2049,Codeforces Round 994 (Div. 2)
ParthAgrawal1967,894,942,48,9230,2049,Codeforces Round 994 (Div. 2)
anasansari54283,1036,1041,5,9230,2049,Codeforces Round 994 (Div. 2)
aadityabalraj7,897,944,47,9230,2049,Codeforces Round 994 (Div. 2)
Tharun_P.T.S,1122,1105,-17,9230,2049,Codeforces Round 994 (Div. 2)
allescaput,0,425,425,9230,2049,Codeforces Round 994 (Div. 2)
yashwanth.k0620,961,1023,62,9230,2049,Codeforces Round 994 (Div. 2)
AthJa,709,910,201,9230,2049,Codeforces Round 994 (Div. 2)
NguyenDucThanh,1186,1154,-32,9230,2049,Codeforces Round 994 (Div. 2)
aradyaShetty,996,1013,17,9230,2049,Codeforces Round 994 (Div. 2)
revanthsai_05,1121,1104,-17,9230,2049,Codeforces Round 994 (Div. 2)
FSO3H_SbF5,621,842,221,9230,2049,Codeforces Round 994 (Div. 2)
tarikanowarbwn,1077,1071,-6,9230,2049,Codeforces Round 994 (Div. 2)
divypareek09,1055,1055,0,9230,2049,Codeforces Round 994 (Div. 2)
xiugouawei,1034,1076,42,9230,2049,Codeforces Round 994 (Div. 2)
raghavgupta0123456,1016,1063,47,9230,2049,Codeforces Round 994 (Div. 2)
bbtbb,1081,1138,57,9230,2049,Codeforces Round 994 (Div. 2)
SA1024ag,837,966,129,9230,2049,Codeforces Round 994 (Div. 2)
psychewolf,812,889,77,9230,2049,Codeforces Round 994 (Div. 2)
karnyadav,1107,1093,-14,9230,2049,Codeforces Round 994 (Div. 2)
MetalZeal,1013,1025,12,9230,2049,Codeforces Round 994 (Div. 2)
soapy_user,659,871,212,9230,2049,Codeforces Round 994 (Div. 2)
brokesoul,982,1038,56,9230,2049,Codeforces Round 994 (Div. 2)
light01,1092,1083,-9,9230,2049,Codeforces Round 994 (Div. 2)
Aerysaint,1059,1058,-1,9230,2049,Codeforces Round 994 (Div. 2)
N337,962,989,27,9230,2049,Codeforces Round 994 (Div. 2)
J0KER.,1356,1286,-70,9230,2049,Codeforces Round 994 (Div. 2)
b_i_b,1233,1190,-43,9230,2049,Codeforces Round 994 (Div. 2)
smackia_04,1050,1051,1,9230,2049,Codeforces Round 994 (Div. 2)
codersmayson,1072,1067,-5,9230,2049,Codeforces Round 994 (Div. 2)
Alraaafi,1183,1151,-32,9230,2049,Codeforces Round 994 (Div. 2)
GhassanHasan,1143,1186,43,9230,2049,Codeforces Round 994 (Div. 2)
thedemogorgan,1242,1197,-45,9230,2049,Codeforces Round 994 (Div. 2)
nishantgott,853,979,126,9230,2049,Codeforces Round 994 (Div. 2)
invigorated,961,1023,62,9230,2049,Codeforces Round 994 (Div. 2)
jane_1234,1200,1164,-36,9230,2049,Codeforces Round 994 (Div. 2)
HB_Error20,1084,1075,-9,9308,2049,Codeforces Round 994 (Div. 2)
matchaonmuffins,394,687,293,9308,2049,Codeforces Round 994 (Div. 2)
Amit257,1072,1066,-6,9308,2049,Codeforces Round 994 (Div. 2)
atsliwak,1156,1130,-26,9308,2049,Codeforces Round 994 (Div. 2)
kishan_17,718,829,111,9308,2049,Codeforces Round 994 (Div. 2)
mdhlimonmia,1284,1229,-55,9308,2049,Codeforces Round 994 (Div. 2)
Faiz_Rahman_G,1025,1032,7,9308,2049,Codeforces Round 994 (Div. 2)
kushagra.shukla,722,919,197,9308,2049,Codeforces Round 994 (Div. 2)
_Psy_Duck,1159,1132,-27,9308,2049,Codeforces Round 994 (Div. 2)
Israfil_khan,952,980,28,9308,2049,Codeforces Round 994 (Div. 2)
Not_Abhi,1167,1138,-29,9308,2049,Codeforces Round 994 (Div. 2)
codemaster404040,872,980,108,9308,2049,Codeforces Round 994 (Div. 2)
Nixon2006,1137,1115,-22,9308,2049,Codeforces Round 994 (Div. 2)
yugdesai7654,1029,1035,6,9308,2049,Codeforces Round 994 (Div. 2)
thegreattiger,425,711,286,9308,2049,Codeforces Round 994 (Div. 2)
Musashi02,0,424,424,9308,2049,Codeforces Round 994 (Div. 2)
KaedeharaKazuha,1257,1208,-49,9308,2049,Codeforces Round 994 (Div. 2)
0xDemon1,993,1009,16,9308,2049,Codeforces Round 994 (Div. 2)
pugazhendhi.j23csai,921,959,38,9308,2049,Codeforces Round 994 (Div. 2)
lost_everything,1354,1284,-70,9308,2049,Codeforces Round 994 (Div. 2)
Masum_Ahmed,976,997,21,9308,2049,Codeforces Round 994 (Div. 2)
HD21brightest,1025,1032,7,9308,2049,Codeforces Round 994 (Div. 2)
sreeyagnaveena,1057,1092,35,9308,2049,Codeforces Round 994 (Div. 2)
VAP09,888,937,49,9308,2049,Codeforces Round 994 (Div. 2)
harsh2005sara,1073,1067,-6,9308,2049,Codeforces Round 994 (Div. 2)
nirmalrewar,936,1004,68,9308,2049,Codeforces Round 994 (Div. 2)
Learner_one,1047,1048,1,9308,2049,Codeforces Round 994 (Div. 2)
sukumar_11,1326,1262,-64,9308,2049,Codeforces Round 994 (Div. 2)
a_void_,0,424,424,9308,2049,Codeforces Round 994 (Div. 2)
manu8274,889,937,48,9308,2049,Codeforces Round 994 (Div. 2)
VOOOOOOOva,784,870,86,9308,2049,Codeforces Round 994 (Div. 2)
brimstonee,804,882,78,9308,2049,Codeforces Round 994 (Div. 2)
seekopath,1331,1266,-65,9308,2049,Codeforces Round 994 (Div. 2)
lakkshyag,1495,1396,-99,9308,2049,Codeforces Round 994 (Div. 2)
nsquarepart1,1055,1053,-2,9308,2049,Codeforces Round 994 (Div. 2)
professor_cha0s,1107,1092,-15,9308,2049,Codeforces Round 994 (Div. 2)
Beegy_Yoshi,907,984,77,9308,2049,Codeforces Round 994 (Div. 2)
Sudhanshu_Gaur,1035,1039,4,9308,2049,Codeforces Round 994 (Div. 2)
ommishra0719,1164,1135,-29,9308,2049,Codeforces Round 994 (Div. 2)
Pranvesh,1178,1146,-32,9308,2049,Codeforces Round 994 (Div. 2)
rahmaaref,1039,1042,3,9308,2049,Codeforces Round 994 (Div. 2)
1aeSak,428,713,285,9308,2049,Codeforces Round 994 (Div. 2)
rehan_hehe,1098,1085,-13,9308,2049,Codeforces Round 994 (Div. 2)
Samyak_2416,403,694,291,9308,2049,Codeforces Round 994 (Div. 2)
hacker_3471,988,1006,18,9308,2049,Codeforces Round 994 (Div. 2)
21to_tdtdung,1261,1211,-50,9308,2049,Codeforces Round 994 (Div. 2)
csrahul955,1021,1029,8,9308,2049,Codeforces Round 994 (Div. 2)
StrykerX,973,995,22,9308,2049,Codeforces Round 994 (Div. 2)
sujitwagh9,447,728,281,9308,2049,Codeforces Round 994 (Div. 2)
adityakedia579,945,975,30,9308,2049,Codeforces Round 994 (Div. 2)
LooperLOKI,455,735,280,9308,2049,Codeforces Round 994 (Div. 2)
sachin_kumar1,1277,1223,-54,9308,2049,Codeforces Round 994 (Div. 2)
2021331025,694,814,120,9308,2049,Codeforces Round 994 (Div. 2)
123rage321,1028,1034,6,9308,2049,Codeforces Round 994 (Div. 2)
ShivY08,1589,1472,-117,9308,2049,Codeforces Round 994 (Div. 2)
harshal08,983,1002,19,9308,2049,Codeforces Round 994 (Div. 2)
acT6r,1043,1108,65,9308,2049,Codeforces Round 994 (Div. 2)
huihooj,483,757,274,9308,2049,Codeforces Round 994 (Div. 2)
AM_YEAD-27,933,967,34,9308,2049,Codeforces Round 994 (Div. 2)
AntonPolianskii,679,885,206,9308,2049,Codeforces Round 994 (Div. 2)
ng.annhaat,1075,1068,-7,9308,2049,Codeforces Round 994 (Div. 2)
n0mercy_,607,830,223,9308,2049,Codeforces Round 994 (Div. 2)
FRIENDLYFIRE,1099,1086,-13,9308,2049,Codeforces Round 994 (Div. 2)
ruthvik888,1056,1054,-2,9308,2049,Codeforces Round 994 (Div. 2)
Inquisitive_Bear,1055,1053,-2,9308,2049,Codeforces Round 994 (Div. 2)
Vinayakk06,404,694,290,9308,2049,Codeforces Round 994 (Div. 2)
ocean_txy,0,424,424,9308,2049,Codeforces Round 994 (Div. 2)
atik7788,927,963,36,9308,2049,Codeforces Round 994 (Div. 2)
1sudhanshu,362,661,299,9308,2049,Codeforces Round 994 (Div. 2)
LOLMES,991,1008,17,9308,2049,Codeforces Round 994 (Div. 2)
nikhil_kumar_tomar,1159,1132,-27,9308,2049,Codeforces Round 994 (Div. 2)
ananyapurwar,987,1005,18,9308,2049,Codeforces Round 994 (Div. 2)
1GreaterThan0,1218,1177,-41,9380,2049,Codeforces Round 994 (Div. 2)
shivam30csk,1133,1111,-22,9381,2049,Codeforces Round 994 (Div. 2)
Ishnk_nnd,862,918,56,9381,2049,Codeforces Round 994 (Div. 2)
Happiness_3,1148,1123,-25,9381,2049,Codeforces Round 994 (Div. 2)
vinhsecond,0,423,423,9381,2049,Codeforces Round 994 (Div. 2)
Shreyank001,894,1008,114,9381,2049,Codeforces Round 994 (Div. 2)
abjaiswal7661,929,963,34,9381,2049,Codeforces Round 994 (Div. 2)
sharmaji_78,897,941,44,9381,2049,Codeforces Round 994 (Div. 2)
EZL,857,979,122,9381,2049,Codeforces Round 994 (Div. 2)
chirag_unision,1265,1213,-52,9381,2049,Codeforces Round 994 (Div. 2)
PragyanSinha,1020,1027,7,9381,2049,Codeforces Round 994 (Div. 2)
dhvanits,460,738,278,9381,2049,Codeforces Round 994 (Div. 2)
Bigol2020,644,858,214,9381,2049,Codeforces Round 994 (Div. 2)
vanshgambhir,1037,1040,3,9381,2049,Codeforces Round 994 (Div. 2)
_NowOrNever_,942,972,30,9381,2049,Codeforces Round 994 (Div. 2)
taskbar,930,1036,106,9381,2049,Codeforces Round 994 (Div. 2)
prateek100200,1065,1060,-5,9381,2049,Codeforces Round 994 (Div. 2)
Wcy6,1268,1255,-13,9381,2049,Codeforces Round 994 (Div. 2)
SIR01,1176,1144,-32,9381,2049,Codeforces Round 994 (Div. 2)
sethiyaharshal,1103,1088,-15,9381,2049,Codeforces Round 994 (Div. 2)
dhananjay_d24,944,974,30,9381,2049,Codeforces Round 994 (Div. 2)
BhargavJyBoruah,0,423,423,9381,2049,Codeforces Round 994 (Div. 2)
rmerotha941,811,944,133,9381,2049,Codeforces Round 994 (Div. 2)
JaspreetG,1121,1102,-19,9381,2049,Codeforces Round 994 (Div. 2)
spshirzad04,1283,1227,-56,9381,2049,Codeforces Round 994 (Div. 2)
Baskerville,979,1059,80,9381,2049,Codeforces Round 994 (Div. 2)
Janaki_vallabh,933,966,33,9381,2049,Codeforces Round 994 (Div. 2)
tsoni_256,867,921,54,9381,2049,Codeforces Round 994 (Div. 2)
manisha38859,723,830,107,9381,2049,Codeforces Round 994 (Div. 2)
KenanEhmed,868,922,54,9381,2049,Codeforces Round 994 (Div. 2)
Zenit_06,402,692,290,9381,2049,Codeforces Round 994 (Div. 2)
Saif_ul,718,827,109,9381,2049,Codeforces Round 994 (Div. 2)
Teut2711,926,961,35,9381,2049,Codeforces Round 994 (Div. 2)
sahsharma,881,930,49,9381,2049,Codeforces Round 994 (Div. 2)
018-Daniyar-D-2028,855,914,59,9381,2049,Codeforces Round 994 (Div. 2)
Sanjhi,924,960,36,9381,2049,Codeforces Round 994 (Div. 2)
notarelish,948,976,28,9381,2049,Codeforces Round 994 (Div. 2)
stylebender007,1041,1043,2,9381,2049,Codeforces Round 994 (Div. 2)
Applequick,981,999,18,9381,2049,Codeforces Round 994 (Div. 2)
Lowless,986,1003,17,9381,2049,Codeforces Round 994 (Div. 2)
shreyanpandey30,1029,1034,5,9381,2049,Codeforces Round 994 (Div. 2)
hnmjdx_hanhan,355,655,300,9381,2049,Codeforces Round 994 (Div. 2)
shredder69,1221,1179,-42,9381,2049,Codeforces Round 994 (Div. 2)
1day_89,1107,1091,-16,9381,2049,Codeforces Round 994 (Div. 2)
kalyan121026,766,953,187,9381,2049,Codeforces Round 994 (Div. 2)
Drkway,1005,1017,12,9381,2049,Codeforces Round 994 (Div. 2)
Cuong05.SGU,737,930,193,9381,2049,Codeforces Round 994 (Div. 2)
meghananelapati,977,997,20,9381,2049,Codeforces Round 994 (Div. 2)
_.Se7en._,924,960,36,9381,2049,Codeforces Round 994 (Div. 2)
yvtian,1059,1056,-3,9381,2049,Codeforces Round 994 (Div. 2)
__ic__,917,955,38,9381,2049,Codeforces Round 994 (Div. 2)
ZolpiE,628,774,146,9381,2049,Codeforces Round 994 (Div. 2)
wanna_be,389,682,293,9381,2049,Codeforces Round 994 (Div. 2)
Flora_13,987,1080,93,9381,2049,Codeforces Round 994 (Div. 2)
Ashtsssssh,1011,1021,10,9381,2049,Codeforces Round 994 (Div. 2)
Lee_OIer,940,971,31,9381,2049,Codeforces Round 994 (Div. 2)
akshaykrgupta7,850,911,61,9381,2049,Codeforces Round 994 (Div. 2)
vn_1706,1108,1091,-17,9437,2049,Codeforces Round 994 (Div. 2)
arisen37,1273,1218,-55,9437,2049,Codeforces Round 994 (Div. 2)
iron_fist_,971,991,20,9437,2049,Codeforces Round 994 (Div. 2)
utkarsh100849e,918,1011,93,9437,2049,Codeforces Round 994 (Div. 2)
khanna_dhruv,886,1001,115,9437,2049,Codeforces Round 994 (Div. 2)
sneha_k,1032,1035,3,9437,2049,Codeforces Round 994 (Div. 2)
eileenahmadkhan8,1111,1094,-17,9437,2049,Codeforces Round 994 (Div. 2)
siddharth10111,1136,1112,-24,9437,2049,Codeforces Round 994 (Div. 2)
rahi088,1048,1046,-2,9437,2049,Codeforces Round 994 (Div. 2)
081_rajeshverma,753,847,94,9437,2049,Codeforces Round 994 (Div. 2)
eleenasmathew,967,988,21,9437,2049,Codeforces Round 994 (Div. 2)
desaimayank1,970,1026,56,9437,2049,Codeforces Round 994 (Div. 2)
Bub1lda,1107,1090,-17,9437,2049,Codeforces Round 994 (Div. 2)
shajahan.sk,590,816,226,9437,2049,Codeforces Round 994 (Div. 2)
krishnachauhan,398,688,290,9437,2049,Codeforces Round 994 (Div. 2)
Bayan_Chalik,1045,1045,0,9437,2049,Codeforces Round 994 (Div. 2)
joshitareddy111,0,423,423,9437,2049,Codeforces Round 994 (Div. 2)
arnabpachal2004,984,1000,16,9437,2049,Codeforces Round 994 (Div. 2)
Binary_01,648,860,212,9437,2049,Codeforces Round 994 (Div. 2)
zhuzk,1162,1170,8,9437,2049,Codeforces Round 994 (Div. 2)
thakraltamanna2205,650,861,211,9437,2049,Codeforces Round 994 (Div. 2)
Riser_123,1086,1074,-12,9437,2049,Codeforces Round 994 (Div. 2)
bhaibhai007,747,896,149,9437,2049,Codeforces Round 994 (Div. 2)
MA101tatti,653,864,211,9437,2049,Codeforces Round 994 (Div. 2)
Nikhil__04,1019,1025,6,9437,2049,Codeforces Round 994 (Div. 2)
bigtidsgotmeactingunwise,1072,1129,57,9437,2049,Codeforces Round 994 (Div. 2)
NeonCaesium,405,694,289,9437,2049,Codeforces Round 994 (Div. 2)
Watson_TP,1027,1031,4,9437,2049,Codeforces Round 994 (Div. 2)
bobby03,1072,1064,-8,9437,2049,Codeforces Round 994 (Div. 2)
rc34,811,944,133,9437,2049,Codeforces Round 994 (Div. 2)
Vencas,1129,1145,16,9437,2049,Codeforces Round 994 (Div. 2)
Ivanti,1081,1070,-11,9437,2049,Codeforces Round 994 (Div. 2)
ajit_singh,397,687,290,9437,2049,Codeforces Round 994 (Div. 2)
sen-tenz,890,1003,113,9437,2049,Codeforces Round 994 (Div. 2)
headintheclouds104,892,937,45,9437,2049,Codeforces Round 994 (Div. 2)
vkhantwal999,390,682,292,9437,2049,Codeforces Round 994 (Div. 2)
opmkumar,1190,1153,-37,9437,2049,Codeforces Round 994 (Div. 2)
shayak2061,855,977,122,9437,2049,Codeforces Round 994 (Div. 2)
urs_satyam,1033,1036,3,9437,2049,Codeforces Round 994 (Div. 2)
purusharthseth,1225,1181,-44,9437,2049,Codeforces Round 994 (Div. 2)
grv_bisht,495,765,270,9437,2049,Codeforces Round 994 (Div. 2)
maoxiaoyi,966,1047,81,9437,2049,Codeforces Round 994 (Div. 2)
levdalba,1076,1067,-9,9437,2049,Codeforces Round 994 (Div. 2)
HaldiaJi,933,965,32,9437,2049,Codeforces Round 994 (Div. 2)
The_AnshV,1176,1182,6,9437,2049,Codeforces Round 994 (Div. 2)
hasin_sadaf,1147,1121,-26,9437,2049,Codeforces Round 994 (Div. 2)
AdianLeon,818,939,121,9437,2049,Codeforces Round 994 (Div. 2)
llsy,1016,1085,69,9437,2049,Codeforces Round 994 (Div. 2)
Arsalan_Ahmed,1126,1105,-21,9437,2049,Codeforces Round 994 (Div. 2)
doki_doki,362,660,298,9437,2049,Codeforces Round 994 (Div. 2)
Prajwal2212,1240,1193,-47,9437,2049,Codeforces Round 994 (Div. 2)
abhinay5555,1171,1139,-32,9437,2049,Codeforces Round 994 (Div. 2)
utkarshsahu123,0,423,423,9437,2049,Codeforces Round 994 (Div. 2)
CausticNaOH,1358,1286,-72,9437,2049,Codeforces Round 994 (Div. 2)
PTS_codes,702,902,200,9437,2049,Codeforces Round 994 (Div. 2)
panda.BANDANA,999,1011,12,9437,2049,Codeforces Round 994 (Div. 2)
yashitz07,976,995,19,9437,2049,Codeforces Round 994 (Div. 2)
savar95x,828,956,128,9437,2049,Codeforces Round 994 (Div. 2)
yashs3324,970,1050,80,9437,2049,Codeforces Round 994 (Div. 2)
umme_habiba17,1000,1012,12,9437,2049,Codeforces Round 994 (Div. 2)
vsstejas_777,1210,1169,-41,9437,2049,Codeforces Round 994 (Div. 2)
apmene2935,1046,1045,-1,9437,2049,Codeforces Round 994 (Div. 2)
mukund-mishra,362,660,298,9437,2049,Codeforces Round 994 (Div. 2)
ankur97,962,985,23,9437,2049,Codeforces Round 994 (Div. 2)
firedj,1251,1201,-50,9501,2049,Codeforces Round 994 (Div. 2)
michaelyql,789,970,181,9502,2049,Codeforces Round 994 (Div. 2)
ShahariarIslam,1081,1070,-11,9502,2049,Codeforces Round 994 (Div. 2)
Adiko,368,663,295,9502,2049,Codeforces Round 994 (Div. 2)
cavelius,785,966,181,9502,2049,Codeforces Round 994 (Div. 2)
Hakai12,734,926,192,9502,2049,Codeforces Round 994 (Div. 2)
zhouliyang,586,837,251,9502,2049,Codeforces Round 994 (Div. 2)
caoxinyuan,1374,1297,-77,9502,2049,Codeforces Round 994 (Div. 2)
divyamdixit49,1106,1088,-18,9502,2049,Codeforces Round 994 (Div. 2)
ViratS,648,859,211,9502,2049,Codeforces Round 994 (Div. 2)
Rohan_Garg_,1003,1013,10,9502,2049,Codeforces Round 994 (Div. 2)
mate10011101info,0,422,422,9502,2049,Codeforces Round 994 (Div. 2)
SadThuFF,972,991,19,9502,2049,Codeforces Round 994 (Div. 2)
rathee1255,1060,1054,-6,9502,2049,Codeforces Round 994 (Div. 2)
bobur_boymatov,355,654,299,9502,2049,Codeforces Round 994 (Div. 2)
Ling_Chasha_Aifu,0,422,422,9502,2049,Codeforces Round 994 (Div. 2)
4ankit_raj9,1049,1046,-3,9502,2049,Codeforces Round 994 (Div. 2)
harshj27,830,894,64,9502,2049,Codeforces Round 994 (Div. 2)
Praneethrcls,1073,1064,-9,9502,2049,Codeforces Round 994 (Div. 2)
lukehung,0,422,422,9502,2049,Codeforces Round 994 (Div. 2)
samnotfound404,1152,1162,10,9502,2049,Codeforces Round 994 (Div. 2)
Arpit_Yadav,877,980,103,9502,2049,Codeforces Round 994 (Div. 2)
Psyduck_Tales,1125,1103,-22,9502,2049,Codeforces Round 994 (Div. 2)
wusitee,973,1027,54,9502,2049,Codeforces Round 994 (Div. 2)
toxik,1094,1080,-14,9502,2049,Codeforces Round 994 (Div. 2)
Tamal_Ghosh,975,993,18,9502,2049,Codeforces Round 994 (Div. 2)
Knopochka,1038,1038,0,9502,2049,Codeforces Round 994 (Div. 2)
eh_Sami,1074,1064,-10,9502,2049,Codeforces Round 994 (Div. 2)
rocky14513,1028,1031,3,9502,2049,Codeforces Round 994 (Div. 2)
Mateking,1075,1130,55,9502,2049,Codeforces Round 994 (Div. 2)
arnavraghuvanshi,998,1071,73,9502,2049,Codeforces Round 994 (Div. 2)
PraveenRautela2600,415,701,286,9502,2049,Codeforces Round 994 (Div. 2)
aashishkumarsingh8023,987,1001,14,9502,2049,Codeforces Round 994 (Div. 2)
neeraj.kumar.ug22,850,907,57,9502,2049,Codeforces Round 994 (Div. 2)
unknownn_04,1117,1097,-20,9502,2049,Codeforces Round 994 (Div. 2)
MuhammedNashaat,1031,1033,2,9502,2049,Codeforces Round 994 (Div. 2)
vijay.kumar,1219,1175,-44,9502,2049,Codeforces Round 994 (Div. 2)
ranjeet08,1029,1031,2,9502,2049,Codeforces Round 994 (Div. 2)
Krainz,1250,1199,-51,9502,2049,Codeforces Round 994 (Div. 2)
X_illUmiNatI,1080,1069,-11,9502,2049,Codeforces Round 994 (Div. 2)
pranjay_k1,1013,1020,7,9502,2049,Codeforces Round 994 (Div. 2)
doonmad,861,980,119,9502,2049,Codeforces Round 994 (Div. 2)
Haley_,1006,1014,8,9502,2049,Codeforces Round 994 (Div. 2)
riteshsingh_986,722,827,105,9502,2049,Codeforces Round 994 (Div. 2)
ColdestKyurem,1021,1026,5,9502,2049,Codeforces Round 994 (Div. 2)
sy10637,1161,1130,-31,9502,2049,Codeforces Round 994 (Div. 2)
fouratmaro,900,997,97,9502,2049,Codeforces Round 994 (Div. 2)
Tamajeet8,382,674,292,9502,2049,Codeforces Round 994 (Div. 2)
masibaga,956,979,23,9502,2049,Codeforces Round 994 (Div. 2)
Knight_master,1086,1073,-13,9502,2049,Codeforces Round 994 (Div. 2)
shiqi_17x,685,888,203,9502,2049,Codeforces Round 994 (Div. 2)
PlayerOM,0,422,422,9502,2049,Codeforces Round 994 (Div. 2)
BhanuPrakash_Laveti,1024,1028,4,9502,2049,Codeforces Round 994 (Div. 2)
018-Bakhytzhan-E-2028,1027,1030,3,9502,2049,Codeforces Round 994 (Div. 2)
_cerealsoup,1094,1145,51,9502,2049,Codeforces Round 994 (Div. 2)
RohitYuvaraJJadekar,1246,1196,-50,9502,2049,Codeforces Round 994 (Div. 2)
Saurob17,766,854,88,9502,2049,Codeforces Round 994 (Div. 2)
Abu_Musa14,465,740,275,9502,2049,Codeforces Round 994 (Div. 2)
maruf004,1003,1013,10,9502,2049,Codeforces Round 994 (Div. 2)
sachitanand2004,965,986,21,9502,2049,Codeforces Round 994 (Div. 2)
Laserbeam_77,1106,1088,-18,9502,2049,Codeforces Round 994 (Div. 2)
warshith,1040,1039,-1,9502,2049,Codeforces Round 994 (Div. 2)
animesh7363,859,913,54,9502,2049,Codeforces Round 994 (Div. 2)
Unga_Bunga_Coder,346,646,300,9502,2049,Codeforces Round 994 (Div. 2)
pashupatinathsoni_369,873,923,50,9502,2049,Codeforces Round 994 (Div. 2)
haloola,1184,1148,-36,9502,2049,Codeforces Round 994 (Div. 2)
jacobinhk,895,1007,112,9502,2049,Codeforces Round 994 (Div. 2)
lucifer1329,1571,1456,-115,9502,2049,Codeforces Round 994 (Div. 2)
krishisop,1025,1028,3,9502,2049,Codeforces Round 994 (Div. 2)
Ryexocious,1133,1108,-25,9570,2049,Codeforces Round 994 (Div. 2)
kunxl.gg,380,672,292,9570,2049,Codeforces Round 994 (Div. 2)
Zuniar,455,731,276,9570,2049,Codeforces Round 994 (Div. 2)
shubhaammm,1065,1057,-8,9570,2049,Codeforces Round 994 (Div. 2)
Optiver_2024,704,902,198,9570,2049,Codeforces Round 994 (Div. 2)
ATAUR_103,1044,1041,-3,9570,2049,Codeforces Round 994 (Div. 2)
srushtigarad_7,945,970,25,9570,2049,Codeforces Round 994 (Div. 2)
Harshuu_007,1009,1016,7,9570,2049,Codeforces Round 994 (Div. 2)
KushimaKamome,425,708,283,9570,2049,Codeforces Round 994 (Div. 2)
Teknath,817,946,129,9570,2049,Codeforces Round 994 (Div. 2)
timurlovesMATH,664,870,206,9570,2049,Codeforces Round 994 (Div. 2)
The.Rizzler,0,421,421,9570,2049,Codeforces Round 994 (Div. 2)
ayu_raj09,1007,1014,7,9570,2049,Codeforces Round 994 (Div. 2)
p_suryaprakash,1274,1218,-56,9570,2049,Codeforces Round 994 (Div. 2)
Manveer_Kaur,609,828,219,9570,2049,Codeforces Round 994 (Div. 2)
graceus0613,852,907,55,9570,2049,Codeforces Round 994 (Div. 2)
bloodreaper7,956,978,22,9570,2049,Codeforces Round 994 (Div. 2)
deccanValley_23,766,852,86,9570,2049,Codeforces Round 994 (Div. 2)
vishal1620,1147,1119,-28,9570,2049,Codeforces Round 994 (Div. 2)
kaizerfsixteen,947,972,25,9570,2049,Codeforces Round 994 (Div. 2)
Gautam_modi,882,982,100,9570,2049,Codeforces Round 994 (Div. 2)
dhruvvurhd,1174,1139,-35,9570,2049,Codeforces Round 994 (Div. 2)
secco,1333,1264,-69,9570,2049,Codeforces Round 994 (Div. 2)
duffy,881,995,114,9570,2049,Codeforces Round 994 (Div. 2)
piyushkailas77,1002,1011,9,9570,2049,Codeforces Round 994 (Div. 2)
i_am_not_coder,844,955,111,9570,2049,Codeforces Round 994 (Div. 2)
ta815587,802,875,73,9570,2049,Codeforces Round 994 (Div. 2)
_Mikado,851,907,56,9570,2049,Codeforces Round 994 (Div. 2)
Mark_Andreev,1064,1056,-8,9570,2049,Codeforces Round 994 (Div. 2)
KAVIYANS,1011,1017,6,9570,2049,Codeforces Round 994 (Div. 2)
thecodeanimal,712,908,196,9570,2049,Codeforces Round 994 (Div. 2)
61123,1199,1159,-40,9570,2049,Codeforces Round 994 (Div. 2)
aniket_pal_2003,395,684,289,9570,2049,Codeforces Round 994 (Div. 2)
Captain_Levi_1,927,958,31,9570,2049,Codeforces Round 994 (Div. 2)
chidang26,990,1038,48,9570,2049,Codeforces Round 994 (Div. 2)
Mamidi_Akshitha,841,934,93,9570,2049,Codeforces Round 994 (Div. 2)
1708173647,1095,1117,22,9570,2049,Codeforces Round 994 (Div. 2)
gg18,609,828,219,9570,2049,Codeforces Round 994 (Div. 2)
hecker_7740,1065,1057,-8,9570,2049,Codeforces Round 994 (Div. 2)
AbdullahAl_Masud,1060,1053,-7,9570,2049,Codeforces Round 994 (Div. 2)
_Eren_Jaegar_,1076,1065,-11,9570,2049,Codeforces Round 994 (Div. 2)
oskar2306,1180,1144,-36,9570,2049,Codeforces Round 994 (Div. 2)
FlameKyzr,886,930,44,9570,2049,Codeforces Round 994 (Div. 2)
keshob016,915,950,35,9570,2049,Codeforces Round 994 (Div. 2)
atri_chatterjee7,946,971,25,9570,2049,Codeforces Round 994 (Div. 2)
Kattsyn,1242,1192,-50,9570,2049,Codeforces Round 994 (Div. 2)
bsp_rocks,605,825,220,9570,2049,Codeforces Round 994 (Div. 2)
BetterVivaan,752,939,187,9570,2049,Codeforces Round 994 (Div. 2)
Charlie75,951,975,24,9570,2049,Codeforces Round 994 (Div. 2)
Dhruv26102005,1031,1095,64,9570,2049,Codeforces Round 994 (Div. 2)
anish06,1346,1274,-72,9570,2049,Codeforces Round 994 (Div. 2)
bbc_xu,1319,1253,-66,9570,2049,Codeforces Round 994 (Div. 2)
_astya30041207,963,983,20,9570,2049,Codeforces Round 994 (Div. 2)
Jenish_Patel,1148,1119,-29,9570,2049,Codeforces Round 994 (Div. 2)
thenomalnoob,787,967,180,9570,2049,Codeforces Round 994 (Div. 2)
hecker_baba0960,1102,1085,-17,9570,2049,Codeforces Round 994 (Div. 2)
pvsmcr_97,1171,1137,-34,9570,2049,Codeforces Round 994 (Div. 2)
hardiksinghal90775,1006,1014,8,9570,2049,Codeforces Round 994 (Div. 2)
sijan,1029,1030,1,9570,2049,Codeforces Round 994 (Div. 2)
stillnongdamba,1193,1154,-39,9570,2049,Codeforces Round 994 (Div. 2)
DodoLoves9and3,1030,1031,1,9570,2049,Codeforces Round 994 (Div. 2)
SlavaGabrielyan,900,939,39,9570,2049,Codeforces Round 994 (Div. 2)
Infinex,421,704,283,9570,2049,Codeforces Round 994 (Div. 2)
Shiva_sagi_820,0,421,421,9633,2049,Codeforces Round 994 (Div. 2)
Ashu_astos,908,1015,107,9633,2049,Codeforces Round 994 (Div. 2)
stealth003,1020,1022,2,9633,2049,Codeforces Round 994 (Div. 2)
hp1206,992,1003,11,9633,2049,Codeforces Round 994 (Div. 2)
Peedobus01,952,974,22,9633,2049,Codeforces Round 994 (Div. 2)
sumiiiit,1132,1107,-25,9633,2049,Codeforces Round 994 (Div. 2)
sv_pavitra,1000,1008,8,9633,2049,Codeforces Round 994 (Div. 2)
Nagorn,1211,1167,-44,9633,2049,Codeforces Round 994 (Div. 2)
daniel_garza,626,840,214,9633,2049,Codeforces Round 994 (Div. 2)
StathisKons,1116,1094,-22,9633,2049,Codeforces Round 994 (Div. 2)
arifin_fuad_kashfy,853,907,54,9633,2049,Codeforces Round 994 (Div. 2)
SuperJimmy,1158,1126,-32,9633,2049,Codeforces Round 994 (Div. 2)
sairam_swaroop_teja,1042,1039,-3,9633,2049,Codeforces Round 994 (Div. 2)
asher_f,1181,1144,-37,9633,2049,Codeforces Round 994 (Div. 2)
UMMA_KULSUM_ASHAMONI,917,950,33,9633,2049,Codeforces Round 994 (Div. 2)
grmmmely,926,1014,88,9633,2049,Codeforces Round 994 (Div. 2)
treeko,842,900,58,9633,2049,Codeforces Round 994 (Div. 2)
Aditya1002,1115,1132,17,9633,2049,Codeforces Round 994 (Div. 2)
lihanitastic_47,942,967,25,9633,2049,Codeforces Round 994 (Div. 2)
vireshkumar7793,907,978,71,9633,2049,Codeforces Round 994 (Div. 2)
zaman_,894,934,40,9633,2049,Codeforces Round 994 (Div. 2)
dg_031,820,885,65,9633,2049,Codeforces Round 994 (Div. 2)
no_one12345,909,1015,106,9633,2049,Codeforces Round 994 (Div. 2)
Inevitble,1050,1045,-5,9633,2049,Codeforces Round 994 (Div. 2)
mikey_789,692,891,199,9633,2049,Codeforces Round 994 (Div. 2)
Aditya_Masne,1085,1071,-14,9633,2049,Codeforces Round 994 (Div. 2)
jindalpratik,987,1035,48,9633,2049,Codeforces Round 994 (Div. 2)
luck_xxkp,851,906,55,9633,2049,Codeforces Round 994 (Div. 2)
lm123,947,971,24,9633,2049,Codeforces Round 994 (Div. 2)
Magicoding,0,421,421,9633,2049,Codeforces Round 994 (Div. 2)
Ironman18,671,875,204,9633,2049,Codeforces Round 994 (Div. 2)
trishantsingh,1163,1130,-33,9633,2049,Codeforces Round 994 (Div. 2)
DoNgocPhat,1468,1371,-97,9633,2049,Codeforces Round 994 (Div. 2)
Tirthankarpal123,1099,1082,-17,9633,2049,Codeforces Round 994 (Div. 2)
0om_mo2,929,1016,87,9633,2049,Codeforces Round 994 (Div. 2)
133edsfer13,1460,1365,-95,9633,2049,Codeforces Round 994 (Div. 2)
satvikmittal638,1119,1097,-22,9633,2049,Codeforces Round 994 (Div. 2)
biscuit_ghe,1374,1296,-78,9633,2049,Codeforces Round 994 (Div. 2)
justachillguy,939,965,26,9633,2049,Codeforces Round 994 (Div. 2)
Saksham_vijay,956,977,21,9633,2049,Codeforces Round 994 (Div. 2)
purpleorbust,883,1043,160,9633,2049,Codeforces Round 994 (Div. 2)
Paras_Punjabi,1103,1085,-18,9633,2049,Codeforces Round 994 (Div. 2)
Santadayalkumar,1026,1027,1,9633,2049,Codeforces Round 994 (Div. 2)
Dearing,1195,1155,-40,9633,2049,Codeforces Round 994 (Div. 2)
kakshayiitk,1223,1177,-46,9633,2049,Codeforces Round 994 (Div. 2)
Mihretthe,1247,1195,-52,9633,2049,Codeforces Round 994 (Div. 2)
rounak501,702,812,110,9633,2049,Codeforces Round 994 (Div. 2)
ValliSri_Atyam,966,984,18,9633,2049,Codeforces Round 994 (Div. 2)
zanifa_zini,1095,1078,-17,9681,2049,Codeforces Round 994 (Div. 2)
Remind-me,799,870,71,9681,2049,Codeforces Round 994 (Div. 2)
karmanya21,1093,1076,-17,9681,2049,Codeforces Round 994 (Div. 2)
kkkkkki2121,355,651,296,9681,2049,Codeforces Round 994 (Div. 2)
rafsun18,583,742,159,9681,2049,Codeforces Round 994 (Div. 2)
aneesh_bansal30,1054,1047,-7,9681,2049,Codeforces Round 994 (Div. 2)
v1cky,1002,1009,7,9681,2049,Codeforces Round 994 (Div. 2)
Harry_R,1309,1244,-65,9681,2049,Codeforces Round 994 (Div. 2)
aditya_gs,1035,1070,35,9681,2049,Codeforces Round 994 (Div. 2)
chauhan_09,1107,1087,-20,9681,2049,Codeforces Round 994 (Div. 2)
gianjuti.csecu,555,726,171,9681,2049,Codeforces Round 994 (Div. 2)
yashpatil240,411,696,285,9681,2049,Codeforces Round 994 (Div. 2)
Betichod_890,1326,1257,-69,9681,2049,Codeforces Round 994 (Div. 2)
armaneo2000,0,420,420,9681,2049,Codeforces Round 994 (Div. 2)
MuhammadTalha,424,706,282,9681,2049,Codeforces Round 994 (Div. 2)
hardikchopra70,1132,1144,12,9681,2049,Codeforces Round 994 (Div. 2)
yadav_aman,855,907,52,9681,2049,Codeforces Round 994 (Div. 2)
TriumphX4,1167,1133,-34,9681,2049,Codeforces Round 994 (Div. 2)
pseudo404,913,946,33,9681,2049,Codeforces Round 994 (Div. 2)
extruder,1130,1104,-26,9681,2049,Codeforces Round 994 (Div. 2)
MI_Shafi,1072,1060,-12,9681,2049,Codeforces Round 994 (Div. 2)
Tan_the_man,991,1037,46,9681,2049,Codeforces Round 994 (Div. 2)
garg.sattyadeep,422,704,282,9681,2049,Codeforces Round 994 (Div. 2)
_hrithxck_,431,711,280,9681,2049,Codeforces Round 994 (Div. 2)
ghanigarg03,1076,1063,-13,9681,2049,Codeforces Round 994 (Div. 2)
rahul_singh26,0,420,420,9681,2049,Codeforces Round 994 (Div. 2)
meowyyrmeow,418,701,283,9681,2049,Codeforces Round 994 (Div. 2)
AhoBaaka,1067,1094,27,9681,2049,Codeforces Round 994 (Div. 2)
lucky_clover_,1960,1772,-188,9681,2049,Codeforces Round 994 (Div. 2)
AloneInLoops,742,835,93,9681,2049,Codeforces Round 994 (Div. 2)
shy-robot-No7,0,420,420,9681,2049,Codeforces Round 994 (Div. 2)
madhavg2213,1164,1131,-33,9681,2049,Codeforces Round 994 (Div. 2)
Ashmit_Singh,613,829,216,9681,2049,Codeforces Round 994 (Div. 2)
ShivK_889,646,855,209,9681,2049,Codeforces Round 994 (Div. 2)
abhijeetw,1075,1062,-13,9681,2049,Codeforces Round 994 (Div. 2)
Chaitanya140904,869,984,115,9681,2049,Codeforces Round 994 (Div. 2)
TLE_Automat_Fan,1205,1162,-43,9681,2049,Codeforces Round 994 (Div. 2)
rahulnayak,927,956,29,9681,2049,Codeforces Round 994 (Div. 2)
abncdf,1168,1133,-35,9681,2049,Codeforces Round 994 (Div. 2)
tanishq_maral,1016,1019,3,9681,2049,Codeforces Round 994 (Div. 2)
77adityasharma,386,675,289,9681,2049,Codeforces Round 994 (Div. 2)
pddd,991,1037,46,9681,2049,Codeforces Round 994 (Div. 2)
code_carlsen,901,938,37,9681,2049,Codeforces Round 994 (Div. 2)
142201020,925,955,30,9681,2049,Codeforces Round 994 (Div. 2)
kumar_eklavya,654,861,207,9681,2049,Codeforces Round 994 (Div. 2)
--hmzabanna--,1094,1077,-17,9681,2049,Codeforces Round 994 (Div. 2)
TeodoRazvan,1056,1086,30,9681,2049,Codeforces Round 994 (Div. 2)
am1n_1602,903,938,35,9728,2049,Codeforces Round 994 (Div. 2)
Aaaajianzhujiawangge,988,1076,88,9728,2049,Codeforces Round 994 (Div. 2)
ZeGuru,810,938,128,9728,2049,Codeforces Round 994 (Div. 2)
Jeet0407,901,937,36,9728,2049,Codeforces Round 994 (Div. 2)
suzziahar,900,936,36,9728,2049,Codeforces Round 994 (Div. 2)
lequangloc2006.hl,748,934,186,9728,2049,Codeforces Round 994 (Div. 2)
malformed,1035,1032,-3,9728,2049,Codeforces Round 994 (Div. 2)
priyatham211,0,420,420,9728,2049,Codeforces Round 994 (Div. 2)
akashkg22,406,691,285,9728,2049,Codeforces Round 994 (Div. 2)
Rahul_Raj_99,884,925,41,9728,2049,Codeforces Round 994 (Div. 2)
Heisenberg2005,882,980,98,9728,2049,Codeforces Round 994 (Div. 2)
subham2231,635,846,211,9728,2049,Codeforces Round 994 (Div. 2)
sainikpalak14,945,967,22,9728,2049,Codeforces Round 994 (Div. 2)
nullspberry,1149,1118,-31,9728,2049,Codeforces Round 994 (Div. 2)
varun_mupparaju,1181,1143,-38,9728,2049,Codeforces Round 994 (Div. 2)
Unpaid_Landlord,1127,1101,-26,9728,2049,Codeforces Round 994 (Div. 2)
sumuyuri,606,823,217,9728,2049,Codeforces Round 994 (Div. 2)
ananyakulashreshtha,956,975,19,9728,2049,Codeforces Round 994 (Div. 2)
JDqwq,1051,1044,-7,9728,2049,Codeforces Round 994 (Div. 2)
P__hi,371,663,292,9728,2049,Codeforces Round 994 (Div. 2)
Galymov,1057,1048,-9,9728,2049,Codeforces Round 994 (Div. 2)
banalavarunreddy,818,944,126,9728,2049,Codeforces Round 994 (Div. 2)
gorden,350,646,296,9728,2049,Codeforces Round 994 (Div. 2)
Jeet_Mukherjee25,918,949,31,9728,2049,Codeforces Round 994 (Div. 2)
_Jade_,661,866,205,9728,2049,Codeforces Round 994 (Div. 2)
ParasChettri777,936,961,25,9728,2049,Codeforces Round 994 (Div. 2)
Anshu79,906,940,34,9728,2049,Codeforces Round 994 (Div. 2)
Dhanraj_12,1030,1029,-1,9728,2049,Codeforces Round 994 (Div. 2)
hitanshu326,806,874,68,9728,2049,Codeforces Round 994 (Div. 2)
Rakusama,1154,1122,-32,9728,2049,Codeforces Round 994 (Div. 2)
Book_h_ka,443,720,277,9728,2049,Codeforces Round 994 (Div. 2)
hemantporwal2k3,918,949,31,9728,2049,Codeforces Round 994 (Div. 2)
NoobyCoder123,1138,1110,-28,9728,2049,Codeforces Round 994 (Div. 2)
chenhr,1086,1070,-16,9728,2049,Codeforces Round 994 (Div. 2)
Ahish_Ragav,905,939,34,9728,2049,Codeforces Round 994 (Div. 2)
cereouz,1155,1123,-32,9728,2049,Codeforces Round 994 (Div. 2)
hmnt159,921,950,29,9728,2049,Codeforces Round 994 (Div. 2)
FrenH,1115,1092,-23,9728,2049,Codeforces Round 994 (Div. 2)
kullu_manali,579,803,224,9728,2049,Codeforces Round 994 (Div. 2)
vs412803,1108,1087,-21,9728,2049,Codeforces Round 994 (Div. 2)
pxlymxth,858,908,50,9728,2049,Codeforces Round 994 (Div. 2)
_Kiira,916,982,66,9728,2049,Codeforces Round 994 (Div. 2)
melan_,1035,1032,-3,9728,2049,Codeforces Round 994 (Div. 2)
sagarth764,781,858,77,9728,2049,Codeforces Round 994 (Div. 2)
emperial_ishan,1060,1050,-10,9728,2049,Codeforces Round 994 (Div. 2)
kartik_kalani077,1155,1123,-32,9728,2049,Codeforces Round 994 (Div. 2)
adityaonam,1070,1058,-12,9728,2049,Codeforces Round 994 (Div. 2)
sabbirahmedfahim,904,939,35,9728,2049,Codeforces Round 994 (Div. 2)
eternauta,1364,1287,-77,9728,2049,Codeforces Round 994 (Div. 2)
ExCaLiBuR_02,1064,1052,-12,9777,2049,Codeforces Round 994 (Div. 2)
Vedanshi27,867,913,46,9777,2049,Codeforces Round 994 (Div. 2)
Sriram0810,805,934,129,9777,2049,Codeforces Round 994 (Div. 2)
alphaTS01,934,959,25,9777,2049,Codeforces Round 994 (Div. 2)
Sujal_Rana,969,1044,75,9777,2049,Codeforces Round 994 (Div. 2)
nurlbk,398,684,286,9777,2049,Codeforces Round 994 (Div. 2)
zeusss25,827,887,60,9777,2049,Codeforces Round 994 (Div. 2)
toknov_d,886,926,40,9777,2049,Codeforces Round 994 (Div. 2)
Sajjad_Jisun,1035,1031,-4,9777,2049,Codeforces Round 994 (Div. 2)
manideeparruri,0,419,419,9777,2049,Codeforces Round 994 (Div. 2)
TEXAS_66,1003,1008,5,9777,2049,Codeforces Round 994 (Div. 2)
roy_p,1045,1076,31,9777,2049,Codeforces Round 994 (Div. 2)
L_Ganesh,410,693,283,9777,2049,Codeforces Round 994 (Div. 2)
boluojieshuo,0,419,419,9777,2049,Codeforces Round 994 (Div. 2)
vish_man,589,810,221,9777,2049,Codeforces Round 994 (Div. 2)
pranav225,995,1002,7,9777,2049,Codeforces Round 994 (Div. 2)
code101001,1049,1079,30,9777,2049,Codeforces Round 994 (Div. 2)
o_KESHAV_o,867,947,80,9777,2049,Codeforces Round 994 (Div. 2)
miriyalasurya090,1127,1100,-27,9777,2049,Codeforces Round 994 (Div. 2)
karthik_chittoor,1348,1273,-75,9777,2049,Codeforces Round 994 (Div. 2)
Sagen19,823,884,61,9777,2049,Codeforces Round 994 (Div. 2)
abhayaj806,1153,1120,-33,9777,2049,Codeforces Round 994 (Div. 2)
ro_kum,1205,1160,-45,9777,2049,Codeforces Round 994 (Div. 2)
ankesh9393,928,955,27,9777,2049,Codeforces Round 994 (Div. 2)
daveabhishek2004,1044,1038,-6,9777,2049,Codeforces Round 994 (Div. 2)
UttamRai,906,939,33,9777,2049,Codeforces Round 994 (Div. 2)
kumar_manoj_kumawat,814,878,64,9777,2049,Codeforces Round 994 (Div. 2)
dangkhoa18205,849,901,52,9777,2049,Codeforces Round 994 (Div. 2)
padamenko,0,419,419,9777,2049,Codeforces Round 994 (Div. 2)
Shash0610,1002,1044,42,9777,2049,Codeforces Round 994 (Div. 2)
AnshRathore114,1114,1091,-23,9777,2049,Codeforces Round 994 (Div. 2)
_MMU_,961,978,17,9777,2049,Codeforces Round 994 (Div. 2)
saurabh_16,816,879,63,9777,2049,Codeforces Round 994 (Div. 2)
ComradeZero,640,771,131,9777,2049,Codeforces Round 994 (Div. 2)
Aayushhh,1037,1033,-4,9777,2049,Codeforces Round 994 (Div. 2)
Ayush_sharma1055,1240,1188,-52,9777,2049,Codeforces Round 994 (Div. 2)
Fr_tourist,1002,1007,5,9777,2049,Codeforces Round 994 (Div. 2)
saipramodhappishetty,931,1015,84,9777,2049,Codeforces Round 994 (Div. 2)
I_am_dumbb,443,719,276,9777,2049,Codeforces Round 994 (Div. 2)
-KARIM-,904,995,91,9777,2049,Codeforces Round 994 (Div. 2)
yamr18212,1270,1211,-59,9777,2049,Codeforces Round 994 (Div. 2)
ad1let17,1337,1265,-72,9777,2049,Codeforces Round 994 (Div. 2)
stibumTr,1085,1068,-17,9777,2049,Codeforces Round 994 (Div. 2)
erxiong1,958,976,18,9777,2049,Codeforces Round 994 (Div. 2)
tripurari5678,1026,1024,-2,9777,2049,Codeforces Round 994 (Div. 2)
tmnabeel30,859,908,49,9777,2049,Codeforces Round 994 (Div. 2)
dizoMania,920,949,29,9777,2049,Codeforces Round 994 (Div. 2)
keeshu,814,940,126,9824,2049,Codeforces Round 994 (Div. 2)
_princekr,1064,1052,-12,9824,2049,Codeforces Round 994 (Div. 2)
itzwow04,1041,1035,-6,9824,2049,Codeforces Round 994 (Div. 2)
zhai_fei,889,997,108,9824,2049,Codeforces Round 994 (Div. 2)
Ronakcp24,656,861,205,9824,2049,Codeforces Round 994 (Div. 2)
Rust007,983,993,10,9824,2049,Codeforces Round 994 (Div. 2)
kkrzrmk,1120,1161,41,9824,2049,Codeforces Round 994 (Div. 2)
2111sahil,1259,1202,-57,9824,2049,Codeforces Round 994 (Div. 2)
nOhElLOwOrLD,831,953,122,9824,2049,Codeforces Round 994 (Div. 2)
khr2143,1032,1028,-4,9824,2049,Codeforces Round 994 (Div. 2)
malikjaanvi26,722,913,191,9824,2049,Codeforces Round 994 (Div. 2)
wildbirb,1286,1224,-62,9824,2049,Codeforces Round 994 (Div. 2)
ghost_7386,904,938,34,9824,2049,Codeforces Round 994 (Div. 2)
prisha0714,863,910,47,9824,2049,Codeforces Round 994 (Div. 2)
Prakshaale_Jain,901,935,34,9824,2049,Codeforces Round 994 (Div. 2)
waelshamshon3,854,970,116,9824,2049,Codeforces Round 994 (Div. 2)
hustler1212,654,859,205,9824,2049,Codeforces Round 994 (Div. 2)
sahithi.chalamalla,1158,1123,-35,9824,2049,Codeforces Round 994 (Div. 2)
Amal_T_Vinod,757,841,84,9824,2049,Codeforces Round 994 (Div. 2)
defeatist..,1033,1029,-4,9824,2049,Codeforces Round 994 (Div. 2)
akgoyal2111,902,936,34,9824,2049,Codeforces Round 994 (Div. 2)
ikun-_-666,990,1034,44,9824,2049,Codeforces Round 994 (Div. 2)
korez,747,932,185,9824,2049,Codeforces Round 994 (Div. 2)
uibgbkbfbsfbs,1089,1071,-18,9824,2049,Codeforces Round 994 (Div. 2)
united_nation,0,418,418,9824,2049,Codeforces Round 994 (Div. 2)
Alisher12,854,904,50,9824,2049,Codeforces Round 994 (Div. 2)
mattsoh,398,683,285,9824,2049,Codeforces Round 994 (Div. 2)
nee00o,1087,1069,-18,9824,2049,Codeforces Round 994 (Div. 2)
Revenger29,1020,1056,36,9824,2049,Codeforces Round 994 (Div. 2)
harshitjain,944,965,21,9824,2049,Codeforces Round 994 (Div. 2)
-Abosalem-,1005,1008,3,9824,2049,Codeforces Round 994 (Div. 2)
__dattebayo__,1058,1047,-11,9824,2049,Codeforces Round 994 (Div. 2)
nipunk6,707,901,194,9824,2049,Codeforces Round 994 (Div. 2)
tzeloong328,1010,1012,2,9824,2049,Codeforces Round 994 (Div. 2)
miruna.cpp,1497,1393,-104,9824,2049,Codeforces Round 994 (Div. 2)
ZeroReborn,637,846,209,9824,2049,Codeforces Round 994 (Div. 2)
adarshsinghdpsjkp.1587,1079,1102,23,9824,2049,Codeforces Round 994 (Div. 2)
MaggiMonster,651,857,206,9824,2049,Codeforces Round 994 (Div. 2)
Paul_Subh01,1044,1037,-7,9824,2049,Codeforces Round 994 (Div. 2)
aurora02,831,953,122,9824,2049,Codeforces Round 994 (Div. 2)
saiswapnith,1027,1024,-3,9864,2049,Codeforces Round 994 (Div. 2)
tanxiya,1238,1185,-53,9864,2049,Codeforces Round 994 (Div. 2)
prashanth_5905,971,983,12,9864,2049,Codeforces Round 994 (Div. 2)
lit_action,783,856,73,9864,2049,Codeforces Round 994 (Div. 2)
vinit_03,924,985,61,9864,2049,Codeforces Round 994 (Div. 2)
kokozzz,1106,1083,-23,9864,2049,Codeforces Round 994 (Div. 2)
prajwalbs123,912,942,30,9864,2049,Codeforces Round 994 (Div. 2)
spdrmn,1178,1177,-1,9864,2049,Codeforces Round 994 (Div. 2)
IIN_SKY,1119,1093,-26,9864,2049,Codeforces Round 994 (Div. 2)
rahulpanjwani,1102,1080,-22,9864,2049,Codeforces Round 994 (Div. 2)
smohitraj,911,999,88,9864,2049,Codeforces Round 994 (Div. 2)
nickname25,1061,1049,-12,9864,2049,Codeforces Round 994 (Div. 2)
chbl,0,418,418,9864,2049,Codeforces Round 994 (Div. 2)
priyanshaa,890,927,37,9864,2049,Codeforces Round 994 (Div. 2)
Arjav1008,0,418,418,9864,2049,Codeforces Round 994 (Div. 2)
chickendumbiryani,982,991,9,9864,2049,Codeforces Round 994 (Div. 2)
kaushik_26,0,418,418,9864,2049,Codeforces Round 994 (Div. 2)
hanyuc,1134,1104,-30,9864,2049,Codeforces Round 994 (Div. 2)
Godbot,892,985,93,9864,2049,Codeforces Round 994 (Div. 2)
rishiagarwal04,1039,1033,-6,9864,2049,Codeforces Round 994 (Div. 2)
anonymus118,1403,1317,-86,9864,2049,Codeforces Round 994 (Div. 2)
vivek_67,848,899,51,9864,2049,Codeforces Round 994 (Div. 2)
harunridjevic,1061,1087,26,9864,2049,Codeforces Round 994 (Div. 2)
Piorit-H,1071,1056,-15,9864,2049,Codeforces Round 994 (Div. 2)
aradhyaagrawal2605,1066,1053,-13,9864,2049,Codeforces Round 994 (Div. 2)
shiv.anshu_m,974,985,11,9864,2049,Codeforces Round 994 (Div. 2)
hsb_dt,897,932,35,9864,2049,Codeforces Round 994 (Div. 2)
Mohamed_Nower,1055,1044,-11,9864,2049,Codeforces Round 994 (Div. 2)
LakshayKumar,1001,1005,4,9864,2049,Codeforces Round 994 (Div. 2)
sbj2835,400,684,284,9864,2049,Codeforces Round 994 (Div. 2)
khanal_06,989,1033,44,9864,2049,Codeforces Round 994 (Div. 2)
Soham_ju25,1067,1053,-14,9864,2049,Codeforces Round 994 (Div. 2)
PraK_CodeS,965,979,14,9864,2049,Codeforces Round 994 (Div. 2)
DivyanshKumar,1049,1040,-9,9864,2049,Codeforces Round 994 (Div. 2)
mdzafar98,984,1054,70,9864,2049,Codeforces Round 994 (Div. 2)
apexgreen57,1132,1103,-29,9864,2049,Codeforces Round 994 (Div. 2)
core11,1416,1327,-89,9864,2049,Codeforces Round 994 (Div. 2)
Wisley2011,952,970,18,9864,2049,Codeforces Round 994 (Div. 2)
SnehilK,901,934,33,9864,2049,Codeforces Round 994 (Div. 2)
BhagyaSree,939,961,22,9864,2049,Codeforces Round 994 (Div. 2)
StimShot,1127,1138,11,9904,2049,Codeforces Round 994 (Div. 2)
HazelVoyage,1120,1131,11,9905,2049,Codeforces Round 994 (Div. 2)
Ishwar_2911,818,878,60,9905,2049,Codeforces Round 994 (Div. 2)
MBzer0,1056,1044,-12,9905,2049,Codeforces Round 994 (Div. 2)
aryangarg146,876,916,40,9905,2049,Codeforces Round 994 (Div. 2)
LalitKaim,0,417,417,9905,2049,Codeforces Round 994 (Div. 2)
CrazyApple,1611,1484,-127,9905,2049,Codeforces Round 994 (Div. 2)
sharmapurva5598,918,945,27,9905,2049,Codeforces Round 994 (Div. 2)
Kiseki_,1046,1102,56,9905,2049,Codeforces Round 994 (Div. 2)
harsh_kaku,878,918,40,9905,2049,Codeforces Round 994 (Div. 2)
Lakshya-Kapoor,689,885,196,9905,2049,Codeforces Round 994 (Div. 2)
kapergagen,414,695,281,9905,2049,Codeforces Round 994 (Div. 2)
kumarBalbir,1103,1080,-23,9905,2049,Codeforces Round 994 (Div. 2)
.....G.O.A.T.....,0,417,417,9905,2049,Codeforces Round 994 (Div. 2)
Unorthod0x,1016,1015,-1,9905,2049,Codeforces Round 994 (Div. 2)
Siddharthrai7,356,649,293,9905,2049,Codeforces Round 994 (Div. 2)
NeerajMansingh,969,981,12,9905,2049,Codeforces Round 994 (Div. 2)
AnshulSingh,1112,1087,-25,9905,2049,Codeforces Round 994 (Div. 2)
shushhh,1545,1431,-114,9905,2049,Codeforces Round 994 (Div. 2)
ansh_06,818,930,112,9905,2049,Codeforces Round 994 (Div. 2)
Kalagh,1095,1074,-21,9905,2049,Codeforces Round 994 (Div. 2)
sumitsaw,966,979,13,9905,2049,Codeforces Round 994 (Div. 2)
AbuBakrSiddique,899,932,33,9905,2049,Codeforces Round 994 (Div. 2)
prashant81556,1068,1053,-15,9905,2049,Codeforces Round 994 (Div. 2)
adarshhssingh,886,994,108,9905,2049,Codeforces Round 994 (Div. 2)
sukhman123,951,968,17,9905,2049,Codeforces Round 994 (Div. 2)
be_rishabh.k,899,989,90,9905,2049,Codeforces Round 994 (Div. 2)
salwabaki0017,879,919,40,9905,2049,Codeforces Round 994 (Div. 2)
AJAY3553,924,949,25,9905,2049,Codeforces Round 994 (Div. 2)
Divyansh2069,1248,1192,-56,9905,2049,Codeforces Round 994 (Div. 2)
nissan_1709,1131,1101,-30,9905,2049,Codeforces Round 994 (Div. 2)
almt,1035,1029,-6,9905,2049,Codeforces Round 994 (Div. 2)
sumitkumar-17,834,889,55,9905,2049,Codeforces Round 994 (Div. 2)
Survi_04,1143,1111,-32,9905,2049,Codeforces Round 994 (Div. 2)
JosephMehdiyev,993,998,5,9905,2049,Codeforces Round 994 (Div. 2)
AmazongY,920,947,27,9905,2049,Codeforces Round 994 (Div. 2)
shrmx,1136,1105,-31,9905,2049,Codeforces Round 994 (Div. 2)
AbyssWalkersai,0,417,417,9905,2049,Codeforces Round 994 (Div. 2)
TrumCoBac,900,933,33,9905,2049,Codeforces Round 994 (Div. 2)
huyngodzzz,1166,1167,1,9905,2049,Codeforces Round 994 (Div. 2)
Maniprakash_1043,981,990,9,9905,2049,Codeforces Round 994 (Div. 2)
subho86,915,943,28,9905,2049,Codeforces Round 994 (Div. 2)
Rohan_Jhanwar,1243,1189,-54,9905,2049,Codeforces Round 994 (Div. 2)
Jag_Rush,1140,1146,6,9947,2049,Codeforces Round 994 (Div. 2)
Pranilash_Reddy,1100,1115,15,9947,2049,Codeforces Round 994 (Div. 2)
ominous-jellyfish,382,669,287,9947,2049,Codeforces Round 994 (Div. 2)
medhagupta,941,960,19,9947,2049,Codeforces Round 994 (Div. 2)
ph2nkhang,1349,1272,-77,9947,2049,Codeforces Round 994 (Div. 2)
Sambit04,729,820,91,9947,2049,Codeforces Round 994 (Div. 2)
AZERTIRichard,923,1006,83,9947,2049,Codeforces Round 994 (Div. 2)
SHREYANSHJAIN,1222,1171,-51,9947,2049,Codeforces Round 994 (Div. 2)
Raimond,1332,1258,-74,9947,2049,Codeforces Round 994 (Div. 2)
VIVIDH,966,1014,48,9947,2049,Codeforces Round 994 (Div. 2)
uvaismalik2621,950,1002,52,9947,2049,Codeforces Round 994 (Div. 2)
SoyEtiago,913,975,62,9947,2049,Codeforces Round 994 (Div. 2)
cl_2,1088,1068,-20,9947,2049,Codeforces Round 994 (Div. 2)
RiteshRajDwivedi,1062,1048,-14,9947,2049,Codeforces Round 994 (Div. 2)
AlgoVasanth_06,1028,1023,-5,9947,2049,Codeforces Round 994 (Div. 2)
loser1_23,918,944,26,9947,2049,Codeforces Round 994 (Div. 2)
Haze__,932,989,57,9947,2049,Codeforces Round 994 (Div. 2)
Maverick24,513,773,260,9947,2049,Codeforces Round 994 (Div. 2)
shashwat_1681,991,996,5,9947,2049,Codeforces Round 994 (Div. 2)
Haze__m,893,984,91,9947,2049,Codeforces Round 994 (Div. 2)
ashwini_codes,1197,1152,-45,9947,2049,Codeforces Round 994 (Div. 2)
rajpatel22,959,973,14,9947,2049,Codeforces Round 994 (Div. 2)
devanshmishra123,862,906,44,9947,2049,Codeforces Round 994 (Div. 2)
anuragsharma575dta,1005,1006,1,9947,2049,Codeforces Round 994 (Div. 2)
Misbah2019,707,807,100,9947,2049,Codeforces Round 994 (Div. 2)
k_sid,696,890,194,9947,2049,Codeforces Round 994 (Div. 2)
Prajanyanew,638,845,207,9947,2049,Codeforces Round 994 (Div. 2)
TatoNaranjo,1046,1036,-10,9947,2049,Codeforces Round 994 (Div. 2)
SilviuC25,1288,1223,-65,9947,2049,Codeforces Round 994 (Div. 2)
ErlandMB,1266,1206,-60,9947,2049,Codeforces Round 994 (Div. 2)
Death_Shadow,859,904,45,9947,2049,Codeforces Round 994 (Div. 2)
gaurijain2004,485,751,266,9947,2049,Codeforces Round 994 (Div. 2)
xvhx,994,998,4,9947,2049,Codeforces Round 994 (Div. 2)
deadnecro18,1374,1292,-82,9947,2049,Codeforces Round 994 (Div. 2)
PringlePop12,1033,1064,31,9947,2049,Codeforces Round 994 (Div. 2)
detective2401,809,934,125,9947,2049,Codeforces Round 994 (Div. 2)
mannu_1,414,694,280,9947,2049,Codeforces Round 994 (Div. 2)
Animesh_369,1089,1069,-20,9947,2049,Codeforces Round 994 (Div. 2)
naeem570khandakar,988,994,6,9947,2049,Codeforces Round 994 (Div. 2)
tahmid_786,972,982,10,9947,2049,Codeforces Round 994 (Div. 2)
NaRsU_98,1062,1048,-14,9947,2049,Codeforces Round 994 (Div. 2)
meet05,1187,1233,46,9947,2049,Codeforces Round 994 (Div. 2)
Bruh.,993,997,4,9947,2049,Codeforces Round 994 (Div. 2)
Aly_Hossam222,717,865,148,9947,2049,Codeforces Round 994 (Div. 2)
akanksha05,971,981,10,9947,2049,Codeforces Round 994 (Div. 2)
Sneha12,985,991,6,9947,2049,Codeforces Round 994 (Div. 2)
leo_9,1147,1113,-34,9947,2049,Codeforces Round 994 (Div. 2)
bit.stress,1003,1068,65,9947,2049,Codeforces Round 994 (Div. 2)
Plutopro,1527,1416,-111,9947,2049,Codeforces Round 994 (Div. 2)
ByteBandit,919,945,26,9947,2049,Codeforces Round 994 (Div. 2)
m.abdelshafy2421,806,921,115,9947,2049,Codeforces Round 994 (Div. 2)
arbitcoper,1047,1036,-11,9998,2049,Codeforces Round 994 (Div. 2)
VARKALA_THOMA,1204,1157,-47,9998,2049,Codeforces Round 994 (Div. 2)
erbium84,1115,1088,-27,9998,2049,Codeforces Round 994 (Div. 2)
arnavra3,1700,1556,-144,9998,2049,Codeforces Round 994 (Div. 2)
Jaivin,0,416,416,9998,2049,Codeforces Round 994 (Div. 2)
hiroshima_boy,1106,1081,-25,9998,2049,Codeforces Round 994 (Div. 2)
aneesh2002,1262,1202,-60,9998,2049,Codeforces Round 994 (Div. 2)
rishmish0806,0,416,416,9998,2049,Codeforces Round 994 (Div. 2)
yimengyunshang,780,911,131,9998,2049,Codeforces Round 994 (Div. 2)
jay_kush,998,1000,2,9998,2049,Codeforces Round 994 (Div. 2)
Harshit___,0,416,416,9998,2049,Codeforces Round 994 (Div. 2)
moon_nine,804,930,126,9998,2049,Codeforces Round 994 (Div. 2)
Androhuman,453,725,272,9998,2049,Codeforces Round 994 (Div. 2)
Avi_Pandey,1265,1205,-60,9998,2049,Codeforces Round 994 (Div. 2)
ofoz,1156,1119,-37,9998,2049,Codeforces Round 994 (Div. 2)
Darsh07,932,953,21,9998,2049,Codeforces Round 994 (Div. 2)
notcool908,1002,1003,1,9998,2049,Codeforces Round 994 (Div. 2)
senpaikj_06,853,900,47,9998,2049,Codeforces Round 994 (Div. 2)
Calm-Down,1196,1150,-46,9998,2049,Codeforces Round 994 (Div. 2)
IshaanKhullar,1024,1019,-5,9998,2049,Codeforces Round 994 (Div. 2)
ionize13,1211,1162,-49,9998,2049,Codeforces Round 994 (Div. 2)
SUKO,356,648,292,9998,2049,Codeforces Round 994 (Div. 2)
Ramos-San,1107,1082,-25,9998,2049,Codeforces Round 994 (Div. 2)
Navneetyadav786,0,416,416,9998,2049,Codeforces Round 994 (Div. 2)
hvssen,414,694,280,9998,2049,Codeforces Round 994 (Div. 2)
-willing-,1102,1078,-24,9998,2049,Codeforces Round 994 (Div. 2)
sj_gladiator,846,895,49,9998,2049,Codeforces Round 994 (Div. 2)
ERADICAT0R,1471,1370,-101,9998,2049,Codeforces Round 994 (Div. 2)
Adithya1733,1025,1020,-5,9998,2049,Codeforces Round 994 (Div. 2)
Harsh1s,1459,1360,-99,9998,2049,Codeforces Round 994 (Div. 2)
atikarik,900,931,31,9998,2049,Codeforces Round 994 (Div. 2)
snehaa7021,861,904,43,10029,2049,Codeforces Round 994 (Div. 2)
Tlipped,1013,1010,-3,10029,2049,Codeforces Round 994 (Div. 2)
Lenisel,930,1011,81,10029,2049,Codeforces Round 994 (Div. 2)
AbhayBajpai,726,913,187,10029,2049,Codeforces Round 994 (Div. 2)
Quanbeo2k,994,996,2,10029,2049,Codeforces Round 994 (Div. 2)
slokathakkar5604,0,416,416,10029,2049,Codeforces Round 994 (Div. 2)
-Absam-,1112,1085,-27,10029,2049,Codeforces Round 994 (Div. 2)
_guess_who_is_back,1170,1129,-41,10029,2049,Codeforces Round 994 (Div. 2)
arunimadeb050,876,914,38,10029,2049,Codeforces Round 994 (Div. 2)
vedant_ninja_coder,940,1018,78,10029,2049,Codeforces Round 994 (Div. 2)
lavkesh,1040,1030,-10,10029,2049,Codeforces Round 994 (Div. 2)
dhrohan07,910,937,27,10029,2049,Codeforces Round 994 (Div. 2)
anmolsainiii23,1066,1050,-16,10029,2049,Codeforces Round 994 (Div. 2)
himalayarr,765,841,76,10029,2049,Codeforces Round 994 (Div. 2)
Ace_Azimuth_Aviator,1047,1035,-12,10029,2049,Codeforces Round 994 (Div. 2)
AYUSHmishra04,894,926,32,10029,2049,Codeforces Round 994 (Div. 2)
_dween_,965,976,11,10029,2049,Codeforces Round 994 (Div. 2)
nanhkhang23ti,1067,1050,-17,10029,2049,Codeforces Round 994 (Div. 2)
JorgeMartinez,1131,1099,-32,10029,2049,Codeforces Round 994 (Div. 2)
khaledhadad,735,822,87,10029,2049,Codeforces Round 994 (Div. 2)
vedansh14,905,969,64,10029,2049,Codeforces Round 994 (Div. 2)
parveshsgulati,1028,1059,31,10029,2049,Codeforces Round 994 (Div. 2)
Sunandhit_Gupta,1085,1064,-21,10029,2049,Codeforces Round 994 (Div. 2)
reverz1,775,897,122,10029,2049,Codeforces Round 994 (Div. 2)
aabb0721,1009,1089,80,10029,2049,Codeforces Round 994 (Div. 2)
Sonam-09,647,851,204,10029,2049,Codeforces Round 994 (Div. 2)
ninja_one,954,968,14,10029,2049,Codeforces Round 994 (Div. 2)
lushao,0,416,416,10029,2049,Codeforces Round 994 (Div. 2)
catechol,376,663,287,10029,2049,Codeforces Round 994 (Div. 2)
jnnie,929,1010,81,10029,2049,Codeforces Round 994 (Div. 2)
fanstar900,947,963,16,10029,2049,Codeforces Round 994 (Div. 2)
Adilet.,1164,1125,-39,10029,2049,Codeforces Round 994 (Div. 2)
rakesh__m,957,970,13,10029,2049,Codeforces Round 994 (Div. 2)
pr30,1385,1371,-14,10029,2049,Codeforces Round 994 (Div. 2)
h354222857,0,416,416,10029,2049,Codeforces Round 994 (Div. 2)
Divyansh_mnnit-A,363,652,289,10029,2049,Codeforces Round 994 (Div. 2)
eveloll,743,882,139,10029,2049,Codeforces Round 994 (Div. 2)
subhash316d,743,882,139,10029,2049,Codeforces Round 994 (Div. 2)
krazy-8,1533,1420,-113,10029,2049,Codeforces Round 994 (Div. 2)
manarabutair,726,913,187,10029,2049,Codeforces Round 994 (Div. 2)
Pimo1114,0,416,416,10029,2049,Codeforces Round 994 (Div. 2)
Jeswi_reddy,860,903,43,10029,2049,Codeforces Round 994 (Div. 2)
alokpaul,862,904,42,10029,2049,Codeforces Round 994 (Div. 2)
maximaxi245,1411,1321,-90,10029,2049,Codeforces Round 994 (Div. 2)
Lucid_Sovereign,963,1010,47,10029,2049,Codeforces Round 994 (Div. 2)
Lazy_Bubbles,731,820,89,10029,2049,Codeforces Round 994 (Div. 2)
akshatpratapsingh2022,1201,1154,-47,10029,2049,Codeforces Round 994 (Div. 2)
reore_,1186,1142,-44,10029,2049,Codeforces Round 994 (Div. 2)
gehad_aboelmagd,926,1008,82,10029,2049,Codeforces Round 994 (Div. 2)
E3320198,1038,1029,-9,10029,2049,Codeforces Round 994 (Div. 2)
SkywalkerX,916,941,25,10029,2049,Codeforces Round 994 (Div. 2)
Masum__,867,908,41,10029,2049,Codeforces Round 994 (Div. 2)
Krashna_23,1215,1164,-51,10081,2049,Codeforces Round 994 (Div. 2)
nayeem17,943,959,16,10081,2049,Codeforces Round 994 (Div. 2)
mostafa_abdalshafy1,713,807,94,10081,2049,Codeforces Round 994 (Div. 2)
Eul3rTurret,990,993,3,10081,2049,Codeforces Round 994 (Div. 2)
temporary,1528,1415,-113,10081,2049,Codeforces Round 994 (Div. 2)
yingshao666666,1115,1087,-28,10081,2049,Codeforces Round 994 (Div. 2)
HIKIGAI_HACHIMAN,697,798,101,10081,2049,Codeforces Round 994 (Div. 2)
Enchantment,873,967,94,10081,2049,Codeforces Round 994 (Div. 2)
RightTwix,1157,1119,-38,10081,2049,Codeforces Round 994 (Div. 2)
N1shikawa,958,970,12,10081,2049,Codeforces Round 994 (Div. 2)
Dark_Hourse,964,974,10,10081,2049,Codeforces Round 994 (Div. 2)
samakshagarwal11,1032,1023,-9,10081,2049,Codeforces Round 994 (Div. 2)
passionKai,920,1018,98,10081,2049,Codeforces Round 994 (Div. 2)
manisha_maxxxx,628,835,207,10081,2049,Codeforces Round 994 (Div. 2)
sutharsarvan29,1023,1017,-6,10081,2049,Codeforces Round 994 (Div. 2)
v4_adi,829,881,52,10081,2049,Codeforces Round 994 (Div. 2)
Death_trap,1320,1247,-73,10081,2049,Codeforces Round 994 (Div. 2)
-puneet-,1339,1262,-77,10081,2049,Codeforces Round 994 (Div. 2)
monipraneeth449,1001,1001,0,10081,2049,Codeforces Round 994 (Div. 2)
maniabhi976,952,965,13,10081,2049,Codeforces Round 994 (Div. 2)
Spartan2804,923,945,22,10081,2049,Codeforces Round 994 (Div. 2)
At_tiwari078,1016,1012,-4,10081,2049,Codeforces Round 994 (Div. 2)
shinymack,899,1001,102,10081,2049,Codeforces Round 994 (Div. 2)
Faze_coder,879,986,107,10081,2049,Codeforces Round 994 (Div. 2)
n_jul,1053,1039,-14,10081,2049,Codeforces Round 994 (Div. 2)
shahil3believes,1117,1088,-29,10081,2049,Codeforces Round 994 (Div. 2)
Bhoomika_Bhatia,895,925,30,10081,2049,Codeforces Round 994 (Div. 2)
t_a_n_m_o_y,1141,1106,-35,10081,2049,Codeforces Round 994 (Div. 2)
AmitPatel,641,845,204,10081,2049,Codeforces Round 994 (Div. 2)
sobhy__salem,1362,1281,-81,10081,2049,Codeforces Round 994 (Div. 2)
TahmidMuntaser,1159,1120,-39,10081,2049,Codeforces Round 994 (Div. 2)
_JINX_,907,934,27,10081,2049,Codeforces Round 994 (Div. 2)
landolinux,0,415,415,10081,2049,Codeforces Round 994 (Div. 2)
depressed_19,893,924,31,10081,2049,Codeforces Round 994 (Div. 2)
goyal04,1603,1476,-127,10081,2049,Codeforces Round 994 (Div. 2)
Panther,926,947,21,10081,2049,Codeforces Round 994 (Div. 2)
ep22btech,910,994,84,10081,2049,Codeforces Round 994 (Div. 2)
rahulnirvana,1047,1034,-13,10081,2049,Codeforces Round 994 (Div. 2)
0718_lakshya,744,882,138,10081,2049,Codeforces Round 994 (Div. 2)
3alam,1415,1324,-91,10081,2049,Codeforces Round 994 (Div. 2)
saitha,985,989,4,10081,2049,Codeforces Round 994 (Div. 2)
Pegovmat,859,901,42,10081,2049,Codeforces Round 994 (Div. 2)
Shuxrat_programming,1095,1071,-24,10081,2049,Codeforces Round 994 (Div. 2)
pn007,950,964,14,10081,2049,Codeforces Round 994 (Div. 2)
V1yom,632,838,206,10081,2049,Codeforces Round 994 (Div. 2)
adiprj,944,960,16,10081,2049,Codeforces Round 994 (Div. 2)
Cap_Snowball,886,919,33,10081,2049,Codeforces Round 994 (Div. 2)
swaroop2110,960,1032,72,10081,2049,Codeforces Round 994 (Div. 2)
JeanpierMerma,852,965,113,10081,2049,Codeforces Round 994 (Div. 2)
GaiaKing,1266,1204,-62,10081,2049,Codeforces Round 994 (Div. 2)
Bayronjrc,623,831,208,10081,2049,Codeforces Round 994 (Div. 2)
theweirdki9,1306,1236,-70,10081,2049,Codeforces Round 994 (Div. 2)
mnshsk,970,977,7,10133,2049,Codeforces Round 994 (Div. 2)
wangjunzi,378,663,285,10133,2049,Codeforces Round 994 (Div. 2)
Dheeraj1706,893,923,30,10133,2049,Codeforces Round 994 (Div. 2)
ngakanbagus18,1183,1177,-6,10133,2049,Codeforces Round 994 (Div. 2)
akshnotfound,1185,1140,-45,10133,2049,Codeforces Round 994 (Div. 2)
athulvnr,815,871,56,10133,2049,Codeforces Round 994 (Div. 2)
Sunny1507,912,936,24,10133,2049,Codeforces Round 994 (Div. 2)
hitman963,970,977,7,10133,2049,Codeforces Round 994 (Div. 2)
yelleti_sai_teja,997,997,0,10133,2049,Codeforces Round 994 (Div. 2)
RANDON_24,916,939,23,10133,2049,Codeforces Round 994 (Div. 2)
pyoro,1456,1356,-100,10133,2049,Codeforces Round 994 (Div. 2)
Muhammad__Ali,1153,1115,-38,10133,2049,Codeforces Round 994 (Div. 2)
Roshan0808,1127,1095,-32,10133,2049,Codeforces Round 994 (Div. 2)
eJya,1333,1257,-76,10133,2049,Codeforces Round 994 (Div. 2)
aadityachalak1,994,995,1,10133,2049,Codeforces Round 994 (Div. 2)
_upid__,1532,1418,-114,10133,2049,Codeforces Round 994 (Div. 2)
mehedi_hasan_18,933,1011,78,10133,2049,Codeforces Round 994 (Div. 2)
Rosh_29,1225,1171,-54,10133,2049,Codeforces Round 994 (Div. 2)
jundi,979,984,5,10133,2049,Codeforces Round 994 (Div. 2)
kBrutal,909,934,25,10133,2049,Codeforces Round 994 (Div. 2)
Think-twice-write-once,1160,1120,-40,10133,2049,Codeforces Round 994 (Div. 2)
Otaku_Zoldyck,956,967,11,10133,2049,Codeforces Round 994 (Div. 2)
manu_24,848,893,45,10133,2049,Codeforces Round 994 (Div. 2)
animeshsarker197,930,949,19,10133,2049,Codeforces Round 994 (Div. 2)
Shantanu1058,1006,1004,-2,10133,2049,Codeforces Round 994 (Div. 2)
Kamesh_Kadimisetty,0,415,415,10133,2049,Codeforces Round 994 (Div. 2)
What-next,1138,1103,-35,10133,2049,Codeforces Round 994 (Div. 2)
AaryeshBaleri,1143,1107,-36,10133,2049,Codeforces Round 994 (Div. 2)
its_jeff,1156,1117,-39,10133,2049,Codeforces Round 994 (Div. 2)
Shahajalal_055,1367,1284,-83,10133,2049,Codeforces Round 994 (Div. 2)
ctrldon,393,675,282,10133,2049,Codeforces Round 994 (Div. 2)
abhay_codes,1341,1263,-78,10133,2049,Codeforces Round 994 (Div. 2)
Xia_third,1096,1109,13,10133,2049,Codeforces Round 994 (Div. 2)
Veer09,1129,1096,-33,10133,2049,Codeforces Round 994 (Div. 2)
Kutmanali,782,849,67,10133,2049,Codeforces Round 994 (Div. 2)
OP.Pandu,707,896,189,10133,2049,Codeforces Round 994 (Div. 2)
kayceecee,349,640,291,10133,2049,Codeforces Round 994 (Div. 2)
storybehind,1256,1196,-60,10133,2049,Codeforces Round 994 (Div. 2)
SohelPratap,977,982,5,10133,2049,Codeforces Round 994 (Div. 2)
Hrshitaaaa29,990,992,2,10133,2049,Codeforces Round 994 (Div. 2)
b7b_elgyaar,1298,1229,-69,10133,2049,Codeforces Round 994 (Div. 2)
Mr.Bangs,435,709,274,10133,2049,Codeforces Round 994 (Div. 2)
xlgnb666,1036,1063,27,10133,2049,Codeforces Round 994 (Div. 2)
dewanshsinghchandel,1402,1312,-90,10133,2049,Codeforces Round 994 (Div. 2)
INeverFall,738,921,183,10133,2049,Codeforces Round 994 (Div. 2)
maniac01,1406,1316,-90,10133,2049,Codeforces Round 994 (Div. 2)
kannakans,871,908,37,10133,2049,Codeforces Round 994 (Div. 2)
Skyonex,1227,1173,-54,10133,2049,Codeforces Round 994 (Div. 2)
crying6969,1296,1227,-69,10133,2049,Codeforces Round 994 (Div. 2)
ajoymathew07,1358,1276,-82,10182,2049,Codeforces Round 994 (Div. 2)
DJ1007,1396,1307,-89,10182,2049,Codeforces Round 994 (Div. 2)
hk21,1387,1300,-87,10182,2049,Codeforces Round 994 (Div. 2)
kazialim12,1099,1072,-27,10182,2049,Codeforces Round 994 (Div. 2)
SLEMAN_PABLO_14,1228,1172,-56,10182,2049,Codeforces Round 994 (Div. 2)
i_hate_,880,970,90,10182,2049,Codeforces Round 994 (Div. 2)
hxxxh,965,1035,70,10182,2049,Codeforces Round 994 (Div. 2)
archu394,670,866,196,10182,2049,Codeforces Round 994 (Div. 2)
Human.33,936,952,16,10182,2049,Codeforces Round 994 (Div. 2)
niloy654,962,1032,70,10182,2049,Codeforces Round 994 (Div. 2)
sujalagrawal,1440,1343,-97,10182,2049,Codeforces Round 994 (Div. 2)
aniketkc,1009,1005,-4,10182,2049,Codeforces Round 994 (Div. 2)
reconfirmdeplete,732,916,184,10182,2049,Codeforces Round 994 (Div. 2)
piyushfs,1014,1091,77,10182,2049,Codeforces Round 994 (Div. 2)
fardin_khan_nur,393,674,281,10182,2049,Codeforces Round 994 (Div. 2)
Tariful_3.0,1108,1079,-29,10182,2049,Codeforces Round 994 (Div. 2)
DevRock786,442,714,272,10182,2049,Codeforces Round 994 (Div. 2)
kri5hna_ronaldo,443,714,271,10182,2049,Codeforces Round 994 (Div. 2)
sshobhit1106,875,910,35,10182,2049,Codeforces Round 994 (Div. 2)
salman_098,525,695,170,10182,2049,Codeforces Round 994 (Div. 2)
NguyenHuuHongQuan,967,974,7,10182,2049,Codeforces Round 994 (Div. 2)
deveshisinghh,1183,1137,-46,10182,2049,Codeforces Round 994 (Div. 2)
abdullah2811,850,893,43,10182,2049,Codeforces Round 994 (Div. 2)
akshat04_,1266,1203,-63,10182,2049,Codeforces Round 994 (Div. 2)
WelCo_,1089,1065,-24,10182,2049,Codeforces Round 994 (Div. 2)
abhilasha.leetcode,653,853,200,10182,2049,Codeforces Round 994 (Div. 2)
arshjeet,723,908,185,10182,2049,Codeforces Round 994 (Div. 2)
fpettinari,0,414,414,10182,2049,Codeforces Round 994 (Div. 2)
houyupeng,1201,1151,-50,10182,2049,Codeforces Round 994 (Div. 2)
THEMAINCHARACTER,786,913,127,10182,2049,Codeforces Round 994 (Div. 2)
swaroop.77,922,1002,80,10182,2049,Codeforces Round 994 (Div. 2)
Vinayyyyy,1096,1070,-26,10182,2049,Codeforces Round 994 (Div. 2)
harsh1t_t1war1,1107,1079,-28,10182,2049,Codeforces Round 994 (Div. 2)
chandandutt44,1102,1075,-27,10182,2049,Codeforces Round 994 (Div. 2)
ILoveMyKoalasAndBears,1154,1154,0,10182,2049,Codeforces Round 994 (Div. 2)
Gaboo,963,1033,70,10182,2049,Codeforces Round 994 (Div. 2)
anushkarajput,978,982,4,10182,2049,Codeforces Round 994 (Div. 2)
kage_,983,986,3,10182,2049,Codeforces Round 994 (Div. 2)
WhileTrueSleep,973,978,5,10182,2049,Codeforces Round 994 (Div. 2)
aj_786,1184,1138,-46,10182,2049,Codeforces Round 994 (Div. 2)
Atharv_IITG,757,890,133,10182,2049,Codeforces Round 994 (Div. 2)
Shahd37,1224,1170,-54,10182,2049,Codeforces Round 994 (Div. 2)
Vaibhav_navneet,1054,1038,-16,10182,2049,Codeforces Round 994 (Div. 2)
ak_0718,951,962,11,10225,2049,Codeforces Round 994 (Div. 2)
ansergeyg,994,993,-1,10225,2049,Codeforces Round 994 (Div. 2)
Abay-Moldiar-004-27,1165,1123,-42,10225,2049,Codeforces Round 994 (Div. 2)
Naveen14,1049,1033,-16,10225,2049,Codeforces Round 994 (Div. 2)
Raycurve,1280,1213,-67,10225,2049,Codeforces Round 994 (Div. 2)
KraitOP,1246,1186,-60,10225,2049,Codeforces Round 994 (Div. 2)
alsaim199,1025,1016,-9,10225,2049,Codeforces Round 994 (Div. 2)
Arun0162,988,1052,64,10225,2049,Codeforces Round 994 (Div. 2)
Aishwarya_2003,1016,1009,-7,10225,2049,Codeforces Round 994 (Div. 2)
9Kitsune,1304,1233,-71,10225,2049,Codeforces Round 994 (Div. 2)
saurabh.doiphode,985,986,1,10225,2049,Codeforces Round 994 (Div. 2)
nakmuay007,795,856,61,10225,2049,Codeforces Round 994 (Div. 2)
Anish_Ayanokoji,401,680,279,10225,2049,Codeforces Round 994 (Div. 2)
yaswith,451,720,269,10225,2049,Codeforces Round 994 (Div. 2)
Faiaz_Iqbal,962,1049,87,10225,2049,Codeforces Round 994 (Div. 2)
Shivraj44,826,876,50,10225,2049,Codeforces Round 994 (Div. 2)
over1over2over,1088,1063,-25,10225,2049,Codeforces Round 994 (Div. 2)
Siddharth_777,867,903,36,10225,2049,Codeforces Round 994 (Div. 2)
evssubramanyam,1196,1147,-49,10225,2049,Codeforces Round 994 (Div. 2)
jhav,403,682,279,10225,2049,Codeforces Round 994 (Div. 2)
Chanikya2006,787,850,63,10225,2049,Codeforces Round 994 (Div. 2)
anass.b,712,899,187,10225,2049,Codeforces Round 994 (Div. 2)
Abhishek_222137,1098,1071,-27,10225,2049,Codeforces Round 994 (Div. 2)
mathuscada,0,414,414,10225,2049,Codeforces Round 994 (Div. 2)
HNO3Acid,683,876,193,10225,2049,Codeforces Round 994 (Div. 2)
abhayjaiswal7383,861,969,108,10225,2049,Codeforces Round 994 (Div. 2)
rounakg866,406,684,278,10225,2049,Codeforces Round 994 (Div. 2)
anirudhc69,1360,1278,-82,10225,2049,Codeforces Round 994 (Div. 2)
saumya2004,1163,1121,-42,10225,2049,Codeforces Round 994 (Div. 2)
kremix6767,1198,1148,-50,10225,2049,Codeforces Round 994 (Div. 2)
Mularstyle,424,699,275,10225,2049,Codeforces Round 994 (Div. 2)
zhxbz,0,414,414,10225,2049,Codeforces Round 994 (Div. 2)
dishamukherjee144,865,936,71,10225,2049,Codeforces Round 994 (Div. 2)
Some-handle,1063,1082,19,10225,2049,Codeforces Round 994 (Div. 2)
bonda,650,850,200,10225,2049,Codeforces Round 994 (Div. 2)
Pocream,1016,1047,31,10225,2049,Codeforces Round 994 (Div. 2)
Saurav8102,917,938,21,10225,2049,Codeforces Round 994 (Div. 2)
iisha.gupta,1240,1182,-58,10225,2049,Codeforces Round 994 (Div. 2)
Sxuanyan,805,926,121,10225,2049,Codeforces Round 994 (Div. 2)
Atul23710,1028,1018,-10,10225,2049,Codeforces Round 994 (Div. 2)
adimishra021,1002,999,-3,10225,2049,Codeforces Round 994 (Div. 2)
cheng_peng,1620,1488,-132,10225,2049,Codeforces Round 994 (Div. 2)
creazydiamond,924,1003,79,10225,2049,Codeforces Round 994 (Div. 2)
Adriano4fk,1073,1052,-21,10225,2049,Codeforces Round 994 (Div. 2)
BigBlow,801,924,123,10225,2049,Codeforces Round 994 (Div. 2)
Refrain_Y,841,954,113,10225,2049,Codeforces Round 994 (Div. 2)
tichar,797,919,122,10271,2049,Codeforces Round 994 (Div. 2)
Shailendr_a,1076,1054,-22,10271,2049,Codeforces Round 994 (Div. 2)
MaybeExpert,1105,1076,-29,10271,2049,Codeforces Round 994 (Div. 2)
coderkingrahul,1157,1115,-42,10271,2049,Codeforces Round 994 (Div. 2)
Apaixonado,1068,1047,-21,10271,2049,Codeforces Round 994 (Div. 2)
gymcherish,1263,1270,7,10271,2049,Codeforces Round 994 (Div. 2)
shubhayu.sarkar02,931,947,16,10271,2049,Codeforces Round 994 (Div. 2)
Cialoli,1178,1132,-46,10271,2049,Codeforces Round 994 (Div. 2)
Hrushikesh_Roop_Avvari,1210,1158,-52,10271,2049,Codeforces Round 994 (Div. 2)
Rudra_786,862,899,37,10271,2049,Codeforces Round 994 (Div. 2)
-Rafid-,1666,1525,-141,10271,2049,Codeforces Round 994 (Div. 2)
anubhootijain07,831,933,102,10271,2049,Codeforces Round 994 (Div. 2)
TeraNanoByte,465,731,266,10271,2049,Codeforces Round 994 (Div. 2)
modernmonk2303,1046,1030,-16,10271,2049,Codeforces Round 994 (Div. 2)
b23454,792,853,61,10271,2049,Codeforces Round 994 (Div. 2)
ihSomik,975,978,3,10271,2049,Codeforces Round 994 (Div. 2)
msaadsbr,1047,1031,-16,10271,2049,Codeforces Round 994 (Div. 2)
ffejmf_liu,987,987,0,10271,2049,Codeforces Round 994 (Div. 2)
monsonreji2002,817,869,52,10271,2049,Codeforces Round 994 (Div. 2)
sompat07,0,413,413,10271,2049,Codeforces Round 994 (Div. 2)
nishiiy04,411,688,277,10271,2049,Codeforces Round 994 (Div. 2)
NoisyBooyyyy,1310,1237,-73,10271,2049,Codeforces Round 994 (Div. 2)
oxyboron25,947,994,47,10271,2049,Codeforces Round 994 (Div. 2)
kapilyadav20005,859,897,38,10271,2049,Codeforces Round 994 (Div. 2)
Amigo79,1127,1093,-34,10271,2049,Codeforces Round 994 (Div. 2)
itz_Akshay,1316,1242,-74,10271,2049,Codeforces Round 994 (Div. 2)
Maxcillius,825,874,49,10271,2049,Codeforces Round 994 (Div. 2)
kagenojitsuryokusha,827,930,103,10271,2049,Codeforces Round 994 (Div. 2)
betageesu,1207,1155,-52,10271,2049,Codeforces Round 994 (Div. 2)
sinojouni,1200,1149,-51,10271,2049,Codeforces Round 994 (Div. 2)
lemon_pie,628,832,204,10271,2049,Codeforces Round 994 (Div. 2)
rj03,957,966,9,10271,2049,Codeforces Round 994 (Div. 2)
Adityaaaaa,737,874,137,10271,2049,Codeforces Round 994 (Div. 2)
harshscool9532,1144,1106,-38,10271,2049,Codeforces Round 994 (Div. 2)
Lovenew2004,620,826,206,10271,2049,Codeforces Round 994 (Div. 2)
Daniel_1997,949,960,11,10271,2049,Codeforces Round 994 (Div. 2)
raghav2303,1058,1040,-18,10271,2049,Codeforces Round 994 (Div. 2)
shagun_123,0,413,413,10271,2049,Codeforces Round 994 (Div. 2)
soham9016,779,844,65,10271,2049,Codeforces Round 994 (Div. 2)
singhcoder694,1283,1215,-68,10271,2049,Codeforces Round 994 (Div. 2)
DevankSachdeva,1059,1041,-18,10271,2049,Codeforces Round 994 (Div. 2)
RayarSingh100,839,884,45,10271,2049,Codeforces Round 994 (Div. 2)
daredevil_sk,977,1016,39,10313,2049,Codeforces Round 994 (Div. 2)
pratham_2502,980,981,1,10314,2049,Codeforces Round 994 (Div. 2)
paulasofia,763,832,69,10314,2049,Codeforces Round 994 (Div. 2)
Tirtha_Manan_Das,1278,1211,-67,10314,2049,Codeforces Round 994 (Div. 2)
suhanigupta18,933,947,14,10314,2049,Codeforces Round 994 (Div. 2)
QuocSensei,1398,1307,-91,10314,2049,Codeforces Round 994 (Div. 2)
sailTuT,1005,1063,58,10314,2049,Codeforces Round 994 (Div. 2)
RealStormRider,931,1006,75,10314,2049,Codeforces Round 994 (Div. 2)
2017csb1070,896,921,25,10314,2049,Codeforces Round 994 (Div. 2)
newbieToPupil,1177,1131,-46,10314,2049,Codeforces Round 994 (Div. 2)
mechaform,891,918,27,10314,2049,Codeforces Round 994 (Div. 2)
iamsazidh,1104,1074,-30,10314,2049,Codeforces Round 994 (Div. 2)
Jabirsiddique,845,886,41,10314,2049,Codeforces Round 994 (Div. 2)
nikhs114,1053,1035,-18,10314,2049,Codeforces Round 994 (Div. 2)
wanli_,1145,1145,0,10314,2049,Codeforces Round 994 (Div. 2)
Chumexis,360,646,286,10314,2049,Codeforces Round 994 (Div. 2)
Ak1sh,390,670,280,10314,2049,Codeforces Round 994 (Div. 2)
Progot,1299,1268,-31,10314,2049,Codeforces Round 994 (Div. 2)
prembansal,1029,1017,-12,10314,2049,Codeforces Round 994 (Div. 2)
619_rider,1025,1079,54,10314,2049,Codeforces Round 994 (Div. 2)
ashuaniket112003,799,920,121,10314,2049,Codeforces Round 994 (Div. 2)
wwwhisper,953,961,8,10314,2049,Codeforces Round 994 (Div. 2)
Aadyant_05,906,988,82,10314,2049,Codeforces Round 994 (Div. 2)
WillOfHeaven,970,974,4,10314,2049,Codeforces Round 994 (Div. 2)
MeeTpT,877,981,104,10314,2049,Codeforces Round 994 (Div. 2)
srv_surya,1093,1066,-27,10314,2049,Codeforces Round 994 (Div. 2)
freakycoder_133,1012,1004,-8,10314,2049,Codeforces Round 994 (Div. 2)
CH23B050,1374,1288,-86,10314,2049,Codeforces Round 994 (Div. 2)
waood200,815,866,51,10314,2049,Codeforces Round 994 (Div. 2)
ryan__,822,938,116,10314,2049,Codeforces Round 994 (Div. 2)
RPSolves,944,991,47,10314,2049,Codeforces Round 994 (Div. 2)
BinderiyaT,1218,1163,-55,10314,2049,Codeforces Round 994 (Div. 2)
Rukhmina,840,883,43,10314,2049,Codeforces Round 994 (Div. 2)
Abdullah1008,844,886,42,10314,2049,Codeforces Round 994 (Div. 2)
zcxsb,611,818,207,10314,2049,Codeforces Round 994 (Div. 2)
Mostafa_Mokhtar,981,982,1,10314,2049,Codeforces Round 994 (Div. 2)
abhishek_giri99,1495,1386,-109,10314,2049,Codeforces Round 994 (Div. 2)
RockyKanika,823,939,116,10314,2049,Codeforces Round 994 (Div. 2)
DKT_Ekantik,635,837,202,10314,2049,Codeforces Round 994 (Div. 2)
notTraitor,914,1010,96,10314,2049,Codeforces Round 994 (Div. 2)
monstermceldritch,841,952,111,10314,2049,Codeforces Round 994 (Div. 2)
aru.swamy29,0,412,412,10314,2049,Codeforces Round 994 (Div. 2)
shiv_2005,461,727,266,10314,2049,Codeforces Round 994 (Div. 2)
PranjalGupta0280,0,412,412,10314,2049,Codeforces Round 994 (Div. 2)
aditii_g99,774,901,127,10314,2049,Codeforces Round 994 (Div. 2)
dhruv_singla,458,725,267,10314,2049,Codeforces Round 994 (Div. 2)
The_One_Who,1292,1222,-70,10314,2049,Codeforces Round 994 (Div. 2)
MD_Firozzaman_Sarkar,824,872,48,10314,2049,Codeforces Round 994 (Div. 2)
Starky_08,988,1069,81,10314,2049,Codeforces Round 994 (Div. 2)
pupaname,368,653,285,10314,2049,Codeforces Round 994 (Div. 2)
nachiket11bakshi,595,806,211,10314,2049,Codeforces Round 994 (Div. 2)
sharvani11620,825,907,82,10314,2049,Codeforces Round 994 (Div. 2)
rudra_826,852,891,39,10314,2049,Codeforces Round 994 (Div. 2)
Orijinxx,740,866,126,10366,2049,Codeforces Round 994 (Div. 2)
_unknown_guy,1017,1007,-10,10366,2049,Codeforces Round 994 (Div. 2)
Noureldein,1308,1234,-74,10366,2049,Codeforces Round 994 (Div. 2)
DARK_3,626,748,122,10366,2049,Codeforces Round 994 (Div. 2)
ornaldo7,1068,1046,-22,10366,2049,Codeforces Round 994 (Div. 2)
saidchk,803,922,119,10366,2049,Codeforces Round 994 (Div. 2)
JayKushwaha,1176,1129,-47,10366,2049,Codeforces Round 994 (Div. 2)
Subhhh,1068,1046,-22,10366,2049,Codeforces Round 994 (Div. 2)
Cevat123,1405,1312,-93,10366,2049,Codeforces Round 994 (Div. 2)
a_a_aaa__,948,993,45,10366,2049,Codeforces Round 994 (Div. 2)
Sejal_27,839,881,42,10366,2049,Codeforces Round 994 (Div. 2)
electronstar914,429,701,272,10366,2049,Codeforces Round 994 (Div. 2)
anhdung040709,875,941,66,10366,2049,Codeforces Round 994 (Div. 2)
ArtistByDay_LokiByNight,1072,1136,64,10366,2049,Codeforces Round 994 (Div. 2)
TI_TAYEF,1185,1136,-49,10366,2049,Codeforces Round 994 (Div. 2)
mixent01,876,964,88,10366,2049,Codeforces Round 994 (Div. 2)
talann,1270,1204,-66,10366,2049,Codeforces Round 994 (Div. 2)
syedmaaz,960,966,6,10366,2049,Codeforces Round 994 (Div. 2)
01s,989,987,-2,10366,2049,Codeforces Round 994 (Div. 2)
Naeem34245,882,911,29,10366,2049,Codeforces Round 994 (Div. 2)
j3r3mias,899,922,23,10366,2049,Codeforces Round 994 (Div. 2)
Nekiton,874,905,31,10366,2049,Codeforces Round 994 (Div. 2)
rm_0208,1013,1069,56,10366,2049,Codeforces Round 994 (Div. 2)
samen05,851,889,38,10366,2049,Codeforces Round 994 (Div. 2)
singhdevansh024,957,963,6,10366,2049,Codeforces Round 994 (Div. 2)
XX_taha_,882,911,29,10366,2049,Codeforces Round 994 (Div. 2)
Cool_Guy_,1060,1040,-20,10366,2049,Codeforces Round 994 (Div. 2)
_Ryomen_sukuna,1107,1076,-31,10366,2049,Codeforces Round 994 (Div. 2)
SFY6666,0,412,412,10366,2049,Codeforces Round 994 (Div. 2)
RomanceAA,954,998,44,10366,2049,Codeforces Round 994 (Div. 2)
Omswastik_11,826,873,47,10366,2049,Codeforces Round 994 (Div. 2)
Shauryacious,1065,1044,-21,10366,2049,Codeforces Round 994 (Div. 2)
i_dont_know_my_name,709,798,89,10366,2049,Codeforces Round 994 (Div. 2)
ritam1234,1252,1189,-63,10366,2049,Codeforces Round 994 (Div. 2)
Vivek_Coder,629,831,202,10366,2049,Codeforces Round 994 (Div. 2)
2022012600,0,412,412,10366,2049,Codeforces Round 994 (Div. 2)
anurag_sinha_hu,1023,1012,-11,10366,2049,Codeforces Round 994 (Div. 2)
arzoobhuker09,835,879,44,10366,2049,Codeforces Round 994 (Div. 2)
kartik70,635,836,201,10366,2049,Codeforces Round 994 (Div. 2)
_amaliya_kishan,1126,1090,-36,10366,2049,Codeforces Round 994 (Div. 2)
samsonite,1043,1027,-16,10366,2049,Codeforces Round 994 (Div. 2)
piyush-gangrade,633,835,202,10366,2049,Codeforces Round 994 (Div. 2)
Tyagi_Harsh,1039,1108,69,10408,2049,Codeforces Round 994 (Div. 2)
sanchitkumar2911,1014,1004,-10,10408,2049,Codeforces Round 994 (Div. 2)
Dr_ZOMBIEE,813,863,50,10408,2049,Codeforces Round 994 (Div. 2)
John_cena030,0,411,411,10408,2049,Codeforces Round 994 (Div. 2)
NAHID.,1218,1162,-56,10408,2049,Codeforces Round 994 (Div. 2)
Yuriko,903,925,22,10408,2049,Codeforces Round 994 (Div. 2)
yalniz,1096,1066,-30,10408,2049,Codeforces Round 994 (Div. 2)
YassineMlayah,0,411,411,10408,2049,Codeforces Round 994 (Div. 2)
Rutva_TheCoder,431,702,271,10408,2049,Codeforces Round 994 (Div. 2)
batpool,1296,1224,-72,10408,2049,Codeforces Round 994 (Div. 2)
kaushalkej,967,969,2,10408,2049,Codeforces Round 994 (Div. 2)
thirty-seven,377,659,282,10408,2049,Codeforces Round 994 (Div. 2)
star_yu_moon,1045,1066,21,10408,2049,Codeforces Round 994 (Div. 2)
Himanshu_224,806,859,53,10408,2049,Codeforces Round 994 (Div. 2)
Jain_Prince_1606,433,704,271,10408,2049,Codeforces Round 994 (Div. 2)
brute-hoc,912,931,19,10408,2049,Codeforces Round 994 (Div. 2)
srdzzzzz,1417,1321,-96,10408,2049,Codeforces Round 994 (Div. 2)
amrinakther312,897,920,23,10408,2049,Codeforces Round 994 (Div. 2)
ZhuStellar,1375,1287,-88,10408,2049,Codeforces Round 994 (Div. 2)
rktanyagupta,863,897,34,10408,2049,Codeforces Round 994 (Div. 2)
__.Fischer.__,932,945,13,10408,2049,Codeforces Round 994 (Div. 2)
Madhukm2050,1022,1010,-12,10408,2049,Codeforces Round 994 (Div. 2)
sreedeep_19,965,968,3,10408,2049,Codeforces Round 994 (Div. 2)
pedrobatista,813,863,50,10408,2049,Codeforces Round 994 (Div. 2)
amankashyap,840,950,110,10408,2049,Codeforces Round 994 (Div. 2)
m.j.12,985,1020,35,10408,2049,Codeforces Round 994 (Div. 2)
harshitsoora,1325,1247,-78,10408,2049,Codeforces Round 994 (Div. 2)
prajwalk97,884,911,27,10408,2049,Codeforces Round 994 (Div. 2)
Hamza_Foley,1006,998,-8,10408,2049,Codeforces Round 994 (Div. 2)
GeorgeAK,772,945,173,10408,2049,Codeforces Round 994 (Div. 2)
ars3nl,933,981,48,10408,2049,Codeforces Round 994 (Div. 2)
Moksha1512,867,971,104,10408,2049,Codeforces Round 994 (Div. 2)
Manashgoswamii,0,411,411,10408,2049,Codeforces Round 994 (Div. 2)
rhythmp619,1142,1102,-40,10408,2049,Codeforces Round 994 (Div. 2)
pink_cats,949,1018,69,10408,2049,Codeforces Round 994 (Div. 2)
D0LB0EB,430,701,271,10408,2049,Codeforces Round 994 (Div. 2)
asharique22,1396,1304,-92,10408,2049,Codeforces Round 994 (Div. 2)
all_rajyalaxmi,0,411,411,10408,2049,Codeforces Round 994 (Div. 2)
shiva91401476,455,721,266,10408,2049,Codeforces Round 994 (Div. 2)
ihsir,975,976,1,10408,2049,Codeforces Round 994 (Div. 2)
hemeshhere,932,945,13,10408,2049,Codeforces Round 994 (Div. 2)
amitsingh007,741,875,134,10408,2049,Codeforces Round 994 (Div. 2)
Rho_Ruler,1010,1001,-9,10408,2049,Codeforces Round 994 (Div. 2)
fusion_364,752,883,131,10408,2049,Codeforces Round 994 (Div. 2)
code_touhou_project,682,872,190,10452,2049,Codeforces Round 994 (Div. 2)
dagur_10,817,932,115,10452,2049,Codeforces Round 994 (Div. 2)
s_santhoshkumar,906,961,55,10452,2049,Codeforces Round 994 (Div. 2)
singh_841960,927,1018,91,10452,2049,Codeforces Round 994 (Div. 2)
blex,358,643,285,10452,2049,Codeforces Round 994 (Div. 2)
LeFilsDeDieu,384,664,280,10452,2049,Codeforces Round 994 (Div. 2)
Manas_P,1236,1175,-61,10452,2049,Codeforces Round 994 (Div. 2)
algoprince,843,938,95,10452,2049,Codeforces Round 994 (Div. 2)
Amit_Rane,778,902,124,10452,2049,Codeforces Round 994 (Div. 2)
PagalPapita,393,671,278,10452,2049,Codeforces Round 994 (Div. 2)
Cocococo520,0,411,411,10452,2049,Codeforces Round 994 (Div. 2)
rish_993,991,986,-5,10452,2049,Codeforces Round 994 (Div. 2)
chethan78,1504,1392,-112,10452,2049,Codeforces Round 994 (Div. 2)
Rajai_kambal,1130,1092,-38,10452,2049,Codeforces Round 994 (Div. 2)
Prtm.sth,951,957,6,10452,2049,Codeforces Round 994 (Div. 2)
2004himanshu,988,984,-4,10452,2049,Codeforces Round 994 (Div. 2)
skinnyduck21,355,640,285,10452,2049,Codeforces Round 994 (Div. 2)
gautam07.cpp,1508,1395,-113,10452,2049,Codeforces Round 994 (Div. 2)
sutarshubham05,725,806,81,10452,2049,Codeforces Round 994 (Div. 2)
rahuldr,943,952,9,10452,2049,Codeforces Round 994 (Div. 2)
nutan9135kr,597,805,208,10452,2049,Codeforces Round 994 (Div. 2)
-0x3f3f3f,1072,1114,42,10452,2049,Codeforces Round 994 (Div. 2)
jainapurva49,882,944,62,10452,2049,Codeforces Round 994 (Div. 2)
Bekbolot_Ubaidullaev,1101,1070,-31,10452,2049,Codeforces Round 994 (Div. 2)
Trojan.hackit,360,644,284,10452,2049,Codeforces Round 994 (Div. 2)
Ayush-Pandey,715,898,183,10452,2049,Codeforces Round 994 (Div. 2)
Utsavgajera15,1014,1003,-11,10452,2049,Codeforces Round 994 (Div. 2)
zvwgvx,370,652,282,10452,2049,Codeforces Round 994 (Div. 2)
mursalinabu89,894,977,83,10452,2049,Codeforces Round 994 (Div. 2)
m1ffer,407,682,275,10452,2049,Codeforces Round 994 (Div. 2)
Ls110916,1281,1211,-70,10452,2049,Codeforces Round 994 (Div. 2)
Junaid.,1154,1111,-43,10452,2049,Codeforces Round 994 (Div. 2)
Ahmad.Salaheldin,765,831,66,10452,2049,Codeforces Round 994 (Div. 2)
Akhil_19,1065,1042,-23,10452,2049,Codeforces Round 994 (Div. 2)
khushal1902,913,991,78,10452,2049,Codeforces Round 994 (Div. 2)
invictus_ashu,0,411,411,10452,2049,Codeforces Round 994 (Div. 2)
hhitar9485,731,858,127,10452,2049,Codeforces Round 994 (Div. 2)
Pkhacks,1009,1000,-9,10452,2049,Codeforces Round 994 (Div. 2)
3AWDI_BOY,1177,1198,21,10452,2049,Codeforces Round 994 (Div. 2)
ali.h.deeb,1177,1129,-48,10452,2049,Codeforces Round 994 (Div. 2)
NS3081992,1321,1243,-78,10452,2049,Codeforces Round 994 (Div. 2)
sriramthree333,786,908,122,10452,2049,Codeforces Round 994 (Div. 2)
saiii_3,809,925,116,10494,2049,Codeforces Round 994 (Div. 2)
BitFlipper,949,955,6,10494,2049,Codeforces Round 994 (Div. 2)
itsme_ad,1051,1031,-20,10494,2049,Codeforces Round 994 (Div. 2)
Vidsolu03,354,639,285,10494,2049,Codeforces Round 994 (Div. 2)
Hello_test,346,633,287,10494,2049,Codeforces Round 994 (Div. 2)
Arkadeb,1043,1024,-19,10494,2049,Codeforces Round 994 (Div. 2)
MariaOfTheAstralTower,832,874,42,10494,2049,Codeforces Round 994 (Div. 2)
Manoor08,371,653,282,10494,2049,Codeforces Round 994 (Div. 2)
Pari_2004,922,936,14,10494,2049,Codeforces Round 994 (Div. 2)
K4vin,1566,1442,-124,10494,2049,Codeforces Round 994 (Div. 2)
Dindin,961,963,2,10494,2049,Codeforces Round 994 (Div. 2)
hrithik-v,897,954,57,10494,2049,Codeforces Round 994 (Div. 2)
abhiramjampani7,1091,1129,38,10494,2049,Codeforces Round 994 (Div. 2)
_Amrndr_,1041,1023,-18,10494,2049,Codeforces Round 994 (Div. 2)
ravi_05,918,933,15,10494,2049,Codeforces Round 994 (Div. 2)
anonymous_5006,1306,1231,-75,10494,2049,Codeforces Round 994 (Div. 2)
whatiscode1234,998,991,-7,10494,2049,Codeforces Round 994 (Div. 2)
goyal_yash,1104,1071,-33,10494,2049,Codeforces Round 994 (Div. 2)
Bebronesy,676,867,191,10494,2049,Codeforces Round 994 (Div. 2)
allllokk,694,881,187,10494,2049,Codeforces Round 994 (Div. 2)
rushikesh154,818,864,46,10494,2049,Codeforces Round 994 (Div. 2)
ariyanbanerjee,815,862,47,10494,2049,Codeforces Round 994 (Div. 2)
_ALIX_,726,862,136,10494,2049,Codeforces Round 994 (Div. 2)
Statsam,795,849,54,10494,2049,Codeforces Round 994 (Div. 2)
monoid-nair,649,845,196,10494,2049,Codeforces Round 994 (Div. 2)
HellDaddy,874,902,28,10494,2049,Codeforces Round 994 (Div. 2)
afsdssseee,1030,1015,-15,10494,2049,Codeforces Round 994 (Div. 2)
sichensang,835,945,110,10494,2049,Codeforces Round 994 (Div. 2)
Wangwe,892,990,98,10494,2049,Codeforces Round 994 (Div. 2)
shivangdevina,941,949,8,10494,2049,Codeforces Round 994 (Div. 2)
hugo111069,1046,1027,-19,10494,2049,Codeforces Round 994 (Div. 2)
c4513,882,982,100,10494,2049,Codeforces Round 994 (Div. 2)
clairvoyance.000,895,917,22,10494,2049,Codeforces Round 994 (Div. 2)
SongXianKun,1174,1165,-9,10494,2049,Codeforces Round 994 (Div. 2)
lfeikb,1164,1118,-46,10494,2049,Codeforces Round 994 (Div. 2)
piyushah,847,955,108,10494,2049,Codeforces Round 994 (Div. 2)
WajdAlmadi,1090,1060,-30,10494,2049,Codeforces Round 994 (Div. 2)
Shrayasheesaha123,1045,1026,-19,10494,2049,Codeforces Round 994 (Div. 2)
Jeethendra,758,825,67,10494,2049,Codeforces Round 994 (Div. 2)
Klob,879,964,85,10494,2049,Codeforces Round 994 (Div. 2)
SnowGirl_Mondi,0,410,410,10494,2049,Codeforces Round 994 (Div. 2)
aryan.jais20,1131,1092,-39,10494,2049,Codeforces Round 994 (Div. 2)
Samyak_Jain2004,659,852,193,10536,2049,Codeforces Round 994 (Div. 2)
sukhmansingh5285,0,410,410,10536,2049,Codeforces Round 994 (Div. 2)
rakshan_1403,852,886,34,10536,2049,Codeforces Round 994 (Div. 2)
priyanshu_pateriya,1002,993,-9,10536,2049,Codeforces Round 994 (Div. 2)
qq2462155058,1238,1176,-62,10536,2049,Codeforces Round 994 (Div. 2)
Reaper08,1283,1212,-71,10536,2049,Codeforces Round 994 (Div. 2)
SsyHow,1059,1123,64,10536,2049,Codeforces Round 994 (Div. 2)
Nagasaki_soyorin,617,819,202,10536,2049,Codeforces Round 994 (Div. 2)
ljeek,970,1006,36,10536,2049,Codeforces Round 994 (Div. 2)
Satoru13,1068,1043,-25,10536,2049,Codeforces Round 994 (Div. 2)
Reyar,700,885,185,10536,2049,Codeforces Round 994 (Div. 2)
Fasila_,1512,1397,-115,10536,2049,Codeforces Round 994 (Div. 2)
7Collector,971,970,-1,10536,2049,Codeforces Round 994 (Div. 2)
FuzzyBrainzz,620,822,202,10536,2049,Codeforces Round 994 (Div. 2)
MohamedAboOkail,1302,1227,-75,10536,2049,Codeforces Round 994 (Div. 2)
litch07,1010,999,-11,10536,2049,Codeforces Round 994 (Div. 2)
ToT,1502,1389,-113,10536,2049,Codeforces Round 994 (Div. 2)
wizzseen,979,975,-4,10536,2049,Codeforces Round 994 (Div. 2)
mzz2,1068,1043,-25,10536,2049,Codeforces Round 994 (Div. 2)
KKTHEGREAT,906,984,78,10536,2049,Codeforces Round 994 (Div. 2)
devanshsanghi001,764,937,173,10536,2049,Codeforces Round 994 (Div. 2)
kytoLam,1235,1173,-62,10536,2049,Codeforces Round 994 (Div. 2)
NITUL_,1079,1051,-28,10536,2049,Codeforces Round 994 (Div. 2)
Kris_k19,963,964,1,10536,2049,Codeforces Round 994 (Div. 2)
mohamed-hani,1377,1287,-90,10536,2049,Codeforces Round 994 (Div. 2)
parth22351,1093,1062,-31,10536,2049,Codeforces Round 994 (Div. 2)
ricezilla35,1125,1087,-38,10536,2049,Codeforces Round 994 (Div. 2)
numbertheory,1085,1056,-29,10536,2049,Codeforces Round 994 (Div. 2)
tvimal002,1042,1023,-19,10536,2049,Codeforces Round 994 (Div. 2)
WuShF,1466,1359,-107,10536,2049,Codeforces Round 994 (Div. 2)
GandeevDhari,1029,1079,50,10536,2049,Codeforces Round 994 (Div. 2)
artuu,1013,1001,-12,10536,2049,Codeforces Round 994 (Div. 2)
parshipchowdhury,834,929,95,10536,2049,Codeforces Round 994 (Div. 2)
sushithreddy,0,410,410,10536,2049,Codeforces Round 994 (Div. 2)
Optimizor,1008,1063,55,10536,2049,Codeforces Round 994 (Div. 2)
hagg23,445,712,267,10536,2049,Codeforces Round 994 (Div. 2)
_meh,1123,1085,-38,10536,2049,Codeforces Round 994 (Div. 2)
harshitbeniwal,1220,1161,-59,10536,2049,Codeforces Round 994 (Div. 2)
hushed_dev,1174,1125,-49,10536,2049,Codeforces Round 994 (Div. 2)
ZeroTwoHusband,1389,1297,-92,10536,2049,Codeforces Round 994 (Div. 2)
dhanunjay1729,1020,1006,-14,10536,2049,Codeforces Round 994 (Div. 2)
Manijityakumar30,1024,1009,-15,10536,2049,Codeforces Round 994 (Div. 2)
santinull36,375,655,280,10536,2049,Codeforces Round 994 (Div. 2)
huszz,634,833,199,10536,2049,Codeforces Round 994 (Div. 2)
mitzzg,933,943,10,10536,2049,Codeforces Round 994 (Div. 2)
SriManth_2002,468,730,262,10536,2049,Codeforces Round 994 (Div. 2)
itz_syruz,988,982,-6,10536,2049,Codeforces Round 994 (Div. 2)
NANFORME15,0,410,410,10536,2049,Codeforces Round 994 (Div. 2)
siingh_ashu,964,965,1,10536,2049,Codeforces Round 994 (Div. 2)
MommyMalenia,936,1024,88,10536,2049,Codeforces Round 994 (Div. 2)
woodfishhhh,621,822,201,10536,2049,Codeforces Round 994 (Div. 2)
divesh0720,764,937,173,10536,2049,Codeforces Round 994 (Div. 2)
Natalia0304,1074,1085,11,10536,2049,Codeforces Round 994 (Div. 2)
exit100,1167,1119,-48,10536,2049,Codeforces Round 994 (Div. 2)
aarushisharma16,859,963,104,10536,2049,Codeforces Round 994 (Div. 2)
PookieDookie,1066,1129,63,10591,2049,Codeforces Round 994 (Div. 2)
SXC_ch,1166,1188,22,10592,2049,Codeforces Round 994 (Div. 2)
smy009,1122,1084,-38,10592,2049,Codeforces Round 994 (Div. 2)
EpicFailure404,1005,994,-11,10592,2049,Codeforces Round 994 (Div. 2)
Dwarkesh,1112,1076,-36,10592,2049,Codeforces Round 994 (Div. 2)
Jai_2005,759,885,126,10592,2049,Codeforces Round 994 (Div. 2)
AhmadNedalll,1014,1066,52,10592,2049,Codeforces Round 994 (Div. 2)
harshita_150,892,972,80,10592,2049,Codeforces Round 994 (Div. 2)
prateek_m044,1041,1022,-19,10592,2049,Codeforces Round 994 (Div. 2)
bluesky0000,999,1055,56,10592,2049,Codeforces Round 994 (Div. 2)
rachitgupta1956,374,654,280,10592,2049,Codeforces Round 994 (Div. 2)
cqsabc,1054,1031,-23,10592,2049,Codeforces Round 994 (Div. 2)
Ram_Ratan,1058,1034,-24,10592,2049,Codeforces Round 994 (Div. 2)
Fabianh.r02,590,798,208,10592,2049,Codeforces Round 994 (Div. 2)
Hacker_Yati12,1165,1117,-48,10592,2049,Codeforces Round 994 (Div. 2)
KunjGupta,960,961,1,10592,2049,Codeforces Round 994 (Div. 2)
ronak2005,1009,997,-12,10592,2049,Codeforces Round 994 (Div. 2)
sanjay17,781,838,57,10592,2049,Codeforces Round 994 (Div. 2)
Shhhriis,773,833,60,10592,2049,Codeforces Round 994 (Div. 2)
bektachi.souhail,0,409,409,10592,2049,Codeforces Round 994 (Div. 2)
arupratandey,1052,1030,-22,10592,2049,Codeforces Round 994 (Div. 2)
Sumirebot,0,409,409,10592,2049,Codeforces Round 994 (Div. 2)
Simrannnn,0,409,409,10592,2049,Codeforces Round 994 (Div. 2)
angel_Born_in_hell,0,409,409,10592,2049,Codeforces Round 994 (Div. 2)
imransihab0,884,907,23,10592,2049,Codeforces Round 994 (Div. 2)
Subhasish111,964,964,0,10592,2049,Codeforces Round 994 (Div. 2)
JandeCoder_8,638,835,197,10592,2049,Codeforces Round 994 (Div. 2)
suraj_soni999,1099,1066,-33,10592,2049,Codeforces Round 994 (Div. 2)
Venkata_2005,571,783,212,10592,2049,Codeforces Round 994 (Div. 2)
SKRAY_059,1194,1140,-54,10592,2049,Codeforces Round 994 (Div. 2)
cxdecj04,1011,999,-12,10592,2049,Codeforces Round 994 (Div. 2)
Toslim_Aman,879,903,24,10592,2049,Codeforces Round 994 (Div. 2)
akif078,843,879,36,10592,2049,Codeforces Round 994 (Div. 2)
kendas,429,698,269,10592,2049,Codeforces Round 994 (Div. 2)
linesh,1300,1224,-76,10592,2049,Codeforces Round 994 (Div. 2)
mounika72,0,409,409,10592,2049,Codeforces Round 994 (Div. 2)
abhi132,1313,1235,-78,10592,2049,Codeforces Round 994 (Div. 2)
Arjun1112,391,667,276,10592,2049,Codeforces Round 994 (Div. 2)
BanSsal,1292,1218,-74,10592,2049,Codeforces Round 994 (Div. 2)
bye_bye,904,921,17,10592,2049,Codeforces Round 994 (Div. 2)
buzhiiqiuliang,1149,1105,-44,10592,2049,Codeforces Round 994 (Div. 2)
ed-Domch,0,409,409,10592,2049,Codeforces Round 994 (Div. 2)
Madhav_2023,907,923,16,10592,2049,Codeforces Round 994 (Div. 2)
Kiiwee,0,409,409,10592,2049,Codeforces Round 994 (Div. 2)
D.H.A.N.U.S.H.,844,879,35,10635,2049,Codeforces Round 994 (Div. 2)
ojhasiddharth195,773,832,59,10635,2049,Codeforces Round 994 (Div. 2)
anuragkr24,992,984,-8,10635,2049,Codeforces Round 994 (Div. 2)
Born_To_Laugh,1117,1118,1,10635,2049,Codeforces Round 994 (Div. 2)
muskan_guptaa,954,956,2,10635,2049,Codeforces Round 994 (Div. 2)
zhuayhuihan,922,1012,90,10635,2049,Codeforces Round 994 (Div. 2)
pratik.777,1037,1018,-19,10635,2049,Codeforces Round 994 (Div. 2)
-Hridoy-,943,948,5,10635,2049,Codeforces Round 994 (Div. 2)
Dybulina_Anna,1218,1158,-60,10635,2049,Codeforces Round 994 (Div. 2)
qiaosheng,961,1024,63,10635,2049,Codeforces Round 994 (Div. 2)
ParadoxRyuk,941,947,6,10635,2049,Codeforces Round 994 (Div. 2)
thea_love,639,835,196,10635,2049,Codeforces Round 994 (Div. 2)
Vivek_Prakash_Yadav,1153,1107,-46,10635,2049,Codeforces Round 994 (Div. 2)
Dipto--D10,639,835,196,10635,2049,Codeforces Round 994 (Div. 2)
sj_23,1177,1126,-51,10635,2049,Codeforces Round 994 (Div. 2)
harshitakkk,1048,1026,-22,10635,2049,Codeforces Round 994 (Div. 2)
rajaryan_coder,1012,999,-13,10635,2049,Codeforces Round 994 (Div. 2)
Bayan-M-003-27,618,819,201,10635,2049,Codeforces Round 994 (Div. 2)
mmsaicharan07,1078,1049,-29,10635,2049,Codeforces Round 994 (Div. 2)
RanaBharath_2712,1255,1188,-67,10635,2049,Codeforces Round 994 (Div. 2)
369Hz,1171,1121,-50,10635,2049,Codeforces Round 994 (Div. 2)
Pseudoo,948,952,4,10635,2049,Codeforces Round 994 (Div. 2)
Love-to-Byte,1136,1094,-42,10635,2049,Codeforces Round 994 (Div. 2)
pomposka,1072,1044,-28,10635,2049,Codeforces Round 994 (Div. 2)
GodzillaC2,1055,1031,-24,10635,2049,Codeforces Round 994 (Div. 2)
shashank_jaiswal,948,952,4,10635,2049,Codeforces Round 994 (Div. 2)
thisisnitintiwari,1145,1101,-44,10635,2049,Codeforces Round 994 (Div. 2)
dibragim,1013,999,-14,10635,2049,Codeforces Round 994 (Div. 2)
maheshkarhale03,1211,1153,-58,10635,2049,Codeforces Round 994 (Div. 2)
usedchang,407,680,273,10635,2049,Codeforces Round 994 (Div. 2)
asif_tanvir,0,409,409,10635,2049,Codeforces Round 994 (Div. 2)
Avi_7063,0,409,409,10635,2049,Codeforces Round 994 (Div. 2)
AadiityaB,836,944,108,10635,2049,Codeforces Round 994 (Div. 2)
kalki299,967,965,-2,10635,2049,Codeforces Round 994 (Div. 2)
Merge_Change,902,996,94,10635,2049,Codeforces Round 994 (Div. 2)
aa_kashgupta,849,882,33,10635,2049,Codeforces Round 994 (Div. 2)
Raju_kr,1068,1041,-27,10635,2049,Codeforces Round 994 (Div. 2)
shivam_gupta,935,942,7,10635,2049,Codeforces Round 994 (Div. 2)
losttowin,1225,1164,-61,10635,2049,Codeforces Round 994 (Div. 2)
_Tiger,767,828,61,10635,2049,Codeforces Round 994 (Div. 2)
ok_computer,682,774,92,10635,2049,Codeforces Round 994 (Div. 2)
ms2022,968,966,-2,10635,2049,Codeforces Round 994 (Div. 2)
Mr5_X,1256,1189,-67,10635,2049,Codeforces Round 994 (Div. 2)
_Sorcerer_,826,867,41,10635,2049,Codeforces Round 994 (Div. 2)
Zeinaaleid,810,855,45,10679,2049,Codeforces Round 994 (Div. 2)
aakarshtyagi964,0,408,408,10679,2049,Codeforces Round 994 (Div. 2)
kishan0007,851,883,32,10679,2049,Codeforces Round 994 (Div. 2)
ArisAldrin,1259,1191,-68,10679,2049,Codeforces Round 994 (Div. 2)
sriteja_a,784,903,119,10679,2049,Codeforces Round 994 (Div. 2)
rvrs,1044,1022,-22,10679,2049,Codeforces Round 994 (Div. 2)
chaitanya_07,948,987,39,10679,2049,Codeforces Round 994 (Div. 2)
I_love_Pham_Le_BaoHan,1088,1095,7,10679,2049,Codeforces Round 994 (Div. 2)
Vianshu_Shalyan,1044,1089,45,10679,2049,Codeforces Round 994 (Div. 2)
AJ_ASTER12606,756,881,125,10679,2049,Codeforces Round 994 (Div. 2)
alejandromedinarojas05,1113,1075,-38,10679,2049,Codeforces Round 994 (Div. 2)
cht_15,836,943,107,10679,2049,Codeforces Round 994 (Div. 2)
vaibhavsetiya,885,906,21,10679,2049,Codeforces Round 994 (Div. 2)
CodeWithCheems,817,915,98,10679,2049,Codeforces Round 994 (Div. 2)
P31P,1006,1059,53,10679,2049,Codeforces Round 994 (Div. 2)
VinCode,1144,1099,-45,10679,2049,Codeforces Round 994 (Div. 2)
Mahush-934,431,699,268,10679,2049,Codeforces Round 994 (Div. 2)
rushabhjain,851,883,32,10679,2049,Codeforces Round 994 (Div. 2)
Hemonto839,943,947,4,10679,2049,Codeforces Round 994 (Div. 2)
malloc_function,1089,1057,-32,10679,2049,Codeforces Round 994 (Div. 2)
_Kushagra_Candidate,1038,1056,18,10679,2049,Codeforces Round 994 (Div. 2)
shrishvesh123,390,666,276,10679,2049,Codeforces Round 994 (Div. 2)
larneybinson,1447,1343,-104,10679,2049,Codeforces Round 994 (Div. 2)
gr_priyk,982,976,-6,10679,2049,Codeforces Round 994 (Div. 2)
karan_singla,938,944,6,10679,2049,Codeforces Round 994 (Div. 2)
pathekarharsh,776,885,109,10679,2049,Codeforces Round 994 (Div. 2)
finallyhere,831,939,108,10679,2049,Codeforces Round 994 (Div. 2)
Sanyam_Kabra,629,827,198,10679,2049,Codeforces Round 994 (Div. 2)
anshjalan_,989,981,-8,10679,2049,Codeforces Round 994 (Div. 2)
rrushikesh959,1341,1257,-84,10679,2049,Codeforces Round 994 (Div. 2)
aryanssraut,440,706,266,10679,2049,Codeforces Round 994 (Div. 2)
hardhik2111,722,901,179,10679,2049,Codeforces Round 994 (Div. 2)
cobwebsinvagina,974,970,-4,10679,2049,Codeforces Round 994 (Div. 2)
ayush_rider,1231,1168,-63,10679,2049,Codeforces Round 994 (Div. 2)
FANTASY.,1074,1045,-29,10679,2049,Codeforces Round 994 (Div. 2)
Excalibur2357,827,866,39,10679,2049,Codeforces Round 994 (Div. 2)
shrav_04,1137,1133,-4,10679,2049,Codeforces Round 994 (Div. 2)
prajjwallpy,1058,1033,-25,10679,2049,Codeforces Round 994 (Div. 2)
shinchannohaaraa25,456,719,263,10679,2049,Codeforces Round 994 (Div. 2)
MovaliyaYug,1148,1102,-46,10679,2049,Codeforces Round 994 (Div. 2)
jjjy,816,859,43,10679,2049,Codeforces Round 994 (Div. 2)
trinayreddy4,1055,1031,-24,10679,2049,Codeforces Round 994 (Div. 2)
yadavsurya581,0,407,407,10721,2049,Codeforces Round 994 (Div. 2)
Prababamaba,1278,1205,-73,10721,2049,Codeforces Round 994 (Div. 2)
Shabbir5253,968,964,-4,10721,2049,Codeforces Round 994 (Div. 2)
VipreshGupta,952,1034,82,10721,2049,Codeforces Round 994 (Div. 2)
mukundagarawal9,909,922,13,10721,2049,Codeforces Round 994 (Div. 2)
lO__Ol,933,1001,68,10721,2049,Codeforces Round 994 (Div. 2)
yash_bhoomkar,0,407,407,10721,2049,Codeforces Round 994 (Div. 2)
shravann,1239,1174,-65,10721,2049,Codeforces Round 994 (Div. 2)
ThisisAB,783,836,53,10721,2049,Codeforces Round 994 (Div. 2)
ks_777,0,407,407,10721,2049,Codeforces Round 994 (Div. 2)
prudvinit,1125,1084,-41,10721,2049,Codeforces Round 994 (Div. 2)
whiterook,910,923,13,10721,2049,Codeforces Round 994 (Div. 2)
1ce_tea,601,804,203,10721,2049,Codeforces Round 994 (Div. 2)
kinglacto,1114,1114,0,10721,2049,Codeforces Round 994 (Div. 2)
Atul55,979,972,-7,10721,2049,Codeforces Round 994 (Div. 2)
Ali_Imran_1633,907,920,13,10721,2049,Codeforces Round 994 (Div. 2)
winner69,1047,1023,-24,10721,2049,Codeforces Round 994 (Div. 2)
_ye_1,1168,1118,-50,10721,2049,Codeforces Round 994 (Div. 2)
_dhaPPi_,825,864,39,10721,2049,Codeforces Round 994 (Div. 2)
harshkumar_07,795,911,116,10721,2049,Codeforces Round 994 (Div. 2)
hpoojan,1044,1021,-23,10721,2049,Codeforces Round 994 (Div. 2)
Priyanshuj342,973,968,-5,10721,2049,Codeforces Round 994 (Div. 2)
tanuja_goli,1104,1067,-37,10721,2049,Codeforces Round 994 (Div. 2)
ashish02.aks,1089,1056,-33,10721,2049,Codeforces Round 994 (Div. 2)
rohan872,684,773,89,10721,2049,Codeforces Round 994 (Div. 2)
taslimulalam4890,782,835,53,10721,2049,Codeforces Round 994 (Div. 2)
loser10086,1039,1018,-21,10721,2049,Codeforces Round 994 (Div. 2)
abhi_71,1196,1180,-16,10721,2049,Codeforces Round 994 (Div. 2)
Doctt,994,984,-10,10721,2049,Codeforces Round 994 (Div. 2)
this_ability,1001,989,-12,10721,2049,Codeforces Round 994 (Div. 2)
SomebodyUnknown,1000,1053,53,10721,2049,Codeforces Round 994 (Div. 2)
who_kn0ws,1306,1228,-78,10721,2049,Codeforces Round 994 (Div. 2)
Tarner_exe,375,653,278,10721,2049,Codeforces Round 994 (Div. 2)
akshatwadhera,969,965,-4,10721,2049,Codeforces Round 994 (Div. 2)
MKS_Rajput,1003,990,-13,10721,2049,Codeforces Round 994 (Div. 2)
Ghostmonk17,1023,1044,21,10721,2049,Codeforces Round 994 (Div. 2)
abhi_10jan,844,877,33,10721,2049,Codeforces Round 994 (Div. 2)
mulham.hamdan.1,1067,1039,-28,10721,2049,Codeforces Round 994 (Div. 2)
amitommiter,762,822,60,10721,2049,Codeforces Round 994 (Div. 2)
lenbu,756,881,125,10721,2049,Codeforces Round 994 (Div. 2)
crackell,0,407,407,10721,2049,Codeforces Round 994 (Div. 2)
abhi_y28,729,801,72,10721,2049,Codeforces Round 994 (Div. 2)
Milan_Prajapati,1126,1085,-41,10721,2049,Codeforces Round 994 (Div. 2)
Fara-2007,804,917,113,10721,2049,Codeforces Round 994 (Div. 2)
MuditCF,1444,1340,-104,10721,2049,Codeforces Round 994 (Div. 2)
SmollCoco,944,1010,66,10721,2049,Codeforces Round 994 (Div. 2)
saiteja3000,0,407,407,10721,2049,Codeforces Round 994 (Div. 2)
Kyodai,726,904,178,10721,2049,Codeforces Round 994 (Div. 2)
hi_hii004,1068,1107,39,10769,2049,Codeforces Round 994 (Div. 2)
_Tsukumo,1895,1710,-185,10769,2049,Codeforces Round 994 (Div. 2)
Ayush67801,1117,1077,-40,10771,2049,Codeforces Round 994 (Div. 2)
rage_07,1132,1089,-43,10771,2049,Codeforces Round 994 (Div. 2)
brijmohan_17,0,407,407,10771,2049,Codeforces Round 994 (Div. 2)
newyear,1063,1035,-28,10771,2049,Codeforces Round 994 (Div. 2)
MAdhurgupta7834,1235,1170,-65,10771,2049,Codeforces Round 994 (Div. 2)
Azamat018-bil,902,916,14,10771,2049,Codeforces Round 994 (Div. 2)
Harshit_An,846,934,88,10771,2049,Codeforces Round 994 (Div. 2)
Vingw009,1001,988,-13,10771,2049,Codeforces Round 994 (Div. 2)
dang2000jack,964,1025,61,10771,2049,Codeforces Round 994 (Div. 2)
Snow_White,1194,1138,-56,10771,2049,Codeforces Round 994 (Div. 2)
StealthStark,1413,1355,-58,10771,2049,Codeforces Round 994 (Div. 2)
LCW-Will,365,644,279,10771,2049,Codeforces Round 994 (Div. 2)
cse,1171,1119,-52,10771,2049,Codeforces Round 994 (Div. 2)
004dpn,924,932,8,10771,2049,Codeforces Round 994 (Div. 2)
henry_lohia,1371,1280,-91,10771,2049,Codeforces Round 994 (Div. 2)
parinavputhran,972,967,-5,10771,2049,Codeforces Round 994 (Div. 2)
Fly_wind,401,673,272,10771,2049,Codeforces Round 994 (Div. 2)
Luzdks,621,819,198,10771,2049,Codeforces Round 994 (Div. 2)
MitMehta,820,860,40,10771,2049,Codeforces Round 994 (Div. 2)
Agarwal_Sh,1004,1056,52,10771,2049,Codeforces Round 994 (Div. 2)
Dhruvdxt,595,799,204,10771,2049,Codeforces Round 994 (Div. 2)
learner07,965,961,-4,10771,2049,Codeforces Round 994 (Div. 2)
sansh2356,965,961,-4,10771,2049,Codeforces Round 994 (Div. 2)
PenDownCodes,925,1012,87,10771,2049,Codeforces Round 994 (Div. 2)
52SamoLeT,902,916,14,10771,2049,Codeforces Round 994 (Div. 2)
kaftan,1030,1048,18,10771,2049,Codeforces Round 994 (Div. 2)
aakritishakya356,850,880,30,10771,2049,Codeforces Round 994 (Div. 2)
Paan_Waala,1390,1296,-94,10771,2049,Codeforces Round 994 (Div. 2)
hmistry363,933,975,42,10771,2049,Codeforces Round 994 (Div. 2)
aditya2.7080,1187,1132,-55,10771,2049,Codeforces Round 994 (Div. 2)
Shekher.Rishi,1104,1136,32,10771,2049,Codeforces Round 994 (Div. 2)
pushpraj_singh,927,996,69,10771,2049,Codeforces Round 994 (Div. 2)
Virat_Garg,1019,1002,-17,10771,2049,Codeforces Round 994 (Div. 2)
Vanshika_Gupta2403,760,883,123,10771,2049,Codeforces Round 994 (Div. 2)
rayy1,955,954,-1,10771,2049,Codeforces Round 994 (Div. 2)
teja_kallari23,1042,1019,-23,10806,2049,Codeforces Round 994 (Div. 2)
bhawnadiya15,749,874,125,10806,2049,Codeforces Round 994 (Div. 2)
kolirigved,1140,1094,-46,10806,2049,Codeforces Round 994 (Div. 2)
Erzhan-Z-008-27,795,842,47,10806,2049,Codeforces Round 994 (Div. 2)
shreyaa21,448,711,263,10806,2049,Codeforces Round 994 (Div. 2)
cankjaca,1019,1001,-18,10806,2049,Codeforces Round 994 (Div. 2)
kamulboyev__diyorbek,1022,1003,-19,10806,2049,Codeforces Round 994 (Div. 2)
shreyyanshh,379,655,276,10806,2049,Codeforces Round 994 (Div. 2)
hseerig,946,984,38,10806,2049,Codeforces Round 994 (Div. 2)
devashish0812,961,958,-3,10806,2049,Codeforces Round 994 (Div. 2)
Manibhushan05,934,938,4,10806,2049,Codeforces Round 994 (Div. 2)
Akbarr1,929,935,6,10806,2049,Codeforces Round 994 (Div. 2)
justphuckhang,767,824,57,10806,2049,Codeforces Round 994 (Div. 2)
AmishKrishna7,966,961,-5,10806,2049,Codeforces Round 994 (Div. 2)
jack112739,1628,1489,-139,10806,2049,Codeforces Round 994 (Div. 2)
erase,1289,1213,-76,10806,2049,Codeforces Round 994 (Div. 2)
omkarmande,694,877,183,10806,2049,Codeforces Round 994 (Div. 2)
shikhar789,863,923,60,10806,2049,Codeforces Round 994 (Div. 2)
rahim992005,964,960,-4,10806,2049,Codeforces Round 994 (Div. 2)
Vision_99,1180,1126,-54,10806,2049,Codeforces Round 994 (Div. 2)
shourya.veer,1036,1014,-22,10806,2049,Codeforces Round 994 (Div. 2)
AnanERA,1010,994,-16,10806,2049,Codeforces Round 994 (Div. 2)
WA___,1152,1104,-48,10806,2049,Codeforces Round 994 (Div. 2)
RM26,691,776,85,10806,2049,Codeforces Round 994 (Div. 2)
Subaru_NAtsuki,459,720,261,10806,2049,Codeforces Round 994 (Div. 2)
shrihari7,966,961,-5,10806,2049,Codeforces Round 994 (Div. 2)
Scyth_Kronos,1107,1069,-38,10806,2049,Codeforces Round 994 (Div. 2)
Tamajeet7,1134,1090,-44,10806,2049,Codeforces Round 994 (Div. 2)
YashsCodes,737,912,175,10806,2049,Codeforces Round 994 (Div. 2)
cyber_Expert,667,855,188,10806,2049,Codeforces Round 994 (Div. 2)
saumyaa03,1292,1216,-76,10806,2049,Codeforces Round 994 (Div. 2)
Panta_Iilisha,893,909,16,10806,2049,Codeforces Round 994 (Div. 2)
coderseaorcus,1039,1016,-23,10806,2049,Codeforces Round 994 (Div. 2)
wobuwantaidao,695,877,182,10806,2049,Codeforces Round 994 (Div. 2)
hyperion.akki,796,876,80,10806,2049,Codeforces Round 994 (Div. 2)
Harshitha21,1092,1057,-35,10806,2049,Codeforces Round 994 (Div. 2)
AD57,835,869,34,10806,2049,Codeforces Round 994 (Div. 2)
vishal9731626,0,407,407,10806,2049,Codeforces Round 994 (Div. 2)
DarkBlade,1034,1013,-21,10806,2049,Codeforces Round 994 (Div. 2)
jayesh.sewlani.civ22,897,912,15,10845,2049,Codeforces Round 994 (Div. 2)
posty_15,624,821,197,10846,2049,Codeforces Round 994 (Div. 2)
Ajay2112,883,901,18,10846,2049,Codeforces Round 994 (Div. 2)
mehedi-007,1036,1013,-23,10846,2049,Codeforces Round 994 (Div. 2)
vishal1423,804,916,112,10846,2049,Codeforces Round 994 (Div. 2)
vaibhavmsra_78,687,772,85,10846,2049,Codeforces Round 994 (Div. 2)
secret_room1,1006,990,-16,10846,2049,Codeforces Round 994 (Div. 2)
Kunalkmr07,611,810,199,10846,2049,Codeforces Round 994 (Div. 2)
Moodybluez1358,612,811,199,10846,2049,Codeforces Round 994 (Div. 2)
Sidd_Rai,1299,1221,-78,10846,2049,Codeforces Round 994 (Div. 2)
Amantyagi14,1132,1087,-45,10846,2049,Codeforces Round 994 (Div. 2)
Mynell,622,819,197,10846,2049,Codeforces Round 994 (Div. 2)
kir3.1415,722,853,131,10846,2049,Codeforces Round 994 (Div. 2)
mh.utsho,1118,1077,-41,10846,2049,Codeforces Round 994 (Div. 2)
challa_likhitha,869,967,98,10846,2049,Codeforces Round 994 (Div. 2)
ArchitaB,1125,1082,-43,10846,2049,Codeforces Round 994 (Div. 2)
Ambr,933,999,66,10846,2049,Codeforces Round 994 (Div. 2)
Norway_,936,939,3,10846,2049,Codeforces Round 994 (Div. 2)
Renko114,1273,1200,-73,10846,2049,Codeforces Round 994 (Div. 2)
mrreda1,1089,1054,-35,10846,2049,Codeforces Round 994 (Div. 2)
scorpi0n,415,684,269,10846,2049,Codeforces Round 994 (Div. 2)
WarriorOf313,876,896,20,10846,2049,Codeforces Round 994 (Div. 2)
avyay26,737,864,127,10846,2049,Codeforces Round 994 (Div. 2)
PoornaVadhan,789,904,115,10846,2049,Codeforces Round 994 (Div. 2)
ypsd,1406,1308,-98,10846,2049,Codeforces Round 994 (Div. 2)
nirvanbhagabati9,380,655,275,10846,2049,Codeforces Round 994 (Div. 2)
vamsikr,1279,1205,-74,10846,2049,Codeforces Round 994 (Div. 2)
Sanjeet_Rockz,763,872,109,10846,2049,Codeforces Round 994 (Div. 2)
Ic3yCr3am,902,915,13,10846,2049,Codeforces Round 994 (Div. 2)
ganeshkolagatla,383,658,275,10846,2049,Codeforces Round 994 (Div. 2)
deeksha_23,1125,1082,-43,10846,2049,Codeforces Round 994 (Div. 2)
ISO7777,389,663,274,10846,2049,Codeforces Round 994 (Div. 2)
assiyadi.issam1,687,871,184,10846,2049,Codeforces Round 994 (Div. 2)
aarush_aggarwal,0,406,406,10878,2049,Codeforces Round 994 (Div. 2)
Nilpotent,634,828,194,10878,2049,Codeforces Round 994 (Div. 2)
chinu0512,1022,1068,46,10878,2049,Codeforces Round 994 (Div. 2)
YashKalia2526,942,942,0,10878,2049,Codeforces Round 994 (Div. 2)
iamchappie,927,931,4,10878,2049,Codeforces Round 994 (Div. 2)
ochpochmak141,1164,1112,-52,10878,2049,Codeforces Round 994 (Div. 2)
not_encoder,1002,986,-16,10878,2049,Codeforces Round 994 (Div. 2)
virtual2.0,1058,1029,-29,10878,2049,Codeforces Round 994 (Div. 2)
taumiq,963,958,-5,10878,2049,Codeforces Round 994 (Div. 2)
Vasusharma001,943,943,0,10878,2049,Codeforces Round 994 (Div. 2)
mg.919867,366,644,278,10878,2049,Codeforces Round 994 (Div. 2)
tortuous,1049,1022,-27,10878,2049,Codeforces Round 994 (Div. 2)
speechless29,456,717,261,10878,2049,Codeforces Round 994 (Div. 2)
FQWyyds,407,676,269,10878,2049,Codeforces Round 994 (Div. 2)
Foolishfish,969,999,30,10878,2049,Codeforces Round 994 (Div. 2)
ParadoxJunior,948,947,-1,10878,2049,Codeforces Round 994 (Div. 2)
karanaggarwal01,1011,1032,21,10878,2049,Codeforces Round 994 (Div. 2)
THe_BeLiEVeR,870,891,21,10878,2049,Codeforces Round 994 (Div. 2)
neal123,1095,1058,-37,10878,2049,Codeforces Round 994 (Div. 2)
at_22,1143,1095,-48,10878,2049,Codeforces Round 994 (Div. 2)
TLESlayer,1017,1064,47,10878,2049,Codeforces Round 994 (Div. 2)
sh4ny,875,971,96,10878,2049,Codeforces Round 994 (Div. 2)
bluebag12345678,1139,1092,-47,10878,2049,Codeforces Round 994 (Div. 2)
L-S-S,1202,1142,-60,10878,2049,Codeforces Round 994 (Div. 2)
skadiii,1030,1075,45,10878,2049,Codeforces Round 994 (Div. 2)
AnadiMehta,967,961,-6,10878,2049,Codeforces Round 994 (Div. 2)
sourav9985,1318,1236,-82,10878,2049,Codeforces Round 994 (Div. 2)
polavarapujyoshna9,647,747,100,10878,2049,Codeforces Round 994 (Div. 2)
krishna2804,1092,1056,-36,10878,2049,Codeforces Round 994 (Div. 2)
ANOnymou5,1119,1077,-42,10878,2049,Codeforces Round 994 (Div. 2)
Paneer_homeless_28,970,962,-8,10878,2049,Codeforces Round 994 (Div. 2)
kadlakpratik,1040,1083,43,10878,2049,Codeforces Round 994 (Div. 2)
samra_seher_12,0,406,406,10878,2049,Codeforces Round 994 (Div. 2)
ytterbium__yttrium,825,860,35,10878,2049,Codeforces Round 994 (Div. 2)
rakeshsp330,822,892,70,10878,2049,Codeforces Round 994 (Div. 2)
GauravPandey_1_1,742,867,125,10878,2049,Codeforces Round 994 (Div. 2)
noob25,1123,1080,-43,10878,2049,Codeforces Round 994 (Div. 2)
sus123321,876,1024,148,10878,2049,Codeforces Round 994 (Div. 2)
Honey_priya,1125,1081,-44,10878,2049,Codeforces Round 994 (Div. 2)
GKgoyal,849,934,85,10878,2049,Codeforces Round 994 (Div. 2)
sahil1607,1262,1190,-72,10878,2049,Codeforces Round 994 (Div. 2)
Bot_maester,982,972,-10,10878,2049,Codeforces Round 994 (Div. 2)
SM_OP,791,905,114,10878,2049,Codeforces Round 994 (Div. 2)
Viky23,1084,1049,-35,10878,2049,Codeforces Round 994 (Div. 2)
ElectroX311,879,933,54,10878,2049,Codeforces Round 994 (Div. 2)
sourav_2210,848,949,101,10923,2049,Codeforces Round 994 (Div. 2)
adity_a,398,669,271,10923,2049,Codeforces Round 994 (Div. 2)
Yashu23,981,1035,54,10923,2049,Codeforces Round 994 (Div. 2)
wwe.aadarshnayak,709,887,178,10923,2049,Codeforces Round 994 (Div. 2)
Rishi112,369,646,277,10923,2049,Codeforces Round 994 (Div. 2)
sujal2004,836,867,31,10923,2049,Codeforces Round 994 (Div. 2)
Subh_Raj_Shaw,894,943,49,10923,2049,Codeforces Round 994 (Div. 2)
adofm,665,852,187,10923,2049,Codeforces Round 994 (Div. 2)
archer41156,1173,1119,-54,10923,2049,Codeforces Round 994 (Div. 2)
kuldipsinh_,1031,1008,-23,10923,2049,Codeforces Round 994 (Div. 2)
JaJaSrija,858,941,83,10923,2049,Codeforces Round 994 (Div. 2)
mishr.og,914,921,7,10923,2049,Codeforces Round 994 (Div. 2)
badvelcp,1104,1133,29,10923,2049,Codeforces Round 994 (Div. 2)
devanshadhok,1010,992,-18,10923,2049,Codeforces Round 994 (Div. 2)
Ahnaf_Shahriar,1027,1005,-22,10923,2049,Codeforces Round 994 (Div. 2)
jack1011,734,800,66,10923,2049,Codeforces Round 994 (Div. 2)
sky69,778,943,165,10923,2049,Codeforces Round 994 (Div. 2)
ravi_kumar013030,581,785,204,10923,2049,Codeforces Round 994 (Div. 2)
aanchalbaheti,987,975,-12,10923,2049,Codeforces Round 994 (Div. 2)
venketeswar99,617,814,197,10923,2049,Codeforces Round 994 (Div. 2)
Xulichen,0,406,406,10923,2049,Codeforces Round 994 (Div. 2)
Chotu_04,805,846,41,10923,2049,Codeforces Round 994 (Div. 2)
vidhanagarwal2001,1112,1071,-41,10923,2049,Codeforces Round 994 (Div. 2)
thengoipham,1065,1102,37,10923,2049,Codeforces Round 994 (Div. 2)
Arden2007,0,406,406,10923,2049,Codeforces Round 994 (Div. 2)
jituverma,937,938,1,10923,2049,Codeforces Round 994 (Div. 2)
yashupd,929,932,3,10923,2049,Codeforces Round 994 (Div. 2)
-RIFAT-,1110,1069,-41,10923,2049,Codeforces Round 994 (Div. 2)
tahmid.haque,748,809,61,10923,2049,Codeforces Round 994 (Div. 2)
ZapLucky,915,1002,87,10923,2049,Codeforces Round 994 (Div. 2)
zye73,1096,1058,-38,10923,2049,Codeforces Round 994 (Div. 2)
Surya_0998,1010,992,-18,10923,2049,Codeforces Round 994 (Div. 2)
Mahi3104,1062,1032,-30,10923,2049,Codeforces Round 994 (Div. 2)
007jagteshversingh,0,406,406,10923,2049,Codeforces Round 994 (Div. 2)
yRajveer,1115,1073,-42,10923,2049,Codeforces Round 994 (Div. 2)
DarkNerd,970,962,-8,10923,2049,Codeforces Round 994 (Div. 2)
im_chandan,378,653,275,10923,2049,Codeforces Round 994 (Div. 2)
clear_hu,0,405,405,10960,2049,Codeforces Round 994 (Div. 2)
surya_2112,420,686,266,10960,2049,Codeforces Round 994 (Div. 2)
sadliu,1141,1093,-48,10960,2049,Codeforces Round 994 (Div. 2)
manmeet_ki_muskan_2.0,1370,1277,-93,10960,2049,Codeforces Round 994 (Div. 2)
yarara6,616,812,196,10960,2049,Codeforces Round 994 (Div. 2)
sharmaaryan,985,972,-13,10960,2049,Codeforces Round 994 (Div. 2)
Ayoub_moussaif,396,667,271,10960,2049,Codeforces Round 994 (Div. 2)
singalreddyrishitha7,663,850,187,10960,2049,Codeforces Round 994 (Div. 2)
fajarhamka,949,946,-3,10960,2049,Codeforces Round 994 (Div. 2)
Alok_2003,766,884,118,10960,2049,Codeforces Round 994 (Div. 2)
Shotgun_pink,0,405,405,10960,2049,Codeforces Round 994 (Div. 2)
Tharun_Reddy_,1014,995,-19,10960,2049,Codeforces Round 994 (Div. 2)
MANAN1112,950,947,-3,10960,2049,Codeforces Round 994 (Div. 2)
swaraj.unde,1049,1021,-28,10960,2049,Codeforces Round 994 (Div. 2)
bauhandle,1203,1182,-21,10960,2049,Codeforces Round 994 (Div. 2)
atharva_112,1005,988,-17,10960,2049,Codeforces Round 994 (Div. 2)
veerendracf,915,921,6,10960,2049,Codeforces Round 994 (Div. 2)
slganeshh2006,1055,1026,-29,10960,2049,Codeforces Round 994 (Div. 2)
5am__Arpit,618,814,196,10960,2049,Codeforces Round 994 (Div. 2)
prabha36,902,912,10,10960,2049,Codeforces Round 994 (Div. 2)
RSHAM,1015,995,-20,10960,2049,Codeforces Round 994 (Div. 2)
mat_eternals,1059,1029,-30,10960,2049,Codeforces Round 994 (Div. 2)
zhiyin02,406,675,269,10960,2049,Codeforces Round 994 (Div. 2)
ankita_0906,810,918,108,10960,2049,Codeforces Round 994 (Div. 2)
sriram2858,0,405,405,10960,2049,Codeforces Round 994 (Div. 2)
Poojan_B,1072,1039,-33,10960,2049,Codeforces Round 994 (Div. 2)
kathiriyavrushabh0702,1072,1039,-33,10960,2049,Codeforces Round 994 (Div. 2)
Kanikaa_22,1140,1092,-48,10960,2049,Codeforces Round 994 (Div. 2)
aayush1singh,955,1033,78,10960,2049,Codeforces Round 994 (Div. 2)
Horizon_1112,988,975,-13,10960,2049,Codeforces Round 994 (Div. 2)
MckyonWee,958,1017,59,10960,2049,Codeforces Round 994 (Div. 2)
srinidi,926,929,3,10960,2049,Codeforces Round 994 (Div. 2)
maxyzo,375,650,275,10960,2049,Codeforces Round 994 (Div. 2)
ngc2727,674,859,185,10960,2049,Codeforces Round 994 (Div. 2)
Jyoti_024,1037,1079,42,10960,2049,Codeforces Round 994 (Div. 2)
Mazter_007,971,962,-9,10960,2049,Codeforces Round 994 (Div. 2)
sreenesh18,0,405,405,10960,2049,Codeforces Round 994 (Div. 2)
waitforme,453,713,260,10960,2049,Codeforces Round 994 (Div. 2)
ankit_GarG,892,905,13,10960,2049,Codeforces Round 994 (Div. 2)
-George-,405,674,269,10960,2049,Codeforces Round 994 (Div. 2)
Shivam454192,0,405,405,11000,2049,Codeforces Round 994 (Div. 2)
UnSolvedBug_Farhan,1125,1080,-45,11000,2049,Codeforces Round 994 (Div. 2)
c-e-GJ2,1103,1102,-1,11000,2049,Codeforces Round 994 (Div. 2)
LeYu112,959,990,31,11000,2049,Codeforces Round 994 (Div. 2)
alok64,915,921,6,11000,2049,Codeforces Round 994 (Div. 2)
Jayrami1,634,827,193,11000,2049,Codeforces Round 994 (Div. 2)
qkrqhdtn3,346,626,280,11000,2049,Codeforces Round 994 (Div. 2)
xjl_zjbnb,757,877,120,11000,2049,Codeforces Round 994 (Div. 2)
0xmar,1140,1091,-49,11000,2049,Codeforces Round 994 (Div. 2)
pandit12.aditya,387,659,272,11000,2049,Codeforces Round 994 (Div. 2)
luca.rares.andrei,880,896,16,11000,2049,Codeforces Round 994 (Div. 2)
Mahashri_Saini,1025,1002,-23,11000,2049,Codeforces Round 994 (Div. 2)
Typed_SIGTERM,1197,1137,-60,11000,2049,Codeforces Round 994 (Div. 2)
ddada,1034,1009,-25,11000,2049,Codeforces Round 994 (Div. 2)
ApurvGangavane,965,957,-8,11000,2049,Codeforces Round 994 (Div. 2)
anuj_rkm,1105,1064,-41,11000,2049,Codeforces Round 994 (Div. 2)
noob_coder_IITMandi,419,685,266,11000,2049,Codeforces Round 994 (Div. 2)
xingzhizhu,1051,1022,-29,11000,2049,Codeforces Round 994 (Div. 2)
subhrojit,870,889,19,11000,2049,Codeforces Round 994 (Div. 2)
Ankit-cp,925,928,3,11000,2049,Codeforces Round 994 (Div. 2)
Shivansh_Mehra,465,723,258,11000,2049,Codeforces Round 994 (Div. 2)
HMan003,748,870,122,11000,2049,Codeforces Round 994 (Div. 2)
Arvind_22116019,699,776,77,11000,2049,Codeforces Round 994 (Div. 2)
b_disha,753,810,57,11000,2049,Codeforces Round 994 (Div. 2)
Gsr1435,643,833,190,11000,2049,Codeforces Round 994 (Div. 2)
scar_wiz,0,405,405,11000,2049,Codeforces Round 994 (Div. 2)
ADiTYa1914,929,931,2,11000,2049,Codeforces Round 994 (Div. 2)
Dasha_Is_Awesome,962,1039,77,11000,2049,Codeforces Round 994 (Div. 2)
shen_kong,1072,1038,-34,11000,2049,Codeforces Round 994 (Div. 2)
nagendra.265,605,803,198,11000,2049,Codeforces Round 994 (Div. 2)
KISHU-28,896,907,11,11000,2049,Codeforces Round 994 (Div. 2)
muskan_pastor,899,909,10,11000,2049,Codeforces Round 994 (Div. 2)
PiiiiiiG,983,1036,53,11000,2049,Codeforces Round 994 (Div. 2)
nipunsamal_474,817,923,106,11000,2049,Codeforces Round 994 (Div. 2)
KedaarK,1008,989,-19,11000,2049,Codeforces Round 994 (Div. 2)
hamood.XD__,1024,1001,-23,11035,2049,Codeforces Round 994 (Div. 2)
lengling,1043,1015,-28,11035,2049,Codeforces Round 994 (Div. 2)
KrishWadhwa24,771,820,49,11035,2049,Codeforces Round 994 (Div. 2)
kunalsobti3204,1031,1006,-25,11035,2049,Codeforces Round 994 (Div. 2)
Hebed.Jam,1070,1036,-34,11035,2049,Codeforces Round 994 (Div. 2)
amkl,900,945,45,11035,2049,Codeforces Round 994 (Div. 2)
hardeeparekh,1268,1193,-75,11035,2049,Codeforces Round 994 (Div. 2)
Garvit__Maheshwari,876,952,76,11035,2049,Codeforces Round 994 (Div. 2)
Nowshin_Tabassum_Dola,1084,1047,-37,11035,2049,Codeforces Round 994 (Div. 2)
gauravmishra_iitr,1093,1054,-39,11035,2049,Codeforces Round 994 (Div. 2)
pratyush0017,0,404,404,11035,2049,Codeforces Round 994 (Div. 2)
Nan4053,0,404,404,11035,2049,Codeforces Round 994 (Div. 2)
A7md_Sob7,1109,1066,-43,11035,2049,Codeforces Round 994 (Div. 2)
soni_brothers,963,993,30,11035,2049,Codeforces Round 994 (Div. 2)
PrashamMehta,899,908,9,11035,2049,Codeforces Round 994 (Div. 2)
M_mittal,1249,1178,-71,11035,2049,Codeforces Round 994 (Div. 2)
architagoyal_,1201,1139,-62,11035,2049,Codeforces Round 994 (Div. 2)
Sakshi_Baghel,892,903,11,11035,2049,Codeforces Round 994 (Div. 2)
abid_h_09,1014,994,-20,11035,2049,Codeforces Round 994 (Div. 2)
muralikrishna05,819,924,105,11035,2049,Codeforces Round 994 (Div. 2)
shubham1307kumar,1094,1055,-39,11035,2049,Codeforces Round 994 (Div. 2)
ivar_3,860,940,80,11035,2049,Codeforces Round 994 (Div. 2)
amazmas0,627,820,193,11035,2049,Codeforces Round 994 (Div. 2)
devansh2624,1007,988,-19,11035,2049,Codeforces Round 994 (Div. 2)
ganji_chuiya,918,922,4,11035,2049,Codeforces Round 994 (Div. 2)
medhaa09,410,677,267,11035,2049,Codeforces Round 994 (Div. 2)
TheReverseFlash,870,948,78,11035,2049,Codeforces Round 994 (Div. 2)
ankit37saha,1219,1153,-66,11035,2049,Codeforces Round 994 (Div. 2)
valiii,1126,1079,-47,11035,2049,Codeforces Round 994 (Div. 2)
somir4n,911,953,42,11035,2049,Codeforces Round 994 (Div. 2)
xcellarator_69,862,958,96,11035,2049,Codeforces Round 994 (Div. 2)
Oliji,865,884,19,11035,2049,Codeforces Round 994 (Div. 2)
HanumanBhakt,1112,1069,-43,11035,2049,Codeforces Round 994 (Div. 2)
Porco__Rosso,1279,1202,-77,11035,2049,Codeforces Round 994 (Div. 2)
Kerolous66M,1147,1096,-51,11035,2049,Codeforces Round 994 (Div. 2)
mullaCoder,1094,1055,-39,11035,2049,Codeforces Round 994 (Div. 2)
Adii,1059,1028,-31,11035,2049,Codeforces Round 994 (Div. 2)
R0biJoy,1051,1021,-30,11035,2049,Codeforces Round 994 (Div. 2)
__Skywalker__,979,1031,52,11073,2049,Codeforces Round 994 (Div. 2)
ashutoshbhatt,906,912,6,11073,2049,Codeforces Round 994 (Div. 2)
vagishashrivastava2005,909,915,6,11073,2049,Codeforces Round 994 (Div. 2)
Riddhi-Mistry,1016,994,-22,11073,2049,Codeforces Round 994 (Div. 2)
Reid2147,433,696,263,11073,2049,Codeforces Round 994 (Div. 2)
aryan_lohia,903,973,70,11073,2049,Codeforces Round 994 (Div. 2)
Devesh_06,885,897,12,11073,2049,Codeforces Round 994 (Div. 2)
sidereum,869,886,17,11073,2049,Codeforces Round 994 (Div. 2)
Wake-up,368,642,274,11073,2049,Codeforces Round 994 (Div. 2)
xienda,1077,1080,3,11073,2049,Codeforces Round 994 (Div. 2)
rifatbroh,1095,1055,-40,11073,2049,Codeforces Round 994 (Div. 2)
sriharsharaoc06,678,860,182,11073,2049,Codeforces Round 994 (Div. 2)
bored_mortal,471,727,256,11073,2049,Codeforces Round 994 (Div. 2)
ro_.hi__th._,979,965,-14,11073,2049,Codeforces Round 994 (Div. 2)
HemantPathak,1127,1080,-47,11073,2049,Codeforces Round 994 (Div. 2)
ourgour,1128,1081,-47,11073,2049,Codeforces Round 994 (Div. 2)
KaanPasa,929,965,36,11073,2049,Codeforces Round 994 (Div. 2)
Jmangla.g,924,925,1,11073,2049,Codeforces Round 994 (Div. 2)
Ccupup,1132,1084,-48,11073,2049,Codeforces Round 994 (Div. 2)
_Charchit.cpp_,1003,984,-19,11073,2049,Codeforces Round 994 (Div. 2)
ABC_Time_Limit_786,847,871,24,11073,2049,Codeforces Round 994 (Div. 2)
mach102243,1415,1313,-102,11073,2049,Codeforces Round 994 (Div. 2)
blackpanther1729,987,972,-15,11073,2049,Codeforces Round 994 (Div. 2)
Vishwa_17,355,632,277,11073,2049,Codeforces Round 994 (Div. 2)
sddl3,1011,990,-21,11073,2049,Codeforces Round 994 (Div. 2)
sujoyy19,1089,1050,-39,11073,2049,Codeforces Round 994 (Div. 2)
ut_karsh31,903,911,8,11073,2049,Codeforces Round 994 (Div. 2)
Tortoise795,851,874,23,11073,2049,Codeforces Round 994 (Div. 2)
_respect.,1062,1029,-33,11073,2049,Codeforces Round 994 (Div. 2)
techleadx,611,807,196,11073,2049,Codeforces Round 994 (Div. 2)
Piyush_GYL,972,961,-11,11073,2049,Codeforces Round 994 (Div. 2)
joj00,1023,999,-24,11073,2049,Codeforces Round 994 (Div. 2)
PIYUSH_07092005,617,812,195,11073,2049,Codeforces Round 994 (Div. 2)
jashan26,355,632,277,11073,2049,Codeforces Round 994 (Div. 2)
agarwal_shaleen,855,952,97,11073,2049,Codeforces Round 994 (Div. 2)
Glc_0705,1025,1001,-24,11073,2049,Codeforces Round 994 (Div. 2)
kattarajini,570,696,126,11073,2049,Codeforces Round 994 (Div. 2)
bot_nobita,901,909,8,11073,2049,Codeforces Round 994 (Div. 2)
_crn_,627,820,193,11073,2049,Codeforces Round 994 (Div. 2)
rathorvivek,905,912,7,11112,2049,Codeforces Round 994 (Div. 2)
shravyam04,1031,1004,-27,11113,2049,Codeforces Round 994 (Div. 2)
Omaer02,896,904,8,11113,2049,Codeforces Round 994 (Div. 2)
reishika,979,965,-14,11113,2049,Codeforces Round 994 (Div. 2)
Rahinnn,897,905,8,11113,2049,Codeforces Round 994 (Div. 2)
sumitp5243,594,793,199,11113,2049,Codeforces Round 994 (Div. 2)
karthiks_s7,819,908,89,11113,2049,Codeforces Round 994 (Div. 2)
adilakhmetov,1186,1126,-60,11113,2049,Codeforces Round 994 (Div. 2)
Nwrmnddd,808,843,35,11113,2049,Codeforces Round 994 (Div. 2)
anika_kayal,1056,1024,-32,11113,2049,Codeforces Round 994 (Div. 2)
ksrkasyap,947,941,-6,11113,2049,Codeforces Round 994 (Div. 2)
skr-suyash,1085,1046,-39,11113,2049,Codeforces Round 994 (Div. 2)
Ash_137,1176,1158,-18,11113,2049,Codeforces Round 994 (Div. 2)
Saminathan,874,949,75,11113,2049,Codeforces Round 994 (Div. 2)
hohohohosSANTAhohohoho,0,403,403,11113,2049,Codeforces Round 994 (Div. 2)
Hemabhushan,946,941,-5,11113,2049,Codeforces Round 994 (Div. 2)
ne_apnul_uchenika_do2025,1076,1039,-37,11113,2049,Codeforces Round 994 (Div. 2)
shuvo_09,741,862,121,11113,2049,Codeforces Round 994 (Div. 2)
khaledkammoun,658,844,186,11113,2049,Codeforces Round 994 (Div. 2)
tamim.islam,807,899,92,11113,2049,Codeforces Round 994 (Div. 2)
DebugDonkey,979,1003,24,11113,2049,Codeforces Round 994 (Div. 2)
Assmaamr,781,825,44,11113,2049,Codeforces Round 994 (Div. 2)
vaaman123,1033,1007,-26,11113,2049,Codeforces Round 994 (Div. 2)
YASH_VENOM,1044,1015,-29,11113,2049,Codeforces Round 994 (Div. 2)
Sejal_Chourasia,632,823,191,11113,2049,Codeforces Round 994 (Div. 2)
trajans_gate,501,751,250,11113,2049,Codeforces Round 994 (Div. 2)
YZNing,852,909,57,11113,2049,Codeforces Round 994 (Div. 2)
De_Coder_Rohan,1163,1108,-55,11113,2049,Codeforces Round 994 (Div. 2)
AboRehab11,997,979,-18,11113,2049,Codeforces Round 994 (Div. 2)
apoorv_krishna_12,876,891,15,11113,2049,Codeforces Round 994 (Div. 2)
i_m_kartik_01,887,898,11,11113,2049,Codeforces Round 994 (Div. 2)
cxmko,358,634,276,11113,2049,Codeforces Round 994 (Div. 2)
szt1020,375,648,273,11113,2049,Codeforces Round 994 (Div. 2)
Piyush_goyal2508,996,1016,20,11113,2049,Codeforces Round 994 (Div. 2)
the_hokage,935,933,-2,11113,2049,Codeforces Round 994 (Div. 2)
t_keerthi,876,891,15,11113,2049,Codeforces Round 994 (Div. 2)
gsingh1717,1226,1158,-68,11113,2049,Codeforces Round 994 (Div. 2)
qq2110288361,0,403,403,11113,2049,Codeforces Round 994 (Div. 2)
bjd_rocks,1145,1093,-52,11150,2049,Codeforces Round 994 (Div. 2)
ayushu8860,777,940,163,11151,2049,Codeforces Round 994 (Div. 2)
WHysenberg,863,940,77,11151,2049,Codeforces Round 994 (Div. 2)
codeXsachin,912,915,3,11151,2049,Codeforces Round 994 (Div. 2)
siddhantbakshi1979,725,849,124,11151,2049,Codeforces Round 994 (Div. 2)
viraz17,977,962,-15,11151,2049,Codeforces Round 994 (Div. 2)
plusULTRAA,1046,1084,38,11151,2049,Codeforces Round 994 (Div. 2)
dhsh1975,1039,1010,-29,11151,2049,Codeforces Round 994 (Div. 2)
lithiumpilled,1081,1043,-38,11151,2049,Codeforces Round 994 (Div. 2)
Wang-,642,830,188,11151,2049,Codeforces Round 994 (Div. 2)
dammuchaitanya,1055,1022,-33,11151,2049,Codeforces Round 994 (Div. 2)
hex_piyush,0,403,403,11151,2049,Codeforces Round 994 (Div. 2)
nm3806,1053,1021,-32,11151,2049,Codeforces Round 994 (Div. 2)
Rush.cpp,1004,983,-21,11151,2049,Codeforces Round 994 (Div. 2)
shenmi666,739,797,58,11151,2049,Codeforces Round 994 (Div. 2)
_rudra_pratap_singh_,1060,1026,-34,11151,2049,Codeforces Round 994 (Div. 2)
YYXDSG,829,914,85,11151,2049,Codeforces Round 994 (Div. 2)
scarecrow689,1167,1110,-57,11151,2049,Codeforces Round 994 (Div. 2)
MatinalCosmos,1090,1050,-40,11151,2049,Codeforces Round 994 (Div. 2)
sarveshjoshi29,1125,1077,-48,11151,2049,Codeforces Round 994 (Div. 2)
The_CodeRoller,804,840,36,11151,2049,Codeforces Round 994 (Div. 2)
YouD0ntKn0wWho,824,978,154,11151,2049,Codeforces Round 994 (Div. 2)
namish75,1048,1017,-31,11151,2049,Codeforces Round 994 (Div. 2)
SSK_ADV,1121,1074,-47,11151,2049,Codeforces Round 994 (Div. 2)
moderax_draxx,921,922,1,11151,2049,Codeforces Round 994 (Div. 2)
codeX269,837,862,25,11151,2049,Codeforces Round 994 (Div. 2)
gopalhans,899,986,87,11151,2049,Codeforces Round 994 (Div. 2)
S_HAWK_09,815,919,104,11151,2049,Codeforces Round 994 (Div. 2)
chan1021,1345,1254,-91,11151,2049,Codeforces Round 994 (Div. 2)
YMW060612,1019,995,-24,11151,2049,Codeforces Round 994 (Div. 2)
Diya5772,886,896,10,11151,2049,Codeforces Round 994 (Div. 2)
RahimAshraf,776,821,45,11151,2049,Codeforces Round 994 (Div. 2)
kupa2612,800,907,107,11151,2049,Codeforces Round 994 (Div. 2)
luffy_5254,873,888,15,11151,2049,Codeforces Round 994 (Div. 2)
Saideepaksana,667,850,183,11151,2049,Codeforces Round 994 (Div. 2)
JessePinkman__,787,828,41,11151,2049,Codeforces Round 994 (Div. 2)
Sqrt_-1,1092,1051,-41,11151,2049,Codeforces Round 994 (Div. 2)
YK1n9,393,662,269,11151,2049,Codeforces Round 994 (Div. 2)
sua_tuoi_dau,1165,1109,-56,11151,2049,Codeforces Round 994 (Div. 2)
wlgxrz,0,403,403,11151,2049,Codeforces Round 994 (Div. 2)
Benarji,377,649,272,11190,2049,Codeforces Round 994 (Div. 2)
SHUBH_PRIYANK,988,971,-17,11190,2049,Codeforces Round 994 (Div. 2)
suchendra,910,913,3,11190,2049,Codeforces Round 994 (Div. 2)
Vara_vpr,1130,1081,-49,11190,2049,Codeforces Round 994 (Div. 2)
cehengxnu,925,1006,81,11190,2049,Codeforces Round 994 (Div. 2)
Vamshi033,851,931,80,11190,2049,Codeforces Round 994 (Div. 2)
AbhijithKumar07,368,641,273,11190,2049,Codeforces Round 994 (Div. 2)
gangradepriansh,809,914,105,11190,2049,Codeforces Round 994 (Div. 2)
sanchit_rathore,763,878,115,11190,2049,Codeforces Round 994 (Div. 2)
shubhuu,888,897,9,11190,2049,Codeforces Round 994 (Div. 2)
Codernikk,1009,987,-22,11190,2049,Codeforces Round 994 (Div. 2)
khush_1120,824,910,86,11190,2049,Codeforces Round 994 (Div. 2)
Shohaan_101_sust,1083,1044,-39,11190,2049,Codeforces Round 994 (Div. 2)
justin_chien,0,403,403,11190,2049,Codeforces Round 994 (Div. 2)
Leo_Black,1062,1066,4,11190,2049,Codeforces Round 994 (Div. 2)
MitaliG,1040,1010,-30,11190,2049,Codeforces Round 994 (Div. 2)
nhienlh94,0,403,403,11190,2049,Codeforces Round 994 (Div. 2)
coder2k24,782,893,111,11190,2049,Codeforces Round 994 (Div. 2)
chry607,866,882,16,11190,2049,Codeforces Round 994 (Div. 2)
e_mur0d_,1028,1001,-27,11190,2049,Codeforces Round 994 (Div. 2)
Ricsae,1107,1102,-5,11190,2049,Codeforces Round 994 (Div. 2)
Wolfy0097,1204,1140,-64,11190,2049,Codeforces Round 994 (Div. 2)
jayson_3986,1122,1074,-48,11190,2049,Codeforces Round 994 (Div. 2)
magdumtej1008,690,765,75,11190,2049,Codeforces Round 994 (Div. 2)
_Tough_Coder_07,971,958,-13,11190,2049,Codeforces Round 994 (Div. 2)
rahulkichad,0,403,403,11190,2049,Codeforces Round 994 (Div. 2)
._quantum.Knighttt_.,936,969,33,11190,2049,Codeforces Round 994 (Div. 2)
Prem-101,820,850,30,11190,2049,Codeforces Round 994 (Div. 2)
junge325,1087,1047,-40,11190,2049,Codeforces Round 994 (Div. 2)
anupgiri1912,713,779,66,11190,2049,Codeforces Round 994 (Div. 2)
_.BIRUK._,944,938,-6,11190,2049,Codeforces Round 994 (Div. 2)
Shoyo_Deb,749,802,53,11190,2049,Codeforces Round 994 (Div. 2)
Garv_12,856,951,95,11190,2049,Codeforces Round 994 (Div. 2)
Mohammad_Almortada,1080,1041,-39,11190,2049,Codeforces Round 994 (Div. 2)
Dikshant_yadav_,1059,1063,4,11224,2049,Codeforces Round 994 (Div. 2)
Raven2004,1017,1031,14,11224,2049,Codeforces Round 994 (Div. 2)
mas_coder,0,402,402,11224,2049,Codeforces Round 994 (Div. 2)
chulbulPandey,955,945,-10,11224,2049,Codeforces Round 994 (Div. 2)
vikas2312012,847,868,21,11224,2049,Codeforces Round 994 (Div. 2)
Shinzo2005,899,904,5,11224,2049,Codeforces Round 994 (Div. 2)
jibonjr,897,903,6,11224,2049,Codeforces Round 994 (Div. 2)
MR_MIND_THMD,1487,1370,-117,11224,2049,Codeforces Round 994 (Div. 2)
gohamza05,705,880,175,11224,2049,Codeforces Round 994 (Div. 2)
Niranjan_Sirgoji,1019,994,-25,11224,2049,Codeforces Round 994 (Div. 2)
khan.kaka,875,887,12,11224,2049,Codeforces Round 994 (Div. 2)
ByteBuddhi,1040,1078,38,11224,2049,Codeforces Round 994 (Div. 2)
dyscre,719,783,64,11224,2049,Codeforces Round 994 (Div. 2)
MADHIARASAN,725,786,61,11224,2049,Codeforces Round 994 (Div. 2)
Gokul_Kishore,926,924,-2,11224,2049,Codeforces Round 994 (Div. 2)
ItsRacl11,729,851,122,11224,2049,Codeforces Round 994 (Div. 2)
Winndy,783,893,110,11224,2049,Codeforces Round 994 (Div. 2)
blue_phoenixx,1210,1144,-66,11224,2049,Codeforces Round 994 (Div. 2)
stuti_sharma_03,659,843,184,11224,2049,Codeforces Round 994 (Div. 2)
RiteshSumukh,408,673,265,11224,2049,Codeforces Round 994 (Div. 2)
YuvrajSharma007,921,920,-1,11224,2049,Codeforces Round 994 (Div. 2)
saif_mosabbir,877,889,12,11224,2049,Codeforces Round 994 (Div. 2)
Expert_When05,1122,1074,-48,11224,2049,Codeforces Round 994 (Div. 2)
_Code_Demon_,921,1003,82,11224,2049,Codeforces Round 994 (Div. 2)
Angel54,1155,1100,-55,11224,2049,Codeforces Round 994 (Div. 2)
Arpita_18,966,991,25,11224,2049,Codeforces Round 994 (Div. 2)
No_more_Alive,925,1006,81,11224,2049,Codeforces Round 994 (Div. 2)
ayush7175,976,961,-15,11224,2049,Codeforces Round 994 (Div. 2)
chorko,904,908,4,11224,2049,Codeforces Round 994 (Div. 2)
Maram_Mohamed87,780,822,42,11224,2049,Codeforces Round 994 (Div. 2)
roshini.damodaran,380,651,271,11224,2049,Codeforces Round 994 (Div. 2)
Changmai,920,919,-1,11224,2049,Codeforces Round 994 (Div. 2)
Hriday-1113,923,958,35,11224,2049,Codeforces Round 994 (Div. 2)
agaverdiye.e,891,960,69,11224,2049,Codeforces Round 994 (Div. 2)
RELATABLE,0,401,401,11258,2049,Codeforces Round 994 (Div. 2)
Aman1406-gupta,0,401,401,11258,2049,Codeforces Round 994 (Div. 2)
AnkiPro,847,867,20,11258,2049,Codeforces Round 994 (Div. 2)
VanshBh,753,869,116,11258,2049,Codeforces Round 994 (Div. 2)
ashutoshsaxena703,807,839,32,11258,2049,Codeforces Round 994 (Div. 2)
Maahishah,1017,991,-26,11258,2049,Codeforces Round 994 (Div. 2)
sidmish2309,1078,1038,-40,11258,2049,Codeforces Round 994 (Div. 2)
KratikMehta,794,830,36,11258,2049,Codeforces Round 994 (Div. 2)
ggsjbest,347,623,276,11258,2049,Codeforces Round 994 (Div. 2)
seeeeoh,1154,1139,-15,11258,2049,Codeforces Round 994 (Div. 2)
Shrestha.kkar,1013,988,-25,11258,2049,Codeforces Round 994 (Div. 2)
Amartyaya,996,1014,18,11258,2049,Codeforces Round 994 (Div. 2)
Benjamin_Lewis,646,832,186,11258,2049,Codeforces Round 994 (Div. 2)
NandaniAgrawal_23,1103,1058,-45,11258,2049,Codeforces Round 994 (Div. 2)
coderzoro07,1094,1121,27,11258,2049,Codeforces Round 994 (Div. 2)
777_gojo,1079,1039,-40,11258,2049,Codeforces Round 994 (Div. 2)
shibajyoti.maity06,980,963,-17,11258,2049,Codeforces Round 994 (Div. 2)
n1kiLL,1190,1127,-63,11258,2049,Codeforces Round 994 (Div. 2)
mario_63,767,880,113,11258,2049,Codeforces Round 994 (Div. 2)
imabhishek028,1118,1070,-48,11258,2049,Codeforces Round 994 (Div. 2)
firebreather_19,837,860,23,11258,2049,Codeforces Round 994 (Div. 2)
C9H8O4_Aspirin,933,928,-5,11258,2049,Codeforces Round 994 (Div. 2)
HELLOProgrammer112,752,803,51,11258,2049,Codeforces Round 994 (Div. 2)
shecodestoo,1165,1108,-57,11258,2049,Codeforces Round 994 (Div. 2)
NaroToT,1074,1035,-39,11258,2049,Codeforces Round 994 (Div. 2)
vasuNSUT,1027,999,-28,11258,2049,Codeforces Round 994 (Div. 2)
mittalyas1234,940,934,-6,11258,2049,Codeforces Round 994 (Div. 2)
rudhar07,861,876,15,11258,2049,Codeforces Round 994 (Div. 2)
jhfhjhjhgjt,1002,1018,16,11258,2049,Codeforces Round 994 (Div. 2)
LONGTIANYI,1115,1068,-47,11258,2049,Codeforces Round 994 (Div. 2)
DJ_theCODER,1056,1021,-35,11258,2049,Codeforces Round 994 (Div. 2)
Amarjeet5,0,401,401,11258,2049,Codeforces Round 994 (Div. 2)
Nior,399,666,267,11258,2049,Codeforces Round 994 (Div. 2)
CHENGG,885,973,88,11258,2049,Codeforces Round 994 (Div. 2)
mahinhussain1201,823,850,27,11258,2049,Codeforces Round 994 (Div. 2)
Sid_7905,1427,1320,-107,11258,2049,Codeforces Round 994 (Div. 2)
jaindivyanshu.personal,827,853,26,11258,2049,Codeforces Round 994 (Div. 2)
arthteerth93,1058,1023,-35,11295,2049,Codeforces Round 994 (Div. 2)
SiddharthVarma,925,1005,80,11295,2049,Codeforces Round 994 (Div. 2)
vu28082007,1504,1383,-121,11295,2049,Codeforces Round 994 (Div. 2)
Dsk2307,874,921,47,11295,2049,Codeforces Round 994 (Div. 2)
Varchasva,788,896,108,11295,2049,Codeforces Round 994 (Div. 2)
adarsh_53,1183,1121,-62,11295,2049,Codeforces Round 994 (Div. 2)
i_have_a_depression,1003,1047,44,11295,2049,Codeforces Round 994 (Div. 2)
EL_MOJON,992,972,-20,11295,2049,Codeforces Round 994 (Div. 2)
musobek,899,903,4,11295,2049,Codeforces Round 994 (Div. 2)
LookUpAndSayWhyNot,685,863,178,11295,2049,Codeforces Round 994 (Div. 2)
deepsleep,1032,1003,-29,11295,2049,Codeforces Round 994 (Div. 2)
Bilal-Hassan-Goku,807,839,32,11295,2049,Codeforces Round 994 (Div. 2)
thorfinnnn,1104,1059,-45,11295,2049,Codeforces Round 994 (Div. 2)
spartanny,942,935,-7,11295,2049,Codeforces Round 994 (Div. 2)
Aish_14,881,890,9,11295,2049,Codeforces Round 994 (Div. 2)
diudiu0903,858,951,93,11295,2049,Codeforces Round 994 (Div. 2)
Mohaimen_Hridoy,841,862,21,11295,2049,Codeforces Round 994 (Div. 2)
kl2200030023,719,891,172,11295,2049,Codeforces Round 994 (Div. 2)
-archit-,1453,1342,-111,11295,2049,Codeforces Round 994 (Div. 2)
psijwali1,0,401,401,11295,2049,Codeforces Round 994 (Div. 2)
abhinavgannnoju,692,764,72,11295,2049,Codeforces Round 994 (Div. 2)
prarbdhcoder,1182,1121,-61,11295,2049,Codeforces Round 994 (Div. 2)
_Ahmed_Salah,1033,1003,-30,11317,2049,Codeforces Round 994 (Div. 2)
Vraj_1512,994,973,-21,11317,2049,Codeforces Round 994 (Div. 2)
jaswanthgrandhisila,0,401,401,11317,2049,Codeforces Round 994 (Div. 2)
ferrocene,1118,1069,-49,11317,2049,Codeforces Round 994 (Div. 2)
YouKnowLog1e7,915,914,-1,11317,2049,Codeforces Round 994 (Div. 2)
Clsr.,653,837,184,11317,2049,Codeforces Round 994 (Div. 2)
niveee,872,944,72,11317,2049,Codeforces Round 994 (Div. 2)
hawk_wild,943,934,-9,11317,2049,Codeforces Round 994 (Div. 2)
joyboy_av,934,928,-6,11317,2049,Codeforces Round 994 (Div. 2)
techknight23,902,904,2,11317,2049,Codeforces Round 994 (Div. 2)
Jeeravan,941,933,-8,11317,2049,Codeforces Round 994 (Div. 2)
vst07,767,879,112,11317,2049,Codeforces Round 994 (Div. 2)
bye_blah_,1018,991,-27,11317,2049,Codeforces Round 994 (Div. 2)
GaRvaPaRvaT,1209,1142,-67,11317,2049,Codeforces Round 994 (Div. 2)
NEXUS018,755,856,101,11317,2049,Codeforces Round 994 (Div. 2)
Aditya.,1026,997,-29,11317,2049,Codeforces Round 994 (Div. 2)
spiderman_begins,734,903,169,11317,2049,Codeforces Round 994 (Div. 2)
trumil_nasit,680,859,179,11317,2049,Codeforces Round 994 (Div. 2)
cucie,871,943,72,11317,2049,Codeforces Round 994 (Div. 2)
codeinferno99,1080,1078,-2,11317,2049,Codeforces Round 994 (Div. 2)
godfather_12,468,721,253,11317,2049,Codeforces Round 994 (Div. 2)
I_s_h_u_,958,945,-13,11317,2049,Codeforces Round 994 (Div. 2)
AbdelrahmanGPT,909,946,37,11317,2049,Codeforces Round 994 (Div. 2)
rahul.reigns,0,401,401,11317,2049,Codeforces Round 994 (Div. 2)
SuryanshN28,910,910,0,11317,2049,Codeforces Round 994 (Div. 2)
PranayReddyNalla,1135,1082,-53,11317,2049,Codeforces Round 994 (Div. 2)
Neongreen_55,376,646,270,11317,2049,Codeforces Round 994 (Div. 2)
EternalMangekyo,1258,1181,-77,11317,2049,Codeforces Round 994 (Div. 2)
20551a0523.tejasatya,930,962,32,11317,2049,Codeforces Round 994 (Div. 2)
gundaditya014,397,663,266,11317,2049,Codeforces Round 994 (Div. 2)
WarD4ddy,791,949,158,11317,2049,Codeforces Round 994 (Div. 2)
Nitya_Shukla,970,954,-16,11317,2049,Codeforces Round 994 (Div. 2)
khalil28,621,811,190,11317,2049,Codeforces Round 994 (Div. 2)
LostStar,1139,1086,-53,11317,2049,Codeforces Round 994 (Div. 2)
Abu3en,830,853,23,11317,2049,Codeforces Round 994 (Div. 2)
sleepy_electron,945,936,-9,11317,2049,Codeforces Round 994 (Div. 2)
MrAngello,1211,1143,-68,11317,2049,Codeforces Round 994 (Div. 2)
SM_Raj,400,666,266,11317,2049,Codeforces Round 994 (Div. 2)
Kapgankagan,452,708,256,11317,2049,Codeforces Round 994 (Div. 2)
gaurinigam,591,787,196,11317,2049,Codeforces Round 994 (Div. 2)
manishkujur,825,850,25,11317,2049,Codeforces Round 994 (Div. 2)
Kartheek_4444,1250,1175,-75,11358,2049,Codeforces Round 994 (Div. 2)
shivaji_the_boss,795,901,106,11358,2049,Codeforces Round 994 (Div. 2)
Vadimchik133,1166,1147,-19,11358,2049,Codeforces Round 994 (Div. 2)
devadce,1012,1053,41,11358,2049,Codeforces Round 994 (Div. 2)
teja5,346,622,276,11358,2049,Codeforces Round 994 (Div. 2)
harshith_p,802,906,104,11358,2049,Codeforces Round 994 (Div. 2)
x-MN3M-x,821,846,25,11358,2049,Codeforces Round 994 (Div. 2)
kyoya_2,736,790,54,11358,2049,Codeforces Round 994 (Div. 2)
hoax_,935,928,-7,11358,2049,Codeforces Round 994 (Div. 2)
souvikg734,0,401,401,11358,2049,Codeforces Round 994 (Div. 2)
drj_2005,750,915,165,11358,2049,Codeforces Round 994 (Div. 2)
atrytone_cytheria,1022,1061,39,11358,2049,Codeforces Round 994 (Div. 2)
Anonymous_P,631,724,93,11358,2049,Codeforces Round 994 (Div. 2)
syanu,809,895,86,11358,2049,Codeforces Round 994 (Div. 2)
SahilTKS,649,833,184,11358,2049,Codeforces Round 994 (Div. 2)
Sehma,863,875,12,11358,2049,Codeforces Round 994 (Div. 2)
acatrini.rares,922,918,-4,11358,2049,Codeforces Round 994 (Div. 2)
tonny.mmu23,937,994,57,11358,2049,Codeforces Round 994 (Div. 2)
BabyKehdi_Jaguar_LELO,914,913,-1,11358,2049,Codeforces Round 994 (Div. 2)
Kavish_Vachheta_01,573,772,199,11358,2049,Codeforces Round 994 (Div. 2)
Abhishek_28,1131,1078,-53,11358,2049,Codeforces Round 994 (Div. 2)
unknown018,670,850,180,11358,2049,Codeforces Round 994 (Div. 2)
TEAMMII,643,828,185,11358,2049,Codeforces Round 994 (Div. 2)
MHAMAD,1218,1149,-69,11358,2049,Codeforces Round 994 (Div. 2)
swalawalkar,771,813,42,11358,2049,Codeforces Round 994 (Div. 2)
foselpis,798,831,33,11358,2049,Codeforces Round 994 (Div. 2)
Duressa2022,1002,979,-23,11358,2049,Codeforces Round 994 (Div. 2)
B_Arun_T,1134,1081,-53,11358,2049,Codeforces Round 994 (Div. 2)
Bashir_Swed,1056,1020,-36,11358,2049,Codeforces Round 994 (Div. 2)
_Crime_Coder.alpha,1063,1025,-38,11358,2049,Codeforces Round 994 (Div. 2)
rion99,0,401,401,11358,2049,Codeforces Round 994 (Div. 2)
yugvarshney930,921,954,33,11389,2049,Codeforces Round 994 (Div. 2)
shunHB,366,637,271,11389,2049,Codeforces Round 994 (Div. 2)
rubayet_ashib,903,903,0,11389,2049,Codeforces Round 994 (Div. 2)
sumitjha65,1161,1102,-59,11389,2049,Codeforces Round 994 (Div. 2)
deadmanop,603,796,193,11389,2049,Codeforces Round 994 (Div. 2)
stoppppittttadiiii,1262,1184,-78,11389,2049,Codeforces Round 994 (Div. 2)
Kilany_InThe_WorstCase,1084,1041,-43,11389,2049,Codeforces Round 994 (Div. 2)
kushal2oo4,671,850,179,11389,2049,Codeforces Round 994 (Div. 2)
Osman_001,1050,1014,-36,11389,2049,Codeforces Round 994 (Div. 2)
Hrushikesh_0001,821,920,99,11389,2049,Codeforces Round 994 (Div. 2)
Fingolfin42,892,895,3,11389,2049,Codeforces Round 994 (Div. 2)
ayushsingh42,923,982,59,11389,2049,Codeforces Round 994 (Div. 2)
VladNeagu,938,929,-9,11389,2049,Codeforces Round 994 (Div. 2)
CodeMonkeyUnleashed,1061,1023,-38,11389,2049,Codeforces Round 994 (Div. 2)
heyitsshubh,642,827,185,11389,2049,Codeforces Round 994 (Div. 2)
Rembrandt_69,920,916,-4,11389,2049,Codeforces Round 994 (Div. 2)
A_j_y123,943,933,-10,11389,2049,Codeforces Round 994 (Div. 2)
a_shaik,848,865,17,11389,2049,Codeforces Round 994 (Div. 2)
Yohannes_welel,1000,976,-24,11389,2049,Codeforces Round 994 (Div. 2)
mlnc,448,704,256,11389,2049,Codeforces Round 994 (Div. 2)
_Raunak_,1176,1114,-62,11389,2049,Codeforces Round 994 (Div. 2)
Asif-Khan,832,853,21,11389,2049,Codeforces Round 994 (Div. 2)
yXAcorbe,1087,1043,-44,11389,2049,Codeforces Round 994 (Div. 2)
CR3YN,721,891,170,11389,2049,Codeforces Round 994 (Div. 2)
purushottam.lal.cse23,907,906,-1,11389,2049,Codeforces Round 994 (Div. 2)
YouSen,1052,1016,-36,11389,2049,Codeforces Round 994 (Div. 2)
Sourav.VK18,1245,1170,-75,11389,2049,Codeforces Round 994 (Div. 2)
Arpita6379,818,843,25,11389,2049,Codeforces Round 994 (Div. 2)
DPikachu,908,907,-1,11389,2049,Codeforces Round 994 (Div. 2)
islam_001,1107,1059,-48,11389,2049,Codeforces Round 994 (Div. 2)
Carnage_OO7,0,400,400,11389,2049,Codeforces Round 994 (Div. 2)
chickito_26,861,909,48,11389,2049,Codeforces Round 994 (Div. 2)
v.satyam,952,939,-13,11389,2049,Codeforces Round 994 (Div. 2)
yuktaaa,1143,1088,-55,11389,2049,Codeforces Round 994 (Div. 2)
Muhammad_Abyaz,943,933,-10,11389,2049,Codeforces Round 994 (Div. 2)
srinadh777,0,400,400,11389,2049,Codeforces Round 994 (Div. 2)
Tomga,698,872,174,11389,2049,Codeforces Round 994 (Div. 2)
yash_65,1020,992,-28,11389,2049,Codeforces Round 994 (Div. 2)
gauri_11,865,876,11,11389,2049,Codeforces Round 994 (Div. 2)
beastcode777,907,906,-1,11389,2049,Codeforces Round 994 (Div. 2)
mohitshubham123,1099,1053,-46,11429,2049,Codeforces Round 994 (Div. 2)
007_17,1262,1183,-79,11429,2049,Codeforces Round 994 (Div. 2)
h_saharawat,894,897,3,11429,2049,Codeforces Round 994 (Div. 2)
OZED,834,930,96,11429,2049,Codeforces Round 994 (Div. 2)
coder017,1112,1063,-49,11429,2049,Codeforces Round 994 (Div. 2)
DNAkash,912,946,34,11429,2049,Codeforces Round 994 (Div. 2)
evvigkeit,905,987,82,11429,2049,Codeforces Round 994 (Div. 2)
Kevin_D,980,1027,47,11429,2049,Codeforces Round 994 (Div. 2)
ashule,1032,1039,7,11429,2049,Codeforces Round 994 (Div. 2)
_Jayyy_,838,933,95,11429,2049,Codeforces Round 994 (Div. 2)
thjung.123,853,999,146,11429,2049,Codeforces Round 994 (Div. 2)
kunal_2005,1143,1087,-56,11429,2049,Codeforces Round 994 (Div. 2)
NsTp__Eastern,810,837,27,11429,2049,Codeforces Round 994 (Div. 2)
Nojus,0,400,400,11429,2049,Codeforces Round 994 (Div. 2)
chandu_67,762,873,111,11429,2049,Codeforces Round 994 (Div. 2)
Aksharajain,971,953,-18,11429,2049,Codeforces Round 994 (Div. 2)
Karuizawakei2006,708,880,172,11429,2049,Codeforces Round 994 (Div. 2)
Exp.Venom.ALT,372,642,270,11429,2049,Codeforces Round 994 (Div. 2)
gopisettyharshini23,707,769,62,11429,2049,Codeforces Round 994 (Div. 2)
CoderVinit,1128,1075,-53,11429,2049,Codeforces Round 994 (Div. 2)
arvindkumarhudda24,972,993,21,11429,2049,Codeforces Round 994 (Div. 2)
loser_winner,1292,1208,-84,11429,2049,Codeforces Round 994 (Div. 2)
nitin_sri_sai,791,824,33,11429,2049,Codeforces Round 994 (Div. 2)
Grandmaster_gang,1705,1547,-158,11429,2049,Codeforces Round 994 (Div. 2)
sourabh_27,1292,1208,-84,11429,2049,Codeforces Round 994 (Div. 2)
SunFlowerBaby,1007,1048,41,11429,2049,Codeforces Round 994 (Div. 2)
abhipandey11,1234,1161,-73,11429,2049,Codeforces Round 994 (Div. 2)
unerring_coder,1284,1201,-83,11429,2049,Codeforces Round 994 (Div. 2)
zeze00,655,837,182,11429,2049,Codeforces Round 994 (Div. 2)
ghanif,885,889,4,11458,2049,Codeforces Round 994 (Div. 2)
pallobpoddar,898,898,0,11458,2049,Codeforces Round 994 (Div. 2)
lyx2403,388,654,266,11458,2049,Codeforces Round 994 (Div. 2)
kash_Agg,1172,1110,-62,11458,2049,Codeforces Round 994 (Div. 2)
Nik_antona,0,400,400,11458,2049,Codeforces Round 994 (Div. 2)
mucha_locha,1068,1027,-41,11458,2049,Codeforces Round 994 (Div. 2)
ranchitsharma36,791,895,104,11458,2049,Codeforces Round 994 (Div. 2)
Kanchan2023,1294,1209,-85,11458,2049,Codeforces Round 994 (Div. 2)
HET__02,817,916,99,11458,2049,Codeforces Round 994 (Div. 2)
AsadGalib,1009,982,-27,11458,2049,Codeforces Round 994 (Div. 2)
kyoya_02,1143,1087,-56,11458,2049,Codeforces Round 994 (Div. 2)
Sohan_,974,955,-19,11458,2049,Codeforces Round 994 (Div. 2)
Ishan_007,1296,1210,-86,11458,2049,Codeforces Round 994 (Div. 2)
zakat,987,965,-22,11458,2049,Codeforces Round 994 (Div. 2)
yug_lakhani,1059,1020,-39,11458,2049,Codeforces Round 994 (Div. 2)
raYRS2geSiiPYP4D,388,654,266,11458,2049,Codeforces Round 994 (Div. 2)
Yisq,1220,1149,-71,11458,2049,Codeforces Round 994 (Div. 2)
Thaitufifai,840,857,17,11458,2049,Codeforces Round 994 (Div. 2)
Z_CodeFather,931,923,-8,11458,2049,Codeforces Round 994 (Div. 2)
CastWell,1062,1092,30,11458,2049,Codeforces Round 994 (Div. 2)
Kaushik,1068,1027,-41,11458,2049,Codeforces Round 994 (Div. 2)
Raghavendra366,893,895,2,11458,2049,Codeforces Round 994 (Div. 2)
aayushanand737,1124,1072,-52,11458,2049,Codeforces Round 994 (Div. 2)
_7AMDN_,943,931,-12,11458,2049,Codeforces Round 994 (Div. 2)
Manshu47,1073,1031,-42,11458,2049,Codeforces Round 994 (Div. 2)
ak74ay,1045,1009,-36,11458,2049,Codeforces Round 994 (Div. 2)
Amank001,0,400,400,11458,2049,Codeforces Round 994 (Div. 2)
lol_life123,1130,1076,-54,11458,2049,Codeforces Round 994 (Div. 2)
kkumarr1250,1082,1038,-44,11458,2049,Codeforces Round 994 (Div. 2)
Ermi_007,1386,1285,-101,11458,2049,Codeforces Round 994 (Div. 2)
Amr.ysf,855,929,74,11458,2049,Codeforces Round 994 (Div. 2)
lllu,1097,1050,-47,11458,2049,Codeforces Round 994 (Div. 2)
zWyrm,1082,1038,-44,11458,2049,Codeforces Round 994 (Div. 2)
shift_universe,1050,1052,2,11458,2049,Codeforces Round 994 (Div. 2)
aksss03,0,400,400,11492,2049,Codeforces Round 994 (Div. 2)
crispyq,444,700,256,11492,2049,Codeforces Round 994 (Div. 2)
xiaochen1111,1048,1051,3,11492,2049,Codeforces Round 994 (Div. 2)
Durgesh_A,980,959,-21,11492,2049,Codeforces Round 994 (Div. 2)
surya_sujit,838,891,53,11492,2049,Codeforces Round 994 (Div. 2)
prakhar-_-,841,857,16,11492,2049,Codeforces Round 994 (Div. 2)
Kushagra_subhedar,1034,1000,-34,11492,2049,Codeforces Round 994 (Div. 2)
HarshitKing,801,830,29,11492,2049,Codeforces Round 994 (Div. 2)
rasil,1297,1211,-86,11492,2049,Codeforces Round 994 (Div. 2)
taneshqGupta,0,400,400,11492,2049,Codeforces Round 994 (Div. 2)
en_passant_16,1207,1138,-69,11492,2049,Codeforces Round 994 (Div. 2)
dont_known,1125,1072,-53,11492,2049,Codeforces Round 994 (Div. 2)
Mahmudunnabi_Fahim,1083,1039,-44,11492,2049,Codeforces Round 994 (Div. 2)
Pratik009,968,950,-18,11492,2049,Codeforces Round 994 (Div. 2)
real_aady,764,925,161,11492,2049,Codeforces Round 994 (Div. 2)
Cipher_Sorcerer,587,782,195,11492,2049,Codeforces Round 994 (Div. 2)
DivyDev,943,997,54,11492,2049,Codeforces Round 994 (Div. 2)
5harshitshrivastava,1061,1021,-40,11492,2049,Codeforces Round 994 (Div. 2)
lux20,617,806,189,11492,2049,Codeforces Round 994 (Div. 2)
hindbiswas,586,781,195,11492,2049,Codeforces Round 994 (Div. 2)
jayesh_sc026,1169,1107,-62,11492,2049,Codeforces Round 994 (Div. 2)
Sahil_h2203,953,938,-15,11492,2049,Codeforces Round 994 (Div. 2)
StesNiash,0,400,400,11492,2049,Codeforces Round 994 (Div. 2)
sgtg1702,1153,1094,-59,11492,2049,Codeforces Round 994 (Div. 2)
rohit_1848,832,928,96,11492,2049,Codeforces Round 994 (Div. 2)
avi258719,1136,1080,-56,11517,2049,Codeforces Round 994 (Div. 2)
abcdef_Z,975,955,-20,11517,2049,Codeforces Round 994 (Div. 2)
Abdelmlak_Melad,702,763,61,11517,2049,Codeforces Round 994 (Div. 2)
rachitp_,1243,1167,-76,11517,2049,Codeforces Round 994 (Div. 2)
Azhar07,1193,1126,-67,11517,2049,Codeforces Round 994 (Div. 2)
abbs03,874,961,87,11517,2049,Codeforces Round 994 (Div. 2)
_exception_,908,904,-4,11517,2049,Codeforces Round 994 (Div. 2)
surya001,1318,1228,-90,11517,2049,Codeforces Round 994 (Div. 2)
kedama1013,0,399,399,11517,2049,Codeforces Round 994 (Div. 2)
Tsotne2019,942,1016,74,11517,2049,Codeforces Round 994 (Div. 2)
uddhavjaju,924,916,-8,11517,2049,Codeforces Round 994 (Div. 2)
sandeep001488,1135,1079,-56,11517,2049,Codeforces Round 994 (Div. 2)
04shashank.dixit,887,952,65,11517,2049,Codeforces Round 994 (Div. 2)
MohaiminSayed5678,874,880,6,11517,2049,Codeforces Round 994 (Div. 2)
raquib,622,714,92,11517,2049,Codeforces Round 994 (Div. 2)
fatinnow,810,909,99,11517,2049,Codeforces Round 994 (Div. 2)
Trevor007,1133,1078,-55,11517,2049,Codeforces Round 994 (Div. 2)
linyide,0,399,399,11517,2049,Codeforces Round 994 (Div. 2)
prar1hana,397,661,264,11517,2049,Codeforces Round 994 (Div. 2)
Plankton5,795,898,103,11517,2049,Codeforces Round 994 (Div. 2)
clggdaze,801,863,62,11517,2049,Codeforces Round 994 (Div. 2)
jaswanth__adari,867,955,88,11517,2049,Codeforces Round 994 (Div. 2)
pottery_03,932,922,-10,11517,2049,Codeforces Round 994 (Div. 2)
QCRXX,0,399,399,11517,2049,Codeforces Round 994 (Div. 2)
realve,864,953,89,11517,2049,Codeforces Round 994 (Div. 2)
Muhammad-Mutahir,1250,1172,-78,11517,2049,Codeforces Round 994 (Div. 2)
Andy_FG,924,916,-8,11517,2049,Codeforces Round 994 (Div. 2)
csgogogo114514,390,655,265,11517,2049,Codeforces Round 994 (Div. 2)
joyoht,638,822,184,11517,2049,Codeforces Round 994 (Div. 2)
wwwsssyyywsy,1202,1133,-69,11517,2049,Codeforces Round 994 (Div. 2)
khas_mithai,1036,1001,-35,11517,2049,Codeforces Round 994 (Div. 2)
ritambasus9,943,996,53,11517,2049,Codeforces Round 994 (Div. 2)
tushardogra19,819,841,22,11517,2049,Codeforces Round 994 (Div. 2)
SKR030,918,912,-6,11517,2049,Codeforces Round 994 (Div. 2)
anna_181,1122,1069,-53,11517,2049,Codeforces Round 994 (Div. 2)
shanmukh5w0,1039,1004,-35,11517,2049,Codeforces Round 994 (Div. 2)
Inosuke_Hashibira,0,399,399,11517,2049,Codeforces Round 994 (Div. 2)
notbaka_123,864,953,89,11517,2049,Codeforces Round 994 (Div. 2)
Treasureden,829,908,79,11517,2049,Codeforces Round 994 (Div. 2)
jigglypuff07,1027,1033,6,11517,2049,Codeforces Round 994 (Div. 2)
Devil_Coder07,379,646,267,11517,2049,Codeforces Round 994 (Div. 2)
dimrisatyam02,405,667,262,11517,2049,Codeforces Round 994 (Div. 2)
pratibha25,371,639,268,11559,2049,Codeforces Round 994 (Div. 2)
MnMei,837,930,93,11559,2049,Codeforces Round 994 (Div. 2)
Dr.Tenma,1102,1052,-50,11559,2049,Codeforces Round 994 (Div. 2)
BhuvaneshG,1061,1020,-41,11559,2049,Codeforces Round 994 (Div. 2)
Monish_Mathur,837,853,16,11559,2049,Codeforces Round 994 (Div. 2)
NotaJoke,409,670,261,11559,2049,Codeforces Round 994 (Div. 2)
Prateek0766,636,820,184,11559,2049,Codeforces Round 994 (Div. 2)
Amitesh37,892,892,0,11559,2049,Codeforces Round 994 (Div. 2)
rishabh_15298,1166,1144,-22,11559,2049,Codeforces Round 994 (Div. 2)
RockStar132,1145,1087,-58,11559,2049,Codeforces Round 994 (Div. 2)
verdiayuv,1027,994,-33,11559,2049,Codeforces Round 994 (Div. 2)
burning_chef,1224,1151,-73,11559,2049,Codeforces Round 994 (Div. 2)
salim007,825,845,20,11559,2049,Codeforces Round 994 (Div. 2)
law_da,0,398,398,11559,2049,Codeforces Round 994 (Div. 2)
soham-k-11,785,889,104,11559,2049,Codeforces Round 994 (Div. 2)
kawsar14,1073,1030,-43,11559,2049,Codeforces Round 994 (Div. 2)
codeanand17,1524,1397,-127,11559,2049,Codeforces Round 994 (Div. 2)
aves_chan,1002,974,-28,11559,2049,Codeforces Round 994 (Div. 2)
immobius,938,1012,74,11559,2049,Codeforces Round 994 (Div. 2)
inverno_yt,1098,1049,-49,11559,2049,Codeforces Round 994 (Div. 2)
usashunyao,432,689,257,11559,2049,Codeforces Round 994 (Div. 2)
quietsnake,944,930,-14,11559,2049,Codeforces Round 994 (Div. 2)
The_Batman99,957,940,-17,11559,2049,Codeforces Round 994 (Div. 2)
kapil51,707,828,121,11559,2049,Codeforces Round 994 (Div. 2)
ANAS_NASSER,396,659,263,11559,2049,Codeforces Round 994 (Div. 2)
eva_balabantaray,759,799,40,11559,2049,Codeforces Round 994 (Div. 2)
sezium,1139,1082,-57,11559,2049,Codeforces Round 994 (Div. 2)
Ryuk24,1423,1314,-109,11559,2049,Codeforces Round 994 (Div. 2)
Hasanatkazi12,776,811,35,11559,2049,Codeforces Round 994 (Div. 2)
pv05_03,0,398,398,11559,2049,Codeforces Round 994 (Div. 2)
varundandriyal72,664,842,178,11559,2049,Codeforces Round 994 (Div. 2)
tHe_bAbA_yEgA,857,866,9,11559,2049,Codeforces Round 994 (Div. 2)
HIMherojcq,382,648,266,11559,2049,Codeforces Round 994 (Div. 2)
ybhbvb,422,681,259,11559,2049,Codeforces Round 994 (Div. 2)
sahan_124,1188,1121,-67,11559,2049,Codeforces Round 994 (Div. 2)
anurag102005,886,887,1,11559,2049,Codeforces Round 994 (Div. 2)
stoulsmo,692,865,173,11559,2049,Codeforces Round 994 (Div. 2)
_Priyank,1211,1140,-71,11559,2049,Codeforces Round 994 (Div. 2)
darkkid,1042,1005,-37,11559,2049,Codeforces Round 994 (Div. 2)
albert1,441,696,255,11598,2049,Codeforces Round 994 (Div. 2)
pleasekillme,1253,1173,-80,11598,2049,Codeforces Round 994 (Div. 2)
coduckgtz,762,856,94,11598,2049,Codeforces Round 994 (Div. 2)
1.b3,1124,1069,-55,11598,2049,Codeforces Round 994 (Div. 2)
ashwera,1070,1026,-44,11598,2049,Codeforces Round 994 (Div. 2)
Manikanta77,1058,1017,-41,11598,2049,Codeforces Round 994 (Div. 2)
mdraihanhossen,1092,1044,-48,11598,2049,Codeforces Round 994 (Div. 2)
Kai_007,1418,1309,-109,11598,2049,Codeforces Round 994 (Div. 2)
Aayush_69,662,840,178,11598,2049,Codeforces Round 994 (Div. 2)
Ranadeep27,973,990,17,11598,2049,Codeforces Round 994 (Div. 2)
TFS_here,934,921,-13,11598,2049,Codeforces Round 994 (Div. 2)
Begineer1,825,903,78,11598,2049,Codeforces Round 994 (Div. 2)
IronEnjoyer,377,643,266,11598,2049,Codeforces Round 994 (Div. 2)
souharda7,765,873,108,11598,2049,Codeforces Round 994 (Div. 2)
Yuvv_raj0,706,876,170,11598,2049,Codeforces Round 994 (Div. 2)
Deepanshu_27,816,837,21,11598,2049,Codeforces Round 994 (Div. 2)
VRADASH,882,884,2,11598,2049,Codeforces Round 994 (Div. 2)
afaisa1nshaw0nj,446,700,254,11598,2049,Codeforces Round 994 (Div. 2)
ADCharles,0,398,398,11598,2049,Codeforces Round 994 (Div. 2)
lucasg05,1131,1075,-56,11598,2049,Codeforces Round 994 (Div. 2)
avinash445,1212,1140,-72,11598,2049,Codeforces Round 994 (Div. 2)
TRiaL_22,859,867,8,11598,2049,Codeforces Round 994 (Div. 2)
RGS45,1118,1064,-54,11598,2049,Codeforces Round 994 (Div. 2)
piwko_,406,667,261,11598,2049,Codeforces Round 994 (Div. 2)
nadim.ict20,1088,1041,-47,11598,2049,Codeforces Round 994 (Div. 2)
Genius0077,0,398,398,11598,2049,Codeforces Round 994 (Div. 2)
talib07,979,956,-23,11598,2049,Codeforces Round 994 (Div. 2)
CharlotteTomoriNao,1232,1230,-2,11598,2049,Codeforces Round 994 (Div. 2)
Jyotsna29,1152,1091,-61,11598,2049,Codeforces Round 994 (Div. 2)
VanshNamdev90,381,647,266,11598,2049,Codeforces Round 994 (Div. 2)
random_1_guy,438,693,255,11598,2049,Codeforces Round 994 (Div. 2)
YukiNoa,374,641,267,11598,2049,Codeforces Round 994 (Div. 2)
harshitgoel2601,1091,1083,-8,11598,2049,Codeforces Round 994 (Div. 2)
wasdy33,986,1000,14,11598,2049,Codeforces Round 994 (Div. 2)
golden_dragonking,1055,1085,30,11598,2049,Codeforces Round 994 (Div. 2)
__a_AMIT,803,903,100,11598,2049,Codeforces Round 994 (Div. 2)
shlokvaidya11,762,870,108,11598,2049,Codeforces Round 994 (Div. 2)
highspirits,911,905,-6,11598,2049,Codeforces Round 994 (Div. 2)
felpz,1211,1139,-72,11598,2049,Codeforces Round 994 (Div. 2)
SiGMI7A,1248,1243,-5,11598,2049,Codeforces Round 994 (Div. 2)
24112006,909,903,-6,11638,2049,Codeforces Round 994 (Div. 2)
mrdig,1081,1074,-7,11639,2049,Codeforces Round 994 (Div. 2)
mahfuzrahman,1096,1047,-49,11639,2049,Codeforces Round 994 (Div. 2)
Me_JJ,925,980,55,11639,2049,Codeforces Round 994 (Div. 2)
w3bob,872,876,4,11639,2049,Codeforces Round 994 (Div. 2)
void_000000,791,893,102,11639,2049,Codeforces Round 994 (Div. 2)
Saksham152,1060,1088,28,11639,2049,Codeforces Round 994 (Div. 2)
god_thor001,941,926,-15,11639,2049,Codeforces Round 994 (Div. 2)
shahin_11814,1071,1027,-44,11639,2049,Codeforces Round 994 (Div. 2)
_AaDitya_,1162,1099,-63,11639,2049,Codeforces Round 994 (Div. 2)
bhanuprakashmudavath6,952,973,21,11639,2049,Codeforces Round 994 (Div. 2)
Hossain_Ahmed,1052,1012,-40,11639,2049,Codeforces Round 994 (Div. 2)
PrajwalPatil06,450,703,253,11639,2049,Codeforces Round 994 (Div. 2)
ByteVerse_,1163,1100,-63,11639,2049,Codeforces Round 994 (Div. 2)
WannabeYogi,1029,994,-35,11639,2049,Codeforces Round 994 (Div. 2)
-Eixuln,1147,1087,-60,11639,2049,Codeforces Round 994 (Div. 2)
Nyancy,1046,1007,-39,11639,2049,Codeforces Round 994 (Div. 2)
Akshaj_9349,962,943,-19,11639,2049,Codeforces Round 994 (Div. 2)
ichixxbankai,1232,1156,-76,11639,2049,Codeforces Round 994 (Div. 2)
MavisBoss,0,398,398,11639,2049,Codeforces Round 994 (Div. 2)
rokimkar,965,945,-20,11639,2049,Codeforces Round 994 (Div. 2)
Geethesh,977,954,-23,11639,2049,Codeforces Round 994 (Div. 2)
kishan1331,612,799,187,11639,2049,Codeforces Round 994 (Div. 2)
Hercules_A,1053,1013,-40,11639,2049,Codeforces Round 994 (Div. 2)
himanshukrdev007,759,798,39,11639,2049,Codeforces Round 994 (Div. 2)
soumya20134,399,661,262,11639,2049,Codeforces Round 994 (Div. 2)
ARSalman23,813,833,20,11664,2049,Codeforces Round 994 (Div. 2)
bajigarkumar,702,759,57,11664,2049,Codeforces Round 994 (Div. 2)
sukaran40,738,851,113,11664,2049,Codeforces Round 994 (Div. 2)
Nikhil4849,960,1029,69,11664,2049,Codeforces Round 994 (Div. 2)
dhanalakshmid.cse2023,356,625,269,11664,2049,Codeforces Round 994 (Div. 2)
KUMAR__MAYANK_,799,824,25,11664,2049,Codeforces Round 994 (Div. 2)
specialist_forever,1313,1222,-91,11664,2049,Codeforces Round 994 (Div. 2)
meethereum07,1016,983,-33,11664,2049,Codeforces Round 994 (Div. 2)
NilangBhuva,919,909,-10,11664,2049,Codeforces Round 994 (Div. 2)
GEN1U5,797,897,100,11664,2049,Codeforces Round 994 (Div. 2)
pkanaujiya91,952,934,-18,11664,2049,Codeforces Round 994 (Div. 2)
FZ_Laabidi,880,944,64,11664,2049,Codeforces Round 994 (Div. 2)
mohammed__abdurrahmaan,1067,1023,-44,11664,2049,Codeforces Round 994 (Div. 2)
Aaditya-03,786,888,102,11664,2049,Codeforces Round 994 (Div. 2)
day_lite,685,858,173,11664,2049,Codeforces Round 994 (Div. 2)
harshithmateti,937,923,-14,11664,2049,Codeforces Round 994 (Div. 2)
vrindab,877,879,2,11664,2049,Codeforces Round 994 (Div. 2)
neelkheni19,886,885,-1,11664,2049,Codeforces Round 994 (Div. 2)
Rice_U,859,928,69,11664,2049,Codeforces Round 994 (Div. 2)
cloud_Ann,1048,1008,-40,11664,2049,Codeforces Round 994 (Div. 2)
nesh7410,979,955,-24,11664,2049,Codeforces Round 994 (Div. 2)
feastyr,935,921,-14,11664,2049,Codeforces Round 994 (Div. 2)
ashu_4979,803,826,23,11664,2049,Codeforces Round 994 (Div. 2)
seetianjiangzhiwu,1154,1092,-62,11664,2049,Codeforces Round 994 (Div. 2)
meherafiffa,763,855,92,11664,2049,Codeforces Round 994 (Div. 2)
Vinayak_kushwaha,366,634,268,11664,2049,Codeforces Round 994 (Div. 2)
Atul25,669,845,176,11664,2049,Codeforces Round 994 (Div. 2)
AniruddhSaraf,1071,1026,-45,11664,2049,Codeforces Round 994 (Div. 2)
24BCE527,637,819,182,11664,2049,Codeforces Round 994 (Div. 2)
duggu1226,1021,987,-34,11664,2049,Codeforces Round 994 (Div. 2)
xbhxy,960,979,19,11664,2049,Codeforces Round 994 (Div. 2)
VanshPatel2010,907,900,-7,11664,2049,Codeforces Round 994 (Div. 2)
anup_kr,843,854,11,11664,2049,Codeforces Round 994 (Div. 2)
prasadjoshi,871,911,40,11664,2049,Codeforces Round 994 (Div. 2)
atigdng,1084,1036,-48,11664,2049,Codeforces Round 994 (Div. 2)
fewffee,1301,1212,-89,11699,2049,Codeforces Round 994 (Div. 2)
shekharshawcoc,655,833,178,11700,2049,Codeforces Round 994 (Div. 2)
titanslayer2746,1061,1018,-43,11700,2049,Codeforces Round 994 (Div. 2)
nayan_2207,1197,1127,-70,11700,2049,Codeforces Round 994 (Div. 2)
bulldozer_,396,658,262,11700,2049,Codeforces Round 994 (Div. 2)
shshnk.m,1166,1102,-64,11700,2049,Codeforces Round 994 (Div. 2)
txy001,845,934,89,11700,2049,Codeforces Round 994 (Div. 2)
howler692,611,798,187,11700,2049,Codeforces Round 994 (Div. 2)
hasan525,1382,1278,-104,11700,2049,Codeforces Round 994 (Div. 2)
Anongoat,1406,1299,-107,11700,2049,Codeforces Round 994 (Div. 2)
vamshi346,890,971,81,11700,2049,Codeforces Round 994 (Div. 2)
dvspranavreddy14,0,397,397,11700,2049,Codeforces Round 994 (Div. 2)
namansinghjarodiya,1146,1086,-60,11700,2049,Codeforces Round 994 (Div. 2)
DisturbedSheild,1224,1149,-75,11700,2049,Codeforces Round 994 (Div. 2)
PaRsHvMeShIyA,874,876,2,11700,2049,Codeforces Round 994 (Div. 2)
AchalVishnoi,1039,1001,-38,11700,2049,Codeforces Round 994 (Div. 2)
Tom_45,356,625,269,11700,2049,Codeforces Round 994 (Div. 2)
prem_13,922,949,27,11700,2049,Codeforces Round 994 (Div. 2)
ai_cheng_zi,1324,1231,-93,11700,2049,Codeforces Round 994 (Div. 2)
mariampipiia,983,957,-26,11700,2049,Codeforces Round 994 (Div. 2)
hardik_shreyas,1045,1005,-40,11700,2049,Codeforces Round 994 (Div. 2)
mishka.3904,1081,1034,-47,11700,2049,Codeforces Round 994 (Div. 2)
Prathmeshcodes,1331,1237,-94,11700,2049,Codeforces Round 994 (Div. 2)
4_9_14_4_5,1044,1004,-40,11700,2049,Codeforces Round 994 (Div. 2)
syed_raza,1006,975,-31,11700,2049,Codeforces Round 994 (Div. 2)
tulsyan_slok,949,1019,70,11700,2049,Codeforces Round 994 (Div. 2)
Pavan009,1152,1131,-21,11725,2049,Codeforces Round 994 (Div. 2)
Deathcold,989,961,-28,11726,2049,Codeforces Round 994 (Div. 2)
Aditya_hckr,1272,1188,-84,11726,2049,Codeforces Round 994 (Div. 2)
souravkp2005,1241,1162,-79,11726,2049,Codeforces Round 994 (Div. 2)
rochakv,1053,1011,-42,11726,2049,Codeforces Round 994 (Div. 2)
Mr.DarkMoonKnight,456,707,251,11726,2049,Codeforces Round 994 (Div. 2)
bussaabhinaykumarreddy,615,800,185,11726,2049,Codeforces Round 994 (Div. 2)
lightningdarknight19,774,878,104,11726,2049,Codeforces Round 994 (Div. 2)
chj111,1102,1050,-52,11726,2049,Codeforces Round 994 (Div. 2)
bhumipoddar5,1010,978,-32,11726,2049,Codeforces Round 994 (Div. 2)
mukherjeeankur0073,1182,1114,-68,11726,2049,Codeforces Round 994 (Div. 2)
TejasKatare,1003,972,-31,11726,2049,Codeforces Round 994 (Div. 2)
saidul07,1032,995,-37,11726,2049,Codeforces Round 994 (Div. 2)
madhusudhansowreddy,1166,1102,-64,11726,2049,Codeforces Round 994 (Div. 2)
siddharthchandrakar007,937,921,-16,11726,2049,Codeforces Round 994 (Div. 2)
sidchauhan,992,964,-28,11726,2049,Codeforces Round 994 (Div. 2)
Mayank_9207,870,872,2,11726,2049,Codeforces Round 994 (Div. 2)
thinguyen2351,1228,1152,-76,11726,2049,Codeforces Round 994 (Div. 2)
New_and_simple,666,842,176,11726,2049,Codeforces Round 994 (Div. 2)
PawanKharel,692,863,171,11726,2049,Codeforces Round 994 (Div. 2)
himani3366,943,926,-17,11726,2049,Codeforces Round 994 (Div. 2)
wk_siyam,1131,1073,-58,11726,2049,Codeforces Round 994 (Div. 2)
JabiyClaviv,0,397,397,11726,2049,Codeforces Round 994 (Div. 2)
chillysplash,1057,1085,28,11726,2049,Codeforces Round 994 (Div. 2)
Isagi.,653,831,178,11726,2049,Codeforces Round 994 (Div. 2)
xalaataat_01,620,706,86,11726,2049,Codeforces Round 994 (Div. 2)
Oushnik20,0,397,397,11726,2049,Codeforces Round 994 (Div. 2)
wallfacer146,486,732,246,11726,2049,Codeforces Round 994 (Div. 2)
CloudedQuartz,1006,1043,37,11726,2049,Codeforces Round 994 (Div. 2)
We_Lead,0,396,396,11754,2049,Codeforces Round 994 (Div. 2)
AbskMishra,1154,1091,-63,11754,2049,Codeforces Round 994 (Div. 2)
sleepingkangroo,1160,1096,-64,11754,2049,Codeforces Round 994 (Div. 2)
meonhaban10,783,884,101,11754,2049,Codeforces Round 994 (Div. 2)
nihao111,856,943,87,11754,2049,Codeforces Round 994 (Div. 2)
Moyeenul_Islam,598,692,94,11754,2049,Codeforces Round 994 (Div. 2)
pranjils64,383,647,264,11754,2049,Codeforces Round 994 (Div. 2)
satyajitkhuntia,611,797,186,11754,2049,Codeforces Round 994 (Div. 2)
roninqer,1060,1016,-44,11754,2049,Codeforces Round 994 (Div. 2)
royshaoncse508,1226,1150,-76,11754,2049,Codeforces Round 994 (Div. 2)
bestows,976,951,-25,11754,2049,Codeforces Round 994 (Div. 2)
J00798,731,843,112,11754,2049,Codeforces Round 994 (Div. 2)
Ahmed__Bahgat,1061,1057,-4,11754,2049,Codeforces Round 994 (Div. 2)
sk_rakib,984,957,-27,11754,2049,Codeforces Round 994 (Div. 2)
madan.mohan,852,859,7,11754,2049,Codeforces Round 994 (Div. 2)
v_ajay_chandra,1162,1098,-64,11754,2049,Codeforces Round 994 (Div. 2)
ibrandos,769,873,104,11754,2049,Codeforces Round 994 (Div. 2)
Sky22414,890,886,-4,11754,2049,Codeforces Round 994 (Div. 2)
deepesh7024,827,841,14,11754,2049,Codeforces Round 994 (Div. 2)
ADIB3883,977,952,-25,11754,2049,Codeforces Round 994 (Div. 2)
hardik.bishnoi29,570,764,194,11754,2049,Codeforces Round 994 (Div. 2)
Sheth25,841,931,90,11754,2049,Codeforces Round 994 (Div. 2)
petla,945,965,20,11754,2049,Codeforces Round 994 (Div. 2)
atijain12,955,935,-20,11754,2049,Codeforces Round 994 (Div. 2)
stablelcy,815,910,95,11754,2049,Codeforces Round 994 (Div. 2)
chancholkumar384,765,798,33,11779,2049,Codeforces Round 994 (Div. 2)
minhtien118,1003,971,-32,11779,2049,Codeforces Round 994 (Div. 2)
Smilee007,1001,1008,7,11779,2049,Codeforces Round 994 (Div. 2)
Ketan19,933,917,-16,11779,2049,Codeforces Round 994 (Div. 2)
ZMUY,1335,1239,-96,11779,2049,Codeforces Round 994 (Div. 2)
imawadh_,889,885,-4,11779,2049,Codeforces Round 994 (Div. 2)
vdntnyk,900,893,-7,11779,2049,Codeforces Round 994 (Div. 2)
kimd_13,0,396,396,11779,2049,Codeforces Round 994 (Div. 2)
CoderrrX,970,946,-24,11779,2049,Codeforces Round 994 (Div. 2)
FomoCoder,789,872,83,11779,2049,Codeforces Round 994 (Div. 2)
MONEEM...,1054,1011,-43,11779,2049,Codeforces Round 994 (Div. 2)
milon12,805,825,20,11779,2049,Codeforces Round 994 (Div. 2)
Re_Try_Parvej,710,761,51,11779,2049,Codeforces Round 994 (Div. 2)
sanjanareddy_05,914,903,-11,11779,2049,Codeforces Round 994 (Div. 2)
RajdeepSingh_23,1167,1102,-65,11779,2049,Codeforces Round 994 (Div. 2)
Takshil_geek,941,924,-17,11779,2049,Codeforces Round 994 (Div. 2)
decode_abhay,1111,1056,-55,11779,2049,Codeforces Round 994 (Div. 2)
funend,811,889,78,11779,2049,Codeforces Round 994 (Div. 2)
AbdoMO,1187,1118,-69,11779,2049,Codeforces Round 994 (Div. 2)
RahaZK,919,907,-12,11779,2049,Codeforces Round 994 (Div. 2)
221fa04732,935,919,-16,11779,2049,Codeforces Round 994 (Div. 2)
22211a05f8,957,936,-21,11779,2049,Codeforces Round 994 (Div. 2)
Tesss,979,1021,42,11779,2049,Codeforces Round 994 (Div. 2)
akamizane,1145,1180,35,11779,2049,Codeforces Round 994 (Div. 2)
ultraviolent,848,936,88,11779,2049,Codeforces Round 994 (Div. 2)
AmanGuptacd,1143,1122,-21,11779,2049,Codeforces Round 994 (Div. 2)
krsultan,883,944,61,11779,2049,Codeforces Round 994 (Div. 2)
C0MET,954,1001,47,11779,2049,Codeforces Round 994 (Div. 2)
Mitpro,0,396,396,11779,2049,Codeforces Round 994 (Div. 2)
Shubhra007,958,1003,45,11779,2049,Codeforces Round 994 (Div. 2)
Sabb1r_Hossa1n,1061,1016,-45,11809,2049,Codeforces Round 994 (Div. 2)
BabaTillu,621,804,183,11809,2049,Codeforces Round 994 (Div. 2)
SicParvisMagna,1002,970,-32,11809,2049,Codeforces Round 994 (Div. 2)
m_s_sat,803,823,20,11809,2049,Codeforces Round 994 (Div. 2)
suman573,805,824,19,11809,2049,Codeforces Round 994 (Div. 2)
lord_vinayak,854,859,5,11809,2049,Codeforces Round 994 (Div. 2)
sharat05,908,936,28,11809,2049,Codeforces Round 994 (Div. 2)
Utin,941,923,-18,11809,2049,Codeforces Round 994 (Div. 2)
Mula_Wang,0,396,396,11809,2049,Codeforces Round 994 (Div. 2)
Selim_Al_Sumon,812,829,17,11809,2049,Codeforces Round 994 (Div. 2)
FromPluto,985,957,-28,11809,2049,Codeforces Round 994 (Div. 2)
Tej_Jikadara,1112,1056,-56,11809,2049,Codeforces Round 994 (Div. 2)
learner2024,962,1006,44,11809,2049,Codeforces Round 994 (Div. 2)
shrimply,417,674,257,11809,2049,Codeforces Round 994 (Div. 2)
aryannkumaarr,610,795,185,11809,2049,Codeforces Round 994 (Div. 2)
poojitha_bachu15,998,1006,8,11809,2049,Codeforces Round 994 (Div. 2)
srivastavaprakhar7727,787,812,25,11809,2049,Codeforces Round 994 (Div. 2)
riyaryan2004,627,809,182,11809,2049,Codeforces Round 994 (Div. 2)
Smurf.,0,396,396,11809,2049,Codeforces Round 994 (Div. 2)
afatwapas,1277,1191,-86,11809,2049,Codeforces Round 994 (Div. 2)
blckhat,764,921,157,11809,2049,Codeforces Round 994 (Div. 2)
Elrajol_elCP,421,677,256,11809,2049,Codeforces Round 994 (Div. 2)
Astroage,1081,1032,-49,11809,2049,Codeforces Round 994 (Div. 2)
SadikRahman14,852,857,5,11809,2049,Codeforces Round 994 (Div. 2)
priyanshusharma8126,985,957,-28,11809,2049,Codeforces Round 994 (Div. 2)
noureldeen73,1064,1019,-45,11809,2049,Codeforces Round 994 (Div. 2)
kavya28,379,643,264,11809,2049,Codeforces Round 994 (Div. 2)
spacecowboy03,1206,1133,-73,11809,2049,Codeforces Round 994 (Div. 2)
rank_vram,1174,1106,-68,11837,2049,Codeforces Round 994 (Div. 2)
pk97,783,809,26,11837,2049,Codeforces Round 994 (Div. 2)
Azamaat,989,959,-30,11837,2049,Codeforces Round 994 (Div. 2)
Arpan_Das_Gupta,646,824,178,11837,2049,Codeforces Round 994 (Div. 2)
atharvporwal1510,759,792,33,11837,2049,Codeforces Round 994 (Div. 2)
rithamog,766,869,103,11837,2049,Codeforces Round 994 (Div. 2)
whiliam,1395,1288,-107,11837,2049,Codeforces Round 994 (Div. 2)
CrabBoy111,821,871,50,11837,2049,Codeforces Round 994 (Div. 2)
Diana07Bello,1127,1068,-59,11837,2049,Codeforces Round 994 (Div. 2)
nissthaa,880,941,61,11837,2049,Codeforces Round 994 (Div. 2)
Sunnyyyy2501,0,395,395,11837,2049,Codeforces Round 994 (Div. 2)
Bimal18,836,925,89,11837,2049,Codeforces Round 994 (Div. 2)
changotravinod,0,395,395,11837,2049,Codeforces Round 994 (Div. 2)
s1728,920,907,-13,11837,2049,Codeforces Round 994 (Div. 2)
raghav_gupta_06,1183,1114,-69,11837,2049,Codeforces Round 994 (Div. 2)
sanitsinha,930,914,-16,11837,2049,Codeforces Round 994 (Div. 2)
Saurabh1628,1172,1105,-67,11837,2049,Codeforces Round 994 (Div. 2)
Thaw_Streams,0,395,395,11837,2049,Codeforces Round 994 (Div. 2)
PranavSodani,1020,983,-37,11837,2049,Codeforces Round 994 (Div. 2)
VitoTheBuilder,943,924,-19,11837,2049,Codeforces Round 994 (Div. 2)
rjrj18,842,850,8,11837,2049,Codeforces Round 994 (Div. 2)
heet070,1058,1013,-45,11837,2049,Codeforces Round 994 (Div. 2)
sambodhi7,1194,1123,-71,11837,2049,Codeforces Round 994 (Div. 2)
mayank1_1,1052,1008,-44,11837,2049,Codeforces Round 994 (Div. 2)
NeuralKnight,1113,1056,-57,11861,2049,Codeforces Round 994 (Div. 2)
Av_j1,862,863,1,11861,2049,Codeforces Round 994 (Div. 2)
moon_24-28,0,395,395,11861,2049,Codeforces Round 994 (Div. 2)
robinsukhdeve,766,869,103,11861,2049,Codeforces Round 994 (Div. 2)
kaushalaknurwar96,398,658,260,11861,2049,Codeforces Round 994 (Div. 2)
Fyterox,1087,1036,-51,11861,2049,Codeforces Round 994 (Div. 2)
deveshlokare1968,1009,974,-35,11861,2049,Codeforces Round 994 (Div. 2)
_asmit_,833,843,10,11861,2049,Codeforces Round 994 (Div. 2)
uP_faLL,381,644,263,11861,2049,Codeforces Round 994 (Div. 2)
Ayush_18457,628,809,181,11861,2049,Codeforces Round 994 (Div. 2)
hireshshah5432,849,936,87,11861,2049,Codeforces Round 994 (Div. 2)
AnriArkania,1131,1071,-60,11861,2049,Codeforces Round 994 (Div. 2)
hxadogar,372,636,264,11861,2049,Codeforces Round 994 (Div. 2)
GoBloxy,372,636,264,11861,2049,Codeforces Round 994 (Div. 2)
Sabby013,1151,1087,-64,11861,2049,Codeforces Round 994 (Div. 2)
shivampratap54451,1004,970,-34,11861,2049,Codeforces Round 994 (Div. 2)
vibhav175,1175,1107,-68,11861,2049,Codeforces Round 994 (Div. 2)
adi_tya_710,1270,1184,-86,11861,2049,Codeforces Round 994 (Div. 2)
Shagor_Uzumaki,928,912,-16,11861,2049,Codeforces Round 994 (Div. 2)
Jay_Varshney,828,919,91,11861,2049,Codeforces Round 994 (Div. 2)
akshat_20_21,1283,1195,-88,11861,2049,Codeforces Round 994 (Div. 2)
keshavulumuppa03,754,859,105,11861,2049,Codeforces Round 994 (Div. 2)
pranavzambare2006,349,617,268,11861,2049,Codeforces Round 994 (Div. 2)
tanishq_sh,0,395,395,11861,2049,Codeforces Round 994 (Div. 2)
HARSHISBEAST,1179,1110,-69,11861,2049,Codeforces Round 994 (Div. 2)
Gordon__Freeman,942,961,19,11861,2049,Codeforces Round 994 (Div. 2)
fuckedguy,839,847,8,11861,2049,Codeforces Round 994 (Div. 2)
Sumit_19th,353,620,267,11861,2049,Codeforces Round 994 (Div. 2)
izzatjundy,911,899,-12,11861,2049,Codeforces Round 994 (Div. 2)
nimitha1jagadeesha,1293,1203,-90,11890,2049,Codeforces Round 994 (Div. 2)
dip_sam,1038,996,-42,11890,2049,Codeforces Round 994 (Div. 2)
Handh,449,699,250,11890,2049,Codeforces Round 994 (Div. 2)
sakshamShukla,1015,1018,3,11890,2049,Codeforces Round 994 (Div. 2)
Stabgoblin,921,906,-15,11890,2049,Codeforces Round 994 (Div. 2)
suday_95,728,839,111,11890,2049,Codeforces Round 994 (Div. 2)
fankswy,957,934,-23,11890,2049,Codeforces Round 994 (Div. 2)
yashasviii,360,626,266,11890,2049,Codeforces Round 994 (Div. 2)
Iron_man783,872,934,62,11890,2049,Codeforces Round 994 (Div. 2)
chronic_alcoholic,718,831,113,11890,2049,Codeforces Round 994 (Div. 2)
_TSAR_,1106,1050,-56,11890,2049,Codeforces Round 994 (Div. 2)
nakul1505,844,931,87,11890,2049,Codeforces Round 994 (Div. 2)
Oatschamp,921,906,-15,11890,2049,Codeforces Round 994 (Div. 2)
A.Sharma,395,655,260,11890,2049,Codeforces Round 994 (Div. 2)
abisyekue,1025,987,-38,11890,2049,Codeforces Round 994 (Div. 2)
sepsepakal,952,968,16,11890,2049,Codeforces Round 994 (Div. 2)
Jayant_O1,900,891,-9,11890,2049,Codeforces Round 994 (Div. 2)
purplewave,785,809,24,11890,2049,Codeforces Round 994 (Div. 2)
sahilmehta,1023,985,-38,11890,2049,Codeforces Round 994 (Div. 2)
sl-ss,854,920,66,11890,2049,Codeforces Round 994 (Div. 2)
Dhruv_22,947,993,46,11890,2049,Codeforces Round 994 (Div. 2)
JGSSU,802,897,95,11890,2049,Codeforces Round 994 (Div. 2)
Akshat_Gupta._,981,952,-29,11912,2049,Codeforces Round 994 (Div. 2)
metadev,1177,1108,-69,11912,2049,Codeforces Round 994 (Div. 2)
d3monviking,1050,1006,-44,11912,2049,Codeforces Round 994 (Div. 2)
Mmercurial,1116,1058,-58,11912,2049,Codeforces Round 994 (Div. 2)
anushka,995,963,-32,11912,2049,Codeforces Round 994 (Div. 2)
Whalica,0,395,395,11912,2049,Codeforces Round 994 (Div. 2)
pudding,1076,1026,-50,11912,2049,Codeforces Round 994 (Div. 2)
Shagoto1234567890,1147,1083,-64,11912,2049,Codeforces Round 994 (Div. 2)
Ahmad_Abukishk,827,837,10,11912,2049,Codeforces Round 994 (Div. 2)
Varunbha_012,567,759,192,11912,2049,Codeforces Round 994 (Div. 2)
WEIJUNTEH,854,857,3,11912,2049,Codeforces Round 994 (Div. 2)
rishuraj1382,975,947,-28,11912,2049,Codeforces Round 994 (Div. 2)
elmir_aga,810,825,15,11912,2049,Codeforces Round 994 (Div. 2)
_Nova_09,406,664,258,11912,2049,Codeforces Round 994 (Div. 2)
lrkhafez01,918,904,-14,11912,2049,Codeforces Round 994 (Div. 2)
AyBarnwal,856,858,2,11912,2049,Codeforces Round 994 (Div. 2)
manas_maximus18,810,886,76,11912,2049,Codeforces Round 994 (Div. 2)
vipul6024,1102,1047,-55,11912,2049,Codeforces Round 994 (Div. 2)
osamarawan966,0,395,395,11912,2049,Codeforces Round 994 (Div. 2)
animesh_cpp,990,959,-31,11912,2049,Codeforces Round 994 (Div. 2)
__12345__,964,939,-25,11932,2049,Codeforces Round 994 (Div. 2)
ankit907,1495,1370,-125,11932,2049,Codeforces Round 994 (Div. 2)
casxxycas,1098,1043,-55,11932,2049,Codeforces Round 994 (Div. 2)
iluvsneklanguage,626,704,78,11932,2049,Codeforces Round 994 (Div. 2)
Skylight_422,996,963,-33,11932,2049,Codeforces Round 994 (Div. 2)
22501a4458,963,937,-26,11932,2049,Codeforces Round 994 (Div. 2)
shashankkosta940,787,809,22,11932,2049,Codeforces Round 994 (Div. 2)
satyamgupta09,1046,1002,-44,11932,2049,Codeforces Round 994 (Div. 2)
dakshmanu2003,1208,1133,-75,11932,2049,Codeforces Round 994 (Div. 2)
Jim_X,1167,1140,-27,11932,2049,Codeforces Round 994 (Div. 2)
Umar22,891,921,30,11932,2049,Codeforces Round 994 (Div. 2)
ayush.pathak00322,840,846,6,11932,2049,Codeforces Round 994 (Div. 2)
RiyaG,1013,976,-37,11932,2049,Codeforces Round 994 (Div. 2)
sar_001,880,939,59,11932,2049,Codeforces Round 994 (Div. 2)
autobot_prime,844,849,5,11932,2049,Codeforces Round 994 (Div. 2)
alizarin_,1131,1070,-61,11932,2049,Codeforces Round 994 (Div. 2)
uma5125,944,990,46,11932,2049,Codeforces Round 994 (Div. 2)
vedant_kathiriya,941,959,18,11932,2049,Codeforces Round 994 (Div. 2)
zeus75,1049,1004,-45,11932,2049,Codeforces Round 994 (Div. 2)
Karmokar,852,855,3,11932,2049,Codeforces Round 994 (Div. 2)
NaiTension,926,909,-17,11932,2049,Codeforces Round 994 (Div. 2)
Nifty1303,946,925,-21,11932,2049,Codeforces Round 994 (Div. 2)
Fair_boy_3944,467,611,144,11932,2049,Codeforces Round 994 (Div. 2)
luka612,801,895,94,11955,2049,Codeforces Round 994 (Div. 2)
code_dogs,797,892,95,11955,2049,Codeforces Round 994 (Div. 2)
Akshay6905,799,876,77,11955,2049,Codeforces Round 994 (Div. 2)
Sakshi_22,1140,1077,-63,11955,2049,Codeforces Round 994 (Div. 2)
masum06,964,938,-26,11955,2049,Codeforces Round 994 (Div. 2)
leader511,820,867,47,11955,2049,Codeforces Round 994 (Div. 2)
NeuralG,371,634,263,11955,2049,Codeforces Round 994 (Div. 2)
amanraz2802,758,788,30,11955,2049,Codeforces Round 994 (Div. 2)
htianyi,392,651,259,11955,2049,Codeforces Round 994 (Div. 2)
Rakshita_012,806,899,93,11955,2049,Codeforces Round 994 (Div. 2)
Lonewolf18,1472,1351,-121,11955,2049,Codeforces Round 994 (Div. 2)
Goryuten_metsu,900,927,27,11955,2049,Codeforces Round 994 (Div. 2)
Ayush_Agrawal_18,896,886,-10,11955,2049,Codeforces Round 994 (Div. 2)
Mouh4n3dX,844,911,67,11955,2049,Codeforces Round 994 (Div. 2)
Zorojuro,845,849,4,11955,2049,Codeforces Round 994 (Div. 2)
yashvardhan1729,618,800,182,11955,2049,Codeforces Round 994 (Div. 2)
GaurangGupta,1236,1155,-81,11955,2049,Codeforces Round 994 (Div. 2)
vinaykumarb,857,858,1,11955,2049,Codeforces Round 994 (Div. 2)
Ajlan_Alif,971,943,-28,11955,2049,Codeforces Round 994 (Div. 2)
akshay_lcb2023007,1014,976,-38,11955,2049,Codeforces Round 994 (Div. 2)
blitz11,1191,1118,-73,11955,2049,Codeforces Round 994 (Div. 2)
ch1nnu,970,942,-28,11955,2049,Codeforces Round 994 (Div. 2)
Gh0stRider,1047,1002,-45,11955,2049,Codeforces Round 994 (Div. 2)
S.A.ALIF,1013,976,-37,11955,2049,Codeforces Round 994 (Div. 2)
jacob_2002,830,838,8,11979,2049,Codeforces Round 994 (Div. 2)
.._Wolfir_..,494,736,242,11979,2049,Codeforces Round 994 (Div. 2)
Double2D,1249,1166,-83,11979,2049,Codeforces Round 994 (Div. 2)
idiotkaizer,443,693,250,11979,2049,Codeforces Round 994 (Div. 2)
Digvijay0709,671,843,172,11979,2049,Codeforces Round 994 (Div. 2)
CodeWizParth,789,885,96,11979,2049,Codeforces Round 994 (Div. 2)
woodghost,986,993,7,11979,2049,Codeforces Round 994 (Div. 2)
dixitsubeer1,998,1033,35,11979,2049,Codeforces Round 994 (Div. 2)
717822p218,411,667,256,11979,2049,Codeforces Round 994 (Div. 2)
CRYODRAKON,0,394,394,11979,2049,Codeforces Round 994 (Div. 2)
saranshyadav,966,977,11,11979,2049,Codeforces Round 994 (Div. 2)
magician_wiz,376,638,262,11979,2049,Codeforces Round 994 (Div. 2)
big-LingKerly,645,822,177,11979,2049,Codeforces Round 994 (Div. 2)
Hacker33,1000,965,-35,11979,2049,Codeforces Round 994 (Div. 2)
kamran-7,951,927,-24,11979,2049,Codeforces Round 994 (Div. 2)
Encore71,949,926,-23,11979,2049,Codeforces Round 994 (Div. 2)
ambikesh_singh,1058,1011,-47,11979,2049,Codeforces Round 994 (Div. 2)
Aditya90065,935,915,-20,11979,2049,Codeforces Round 994 (Div. 2)
Blackpilled69,540,774,234,11979,2049,Codeforces Round 994 (Div. 2)
Sameer_1903,852,853,1,11979,2049,Codeforces Round 994 (Div. 2)
tsr94,395,654,259,11979,2049,Codeforces Round 994 (Div. 2)
YEAGERIST20,759,788,29,11979,2049,Codeforces Round 994 (Div. 2)
Dharanidharan991,851,915,64,11979,2049,Codeforces Round 994 (Div. 2)
dv_not_found,992,1028,36,11979,2049,Codeforces Round 994 (Div. 2)
relax0its0easy,673,732,59,11979,2049,Codeforces Round 994 (Div. 2)
guzudon2code,899,953,54,11979,2049,Codeforces Round 994 (Div. 2)
mrhv,0,394,394,12005,2049,Codeforces Round 994 (Div. 2)
973--,608,791,183,12005,2049,Codeforces Round 994 (Div. 2)
saptarshikuar2003,1177,1106,-71,12005,2049,Codeforces Round 994 (Div. 2)
pwwddx,990,957,-33,12005,2049,Codeforces Round 994 (Div. 2)
ash3659,975,1014,39,12005,2049,Codeforces Round 994 (Div. 2)
pradyman,399,657,258,12005,2049,Codeforces Round 994 (Div. 2)
rafaelsd_17,360,624,264,12005,2049,Codeforces Round 994 (Div. 2)
Jas167wanth,1122,1062,-60,12005,2049,Codeforces Round 994 (Div. 2)
krish1252,927,908,-19,12005,2049,Codeforces Round 994 (Div. 2)
MathModel,1128,1066,-62,12005,2049,Codeforces Round 994 (Div. 2)
shubhxtech,1113,1054,-59,12005,2049,Codeforces Round 994 (Div. 2)
jiaqiangliu,879,873,-6,12005,2049,Codeforces Round 994 (Div. 2)
RohiT_6,983,951,-32,12005,2049,Codeforces Round 994 (Div. 2)
pratikwasekar13,0,394,394,12005,2049,Codeforces Round 994 (Div. 2)
_Honoured_One,1108,1123,15,12005,2049,Codeforces Round 994 (Div. 2)
DarkNinjaEZ,928,948,20,12005,2049,Codeforces Round 994 (Div. 2)
auy7,911,935,24,12005,2049,Codeforces Round 994 (Div. 2)
aryandagar,852,853,1,12005,2049,Codeforces Round 994 (Div. 2)
khalid_hossen1,588,679,91,12005,2049,Codeforces Round 994 (Div. 2)
Aryan_aj1729,1208,1131,-77,12024,2049,Codeforces Round 994 (Div. 2)
sidude,0,393,393,12024,2049,Codeforces Round 994 (Div. 2)
__rcdg,1138,1074,-64,12024,2049,Codeforces Round 994 (Div. 2)
abhi325,956,930,-26,12024,2049,Codeforces Round 994 (Div. 2)
second_acc,1372,1267,-105,12024,2049,Codeforces Round 994 (Div. 2)
XiaziQJi,922,971,49,12024,2049,Codeforces Round 994 (Div. 2)
yashyaswanth714,633,811,178,12024,2049,Codeforces Round 994 (Div. 2)
maamruthan2,856,855,-1,12024,2049,Codeforces Round 994 (Div. 2)
milind30,689,857,168,12024,2049,Codeforces Round 994 (Div. 2)
maanav24,837,923,86,12024,2049,Codeforces Round 994 (Div. 2)
Theoriser,729,890,161,12024,2049,Codeforces Round 994 (Div. 2)
whiteknightdarknight,918,1046,128,12024,2049,Codeforces Round 994 (Div. 2)
cipheransh,1008,970,-38,12024,2049,Codeforces Round 994 (Div. 2)
Yatendouji,594,779,185,12024,2049,Codeforces Round 994 (Div. 2)
murad501,1049,1003,-46,12024,2049,Codeforces Round 994 (Div. 2)
jaat_coder,618,798,180,12024,2049,Codeforces Round 994 (Div. 2)
Jasprit_Singh,802,817,15,12024,2049,Codeforces Round 994 (Div. 2)
Rana_Khaled00,895,884,-11,12024,2049,Codeforces Round 994 (Div. 2)
_Beluga_,914,898,-16,12024,2049,Codeforces Round 994 (Div. 2)
akshatgupta1673,938,955,17,12024,2049,Codeforces Round 994 (Div. 2)
Beyonder31,695,862,167,12024,2049,Codeforces Round 994 (Div. 2)
akagrajain09,1383,1276,-107,12024,2049,Codeforces Round 994 (Div. 2)
J_A_Jishan,1015,976,-39,12024,2049,Codeforces Round 994 (Div. 2)
charulchaudharyy,1034,991,-43,12024,2049,Codeforces Round 994 (Div. 2)
CodeDamnIt_Aryan,602,785,183,12024,2049,Codeforces Round 994 (Div. 2)
Nazmun_Naher,933,913,-20,12024,2049,Codeforces Round 994 (Div. 2)
skayal1,0,393,393,12024,2049,Codeforces Round 994 (Div. 2)
Contingent,828,916,88,12024,2049,Codeforces Round 994 (Div. 2)
Varun_Kumar27,1071,1020,-51,12024,2049,Codeforces Round 994 (Div. 2)
codeitrahul,343,610,267,12024,2049,Codeforces Round 994 (Div. 2)
yadavvaishnavi95,1171,1101,-70,12024,2049,Codeforces Round 994 (Div. 2)
Raj_Patel_2024,941,957,16,12024,2049,Codeforces Round 994 (Div. 2)
_Error99_,854,854,0,12024,2049,Codeforces Round 994 (Div. 2)
I_SMUFR_YOUR_PEAK,1221,1216,-5,12057,2049,Codeforces Round 994 (Div. 2)
AMIN_AL_ISLAM,897,885,-12,12057,2049,Codeforces Round 994 (Div. 2)
manikya_sharma,1114,1054,-60,12057,2049,Codeforces Round 994 (Div. 2)
nikkhilmaurya,1017,977,-40,12057,2049,Codeforces Round 994 (Div. 2)
nhukhoacr7,401,658,257,12057,2049,Codeforces Round 994 (Div. 2)
thisthisthiswhatisthis,1128,1066,-62,12057,2049,Codeforces Round 994 (Div. 2)
VIRTUOSO_8051,977,946,-31,12057,2049,Codeforces Round 994 (Div. 2)
sriyukthika,1079,1026,-53,12057,2049,Codeforces Round 994 (Div. 2)
minthued,1052,1045,-7,12057,2049,Codeforces Round 994 (Div. 2)
vk018,745,849,104,12057,2049,Codeforces Round 994 (Div. 2)
Charleszzy,1052,1005,-47,12057,2049,Codeforces Round 994 (Div. 2)
saksham_madan,990,1025,35,12057,2049,Codeforces Round 994 (Div. 2)
somani_a,990,995,5,12057,2049,Codeforces Round 994 (Div. 2)
chebypel228,957,930,-27,12057,2049,Codeforces Round 994 (Div. 2)
iiif_,596,780,184,12057,2049,Codeforces Round 994 (Div. 2)
yash_12code,419,673,254,12057,2049,Codeforces Round 994 (Div. 2)
CodeMaverick_11,368,630,262,12057,2049,Codeforces Round 994 (Div. 2)
Kritikajain12,1001,964,-37,12057,2049,Codeforces Round 994 (Div. 2)
gsguasrp,987,993,6,12057,2049,Codeforces Round 994 (Div. 2)
swaitforitagwl,0,393,393,12057,2049,Codeforces Round 994 (Div. 2)
Neeraj_04,950,925,-25,12077,2049,Codeforces Round 994 (Div. 2)
gupta_harshal,991,956,-35,12077,2049,Codeforces Round 994 (Div. 2)
Plysess,414,668,254,12077,2049,Codeforces Round 994 (Div. 2)
abhishekk76117,1077,1024,-53,12077,2049,Codeforces Round 994 (Div. 2)
Ling_ZHOU,939,955,16,12077,2049,Codeforces Round 994 (Div. 2)
rg_13471,881,872,-9,12077,2049,Codeforces Round 994 (Div. 2)
Anushkaaa_J,0,393,393,12077,2049,Codeforces Round 994 (Div. 2)
abhimanyu1803,1088,1033,-55,12077,2049,Codeforces Round 994 (Div. 2)
sahilgarg98975,730,836,106,12077,2049,Codeforces Round 994 (Div. 2)
chmecle,1185,1112,-73,12077,2049,Codeforces Round 994 (Div. 2)
duxo707,1128,1065,-63,12077,2049,Codeforces Round 994 (Div. 2)
realKFCboss,979,1016,37,12077,2049,Codeforces Round 994 (Div. 2)
AntonKorch,916,899,-17,12077,2049,Codeforces Round 994 (Div. 2)
mohsenKH,1128,1065,-63,12077,2049,Codeforces Round 994 (Div. 2)
Noob_Zunayed,968,938,-30,12077,2049,Codeforces Round 994 (Div. 2)
me_ash2004,785,881,96,12077,2049,Codeforces Round 994 (Div. 2)
Adithya_speed,970,940,-30,12077,2049,Codeforces Round 994 (Div. 2)
rakshitg600,974,943,-31,12077,2049,Codeforces Round 994 (Div. 2)
tjl666,371,633,262,12077,2049,Codeforces Round 994 (Div. 2)
Shakib_Ahmed,901,887,-14,12077,2049,Codeforces Round 994 (Div. 2)
Qinff,413,667,254,12077,2049,Codeforces Round 994 (Div. 2)
Saidam_Venkatesh,1202,1126,-76,12077,2049,Codeforces Round 994 (Div. 2)
GS0912,955,928,-27,12099,2049,Codeforces Round 994 (Div. 2)
nnVADIMnn,956,1020,64,12099,2049,Codeforces Round 994 (Div. 2)
sumitnayak537,808,880,72,12099,2049,Codeforces Round 994 (Div. 2)
Darshan_Ramani,1084,1029,-55,12099,2049,Codeforces Round 994 (Div. 2)
CesairAV,953,1017,64,12099,2049,Codeforces Round 994 (Div. 2)
ELx_Hunter,855,917,62,12099,2049,Codeforces Round 994 (Div. 2)
Abn_elsayed,1168,1097,-71,12099,2049,Codeforces Round 994 (Div. 2)
ankitraj_x,821,828,7,12099,2049,Codeforces Round 994 (Div. 2)
RevengX,835,875,40,12099,2049,Codeforces Round 994 (Div. 2)
sidwal,1165,1095,-70,12099,2049,Codeforces Round 994 (Div. 2)
Hoach,652,825,173,12099,2049,Codeforces Round 994 (Div. 2)
lcs2022031,1046,999,-47,12099,2049,Codeforces Round 994 (Div. 2)
biswajit15,405,660,255,12099,2049,Codeforces Round 994 (Div. 2)
Caraxes.,1179,1106,-73,12099,2049,Codeforces Round 994 (Div. 2)
JHON_THE_DON,856,853,-3,12099,2049,Codeforces Round 994 (Div. 2)
piktru3_,703,867,164,12099,2049,Codeforces Round 994 (Div. 2)
PencilWarrior882,901,953,52,12099,2049,Codeforces Round 994 (Div. 2)
Kumar_Utkarsh9263,879,870,-9,12099,2049,Codeforces Round 994 (Div. 2)
himanshu_sheoran,1122,1060,-62,12099,2049,Codeforces Round 994 (Div. 2)
rootover_swapno,741,773,32,12099,2049,Codeforces Round 994 (Div. 2)
San7-01,784,879,95,12099,2049,Codeforces Round 994 (Div. 2)
aasimali,0,393,393,12099,2049,Codeforces Round 994 (Div. 2)
kavyachandrakar,852,887,35,12099,2049,Codeforces Round 994 (Div. 2)
Yuyutsu07,980,1016,36,12099,2049,Codeforces Round 994 (Div. 2)
harshit.raj1708,898,884,-14,12099,2049,Codeforces Round 994 (Div. 2)
himanshugugria,991,995,4,12099,2049,Codeforces Round 994 (Div. 2)
jaber_,1201,1124,-77,12099,2049,Codeforces Round 994 (Div. 2)
Mugiwara_Boy,1227,1146,-81,12099,2049,Codeforces Round 994 (Div. 2)
sanjaysweeju2006,983,949,-34,12127,2049,Codeforces Round 994 (Div. 2)
prakhar_ee69,1017,976,-41,12128,2049,Codeforces Round 994 (Div. 2)
bhavyamsurati__,0,392,392,12128,2049,Codeforces Round 994 (Div. 2)
Angel_Dream,0,392,392,12128,2049,Codeforces Round 994 (Div. 2)
sonu69,783,801,18,12128,2049,Codeforces Round 994 (Div. 2)
raikatghosh105,985,951,-34,12128,2049,Codeforces Round 994 (Div. 2)
Sir_A_Rafay_Pow_Infinity,670,725,55,12128,2049,Codeforces Round 994 (Div. 2)
ayush7066,808,880,72,12128,2049,Codeforces Round 994 (Div. 2)
shresta1608,944,987,43,12128,2049,Codeforces Round 994 (Div. 2)
Piyush.V,758,858,100,12128,2049,Codeforces Round 994 (Div. 2)
Yadvi,858,891,33,12128,2049,Codeforces Round 994 (Div. 2)
1425,638,813,175,12128,2049,Codeforces Round 994 (Div. 2)
ksj_03,1009,970,-39,12128,2049,Codeforces Round 994 (Div. 2)
Sk_110_251178,619,798,179,12128,2049,Codeforces Round 994 (Div. 2)
badonishreyansh,921,901,-20,12128,2049,Codeforces Round 994 (Div. 2)
ahmedhossam_09,965,974,9,12128,2049,Codeforces Round 994 (Div. 2)
Manish_Panjwani,818,825,7,12128,2049,Codeforces Round 994 (Div. 2)
Punith_B_R_27,842,906,64,12128,2049,Codeforces Round 994 (Div. 2)
garuda0,1104,1045,-59,12128,2049,Codeforces Round 994 (Div. 2)
nbreakable,848,847,-1,12128,2049,Codeforces Round 994 (Div. 2)
Hantur,988,953,-35,12128,2049,Codeforces Round 994 (Div. 2)
TLsyc47,901,886,-15,12128,2049,Codeforces Round 994 (Div. 2)
Saurav4545,947,921,-26,12128,2049,Codeforces Round 994 (Div. 2)
Hristov,1087,1103,16,12150,2049,Codeforces Round 994 (Div. 2)
fabimefabime,597,779,182,12150,2049,Codeforces Round 994 (Div. 2)
ashwani.pandey93048,650,823,173,12150,2049,Codeforces Round 994 (Div. 2)
Devansh_011,356,619,263,12150,2049,Codeforces Round 994 (Div. 2)
arushbansal_,1175,1102,-73,12150,2049,Codeforces Round 994 (Div. 2)
psyduck_kk,841,925,84,12150,2049,Codeforces Round 994 (Div. 2)
princepal250,1299,1205,-94,12150,2049,Codeforces Round 994 (Div. 2)
ricky45,837,902,65,12150,2049,Codeforces Round 994 (Div. 2)
un_available,1075,1021,-54,12150,2049,Codeforces Round 994 (Div. 2)
Snow_Yuyu,395,652,257,12150,2049,Codeforces Round 994 (Div. 2)
return_x,929,945,16,12150,2049,Codeforces Round 994 (Div. 2)
shiny_star,670,839,169,12150,2049,Codeforces Round 994 (Div. 2)
manyadx777,889,876,-13,12150,2049,Codeforces Round 994 (Div. 2)
nusrattabassum2206,885,873,-12,12150,2049,Codeforces Round 994 (Div. 2)
KayatW,833,918,85,12150,2049,Codeforces Round 994 (Div. 2)
sk0073,656,828,172,12150,2049,Codeforces Round 994 (Div. 2)
Roka_,1017,975,-42,12150,2049,Codeforces Round 994 (Div. 2)
zirconiumzodiac40,0,392,392,12150,2049,Codeforces Round 994 (Div. 2)
noname_0690,941,916,-25,12150,2049,Codeforces Round 994 (Div. 2)
KILLDx.99,686,735,49,12150,2049,Codeforces Round 994 (Div. 2)
GMG,0,392,392,12150,2049,Codeforces Round 994 (Div. 2)
Burleque,1101,1042,-59,12150,2049,Codeforces Round 994 (Div. 2)
bhavya1176,390,647,257,12150,2049,Codeforces Round 994 (Div. 2)
zanj0,1758,1586,-172,12150,2049,Codeforces Round 994 (Div. 2)
xross99,1153,1084,-69,12150,2049,Codeforces Round 994 (Div. 2)
aadiSam,925,904,-21,12150,2049,Codeforces Round 994 (Div. 2)
Omarayoub,1058,1008,-50,12150,2049,Codeforces Round 994 (Div. 2)
rajbharsoutam,932,909,-23,12150,2049,Codeforces Round 994 (Div. 2)
NSTNur1s,875,866,-9,12178,2049,Codeforces Round 994 (Div. 2)
rishitagrawal,875,866,-9,12178,2049,Codeforces Round 994 (Div. 2)
NixSPlatypus,1145,1078,-67,12178,2049,Codeforces Round 994 (Div. 2)
AdarSharma,1079,1024,-55,12178,2049,Codeforces Round 994 (Div. 2)
secret_signs,0,392,392,12178,2049,Codeforces Round 994 (Div. 2)
sh3llvik,793,807,14,12178,2049,Codeforces Round 994 (Div. 2)
sorcererak,1068,1015,-53,12178,2049,Codeforces Round 994 (Div. 2)
DOT_JOT,384,643,259,12178,2049,Codeforces Round 994 (Div. 2)
Raj_Aryan_631,945,919,-26,12178,2049,Codeforces Round 994 (Div. 2)
Mr_robot_00710,574,761,187,12178,2049,Codeforces Round 994 (Div. 2)
parth444gupta,1088,1031,-57,12178,2049,Codeforces Round 994 (Div. 2)
Casper007,989,953,-36,12178,2049,Codeforces Round 994 (Div. 2)
_Rocheree,0,392,392,12178,2049,Codeforces Round 994 (Div. 2)
Arpit_2301,1082,1027,-55,12178,2049,Codeforces Round 994 (Div. 2)
MDIMRANKHANSIAM,873,864,-9,12178,2049,Codeforces Round 994 (Div. 2)
naeem28,1022,978,-44,12193,2049,Codeforces Round 994 (Div. 2)
abj1729,1077,1063,-14,12193,2049,Codeforces Round 994 (Div. 2)
CodingNinja007,1083,1027,-56,12193,2049,Codeforces Round 994 (Div. 2)
NerfNikhil,0,392,392,12193,2049,Codeforces Round 994 (Div. 2)
Aekaraiaekar,899,950,51,12193,2049,Codeforces Round 994 (Div. 2)
nitin_chaurasiya,1202,1124,-78,12193,2049,Codeforces Round 994 (Div. 2)
AgrimB,615,794,179,12193,2049,Codeforces Round 994 (Div. 2)
srujan53,855,851,-4,12193,2049,Codeforces Round 994 (Div. 2)
major_ants_18,648,821,173,12193,2049,Codeforces Round 994 (Div. 2)
karrrtik_27,635,810,175,12193,2049,Codeforces Round 994 (Div. 2)
ayush_singh001,386,644,258,12193,2049,Codeforces Round 994 (Div. 2)
sachinup,703,745,42,12193,2049,Codeforces Round 994 (Div. 2)
mysterio04,401,656,255,12193,2049,Codeforces Round 994 (Div. 2)
shubhamgyd,1021,978,-43,12193,2049,Codeforces Round 994 (Div. 2)
Parth_Sutaria,789,839,50,12193,2049,Codeforces Round 994 (Div. 2)
Raising_Heaven,975,942,-33,12193,2049,Codeforces Round 994 (Div. 2)
VSK18,1126,1062,-64,12193,2049,Codeforces Round 994 (Div. 2)
kgpra,1237,1153,-84,12210,2049,Codeforces Round 994 (Div. 2)
TheSupremacy55,977,943,-34,12210,2049,Codeforces Round 994 (Div. 2)
dagarr685,1266,1177,-89,12210,2049,Codeforces Round 994 (Div. 2)
sudhanshu253,763,861,98,12210,2049,Codeforces Round 994 (Div. 2)
NAILONGALSODARGON,1016,1013,-3,12210,2049,Codeforces Round 994 (Div. 2)
songyy999,780,930,150,12210,2049,Codeforces Round 994 (Div. 2)
soni77777,1149,1080,-69,12210,2049,Codeforces Round 994 (Div. 2)
_rishitraj,600,781,181,12210,2049,Codeforces Round 994 (Div. 2)
sainimukul1215,1015,1012,-3,12210,2049,Codeforces Round 994 (Div. 2)
skipped_,1034,987,-47,12210,2049,Codeforces Round 994 (Div. 2)
Vaishnavi1047,974,940,-34,12210,2049,Codeforces Round 994 (Div. 2)
01kx,898,949,51,12210,2049,Codeforces Round 994 (Div. 2)
abhideepd,816,903,87,12210,2049,Codeforces Round 994 (Div. 2)
akash_siripuram,870,926,56,12210,2049,Codeforces Round 994 (Div. 2)
RomanYD,961,931,-30,12210,2049,Codeforces Round 994 (Div. 2)
TurAli,670,839,169,12210,2049,Codeforces Round 994 (Div. 2)
saiadithya27,0,391,391,12210,2049,Codeforces Round 994 (Div. 2)
GTNewHorizons,983,1018,35,12210,2049,Codeforces Round 994 (Div. 2)
harsh_kumar_arya,857,852,-5,12210,2049,Codeforces Round 994 (Div. 2)
sarisht_shreshth,1038,991,-47,12210,2049,Codeforces Round 994 (Div. 2)
pratheek81,608,788,180,12210,2049,Codeforces Round 994 (Div. 2)
mitochondriaaaaaaa,1015,972,-43,12210,2049,Codeforces Round 994 (Div. 2)
Elevate.,798,809,11,12210,2049,Codeforces Round 994 (Div. 2)
fatima_adiga,924,901,-23,12233,2049,Codeforces Round 994 (Div. 2)
Abdullahallan,645,818,173,12233,2049,Codeforces Round 994 (Div. 2)
nikhilvishwakarma9775_,1150,1081,-69,12233,2049,Codeforces Round 994 (Div. 2)
skulldanger__,877,931,54,12233,2049,Codeforces Round 994 (Div. 2)
Thirdeye9850,1167,1095,-72,12233,2049,Codeforces Round 994 (Div. 2)
anshika476,836,899,63,12233,2049,Codeforces Round 994 (Div. 2)
JR_Riyad,1378,1270,-108,12233,2049,Codeforces Round 994 (Div. 2)
VLuxe,698,861,163,12233,2049,Codeforces Round 994 (Div. 2)
Master57_t,1073,1091,18,12233,2049,Codeforces Round 994 (Div. 2)
binaryLift,803,892,89,12233,2049,Codeforces Round 994 (Div. 2)
Shivamgoyal12345,608,787,179,12233,2049,Codeforces Round 994 (Div. 2)
raj_mohnani,1150,1081,-69,12233,2049,Codeforces Round 994 (Div. 2)
Voldigoad,963,931,-32,12233,2049,Codeforces Round 994 (Div. 2)
deveshpalo047,895,879,-16,12233,2049,Codeforces Round 994 (Div. 2)
Na_On,1006,965,-41,12233,2049,Codeforces Round 994 (Div. 2)
pabak,1039,991,-48,12233,2049,Codeforces Round 994 (Div. 2)
mhatreojas192,383,641,258,12233,2049,Codeforces Round 994 (Div. 2)
ChocoByte__,801,810,9,12233,2049,Codeforces Round 994 (Div. 2)
Durjoy-34,795,806,11,12233,2049,Codeforces Round 994 (Div. 2)
MahavirCoder,699,862,163,12233,2049,Codeforces Round 994 (Div. 2)
chuichuifeng,1008,966,-42,12233,2049,Codeforces Round 994 (Div. 2)
DecodeX,940,913,-27,12233,2049,Codeforces Round 994 (Div. 2)
indreshkverma2004,1131,1065,-66,12233,2049,Codeforces Round 994 (Div. 2)
abhay.johri0,990,952,-38,12233,2049,Codeforces Round 994 (Div. 2)
ksinghmsingh,786,800,14,12233,2049,Codeforces Round 994 (Div. 2)
iamtaran,1026,1052,26,12233,2049,Codeforces Round 994 (Div. 2)
arshiv,803,812,9,12233,2049,Codeforces Round 994 (Div. 2)
nightcrawler22,395,651,256,12233,2049,Codeforces Round 994 (Div. 2)
devrajbando,965,933,-32,12233,2049,Codeforces Round 994 (Div. 2)
app6,818,905,87,12233,2049,Codeforces Round 994 (Div. 2)
helloworld666,357,619,262,12263,2049,Codeforces Round 994 (Div. 2)
code_RN,1057,1005,-52,12263,2049,Codeforces Round 994 (Div. 2)
Devansh_Sethi,391,647,256,12263,2049,Codeforces Round 994 (Div. 2)
riyadunnabi,872,861,-11,12263,2049,Codeforces Round 994 (Div. 2)
Surajshivam919810,937,910,-27,12263,2049,Codeforces Round 994 (Div. 2)
AbhishekMaheshwari123,951,921,-30,12263,2049,Codeforces Round 994 (Div. 2)
Tiwarisumit1612,813,818,5,12263,2049,Codeforces Round 994 (Div. 2)
theblackblade,869,859,-10,12263,2049,Codeforces Round 994 (Div. 2)
Jeet024,965,932,-33,12263,2049,Codeforces Round 994 (Div. 2)
worlearn,766,785,19,12263,2049,Codeforces Round 994 (Div. 2)
Krishna_456,1319,1220,-99,12263,2049,Codeforces Round 994 (Div. 2)
Xmaoao,1454,1333,-121,12263,2049,Codeforces Round 994 (Div. 2)
bakulman,0,391,391,12263,2049,Codeforces Round 994 (Div. 2)
Aaryakotalwar,1093,1034,-59,12263,2049,Codeforces Round 994 (Div. 2)
sameerdattav,1050,999,-51,12263,2049,Codeforces Round 994 (Div. 2)
Dhanush_Yarragunta,1160,1089,-71,12263,2049,Codeforces Round 994 (Div. 2)
scitc_wgq,825,827,2,12263,2049,Codeforces Round 994 (Div. 2)
WZangen,823,908,85,12263,2049,Codeforces Round 994 (Div. 2)
Celestial26,994,955,-39,12263,2049,Codeforces Round 994 (Div. 2)
aadityarajK1,890,875,-15,12282,2049,Codeforces Round 994 (Div. 2)
aakhu_bansal,749,774,25,12282,2049,Codeforces Round 994 (Div. 2)
Yugsharma_iitr,1064,1010,-54,12282,2049,Codeforces Round 994 (Div. 2)
Piyush_ag,647,819,172,12282,2049,Codeforces Round 994 (Div. 2)
yashraj_mishra247,1224,1141,-83,12282,2049,Codeforces Round 994 (Div. 2)
_mmazy765,846,842,-4,12282,2049,Codeforces Round 994 (Div. 2)
vansh1_293,1035,987,-48,12282,2049,Codeforces Round 994 (Div. 2)
juhi_5125,0,391,391,12282,2049,Codeforces Round 994 (Div. 2)
liaaana,1131,1065,-66,12282,2049,Codeforces Round 994 (Div. 2)
Arif_Sadik,690,734,44,12282,2049,Codeforces Round 994 (Div. 2)
O-O-7,989,1045,56,12282,2049,Codeforces Round 994 (Div. 2)
I_love_ISLAAAAAAAAAM,720,754,34,12282,2049,Codeforces Round 994 (Div. 2)
vaanyasharmaaa,769,847,78,12282,2049,Codeforces Round 994 (Div. 2)
aarg,758,779,21,12282,2049,Codeforces Round 994 (Div. 2)
ibrakhim1908,0,391,391,12282,2049,Codeforces Round 994 (Div. 2)
Yashbhau35,805,893,88,12282,2049,Codeforces Round 994 (Div. 2)
A_aryan_121,980,1014,34,12282,2049,Codeforces Round 994 (Div. 2)
kpt_20,762,859,97,12282,2049,Codeforces Round 994 (Div. 2)
limengchao,967,933,-34,12282,2049,Codeforces Round 994 (Div. 2)
8pm_Nuri,1055,1003,-52,12282,2049,Codeforces Round 994 (Div. 2)
vaibhavi_ag05,943,915,-28,12302,2049,Codeforces Round 994 (Div. 2)
noneoyourbusiness,1005,963,-42,12302,2049,Codeforces Round 994 (Div. 2)
mellowsky,941,913,-28,12302,2049,Codeforces Round 994 (Div. 2)
mastersaksham12345,1129,1063,-66,12302,2049,Codeforces Round 994 (Div. 2)
satyam_R8,903,884,-19,12302,2049,Codeforces Round 994 (Div. 2)
777harshitkumar,0,390,390,12302,2049,Codeforces Round 994 (Div. 2)
preethichanti,968,934,-34,12302,2049,Codeforces Round 994 (Div. 2)
Harsh0601,0,390,390,12302,2049,Codeforces Round 994 (Div. 2)
Ashutosh_31,758,855,97,12302,2049,Codeforces Round 994 (Div. 2)
key_2,368,627,259,12302,2049,Codeforces Round 994 (Div. 2)
A_Sieve,841,980,139,12302,2049,Codeforces Round 994 (Div. 2)
psyduck_1607,846,927,81,12302,2049,Codeforces Round 994 (Div. 2)
Lavanya_Soni,964,931,-33,12302,2049,Codeforces Round 994 (Div. 2)
egoistlakshya,1133,1066,-67,12302,2049,Codeforces Round 994 (Div. 2)
visheshbansal121,1050,999,-51,12302,2049,Codeforces Round 994 (Div. 2)
CarlCd,0,390,390,12302,2049,Codeforces Round 994 (Div. 2)
SushiTrash,915,893,-22,12302,2049,Codeforces Round 994 (Div. 2)
applezk,1317,1218,-99,12302,2049,Codeforces Round 994 (Div. 2)
Arj0n.G0d,1216,1134,-82,12302,2049,Codeforces Round 994 (Div. 2)
dhrisdhruv,932,945,13,12321,2049,Codeforces Round 994 (Div. 2)
Swapnil_Shukla,964,931,-33,12321,2049,Codeforces Round 994 (Div. 2)
Manjeet05,824,908,84,12321,2049,Codeforces Round 994 (Div. 2)
rhydamshr,0,390,390,12321,2049,Codeforces Round 994 (Div. 2)
b_iit,615,792,177,12321,2049,Codeforces Round 994 (Div. 2)
MBZY,1017,1044,27,12321,2049,Codeforces Round 994 (Div. 2)
MEYSAM.pd,913,982,69,12321,2049,Codeforces Round 994 (Div. 2)
zapwiz22,1098,1037,-61,12321,2049,Codeforces Round 994 (Div. 2)
bonagauni,808,814,6,12321,2049,Codeforces Round 994 (Div. 2)
sheldor_73,386,642,256,12321,2049,Codeforces Round 994 (Div. 2)
mirzasamia,1139,1071,-68,12321,2049,Codeforces Round 994 (Div. 2)
devanshuu,640,813,173,12321,2049,Codeforces Round 994 (Div. 2)
akilhossain400,592,671,79,12321,2049,Codeforces Round 994 (Div. 2)
LazLooz,926,901,-25,12334,2049,Codeforces Round 994 (Div. 2)
a1b1a2b2,1215,1133,-82,12334,2049,Codeforces Round 994 (Div. 2)
hadiq_007,1086,1027,-59,12334,2049,Codeforces Round 994 (Div. 2)
LightWave,1156,1084,-72,12334,2049,Codeforces Round 994 (Div. 2)
Kya_Baat_Haii,881,904,23,12334,2049,Codeforces Round 994 (Div. 2)
Protocode,996,955,-41,12334,2049,Codeforces Round 994 (Div. 2)
kaosar_the_Joyboy,1122,1056,-66,12334,2049,Codeforces Round 994 (Div. 2)
loser_1o1,1144,1074,-70,12334,2049,Codeforces Round 994 (Div. 2)
gm1205,884,935,51,12334,2049,Codeforces Round 994 (Div. 2)
shanthanreddykatkuri,636,809,173,12334,2049,Codeforces Round 994 (Div. 2)
nehagarg1_2_3,830,829,-1,12334,2049,Codeforces Round 994 (Div. 2)
xyyoung30,381,638,257,12334,2049,Codeforces Round 994 (Div. 2)
Green_user,-12,345,357,12334,2049,Codeforces Round 994 (Div. 2)
Woogle262002,1137,1068,-69,12334,2049,Codeforces Round 994 (Div. 2)
Zain_2009,676,842,166,12334,2049,Codeforces Round 994 (Div. 2)
rishabhk857,756,852,96,12349,2049,Codeforces Round 994 (Div. 2)
ShinChan5,1056,1002,-54,12349,2049,Codeforces Round 994 (Div. 2)
Sohel_rana_25,921,935,14,12349,2049,Codeforces Round 994 (Div. 2)
priyanshupriyank04,1024,1018,-6,12349,2049,Codeforces Round 994 (Div. 2)
Deven10103,0,390,390,12349,2049,Codeforces Round 994 (Div. 2)
Vanshitaa,911,889,-22,12349,2049,Codeforces Round 994 (Div. 2)
daddymonil,919,895,-24,12349,2049,Codeforces Round 994 (Div. 2)
voldemart,906,885,-21,12349,2049,Codeforces Round 994 (Div. 2)
_idcpc_,1232,1147,-85,12349,2049,Codeforces Round 994 (Div. 2)
_NIS_,1042,992,-50,12349,2049,Codeforces Round 994 (Div. 2)
Himanshu10071,950,958,8,12349,2049,Codeforces Round 994 (Div. 2)
Div_agr_80,456,700,244,12349,2049,Codeforces Round 994 (Div. 2)
ShivamPandey3639,1028,980,-48,12349,2049,Codeforces Round 994 (Div. 2)
falcon83,847,841,-6,12349,2049,Codeforces Round 994 (Div. 2)
rohitsah,1082,1023,-59,12363,2049,Codeforces Round 994 (Div. 2)
Gary_Launcher,0,389,389,12363,2049,Codeforces Round 994 (Div. 2)
PlanetEarth,1017,971,-46,12363,2049,Codeforces Round 994 (Div. 2)
tehelka,365,624,259,12363,2049,Codeforces Round 994 (Div. 2)
Eric.092,935,907,-28,12363,2049,Codeforces Round 994 (Div. 2)
_Azim_08,812,815,3,12363,2049,Codeforces Round 994 (Div. 2)
amrit112singh,1037,987,-50,12363,2049,Codeforces Round 994 (Div. 2)
Artyommer,477,717,240,12363,2049,Codeforces Round 994 (Div. 2)
crashedPC_,974,937,-37,12363,2049,Codeforces Round 994 (Div. 2)
Vagdevi_Sagi,992,951,-41,12363,2049,Codeforces Round 994 (Div. 2)
kartikrana,961,927,-34,12363,2049,Codeforces Round 994 (Div. 2)
EshwarBoora,958,925,-33,12363,2049,Codeforces Round 994 (Div. 2)
Shanddosh,1194,1115,-79,12363,2049,Codeforces Round 994 (Div. 2)
mvr_,1049,997,-52,12363,2049,Codeforces Round 994 (Div. 2)
Chuba,870,857,-13,12363,2049,Codeforces Round 994 (Div. 2)
Satyam21B1531183,795,884,89,12363,2049,Codeforces Round 994 (Div. 2)
hk_2266,601,780,179,12363,2049,Codeforces Round 994 (Div. 2)
sounakray496,820,821,1,12363,2049,Codeforces Round 994 (Div. 2)
kiselev23,690,853,163,12363,2049,Codeforces Round 994 (Div. 2)
noobsolver24,1029,981,-48,12363,2049,Codeforces Round 994 (Div. 2)
Little_Giant,1163,1090,-73,12363,2049,Codeforces Round 994 (Div. 2)
Coder_RZ1001,766,783,17,12363,2049,Codeforces Round 994 (Div. 2)
satyam20_,0,390,390,12385,2049,Codeforces Round 994 (Div. 2)
mfan963,0,390,390,12385,2049,Codeforces Round 994 (Div. 2)
maurya_deepak,910,888,-22,12385,2049,Codeforces Round 994 (Div. 2)
br224,578,761,183,12385,2049,Codeforces Round 994 (Div. 2)
Aadarsh_3,803,890,87,12385,2049,Codeforces Round 994 (Div. 2)
sidharthn1105,798,805,7,12385,2049,Codeforces Round 994 (Div. 2)
Shivam_Bhardwaj2004,722,825,103,12385,2049,Codeforces Round 994 (Div. 2)
Roshan_S_Joe,611,788,177,12385,2049,Codeforces Round 994 (Div. 2)
romanescoBroccoli,1059,1045,-14,12385,2049,Codeforces Round 994 (Div. 2)
Fahrifaradish01,1026,1018,-8,12385,2049,Codeforces Round 994 (Div. 2)
Setsna,974,937,-37,12385,2049,Codeforces Round 994 (Div. 2)
Clownfish170,716,875,159,12385,2049,Codeforces Round 994 (Div. 2)
Sigma_1018,1238,1151,-87,12385,2049,Codeforces Round 994 (Div. 2)
selfjaraut,713,872,159,12385,2049,Codeforces Round 994 (Div. 2)
MITALI_MANYA,771,786,15,12385,2049,Codeforces Round 994 (Div. 2)
Xayk.22,380,636,256,12385,2049,Codeforces Round 994 (Div. 2)
dedeepya_sri,820,820,0,12385,2049,Codeforces Round 994 (Div. 2)
falc_oneinskii,897,877,-20,12402,2049,Codeforces Round 994 (Div. 2)
sunilsh,440,686,246,12402,2049,Codeforces Round 994 (Div. 2)
adicodesss,1120,1054,-66,12402,2049,Codeforces Round 994 (Div. 2)
vikramadityaa,851,908,57,12402,2049,Codeforces Round 994 (Div. 2)
INL_7,854,911,57,12402,2049,Codeforces Round 994 (Div. 2)
AditiG_05,635,807,172,12402,2049,Codeforces Round 994 (Div. 2)
franky_314,1049,996,-53,12402,2049,Codeforces Round 994 (Div. 2)
Adarsh1805,805,892,87,12402,2049,Codeforces Round 994 (Div. 2)
D_Sai_Venkat,0,389,389,12402,2049,Codeforces Round 994 (Div. 2)
keshav_9149352091,393,647,254,12402,2049,Codeforces Round 994 (Div. 2)
abdullah23011,670,837,167,12402,2049,Codeforces Round 994 (Div. 2)
lalshminarayanan07,909,886,-23,12402,2049,Codeforces Round 994 (Div. 2)
CaPSanS623,662,712,50,12402,2049,Codeforces Round 994 (Div. 2)
iamsiamhossen,919,894,-25,12402,2049,Codeforces Round 994 (Div. 2)
phanbao2607,796,865,69,12402,2049,Codeforces Round 994 (Div. 2)
haosengrun,835,830,-5,12417,2049,Codeforces Round 994 (Div. 2)
mahesh_rathi,1134,1065,-69,12417,2049,Codeforces Round 994 (Div. 2)
adam-al-rahman,896,876,-20,12417,2049,Codeforces Round 994 (Div. 2)
garv1202,1114,1049,-65,12417,2049,Codeforces Round 994 (Div. 2)
dhruv8520,1005,961,-44,12417,2049,Codeforces Round 994 (Div. 2)
jorav_25,1293,1197,-96,12417,2049,Codeforces Round 994 (Div. 2)
ImmutableTara,0,389,389,12417,2049,Codeforces Round 994 (Div. 2)
kumarayush70049,1034,984,-50,12417,2049,Codeforces Round 994 (Div. 2)
Np3305,923,897,-26,12417,2049,Codeforces Round 994 (Div. 2)
gehadd,1045,993,-52,12417,2049,Codeforces Round 994 (Div. 2)
santrupt_29,1069,1012,-57,12417,2049,Codeforces Round 994 (Div. 2)
Shikhrrr,876,860,-16,12417,2049,Codeforces Round 994 (Div. 2)
sai0610,1083,1023,-60,12417,2049,Codeforces Round 994 (Div. 2)
ALGoreRhyythm,682,724,42,12417,2049,Codeforces Round 994 (Div. 2)
Siri_Maya_Lalitha,889,871,-18,12417,2049,Codeforces Round 994 (Div. 2)
iyyyy,403,655,252,12417,2049,Codeforces Round 994 (Div. 2)
hashiirama,901,880,-21,12417,2049,Codeforces Round 994 (Div. 2)
Yahia_sev,992,950,-42,12434,2049,Codeforces Round 994 (Div. 2)
tortoise_,589,769,180,12434,2049,Codeforces Round 994 (Div. 2)
C243164,0,389,389,12434,2049,Codeforces Round 994 (Div. 2)
Aaryan-Dadu,870,922,52,12434,2049,Codeforces Round 994 (Div. 2)
kishore200519,805,808,3,12434,2049,Codeforces Round 994 (Div. 2)
namanjain7752,884,867,-17,12434,2049,Codeforces Round 994 (Div. 2)
yanami_anna_ovo,407,658,251,12434,2049,Codeforces Round 994 (Div. 2)
NTA_sucks,0,389,389,12434,2049,Codeforces Round 994 (Div. 2)
ashok4,1090,1028,-62,12434,2049,Codeforces Round 994 (Div. 2)
devansh1502,1037,986,-51,12434,2049,Codeforces Round 994 (Div. 2)
entity_01,794,801,7,12434,2049,Codeforces Round 994 (Div. 2)
Byte_Wizard-018,997,954,-43,12434,2049,Codeforces Round 994 (Div. 2)
GameOfCode05,1032,982,-50,12434,2049,Codeforces Round 994 (Div. 2)
imem,785,794,9,12434,2049,Codeforces Round 994 (Div. 2)
Shashidhar__m,1146,1075,-71,12434,2049,Codeforces Round 994 (Div. 2)
vb_panda,835,916,81,12434,2049,Codeforces Round 994 (Div. 2)
naman_katiyar12,971,934,-37,12434,2049,Codeforces Round 994 (Div. 2)
vv_18,790,878,88,12434,2049,Codeforces Round 994 (Div. 2)
atul9081,905,882,-23,12452,2049,Codeforces Round 994 (Div. 2)
Captain10,361,620,259,12452,2049,Codeforces Round 994 (Div. 2)
harsh5656kumar5656,874,948,74,12452,2049,Codeforces Round 994 (Div. 2)
coolgamersandeep,1109,1044,-65,12452,2049,Codeforces Round 994 (Div. 2)
smitttyy,957,922,-35,12452,2049,Codeforces Round 994 (Div. 2)
indian_boy_0007,1122,1055,-67,12452,2049,Codeforces Round 994 (Div. 2)
jjsdk,885,867,-18,12452,2049,Codeforces Round 994 (Div. 2)
Musafir__92,1014,967,-47,12452,2049,Codeforces Round 994 (Div. 2)
arthteerth12345,916,891,-25,12452,2049,Codeforces Round 994 (Div. 2)
Drizzle_Luo,386,641,255,12452,2049,Codeforces Round 994 (Div. 2)
Lightning_crusader,1241,1153,-88,12452,2049,Codeforces Round 994 (Div. 2)
harshvardhan10012,388,642,254,12463,2049,Codeforces Round 994 (Div. 2)
Aman_ghadge,971,933,-38,12463,2049,Codeforces Round 994 (Div. 2)
so_long,1030,980,-50,12463,2049,Codeforces Round 994 (Div. 2)
tanushnani1610,1221,1136,-85,12463,2049,Codeforces Round 994 (Div. 2)
shouryagoel,1121,1054,-67,12463,2049,Codeforces Round 994 (Div. 2)
Shivamvr,961,925,-36,12463,2049,Codeforces Round 994 (Div. 2)
ashutoshvishwakarma208,891,871,-20,12463,2049,Codeforces Round 994 (Div. 2)
kr503grv,696,732,36,12463,2049,Codeforces Round 994 (Div. 2)
dhruv_goel_07,1088,1027,-61,12463,2049,Codeforces Round 994 (Div. 2)
prabhat.kr.sahu1,946,914,-32,12463,2049,Codeforces Round 994 (Div. 2)
KanishkGupta2004,1104,1040,-64,12463,2049,Codeforces Round 994 (Div. 2)
Om-kathiriya,834,866,32,12463,2049,Codeforces Round 994 (Div. 2)
Sachin70115053,868,854,-14,12463,2049,Codeforces Round 994 (Div. 2)
tashya_aryan,820,855,35,12463,2049,Codeforces Round 994 (Div. 2)
Bit-Master,404,655,251,12477,2049,Codeforces Round 994 (Div. 2)
lh_3942,606,782,176,12478,2049,Codeforces Round 994 (Div. 2)
CreativeRaven,1104,1039,-65,12478,2049,Codeforces Round 994 (Div. 2)
cLockingTime,777,867,90,12478,2049,Codeforces Round 994 (Div. 2)
Adi_023,1087,1026,-61,12478,2049,Codeforces Round 994 (Div. 2)
rajan_04,0,389,389,12478,2049,Codeforces Round 994 (Div. 2)
stuti_dash,962,926,-36,12478,2049,Codeforces Round 994 (Div. 2)
NoahsCode,1018,1010,-8,12478,2049,Codeforces Round 994 (Div. 2)
cin_om,1041,1029,-12,12478,2049,Codeforces Round 994 (Div. 2)
vanshi-123-egg,827,823,-4,12478,2049,Codeforces Round 994 (Div. 2)
domiii,1025,975,-50,12478,2049,Codeforces Round 994 (Div. 2)
mahendra_34,1413,1296,-117,12478,2049,Codeforces Round 994 (Div. 2)
Munisbek_2011,856,910,54,12478,2049,Codeforces Round 994 (Div. 2)
squid_suraj,601,778,177,12478,2049,Codeforces Round 994 (Div. 2)
subhrat,1054,999,-55,12478,2049,Codeforces Round 994 (Div. 2)
Sanna_123,890,870,-20,12478,2049,Codeforces Round 994 (Div. 2)
amilion,691,853,162,12478,2049,Codeforces Round 994 (Div. 2)
Captainwood,834,914,80,12478,2049,Codeforces Round 994 (Div. 2)
London_ikun,708,867,159,12478,2049,Codeforces Round 994 (Div. 2)
f3rrymat,695,856,161,12478,2049,Codeforces Round 994 (Div. 2)
radoan1202,1037,985,-52,12497,2049,Codeforces Round 994 (Div. 2)
prem_bashwanth,1066,1008,-58,12497,2049,Codeforces Round 994 (Div. 2)
It_Is_Finn_The_Human,454,697,243,12497,2049,Codeforces Round 994 (Div. 2)
Ahmed-Shoaib,959,962,3,12497,2049,Codeforces Round 994 (Div. 2)
Prasidhi,848,904,56,12497,2049,Codeforces Round 994 (Div. 2)
shannu123456,972,933,-39,12497,2049,Codeforces Round 994 (Div. 2)
faker_than_you,349,609,260,12497,2049,Codeforces Round 994 (Div. 2)
deepa_10,763,856,93,12497,2049,Codeforces Round 994 (Div. 2)
ankitmakhija98,0,388,388,12497,2049,Codeforces Round 994 (Div. 2)
NovaPrime2077,748,767,19,12497,2049,Codeforces Round 994 (Div. 2)
niloy09,633,690,57,12497,2049,Codeforces Round 994 (Div. 2)
navneet31,900,877,-23,12497,2049,Codeforces Round 994 (Div. 2)
b422026,1040,987,-53,12497,2049,Codeforces Round 994 (Div. 2)
sadias,774,865,91,12497,2049,Codeforces Round 994 (Div. 2)
frame_t,811,895,84,12511,2049,Codeforces Round 994 (Div. 2)
siddartha-347,0,388,388,12511,2049,Codeforces Round 994 (Div. 2)
garvit_0407,1324,1222,-102,12511,2049,Codeforces Round 994 (Div. 2)
Sajal69,1040,987,-53,12511,2049,Codeforces Round 994 (Div. 2)
puranjay_03,350,610,260,12511,2049,Codeforces Round 994 (Div. 2)
Test_Case_Testing,1068,1010,-58,12511,2049,Codeforces Round 994 (Div. 2)
astrizz,0,388,388,12511,2049,Codeforces Round 994 (Div. 2)
Radiation444,659,826,167,12511,2049,Codeforces Round 994 (Div. 2)
TiH,1431,1311,-120,12511,2049,Codeforces Round 994 (Div. 2)
vasetnr,971,932,-39,12511,2049,Codeforces Round 994 (Div. 2)
vanshika.m,921,932,11,12511,2049,Codeforces Round 994 (Div. 2)
mowen,0,388,388,12511,2049,Codeforces Round 994 (Div. 2)
Jab0n,1178,1100,-78,12511,2049,Codeforces Round 994 (Div. 2)
Anshulstark44,836,829,-7,12511,2049,Codeforces Round 994 (Div. 2)
soumya_225,1049,994,-55,12511,2049,Codeforces Round 994 (Div. 2)
mohibulJesan,813,812,-1,12526,2049,Codeforces Round 994 (Div. 2)
IdinI,974,934,-40,12526,2049,Codeforces Round 994 (Div. 2)
Krityapriya,1141,1110,-31,12526,2049,Codeforces Round 994 (Div. 2)
saaad,748,766,18,12526,2049,Codeforces Round 994 (Div. 2)
InfiniteLoopsOfHope,402,653,251,12526,2049,Codeforces Round 994 (Div. 2)
cant_codeTM,687,848,161,12526,2049,Codeforces Round 994 (Div. 2)
gargayush845,741,894,153,12526,2049,Codeforces Round 994 (Div. 2)
Shailesh_Murmu,870,854,-16,12526,2049,Codeforces Round 994 (Div. 2)
dulguun12231,862,848,-14,12526,2049,Codeforces Round 994 (Div. 2)
Emir_q0,981,1011,30,12526,2049,Codeforces Round 994 (Div. 2)
dinero22,770,842,72,12526,2049,Codeforces Round 994 (Div. 2)
Aizen_sama,979,938,-41,12526,2049,Codeforces Round 994 (Div. 2)
jnp.harshsingh1712,1174,1096,-78,12526,2049,Codeforces Round 994 (Div. 2)
alina434,939,907,-32,12526,2049,Codeforces Round 994 (Div. 2)
lacachua,967,929,-38,12526,2049,Codeforces Round 994 (Div. 2)
jntukcsereg2022,0,388,388,12526,2049,Codeforces Round 994 (Div. 2)
ShivamSingh_007,843,921,78,12526,2049,Codeforces Round 994 (Div. 2)
Winter24,828,823,-5,12526,2049,Codeforces Round 994 (Div. 2)
Lit_Coder_69,889,936,47,12526,2049,Codeforces Round 994 (Div. 2)
JyothiKrishna,758,773,15,12526,2049,Codeforces Round 994 (Div. 2)
yashbhalerao167,972,1003,31,12546,2049,Codeforces Round 994 (Div. 2)
YashSarvaiya,365,622,257,12546,2049,Codeforces Round 994 (Div. 2)
Dragon_Master,1007,959,-48,12546,2049,Codeforces Round 994 (Div. 2)
unbtble,1293,1195,-98,12546,2049,Codeforces Round 994 (Div. 2)
missing4,375,630,255,12546,2049,Codeforces Round 994 (Div. 2)
123dev321,658,705,47,12546,2049,Codeforces Round 994 (Div. 2)
Alphabet,991,947,-44,12546,2049,Codeforces Round 994 (Div. 2)
KyollBM,958,921,-37,12546,2049,Codeforces Round 994 (Div. 2)
Riduu1,1126,1056,-70,12546,2049,Codeforces Round 994 (Div. 2)
647kook,989,945,-44,12546,2049,Codeforces Round 994 (Div. 2)
Gadhiya_Dharm,664,829,165,12546,2049,Codeforces Round 994 (Div. 2)
Rituraj379,901,877,-24,12546,2049,Codeforces Round 994 (Div. 2)
let_it_go_,877,859,-18,12546,2049,Codeforces Round 994 (Div. 2)
millenialkid_07,1030,978,-52,12546,2049,Codeforces Round 994 (Div. 2)
anuragtomar10,984,941,-43,12546,2049,Codeforces Round 994 (Div. 2)
minhtan1103,1212,1128,-84,12546,2049,Codeforces Round 994 (Div. 2)
brain_wash,768,779,11,12546,2049,Codeforces Round 994 (Div. 2)
riff.sr,835,827,-8,12546,2049,Codeforces Round 994 (Div. 2)
Gourang_19,1042,988,-54,12546,2049,Codeforces Round 994 (Div. 2)
skydev_222,826,820,-6,12546,2049,Codeforces Round 994 (Div. 2)
psmLOQ,918,959,41,12546,2049,Codeforces Round 994 (Div. 2)
Multazam_mahmud,1052,996,-56,12567,2049,Codeforces Round 994 (Div. 2)
priyanshagarwal05,851,876,25,12567,2049,Codeforces Round 994 (Div. 2)
shanco7,722,747,25,12567,2049,Codeforces Round 994 (Div. 2)
dbavanishreddy,380,634,254,12567,2049,Codeforces Round 994 (Div. 2)
1301_MAHARAJA,0,388,388,12567,2049,Codeforces Round 994 (Div. 2)
amishajha0426,963,925,-38,12567,2049,Codeforces Round 994 (Div. 2)
hemantsharma_,635,689,54,12567,2049,Codeforces Round 994 (Div. 2)
changgezjw,0,388,388,12567,2049,Codeforces Round 994 (Div. 2)
prashantgupta_OO3,1077,1016,-61,12567,2049,Codeforces Round 994 (Div. 2)
yashkhote.iith,978,937,-41,12567,2049,Codeforces Round 994 (Div. 2)
avdxyz5,1171,1093,-78,12577,2049,Codeforces Round 994 (Div. 2)
Meghanareddy_18,889,867,-22,12577,2049,Codeforces Round 994 (Div. 2)
mohamed_el_mostafi,935,903,-32,12577,2049,Codeforces Round 994 (Div. 2)
SuryanshChattree,629,800,171,12577,2049,Codeforces Round 994 (Div. 2)
hammam_77,917,889,-28,12577,2049,Codeforces Round 994 (Div. 2)
krish189raj,954,957,3,12577,2049,Codeforces Round 994 (Div. 2)
_AIM_APEX_,1102,1036,-66,12577,2049,Codeforces Round 994 (Div. 2)
titan_gamini,1110,1043,-67,12577,2049,Codeforces Round 994 (Div. 2)
abull_mama,826,820,-6,12577,2049,Codeforces Round 994 (Div. 2)
Ketan003,995,950,-45,12577,2049,Codeforces Round 994 (Div. 2)
DEVILINFINITY,1097,1032,-65,12577,2049,Codeforces Round 994 (Div. 2)
AmarEEE23,926,896,-30,12577,2049,Codeforces Round 994 (Div. 2)
SHANKARALINGAM,748,899,151,12589,2049,Codeforces Round 994 (Div. 2)
lets_Go27,767,777,10,12589,2049,Codeforces Round 994 (Div. 2)
Srimukhi,956,919,-37,12589,2049,Codeforces Round 994 (Div. 2)
demon_slayer_light,412,661,249,12589,2049,Codeforces Round 994 (Div. 2)
045-Arys.BIL-Erdau-2027,538,629,91,12589,2049,Codeforces Round 994 (Div. 2)
VSS201445_HashirWaqar,778,785,7,12589,2049,Codeforces Round 994 (Div. 2)
Pranto_Chandra,929,898,-31,12589,2049,Codeforces Round 994 (Div. 2)
AmirKasseb,606,781,175,12589,2049,Codeforces Round 994 (Div. 2)
GOW1455,1175,1096,-79,12589,2049,Codeforces Round 994 (Div. 2)
ronaldotin10,1278,1183,-95,12589,2049,Codeforces Round 994 (Div. 2)
Kirisamemomo,984,1012,28,12589,2049,Codeforces Round 994 (Div. 2)
deep_code14,1067,1007,-60,12589,2049,Codeforces Round 994 (Div. 2)
Rupjyoti_Patgiri,828,821,-7,12601,2049,Codeforces Round 994 (Div. 2)
tamim777,903,877,-26,12601,2049,Codeforces Round 994 (Div. 2)
The_chO_Osen_1,727,881,154,12601,2049,Codeforces Round 994 (Div. 2)
ALAKAZAM,989,945,-44,12601,2049,Codeforces Round 994 (Div. 2)
Sanzid624,1152,1077,-75,12601,2049,Codeforces Round 994 (Div. 2)
echoFlick,0,387,387,12601,2049,Codeforces Round 994 (Div. 2)
mahfuz_07,999,953,-46,12601,2049,Codeforces Round 994 (Div. 2)
Yousuf_salah,817,812,-5,12601,2049,Codeforces Round 994 (Div. 2)
N8_HAWK,946,911,-35,12601,2049,Codeforces Round 994 (Div. 2)
Crazy_Hunter09,1052,995,-57,12601,2049,Codeforces Round 994 (Div. 2)
aaaanppf,402,652,250,12611,2049,Codeforces Round 994 (Div. 2)
ellometa_,993,947,-46,12611,2049,Codeforces Round 994 (Div. 2)
saq_6072ahmed,977,935,-42,12611,2049,Codeforces Round 994 (Div. 2)
inoxb911,389,641,252,12611,2049,Codeforces Round 994 (Div. 2)
opensesame54,373,628,255,12611,2049,Codeforces Round 994 (Div. 2)
Ha1se,1013,1004,-9,12611,2049,Codeforces Round 994 (Div. 2)
jupiter21,845,921,76,12611,2049,Codeforces Round 994 (Div. 2)
wfchen,984,940,-44,12611,2049,Codeforces Round 994 (Div. 2)
OutOfLuck,1186,1105,-81,12611,2049,Codeforces Round 994 (Div. 2)
sandeepguptag18,630,800,170,12611,2049,Codeforces Round 994 (Div. 2)
Farfazon,865,848,-17,12611,2049,Codeforces Round 994 (Div. 2)
ShivanandH,997,951,-46,12611,2049,Codeforces Round 994 (Div. 2)
Prathvik1246,866,849,-17,12623,2049,Codeforces Round 994 (Div. 2)
happy.rishi2004,964,964,0,12623,2049,Codeforces Round 994 (Div. 2)
scott_,1063,1004,-59,12623,2049,Codeforces Round 994 (Div. 2)
localcoder,1024,972,-52,12623,2049,Codeforces Round 994 (Div. 2)
virtualAdarsh,1219,1133,-86,12623,2049,Codeforces Round 994 (Div. 2)
CautiousCoder,1155,1079,-76,12623,2049,Codeforces Round 994 (Div. 2)
billywithaw1lly,400,650,250,12623,2049,Codeforces Round 994 (Div. 2)
KitaCompressed,973,931,-42,12623,2049,Codeforces Round 994 (Div. 2)
Aryaman__001,983,939,-44,12623,2049,Codeforces Round 994 (Div. 2)
chcopie,1338,1232,-106,12632,2049,Codeforces Round 994 (Div. 2)
hhhhhn,994,948,-46,12632,2049,Codeforces Round 994 (Div. 2)
SHAZA_ASHRAF,735,753,18,12632,2049,Codeforces Round 994 (Div. 2)
Knr811,897,872,-25,12632,2049,Codeforces Round 994 (Div. 2)
Kakusei,975,933,-42,12632,2049,Codeforces Round 994 (Div. 2)
SKIpppy,891,906,15,12632,2049,Codeforces Round 994 (Div. 2)
haricharani,890,867,-23,12638,2049,Codeforces Round 994 (Div. 2)
ambitious_28,672,835,163,12638,2049,Codeforces Round 994 (Div. 2)
lazarus198,1023,971,-52,12638,2049,Codeforces Round 994 (Div. 2)
Elaina0326,868,940,72,12638,2049,Codeforces Round 994 (Div. 2)
ohi_cse,835,825,-10,12638,2049,Codeforces Round 994 (Div. 2)
yufe,651,817,166,12638,2049,Codeforces Round 994 (Div. 2)
Moyiyug,800,884,84,12638,2049,Codeforces Round 994 (Div. 2)
Hymnic,717,872,155,12638,2049,Codeforces Round 994 (Div. 2)
mupparapusohan2000005,1047,990,-57,12638,2049,Codeforces Round 994 (Div. 2)
sdhr729,716,872,156,12638,2049,Codeforces Round 994 (Div. 2)
abhimanyu_ganguly,1165,1087,-78,12648,2049,Codeforces Round 994 (Div. 2)
naduto,1124,1053,-71,12648,2049,Codeforces Round 994 (Div. 2)
myself,759,770,11,12648,2049,Codeforces Round 994 (Div. 2)
yashk1005,1033,1019,-14,12648,2049,Codeforces Round 994 (Div. 2)
array,979,935,-44,12648,2049,Codeforces Round 994 (Div. 2)
MavericK55,396,647,251,12648,2049,Codeforces Round 994 (Div. 2)
shaker-500,1061,1001,-60,12648,2049,Codeforces Round 994 (Div. 2)
venkat2912,958,919,-39,12648,2049,Codeforces Round 994 (Div. 2)
darkknight765,349,607,258,12648,2049,Codeforces Round 994 (Div. 2)
Mrugank_Legend,851,836,-15,12648,2049,Codeforces Round 994 (Div. 2)
saksham2911,776,864,88,12648,2049,Codeforces Round 994 (Div. 2)
cpPanther,975,972,-3,12648,2049,Codeforces Round 994 (Div. 2)
FearlessRD,740,892,152,12648,2049,Codeforces Round 994 (Div. 2)
Ahmed86_adel,1092,1027,-65,12648,2049,Codeforces Round 994 (Div. 2)
Make_Money_Fuck_Enemy_2,914,885,-29,12648,2049,Codeforces Round 994 (Div. 2)
RestiaAshbell,924,986,62,12648,2049,Codeforces Round 994 (Div. 2)
bhartisuhani,970,928,-42,12664,2049,Codeforces Round 994 (Div. 2)
Neelesh_777,398,648,250,12664,2049,Codeforces Round 994 (Div. 2)
Aaryaapusp,662,826,164,12664,2049,Codeforces Round 994 (Div. 2)
coder__jain,995,948,-47,12664,2049,Codeforces Round 994 (Div. 2)
vibhashbhushan,925,893,-32,12664,2049,Codeforces Round 994 (Div. 2)
HugcodetoanBug,962,922,-40,12664,2049,Codeforces Round 994 (Div. 2)
ishansingh2609,0,387,387,12664,2049,Codeforces Round 994 (Div. 2)
tanyujie,1065,1004,-61,12671,2049,Codeforces Round 994 (Div. 2)
ankitraj_129,1058,999,-59,12671,2049,Codeforces Round 994 (Div. 2)
baishakhmahfiz,1007,957,-50,12671,2049,Codeforces Round 994 (Div. 2)
Minhaz123,1055,996,-59,12671,2049,Codeforces Round 994 (Div. 2)
MID0_o,834,823,-11,12671,2049,Codeforces Round 994 (Div. 2)
kuldeeprime01,1163,1085,-78,12671,2049,Codeforces Round 994 (Div. 2)
SamratKanishk,1036,1055,19,12671,2049,Codeforces Round 994 (Div. 2)
beeramjdh2023,1013,1003,-10,12671,2049,Codeforces Round 994 (Div. 2)
Heryos,1039,983,-56,12671,2049,Codeforces Round 994 (Div. 2)
xuanity,883,860,-23,12671,2049,Codeforces Round 994 (Div. 2)
avh143,902,913,11,12671,2049,Codeforces Round 994 (Div. 2)
prabhatkukunuri,389,640,251,12671,2049,Codeforces Round 994 (Div. 2)
ee24btech11225,856,907,51,12671,2049,Codeforces Round 994 (Div. 2)
taxil_patel12,636,805,169,12671,2049,Codeforces Round 994 (Div. 2)
Aizen_42,900,873,-27,12685,2049,Codeforces Round 994 (Div. 2)
BrainlessGhost,924,892,-32,12685,2049,Codeforces Round 994 (Div. 2)
Adityazzzz,961,921,-40,12685,2049,Codeforces Round 994 (Div. 2)
firehawk05,830,820,-10,12685,2049,Codeforces Round 994 (Div. 2)
punisher044,951,913,-38,12685,2049,Codeforces Round 994 (Div. 2)
burraah,1230,1141,-89,12685,2049,Codeforces Round 994 (Div. 2)
agamverma00,865,914,49,12685,2049,Codeforces Round 994 (Div. 2)
Dynamic_23052004,484,720,236,12685,2049,Codeforces Round 994 (Div. 2)
Bhagwa009,1073,1011,-62,12685,2049,Codeforces Round 994 (Div. 2)
anandnakum11,819,877,58,12685,2049,Codeforces Round 994 (Div. 2)
AyushDharDubey,1035,979,-56,12685,2049,Codeforces Round 994 (Div. 2)
Nimboo,1176,1095,-81,12696,2049,Codeforces Round 994 (Div. 2)
abhilashreddy45,906,877,-29,12697,2049,Codeforces Round 994 (Div. 2)
unemployed_,800,834,34,12697,2049,Codeforces Round 994 (Div. 2)
snakey_13,1030,976,-54,12697,2049,Codeforces Round 994 (Div. 2)
samirkumar1070,754,765,11,12697,2049,Codeforces Round 994 (Div. 2)
ikat_5,1048,990,-58,12697,2049,Codeforces Round 994 (Div. 2)
atickisrak,928,894,-34,12697,2049,Codeforces Round 994 (Div. 2)
callisto_19,984,979,-5,12697,2049,Codeforces Round 994 (Div. 2)
sreeshanth_k,1132,1059,-73,12697,2049,Codeforces Round 994 (Div. 2)
aliibrahimaezakmi,991,944,-47,12705,2049,Codeforces Round 994 (Div. 2)
Beginner...,819,811,-8,12705,2049,Codeforces Round 994 (Div. 2)
akashg,809,804,-5,12705,2049,Codeforces Round 994 (Div. 2)
abhishek031,770,776,6,12705,2049,Codeforces Round 994 (Div. 2)
maneeshukla,647,813,166,12705,2049,Codeforces Round 994 (Div. 2)
sagarguptaec085,387,638,251,12705,2049,Codeforces Round 994 (Div. 2)
Abdullah_Khalaf,1116,1046,-70,12705,2049,Codeforces Round 994 (Div. 2)
Nneegg,876,922,46,12712,2049,Codeforces Round 994 (Div. 2)
Abdallah_Yousry,973,930,-43,12712,2049,Codeforces Round 994 (Div. 2)
athenaaa,1015,963,-52,12712,2049,Codeforces Round 994 (Div. 2)
chiragshirsath,1131,1058,-73,12712,2049,Codeforces Round 994 (Div. 2)
70ssam,1283,1185,-98,12712,2049,Codeforces Round 994 (Div. 2)
Samskara,979,934,-45,12712,2049,Codeforces Round 994 (Div. 2)
encodeworld,927,893,-34,12718,2049,Codeforces Round 994 (Div. 2)
Partner_957,774,861,87,12718,2049,Codeforces Round 994 (Div. 2)
rishikumarsingh,914,883,-31,12718,2049,Codeforces Round 994 (Div. 2)
yuvrajye,897,870,-27,12718,2049,Codeforces Round 994 (Div. 2)
mani_kanta__p,970,927,-43,12718,2049,Codeforces Round 994 (Div. 2)
iliyanik07,848,981,133,12718,2049,Codeforces Round 994 (Div. 2)
bel.fft_BH,721,741,20,12718,2049,Codeforces Round 994 (Div. 2)
yoichii,837,913,76,12718,2049,Codeforces Round 994 (Div. 2)
tanmay_amritkar,1044,986,-58,12726,2049,Codeforces Round 994 (Div. 2)
krishnakanthpathi,637,804,167,12726,2049,Codeforces Round 994 (Div. 2)
VulpisFoglia,1098,1030,-68,12726,2049,Codeforces Round 994 (Div. 2)
Niloydev59,914,883,-31,12726,2049,Codeforces Round 994 (Div. 2)
khushigarg123,1079,1015,-64,12726,2049,Codeforces Round 994 (Div. 2)
Archimedes314159,0,386,386,12726,2049,Codeforces Round 994 (Div. 2)
fredd224,407,655,248,12726,2049,Codeforces Round 994 (Div. 2)
Calypsoo,1218,1130,-88,12726,2049,Codeforces Round 994 (Div. 2)
sercetexam9,826,881,55,12726,2049,Codeforces Round 994 (Div. 2)
ambargogia,1097,1030,-67,12726,2049,Codeforces Round 994 (Div. 2)
noir_kalakaar,1047,989,-58,12726,2049,Codeforces Round 994 (Div. 2)
Lubna-Sadia,1045,987,-58,12726,2049,Codeforces Round 994 (Div. 2)
MH_Nazmul,1280,1182,-98,12726,2049,Codeforces Round 994 (Div. 2)
zzz_._nitin,901,912,11,12726,2049,Codeforces Round 994 (Div. 2)
noob_coder_782,827,816,-11,12726,2049,Codeforces Round 994 (Div. 2)
Dr_of_Thuganomics,1087,1021,-66,12741,2049,Codeforces Round 994 (Div. 2)
Najmul_Huda_,911,880,-31,12741,2049,Codeforces Round 994 (Div. 2)
ansh_000,988,941,-47,12741,2049,Codeforces Round 994 (Div. 2)
Coder.124421,691,849,158,12741,2049,Codeforces Round 994 (Div. 2)
Imperfection,966,963,-3,12741,2049,Codeforces Round 994 (Div. 2)
AsLegend,796,794,-2,12741,2049,Codeforces Round 994 (Div. 2)
S_Kr,0,386,386,12741,2049,Codeforces Round 994 (Div. 2)
ashishnallana,0,386,386,12748,2049,Codeforces Round 994 (Div. 2)
AviralSharma11,1018,965,-53,12748,2049,Codeforces Round 994 (Div. 2)
Dangerwizard,1060,999,-61,12748,2049,Codeforces Round 994 (Div. 2)
Rajbagri10,1017,964,-53,12748,2049,Codeforces Round 994 (Div. 2)
abhiishhek_k,1033,977,-56,12748,2049,Codeforces Round 994 (Div. 2)
krishnagskr983,1014,961,-53,12748,2049,Codeforces Round 994 (Div. 2)
caaats,923,984,61,12748,2049,Codeforces Round 994 (Div. 2)
Levmz7,355,611,256,12748,2049,Codeforces Round 994 (Div. 2)
KenOrSomething,335,594,259,12748,2049,Codeforces Round 994 (Div. 2)
beThe1,848,831,-17,12748,2049,Codeforces Round 994 (Div. 2)
Druz_alexandr,920,927,7,12748,2049,Codeforces Round 994 (Div. 2)
3mk_AboAli,973,969,-4,12748,2049,Codeforces Round 994 (Div. 2)
Adityaa_Mehra,1181,1141,-40,12748,2049,Codeforces Round 994 (Div. 2)
Ethical_Mahit,974,929,-45,12748,2049,Codeforces Round 994 (Div. 2)
anonymousghost9999,915,922,7,12762,2049,Codeforces Round 994 (Div. 2)
Aimer_123,1122,1050,-72,12762,2049,Codeforces Round 994 (Div. 2)
arham_13,1165,1086,-79,12762,2049,Codeforces Round 994 (Div. 2)
Karabey17,1221,1132,-89,12762,2049,Codeforces Round 994 (Div. 2)
abprac,1262,1167,-95,12762,2049,Codeforces Round 994 (Div. 2)
_basudev_,0,386,386,12767,2049,Codeforces Round 994 (Div. 2)
saurabh.yadav.,1055,995,-60,12767,2049,Codeforces Round 994 (Div. 2)
sudip0986,891,864,-27,12767,2049,Codeforces Round 994 (Div. 2)
not_so_green_day,1095,1128,33,12767,2049,Codeforces Round 994 (Div. 2)
S_Naveen_03,1049,990,-59,12767,2049,Codeforces Round 994 (Div. 2)
Farzzii,800,795,-5,12767,2049,Codeforces Round 994 (Div. 2)
Atharva2604,1142,1066,-76,12767,2049,Codeforces Round 994 (Div. 2)
webulu,919,956,37,12774,2049,Codeforces Round 994 (Div. 2)
Heavycoderyash,575,752,177,12774,2049,Codeforces Round 994 (Div. 2)
Aachman_224,1003,952,-51,12774,2049,Codeforces Round 994 (Div. 2)
Bhuiyan.,1087,1021,-66,12774,2049,Codeforces Round 994 (Div. 2)
_faisal,922,927,5,12774,2049,Codeforces Round 994 (Div. 2)
ishant_32,850,833,-17,12774,2049,Codeforces Round 994 (Div. 2)
Awnish_Kumar,1005,954,-51,12774,2049,Codeforces Round 994 (Div. 2)
ChatIsThisReal,884,927,43,12774,2049,Codeforces Round 994 (Div. 2)
S_J07,908,877,-31,12774,2049,Codeforces Round 994 (Div. 2)
999dgml,1068,1046,-22,12774,2049,Codeforces Round 994 (Div. 2)
_787,973,968,-5,12784,2049,Codeforces Round 994 (Div. 2)
David_Ezzat,1009,957,-52,12784,2049,Codeforces Round 994 (Div. 2)
Compilation_error23,1054,993,-61,12784,2049,Codeforces Round 994 (Div. 2)
ljh0122,373,626,253,12784,2049,Codeforces Round 994 (Div. 2)
Fu_Yun024,1069,1005,-64,12784,2049,Codeforces Round 994 (Div. 2)
MohdKashif114,604,776,172,12784,2049,Codeforces Round 994 (Div. 2)
nonsense,1139,1064,-75,12784,2049,Codeforces Round 994 (Div. 2)
salmanzerei,850,870,20,12791,2049,Codeforces Round 994 (Div. 2)
oreshn1k,885,859,-26,12791,2049,Codeforces Round 994 (Div. 2)
muzammil-1008,1209,1122,-87,12791,2049,Codeforces Round 994 (Div. 2)
niktn,0,385,385,12791,2049,Codeforces Round 994 (Div. 2)
pkrsri71,1076,1012,-64,12791,2049,Codeforces Round 994 (Div. 2)
rajabhinav07,802,796,-6,12791,2049,Codeforces Round 994 (Div. 2)
rezaul_1,932,895,-37,12791,2049,Codeforces Round 994 (Div. 2)
orpheus1011,932,895,-37,12791,2049,Codeforces Round 994 (Div. 2)
bogdanbogdanovic,1128,1054,-74,12791,2049,Codeforces Round 994 (Div. 2)
shreyassn,1037,979,-58,12791,2049,Codeforces Round 994 (Div. 2)
tajwone17,929,893,-36,12791,2049,Codeforces Round 994 (Div. 2)
Samand,965,921,-44,12791,2049,Codeforces Round 994 (Div. 2)
rahuldeevi17,408,655,247,12803,2049,Codeforces Round 994 (Div. 2)
ILoveNoodles,886,860,-26,12803,2049,Codeforces Round 994 (Div. 2)
Sadbin-Rahman,849,832,-17,12803,2049,Codeforces Round 994 (Div. 2)
Swaraj_Panda,967,923,-44,12806,2049,Codeforces Round 994 (Div. 2)
Srikrishna_Valepe,1054,993,-61,12806,2049,Codeforces Round 994 (Div. 2)
errorgonn,820,809,-11,12806,2049,Codeforces Round 994 (Div. 2)
awwniket,836,888,52,12806,2049,Codeforces Round 994 (Div. 2)
Intuition_not_found,821,898,77,12806,2049,Codeforces Round 994 (Div. 2)
Aditya_Verma810,970,925,-45,12806,2049,Codeforces Round 994 (Div. 2)
Mikhailovna,1157,1078,-79,12806,2049,Codeforces Round 994 (Div. 2)
shubhradeeppaul05,666,827,161,12806,2049,Codeforces Round 994 (Div. 2)
anuragc2,717,870,153,12806,2049,Codeforces Round 994 (Div. 2)
zeyrox_911,609,780,171,12806,2049,Codeforces Round 994 (Div. 2)
nightyao0510,896,867,-29,12806,2049,Codeforces Round 994 (Div. 2)
prashant24816gp,1055,994,-61,12806,2049,Codeforces Round 994 (Div. 2)
omarwael227,636,802,166,12818,2049,Codeforces Round 994 (Div. 2)
jay_jordan23,1059,997,-62,12818,2049,Codeforces Round 994 (Div. 2)
toureast,0,385,385,12818,2049,Codeforces Round 994 (Div. 2)
Aadil_Ahmed,729,744,15,12818,2049,Codeforces Round 994 (Div. 2)
JomoDesu,677,837,160,12818,2049,Codeforces Round 994 (Div. 2)
gauravbro17,1291,1190,-101,12818,2049,Codeforces Round 994 (Div. 2)
_Z3EM_,805,798,-7,12818,2049,Codeforces Round 994 (Div. 2)
BlazinFiree,853,925,72,12818,2049,Codeforces Round 994 (Div. 2)
s_amiul,748,838,90,12818,2049,Codeforces Round 994 (Div. 2)
hrisikesh_nits,845,828,-17,12818,2049,Codeforces Round 994 (Div. 2)
Bada_Kokkiri,998,948,-50,12818,2049,Codeforces Round 994 (Div. 2)
SohWeeChen,773,859,86,12829,2049,Codeforces Round 994 (Div. 2)
Twits10,1191,1106,-85,12829,2049,Codeforces Round 994 (Div. 2)
DevrajCode,730,823,93,12829,2049,Codeforces Round 994 (Div. 2)
zxting,1007,954,-53,12829,2049,Codeforces Round 994 (Div. 2)
NTrungThanh,825,901,76,12829,2049,Codeforces Round 994 (Div. 2)
An_it,0,385,385,12829,2049,Codeforces Round 994 (Div. 2)
IanPardo,1004,952,-52,12835,2049,Codeforces Round 994 (Div. 2)
Kai_06,1175,1093,-82,12835,2049,Codeforces Round 994 (Div. 2)
code_for_fun_15,1170,1089,-81,12835,2049,Codeforces Round 994 (Div. 2)
yash_115,1054,993,-61,12838,2049,Codeforces Round 994 (Div. 2)
ceouetav,787,784,-3,12838,2049,Codeforces Round 994 (Div. 2)
AbsoluteCelcius,0,385,385,12840,2049,Codeforces Round 994 (Div. 2)
mosby_boy,0,385,385,12840,2049,Codeforces Round 994 (Div. 2)
Noppo6,1153,1074,-79,12840,2049,Codeforces Round 994 (Div. 2)
yashpart2,992,942,-50,12840,2049,Codeforces Round 994 (Div. 2)
betaboomer,1138,1062,-76,12844,2049,Codeforces Round 994 (Div. 2)
..Arnav_Dixit..,392,641,249,12844,2049,Codeforces Round 994 (Div. 2)
abdul_faizal,763,767,4,12844,2049,Codeforces Round 994 (Div. 2)
userrr_45,862,932,70,12844,2049,Codeforces Round 994 (Div. 2)
speecl,1131,1056,-75,12844,2049,Codeforces Round 994 (Div. 2)
SHUKARU,880,854,-26,12849,2049,Codeforces Round 994 (Div. 2)
23CS02002,1178,1095,-83,12850,2049,Codeforces Round 994 (Div. 2)
Aniket_719,1070,1005,-65,12850,2049,Codeforces Round 994 (Div. 2)
MuhammadJon_SundarStem,882,856,-26,12850,2049,Codeforces Round 994 (Div. 2)
Karthik_Ande_22,835,886,51,12850,2049,Codeforces Round 994 (Div. 2)
SD_or_GS,794,789,-5,12850,2049,Codeforces Round 994 (Div. 2)
rithen,620,788,168,12850,2049,Codeforces Round 994 (Div. 2)
raiayush572,842,825,-17,12850,2049,Codeforces Round 994 (Div. 2)
rajatgupta05,1124,1050,-74,12850,2049,Codeforces Round 994 (Div. 2)
Habash,1160,1080,-80,12850,2049,Codeforces Round 994 (Div. 2)
not_MAHIM,924,888,-36,12850,2049,Codeforces Round 994 (Div. 2)
mahi_pal,798,792,-6,12860,2049,Codeforces Round 994 (Div. 2)
naina05112003,740,750,10,12861,2049,Codeforces Round 994 (Div. 2)
sakthi_04,1025,968,-57,12861,2049,Codeforces Round 994 (Div. 2)
princegadara1,0,385,385,12861,2049,Codeforces Round 994 (Div. 2)
akshatmittal419,392,641,249,12861,2049,Codeforces Round 994 (Div. 2)
2ezdp,613,782,169,12861,2049,Codeforces Round 994 (Div. 2)
Kodikopoiitis,720,736,16,12866,2049,Codeforces Round 994 (Div. 2)
Masud_Abdullah,1156,1077,-79,12866,2049,Codeforces Round 994 (Div. 2)
firstc,1027,1011,-16,12866,2049,Codeforces Round 994 (Div. 2)
Om_Bhati_Temp,1164,1083,-81,12866,2049,Codeforces Round 994 (Div. 2)
mustafadarweish136,1115,1042,-73,12870,2049,Codeforces Round 994 (Div. 2)
Lord_Stark,0,385,385,12870,2049,Codeforces Round 994 (Div. 2)
Sri_Lakshmi2966,1024,968,-56,12870,2049,Codeforces Round 994 (Div. 2)
byteninja_05,0,385,385,12870,2049,Codeforces Round 994 (Div. 2)
Anda130249,1169,1088,-81,12874,2049,Codeforces Round 994 (Div. 2)
ajolbelai_absar,1145,1067,-78,12874,2049,Codeforces Round 994 (Div. 2)
Abu_Sadat,1011,957,-54,12874,2049,Codeforces Round 994 (Div. 2)
mr_krish__324,922,886,-36,12874,2049,Codeforces Round 994 (Div. 2)
singhabhijeet1212,818,806,-12,12874,2049,Codeforces Round 994 (Div. 2)
stevenalvinch,1171,1089,-82,12874,2049,Codeforces Round 994 (Div. 2)
Swajan_,1052,990,-62,12874,2049,Codeforces Round 994 (Div. 2)
Saaraas,987,937,-50,12874,2049,Codeforces Round 994 (Div. 2)
pavan07,0,384,384,12882,2049,Codeforces Round 994 (Div. 2)
mankestra,859,876,17,12882,2049,Codeforces Round 994 (Div. 2)
m6Jd1,836,887,51,12882,2049,Codeforces Round 994 (Div. 2)
Annannan,721,736,15,12882,2049,Codeforces Round 994 (Div. 2)
Ishaan_bansal,836,858,22,12882,2049,Codeforces Round 994 (Div. 2)
vikaskathuria,970,924,-46,12887,2049,Codeforces Round 994 (Div. 2)
vikramseervi,886,858,-28,12887,2049,Codeforces Round 994 (Div. 2)
a1m0i0t2,909,875,-34,12887,2049,Codeforces Round 994 (Div. 2)
priom02,736,747,11,12887,2049,Codeforces Round 994 (Div. 2)
raghavbajaj328,999,947,-52,12887,2049,Codeforces Round 994 (Div. 2)
srivarshitha16,687,712,25,12892,2049,Codeforces Round 994 (Div. 2)
sagar_soni9905,983,934,-49,12892,2049,Codeforces Round 994 (Div. 2)
Gujrati,455,693,238,12892,2049,Codeforces Round 994 (Div. 2)
amber69,1090,1021,-69,12892,2049,Codeforces Round 994 (Div. 2)
Teddysphotos,607,777,170,12892,2049,Codeforces Round 994 (Div. 2)
ijkcap,806,884,78,12892,2049,Codeforces Round 994 (Div. 2)
amar31661,946,904,-42,12892,2049,Codeforces Round 994 (Div. 2)
ps_r_,653,815,162,12899,2049,Codeforces Round 994 (Div. 2)
esTeY,957,913,-44,12899,2049,Codeforces Round 994 (Div. 2)
rahulgoyal9000,866,934,68,12899,2049,Codeforces Round 994 (Div. 2)
R7G,941,900,-41,12899,2049,Codeforces Round 994 (Div. 2)
whosatvikagwl,867,843,-24,12899,2049,Codeforces Round 994 (Div. 2)
prudhvitejakukkunuri,860,876,16,12899,2049,Codeforces Round 994 (Div. 2)
Dd-g,752,840,88,12899,2049,Codeforces Round 994 (Div. 2)
love_touma_kazusa,624,791,167,12899,2049,Codeforces Round 994 (Div. 2)
Ursule,706,860,154,12907,2049,Codeforces Round 994 (Div. 2)
Ayush3110,831,815,-16,12907,2049,Codeforces Round 994 (Div. 2)
challameghana1716,808,864,56,12907,2049,Codeforces Round 994 (Div. 2)
hemanthreddy2747,1111,1038,-73,12907,2049,Codeforces Round 994 (Div. 2)
pranavkumar,1119,1045,-74,12907,2049,Codeforces Round 994 (Div. 2)
dipta-2003,1012,957,-55,12907,2049,Codeforces Round 994 (Div. 2)
om_asati,1057,994,-63,12913,2049,Codeforces Round 994 (Div. 2)
rarus1nov,911,877,-34,12913,2049,Codeforces Round 994 (Div. 2)
Creydit,891,955,64,12913,2049,Codeforces Round 994 (Div. 2)
ShivamS01,1073,1007,-66,12913,2049,Codeforces Round 994 (Div. 2)
Gurpreet24,928,890,-38,12913,2049,Codeforces Round 994 (Div. 2)
Eros_Pista,799,856,57,12913,2049,Codeforces Round 994 (Div. 2)
user8885Vp,1160,1079,-81,12913,2049,Codeforces Round 994 (Div. 2)
SaiDharahas,840,822,-18,12913,2049,Codeforces Round 994 (Div. 2)
Electro_,1209,1120,-89,12921,2049,Codeforces Round 994 (Div. 2)
cant_beat,886,856,-30,12921,2049,Codeforces Round 994 (Div. 2)
arjun.b,1043,982,-61,12921,2049,Codeforces Round 994 (Div. 2)
_disha_singla,1032,973,-59,12921,2049,Codeforces Round 994 (Div. 2)
Stranger30,949,906,-43,12921,2049,Codeforces Round 994 (Div. 2)
Turbo_Navigator,881,947,66,12921,2049,Codeforces Round 994 (Div. 2)
dhruv_or_not,1189,1145,-44,12927,2049,Codeforces Round 994 (Div. 2)
Abdulla_Al_Noman,829,813,-16,12927,2049,Codeforces Round 994 (Div. 2)
vineetnayakm,1157,1076,-81,12927,2049,Codeforces Round 994 (Div. 2)
lakshya1705,826,849,23,12927,2049,Codeforces Round 994 (Div. 2)
Ayush_ece,1089,1020,-69,12927,2049,Codeforces Round 994 (Div. 2)
aliostraa,847,826,-21,12927,2049,Codeforces Round 994 (Div. 2)
Quyts,1114,1041,-73,12927,2049,Codeforces Round 994 (Div. 2)
CrystallineCore,895,958,63,12934,2049,Codeforces Round 994 (Div. 2)
veeravardhan,1052,989,-63,12934,2049,Codeforces Round 994 (Div. 2)
rrohitsy0h0,1134,1057,-77,12934,2049,Codeforces Round 994 (Div. 2)
k.smit,0,384,384,12934,2049,Codeforces Round 994 (Div. 2)
hossam_ghallab,1047,985,-62,12938,2049,Codeforces Round 994 (Div. 2)
SMTYON,1084,1016,-68,12938,2049,Codeforces Round 994 (Div. 2)
KTDivine,993,941,-52,12938,2049,Codeforces Round 994 (Div. 2)
VaibhavBansal473,972,924,-48,12941,2049,Codeforces Round 994 (Div. 2)
nooop,1069,1003,-66,12942,2049,Codeforces Round 994 (Div. 2)
PRKM,597,768,171,12942,2049,Codeforces Round 994 (Div. 2)
shrijhari,0,384,384,12944,2049,Codeforces Round 994 (Div. 2)
raaj6395,1026,968,-58,12944,2049,Codeforces Round 994 (Div. 2)
ssz4233,658,819,161,12944,2049,Codeforces Round 994 (Div. 2)
i_m_avs,835,817,-18,12944,2049,Codeforces Round 994 (Div. 2)
Sharvanip,1072,1005,-67,12944,2049,Codeforces Round 994 (Div. 2)
pradeepsingh30,1035,975,-60,12944,2049,Codeforces Round 994 (Div. 2)
sk091105,978,929,-49,12950,2049,Codeforces Round 994 (Div. 2)
yash.agrawal1589,1088,1019,-69,12950,2049,Codeforces Round 994 (Div. 2)
AshokPaul2003,1213,1123,-90,12952,2049,Codeforces Round 994 (Div. 2)
lyf543,767,767,0,12952,2049,Codeforces Round 994 (Div. 2)
prakash270,449,688,239,12952,2049,Codeforces Round 994 (Div. 2)
Jayateertha,576,750,174,12955,2049,Codeforces Round 994 (Div. 2)
Preet_Agr,839,820,-19,12955,2049,Codeforces Round 994 (Div. 2)
A3V,823,808,-15,12955,2049,Codeforces Round 994 (Div. 2)
Sekharr,382,631,249,12958,2049,Codeforces Round 994 (Div. 2)
Saurav-kr,848,865,17,12959,2049,Codeforces Round 994 (Div. 2)
adiroy2,1240,1146,-94,12959,2049,Codeforces Round 994 (Div. 2)
Aoi_07,803,881,78,12959,2049,Codeforces Round 994 (Div. 2)
drm_85,1099,1026,-73,12962,2049,Codeforces Round 994 (Div. 2)
invincible_,1149,1068,-81,12962,2049,Codeforces Round 994 (Div. 2)
ashutoshprj,791,781,-10,12962,2049,Codeforces Round 994 (Div. 2)
jac_Sparrow,700,853,153,12962,2049,Codeforces Round 994 (Div. 2)
Louis_zxLiu,1103,1029,-74,12962,2049,Codeforces Round 994 (Div. 2)
an1r,954,980,26,12962,2049,Codeforces Round 994 (Div. 2)
Sine_function,1209,1118,-91,12962,2049,Codeforces Round 994 (Div. 2)
ChuotBeTy,1021,1003,-18,12962,2049,Codeforces Round 994 (Div. 2)
dv416,677,834,157,12962,2049,Codeforces Round 994 (Div. 2)
MoonDancer_zz,936,893,-43,12962,2049,Codeforces Round 994 (Div. 2)
soumil_10,1102,1028,-74,12962,2049,Codeforces Round 994 (Div. 2)
Shreyas_Songirkar,1016,957,-59,12962,2049,Codeforces Round 994 (Div. 2)
Habiba6,922,882,-40,12962,2049,Codeforces Round 994 (Div. 2)
okkaayyush,881,920,39,12962,2049,Codeforces Round 994 (Div. 2)
maharaja,871,842,-29,12962,2049,Codeforces Round 994 (Div. 2)
RUTHVIK0811,929,887,-42,12962,2049,Codeforces Round 994 (Div. 2)
butterfly14,1128,1050,-78,12962,2049,Codeforces Round 994 (Div. 2)
ssharmaji,947,902,-45,12962,2049,Codeforces Round 994 (Div. 2)
iamronaldo,566,628,62,12962,2049,Codeforces Round 994 (Div. 2)
harshwardhan12,1056,1032,-24,12962,2049,Codeforces Round 994 (Div. 2)
Nik_7100,443,682,239,12962,2049,Codeforces Round 994 (Div. 2)
hypen12,362,613,251,12962,2049,Codeforces Round 994 (Div. 2)
dolimcom,1163,1080,-83,12962,2049,Codeforces Round 994 (Div. 2)
Nithin264,1010,952,-58,12962,2049,Codeforces Round 994 (Div. 2)
Hfedi,651,812,161,12962,2049,Codeforces Round 994 (Div. 2)
zonedout,1080,1010,-70,12962,2049,Codeforces Round 994 (Div. 2)
blazor,1027,1008,-19,12962,2049,Codeforces Round 994 (Div. 2)
atharva3185codes,707,859,152,12962,2049,Codeforces Round 994 (Div. 2)
Ayon,1132,1054,-78,12962,2049,Codeforces Round 994 (Div. 2)
mkr9027,1016,957,-59,12962,2049,Codeforces Round 994 (Div. 2)
verma_001,950,904,-46,12962,2049,Codeforces Round 994 (Div. 2)
pika__pika,698,714,16,12962,2049,Codeforces Round 994 (Div. 2)
okabe4869,647,808,161,12962,2049,Codeforces Round 994 (Div. 2)
anya.rajan1106,1178,1092,-86,12962,2049,Codeforces Round 994 (Div. 2)
ankitranjan10may,666,693,27,12962,2049,Codeforces Round 994 (Div. 2)
Shaheer.Old,1252,1155,-97,12962,2049,Codeforces Round 994 (Div. 2)
avinash.s07,956,908,-48,12962,2049,Codeforces Round 994 (Div. 2)
bhabluv,1157,1075,-82,12962,2049,Codeforces Round 994 (Div. 2)
Shantanu_1470,1041,978,-63,12962,2049,Codeforces Round 994 (Div. 2)
I_am_waqib_,1000,944,-56,12962,2049,Codeforces Round 994 (Div. 2)
Mikesinister,1113,1038,-75,12962,2049,Codeforces Round 994 (Div. 2)
learn_2004,465,700,235,12962,2049,Codeforces Round 994 (Div. 2)
_RUSH20_,656,686,30,12962,2049,Codeforces Round 994 (Div. 2)
StrangerbonD,1121,1044,-77,12962,2049,Codeforces Round 994 (Div. 2)
yj1212,659,818,159,12962,2049,Codeforces Round 994 (Div. 2)
sahil_soni_,350,603,253,12962,2049,Codeforces Round 994 (Div. 2)
vaibhav22556,811,796,-15,12962,2049,Codeforces Round 994 (Div. 2)
Furan_101,1272,1172,-100,12962,2049,Codeforces Round 994 (Div. 2)
zsqqqqq,838,909,71,12962,2049,Codeforces Round 994 (Div. 2)
MohamedA_,883,851,-32,12962,2049,Codeforces Round 994 (Div. 2)
RB19,1323,1215,-108,12962,2049,Codeforces Round 994 (Div. 2)
ShivendraDwivedi,877,846,-31,12962,2049,Codeforces Round 994 (Div. 2)
T.Mumu,375,624,249,12962,2049,Codeforces Round 994 (Div. 2)
anubhavhajela4,1093,1021,-72,12962,2049,Codeforces Round 994 (Div. 2)
rafael,917,878,-39,12962,2049,Codeforces Round 994 (Div. 2)
DivyamAwasthy,1095,1023,-72,12962,2049,Codeforces Round 994 (Div. 2)
LeaZT,0,383,383,12962,2049,Codeforces Round 994 (Div. 2)
noob_croc,899,935,36,12962,2049,Codeforces Round 994 (Div. 2)
aakashk1905,1111,1036,-75,12962,2049,Codeforces Round 994 (Div. 2)
paradox_24,1027,966,-61,12962,2049,Codeforces Round 994 (Div. 2)
Ui_Umi,672,697,25,12962,2049,Codeforces Round 994 (Div. 2)
Rajeev_18,1004,948,-56,12962,2049,Codeforces Round 994 (Div. 2)
318287,1112,1037,-75,12962,2049,Codeforces Round 994 (Div. 2)
mohan.,443,682,239,12962,2049,Codeforces Round 994 (Div. 2)
YouKnowWhy_,906,869,-37,12962,2049,Codeforces Round 994 (Div. 2)
priyasantosh992,892,858,-34,12962,2049,Codeforces Round 994 (Div. 2)
suplexcity199,832,904,72,12962,2049,Codeforces Round 994 (Div. 2)
SHRYDER1,934,891,-43,12962,2049,Codeforces Round 994 (Div. 2)
468itisorisit,1125,1090,-35,12962,2049,Codeforces Round 994 (Div. 2)
Smurferererer,697,713,16,12962,2049,Codeforces Round 994 (Div. 2)
kairick,1065,997,-68,12962,2049,Codeforces Round 994 (Div. 2)
abhi07.coder,0,383,383,12962,2049,Codeforces Round 994 (Div. 2)
tanemuzzaman0084,955,908,-47,12962,2049,Codeforces Round 994 (Div. 2)
shan.,655,815,160,12962,2049,Codeforces Round 994 (Div. 2)
hussainbastamia,1131,1052,-79,12962,2049,Codeforces Round 994 (Div. 2)
2300520100118,1019,960,-59,12962,2049,Codeforces Round 994 (Div. 2)
Piro.Beastie,592,762,170,12962,2049,Codeforces Round 994 (Div. 2)
tasnifsimanto99,981,929,-52,12962,2049,Codeforces Round 994 (Div. 2)
chrisnortiya,986,933,-53,12962,2049,Codeforces Round 994 (Div. 2)
sudhanbalajics12,980,928,-52,12962,2049,Codeforces Round 994 (Div. 2)
Anhquantran,897,862,-35,12962,2049,Codeforces Round 994 (Div. 2)
sanjeev1205,970,920,-50,12962,2049,Codeforces Round 994 (Div. 2)
The-Madara-uchiha,1053,988,-65,12962,2049,Codeforces Round 994 (Div. 2)
BurGir_786,1007,950,-57,12962,2049,Codeforces Round 994 (Div. 2)
raghav8218,889,895,6,12962,2049,Codeforces Round 994 (Div. 2)
MustafizEmon,1065,997,-68,12962,2049,Codeforces Round 994 (Div. 2)
ritik_aryan,756,755,-1,12962,2049,Codeforces Round 994 (Div. 2)
anshuman-dubey,1157,1075,-82,12962,2049,Codeforces Round 994 (Div. 2)
dcccccc_______,1033,971,-62,12962,2049,Codeforces Round 994 (Div. 2)
KARTHIK_PEREPU,452,689,237,12962,2049,Codeforces Round 994 (Div. 2)
Arma28,748,750,2,12962,2049,Codeforces Round 994 (Div. 2)
AnastasioZxl,618,784,166,12962,2049,Codeforces Round 994 (Div. 2)
mithu000,962,914,-48,12962,2049,Codeforces Round 994 (Div. 2)
riteshpandey,1029,1009,-20,12962,2049,Codeforces Round 994 (Div. 2)
Gorib_Coder,390,611,221,13056,2049,Codeforces Round 994 (Div. 2)
Nafi__Code,924,826,-98,13056,2049,Codeforces Round 994 (Div. 2)
shagunsrivastava04032001,355,580,225,13056,2049,Codeforces Round 994 (Div. 2)
Mausamk,734,645,-89,13056,2049,Codeforces Round 994 (Div. 2)
extra_coder,618,752,134,13056,2049,Codeforces Round 994 (Div. 2)
_Avi_Paul_,645,559,-86,13056,2049,Codeforces Round 994 (Div. 2)
Pavani_2005,830,867,37,13056,2049,Codeforces Round 994 (Div. 2)
Aamir_Raza,642,774,132,13056,2049,Codeforces Round 994 (Div. 2)
vectordeepanshu,1124,1011,-113,13056,2049,Codeforces Round 994 (Div. 2)
prathammundada1,0,359,359,13056,2049,Codeforces Round 994 (Div. 2)
Mrinali9,596,732,136,13056,2049,Codeforces Round 994 (Div. 2)
ashwini_jha,929,920,-9,13056,2049,Codeforces Round 994 (Div. 2)
saamir_2003,1047,941,-106,13056,2049,Codeforces Round 994 (Div. 2)
Pyrawn,937,839,-98,13056,2049,Codeforces Round 994 (Div. 2)
RD_CodeFF,381,603,222,13056,2049,Codeforces Round 994 (Div. 2)
doubleMasalaMaggi,1123,1011,-112,13056,2049,Codeforces Round 994 (Div. 2)
AbylayTheLGM,838,875,37,13056,2049,Codeforces Round 994 (Div. 2)
jaiveer_017,918,910,-8,13056,2049,Codeforces Round 994 (Div. 2)
krishpathak,885,880,-5,13056,2049,Codeforces Round 994 (Div. 2)
devendraa_18_,1024,919,-105,13056,2049,Codeforces Round 994 (Div. 2)
hasanimam64,1004,901,-103,13056,2049,Codeforces Round 994 (Div. 2)
NewId44,609,525,-84,13056,2049,Codeforces Round 994 (Div. 2)
kheira_mihoub,722,634,-88,13056,2049,Codeforces Round 994 (Div. 2)
dayyanulhaque2022,822,860,38,13056,2049,Codeforces Round 994 (Div. 2)
diffusionco,756,667,-89,13056,2049,Codeforces Round 994 (Div. 2)
HarshR_,1177,1060,-117,13056,2049,Codeforces Round 994 (Div. 2)
Ima.D.Ice,0,359,359,13056,2049,Codeforces Round 994 (Div. 2)
molat100,582,719,137,13056,2049,Codeforces Round 994 (Div. 2)
Intern_pakka_hai,407,626,219,13056,2049,Codeforces Round 994 (Div. 2)
nav039,589,725,136,13056,2049,Codeforces Round 994 (Div. 2)
nemesis8,597,732,135,13056,2049,Codeforces Round 994 (Div. 2)
filankes,1072,1050,-22,13056,2049,Codeforces Round 994 (Div. 2)
sdtik,895,799,-96,13056,2049,Codeforces Round 994 (Div. 2)
aarushi.goel1110,373,596,223,13056,2049,Codeforces Round 994 (Div. 2)
Pratyaksha_037,393,614,221,13056,2049,Codeforces Round 994 (Div. 2)
2848598118,1209,1089,-120,13056,2049,Codeforces Round 994 (Div. 2)
Sanjaith,845,842,-3,13056,2049,Codeforces Round 994 (Div. 2)
jkk62391,1173,1056,-117,13056,2049,Codeforces Round 994 (Div. 2)
sandu.dan,742,653,-89,13056,2049,Codeforces Round 994 (Div. 2)
Maniac_10,0,359,359,13056,2049,Codeforces Round 994 (Div. 2)
go_j0,1406,1263,-143,13056,2049,Codeforces Round 994 (Div. 2)
saruwarbhuiya,604,739,135,13056,2049,Codeforces Round 994 (Div. 2)
tmtriet08hcm,893,887,-6,13056,2049,Codeforces Round 994 (Div. 2)
anilkumarthalluri123,592,728,136,13056,2049,Codeforces Round 994 (Div. 2)
kashish397,356,581,225,13056,2049,Codeforces Round 994 (Div. 2)
vaibhav_takale,768,810,42,13056,2049,Codeforces Round 994 (Div. 2)
YashVashisht,1099,1035,-64,13056,2049,Codeforces Round 994 (Div. 2)
harsh240611iitk,633,765,132,13056,2049,Codeforces Round 994 (Div. 2)
shatakshisinha,382,604,222,13056,2049,Codeforces Round 994 (Div. 2)
zcxdr,1285,1157,-128,13056,2049,Codeforces Round 994 (Div. 2)
irsantar_12,1161,1045,-116,13056,2049,Codeforces Round 994 (Div. 2)
MohdSajidJafri,373,596,223,13056,2049,Codeforces Round 994 (Div. 2)
sarthakvyas2006,1131,1018,-113,13056,2049,Codeforces Round 994 (Div. 2)
lastone07,979,878,-101,13056,2049,Codeforces Round 994 (Div. 2)
YellowSnowMan,920,823,-97,13056,2049,Codeforces Round 994 (Div. 2)
hkm_12345,968,868,-100,13056,2049,Codeforces Round 994 (Div. 2)
Ankit_0211,0,359,359,13056,2049,Codeforces Round 994 (Div. 2)
ibboko04,612,746,134,13056,2049,Codeforces Round 994 (Div. 2)
luffy09,763,806,43,13056,2049,Codeforces Round 994 (Div. 2)
Meetpra,0,359,359,13056,2049,Codeforces Round 994 (Div. 2)
yeaminmahid,689,602,-87,13056,2049,Codeforces Round 994 (Div. 2)
roshanlakra19122000,1262,1136,-126,13056,2049,Codeforces Round 994 (Div. 2)
alaa.elnagar1110,673,801,128,13056,2049,Codeforces Round 994 (Div. 2)
tsmftxnikhil14,709,621,-88,13056,2049,Codeforces Round 994 (Div. 2)
cout3,0,359,359,13056,2049,Codeforces Round 994 (Div. 2)
sahilfarib007,764,807,43,13056,2049,Codeforces Round 994 (Div. 2)
shivambhat,934,835,-99,13056,2049,Codeforces Round 994 (Div. 2)
hrszo,863,769,-94,13056,2049,Codeforces Round 994 (Div. 2)
jsi,1799,1599,-200,13056,2049,Codeforces Round 994 (Div. 2)
DEVX008,0,359,359,13056,2049,Codeforces Round 994 (Div. 2)
ayush0007,928,920,-8,13056,2049,Codeforces Round 994 (Div. 2)
Rony-Js,597,732,135,13056,2049,Codeforces Round 994 (Div. 2)
Shubh_Goyani,738,782,44,13056,2049,Codeforces Round 994 (Div. 2)
AlexandruPop399,0,359,359,13056,2049,Codeforces Round 994 (Div. 2)
Nausheen_7478,0,359,359,13056,2049,Codeforces Round 994 (Div. 2)
AbhinaySahu,818,726,-92,13056,2049,Codeforces Round 994 (Div. 2)
niharika_24,594,510,-84,13056,2049,Codeforces Round 994 (Div. 2)
Zhang0101,578,715,137,13056,2049,Codeforces Round 994 (Div. 2)
jayubhai007,434,650,216,13056,2049,Codeforces Round 994 (Div. 2)
trietor123,898,802,-96,13056,2049,Codeforces Round 994 (Div. 2)
mido1746,984,883,-101,13056,2049,Codeforces Round 994 (Div. 2)
Binarybeast24,863,769,-94,13056,2049,Codeforces Round 994 (Div. 2)
Siddartha2811,742,786,44,13056,2049,Codeforces Round 994 (Div. 2)
mandaviarshl,388,610,222,13056,2049,Codeforces Round 994 (Div. 2)
rm3326266,831,738,-93,13056,2049,Codeforces Round 994 (Div. 2)
LordGh0st,1205,1085,-120,13056,2049,Codeforces Round 994 (Div. 2)
haardhikrao,1084,975,-109,13056,2049,Codeforces Round 994 (Div. 2)
toh_taha,0,359,359,13056,2049,Codeforces Round 994 (Div. 2)
PrasanthkReddy,810,849,39,13056,2049,Codeforces Round 994 (Div. 2)
ZenithOvO,627,760,133,13056,2049,Codeforces Round 994 (Div. 2)
mehdi_dhieb,735,780,45,13056,2049,Codeforces Round 994 (Div. 2)
Blackadder45,658,788,130,13056,2049,Codeforces Round 994 (Div. 2)
katyuni,595,731,136,13056,2049,Codeforces Round 994 (Div. 2)
nOobCoDer9676,857,763,-94,13056,2049,Codeforces Round 994 (Div. 2)
Aarush-123,952,942,-10,13056,2049,Codeforces Round 994 (Div. 2)
mahbub14,972,871,-101,13056,2049,Codeforces Round 994 (Div. 2)
sumit0310,0,359,359,13056,2049,Codeforces Round 994 (Div. 2)
prashillamichhane123,0,359,359,13056,2049,Codeforces Round 994 (Div. 2)
Tamim.Orif,796,705,-91,13056,2049,Codeforces Round 994 (Div. 2)
rahul7214,0,359,359,13056,2049,Codeforces Round 994 (Div. 2)
Ashish_Ranjan_Singh,794,795,1,13056,2049,Codeforces Round 994 (Div. 2)
iamtheindian,1119,1007,-112,13056,2049,Codeforces Round 994 (Div. 2)
triple_eight,335,562,227,13056,2049,Codeforces Round 994 (Div. 2)
Mithradevi,698,746,48,13056,2049,Codeforces Round 994 (Div. 2)
kira_4009,729,641,-88,13056,2049,Codeforces Round 994 (Div. 2)
Miku_intheverse,388,609,221,13056,2049,Codeforces Round 994 (Div. 2)
CYBERCODE_ENGINEER07,617,751,134,13056,2049,Codeforces Round 994 (Div. 2)
haarit,866,772,-94,13056,2049,Codeforces Round 994 (Div. 2)
animesh2403,1518,1360,-158,13056,2049,Codeforces Round 994 (Div. 2)
crazyprash,800,840,40,13056,2049,Codeforces Round 994 (Div. 2)
mjachi,838,745,-93,13056,2049,Codeforces Round 994 (Div. 2)
krishna_priya13,615,749,134,13056,2049,Codeforces Round 994 (Div. 2)
rprashasthimmanuel,813,851,38,13056,2049,Codeforces Round 994 (Div. 2)
ananyadas629,875,780,-95,13056,2049,Codeforces Round 994 (Div. 2)
lnxhm1,994,892,-102,13056,2049,Codeforces Round 994 (Div. 2)
alt_hv,1031,972,-59,13056,2049,Codeforces Round 994 (Div. 2)
wanzhisongyanglixiaosu,788,829,41,13056,2049,Codeforces Round 994 (Div. 2)
maneeskumart,805,714,-91,13056,2049,Codeforces Round 994 (Div. 2)
sardar1g2a3y,0,359,359,13056,2049,Codeforces Round 994 (Div. 2)
iori_yagggggami,613,747,134,13056,2049,Codeforces Round 994 (Div. 2)
molly_4,355,580,225,13056,2049,Codeforces Round 994 (Div. 2)
Kuvam,600,735,135,13056,2049,Codeforces Round 994 (Div. 2)
_Rayhan_99,928,830,-98,13056,2049,Codeforces Round 994 (Div. 2)
liamTang,887,791,-96,13056,2049,Codeforces Round 994 (Div. 2)
Abhi_Das26,1178,1061,-117,13056,2049,Codeforces Round 994 (Div. 2)
imagine_losing_qq,0,359,359,13056,2049,Codeforces Round 994 (Div. 2)
junaiddshaukat,770,812,42,13056,2049,Codeforces Round 994 (Div. 2)
Imperial_CodeX,1259,1134,-125,13056,2049,Codeforces Round 994 (Div. 2)
Avincy,1070,962,-108,13056,2049,Codeforces Round 994 (Div. 2)
ELJOJ,597,733,136,13056,2049,Codeforces Round 994 (Div. 2)
AtomReactor9,0,359,359,13056,2049,Codeforces Round 994 (Div. 2)
Jashan10001,912,905,-7,13056,2049,Codeforces Round 994 (Div. 2)
floatingmess62006,821,729,-92,13056,2049,Codeforces Round 994 (Div. 2)
huycoal2025,1057,950,-107,13056,2049,Codeforces Round 994 (Div. 2)
Shivesh_deo,757,800,43,13056,2049,Codeforces Round 994 (Div. 2)
gotcha101,978,877,-101,13056,2049,Codeforces Round 994 (Div. 2)
Metalyric,1002,987,-15,13056,2049,Codeforces Round 994 (Div. 2)
Shruutii,900,804,-96,13056,2049,Codeforces Round 994 (Div. 2)
iadityasingh,829,866,37,13056,2049,Codeforces Round 994 (Div. 2)
stellaris_07,860,895,35,13056,2049,Codeforces Round 994 (Div. 2)
Idontknowwhatisit,1085,976,-109,13056,2049,Codeforces Round 994 (Div. 2)
Cultmaster,778,688,-90,13056,2049,Codeforces Round 994 (Div. 2)
vRohith07,1113,1002,-111,13056,2049,Codeforces Round 994 (Div. 2)
Lovish_Garg.2882,1033,974,-59,13056,2049,Codeforces Round 994 (Div. 2)
chaitanya1_1,758,801,43,13056,2049,Codeforces Round 994 (Div. 2)
utsavi_2Vapt187,816,724,-92,13056,2049,Codeforces Round 994 (Div. 2)
Hardik_2005,844,798,-46,13056,2049,Codeforces Round 994 (Div. 2)
Archit_arch,977,876,-101,13056,2049,Codeforces Round 994 (Div. 2)
tanbir.cp0,0,359,359,13056,2049,Codeforces Round 994 (Div. 2)
gnanasri,561,478,-83,13056,2049,Codeforces Round 994 (Div. 2)
HUHU27,803,711,-92,13056,2049,Codeforces Round 994 (Div. 2)
iammrityunjay,683,810,127,13056,2049,Codeforces Round 994 (Div. 2)
umang_does_cp,815,854,39,13056,2049,Codeforces Round 994 (Div. 2)
IvanKarinskii,835,872,37,13056,2049,Codeforces Round 994 (Div. 2)
adarshadarsh,769,811,42,13056,2049,Codeforces Round 994 (Div. 2)
kriaditi,961,861,-100,13056,2049,Codeforces Round 994 (Div. 2)
_Light_Yagami__,384,606,222,13056,2049,Codeforces Round 994 (Div. 2)
dhanusreed05,380,602,222,13056,2049,Codeforces Round 994 (Div. 2)
bektasKhalel,0,359,359,13056,2049,Codeforces Round 994 (Div. 2)
aihdilnr,357,582,225,13056,2049,Codeforces Round 994 (Div. 2)
Javohir2011,899,803,-96,13056,2049,Codeforces Round 994 (Div. 2)
RS_Ag,601,517,-84,13056,2049,Codeforces Round 994 (Div. 2)
palaraxdope,938,840,-98,13056,2049,Codeforces Round 994 (Div. 2)
thienbui2006hd,869,774,-95,13056,2049,Codeforces Round 994 (Div. 2)
jagannadh_1010,801,710,-91,13056,2049,Codeforces Round 994 (Div. 2)
letsgoagain,604,739,135,13056,2049,Codeforces Round 994 (Div. 2)
pratyashinath,0,359,359,13056,2049,Codeforces Round 994 (Div. 2)
anmol.04,874,870,-4,13056,2049,Codeforces Round 994 (Div. 2)
khakekz,377,600,223,13056,2049,Codeforces Round 994 (Div. 2)
AdityaBala,879,784,-95,13056,2049,Codeforces Round 994 (Div. 2)
y_likhitha123,566,704,138,13056,2049,Codeforces Round 994 (Div. 2)
ritvik2004,1187,1069,-118,13056,2049,Codeforces Round 994 (Div. 2)
zidan18,576,714,138,13056,2049,Codeforces Round 994 (Div. 2)
jaaangly,620,753,133,13056,2049,Codeforces Round 994 (Div. 2)
zishahed,825,732,-93,13056,2049,Codeforces Round 994 (Div. 2)
CodeEzio,0,359,359,13056,2049,Codeforces Round 994 (Div. 2)
srikarprakash,617,751,134,13056,2049,Codeforces Round 994 (Div. 2)
shafayet11,783,824,41,13056,2049,Codeforces Round 994 (Div. 2)
hosnyali60333,871,867,-4,13056,2049,Codeforces Round 994 (Div. 2)
Akash183,858,764,-94,13056,2049,Codeforces Round 994 (Div. 2)
LH3223chen,892,843,-49,13056,2049,Codeforces Round 994 (Div. 2)
WarBadsah,700,613,-87,13056,2049,Codeforces Round 994 (Div. 2)
ElkholyJr,963,863,-100,13056,2049,Codeforces Round 994 (Div. 2)
floopmaster,355,580,225,13056,2049,Codeforces Round 994 (Div. 2)
ShashiPreethamReddy,629,762,133,13056,2049,Codeforces Round 994 (Div. 2)
Legend_0,621,755,134,13056,2049,Codeforces Round 994 (Div. 2)
tamim2007009,669,583,-86,13056,2049,Codeforces Round 994 (Div. 2)
Sunny17,0,359,359,13056,2049,Codeforces Round 994 (Div. 2)
Phani_kumar,384,606,222,13056,2049,Codeforces Round 994 (Div. 2)
CodePool327,827,735,-92,13056,2049,Codeforces Round 994 (Div. 2)
efendi,1263,1137,-126,13056,2049,Codeforces Round 994 (Div. 2)
LALmeBACK,648,779,131,13056,2049,Codeforces Round 994 (Div. 2)
navnith,0,359,359,13056,2049,Codeforces Round 994 (Div. 2)
Wittyicon,812,720,-92,13056,2049,Codeforces Round 994 (Div. 2)
codeyogi73,661,790,129,13056,2049,Codeforces Round 994 (Div. 2)
s3alpho3nix,386,608,222,13056,2049,Codeforces Round 994 (Div. 2)
SadhaShivaAeshala,984,883,-101,13056,2049,Codeforces Round 994 (Div. 2)
SirNatzgun,734,779,45,13056,2049,Codeforces Round 994 (Div. 2)
eeshani_11,1047,987,-60,13056,2049,Codeforces Round 994 (Div. 2)
pa22_,948,849,-99,13056,2049,Codeforces Round 994 (Div. 2)
pacoman1608,820,728,-92,13056,2049,Codeforces Round 994 (Div. 2)
Raihan_Hossain_,408,627,219,13056,2049,Codeforces Round 994 (Div. 2)
yzxdz,1107,1042,-65,13056,2049,Codeforces Round 994 (Div. 2)
krator10,1082,974,-108,13056,2049,Codeforces Round 994 (Div. 2)
eng_Marwen,661,791,130,13056,2049,Codeforces Round 994 (Div. 2)
trishan.roy.eee24,355,580,225,13056,2049,Codeforces Round 994 (Div. 2)
dantes69,935,836,-99,13056,2049,Codeforces Round 994 (Div. 2)
Jaycoder,1067,959,-108,13056,2049,Codeforces Round 994 (Div. 2)
patilumesh795,917,867,-50,13056,2049,Codeforces Round 994 (Div. 2)
Afroja_,791,906,115,13056,2049,Codeforces Round 994 (Div. 2)
Its_Ashvin,390,611,221,13056,2049,Codeforces Round 994 (Div. 2)
avi0123,461,379,-82,13056,2049,Codeforces Round 994 (Div. 2)
hemateja,459,672,213,13056,2049,Codeforces Round 994 (Div. 2)
SLgoodman,1069,961,-108,13056,2049,Codeforces Round 994 (Div. 2)
beanbag_03,346,572,226,13056,2049,Codeforces Round 994 (Div. 2)
ayush_chaudhary23,763,806,43,13056,2049,Codeforces Round 994 (Div. 2)
harsha2808,382,604,222,13056,2049,Codeforces Round 994 (Div. 2)
vasanti,585,722,137,13056,2049,Codeforces Round 994 (Div. 2)
Rngineer,0,359,359,13056,2049,Codeforces Round 994 (Div. 2)
dhruv.kaushal166,921,824,-97,13056,2049,Codeforces Round 994 (Div. 2)
Rahat11,0,359,359,13056,2049,Codeforces Round 994 (Div. 2)
B-127,1209,1089,-120,13056,2049,Codeforces Round 994 (Div. 2)
masonhuang0320,796,705,-91,13056,2049,Codeforces Round 994 (Div. 2)
krishnachauhaniitb2023,878,830,-48,13056,2049,Codeforces Round 994 (Div. 2)
jaythakkar0310,794,835,41,13056,2049,Codeforces Round 994 (Div. 2)
ayushniranjansingh,957,858,-99,13056,2049,Codeforces Round 994 (Div. 2)
Lataki,896,800,-96,13056,2049,Codeforces Round 994 (Div. 2)
Anjani_ballaa,380,602,222,13056,2049,Codeforces Round 994 (Div. 2)
petrosyan.davo.2010,663,577,-86,13056,2049,Codeforces Round 994 (Div. 2)
prateekgoswami1996,876,781,-95,13056,2049,Codeforces Round 994 (Div. 2)
VedantMudiraj,754,665,-89,13056,2049,Codeforces Round 994 (Div. 2)
vss2402001856,855,852,-3,13056,2049,Codeforces Round 994 (Div. 2)
rani_agrawal0,355,580,225,13056,2049,Codeforces Round 994 (Div. 2)
abel_7,900,804,-96,13056,2049,Codeforces Round 994 (Div. 2)
rajan072,854,761,-93,13056,2049,Codeforces Round 994 (Div. 2)
quirky_hypothetical,900,930,30,13056,2049,Codeforces Round 994 (Div. 2)
tejesh_19,778,688,-90,13056,2049,Codeforces Round 994 (Div. 2)
mohamed__essam74,610,745,135,13056,2049,Codeforces Round 994 (Div. 2)
sarthakgupta125690,0,359,359,13056,2049,Codeforces Round 994 (Div. 2)
ANSHp-G,958,858,-100,13056,2049,Codeforces Round 994 (Div. 2)
Best_Itoshi_Rin,0,359,359,13056,2049,Codeforces Round 994 (Div. 2)
rakib730,1131,1018,-113,13056,2049,Codeforces Round 994 (Div. 2)
tsraashu,747,791,44,13056,2049,Codeforces Round 994 (Div. 2)
ncoder97,798,707,-91,13056,2049,Codeforces Round 994 (Div. 2)
thangwibu,475,686,211,13056,2049,Codeforces Round 994 (Div. 2)
Prajwal35,853,759,-94,13056,2049,Codeforces Round 994 (Div. 2)
Advaithftw,998,942,-56,13056,2049,Codeforces Round 994 (Div. 2)
Mss_buttercup,1062,955,-107,13056,2049,Codeforces Round 994 (Div. 2)
jaysatya52,638,770,132,13056,2049,Codeforces Round 994 (Div. 2)
nemesis_61,866,900,34,13056,2049,Codeforces Round 994 (Div. 2)
M0untainKing,759,670,-89,13056,2049,Codeforces Round 994 (Div. 2)
284p,762,805,43,13056,2049,Codeforces Round 994 (Div. 2)
Mashrafi_Rumpa,725,637,-88,13056,2049,Codeforces Round 994 (Div. 2)
xpriyanshu,617,751,134,13056,2049,Codeforces Round 994 (Div. 2)
Abbcmc,1112,1000,-112,13056,2049,Codeforces Round 994 (Div. 2)
anubhavkumar19,0,359,359,13056,2049,Codeforces Round 994 (Div. 2)
what,997,895,-102,13056,2049,Codeforces Round 994 (Div. 2)
Mike-oak,1104,993,-111,13056,2049,Codeforces Round 994 (Div. 2)
U_G_019,939,930,-9,13056,2049,Codeforces Round 994 (Div. 2)
Mrd_Redowan,759,670,-89,13056,2049,Codeforces Round 994 (Div. 2)
Alaa2224,360,585,225,13056,2049,Codeforces Round 994 (Div. 2)
Truncated_man,821,859,38,13056,2049,Codeforces Round 994 (Div. 2)
VSS202471_sarim,699,746,47,13056,2049,Codeforces Round 994 (Div. 2)
umar-sarfraz-2010,732,777,45,13056,2049,Codeforces Round 994 (Div. 2)
AbhishekKumar22,1053,947,-106,13056,2049,Codeforces Round 994 (Div. 2)
Jil_51,0,359,359,13056,2049,Codeforces Round 994 (Div. 2)
SoURaV.18,418,337,-81,13056,2049,Codeforces Round 994 (Div. 2)
logicyummy,742,653,-89,13056,2049,Codeforces Round 994 (Div. 2)
h_suya,1073,965,-108,13056,2049,Codeforces Round 994 (Div. 2)
aryanbajaj_7,882,787,-95,13056,2049,Codeforces Round 994 (Div. 2)
NeelmaniPandey09,0,359,359,13056,2049,Codeforces Round 994 (Div. 2)
Soraino,860,766,-94,13056,2049,Codeforces Round 994 (Div. 2)
oi_aaron,737,649,-88,13056,2049,Codeforces Round 994 (Div. 2)
822124,761,672,-89,13056,2049,Codeforces Round 994 (Div. 2)
Mabingnan__V,749,753,4,13056,2049,Codeforces Round 994 (Div. 2)
Evangelos,937,839,-98,13056,2049,Codeforces Round 994 (Div. 2)
siddhuparsa99,811,767,-44,13056,2049,Codeforces Round 994 (Div. 2)
Priyam_Kesarwani,1318,1186,-132,13056,2049,Codeforces Round 994 (Div. 2)
pujatripura,579,716,137,13056,2049,Codeforces Round 994 (Div. 2)
brahmi_11,756,799,43,13056,2049,Codeforces Round 994 (Div. 2)
satarepraneel,405,625,220,13056,2049,Codeforces Round 994 (Div. 2)
adi_tya11,1183,1065,-118,13056,2049,Codeforces Round 994 (Div. 2)
MarkoTR,1005,902,-103,13056,2049,Codeforces Round 994 (Div. 2)
yangxuan,401,621,220,13056,2049,Codeforces Round 994 (Div. 2)
bhavya_sri_145,0,359,359,13056,2049,Codeforces Round 994 (Div. 2)
adeemharis,1026,967,-59,13056,2049,Codeforces Round 994 (Div. 2)
arin_chandurkar,699,825,126,13056,2049,Codeforces Round 994 (Div. 2)
abhijith_reddy,355,580,225,13056,2049,Codeforces Round 994 (Div. 2)
sevinch2000,0,359,359,13056,2049,Codeforces Round 994 (Div. 2)
Garimasingh16,566,482,-84,13056,2049,Codeforces Round 994 (Div. 2)
PoojaChukka88,0,359,359,13056,2049,Codeforces Round 994 (Div. 2)
rudraksh_711,842,840,-2,13056,2049,Codeforces Round 994 (Div. 2)
_nightsweet,1160,1045,-115,13056,2049,Codeforces Round 994 (Div. 2)
Dias1177,376,599,223,13056,2049,Codeforces Round 994 (Div. 2)
__sonali7891,361,585,224,13056,2049,Codeforces Round 994 (Div. 2)
Dushyant_J,744,788,44,13056,2049,Codeforces Round 994 (Div. 2)
As_Duck,997,895,-102,13056,2049,Codeforces Round 994 (Div. 2)
nk04,827,826,-1,13056,2049,Codeforces Round 994 (Div. 2)
Atul_Jaiswal,984,883,-101,13056,2049,Codeforces Round 994 (Div. 2)
PhotonTJ,961,861,-100,13056,2049,Codeforces Round 994 (Div. 2)
shikharsinha117,660,790,130,13056,2049,Codeforces Round 994 (Div. 2)
Saurav_levi,922,824,-98,13056,2049,Codeforces Round 994 (Div. 2)
Nikhil3.14,934,835,-99,13056,2049,Codeforces Round 994 (Div. 2)
satyaranjanbehera2607,984,883,-101,13056,2049,Codeforces Round 994 (Div. 2)
parvmakwana,380,602,222,13056,2049,Codeforces Round 994 (Div. 2)
shivashish,819,774,-45,13056,2049,Codeforces Round 994 (Div. 2)
siddhibodake,0,359,359,13056,2049,Codeforces Round 994 (Div. 2)
Aya92,870,775,-95,13056,2049,Codeforces Round 994 (Div. 2)
0001.0,1119,1007,-112,13056,2049,Codeforces Round 994 (Div. 2)
rajkhatri398,0,359,359,13056,2049,Codeforces Round 994 (Div. 2)
22B01A4591,812,812,0,13056,2049,Codeforces Round 994 (Div. 2)
nawt_shyy,0,359,359,13056,2049,Codeforces Round 994 (Div. 2)
Immortal_22,1160,1045,-115,13056,2049,Codeforces Round 994 (Div. 2)
v.a.la.k,630,762,132,13056,2049,Codeforces Round 994 (Div. 2)
bhagwatsolunke007,995,893,-102,13056,2049,Codeforces Round 994 (Div. 2)
hawktherock,0,359,359,13056,2049,Codeforces Round 994 (Div. 2)
Hi_star,614,748,134,13056,2049,Codeforces Round 994 (Div. 2)
Sarav_24,872,778,-94,13056,2049,Codeforces Round 994 (Div. 2)
lyon_up,1100,990,-110,13056,2049,Codeforces Round 994 (Div. 2)
ritu.kansal456,967,867,-100,13056,2049,Codeforces Round 994 (Div. 2)
csfnb,0,359,359,13056,2049,Codeforces Round 994 (Div. 2)
Ab_best,1096,986,-110,13056,2049,Codeforces Round 994 (Div. 2)
arpanpal92,806,715,-91,13056,2049,Codeforces Round 994 (Div. 2)
abhigyan_0804,380,602,222,13056,2049,Codeforces Round 994 (Div. 2)
satwikstudies05,917,820,-97,13056,2049,Codeforces Round 994 (Div. 2)
Reenav_Ray,846,753,-93,13056,2049,Codeforces Round 994 (Div. 2)
ujjwalchhablani98,0,359,359,13056,2049,Codeforces Round 994 (Div. 2)
Vishweshwar_akula,1016,912,-104,13056,2049,Codeforces Round 994 (Div. 2)
0xElnemr,946,847,-99,13056,2049,Codeforces Round 994 (Div. 2)
alibakouchi34,736,781,45,13056,2049,Codeforces Round 994 (Div. 2)
ayush_5,570,708,138,13056,2049,Codeforces Round 994 (Div. 2)
Info_coder_sys,932,834,-98,13056,2049,Codeforces Round 994 (Div. 2)
SumitKumarPathak,828,735,-93,13056,2049,Codeforces Round 994 (Div. 2)
panda_13,967,913,-54,13056,2049,Codeforces Round 994 (Div. 2)
K_ALASSY,777,819,42,13056,2049,Codeforces Round 994 (Div. 2)
codeNaru,742,653,-89,13056,2049,Codeforces Round 994 (Div. 2)
Ren_2007,377,599,222,13056,2049,Codeforces Round 994 (Div. 2)
Nah_I-d_Win,423,641,218,13056,2049,Codeforces Round 994 (Div. 2)
Dev777,395,616,221,13056,2049,Codeforces Round 994 (Div. 2)
SSSahilH,999,984,-15,13056,2049,Codeforces Round 994 (Div. 2)
Arpita799,917,820,-97,13056,2049,Codeforces Round 994 (Div. 2)
just_cruisin,1165,1094,-71,13056,2049,Codeforces Round 994 (Div. 2)
iamfineeee,372,595,223,13056,2049,Codeforces Round 994 (Div. 2)
topippobutterfly,789,830,41,13056,2049,Codeforces Round 994 (Div. 2)
bekar_boy_,646,561,-85,13056,2049,Codeforces Round 994 (Div. 2)
Ganymede98,799,708,-91,13056,2049,Codeforces Round 994 (Div. 2)
kita01,1037,932,-105,13056,2049,Codeforces Round 994 (Div. 2)
t_saada,816,854,38,13056,2049,Codeforces Round 994 (Div. 2)
Izbasa_era_ShymYer_2029,0,359,359,13056,2049,Codeforces Round 994 (Div. 2)
aakarshsinha07,1085,976,-109,13056,2049,Codeforces Round 994 (Div. 2)
stvy2346,1220,1099,-121,13056,2049,Codeforces Round 994 (Div. 2)
Ved45,407,626,219,13056,2049,Codeforces Round 994 (Div. 2)
pratyushiitg,882,787,-95,13056,2049,Codeforces Round 994 (Div. 2)
srinidhi829,359,584,225,13056,2049,Codeforces Round 994 (Div. 2)
ShonNuo,467,679,212,13056,2049,Codeforces Round 994 (Div. 2)
Rohan_Sawlani,616,750,134,13056,2049,Codeforces Round 994 (Div. 2)
ashafahmida97,0,359,359,13056,2049,Codeforces Round 994 (Div. 2)
E_manjusaka,810,849,39,13056,2049,Codeforces Round 994 (Div. 2)
_satyam_mishra,1082,974,-108,13056,2049,Codeforces Round 994 (Div. 2)
madhav_g,980,879,-101,13056,2049,Codeforces Round 994 (Div. 2)
cherry0613,346,572,226,13056,2049,Codeforces Round 994 (Div. 2)
gobble-de-gook,0,359,359,13056,2049,Codeforces Round 994 (Div. 2)
donshaaab,0,359,359,13056,2049,Codeforces Round 994 (Div. 2)
abhinav_pratap,1443,1296,-147,13056,2049,Codeforces Round 994 (Div. 2)
Himakar3,837,744,-93,13056,2049,Codeforces Round 994 (Div. 2)
17_ani,371,594,223,13056,2049,Codeforces Round 994 (Div. 2)
vikgeniX,775,817,42,13056,2049,Codeforces Round 994 (Div. 2)
sujay26p,0,359,359,13056,2049,Codeforces Round 994 (Div. 2)
shiva4ansh,673,587,-86,13056,2049,Codeforces Round 994 (Div. 2)
LNGH,1060,953,-107,13056,2049,Codeforces Round 994 (Div. 2)
sanjay_v17,766,676,-90,13056,2049,Codeforces Round 994 (Div. 2)
iampratyusht,589,725,136,13056,2049,Codeforces Round 994 (Div. 2)
Ankit_1501,380,602,222,13056,2049,Codeforces Round 994 (Div. 2)
AdhirajSB,1020,916,-104,13056,2049,Codeforces Round 994 (Div. 2)
christopher_nolan,1013,997,-16,13056,2049,Codeforces Round 994 (Div. 2)
_MUH_84,764,674,-90,13056,2049,Codeforces Round 994 (Div. 2)
divyam_gupta,996,893,-103,13056,2049,Codeforces Round 994 (Div. 2)
i_love_pushups,857,763,-94,13056,2049,Codeforces Round 994 (Div. 2)
Sowrya,1063,1002,-61,13056,2049,Codeforces Round 994 (Div. 2)
aya_noaman,425,642,217,13056,2049,Codeforces Round 994 (Div. 2)
Kashvi_Agarwal,935,836,-99,13056,2049,Codeforces Round 994 (Div. 2)
kksona2004,1023,918,-105,13056,2049,Codeforces Round 994 (Div. 2)
rakeshrakhi_9392,995,893,-102,13056,2049,Codeforces Round 994 (Div. 2)
diyorbekakhmedov,730,642,-88,13056,2049,Codeforces Round 994 (Div. 2)
simmarahul,849,803,-46,13056,2049,Codeforces Round 994 (Div. 2)
insultovich,745,789,44,13056,2049,Codeforces Round 994 (Div. 2)
stellar_87,812,720,-92,13056,2049,Codeforces Round 994 (Div. 2)
mdevkshev1,0,359,359,13056,2049,Codeforces Round 994 (Div. 2)
Siddharth7i,944,845,-99,13056,2049,Codeforces Round 994 (Div. 2)
Subtle_G,954,854,-100,13056,2049,Codeforces Round 994 (Div. 2)
Aliouh,784,825,41,13056,2049,Codeforces Round 994 (Div. 2)
Kr_s1010,800,800,0,13056,2049,Codeforces Round 994 (Div. 2)
Magma2301,0,359,359,13056,2049,Codeforces Round 994 (Div. 2)
nancy_77,346,572,226,13056,2049,Codeforces Round 994 (Div. 2)
wiise,793,703,-90,13056,2049,Codeforces Round 994 (Div. 2)
Aman_g192,806,715,-91,13056,2049,Codeforces Round 994 (Div. 2)
jyothidurgakadali,612,746,134,13056,2049,Codeforces Round 994 (Div. 2)
SRAVYABANDE,364,588,224,13056,2049,Codeforces Round 994 (Div. 2)
setayesh.malakooti,783,693,-90,13056,2049,Codeforces Round 994 (Div. 2)
lov.ish,1626,1453,-173,13056,2049,Codeforces Round 994 (Div. 2)
ank931,818,726,-92,13056,2049,Codeforces Round 994 (Div. 2)
binarymeta,969,869,-100,13056,2049,Codeforces Round 994 (Div. 2)
qilif,997,895,-102,13056,2049,Codeforces Round 994 (Div. 2)
TST.TNH,368,592,224,13056,2049,Codeforces Round 994 (Div. 2)
Jaykolhe12,944,892,-52,13056,2049,Codeforces Round 994 (Div. 2)
mirp01,690,604,-86,13056,2049,Codeforces Round 994 (Div. 2)
itsmearyan0205,1128,1061,-67,13056,2049,Codeforces Round 994 (Div. 2)
moksha30,1425,1280,-145,13056,2049,Codeforces Round 994 (Div. 2)
chillguy69,1748,1556,-192,13056,2049,Codeforces Round 994 (Div. 2)
must_not_be_named,1153,1038,-115,13056,2049,Codeforces Round 994 (Div. 2)
vaibhav356,0,359,359,13056,2049,Codeforces Round 994 (Div. 2)
Kitokit,0,359,359,13056,2049,Codeforces Round 994 (Div. 2)
White______Devil,911,814,-97,13056,2049,Codeforces Round 994 (Div. 2)
syed_mahi,746,790,44,13056,2049,Codeforces Round 994 (Div. 2)
aditi_786,398,618,220,13056,2049,Codeforces Round 994 (Div. 2)
VALiiANT,1072,964,-108,13056,2049,Codeforces Round 994 (Div. 2)
shadowFang,891,795,-96,13056,2049,Codeforces Round 994 (Div. 2)
Kageyama_29,1123,1011,-112,13056,2049,Codeforces Round 994 (Div. 2)
y0l0,889,793,-96,13056,2049,Codeforces Round 994 (Div. 2)
kh_oiiisha.10,417,336,-81,13056,2049,Codeforces Round 994 (Div. 2)
Suman8295,799,708,-91,13056,2049,Codeforces Round 994 (Div. 2)
shreyasd1705,1181,1064,-117,13056,2049,Codeforces Round 994 (Div. 2)
connor_3,986,884,-102,13056,2049,Codeforces Round 994 (Div. 2)
Deepanshu45,799,800,1,13056,2049,Codeforces Round 994 (Div. 2)
Beevee,798,838,40,13056,2049,Codeforces Round 994 (Div. 2)
NaheelQunaibi,721,767,46,13056,2049,Codeforces Round 994 (Div. 2)
Saransh_Agarwal,902,805,-97,13056,2049,Codeforces Round 994 (Div. 2)
nazmul_fiz,827,735,-92,13056,2049,Codeforces Round 994 (Div. 2)
arnavagarwal05,999,896,-103,13056,2049,Codeforces Round 994 (Div. 2)
Rupendra0,0,359,359,13056,2049,Codeforces Round 994 (Div. 2)
jonessaraha.cse2023,702,749,47,13056,2049,Codeforces Round 994 (Div. 2)
DorsaNakhaei,0,359,359,13056,2049,Codeforces Round 994 (Div. 2)
MAieshAdnan,921,823,-98,13056,2049,Codeforces Round 994 (Div. 2)
Swagg_PaPi,350,575,225,13056,2049,Codeforces Round 994 (Div. 2)
Harshitmaheshwari,793,702,-91,13056,2049,Codeforces Round 994 (Div. 2)
vidhis2711,662,792,130,13056,2049,Codeforces Round 994 (Div. 2)
vaibhav_sheoran_,0,359,359,13056,2049,Codeforces Round 994 (Div. 2)
Ace_1404,388,610,222,13056,2049,Codeforces Round 994 (Div. 2)
BIG_old_guy,383,605,222,13056,2049,Codeforces Round 994 (Div. 2)
Arafat0012,818,726,-92,13056,2049,Codeforces Round 994 (Div. 2)
arsbe5,0,359,359,13056,2049,Codeforces Round 994 (Div. 2)
kvmounika_2005,577,714,137,13056,2049,Codeforces Round 994 (Div. 2)
lzcdd,0,359,359,13056,2049,Codeforces Round 994 (Div. 2)
Srm__,681,594,-87,13056,2049,Codeforces Round 994 (Div. 2)
Devil_Union,1270,1144,-126,13056,2049,Codeforces Round 994 (Div. 2)
Rathan_2526,567,705,138,13056,2049,Codeforces Round 994 (Div. 2)
ModernCaveman,1235,1112,-123,13056,2049,Codeforces Round 994 (Div. 2)
1qaz1,397,618,221,13056,2049,Codeforces Round 994 (Div. 2)
ujsquared,947,937,-10,13056,2049,Codeforces Round 994 (Div. 2)
entropy_6174,1175,1058,-117,13056,2049,Codeforces Round 994 (Div. 2)
nishit12kumar,0,359,359,13056,2049,Codeforces Round 994 (Div. 2)
crocydump,880,875,-5,13056,2049,Codeforces Round 994 (Div. 2)
baraa404,392,613,221,13056,2049,Codeforces Round 994 (Div. 2)
SarthakGupta1303,355,580,225,13056,2049,Codeforces Round 994 (Div. 2)
Drumil,941,842,-99,13056,2049,Codeforces Round 994 (Div. 2)
dungktgg,1083,974,-109,13056,2049,Codeforces Round 994 (Div. 2)
Rajpal_Singh,407,626,219,13056,2049,Codeforces Round 994 (Div. 2)
Vyshnavi_Velaga,353,578,225,13056,2049,Codeforces Round 994 (Div. 2)
August,973,872,-101,13056,2049,Codeforces Round 994 (Div. 2)
leavemeal0ne,360,585,225,13056,2049,Codeforces Round 994 (Div. 2)
hemanth_echelonex,869,774,-95,13056,2049,Codeforces Round 994 (Div. 2)
garlapatips12,359,584,225,13056,2049,Codeforces Round 994 (Div. 2)
Fuad_Hasan43,1040,935,-105,13056,2049,Codeforces Round 994 (Div. 2)
_professor-,625,758,133,13056,2049,Codeforces Round 994 (Div. 2)
_re_start__,931,833,-98,13056,2049,Codeforces Round 994 (Div. 2)
yxan,353,578,225,13056,2049,Codeforces Round 994 (Div. 2)
ronakraj,786,827,41,13056,2049,Codeforces Round 994 (Div. 2)
LegendxGM,895,799,-96,13056,2049,Codeforces Round 994 (Div. 2)
oktamov_shohjahon,742,653,-89,13056,2049,Codeforces Round 994 (Div. 2)
drinkJokey,617,751,134,13056,2049,Codeforces Round 994 (Div. 2)
bhuvnesh_choudhary21,991,889,-102,13056,2049,Codeforces Round 994 (Div. 2)
Maisha106,455,374,-81,13056,2049,Codeforces Round 994 (Div. 2)
VSS101558_M.Farhan,644,775,131,13056,2049,Codeforces Round 994 (Div. 2)
mihf05,0,359,359,13056,2049,Codeforces Round 994 (Div. 2)
ruthvik_p,0,359,359,13056,2049,Codeforces Round 994 (Div. 2)
nghoangtuan.anh2006,759,802,43,13056,2049,Codeforces Round 994 (Div. 2)
Kuwlman,760,671,-89,13056,2049,Codeforces Round 994 (Div. 2)
__naini__,848,755,-93,13056,2049,Codeforces Round 994 (Div. 2)
zews,0,359,359,13056,2049,Codeforces Round 994 (Div. 2)
lazy_coder111,0,359,359,13056,2049,Codeforces Round 994 (Div. 2)
parthhalwane,1078,969,-109,13056,2049,Codeforces Round 994 (Div. 2)
Kunsh_2637,706,618,-88,13056,2049,Codeforces Round 994 (Div. 2)
harsh_kc00,1061,954,-107,13056,2049,Codeforces Round 994 (Div. 2)
thaakur_,1195,1076,-119,13056,2049,Codeforces Round 994 (Div. 2)
_BILIEVE_,1089,979,-110,13056,2049,Codeforces Round 994 (Div. 2)
RUSLVN,1342,1207,-135,13056,2049,Codeforces Round 994 (Div. 2)
meghanareddy28,600,735,135,13056,2049,Codeforces Round 994 (Div. 2)
YumYumYum,885,917,32,13056,2049,Codeforces Round 994 (Div. 2)
Azentashis01,0,359,359,13056,2049,Codeforces Round 994 (Div. 2)
jagdaleamol17,0,359,359,13056,2049,Codeforces Round 994 (Div. 2)
coder_adarsh,885,789,-96,13056,2049,Codeforces Round 994 (Div. 2)
naieem1224,591,727,136,13056,2049,Codeforces Round 994 (Div. 2)
mansvi.k,621,754,133,13056,2049,Codeforces Round 994 (Div. 2)
1182,373,596,223,13056,2049,Codeforces Round 994 (Div. 2)
AmirHoseinEsmailie,634,766,132,13056,2049,Codeforces Round 994 (Div. 2)
Ritik_Sharma.,767,678,-89,13056,2049,Codeforces Round 994 (Div. 2)
404-BrainNotFound,1349,1214,-135,13056,2049,Codeforces Round 994 (Div. 2)
ayuslohia69,1109,998,-111,13056,2049,Codeforces Round 994 (Div. 2)
sivabheri,0,359,359,13056,2049,Codeforces Round 994 (Div. 2)
mahidhar21,355,580,225,13056,2049,Codeforces Round 994 (Div. 2)
manojnoochila,1079,970,-109,13056,2049,Codeforces Round 994 (Div. 2)
23b01a12h0,584,721,137,13056,2049,Codeforces Round 994 (Div. 2)
theshycoticguyy,0,359,359,13056,2049,Codeforces Round 994 (Div. 2)
srimaan_sathvik,0,359,359,13056,2049,Codeforces Round 994 (Div. 2)
AyushRaj1205,1291,1162,-129,13056,2049,Codeforces Round 994 (Div. 2)
farhan_s_a,946,894,-52,13056,2049,Codeforces Round 994 (Div. 2)
StellarNova,766,676,-90,13056,2049,Codeforces Round 994 (Div. 2)
Phantom_7,920,869,-51,13056,2049,Codeforces Round 994 (Div. 2)
yuvi3030,1247,1123,-124,13056,2049,Codeforces Round 994 (Div. 2)
franchez_,623,756,133,13056,2049,Codeforces Round 994 (Div. 2)
roshini__chavala,386,608,222,13056,2049,Codeforces Round 994 (Div. 2)
ritiklodhi35,593,729,136,13056,2049,Codeforces Round 994 (Div. 2)
lakshya_23,820,728,-92,13056,2049,Codeforces Round 994 (Div. 2)
linux.atharv.bhosale,758,668,-90,13056,2049,Codeforces Round 994 (Div. 2)
defeatedloser,1201,1195,-6,13056,2049,Codeforces Round 994 (Div. 2)
TANJIL111,819,727,-92,13056,2049,Codeforces Round 994 (Div. 2)
21ali_sh_,0,359,359,13056,2049,Codeforces Round 994 (Div. 2)
ahmad0323,740,785,45,13056,2049,Codeforces Round 994 (Div. 2)
PontiusPilate,0,359,359,13056,2049,Codeforces Round 994 (Div. 2)
Ranpo_Edogawa,735,647,-88,13056,2049,Codeforces Round 994 (Div. 2)
Johan_112,375,598,223,13056,2049,Codeforces Round 994 (Div. 2)
Ki6ui_Par1na,978,877,-101,13056,2049,Codeforces Round 994 (Div. 2)
shivam_k_d,786,696,-90,13056,2049,Codeforces Round 994 (Div. 2)
MUX_1464,438,654,216,13056,2049,Codeforces Round 994 (Div. 2)
2200030289cseh,557,474,-83,13056,2049,Codeforces Round 994 (Div. 2)
ommison,1156,1125,-31,13056,2049,Codeforces Round 994 (Div. 2)
rishabh2712,864,769,-95,13056,2049,Codeforces Round 994 (Div. 2)
arnavanand168,615,749,134,13056,2049,Codeforces Round 994 (Div. 2)
Pinakthummar,857,763,-94,13056,2049,Codeforces Round 994 (Div. 2)
tonmoy197,1087,978,-109,13056,2049,Codeforces Round 994 (Div. 2)
riazahmed2246,800,709,-91,13056,2049,Codeforces Round 994 (Div. 2)
kirtinasha999,660,574,-86,13056,2049,Codeforces Round 994 (Div. 2)
Arisudan,0,359,359,13056,2049,Codeforces Round 994 (Div. 2)
Aurelios,849,755,-94,13056,2049,Codeforces Round 994 (Div. 2)
adityakumarbhanu15062003,1160,1045,-115,13056,2049,Codeforces Round 994 (Div. 2)
good_or_bad,1167,1135,-32,13056,2049,Codeforces Round 994 (Div. 2)
AG___,1419,1275,-144,13056,2049,Codeforces Round 994 (Div. 2)
Nishi_0506,835,742,-93,13056,2049,Codeforces Round 994 (Div. 2)
Balaji_Sai_charan,1101,991,-110,13056,2049,Codeforces Round 994 (Div. 2)
kartavya22236,1255,1130,-125,13056,2049,Codeforces Round 994 (Div. 2)
SaRaa_2005,621,755,134,13056,2049,Codeforces Round 994 (Div. 2)
Gelya.gl,0,359,359,13056,2049,Codeforces Round 994 (Div. 2)
danihere,362,586,224,13056,2049,Codeforces Round 994 (Div. 2)
manasvi.reddi,361,585,224,13056,2049,Codeforces Round 994 (Div. 2)
MrAnish,569,707,138,13056,2049,Codeforces Round 994 (Div. 2)
palsarthak27,683,810,127,13056,2049,Codeforces Round 994 (Div. 2)
ZainUlHaq,822,730,-92,13056,2049,Codeforces Round 994 (Div. 2)
IzayoiSakuye,867,901,34,13056,2049,Codeforces Round 994 (Div. 2)
galib29112002,843,841,-2,13056,2049,Codeforces Round 994 (Div. 2)
saals104,357,582,225,13056,2049,Codeforces Round 994 (Div. 2)
-0.10,805,844,39,13056,2049,Codeforces Round 994 (Div. 2)
tareque101,560,477,-83,13056,2049,Codeforces Round 994 (Div. 2)
nocturnalLogic,818,726,-92,13056,2049,Codeforces Round 994 (Div. 2)
edish.forces,760,803,43,13056,2049,Codeforces Round 994 (Div. 2)
FrostByte_,1046,940,-106,13056,2049,Codeforces Round 994 (Div. 2)
riazsorkar,0,359,359,13056,2049,Codeforces Round 994 (Div. 2)
xuzhihe,0,359,359,13056,2049,Codeforces Round 994 (Div. 2)
NavnitM1611,906,809,-97,13056,2049,Codeforces Round 994 (Div. 2)
parthasarathireddy,614,748,134,13056,2049,Codeforces Round 994 (Div. 2)
pratycodes,873,825,-48,13056,2049,Codeforces Round 994 (Div. 2)
samriddhik799,588,724,136,13056,2049,Codeforces Round 994 (Div. 2)
fuyunyuexi,822,821,-1,13056,2049,Codeforces Round 994 (Div. 2)
photon278,852,849,-3,13056,2049,Codeforces Round 994 (Div. 2)
bhawaniola08,774,684,-90,13056,2049,Codeforces Round 994 (Div. 2)
MSR_NITW,362,586,224,13056,2049,Codeforces Round 994 (Div. 2)
YOU_KNOW_WHAT_,846,753,-93,13056,2049,Codeforces Round 994 (Div. 2)
Tanha_Tanven34,608,523,-85,13056,2049,Codeforces Round 994 (Div. 2)
SunTzuSkywalker,645,776,131,13056,2049,Codeforces Round 994 (Div. 2)
sheraz786shaik,749,793,44,13056,2049,Codeforces Round 994 (Div. 2)
kcode8247,0,359,359,13056,2049,Codeforces Round 994 (Div. 2)
mahic,856,762,-94,13056,2049,Codeforces Round 994 (Div. 2)
Snowrainbow,0,359,359,13056,2049,Codeforces Round 994 (Div. 2)
iamsahilkr,1171,1054,-117,13056,2049,Codeforces Round 994 (Div. 2)
KEDAR9,886,791,-95,13056,2049,Codeforces Round 994 (Div. 2)
Bidyendu21,357,582,225,13056,2049,Codeforces Round 994 (Div. 2)
tarun1812,0,359,359,13056,2049,Codeforces Round 994 (Div. 2)
ramagiriabhi2026,575,712,137,13056,2049,Codeforces Round 994 (Div. 2)
aditya_h,1136,1022,-114,13056,2049,Codeforces Round 994 (Div. 2)
Maryy1369,574,711,137,13056,2049,Codeforces Round 994 (Div. 2)
DarkForce_,0,359,359,13056,2049,Codeforces Round 994 (Div. 2)
avnee_2925,653,567,-86,13056,2049,Codeforces Round 994 (Div. 2)
deepanshuxrajput,0,359,359,13056,2049,Codeforces Round 994 (Div. 2)
Omar_Abdeen,828,736,-92,13056,2049,Codeforces Round 994 (Div. 2)
_Break_The_Limits_,1003,900,-103,13056,2049,Codeforces Round 994 (Div. 2)
mahmut44,351,576,225,13056,2049,Codeforces Round 994 (Div. 2)
ss2603,762,672,-90,13056,2049,Codeforces Round 994 (Div. 2)
olambeshreyash,376,599,223,13056,2049,Codeforces Round 994 (Div. 2)
vyaswanthssmv,815,723,-92,13056,2049,Codeforces Round 994 (Div. 2)
kumarlalit08052005,355,580,225,13056,2049,Codeforces Round 994 (Div. 2)
liberjellyfish,1205,1085,-120,13056,2049,Codeforces Round 994 (Div. 2)
phanindhara2004,650,564,-86,13056,2049,Codeforces Round 994 (Div. 2)
KJ0905,703,615,-88,13056,2049,Codeforces Round 994 (Div. 2)
ARCHISHMAN_ROY,349,574,225,13056,2049,Codeforces Round 994 (Div. 2)
tusar_004,762,672,-90,13056,2049,Codeforces Round 994 (Div. 2)
Crocubott01,807,716,-91,13056,2049,Codeforces Round 994 (Div. 2)
ha203811,0,359,359,13056,2049,Codeforces Round 994 (Div. 2)
nikunjsingla2005,856,762,-94,13056,2049,Codeforces Round 994 (Div. 2)
nandini805,1176,1059,-117,13056,2049,Codeforces Round 994 (Div. 2)
Zy_phyrus,376,599,223,13056,2049,Codeforces Round 994 (Div. 2)
Abdelwahab_2024,722,634,-88,13056,2049,Codeforces Round 994 (Div. 2)
ishanpraveen1002,1209,1089,-120,13056,2049,Codeforces Round 994 (Div. 2)
spxdiode,1137,1023,-114,13056,2049,Codeforces Round 994 (Div. 2)
adipandey-dev,372,595,223,13056,2049,Codeforces Round 994 (Div. 2)
Yeshu3517,714,760,46,13056,2049,Codeforces Round 994 (Div. 2)
Foysal_001,664,578,-86,13056,2049,Codeforces Round 994 (Div. 2)
Dvati,1017,913,-104,13056,2049,Codeforces Round 994 (Div. 2)
Mo.520,992,890,-102,13056,2049,Codeforces Round 994 (Div. 2)
NyN,0,359,359,13056,2049,Codeforces Round 994 (Div. 2)
kumarsourabhsk21,782,784,2,13056,2049,Codeforces Round 994 (Div. 2)
maheshmishra1069,0,359,359,13056,2049,Codeforces Round 994 (Div. 2)
nguyenkhangninh99,1667,1487,-180,13056,2049,Codeforces Round 994 (Div. 2)
pulkit28,918,821,-97,13056,2049,Codeforces Round 994 (Div. 2)
Okahak71,851,757,-94,13056,2049,Codeforces Round 994 (Div. 2)
arafathj42,738,650,-88,13056,2049,Codeforces Round 994 (Div. 2)
Riteshchavan,794,703,-91,13056,2049,Codeforces Round 994 (Div. 2)
Mr_asco2110,359,584,225,13056,2049,Codeforces Round 994 (Div. 2)
cfpl6,919,869,-50,13056,2049,Codeforces Round 994 (Div. 2)
Real_madrid,813,722,-91,13056,2049,Codeforces Round 994 (Div. 2)
tushar_2528,901,805,-96,13056,2049,Codeforces Round 994 (Div. 2)
SumitChaudhary,689,602,-87,13056,2049,Codeforces Round 994 (Div. 2)
achrefmansouri97,371,594,223,13056,2049,Codeforces Round 994 (Div. 2)
Gallbladder,613,747,134,13056,2049,Codeforces Round 994 (Div. 2)
__severus__,935,926,-9,13056,2049,Codeforces Round 994 (Div. 2)
shravani_2005,810,718,-92,13056,2049,Codeforces Round 994 (Div. 2)
ngthvnh123,830,867,37,13056,2049,Codeforces Round 994 (Div. 2)
arvind_meena014,706,753,47,13056,2049,Codeforces Round 994 (Div. 2)
Nakul_Dhanani,874,779,-95,13056,2049,Codeforces Round 994 (Div. 2)
madhavareddy773,982,881,-101,13056,2049,Codeforces Round 994 (Div. 2)
AK4189,777,819,42,13056,2049,Codeforces Round 994 (Div. 2)
ram_charan__rc,891,885,-6,13056,2049,Codeforces Round 994 (Div. 2)
govindsaini17,972,871,-101,13056,2049,Codeforces Round 994 (Div. 2)
Koppinenisruthi1,355,580,225,13056,2049,Codeforces Round 994 (Div. 2)
Ahamed_Mosa,1165,1049,-116,13056,2049,Codeforces Round 994 (Div. 2)
singh_01,1200,1080,-120,13056,2049,Codeforces Round 994 (Div. 2)
vector_r7,806,715,-91,13056,2049,Codeforces Round 994 (Div. 2)
Shrashti_yadav,891,923,32,13056,2049,Codeforces Round 994 (Div. 2)
devang_code,1288,1159,-129,13056,2049,Codeforces Round 994 (Div. 2)
swapnika9494,346,572,226,13056,2049,Codeforces Round 994 (Div. 2)
hrishi_3516,1057,950,-107,13056,2049,Codeforces Round 994 (Div. 2)
xieerwen1,813,851,38,13056,2049,Codeforces Round 994 (Div. 2)
ardea,949,850,-99,13056,2049,Codeforces Round 994 (Div. 2)
Ramziya,699,824,125,13056,2049,Codeforces Round 994 (Div. 2)
SM7_CH,730,775,45,13056,2049,Codeforces Round 994 (Div. 2)
fynfyn,794,795,1,13056,2049,Codeforces Round 994 (Div. 2)
itsme2908,955,855,-100,13056,2049,Codeforces Round 994 (Div. 2)
Gudu0609,0,359,359,13056,2049,Codeforces Round 994 (Div. 2)
Dark_Lord_,1319,1187,-132,13056,2049,Codeforces Round 994 (Div. 2)
Shashwat_Kumar_1234,393,614,221,13056,2049,Codeforces Round 994 (Div. 2)
Haritha0609,361,586,225,13056,2049,Codeforces Round 994 (Div. 2)
VSS202348_AshirZahoor,580,717,137,13056,2049,Codeforces Round 994 (Div. 2)
wwwanuj21l,477,688,211,13056,2049,Codeforces Round 994 (Div. 2)
FRANK_FY,913,816,-97,13056,2049,Codeforces Round 994 (Div. 2)
rvasilevskiy,925,874,-51,13056,2049,Codeforces Round 994 (Div. 2)
Sifat113,603,738,135,13056,2049,Codeforces Round 994 (Div. 2)
tan-g-j,409,628,219,13056,2049,Codeforces Round 994 (Div. 2)
aayushi_raj,928,830,-98,13056,2049,Codeforces Round 994 (Div. 2)
nooour__,924,826,-98,13056,2049,Codeforces Round 994 (Div. 2)
chinmaykale,823,730,-93,13056,2049,Codeforces Round 994 (Div. 2)
__darknight_,1089,980,-109,13056,2049,Codeforces Round 994 (Div. 2)
ajakash117,786,695,-91,13056,2049,Codeforces Round 994 (Div. 2)
G_O_D_FATHER,390,611,221,13056,2049,Codeforces Round 994 (Div. 2)
baljeetprajapati45,896,800,-96,13056,2049,Codeforces Round 994 (Div. 2)
Shakebaba97,444,659,215,13056,2049,Codeforces Round 994 (Div. 2)
shyambansal,1124,1011,-113,13056,2049,Codeforces Round 994 (Div. 2)
syntax_santhosh,627,760,133,13056,2049,Codeforces Round 994 (Div. 2)
Bhanu0p,1352,1216,-136,13056,2049,Codeforces Round 994 (Div. 2)
mauryaakanksha2020,0,359,359,13056,2049,Codeforces Round 994 (Div. 2)
Pota_tO,1226,1104,-122,13056,2049,Codeforces Round 994 (Div. 2)
Vectorix,963,863,-100,13056,2049,Codeforces Round 994 (Div. 2)
tingd,948,938,-10,13056,2049,Codeforces Round 994 (Div. 2)
f20231336,785,695,-90,13056,2049,Codeforces Round 994 (Div. 2)
WAIL-01,1084,975,-109,13056,2049,Codeforces Round 994 (Div. 2)
sai54,757,800,43,13056,2049,Codeforces Round 994 (Div. 2)
Killua_Zoldyck123,948,849,-99,13056,2049,Codeforces Round 994 (Div. 2)
sarkerantor,725,637,-88,13056,2049,Codeforces Round 994 (Div. 2)
bobcode,852,887,35,13056,2049,Codeforces Round 994 (Div. 2)
TheChickenSONG,358,583,225,13056,2049,Codeforces Round 994 (Div. 2)
decodester,821,820,-1,13056,2049,Codeforces Round 994 (Div. 2)
kklm,738,783,45,13056,2049,Codeforces Round 994 (Div. 2)
caiyajie2024,762,805,43,13056,2049,Codeforces Round 994 (Div. 2)
bhattacharyapobitro,891,795,-96,13056,2049,Codeforces Round 994 (Div. 2)
MaxiBlue,596,732,136,13056,2049,Codeforces Round 994 (Div. 2)
Vishnu_007,0,359,359,13056,2049,Codeforces Round 994 (Div. 2)
g0xk3r,355,580,225,13056,2049,Codeforces Round 994 (Div. 2)
zzzmobin2,747,791,44,13056,2049,Codeforces Round 994 (Div. 2)
prish_12,721,633,-88,13056,2049,Codeforces Round 994 (Div. 2)
_Ashish028,1012,909,-103,13056,2049,Codeforces Round 994 (Div. 2)
AbdurahmonNumanov1,843,841,-2,13056,2049,Codeforces Round 994 (Div. 2)
sakash_sirohi,1111,1000,-111,13056,2049,Codeforces Round 994 (Div. 2)
ShaduMan,611,526,-85,13056,2049,Codeforces Round 994 (Div. 2)
aisky,1047,941,-106,13056,2049,Codeforces Round 994 (Div. 2)
nex4ll,824,732,-92,13056,2049,Codeforces Round 994 (Div. 2)
charan_098,615,749,134,13056,2049,Codeforces Round 994 (Div. 2)
KRISHNASAKTHIESWAR,827,782,-45,13056,2049,Codeforces Round 994 (Div. 2)
Nakshtra_OP_CP,786,787,1,13056,2049,Codeforces Round 994 (Div. 2)
vasavigampala1,425,642,217,13056,2049,Codeforces Round 994 (Div. 2)
DesiDerivative,824,732,-92,13056,2049,Codeforces Round 994 (Div. 2)
ankitkandulna1022,669,798,129,13056,2049,Codeforces Round 994 (Div. 2)
varshith9832,0,359,359,13056,2049,Codeforces Round 994 (Div. 2)
ichigokurosakifromindia,0,359,359,13056,2049,Codeforces Round 994 (Div. 2)
DeepakMali007,1119,1007,-112,13056,2049,Codeforces Round 994 (Div. 2)
Atharva_kale,432,649,217,13056,2049,Codeforces Round 994 (Div. 2)
AmanPushp,878,783,-95,13056,2049,Codeforces Round 994 (Div. 2)
mayank.d_05,802,841,39,13056,2049,Codeforces Round 994 (Div. 2)
kavascg,1200,1080,-120,13056,2049,Codeforces Round 994 (Div. 2)
violentpenguin,813,722,-91,13056,2049,Codeforces Round 994 (Div. 2)
Aadii11,705,617,-88,13056,2049,Codeforces Round 994 (Div. 2)
Meet_V1406,754,797,43,13056,2049,Codeforces Round 994 (Div. 2)
Bhanuteja005,0,359,359,13056,2049,Codeforces Round 994 (Div. 2)
stephliew,881,876,-5,13056,2049,Codeforces Round 994 (Div. 2)
RachitSoni,0,359,359,13056,2049,Codeforces Round 994 (Div. 2)
mudigondagayathri,571,487,-84,13056,2049,Codeforces Round 994 (Div. 2)
naimul1818,648,563,-85,13056,2049,Codeforces Round 994 (Div. 2)
maomitgd,375,598,223,13056,2049,Codeforces Round 994 (Div. 2)
ArafatNirob,750,794,44,13056,2049,Codeforces Round 994 (Div. 2)
GuessMe.,815,723,-92,13056,2049,Codeforces Round 994 (Div. 2)
Shahida,355,580,225,13056,2049,Codeforces Round 994 (Div. 2)
adeam,358,583,225,13056,2049,Codeforces Round 994 (Div. 2)
_Tarks,394,615,221,13056,2049,Codeforces Round 994 (Div. 2)
sk_shadow,0,359,359,13056,2049,Codeforces Round 994 (Div. 2)
_bisht_akash,650,780,130,13056,2049,Codeforces Round 994 (Div. 2)
concavity19,627,760,133,13056,2049,Codeforces Round 994 (Div. 2)
Ermachev_Egor,747,658,-89,13056,2049,Codeforces Round 994 (Div. 2)
dinosuar,370,593,223,13056,2049,Codeforces Round 994 (Div. 2)
Mohamed-Reda,790,699,-91,13056,2049,Codeforces Round 994 (Div. 2)
himanshuindia.100,845,752,-93,13056,2049,Codeforces Round 994 (Div. 2)
kukuruzka,599,735,136,13056,2049,Codeforces Round 994 (Div. 2)
-robby-,639,554,-85,13056,2049,Codeforces Round 994 (Div. 2)
nsbzhd,1092,982,-110,13056,2049,Codeforces Round 994 (Div. 2)
a6t2cq8t7k0,355,580,225,13056,2049,Codeforces Round 994 (Div. 2)
arpit925_,716,762,46,13056,2049,Codeforces Round 994 (Div. 2)
yarkala_shrika,842,796,-46,13056,2049,Codeforces Round 994 (Div. 2)
Uzumaki_Sasuke,913,816,-97,13056,2049,Codeforces Round 994 (Div. 2)
viper01,1031,926,-105,13056,2049,Codeforces Round 994 (Div. 2)
Deepika_Botla_77,600,735,135,13056,2049,Codeforces Round 994 (Div. 2)
pxrth03,618,752,134,13056,2049,Codeforces Round 994 (Div. 2)
ScourgeXV,759,802,43,13056,2049,Codeforces Round 994 (Div. 2)
omar_abdeen01,828,736,-92,13056,2049,Codeforces Round 994 (Div. 2)
daredevil123pass,966,865,-101,13056,2049,Codeforces Round 994 (Div. 2)
22501a4432,814,722,-92,13056,2049,Codeforces Round 994 (Div. 2)
BhaviG,1126,1014,-112,13056,2049,Codeforces Round 994 (Div. 2)
j7654894110,355,580,225,13056,2049,Codeforces Round 994 (Div. 2)
Premsanthosh16,887,791,-96,13056,2049,Codeforces Round 994 (Div. 2)
Keep-going,602,737,135,13056,2049,Codeforces Round 994 (Div. 2)
mahedi0tamim,776,686,-90,13056,2049,Codeforces Round 994 (Div. 2)
f0y3z,599,735,136,13056,2049,Codeforces Round 994 (Div. 2)
Rylin31,893,797,-96,13056,2049,Codeforces Round 994 (Div. 2)
Byte_knight28,431,648,217,13056,2049,Codeforces Round 994 (Div. 2)
Yash_bothraa,0,359,359,13056,2049,Codeforces Round 994 (Div. 2)
innith,866,862,-4,13056,2049,Codeforces Round 994 (Div. 2)
midzoo,0,359,359,13056,2049,Codeforces Round 994 (Div. 2)
Varsha_1214,740,785,45,13056,2049,Codeforces Round 994 (Div. 2)
rdksu,613,747,134,13056,2049,Codeforces Round 994 (Div. 2)
ranadipd189,654,784,130,13056,2049,Codeforces Round 994 (Div. 2)
hnalhwashm,0,359,359,13056,2049,Codeforces Round 994 (Div. 2)
allichiranjeevi,787,828,41,13056,2049,Codeforces Round 994 (Div. 2)
harshuke14,889,793,-96,13056,2049,Codeforces Round 994 (Div. 2)
LiuFaFaOnO,0,359,359,13056,2049,Codeforces Round 994 (Div. 2)
RuntimeError11,828,736,-92,13056,2049,Codeforces Round 994 (Div. 2)
Code_Master001,823,730,-93,13056,2049,Codeforces Round 994 (Div. 2)
Rahuldas23,820,728,-92,13056,2049,Codeforces Round 994 (Div. 2)
rajeev21862,903,897,-6,13056,2049,Codeforces Round 994 (Div. 2)
tbnrlucifer,949,850,-99,13056,2049,Codeforces Round 994 (Div. 2)
Hkashgun,356,581,225,13056,2049,Codeforces Round 994 (Div. 2)
Little-Fairy,1007,904,-103,13056,2049,Codeforces Round 994 (Div. 2)
shkpenguin,618,752,134,13056,2049,Codeforces Round 994 (Div. 2)
infi_Nothing_infi,614,748,134,13056,2049,Codeforces Round 994 (Div. 2)
shafiqurrehman,0,359,359,13056,2049,Codeforces Round 994 (Div. 2)
hunt_off_karam,451,665,214,13056,2049,Codeforces Round 994 (Div. 2)
Rinku20,757,800,43,13056,2049,Codeforces Round 994 (Div. 2)
ayushsingh45,857,763,-94,13056,2049,Codeforces Round 994 (Div. 2)
Isa231,1001,945,-56,13056,2049,Codeforces Round 994 (Div. 2)
one_minus_one,797,706,-91,13056,2049,Codeforces Round 994 (Div. 2)
lh_doge1,1304,1174,-130,13056,2049,Codeforces Round 994 (Div. 2)
Arwa_Mahmoud,602,737,135,13056,2049,Codeforces Round 994 (Div. 2)
Jeshwanth07,402,622,220,13056,2049,Codeforces Round 994 (Div. 2)
sahithivarma22,356,581,225,13056,2049,Codeforces Round 994 (Div. 2)
carlhagen,1050,943,-107,13056,2049,Codeforces Round 994 (Div. 2)
CipherPhoenix,992,890,-102,13056,2049,Codeforces Round 994 (Div. 2)
1aanyagarg,0,359,359,13056,2049,Codeforces Round 994 (Div. 2)
bihanyharsh,368,592,224,13056,2049,Codeforces Round 994 (Div. 2)
btech10070.23,891,842,-49,13056,2049,Codeforces Round 994 (Div. 2)
dimdam2314,837,874,37,13056,2049,Codeforces Round 994 (Div. 2)
ankitkumar120976,918,820,-98,13056,2049,Codeforces Round 994 (Div. 2)
the_8th_sea,623,756,133,13056,2049,Codeforces Round 994 (Div. 2)
abhayverma1,1354,1218,-136,13056,2049,Codeforces Round 994 (Div. 2)
Dragon_Emperor01,1094,985,-109,13056,2049,Codeforces Round 994 (Div. 2)
A_A_Jubair,876,781,-95,13056,2049,Codeforces Round 994 (Div. 2)
rohitsedha,752,796,44,13056,2049,Codeforces Round 994 (Div. 2)
bhaveshkumarsharma,838,792,-46,13056,2049,Codeforces Round 994 (Div. 2)
codemaster3001,628,761,133,13056,2049,Codeforces Round 994 (Div. 2)
Nikhil0Verma,897,801,-96,13056,2049,Codeforces Round 994 (Div. 2)
shamsoon,882,787,-95,13056,2049,Codeforces Round 994 (Div. 2)
shantogyn,803,843,40,13056,2049,Codeforces Round 994 (Div. 2)
mahdiuzzamannishat,977,876,-101,13056,2049,Codeforces Round 994 (Div. 2)
tle_adi,826,864,38,13056,2049,Codeforces Round 994 (Div. 2)
TheDistractedSoul,979,878,-101,13056,2049,Codeforces Round 994 (Div. 2)
Devanshu__Sharma,1230,1108,-122,13056,2049,Codeforces Round 994 (Div. 2)
shashanksinghania120,1100,990,-110,13056,2049,Codeforces Round 994 (Div. 2)
shibamde1,355,580,225,13056,2049,Codeforces Round 994 (Div. 2)
22eg110a18,0,359,359,13056,2049,Codeforces Round 994 (Div. 2)
R0de0,616,750,134,13056,2049,Codeforces Round 994 (Div. 2)
dipraj_007,754,797,43,13056,2049,Codeforces Round 994 (Div. 2)
pavanatyam,372,595,223,13056,2049,Codeforces Round 994 (Div. 2)
ALANDQQ,427,644,217,13056,2049,Codeforces Round 994 (Div. 2)
shivambansal357,1162,1046,-116,13056,2049,Codeforces Round 994 (Div. 2)
22501a4243,655,569,-86,13056,2049,Codeforces Round 994 (Div. 2)
ughvtygfv,366,590,224,13056,2049,Codeforces Round 994 (Div. 2)
manavp8,0,359,359,13056,2049,Codeforces Round 994 (Div. 2)
Epic_Gaimer,804,843,39,13056,2049,Codeforces Round 994 (Div. 2)
KUMARSARTHAK,1216,1095,-121,13056,2049,Codeforces Round 994 (Div. 2)
armaanngupta,892,796,-96,13056,2049,Codeforces Round 994 (Div. 2)
Shahriarc224,802,758,-44,13056,2049,Codeforces Round 994 (Div. 2)
i_m_anchal,804,712,-92,13056,2049,Codeforces Round 994 (Div. 2)
Abhshekyadav95065,576,714,138,13056,2049,Codeforces Round 994 (Div. 2)
Ashish_yadava,880,785,-95,13056,2049,Codeforces Round 994 (Div. 2)
nextra,596,732,136,13056,2049,Codeforces Round 994 (Div. 2)
shravyadav31,796,797,1,13056,2049,Codeforces Round 994 (Div. 2)
Taj2024,0,359,359,13056,2049,Codeforces Round 994 (Div. 2)
mazharulhaque94721,807,808,1,13056,2049,Codeforces Round 994 (Div. 2)
Fahmid112,723,635,-88,13056,2049,Codeforces Round 994 (Div. 2)
manish_kopparapu,1030,925,-105,13056,2049,Codeforces Round 994 (Div. 2)
YouDontKnowWhoo,355,580,225,13056,2049,Codeforces Round 994 (Div. 2)
fantasy9663,789,830,41,13056,2049,Codeforces Round 994 (Div. 2)
Dakshita_Singh,1051,945,-106,13056,2049,Codeforces Round 994 (Div. 2)
A_S_Thunder,828,865,37,13056,2049,Codeforces Round 994 (Div. 2)
strnn,983,970,-13,13056,2049,Codeforces Round 994 (Div. 2)
Harsh_Yadav1729,776,686,-90,13056,2049,Codeforces Round 994 (Div. 2)
youseef255,349,575,226,13056,2049,Codeforces Round 994 (Div. 2)
saiswaroop8656,1240,1117,-123,13056,2049,Codeforces Round 994 (Div. 2)
swimanonymous0000,413,631,218,13056,2049,Codeforces Round 994 (Div. 2)
mohamedosama_code,964,910,-54,13056,2049,Codeforces Round 994 (Div. 2)
root_coder,1072,964,-108,13056,2049,Codeforces Round 994 (Div. 2)
pranjalinm21,752,663,-89,13056,2049,Codeforces Round 994 (Div. 2)
ashishsoni7195,1382,1243,-139,13056,2049,Codeforces Round 994 (Div. 2)
SAI_NAYAN,985,972,-13,13056,2049,Codeforces Round 994 (Div. 2)
00741,575,713,138,13056,2049,Codeforces Round 994 (Div. 2)
Arunkumark29,767,677,-90,13056,2049,Codeforces Round 994 (Div. 2)
MJIITD,0,359,359,13056,2049,Codeforces Round 994 (Div. 2)
MangoFI,977,876,-101,13056,2049,Codeforces Round 994 (Div. 2)
pratik1603,1132,1019,-113,13056,2049,Codeforces Round 994 (Div. 2)
jitendrasingh302,848,846,-2,13056,2049,Codeforces Round 994 (Div. 2)
akshattiwari2323,444,659,215,13056,2049,Codeforces Round 994 (Div. 2)
Snithik,774,684,-90,13056,2049,Codeforces Round 994 (Div. 2)
rahym18,602,518,-84,13056,2049,Codeforces Round 994 (Div. 2)
OZYD,843,879,36,13056,2049,Codeforces Round 994 (Div. 2)
Grav0910,1472,1321,-151,13056,2049,Codeforces Round 994 (Div. 2)
tanjiro0007,871,905,34,13056,2049,Codeforces Round 994 (Div. 2)
huddd2,379,602,223,13056,2049,Codeforces Round 994 (Div. 2)
zxcPascal,741,652,-89,13056,2049,Codeforces Round 994 (Div. 2)
Dsync.7,765,808,43,13056,2049,Codeforces Round 994 (Div. 2)
sima124,686,599,-87,13056,2049,Codeforces Round 994 (Div. 2)
VSS201672_Khawar,842,878,36,13056,2049,Codeforces Round 994 (Div. 2)
sathishgade,0,359,359,13056,2049,Codeforces Round 994 (Div. 2)
sphkaka123,0,359,359,13056,2049,Codeforces Round 994 (Div. 2)
sein_core,1031,926,-105,13056,2049,Codeforces Round 994 (Div. 2)
Deagle01,819,727,-92,13056,2049,Codeforces Round 994 (Div. 2)
ARIBA_HASAN,822,777,-45,13056,2049,Codeforces Round 994 (Div. 2)
kusumaganta,593,729,136,13056,2049,Codeforces Round 994 (Div. 2)
vamosdwj,597,733,136,13056,2049,Codeforces Round 994 (Div. 2)
Sri_Bhanu.Chigurupati,635,550,-85,13056,2049,Codeforces Round 994 (Div. 2)
dogcongfather,1236,1196,-40,13056,2049,Codeforces Round 994 (Div. 2)
Ani07,581,718,137,13056,2049,Codeforces Round 994 (Div. 2)
shreyvijay,876,781,-95,13056,2049,Codeforces Round 994 (Div. 2)
dream_synopsis,993,891,-102,13056,2049,Codeforces Round 994 (Div. 2)
vaishnavi1608,798,707,-91,13056,2049,Codeforces Round 994 (Div. 2)
Nujula,600,735,135,13056,2049,Codeforces Round 994 (Div. 2)
anushkaxag,0,359,359,13056,2049,Codeforces Round 994 (Div. 2)
ADITYA75,383,605,222,13056,2049,Codeforces Round 994 (Div. 2)
Mr_Bombastik,912,815,-97,13056,2049,Codeforces Round 994 (Div. 2)
abduvahhob_011,931,833,-98,13056,2049,Codeforces Round 994 (Div. 2)
sohamchandane,367,591,224,13056,2049,Codeforces Round 994 (Div. 2)
ss104200jhamid,618,752,134,13056,2049,Codeforces Round 994 (Div. 2)
60605max,927,919,-8,13056,2049,Codeforces Round 994 (Div. 2)
DonaldReddy,869,774,-95,13056,2049,Codeforces Round 994 (Div. 2)
Nikhilb2003,1313,1181,-132,13056,2049,Codeforces Round 994 (Div. 2)
Kokomi1,771,813,42,13056,2049,Codeforces Round 994 (Div. 2)
Makmakescode,659,574,-85,13056,2049,Codeforces Round 994 (Div. 2)
VISHUKANEKI,365,589,224,13056,2049,Codeforces Round 994 (Div. 2)
taaramalik358,660,790,130,13056,2049,Codeforces Round 994 (Div. 2)
gargharshit799,593,729,136,13056,2049,Codeforces Round 994 (Div. 2)
auroraish,365,589,224,13056,2049,Codeforces Round 994 (Div. 2)
A_S_I-I_U,0,359,359,13056,2049,Codeforces Round 994 (Div. 2)
KetanSaini,804,712,-92,13056,2049,Codeforces Round 994 (Div. 2)
coder_imran00,989,887,-102,13056,2049,Codeforces Round 994 (Div. 2)
Ayushlaware,784,825,41,13056,2049,Codeforces Round 994 (Div. 2)
Vaishnavi_Goswami,732,643,-89,13056,2049,Codeforces Round 994 (Div. 2)
chiraggill_12,1179,1107,-72,13056,2049,Codeforces Round 994 (Div. 2)
CoLH,861,767,-94,13056,2049,Codeforces Round 994 (Div. 2)
swapnil_2502,865,771,-94,13056,2049,Codeforces Round 994 (Div. 2)
Dev-C-Torto,818,726,-92,13056,2049,Codeforces Round 994 (Div. 2)
Bottom_2_Bottom,1289,1160,-129,13056,2049,Codeforces Round 994 (Div. 2)
luffy_106,0,359,359,13056,2049,Codeforces Round 994 (Div. 2)
navya_0408,0,359,359,13056,2049,Codeforces Round 994 (Div. 2)
tamaku_31,0,359,359,13056,2049,Codeforces Round 994 (Div. 2)
yeddulamadhu6,350,576,226,13056,2049,Codeforces Round 994 (Div. 2)
Omar_Abo_Elward,764,674,-90,13056,2049,Codeforces Round 994 (Div. 2)
Dev2005,1035,930,-105,13056,2049,Codeforces Round 994 (Div. 2)
chaos_rn,895,799,-96,13056,2049,Codeforces Round 994 (Div. 2)
rahatraihan,1079,970,-109,13056,2049,Codeforces Round 994 (Div. 2)
WrongAnswerAtTest1,1128,1015,-113,13056,2049,Codeforces Round 994 (Div. 2)
guptask1342004,588,725,137,13056,2049,Codeforces Round 994 (Div. 2)
pasit,926,954,28,13056,2049,Codeforces Round 994 (Div. 2)
imarjun2004,853,888,35,13056,2049,Codeforces Round 994 (Div. 2)
sai_01,1126,1014,-112,13056,2049,Codeforces Round 994 (Div. 2)
nyusip_16,447,662,215,13056,2049,Codeforces Round 994 (Div. 2)
prepodd,966,865,-101,13056,2049,Codeforces Round 994 (Div. 2)
Dharani31,718,764,46,13056,2049,Codeforces Round 994 (Div. 2)
AaronPe,936,884,-52,13056,2049,Codeforces Round 994 (Div. 2)
not_logn,891,795,-96,13056,2049,Codeforces Round 994 (Div. 2)
Md_Arzu,856,762,-94,13056,2049,Codeforces Round 994 (Div. 2)
sunidhipriya,0,359,359,13056,2049,Codeforces Round 994 (Div. 2)
mohitsangwan03,859,765,-94,13056,2049,Codeforces Round 994 (Div. 2)
krishnalata9,585,722,137,13056,2049,Codeforces Round 994 (Div. 2)
Code_Attempt_2,351,577,226,13056,2049,Codeforces Round 994 (Div. 2)
Nishant_Sahni,1101,991,-110,13056,2049,Codeforces Round 994 (Div. 2)
rishirajsingh,1074,966,-108,13056,2049,Codeforces Round 994 (Div. 2)
sayak18cf,825,732,-93,13056,2049,Codeforces Round 994 (Div. 2)
Saurabh_Lucifer_pathak,1021,917,-104,13056,2049,Codeforces Round 994 (Div. 2)
sidhantanweshi,350,576,226,13056,2049,Codeforces Round 994 (Div. 2)
coder_hub_123,882,834,-48,13056,2049,Codeforces Round 994 (Div. 2)
HyperSnail,919,869,-50,13056,2049,Codeforces Round 994 (Div. 2)
TOMATOj,629,762,133,13056,2049,Codeforces Round 994 (Div. 2)
Rabbi-02,939,840,-99,13056,2049,Codeforces Round 994 (Div. 2)
Arav_Shukla,924,952,28,13056,2049,Codeforces Round 994 (Div. 2)
Gitansh_shekhar,0,359,359,13056,2049,Codeforces Round 994 (Div. 2)
jiusheng,1039,934,-105,13056,2049,Codeforces Round 994 (Div. 2)
danielmurarita19,910,813,-97,13056,2049,Codeforces Round 994 (Div. 2)
Shershaah,963,951,-12,13056,2049,Codeforces Round 994 (Div. 2)
ByteBrewer101,0,359,359,13056,2049,Codeforces Round 994 (Div. 2)
Iterative_Idiot110607,870,866,-4,13056,2049,Codeforces Round 994 (Div. 2)
codejsv20,356,581,225,13056,2049,Codeforces Round 994 (Div. 2)
code07bharadwaj_aman,712,625,-87,13056,2049,Codeforces Round 994 (Div. 2)
shaquille._.oatmeal,356,581,225,13056,2049,Codeforces Round 994 (Div. 2)
ajeetsingha2255,1134,1021,-113,13056,2049,Codeforces Round 994 (Div. 2)
trishna_10,909,812,-97,13056,2049,Codeforces Round 994 (Div. 2)
muditajain2045,906,809,-97,13056,2049,Codeforces Round 994 (Div. 2)
Durgesh_009,574,711,137,13056,2049,Codeforces Round 994 (Div. 2)
linash,0,359,359,13056,2049,Codeforces Round 994 (Div. 2)
Devil_Nos,375,598,223,13056,2049,Codeforces Round 994 (Div. 2)
preethbera,608,743,135,13056,2049,Codeforces Round 994 (Div. 2)
Lets_Do_CP,920,823,-97,13056,2049,Codeforces Round 994 (Div. 2)
Omorisdead,355,580,225,13056,2049,Codeforces Round 994 (Div. 2)
ahmedfaisalzayed288,926,875,-51,13056,2049,Codeforces Round 994 (Div. 2)
GPARV,1076,967,-109,13056,2049,Codeforces Round 994 (Div. 2)
rainadixit11048,647,778,131,13056,2049,Codeforces Round 994 (Div. 2)
SDD1Leo,600,735,135,13056,2049,Codeforces Round 994 (Div. 2)
manojkumarvema81,0,359,359,13056,2049,Codeforces Round 994 (Div. 2)
parasverma6789,880,785,-95,13056,2049,Codeforces Round 994 (Div. 2)
spar10,754,797,43,13056,2049,Codeforces Round 994 (Div. 2)
vintage7,598,734,136,13056,2049,Codeforces Round 994 (Div. 2)
divyasri14,749,660,-89,13056,2049,Codeforces Round 994 (Div. 2)
hungcubuso1vn,164,87,-77,13056,2049,Codeforces Round 994 (Div. 2)
abhay0005,387,609,222,13056,2049,Codeforces Round 994 (Div. 2)
rgljc_38,1161,1091,-70,13056,2049,Codeforces Round 994 (Div. 2)
shweta_44,799,708,-91,13056,2049,Codeforces Round 994 (Div. 2)
Rahul_Kumar_Keshri_100,796,705,-91,13056,2049,Codeforces Round 994 (Div. 2)
Abrer,728,640,-88,13056,2049,Codeforces Round 994 (Div. 2)
Likitha_08,749,793,44,13056,2049,Codeforces Round 994 (Div. 2)
lijimin,1040,935,-105,13056,2049,Codeforces Round 994 (Div. 2)
AnhadIITIAN,874,779,-95,13056,2049,Codeforces Round 994 (Div. 2)
ashudhama18,767,809,42,13056,2049,Codeforces Round 994 (Div. 2)
Abhinaysai16,747,791,44,13056,2049,Codeforces Round 994 (Div. 2)
aka_04,794,703,-91,13056,2049,Codeforces Round 994 (Div. 2)
Nemenis,788,829,41,13056,2049,Codeforces Round 994 (Div. 2)
ItsAmirAli,619,753,134,13056,2049,Codeforces Round 994 (Div. 2)
Sanjana_R_31,729,641,-88,13056,2049,Codeforces Round 994 (Div. 2)
xPOSSIBLEx,1214,1093,-121,13056,2049,Codeforces Round 994 (Div. 2)
sahudevjeet,1105,994,-111,13056,2049,Codeforces Round 994 (Div. 2)
Prasoon_ky1,648,779,131,13056,2049,Codeforces Round 994 (Div. 2)
solversingh,0,359,359,13056,2049,Codeforces Round 994 (Div. 2)
akansha16,938,929,-9,13056,2049,Codeforces Round 994 (Div. 2)
duuyy,927,829,-98,13056,2049,Codeforces Round 994 (Div. 2)
SoumyadeepPal,828,783,-45,13056,2049,Codeforces Round 994 (Div. 2)
Bhavya2805,1401,1259,-142,13056,2049,Codeforces Round 994 (Div. 2)
Nandakishor21,825,732,-93,13056,2049,Codeforces Round 994 (Div. 2)
prathammm16,1042,936,-106,13056,2049,Codeforces Round 994 (Div. 2)
divyansh.mishra,743,655,-88,13056,2049,Codeforces Round 994 (Div. 2)
tanjian1,957,904,-53,13056,2049,Codeforces Round 994 (Div. 2)
traj_07,810,718,-92,13056,2049,Codeforces Round 994 (Div. 2)
skkarishma_19,537,455,-82,13056,2049,Codeforces Round 994 (Div. 2)
Belugaa,1191,1073,-118,13056,2049,Codeforces Round 994 (Div. 2)
Bhavyasachan,806,715,-91,13056,2049,Codeforces Round 994 (Div. 2)
SUNIL0505,739,784,45,13056,2049,Codeforces Round 994 (Div. 2)
Alif_51,729,774,45,13056,2049,Codeforces Round 994 (Div. 2)
srideepthisinganapudi,362,586,224,13056,2049,Codeforces Round 994 (Div. 2)
lovelypotter2018,522,440,-82,13056,2049,Codeforces Round 994 (Div. 2)
Fathulloev_M,921,824,-97,13056,2049,Codeforces Round 994 (Div. 2)
yudheekshanaparamaraj,352,577,225,13056,2049,Codeforces Round 994 (Div. 2)
wyy23250426,878,830,-48,13056,2049,Codeforces Round 994 (Div. 2)
singh.naghemraj27,717,763,46,13056,2049,Codeforces Round 994 (Div. 2)
sanvik_6789,1291,1162,-129,13056,2049,Codeforces Round 994 (Div. 2)
RINI,1053,947,-106,13056,2049,Codeforces Round 994 (Div. 2)
rishavkriitd,0,359,359,13056,2049,Codeforces Round 994 (Div. 2)
Karaj101,582,719,137,13056,2049,Codeforces Round 994 (Div. 2)
UnknownCoder004,544,462,-82,13056,2049,Codeforces Round 994 (Div. 2)
goyal_pranav,672,801,129,13056,2049,Codeforces Round 994 (Div. 2)
dhruvika12_06,839,793,-46,13056,2049,Codeforces Round 994 (Div. 2)
lockinffs,1158,1043,-115,13056,2049,Codeforces Round 994 (Div. 2)
___S_O_H_I_D_U_L___,1022,918,-104,13056,2049,Codeforces Round 994 (Div. 2)
rakhee13,358,583,225,13056,2049,Codeforces Round 994 (Div. 2)
Remotely,811,719,-92,13056,2049,Codeforces Round 994 (Div. 2)
bayra,763,673,-90,13056,2049,Codeforces Round 994 (Div. 2)
yasaswinimadhuvarsu,373,596,223,13056,2049,Codeforces Round 994 (Div. 2)
mohitvdx,590,726,136,13056,2049,Codeforces Round 994 (Div. 2)
saifunnaherislam01,604,739,135,13056,2049,Codeforces Round 994 (Div. 2)
amitsingh001,886,791,-95,13056,2049,Codeforces Round 994 (Div. 2)
venkatesh7779,705,617,-88,13056,2049,Codeforces Round 994 (Div. 2)
vip551,673,587,-86,13056,2049,Codeforces Round 994 (Div. 2)
shristi40,756,667,-89,13056,2049,Codeforces Round 994 (Div. 2)
Tech__phoenix,0,359,359,13056,2049,Codeforces Round 994 (Div. 2)
Anshi1008,856,762,-94,13056,2049,Codeforces Round 994 (Div. 2)
mnskrnm,650,780,130,13056,2049,Codeforces Round 994 (Div. 2)
rras,866,772,-94,13056,2049,Codeforces Round 994 (Div. 2)
tarun_sh,387,609,222,13056,2049,Codeforces Round 994 (Div. 2)
zahin_ahmad,834,789,-45,13056,2049,Codeforces Round 994 (Div. 2)
muddapusrilatha02,641,773,132,13056,2049,Codeforces Round 994 (Div. 2)
pri_07,744,788,44,13056,2049,Codeforces Round 994 (Div. 2)
ULTIMATE_NOOB,897,891,-6,13056,2049,Codeforces Round 994 (Div. 2)
Tizerrr,871,776,-95,13056,2049,Codeforces Round 994 (Div. 2)
23b01a4564,0,359,359,13056,2049,Codeforces Round 994 (Div. 2)
siddarth.dinesh2006,757,716,-41,13056,2049,Codeforces Round 994 (Div. 2)
stone_yuga7,855,890,35,13056,2049,Codeforces Round 994 (Div. 2)
VSS102290_Etariq,584,721,137,13056,2049,Codeforces Round 994 (Div. 2)
nzdd,382,604,222,13056,2049,Codeforces Round 994 (Div. 2)
elkaofficial,924,873,-51,13056,2049,Codeforces Round 994 (Div. 2)
SoGoodPerson,602,737,135,13056,2049,Codeforces Round 994 (Div. 2)
Vilas713,1037,932,-105,13056,2049,Codeforces Round 994 (Div. 2)
undrathi.deevena,0,359,359,13056,2049,Codeforces Round 994 (Div. 2)
itsdivya,353,578,225,13056,2049,Codeforces Round 994 (Div. 2)
rajharshsingh2003,941,842,-99,13056,2049,Codeforces Round 994 (Div. 2)
chillapallinagatejaswini,850,804,-46,13056,2049,Codeforces Round 994 (Div. 2)
svin64,360,585,225,13056,2049,Codeforces Round 994 (Div. 2)
kartik_27_cse,950,850,-100,13056,2049,Codeforces Round 994 (Div. 2)
apscodes74,898,929,31,13056,2049,Codeforces Round 994 (Div. 2)
brisbane,1032,974,-58,13056,2049,Codeforces Round 994 (Div. 2)
diptanu,1004,901,-103,13056,2049,Codeforces Round 994 (Div. 2)
Petrov_cs,856,891,35,13056,2049,Codeforces Round 994 (Div. 2)
NaQingQing,697,823,126,13056,2049,Codeforces Round 994 (Div. 2)
CiKie,1433,1287,-146,13056,2049,Codeforces Round 994 (Div. 2)
sagar_71620,908,858,-50,13056,2049,Codeforces Round 994 (Div. 2)
config________,937,839,-98,13056,2049,Codeforces Round 994 (Div. 2)
Departed,954,854,-100,13056,2049,Codeforces Round 994 (Div. 2)
DouaeKDR,818,774,-44,13056,2049,Codeforces Round 994 (Div. 2)
Sree_Shivani,820,775,-45,13056,2049,Codeforces Round 994 (Div. 2)
KissMiss,982,881,-101,13056,2049,Codeforces Round 994 (Div. 2)
23b01a05j5,389,610,221,13056,2049,Codeforces Round 994 (Div. 2)
2006varshi,587,724,137,13056,2049,Codeforces Round 994 (Div. 2)
akm2005,960,860,-100,13056,2049,Codeforces Round 994 (Div. 2)
vishwas_pathania,994,892,-102,13056,2049,Codeforces Round 994 (Div. 2)
Mystairous,1385,1245,-140,13056,2049,Codeforces Round 994 (Div. 2)
Vibehav,362,586,224,13056,2049,Codeforces Round 994 (Div. 2)
rupalikali2003,0,359,359,13056,2049,Codeforces Round 994 (Div. 2)
gopichand9903,831,738,-93,13056,2049,Codeforces Round 994 (Div. 2)
Adarsh_World,730,775,45,13056,2049,Codeforces Round 994 (Div. 2)
Shiladitya2003,840,747,-93,13056,2049,Codeforces Round 994 (Div. 2)
Khandeh_h,898,802,-96,13056,2049,Codeforces Round 994 (Div. 2)
ebraheemhashem0,671,800,129,13056,2049,Codeforces Round 994 (Div. 2)
kanikasin216,949,850,-99,13056,2049,Codeforces Round 994 (Div. 2)
krishnnna,969,869,-100,13056,2049,Codeforces Round 994 (Div. 2)
chthree3434,0,359,359,13056,2049,Codeforces Round 994 (Div. 2)
Rdroy2368,756,799,43,13056,2049,Codeforces Round 994 (Div. 2)
J_A_K,593,729,136,13056,2049,Codeforces Round 994 (Div. 2)
Saurav5384,1086,977,-109,13056,2049,Codeforces Round 994 (Div. 2)
rishabhkrpandey,907,858,-49,13056,2049,Codeforces Round 994 (Div. 2)
NEU.Lunacub,1010,906,-104,13056,2049,Codeforces Round 994 (Div. 2)
titanium_43,1382,1243,-139,13056,2049,Codeforces Round 994 (Div. 2)
Farengeutum,601,736,135,13056,2049,Codeforces Round 994 (Div. 2)
maniraj12,0,359,359,13056,2049,Codeforces Round 994 (Div. 2)
hardikn13,1293,1164,-129,13056,2049,Codeforces Round 994 (Div. 2)
cracked_handle,878,783,-95,13056,2049,Codeforces Round 994 (Div. 2)
rushi_505,742,786,44,13056,2049,Codeforces Round 994 (Div. 2)
NityaGagar,621,755,134,13056,2049,Codeforces Round 994 (Div. 2)
muskan1010,925,827,-98,13056,2049,Codeforces Round 994 (Div. 2)
Rifatjoy,873,825,-48,13056,2049,Codeforces Round 994 (Div. 2)
Chandu315,0,359,359,13056,2049,Codeforces Round 994 (Div. 2)
Sampad_Roy,750,794,44,13056,2049,Codeforces Round 994 (Div. 2)
ANTARBANIK,829,737,-92,13056,2049,Codeforces Round 994 (Div. 2)
VivekSahu,885,790,-95,13056,2049,Codeforces Round 994 (Div. 2)
Saratancode,654,784,130,13056,2049,Codeforces Round 994 (Div. 2)
rahulreddy_44,836,834,-2,13056,2049,Codeforces Round 994 (Div. 2)
moriom_c,782,692,-90,13056,2049,Codeforces Round 994 (Div. 2)
ayushi.mittal2005,753,797,44,13056,2049,Codeforces Round 994 (Div. 2)
Zhyan,921,824,-97,13056,2049,Codeforces Round 994 (Div. 2)
Sru_Raj48744,382,604,222,13056,2049,Codeforces Round 994 (Div. 2)
Andrec_22,993,937,-56,13056,2049,Codeforces Round 994 (Div. 2)
NileshVerma001,815,723,-92,13056,2049,Codeforces Round 994 (Div. 2)
hs5842501,1080,971,-109,13056,2049,Codeforces Round 994 (Div. 2)
VcoderV,0,359,359,13056,2049,Codeforces Round 994 (Div. 2)
yogi1149,0,359,359,13056,2049,Codeforces Round 994 (Div. 2)
ritamG,0,359,359,13056,2049,Codeforces Round 994 (Div. 2)
nishant745618,1136,1023,-113,13056,2049,Codeforces Round 994 (Div. 2)
cp_lover_28,381,603,222,13056,2049,Codeforces Round 994 (Div. 2)
Apratap11,0,359,359,13056,2049,Codeforces Round 994 (Div. 2)
Divyadharshinir,829,828,-1,13056,2049,Codeforces Round 994 (Div. 2)
WJWONG923,1078,970,-108,13056,2049,Codeforces Round 994 (Div. 2)
tonnewvarma395,0,359,359,13056,2049,Codeforces Round 994 (Div. 2)
Sarthak14313,901,805,-96,13056,2049,Codeforces Round 994 (Div. 2)
B_Jez,797,754,-43,13056,2049,Codeforces Round 994 (Div. 2)
godzilla2.0,1028,923,-105,13056,2049,Codeforces Round 994 (Div. 2)
swee.k10,861,767,-94,13056,2049,Codeforces Round 994 (Div. 2)
hammoudehib,1114,1003,-111,13056,2049,Codeforces Round 994 (Div. 2)
Pratish_Bansal,1090,981,-109,13056,2049,Codeforces Round 994 (Div. 2)
yellow_monkey,937,839,-98,13056,2049,Codeforces Round 994 (Div. 2)
Jus_here_to_learn_dude,1107,996,-111,13056,2049,Codeforces Round 994 (Div. 2)
0xaL4te,927,829,-98,13056,2049,Codeforces Round 994 (Div. 2)
gaussiemann144,669,583,-86,13056,2049,Codeforces Round 994 (Div. 2)
Sumit_raj_05,769,811,42,13056,2049,Codeforces Round 994 (Div. 2)
arpita_g,852,849,-3,13056,2049,Codeforces Round 994 (Div. 2)
VedantMate,831,868,37,13056,2049,Codeforces Round 994 (Div. 2)
Pradeepkj154,981,879,-102,13056,2049,Codeforces Round 994 (Div. 2)
sandeshpandey2032,1045,939,-106,13056,2049,Codeforces Round 994 (Div. 2)
geethika_1310,0,359,359,13056,2049,Codeforces Round 994 (Div. 2)
saurabh12_,744,656,-88,13056,2049,Codeforces Round 994 (Div. 2)
harshwss23,947,848,-99,13056,2049,Codeforces Round 994 (Div. 2)
Atif12,0,359,359,13056,2049,Codeforces Round 994 (Div. 2)
belhamitifarah,335,562,227,13056,2049,Codeforces Round 994 (Div. 2)
Ilya-_-11,771,681,-90,13056,2049,Codeforces Round 994 (Div. 2)
Diyashahh,739,784,45,13056,2049,Codeforces Round 994 (Div. 2)
soham_tamhane,877,872,-5,13056,2049,Codeforces Round 994 (Div. 2)
shaurya_145a,599,735,136,13056,2049,Codeforces Round 994 (Div. 2)
Vedb_2074,1078,970,-108,13056,2049,Codeforces Round 994 (Div. 2)
prabhnoor_,985,930,-55,13056,2049,Codeforces Round 994 (Div. 2)
Ronak_op17,353,578,225,13056,2049,Codeforces Round 994 (Div. 2)
mayankrajxxxxx5,0,359,359,13056,2049,Codeforces Round 994 (Div. 2)
monjurulh,366,590,224,13056,2049,Codeforces Round 994 (Div. 2)
G_M_Rakib,715,761,46,13056,2049,Codeforces Round 994 (Div. 2)
sailu_27,352,577,225,13056,2049,Codeforces Round 994 (Div. 2)
CarnotEngine,675,803,128,13056,2049,Codeforces Round 994 (Div. 2)
python_parviz,644,775,131,13056,2049,Codeforces Round 994 (Div. 2)
chisa_g_momin,559,476,-83,13056,2049,Codeforces Round 994 (Div. 2)
sarathchandhan19,787,789,2,13056,2049,Codeforces Round 994 (Div. 2)
antiquark007,726,638,-88,13056,2049,Codeforces Round 994 (Div. 2)
Eshwari_03,894,798,-96,13056,2049,Codeforces Round 994 (Div. 2)
ahmedcomputer1010,887,791,-96,13056,2049,Codeforces Round 994 (Div. 2)
dakshati,628,761,133,13056,2049,Codeforces Round 994 (Div. 2)
PJ_14,355,580,225,13056,2049,Codeforces Round 994 (Div. 2)
gargantua_26,386,608,222,13056,2049,Codeforces Round 994 (Div. 2)
harry0111,842,796,-46,13056,2049,Codeforces Round 994 (Div. 2)
koka_gamal,388,610,222,13056,2049,Codeforces Round 994 (Div. 2)
nitish.singh,648,779,131,13056,2049,Codeforces Round 994 (Div. 2)
sadityakumar194,1051,945,-106,13056,2049,Codeforces Round 994 (Div. 2)
Bayan_3,619,534,-85,13056,2049,Codeforces Round 994 (Div. 2)
subathra2005,741,785,44,13056,2049,Codeforces Round 994 (Div. 2)
Spidey_Potter,573,711,138,13056,2049,Codeforces Round 994 (Div. 2)
type5coding,545,747,202,13056,2049,Codeforces Round 994 (Div. 2)
brahmasees,387,609,222,13056,2049,Codeforces Round 994 (Div. 2)
Revathitb02,572,710,138,13056,2049,Codeforces Round 994 (Div. 2)
Entelechy_,0,359,359,13056,2049,Codeforces Round 994 (Div. 2)
subhamC_07,0,359,359,13056,2049,Codeforces Round 994 (Div. 2)
yst123456,0,359,359,13056,2049,Codeforces Round 994 (Div. 2)
dcxclhx,613,529,-84,13056,2049,Codeforces Round 994 (Div. 2)
Jenish_07,709,622,-87,13056,2049,Codeforces Round 994 (Div. 2)
tanveeiii,0,359,359,13056,2049,Codeforces Round 994 (Div. 2)
lalbabumahato7,995,939,-56,13056,2049,Codeforces Round 994 (Div. 2)
Priyankar01,746,750,4,13056,2049,Codeforces Round 994 (Div. 2)
Neeraj_Sharma_28,926,917,-9,13056,2049,Codeforces Round 994 (Div. 2)
sachhusingh11,0,359,359,13056,2049,Codeforces Round 994 (Div. 2)
Sparsh_Chaudhary,807,808,1,13056,2049,Codeforces Round 994 (Div. 2)
ayushSRG2004,753,664,-89,13056,2049,Codeforces Round 994 (Div. 2)
alibaba436,856,891,35,13056,2049,Codeforces Round 994 (Div. 2)
ayush10229,641,556,-85,13056,2049,Codeforces Round 994 (Div. 2)
ASCDE2004,0,359,359,13056,2049,Codeforces Round 994 (Div. 2)
waseem,952,853,-99,13056,2049,Codeforces Round 994 (Div. 2)
Diana.o,379,602,223,13056,2049,Codeforces Round 994 (Div. 2)
gullu51,927,829,-98,13056,2049,Codeforces Round 994 (Div. 2)
369,605,740,135,13056,2049,Codeforces Round 994 (Div. 2)
Dynamo_14,1056,949,-107,13056,2049,Codeforces Round 994 (Div. 2)
amit_jaiswal,962,862,-100,13056,2049,Codeforces Round 994 (Div. 2)
Hustler002,987,932,-55,13056,2049,Codeforces Round 994 (Div. 2)
stevie_x,587,724,137,13056,2049,Codeforces Round 994 (Div. 2)
CouchPotato,1118,1006,-112,13056,2049,Codeforces Round 994 (Div. 2)
Khushi_Mudgil,1010,906,-104,13056,2049,Codeforces Round 994 (Div. 2)
believer-99,1069,961,-108,13056,2049,Codeforces Round 994 (Div. 2)
tle32,0,359,359,13056,2049,Codeforces Round 994 (Div. 2)
yeswanthkumart37,628,761,133,13056,2049,Codeforces Round 994 (Div. 2)
biskybites,766,809,43,13056,2049,Codeforces Round 994 (Div. 2)
alt_1411,640,772,132,13056,2049,Codeforces Round 994 (Div. 2)
Bommireddy1702,843,750,-93,13056,2049,Codeforces Round 994 (Div. 2)
__siya-__,732,643,-89,13056,2049,Codeforces Round 994 (Div. 2)
kanagarla43,705,752,47,13056,2049,Codeforces Round 994 (Div. 2)
tamim15ahmed,826,734,-92,13056,2049,Codeforces Round 994 (Div. 2)
Jaime_012,1087,978,-109,13056,2049,Codeforces Round 994 (Div. 2)
abouraa,860,813,-47,13056,2049,Codeforces Round 994 (Div. 2)
iwantgohome,885,837,-48,13056,2049,Codeforces Round 994 (Div. 2)
-tyler_durden,1083,1093,10,13056,2049,Codeforces Round 994 (Div. 2)
24user_code,1263,1137,-126,13056,2049,Codeforces Round 994 (Div. 2)
d3ity,679,593,-86,13056,2049,Codeforces Round 994 (Div. 2)
Tsugi_King,1381,1242,-139,13056,2049,Codeforces Round 994 (Div. 2)
lakshya_059,905,808,-97,13056,2049,Codeforces Round 994 (Div. 2)
bittyampaul,0,359,359,13056,2049,Codeforces Round 994 (Div. 2)
aryan000dsa,675,803,128,13056,2049,Codeforces Round 994 (Div. 2)
ekalabya,815,854,39,13056,2049,Codeforces Round 994 (Div. 2)
cry.Crystal,942,890,-52,13056,2049,Codeforces Round 994 (Div. 2)
hahahahaha233,972,871,-101,13056,2049,Codeforces Round 994 (Div. 2)
Rudrash42,947,937,-10,13056,2049,Codeforces Round 994 (Div. 2)
varshini1304,746,657,-89,13056,2049,Codeforces Round 994 (Div. 2)
codingx24,538,455,-83,13056,2049,Codeforces Round 994 (Div. 2)
Helix177,0,359,359,13056,2049,Codeforces Round 994 (Div. 2)
Tweepsweep,644,775,131,13056,2049,Codeforces Round 994 (Div. 2)
excecutor,640,772,132,13056,2049,Codeforces Round 994 (Div. 2)
vivek_9941,816,815,-1,13056,2049,Codeforces Round 994 (Div. 2)
AlZoubir_BH,912,905,-7,13056,2049,Codeforces Round 994 (Div. 2)
nish941,795,704,-91,13056,2049,Codeforces Round 994 (Div. 2)
ishowmeat,1008,951,-57,13056,2049,Codeforces Round 994 (Div. 2)
venkata_rr_55555,1005,902,-103,13056,2049,Codeforces Round 994 (Div. 2)
NightPhoenix,0,359,359,13056,2049,Codeforces Round 994 (Div. 2)
diasmurf,714,838,124,13056,2049,Codeforces Round 994 (Div. 2)
Prince.Mishra,875,780,-95,13056,2049,Codeforces Round 994 (Div. 2)
sumitchhablani20,937,839,-98,13056,2049,Codeforces Round 994 (Div. 2)
mahfuzmia1703,879,784,-95,13056,2049,Codeforces Round 994 (Div. 2)
DaredevilMatthew,0,359,359,13056,2049,Codeforces Round 994 (Div. 2)
ce22050,628,543,-85,13056,2049,Codeforces Round 994 (Div. 2)
Syrlibaev,787,789,2,13056,2049,Codeforces Round 994 (Div. 2)
AbdelrahmanGaber,567,705,138,13056,2049,Codeforces Round 994 (Div. 2)
AJWarriors,411,630,219,13056,2049,Codeforces Round 994 (Div. 2)
immortalking,758,801,43,13056,2049,Codeforces Round 994 (Div. 2)
Aakarsh164,631,546,-85,13056,2049,Codeforces Round 994 (Div. 2)
bcs_2023052,1151,1036,-115,13056,2049,Codeforces Round 994 (Div. 2)
saikiran616,590,726,136,13056,2049,Codeforces Round 994 (Div. 2)
vichitrarora,772,814,42,13056,2049,Codeforces Round 994 (Div. 2)
The.......,950,850,-100,13056,2049,Codeforces Round 994 (Div. 2)
sonclhoang,838,875,37,13056,2049,Codeforces Round 994 (Div. 2)
M_Othman,765,675,-90,13056,2049,Codeforces Round 994 (Div. 2)
abhinavkumar75,1029,924,-105,13056,2049,Codeforces Round 994 (Div. 2)
yemuxing,593,729,136,13056,2049,Codeforces Round 994 (Div. 2)
upsetpeak99,976,999,23,13056,2049,Codeforces Round 994 (Div. 2)
harshil_narola,1031,926,-105,13056,2049,Codeforces Round 994 (Div. 2)
Haidar.alhakeem,393,614,221,13056,2049,Codeforces Round 994 (Div. 2)
M-Pabon,864,860,-4,13056,2049,Codeforces Round 994 (Div. 2)
suhani_garg,879,831,-48,13056,2049,Codeforces Round 994 (Div. 2)
Promit_Barua_99,871,776,-95,13056,2049,Codeforces Round 994 (Div. 2)
vinaykumar_341,739,784,45,13056,2049,Codeforces Round 994 (Div. 2)
thegrandmahin,1045,985,-60,13056,2049,Codeforces Round 994 (Div. 2)
Madmax28,872,778,-94,13056,2049,Codeforces Round 994 (Div. 2)
VSS104034_HassanZaheer,1018,914,-104,13056,2049,Codeforces Round 994 (Div. 2)
PreetMongaPM,0,359,359,13056,2049,Codeforces Round 994 (Div. 2)
navyachinta231,362,586,224,13056,2049,Codeforces Round 994 (Div. 2)
Complexity_MR_01,1101,991,-110,13056,2049,Codeforces Round 994 (Div. 2)
suhithabusi,358,583,225,13056,2049,Codeforces Round 994 (Div. 2)
Sultana_of_Code,0,359,359,13056,2049,Codeforces Round 994 (Div. 2)
Anirudh0977,781,822,41,13056,2049,Codeforces Round 994 (Div. 2)
Akshit.kr.Singh,733,737,4,13056,2049,Codeforces Round 994 (Div. 2)
sonakshibajpai15,372,595,223,13056,2049,Codeforces Round 994 (Div. 2)
Satya_menni,569,707,138,13056,2049,Codeforces Round 994 (Div. 2)
Neha.Rana,896,800,-96,13056,2049,Codeforces Round 994 (Div. 2)
uffi29,894,798,-96,13056,2049,Codeforces Round 994 (Div. 2)
alakibrahman,513,431,-82,13056,2049,Codeforces Round 994 (Div. 2)
Amrutha_2005,793,750,-43,13056,2049,Codeforces Round 994 (Div. 2)
23.sar,795,704,-91,13056,2049,Codeforces Round 994 (Div. 2)
pasam22bcs106,445,660,215,13056,2049,Codeforces Round 994 (Div. 2)
JannatulFmim,920,823,-97,13056,2049,Codeforces Round 994 (Div. 2)
carriibo,864,860,-4,13056,2049,Codeforces Round 994 (Div. 2)
mrhecker05,819,774,-45,13056,2049,Codeforces Round 994 (Div. 2)
MarkelOff,1028,923,-105,13056,2049,Codeforces Round 994 (Div. 2)
rkxdop69,960,949,-11,13056,2049,Codeforces Round 994 (Div. 2)
freakjellyfish,349,575,226,13056,2049,Codeforces Round 994 (Div. 2)
nym4,889,884,-5,13056,2049,Codeforces Round 994 (Div. 2)
Sahil_52,855,761,-94,13056,2049,Codeforces Round 994 (Div. 2)
KA-terrarian,943,844,-99,13056,2049,Codeforces Round 994 (Div. 2)
P47H4N,1094,985,-109,13056,2049,Codeforces Round 994 (Div. 2)
-NOT,1045,939,-106,13056,2049,Codeforces Round 994 (Div. 2)
rahim02ar,690,604,-86,13056,2049,Codeforces Round 994 (Div. 2)
Benzal_08,804,712,-92,13056,2049,Codeforces Round 994 (Div. 2)
bauwa,351,577,226,13056,2049,Codeforces Round 994 (Div. 2)
delusionalparadox_1,754,797,43,13056,2049,Codeforces Round 994 (Div. 2)
minhkhoa1611dn,1111,1000,-111,13056,2049,Codeforces Round 994 (Div. 2)
Diti_trisha,0,359,359,13056,2049,Codeforces Round 994 (Div. 2)
mike-madarchod,570,708,138,13056,2049,Codeforces Round 994 (Div. 2)
vuthuychi,1102,992,-110,13056,2049,Codeforces Round 994 (Div. 2)
HemaMaduri_17,363,587,224,13056,2049,Codeforces Round 994 (Div. 2)
_gouravgour_,811,850,39,13056,2049,Codeforces Round 994 (Div. 2)
sunny.yuvraj23,877,872,-5,13056,2049,Codeforces Round 994 (Div. 2)
evilbaker,1186,1068,-118,13056,2049,Codeforces Round 994 (Div. 2)
santhoshkumar_1510,821,776,-45,13056,2049,Codeforces Round 994 (Div. 2)
classen_prince,1103,993,-110,13056,2049,Codeforces Round 994 (Div. 2)
Ivan30,402,622,220,13056,2049,Codeforces Round 994 (Div. 2)
rahat121,0,359,359,13056,2049,Codeforces Round 994 (Div. 2)
kgaurav_11,1113,1002,-111,13056,2049,Codeforces Round 994 (Div. 2)
NobinAli25,0,359,359,13056,2049,Codeforces Round 994 (Div. 2)
anirbanroyneil,898,802,-96,13056,2049,Codeforces Round 994 (Div. 2)
veerendra4449,689,602,-87,13056,2049,Codeforces Round 994 (Div. 2)
Deepika56,0,359,359,13056,2049,Codeforces Round 994 (Div. 2)
NostalgiaHer,905,898,-7,13056,2049,Codeforces Round 994 (Div. 2)
jayroshandevankar,1261,1136,-125,13056,2049,Codeforces Round 994 (Div. 2)
nick3456,463,676,213,13056,2049,Codeforces Round 994 (Div. 2)
devanshu005,848,755,-93,13056,2049,Codeforces Round 994 (Div. 2)
2023eeb1258,878,783,-95,13056,2049,Codeforces Round 994 (Div. 2)
Aditya987,955,855,-100,13056,2049,Codeforces Round 994 (Div. 2)
ajssss,818,726,-92,13056,2049,Codeforces Round 994 (Div. 2)
liuguan1111,762,765,3,13056,2049,Codeforces Round 994 (Div. 2)
RAZV3ER,804,804,0,13056,2049,Codeforces Round 994 (Div. 2)
anurag.1729,1246,1122,-124,13056,2049,Codeforces Round 994 (Div. 2)
avenfighter_khushi,804,804,0,13056,2049,Codeforces Round 994 (Div. 2)
code_riderr777,588,725,137,13056,2049,Codeforces Round 994 (Div. 2)
Newbie2025,814,814,0,13056,2049,Codeforces Round 994 (Div. 2)
Mohamed_Sayed_Ali,353,578,225,13056,2049,Codeforces Round 994 (Div. 2)
RishAnand16,723,769,46,13056,2049,Codeforces Round 994 (Div. 2)
bhsh200,976,875,-101,13056,2049,Codeforces Round 994 (Div. 2)
aditya432,623,756,133,13056,2049,Codeforces Round 994 (Div. 2)
aman_j07,391,612,221,13056,2049,Codeforces Round 994 (Div. 2)
cons_harsh,0,359,359,13056,2049,Codeforces Round 994 (Div. 2)
smz9,1006,903,-103,13056,2049,Codeforces Round 994 (Div. 2)
Monomay,870,775,-95,13056,2049,Codeforces Round 994 (Div. 2)
durjoy004,800,709,-91,13056,2049,Codeforces Round 994 (Div. 2)
pavani_gubba05,369,593,224,13056,2049,Codeforces Round 994 (Div. 2)
mr_beast5,0,359,359,13056,2049,Codeforces Round 994 (Div. 2)
rohitfasale12,672,801,129,13056,2049,Codeforces Round 994 (Div. 2)
ItsTHEAvro,1040,935,-105,13056,2049,Codeforces Round 994 (Div. 2)
Pervy_sage075,794,703,-91,13056,2049,Codeforces Round 994 (Div. 2)
Centaurus_A,0,359,359,13056,2049,Codeforces Round 994 (Div. 2)
Sw_M,1066,1004,-62,13056,2049,Codeforces Round 994 (Div. 2)
Isa2011,804,712,-92,13056,2049,Codeforces Round 994 (Div. 2)
LinGu,890,885,-5,13056,2049,Codeforces Round 994 (Div. 2)
Msravani,361,586,225,13056,2049,Codeforces Round 994 (Div. 2)
Bad3oBad,1117,1005,-112,13056,2049,Codeforces Round 994 (Div. 2)
poseidon577,991,889,-102,13056,2049,Codeforces Round 994 (Div. 2)
sksai,626,759,133,13056,2049,Codeforces Round 994 (Div. 2)
gitraj_chd,349,575,226,13056,2049,Codeforces Round 994 (Div. 2)
swapna17231418,830,737,-93,13056,2049,Codeforces Round 994 (Div. 2)
thunder-saint,810,810,0,13056,2049,Codeforces Round 994 (Div. 2)
rahul_ghosh,1004,901,-103,13056,2049,Codeforces Round 994 (Div. 2)
mahesh890,865,818,-47,13056,2049,Codeforces Round 994 (Div. 2)
smahi4771,939,930,-9,13056,2049,Codeforces Round 994 (Div. 2)
Pilla_Kodi,610,745,135,13056,2049,Codeforces Round 994 (Div. 2)
2106133800,697,610,-87,13056,2049,Codeforces Round 994 (Div. 2)
Yufo,603,738,135,13056,2049,Codeforces Round 994 (Div. 2)
zpzbbj79,817,773,-44,13056,2049,Codeforces Round 994 (Div. 2)
prakharb94,355,580,225,13056,2049,Codeforces Round 994 (Div. 2)
Kerolos_NG,949,850,-99,13056,2049,Codeforces Round 994 (Div. 2)
Mohammed_zidan_55,819,727,-92,13056,2049,Codeforces Round 994 (Div. 2)
tauhid012,358,583,225,13056,2049,Codeforces Round 994 (Div. 2)
kalattar040,846,844,-2,13056,2049,Codeforces Round 994 (Div. 2)
tulasi_vulli,361,586,225,13056,2049,Codeforces Round 994 (Div. 2)
sneha_1614,649,563,-86,13056,2049,Codeforces Round 994 (Div. 2)
rock11123423,0,359,359,13056,2049,Codeforces Round 994 (Div. 2)
Harshad_Hiremath,814,722,-92,13056,2049,Codeforces Round 994 (Div. 2)
Program_A2,0,359,359,13056,2049,Codeforces Round 994 (Div. 2)
7amem_eNNouni,816,854,38,13056,2049,Codeforces Round 994 (Div. 2)
rshonkhia65,1088,979,-109,13056,2049,Codeforces Round 994 (Div. 2)
bhargabcodes,631,764,133,13056,2049,Codeforces Round 994 (Div. 2)
iamtheharsh,1006,903,-103,13056,2049,Codeforces Round 994 (Div. 2)
killerabhi0914,0,359,359,13056,2049,Codeforces Round 994 (Div. 2)
BAT88,581,718,137,13056,2049,Codeforces Round 994 (Div. 2)
HNTNAMA_yogi,379,602,223,13056,2049,Codeforces Round 994 (Div. 2)
CppCracker,739,784,45,13056,2049,Codeforces Round 994 (Div. 2)
23b01a45b0,359,584,225,13056,2049,Codeforces Round 994 (Div. 2)
vaishnavirai2203,382,604,222,13056,2049,Codeforces Round 994 (Div. 2)
ChhaviKansal,1048,942,-106,13056,2049,Codeforces Round 994 (Div. 2)
mishrayush415,600,735,135,13056,2049,Codeforces Round 994 (Div. 2)
fine2006,600,735,135,13056,2049,Codeforces Round 994 (Div. 2)
leonhardriema,806,806,0,13056,2049,Codeforces Round 994 (Div. 2)
ronin_11,828,827,-1,13056,2049,Codeforces Round 994 (Div. 2)
leelanandkatihar01,0,359,359,13056,2049,Codeforces Round 994 (Div. 2)
elisey786,1068,960,-108,13056,2049,Codeforces Round 994 (Div. 2)
Rengoku596,912,905,-7,13056,2049,Codeforces Round 994 (Div. 2)
Vishal0528,788,697,-91,13056,2049,Codeforces Round 994 (Div. 2)
leo2005,915,818,-97,13056,2049,Codeforces Round 994 (Div. 2)
ankit065,0,359,359,13056,2049,Codeforces Round 994 (Div. 2)
vijay_vk,885,790,-95,13056,2049,Codeforces Round 994 (Div. 2)
Newbie_Lover,895,799,-96,13056,2049,Codeforces Round 994 (Div. 2)
SushantAhuja,1132,1019,-113,13056,2049,Codeforces Round 994 (Div. 2)
Divij_1524,365,589,224,13056,2049,Codeforces Round 994 (Div. 2)
dheeraj089,619,753,134,13056,2049,Codeforces Round 994 (Div. 2)
handle__123,0,359,359,13056,2049,Codeforces Round 994 (Div. 2)
mohit21__,369,593,224,13056,2049,Codeforces Round 994 (Div. 2)
japneet10,823,731,-92,13056,2049,Codeforces Round 994 (Div. 2)
vikranth-14,711,758,47,13056,2049,Codeforces Round 994 (Div. 2)
MrOpten,734,645,-89,13056,2049,Codeforces Round 994 (Div. 2)
Am_2010_math,844,842,-2,13056,2049,Codeforces Round 994 (Div. 2)
Hacker_Xtreme,915,818,-97,13056,2049,Codeforces Round 994 (Div. 2)
RezwanAhmedRatul,867,773,-94,13056,2049,Codeforces Round 994 (Div. 2)
datoubin01,0,359,359,13056,2049,Codeforces Round 994 (Div. 2)
MoRoNiC,871,776,-95,13056,2049,Codeforces Round 994 (Div. 2)
Arpitmaheswari,0,359,359,13056,2049,Codeforces Round 994 (Div. 2)
Sachin_Bansal,1016,912,-104,13056,2049,Codeforces Round 994 (Div. 2)
mahmmoad_aziza,627,760,133,13056,2049,Codeforces Round 994 (Div. 2)
rf_104,811,719,-92,13056,2049,Codeforces Round 994 (Div. 2)
JeferssonMamaniZanabria,752,796,44,13056,2049,Codeforces Round 994 (Div. 2)
Sarvan_Yaduvanshi_,1437,1290,-147,13056,2049,Codeforces Round 994 (Div. 2)
winnoer,1078,970,-108,13056,2049,Codeforces Round 994 (Div. 2)
Yuvraj_1008,813,852,39,13056,2049,Codeforces Round 994 (Div. 2)
__sachin.18__,0,359,359,13056,2049,Codeforces Round 994 (Div. 2)
prathyush_naik,733,645,-88,13056,2049,Codeforces Round 994 (Div. 2)
finex_530,728,773,45,13056,2049,Codeforces Round 994 (Div. 2)
govindyadav,729,774,45,13056,2049,Codeforces Round 994 (Div. 2)
owned_by_vj,691,818,127,13056,2049,Codeforces Round 994 (Div. 2)
AmanGoswami54,957,858,-99,13056,2049,Codeforces Round 994 (Div. 2)
vivekiitk2004,961,950,-11,13056,2049,Codeforces Round 994 (Div. 2)
TheLT520,851,886,35,13056,2049,Codeforces Round 994 (Div. 2)
abhideepchoubey,575,713,138,13056,2049,Codeforces Round 994 (Div. 2)
Rudra_123,361,586,225,13056,2049,Codeforces Round 994 (Div. 2)
hemanth_9320,895,846,-49,13056,2049,Codeforces Round 994 (Div. 2)
henry66685,907,810,-97,13056,2049,Codeforces Round 994 (Div. 2)
ayush.goel,836,873,37,13056,2049,Codeforces Round 994 (Div. 2)
Samyak_0428,1069,961,-108,13056,2049,Codeforces Round 994 (Div. 2)
TheNameIs_ROY,980,925,-55,13056,2049,Codeforces Round 994 (Div. 2)
bakr01,884,789,-95,13056,2049,Codeforces Round 994 (Div. 2)
togamysovabyl,772,814,42,13056,2049,Codeforces Round 994 (Div. 2)
123_32,658,788,130,13056,2049,Codeforces Round 994 (Div. 2)
arvind0801,1192,1074,-118,13056,2049,Codeforces Round 994 (Div. 2)
Sahilchandel.1,766,809,43,13056,2049,Codeforces Round 994 (Div. 2)
jiahuibai,920,912,-8,13056,2049,Codeforces Round 994 (Div. 2)
rohi156,879,784,-95,13056,2049,Codeforces Round 994 (Div. 2)
Malik-Ayush25348,1175,1058,-117,13056,2049,Codeforces Round 994 (Div. 2)
85abc,352,577,225,13056,2049,Codeforces Round 994 (Div. 2)
lazieV,431,648,217,13056,2049,Codeforces Round 994 (Div. 2)
krush_007,864,769,-95,13056,2049,Codeforces Round 994 (Div. 2)
Steadfast404,742,653,-89,13056,2049,Codeforces Round 994 (Div. 2)
Kvb_70011,393,614,221,13056,2049,Codeforces Round 994 (Div. 2)
anshul755,864,769,-95,13056,2049,Codeforces Round 994 (Div. 2)
Darkerkiller,688,601,-87,13056,2049,Codeforces Round 994 (Div. 2)
Priyanshu_0617,795,835,40,13056,2049,Codeforces Round 994 (Div. 2)
Pranav_Swaroop,983,882,-101,13056,2049,Codeforces Round 994 (Div. 2)
Bereket12,854,851,-3,13056,2049,Codeforces Round 994 (Div. 2)
panzian,976,875,-101,13056,2049,Codeforces Round 994 (Div. 2)
shvhd,346,572,226,13056,2049,Codeforces Round 994 (Div. 2)
Maverick_869,0,359,359,13056,2049,Codeforces Round 994 (Div. 2)
Nhatkhoi08042008,0,359,359,13056,2049,Codeforces Round 994 (Div. 2)
_manitbansal.07,0,359,359,13056,2049,Codeforces Round 994 (Div. 2)
_vhagar,977,922,-55,13056,2049,Codeforces Round 994 (Div. 2)
ygnb,660,790,130,13056,2049,Codeforces Round 994 (Div. 2)
unifin_10,588,505,-83,13056,2049,Codeforces Round 994 (Div. 2)
niloy1488,1023,919,-104,13056,2049,Codeforces Round 994 (Div. 2)
CodeChakravyuh,975,921,-54,13056,2049,Codeforces Round 994 (Div. 2)
-naveen-,1111,1000,-111,13056,2049,Codeforces Round 994 (Div. 2)
P_S_A,1015,911,-104,13056,2049,Codeforces Round 994 (Div. 2)
harrdy,775,685,-90,13056,2049,Codeforces Round 994 (Div. 2)
priyanshu_13,786,827,41,13056,2049,Codeforces Round 994 (Div. 2)
iss_,1057,1037,-20,13056,2049,Codeforces Round 994 (Div. 2)
prvnaidu,937,839,-98,13056,2049,Codeforces Round 994 (Div. 2)
__aditya_sah__,939,840,-99,13056,2049,Codeforces Round 994 (Div. 2)
ishwari_w2004,0,359,359,13056,2049,Codeforces Round 994 (Div. 2)
qwxcvd,855,852,-3,13056,2049,Codeforces Round 994 (Div. 2)
Otis_,817,855,38,13056,2049,Codeforces Round 994 (Div. 2)
qqbb,1084,975,-109,13056,2049,Codeforces Round 994 (Div. 2)
AdariKarthikeya,1310,1179,-131,13056,2049,Codeforces Round 994 (Div. 2)
RalityCheck,0,359,359,13056,2049,Codeforces Round 994 (Div. 2)
OnatB,0,359,359,13056,2049,Codeforces Round 994 (Div. 2)
zly5877,738,783,45,13056,2049,Codeforces Round 994 (Div. 2)
Shandilya09,634,549,-85,13056,2049,Codeforces Round 994 (Div. 2)
ByteSized77,836,873,37,13056,2049,Codeforces Round 994 (Div. 2)
-Medo-,900,804,-96,13056,2049,Codeforces Round 994 (Div. 2)
shamimahmed_82245,947,848,-99,13056,2049,Codeforces Round 994 (Div. 2)
saidattabadam,999,896,-103,13056,2049,Codeforces Round 994 (Div. 2)
_Hieren,1078,970,-108,13056,2049,Codeforces Round 994 (Div. 2)
alekhyaboju,358,583,225,13056,2049,Codeforces Round 994 (Div. 2)
MashrafeBoss,748,659,-89,13056,2049,Codeforces Round 994 (Div. 2)
Bit4kid,829,866,37,13056,2049,Codeforces Round 994 (Div. 2)
jkpromax,1002,899,-103,13056,2049,Codeforces Round 994 (Div. 2)
trizz_24,981,879,-102,13056,2049,Codeforces Round 994 (Div. 2)
devansh_87,0,359,359,13056,2049,Codeforces Round 994 (Div. 2)
sidkr05,358,583,225,13056,2049,Codeforces Round 994 (Div. 2)
rohan2210,1035,930,-105,13056,2049,Codeforces Round 994 (Div. 2)
Tamim_Ahmed,780,690,-90,13056,2049,Codeforces Round 994 (Div. 2)
Ivan_Medik,928,956,28,13056,2049,Codeforces Round 994 (Div. 2)
SparseMatrix,1007,904,-103,13056,2049,Codeforces Round 994 (Div. 2)
Darsh_01,641,773,132,13056,2049,Codeforces Round 994 (Div. 2)
Losser31,764,674,-90,13056,2049,Codeforces Round 994 (Div. 2)
Chris_zywang_,965,865,-100,13056,2049,Codeforces Round 994 (Div. 2)
Mo7amedAbady,942,843,-99,13056,2049,Codeforces Round 994 (Div. 2)
Rohitha07,592,728,136,13056,2049,Codeforces Round 994 (Div. 2)
nourmarnissi,926,828,-98,13056,2049,Codeforces Round 994 (Div. 2)
lololga,0,359,359,13056,2049,Codeforces Round 994 (Div. 2)
stravvezz,0,359,359,13056,2049,Codeforces Round 994 (Div. 2)
RR_GROUP,497,416,-81,13056,2049,Codeforces Round 994 (Div. 2)
The_Jackdaw,435,651,216,13056,2049,Codeforces Round 994 (Div. 2)
Fahmida202414081,812,720,-92,13056,2049,Codeforces Round 994 (Div. 2)
sharvarip,757,800,43,13056,2049,Codeforces Round 994 (Div. 2)
Khushisaini7284,350,576,226,13056,2049,Codeforces Round 994 (Div. 2)
phamngocphuc2008,1270,1144,-126,13056,2049,Codeforces Round 994 (Div. 2)
shvld,745,656,-89,13056,2049,Codeforces Round 994 (Div. 2)
PrinceKumarRay,817,725,-92,13056,2049,Codeforces Round 994 (Div. 2)
AdB_Rel,0,359,359,13056,2049,Codeforces Round 994 (Div. 2)
satan0710,965,865,-100,13056,2049,Codeforces Round 994 (Div. 2)
1kam,0,359,359,13056,2049,Codeforces Round 994 (Div. 2)
SugarCubes69,423,641,218,13056,2049,Codeforces Round 994 (Div. 2)
sixxkbk,371,594,223,13056,2049,Codeforces Round 994 (Div. 2)
045-ARYSBIL-nurtas-2029,0,359,359,13056,2049,Codeforces Round 994 (Div. 2)
frekid,425,642,217,13056,2049,Codeforces Round 994 (Div. 2)
Shamim_Hassan,749,793,44,13056,2049,Codeforces Round 994 (Div. 2)
Asif_Laam,682,595,-87,13056,2049,Codeforces Round 994 (Div. 2)
Prachihere,843,797,-46,13056,2049,Codeforces Round 994 (Div. 2)
cookheisenberg,841,748,-93,13056,2049,Codeforces Round 994 (Div. 2)
electricSoldier,681,809,128,13056,2049,Codeforces Round 994 (Div. 2)
Vss202874_M_hussain__a,843,750,-93,13056,2049,Codeforces Round 994 (Div. 2)
dheekshaavm,353,578,225,13056,2049,Codeforces Round 994 (Div. 2)
neeha_09,0,359,359,13056,2049,Codeforces Round 994 (Div. 2)
yasmin13,1006,903,-103,13056,2049,Codeforces Round 994 (Div. 2)
Gohilsarthak75458732,813,722,-91,13056,2049,Codeforces Round 994 (Div. 2)
insignia_07,1044,1025,-19,13056,2049,Codeforces Round 994 (Div. 2)
zjpcxsz,620,754,134,13056,2049,Codeforces Round 994 (Div. 2)
ZeoDraxyl,1399,1257,-142,13056,2049,Codeforces Round 994 (Div. 2)
Cyllene27,929,878,-51,13056,2049,Codeforces Round 994 (Div. 2)
insha7,381,603,222,13056,2049,Codeforces Round 994 (Div. 2)
_Hisoka,696,609,-87,13056,2049,Codeforces Round 994 (Div. 2)
miststar,885,790,-95,13056,2049,Codeforces Round 994 (Div. 2)
Zafar574,0,359,359,13056,2049,Codeforces Round 994 (Div. 2)
68.0.80.0,860,813,-47,13056,2049,Codeforces Round 994 (Div. 2)
SMFaiq,413,631,218,13056,2049,Codeforces Round 994 (Div. 2)
Tareq_hasan,1000,897,-103,13056,2049,Codeforces Round 994 (Div. 2)
Random26,362,586,224,13056,2049,Codeforces Round 994 (Div. 2)
taykay,426,644,218,13056,2049,Codeforces Round 994 (Div. 2)
firstrahul39,355,580,225,13056,2049,Codeforces Round 994 (Div. 2)
KeerthikkaS,0,359,359,13056,2049,Codeforces Round 994 (Div. 2)
Syzygia,1257,1176,-81,13056,2049,Codeforces Round 994 (Div. 2)
Karimskee,420,638,218,13056,2049,Codeforces Round 994 (Div. 2)
bhukya_jayanthi,796,705,-91,13056,2049,Codeforces Round 994 (Div. 2)
DevandCoder,1061,1000,-61,13056,2049,Codeforces Round 994 (Div. 2)
vinhcongnguyen2009,675,803,128,13056,2049,Codeforces Round 994 (Div. 2)
bshah,1286,1158,-128,13056,2049,Codeforces Round 994 (Div. 2)
ltgsl,753,797,44,13056,2049,Codeforces Round 994 (Div. 2)
019shobhit,374,597,223,13056,2049,Codeforces Round 994 (Div. 2)
Optimus225,857,854,-3,13056,2049,Codeforces Round 994 (Div. 2)
Tachibana_Hinata,602,737,135,13056,2049,Codeforces Round 994 (Div. 2)
harshraj1695,0,359,359,13056,2049,Codeforces Round 994 (Div. 2)
manthansvnit9868,941,842,-99,13056,2049,Codeforces Round 994 (Div. 2)
caprariuap,1586,1419,-167,13056,2049,Codeforces Round 994 (Div. 2)
vaishnavi1445,417,635,218,13056,2049,Codeforces Round 994 (Div. 2)
kundanverma_3,600,735,135,13056,2049,Codeforces Round 994 (Div. 2)
Bluespark,359,584,225,13056,2049,Codeforces Round 994 (Div. 2)
dvvidd,0,359,359,13056,2049,Codeforces Round 994 (Div. 2)
shivanisaini,978,877,-101,13056,2049,Codeforces Round 994 (Div. 2)
VaishCodes,393,614,221,13056,2049,Codeforces Round 994 (Div. 2)
klaus_001,376,599,223,13056,2049,Codeforces Round 994 (Div. 2)
diptanshu_p,1034,975,-59,13056,2049,Codeforces Round 994 (Div. 2)
romit_singh,768,726,-42,13056,2049,Codeforces Round 994 (Div. 2)
Riad_Hasan_Mitul,931,833,-98,13056,2049,Codeforces Round 994 (Div. 2)
Sathwik_M_S,358,583,225,13056,2049,Codeforces Round 994 (Div. 2)
Pratik28_coder,878,830,-48,13056,2049,Codeforces Round 994 (Div. 2)
Suppc,809,717,-92,13056,2049,Codeforces Round 994 (Div. 2)
ima_vampire,742,653,-89,13056,2049,Codeforces Round 994 (Div. 2)
ammufeezz,897,848,-49,13056,2049,Codeforces Round 994 (Div. 2)
vinay_Rewatkar,706,618,-88,13056,2049,Codeforces Round 994 (Div. 2)
codewarrior_11,1177,1060,-117,13056,2049,Codeforces Round 994 (Div. 2)
GeraltOfRivia101,0,359,359,13056,2049,Codeforces Round 994 (Div. 2)
Resorcinol,1069,961,-108,13056,2049,Codeforces Round 994 (Div. 2)
DillibabuR,907,810,-97,13056,2049,Codeforces Round 994 (Div. 2)
Sunflower_27,0,359,359,13056,2049,Codeforces Round 994 (Div. 2)
jagritgoel,860,856,-4,13056,2049,Codeforces Round 994 (Div. 2)
landerpen,366,590,224,13056,2049,Codeforces Round 994 (Div. 2)
SFLLC,366,590,224,13056,2049,Codeforces Round 994 (Div. 2)
sreya_1730,1015,911,-104,13056,2049,Codeforces Round 994 (Div. 2)
codehidden40,349,575,226,13056,2049,Codeforces Round 994 (Div. 2)
UltraMate,836,743,-93,13056,2049,Codeforces Round 994 (Div. 2)
shingnediksha7,0,359,359,13056,2049,Codeforces Round 994 (Div. 2)
shiva3463,608,743,135,13056,2049,Codeforces Round 994 (Div. 2)
hello_world0421,1175,1058,-117,13056,2049,Codeforces Round 994 (Div. 2)
sumit_72,409,628,219,13056,2049,Codeforces Round 994 (Div. 2)
kayaba1312,661,576,-85,13056,2049,Codeforces Round 994 (Div. 2)
MemoMeto35,1251,1171,-80,13056,2049,Codeforces Round 994 (Div. 2)
veerish,0,359,359,13056,2049,Codeforces Round 994 (Div. 2)
anjani_nandan,578,715,137,13056,2049,Codeforces Round 994 (Div. 2)
xXxNoobSaibotxXx,636,768,132,13056,2049,Codeforces Round 994 (Div. 2)
TexRos,634,549,-85,13056,2049,Codeforces Round 994 (Div. 2)
samdha,1065,958,-107,13056,2049,Codeforces Round 994 (Div. 2)
cryuff14,915,944,29,13056,2049,Codeforces Round 994 (Div. 2)
KarimAbdelaziz,0,359,359,13056,2049,Codeforces Round 994 (Div. 2)
ParthProLegend,830,829,-1,13056,2049,Codeforces Round 994 (Div. 2)
mdbadshasheikh2022,773,683,-90,13056,2049,Codeforces Round 994 (Div. 2)
rooshi,714,760,46,13056,2049,Codeforces Round 994 (Div. 2)
SravyaSala,355,580,225,13056,2049,Codeforces Round 994 (Div. 2)
srineel_9,821,729,-92,13056,2049,Codeforces Round 994 (Div. 2)
chenw-w-,814,722,-92,13056,2049,Codeforces Round 994 (Div. 2)
realaditya_24,355,580,225,13056,2049,Codeforces Round 994 (Div. 2)
Survivor45,1150,1035,-115,13056,2049,Codeforces Round 994 (Div. 2)
aradhyadwivedi928,757,667,-90,13056,2049,Codeforces Round 994 (Div. 2)
Lakshay122006,749,660,-89,13056,2049,Codeforces Round 994 (Div. 2)
harshitha_24,1121,1009,-112,13056,2049,Codeforces Round 994 (Div. 2)
vatsal-afk,820,858,38,13056,2049,Codeforces Round 994 (Div. 2)
IEC2024133,0,359,359,13056,2049,Codeforces Round 994 (Div. 2)
AlgoMathic,455,669,214,13056,2049,Codeforces Round 994 (Div. 2)
Priyanshu_pandey15,1321,1189,-132,13056,2049,Codeforces Round 994 (Div. 2)
crystal13,939,887,-52,13056,2049,Codeforces Round 994 (Div. 2)
2210030340_BSUJITH,760,671,-89,13056,2049,Codeforces Round 994 (Div. 2)
shubhamchaurasiaap16,633,765,132,13056,2049,Codeforces Round 994 (Div. 2)
saklan,0,359,359,13056,2049,Codeforces Round 994 (Div. 2)
____mr99__,1079,970,-109,13056,2049,Codeforces Round 994 (Div. 2)
maniktyagi4405,398,618,220,13056,2049,Codeforces Round 994 (Div. 2)
aayush_18,662,576,-86,13056,2049,Codeforces Round 994 (Div. 2)
_shahira__,854,761,-93,13056,2049,Codeforces Round 994 (Div. 2)
noxjeet,860,766,-94,13056,2049,Codeforces Round 994 (Div. 2)
priyanshugupta7967,1065,958,-107,13056,2049,Codeforces Round 994 (Div. 2)
Shoyo_7681,885,790,-95,13056,2049,Codeforces Round 994 (Div. 2)
tycoon16,630,763,133,13056,2049,Codeforces Round 994 (Div. 2)
Hoshino_gua,928,920,-8,13056,2049,Codeforces Round 994 (Div. 2)
curiousIndian07,0,359,359,13056,2049,Codeforces Round 994 (Div. 2)
ak8578227,811,811,0,13056,2049,Codeforces Round 994 (Div. 2)
maximus01010,842,749,-93,13056,2049,Codeforces Round 994 (Div. 2)
nithin95,836,834,-2,13056,2049,Codeforces Round 994 (Div. 2)
Newt77,0,359,359,13056,2049,Codeforces Round 994 (Div. 2)
Ebnesamit,976,875,-101,13056,2049,Codeforces Round 994 (Div. 2)
AdSaw05_,1242,1119,-123,13056,2049,Codeforces Round 994 (Div. 2)
giganiga35,808,808,0,13056,2049,Codeforces Round 994 (Div. 2)
salama305,1035,930,-105,13056,2049,Codeforces Round 994 (Div. 2)
distortedcipher,0,359,359,13056,2049,Codeforces Round 994 (Div. 2)
Mustang_Roy,935,926,-9,13056,2049,Codeforces Round 994 (Div. 2)
Shubhamk_1892,868,774,-94,13056,2049,Codeforces Round 994 (Div. 2)
Pruthvi_1711c,988,886,-102,13056,2049,Codeforces Round 994 (Div. 2)
PsychedlicMurderChicken,974,920,-54,13056,2049,Codeforces Round 994 (Div. 2)
aqib_nawab,683,810,127,13056,2049,Codeforces Round 994 (Div. 2)
Ashutoshthelearner,607,742,135,13056,2049,Codeforces Round 994 (Div. 2)
Mohammed_Khaled,1382,1243,-139,13056,2049,Codeforces Round 994 (Div. 2)
ajay.patil,864,817,-47,13056,2049,Codeforces Round 994 (Div. 2)
its_good_to_be_newbie,1102,992,-110,13056,2049,Codeforces Round 994 (Div. 2)
KLU_2200090035,623,756,133,13056,2049,Codeforces Round 994 (Div. 2)
teudepdzai,1208,1088,-120,13056,2049,Codeforces Round 994 (Div. 2)
k_Devi_Suhitha,591,727,136,13056,2049,Codeforces Round 994 (Div. 2)
akshitfarkya18,0,359,359,13056,2049,Codeforces Round 994 (Div. 2)
kman_ish,883,878,-5,13056,2049,Codeforces Round 994 (Div. 2)
What_is_this,924,873,-51,13056,2049,Codeforces Round 994 (Div. 2)
SwatiNandha,900,804,-96,13056,2049,Codeforces Round 994 (Div. 2)
sl_brain,1044,938,-106,13056,2049,Codeforces Round 994 (Div. 2)
grannie,848,846,-2,13056,2049,Codeforces Round 994 (Div. 2)
Anirudh_Singh2479,1053,947,-106,13056,2049,Codeforces Round 994 (Div. 2)
Y-alchemist,778,820,42,13056,2049,Codeforces Round 994 (Div. 2)
scameer8,441,656,215,13056,2049,Codeforces Round 994 (Div. 2)
pri_13,988,1010,22,13056,2049,Codeforces Round 994 (Div. 2)
utsav_um,664,793,129,13056,2049,Codeforces Round 994 (Div. 2)
VedantChichmalkar,1127,1014,-113,13056,2049,Codeforces Round 994 (Div. 2)
The_true_northerner,669,798,129,13056,2049,Codeforces Round 994 (Div. 2)
summervacation,731,853,122,13056,2049,Codeforces Round 994 (Div. 2)
Ahmed_Akram,1006,903,-103,13056,2049,Codeforces Round 994 (Div. 2)
OmarMahmoud332,883,787,-96,13056,2049,Codeforces Round 994 (Div. 2)
King_Jack,396,617,221,13056,2049,Codeforces Round 994 (Div. 2)
Luna379,881,833,-48,13056,2049,Codeforces Round 994 (Div. 2)
sarayu_g,1248,1124,-124,13056,2049,Codeforces Round 994 (Div. 2)
varun930,0,359,359,13056,2049,Codeforces Round 994 (Div. 2)
bakebrlk,964,864,-100,13056,2049,Codeforces Round 994 (Div. 2)
SpeedSpeedSpeed7,1300,1170,-130,13056,2049,Codeforces Round 994 (Div. 2)
22501a4401,583,500,-83,13056,2049,Codeforces Round 994 (Div. 2)
lao4j,363,587,224,13056,2049,Codeforces Round 994 (Div. 2)
praneethem8,0,359,359,13056,2049,Codeforces Round 994 (Div. 2)
GautxHack,625,758,133,13056,2049,Codeforces Round 994 (Div. 2)
Boroplus,0,359,359,13056,2049,Codeforces Round 994 (Div. 2)
jinQ,760,803,43,13056,2049,Codeforces Round 994 (Div. 2)
jigishadas13,0,359,359,13056,2049,Codeforces Round 994 (Div. 2)
RegularGuyy,799,839,40,13056,2049,Codeforces Round 994 (Div. 2)
kumarvatsal34,808,764,-44,13056,2049,Codeforces Round 994 (Div. 2)
rajesh64,743,787,44,13056,2049,Codeforces Round 994 (Div. 2)
kashyap49,895,799,-96,13056,2049,Codeforces Round 994 (Div. 2)
tanishq_05,977,922,-55,13056,2049,Codeforces Round 994 (Div. 2)
Amen_Ellah,0,359,359,13056,2049,Codeforces Round 994 (Div. 2)
johnny_stalker,901,852,-49,13056,2049,Codeforces Round 994 (Div. 2)
practitioners2,0,359,359,13056,2049,Codeforces Round 994 (Div. 2)
__Chandan_kr.,0,359,359,13056,2049,Codeforces Round 994 (Div. 2)
dwip_nandi,806,715,-91,13056,2049,Codeforces Round 994 (Div. 2)
mehedi28m,355,580,225,13056,2049,Codeforces Round 994 (Div. 2)
sahithialle05,0,359,359,13056,2049,Codeforces Round 994 (Div. 2)
NullPointerDreams,839,875,36,13056,2049,Codeforces Round 994 (Div. 2)
Dr.D,657,787,130,13056,2049,Codeforces Round 994 (Div. 2)
A____N,834,742,-92,13056,2049,Codeforces Round 994 (Div. 2)
Trino55524_3,571,709,138,13056,2049,Codeforces Round 994 (Div. 2)
palsaksham025,917,909,-8,13056,2049,Codeforces Round 994 (Div. 2)
Krisha_Patel,764,807,43,13056,2049,Codeforces Round 994 (Div. 2)
adarsh.17.10,972,960,-12,13056,2049,Codeforces Round 994 (Div. 2)
madu_varshitha,366,590,224,13056,2049,Codeforces Round 994 (Div. 2)
silentswordfish,1004,901,-103,13056,2049,Codeforces Round 994 (Div. 2)
anjalikumari7331,899,803,-96,13056,2049,Codeforces Round 994 (Div. 2)
realnilesh,957,858,-99,13056,2049,Codeforces Round 994 (Div. 2)
Zholbarys.k,0,359,359,13056,2049,Codeforces Round 994 (Div. 2)
nilay0513,733,855,122,13056,2049,Codeforces Round 994 (Div. 2)
GouBuli,388,610,222,13056,2049,Codeforces Round 994 (Div. 2)
5hIr0,736,858,122,13056,2049,Codeforces Round 994 (Div. 2)
Monishacse,397,617,220,13056,2049,Codeforces Round 994 (Div. 2)
FCAI,355,580,225,13056,2049,Codeforces Round 994 (Div. 2)
chef2025,884,835,-49,13056,2049,Codeforces Round 994 (Div. 2)
Nagasai678,0,359,359,13056,2049,Codeforces Round 994 (Div. 2)
geek_coder06,785,826,41,13056,2049,Codeforces Round 994 (Div. 2)
hyperghost,840,876,36,13056,2049,Codeforces Round 994 (Div. 2)
jainil24,1328,1195,-133,13056,2049,Codeforces Round 994 (Div. 2)
sanvity,0,359,359,13056,2049,Codeforces Round 994 (Div. 2)
shashwatdhiman2004,590,726,136,13056,2049,Codeforces Round 994 (Div. 2)
OCIN10,1177,1060,-117,13056,2049,Codeforces Round 994 (Div. 2)
qql242424,0,359,359,13056,2049,Codeforces Round 994 (Div. 2)
nischay_1277,377,600,223,13056,2049,Codeforces Round 994 (Div. 2)
demonzz77,1184,1066,-118,13056,2049,Codeforces Round 994 (Div. 2)
Balerion_The_II,686,599,-87,13056,2049,Codeforces Round 994 (Div. 2)
eslamx73,355,580,225,13056,2049,Codeforces Round 994 (Div. 2)
bjorn13,556,473,-83,13056,2049,Codeforces Round 994 (Div. 2)
Shafayata,714,760,46,13056,2049,Codeforces Round 994 (Div. 2)
awasthi_suryansh,1035,930,-105,13056,2049,Codeforces Round 994 (Div. 2)
jamesjefferson9876,0,359,359,13056,2049,Codeforces Round 994 (Div. 2)
mourakshi123,862,859,-3,13056,2049,Codeforces Round 994 (Div. 2)
Pradeep_05,589,725,136,13056,2049,Codeforces Round 994 (Div. 2)
AGI,1336,1202,-134,13056,2049,Codeforces Round 994 (Div. 2)
Shivam_kansara,805,761,-44,13056,2049,Codeforces Round 994 (Div. 2)
Amitesh_03,0,359,359,13056,2049,Codeforces Round 994 (Div. 2)
Asdezx,815,854,39,13056,2049,Codeforces Round 994 (Div. 2)
GoonerTim,860,895,35,13056,2049,Codeforces Round 994 (Div. 2)
momitulmahir,1114,1003,-111,13056,2049,Codeforces Round 994 (Div. 2)
nirwan__teji,1028,923,-105,13056,2049,Codeforces Round 994 (Div. 2)
ishaan2005,769,679,-90,13056,2049,Codeforces Round 994 (Div. 2)
yusupov_yusuf,910,903,-7,13056,2049,Codeforces Round 994 (Div. 2)
Shakya_Himanshu,1113,1002,-111,13056,2049,Codeforces Round 994 (Div. 2)
sanchitkumarsingh0988,1138,1025,-113,13056,2049,Codeforces Round 994 (Div. 2)
nitishKumar23,832,869,37,13056,2049,Codeforces Round 994 (Div. 2)
Dharunpathi,0,359,359,13056,2049,Codeforces Round 994 (Div. 2)
Pratyush_Kumar_47,369,593,224,13056,2049,Codeforces Round 994 (Div. 2)
ayvahb,0,359,359,13056,2049,Codeforces Round 994 (Div. 2)
Dezou2001,935,837,-98,13056,2049,Codeforces Round 994 (Div. 2)
manyasachdeva,798,707,-91,13056,2049,Codeforces Round 994 (Div. 2)
PavanKumar_2520,938,839,-99,13056,2049,Codeforces Round 994 (Div. 2)
ghaithaldeeb,393,614,221,13056,2049,Codeforces Round 994 (Div. 2)
FighterQueen,570,708,138,13056,2049,Codeforces Round 994 (Div. 2)
HuuTriet2025,785,826,41,13056,2049,Codeforces Round 994 (Div. 2)
devansh_20,960,860,-100,13056,2049,Codeforces Round 994 (Div. 2)
Rafid_407,893,797,-96,13056,2049,Codeforces Round 994 (Div. 2)
pranathi_lasya,356,581,225,13056,2049,Codeforces Round 994 (Div. 2)
thatstarcoder,1138,1025,-113,13056,2049,Codeforces Round 994 (Div. 2)
pikachu000,803,711,-92,13056,2049,Codeforces Round 994 (Div. 2)
asem4402,968,868,-100,13056,2049,Codeforces Round 994 (Div. 2)
ajijulquanta,810,849,39,13056,2049,Codeforces Round 994 (Div. 2)
o_elyas,1032,927,-105,13056,2049,Codeforces Round 994 (Div. 2)
cremulene,741,785,44,13056,2049,Codeforces Round 994 (Div. 2)
2200080027_prakhya,804,712,-92,13056,2049,Codeforces Round 994 (Div. 2)
codeitV,1068,1006,-62,13056,2049,Codeforces Round 994 (Div. 2)
VSS103073_Ali,783,693,-90,13056,2049,Codeforces Round 994 (Div. 2)
Gvs_2007,743,787,44,13056,2049,Codeforces Round 994 (Div. 2)
ESCOBARRR,823,730,-93,13056,2049,Codeforces Round 994 (Div. 2)
sagarrajak01,598,733,135,13056,2049,Codeforces Round 994 (Div. 2)
klu_2200030060,830,737,-93,13056,2049,Codeforces Round 994 (Div. 2)
Ritesh2004,715,761,46,13056,2049,Codeforces Round 994 (Div. 2)
AGBSP3DSw,395,616,221,13056,2049,Codeforces Round 994 (Div. 2)
Ekkocystem,1048,942,-106,13056,2049,Codeforces Round 994 (Div. 2)
Ahrorbek_py,905,855,-50,13056,2049,Codeforces Round 994 (Div. 2)
a_maverick,860,766,-94,13056,2049,Codeforces Round 994 (Div. 2)
piyush0509,944,970,26,13056,2049,Codeforces Round 994 (Div. 2)
Sayam_Grover,0,359,359,13056,2049,Codeforces Round 994 (Div. 2)
TakatsukiSpring,936,838,-98,13056,2049,Codeforces Round 994 (Div. 2)
dontkno67,1259,1134,-125,13056,2049,Codeforces Round 994 (Div. 2)
taran6037,346,572,226,13056,2049,Codeforces Round 994 (Div. 2)
sreejith.m,365,589,224,13056,2049,Codeforces Round 994 (Div. 2)
sohrai,0,359,359,13056,2049,Codeforces Round 994 (Div. 2)
amritansh1502,692,606,-86,13056,2049,Codeforces Round 994 (Div. 2)
KUSHAGRA2606,902,805,-97,13056,2049,Codeforces Round 994 (Div. 2)
227y1a66g1,0,359,359,13056,2049,Codeforces Round 994 (Div. 2)
VSS100018_M.Aayan,391,612,221,13056,2049,Codeforces Round 994 (Div. 2)
yash_chokhani,962,862,-100,13056,2049,Codeforces Round 994 (Div. 2)
Dora_hehe,346,572,226,13056,2049,Codeforces Round 994 (Div. 2)
KhwarizmiCoder,868,774,-94,13056,2049,Codeforces Round 994 (Div. 2)
_aviralsingh61103,1087,978,-109,13056,2049,Codeforces Round 994 (Div. 2)
MAB4,631,764,133,13056,2049,Codeforces Round 994 (Div. 2)
YZMyangziming,1417,1273,-144,13056,2049,Codeforces Round 994 (Div. 2)
HandInHandC,903,897,-6,13056,2049,Codeforces Round 994 (Div. 2)
which60,575,713,138,13056,2049,Codeforces Round 994 (Div. 2)
az_ad,787,696,-91,13056,2049,Codeforces Round 994 (Div. 2)
xiangwencheng,396,617,221,13056,2049,Codeforces Round 994 (Div. 2)
Pulkit0707,993,979,-14,13056,2049,Codeforces Round 994 (Div. 2)
Parmar__3____,606,741,135,13056,2049,Codeforces Round 994 (Div. 2)
kallurimamatha04,618,533,-85,13056,2049,Codeforces Round 994 (Div. 2)
whisperingdeath,967,867,-100,13056,2049,Codeforces Round 994 (Div. 2)
asritha_konakalla,597,732,135,13056,2049,Codeforces Round 994 (Div. 2)
Trikesh_144,361,586,225,13056,2049,Codeforces Round 994 (Div. 2)
3403589630,1096,986,-110,13056,2049,Codeforces Round 994 (Div. 2)
safat_sust_,937,839,-98,13056,2049,Codeforces Round 994 (Div. 2)
AKIF00,378,601,223,13056,2049,Codeforces Round 994 (Div. 2)
nightking25,379,601,222,13056,2049,Codeforces Round 994 (Div. 2)
-------,1058,951,-107,13056,2049,Codeforces Round 994 (Div. 2)
error_777,358,583,225,13056,2049,Codeforces Round 994 (Div. 2)
KMKyaw,871,904,33,13056,2049,Codeforces Round 994 (Div. 2)
tarunthimmayan,0,359,359,13056,2049,Codeforces Round 994 (Div. 2)
Mozumder_Shamim,784,742,-42,13056,2049,Codeforces Round 994 (Div. 2)
nurkeev-adil-019-2027,1268,1142,-126,13056,2049,Codeforces Round 994 (Div. 2)
omkarwastaken,658,788,130,13056,2049,Codeforces Round 994 (Div. 2)
tmunavver,1162,1046,-116,13056,2049,Codeforces Round 994 (Div. 2)
piyushsingh755,969,869,-100,13056,2049,Codeforces Round 994 (Div. 2)
shashankagrawal2024,0,359,359,13056,2049,Codeforces Round 994 (Div. 2)
prakhar2806,985,883,-102,13056,2049,Codeforces Round 994 (Div. 2)
adityasri00,379,602,223,13056,2049,Codeforces Round 994 (Div. 2)
low_bug,763,673,-90,13056,2049,Codeforces Round 994 (Div. 2)
samriddhi.agrawal_cs23,749,660,-89,13056,2049,Codeforces Round 994 (Div. 2)
2804__,585,501,-84,13056,2049,Codeforces Round 994 (Div. 2)
Jayanth_Thunga,868,902,34,13056,2049,Codeforces Round 994 (Div. 2)
ElectroWhiz,0,359,359,13056,2049,Codeforces Round 994 (Div. 2)
Reema_11,598,734,136,13056,2049,Codeforces Round 994 (Div. 2)
rdino1,770,812,42,13056,2049,Codeforces Round 994 (Div. 2)
shashiiiihere,417,635,218,13056,2049,Codeforces Round 994 (Div. 2)
ebn_emon,844,751,-93,13056,2049,Codeforces Round 994 (Div. 2)
Buckwheat.,1050,944,-106,13056,2049,Codeforces Round 994 (Div. 2)
kirti.air203,898,802,-96,13056,2049,Codeforces Round 994 (Div. 2)
vimalraja,794,703,-91,13056,2049,Codeforces Round 994 (Div. 2)
DonCP,0,359,359,13056,2049,Codeforces Round 994 (Div. 2)
SaranKonala,1063,1002,-61,13056,2049,Codeforces Round 994 (Div. 2)
Timur_Latypov2186,822,730,-92,13056,2049,Codeforces Round 994 (Div. 2)
Nani_24,770,728,-42,13056,2049,Codeforces Round 994 (Div. 2)
nanani__fan,1542,1381,-161,13056,2049,Codeforces Round 994 (Div. 2)
Chandrachur04,355,580,225,13056,2049,Codeforces Round 994 (Div. 2)
durg123,1058,951,-107,13056,2049,Codeforces Round 994 (Div. 2)
professional_fumbler,0,359,359,13056,2049,Codeforces Round 994 (Div. 2)
celestial2312,1045,939,-106,13056,2049,Codeforces Round 994 (Div. 2)
harshini_82,357,582,225,13056,2049,Codeforces Round 994 (Div. 2)
HarshSingh011,731,776,45,13056,2049,Codeforces Round 994 (Div. 2)
navaneeth45,903,807,-96,13056,2049,Codeforces Round 994 (Div. 2)
supriyakumari82982,1162,1046,-116,13056,2049,Codeforces Round 994 (Div. 2)
fen_2005,959,859,-100,13056,2049,Codeforces Round 994 (Div. 2)
levelNext,1111,1000,-111,13056,2049,Codeforces Round 994 (Div. 2)
PureJokester1007,713,760,47,13056,2049,Codeforces Round 994 (Div. 2)
RuchirSharma038,896,800,-96,13056,2049,Codeforces Round 994 (Div. 2)
iamgreedy,948,849,-99,13056,2049,Codeforces Round 994 (Div. 2)
cpdelta,775,685,-90,13056,2049,Codeforces Round 994 (Div. 2)
tomorrow_jis,1082,974,-108,13056,2049,Codeforces Round 994 (Div. 2)
rkebgdf345,567,705,138,13056,2049,Codeforces Round 994 (Div. 2)
itssahilhere31,634,766,132,13056,2049,Codeforces Round 994 (Div. 2)
silverspoonnik,862,859,-3,13056,2049,Codeforces Round 994 (Div. 2)
average_out,750,661,-89,13056,2049,Codeforces Round 994 (Div. 2)
Krishna1294,837,744,-93,13056,2049,Codeforces Round 994 (Div. 2)
akberen,369,592,223,13056,2049,Codeforces Round 994 (Div. 2)
hieubn,385,607,222,13056,2049,Codeforces Round 994 (Div. 2)
22b01a0523,809,717,-92,13056,2049,Codeforces Round 994 (Div. 2)
ArshadG,782,692,-90,13056,2049,Codeforces Round 994 (Div. 2)
AlgoAbrar,0,359,359,13056,2049,Codeforces Round 994 (Div. 2)
bachmanity_insanity,1382,1243,-139,13056,2049,Codeforces Round 994 (Div. 2)
innovator_101,645,776,131,13056,2049,Codeforces Round 994 (Div. 2)
ice3y,1140,1026,-114,13056,2049,Codeforces Round 994 (Div. 2)
Kanatbek-J-018-2028,834,742,-92,13056,2049,Codeforces Round 994 (Div. 2)
SinanTJ,817,725,-92,13056,2049,Codeforces Round 994 (Div. 2)
kumardeeepak392,803,804,1,13056,2049,Codeforces Round 994 (Div. 2)
nik._.ali,970,869,-101,13056,2049,Codeforces Round 994 (Div. 2)
Dinesh_Manideep,885,790,-95,13056,2049,Codeforces Round 994 (Div. 2)
kotadiyameet173,1287,1159,-128,13056,2049,Codeforces Round 994 (Div. 2)
razer7,870,775,-95,13056,2049,Codeforces Round 994 (Div. 2)
AKOvinno,893,797,-96,13056,2049,Codeforces Round 994 (Div. 2)
23b01a12f0,587,724,137,13056,2049,Codeforces Round 994 (Div. 2)
Liamislazy,942,843,-99,13056,2049,Codeforces Round 994 (Div. 2)
BogyMan,575,713,138,13056,2049,Codeforces Round 994 (Div. 2)
cin_ANUP,766,676,-90,13056,2049,Codeforces Round 994 (Div. 2)
Mohana_Jyothi,594,730,136,13056,2049,Codeforces Round 994 (Div. 2)
UmnayaLampochka,1035,930,-105,13056,2049,Codeforces Round 994 (Div. 2)
Ahmedkhan_313,793,703,-90,13056,2049,Codeforces Round 994 (Div. 2)
vaibhaviparmar,650,780,130,13056,2049,Codeforces Round 994 (Div. 2)
chaitanyads127,913,816,-97,13056,2049,Codeforces Round 994 (Div. 2)
kumarayush0104,802,803,1,13056,2049,Codeforces Round 994 (Div. 2)
akshatJain36,742,786,44,13056,2049,Codeforces Round 994 (Div. 2)
srivishnu_k,359,584,225,13056,2049,Codeforces Round 994 (Div. 2)
Harshitaaaaaa,849,755,-94,13056,2049,Codeforces Round 994 (Div. 2)
Mehedi24,864,860,-4,13056,2049,Codeforces Round 994 (Div. 2)
learner_3,610,745,135,13056,2049,Codeforces Round 994 (Div. 2)
ramukaka69,0,359,359,13056,2049,Codeforces Round 994 (Div. 2)
NTLE,903,807,-96,13056,2049,Codeforces Round 994 (Div. 2)
nikithaa,857,854,-3,13056,2049,Codeforces Round 994 (Div. 2)
sadtimesQQ,0,359,359,13056,2049,Codeforces Round 994 (Div. 2)
Manatth,638,770,132,13056,2049,Codeforces Round 994 (Div. 2)
Nahid_ECE_HSTU,872,778,-94,13056,2049,Codeforces Round 994 (Div. 2)
BlackFlash,419,637,218,13056,2049,Codeforces Round 994 (Div. 2)
riteshkushwaha,922,824,-98,13056,2049,Codeforces Round 994 (Div. 2)
WWFFYY,792,701,-91,13056,2049,Codeforces Round 994 (Div. 2)
coder_fox13,756,799,43,13056,2049,Codeforces Round 994 (Div. 2)
gaurav_pandit,750,661,-89,13056,2049,Codeforces Round 994 (Div. 2)
Xpired015,0,359,359,13056,2049,Codeforces Round 994 (Div. 2)
murasakii,610,745,135,13056,2049,Codeforces Round 994 (Div. 2)
test2023,994,938,-56,13056,2049,Codeforces Round 994 (Div. 2)
_Mizanur,1396,1254,-142,13056,2049,Codeforces Round 994 (Div. 2)
21cs02001,654,784,130,13056,2049,Codeforces Round 994 (Div. 2)
saicharan5a0,922,824,-98,13056,2049,Codeforces Round 994 (Div. 2)
whiteLily1,1113,1002,-111,13056,2049,Codeforces Round 994 (Div. 2)
kruthik476,1042,982,-60,13056,2049,Codeforces Round 994 (Div. 2)
farhan738,0,359,359,13056,2049,Codeforces Round 994 (Div. 2)
rotesh585,823,731,-92,13056,2049,Codeforces Round 994 (Div. 2)
CodeF1ash,365,589,224,13056,2049,Codeforces Round 994 (Div. 2)
Kartik2005,1045,939,-106,13056,2049,Codeforces Round 994 (Div. 2)
jainsahil35,604,739,135,13056,2049,Codeforces Round 994 (Div. 2)
Ayush_umar,610,745,135,13056,2049,Codeforces Round 994 (Div. 2)
hnust_leijieming,1024,920,-104,13056,2049,Codeforces Round 994 (Div. 2)
xuanquanna,1002,899,-103,13056,2049,Codeforces Round 994 (Div. 2)
abhis_3103,1322,1190,-132,13056,2049,Codeforces Round 994 (Div. 2)
suvam01,752,663,-89,13056,2049,Codeforces Round 994 (Div. 2)
farruhbektojimirzayev,630,763,133,13056,2049,Codeforces Round 994 (Div. 2)
_rio_1,365,589,224,13056,2049,Codeforces Round 994 (Div. 2)
BIKRAM2004,605,740,135,13056,2049,Codeforces Round 994 (Div. 2)
Soumojitkgp,1873,1662,-211,13056,2049,Codeforces Round 994 (Div. 2)
BlackShadow_,833,740,-93,13056,2049,Codeforces Round 994 (Div. 2)
jacinto5940304,608,743,135,13056,2049,Codeforces Round 994 (Div. 2)
Anish_J,940,841,-99,13056,2049,Codeforces Round 994 (Div. 2)
Archiakzam,700,826,126,13056,2049,Codeforces Round 994 (Div. 2)
Manal_Patel_2557,0,359,359,13056,2049,Codeforces Round 994 (Div. 2)
mr__dark,626,759,133,13056,2049,Codeforces Round 994 (Div. 2)
Yamuna_3,356,581,225,13056,2049,Codeforces Round 994 (Div. 2)
Ansh_Rathore,978,877,-101,13056,2049,Codeforces Round 994 (Div. 2)
maneniranjan45,777,818,41,13056,2049,Codeforces Round 994 (Div. 2)
Nurahmet12,704,616,-88,13056,2049,Codeforces Round 994 (Div. 2)
Nyaksha,815,854,39,13056,2049,Codeforces Round 994 (Div. 2)
jadubhai,0,359,359,13056,2049,Codeforces Round 994 (Div. 2)
abhiguptaofficial30,908,811,-97,13056,2049,Codeforces Round 994 (Div. 2)
Ashraqat_mustafa25,0,359,359,13056,2049,Codeforces Round 994 (Div. 2)
dung040310,975,874,-101,13056,2049,Codeforces Round 994 (Div. 2)
ashking1308,0,359,359,13056,2049,Codeforces Round 994 (Div. 2)
nilayg26,394,615,221,13056,2049,Codeforces Round 994 (Div. 2)
tarakravindra242005,852,758,-94,13056,2049,Codeforces Round 994 (Div. 2)
Maheswari_mortha,577,714,137,13056,2049,Codeforces Round 994 (Div. 2)
bhupen7,0,359,359,13056,2049,Codeforces Round 994 (Div. 2)
Sookeyy,1391,1250,-141,13056,2049,Codeforces Round 994 (Div. 2)
Rushikesh_Iche,852,758,-94,13056,2049,Codeforces Round 994 (Div. 2)
Kagetsu,895,926,31,13056,2049,Codeforces Round 994 (Div. 2)
psy_2_2_2,1357,1221,-136,13056,2049,Codeforces Round 994 (Div. 2)
_No_name__,592,728,136,13056,2049,Codeforces Round 994 (Div. 2)
dev505,968,867,-101,13056,2049,Codeforces Round 994 (Div. 2)
EMON-82,0,359,359,13056,2049,Codeforces Round 994 (Div. 2)
jianyingfanwen,833,787,-46,13056,2049,Codeforces Round 994 (Div. 2)
kk69,798,707,-91,13056,2049,Codeforces Round 994 (Div. 2)
Tanmaisai,336,258,-78,13056,2049,Codeforces Round 994 (Div. 2)
nafisaab,586,502,-84,13056,2049,Codeforces Round 994 (Div. 2)
jackreacher05,1094,985,-109,13056,2049,Codeforces Round 994 (Div. 2)
sandhya_38,369,593,224,13056,2049,Codeforces Round 994 (Div. 2)
vKoder_18,1007,904,-103,13056,2049,Codeforces Round 994 (Div. 2)
_S0jib_,1106,995,-111,13056,2049,Codeforces Round 994 (Div. 2)
FForhad,900,804,-96,13056,2049,Codeforces Round 994 (Div. 2)
_dongan81,870,866,-4,13056,2049,Codeforces Round 994 (Div. 2)
khushal2016,591,507,-84,13056,2049,Codeforces Round 994 (Div. 2)
VSathwika,695,608,-87,13056,2049,Codeforces Round 994 (Div. 2)
IvanMinh,1146,1032,-114,13056,2049,Codeforces Round 994 (Div. 2)
harshita2705,971,870,-101,13056,2049,Codeforces Round 994 (Div. 2)
Dodo_2601,0,359,359,13056,2049,Codeforces Round 994 (Div. 2)
Gaurav_.K,868,774,-94,13056,2049,Codeforces Round 994 (Div. 2)
kharshitha2006,356,581,225,13056,2049,Codeforces Round 994 (Div. 2)
meow_owo,808,847,39,13056,2049,Codeforces Round 994 (Div. 2)
JADDU_14,1176,1059,-117,13056,2049,Codeforces Round 994 (Div. 2)
Hiisokaa,163,87,-76,13056,2049,Codeforces Round 994 (Div. 2)
Enque,875,908,33,13056,2049,Codeforces Round 994 (Div. 2)
boom_is_art,871,905,34,13056,2049,Codeforces Round 994 (Div. 2)
xyxi,1183,1149,-34,13056,2049,Codeforces Round 994 (Div. 2)
Machinist99,879,784,-95,13056,2049,Codeforces Round 994 (Div. 2)
20113043,783,693,-90,13056,2049,Codeforces Round 994 (Div. 2)
chandu420,838,745,-93,13056,2049,Codeforces Round 994 (Div. 2)
SiriusSlayer,1436,1290,-146,13056,2049,Codeforces Round 994 (Div. 2)
Ctrl_Plus_Code,587,724,137,13056,2049,Codeforces Round 994 (Div. 2)
dhevanaboinarenuka,608,524,-84,13056,2049,Codeforces Round 994 (Div. 2)
tj_cf,1225,1103,-122,13056,2049,Codeforces Round 994 (Div. 2)
kxzore,942,843,-99,13056,2049,Codeforces Round 994 (Div. 2)
mystical_nifer,703,750,47,13056,2049,Codeforces Round 994 (Div. 2)
Roll_Num_26,1051,945,-106,13056,2049,Codeforces Round 994 (Div. 2)
Ashraful_Alam,957,858,-99,13056,2049,Codeforces Round 994 (Div. 2)
Dragon_Krissash,1266,1140,-126,13056,2049,Codeforces Round 994 (Div. 2)
raju.1098,814,853,39,13056,2049,Codeforces Round 994 (Div. 2)
k_tejasri7,350,576,226,13056,2049,Codeforces Round 994 (Div. 2)
sravanicheruku,780,690,-90,13056,2049,Codeforces Round 994 (Div. 2)
agautam21,789,790,1,13056,2049,Codeforces Round 994 (Div. 2)
Arc.,993,979,-14,13056,2049,Codeforces Round 994 (Div. 2)
Jison_Chakma,824,732,-92,13056,2049,Codeforces Round 994 (Div. 2)
Rawfin,940,841,-99,13056,2049,Codeforces Round 994 (Div. 2)
srivarshith,962,862,-100,13056,2049,Codeforces Round 994 (Div. 2)
KarthikChillal,616,750,134,13056,2049,Codeforces Round 994 (Div. 2)
Shivam_Raj26,384,606,222,13056,2049,Codeforces Round 994 (Div. 2)
swarit2005,805,714,-91,13056,2049,Codeforces Round 994 (Div. 2)
JatinTalgotra,861,895,34,13056,2049,Codeforces Round 994 (Div. 2)
RishabhDotasara,791,832,41,13056,2049,Codeforces Round 994 (Div. 2)
manish36,1041,935,-106,13056,2049,Codeforces Round 994 (Div. 2)
woshini88,0,359,359,13056,2049,Codeforces Round 994 (Div. 2)
_nikhilyadav,807,808,1,13056,2049,Codeforces Round 994 (Div. 2)
Mohana_Sravya,367,591,224,13056,2049,Codeforces Round 994 (Div. 2)
Luckwet,890,922,32,13056,2049,Codeforces Round 994 (Div. 2)
thercstk,1042,936,-106,13056,2049,Codeforces Round 994 (Div. 2)
cobby_hobby,1113,1002,-111,13056,2049,Codeforces Round 994 (Div. 2)
Dhrimanti,814,722,-92,13056,2049,Codeforces Round 994 (Div. 2)
cypress_lin,592,728,136,13056,2049,Codeforces Round 994 (Div. 2)
adhipurus808,1247,1123,-124,13056,2049,Codeforces Round 994 (Div. 2)
kongerly,442,657,215,13056,2049,Codeforces Round 994 (Div. 2)
DjAsH427,972,918,-54,13056,2049,Codeforces Round 994 (Div. 2)
HELLONOOW,1056,949,-107,13056,2049,Codeforces Round 994 (Div. 2)
Calcifer077,965,865,-100,13056,2049,Codeforces Round 994 (Div. 2)
TusharZanwar,961,986,25,13056,2049,Codeforces Round 994 (Div. 2)
Asmaa_Omar,719,632,-87,13056,2049,Codeforces Round 994 (Div. 2)
184_Fahim,863,769,-94,13056,2049,Codeforces Round 994 (Div. 2)
kusumasree789,765,675,-90,13056,2049,Codeforces Round 994 (Div. 2)
im-Haris8278,617,751,134,13056,2049,Codeforces Round 994 (Div. 2)
Sambhav1607,1132,1019,-113,13056,2049,Codeforces Round 994 (Div. 2)
sazib27,398,618,220,13056,2049,Codeforces Round 994 (Div. 2)
22kangwonWHS,407,626,219,13056,2049,Codeforces Round 994 (Div. 2)
akshitha_52,828,865,37,13056,2049,Codeforces Round 994 (Div. 2)
sifatCF,810,810,0,13056,2049,Codeforces Round 994 (Div. 2)
JPMM,1211,1091,-120,13056,2049,Codeforces Round 994 (Div. 2)
zipill,847,883,36,13056,2049,Codeforces Round 994 (Div. 2)
vuqarmirzayev,857,810,-47,13056,2049,Codeforces Round 994 (Div. 2)
229x1a0544,641,773,132,13056,2049,Codeforces Round 994 (Div. 2)
mayanknegi23,860,856,-4,13056,2049,Codeforces Round 994 (Div. 2)
Sayandip_Saha,734,645,-89,13056,2049,Codeforces Round 994 (Div. 2)
anithaa,0,359,359,13056,2049,Codeforces Round 994 (Div. 2)
sri_vatsavi,361,586,225,13056,2049,Codeforces Round 994 (Div. 2)
ayushiiiawasthi7,990,888,-102,13056,2049,Codeforces Round 994 (Div. 2)
jusManas,911,904,-7,13056,2049,Codeforces Round 994 (Div. 2)
nurulasif22,0,359,359,13056,2049,Codeforces Round 994 (Div. 2)
ami_ovee37,636,551,-85,13056,2049,Codeforces Round 994 (Div. 2)
Kushagra_123,400,620,220,13056,2049,Codeforces Round 994 (Div. 2)
xinyi.06,400,620,220,13056,2049,Codeforces Round 994 (Div. 2)
shrival,909,812,-97,13056,2049,Codeforces Round 994 (Div. 2)
sonu_2023,0,359,359,13056,2049,Codeforces Round 994 (Div. 2)
ramoja,852,887,35,13056,2049,Codeforces Round 994 (Div. 2)
saanchiguptaschool,813,813,0,13056,2049,Codeforces Round 994 (Div. 2)
NoobPain,1104,993,-111,13056,2049,Codeforces Round 994 (Div. 2)
Akash_12,388,610,222,13056,2049,Codeforces Round 994 (Div. 2)
VagRant23,0,359,359,13056,2049,Codeforces Round 994 (Div. 2)
Diamond_in_the_rough,683,597,-86,13056,2049,Codeforces Round 994 (Div. 2)
gkjfijffogp,0,359,359,13056,2049,Codeforces Round 994 (Div. 2)
Jayveer_011,873,869,-4,13056,2049,Codeforces Round 994 (Div. 2)
nguyennguyen09,1099,989,-110,13056,2049,Codeforces Round 994 (Div. 2)
sonu_2912,696,609,-87,13056,2049,Codeforces Round 994 (Div. 2)
luuhoang,1174,1057,-117,13056,2049,Codeforces Round 994 (Div. 2)
sajolali,848,755,-93,13056,2049,Codeforces Round 994 (Div. 2)
Arif_07,1068,960,-108,13056,2049,Codeforces Round 994 (Div. 2)
Mj_Nayeem,771,774,3,13056,2049,Codeforces Round 994 (Div. 2)
Raja_Hindustani,802,842,40,13056,2049,Codeforces Round 994 (Div. 2)
18839477663,370,594,224,13056,2049,Codeforces Round 994 (Div. 2)
Noob183,0,359,359,13056,2049,Codeforces Round 994 (Div. 2)
mohamad.deeb,1234,1111,-123,13056,2049,Codeforces Round 994 (Div. 2)
sam13768,861,858,-3,13056,2049,Codeforces Round 994 (Div. 2)
siva007,779,689,-90,13056,2049,Codeforces Round 994 (Div. 2)
rajavarapuavinash57,1478,1326,-152,13056,2049,Codeforces Round 994 (Div. 2)
Shoyeb45,1248,1124,-124,13056,2049,Codeforces Round 994 (Div. 2)
Anurag.Srivastava,0,359,359,13056,2049,Codeforces Round 994 (Div. 2)
snehakanodia4,1128,1015,-113,13056,2049,Codeforces Round 994 (Div. 2)
Chicken_Burger,0,359,359,13056,2049,Codeforces Round 994 (Div. 2)
saivivek246774,380,602,222,13056,2049,Codeforces Round 994 (Div. 2)
qreytol,1171,1055,-116,13056,2049,Codeforces Round 994 (Div. 2)
chwiz,1130,1017,-113,13056,2049,Codeforces Round 994 (Div. 2)
suryanshdixit,1020,916,-104,13056,2049,Codeforces Round 994 (Div. 2)
z2604391962,0,359,359,13056,2049,Codeforces Round 994 (Div. 2)
Therook,950,850,-100,13056,2049,Codeforces Round 994 (Div. 2)
yaswanthjampani,883,878,-5,13056,2049,Codeforces Round 994 (Div. 2)
aggarwalvanshika776,815,723,-92,13056,2049,Codeforces Round 994 (Div. 2)
Aym_2601,674,802,128,13056,2049,Codeforces Round 994 (Div. 2)
kumardaksshh,1380,1240,-140,13056,2049,Codeforces Round 994 (Div. 2)
manvisingh3107,1031,926,-105,13056,2049,Codeforces Round 994 (Div. 2)
RRHACKER,896,890,-6,13056,2049,Codeforces Round 994 (Div. 2)
harshit161189,0,359,359,13056,2049,Codeforces Round 994 (Div. 2)
shaibamaji,382,604,222,13056,2049,Codeforces Round 994 (Div. 2)
Akshat_Raj20105,1045,939,-106,13056,2049,Codeforces Round 994 (Div. 2)
prak_hars,849,803,-46,13056,2049,Codeforces Round 994 (Div. 2)
jagrat_khatter,648,779,131,13056,2049,Codeforces Round 994 (Div. 2)
hadityakumar,1247,1123,-124,13056,2049,Codeforces Round 994 (Div. 2)
farhanlabibahan,876,781,-95,13056,2049,Codeforces Round 994 (Div. 2)
WEYST,759,670,-89,13056,2049,Codeforces Round 994 (Div. 2)
_vivekananda11,849,846,-3,13056,2049,Codeforces Round 994 (Div. 2)
Kushal0,878,783,-95,13056,2049,Codeforces Round 994 (Div. 2)
a.nabilfri,802,803,1,13056,2049,Codeforces Round 994 (Div. 2)
Hi_sam,0,359,359,13056,2049,Codeforces Round 994 (Div. 2)
blackbinary,641,556,-85,13056,2049,Codeforces Round 994 (Div. 2)
Shams.t,966,865,-101,13056,2049,Codeforces Round 994 (Div. 2)
bindu_2073,355,580,225,13056,2049,Codeforces Round 994 (Div. 2)
itzzMursalin,993,891,-102,13056,2049,Codeforces Round 994 (Div. 2)
Xylar,1031,926,-105,13056,2049,Codeforces Round 994 (Div. 2)
rajks6055,601,736,135,13056,2049,Codeforces Round 994 (Div. 2)
Abs0luteZero,855,761,-94,13056,2049,Codeforces Round 994 (Div. 2)
priyanshu2513,0,359,359,13056,2049,Codeforces Round 994 (Div. 2)
dip_asm,654,569,-85,13056,2049,Codeforces Round 994 (Div. 2)
PRABHANSHUJAIN,895,889,-6,13056,2049,Codeforces Round 994 (Div. 2)
amar_gar,368,592,224,13056,2049,Codeforces Round 994 (Div. 2)
aaaaaannnnnnaan,1326,1238,-88,13056,2049,Codeforces Round 994 (Div. 2)
phanindrareddy310231,0,359,359,13056,2049,Codeforces Round 994 (Div. 2)
mohamedaminedh16,0,359,359,13056,2049,Codeforces Round 994 (Div. 2)
Emo193,0,359,359,13056,2049,Codeforces Round 994 (Div. 2)
sadia_165,0,359,359,13056,2049,Codeforces Round 994 (Div. 2)
samarpan1645,0,359,359,13056,2049,Codeforces Round 994 (Div. 2)
Karthik0201,1175,1058,-117,13056,2049,Codeforces Round 994 (Div. 2)
bhargav-sai,948,896,-52,13056,2049,Codeforces Round 994 (Div. 2)
Nafis12303127,838,792,-46,13056,2049,Codeforces Round 994 (Div. 2)
zjh_0323,360,585,225,13056,2049,Codeforces Round 994 (Div. 2)
Team_Void010,0,359,359,13056,2049,Codeforces Round 994 (Div. 2)
Leo_Mena10,0,359,359,13056,2049,Codeforces Round 994 (Div. 2)
thepratiktirkey,573,711,138,13056,2049,Codeforces Round 994 (Div. 2)
GHOST77,637,552,-85,13056,2049,Codeforces Round 994 (Div. 2)
dhruvgulia_,378,601,223,13056,2049,Codeforces Round 994 (Div. 2)
bhriguverma11,0,359,359,13056,2049,Codeforces Round 994 (Div. 2)
yamuna0928,772,682,-90,13056,2049,Codeforces Round 994 (Div. 2)
jackrider1,355,580,225,13056,2049,Codeforces Round 994 (Div. 2)
CodingDiva,700,613,-87,13056,2049,Codeforces Round 994 (Div. 2)
pranavm877,377,600,223,13056,2049,Codeforces Round 994 (Div. 2)
ujjawal_iitbhu,356,581,225,13056,2049,Codeforces Round 994 (Div. 2)
_ANTOR_,695,608,-87,13056,2049,Codeforces Round 994 (Div. 2)
Mid9Rain,1080,1017,-63,13056,2049,Codeforces Round 994 (Div. 2)
amaratef112,936,838,-98,13056,2049,Codeforces Round 994 (Div. 2)
varun2107,796,705,-91,13056,2049,Codeforces Round 994 (Div. 2)
Arindam_pratap,1370,1232,-138,13056,2049,Codeforces Round 994 (Div. 2)
Sumitabh,772,682,-90,13056,2049,Codeforces Round 994 (Div. 2)
anshulbhar,353,578,225,13056,2049,Codeforces Round 994 (Div. 2)
test2025,773,683,-90,13056,2049,Codeforces Round 994 (Div. 2)
sakkethrao7253,367,591,224,13056,2049,Codeforces Round 994 (Div. 2)
RumiLumo,904,808,-96,13056,2049,Codeforces Round 994 (Div. 2)
mirziyobm,893,797,-96,13056,2049,Codeforces Round 994 (Div. 2)
fuchsia_wn,953,854,-99,13056,2049,Codeforces Round 994 (Div. 2)
chetan1904singh,1068,960,-108,13056,2049,Codeforces Round 994 (Div. 2)
0xprc,0,359,359,13056,2049,Codeforces Round 994 (Div. 2)
Chandra_shekhar0906,935,837,-98,13056,2049,Codeforces Round 994 (Div. 2)
MehulGupta19,389,610,221,13056,2049,Codeforces Round 994 (Div. 2)
Utkarsh_Dwivedi,974,873,-101,13056,2049,Codeforces Round 994 (Div. 2)
karry89,1407,1264,-143,13056,2049,Codeforces Round 994 (Div. 2)
plsfruit,635,767,132,13056,2049,Codeforces Round 994 (Div. 2)
dreadeye536,399,619,220,13056,2049,Codeforces Round 994 (Div. 2)
EronAt,651,782,131,13056,2049,Codeforces Round 994 (Div. 2)
Ishtiak13579,632,764,132,13056,2049,Codeforces Round 994 (Div. 2)
Shakib.75,765,675,-90,13056,2049,Codeforces Round 994 (Div. 2)
anantmohan51,819,857,38,13056,2049,Codeforces Round 994 (Div. 2)
tsd.,604,520,-84,13056,2049,Codeforces Round 994 (Div. 2)
thesmartkid23,0,359,359,13056,2049,Codeforces Round 994 (Div. 2)
ahnafnafin7,771,681,-90,13056,2049,Codeforces Round 994 (Div. 2)
Joker_face,804,761,-43,13056,2049,Codeforces Round 994 (Div. 2)
jahangir.cp,400,620,220,13056,2049,Codeforces Round 994 (Div. 2)
Zorenth,886,791,-95,13056,2049,Codeforces Round 994 (Div. 2)
Sushiki,587,724,137,13056,2049,Codeforces Round 994 (Div. 2)
weirdo_13,1189,1071,-118,13056,2049,Codeforces Round 994 (Div. 2)
ffollowers623,355,580,225,13056,2049,Codeforces Round 994 (Div. 2)
sahil.g.sharma7,881,876,-5,13056,2049,Codeforces Round 994 (Div. 2)
2021csb1125,932,834,-98,13056,2049,Codeforces Round 994 (Div. 2)
neerajrikhari2002,765,808,43,13056,2049,Codeforces Round 994 (Div. 2)
E_Salohiddin,940,931,-9,13056,2049,Codeforces Round 994 (Div. 2)
xye_dan,906,809,-97,13056,2049,Codeforces Round 994 (Div. 2)
jitendrapranto,1190,1072,-118,13056,2049,Codeforces Round 994 (Div. 2)
yaswanth_gokul,0,359,359,13056,2049,Codeforces Round 994 (Div. 2)
Shrish331,1121,1009,-112,13056,2049,Codeforces Round 994 (Div. 2)
aryan_1974,0,359,359,13056,2049,Codeforces Round 994 (Div. 2)
Piyush_3436,942,843,-99,13056,2049,Codeforces Round 994 (Div. 2)
Origin_77,898,849,-49,13056,2049,Codeforces Round 994 (Div. 2)
7a6t2cq8t7k1,355,580,225,13056,2049,Codeforces Round 994 (Div. 2)
CryptoSaiyan,1023,919,-104,13056,2049,Codeforces Round 994 (Div. 2)
priyabhanderi2,894,845,-49,13056,2049,Codeforces Round 994 (Div. 2)
VKvive,1126,1014,-112,13056,2049,Codeforces Round 994 (Div. 2)
randomcheck,863,769,-94,13056,2049,Codeforces Round 994 (Div. 2)
_Nobara_,954,854,-100,13056,2049,Codeforces Round 994 (Div. 2)
Gods_child_tanish,0,359,359,13056,2049,Codeforces Round 994 (Div. 2)
impiyushkushwaha,826,825,-1,13056,2049,Codeforces Round 994 (Div. 2)
Nitesh_Baniya,642,774,132,13056,2049,Codeforces Round 994 (Div. 2)
AYU0005,0,359,359,13056,2049,Codeforces Round 994 (Div. 2)
ETalien404,596,732,136,13056,2049,Codeforces Round 994 (Div. 2)
sahil.2022ug1010,0,359,359,13056,2049,Codeforces Round 994 (Div. 2)
habibunnisa_05,0,359,359,13056,2049,Codeforces Round 994 (Div. 2)
Practicingrey,571,709,138,13056,2049,Codeforces Round 994 (Div. 2)
yhlloveyyy,0,359,359,13056,2049,Codeforces Round 994 (Div. 2)
itsmeami,978,877,-101,13056,2049,Codeforces Round 994 (Div. 2)
hsay098,776,817,41,13056,2049,Codeforces Round 994 (Div. 2)
nugabald,584,721,137,13056,2049,Codeforces Round 994 (Div. 2)
agrimalgo,0,359,359,13056,2049,Codeforces Round 994 (Div. 2)
advanirohan03,356,581,225,13056,2049,Codeforces Round 994 (Div. 2)
adarshiitk1,892,843,-49,13056,2049,Codeforces Round 994 (Div. 2)
STRANGER_001,647,561,-86,13056,2049,Codeforces Round 994 (Div. 2)
akshayapallapu9195,750,794,44,13056,2049,Codeforces Round 994 (Div. 2)
OneShot256,797,837,40,13056,2049,Codeforces Round 994 (Div. 2)
Vengeance96,607,742,135,13056,2049,Codeforces Round 994 (Div. 2)
joker_30,658,788,130,13056,2049,Codeforces Round 994 (Div. 2)
Mr.Quantum_1915,631,764,133,13056,2049,Codeforces Round 994 (Div. 2)
RubayetRafsan,771,774,3,13056,2049,Codeforces Round 994 (Div. 2)
roshanbinoj,730,642,-88,13056,2049,Codeforces Round 994 (Div. 2)
013_Aman,1364,1227,-137,13056,2049,Codeforces Round 994 (Div. 2)
sujith.M,574,711,137,13056,2049,Codeforces Round 994 (Div. 2)
Ya_Red7,923,915,-8,13056,2049,Codeforces Round 994 (Div. 2)
Chatbot101,810,766,-44,13056,2049,Codeforces Round 994 (Div. 2)
dhanvishah0711,0,359,359,13056,2049,Codeforces Round 994 (Div. 2)
G.Sathwik,0,359,359,13056,2049,Codeforces Round 994 (Div. 2)
isadarsh02,1033,928,-105,13056,2049,Codeforces Round 994 (Div. 2)
rajraushan22904,748,792,44,13056,2049,Codeforces Round 994 (Div. 2)
monster_7464857,383,605,222,13056,2049,Codeforces Round 994 (Div. 2)
AnjaliRajput_23,799,708,-91,13056,2049,Codeforces Round 994 (Div. 2)
new_95,1062,955,-107,13056,2049,Codeforces Round 994 (Div. 2)
Tharun30,961,861,-100,13056,2049,Codeforces Round 994 (Div. 2)
devparth_7,0,359,359,13056,2049,Codeforces Round 994 (Div. 2)
ouster,1179,1062,-117,13056,2049,Codeforces Round 994 (Div. 2)
Thunder_Bird_,646,777,131,13056,2049,Codeforces Round 994 (Div. 2)
Ahmed_JF,890,885,-5,13056,2049,Codeforces Round 994 (Div. 2)
LogicSynth,1429,1284,-145,13056,2049,Codeforces Round 994 (Div. 2)
Little_ap,829,866,37,13056,2049,Codeforces Round 994 (Div. 2)
Rahul_0005,713,760,47,13056,2049,Codeforces Round 994 (Div. 2)
EPICTROLLTOAST,0,359,359,13056,2049,Codeforces Round 994 (Div. 2)
Pranav_2k4,1064,957,-107,13056,2049,Codeforces Round 994 (Div. 2)
H4B1B,771,681,-90,13056,2049,Codeforces Round 994 (Div. 2)
srikrishnakoushik2345,628,761,133,13056,2049,Codeforces Round 994 (Div. 2)
C213236,486,404,-82,13056,2049,Codeforces Round 994 (Div. 2)
Altruistic_doom,829,866,37,13056,2049,Codeforces Round 994 (Div. 2)
EfficientCoder,365,589,224,13056,2049,Codeforces Round 994 (Div. 2)
shivansh_123,794,703,-91,13056,2049,Codeforces Round 994 (Div. 2)
Alimey,459,672,213,13056,2049,Codeforces Round 994 (Div. 2)
NahiBataunga,0,359,359,13056,2049,Codeforces Round 994 (Div. 2)
justaninternetuser,806,806,0,13056,2049,Codeforces Round 994 (Div. 2)
aadit2002nov,403,623,220,13056,2049,Codeforces Round 994 (Div. 2)
vishnu_tomar92,580,717,137,13056,2049,Codeforces Round 994 (Div. 2)
kanishkkk.k,1112,1001,-111,13056,2049,Codeforces Round 994 (Div. 2)
Akshara_Sarma,970,958,-12,13056,2049,Codeforces Round 994 (Div. 2)
AD_053,984,883,-101,13056,2049,Codeforces Round 994 (Div. 2)
Grimshow,1053,947,-106,13056,2049,Codeforces Round 994 (Div. 2)
MEeedOoo,0,359,359,13056,2049,Codeforces Round 994 (Div. 2)
mithila_nowshad,752,663,-89,13056,2049,Codeforces Round 994 (Div. 2)
om7057,961,950,-11,13056,2049,Codeforces Round 994 (Div. 2)
i_m_ayush,387,609,222,13056,2049,Codeforces Round 994 (Div. 2)
taihavodanh,660,790,130,13056,2049,Codeforces Round 994 (Div. 2)
PALEMTEJASWINI,816,854,38,13056,2049,Codeforces Round 994 (Div. 2)
gummadiakshara_22,778,688,-90,13056,2049,Codeforces Round 994 (Div. 2)
Surj,1428,1283,-145,13056,2049,Codeforces Round 994 (Div. 2)
harshprakash__007,828,736,-92,13056,2049,Codeforces Round 994 (Div. 2)
ShuKhi,1046,940,-106,13056,2049,Codeforces Round 994 (Div. 2)
offcyuvi2428,844,842,-2,13056,2049,Codeforces Round 994 (Div. 2)
beacon7,1177,1060,-117,13056,2049,Codeforces Round 994 (Div. 2)
Mirziyobek,578,715,137,13056,2049,Codeforces Round 994 (Div. 2)
.n0t_gloomy.,682,810,128,13056,2049,Codeforces Round 994 (Div. 2)
Expert26,884,789,-95,13056,2049,Codeforces Round 994 (Div. 2)
AB7_,335,562,227,13056,2049,Codeforces Round 994 (Div. 2)
professoramit1533,770,728,-42,13056,2049,Codeforces Round 994 (Div. 2)
bhar_chet,700,613,-87,13056,2049,Codeforces Round 994 (Div. 2)
rudrkadam,943,891,-52,13056,2049,Codeforces Round 994 (Div. 2)
hihry,587,504,-83,13056,2049,Codeforces Round 994 (Div. 2)
UnsignedLine,1017,913,-104,13056,2049,Codeforces Round 994 (Div. 2)
nithishreddynama,353,578,225,13056,2049,Codeforces Round 994 (Div. 2)
chakshu8823,371,594,223,13056,2049,Codeforces Round 994 (Div. 2)
Sidhant08,1176,1059,-117,13056,2049,Codeforces Round 994 (Div. 2)
VSS106396_Manha,569,707,138,13056,2049,Codeforces Round 994 (Div. 2)
tarekra,371,594,223,13056,2049,Codeforces Round 994 (Div. 2)
VSS203199arnav_kumar,843,841,-2,13056,2049,Codeforces Round 994 (Div. 2)
Ippa_Deekshitha,813,769,-44,13056,2049,Codeforces Round 994 (Div. 2)
dishant.ug22,370,594,224,13056,2049,Codeforces Round 994 (Div. 2)
Aparanjith25,877,782,-95,13056,2049,Codeforces Round 994 (Div. 2)
mary_potter,1003,900,-103,13056,2049,Codeforces Round 994 (Div. 2)
pallavi_011,0,359,359,13056,2049,Codeforces Round 994 (Div. 2)
Vijayadudala22,0,359,359,13056,2049,Codeforces Round 994 (Div. 2)
yokoso_dattebayo,960,985,25,13056,2049,Codeforces Round 994 (Div. 2)
Vedanttttt_Pandey,1194,1075,-119,13056,2049,Codeforces Round 994 (Div. 2)
ms.kennedy,981,968,-13,13056,2049,Codeforces Round 994 (Div. 2)
bqka,362,586,224,13056,2049,Codeforces Round 994 (Div. 2)
ihetyou66,367,591,224,13056,2049,Codeforces Round 994 (Div. 2)
liuxinfa666666,973,872,-101,13056,2049,Codeforces Round 994 (Div. 2)
Biswajit_03,587,724,137,13056,2049,Codeforces Round 994 (Div. 2)
evivuri,886,838,-48,13056,2049,Codeforces Round 994 (Div. 2)
Sax_hin,0,359,359,13056,2049,Codeforces Round 994 (Div. 2)
Mr_beliver,807,716,-91,13056,2049,Codeforces Round 994 (Div. 2)
Nishu_verma,925,827,-98,13056,2049,Codeforces Round 994 (Div. 2)
laxmibhardwaj,360,585,225,13056,2049,Codeforces Round 994 (Div. 2)
12217166_Shashank,0,359,359,13056,2049,Codeforces Round 994 (Div. 2)
deadeffect7,1598,1428,-170,13056,2049,Codeforces Round 994 (Div. 2)
Test_case0,0,359,359,13056,2049,Codeforces Round 994 (Div. 2)
ninja_hathorii,635,767,132,13056,2049,Codeforces Round 994 (Div. 2)
Srinivas_K,815,815,0,13056,2049,Codeforces Round 994 (Div. 2)
Astha_Singh0108,1017,913,-104,13056,2049,Codeforces Round 994 (Div. 2)
Tagen,664,578,-86,13056,2049,Codeforces Round 994 (Div. 2)
cftwo11,626,759,133,13056,2049,Codeforces Round 994 (Div. 2)
Chuongtk17,747,791,44,13056,2049,Codeforces Round 994 (Div. 2)
rajarshisarkar.2003.rs,377,600,223,13056,2049,Codeforces Round 994 (Div. 2)
Manav_69,787,828,41,13056,2049,Codeforces Round 994 (Div. 2)
shahria_shirazy,1087,978,-109,13056,2049,Codeforces Round 994 (Div. 2)
serpentmillers429,358,583,225,13056,2049,Codeforces Round 994 (Div. 2)
abhinavsagar___,369,593,224,13056,2049,Codeforces Round 994 (Div. 2)
rajatXnowhere,383,605,222,13056,2049,Codeforces Round 994 (Div. 2)
MIHIR_CHAUDHARI,0,359,359,13056,2049,Codeforces Round 994 (Div. 2)
multi_universe,743,787,44,13056,2049,Codeforces Round 994 (Div. 2)
9Siam138,0,359,359,13056,2049,Codeforces Round 994 (Div. 2)
lucifer0518,637,769,132,13056,2049,Codeforces Round 994 (Div. 2)
hazembellili,835,833,-2,13056,2049,Codeforces Round 994 (Div. 2)
dao.thien21062008a,356,581,225,13056,2049,Codeforces Round 994 (Div. 2)
Road__Runner__,750,661,-89,13056,2049,Codeforces Round 994 (Div. 2)
Dobby_Code,845,752,-93,13056,2049,Codeforces Round 994 (Div. 2)
eslem10,410,629,219,13056,2049,Codeforces Round 994 (Div. 2)
Za_y_an,712,759,47,13056,2049,Codeforces Round 994 (Div. 2)
salar1,608,743,135,13056,2049,Codeforces Round 994 (Div. 2)
TINK_435,773,683,-90,13056,2049,Codeforces Round 994 (Div. 2)
Pukhraj_Motwani,655,569,-86,13056,2049,Codeforces Round 994 (Div. 2)
Madhavi65,0,359,359,13056,2049,Codeforces Round 994 (Div. 2)
chidvilasnaidu,0,359,359,13056,2049,Codeforces Round 994 (Div. 2)
Sushanth_123,1032,927,-105,13056,2049,Codeforces Round 994 (Div. 2)
SIFATCSE_53,834,742,-92,13056,2049,Codeforces Round 994 (Div. 2)
ashim_nurislam,651,566,-85,13056,2049,Codeforces Round 994 (Div. 2)
saigajula9549,373,596,223,13056,2049,Codeforces Round 994 (Div. 2)
ramgupta701,0,359,359,13056,2049,Codeforces Round 994 (Div. 2)
iamloser7777,635,767,132,13056,2049,Codeforces Round 994 (Div. 2)
nipun13,0,359,359,13056,2049,Codeforces Round 994 (Div. 2)
alphaboy,370,594,224,13056,2049,Codeforces Round 994 (Div. 2)
sami1135,369,593,224,13056,2049,Codeforces Round 994 (Div. 2)
worthlessperson,983,882,-101,13056,2049,Codeforces Round 994 (Div. 2)
Sharynx,357,582,225,13056,2049,Codeforces Round 994 (Div. 2)
adithyakumarpokuri978,1013,910,-103,13056,2049,Codeforces Round 994 (Div. 2)
ammuchinnu1505,590,726,136,13056,2049,Codeforces Round 994 (Div. 2)
A_Dead_Man,956,856,-100,13056,2049,Codeforces Round 994 (Div. 2)
Anonymous8942,846,753,-93,13056,2049,Codeforces Round 994 (Div. 2)
pranil26015,804,918,114,13056,2049,Codeforces Round 994 (Div. 2)
abu_abdullah,912,815,-97,13056,2049,Codeforces Round 994 (Div. 2)
ChandraPrakash555,0,359,359,13056,2049,Codeforces Round 994 (Div. 2)
Raad1,532,449,-83,13056,2049,Codeforces Round 994 (Div. 2)
ishikarathore,820,775,-45,13056,2049,Codeforces Round 994 (Div. 2)
t26,993,937,-56,13056,2049,Codeforces Round 994 (Div. 2)
apurvoj_23,1250,1126,-124,13056,2049,Codeforces Round 994 (Div. 2)
12lakshya21,0,359,359,13056,2049,Codeforces Round 994 (Div. 2)
Only_Up_Official,769,811,42,13056,2049,Codeforces Round 994 (Div. 2)
Arnav0806,859,894,35,13056,2049,Codeforces Round 994 (Div. 2)
mollikad39,965,911,-54,13056,2049,Codeforces Round 994 (Div. 2)
not_arghya2003,361,586,225,13056,2049,Codeforces Round 994 (Div. 2)
Zeksy21,918,821,-97,13056,2049,Codeforces Round 994 (Div. 2)
Prit_20,801,802,1,13056,2049,Codeforces Round 994 (Div. 2)
President_of_USA,392,613,221,13056,2049,Codeforces Round 994 (Div. 2)
anil__07dz,643,774,131,13056,2049,Codeforces Round 994 (Div. 2)
prem_sai_20,825,824,-1,13056,2049,Codeforces Round 994 (Div. 2)
MonsterZero,824,823,-1,13056,2049,Codeforces Round 994 (Div. 2)
mursallin.whitehated,746,705,-41,13056,2049,Codeforces Round 994 (Div. 2)
rishitha_3636,873,778,-95,13056,2049,Codeforces Round 994 (Div. 2)
TawratNibir,905,808,-97,13056,2049,Codeforces Round 994 (Div. 2)
akshita-04,892,796,-96,13056,2049,Codeforces Round 994 (Div. 2)
Abdul_momit,583,500,-83,13056,2049,Codeforces Round 994 (Div. 2)
greatguy2008,1507,1351,-156,13056,2049,Codeforces Round 994 (Div. 2)
wohkrishnahai,913,816,-97,13056,2049,Codeforces Round 994 (Div. 2)
kushal_peddinti,0,359,359,13056,2049,Codeforces Round 994 (Div. 2)
manasvi_kyatham,589,725,136,13056,2049,Codeforces Round 994 (Div. 2)
Akshat1108,951,898,-53,13056,2049,Codeforces Round 994 (Div. 2)
retes_tesla2.0,0,359,359,13056,2049,Codeforces Round 994 (Div. 2)
aijaz,889,884,-5,13056,2049,Codeforces Round 994 (Div. 2)
islamsadat308,0,359,359,13056,2049,Codeforces Round 994 (Div. 2)
RoyalChalengersBanglore,1193,1074,-119,13056,2049,Codeforces Round 994 (Div. 2)
b22cs086,1226,1104,-122,13056,2049,Codeforces Round 994 (Div. 2)
veenus2005,384,606,222,13056,2049,Codeforces Round 994 (Div. 2)
raa29,591,727,136,13056,2049,Codeforces Round 994 (Div. 2)
bdyby10001,567,705,138,13056,2049,Codeforces Round 994 (Div. 2)
mukeshsamardhaginne,1088,979,-109,13056,2049,Codeforces Round 994 (Div. 2)
Zeta_function,1158,1043,-115,13056,2049,Codeforces Round 994 (Div. 2)
Harsh2oo3,1221,1100,-121,13056,2049,Codeforces Round 994 (Div. 2)
kunal2030,757,800,43,13056,2049,Codeforces Round 994 (Div. 2)
nikhita28,835,742,-93,13056,2049,Codeforces Round 994 (Div. 2)
Samruddhibg108,720,632,-88,13056,2049,Codeforces Round 994 (Div. 2)
tricky_epithet,425,642,217,13056,2049,Codeforces Round 994 (Div. 2)
Riemann25,455,669,214,13056,2049,Codeforces Round 994 (Div. 2)
Muhammad_Zulkifli,953,854,-99,13056,2049,Codeforces Round 994 (Div. 2)
mamunJi,584,721,137,13056,2049,Codeforces Round 994 (Div. 2)
ascender_mg,750,661,-89,13056,2049,Codeforces Round 994 (Div. 2)
sanskaaar001,1077,969,-108,13056,2049,Codeforces Round 994 (Div. 2)
infinity08,959,948,-11,13056,2049,Codeforces Round 994 (Div. 2)
adnaanonline,708,755,47,13056,2049,Codeforces Round 994 (Div. 2)
nishantawasthi175,798,838,40,13056,2049,Codeforces Round 994 (Div. 2)
chaitanyarawat,1021,917,-104,13056,2049,Codeforces Round 994 (Div. 2)
VIIs,753,664,-89,13056,2049,Codeforces Round 994 (Div. 2)
tibinyte2006,-40,-37,3,15375,2049,Codeforces Round 994 (Div. 2)
zwezdinv,2005,1774,-231,15376,2049,Codeforces Round 994 (Div. 2)
