handle,old_rating,new_rating,change,rank,contest_id,contest_name
orzdevinwang,3529,3707,178,1,2039,"CodeTON Round 9 (Div. 1 + Div. 2, Rated, Prizes!)"
tourist,4009,3993,-16,2,2039,"CodeTON Round 9 (Div. 1 + Div. 2, Rated, Prizes!)"
heuristica,3251,3397,146,3,2039,"CodeTON Round 9 (Div. 1 + Div. 2, Rated, Prizes!)"
Kevin114514,3341,3442,101,4,2039,"CodeTON Round 9 (Div. 1 + Div. 2, Rated, Prizes!)"
maspy,2949,3128,179,5,2039,"CodeTON Round 9 (Div. 1 + Div. 2, Rated, Prizes!)"
Radewoosh,3633,3627,-6,6,2039,"CodeTON Round 9 (Div. 1 + Div. 2, Rated, Prizes!)"
ksun48,3390,3434,44,7,2039,"CodeTON Round 9 (Div. 1 + Div. 2, Rated, Prizes!)"
jiangly,3823,3743,-80,8,2039,"CodeTON Round 9 (Div. 1 + Div. 2, Rated, Prizes!)"
cn449,2666,2873,207,9,2039,"CodeTON Round 9 (Div. 1 + Div. 2, Rated, Prizes!)"
maroonrk,3226,3284,58,10,2039,"CodeTON Round 9 (Div. 1 + Div. 2, Rated, Prizes!)"
244mhq,3040,3137,97,11,2039,"CodeTON Round 9 (Div. 1 + Div. 2, Rated, Prizes!)"
hhhgjyismine,2689,2869,180,12,2039,"CodeTON Round 9 (Div. 1 + Div. 2, Rated, Prizes!)"
le0n,2913,3030,117,13,2039,"CodeTON Round 9 (Div. 1 + Div. 2, Rated, Prizes!)"
qiuzx,2924,3033,109,14,2039,"CodeTON Round 9 (Div. 1 + Div. 2, Rated, Prizes!)"
Ormlis,3184,3222,38,15,2039,"CodeTON Round 9 (Div. 1 + Div. 2, Rated, Prizes!)"
xuanxuan001,2988,3070,82,16,2039,"CodeTON Round 9 (Div. 1 + Div. 2, Rated, Prizes!)"
kotatsugame,3006,3079,73,17,2039,"CodeTON Round 9 (Div. 1 + Div. 2, Rated, Prizes!)"
lexiyvv,2675,2828,153,18,2039,"CodeTON Round 9 (Div. 1 + Div. 2, Rated, Prizes!)"
jiangbowen,3106,3146,40,19,2039,"CodeTON Round 9 (Div. 1 + Div. 2, Rated, Prizes!)"
QwertyPi,2783,2901,118,20,2039,"CodeTON Round 9 (Div. 1 + Div. 2, Rated, Prizes!)"
ecnerwala,3446,3392,-54,21,2039,"CodeTON Round 9 (Div. 1 + Div. 2, Rated, Prizes!)"
A_G,2904,2984,80,22,2039,"CodeTON Round 9 (Div. 1 + Div. 2, Rated, Prizes!)"
RGB_ICPC1,2472,2660,188,23,2039,"CodeTON Round 9 (Div. 1 + Div. 2, Rated, Prizes!)"
grass8sheep,2728,2846,118,24,2039,"CodeTON Round 9 (Div. 1 + Div. 2, Rated, Prizes!)"
emptyhope,3127,3141,14,25,2039,"CodeTON Round 9 (Div. 1 + Div. 2, Rated, Prizes!)"
Tony2_CF,2405,2601,196,26,2039,"CodeTON Round 9 (Div. 1 + Div. 2, Rated, Prizes!)"
matchalover,1662,2160,498,27,2039,"CodeTON Round 9 (Div. 1 + Div. 2, Rated, Prizes!)"
Pyqe,2774,2869,95,28,2039,"CodeTON Round 9 (Div. 1 + Div. 2, Rated, Prizes!)"
Otomachi_Una,2645,2771,126,29,2039,"CodeTON Round 9 (Div. 1 + Div. 2, Rated, Prizes!)"
arvindf232,3139,3137,-2,30,2039,"CodeTON Round 9 (Div. 1 + Div. 2, Rated, Prizes!)"
hos.lyric,3349,3291,-58,31,2039,"CodeTON Round 9 (Div. 1 + Div. 2, Rated, Prizes!)"
BurnedChicken,3060,3073,13,32,2039,"CodeTON Round 9 (Div. 1 + Div. 2, Rated, Prizes!)"
-Eternity-,2971,3004,33,33,2039,"CodeTON Round 9 (Div. 1 + Div. 2, Rated, Prizes!)"
Hamed_Ghaffari,2371,2557,186,34,2039,"CodeTON Round 9 (Div. 1 + Div. 2, Rated, Prizes!)"
Fido_Puppy,2696,2794,98,35,2039,"CodeTON Round 9 (Div. 1 + Div. 2, Rated, Prizes!)"
Flamire,2885,2933,48,36,2039,"CodeTON Round 9 (Div. 1 + Div. 2, Rated, Prizes!)"
Benq,3738,3564,-174,37,2039,"CodeTON Round 9 (Div. 1 + Div. 2, Rated, Prizes!)"
potato167,3124,3108,-16,38,2039,"CodeTON Round 9 (Div. 1 + Div. 2, Rated, Prizes!)"
cmk666,2830,2886,56,39,2039,"CodeTON Round 9 (Div. 1 + Div. 2, Rated, Prizes!)"
ORzyzRO,2512,2648,136,40,2039,"CodeTON Round 9 (Div. 1 + Div. 2, Rated, Prizes!)"
taeyeon_ss,2540,2667,127,41,2039,"CodeTON Round 9 (Div. 1 + Div. 2, Rated, Prizes!)"
andrei_boaca,2531,2658,127,42,2039,"CodeTON Round 9 (Div. 1 + Div. 2, Rated, Prizes!)"
alireza_kaviani,2826,2876,50,43,2039,"CodeTON Round 9 (Div. 1 + Div. 2, Rated, Prizes!)"
Error_Yuan,2284,2474,190,44,2039,"CodeTON Round 9 (Div. 1 + Div. 2, Rated, Prizes!)"
Merripium,2636,2731,95,45,2039,"CodeTON Round 9 (Div. 1 + Div. 2, Rated, Prizes!)"
cxm1024,2662,2749,87,46,2039,"CodeTON Round 9 (Div. 1 + Div. 2, Rated, Prizes!)"
conqueror_of_tourist,3260,3194,-66,47,2039,"CodeTON Round 9 (Div. 1 + Div. 2, Rated, Prizes!)"
afuafu,2391,2545,154,48,2039,"CodeTON Round 9 (Div. 1 + Div. 2, Rated, Prizes!)"
Dominater069,2842,2878,36,49,2039,"CodeTON Round 9 (Div. 1 + Div. 2, Rated, Prizes!)"
Rubikun,3001,2996,-5,50,2039,"CodeTON Round 9 (Div. 1 + Div. 2, Rated, Prizes!)"
CaijiMK,2169,2415,246,51,2039,"CodeTON Round 9 (Div. 1 + Div. 2, Rated, Prizes!)"
zjy2008,2715,2779,64,51,2039,"CodeTON Round 9 (Div. 1 + Div. 2, Rated, Prizes!)"
BalintR,2748,2802,54,53,2039,"CodeTON Round 9 (Div. 1 + Div. 2, Rated, Prizes!)"
dl720125,2888,2906,18,54,2039,"CodeTON Round 9 (Div. 1 + Div. 2, Rated, Prizes!)"
PersistentLife,2648,2725,77,55,2039,"CodeTON Round 9 (Div. 1 + Div. 2, Rated, Prizes!)"
_lbw_,2693,2757,64,56,2039,"CodeTON Round 9 (Div. 1 + Div. 2, Rated, Prizes!)"
Golovanov399,2802,2837,35,57,2039,"CodeTON Round 9 (Div. 1 + Div. 2, Rated, Prizes!)"
harukanasora,2226,2470,244,58,2039,"CodeTON Round 9 (Div. 1 + Div. 2, Rated, Prizes!)"
Chinese_zjc_,2673,2738,65,59,2039,"CodeTON Round 9 (Div. 1 + Div. 2, Rated, Prizes!)"
bashkort,2911,2915,4,60,2039,"CodeTON Round 9 (Div. 1 + Div. 2, Rated, Prizes!)"
rin204,2820,2846,26,61,2039,"CodeTON Round 9 (Div. 1 + Div. 2, Rated, Prizes!)"
_acsm_,2464,2579,115,62,2039,"CodeTON Round 9 (Div. 1 + Div. 2, Rated, Prizes!)"
TRDOG,2296,2456,160,63,2039,"CodeTON Round 9 (Div. 1 + Div. 2, Rated, Prizes!)"
Z-301,2781,2813,32,64,2039,"CodeTON Round 9 (Div. 1 + Div. 2, Rated, Prizes!)"
Numbering,2545,2636,91,65,2039,"CodeTON Round 9 (Div. 1 + Div. 2, Rated, Prizes!)"
Zanite,2372,2507,135,66,2039,"CodeTON Round 9 (Div. 1 + Div. 2, Rated, Prizes!)"
RanRankeainie,2671,2727,56,67,2039,"CodeTON Round 9 (Div. 1 + Div. 2, Rated, Prizes!)"
Brovko,2782,2809,27,68,2039,"CodeTON Round 9 (Div. 1 + Div. 2, Rated, Prizes!)"
ainta,2881,2882,1,69,2039,"CodeTON Round 9 (Div. 1 + Div. 2, Rated, Prizes!)"
noimi,2962,2942,-20,70,2039,"CodeTON Round 9 (Div. 1 + Div. 2, Rated, Prizes!)"
Hell2Evator,2323,2466,143,71,2039,"CodeTON Round 9 (Div. 1 + Div. 2, Rated, Prizes!)"
w2y51c318,2277,2468,191,72,2039,"CodeTON Round 9 (Div. 1 + Div. 2, Rated, Prizes!)"
yuto1115,2857,2860,3,73,2039,"CodeTON Round 9 (Div. 1 + Div. 2, Rated, Prizes!)"
win114514,2461,2564,103,74,2039,"CodeTON Round 9 (Div. 1 + Div. 2, Rated, Prizes!)"
ugly2333,3127,3061,-66,75,2039,"CodeTON Round 9 (Div. 1 + Div. 2, Rated, Prizes!)"
sheyasutaka,1472,1949,477,76,2039,"CodeTON Round 9 (Div. 1 + Div. 2, Rated, Prizes!)"
qwef_,2545,2623,78,77,2039,"CodeTON Round 9 (Div. 1 + Div. 2, Rated, Prizes!)"
ParsaDox,2558,2632,74,78,2039,"CodeTON Round 9 (Div. 1 + Div. 2, Rated, Prizes!)"
OIer_kzc,2701,2737,36,79,2039,"CodeTON Round 9 (Div. 1 + Div. 2, Rated, Prizes!)"
risujiroh,2685,2724,39,80,2039,"CodeTON Round 9 (Div. 1 + Div. 2, Rated, Prizes!)"
SanguineChameleon,2716,2747,31,81,2039,"CodeTON Round 9 (Div. 1 + Div. 2, Rated, Prizes!)"
henotrix,2271,2418,147,82,2039,"CodeTON Round 9 (Div. 1 + Div. 2, Rated, Prizes!)"
NKheyuxiang,2436,2537,101,83,2039,"CodeTON Round 9 (Div. 1 + Div. 2, Rated, Prizes!)"
MeGustaElArroz23,2479,2568,89,84,2039,"CodeTON Round 9 (Div. 1 + Div. 2, Rated, Prizes!)"
piggy123,2435,2534,99,85,2039,"CodeTON Round 9 (Div. 1 + Div. 2, Rated, Prizes!)"
hxhhxh,2594,2651,57,86,2039,"CodeTON Round 9 (Div. 1 + Div. 2, Rated, Prizes!)"
Nityacke,2111,2299,188,87,2039,"CodeTON Round 9 (Div. 1 + Div. 2, Rated, Prizes!)"
leukocyte,2558,2623,65,87,2039,"CodeTON Round 9 (Div. 1 + Div. 2, Rated, Prizes!)"
Link_Cut_qwq,2285,2421,136,89,2039,"CodeTON Round 9 (Div. 1 + Div. 2, Rated, Prizes!)"
Midnights,2426,2523,97,90,2039,"CodeTON Round 9 (Div. 1 + Div. 2, Rated, Prizes!)"
lyx123886a123886,2325,2449,124,91,2039,"CodeTON Round 9 (Div. 1 + Div. 2, Rated, Prizes!)"
Vincella,1892,2202,310,92,2039,"CodeTON Round 9 (Div. 1 + Div. 2, Rated, Prizes!)"
siganai,2655,2691,36,93,2039,"CodeTON Round 9 (Div. 1 + Div. 2, Rated, Prizes!)"
xingyu_xuan,1427,1901,474,94,2039,"CodeTON Round 9 (Div. 1 + Div. 2, Rated, Prizes!)"
Gabp,2243,2386,143,95,2039,"CodeTON Round 9 (Div. 1 + Div. 2, Rated, Prizes!)"
Rosmontis,2138,2368,230,96,2039,"CodeTON Round 9 (Div. 1 + Div. 2, Rated, Prizes!)"
awu,2412,2507,95,97,2039,"CodeTON Round 9 (Div. 1 + Div. 2, Rated, Prizes!)"
Zhouershan,2572,2625,53,98,2039,"CodeTON Round 9 (Div. 1 + Div. 2, Rated, Prizes!)"
hyman00,2744,2753,9,99,2039,"CodeTON Round 9 (Div. 1 + Div. 2, Rated, Prizes!)"
JoesSR,3070,2997,-73,100,2039,"CodeTON Round 9 (Div. 1 + Div. 2, Rated, Prizes!)"
KroosTheKeenGlint,2548,2605,57,101,2039,"CodeTON Round 9 (Div. 1 + Div. 2, Rated, Prizes!)"
A_zjzj,2802,2794,-8,102,2039,"CodeTON Round 9 (Div. 1 + Div. 2, Rated, Prizes!)"
neal,2902,2868,-34,103,2039,"CodeTON Round 9 (Div. 1 + Div. 2, Rated, Prizes!)"
peti1234,3112,3025,-87,104,2039,"CodeTON Round 9 (Div. 1 + Div. 2, Rated, Prizes!)"
potatoo,2428,2513,85,105,2039,"CodeTON Round 9 (Div. 1 + Div. 2, Rated, Prizes!)"
vwxyz0,2288,2410,122,106,2039,"CodeTON Round 9 (Div. 1 + Div. 2, Rated, Prizes!)"
gyydp123_LIM,2315,2429,114,107,2039,"CodeTON Round 9 (Div. 1 + Div. 2, Rated, Prizes!)"
ningning,2151,2311,160,108,2039,"CodeTON Round 9 (Div. 1 + Div. 2, Rated, Prizes!)"
HIR180,2815,2799,-16,109,2039,"CodeTON Round 9 (Div. 1 + Div. 2, Rated, Prizes!)"
xuyifei1,2402,2490,88,110,2039,"CodeTON Round 9 (Div. 1 + Div. 2, Rated, Prizes!)"
emthrm,2478,2546,68,111,2039,"CodeTON Round 9 (Div. 1 + Div. 2, Rated, Prizes!)"
_Purslane_,2613,2645,32,112,2039,"CodeTON Round 9 (Div. 1 + Div. 2, Rated, Prizes!)"
anmichi,2616,2647,31,113,2039,"CodeTON Round 9 (Div. 1 + Div. 2, Rated, Prizes!)"
Nachia,3234,3109,-125,114,2039,"CodeTON Round 9 (Div. 1 + Div. 2, Rated, Prizes!)"
OtNlmOFx,700,1382,682,114,2039,"CodeTON Round 9 (Div. 1 + Div. 2, Rated, Prizes!)"
Markadiusz,2338,2439,101,116,2039,"CodeTON Round 9 (Div. 1 + Div. 2, Rated, Prizes!)"
Tlatoani,2658,2676,18,117,2039,"CodeTON Round 9 (Div. 1 + Div. 2, Rated, Prizes!)"
irkstepanov,2362,2456,94,118,2039,"CodeTON Round 9 (Div. 1 + Div. 2, Rated, Prizes!)"
Junz_LJL,2247,2372,125,119,2039,"CodeTON Round 9 (Div. 1 + Div. 2, Rated, Prizes!)"
Endagorion,3028,2952,-76,120,2039,"CodeTON Round 9 (Div. 1 + Div. 2, Rated, Prizes!)"
Miracle_Creater,1906,2191,285,121,2039,"CodeTON Round 9 (Div. 1 + Div. 2, Rated, Prizes!)"
Muelsyse,2462,2527,65,122,2039,"CodeTON Round 9 (Div. 1 + Div. 2, Rated, Prizes!)"
rniya,2649,2665,16,123,2039,"CodeTON Round 9 (Div. 1 + Div. 2, Rated, Prizes!)"
Sai_t,2401,2480,79,124,2039,"CodeTON Round 9 (Div. 1 + Div. 2, Rated, Prizes!)"
xianboyu,2536,2580,44,125,2039,"CodeTON Round 9 (Div. 1 + Div. 2, Rated, Prizes!)"
include_BM,2180,2319,139,126,2039,"CodeTON Round 9 (Div. 1 + Div. 2, Rated, Prizes!)"
feeder1,2513,2561,48,127,2039,"CodeTON Round 9 (Div. 1 + Div. 2, Rated, Prizes!)"
chinerist,2645,2659,14,128,2039,"CodeTON Round 9 (Div. 1 + Div. 2, Rated, Prizes!)"
sansen,2713,2709,-4,129,2039,"CodeTON Round 9 (Div. 1 + Div. 2, Rated, Prizes!)"
BreakPlus,2281,2389,108,130,2039,"CodeTON Round 9 (Div. 1 + Div. 2, Rated, Prizes!)"
H_stove,2684,2687,3,131,2039,"CodeTON Round 9 (Div. 1 + Div. 2, Rated, Prizes!)"
shiomusubi496,2909,2855,-54,132,2039,"CodeTON Round 9 (Div. 1 + Div. 2, Rated, Prizes!)"
elhoicyv,2237,2356,119,133,2039,"CodeTON Round 9 (Div. 1 + Div. 2, Rated, Prizes!)"
EasonTAO,2618,2636,18,134,2039,"CodeTON Round 9 (Div. 1 + Div. 2, Rated, Prizes!)"
fr200110217102,2280,2386,106,135,2039,"CodeTON Round 9 (Div. 1 + Div. 2, Rated, Prizes!)"
Rayo,2118,2269,151,136,2039,"CodeTON Round 9 (Div. 1 + Div. 2, Rated, Prizes!)"
asgcd,2442,2502,60,137,2039,"CodeTON Round 9 (Div. 1 + Div. 2, Rated, Prizes!)"
Forested,2862,2817,-45,137,2039,"CodeTON Round 9 (Div. 1 + Div. 2, Rated, Prizes!)"
makrav,2524,2563,39,139,2039,"CodeTON Round 9 (Div. 1 + Div. 2, Rated, Prizes!)"
Sugar_fan,3090,2987,-103,140,2039,"CodeTON Round 9 (Div. 1 + Div. 2, Rated, Prizes!)"
zltzlt,2628,2639,11,141,2039,"CodeTON Round 9 (Div. 1 + Div. 2, Rated, Prizes!)"
toam,2661,2663,2,142,2039,"CodeTON Round 9 (Div. 1 + Div. 2, Rated, Prizes!)"
8Conan8,2314,2406,92,143,2039,"CodeTON Round 9 (Div. 1 + Div. 2, Rated, Prizes!)"
nullptr_qwq,2452,2506,54,144,2039,"CodeTON Round 9 (Div. 1 + Div. 2, Rated, Prizes!)"
interlude,2143,2282,139,144,2039,"CodeTON Round 9 (Div. 1 + Div. 2, Rated, Prizes!)"
0x0002,2278,2378,100,146,2039,"CodeTON Round 9 (Div. 1 + Div. 2, Rated, Prizes!)"
DerrickLo,2240,2350,110,147,2039,"CodeTON Round 9 (Div. 1 + Div. 2, Rated, Prizes!)"
green_gold_dog,2777,2748,-29,148,2039,"CodeTON Round 9 (Div. 1 + Div. 2, Rated, Prizes!)"
Misumi_aoi,1952,2147,195,149,2039,"CodeTON Round 9 (Div. 1 + Div. 2, Rated, Prizes!)"
Caylex,2182,2307,125,150,2039,"CodeTON Round 9 (Div. 1 + Div. 2, Rated, Prizes!)"
Noam527,2799,2763,-36,151,2039,"CodeTON Round 9 (Div. 1 + Div. 2, Rated, Prizes!)"
MAKMED1337,2353,2429,76,152,2039,"CodeTON Round 9 (Div. 1 + Div. 2, Rated, Prizes!)"
TKT_YI,2798,2760,-38,153,2039,"CodeTON Round 9 (Div. 1 + Div. 2, Rated, Prizes!)"
fcw,2167,2294,127,153,2039,"CodeTON Round 9 (Div. 1 + Div. 2, Rated, Prizes!)"
BEAR0131,2829,2783,-46,155,2039,"CodeTON Round 9 (Div. 1 + Div. 2, Rated, Prizes!)"
Dart-Xeyter,2370,2440,70,156,2039,"CodeTON Round 9 (Div. 1 + Div. 2, Rated, Prizes!)"
Omer223,2461,2507,46,157,2039,"CodeTON Round 9 (Div. 1 + Div. 2, Rated, Prizes!)"
Raiden_Mei_,2268,2364,96,158,2039,"CodeTON Round 9 (Div. 1 + Div. 2, Rated, Prizes!)"
Fysty,2667,2659,-8,158,2039,"CodeTON Round 9 (Div. 1 + Div. 2, Rated, Prizes!)"
katyaporay,2381,2446,65,160,2039,"CodeTON Round 9 (Div. 1 + Div. 2, Rated, Prizes!)"
JeanBombeur,2444,2492,48,161,2039,"CodeTON Round 9 (Div. 1 + Div. 2, Rated, Prizes!)"
zdc123456,2327,2405,78,162,2039,"CodeTON Round 9 (Div. 1 + Div. 2, Rated, Prizes!)"
Xylenox,2833,2782,-51,162,2039,"CodeTON Round 9 (Div. 1 + Div. 2, Rated, Prizes!)"
cfhj,2455,2499,44,164,2039,"CodeTON Round 9 (Div. 1 + Div. 2, Rated, Prizes!)"
Maksim1744,2924,2850,-74,165,2039,"CodeTON Round 9 (Div. 1 + Div. 2, Rated, Prizes!)"
LittleOrange666,2189,2304,115,166,2039,"CodeTON Round 9 (Div. 1 + Div. 2, Rated, Prizes!)"
MYFJCHX,2229,2332,103,167,2039,"CodeTON Round 9 (Div. 1 + Div. 2, Rated, Prizes!)"
cerberus97,2495,2527,32,168,2039,"CodeTON Round 9 (Div. 1 + Div. 2, Rated, Prizes!)"
Iztrx,2544,2562,18,169,2039,"CodeTON Round 9 (Div. 1 + Div. 2, Rated, Prizes!)"
awesomeguy856,2258,2351,93,169,2039,"CodeTON Round 9 (Div. 1 + Div. 2, Rated, Prizes!)"
shenfe1,2281,2368,87,169,2039,"CodeTON Round 9 (Div. 1 + Div. 2, Rated, Prizes!)"
Handsome2004,2256,2349,93,172,2039,"CodeTON Round 9 (Div. 1 + Div. 2, Rated, Prizes!)"
damjandavkov,2406,2458,52,173,2039,"CodeTON Round 9 (Div. 1 + Div. 2, Rated, Prizes!)"
TAIYANGFENG,2236,2333,97,174,2039,"CodeTON Round 9 (Div. 1 + Div. 2, Rated, Prizes!)"
liympanda,2740,2707,-33,174,2039,"CodeTON Round 9 (Div. 1 + Div. 2, Rated, Prizes!)"
Alex239,1801,2030,229,176,2039,"CodeTON Round 9 (Div. 1 + Div. 2, Rated, Prizes!)"
Amoo_Safar,2867,2802,-65,176,2039,"CodeTON Round 9 (Div. 1 + Div. 2, Rated, Prizes!)"
milisav,2538,2554,16,178,2039,"CodeTON Round 9 (Div. 1 + Div. 2, Rated, Prizes!)"
fuppy,2535,2551,16,179,2039,"CodeTON Round 9 (Div. 1 + Div. 2, Rated, Prizes!)"
darkkcyan,2105,2238,133,180,2039,"CodeTON Round 9 (Div. 1 + Div. 2, Rated, Prizes!)"
kes0716,2469,2501,32,181,2039,"CodeTON Round 9 (Div. 1 + Div. 2, Rated, Prizes!)"
rama_pang,2591,2592,1,182,2039,"CodeTON Round 9 (Div. 1 + Div. 2, Rated, Prizes!)"
lmh_qwq,2581,2584,3,183,2039,"CodeTON Round 9 (Div. 1 + Div. 2, Rated, Prizes!)"
PinkieRabbit,2901,2824,-77,184,2039,"CodeTON Round 9 (Div. 1 + Div. 2, Rated, Prizes!)"
loan,2308,2381,73,185,2039,"CodeTON Round 9 (Div. 1 + Div. 2, Rated, Prizes!)"
zmy_,2286,2365,79,186,2039,"CodeTON Round 9 (Div. 1 + Div. 2, Rated, Prizes!)"
null0001,2221,2317,96,187,2039,"CodeTON Round 9 (Div. 1 + Div. 2, Rated, Prizes!)"
79brue,2515,2533,18,188,2039,"CodeTON Round 9 (Div. 1 + Div. 2, Rated, Prizes!)"
wifiiii,2617,2609,-8,189,2039,"CodeTON Round 9 (Div. 1 + Div. 2, Rated, Prizes!)"
fangzhijian2020,2411,2455,44,190,2039,"CodeTON Round 9 (Div. 1 + Div. 2, Rated, Prizes!)"
trybetter,2420,2461,41,191,2039,"CodeTON Round 9 (Div. 1 + Div. 2, Rated, Prizes!)"
TadijaSebez,2684,2658,-26,192,2039,"CodeTON Round 9 (Div. 1 + Div. 2, Rated, Prizes!)"
KostasKostil,2622,2611,-11,193,2039,"CodeTON Round 9 (Div. 1 + Div. 2, Rated, Prizes!)"
abc864197532,2655,2636,-19,194,2039,"CodeTON Round 9 (Div. 1 + Div. 2, Rated, Prizes!)"
Miko35,2399,2444,45,195,2039,"CodeTON Round 9 (Div. 1 + Div. 2, Rated, Prizes!)"
_ZhangJL_,1771,2000,229,196,2039,"CodeTON Round 9 (Div. 1 + Div. 2, Rated, Prizes!)"
hxano,2152,2264,112,197,2039,"CodeTON Round 9 (Div. 1 + Div. 2, Rated, Prizes!)"
AFOier,2201,2298,97,198,2039,"CodeTON Round 9 (Div. 1 + Div. 2, Rated, Prizes!)"
Nikitosh,2529,2539,10,199,2039,"CodeTON Round 9 (Div. 1 + Div. 2, Rated, Prizes!)"
Tobo,2201,2297,96,200,2039,"CodeTON Round 9 (Div. 1 + Div. 2, Rated, Prizes!)"
yoav_s,2345,2402,57,201,2039,"CodeTON Round 9 (Div. 1 + Div. 2, Rated, Prizes!)"
myoi0905,2227,2315,88,202,2039,"CodeTON Round 9 (Div. 1 + Div. 2, Rated, Prizes!)"
Cai_Guang,2231,2318,87,203,2039,"CodeTON Round 9 (Div. 1 + Div. 2, Rated, Prizes!)"
kostylevGO,2464,2489,25,204,2039,"CodeTON Round 9 (Div. 1 + Div. 2, Rated, Prizes!)"
YocyCraft,2729,2687,-42,205,2039,"CodeTON Round 9 (Div. 1 + Div. 2, Rated, Prizes!)"
Halzion,2451,2478,27,206,2039,"CodeTON Round 9 (Div. 1 + Div. 2, Rated, Prizes!)"
ghj1222,2137,2249,112,207,2039,"CodeTON Round 9 (Div. 1 + Div. 2, Rated, Prizes!)"
Rosabel,2169,2271,102,208,2039,"CodeTON Round 9 (Div. 1 + Div. 2, Rated, Prizes!)"
Ch.II,2244,2325,81,209,2039,"CodeTON Round 9 (Div. 1 + Div. 2, Rated, Prizes!)"
keisuke6,2409,2445,36,210,2039,"CodeTON Round 9 (Div. 1 + Div. 2, Rated, Prizes!)"
baoziiii1224,1982,2139,157,210,2039,"CodeTON Round 9 (Div. 1 + Div. 2, Rated, Prizes!)"
CepryH9,2154,2259,105,212,2039,"CodeTON Round 9 (Div. 1 + Div. 2, Rated, Prizes!)"
Waldi,2487,2502,15,213,2039,"CodeTON Round 9 (Div. 1 + Div. 2, Rated, Prizes!)"
dkhve,2288,2355,67,214,2039,"CodeTON Round 9 (Div. 1 + Div. 2, Rated, Prizes!)"
KumaTachiRen,2393,2431,38,215,2039,"CodeTON Round 9 (Div. 1 + Div. 2, Rated, Prizes!)"
adam01,2305,2367,62,215,2039,"CodeTON Round 9 (Div. 1 + Div. 2, Rated, Prizes!)"
Zimse2024,2439,2465,26,217,2039,"CodeTON Round 9 (Div. 1 + Div. 2, Rated, Prizes!)"
diandian2020,2420,2450,30,218,2039,"CodeTON Round 9 (Div. 1 + Div. 2, Rated, Prizes!)"
mhb2010,2251,2326,75,218,2039,"CodeTON Round 9 (Div. 1 + Div. 2, Rated, Prizes!)"
raincity,1441,1841,400,220,2039,"CodeTON Round 9 (Div. 1 + Div. 2, Rated, Prizes!)"
limanjun,2461,2480,19,221,2039,"CodeTON Round 9 (Div. 1 + Div. 2, Rated, Prizes!)"
kevinyang,2491,2501,10,222,2039,"CodeTON Round 9 (Div. 1 + Div. 2, Rated, Prizes!)"
MateiKing80,2145,2248,103,222,2039,"CodeTON Round 9 (Div. 1 + Div. 2, Rated, Prizes!)"
mtsd,2694,2654,-40,222,2039,"CodeTON Round 9 (Div. 1 + Div. 2, Rated, Prizes!)"
ikaurov,2550,2545,-5,225,2039,"CodeTON Round 9 (Div. 1 + Div. 2, Rated, Prizes!)"
PeruvianCartel,2295,2356,61,226,2039,"CodeTON Round 9 (Div. 1 + Div. 2, Rated, Prizes!)"
bro_jie,2350,2396,46,227,2039,"CodeTON Round 9 (Div. 1 + Div. 2, Rated, Prizes!)"
Ari,2349,2394,45,228,2039,"CodeTON Round 9 (Div. 1 + Div. 2, Rated, Prizes!)"
_Roxy,1909,2081,172,228,2039,"CodeTON Round 9 (Div. 1 + Div. 2, Rated, Prizes!)"
uwu,2585,2570,-15,230,2039,"CodeTON Round 9 (Div. 1 + Div. 2, Rated, Prizes!)"
Imdie,2196,2282,86,231,2039,"CodeTON Round 9 (Div. 1 + Div. 2, Rated, Prizes!)"
pooty,2428,2452,24,232,2039,"CodeTON Round 9 (Div. 1 + Div. 2, Rated, Prizes!)"
E_fireworks,2703,2658,-45,233,2039,"CodeTON Round 9 (Div. 1 + Div. 2, Rated, Prizes!)"
Agua_Podrida,2182,2271,89,234,2039,"CodeTON Round 9 (Div. 1 + Div. 2, Rated, Prizes!)"
Alex2184,2171,2263,92,234,2039,"CodeTON Round 9 (Div. 1 + Div. 2, Rated, Prizes!)"
prins,2285,2345,60,236,2039,"CodeTON Round 9 (Div. 1 + Div. 2, Rated, Prizes!)"
Temotoloraia,2690,2647,-43,237,2039,"CodeTON Round 9 (Div. 1 + Div. 2, Rated, Prizes!)"
siina_masiro,0,825,825,237,2039,"CodeTON Round 9 (Div. 1 + Div. 2, Rated, Prizes!)"
operator_,2212,2291,79,239,2039,"CodeTON Round 9 (Div. 1 + Div. 2, Rated, Prizes!)"
Zeyush,1947,2104,157,240,2039,"CodeTON Round 9 (Div. 1 + Div. 2, Rated, Prizes!)"
syx2567,2659,2622,-37,241,2039,"CodeTON Round 9 (Div. 1 + Div. 2, Rated, Prizes!)"
Andy_Lin,2389,2420,31,242,2039,"CodeTON Round 9 (Div. 1 + Div. 2, Rated, Prizes!)"
busamate,2341,2384,43,243,2039,"CodeTON Round 9 (Div. 1 + Div. 2, Rated, Prizes!)"
CHYYYY,2209,2287,78,243,2039,"CodeTON Round 9 (Div. 1 + Div. 2, Rated, Prizes!)"
Bluble,2193,2276,83,245,2039,"CodeTON Round 9 (Div. 1 + Div. 2, Rated, Prizes!)"
alvingogo,2682,2638,-44,246,2039,"CodeTON Round 9 (Div. 1 + Div. 2, Rated, Prizes!)"
mxj_helen,2132,2231,99,247,2039,"CodeTON Round 9 (Div. 1 + Div. 2, Rated, Prizes!)"
tute7627,2802,2728,-74,248,2039,"CodeTON Round 9 (Div. 1 + Div. 2, Rated, Prizes!)"
stasio6,2396,2423,27,249,2039,"CodeTON Round 9 (Div. 1 + Div. 2, Rated, Prizes!)"
minaduki_maple,2177,2262,85,250,2039,"CodeTON Round 9 (Div. 1 + Div. 2, Rated, Prizes!)"
CDuongg,2291,2345,54,251,2039,"CodeTON Round 9 (Div. 1 + Div. 2, Rated, Prizes!)"
Sorting,2550,2537,-13,251,2039,"CodeTON Round 9 (Div. 1 + Div. 2, Rated, Prizes!)"
Drimpossible,1926,2084,158,253,2039,"CodeTON Round 9 (Div. 1 + Div. 2, Rated, Prizes!)"
Ilya_MSU,2369,2402,33,253,2039,"CodeTON Round 9 (Div. 1 + Div. 2, Rated, Prizes!)"
lcyxds,2373,2404,31,255,2039,"CodeTON Round 9 (Div. 1 + Div. 2, Rated, Prizes!)"
TimDee,2376,2406,30,256,2039,"CodeTON Round 9 (Div. 1 + Div. 2, Rated, Prizes!)"
Rigel__,2163,2250,87,257,2039,"CodeTON Round 9 (Div. 1 + Div. 2, Rated, Prizes!)"
HHY_zZhu,2478,2482,4,258,2039,"CodeTON Round 9 (Div. 1 + Div. 2, Rated, Prizes!)"
LoboLobo,2321,2364,43,258,2039,"CodeTON Round 9 (Div. 1 + Div. 2, Rated, Prizes!)"
limithym,2172,2256,84,260,2039,"CodeTON Round 9 (Div. 1 + Div. 2, Rated, Prizes!)"
555105,2261,2320,59,261,2039,"CodeTON Round 9 (Div. 1 + Div. 2, Rated, Prizes!)"
Graygoo_401,2357,2390,33,262,2039,"CodeTON Round 9 (Div. 1 + Div. 2, Rated, Prizes!)"
GOTKAKO,2268,2325,57,263,2039,"CodeTON Round 9 (Div. 1 + Div. 2, Rated, Prizes!)"
Ra16bit,2495,2492,-3,264,2039,"CodeTON Round 9 (Div. 1 + Div. 2, Rated, Prizes!)"
qwq123,2386,2411,25,264,2039,"CodeTON Round 9 (Div. 1 + Div. 2, Rated, Prizes!)"
eill,758,1345,587,264,2039,"CodeTON Round 9 (Div. 1 + Div. 2, Rated, Prizes!)"
LordVoIdebug,2062,2175,113,267,2039,"CodeTON Round 9 (Div. 1 + Div. 2, Rated, Prizes!)"
nuip,2534,2520,-14,268,2039,"CodeTON Round 9 (Div. 1 + Div. 2, Rated, Prizes!)"
SpadeA261,2177,2257,80,269,2039,"CodeTON Round 9 (Div. 1 + Div. 2, Rated, Prizes!)"
Nutella3000,2385,2409,24,270,2039,"CodeTON Round 9 (Div. 1 + Div. 2, Rated, Prizes!)"
BlueBottle,2292,2340,48,271,2039,"CodeTON Round 9 (Div. 1 + Div. 2, Rated, Prizes!)"
ZzzzRKkkkkRrrrr,2354,2385,31,271,2039,"CodeTON Round 9 (Div. 1 + Div. 2, Rated, Prizes!)"
YuukiS,2362,2391,29,273,2039,"CodeTON Round 9 (Div. 1 + Div. 2, Rated, Prizes!)"
Mans-21,2217,2284,67,274,2039,"CodeTON Round 9 (Div. 1 + Div. 2, Rated, Prizes!)"
DeadlyCritic,2380,2404,24,275,2039,"CodeTON Round 9 (Div. 1 + Div. 2, Rated, Prizes!)"
yh2022lyj,2061,2171,110,276,2039,"CodeTON Round 9 (Div. 1 + Div. 2, Rated, Prizes!)"
reedef,2524,2510,-14,277,2039,"CodeTON Round 9 (Div. 1 + Div. 2, Rated, Prizes!)"
TLEwpdus,2938,2822,-116,278,2039,"CodeTON Round 9 (Div. 1 + Div. 2, Rated, Prizes!)"
bezime,2096,2195,99,279,2039,"CodeTON Round 9 (Div. 1 + Div. 2, Rated, Prizes!)"
okwedook,2358,2386,28,280,2039,"CodeTON Round 9 (Div. 1 + Div. 2, Rated, Prizes!)"
sichengzhou,2199,2269,70,281,2039,"CodeTON Round 9 (Div. 1 + Div. 2, Rated, Prizes!)"
Andreasyan,2629,2589,-40,282,2039,"CodeTON Round 9 (Div. 1 + Div. 2, Rated, Prizes!)"
ETO_leader,2160,2240,80,283,2039,"CodeTON Round 9 (Div. 1 + Div. 2, Rated, Prizes!)"
violentpeanuts,2171,2248,77,284,2039,"CodeTON Round 9 (Div. 1 + Div. 2, Rated, Prizes!)"
masonpop,2117,2209,92,284,2039,"CodeTON Round 9 (Div. 1 + Div. 2, Rated, Prizes!)"
zfy23333,0,807,807,286,2039,"CodeTON Round 9 (Div. 1 + Div. 2, Rated, Prizes!)"
YuJiahe,2428,2435,7,287,2039,"CodeTON Round 9 (Div. 1 + Div. 2, Rated, Prizes!)"
xuezhe,2156,2236,80,287,2039,"CodeTON Round 9 (Div. 1 + Div. 2, Rated, Prizes!)"
LKY928261,2570,2543,-27,287,2039,"CodeTON Round 9 (Div. 1 + Div. 2, Rated, Prizes!)"
MateoCV,2323,2357,34,290,2039,"CodeTON Round 9 (Div. 1 + Div. 2, Rated, Prizes!)"
C0DET1GER,2102,2196,94,291,2039,"CodeTON Round 9 (Div. 1 + Div. 2, Rated, Prizes!)"
flashmt,2428,2434,6,292,2039,"CodeTON Round 9 (Div. 1 + Div. 2, Rated, Prizes!)"
ShadowLight,2446,2448,2,293,2039,"CodeTON Round 9 (Div. 1 + Div. 2, Rated, Prizes!)"
AYTDD,2430,2435,5,294,2039,"CodeTON Round 9 (Div. 1 + Div. 2, Rated, Prizes!)"
Giga_Cronos,2439,2442,3,295,2039,"CodeTON Round 9 (Div. 1 + Div. 2, Rated, Prizes!)"
Watersphere,1994,2119,125,296,2039,"CodeTON Round 9 (Div. 1 + Div. 2, Rated, Prizes!)"
EarthMessenger,1944,2084,140,297,2039,"CodeTON Round 9 (Div. 1 + Div. 2, Rated, Prizes!)"
pseudorandom_name,2016,2133,117,298,2039,"CodeTON Round 9 (Div. 1 + Div. 2, Rated, Prizes!)"
ArSarapkin,2354,2377,23,299,2039,"CodeTON Round 9 (Div. 1 + Div. 2, Rated, Prizes!)"
fast_photon,2426,2431,5,300,2039,"CodeTON Round 9 (Div. 1 + Div. 2, Rated, Prizes!)"
Blueovo,1588,1893,305,301,2039,"CodeTON Round 9 (Div. 1 + Div. 2, Rated, Prizes!)"
maomao90,2398,2410,12,302,2039,"CodeTON Round 9 (Div. 1 + Div. 2, Rated, Prizes!)"
PAIPAIPAI,1788,2033,245,303,2039,"CodeTON Round 9 (Div. 1 + Div. 2, Rated, Prizes!)"
ChrysanthBlossom,2134,2215,81,304,2039,"CodeTON Round 9 (Div. 1 + Div. 2, Rated, Prizes!)"
ivan.alexeev,2246,2297,51,305,2039,"CodeTON Round 9 (Div. 1 + Div. 2, Rated, Prizes!)"
konb1,2181,2249,68,306,2039,"CodeTON Round 9 (Div. 1 + Div. 2, Rated, Prizes!)"
nitram,2271,2314,43,307,2039,"CodeTON Round 9 (Div. 1 + Div. 2, Rated, Prizes!)"
AKEE_Fan,2664,2608,-56,308,2039,"CodeTON Round 9 (Div. 1 + Div. 2, Rated, Prizes!)"
JerryMao,1772,1961,189,309,2039,"CodeTON Round 9 (Div. 1 + Div. 2, Rated, Prizes!)"
ycx2010,2116,2201,85,310,2039,"CodeTON Round 9 (Div. 1 + Div. 2, Rated, Prizes!)"
zacharychao,2377,2392,15,311,2039,"CodeTON Round 9 (Div. 1 + Div. 2, Rated, Prizes!)"
SeptaCube,2116,2201,85,312,2039,"CodeTON Round 9 (Div. 1 + Div. 2, Rated, Prizes!)"
wsjr2024,1874,2029,155,313,2039,"CodeTON Round 9 (Div. 1 + Div. 2, Rated, Prizes!)"
HpSuda,1794,1974,180,314,2039,"CodeTON Round 9 (Div. 1 + Div. 2, Rated, Prizes!)"
icecuber,2532,2507,-25,315,2039,"CodeTON Round 9 (Div. 1 + Div. 2, Rated, Prizes!)"
Marckess,2466,2457,-9,316,2039,"CodeTON Round 9 (Div. 1 + Div. 2, Rated, Prizes!)"
KDVineet,2191,2254,63,317,2039,"CodeTON Round 9 (Div. 1 + Div. 2, Rated, Prizes!)"
Jacob,2414,2417,3,318,2039,"CodeTON Round 9 (Div. 1 + Div. 2, Rated, Prizes!)"
Temirlan,2362,2379,17,319,2039,"CodeTON Round 9 (Div. 1 + Div. 2, Rated, Prizes!)"
PMPuns,1855,2015,160,320,2039,"CodeTON Round 9 (Div. 1 + Div. 2, Rated, Prizes!)"
ian_HLX,2224,2277,53,321,2039,"CodeTON Round 9 (Div. 1 + Div. 2, Rated, Prizes!)"
zhouyuheng2009,2113,2196,83,322,2039,"CodeTON Round 9 (Div. 1 + Div. 2, Rated, Prizes!)"
fractal,2274,2312,38,323,2039,"CodeTON Round 9 (Div. 1 + Div. 2, Rated, Prizes!)"
RecursiveCo,2305,2335,30,323,2039,"CodeTON Round 9 (Div. 1 + Div. 2, Rated, Prizes!)"
0wuming0,2625,2575,-50,325,2039,"CodeTON Round 9 (Div. 1 + Div. 2, Rated, Prizes!)"
Yuuuuuuuuuuuuuuuuu,2538,2509,-29,326,2039,"CodeTON Round 9 (Div. 1 + Div. 2, Rated, Prizes!)"
golomb,2329,2352,23,327,2039,"CodeTON Round 9 (Div. 1 + Div. 2, Rated, Prizes!)"
tarjen,2509,2487,-22,328,2039,"CodeTON Round 9 (Div. 1 + Div. 2, Rated, Prizes!)"
powdersnow,0,792,792,329,2039,"CodeTON Round 9 (Div. 1 + Div. 2, Rated, Prizes!)"
physics0523,2666,2604,-62,330,2039,"CodeTON Round 9 (Div. 1 + Div. 2, Rated, Prizes!)"
unordered_map,2218,2269,51,331,2039,"CodeTON Round 9 (Div. 1 + Div. 2, Rated, Prizes!)"
Rideris,2122,2200,78,331,2039,"CodeTON Round 9 (Div. 1 + Div. 2, Rated, Prizes!)"
Kieray,2201,2257,56,333,2039,"CodeTON Round 9 (Div. 1 + Div. 2, Rated, Prizes!)"
invertedwinger,2266,2304,38,334,2039,"CodeTON Round 9 (Div. 1 + Div. 2, Rated, Prizes!)"
ji_114514,2008,2118,110,335,2039,"CodeTON Round 9 (Div. 1 + Div. 2, Rated, Prizes!)"
liaoyifan2023,1950,2076,126,336,2039,"CodeTON Round 9 (Div. 1 + Div. 2, Rated, Prizes!)"
LinZhengYu,2274,2309,35,337,2039,"CodeTON Round 9 (Div. 1 + Div. 2, Rated, Prizes!)"
BernatP,2290,2320,30,338,2039,"CodeTON Round 9 (Div. 1 + Div. 2, Rated, Prizes!)"
Yam,2479,2462,-17,339,2039,"CodeTON Round 9 (Div. 1 + Div. 2, Rated, Prizes!)"
Konobeitsev_Ivan,1946,2072,126,340,2039,"CodeTON Round 9 (Div. 1 + Div. 2, Rated, Prizes!)"
Mark_Pr,2144,2214,70,340,2039,"CodeTON Round 9 (Div. 1 + Div. 2, Rated, Prizes!)"
magnified,2208,2260,52,342,2039,"CodeTON Round 9 (Div. 1 + Div. 2, Rated, Prizes!)"
arashmemar,2072,2161,89,343,2039,"CodeTON Round 9 (Div. 1 + Div. 2, Rated, Prizes!)"
Mkswll,2193,2248,55,343,2039,"CodeTON Round 9 (Div. 1 + Div. 2, Rated, Prizes!)"
penguinman,2398,2399,1,345,2039,"CodeTON Round 9 (Div. 1 + Div. 2, Rated, Prizes!)"
_Hoks,1282,1692,410,346,2039,"CodeTON Round 9 (Div. 1 + Div. 2, Rated, Prizes!)"
AmShZ,2470,2453,-17,347,2039,"CodeTON Round 9 (Div. 1 + Div. 2, Rated, Prizes!)"
Error-42,2373,2379,6,348,2039,"CodeTON Round 9 (Div. 1 + Div. 2, Rated, Prizes!)"
DAleksa,2182,2238,56,349,2039,"CodeTON Round 9 (Div. 1 + Div. 2, Rated, Prizes!)"
xxh1999,2358,2368,10,350,2039,"CodeTON Round 9 (Div. 1 + Div. 2, Rated, Prizes!)"
H_W_Y,2177,2234,57,351,2039,"CodeTON Round 9 (Div. 1 + Div. 2, Rated, Prizes!)"
miscalc,2185,2240,55,351,2039,"CodeTON Round 9 (Div. 1 + Div. 2, Rated, Prizes!)"
ace5,2579,2534,-45,353,2039,"CodeTON Round 9 (Div. 1 + Div. 2, Rated, Prizes!)"
shevlopmes,2147,2212,65,354,2039,"CodeTON Round 9 (Div. 1 + Div. 2, Rated, Prizes!)"
wfb,2211,2259,48,354,2039,"CodeTON Round 9 (Div. 1 + Div. 2, Rated, Prizes!)"
byteroad1177,2454,2439,-15,356,2039,"CodeTON Round 9 (Div. 1 + Div. 2, Rated, Prizes!)"
hengliao,2162,2223,61,357,2039,"CodeTON Round 9 (Div. 1 + Div. 2, Rated, Prizes!)"
tem_shett,2318,2336,18,358,2039,"CodeTON Round 9 (Div. 1 + Div. 2, Rated, Prizes!)"
leaf1415,2577,2530,-47,359,2039,"CodeTON Round 9 (Div. 1 + Div. 2, Rated, Prizes!)"
Zachary_Gao,2092,2172,80,360,2039,"CodeTON Round 9 (Div. 1 + Div. 2, Rated, Prizes!)"
One_Zzz,2039,2133,94,361,2039,"CodeTON Round 9 (Div. 1 + Div. 2, Rated, Prizes!)"
TychoElling,1800,1965,165,361,2039,"CodeTON Round 9 (Div. 1 + Div. 2, Rated, Prizes!)"
barbie,2207,2254,47,363,2039,"CodeTON Round 9 (Div. 1 + Div. 2, Rated, Prizes!)"
shikgom,2135,2201,66,364,2039,"CodeTON Round 9 (Div. 1 + Div. 2, Rated, Prizes!)"
besukohu,2111,2184,73,364,2039,"CodeTON Round 9 (Div. 1 + Div. 2, Rated, Prizes!)"
ko_osaga,3116,2938,-178,366,2039,"CodeTON Round 9 (Div. 1 + Div. 2, Rated, Prizes!)"
Yaimsea,2178,2232,54,367,2039,"CodeTON Round 9 (Div. 1 + Div. 2, Rated, Prizes!)"
VegJJJy,1866,2009,143,368,2039,"CodeTON Round 9 (Div. 1 + Div. 2, Rated, Prizes!)"
Unlimited_zero,2302,2322,20,368,2039,"CodeTON Round 9 (Div. 1 + Div. 2, Rated, Prizes!)"
Sugarii,2157,2215,58,370,2039,"CodeTON Round 9 (Div. 1 + Div. 2, Rated, Prizes!)"
wind_cross,2242,2278,36,371,2039,"CodeTON Round 9 (Div. 1 + Div. 2, Rated, Prizes!)"
Ste,2142,2204,62,372,2039,"CodeTON Round 9 (Div. 1 + Div. 2, Rated, Prizes!)"
dumb_boi,2133,2198,65,373,2039,"CodeTON Round 9 (Div. 1 + Div. 2, Rated, Prizes!)"
q1w2e3r4_1,2343,2352,9,374,2039,"CodeTON Round 9 (Div. 1 + Div. 2, Rated, Prizes!)"
Survivor_winner,2286,2309,23,375,2039,"CodeTON Round 9 (Div. 1 + Div. 2, Rated, Prizes!)"
PCTprobability,2912,2780,-132,376,2039,"CodeTON Round 9 (Div. 1 + Div. 2, Rated, Prizes!)"
CuteWillow,1253,1638,385,377,2039,"CodeTON Round 9 (Div. 1 + Div. 2, Rated, Prizes!)"
Ronnie007,2606,2549,-57,377,2039,"CodeTON Round 9 (Div. 1 + Div. 2, Rated, Prizes!)"
Nyaan,2771,2674,-97,377,2039,"CodeTON Round 9 (Div. 1 + Div. 2, Rated, Prizes!)"
ttamx,2282,2305,23,377,2039,"CodeTON Round 9 (Div. 1 + Div. 2, Rated, Prizes!)"
hyperReality,2427,2412,-15,381,2039,"CodeTON Round 9 (Div. 1 + Div. 2, Rated, Prizes!)"
Kude,2678,2603,-75,381,2039,"CodeTON Round 9 (Div. 1 + Div. 2, Rated, Prizes!)"
Ivan_len,2368,2368,0,383,2039,"CodeTON Round 9 (Div. 1 + Div. 2, Rated, Prizes!)"
Meatherm,2282,2304,22,384,2039,"CodeTON Round 9 (Div. 1 + Div. 2, Rated, Prizes!)"
wishgoodluck,2272,2296,24,385,2039,"CodeTON Round 9 (Div. 1 + Div. 2, Rated, Prizes!)"
SmuggingSpun,1988,2091,103,386,2039,"CodeTON Round 9 (Div. 1 + Div. 2, Rated, Prizes!)"
Lawali,2331,2339,8,387,2039,"CodeTON Round 9 (Div. 1 + Div. 2, Rated, Prizes!)"
rembocoder,2161,2214,53,388,2039,"CodeTON Round 9 (Div. 1 + Div. 2, Rated, Prizes!)"
Anakamira,2151,2207,56,388,2039,"CodeTON Round 9 (Div. 1 + Div. 2, Rated, Prizes!)"
d_k_d,2216,2254,38,390,2039,"CodeTON Round 9 (Div. 1 + Div. 2, Rated, Prizes!)"
StupidGuy13,2204,2245,41,391,2039,"CodeTON Round 9 (Div. 1 + Div. 2, Rated, Prizes!)"
nuyoah007,2130,2191,61,392,2039,"CodeTON Round 9 (Div. 1 + Div. 2, Rated, Prizes!)"
Kazumin,2392,2384,-8,392,2039,"CodeTON Round 9 (Div. 1 + Div. 2, Rated, Prizes!)"
PaperCloud,2096,2166,70,394,2039,"CodeTON Round 9 (Div. 1 + Div. 2, Rated, Prizes!)"
sadness,2189,2234,45,394,2039,"CodeTON Round 9 (Div. 1 + Div. 2, Rated, Prizes!)"
Katu2ou,1782,1999,217,396,2039,"CodeTON Round 9 (Div. 1 + Div. 2, Rated, Prizes!)"
IHateGeometry,2143,2199,56,397,2039,"CodeTON Round 9 (Div. 1 + Div. 2, Rated, Prizes!)"
Michal_1,1996,2094,98,398,2039,"CodeTON Round 9 (Div. 1 + Div. 2, Rated, Prizes!)"
khepri,1907,2030,123,399,2039,"CodeTON Round 9 (Div. 1 + Div. 2, Rated, Prizes!)"
PhirainEX,1097,1548,451,400,2039,"CodeTON Round 9 (Div. 1 + Div. 2, Rated, Prizes!)"
PaiDouLong,2195,2236,41,401,2039,"CodeTON Round 9 (Div. 1 + Div. 2, Rated, Prizes!)"
FelixMP,2291,2306,15,401,2039,"CodeTON Round 9 (Div. 1 + Div. 2, Rated, Prizes!)"
6ziv,2037,2122,85,403,2039,"CodeTON Round 9 (Div. 1 + Div. 2, Rated, Prizes!)"
noodles0428,1984,2084,100,404,2039,"CodeTON Round 9 (Div. 1 + Div. 2, Rated, Prizes!)"
Romy67,2255,2280,25,405,2039,"CodeTON Round 9 (Div. 1 + Div. 2, Rated, Prizes!)"
ikrpprppp,2313,2323,10,406,2039,"CodeTON Round 9 (Div. 1 + Div. 2, Rated, Prizes!)"
t98slider,2125,2184,59,406,2039,"CodeTON Round 9 (Div. 1 + Div. 2, Rated, Prizes!)"
AmirAli-Asgari,2670,2590,-80,408,2039,"CodeTON Round 9 (Div. 1 + Div. 2, Rated, Prizes!)"
Noinoiio,2295,2309,14,408,2039,"CodeTON Round 9 (Div. 1 + Div. 2, Rated, Prizes!)"
Nelson_loh,2351,2349,-2,410,2039,"CodeTON Round 9 (Div. 1 + Div. 2, Rated, Prizes!)"
Triseedot,2132,2188,56,411,2039,"CodeTON Round 9 (Div. 1 + Div. 2, Rated, Prizes!)"
sunkuangzheng,2210,2245,35,412,2039,"CodeTON Round 9 (Div. 1 + Div. 2, Rated, Prizes!)"
RomkaRS,2184,2226,42,413,2039,"CodeTON Round 9 (Div. 1 + Div. 2, Rated, Prizes!)"
Potassium,2591,2530,-61,414,2039,"CodeTON Round 9 (Div. 1 + Div. 2, Rated, Prizes!)"
SoloRejudger,2146,2197,51,414,2039,"CodeTON Round 9 (Div. 1 + Div. 2, Rated, Prizes!)"
l-_-l,1900,2022,122,416,2039,"CodeTON Round 9 (Div. 1 + Div. 2, Rated, Prizes!)"
Z_actuary,2246,2271,25,417,2039,"CodeTON Round 9 (Div. 1 + Div. 2, Rated, Prizes!)"
zas111lll,2303,2313,10,418,2039,"CodeTON Round 9 (Div. 1 + Div. 2, Rated, Prizes!)"
Muhammad-Saram,2090,2157,67,418,2039,"CodeTON Round 9 (Div. 1 + Div. 2, Rated, Prizes!)"
ATM12345,2164,2210,46,420,2039,"CodeTON Round 9 (Div. 1 + Div. 2, Rated, Prizes!)"
Wxssim,2135,2188,53,420,2039,"CodeTON Round 9 (Div. 1 + Div. 2, Rated, Prizes!)"
Vash_nick,2306,2314,8,422,2039,"CodeTON Round 9 (Div. 1 + Div. 2, Rated, Prizes!)"
eggegg185,2111,2170,59,423,2039,"CodeTON Round 9 (Div. 1 + Div. 2, Rated, Prizes!)"
Paradox14526,2122,2178,56,424,2039,"CodeTON Round 9 (Div. 1 + Div. 2, Rated, Prizes!)"
turmax,3352,3104,-248,425,2039,"CodeTON Round 9 (Div. 1 + Div. 2, Rated, Prizes!)"
TuanVu,1941,2048,107,426,2039,"CodeTON Round 9 (Div. 1 + Div. 2, Rated, Prizes!)"
xcx0902,1768,1927,159,426,2039,"CodeTON Round 9 (Div. 1 + Div. 2, Rated, Prizes!)"
gabriel88766,2284,2296,12,428,2039,"CodeTON Round 9 (Div. 1 + Div. 2, Rated, Prizes!)"
guperman,2317,2321,4,428,2039,"CodeTON Round 9 (Div. 1 + Div. 2, Rated, Prizes!)"
Corycle,2161,2205,44,428,2039,"CodeTON Round 9 (Div. 1 + Div. 2, Rated, Prizes!)"
PvPro,2376,2365,-11,431,2039,"CodeTON Round 9 (Div. 1 + Div. 2, Rated, Prizes!)"
Sedmoklasnikut,2304,2310,6,432,2039,"CodeTON Round 9 (Div. 1 + Div. 2, Rated, Prizes!)"
haohao0328,1887,2008,121,432,2039,"CodeTON Round 9 (Div. 1 + Div. 2, Rated, Prizes!)"
1G1U4E5S1T4,2107,2166,59,434,2039,"CodeTON Round 9 (Div. 1 + Div. 2, Rated, Prizes!)"
machine_solution,2299,2306,7,434,2039,"CodeTON Round 9 (Div. 1 + Div. 2, Rated, Prizes!)"
EthanKim8683,2175,2214,39,436,2039,"CodeTON Round 9 (Div. 1 + Div. 2, Rated, Prizes!)"
yitianyang,1834,2006,172,437,2039,"CodeTON Round 9 (Div. 1 + Div. 2, Rated, Prizes!)"
iceylemon157,1971,2067,96,438,2039,"CodeTON Round 9 (Div. 1 + Div. 2, Rated, Prizes!)"
Richard1211,2104,2163,59,439,2039,"CodeTON Round 9 (Div. 1 + Div. 2, Rated, Prizes!)"
djm03178,2207,2237,30,440,2039,"CodeTON Round 9 (Div. 1 + Div. 2, Rated, Prizes!)"
peteza,1783,1934,151,441,2039,"CodeTON Round 9 (Div. 1 + Div. 2, Rated, Prizes!)"
bieybay,1772,1982,210,442,2039,"CodeTON Round 9 (Div. 1 + Div. 2, Rated, Prizes!)"
Agreb,2477,2438,-39,442,2039,"CodeTON Round 9 (Div. 1 + Div. 2, Rated, Prizes!)"
Teja-Smart,2152,2196,44,444,2039,"CodeTON Round 9 (Div. 1 + Div. 2, Rated, Prizes!)"
Anachor,2231,2254,23,445,2039,"CodeTON Round 9 (Div. 1 + Div. 2, Rated, Prizes!)"
secret-550504,2012,2094,82,446,2039,"CodeTON Round 9 (Div. 1 + Div. 2, Rated, Prizes!)"
JinyeongAckerman,2069,2135,66,447,2039,"CodeTON Round 9 (Div. 1 + Div. 2, Rated, Prizes!)"
top_tree,2121,2209,88,447,2039,"CodeTON Round 9 (Div. 1 + Div. 2, Rated, Prizes!)"
Syrus,1947,2048,101,449,2039,"CodeTON Round 9 (Div. 1 + Div. 2, Rated, Prizes!)"
bribritt,2484,2443,-41,450,2039,"CodeTON Round 9 (Div. 1 + Div. 2, Rated, Prizes!)"
a65,2130,2178,48,451,2039,"CodeTON Round 9 (Div. 1 + Div. 2, Rated, Prizes!)"
HuHu_Fei,1667,1850,183,451,2039,"CodeTON Round 9 (Div. 1 + Div. 2, Rated, Prizes!)"
guagua0407,2306,2308,2,453,2039,"CodeTON Round 9 (Div. 1 + Div. 2, Rated, Prizes!)"
archon1999,1664,1847,183,454,2039,"CodeTON Round 9 (Div. 1 + Div. 2, Rated, Prizes!)"
Natsuzora,2290,2295,5,455,2039,"CodeTON Round 9 (Div. 1 + Div. 2, Rated, Prizes!)"
qwertim,1682,1859,177,456,2039,"CodeTON Round 9 (Div. 1 + Div. 2, Rated, Prizes!)"
annyeong1,2114,2166,52,456,2039,"CodeTON Round 9 (Div. 1 + Div. 2, Rated, Prizes!)"
zxcen,2166,2203,37,458,2039,"CodeTON Round 9 (Div. 1 + Div. 2, Rated, Prizes!)"
Misty7,2152,2193,41,459,2039,"CodeTON Round 9 (Div. 1 + Div. 2, Rated, Prizes!)"
olmrgcsi,2303,2304,1,460,2039,"CodeTON Round 9 (Div. 1 + Div. 2, Rated, Prizes!)"
ahsoltan,2136,2181,45,461,2039,"CodeTON Round 9 (Div. 1 + Div. 2, Rated, Prizes!)"
jimmyywang,2221,2243,22,462,2039,"CodeTON Round 9 (Div. 1 + Div. 2, Rated, Prizes!)"
cz_yxx,2234,2253,19,463,2039,"CodeTON Round 9 (Div. 1 + Div. 2, Rated, Prizes!)"
turkhuu622,2373,2357,-16,463,2039,"CodeTON Round 9 (Div. 1 + Div. 2, Rated, Prizes!)"
zhangtianhan,2116,2166,50,463,2039,"CodeTON Round 9 (Div. 1 + Div. 2, Rated, Prizes!)"
minhnguyen13082003,1958,2052,94,466,2039,"CodeTON Round 9 (Div. 1 + Div. 2, Rated, Prizes!)"
Axial-Tilted,2181,2213,32,467,2039,"CodeTON Round 9 (Div. 1 + Div. 2, Rated, Prizes!)"
HuaJun,2297,2298,1,468,2039,"CodeTON Round 9 (Div. 1 + Div. 2, Rated, Prizes!)"
kaIimm,2550,2489,-61,469,2039,"CodeTON Round 9 (Div. 1 + Div. 2, Rated, Prizes!)"
chota_don_v2,2002,2082,80,469,2039,"CodeTON Round 9 (Div. 1 + Div. 2, Rated, Prizes!)"
Mango2011,2013,2091,78,471,2039,"CodeTON Round 9 (Div. 1 + Div. 2, Rated, Prizes!)"
08kevin,2309,2306,-3,472,2039,"CodeTON Round 9 (Div. 1 + Div. 2, Rated, Prizes!)"
towawa,2123,2170,47,472,2039,"CodeTON Round 9 (Div. 1 + Div. 2, Rated, Prizes!)"
MrPython,2010,2087,77,474,2039,"CodeTON Round 9 (Div. 1 + Div. 2, Rated, Prizes!)"
Svemit,2063,2125,62,474,2039,"CodeTON Round 9 (Div. 1 + Div. 2, Rated, Prizes!)"
C2021zyz,2412,2383,-29,474,2039,"CodeTON Round 9 (Div. 1 + Div. 2, Rated, Prizes!)"
anpaio,2380,2359,-21,477,2039,"CodeTON Round 9 (Div. 1 + Div. 2, Rated, Prizes!)"
jay_jayjay,2173,2205,32,477,2039,"CodeTON Round 9 (Div. 1 + Div. 2, Rated, Prizes!)"
RDFZchenyy,2042,2109,67,479,2039,"CodeTON Round 9 (Div. 1 + Div. 2, Rated, Prizes!)"
Vectors_Master,2309,2305,-4,479,2039,"CodeTON Round 9 (Div. 1 + Div. 2, Rated, Prizes!)"
LOL_I_AM_SERZH,2304,2302,-2,479,2039,"CodeTON Round 9 (Div. 1 + Div. 2, Rated, Prizes!)"
UP84,1840,1965,125,482,2039,"CodeTON Round 9 (Div. 1 + Div. 2, Rated, Prizes!)"
MarSer020,2177,2207,30,482,2039,"CodeTON Round 9 (Div. 1 + Div. 2, Rated, Prizes!)"
VaVshchuck,2296,2294,-2,484,2039,"CodeTON Round 9 (Div. 1 + Div. 2, Rated, Prizes!)"
revengeMik3,0,751,751,484,2039,"CodeTON Round 9 (Div. 1 + Div. 2, Rated, Prizes!)"
G2Esports,2151,2224,73,484,2039,"CodeTON Round 9 (Div. 1 + Div. 2, Rated, Prizes!)"
Maruzensky,2171,2202,31,487,2039,"CodeTON Round 9 (Div. 1 + Div. 2, Rated, Prizes!)"
Amao_Fox,2029,2098,69,488,2039,"CodeTON Round 9 (Div. 1 + Div. 2, Rated, Prizes!)"
McPqndq,2319,2311,-8,489,2039,"CodeTON Round 9 (Div. 1 + Div. 2, Rated, Prizes!)"
_luqyou_,2025,2095,70,490,2039,"CodeTON Round 9 (Div. 1 + Div. 2, Rated, Prizes!)"
Nika533,2196,2220,24,490,2039,"CodeTON Round 9 (Div. 1 + Div. 2, Rated, Prizes!)"
TyroWhizz,2281,2283,2,492,2039,"CodeTON Round 9 (Div. 1 + Div. 2, Rated, Prizes!)"
-is-this-fft-,2458,2416,-42,493,2039,"CodeTON Round 9 (Div. 1 + Div. 2, Rated, Prizes!)"
Virv,2315,2307,-8,494,2039,"CodeTON Round 9 (Div. 1 + Div. 2, Rated, Prizes!)"
star354,1633,1816,183,494,2039,"CodeTON Round 9 (Div. 1 + Div. 2, Rated, Prizes!)"
Jimanbanashi,2315,2307,-8,496,2039,"CodeTON Round 9 (Div. 1 + Div. 2, Rated, Prizes!)"
thembululquaUwU,2445,2405,-40,496,2039,"CodeTON Round 9 (Div. 1 + Div. 2, Rated, Prizes!)"
Hexagons,2291,2288,-3,498,2039,"CodeTON Round 9 (Div. 1 + Div. 2, Rated, Prizes!)"
shade34,2129,2169,40,498,2039,"CodeTON Round 9 (Div. 1 + Div. 2, Rated, Prizes!)"
fishcathu,2162,2193,31,500,2039,"CodeTON Round 9 (Div. 1 + Div. 2, Rated, Prizes!)"
timreizin,2140,2176,36,501,2039,"CodeTON Round 9 (Div. 1 + Div. 2, Rated, Prizes!)"
Darko1,2259,2264,5,502,2039,"CodeTON Round 9 (Div. 1 + Div. 2, Rated, Prizes!)"
ivatopuria,2154,2186,32,503,2039,"CodeTON Round 9 (Div. 1 + Div. 2, Rated, Prizes!)"
tongzhenxuan,1997,2072,75,504,2039,"CodeTON Round 9 (Div. 1 + Div. 2, Rated, Prizes!)"
-crystal-,1967,2051,84,505,2039,"CodeTON Round 9 (Div. 1 + Div. 2, Rated, Prizes!)"
my_happiness,1937,2029,92,506,2039,"CodeTON Round 9 (Div. 1 + Div. 2, Rated, Prizes!)"
wangmarui,1970,2052,82,507,2039,"CodeTON Round 9 (Div. 1 + Div. 2, Rated, Prizes!)"
VulcanForge,1730,1882,152,508,2039,"CodeTON Round 9 (Div. 1 + Div. 2, Rated, Prizes!)"
Spylft,2273,2274,1,509,2039,"CodeTON Round 9 (Div. 1 + Div. 2, Rated, Prizes!)"
FHQY,1934,2026,92,509,2039,"CodeTON Round 9 (Div. 1 + Div. 2, Rated, Prizes!)"
lfxxx,2256,2260,4,511,2039,"CodeTON Round 9 (Div. 1 + Div. 2, Rated, Prizes!)"
Gheal,2294,2288,-6,512,2039,"CodeTON Round 9 (Div. 1 + Div. 2, Rated, Prizes!)"
Byf23333,1748,1894,146,512,2039,"CodeTON Round 9 (Div. 1 + Div. 2, Rated, Prizes!)"
SwordDance,1720,1874,154,514,2039,"CodeTON Round 9 (Div. 1 + Div. 2, Rated, Prizes!)"
tenkei,2271,2271,0,515,2039,"CodeTON Round 9 (Div. 1 + Div. 2, Rated, Prizes!)"
po_sh,1998,2071,73,516,2039,"CodeTON Round 9 (Div. 1 + Div. 2, Rated, Prizes!)"
cunt,2337,2320,-17,516,2039,"CodeTON Round 9 (Div. 1 + Div. 2, Rated, Prizes!)"
Edu175,2440,2398,-42,518,2039,"CodeTON Round 9 (Div. 1 + Div. 2, Rated, Prizes!)"
rgnerdplayer,2317,2305,-12,519,2039,"CodeTON Round 9 (Div. 1 + Div. 2, Rated, Prizes!)"
qinfengkl,1859,1971,112,520,2039,"CodeTON Round 9 (Div. 1 + Div. 2, Rated, Prizes!)"
wzj33300,2117,2157,40,520,2039,"CodeTON Round 9 (Div. 1 + Div. 2, Rated, Prizes!)"
n685,2241,2247,6,522,2039,"CodeTON Round 9 (Div. 1 + Div. 2, Rated, Prizes!)"
sillylittleidiot77,2262,2263,1,523,2039,"CodeTON Round 9 (Div. 1 + Div. 2, Rated, Prizes!)"
lastridem,2306,2296,-10,524,2039,"CodeTON Round 9 (Div. 1 + Div. 2, Rated, Prizes!)"
momen159,1921,2014,93,525,2039,"CodeTON Round 9 (Div. 1 + Div. 2, Rated, Prizes!)"
max0000561,2233,2241,8,526,2039,"CodeTON Round 9 (Div. 1 + Div. 2, Rated, Prizes!)"
Proof_by_QED,2220,2231,11,527,2039,"CodeTON Round 9 (Div. 1 + Div. 2, Rated, Prizes!)"
SoryuAsuka,1709,1864,155,528,2039,"CodeTON Round 9 (Div. 1 + Div. 2, Rated, Prizes!)"
Quasicoherent,1933,2022,89,529,2039,"CodeTON Round 9 (Div. 1 + Div. 2, Rated, Prizes!)"
Hell_Eclipse,1898,1997,99,530,2039,"CodeTON Round 9 (Div. 1 + Div. 2, Rated, Prizes!)"
dmraykhan,2190,2208,18,531,2039,"CodeTON Round 9 (Div. 1 + Div. 2, Rated, Prizes!)"
stan23456,1999,2069,70,532,2039,"CodeTON Round 9 (Div. 1 + Div. 2, Rated, Prizes!)"
sioo_,1970,2048,78,533,2039,"CodeTON Round 9 (Div. 1 + Div. 2, Rated, Prizes!)"
cosmicmanhnopro,1954,2037,83,534,2039,"CodeTON Round 9 (Div. 1 + Div. 2, Rated, Prizes!)"
dspr_,2390,2358,-32,535,2039,"CodeTON Round 9 (Div. 1 + Div. 2, Rated, Prizes!)"
yahia,2127,2161,34,536,2039,"CodeTON Round 9 (Div. 1 + Div. 2, Rated, Prizes!)"
Partiali,1822,1999,177,537,2039,"CodeTON Round 9 (Div. 1 + Div. 2, Rated, Prizes!)"
MMYYFF,2161,2185,24,537,2039,"CodeTON Round 9 (Div. 1 + Div. 2, Rated, Prizes!)"
VinstaG173,2127,2160,33,539,2039,"CodeTON Round 9 (Div. 1 + Div. 2, Rated, Prizes!)"
lddlinan,2128,2161,33,539,2039,"CodeTON Round 9 (Div. 1 + Div. 2, Rated, Prizes!)"
Star32,2318,2303,-15,541,2039,"CodeTON Round 9 (Div. 1 + Div. 2, Rated, Prizes!)"
Nil2007,2145,2174,29,542,2039,"CodeTON Round 9 (Div. 1 + Div. 2, Rated, Prizes!)"
Legoshi-kun,1895,1992,97,543,2039,"CodeTON Round 9 (Div. 1 + Div. 2, Rated, Prizes!)"
mahiro_zcy,1604,1786,182,543,2039,"CodeTON Round 9 (Div. 1 + Div. 2, Rated, Prizes!)"
waste_,1641,1812,171,545,2039,"CodeTON Round 9 (Div. 1 + Div. 2, Rated, Prizes!)"
cdx123456,1891,1989,98,545,2039,"CodeTON Round 9 (Div. 1 + Div. 2, Rated, Prizes!)"
Incomprehensibilities,1287,1565,278,547,2039,"CodeTON Round 9 (Div. 1 + Div. 2, Rated, Prizes!)"
ballpoint_pen,2265,2261,-4,548,2039,"CodeTON Round 9 (Div. 1 + Div. 2, Rated, Prizes!)"
ThatsGood,1552,1804,252,548,2039,"CodeTON Round 9 (Div. 1 + Div. 2, Rated, Prizes!)"
cemil1234,1719,1866,147,548,2039,"CodeTON Round 9 (Div. 1 + Div. 2, Rated, Prizes!)"
Kouba64,2035,2091,56,551,2039,"CodeTON Round 9 (Div. 1 + Div. 2, Rated, Prizes!)"
Huo_Silk,1132,1539,407,552,2039,"CodeTON Round 9 (Div. 1 + Div. 2, Rated, Prizes!)"
nanani__fan,1696,1849,153,553,2039,"CodeTON Round 9 (Div. 1 + Div. 2, Rated, Prizes!)"
_chroneZ,2228,2233,5,554,2039,"CodeTON Round 9 (Div. 1 + Div. 2, Rated, Prizes!)"
SoReMore,2181,2197,16,554,2039,"CodeTON Round 9 (Div. 1 + Div. 2, Rated, Prizes!)"
EricQian,2291,2279,-12,556,2039,"CodeTON Round 9 (Div. 1 + Div. 2, Rated, Prizes!)"
MuRongzhang,1756,1891,135,556,2039,"CodeTON Round 9 (Div. 1 + Div. 2, Rated, Prizes!)"
Alfeh2,2187,2202,15,556,2039,"CodeTON Round 9 (Div. 1 + Div. 2, Rated, Prizes!)"
QwQr2,2088,2128,40,559,2039,"CodeTON Round 9 (Div. 1 + Div. 2, Rated, Prizes!)"
adamant,2331,2309,-22,560,2039,"CodeTON Round 9 (Div. 1 + Div. 2, Rated, Prizes!)"
andreyDagger,2253,2250,-3,561,2039,"CodeTON Round 9 (Div. 1 + Div. 2, Rated, Prizes!)"
xiaruize,2153,2176,23,562,2039,"CodeTON Round 9 (Div. 1 + Div. 2, Rated, Prizes!)"
MDSPatheticVersion,2095,2133,38,563,2039,"CodeTON Round 9 (Div. 1 + Div. 2, Rated, Prizes!)"
ExplodingFreeze,2249,2246,-3,563,2039,"CodeTON Round 9 (Div. 1 + Div. 2, Rated, Prizes!)"
HaccerKat,2195,2207,12,565,2039,"CodeTON Round 9 (Div. 1 + Div. 2, Rated, Prizes!)"
MagnusCarlsen321,2127,2156,29,566,2039,"CodeTON Round 9 (Div. 1 + Div. 2, Rated, Prizes!)"
pit4h,2250,2247,-3,567,2039,"CodeTON Round 9 (Div. 1 + Div. 2, Rated, Prizes!)"
Haksell,1975,2045,70,567,2039,"CodeTON Round 9 (Div. 1 + Div. 2, Rated, Prizes!)"
omsincoconut,2139,2165,26,569,2039,"CodeTON Round 9 (Div. 1 + Div. 2, Rated, Prizes!)"
Lucina,2183,2196,13,569,2039,"CodeTON Round 9 (Div. 1 + Div. 2, Rated, Prizes!)"
KevinLikesCoding,2288,2274,-14,571,2039,"CodeTON Round 9 (Div. 1 + Div. 2, Rated, Prizes!)"
Joler_,2142,2166,24,572,2039,"CodeTON Round 9 (Div. 1 + Div. 2, Rated, Prizes!)"
RaresPoinaru,2043,2093,50,573,2039,"CodeTON Round 9 (Div. 1 + Div. 2, Rated, Prizes!)"
Be_dos,2445,2393,-52,573,2039,"CodeTON Round 9 (Div. 1 + Div. 2, Rated, Prizes!)"
ishmeal,2196,2205,9,575,2039,"CodeTON Round 9 (Div. 1 + Div. 2, Rated, Prizes!)"
TrendBattles,1874,1972,98,575,2039,"CodeTON Round 9 (Div. 1 + Div. 2, Rated, Prizes!)"
Fantasy_Blue,1786,1965,179,577,2039,"CodeTON Round 9 (Div. 1 + Div. 2, Rated, Prizes!)"
ligaydima,2228,2229,1,578,2039,"CodeTON Round 9 (Div. 1 + Div. 2, Rated, Prizes!)"
Qwerty1232,2529,2457,-72,579,2039,"CodeTON Round 9 (Div. 1 + Div. 2, Rated, Prizes!)"
EchoLisa,0,731,731,580,2039,"CodeTON Round 9 (Div. 1 + Div. 2, Rated, Prizes!)"
tanmuling0429,1683,1835,152,581,2039,"CodeTON Round 9 (Div. 1 + Div. 2, Rated, Prizes!)"
zeliboba,2452,2397,-55,582,2039,"CodeTON Round 9 (Div. 1 + Div. 2, Rated, Prizes!)"
hwpvector,1734,1927,193,583,2039,"CodeTON Round 9 (Div. 1 + Div. 2, Rated, Prizes!)"
liyelin,2160,2178,18,584,2039,"CodeTON Round 9 (Div. 1 + Div. 2, Rated, Prizes!)"
sygi,1675,1828,153,585,2039,"CodeTON Round 9 (Div. 1 + Div. 2, Rated, Prizes!)"
CuteExp10re,2243,2239,-4,586,2039,"CodeTON Round 9 (Div. 1 + Div. 2, Rated, Prizes!)"
bingpao,2223,2224,1,587,2039,"CodeTON Round 9 (Div. 1 + Div. 2, Rated, Prizes!)"
Kustov_Vadim_533,2195,2203,8,588,2039,"CodeTON Round 9 (Div. 1 + Div. 2, Rated, Prizes!)"
alinp,2167,2181,14,589,2039,"CodeTON Round 9 (Div. 1 + Div. 2, Rated, Prizes!)"
MattTheNub,2169,2183,14,589,2039,"CodeTON Round 9 (Div. 1 + Div. 2, Rated, Prizes!)"
rainbow_kitty,2084,2120,36,589,2039,"CodeTON Round 9 (Div. 1 + Div. 2, Rated, Prizes!)"
blitztage,2150,2169,19,592,2039,"CodeTON Round 9 (Div. 1 + Div. 2, Rated, Prizes!)"
hshhh_,1984,2048,64,593,2039,"CodeTON Round 9 (Div. 1 + Div. 2, Rated, Prizes!)"
ApraCadabra,2361,2326,-35,594,2039,"CodeTON Round 9 (Div. 1 + Div. 2, Rated, Prizes!)"
Kite_kuma,2477,2414,-63,594,2039,"CodeTON Round 9 (Div. 1 + Div. 2, Rated, Prizes!)"
2949767807qwer,1821,1930,109,594,2039,"CodeTON Round 9 (Div. 1 + Div. 2, Rated, Prizes!)"
xcc_szy0905,2252,2244,-8,597,2039,"CodeTON Round 9 (Div. 1 + Div. 2, Rated, Prizes!)"
harurun4635,2125,2149,24,597,2039,"CodeTON Round 9 (Div. 1 + Div. 2, Rated, Prizes!)"
mircea_007,2114,2141,27,599,2039,"CodeTON Round 9 (Div. 1 + Div. 2, Rated, Prizes!)"
Igor_Parfenov,2051,2095,44,600,2039,"CodeTON Round 9 (Div. 1 + Div. 2, Rated, Prizes!)"
ebofan,1917,1999,82,600,2039,"CodeTON Round 9 (Div. 1 + Div. 2, Rated, Prizes!)"
ABitVeryScaredOfWomen,2206,2209,3,602,2039,"CodeTON Round 9 (Div. 1 + Div. 2, Rated, Prizes!)"
yy_chen,2223,2221,-2,603,2039,"CodeTON Round 9 (Div. 1 + Div. 2, Rated, Prizes!)"
Circling,2064,2104,40,603,2039,"CodeTON Round 9 (Div. 1 + Div. 2, Rated, Prizes!)"
ciuim,2190,2197,7,605,2039,"CodeTON Round 9 (Div. 1 + Div. 2, Rated, Prizes!)"
LucaIlie,1776,1897,121,606,2039,"CodeTON Round 9 (Div. 1 + Div. 2, Rated, Prizes!)"
Imagine.2019,2046,2090,44,607,2039,"CodeTON Round 9 (Div. 1 + Div. 2, Rated, Prizes!)"
_wzw_,1507,1741,234,608,2039,"CodeTON Round 9 (Div. 1 + Div. 2, Rated, Prizes!)"
Code937,2188,2195,7,609,2039,"CodeTON Round 9 (Div. 1 + Div. 2, Rated, Prizes!)"
sakib.safwan,1905,1988,83,610,2039,"CodeTON Round 9 (Div. 1 + Div. 2, Rated, Prizes!)"
BuzzyBeez,2057,2098,41,611,2039,"CodeTON Round 9 (Div. 1 + Div. 2, Rated, Prizes!)"
ankan2526,1948,2018,70,612,2039,"CodeTON Round 9 (Div. 1 + Div. 2, Rated, Prizes!)"
kafamcokkaristi,2192,2197,5,613,2039,"CodeTON Round 9 (Div. 1 + Div. 2, Rated, Prizes!)"
Sorasaki_Hina,1918,1997,79,614,2039,"CodeTON Round 9 (Div. 1 + Div. 2, Rated, Prizes!)"
Citnaris,2095,2125,30,615,2039,"CodeTON Round 9 (Div. 1 + Div. 2, Rated, Prizes!)"
xdl,1599,1769,170,616,2039,"CodeTON Round 9 (Div. 1 + Div. 2, Rated, Prizes!)"
zsj6315,2058,2097,39,617,2039,"CodeTON Round 9 (Div. 1 + Div. 2, Rated, Prizes!)"
tour2st,2111,2137,26,618,2039,"CodeTON Round 9 (Div. 1 + Div. 2, Rated, Prizes!)"
IsaacMoris,2075,2110,35,619,2039,"CodeTON Round 9 (Div. 1 + Div. 2, Rated, Prizes!)"
Intellegent,2233,2226,-7,620,2039,"CodeTON Round 9 (Div. 1 + Div. 2, Rated, Prizes!)"
platter,2612,2514,-98,621,2039,"CodeTON Round 9 (Div. 1 + Div. 2, Rated, Prizes!)"
tassei903,2112,2136,24,622,2039,"CodeTON Round 9 (Div. 1 + Div. 2, Rated, Prizes!)"
nifeshe,2250,2239,-11,623,2039,"CodeTON Round 9 (Div. 1 + Div. 2, Rated, Prizes!)"
Akulyat,2473,2408,-65,623,2039,"CodeTON Round 9 (Div. 1 + Div. 2, Rated, Prizes!)"
JoeyJ,2164,2174,10,625,2039,"CodeTON Round 9 (Div. 1 + Div. 2, Rated, Prizes!)"
golions,2263,2248,-15,625,2039,"CodeTON Round 9 (Div. 1 + Div. 2, Rated, Prizes!)"
cyfmd,1891,1976,85,627,2039,"CodeTON Round 9 (Div. 1 + Div. 2, Rated, Prizes!)"
PNJ0714,1983,2041,58,628,2039,"CodeTON Round 9 (Div. 1 + Div. 2, Rated, Prizes!)"
tht2005,2076,2109,33,629,2039,"CodeTON Round 9 (Div. 1 + Div. 2, Rated, Prizes!)"
jack112739,1349,1591,242,630,2039,"CodeTON Round 9 (Div. 1 + Div. 2, Rated, Prizes!)"
GoogleBot,2189,2192,3,630,2039,"CodeTON Round 9 (Div. 1 + Div. 2, Rated, Prizes!)"
Cegax,2149,2162,13,632,2039,"CodeTON Round 9 (Div. 1 + Div. 2, Rated, Prizes!)"
yuina10,1946,2014,68,633,2039,"CodeTON Round 9 (Div. 1 + Div. 2, Rated, Prizes!)"
SomethingNew,2541,2459,-82,634,2039,"CodeTON Round 9 (Div. 1 + Div. 2, Rated, Prizes!)"
Routec,2141,2156,15,635,2039,"CodeTON Round 9 (Div. 1 + Div. 2, Rated, Prizes!)"
MVP_Harry,1913,1989,76,636,2039,"CodeTON Round 9 (Div. 1 + Div. 2, Rated, Prizes!)"
kevinxiehk,2516,2439,-77,637,2039,"CodeTON Round 9 (Div. 1 + Div. 2, Rated, Prizes!)"
ouql,2150,2162,12,638,2039,"CodeTON Round 9 (Div. 1 + Div. 2, Rated, Prizes!)"
Prostoegor239,2128,2145,17,639,2039,"CodeTON Round 9 (Div. 1 + Div. 2, Rated, Prizes!)"
ltf0501,2114,2135,21,640,2039,"CodeTON Round 9 (Div. 1 + Div. 2, Rated, Prizes!)"
shinchankosen,2438,2379,-59,641,2039,"CodeTON Round 9 (Div. 1 + Div. 2, Rated, Prizes!)"
Sakuya_maid,1922,1996,74,642,2039,"CodeTON Round 9 (Div. 1 + Div. 2, Rated, Prizes!)"
Gold_Dragon,1786,1897,111,643,2039,"CodeTON Round 9 (Div. 1 + Div. 2, Rated, Prizes!)"
iliya_mon,1760,1879,119,644,2039,"CodeTON Round 9 (Div. 1 + Div. 2, Rated, Prizes!)"
wangxinyue,1405,1627,222,645,2039,"CodeTON Round 9 (Div. 1 + Div. 2, Rated, Prizes!)"
vako_P,1927,1998,71,646,2039,"CodeTON Round 9 (Div. 1 + Div. 2, Rated, Prizes!)"
Yugi.Hacker,2103,2126,23,647,2039,"CodeTON Round 9 (Div. 1 + Div. 2, Rated, Prizes!)"
lhyjdmc,1818,1920,102,648,2039,"CodeTON Round 9 (Div. 1 + Div. 2, Rated, Prizes!)"
BulatGabitov,1959,2021,62,649,2039,"CodeTON Round 9 (Div. 1 + Div. 2, Rated, Prizes!)"
cyb1010,2338,2301,-37,650,2039,"CodeTON Round 9 (Div. 1 + Div. 2, Rated, Prizes!)"
vladmart,2168,2174,6,651,2039,"CodeTON Round 9 (Div. 1 + Div. 2, Rated, Prizes!)"
edogawa_something,2106,2128,22,652,2039,"CodeTON Round 9 (Div. 1 + Div. 2, Rated, Prizes!)"
enzopsm,2241,2228,-13,652,2039,"CodeTON Round 9 (Div. 1 + Div. 2, Rated, Prizes!)"
phoenix0423,2441,2380,-61,654,2039,"CodeTON Round 9 (Div. 1 + Div. 2, Rated, Prizes!)"
dspt,2383,2335,-48,655,2039,"CodeTON Round 9 (Div. 1 + Div. 2, Rated, Prizes!)"
OpKos,1973,2030,57,656,2039,"CodeTON Round 9 (Div. 1 + Div. 2, Rated, Prizes!)"
ArsenGotov,2114,2133,19,657,2039,"CodeTON Round 9 (Div. 1 + Div. 2, Rated, Prizes!)"
TankYoung,1946,2010,64,658,2039,"CodeTON Round 9 (Div. 1 + Div. 2, Rated, Prizes!)"
Kuangchenrui,2149,2158,9,659,2039,"CodeTON Round 9 (Div. 1 + Div. 2, Rated, Prizes!)"
amirhoseinfar1385,2415,2359,-56,659,2039,"CodeTON Round 9 (Div. 1 + Div. 2, Rated, Prizes!)"
Edeeva,2046,2083,37,661,2039,"CodeTON Round 9 (Div. 1 + Div. 2, Rated, Prizes!)"
MinaRagy06,2197,2193,-4,662,2039,"CodeTON Round 9 (Div. 1 + Div. 2, Rated, Prizes!)"
espr1t,1874,1958,84,663,2039,"CodeTON Round 9 (Div. 1 + Div. 2, Rated, Prizes!)"
hhhyh,2221,2211,-10,664,2039,"CodeTON Round 9 (Div. 1 + Div. 2, Rated, Prizes!)"
Aeon,1885,1965,80,664,2039,"CodeTON Round 9 (Div. 1 + Div. 2, Rated, Prizes!)"
Lzy_,2006,2052,46,666,2039,"CodeTON Round 9 (Div. 1 + Div. 2, Rated, Prizes!)"
hswfwkj,2061,2092,31,667,2039,"CodeTON Round 9 (Div. 1 + Div. 2, Rated, Prizes!)"
KiKoS,2153,2160,7,668,2039,"CodeTON Round 9 (Div. 1 + Div. 2, Rated, Prizes!)"
Cai,2356,2313,-43,669,2039,"CodeTON Round 9 (Div. 1 + Div. 2, Rated, Prizes!)"
xpov1LL,2092,2115,23,669,2039,"CodeTON Round 9 (Div. 1 + Div. 2, Rated, Prizes!)"
Boboge,2284,2258,-26,669,2039,"CodeTON Round 9 (Div. 1 + Div. 2, Rated, Prizes!)"
Elgoker,1938,2002,64,672,2039,"CodeTON Round 9 (Div. 1 + Div. 2, Rated, Prizes!)"
lev1106,1671,1810,139,673,2039,"CodeTON Round 9 (Div. 1 + Div. 2, Rated, Prizes!)"
FzArK,2030,2068,38,674,2039,"CodeTON Round 9 (Div. 1 + Div. 2, Rated, Prizes!)"
Squirrel,2277,2253,-24,675,2039,"CodeTON Round 9 (Div. 1 + Div. 2, Rated, Prizes!)"
titia,2135,2146,11,676,2039,"CodeTON Round 9 (Div. 1 + Div. 2, Rated, Prizes!)"
ahmadkhafif,2230,2216,-14,677,2039,"CodeTON Round 9 (Div. 1 + Div. 2, Rated, Prizes!)"
perchuts,2189,2185,-4,678,2039,"CodeTON Round 9 (Div. 1 + Div. 2, Rated, Prizes!)"
scccccccc,1829,1922,93,679,2039,"CodeTON Round 9 (Div. 1 + Div. 2, Rated, Prizes!)"
Acfboy,2103,2122,19,680,2039,"CodeTON Round 9 (Div. 1 + Div. 2, Rated, Prizes!)"
parsa-golestani,2328,2290,-38,680,2039,"CodeTON Round 9 (Div. 1 + Div. 2, Rated, Prizes!)"
Shun_PI,2508,2427,-81,682,2039,"CodeTON Round 9 (Div. 1 + Div. 2, Rated, Prizes!)"
MusicBox,2134,2144,10,683,2039,"CodeTON Round 9 (Div. 1 + Div. 2, Rated, Prizes!)"
035966_L3,2150,2156,6,684,2039,"CodeTON Round 9 (Div. 1 + Div. 2, Rated, Prizes!)"
chennie,2048,2080,32,685,2039,"CodeTON Round 9 (Div. 1 + Div. 2, Rated, Prizes!)"
Drew_,2102,2119,17,685,2039,"CodeTON Round 9 (Div. 1 + Div. 2, Rated, Prizes!)"
Flaming_Blade,2163,2165,2,685,2039,"CodeTON Round 9 (Div. 1 + Div. 2, Rated, Prizes!)"
soullless,2194,2188,-6,688,2039,"CodeTON Round 9 (Div. 1 + Div. 2, Rated, Prizes!)"
Creeper_l,2015,2056,41,689,2039,"CodeTON Round 9 (Div. 1 + Div. 2, Rated, Prizes!)"
TruotVoi2025_ToT,2094,2113,19,690,2039,"CodeTON Round 9 (Div. 1 + Div. 2, Rated, Prizes!)"
tatata96,2215,2203,-12,691,2039,"CodeTON Round 9 (Div. 1 + Div. 2, Rated, Prizes!)"
chengke,1999,2043,44,692,2039,"CodeTON Round 9 (Div. 1 + Div. 2, Rated, Prizes!)"
yyrwlj,1906,1975,69,693,2039,"CodeTON Round 9 (Div. 1 + Div. 2, Rated, Prizes!)"
AIF_is_carving,1905,1975,70,693,2039,"CodeTON Round 9 (Div. 1 + Div. 2, Rated, Prizes!)"
RegenFallen,2102,2119,17,695,2039,"CodeTON Round 9 (Div. 1 + Div. 2, Rated, Prizes!)"
hard05,2018,2056,38,696,2039,"CodeTON Round 9 (Div. 1 + Div. 2, Rated, Prizes!)"
Hectonit,2190,2184,-6,697,2039,"CodeTON Round 9 (Div. 1 + Div. 2, Rated, Prizes!)"
Art.ogo,2131,2140,9,698,2039,"CodeTON Round 9 (Div. 1 + Div. 2, Rated, Prizes!)"
khoianh,1872,1950,78,698,2039,"CodeTON Round 9 (Div. 1 + Div. 2, Rated, Prizes!)"
cSERAFIMc,2192,2184,-8,700,2039,"CodeTON Round 9 (Div. 1 + Div. 2, Rated, Prizes!)"
drdilyor,2208,2197,-11,701,2039,"CodeTON Round 9 (Div. 1 + Div. 2, Rated, Prizes!)"
Hakunaaa,1804,1901,97,701,2039,"CodeTON Round 9 (Div. 1 + Div. 2, Rated, Prizes!)"
zxh923,1853,1936,83,703,2039,"CodeTON Round 9 (Div. 1 + Div. 2, Rated, Prizes!)"
hung8A,1894,1965,71,704,2039,"CodeTON Round 9 (Div. 1 + Div. 2, Rated, Prizes!)"
whyalwaysmezzz,2140,2145,5,705,2039,"CodeTON Round 9 (Div. 1 + Div. 2, Rated, Prizes!)"
qmr_wa,2107,2121,14,706,2039,"CodeTON Round 9 (Div. 1 + Div. 2, Rated, Prizes!)"
beiyuli,2297,2263,-34,707,2039,"CodeTON Round 9 (Div. 1 + Div. 2, Rated, Prizes!)"
himemushi-momoyo,1034,1443,409,708,2039,"CodeTON Round 9 (Div. 1 + Div. 2, Rated, Prizes!)"
lenhanbounofficial,2114,2126,12,709,2039,"CodeTON Round 9 (Div. 1 + Div. 2, Rated, Prizes!)"
Silver_Fox,2288,2256,-32,710,2039,"CodeTON Round 9 (Div. 1 + Div. 2, Rated, Prizes!)"
azhan0222,1846,1930,84,710,2039,"CodeTON Round 9 (Div. 1 + Div. 2, Rated, Prizes!)"
Garyyy,2113,2125,12,712,2039,"CodeTON Round 9 (Div. 1 + Div. 2, Rated, Prizes!)"
juruoA,2205,2192,-13,713,2039,"CodeTON Round 9 (Div. 1 + Div. 2, Rated, Prizes!)"
The_Caspian_Sea,1957,2010,53,714,2039,"CodeTON Round 9 (Div. 1 + Div. 2, Rated, Prizes!)"
izoomrood,1717,1837,120,715,2039,"CodeTON Round 9 (Div. 1 + Div. 2, Rated, Prizes!)"
everflame,2055,2081,26,716,2039,"CodeTON Round 9 (Div. 1 + Div. 2, Rated, Prizes!)"
SunsetGlow95,2244,2222,-22,717,2039,"CodeTON Round 9 (Div. 1 + Div. 2, Rated, Prizes!)"
MCPlayer542,2241,2220,-21,718,2039,"CodeTON Round 9 (Div. 1 + Div. 2, Rated, Prizes!)"
Taibo,1960,2011,51,719,2039,"CodeTON Round 9 (Div. 1 + Div. 2, Rated, Prizes!)"
choyj416,1915,1979,64,720,2039,"CodeTON Round 9 (Div. 1 + Div. 2, Rated, Prizes!)"
XaRDKoDblCH,2104,2116,12,721,2039,"CodeTON Round 9 (Div. 1 + Div. 2, Rated, Prizes!)"
GettyToasted,1955,2007,52,722,2039,"CodeTON Round 9 (Div. 1 + Div. 2, Rated, Prizes!)"
Nevll,2299,2263,-36,723,2039,"CodeTON Round 9 (Div. 1 + Div. 2, Rated, Prizes!)"
caidx,1924,1984,60,724,2039,"CodeTON Round 9 (Div. 1 + Div. 2, Rated, Prizes!)"
Halyavka,2242,2219,-23,725,2039,"CodeTON Round 9 (Div. 1 + Div. 2, Rated, Prizes!)"
mika_uwu,2017,2052,35,726,2039,"CodeTON Round 9 (Div. 1 + Div. 2, Rated, Prizes!)"
blackslex,1909,1973,64,727,2039,"CodeTON Round 9 (Div. 1 + Div. 2, Rated, Prizes!)"
wxgmjfhy,1869,1944,75,728,2039,"CodeTON Round 9 (Div. 1 + Div. 2, Rated, Prizes!)"
great_fortune,2146,2147,1,729,2039,"CodeTON Round 9 (Div. 1 + Div. 2, Rated, Prizes!)"
credira,1834,1918,84,729,2039,"CodeTON Round 9 (Div. 1 + Div. 2, Rated, Prizes!)"
fanythree,2123,2129,6,731,2039,"CodeTON Round 9 (Div. 1 + Div. 2, Rated, Prizes!)"
RigBuhBuh,2162,2158,-4,732,2039,"CodeTON Round 9 (Div. 1 + Div. 2, Rated, Prizes!)"
Impulse4,1653,1845,192,733,2039,"CodeTON Round 9 (Div. 1 + Div. 2, Rated, Prizes!)"
janY_,2341,2293,-48,734,2039,"CodeTON Round 9 (Div. 1 + Div. 2, Rated, Prizes!)"
ILoveGulim,2149,2148,-1,735,2039,"CodeTON Round 9 (Div. 1 + Div. 2, Rated, Prizes!)"
beaaaan,1873,1946,73,735,2039,"CodeTON Round 9 (Div. 1 + Div. 2, Rated, Prizes!)"
MohammadParsaElahimanesh,2306,2266,-40,737,2039,"CodeTON Round 9 (Div. 1 + Div. 2, Rated, Prizes!)"
Little_CarT,2160,2156,-4,738,2039,"CodeTON Round 9 (Div. 1 + Div. 2, Rated, Prizes!)"
woohyun_jng,2076,2094,18,738,2039,"CodeTON Round 9 (Div. 1 + Div. 2, Rated, Prizes!)"
Ricky2021,2176,2168,-8,740,2039,"CodeTON Round 9 (Div. 1 + Div. 2, Rated, Prizes!)"
brenner1,2217,2199,-18,741,2039,"CodeTON Round 9 (Div. 1 + Div. 2, Rated, Prizes!)"
katzi,2126,2130,4,741,2039,"CodeTON Round 9 (Div. 1 + Div. 2, Rated, Prizes!)"
nygglatho_qwq,1609,1755,146,743,2039,"CodeTON Round 9 (Div. 1 + Div. 2, Rated, Prizes!)"
NK_,2232,2209,-23,744,2039,"CodeTON Round 9 (Div. 1 + Div. 2, Rated, Prizes!)"
Badint,2103,2113,10,745,2039,"CodeTON Round 9 (Div. 1 + Div. 2, Rated, Prizes!)"
ShirayukiNoa,1917,1976,59,746,2039,"CodeTON Round 9 (Div. 1 + Div. 2, Rated, Prizes!)"
francesco,2149,2146,-3,747,2039,"CodeTON Round 9 (Div. 1 + Div. 2, Rated, Prizes!)"
Hori,1881,1950,69,748,2039,"CodeTON Round 9 (Div. 1 + Div. 2, Rated, Prizes!)"
Waseem-Mustak,1746,1852,106,749,2039,"CodeTON Round 9 (Div. 1 + Div. 2, Rated, Prizes!)"
jamesbamber,2130,2132,2,749,2039,"CodeTON Round 9 (Div. 1 + Div. 2, Rated, Prizes!)"
zhi_fan,1982,2023,41,751,2039,"CodeTON Round 9 (Div. 1 + Div. 2, Rated, Prizes!)"
i_love_qingyu,1567,1724,157,752,2039,"CodeTON Round 9 (Div. 1 + Div. 2, Rated, Prizes!)"
clean100s,1698,1817,119,753,2039,"CodeTON Round 9 (Div. 1 + Div. 2, Rated, Prizes!)"
rexer,2156,2151,-5,754,2039,"CodeTON Round 9 (Div. 1 + Div. 2, Rated, Prizes!)"
ilyaZg,1752,1856,104,755,2039,"CodeTON Round 9 (Div. 1 + Div. 2, Rated, Prizes!)"
zhoufangyuanPT,2371,2313,-58,756,2039,"CodeTON Round 9 (Div. 1 + Div. 2, Rated, Prizes!)"
DGME,2009,2042,33,757,2039,"CodeTON Round 9 (Div. 1 + Div. 2, Rated, Prizes!)"
w0nsh,2392,2330,-62,758,2039,"CodeTON Round 9 (Div. 1 + Div. 2, Rated, Prizes!)"
zawatin,1916,1973,57,759,2039,"CodeTON Round 9 (Div. 1 + Div. 2, Rated, Prizes!)"
DmitryLzr,2238,2212,-26,760,2039,"CodeTON Round 9 (Div. 1 + Div. 2, Rated, Prizes!)"
yokoyama-midori,2097,2106,9,761,2039,"CodeTON Round 9 (Div. 1 + Div. 2, Rated, Prizes!)"
RedMind,2175,2164,-11,762,2039,"CodeTON Round 9 (Div. 1 + Div. 2, Rated, Prizes!)"
anango,2322,2276,-46,763,2039,"CodeTON Round 9 (Div. 1 + Div. 2, Rated, Prizes!)"
anthonyaaab123,2177,2166,-11,764,2039,"CodeTON Round 9 (Div. 1 + Div. 2, Rated, Prizes!)"
Magnet1c,1812,1898,86,765,2039,"CodeTON Round 9 (Div. 1 + Div. 2, Rated, Prizes!)"
AliiSh,2175,2163,-12,766,2039,"CodeTON Round 9 (Div. 1 + Div. 2, Rated, Prizes!)"
paqi,1781,1875,94,767,2039,"CodeTON Round 9 (Div. 1 + Div. 2, Rated, Prizes!)"
leeminhduc2,2118,2121,3,768,2039,"CodeTON Round 9 (Div. 1 + Div. 2, Rated, Prizes!)"
binap,2225,2202,-23,769,2039,"CodeTON Round 9 (Div. 1 + Div. 2, Rated, Prizes!)"
Yufe1210,2127,2128,1,770,2039,"CodeTON Round 9 (Div. 1 + Div. 2, Rated, Prizes!)"
Heartbeateffect,1966,2008,42,771,2039,"CodeTON Round 9 (Div. 1 + Div. 2, Rated, Prizes!)"
Max_Mayfield,1974,2015,41,771,2039,"CodeTON Round 9 (Div. 1 + Div. 2, Rated, Prizes!)"
HuaXinCai,1959,2003,44,773,2039,"CodeTON Round 9 (Div. 1 + Div. 2, Rated, Prizes!)"
fastmath,2577,2470,-107,774,2039,"CodeTON Round 9 (Div. 1 + Div. 2, Rated, Prizes!)"
cmbddl,2159,2151,-8,774,2039,"CodeTON Round 9 (Div. 1 + Div. 2, Rated, Prizes!)"
AST_TheCoder,1959,2003,44,776,2039,"CodeTON Round 9 (Div. 1 + Div. 2, Rated, Prizes!)"
Umanity,2161,2152,-9,777,2039,"CodeTON Round 9 (Div. 1 + Div. 2, Rated, Prizes!)"
kerembozkaya,1674,1796,122,778,2039,"CodeTON Round 9 (Div. 1 + Div. 2, Rated, Prizes!)"
djrfrn,1863,1933,70,778,2039,"CodeTON Round 9 (Div. 1 + Div. 2, Rated, Prizes!)"
ne4eHbKa,2099,2105,6,780,2039,"CodeTON Round 9 (Div. 1 + Div. 2, Rated, Prizes!)"
old_man_die_hard,1847,1921,74,781,2039,"CodeTON Round 9 (Div. 1 + Div. 2, Rated, Prizes!)"
Joanna.S,2089,2098,9,782,2039,"CodeTON Round 9 (Div. 1 + Div. 2, Rated, Prizes!)"
turgon314,2097,2104,7,783,2039,"CodeTON Round 9 (Div. 1 + Div. 2, Rated, Prizes!)"
Lin1991122,2077,2088,11,784,2039,"CodeTON Round 9 (Div. 1 + Div. 2, Rated, Prizes!)"
crazy_sea,3073,2846,-227,785,2039,"CodeTON Round 9 (Div. 1 + Div. 2, Rated, Prizes!)"
ntherner,2431,2356,-75,786,2039,"CodeTON Round 9 (Div. 1 + Div. 2, Rated, Prizes!)"
TAhmed33,2130,2127,-3,787,2039,"CodeTON Round 9 (Div. 1 + Div. 2, Rated, Prizes!)"
Luvidi,2118,2119,1,788,2039,"CodeTON Round 9 (Div. 1 + Div. 2, Rated, Prizes!)"
36champ,2473,2388,-85,789,2039,"CodeTON Round 9 (Div. 1 + Div. 2, Rated, Prizes!)"
alexwice,2249,2216,-33,790,2039,"CodeTON Round 9 (Div. 1 + Div. 2, Rated, Prizes!)"
PMiguelez,1900,1958,58,790,2039,"CodeTON Round 9 (Div. 1 + Div. 2, Rated, Prizes!)"
Hosen_ba,2129,2126,-3,792,2039,"CodeTON Round 9 (Div. 1 + Div. 2, Rated, Prizes!)"
Moretti_Zaria,1610,1748,138,793,2039,"CodeTON Round 9 (Div. 1 + Div. 2, Rated, Prizes!)"
zcz0263,1634,1765,131,793,2039,"CodeTON Round 9 (Div. 1 + Div. 2, Rated, Prizes!)"
Xiaohuba,2254,2220,-34,795,2039,"CodeTON Round 9 (Div. 1 + Div. 2, Rated, Prizes!)"
rolandpetrean,2270,2232,-38,796,2039,"CodeTON Round 9 (Div. 1 + Div. 2, Rated, Prizes!)"
Lokeo,2123,2121,-2,797,2039,"CodeTON Round 9 (Div. 1 + Div. 2, Rated, Prizes!)"
fsj-o,1870,1935,65,798,2039,"CodeTON Round 9 (Div. 1 + Div. 2, Rated, Prizes!)"
miemiemie,1678,1796,118,799,2039,"CodeTON Round 9 (Div. 1 + Div. 2, Rated, Prizes!)"
akua,2281,2240,-41,800,2039,"CodeTON Round 9 (Div. 1 + Div. 2, Rated, Prizes!)"
CodeGPT,1636,1802,166,801,2039,"CodeTON Round 9 (Div. 1 + Div. 2, Rated, Prizes!)"
Xellos,2464,2380,-84,802,2039,"CodeTON Round 9 (Div. 1 + Div. 2, Rated, Prizes!)"
Orango,1884,1945,61,803,2039,"CodeTON Round 9 (Div. 1 + Div. 2, Rated, Prizes!)"
0n1ycre,1993,2024,31,804,2039,"CodeTON Round 9 (Div. 1 + Div. 2, Rated, Prizes!)"
STOPTHEWAR,2147,2138,-9,805,2039,"CodeTON Round 9 (Div. 1 + Div. 2, Rated, Prizes!)"
Jawad.Akbar_JJ,1907,1961,54,806,2039,"CodeTON Round 9 (Div. 1 + Div. 2, Rated, Prizes!)"
moonlight_in_the_sky,1961,2000,39,807,2039,"CodeTON Round 9 (Div. 1 + Div. 2, Rated, Prizes!)"
ErrrrrrrayReis37,2482,2393,-89,808,2039,"CodeTON Round 9 (Div. 1 + Div. 2, Rated, Prizes!)"
murder_drones,2194,2174,-20,808,2039,"CodeTON Round 9 (Div. 1 + Div. 2, Rated, Prizes!)"
misteg168,2142,2134,-8,810,2039,"CodeTON Round 9 (Div. 1 + Div. 2, Rated, Prizes!)"
mike_chu,1972,2007,35,811,2039,"CodeTON Round 9 (Div. 1 + Div. 2, Rated, Prizes!)"
yvbf,1817,1895,78,812,2039,"CodeTON Round 9 (Div. 1 + Div. 2, Rated, Prizes!)"
pikafluff,1953,1994,41,813,2039,"CodeTON Round 9 (Div. 1 + Div. 2, Rated, Prizes!)"
MATDORI,2170,2155,-15,814,2039,"CodeTON Round 9 (Div. 1 + Div. 2, Rated, Prizes!)"
Enoch_TARDIS,1612,1747,135,815,2039,"CodeTON Round 9 (Div. 1 + Div. 2, Rated, Prizes!)"
Qzong,2026,2047,21,816,2039,"CodeTON Round 9 (Div. 1 + Div. 2, Rated, Prizes!)"
meowcneil,2218,2191,-27,817,2039,"CodeTON Round 9 (Div. 1 + Div. 2, Rated, Prizes!)"
1.618034,1799,1881,82,818,2039,"CodeTON Round 9 (Div. 1 + Div. 2, Rated, Prizes!)"
dimash1,2006,2031,25,819,2039,"CodeTON Round 9 (Div. 1 + Div. 2, Rated, Prizes!)"
hqmm,2110,2109,-1,820,2039,"CodeTON Round 9 (Div. 1 + Div. 2, Rated, Prizes!)"
chaeyihwan,2489,2397,-92,821,2039,"CodeTON Round 9 (Div. 1 + Div. 2, Rated, Prizes!)"
kmsgk,1767,1857,90,822,2039,"CodeTON Round 9 (Div. 1 + Div. 2, Rated, Prizes!)"
swoswoswo,2310,2260,-50,823,2039,"CodeTON Round 9 (Div. 1 + Div. 2, Rated, Prizes!)"
DE_aemmprty,2015,2037,22,824,2039,"CodeTON Round 9 (Div. 1 + Div. 2, Rated, Prizes!)"
DylanSmith,2424,2347,-77,825,2039,"CodeTON Round 9 (Div. 1 + Div. 2, Rated, Prizes!)"
Raretet,1717,1821,104,826,2039,"CodeTON Round 9 (Div. 1 + Div. 2, Rated, Prizes!)"
JagguBandar,2199,2175,-24,827,2039,"CodeTON Round 9 (Div. 1 + Div. 2, Rated, Prizes!)"
.I.,2269,2227,-42,828,2039,"CodeTON Round 9 (Div. 1 + Div. 2, Rated, Prizes!)"
ub33,2180,2160,-20,829,2039,"CodeTON Round 9 (Div. 1 + Div. 2, Rated, Prizes!)"
Gheazedrokzoe,1997,2024,27,830,2039,"CodeTON Round 9 (Div. 1 + Div. 2, Rated, Prizes!)"
FattyPenguin,2220,2190,-30,831,2039,"CodeTON Round 9 (Div. 1 + Div. 2, Rated, Prizes!)"
xcyyyyyy,1911,1961,50,832,2039,"CodeTON Round 9 (Div. 1 + Div. 2, Rated, Prizes!)"
CUMTB_sillk,1873,1932,59,833,2039,"CodeTON Round 9 (Div. 1 + Div. 2, Rated, Prizes!)"
usnabi,1762,1852,90,834,2039,"CodeTON Round 9 (Div. 1 + Div. 2, Rated, Prizes!)"
yutabi,2515,2416,-99,835,2039,"CodeTON Round 9 (Div. 1 + Div. 2, Rated, Prizes!)"
akshaykhandelwal,2265,2224,-41,836,2039,"CodeTON Round 9 (Div. 1 + Div. 2, Rated, Prizes!)"
ender_shayan,2163,2147,-16,837,2039,"CodeTON Round 9 (Div. 1 + Div. 2, Rated, Prizes!)"
CSQ31,1810,1887,77,838,2039,"CodeTON Round 9 (Div. 1 + Div. 2, Rated, Prizes!)"
ayush.ab44,1652,1772,120,839,2039,"CodeTON Round 9 (Div. 1 + Div. 2, Rated, Prizes!)"
KarinaOfGSHS41stLSB,2410,2334,-76,840,2039,"CodeTON Round 9 (Div. 1 + Div. 2, Rated, Prizes!)"
_Seele_Vollerei_,1722,1822,100,841,2039,"CodeTON Round 9 (Div. 1 + Div. 2, Rated, Prizes!)"
oleh1421,2903,2712,-191,842,2039,"CodeTON Round 9 (Div. 1 + Div. 2, Rated, Prizes!)"
tko919,2261,2220,-41,843,2039,"CodeTON Round 9 (Div. 1 + Div. 2, Rated, Prizes!)"
mychecksdead,2330,2273,-57,844,2039,"CodeTON Round 9 (Div. 1 + Div. 2, Rated, Prizes!)"
snowysecret,2422,2343,-79,845,2039,"CodeTON Round 9 (Div. 1 + Div. 2, Rated, Prizes!)"
UKBwyx,2260,2219,-41,846,2039,"CodeTON Round 9 (Div. 1 + Div. 2, Rated, Prizes!)"
plevande,2067,2074,7,847,2039,"CodeTON Round 9 (Div. 1 + Div. 2, Rated, Prizes!)"
bleh0.5,1973,2004,31,848,2039,"CodeTON Round 9 (Div. 1 + Div. 2, Rated, Prizes!)"
AkiLotus,2067,2073,6,849,2039,"CodeTON Round 9 (Div. 1 + Div. 2, Rated, Prizes!)"
amsraman,2345,2283,-62,850,2039,"CodeTON Round 9 (Div. 1 + Div. 2, Rated, Prizes!)"
gsh,2369,2301,-68,851,2039,"CodeTON Round 9 (Div. 1 + Div. 2, Rated, Prizes!)"
ReadDead,1839,1905,66,852,2039,"CodeTON Round 9 (Div. 1 + Div. 2, Rated, Prizes!)"
tbank,2097,2095,-2,853,2039,"CodeTON Round 9 (Div. 1 + Div. 2, Rated, Prizes!)"
nickbelov,2141,2127,-14,853,2039,"CodeTON Round 9 (Div. 1 + Div. 2, Rated, Prizes!)"
Setsuna,2187,2162,-25,855,2039,"CodeTON Round 9 (Div. 1 + Div. 2, Rated, Prizes!)"
d3press3d,1965,1997,32,856,2039,"CodeTON Round 9 (Div. 1 + Div. 2, Rated, Prizes!)"
kevin,2350,2286,-64,857,2039,"CodeTON Round 9 (Div. 1 + Div. 2, Rated, Prizes!)"
Dalek_of_Rivia,2335,2275,-60,858,2039,"CodeTON Round 9 (Div. 1 + Div. 2, Rated, Prizes!)"
rewolfnus233,2210,2179,-31,859,2039,"CodeTON Round 9 (Div. 1 + Div. 2, Rated, Prizes!)"
Pagode_Paiva,2137,2124,-13,860,2039,"CodeTON Round 9 (Div. 1 + Div. 2, Rated, Prizes!)"
GreenFatHen,1725,1891,166,861,2039,"CodeTON Round 9 (Div. 1 + Div. 2, Rated, Prizes!)"
Nolirue_Sola,2135,2123,-12,862,2039,"CodeTON Round 9 (Div. 1 + Div. 2, Rated, Prizes!)"
Heartquake,1717,1815,98,863,2039,"CodeTON Round 9 (Div. 1 + Div. 2, Rated, Prizes!)"
ilia-ivanov,2104,2099,-5,864,2039,"CodeTON Round 9 (Div. 1 + Div. 2, Rated, Prizes!)"
frznhc,2086,2086,0,865,2039,"CodeTON Round 9 (Div. 1 + Div. 2, Rated, Prizes!)"
Chifwin,2006,2026,20,866,2039,"CodeTON Round 9 (Div. 1 + Div. 2, Rated, Prizes!)"
Ali_BBN,2084,2083,-1,867,2039,"CodeTON Round 9 (Div. 1 + Div. 2, Rated, Prizes!)"
tablemoon,2133,2120,-13,868,2039,"CodeTON Round 9 (Div. 1 + Div. 2, Rated, Prizes!)"
_Gawd_,2104,2098,-6,869,2039,"CodeTON Round 9 (Div. 1 + Div. 2, Rated, Prizes!)"
devans,2179,2155,-24,870,2039,"CodeTON Round 9 (Div. 1 + Div. 2, Rated, Prizes!)"
oqmsac,2126,2114,-12,871,2039,"CodeTON Round 9 (Div. 1 + Div. 2, Rated, Prizes!)"
cyike9982,0,685,685,872,2039,"CodeTON Round 9 (Div. 1 + Div. 2, Rated, Prizes!)"
zhenja,2315,2258,-57,873,2039,"CodeTON Round 9 (Div. 1 + Div. 2, Rated, Prizes!)"
eepsilon,2081,2080,-1,873,2039,"CodeTON Round 9 (Div. 1 + Div. 2, Rated, Prizes!)"
peiwenjun,2381,2308,-73,875,2039,"CodeTON Round 9 (Div. 1 + Div. 2, Rated, Prizes!)"
Aishiteru,1691,1795,104,876,2039,"CodeTON Round 9 (Div. 1 + Div. 2, Rated, Prizes!)"
SPD_9X2,2189,2162,-27,876,2039,"CodeTON Round 9 (Div. 1 + Div. 2, Rated, Prizes!)"
xie_lzh,2149,2131,-18,878,2039,"CodeTON Round 9 (Div. 1 + Div. 2, Rated, Prizes!)"
kittykang,975,1375,400,878,2039,"CodeTON Round 9 (Div. 1 + Div. 2, Rated, Prizes!)"
ItamarNir,2223,2187,-36,880,2039,"CodeTON Round 9 (Div. 1 + Div. 2, Rated, Prizes!)"
Arpi2007,1533,1681,148,880,2039,"CodeTON Round 9 (Div. 1 + Div. 2, Rated, Prizes!)"
PengAo,2186,2159,-27,882,2039,"CodeTON Round 9 (Div. 1 + Div. 2, Rated, Prizes!)"
M_bolshakov,2042,2050,8,883,2039,"CodeTON Round 9 (Div. 1 + Div. 2, Rated, Prizes!)"
Nika_Tamliani,2331,2269,-62,884,2039,"CodeTON Round 9 (Div. 1 + Div. 2, Rated, Prizes!)"
Ihaveabigdick,1916,1957,41,884,2039,"CodeTON Round 9 (Div. 1 + Div. 2, Rated, Prizes!)"
cwxzh,2140,2124,-16,886,2039,"CodeTON Round 9 (Div. 1 + Div. 2, Rated, Prizes!)"
lybzscyzb,2007,2024,17,887,2039,"CodeTON Round 9 (Div. 1 + Div. 2, Rated, Prizes!)"
tonegawa,2208,2175,-33,887,2039,"CodeTON Round 9 (Div. 1 + Div. 2, Rated, Prizes!)"
lrvideckis,2191,2162,-29,889,2039,"CodeTON Round 9 (Div. 1 + Div. 2, Rated, Prizes!)"
Cu_OH_2,2149,2131,-18,890,2039,"CodeTON Round 9 (Div. 1 + Div. 2, Rated, Prizes!)"
Lu_xZ,1840,1902,62,891,2039,"CodeTON Round 9 (Div. 1 + Div. 2, Rated, Prizes!)"
aprohACk,1960,1989,29,892,2039,"CodeTON Round 9 (Div. 1 + Div. 2, Rated, Prizes!)"
Camellia_lsy,1872,1925,53,893,2039,"CodeTON Round 9 (Div. 1 + Div. 2, Rated, Prizes!)"
User0069,1947,1979,32,894,2039,"CodeTON Round 9 (Div. 1 + Div. 2, Rated, Prizes!)"
i_am_mamba,1379,1666,287,895,2039,"CodeTON Round 9 (Div. 1 + Div. 2, Rated, Prizes!)"
Night,2032,2042,10,896,2039,"CodeTON Round 9 (Div. 1 + Div. 2, Rated, Prizes!)"
sjm150,2027,2038,11,897,2039,"CodeTON Round 9 (Div. 1 + Div. 2, Rated, Prizes!)"
bthero,2359,2289,-70,898,2039,"CodeTON Round 9 (Div. 1 + Div. 2, Rated, Prizes!)"
oursaco,2213,2177,-36,899,2039,"CodeTON Round 9 (Div. 1 + Div. 2, Rated, Prizes!)"
raztun,2249,2205,-44,900,2039,"CodeTON Round 9 (Div. 1 + Div. 2, Rated, Prizes!)"
GuillemBC,1905,1948,43,900,2039,"CodeTON Round 9 (Div. 1 + Div. 2, Rated, Prizes!)"
Carpenters_Cat,2205,2171,-34,902,2039,"CodeTON Round 9 (Div. 1 + Div. 2, Rated, Prizes!)"
daoqi,1763,1844,81,903,2039,"CodeTON Round 9 (Div. 1 + Div. 2, Rated, Prizes!)"
anton6,2165,2141,-24,904,2039,"CodeTON Round 9 (Div. 1 + Div. 2, Rated, Prizes!)"
wcwnby,2175,2149,-26,904,2039,"CodeTON Round 9 (Div. 1 + Div. 2, Rated, Prizes!)"
_Joanna_,2259,2212,-47,906,2039,"CodeTON Round 9 (Div. 1 + Div. 2, Rated, Prizes!)"
Cyber,1671,1777,106,906,2039,"CodeTON Round 9 (Div. 1 + Div. 2, Rated, Prizes!)"
pring,2328,2265,-63,908,2039,"CodeTON Round 9 (Div. 1 + Div. 2, Rated, Prizes!)"
Eason9002,1849,1906,57,909,2039,"CodeTON Round 9 (Div. 1 + Div. 2, Rated, Prizes!)"
Madeeyuth,1577,1709,132,910,2039,"CodeTON Round 9 (Div. 1 + Div. 2, Rated, Prizes!)"
jankos19,2044,2049,5,911,2039,"CodeTON Round 9 (Div. 1 + Div. 2, Rated, Prizes!)"
1-1-1,1723,1814,91,912,2039,"CodeTON Round 9 (Div. 1 + Div. 2, Rated, Prizes!)"
fahimcp495,2188,2158,-30,912,2039,"CodeTON Round 9 (Div. 1 + Div. 2, Rated, Prizes!)"
yud08,1933,1967,34,914,2039,"CodeTON Round 9 (Div. 1 + Div. 2, Rated, Prizes!)"
Displace_,1957,2021,64,915,2039,"CodeTON Round 9 (Div. 1 + Div. 2, Rated, Prizes!)"
hoangnguyen09022004,1772,1849,77,916,2039,"CodeTON Round 9 (Div. 1 + Div. 2, Rated, Prizes!)"
Kniaz,2268,2218,-50,917,2039,"CodeTON Round 9 (Div. 1 + Div. 2, Rated, Prizes!)"
mban259,2126,2110,-16,917,2039,"CodeTON Round 9 (Div. 1 + Div. 2, Rated, Prizes!)"
gxd,2008,2021,13,919,2039,"CodeTON Round 9 (Div. 1 + Div. 2, Rated, Prizes!)"
I_am_Domik,2040,2045,5,920,2039,"CodeTON Round 9 (Div. 1 + Div. 2, Rated, Prizes!)"
cockatooo_2025GM,2137,2118,-19,921,2039,"CodeTON Round 9 (Div. 1 + Div. 2, Rated, Prizes!)"
Include_Z_F_R_,2040,2044,4,922,2039,"CodeTON Round 9 (Div. 1 + Div. 2, Rated, Prizes!)"
Terac,2177,2148,-29,922,2039,"CodeTON Round 9 (Div. 1 + Div. 2, Rated, Prizes!)"
vlp,2188,2156,-32,924,2039,"CodeTON Round 9 (Div. 1 + Div. 2, Rated, Prizes!)"
HCPS42,2084,2078,-6,925,2039,"CodeTON Round 9 (Div. 1 + Div. 2, Rated, Prizes!)"
chuanyu.fan,1995,2011,16,926,2039,"CodeTON Round 9 (Div. 1 + Div. 2, Rated, Prizes!)"
lct,2307,2246,-61,927,2039,"CodeTON Round 9 (Div. 1 + Div. 2, Rated, Prizes!)"
AngkyAkdi,1821,1883,62,928,2039,"CodeTON Round 9 (Div. 1 + Div. 2, Rated, Prizes!)"
Uagu,2031,2037,6,929,2039,"CodeTON Round 9 (Div. 1 + Div. 2, Rated, Prizes!)"
DizzyGroovy,1992,2008,16,930,2039,"CodeTON Round 9 (Div. 1 + Div. 2, Rated, Prizes!)"
PhoenixRebirth,2595,2468,-127,931,2039,"CodeTON Round 9 (Div. 1 + Div. 2, Rated, Prizes!)"
farkon00,2028,2034,6,932,2039,"CodeTON Round 9 (Div. 1 + Div. 2, Rated, Prizes!)"
Zbyszek99,2131,2112,-19,932,2039,"CodeTON Round 9 (Div. 1 + Div. 2, Rated, Prizes!)"
darkus-_-,1787,1857,70,934,2039,"CodeTON Round 9 (Div. 1 + Div. 2, Rated, Prizes!)"
-this-is-ohp-,1638,1749,111,935,2039,"CodeTON Round 9 (Div. 1 + Div. 2, Rated, Prizes!)"
hxu10,2145,2122,-23,936,2039,"CodeTON Round 9 (Div. 1 + Div. 2, Rated, Prizes!)"
cicwri,1834,1892,58,937,2039,"CodeTON Round 9 (Div. 1 + Div. 2, Rated, Prizes!)"
louhao088,2230,2187,-43,938,2039,"CodeTON Round 9 (Div. 1 + Div. 2, Rated, Prizes!)"
Mou-HuangZhong,2183,2151,-32,939,2039,"CodeTON Round 9 (Div. 1 + Div. 2, Rated, Prizes!)"
DaNeK0201,2103,2090,-13,940,2039,"CodeTON Round 9 (Div. 1 + Div. 2, Rated, Prizes!)"
FXLY_awa,1970,1991,21,940,2039,"CodeTON Round 9 (Div. 1 + Div. 2, Rated, Prizes!)"
taddan,1956,1980,24,942,2039,"CodeTON Round 9 (Div. 1 + Div. 2, Rated, Prizes!)"
AA_Surely,2163,2135,-28,942,2039,"CodeTON Round 9 (Div. 1 + Div. 2, Rated, Prizes!)"
Gassa,2154,2129,-25,942,2039,"CodeTON Round 9 (Div. 1 + Div. 2, Rated, Prizes!)"
rajat376,2151,2126,-25,945,2039,"CodeTON Round 9 (Div. 1 + Div. 2, Rated, Prizes!)"
hahawang,1788,1857,69,946,2039,"CodeTON Round 9 (Div. 1 + Div. 2, Rated, Prizes!)"
hello_world_001,2106,2091,-15,947,2039,"CodeTON Round 9 (Div. 1 + Div. 2, Rated, Prizes!)"
jimmywang0417,892,1308,416,948,2039,"CodeTON Round 9 (Div. 1 + Div. 2, Rated, Prizes!)"
abeker,2279,2223,-56,949,2039,"CodeTON Round 9 (Div. 1 + Div. 2, Rated, Prizes!)"
Jiangnan111,1962,1984,22,950,2039,"CodeTON Round 9 (Div. 1 + Div. 2, Rated, Prizes!)"
ghuy4g,1686,1783,97,951,2039,"CodeTON Round 9 (Div. 1 + Div. 2, Rated, Prizes!)"
prz1213,1645,1752,107,952,2039,"CodeTON Round 9 (Div. 1 + Div. 2, Rated, Prizes!)"
ArgintLaAnu,1973,1992,19,953,2039,"CodeTON Round 9 (Div. 1 + Div. 2, Rated, Prizes!)"
shadowmakers,1888,1929,41,954,2039,"CodeTON Round 9 (Div. 1 + Div. 2, Rated, Prizes!)"
aIish,2116,2099,-17,955,2039,"CodeTON Round 9 (Div. 1 + Div. 2, Rated, Prizes!)"
ku-haku,2161,2132,-29,956,2039,"CodeTON Round 9 (Div. 1 + Div. 2, Rated, Prizes!)"
azure-,1726,1811,85,957,2039,"CodeTON Round 9 (Div. 1 + Div. 2, Rated, Prizes!)"
thabumi,2186,2151,-35,958,2039,"CodeTON Round 9 (Div. 1 + Div. 2, Rated, Prizes!)"
masa.dobric,1950,1974,24,958,2039,"CodeTON Round 9 (Div. 1 + Div. 2, Rated, Prizes!)"
Luzhuoyuan,1967,1987,20,960,2039,"CodeTON Round 9 (Div. 1 + Div. 2, Rated, Prizes!)"
qwe1rt1yuiop1,2025,2029,4,961,2039,"CodeTON Round 9 (Div. 1 + Div. 2, Rated, Prizes!)"
jununu0811,1874,1918,44,961,2039,"CodeTON Round 9 (Div. 1 + Div. 2, Rated, Prizes!)"
liaoyanxu,2100,2085,-15,963,2039,"CodeTON Round 9 (Div. 1 + Div. 2, Rated, Prizes!)"
SSKMF,2029,2032,3,964,2039,"CodeTON Round 9 (Div. 1 + Div. 2, Rated, Prizes!)"
wxhtzdy,2222,2178,-44,965,2039,"CodeTON Round 9 (Div. 1 + Div. 2, Rated, Prizes!)"
T404,1922,1952,30,966,2039,"CodeTON Round 9 (Div. 1 + Div. 2, Rated, Prizes!)"
scorpion,1963,1983,20,967,2039,"CodeTON Round 9 (Div. 1 + Div. 2, Rated, Prizes!)"
leo020630,2265,2210,-55,968,2039,"CodeTON Round 9 (Div. 1 + Div. 2, Rated, Prizes!)"
BabaVoss,2066,2059,-7,969,2039,"CodeTON Round 9 (Div. 1 + Div. 2, Rated, Prizes!)"
sadonion,1956,2040,84,970,2039,"CodeTON Round 9 (Div. 1 + Div. 2, Rated, Prizes!)"
I_love_Takanashi_Hoshino,1707,1855,148,971,2039,"CodeTON Round 9 (Div. 1 + Div. 2, Rated, Prizes!)"
onbert,2110,2093,-17,972,2039,"CodeTON Round 9 (Div. 1 + Div. 2, Rated, Prizes!)"
Apteryxx,2030,2032,2,973,2039,"CodeTON Round 9 (Div. 1 + Div. 2, Rated, Prizes!)"
LoopHero,1945,1969,24,974,2039,"CodeTON Round 9 (Div. 1 + Div. 2, Rated, Prizes!)"
Dispersion_cf,1919,1950,31,975,2039,"CodeTON Round 9 (Div. 1 + Div. 2, Rated, Prizes!)"
ALAov,2053,2049,-4,976,2039,"CodeTON Round 9 (Div. 1 + Div. 2, Rated, Prizes!)"
cowthecow,1840,1892,52,977,2039,"CodeTON Round 9 (Div. 1 + Div. 2, Rated, Prizes!)"
mathworker21,1639,1745,106,977,2039,"CodeTON Round 9 (Div. 1 + Div. 2, Rated, Prizes!)"
Mahabhu,1831,1885,54,979,2039,"CodeTON Round 9 (Div. 1 + Div. 2, Rated, Prizes!)"
Ylx19,0,671,671,980,2039,"CodeTON Round 9 (Div. 1 + Div. 2, Rated, Prizes!)"
trp_hy,2108,2090,-18,980,2039,"CodeTON Round 9 (Div. 1 + Div. 2, Rated, Prizes!)"
narku,1832,1885,53,982,2039,"CodeTON Round 9 (Div. 1 + Div. 2, Rated, Prizes!)"
Franuch,2208,2165,-43,983,2039,"CodeTON Round 9 (Div. 1 + Div. 2, Rated, Prizes!)"
Teto,1905,1938,33,984,2039,"CodeTON Round 9 (Div. 1 + Div. 2, Rated, Prizes!)"
lrjr24,1793,1856,63,985,2039,"CodeTON Round 9 (Div. 1 + Div. 2, Rated, Prizes!)"
Thomasguo666,1691,1782,91,985,2039,"CodeTON Round 9 (Div. 1 + Div. 2, Rated, Prizes!)"
not_natural_fruits,1645,1817,172,987,2039,"CodeTON Round 9 (Div. 1 + Div. 2, Rated, Prizes!)"
Srginit286,1784,1849,65,988,2039,"CodeTON Round 9 (Div. 1 + Div. 2, Rated, Prizes!)"
DL1009,1845,1894,49,989,2039,"CodeTON Round 9 (Div. 1 + Div. 2, Rated, Prizes!)"
Djangle162857,1990,2000,10,989,2039,"CodeTON Round 9 (Div. 1 + Div. 2, Rated, Prizes!)"
kavorka,1997,2006,9,989,2039,"CodeTON Round 9 (Div. 1 + Div. 2, Rated, Prizes!)"
satturn80,2012,2016,4,992,2039,"CodeTON Round 9 (Div. 1 + Div. 2, Rated, Prizes!)"
honoka-,1971,1986,15,992,2039,"CodeTON Round 9 (Div. 1 + Div. 2, Rated, Prizes!)"
tom12321,1799,1860,61,994,2039,"CodeTON Round 9 (Div. 1 + Div. 2, Rated, Prizes!)"
FLYDEB,1642,1745,103,994,2039,"CodeTON Round 9 (Div. 1 + Div. 2, Rated, Prizes!)"
min_worked,1665,1762,97,994,2039,"CodeTON Round 9 (Div. 1 + Div. 2, Rated, Prizes!)"
pty6666,2120,2098,-22,997,2039,"CodeTON Round 9 (Div. 1 + Div. 2, Rated, Prizes!)"
kidw0124,1954,1973,19,997,2039,"CodeTON Round 9 (Div. 1 + Div. 2, Rated, Prizes!)"
nguyenquocthao00,1964,1980,16,999,2039,"CodeTON Round 9 (Div. 1 + Div. 2, Rated, Prizes!)"
ssk4988,2234,2183,-51,1000,2039,"CodeTON Round 9 (Div. 1 + Div. 2, Rated, Prizes!)"
uyi,1617,1726,109,1001,2039,"CodeTON Round 9 (Div. 1 + Div. 2, Rated, Prizes!)"
applepi216,2103,2084,-19,1001,2039,"CodeTON Round 9 (Div. 1 + Div. 2, Rated, Prizes!)"
Bungmint,2335,2260,-75,1003,2039,"CodeTON Round 9 (Div. 1 + Div. 2, Rated, Prizes!)"
lmj,1765,1834,69,1004,2039,"CodeTON Round 9 (Div. 1 + Div. 2, Rated, Prizes!)"
aryanc403,2412,2320,-92,1005,2039,"CodeTON Round 9 (Div. 1 + Div. 2, Rated, Prizes!)"
Coder-Osman,1939,1961,22,1006,2039,"CodeTON Round 9 (Div. 1 + Div. 2, Rated, Prizes!)"
Werner,1813,1868,55,1007,2039,"CodeTON Round 9 (Div. 1 + Div. 2, Rated, Prizes!)"
ShadowShark,2072,2059,-13,1008,2039,"CodeTON Round 9 (Div. 1 + Div. 2, Rated, Prizes!)"
twisted_minds,1155,1489,334,1008,2039,"CodeTON Round 9 (Div. 1 + Div. 2, Rated, Prizes!)"
987,1997,2004,7,1010,2039,"CodeTON Round 9 (Div. 1 + Div. 2, Rated, Prizes!)"
dusty.and.rusty,1794,1854,60,1011,2039,"CodeTON Round 9 (Div. 1 + Div. 2, Rated, Prizes!)"
Filaret14,1948,1967,19,1011,2039,"CodeTON Round 9 (Div. 1 + Div. 2, Rated, Prizes!)"
wifi32767,1887,1922,35,1013,2039,"CodeTON Round 9 (Div. 1 + Div. 2, Rated, Prizes!)"
p__ce1052,1792,1852,60,1014,2039,"CodeTON Round 9 (Div. 1 + Div. 2, Rated, Prizes!)"
DR.Scarn,1735,1810,75,1015,2039,"CodeTON Round 9 (Div. 1 + Div. 2, Rated, Prizes!)"
Omiya_Shinobu,2189,2147,-42,1015,2039,"CodeTON Round 9 (Div. 1 + Div. 2, Rated, Prizes!)"
lucassala,2019,2019,0,1017,2039,"CodeTON Round 9 (Div. 1 + Div. 2, Rated, Prizes!)"
johnsmith0x3f,1875,1913,38,1018,2039,"CodeTON Round 9 (Div. 1 + Div. 2, Rated, Prizes!)"
SirTechnical,2140,2110,-30,1019,2039,"CodeTON Round 9 (Div. 1 + Div. 2, Rated, Prizes!)"
Lolboyyyy,1890,1924,34,1020,2039,"CodeTON Round 9 (Div. 1 + Div. 2, Rated, Prizes!)"
tht.onepunchac168,2030,2027,-3,1020,2039,"CodeTON Round 9 (Div. 1 + Div. 2, Rated, Prizes!)"
djs100201,2248,2192,-56,1022,2039,"CodeTON Round 9 (Div. 1 + Div. 2, Rated, Prizes!)"
liveworldlike,1884,1919,35,1022,2039,"CodeTON Round 9 (Div. 1 + Div. 2, Rated, Prizes!)"
binminh02,1728,1804,76,1022,2039,"CodeTON Round 9 (Div. 1 + Div. 2, Rated, Prizes!)"
RongYuzz,1917,1942,25,1025,2039,"CodeTON Round 9 (Div. 1 + Div. 2, Rated, Prizes!)"
N00BGH0ST,2255,2197,-58,1025,2039,"CodeTON Round 9 (Div. 1 + Div. 2, Rated, Prizes!)"
lvovkir,2271,2210,-61,1027,2039,"CodeTON Round 9 (Div. 1 + Div. 2, Rated, Prizes!)"
sdyzpf,2189,2146,-43,1028,2039,"CodeTON Round 9 (Div. 1 + Div. 2, Rated, Prizes!)"
aleph01,708,1167,459,1029,2039,"CodeTON Round 9 (Div. 1 + Div. 2, Rated, Prizes!)"
feodor.yevtushenko,2166,2129,-37,1030,2039,"CodeTON Round 9 (Div. 1 + Div. 2, Rated, Prizes!)"
Mifort,2151,2117,-34,1031,2039,"CodeTON Round 9 (Div. 1 + Div. 2, Rated, Prizes!)"
monoidic,2128,2100,-28,1032,2039,"CodeTON Round 9 (Div. 1 + Div. 2, Rated, Prizes!)"
rt3,2218,2168,-50,1032,2039,"CodeTON Round 9 (Div. 1 + Div. 2, Rated, Prizes!)"
P31pr,868,1280,412,1034,2039,"CodeTON Round 9 (Div. 1 + Div. 2, Rated, Prizes!)"
qsj,2050,2040,-10,1034,2039,"CodeTON Round 9 (Div. 1 + Div. 2, Rated, Prizes!)"
gty314159,1723,1800,77,1036,2039,"CodeTON Round 9 (Div. 1 + Div. 2, Rated, Prizes!)"
wery0,2382,2294,-88,1036,2039,"CodeTON Round 9 (Div. 1 + Div. 2, Rated, Prizes!)"
the_only_noob,1764,1829,65,1038,2039,"CodeTON Round 9 (Div. 1 + Div. 2, Rated, Prizes!)"
George_Rubio,1786,1845,59,1039,2039,"CodeTON Round 9 (Div. 1 + Div. 2, Rated, Prizes!)"
gs17005,2054,2043,-11,1040,2039,"CodeTON Round 9 (Div. 1 + Div. 2, Rated, Prizes!)"
szaranczuk,1907,1933,26,1041,2039,"CodeTON Round 9 (Div. 1 + Div. 2, Rated, Prizes!)"
Pasta,1621,1725,104,1042,2039,"CodeTON Round 9 (Div. 1 + Div. 2, Rated, Prizes!)"
Argelys,1734,1807,73,1043,2039,"CodeTON Round 9 (Div. 1 + Div. 2, Rated, Prizes!)"
LambdaIsAllUNeed,1272,1476,204,1043,2039,"CodeTON Round 9 (Div. 1 + Div. 2, Rated, Prizes!)"
KolunG,1860,1898,38,1045,2039,"CodeTON Round 9 (Div. 1 + Div. 2, Rated, Prizes!)"
AwesomeParrot,1837,1881,44,1046,2039,"CodeTON Round 9 (Div. 1 + Div. 2, Rated, Prizes!)"
sckrt,1988,1993,5,1047,2039,"CodeTON Round 9 (Div. 1 + Div. 2, Rated, Prizes!)"
bobr_efim,1703,1784,81,1048,2039,"CodeTON Round 9 (Div. 1 + Div. 2, Rated, Prizes!)"
Geforgs,2075,2059,-16,1049,2039,"CodeTON Round 9 (Div. 1 + Div. 2, Rated, Prizes!)"
tienvn123,2018,2015,-3,1050,2039,"CodeTON Round 9 (Div. 1 + Div. 2, Rated, Prizes!)"
v0s7er,2066,2051,-15,1050,2039,"CodeTON Round 9 (Div. 1 + Div. 2, Rated, Prizes!)"
k1suxu,2215,2164,-51,1052,2039,"CodeTON Round 9 (Div. 1 + Div. 2, Rated, Prizes!)"
dremlory,1734,1805,71,1053,2039,"CodeTON Round 9 (Div. 1 + Div. 2, Rated, Prizes!)"
sergeev.PRO,2114,2087,-27,1053,2039,"CodeTON Round 9 (Div. 1 + Div. 2, Rated, Prizes!)"
MarcosK,2217,2166,-51,1055,2039,"CodeTON Round 9 (Div. 1 + Div. 2, Rated, Prizes!)"
A_Nafees,1768,1830,62,1056,2039,"CodeTON Round 9 (Div. 1 + Div. 2, Rated, Prizes!)"
bcollet,2114,2087,-27,1057,2039,"CodeTON Round 9 (Div. 1 + Div. 2, Rated, Prizes!)"
Frus,2049,2037,-12,1058,2039,"CodeTON Round 9 (Div. 1 + Div. 2, Rated, Prizes!)"
JakubLap,2021,2016,-5,1059,2039,"CodeTON Round 9 (Div. 1 + Div. 2, Rated, Prizes!)"
blankKyo,1740,1809,69,1060,2039,"CodeTON Round 9 (Div. 1 + Div. 2, Rated, Prizes!)"
Friendiks,1757,1822,65,1061,2039,"CodeTON Round 9 (Div. 1 + Div. 2, Rated, Prizes!)"
pengin_2000,1926,1946,20,1062,2039,"CodeTON Round 9 (Div. 1 + Div. 2, Rated, Prizes!)"
Muhammad_Aneeq,1743,1811,68,1063,2039,"CodeTON Round 9 (Div. 1 + Div. 2, Rated, Prizes!)"
Husanboy,1984,1988,4,1064,2039,"CodeTON Round 9 (Div. 1 + Div. 2, Rated, Prizes!)"
illbeatyou,1729,1837,108,1065,2039,"CodeTON Round 9 (Div. 1 + Div. 2, Rated, Prizes!)"
jinfeng123321,1135,1382,247,1066,2039,"CodeTON Round 9 (Div. 1 + Div. 2, Rated, Prizes!)"
profchi,2165,2124,-41,1067,2039,"CodeTON Round 9 (Div. 1 + Div. 2, Rated, Prizes!)"
Sacharlemagne,1749,1814,65,1068,2039,"CodeTON Round 9 (Div. 1 + Div. 2, Rated, Prizes!)"
Dream_Sky,1439,1590,151,1068,2039,"CodeTON Round 9 (Div. 1 + Div. 2, Rated, Prizes!)"
Joacoini,1831,1874,43,1068,2039,"CodeTON Round 9 (Div. 1 + Div. 2, Rated, Prizes!)"
sunzz3183,2064,2048,-16,1071,2039,"CodeTON Round 9 (Div. 1 + Div. 2, Rated, Prizes!)"
Redbluetulip,1136,1438,302,1071,2039,"CodeTON Round 9 (Div. 1 + Div. 2, Rated, Prizes!)"
-firefly-,2140,2105,-35,1071,2039,"CodeTON Round 9 (Div. 1 + Div. 2, Rated, Prizes!)"
DeadRhino,0,661,661,1071,2039,"CodeTON Round 9 (Div. 1 + Div. 2, Rated, Prizes!)"
Shu.Rong,1773,1832,59,1075,2039,"CodeTON Round 9 (Div. 1 + Div. 2, Rated, Prizes!)"
Daniel081024,2433,2330,-103,1076,2039,"CodeTON Round 9 (Div. 1 + Div. 2, Rated, Prizes!)"
Bob_Wang,1955,1966,11,1077,2039,"CodeTON Round 9 (Div. 1 + Div. 2, Rated, Prizes!)"
_ljh,1673,1759,86,1078,2039,"CodeTON Round 9 (Div. 1 + Div. 2, Rated, Prizes!)"
Chaska,1712,1787,75,1079,2039,"CodeTON Round 9 (Div. 1 + Div. 2, Rated, Prizes!)"
EasyRed29,2136,2101,-35,1080,2039,"CodeTON Round 9 (Div. 1 + Div. 2, Rated, Prizes!)"
pitP,1795,1847,52,1081,2039,"CodeTON Round 9 (Div. 1 + Div. 2, Rated, Prizes!)"
Lol2004,2114,2085,-29,1081,2039,"CodeTON Round 9 (Div. 1 + Div. 2, Rated, Prizes!)"
C0median,1797,1848,51,1083,2039,"CodeTON Round 9 (Div. 1 + Div. 2, Rated, Prizes!)"
weily,1756,1818,62,1083,2039,"CodeTON Round 9 (Div. 1 + Div. 2, Rated, Prizes!)"
samkim21,596,1079,483,1083,2039,"CodeTON Round 9 (Div. 1 + Div. 2, Rated, Prizes!)"
6consoi,1918,1937,19,1083,2039,"CodeTON Round 9 (Div. 1 + Div. 2, Rated, Prizes!)"
mt19937,1820,1865,45,1083,2039,"CodeTON Round 9 (Div. 1 + Div. 2, Rated, Prizes!)"
ali2005_syr,1768,1827,59,1088,2039,"CodeTON Round 9 (Div. 1 + Div. 2, Rated, Prizes!)"
raulandreipop,2049,2034,-15,1089,2039,"CodeTON Round 9 (Div. 1 + Div. 2, Rated, Prizes!)"
77z77,1854,1890,36,1090,2039,"CodeTON Round 9 (Div. 1 + Div. 2, Rated, Prizes!)"
Rising-coder,2138,2102,-36,1090,2039,"CodeTON Round 9 (Div. 1 + Div. 2, Rated, Prizes!)"
_Crimson_,2105,2077,-28,1092,2039,"CodeTON Round 9 (Div. 1 + Div. 2, Rated, Prizes!)"
Tony1234,1878,1907,29,1093,2039,"CodeTON Round 9 (Div. 1 + Div. 2, Rated, Prizes!)"
ball_of_wool,2100,2073,-27,1093,2039,"CodeTON Round 9 (Div. 1 + Div. 2, Rated, Prizes!)"
penguin2,2106,2077,-29,1095,2039,"CodeTON Round 9 (Div. 1 + Div. 2, Rated, Prizes!)"
FinrodF,1809,1856,47,1095,2039,"CodeTON Round 9 (Div. 1 + Div. 2, Rated, Prizes!)"
xikvwl,1843,1880,37,1097,2039,"CodeTON Round 9 (Div. 1 + Div. 2, Rated, Prizes!)"
pagemrw,1402,1561,159,1097,2039,"CodeTON Round 9 (Div. 1 + Div. 2, Rated, Prizes!)"
MrAndria,1925,1941,16,1099,2039,"CodeTON Round 9 (Div. 1 + Div. 2, Rated, Prizes!)"
kzyKT,1904,1926,22,1099,2039,"CodeTON Round 9 (Div. 1 + Div. 2, Rated, Prizes!)"
Irthente,1842,1880,38,1101,2039,"CodeTON Round 9 (Div. 1 + Div. 2, Rated, Prizes!)"
.-__-.,1624,1720,96,1101,2039,"CodeTON Round 9 (Div. 1 + Div. 2, Rated, Prizes!)"
otoshigo,2318,2239,-79,1101,2039,"CodeTON Round 9 (Div. 1 + Div. 2, Rated, Prizes!)"
cancaneed,1868,1899,31,1104,2039,"CodeTON Round 9 (Div. 1 + Div. 2, Rated, Prizes!)"
4927618350,1824,1866,42,1105,2039,"CodeTON Round 9 (Div. 1 + Div. 2, Rated, Prizes!)"
dyktr_06,2143,2104,-39,1105,2039,"CodeTON Round 9 (Div. 1 + Div. 2, Rated, Prizes!)"
Anndy_bonus,1464,1604,140,1107,2039,"CodeTON Round 9 (Div. 1 + Div. 2, Rated, Prizes!)"
Mg_Det,1822,1864,42,1108,2039,"CodeTON Round 9 (Div. 1 + Div. 2, Rated, Prizes!)"
danbanica,1944,1954,10,1109,2039,"CodeTON Round 9 (Div. 1 + Div. 2, Rated, Prizes!)"
magurofly,1615,1713,98,1109,2039,"CodeTON Round 9 (Div. 1 + Div. 2, Rated, Prizes!)"
jlass_,2199,2147,-52,1111,2039,"CodeTON Round 9 (Div. 1 + Div. 2, Rated, Prizes!)"
buko,2007,2001,-6,1112,2039,"CodeTON Round 9 (Div. 1 + Div. 2, Rated, Prizes!)"
VasyaMer,2210,2155,-55,1112,2039,"CodeTON Round 9 (Div. 1 + Div. 2, Rated, Prizes!)"
mcrash12,1740,1804,64,1112,2039,"CodeTON Round 9 (Div. 1 + Div. 2, Rated, Prizes!)"
yjx120921,2153,2111,-42,1115,2039,"CodeTON Round 9 (Div. 1 + Div. 2, Rated, Prizes!)"
hcywoi,2079,2055,-24,1115,2039,"CodeTON Round 9 (Div. 1 + Div. 2, Rated, Prizes!)"
SeaYellow,1853,1886,33,1117,2039,"CodeTON Round 9 (Div. 1 + Div. 2, Rated, Prizes!)"
LiMaoQing666,1675,1756,81,1118,2039,"CodeTON Round 9 (Div. 1 + Div. 2, Rated, Prizes!)"
luckyblock233,2002,1996,-6,1119,2039,"CodeTON Round 9 (Div. 1 + Div. 2, Rated, Prizes!)"
aqxa,2284,2211,-73,1120,2039,"CodeTON Round 9 (Div. 1 + Div. 2, Rated, Prizes!)"
glass_of_water,0,656,656,1121,2039,"CodeTON Round 9 (Div. 1 + Div. 2, Rated, Prizes!)"
coderbd,1627,1720,93,1122,2039,"CodeTON Round 9 (Div. 1 + Div. 2, Rated, Prizes!)"
lucky_clover_,1970,1972,2,1123,2039,"CodeTON Round 9 (Div. 1 + Div. 2, Rated, Prizes!)"
silverfish,1873,1900,27,1124,2039,"CodeTON Round 9 (Div. 1 + Div. 2, Rated, Prizes!)"
nianzi,1957,1963,6,1125,2039,"CodeTON Round 9 (Div. 1 + Div. 2, Rated, Prizes!)"
daud04,1655,1740,85,1126,2039,"CodeTON Round 9 (Div. 1 + Div. 2, Rated, Prizes!)"
stacks,1453,1594,141,1127,2039,"CodeTON Round 9 (Div. 1 + Div. 2, Rated, Prizes!)"
_WD_,1917,1932,15,1128,2039,"CodeTON Round 9 (Div. 1 + Div. 2, Rated, Prizes!)"
lldxjw,2020,2009,-11,1128,2039,"CodeTON Round 9 (Div. 1 + Div. 2, Rated, Prizes!)"
XiaY,1908,1925,17,1130,2039,"CodeTON Round 9 (Div. 1 + Div. 2, Rated, Prizes!)"
andreasn,1662,1745,83,1130,2039,"CodeTON Round 9 (Div. 1 + Div. 2, Rated, Prizes!)"
ch1ll_guy,1673,1753,80,1130,2039,"CodeTON Round 9 (Div. 1 + Div. 2, Rated, Prizes!)"
trraian,1682,1760,78,1133,2039,"CodeTON Round 9 (Div. 1 + Div. 2, Rated, Prizes!)"
FinanceEngineer,1158,1478,320,1133,2039,"CodeTON Round 9 (Div. 1 + Div. 2, Rated, Prizes!)"
STommydx,1486,1617,131,1135,2039,"CodeTON Round 9 (Div. 1 + Div. 2, Rated, Prizes!)"
apostoldaniel854,2122,2086,-36,1135,2039,"CodeTON Round 9 (Div. 1 + Div. 2, Rated, Prizes!)"
CptSimple,1751,1809,58,1137,2039,"CodeTON Round 9 (Div. 1 + Div. 2, Rated, Prizes!)"
frankly6,1810,1853,43,1138,2039,"CodeTON Round 9 (Div. 1 + Div. 2, Rated, Prizes!)"
daukah,2235,2172,-63,1139,2039,"CodeTON Round 9 (Div. 1 + Div. 2, Rated, Prizes!)"
zxn_64,1776,1828,52,1140,2039,"CodeTON Round 9 (Div. 1 + Div. 2, Rated, Prizes!)"
Ghulam_Junaid,1818,1858,40,1141,2039,"CodeTON Round 9 (Div. 1 + Div. 2, Rated, Prizes!)"
Nimadli,1523,1643,120,1141,2039,"CodeTON Round 9 (Div. 1 + Div. 2, Rated, Prizes!)"
stefanopulos,2063,2041,-22,1143,2039,"CodeTON Round 9 (Div. 1 + Div. 2, Rated, Prizes!)"
ColobocCodeforces,1830,1867,37,1144,2039,"CodeTON Round 9 (Div. 1 + Div. 2, Rated, Prizes!)"
Iceturky,2241,2176,-65,1145,2039,"CodeTON Round 9 (Div. 1 + Div. 2, Rated, Prizes!)"
PositiveNigative,1727,1862,135,1146,2039,"CodeTON Round 9 (Div. 1 + Div. 2, Rated, Prizes!)"
TheRedStone,1952,1956,4,1147,2039,"CodeTON Round 9 (Div. 1 + Div. 2, Rated, Prizes!)"
kanchuang,1543,1656,113,1148,2039,"CodeTON Round 9 (Div. 1 + Div. 2, Rated, Prizes!)"
Teranj,1724,1788,64,1149,2039,"CodeTON Round 9 (Div. 1 + Div. 2, Rated, Prizes!)"
liujunyi2,1781,1830,49,1150,2039,"CodeTON Round 9 (Div. 1 + Div. 2, Rated, Prizes!)"
cyqwq_,1646,1731,85,1151,2039,"CodeTON Round 9 (Div. 1 + Div. 2, Rated, Prizes!)"
Zane,1851,1882,31,1151,2039,"CodeTON Round 9 (Div. 1 + Div. 2, Rated, Prizes!)"
hhhhyf,1938,1945,7,1151,2039,"CodeTON Round 9 (Div. 1 + Div. 2, Rated, Prizes!)"
nono00,2133,2093,-40,1154,2039,"CodeTON Round 9 (Div. 1 + Div. 2, Rated, Prizes!)"
SajibKC_19,1804,1846,42,1155,2039,"CodeTON Round 9 (Div. 1 + Div. 2, Rated, Prizes!)"
Klass_Mars,1667,1746,79,1156,2039,"CodeTON Round 9 (Div. 1 + Div. 2, Rated, Prizes!)"
twosquares,1673,1750,77,1157,2039,"CodeTON Round 9 (Div. 1 + Div. 2, Rated, Prizes!)"
angesh,1812,1852,40,1158,2039,"CodeTON Round 9 (Div. 1 + Div. 2, Rated, Prizes!)"
legend-dy,0,651,651,1159,2039,"CodeTON Round 9 (Div. 1 + Div. 2, Rated, Prizes!)"
reil_st,2211,2152,-59,1160,2039,"CodeTON Round 9 (Div. 1 + Div. 2, Rated, Prizes!)"
pisriy,1353,1520,167,1160,2039,"CodeTON Round 9 (Div. 1 + Div. 2, Rated, Prizes!)"
chh9976,2062,2038,-24,1162,2039,"CodeTON Round 9 (Div. 1 + Div. 2, Rated, Prizes!)"
IGM_NEXT_YEAR,2199,2143,-56,1162,2039,"CodeTON Round 9 (Div. 1 + Div. 2, Rated, Prizes!)"
DimmyT,2206,2148,-58,1164,2039,"CodeTON Round 9 (Div. 1 + Div. 2, Rated, Prizes!)"
smac_fan,1776,1825,49,1165,2039,"CodeTON Round 9 (Div. 1 + Div. 2, Rated, Prizes!)"
Ayalla,1964,1964,0,1166,2039,"CodeTON Round 9 (Div. 1 + Div. 2, Rated, Prizes!)"
paogesb,1710,1777,67,1167,2039,"CodeTON Round 9 (Div. 1 + Div. 2, Rated, Prizes!)"
elixir,1638,1723,85,1167,2039,"CodeTON Round 9 (Div. 1 + Div. 2, Rated, Prizes!)"
pszczola,2132,2090,-42,1169,2039,"CodeTON Round 9 (Div. 1 + Div. 2, Rated, Prizes!)"
Hirro,1746,1802,56,1169,2039,"CodeTON Round 9 (Div. 1 + Div. 2, Rated, Prizes!)"
Valters07,2296,2217,-79,1171,2039,"CodeTON Round 9 (Div. 1 + Div. 2, Rated, Prizes!)"
nhonyc,1792,1836,44,1172,2039,"CodeTON Round 9 (Div. 1 + Div. 2, Rated, Prizes!)"
CuteJerry,1843,1873,30,1172,2039,"CodeTON Round 9 (Div. 1 + Div. 2, Rated, Prizes!)"
jiguangxx,1681,1754,73,1172,2039,"CodeTON Round 9 (Div. 1 + Div. 2, Rated, Prizes!)"
Rafio,1750,1805,55,1175,2039,"CodeTON Round 9 (Div. 1 + Div. 2, Rated, Prizes!)"
Etohari,1920,1930,10,1176,2039,"CodeTON Round 9 (Div. 1 + Div. 2, Rated, Prizes!)"
hardenisthegoat,2048,2027,-21,1176,2039,"CodeTON Round 9 (Div. 1 + Div. 2, Rated, Prizes!)"
dalgu,2029,2012,-17,1178,2039,"CodeTON Round 9 (Div. 1 + Div. 2, Rated, Prizes!)"
dickenkuan,1384,1540,156,1179,2039,"CodeTON Round 9 (Div. 1 + Div. 2, Rated, Prizes!)"
DrFabricio,1733,1792,59,1180,2039,"CodeTON Round 9 (Div. 1 + Div. 2, Rated, Prizes!)"
Itisa,1936,1942,6,1181,2039,"CodeTON Round 9 (Div. 1 + Div. 2, Rated, Prizes!)"
starforces,1654,1734,80,1182,2039,"CodeTON Round 9 (Div. 1 + Div. 2, Rated, Prizes!)"
Probka,2136,2092,-44,1182,2039,"CodeTON Round 9 (Div. 1 + Div. 2, Rated, Prizes!)"
linanchen,905,1290,385,1184,2039,"CodeTON Round 9 (Div. 1 + Div. 2, Rated, Prizes!)"
Keeepy,1846,1875,29,1185,2039,"CodeTON Round 9 (Div. 1 + Div. 2, Rated, Prizes!)"
fermion5,1673,1747,74,1186,2039,"CodeTON Round 9 (Div. 1 + Div. 2, Rated, Prizes!)"
ss11111,1654,1733,79,1187,2039,"CodeTON Round 9 (Div. 1 + Div. 2, Rated, Prizes!)"
Nanako7_ix,1681,1753,72,1188,2039,"CodeTON Round 9 (Div. 1 + Div. 2, Rated, Prizes!)"
huanjua,1806,1845,39,1189,2039,"CodeTON Round 9 (Div. 1 + Div. 2, Rated, Prizes!)"
happy_node,2173,2120,-53,1189,2039,"CodeTON Round 9 (Div. 1 + Div. 2, Rated, Prizes!)"
AKAok,1857,1882,25,1191,2039,"CodeTON Round 9 (Div. 1 + Div. 2, Rated, Prizes!)"
Lalic,2109,2071,-38,1192,2039,"CodeTON Round 9 (Div. 1 + Div. 2, Rated, Prizes!)"
KanooooXD,1642,1724,82,1193,2039,"CodeTON Round 9 (Div. 1 + Div. 2, Rated, Prizes!)"
snowythecat,1735,1792,57,1194,2039,"CodeTON Round 9 (Div. 1 + Div. 2, Rated, Prizes!)"
rivenboom,1827,1860,33,1194,2039,"CodeTON Round 9 (Div. 1 + Div. 2, Rated, Prizes!)"
lgx57,1413,1558,145,1196,2039,"CodeTON Round 9 (Div. 1 + Div. 2, Rated, Prizes!)"
RaduM,1871,1892,21,1197,2039,"CodeTON Round 9 (Div. 1 + Div. 2, Rated, Prizes!)"
Warma_Cute,2203,2142,-61,1198,2039,"CodeTON Round 9 (Div. 1 + Div. 2, Rated, Prizes!)"
F0lse,2006,1992,-14,1198,2039,"CodeTON Round 9 (Div. 1 + Div. 2, Rated, Prizes!)"
gud_day,2136,2091,-45,1200,2039,"CodeTON Round 9 (Div. 1 + Div. 2, Rated, Prizes!)"
doujinshi_master,1915,1924,9,1200,2039,"CodeTON Round 9 (Div. 1 + Div. 2, Rated, Prizes!)"
maxK99,2028,2009,-19,1202,2039,"CodeTON Round 9 (Div. 1 + Div. 2, Rated, Prizes!)"
HIJAZ,2045,2022,-23,1203,2039,"CodeTON Round 9 (Div. 1 + Div. 2, Rated, Prizes!)"
Atri,2053,2027,-26,1204,2039,"CodeTON Round 9 (Div. 1 + Div. 2, Rated, Prizes!)"
Linver,1940,1942,2,1205,2039,"CodeTON Round 9 (Div. 1 + Div. 2, Rated, Prizes!)"
god-knows-who,1704,1768,64,1205,2039,"CodeTON Round 9 (Div. 1 + Div. 2, Rated, Prizes!)"
RoomTemperatureIQ,2001,1988,-13,1205,2039,"CodeTON Round 9 (Div. 1 + Div. 2, Rated, Prizes!)"
purplelemon,1717,1777,60,1208,2039,"CodeTON Round 9 (Div. 1 + Div. 2, Rated, Prizes!)"
Faisal-Saqib,1721,1780,59,1209,2039,"CodeTON Round 9 (Div. 1 + Div. 2, Rated, Prizes!)"
Umiyuri,1733,1789,56,1210,2039,"CodeTON Round 9 (Div. 1 + Div. 2, Rated, Prizes!)"
qlwpc,2056,2029,-27,1210,2039,"CodeTON Round 9 (Div. 1 + Div. 2, Rated, Prizes!)"
zyf54088,1695,1761,66,1212,2039,"CodeTON Round 9 (Div. 1 + Div. 2, Rated, Prizes!)"
0gur4ik,1669,1742,73,1213,2039,"CodeTON Round 9 (Div. 1 + Div. 2, Rated, Prizes!)"
WSYZH_,1336,1537,201,1214,2039,"CodeTON Round 9 (Div. 1 + Div. 2, Rated, Prizes!)"
mmdrzada,1815,1849,34,1214,2039,"CodeTON Round 9 (Div. 1 + Div. 2, Rated, Prizes!)"
darthrevenge,1879,1896,17,1214,2039,"CodeTON Round 9 (Div. 1 + Div. 2, Rated, Prizes!)"
zsombor,2124,2080,-44,1217,2039,"CodeTON Round 9 (Div. 1 + Div. 2, Rated, Prizes!)"
ThatOnePythonUser,2093,2056,-37,1218,2039,"CodeTON Round 9 (Div. 1 + Div. 2, Rated, Prizes!)"
new_start_of_sky,1089,1419,330,1219,2039,"CodeTON Round 9 (Div. 1 + Div. 2, Rated, Prizes!)"
FugiPig,1756,1805,49,1220,2039,"CodeTON Round 9 (Div. 1 + Div. 2, Rated, Prizes!)"
HASBOT,1987,1976,-11,1221,2039,"CodeTON Round 9 (Div. 1 + Div. 2, Rated, Prizes!)"
tianbincheng,2114,2072,-42,1222,2039,"CodeTON Round 9 (Div. 1 + Div. 2, Rated, Prizes!)"
UshanGhosh,2094,2057,-37,1223,2039,"CodeTON Round 9 (Div. 1 + Div. 2, Rated, Prizes!)"
dwdyy,1852,1875,23,1224,2039,"CodeTON Round 9 (Div. 1 + Div. 2, Rated, Prizes!)"
lsantire,2079,2045,-34,1225,2039,"CodeTON Round 9 (Div. 1 + Div. 2, Rated, Prizes!)"
eklavya_k,1823,1853,30,1225,2039,"CodeTON Round 9 (Div. 1 + Div. 2, Rated, Prizes!)"
Patta_gobhi_,1778,1820,42,1227,2039,"CodeTON Round 9 (Div. 1 + Div. 2, Rated, Prizes!)"
Fan.,1844,1869,25,1228,2039,"CodeTON Round 9 (Div. 1 + Div. 2, Rated, Prizes!)"
ripity,2015,1997,-18,1229,2039,"CodeTON Round 9 (Div. 1 + Div. 2, Rated, Prizes!)"
manpantheo,0,645,645,1229,2039,"CodeTON Round 9 (Div. 1 + Div. 2, Rated, Prizes!)"
limbo.null,2129,2083,-46,1229,2039,"CodeTON Round 9 (Div. 1 + Div. 2, Rated, Prizes!)"
raskitech,1552,1691,139,1229,2039,"CodeTON Round 9 (Div. 1 + Div. 2, Rated, Prizes!)"
Serik2003,1780,1821,41,1233,2039,"CodeTON Round 9 (Div. 1 + Div. 2, Rated, Prizes!)"
MightZero,1777,1819,42,1234,2039,"CodeTON Round 9 (Div. 1 + Div. 2, Rated, Prizes!)"
farfaryyds1013,1695,1758,63,1235,2039,"CodeTON Round 9 (Div. 1 + Div. 2, Rated, Prizes!)"
HaoxuanXIE,2012,1994,-18,1235,2039,"CodeTON Round 9 (Div. 1 + Div. 2, Rated, Prizes!)"
mj1000j,1910,1917,7,1237,2039,"CodeTON Round 9 (Div. 1 + Div. 2, Rated, Prizes!)"
2eyks,1862,1882,20,1237,2039,"CodeTON Round 9 (Div. 1 + Div. 2, Rated, Prizes!)"
diya0131,1865,1884,19,1239,2039,"CodeTON Round 9 (Div. 1 + Div. 2, Rated, Prizes!)"
Abdulrahman27,1969,1961,-8,1240,2039,"CodeTON Round 9 (Div. 1 + Div. 2, Rated, Prizes!)"
mRXxy0u0,1767,1811,44,1241,2039,"CodeTON Round 9 (Div. 1 + Div. 2, Rated, Prizes!)"
BowTen,1817,1848,31,1242,2039,"CodeTON Round 9 (Div. 1 + Div. 2, Rated, Prizes!)"
fggyongheng,1705,1765,60,1243,2039,"CodeTON Round 9 (Div. 1 + Div. 2, Rated, Prizes!)"
hesham,1948,1945,-3,1244,2039,"CodeTON Round 9 (Div. 1 + Div. 2, Rated, Prizes!)"
Starheart,1860,1879,19,1244,2039,"CodeTON Round 9 (Div. 1 + Div. 2, Rated, Prizes!)"
yeongh,1726,1781,55,1246,2039,"CodeTON Round 9 (Div. 1 + Div. 2, Rated, Prizes!)"
RadRah,2119,2074,-45,1247,2039,"CodeTON Round 9 (Div. 1 + Div. 2, Rated, Prizes!)"
Wandoka,1929,1930,1,1248,2039,"CodeTON Round 9 (Div. 1 + Div. 2, Rated, Prizes!)"
zhuanxihui,1635,1713,78,1249,2039,"CodeTON Round 9 (Div. 1 + Div. 2, Rated, Prizes!)"
RockSnow,1846,1869,23,1249,2039,"CodeTON Round 9 (Div. 1 + Div. 2, Rated, Prizes!)"
domovonok,1806,1839,33,1251,2039,"CodeTON Round 9 (Div. 1 + Div. 2, Rated, Prizes!)"
bluearcher,1845,1868,23,1251,2039,"CodeTON Round 9 (Div. 1 + Div. 2, Rated, Prizes!)"
sword060,1955,1950,-5,1253,2039,"CodeTON Round 9 (Div. 1 + Div. 2, Rated, Prizes!)"
csizmiki,1734,1785,51,1254,2039,"CodeTON Round 9 (Div. 1 + Div. 2, Rated, Prizes!)"
TianyiWei,2100,2059,-41,1255,2039,"CodeTON Round 9 (Div. 1 + Div. 2, Rated, Prizes!)"
KIRIJIJI,2126,2078,-48,1256,2039,"CodeTON Round 9 (Div. 1 + Div. 2, Rated, Prizes!)"
hashman,1791,1828,37,1256,2039,"CodeTON Round 9 (Div. 1 + Div. 2, Rated, Prizes!)"
altf5,1638,1714,76,1258,2039,"CodeTON Round 9 (Div. 1 + Div. 2, Rated, Prizes!)"
taoxy,1097,1386,289,1258,2039,"CodeTON Round 9 (Div. 1 + Div. 2, Rated, Prizes!)"
Leonardo_Paes,1800,1833,33,1258,2039,"CodeTON Round 9 (Div. 1 + Div. 2, Rated, Prizes!)"
RandomlyRandom,1990,1975,-15,1261,2039,"CodeTON Round 9 (Div. 1 + Div. 2, Rated, Prizes!)"
2147483647str,0,641,641,1262,2039,"CodeTON Round 9 (Div. 1 + Div. 2, Rated, Prizes!)"
Hidgik,1868,1884,16,1263,2039,"CodeTON Round 9 (Div. 1 + Div. 2, Rated, Prizes!)"
stc123,0,642,642,1264,2039,"CodeTON Round 9 (Div. 1 + Div. 2, Rated, Prizes!)"
Tenshi0x0,1927,1928,1,1265,2039,"CodeTON Round 9 (Div. 1 + Div. 2, Rated, Prizes!)"
SPatrik,2117,2071,-46,1266,2039,"CodeTON Round 9 (Div. 1 + Div. 2, Rated, Prizes!)"
altqi,1648,1722,74,1266,2039,"CodeTON Round 9 (Div. 1 + Div. 2, Rated, Prizes!)"
Sir-Ahmed-Imran,1991,1976,-15,1268,2039,"CodeTON Round 9 (Div. 1 + Div. 2, Rated, Prizes!)"
TheFuturoma,1880,1892,12,1269,2039,"CodeTON Round 9 (Div. 1 + Div. 2, Rated, Prizes!)"
d.o.,1425,1560,135,1270,2039,"CodeTON Round 9 (Div. 1 + Div. 2, Rated, Prizes!)"
Satoru,1654,1726,72,1271,2039,"CodeTON Round 9 (Div. 1 + Div. 2, Rated, Prizes!)"
nazmulnns2066,1733,1783,50,1272,2039,"CodeTON Round 9 (Div. 1 + Div. 2, Rated, Prizes!)"
antonis.white,2454,2332,-122,1272,2039,"CodeTON Round 9 (Div. 1 + Div. 2, Rated, Prizes!)"
Szzzp,1607,1691,84,1274,2039,"CodeTON Round 9 (Div. 1 + Div. 2, Rated, Prizes!)"
coolboy19521,1553,1651,98,1275,2039,"CodeTON Round 9 (Div. 1 + Div. 2, Rated, Prizes!)"
brawlera4,1751,1796,45,1275,2039,"CodeTON Round 9 (Div. 1 + Div. 2, Rated, Prizes!)"
Ccm1225,1685,1748,63,1277,2039,"CodeTON Round 9 (Div. 1 + Div. 2, Rated, Prizes!)"
Chrisedyong,1892,1900,8,1278,2039,"CodeTON Round 9 (Div. 1 + Div. 2, Rated, Prizes!)"
WhySoSerious16,1634,1710,76,1278,2039,"CodeTON Round 9 (Div. 1 + Div. 2, Rated, Prizes!)"
sputn1k,2044,2015,-29,1278,2039,"CodeTON Round 9 (Div. 1 + Div. 2, Rated, Prizes!)"
if_test_AC,1591,1679,88,1281,2039,"CodeTON Round 9 (Div. 1 + Div. 2, Rated, Prizes!)"
G_Ayan7,1609,1692,83,1282,2039,"CodeTON Round 9 (Div. 1 + Div. 2, Rated, Prizes!)"
yyh603,1885,1895,10,1283,2039,"CodeTON Round 9 (Div. 1 + Div. 2, Rated, Prizes!)"
soup,1705,1762,57,1283,2039,"CodeTON Round 9 (Div. 1 + Div. 2, Rated, Prizes!)"
dinosaurs,2188,2124,-64,1285,2039,"CodeTON Round 9 (Div. 1 + Div. 2, Rated, Prizes!)"
hcng,2173,2113,-60,1286,2039,"CodeTON Round 9 (Div. 1 + Div. 2, Rated, Prizes!)"
kamalsharmaa9,1622,1701,79,1286,2039,"CodeTON Round 9 (Div. 1 + Div. 2, Rated, Prizes!)"
bluerar,1983,1968,-15,1288,2039,"CodeTON Round 9 (Div. 1 + Div. 2, Rated, Prizes!)"
HeartBreakKid,2040,2010,-30,1289,2039,"CodeTON Round 9 (Div. 1 + Div. 2, Rated, Prizes!)"
complexorigin,1845,1864,19,1290,2039,"CodeTON Round 9 (Div. 1 + Div. 2, Rated, Prizes!)"
zxc3,1568,1661,93,1291,2039,"CodeTON Round 9 (Div. 1 + Div. 2, Rated, Prizes!)"
_Sherbiny,1935,1931,-4,1292,2039,"CodeTON Round 9 (Div. 1 + Div. 2, Rated, Prizes!)"
lemonilemon,1953,1945,-8,1292,2039,"CodeTON Round 9 (Div. 1 + Div. 2, Rated, Prizes!)"
jim,1521,1627,106,1294,2039,"CodeTON Round 9 (Div. 1 + Div. 2, Rated, Prizes!)"
Sara.S.,1678,1741,63,1295,2039,"CodeTON Round 9 (Div. 1 + Div. 2, Rated, Prizes!)"
Aziraphale,2077,2038,-39,1295,2039,"CodeTON Round 9 (Div. 1 + Div. 2, Rated, Prizes!)"
Platinum__,1874,1886,12,1297,2039,"CodeTON Round 9 (Div. 1 + Div. 2, Rated, Prizes!)"
Layk,1678,1741,63,1298,2039,"CodeTON Round 9 (Div. 1 + Div. 2, Rated, Prizes!)"
TheYashB,1829,1851,22,1299,2039,"CodeTON Round 9 (Div. 1 + Div. 2, Rated, Prizes!)"
mrsunsss,1879,1889,10,1299,2039,"CodeTON Round 9 (Div. 1 + Div. 2, Rated, Prizes!)"
A.I.skeleton_,1828,1851,23,1301,2039,"CodeTON Round 9 (Div. 1 + Div. 2, Rated, Prizes!)"
BanMeFromProcrastination,1923,1922,-1,1302,2039,"CodeTON Round 9 (Div. 1 + Div. 2, Rated, Prizes!)"
s.nazyrov,1593,1678,85,1303,2039,"CodeTON Round 9 (Div. 1 + Div. 2, Rated, Prizes!)"
gyouzasushi,2113,2065,-48,1304,2039,"CodeTON Round 9 (Div. 1 + Div. 2, Rated, Prizes!)"
konghaojie,2073,2035,-38,1304,2039,"CodeTON Round 9 (Div. 1 + Div. 2, Rated, Prizes!)"
Alasco,1904,1907,3,1306,2039,"CodeTON Round 9 (Div. 1 + Div. 2, Rated, Prizes!)"
cherryk,2057,2022,-35,1307,2039,"CodeTON Round 9 (Div. 1 + Div. 2, Rated, Prizes!)"
tumu1t,2038,2008,-30,1308,2039,"CodeTON Round 9 (Div. 1 + Div. 2, Rated, Prizes!)"
violetctl39,1889,1895,6,1308,2039,"CodeTON Round 9 (Div. 1 + Div. 2, Rated, Prizes!)"
potatmen,1726,1775,49,1310,2039,"CodeTON Round 9 (Div. 1 + Div. 2, Rated, Prizes!)"
wangxi527,1763,1802,39,1311,2039,"CodeTON Round 9 (Div. 1 + Div. 2, Rated, Prizes!)"
AgOH,1786,1818,32,1312,2039,"CodeTON Round 9 (Div. 1 + Div. 2, Rated, Prizes!)"
Eslam_Saleh,2127,2075,-52,1312,2039,"CodeTON Round 9 (Div. 1 + Div. 2, Rated, Prizes!)"
truly_handsome,1935,1929,-6,1314,2039,"CodeTON Round 9 (Div. 1 + Div. 2, Rated, Prizes!)"
s20b1_chernikov,2141,2086,-55,1315,2039,"CodeTON Round 9 (Div. 1 + Div. 2, Rated, Prizes!)"
TheGoodest,1759,1798,39,1316,2039,"CodeTON Round 9 (Div. 1 + Div. 2, Rated, Prizes!)"
afanafan,1373,1518,145,1316,2039,"CodeTON Round 9 (Div. 1 + Div. 2, Rated, Prizes!)"
_skb_,1821,1844,23,1318,2039,"CodeTON Round 9 (Div. 1 + Div. 2, Rated, Prizes!)"
LastingForever,1850,1866,16,1319,2039,"CodeTON Round 9 (Div. 1 + Div. 2, Rated, Prizes!)"
Oz121,1747,1789,42,1320,2039,"CodeTON Round 9 (Div. 1 + Div. 2, Rated, Prizes!)"
Citrus_maxima,1394,1533,139,1320,2039,"CodeTON Round 9 (Div. 1 + Div. 2, Rated, Prizes!)"
RMA-NB,2006,1982,-24,1322,2039,"CodeTON Round 9 (Div. 1 + Div. 2, Rated, Prizes!)"
Magician_Mathematician1,1929,1924,-5,1322,2039,"CodeTON Round 9 (Div. 1 + Div. 2, Rated, Prizes!)"
PedroGallo,1655,1721,66,1324,2039,"CodeTON Round 9 (Div. 1 + Div. 2, Rated, Prizes!)"
yoru_sacri,1906,1906,0,1325,2039,"CodeTON Round 9 (Div. 1 + Div. 2, Rated, Prizes!)"
Bronya_H,1878,1886,8,1326,2039,"CodeTON Round 9 (Div. 1 + Div. 2, Rated, Prizes!)"
Hunting_int,1721,1770,49,1327,2039,"CodeTON Round 9 (Div. 1 + Div. 2, Rated, Prizes!)"
_greedy,1975,1958,-17,1328,2039,"CodeTON Round 9 (Div. 1 + Div. 2, Rated, Prizes!)"
__Morgan,2013,1987,-26,1328,2039,"CodeTON Round 9 (Div. 1 + Div. 2, Rated, Prizes!)"
chenyanlin,1652,1719,67,1328,2039,"CodeTON Round 9 (Div. 1 + Div. 2, Rated, Prizes!)"
Mr.Pie,1909,1908,-1,1331,2039,"CodeTON Round 9 (Div. 1 + Div. 2, Rated, Prizes!)"
ILL1A,1902,1903,1,1332,2039,"CodeTON Round 9 (Div. 1 + Div. 2, Rated, Prizes!)"
MojeDes,1776,1810,34,1333,2039,"CodeTON Round 9 (Div. 1 + Div. 2, Rated, Prizes!)"
CruiseY,1681,1740,59,1334,2039,"CodeTON Round 9 (Div. 1 + Div. 2, Rated, Prizes!)"
convective_rain,1957,1944,-13,1334,2039,"CodeTON Round 9 (Div. 1 + Div. 2, Rated, Prizes!)"
455a,1716,1765,49,1334,2039,"CodeTON Round 9 (Div. 1 + Div. 2, Rated, Prizes!)"
monui,1819,1841,22,1337,2039,"CodeTON Round 9 (Div. 1 + Div. 2, Rated, Prizes!)"
code__ccc,1635,1705,70,1338,2039,"CodeTON Round 9 (Div. 1 + Div. 2, Rated, Prizes!)"
Fourier_Transform,1476,1589,113,1339,2039,"CodeTON Round 9 (Div. 1 + Div. 2, Rated, Prizes!)"
Nahian9696,2147,2088,-59,1340,2039,"CodeTON Round 9 (Div. 1 + Div. 2, Rated, Prizes!)"
ByeWorld512,1987,1966,-21,1341,2039,"CodeTON Round 9 (Div. 1 + Div. 2, Rated, Prizes!)"
nai_he,1987,1966,-21,1342,2039,"CodeTON Round 9 (Div. 1 + Div. 2, Rated, Prizes!)"
Gemefoll,1587,1670,83,1343,2039,"CodeTON Round 9 (Div. 1 + Div. 2, Rated, Prizes!)"
Karieciation,1442,1565,123,1344,2039,"CodeTON Round 9 (Div. 1 + Div. 2, Rated, Prizes!)"
rebornndisillusioned,1519,1620,101,1344,2039,"CodeTON Round 9 (Div. 1 + Div. 2, Rated, Prizes!)"
Genteki,1829,1847,18,1346,2039,"CodeTON Round 9 (Div. 1 + Div. 2, Rated, Prizes!)"
coldwind9029,1853,1865,12,1346,2039,"CodeTON Round 9 (Div. 1 + Div. 2, Rated, Prizes!)"
Akarsura,1850,1863,13,1346,2039,"CodeTON Round 9 (Div. 1 + Div. 2, Rated, Prizes!)"
Jahshahauskdmw,1745,1786,41,1349,2039,"CodeTON Round 9 (Div. 1 + Div. 2, Rated, Prizes!)"
tyr_04,1545,1639,94,1350,2039,"CodeTON Round 9 (Div. 1 + Div. 2, Rated, Prizes!)"
Andriy_Popyk,1965,1986,21,1350,2039,"CodeTON Round 9 (Div. 1 + Div. 2, Rated, Prizes!)"
_endL,1728,1772,44,1352,2039,"CodeTON Round 9 (Div. 1 + Div. 2, Rated, Prizes!)"
natalina,1769,1803,34,1353,2039,"CodeTON Round 9 (Div. 1 + Div. 2, Rated, Prizes!)"
DCA_SUCKS,1554,1704,150,1354,2039,"CodeTON Round 9 (Div. 1 + Div. 2, Rated, Prizes!)"
STB6,1929,1922,-7,1354,2039,"CodeTON Round 9 (Div. 1 + Div. 2, Rated, Prizes!)"
LaughingBuddha,1539,1633,94,1354,2039,"CodeTON Round 9 (Div. 1 + Div. 2, Rated, Prizes!)"
d1mk,2013,1985,-28,1357,2039,"CodeTON Round 9 (Div. 1 + Div. 2, Rated, Prizes!)"
Alexbrii,1904,1902,-2,1358,2039,"CodeTON Round 9 (Div. 1 + Div. 2, Rated, Prizes!)"
-3en_7oras-,1866,1874,8,1358,2039,"CodeTON Round 9 (Div. 1 + Div. 2, Rated, Prizes!)"
Pablo-No,2253,2168,-85,1360,2039,"CodeTON Round 9 (Div. 1 + Div. 2, Rated, Prizes!)"
www.com,1923,1917,-6,1361,2039,"CodeTON Round 9 (Div. 1 + Div. 2, Rated, Prizes!)"
BrotherCall,1945,1933,-12,1362,2039,"CodeTON Round 9 (Div. 1 + Div. 2, Rated, Prizes!)"
Broder,1814,1835,21,1363,2039,"CodeTON Round 9 (Div. 1 + Div. 2, Rated, Prizes!)"
MOUFLESS,2189,2118,-71,1364,2039,"CodeTON Round 9 (Div. 1 + Div. 2, Rated, Prizes!)"
FilipL,1891,1892,1,1365,2039,"CodeTON Round 9 (Div. 1 + Div. 2, Rated, Prizes!)"
I_will_AKIOI,1668,1727,59,1365,2039,"CodeTON Round 9 (Div. 1 + Div. 2, Rated, Prizes!)"
BigBadBully,1719,1765,46,1367,2039,"CodeTON Round 9 (Div. 1 + Div. 2, Rated, Prizes!)"
ReachExpertRedeemMyself,1283,1450,167,1368,2039,"CodeTON Round 9 (Div. 1 + Div. 2, Rated, Prizes!)"
Gaoyc,2270,2181,-89,1369,2039,"CodeTON Round 9 (Div. 1 + Div. 2, Rated, Prizes!)"
umimel,1905,1902,-3,1370,2039,"CodeTON Round 9 (Div. 1 + Div. 2, Rated, Prizes!)"
d1amondzz,1647,1711,64,1370,2039,"CodeTON Round 9 (Div. 1 + Div. 2, Rated, Prizes!)"
kian2009,1763,1797,34,1370,2039,"CodeTON Round 9 (Div. 1 + Div. 2, Rated, Prizes!)"
estoy-re-sebado,1952,1937,-15,1373,2039,"CodeTON Round 9 (Div. 1 + Div. 2, Rated, Prizes!)"
zhassyn,1758,1793,35,1374,2039,"CodeTON Round 9 (Div. 1 + Div. 2, Rated, Prizes!)"
ckling,1813,1834,21,1374,2039,"CodeTON Round 9 (Div. 1 + Div. 2, Rated, Prizes!)"
AdisFDinArashi,1873,1878,5,1376,2039,"CodeTON Round 9 (Div. 1 + Div. 2, Rated, Prizes!)"
straykkun,1439,1559,120,1377,2039,"CodeTON Round 9 (Div. 1 + Div. 2, Rated, Prizes!)"
Two_Punch_Man,1708,1755,47,1377,2039,"CodeTON Round 9 (Div. 1 + Div. 2, Rated, Prizes!)"
mcbanana,2110,2056,-54,1377,2039,"CodeTON Round 9 (Div. 1 + Div. 2, Rated, Prizes!)"
Morsan777_,1643,1708,65,1380,2039,"CodeTON Round 9 (Div. 1 + Div. 2, Rated, Prizes!)"
Genius_dreamx,2118,2063,-55,1381,2039,"CodeTON Round 9 (Div. 1 + Div. 2, Rated, Prizes!)"
ooscode,2221,2142,-79,1381,2039,"CodeTON Round 9 (Div. 1 + Div. 2, Rated, Prizes!)"
__night_,1849,1860,11,1383,2039,"CodeTON Round 9 (Div. 1 + Div. 2, Rated, Prizes!)"
Gabituss,1830,1845,15,1383,2039,"CodeTON Round 9 (Div. 1 + Div. 2, Rated, Prizes!)"
FQR_,2100,2049,-51,1385,2039,"CodeTON Round 9 (Div. 1 + Div. 2, Rated, Prizes!)"
AAA-AAA-AAA,1822,1839,17,1386,2039,"CodeTON Round 9 (Div. 1 + Div. 2, Rated, Prizes!)"
mohadril,1511,1611,100,1387,2039,"CodeTON Round 9 (Div. 1 + Div. 2, Rated, Prizes!)"
Ngeces,1969,1949,-20,1388,2039,"CodeTON Round 9 (Div. 1 + Div. 2, Rated, Prizes!)"
Queeee,1780,1808,28,1389,2039,"CodeTON Round 9 (Div. 1 + Div. 2, Rated, Prizes!)"
liaozixuan,1855,1863,8,1389,2039,"CodeTON Round 9 (Div. 1 + Div. 2, Rated, Prizes!)"
mdfaabrar257,1696,1746,50,1391,2039,"CodeTON Round 9 (Div. 1 + Div. 2, Rated, Prizes!)"
A_Martian,1881,1882,1,1392,2039,"CodeTON Round 9 (Div. 1 + Div. 2, Rated, Prizes!)"
Absiiii,1041,1368,327,1393,2039,"CodeTON Round 9 (Div. 1 + Div. 2, Rated, Prizes!)"
whtd,1518,1615,97,1393,2039,"CodeTON Round 9 (Div. 1 + Div. 2, Rated, Prizes!)"
John314,1718,1761,43,1395,2039,"CodeTON Round 9 (Div. 1 + Div. 2, Rated, Prizes!)"
Bnahmad23,1864,1869,5,1395,2039,"CodeTON Round 9 (Div. 1 + Div. 2, Rated, Prizes!)"
fww,1585,1664,79,1395,2039,"CodeTON Round 9 (Div. 1 + Div. 2, Rated, Prizes!)"
resolve100,1642,1705,63,1398,2039,"CodeTON Round 9 (Div. 1 + Div. 2, Rated, Prizes!)"
Galaxy_Ivan,1735,1773,38,1399,2039,"CodeTON Round 9 (Div. 1 + Div. 2, Rated, Prizes!)"
vinhdangquoc729,1791,1815,24,1399,2039,"CodeTON Round 9 (Div. 1 + Div. 2, Rated, Prizes!)"
Gergyg,2197,2122,-75,1399,2039,"CodeTON Round 9 (Div. 1 + Div. 2, Rated, Prizes!)"
covon,1530,1623,93,1402,2039,"CodeTON Round 9 (Div. 1 + Div. 2, Rated, Prizes!)"
HubertM6,1682,1734,52,1402,2039,"CodeTON Round 9 (Div. 1 + Div. 2, Rated, Prizes!)"
Delightful72,1756,1789,33,1404,2039,"CodeTON Round 9 (Div. 1 + Div. 2, Rated, Prizes!)"
Forever1507,2010,1979,-31,1405,2039,"CodeTON Round 9 (Div. 1 + Div. 2, Rated, Prizes!)"
n4k,1744,1780,36,1406,2039,"CodeTON Round 9 (Div. 1 + Div. 2, Rated, Prizes!)"
Awesomeness._.,1823,1838,15,1407,2039,"CodeTON Round 9 (Div. 1 + Div. 2, Rated, Prizes!)"
heyuhao,1612,1682,70,1408,2039,"CodeTON Round 9 (Div. 1 + Div. 2, Rated, Prizes!)"
YZMyangziming,1473,1580,107,1409,2039,"CodeTON Round 9 (Div. 1 + Div. 2, Rated, Prizes!)"
E1e3_,2114,2057,-57,1409,2039,"CodeTON Round 9 (Div. 1 + Div. 2, Rated, Prizes!)"
FatihCihan,2032,1994,-38,1409,2039,"CodeTON Round 9 (Div. 1 + Div. 2, Rated, Prizes!)"
K_sakkary,1758,1789,31,1409,2039,"CodeTON Round 9 (Div. 1 + Div. 2, Rated, Prizes!)"
oyrzk,1467,1576,109,1409,2039,"CodeTON Round 9 (Div. 1 + Div. 2, Rated, Prizes!)"
giorgi_pkhaladze,1519,1614,95,1414,2039,"CodeTON Round 9 (Div. 1 + Div. 2, Rated, Prizes!)"
Austin4.5,1862,1866,4,1415,2039,"CodeTON Round 9 (Div. 1 + Div. 2, Rated, Prizes!)"
Pashteticus,2048,2006,-42,1416,2039,"CodeTON Round 9 (Div. 1 + Div. 2, Rated, Prizes!)"
Zain,1770,1798,28,1416,2039,"CodeTON Round 9 (Div. 1 + Div. 2, Rated, Prizes!)"
Vassu05,1983,1958,-25,1416,2039,"CodeTON Round 9 (Div. 1 + Div. 2, Rated, Prizes!)"
firework72,1600,1673,73,1419,2039,"CodeTON Round 9 (Div. 1 + Div. 2, Rated, Prizes!)"
Left0807,1860,1864,4,1420,2039,"CodeTON Round 9 (Div. 1 + Div. 2, Rated, Prizes!)"
EnDeRBeaT,2049,2007,-42,1421,2039,"CodeTON Round 9 (Div. 1 + Div. 2, Rated, Prizes!)"
umm_Kulthum,1653,1711,58,1422,2039,"CodeTON Round 9 (Div. 1 + Div. 2, Rated, Prizes!)"
admiring_xm,1437,1554,117,1423,2039,"CodeTON Round 9 (Div. 1 + Div. 2, Rated, Prizes!)"
JustOK,1574,1653,79,1424,2039,"CodeTON Round 9 (Div. 1 + Div. 2, Rated, Prizes!)"
Meguhine,2117,2059,-58,1425,2039,"CodeTON Round 9 (Div. 1 + Div. 2, Rated, Prizes!)"
dsdp,1844,1852,8,1426,2039,"CodeTON Round 9 (Div. 1 + Div. 2, Rated, Prizes!)"
xish,1712,1754,42,1427,2039,"CodeTON Round 9 (Div. 1 + Div. 2, Rated, Prizes!)"
Lilinta,1726,1764,38,1428,2039,"CodeTON Round 9 (Div. 1 + Div. 2, Rated, Prizes!)"
threebody,1801,1820,19,1428,2039,"CodeTON Round 9 (Div. 1 + Div. 2, Rated, Prizes!)"
gaspar.kristijan,1851,1857,6,1430,2039,"CodeTON Round 9 (Div. 1 + Div. 2, Rated, Prizes!)"
LordAditya,1458,1568,110,1431,2039,"CodeTON Round 9 (Div. 1 + Div. 2, Rated, Prizes!)"
surgutti,2210,2130,-80,1431,2039,"CodeTON Round 9 (Div. 1 + Div. 2, Rated, Prizes!)"
pikaka,2132,2070,-62,1433,2039,"CodeTON Round 9 (Div. 1 + Div. 2, Rated, Prizes!)"
Keylime,1803,1821,18,1434,2039,"CodeTON Round 9 (Div. 1 + Div. 2, Rated, Prizes!)"
huanchenawa,2084,2033,-51,1434,2039,"CodeTON Round 9 (Div. 1 + Div. 2, Rated, Prizes!)"
Dinprosperity,2063,2016,-47,1436,2039,"CodeTON Round 9 (Div. 1 + Div. 2, Rated, Prizes!)"
.E.M.T.,580,1034,454,1436,2039,"CodeTON Round 9 (Div. 1 + Div. 2, Rated, Prizes!)"
VectorSmasher,1564,1645,81,1438,2039,"CodeTON Round 9 (Div. 1 + Div. 2, Rated, Prizes!)"
Sanjay422,1643,1702,59,1439,2039,"CodeTON Round 9 (Div. 1 + Div. 2, Rated, Prizes!)"
Shahd,1631,1694,63,1440,2039,"CodeTON Round 9 (Div. 1 + Div. 2, Rated, Prizes!)"
Makarooni,1385,1515,130,1441,2039,"CodeTON Round 9 (Div. 1 + Div. 2, Rated, Prizes!)"
xty001,1826,1838,12,1442,2039,"CodeTON Round 9 (Div. 1 + Div. 2, Rated, Prizes!)"
xiaoxiaobaozi,1957,1935,-22,1442,2039,"CodeTON Round 9 (Div. 1 + Div. 2, Rated, Prizes!)"
Vladosiya,1959,1937,-22,1444,2039,"CodeTON Round 9 (Div. 1 + Div. 2, Rated, Prizes!)"
vsidelnikov,1636,1697,61,1445,2039,"CodeTON Round 9 (Div. 1 + Div. 2, Rated, Prizes!)"
HenriqueCP,1643,1702,59,1446,2039,"CodeTON Round 9 (Div. 1 + Div. 2, Rated, Prizes!)"
fanfly,2022,1984,-38,1446,2039,"CodeTON Round 9 (Div. 1 + Div. 2, Rated, Prizes!)"
Mateo,1943,1925,-18,1446,2039,"CodeTON Round 9 (Div. 1 + Div. 2, Rated, Prizes!)"
Jomax100,1688,1735,47,1449,2039,"CodeTON Round 9 (Div. 1 + Div. 2, Rated, Prizes!)"
oblememan,1890,1884,-6,1450,2039,"CodeTON Round 9 (Div. 1 + Div. 2, Rated, Prizes!)"
jomathyc,1555,1637,82,1451,2039,"CodeTON Round 9 (Div. 1 + Div. 2, Rated, Prizes!)"
0I0acOJleHbKa,1888,1882,-6,1452,2039,"CodeTON Round 9 (Div. 1 + Div. 2, Rated, Prizes!)"
1212duks,1505,1600,95,1453,2039,"CodeTON Round 9 (Div. 1 + Div. 2, Rated, Prizes!)"
Lazy_Seg_Tree,1490,1589,99,1453,2039,"CodeTON Round 9 (Div. 1 + Div. 2, Rated, Prizes!)"
DiHuangXia,0,624,624,1455,2039,"CodeTON Round 9 (Div. 1 + Div. 2, Rated, Prizes!)"
WACEee,1541,1626,85,1456,2039,"CodeTON Round 9 (Div. 1 + Div. 2, Rated, Prizes!)"
wenyalong,1619,1683,64,1457,2039,"CodeTON Round 9 (Div. 1 + Div. 2, Rated, Prizes!)"
ppoollee,1575,1651,76,1457,2039,"CodeTON Round 9 (Div. 1 + Div. 2, Rated, Prizes!)"
yuanzhenxuan,1787,1807,20,1457,2039,"CodeTON Round 9 (Div. 1 + Div. 2, Rated, Prizes!)"
Ricki_White,2125,2062,-63,1457,2039,"CodeTON Round 9 (Div. 1 + Div. 2, Rated, Prizes!)"
onlytrall,1950,1929,-21,1461,2039,"CodeTON Round 9 (Div. 1 + Div. 2, Rated, Prizes!)"
MongHwa,1971,1945,-26,1461,2039,"CodeTON Round 9 (Div. 1 + Div. 2, Rated, Prizes!)"
franchu,1950,1929,-21,1461,2039,"CodeTON Round 9 (Div. 1 + Div. 2, Rated, Prizes!)"
damirosik,1774,1797,23,1464,2039,"CodeTON Round 9 (Div. 1 + Div. 2, Rated, Prizes!)"
TangWK,1569,1646,77,1465,2039,"CodeTON Round 9 (Div. 1 + Div. 2, Rated, Prizes!)"
tvmpqx_8601,2054,2007,-47,1466,2039,"CodeTON Round 9 (Div. 1 + Div. 2, Rated, Prizes!)"
wudired_2,1789,1808,19,1467,2039,"CodeTON Round 9 (Div. 1 + Div. 2, Rated, Prizes!)"
BaoCoder613,1820,1831,11,1468,2039,"CodeTON Round 9 (Div. 1 + Div. 2, Rated, Prizes!)"
ScottChou,2128,2064,-64,1468,2039,"CodeTON Round 9 (Div. 1 + Div. 2, Rated, Prizes!)"
IanISam,2169,2096,-73,1470,2039,"CodeTON Round 9 (Div. 1 + Div. 2, Rated, Prizes!)"
blue_clay,1567,1644,77,1470,2039,"CodeTON Round 9 (Div. 1 + Div. 2, Rated, Prizes!)"
_XVIIVX,1543,1627,84,1470,2039,"CodeTON Round 9 (Div. 1 + Div. 2, Rated, Prizes!)"
deconstructionstar,1266,1493,227,1473,2039,"CodeTON Round 9 (Div. 1 + Div. 2, Rated, Prizes!)"
Kaddoo,1761,1787,26,1473,2039,"CodeTON Round 9 (Div. 1 + Div. 2, Rated, Prizes!)"
AhmedReda11,1355,1491,136,1473,2039,"CodeTON Round 9 (Div. 1 + Div. 2, Rated, Prizes!)"
happy_sisyphus,1739,1770,31,1476,2039,"CodeTON Round 9 (Div. 1 + Div. 2, Rated, Prizes!)"
IvayloS,1784,1803,19,1477,2039,"CodeTON Round 9 (Div. 1 + Div. 2, Rated, Prizes!)"
eggag32,2158,2086,-72,1478,2039,"CodeTON Round 9 (Div. 1 + Div. 2, Rated, Prizes!)"
Lord_Wrongmort,1599,1666,67,1478,2039,"CodeTON Round 9 (Div. 1 + Div. 2, Rated, Prizes!)"
abdelrahman_rashed,1941,1921,-20,1478,2039,"CodeTON Round 9 (Div. 1 + Div. 2, Rated, Prizes!)"
krigare,1860,1859,-1,1481,2039,"CodeTON Round 9 (Div. 1 + Div. 2, Rated, Prizes!)"
2088143922,1602,1729,127,1481,2039,"CodeTON Round 9 (Div. 1 + Div. 2, Rated, Prizes!)"
lelbaba,1986,1955,-31,1481,2039,"CodeTON Round 9 (Div. 1 + Div. 2, Rated, Prizes!)"
B00Legen,1751,1778,27,1484,2039,"CodeTON Round 9 (Div. 1 + Div. 2, Rated, Prizes!)"
master555,1656,1745,89,1484,2039,"CodeTON Round 9 (Div. 1 + Div. 2, Rated, Prizes!)"
miniL,1769,1791,22,1486,2039,"CodeTON Round 9 (Div. 1 + Div. 2, Rated, Prizes!)"
lixuanta,1525,1612,87,1486,2039,"CodeTON Round 9 (Div. 1 + Div. 2, Rated, Prizes!)"
rayated,1651,1705,54,1488,2039,"CodeTON Round 9 (Div. 1 + Div. 2, Rated, Prizes!)"
KarolZ,1702,1742,40,1489,2039,"CodeTON Round 9 (Div. 1 + Div. 2, Rated, Prizes!)"
Repeater11,1304,1510,206,1490,2039,"CodeTON Round 9 (Div. 1 + Div. 2, Rated, Prizes!)"
dragonoverlord3000,1784,1803,19,1491,2039,"CodeTON Round 9 (Div. 1 + Div. 2, Rated, Prizes!)"
umitsaha,1730,1762,32,1492,2039,"CodeTON Round 9 (Div. 1 + Div. 2, Rated, Prizes!)"
s_h_i_r_u_o_y_u,1644,1699,55,1493,2039,"CodeTON Round 9 (Div. 1 + Div. 2, Rated, Prizes!)"
charan,2112,2050,-62,1493,2039,"CodeTON Round 9 (Div. 1 + Div. 2, Rated, Prizes!)"
tymond,1920,1904,-16,1495,2039,"CodeTON Round 9 (Div. 1 + Div. 2, Rated, Prizes!)"
KoKai,1631,1689,58,1495,2039,"CodeTON Round 9 (Div. 1 + Div. 2, Rated, Prizes!)"
Jakub_Woxniak,2120,2056,-64,1495,2039,"CodeTON Round 9 (Div. 1 + Div. 2, Rated, Prizes!)"
Arnur2937,1669,1717,48,1498,2039,"CodeTON Round 9 (Div. 1 + Div. 2, Rated, Prizes!)"
asdasdqwer,1935,1915,-20,1499,2039,"CodeTON Round 9 (Div. 1 + Div. 2, Rated, Prizes!)"
nhho,2085,2029,-56,1499,2039,"CodeTON Round 9 (Div. 1 + Div. 2, Rated, Prizes!)"
takaou,1651,1703,52,1501,2039,"CodeTON Round 9 (Div. 1 + Div. 2, Rated, Prizes!)"
arash.,2277,2177,-100,1502,2039,"CodeTON Round 9 (Div. 1 + Div. 2, Rated, Prizes!)"
jtrh,2105,2043,-62,1503,2039,"CodeTON Round 9 (Div. 1 + Div. 2, Rated, Prizes!)"
KagamiHiiragi,1661,1710,49,1504,2039,"CodeTON Round 9 (Div. 1 + Div. 2, Rated, Prizes!)"
ricky_ponting,1719,1753,34,1505,2039,"CodeTON Round 9 (Div. 1 + Div. 2, Rated, Prizes!)"
ywli08,1704,1742,38,1505,2039,"CodeTON Round 9 (Div. 1 + Div. 2, Rated, Prizes!)"
Piwry,1758,1781,23,1507,2039,"CodeTON Round 9 (Div. 1 + Div. 2, Rated, Prizes!)"
salvini_god,1681,1725,44,1508,2039,"CodeTON Round 9 (Div. 1 + Div. 2, Rated, Prizes!)"
ShinonomeKuro,1602,1666,64,1508,2039,"CodeTON Round 9 (Div. 1 + Div. 2, Rated, Prizes!)"
MagePetrus,2017,1976,-41,1508,2039,"CodeTON Round 9 (Div. 1 + Div. 2, Rated, Prizes!)"
thisIsMorningstar,1968,1939,-29,1511,2039,"CodeTON Round 9 (Div. 1 + Div. 2, Rated, Prizes!)"
vikram108,1715,1749,34,1512,2039,"CodeTON Round 9 (Div. 1 + Div. 2, Rated, Prizes!)"
ShadowPhoenix,1735,1764,29,1512,2039,"CodeTON Round 9 (Div. 1 + Div. 2, Rated, Prizes!)"
GlebKosachov,1585,1654,69,1514,2039,"CodeTON Round 9 (Div. 1 + Div. 2, Rated, Prizes!)"
begemot08,603,1043,440,1514,2039,"CodeTON Round 9 (Div. 1 + Div. 2, Rated, Prizes!)"
AdOjis485,1690,1731,41,1516,2039,"CodeTON Round 9 (Div. 1 + Div. 2, Rated, Prizes!)"
Bedoo,1984,1951,-33,1517,2039,"CodeTON Round 9 (Div. 1 + Div. 2, Rated, Prizes!)"
wallace11451,1655,1705,50,1518,2039,"CodeTON Round 9 (Div. 1 + Div. 2, Rated, Prizes!)"
Hanyu_23,1758,1781,23,1519,2039,"CodeTON Round 9 (Div. 1 + Div. 2, Rated, Prizes!)"
catforces,2159,2084,-75,1520,2039,"CodeTON Round 9 (Div. 1 + Div. 2, Rated, Prizes!)"
knightofshadow,1336,1509,173,1521,2039,"CodeTON Round 9 (Div. 1 + Div. 2, Rated, Prizes!)"
Kirilliym,1857,1854,-3,1522,2039,"CodeTON Round 9 (Div. 1 + Div. 2, Rated, Prizes!)"
lockdown,1626,1683,57,1523,2039,"CodeTON Round 9 (Div. 1 + Div. 2, Rated, Prizes!)"
Akash.,1832,1835,3,1524,2039,"CodeTON Round 9 (Div. 1 + Div. 2, Rated, Prizes!)"
NeVzZo,1699,1736,37,1525,2039,"CodeTON Round 9 (Div. 1 + Div. 2, Rated, Prizes!)"
Erkinoff_Mohammed,1903,1888,-15,1525,2039,"CodeTON Round 9 (Div. 1 + Div. 2, Rated, Prizes!)"
mazen228,1350,1483,133,1525,2039,"CodeTON Round 9 (Div. 1 + Div. 2, Rated, Prizes!)"
ventusliberum,1891,1879,-12,1525,2039,"CodeTON Round 9 (Div. 1 + Div. 2, Rated, Prizes!)"
Wielomian,2241,2148,-93,1529,2039,"CodeTON Round 9 (Div. 1 + Div. 2, Rated, Prizes!)"
Shamim97,1608,1669,61,1529,2039,"CodeTON Round 9 (Div. 1 + Div. 2, Rated, Prizes!)"
qianchen01,1841,1842,1,1531,2039,"CodeTON Round 9 (Div. 1 + Div. 2, Rated, Prizes!)"
jjaewon,1859,1855,-4,1531,2039,"CodeTON Round 9 (Div. 1 + Div. 2, Rated, Prizes!)"
maksonchik20,1617,1676,59,1533,2039,"CodeTON Round 9 (Div. 1 + Div. 2, Rated, Prizes!)"
dongfangyanxu,1732,1761,29,1534,2039,"CodeTON Round 9 (Div. 1 + Div. 2, Rated, Prizes!)"
woodie_0063,1879,1870,-9,1535,2039,"CodeTON Round 9 (Div. 1 + Div. 2, Rated, Prizes!)"
Hardsoft,1700,1737,37,1535,2039,"CodeTON Round 9 (Div. 1 + Div. 2, Rated, Prizes!)"
Norbertgamote,1526,1609,83,1537,2039,"CodeTON Round 9 (Div. 1 + Div. 2, Rated, Prizes!)"
bitcoin,1611,1670,59,1538,2039,"CodeTON Round 9 (Div. 1 + Div. 2, Rated, Prizes!)"
andrei_p,1694,1732,38,1538,2039,"CodeTON Round 9 (Div. 1 + Div. 2, Rated, Prizes!)"
eneqwqaha,661,1084,423,1540,2039,"CodeTON Round 9 (Div. 1 + Div. 2, Rated, Prizes!)"
Micro_Sun,1569,1639,70,1541,2039,"CodeTON Round 9 (Div. 1 + Div. 2, Rated, Prizes!)"
_R00T,1932,1909,-23,1542,2039,"CodeTON Round 9 (Div. 1 + Div. 2, Rated, Prizes!)"
tianyouzi,1768,1787,19,1543,2039,"CodeTON Round 9 (Div. 1 + Div. 2, Rated, Prizes!)"
WDCnew,1888,1876,-12,1544,2039,"CodeTON Round 9 (Div. 1 + Div. 2, Rated, Prizes!)"
stefansav,2193,2109,-84,1545,2039,"CodeTON Round 9 (Div. 1 + Div. 2, Rated, Prizes!)"
Mhkhan,1455,1556,101,1546,2039,"CodeTON Round 9 (Div. 1 + Div. 2, Rated, Prizes!)"
Maburb,1706,1740,34,1547,2039,"CodeTON Round 9 (Div. 1 + Div. 2, Rated, Prizes!)"
Evocation,1821,1825,4,1548,2039,"CodeTON Round 9 (Div. 1 + Div. 2, Rated, Prizes!)"
kai824,2158,2081,-77,1549,2039,"CodeTON Round 9 (Div. 1 + Div. 2, Rated, Prizes!)"
aircat,1759,1779,20,1550,2039,"CodeTON Round 9 (Div. 1 + Div. 2, Rated, Prizes!)"
yeetholmes619,1709,1742,33,1550,2039,"CodeTON Round 9 (Div. 1 + Div. 2, Rated, Prizes!)"
Nikita2038,1551,1625,74,1550,2039,"CodeTON Round 9 (Div. 1 + Div. 2, Rated, Prizes!)"
CP_xam_lon,1580,1684,104,1553,2039,"CodeTON Round 9 (Div. 1 + Div. 2, Rated, Prizes!)"
nicnaknic,1864,1857,-7,1554,2039,"CodeTON Round 9 (Div. 1 + Div. 2, Rated, Prizes!)"
chenRenning,1488,1580,92,1555,2039,"CodeTON Round 9 (Div. 1 + Div. 2, Rated, Prizes!)"
Lntano265,1351,1481,130,1556,2039,"CodeTON Round 9 (Div. 1 + Div. 2, Rated, Prizes!)"
Ar1hara_Nanami,1661,1706,45,1557,2039,"CodeTON Round 9 (Div. 1 + Div. 2, Rated, Prizes!)"
Skeleton_Huo,1435,1541,106,1558,2039,"CodeTON Round 9 (Div. 1 + Div. 2, Rated, Prizes!)"
Kira_1234,2187,2103,-84,1559,2039,"CodeTON Round 9 (Div. 1 + Div. 2, Rated, Prizes!)"
xie_ccc,1679,1719,40,1559,2039,"CodeTON Round 9 (Div. 1 + Div. 2, Rated, Prizes!)"
MintCat,2006,1964,-42,1561,2039,"CodeTON Round 9 (Div. 1 + Div. 2, Rated, Prizes!)"
PineaP,1999,1959,-40,1561,2039,"CodeTON Round 9 (Div. 1 + Div. 2, Rated, Prizes!)"
ereoth,2086,2024,-62,1563,2039,"CodeTON Round 9 (Div. 1 + Div. 2, Rated, Prizes!)"
Kawaii,1970,1937,-33,1563,2039,"CodeTON Round 9 (Div. 1 + Div. 2, Rated, Prizes!)"
C-plus,1772,1824,52,1563,2039,"CodeTON Round 9 (Div. 1 + Div. 2, Rated, Prizes!)"
kaiyi_44697,1631,1683,52,1563,2039,"CodeTON Round 9 (Div. 1 + Div. 2, Rated, Prizes!)"
PEEPEEMAN,1418,1598,180,1567,2039,"CodeTON Round 9 (Div. 1 + Div. 2, Rated, Prizes!)"
Dangerise,1441,1581,140,1567,2039,"CodeTON Round 9 (Div. 1 + Div. 2, Rated, Prizes!)"
Kway88,1895,1880,-15,1569,2039,"CodeTON Round 9 (Div. 1 + Div. 2, Rated, Prizes!)"
little__bug,1537,1614,77,1570,2039,"CodeTON Round 9 (Div. 1 + Div. 2, Rated, Prizes!)"
AndreasK,1657,1702,45,1571,2039,"CodeTON Round 9 (Div. 1 + Div. 2, Rated, Prizes!)"
thelegendary08,1912,1892,-20,1572,2039,"CodeTON Round 9 (Div. 1 + Div. 2, Rated, Prizes!)"
TomazGomes,1835,1834,-1,1573,2039,"CodeTON Round 9 (Div. 1 + Div. 2, Rated, Prizes!)"
Cynops,1979,1943,-36,1574,2039,"CodeTON Round 9 (Div. 1 + Div. 2, Rated, Prizes!)"
HowMoring,1836,1835,-1,1575,2039,"CodeTON Round 9 (Div. 1 + Div. 2, Rated, Prizes!)"
Ricardo03,1898,1882,-16,1576,2039,"CodeTON Round 9 (Div. 1 + Div. 2, Rated, Prizes!)"
RingedGenesis,2291,2183,-108,1577,2039,"CodeTON Round 9 (Div. 1 + Div. 2, Rated, Prizes!)"
dldlzjfs,1301,1444,143,1577,2039,"CodeTON Round 9 (Div. 1 + Div. 2, Rated, Prizes!)"
mateberishvili,1715,1745,30,1579,2039,"CodeTON Round 9 (Div. 1 + Div. 2, Rated, Prizes!)"
czx400,1470,1564,94,1580,2039,"CodeTON Round 9 (Div. 1 + Div. 2, Rated, Prizes!)"
CSPercival,1951,1921,-30,1580,2039,"CodeTON Round 9 (Div. 1 + Div. 2, Rated, Prizes!)"
Wael_Zaiback,2154,2076,-78,1582,2039,"CodeTON Round 9 (Div. 1 + Div. 2, Rated, Prizes!)"
srlabib,1491,1579,88,1583,2039,"CodeTON Round 9 (Div. 1 + Div. 2, Rated, Prizes!)"
Exiled_Code2022,1532,1609,77,1584,2039,"CodeTON Round 9 (Div. 1 + Div. 2, Rated, Prizes!)"
jinyq,1148,1431,283,1585,2039,"CodeTON Round 9 (Div. 1 + Div. 2, Rated, Prizes!)"
PinoF,1637,1686,49,1586,2039,"CodeTON Round 9 (Div. 1 + Div. 2, Rated, Prizes!)"
kalquizhaibutok,1335,1571,236,1586,2039,"CodeTON Round 9 (Div. 1 + Div. 2, Rated, Prizes!)"
L1ghtOcean,1908,1888,-20,1588,2039,"CodeTON Round 9 (Div. 1 + Div. 2, Rated, Prizes!)"
zuozug,1744,1765,21,1589,2039,"CodeTON Round 9 (Div. 1 + Div. 2, Rated, Prizes!)"
Mohammad_soleman,1581,1645,64,1589,2039,"CodeTON Round 9 (Div. 1 + Div. 2, Rated, Prizes!)"
amir.dab.2008,1279,1427,148,1591,2039,"CodeTON Round 9 (Div. 1 + Div. 2, Rated, Prizes!)"
Neketman,1787,1797,10,1591,2039,"CodeTON Round 9 (Div. 1 + Div. 2, Rated, Prizes!)"
yell_,1283,1430,147,1591,2039,"CodeTON Round 9 (Div. 1 + Div. 2, Rated, Prizes!)"
Mukundan314,1870,1859,-11,1594,2039,"CodeTON Round 9 (Div. 1 + Div. 2, Rated, Prizes!)"
Chirkir,1372,1493,121,1595,2039,"CodeTON Round 9 (Div. 1 + Div. 2, Rated, Prizes!)"
lad1chka,1789,1798,9,1596,2039,"CodeTON Round 9 (Div. 1 + Div. 2, Rated, Prizes!)"
madziaaaaa_07,1694,1727,33,1597,2039,"CodeTON Round 9 (Div. 1 + Div. 2, Rated, Prizes!)"
JYUNL,1703,1771,68,1598,2039,"CodeTON Round 9 (Div. 1 + Div. 2, Rated, Prizes!)"
hugo4CF,2044,1990,-54,1599,2039,"CodeTON Round 9 (Div. 1 + Div. 2, Rated, Prizes!)"
MegaKrutoiBeibaSoskaChan,1756,1773,17,1599,2039,"CodeTON Round 9 (Div. 1 + Div. 2, Rated, Prizes!)"
sep82,1400,1512,112,1599,2039,"CodeTON Round 9 (Div. 1 + Div. 2, Rated, Prizes!)"
Pocochuk,1710,1738,28,1599,2039,"CodeTON Round 9 (Div. 1 + Div. 2, Rated, Prizes!)"
osvarp,1823,1822,-1,1603,2039,"CodeTON Round 9 (Div. 1 + Div. 2, Rated, Prizes!)"
sufficiently_large_boss,1977,1939,-38,1604,2039,"CodeTON Round 9 (Div. 1 + Div. 2, Rated, Prizes!)"
wkywky,1788,1796,8,1605,2039,"CodeTON Round 9 (Div. 1 + Div. 2, Rated, Prizes!)"
Oanh_va_Khoi,1871,1858,-13,1606,2039,"CodeTON Round 9 (Div. 1 + Div. 2, Rated, Prizes!)"
Suzuranovo,1573,1637,64,1607,2039,"CodeTON Round 9 (Div. 1 + Div. 2, Rated, Prizes!)"
I_Love_Vianu,1702,1732,30,1608,2039,"CodeTON Round 9 (Div. 1 + Div. 2, Rated, Prizes!)"
AmazingL,1790,1797,7,1608,2039,"CodeTON Round 9 (Div. 1 + Div. 2, Rated, Prizes!)"
0___0,1730,1753,23,1610,2039,"CodeTON Round 9 (Div. 1 + Div. 2, Rated, Prizes!)"
v1et,1803,1807,4,1611,2039,"CodeTON Round 9 (Div. 1 + Div. 2, Rated, Prizes!)"
El_Roge,1643,1688,45,1612,2039,"CodeTON Round 9 (Div. 1 + Div. 2, Rated, Prizes!)"
EternalHeart1314,1750,1768,18,1613,2039,"CodeTON Round 9 (Div. 1 + Div. 2, Rated, Prizes!)"
0missionimpossible0,1664,1703,39,1614,2039,"CodeTON Round 9 (Div. 1 + Div. 2, Rated, Prizes!)"
PaciukZvichainyi,2064,2004,-60,1614,2039,"CodeTON Round 9 (Div. 1 + Div. 2, Rated, Prizes!)"
aminjon__,1640,1686,46,1616,2039,"CodeTON Round 9 (Div. 1 + Div. 2, Rated, Prizes!)"
Shakil17,1990,1948,-42,1616,2039,"CodeTON Round 9 (Div. 1 + Div. 2, Rated, Prizes!)"
khoad,1680,1715,35,1618,2039,"CodeTON Round 9 (Div. 1 + Div. 2, Rated, Prizes!)"
turkoarias,1506,1587,81,1619,2039,"CodeTON Round 9 (Div. 1 + Div. 2, Rated, Prizes!)"
Rating_10101010,1767,1780,13,1619,2039,"CodeTON Round 9 (Div. 1 + Div. 2, Rated, Prizes!)"
akorton,1651,1693,42,1619,2039,"CodeTON Round 9 (Div. 1 + Div. 2, Rated, Prizes!)"
bunH2O,2369,2242,-127,1622,2039,"CodeTON Round 9 (Div. 1 + Div. 2, Rated, Prizes!)"
ParsaFarin,1542,1613,71,1622,2039,"CodeTON Round 9 (Div. 1 + Div. 2, Rated, Prizes!)"
Li_si_yuan,1187,1362,175,1624,2039,"CodeTON Round 9 (Div. 1 + Div. 2, Rated, Prizes!)"
CIXTEEN,1922,1896,-26,1625,2039,"CodeTON Round 9 (Div. 1 + Div. 2, Rated, Prizes!)"
y0yg8,1527,1639,112,1625,2039,"CodeTON Round 9 (Div. 1 + Div. 2, Rated, Prizes!)"
Bomb167377,0,611,611,1625,2039,"CodeTON Round 9 (Div. 1 + Div. 2, Rated, Prizes!)"
AbelDE,1804,1806,2,1628,2039,"CodeTON Round 9 (Div. 1 + Div. 2, Rated, Prizes!)"
SopaconK,1835,1830,-5,1628,2039,"CodeTON Round 9 (Div. 1 + Div. 2, Rated, Prizes!)"
Eggment_tree,1997,1952,-45,1630,2039,"CodeTON Round 9 (Div. 1 + Div. 2, Rated, Prizes!)"
VanyaM1,1938,1907,-31,1631,2039,"CodeTON Round 9 (Div. 1 + Div. 2, Rated, Prizes!)"
uudd2,527,980,453,1631,2039,"CodeTON Round 9 (Div. 1 + Div. 2, Rated, Prizes!)"
LowPill,2164,2080,-84,1633,2039,"CodeTON Round 9 (Div. 1 + Div. 2, Rated, Prizes!)"
vangtrangtan,1586,1645,59,1633,2039,"CodeTON Round 9 (Div. 1 + Div. 2, Rated, Prizes!)"
the_last_smilodon,1573,1635,62,1633,2039,"CodeTON Round 9 (Div. 1 + Div. 2, Rated, Prizes!)"
urieg_alltime,1733,1753,20,1636,2039,"CodeTON Round 9 (Div. 1 + Div. 2, Rated, Prizes!)"
Polaris1000M,1047,1317,270,1637,2039,"CodeTON Round 9 (Div. 1 + Div. 2, Rated, Prizes!)"
nolongerthere,437,914,477,1638,2039,"CodeTON Round 9 (Div. 1 + Div. 2, Rated, Prizes!)"
samweihong,1541,1612,71,1639,2039,"CodeTON Round 9 (Div. 1 + Div. 2, Rated, Prizes!)"
Pa_sha,1766,1778,12,1640,2039,"CodeTON Round 9 (Div. 1 + Div. 2, Rated, Prizes!)"
fbrunodr,1822,1820,-2,1640,2039,"CodeTON Round 9 (Div. 1 + Div. 2, Rated, Prizes!)"
IlliaO,1151,1396,245,1642,2039,"CodeTON Round 9 (Div. 1 + Div. 2, Rated, Prizes!)"
mashiro11,1174,1405,231,1643,2039,"CodeTON Round 9 (Div. 1 + Div. 2, Rated, Prizes!)"
gsn531,1926,1898,-28,1644,2039,"CodeTON Round 9 (Div. 1 + Div. 2, Rated, Prizes!)"
S1eGa,1875,1859,-16,1645,2039,"CodeTON Round 9 (Div. 1 + Div. 2, Rated, Prizes!)"
Hooded_Hood,1604,1657,53,1645,2039,"CodeTON Round 9 (Div. 1 + Div. 2, Rated, Prizes!)"
Hirasawaa,1423,1525,102,1647,2039,"CodeTON Round 9 (Div. 1 + Div. 2, Rated, Prizes!)"
flying_saucer,1685,1717,32,1647,2039,"CodeTON Round 9 (Div. 1 + Div. 2, Rated, Prizes!)"
Flantern,1693,1722,29,1647,2039,"CodeTON Round 9 (Div. 1 + Div. 2, Rated, Prizes!)"
tkt0506tkt,1828,1823,-5,1650,2039,"CodeTON Round 9 (Div. 1 + Div. 2, Rated, Prizes!)"
bezdarn0st,1777,1785,8,1651,2039,"CodeTON Round 9 (Div. 1 + Div. 2, Rated, Prizes!)"
Lolicodedao,1692,1721,29,1652,2039,"CodeTON Round 9 (Div. 1 + Div. 2, Rated, Prizes!)"
AfterALongTime2,1514,1627,113,1652,2039,"CodeTON Round 9 (Div. 1 + Div. 2, Rated, Prizes!)"
pranavgarg.cs,1658,1696,38,1654,2039,"CodeTON Round 9 (Div. 1 + Div. 2, Rated, Prizes!)"
GoogleDocs,1566,1629,63,1654,2039,"CodeTON Round 9 (Div. 1 + Div. 2, Rated, Prizes!)"
zhec,1258,1473,215,1656,2039,"CodeTON Round 9 (Div. 1 + Div. 2, Rated, Prizes!)"
chromatic,1660,1698,38,1657,2039,"CodeTON Round 9 (Div. 1 + Div. 2, Rated, Prizes!)"
Urtusea,1742,1758,16,1657,2039,"CodeTON Round 9 (Div. 1 + Div. 2, Rated, Prizes!)"
wonrzrzeczny,2210,2114,-96,1659,2039,"CodeTON Round 9 (Div. 1 + Div. 2, Rated, Prizes!)"
dhsg,2090,2021,-69,1659,2039,"CodeTON Round 9 (Div. 1 + Div. 2, Rated, Prizes!)"
MNnazrul,1658,1696,38,1661,2039,"CodeTON Round 9 (Div. 1 + Div. 2, Rated, Prizes!)"
emeryturka,675,1085,410,1661,2039,"CodeTON Round 9 (Div. 1 + Div. 2, Rated, Prizes!)"
cbdsopa,1862,1848,-14,1661,2039,"CodeTON Round 9 (Div. 1 + Div. 2, Rated, Prizes!)"
42-the_answer,1663,1699,36,1664,2039,"CodeTON Round 9 (Div. 1 + Div. 2, Rated, Prizes!)"
iamAcid,1563,1625,62,1665,2039,"CodeTON Round 9 (Div. 1 + Div. 2, Rated, Prizes!)"
qwsxza,1702,1728,26,1666,2039,"CodeTON Round 9 (Div. 1 + Div. 2, Rated, Prizes!)"
Whswhs,1881,1862,-19,1667,2039,"CodeTON Round 9 (Div. 1 + Div. 2, Rated, Prizes!)"
harvsftw,1681,1712,31,1667,2039,"CodeTON Round 9 (Div. 1 + Div. 2, Rated, Prizes!)"
gameface_123,1697,1724,27,1669,2039,"CodeTON Round 9 (Div. 1 + Div. 2, Rated, Prizes!)"
hexagoning,1490,1572,82,1670,2039,"CodeTON Round 9 (Div. 1 + Div. 2, Rated, Prizes!)"
Desh01,2010,1959,-51,1671,2039,"CodeTON Round 9 (Div. 1 + Div. 2, Rated, Prizes!)"
DesiGendmaster,523,973,450,1672,2039,"CodeTON Round 9 (Div. 1 + Div. 2, Rated, Prizes!)"
sleepwalking643,1777,1783,6,1672,2039,"CodeTON Round 9 (Div. 1 + Div. 2, Rated, Prizes!)"
whiitex,1635,1678,43,1674,2039,"CodeTON Round 9 (Div. 1 + Div. 2, Rated, Prizes!)"
chllo777,1911,1884,-27,1674,2039,"CodeTON Round 9 (Div. 1 + Div. 2, Rated, Prizes!)"
LauLLeLien,1710,1734,24,1676,2039,"CodeTON Round 9 (Div. 1 + Div. 2, Rated, Prizes!)"
LiYue_GanYu,1812,1809,-3,1676,2039,"CodeTON Round 9 (Div. 1 + Div. 2, Rated, Prizes!)"
shrimpballs,1495,1575,80,1678,2039,"CodeTON Round 9 (Div. 1 + Div. 2, Rated, Prizes!)"
siugi,1583,1639,56,1679,2039,"CodeTON Round 9 (Div. 1 + Div. 2, Rated, Prizes!)"
qhyer,1582,1638,56,1680,2039,"CodeTON Round 9 (Div. 1 + Div. 2, Rated, Prizes!)"
mnzb2000,1509,1585,76,1680,2039,"CodeTON Round 9 (Div. 1 + Div. 2, Rated, Prizes!)"
KisuraOP,1724,1744,20,1682,2039,"CodeTON Round 9 (Div. 1 + Div. 2, Rated, Prizes!)"
gyuzacha,1956,1917,-39,1683,2039,"CodeTON Round 9 (Div. 1 + Div. 2, Rated, Prizes!)"
soyeb_p_jim,1549,1614,65,1683,2039,"CodeTON Round 9 (Div. 1 + Div. 2, Rated, Prizes!)"
CodingJellyfish,1872,1854,-18,1685,2039,"CodeTON Round 9 (Div. 1 + Div. 2, Rated, Prizes!)"
ktimur,1642,1683,41,1685,2039,"CodeTON Round 9 (Div. 1 + Div. 2, Rated, Prizes!)"
VahanAbraham,1810,1807,-3,1687,2039,"CodeTON Round 9 (Div. 1 + Div. 2, Rated, Prizes!)"
oiumy,1746,1759,13,1687,2039,"CodeTON Round 9 (Div. 1 + Div. 2, Rated, Prizes!)"
banti,1800,1799,-1,1689,2039,"CodeTON Round 9 (Div. 1 + Div. 2, Rated, Prizes!)"
TJacobus,1603,1653,50,1690,2039,"CodeTON Round 9 (Div. 1 + Div. 2, Rated, Prizes!)"
tepchik,1950,1912,-38,1691,2039,"CodeTON Round 9 (Div. 1 + Div. 2, Rated, Prizes!)"
Axeley,1726,1744,18,1692,2039,"CodeTON Round 9 (Div. 1 + Div. 2, Rated, Prizes!)"
zimno,1606,1655,49,1692,2039,"CodeTON Round 9 (Div. 1 + Div. 2, Rated, Prizes!)"
afmafk,1544,1610,66,1694,2039,"CodeTON Round 9 (Div. 1 + Div. 2, Rated, Prizes!)"
yupooh,1980,1935,-45,1695,2039,"CodeTON Round 9 (Div. 1 + Div. 2, Rated, Prizes!)"
zhuo__,1763,1771,8,1696,2039,"CodeTON Round 9 (Div. 1 + Div. 2, Rated, Prizes!)"
CosAlpha,1687,1715,28,1697,2039,"CodeTON Round 9 (Div. 1 + Div. 2, Rated, Prizes!)"
ForDiv_3,1820,1814,-6,1697,2039,"CodeTON Round 9 (Div. 1 + Div. 2, Rated, Prizes!)"
Anyli,1465,1552,87,1699,2039,"CodeTON Round 9 (Div. 1 + Div. 2, Rated, Prizes!)"
CJdengunhao,1627,1670,43,1700,2039,"CodeTON Round 9 (Div. 1 + Div. 2, Rated, Prizes!)"
Timosh,1937,1902,-35,1701,2039,"CodeTON Round 9 (Div. 1 + Div. 2, Rated, Prizes!)"
AndrewNguyen,1605,1690,85,1702,2039,"CodeTON Round 9 (Div. 1 + Div. 2, Rated, Prizes!)"
Irate,1680,1709,29,1703,2039,"CodeTON Round 9 (Div. 1 + Div. 2, Rated, Prizes!)"
xtung,1449,1540,91,1704,2039,"CodeTON Round 9 (Div. 1 + Div. 2, Rated, Prizes!)"
BluoCaroot,1735,1750,15,1704,2039,"CodeTON Round 9 (Div. 1 + Div. 2, Rated, Prizes!)"
Ausmosian,1622,1666,44,1706,2039,"CodeTON Round 9 (Div. 1 + Div. 2, Rated, Prizes!)"
TLE_Automat,2006,1954,-52,1707,2039,"CodeTON Round 9 (Div. 1 + Div. 2, Rated, Prizes!)"
lord_mystery,1549,1612,63,1707,2039,"CodeTON Round 9 (Div. 1 + Div. 2, Rated, Prizes!)"
RabbitPower,1952,1913,-39,1709,2039,"CodeTON Round 9 (Div. 1 + Div. 2, Rated, Prizes!)"
xiao__xiao,1759,1768,9,1710,2039,"CodeTON Round 9 (Div. 1 + Div. 2, Rated, Prizes!)"
Pslnd,1649,1686,37,1711,2039,"CodeTON Round 9 (Div. 1 + Div. 2, Rated, Prizes!)"
SCUTkk,1795,1794,-1,1712,2039,"CodeTON Round 9 (Div. 1 + Div. 2, Rated, Prizes!)"
IgorA,1685,1712,27,1713,2039,"CodeTON Round 9 (Div. 1 + Div. 2, Rated, Prizes!)"
feret,1097,1294,197,1713,2039,"CodeTON Round 9 (Div. 1 + Div. 2, Rated, Prizes!)"
luka.heric,1797,1796,-1,1715,2039,"CodeTON Round 9 (Div. 1 + Div. 2, Rated, Prizes!)"
lastSeen,1538,1604,66,1716,2039,"CodeTON Round 9 (Div. 1 + Div. 2, Rated, Prizes!)"
1BeeNY1,1728,1744,16,1717,2039,"CodeTON Round 9 (Div. 1 + Div. 2, Rated, Prizes!)"
LKV0429,1588,1640,52,1717,2039,"CodeTON Round 9 (Div. 1 + Div. 2, Rated, Prizes!)"
vaiibhav75,1896,1870,-26,1719,2039,"CodeTON Round 9 (Div. 1 + Div. 2, Rated, Prizes!)"
ciaskbe,1560,1656,96,1719,2039,"CodeTON Round 9 (Div. 1 + Div. 2, Rated, Prizes!)"
yl9ss,1761,1768,7,1721,2039,"CodeTON Round 9 (Div. 1 + Div. 2, Rated, Prizes!)"
wangif424,1564,1622,58,1721,2039,"CodeTON Round 9 (Div. 1 + Div. 2, Rated, Prizes!)"
piaoyun,2357,2227,-130,1723,2039,"CodeTON Round 9 (Div. 1 + Div. 2, Rated, Prizes!)"
ryno,1772,1776,4,1723,2039,"CodeTON Round 9 (Div. 1 + Div. 2, Rated, Prizes!)"
sb_Kopicy,1671,1701,30,1725,2039,"CodeTON Round 9 (Div. 1 + Div. 2, Rated, Prizes!)"
Nonoze,2097,2022,-75,1726,2039,"CodeTON Round 9 (Div. 1 + Div. 2, Rated, Prizes!)"
SebR,1970,1925,-45,1727,2039,"CodeTON Round 9 (Div. 1 + Div. 2, Rated, Prizes!)"
Dispensable,2159,2071,-88,1728,2039,"CodeTON Round 9 (Div. 1 + Div. 2, Rated, Prizes!)"
zgla755,1605,1651,46,1729,2039,"CodeTON Round 9 (Div. 1 + Div. 2, Rated, Prizes!)"
KitasCraft,1793,1791,-2,1729,2039,"CodeTON Round 9 (Div. 1 + Div. 2, Rated, Prizes!)"
cjr2010,1747,1757,10,1731,2039,"CodeTON Round 9 (Div. 1 + Div. 2, Rated, Prizes!)"
dpark3542,1671,1701,30,1732,2039,"CodeTON Round 9 (Div. 1 + Div. 2, Rated, Prizes!)"
Galaxy_KW,1711,1730,19,1732,2039,"CodeTON Round 9 (Div. 1 + Div. 2, Rated, Prizes!)"
bili2002,1865,1845,-20,1734,2039,"CodeTON Round 9 (Div. 1 + Div. 2, Rated, Prizes!)"
tthanhloi2007,1645,1681,36,1734,2039,"CodeTON Round 9 (Div. 1 + Div. 2, Rated, Prizes!)"
ryucc,1846,1831,-15,1736,2039,"CodeTON Round 9 (Div. 1 + Div. 2, Rated, Prizes!)"
davit_tsibadze,1673,1701,28,1737,2039,"CodeTON Round 9 (Div. 1 + Div. 2, Rated, Prizes!)"
slonik11111111,1693,1717,24,1738,2039,"CodeTON Round 9 (Div. 1 + Div. 2, Rated, Prizes!)"
too_rusty,2128,2046,-82,1739,2039,"CodeTON Round 9 (Div. 1 + Div. 2, Rated, Prizes!)"
hihitherethere,1690,1714,24,1740,2039,"CodeTON Round 9 (Div. 1 + Div. 2, Rated, Prizes!)"
hahaha32323,1289,1422,133,1741,2039,"CodeTON Round 9 (Div. 1 + Div. 2, Rated, Prizes!)"
Zeeman01,1769,1772,3,1742,2039,"CodeTON Round 9 (Div. 1 + Div. 2, Rated, Prizes!)"
zhy1206,1937,1899,-38,1743,2039,"CodeTON Round 9 (Div. 1 + Div. 2, Rated, Prizes!)"
lcf12345,1699,1720,21,1744,2039,"CodeTON Round 9 (Div. 1 + Div. 2, Rated, Prizes!)"
lequoctran181,1709,1728,19,1745,2039,"CodeTON Round 9 (Div. 1 + Div. 2, Rated, Prizes!)"
ThucLV,1866,1845,-21,1746,2039,"CodeTON Round 9 (Div. 1 + Div. 2, Rated, Prizes!)"
Mitsubachi,2238,2131,-107,1747,2039,"CodeTON Round 9 (Div. 1 + Div. 2, Rated, Prizes!)"
chenwenmo,1663,1694,31,1748,2039,"CodeTON Round 9 (Div. 1 + Div. 2, Rated, Prizes!)"
Coder_Fang,1837,1823,-14,1749,2039,"CodeTON Round 9 (Div. 1 + Div. 2, Rated, Prizes!)"
otarius,1865,1844,-21,1750,2039,"CodeTON Round 9 (Div. 1 + Div. 2, Rated, Prizes!)"
nectarl,1550,1610,60,1751,2039,"CodeTON Round 9 (Div. 1 + Div. 2, Rated, Prizes!)"
JahonaliX,1996,1943,-53,1752,2039,"CodeTON Round 9 (Div. 1 + Div. 2, Rated, Prizes!)"
sahasrad,1719,1735,16,1753,2039,"CodeTON Round 9 (Div. 1 + Div. 2, Rated, Prizes!)"
zhongpeilin,2055,1988,-67,1754,2039,"CodeTON Round 9 (Div. 1 + Div. 2, Rated, Prizes!)"
rlidon2006,1753,1760,7,1754,2039,"CodeTON Round 9 (Div. 1 + Div. 2, Rated, Prizes!)"
usernameson,1793,1789,-4,1756,2039,"CodeTON Round 9 (Div. 1 + Div. 2, Rated, Prizes!)"
ZN-ACE,2004,1949,-55,1757,2039,"CodeTON Round 9 (Div. 1 + Div. 2, Rated, Prizes!)"
dragonmuffin,2160,2069,-91,1757,2039,"CodeTON Round 9 (Div. 1 + Div. 2, Rated, Prizes!)"
xjt01,1680,1705,25,1759,2039,"CodeTON Round 9 (Div. 1 + Div. 2, Rated, Prizes!)"
Mazen_Ghanayem,1753,1759,6,1759,2039,"CodeTON Round 9 (Div. 1 + Div. 2, Rated, Prizes!)"
TanvirZihad,1654,1685,31,1759,2039,"CodeTON Round 9 (Div. 1 + Div. 2, Rated, Prizes!)"
wsztbq,1626,1665,39,1762,2039,"CodeTON Round 9 (Div. 1 + Div. 2, Rated, Prizes!)"
activedeltorre,2392,2253,-139,1763,2039,"CodeTON Round 9 (Div. 1 + Div. 2, Rated, Prizes!)"
Bobii,1783,1781,-2,1764,2039,"CodeTON Round 9 (Div. 1 + Div. 2, Rated, Prizes!)"
socho,2213,2111,-102,1765,2039,"CodeTON Round 9 (Div. 1 + Div. 2, Rated, Prizes!)"
skulkers,1607,1651,44,1765,2039,"CodeTON Round 9 (Div. 1 + Div. 2, Rated, Prizes!)"
Aword,1729,1741,12,1767,2039,"CodeTON Round 9 (Div. 1 + Div. 2, Rated, Prizes!)"
qfl_zzz,1934,1895,-39,1768,2039,"CodeTON Round 9 (Div. 1 + Div. 2, Rated, Prizes!)"
lvle,1774,1774,0,1768,2039,"CodeTON Round 9 (Div. 1 + Div. 2, Rated, Prizes!)"
TryingToBeEnough,1914,1880,-34,1770,2039,"CodeTON Round 9 (Div. 1 + Div. 2, Rated, Prizes!)"
ironwaste,1447,1533,86,1771,2039,"CodeTON Round 9 (Div. 1 + Div. 2, Rated, Prizes!)"
termal,1718,1732,14,1772,2039,"CodeTON Round 9 (Div. 1 + Div. 2, Rated, Prizes!)"
ViratKohliGoat,1939,1898,-41,1773,2039,"CodeTON Round 9 (Div. 1 + Div. 2, Rated, Prizes!)"
ikira.57,2234,2127,-107,1774,2039,"CodeTON Round 9 (Div. 1 + Div. 2, Rated, Prizes!)"
MountAim,1593,1639,46,1774,2039,"CodeTON Round 9 (Div. 1 + Div. 2, Rated, Prizes!)"
tepamid,1829,1815,-14,1776,2039,"CodeTON Round 9 (Div. 1 + Div. 2, Rated, Prizes!)"
ifffer_2137,1750,1756,6,1777,2039,"CodeTON Round 9 (Div. 1 + Div. 2, Rated, Prizes!)"
Mohamed_Reda,2134,2048,-86,1778,2039,"CodeTON Round 9 (Div. 1 + Div. 2, Rated, Prizes!)"
Pras28,1720,1733,13,1779,2039,"CodeTON Round 9 (Div. 1 + Div. 2, Rated, Prizes!)"
PandemicP,1725,1737,12,1780,2039,"CodeTON Round 9 (Div. 1 + Div. 2, Rated, Prizes!)"
YuvrajSharma,1929,1890,-39,1781,2039,"CodeTON Round 9 (Div. 1 + Div. 2, Rated, Prizes!)"
Horcrux983282,1421,1513,92,1782,2039,"CodeTON Round 9 (Div. 1 + Div. 2, Rated, Prizes!)"
InvMod,1477,1554,77,1782,2039,"CodeTON Round 9 (Div. 1 + Div. 2, Rated, Prizes!)"
ag._.,1754,1758,4,1784,2039,"CodeTON Round 9 (Div. 1 + Div. 2, Rated, Prizes!)"
SpinSpen,2258,2145,-113,1785,2039,"CodeTON Round 9 (Div. 1 + Div. 2, Rated, Prizes!)"
antares2262,1712,1727,15,1786,2039,"CodeTON Round 9 (Div. 1 + Div. 2, Rated, Prizes!)"
slsmart,1384,1487,103,1787,2039,"CodeTON Round 9 (Div. 1 + Div. 2, Rated, Prizes!)"
suqingchen,1597,1641,44,1788,2039,"CodeTON Round 9 (Div. 1 + Div. 2, Rated, Prizes!)"
FoxMinusCat,1263,1467,204,1789,2039,"CodeTON Round 9 (Div. 1 + Div. 2, Rated, Prizes!)"
gepusubu,1517,1583,66,1790,2039,"CodeTON Round 9 (Div. 1 + Div. 2, Rated, Prizes!)"
truongminhduc_beo,2047,1980,-67,1791,2039,"CodeTON Round 9 (Div. 1 + Div. 2, Rated, Prizes!)"
Inkyo,2168,2073,-95,1792,2039,"CodeTON Round 9 (Div. 1 + Div. 2, Rated, Prizes!)"
vanvector,1809,1799,-10,1792,2039,"CodeTON Round 9 (Div. 1 + Div. 2, Rated, Prizes!)"
AdletShelby,1722,1733,11,1794,2039,"CodeTON Round 9 (Div. 1 + Div. 2, Rated, Prizes!)"
Horka,1988,1934,-54,1794,2039,"CodeTON Round 9 (Div. 1 + Div. 2, Rated, Prizes!)"
kaiboy,1214,1366,152,1794,2039,"CodeTON Round 9 (Div. 1 + Div. 2, Rated, Prizes!)"
Biaz,1897,1866,-31,1797,2039,"CodeTON Round 9 (Div. 1 + Div. 2, Rated, Prizes!)"
Anas_Da,1692,1711,19,1797,2039,"CodeTON Round 9 (Div. 1 + Div. 2, Rated, Prizes!)"
emoboy_,1848,1829,-19,1799,2039,"CodeTON Round 9 (Div. 1 + Div. 2, Rated, Prizes!)"
zain_salloum,1688,1708,20,1800,2039,"CodeTON Round 9 (Div. 1 + Div. 2, Rated, Prizes!)"
-VM-,1840,1822,-18,1801,2039,"CodeTON Round 9 (Div. 1 + Div. 2, Rated, Prizes!)"
happy_lazier,1784,1780,-4,1801,2039,"CodeTON Round 9 (Div. 1 + Div. 2, Rated, Prizes!)"
ibraheemkureshi,1457,1538,81,1803,2039,"CodeTON Round 9 (Div. 1 + Div. 2, Rated, Prizes!)"
awesomemaths,1738,1745,7,1803,2039,"CodeTON Round 9 (Div. 1 + Div. 2, Rated, Prizes!)"
Go8,1984,1930,-54,1803,2039,"CodeTON Round 9 (Div. 1 + Div. 2, Rated, Prizes!)"
FBI,1947,1903,-44,1806,2039,"CodeTON Round 9 (Div. 1 + Div. 2, Rated, Prizes!)"
BakyTylla,1820,1806,-14,1807,2039,"CodeTON Round 9 (Div. 1 + Div. 2, Rated, Prizes!)"
YWKM,1354,1463,109,1808,2039,"CodeTON Round 9 (Div. 1 + Div. 2, Rated, Prizes!)"
_Duck_Dot_Dot_Happy,1731,1740,9,1809,2039,"CodeTON Round 9 (Div. 1 + Div. 2, Rated, Prizes!)"
MateGiorbelidze,1585,1632,47,1810,2039,"CodeTON Round 9 (Div. 1 + Div. 2, Rated, Prizes!)"
Nreyog,1858,1835,-23,1810,2039,"CodeTON Round 9 (Div. 1 + Div. 2, Rated, Prizes!)"
Ayanokoji7,1720,1731,11,1812,2039,"CodeTON Round 9 (Div. 1 + Div. 2, Rated, Prizes!)"
Radiobas,1669,1693,24,1812,2039,"CodeTON Round 9 (Div. 1 + Div. 2, Rated, Prizes!)"
jamil314,1681,1702,21,1814,2039,"CodeTON Round 9 (Div. 1 + Div. 2, Rated, Prizes!)"
Rajat.18,1757,1759,2,1815,2039,"CodeTON Round 9 (Div. 1 + Div. 2, Rated, Prizes!)"
THK_is_dead,1779,1775,-4,1816,2039,"CodeTON Round 9 (Div. 1 + Div. 2, Rated, Prizes!)"
EdGrass,2024,1961,-63,1817,2039,"CodeTON Round 9 (Div. 1 + Div. 2, Rated, Prizes!)"
bobbilyking,2229,2120,-109,1818,2039,"CodeTON Round 9 (Div. 1 + Div. 2, Rated, Prizes!)"
krakar,1463,1541,78,1819,2039,"CodeTON Round 9 (Div. 1 + Div. 2, Rated, Prizes!)"
Plato,1673,1696,23,1820,2039,"CodeTON Round 9 (Div. 1 + Div. 2, Rated, Prizes!)"
fireinferno,2230,2120,-110,1821,2039,"CodeTON Round 9 (Div. 1 + Div. 2, Rated, Prizes!)"
egge,1950,1904,-46,1821,2039,"CodeTON Round 9 (Div. 1 + Div. 2, Rated, Prizes!)"
ahmedalaa22,1679,1700,21,1823,2039,"CodeTON Round 9 (Div. 1 + Div. 2, Rated, Prizes!)"
tanvirtareq,1596,1638,42,1824,2039,"CodeTON Round 9 (Div. 1 + Div. 2, Rated, Prizes!)"
hotWind04,387,865,478,1825,2039,"CodeTON Round 9 (Div. 1 + Div. 2, Rated, Prizes!)"
tquyetthang2k7,1697,1713,16,1826,2039,"CodeTON Round 9 (Div. 1 + Div. 2, Rated, Prizes!)"
ppltn,2689,2485,-204,1827,2039,"CodeTON Round 9 (Div. 1 + Div. 2, Rated, Prizes!)"
ditconmemayrapchamthoi,1575,1623,48,1828,2039,"CodeTON Round 9 (Div. 1 + Div. 2, Rated, Prizes!)"
Banis,1567,1616,49,1829,2039,"CodeTON Round 9 (Div. 1 + Div. 2, Rated, Prizes!)"
cjoa,1657,1683,26,1829,2039,"CodeTON Round 9 (Div. 1 + Div. 2, Rated, Prizes!)"
Xthpb,1357,1464,107,1829,2039,"CodeTON Round 9 (Div. 1 + Div. 2, Rated, Prizes!)"
amir_AP,1433,1519,86,1829,2039,"CodeTON Round 9 (Div. 1 + Div. 2, Rated, Prizes!)"
arnabmanna,1474,1548,74,1833,2039,"CodeTON Round 9 (Div. 1 + Div. 2, Rated, Prizes!)"
dani_i,1608,1647,39,1833,2039,"CodeTON Round 9 (Div. 1 + Div. 2, Rated, Prizes!)"
receed,2407,2261,-146,1835,2039,"CodeTON Round 9 (Div. 1 + Div. 2, Rated, Prizes!)"
nicolaikrob,2001,1941,-60,1836,2039,"CodeTON Round 9 (Div. 1 + Div. 2, Rated, Prizes!)"
kukka,1308,1429,121,1836,2039,"CodeTON Round 9 (Div. 1 + Div. 2, Rated, Prizes!)"
Al5ateeb,1784,1777,-7,1836,2039,"CodeTON Round 9 (Div. 1 + Div. 2, Rated, Prizes!)"
gabona,1548,1602,54,1839,2039,"CodeTON Round 9 (Div. 1 + Div. 2, Rated, Prizes!)"
Sanae,1837,1818,-19,1840,2039,"CodeTON Round 9 (Div. 1 + Div. 2, Rated, Prizes!)"
Sogard,2069,1994,-75,1841,2039,"CodeTON Round 9 (Div. 1 + Div. 2, Rated, Prizes!)"
xuhaotian,2065,1991,-74,1842,2039,"CodeTON Round 9 (Div. 1 + Div. 2, Rated, Prizes!)"
Moatazoleq,1798,1787,-11,1843,2039,"CodeTON Round 9 (Div. 1 + Div. 2, Rated, Prizes!)"
ambak,1686,1703,17,1843,2039,"CodeTON Round 9 (Div. 1 + Div. 2, Rated, Prizes!)"
Coder_Nayak,2034,1966,-68,1845,2039,"CodeTON Round 9 (Div. 1 + Div. 2, Rated, Prizes!)"
Fookin_Blinders,1832,1813,-19,1845,2039,"CodeTON Round 9 (Div. 1 + Div. 2, Rated, Prizes!)"
milind0110,1964,1913,-51,1847,2039,"CodeTON Round 9 (Div. 1 + Div. 2, Rated, Prizes!)"
yumz_O,1490,1559,69,1848,2039,"CodeTON Round 9 (Div. 1 + Div. 2, Rated, Prizes!)"
bebera,1833,1814,-19,1849,2039,"CodeTON Round 9 (Div. 1 + Div. 2, Rated, Prizes!)"
jyheo98,2168,2070,-98,1850,2039,"CodeTON Round 9 (Div. 1 + Div. 2, Rated, Prizes!)"
biximo,2135,2044,-91,1851,2039,"CodeTON Round 9 (Div. 1 + Div. 2, Rated, Prizes!)"
brun0matheus,1908,1870,-38,1852,2039,"CodeTON Round 9 (Div. 1 + Div. 2, Rated, Prizes!)"
Mashti_Ghazanfar,1434,1518,84,1853,2039,"CodeTON Round 9 (Div. 1 + Div. 2, Rated, Prizes!)"
value0,1641,1670,29,1854,2039,"CodeTON Round 9 (Div. 1 + Div. 2, Rated, Prizes!)"
KKT_89,1798,1787,-11,1854,2039,"CodeTON Round 9 (Div. 1 + Div. 2, Rated, Prizes!)"
ALSTON16,1299,1421,122,1856,2039,"CodeTON Round 9 (Div. 1 + Div. 2, Rated, Prizes!)"
Pirate-King,1686,1703,17,1857,2039,"CodeTON Round 9 (Div. 1 + Div. 2, Rated, Prizes!)"
maghrabyJr_,1951,1902,-49,1857,2039,"CodeTON Round 9 (Div. 1 + Div. 2, Rated, Prizes!)"
ramanji36,1592,1633,41,1859,2039,"CodeTON Round 9 (Div. 1 + Div. 2, Rated, Prizes!)"
__allenge,1132,1399,267,1860,2039,"CodeTON Round 9 (Div. 1 + Div. 2, Rated, Prizes!)"
yottabot,1676,1695,19,1861,2039,"CodeTON Round 9 (Div. 1 + Div. 2, Rated, Prizes!)"
VladiG,1834,1814,-20,1862,2039,"CodeTON Round 9 (Div. 1 + Div. 2, Rated, Prizes!)"
_p_a_r_s_a_1_3_,2081,2002,-79,1863,2039,"CodeTON Round 9 (Div. 1 + Div. 2, Rated, Prizes!)"
Baraa100,1617,1651,34,1864,2039,"CodeTON Round 9 (Div. 1 + Div. 2, Rated, Prizes!)"
SyedSohaib,1679,1697,18,1865,2039,"CodeTON Round 9 (Div. 1 + Div. 2, Rated, Prizes!)"
ChaosReasonOne,1343,1451,108,1866,2039,"CodeTON Round 9 (Div. 1 + Div. 2, Rated, Prizes!)"
yuanran,1578,1622,44,1867,2039,"CodeTON Round 9 (Div. 1 + Div. 2, Rated, Prizes!)"
chika0_0,1654,1679,25,1868,2039,"CodeTON Round 9 (Div. 1 + Div. 2, Rated, Prizes!)"
Bahamin,2113,2026,-87,1868,2039,"CodeTON Round 9 (Div. 1 + Div. 2, Rated, Prizes!)"
gvancak,1412,1500,88,1870,2039,"CodeTON Round 9 (Div. 1 + Div. 2, Rated, Prizes!)"
cgy2022,1682,1699,17,1871,2039,"CodeTON Round 9 (Div. 1 + Div. 2, Rated, Prizes!)"
kakabadzeteo,1709,1719,10,1872,2039,"CodeTON Round 9 (Div. 1 + Div. 2, Rated, Prizes!)"
Sley_K,1907,1867,-40,1873,2039,"CodeTON Round 9 (Div. 1 + Div. 2, Rated, Prizes!)"
smallbrainsovamain1,1762,1758,-4,1873,2039,"CodeTON Round 9 (Div. 1 + Div. 2, Rated, Prizes!)"
Scalm,1840,1817,-23,1873,2039,"CodeTON Round 9 (Div. 1 + Div. 2, Rated, Prizes!)"
MODDI,1749,1749,0,1873,2039,"CodeTON Round 9 (Div. 1 + Div. 2, Rated, Prizes!)"
N29,1990,1931,-59,1877,2039,"CodeTON Round 9 (Div. 1 + Div. 2, Rated, Prizes!)"
setday,1691,1705,14,1878,2039,"CodeTON Round 9 (Div. 1 + Div. 2, Rated, Prizes!)"
FranSkarica,1935,1889,-46,1878,2039,"CodeTON Round 9 (Div. 1 + Div. 2, Rated, Prizes!)"
S4muraj,1744,1744,0,1880,2039,"CodeTON Round 9 (Div. 1 + Div. 2, Rated, Prizes!)"
wsy_jim,1643,1669,26,1881,2039,"CodeTON Round 9 (Div. 1 + Div. 2, Rated, Prizes!)"
Hanoist,1816,1799,-17,1881,2039,"CodeTON Round 9 (Div. 1 + Div. 2, Rated, Prizes!)"
minalb,1944,1895,-49,1883,2039,"CodeTON Round 9 (Div. 1 + Div. 2, Rated, Prizes!)"
HFDLYS,1699,1711,12,1884,2039,"CodeTON Round 9 (Div. 1 + Div. 2, Rated, Prizes!)"
2730883287,1837,1814,-23,1885,2039,"CodeTON Round 9 (Div. 1 + Div. 2, Rated, Prizes!)"
AllenAlien0307,1866,1836,-30,1886,2039,"CodeTON Round 9 (Div. 1 + Div. 2, Rated, Prizes!)"
fang_baby,1784,1774,-10,1887,2039,"CodeTON Round 9 (Div. 1 + Div. 2, Rated, Prizes!)"
toku4388,1916,1874,-42,1887,2039,"CodeTON Round 9 (Div. 1 + Div. 2, Rated, Prizes!)"
inkvizytor,1325,1495,170,1889,2039,"CodeTON Round 9 (Div. 1 + Div. 2, Rated, Prizes!)"
shadonra,1609,1643,34,1890,2039,"CodeTON Round 9 (Div. 1 + Div. 2, Rated, Prizes!)"
HusseinFarhat,2163,2064,-99,1890,2039,"CodeTON Round 9 (Div. 1 + Div. 2, Rated, Prizes!)"
Dibamboo,1687,1701,14,1890,2039,"CodeTON Round 9 (Div. 1 + Div. 2, Rated, Prizes!)"
equeen,1685,1700,15,1893,2039,"CodeTON Round 9 (Div. 1 + Div. 2, Rated, Prizes!)"
man-ray,1739,1740,1,1894,2039,"CodeTON Round 9 (Div. 1 + Div. 2, Rated, Prizes!)"
Aurorawlm,1558,1606,48,1895,2039,"CodeTON Round 9 (Div. 1 + Div. 2, Rated, Prizes!)"
ajinkya1p3,1955,1903,-52,1896,2039,"CodeTON Round 9 (Div. 1 + Div. 2, Rated, Prizes!)"
ryuzakiDis,1724,1728,4,1896,2039,"CodeTON Round 9 (Div. 1 + Div. 2, Rated, Prizes!)"
Allergy527,1323,1435,112,1898,2039,"CodeTON Round 9 (Div. 1 + Div. 2, Rated, Prizes!)"
stapler,1880,1846,-34,1899,2039,"CodeTON Round 9 (Div. 1 + Div. 2, Rated, Prizes!)"
szy10010,1689,1702,13,1900,2039,"CodeTON Round 9 (Div. 1 + Div. 2, Rated, Prizes!)"
Hydrogen,1585,1625,40,1901,2039,"CodeTON Round 9 (Div. 1 + Div. 2, Rated, Prizes!)"
ViscaBarca,1706,1715,9,1902,2039,"CodeTON Round 9 (Div. 1 + Div. 2, Rated, Prizes!)"
Mayakowski,1350,1454,104,1902,2039,"CodeTON Round 9 (Div. 1 + Div. 2, Rated, Prizes!)"
Damoonmah,1622,1652,30,1902,2039,"CodeTON Round 9 (Div. 1 + Div. 2, Rated, Prizes!)"
bamogh,1617,1648,31,1905,2039,"CodeTON Round 9 (Div. 1 + Div. 2, Rated, Prizes!)"
darysani,1610,1643,33,1906,2039,"CodeTON Round 9 (Div. 1 + Div. 2, Rated, Prizes!)"
phoenix1972,1351,1454,103,1907,2039,"CodeTON Round 9 (Div. 1 + Div. 2, Rated, Prizes!)"
why1,1455,1529,74,1907,2039,"CodeTON Round 9 (Div. 1 + Div. 2, Rated, Prizes!)"
kunj_patel,1772,1764,-8,1909,2039,"CodeTON Round 9 (Div. 1 + Div. 2, Rated, Prizes!)"
ChinatsuKano,2017,1950,-67,1909,2039,"CodeTON Round 9 (Div. 1 + Div. 2, Rated, Prizes!)"
byzantine_general,1487,1552,65,1911,2039,"CodeTON Round 9 (Div. 1 + Div. 2, Rated, Prizes!)"
pupsicek,1871,1839,-32,1912,2039,"CodeTON Round 9 (Div. 1 + Div. 2, Rated, Prizes!)"
YahiaSherif,2002,1938,-64,1913,2039,"CodeTON Round 9 (Div. 1 + Div. 2, Rated, Prizes!)"
drexdelta,1778,1768,-10,1914,2039,"CodeTON Round 9 (Div. 1 + Div. 2, Rated, Prizes!)"
Mtaylor,2299,2171,-128,1915,2039,"CodeTON Round 9 (Div. 1 + Div. 2, Rated, Prizes!)"
samuel_beovides,1698,1708,10,1916,2039,"CodeTON Round 9 (Div. 1 + Div. 2, Rated, Prizes!)"
sabyr,1531,1584,53,1917,2039,"CodeTON Round 9 (Div. 1 + Div. 2, Rated, Prizes!)"
vbnm111,1604,1638,34,1918,2039,"CodeTON Round 9 (Div. 1 + Div. 2, Rated, Prizes!)"
elpurpuly,1533,1586,53,1918,2039,"CodeTON Round 9 (Div. 1 + Div. 2, Rated, Prizes!)"
naneosmic,1780,1769,-11,1920,2039,"CodeTON Round 9 (Div. 1 + Div. 2, Rated, Prizes!)"
Friday_night,1652,1673,21,1920,2039,"CodeTON Round 9 (Div. 1 + Div. 2, Rated, Prizes!)"
allen1,1277,1436,159,1922,2039,"CodeTON Round 9 (Div. 1 + Div. 2, Rated, Prizes!)"
_CHO,1748,1744,-4,1923,2039,"CodeTON Round 9 (Div. 1 + Div. 2, Rated, Prizes!)"
hgcnxn,0,591,591,1923,2039,"CodeTON Round 9 (Div. 1 + Div. 2, Rated, Prizes!)"
Tainel,1957,1902,-55,1925,2039,"CodeTON Round 9 (Div. 1 + Div. 2, Rated, Prizes!)"
rt200505,1782,1770,-12,1925,2039,"CodeTON Round 9 (Div. 1 + Div. 2, Rated, Prizes!)"
thakuremon,1457,1529,72,1927,2039,"CodeTON Round 9 (Div. 1 + Div. 2, Rated, Prizes!)"
N.N_2004,2179,2074,-105,1928,2039,"CodeTON Round 9 (Div. 1 + Div. 2, Rated, Prizes!)"
Icelast,1906,1863,-43,1929,2039,"CodeTON Round 9 (Div. 1 + Div. 2, Rated, Prizes!)"
ONIM,1585,1623,38,1929,2039,"CodeTON Round 9 (Div. 1 + Div. 2, Rated, Prizes!)"
AhmedPlusPlus,1619,1649,30,1931,2039,"CodeTON Round 9 (Div. 1 + Div. 2, Rated, Prizes!)"
monna4335,1991,1928,-63,1932,2039,"CodeTON Round 9 (Div. 1 + Div. 2, Rated, Prizes!)"
daitangchen2008,1530,1582,52,1932,2039,"CodeTON Round 9 (Div. 1 + Div. 2, Rated, Prizes!)"
Od_Ali,1677,1691,14,1932,2039,"CodeTON Round 9 (Div. 1 + Div. 2, Rated, Prizes!)"
CM_master,910,1231,321,1935,2039,"CodeTON Round 9 (Div. 1 + Div. 2, Rated, Prizes!)"
ZeinabHamdy,1228,1366,138,1936,2039,"CodeTON Round 9 (Div. 1 + Div. 2, Rated, Prizes!)"
Jinapetto,1887,1849,-38,1936,2039,"CodeTON Round 9 (Div. 1 + Div. 2, Rated, Prizes!)"
ZaiBug,1731,1731,0,1938,2039,"CodeTON Round 9 (Div. 1 + Div. 2, Rated, Prizes!)"
Basori,1701,1708,7,1938,2039,"CodeTON Round 9 (Div. 1 + Div. 2, Rated, Prizes!)"
kulovemi,1903,1861,-42,1940,2039,"CodeTON Round 9 (Div. 1 + Div. 2, Rated, Prizes!)"
wangyizhi,1645,1666,21,1941,2039,"CodeTON Round 9 (Div. 1 + Div. 2, Rated, Prizes!)"
ExtractStars,1746,1742,-4,1941,2039,"CodeTON Round 9 (Div. 1 + Div. 2, Rated, Prizes!)"
yrhiba,1498,1558,60,1941,2039,"CodeTON Round 9 (Div. 1 + Div. 2, Rated, Prizes!)"
AqaMath,1609,1640,31,1944,2039,"CodeTON Round 9 (Div. 1 + Div. 2, Rated, Prizes!)"
kimo,1428,1507,79,1944,2039,"CodeTON Round 9 (Div. 1 + Div. 2, Rated, Prizes!)"
Xier,1699,1707,8,1946,2039,"CodeTON Round 9 (Div. 1 + Div. 2, Rated, Prizes!)"
Alikhan228,1229,1365,136,1947,2039,"CodeTON Round 9 (Div. 1 + Div. 2, Rated, Prizes!)"
IceSerpent,1755,1748,-7,1947,2039,"CodeTON Round 9 (Div. 1 + Div. 2, Rated, Prizes!)"
ddh123,1582,1619,37,1949,2039,"CodeTON Round 9 (Div. 1 + Div. 2, Rated, Prizes!)"
3.14IQ,1831,1806,-25,1950,2039,"CodeTON Round 9 (Div. 1 + Div. 2, Rated, Prizes!)"
Jayket,1389,1478,89,1951,2039,"CodeTON Round 9 (Div. 1 + Div. 2, Rated, Prizes!)"
shreyk,1563,1605,42,1951,2039,"CodeTON Round 9 (Div. 1 + Div. 2, Rated, Prizes!)"
GuEnhao,1620,1648,28,1953,2039,"CodeTON Round 9 (Div. 1 + Div. 2, Rated, Prizes!)"
dauka,1507,1564,57,1954,2039,"CodeTON Round 9 (Div. 1 + Div. 2, Rated, Prizes!)"
WaveBreaker,1665,1681,16,1955,2039,"CodeTON Round 9 (Div. 1 + Div. 2, Rated, Prizes!)"
Heshu,1802,1784,-18,1955,2039,"CodeTON Round 9 (Div. 1 + Div. 2, Rated, Prizes!)"
kmchoi,1706,1712,6,1955,2039,"CodeTON Round 9 (Div. 1 + Div. 2, Rated, Prizes!)"
M.UmairAhmadMirza,1849,1819,-30,1958,2039,"CodeTON Round 9 (Div. 1 + Div. 2, Rated, Prizes!)"
EbrahimSaad,1739,1736,-3,1958,2039,"CodeTON Round 9 (Div. 1 + Div. 2, Rated, Prizes!)"
xiang_xiang,2111,2020,-91,1960,2039,"CodeTON Round 9 (Div. 1 + Div. 2, Rated, Prizes!)"
urosk,2143,2045,-98,1961,2039,"CodeTON Round 9 (Div. 1 + Div. 2, Rated, Prizes!)"
Slqmg,1799,1781,-18,1962,2039,"CodeTON Round 9 (Div. 1 + Div. 2, Rated, Prizes!)"
og.kostya,1836,1809,-27,1962,2039,"CodeTON Round 9 (Div. 1 + Div. 2, Rated, Prizes!)"
isagi_yaichki,1605,1636,31,1964,2039,"CodeTON Round 9 (Div. 1 + Div. 2, Rated, Prizes!)"
cr7ro,1858,1826,-32,1965,2039,"CodeTON Round 9 (Div. 1 + Div. 2, Rated, Prizes!)"
TsotneSV,1568,1609,41,1966,2039,"CodeTON Round 9 (Div. 1 + Div. 2, Rated, Prizes!)"
ankushgarg_04,1694,1701,7,1967,2039,"CodeTON Round 9 (Div. 1 + Div. 2, Rated, Prizes!)"
Ardelion,1874,1837,-37,1968,2039,"CodeTON Round 9 (Div. 1 + Div. 2, Rated, Prizes!)"
China001,1541,1588,47,1969,2039,"CodeTON Round 9 (Div. 1 + Div. 2, Rated, Prizes!)"
cyx,2032,1957,-75,1970,2039,"CodeTON Round 9 (Div. 1 + Div. 2, Rated, Prizes!)"
Mirali777,2278,2151,-127,1970,2039,"CodeTON Round 9 (Div. 1 + Div. 2, Rated, Prizes!)"
algohary,1637,1659,22,1972,2039,"CodeTON Round 9 (Div. 1 + Div. 2, Rated, Prizes!)"
Future_Hustler,1470,1536,66,1972,2039,"CodeTON Round 9 (Div. 1 + Div. 2, Rated, Prizes!)"
MJavad,1476,1540,64,1974,2039,"CodeTON Round 9 (Div. 1 + Div. 2, Rated, Prizes!)"
juneharold,1880,1841,-39,1975,2039,"CodeTON Round 9 (Div. 1 + Div. 2, Rated, Prizes!)"
DHeasy,1804,1784,-20,1975,2039,"CodeTON Round 9 (Div. 1 + Div. 2, Rated, Prizes!)"
sushmanth.dampur8780,1872,1835,-37,1977,2039,"CodeTON Round 9 (Div. 1 + Div. 2, Rated, Prizes!)"
AbdalrhmanEssam,1604,1634,30,1978,2039,"CodeTON Round 9 (Div. 1 + Div. 2, Rated, Prizes!)"
-ChunChunMaru-,1657,1673,16,1978,2039,"CodeTON Round 9 (Div. 1 + Div. 2, Rated, Prizes!)"
paradisecactus,0,587,587,1978,2039,"CodeTON Round 9 (Div. 1 + Div. 2, Rated, Prizes!)"
ChiyoYuki,1439,1513,74,1981,2039,"CodeTON Round 9 (Div. 1 + Div. 2, Rated, Prizes!)"
zabrouter,1654,1671,17,1981,2039,"CodeTON Round 9 (Div. 1 + Div. 2, Rated, Prizes!)"
3TYL,1496,1554,58,1983,2039,"CodeTON Round 9 (Div. 1 + Div. 2, Rated, Prizes!)"
Kaleem_Raza_Syed,1836,1808,-28,1984,2039,"CodeTON Round 9 (Div. 1 + Div. 2, Rated, Prizes!)"
Shirotsume,2195,2084,-111,1984,2039,"CodeTON Round 9 (Div. 1 + Div. 2, Rated, Prizes!)"
Maxwell2005,1322,1428,106,1986,2039,"CodeTON Round 9 (Div. 1 + Div. 2, Rated, Prizes!)"
CoderSubhash,1596,1627,31,1987,2039,"CodeTON Round 9 (Div. 1 + Div. 2, Rated, Prizes!)"
Mohamed_M.M.R,1654,1671,17,1988,2039,"CodeTON Round 9 (Div. 1 + Div. 2, Rated, Prizes!)"
rapit02,1674,1685,11,1989,2039,"CodeTON Round 9 (Div. 1 + Div. 2, Rated, Prizes!)"
piyush_razz,1624,1648,24,1990,2039,"CodeTON Round 9 (Div. 1 + Div. 2, Rated, Prizes!)"
SriRam523,1764,1753,-11,1991,2039,"CodeTON Round 9 (Div. 1 + Div. 2, Rated, Prizes!)"
Shahrad_Mirzaei,1921,1872,-49,1992,2039,"CodeTON Round 9 (Div. 1 + Div. 2, Rated, Prizes!)"
Enoch006,1825,1798,-27,1992,2039,"CodeTON Round 9 (Div. 1 + Div. 2, Rated, Prizes!)"
RetiredForNow,1543,1588,45,1992,2039,"CodeTON Round 9 (Div. 1 + Div. 2, Rated, Prizes!)"
Endeavors,1867,1830,-37,1995,2039,"CodeTON Round 9 (Div. 1 + Div. 2, Rated, Prizes!)"
RayhanSefat1332,1663,1677,14,1995,2039,"CodeTON Round 9 (Div. 1 + Div. 2, Rated, Prizes!)"
ken-kei,1763,1751,-12,1997,2039,"CodeTON Round 9 (Div. 1 + Div. 2, Rated, Prizes!)"
Marky,1907,1860,-47,1998,2039,"CodeTON Round 9 (Div. 1 + Div. 2, Rated, Prizes!)"
AR_Nasim,1575,1611,36,1999,2039,"CodeTON Round 9 (Div. 1 + Div. 2, Rated, Prizes!)"
Hagag,1543,1588,45,2000,2039,"CodeTON Round 9 (Div. 1 + Div. 2, Rated, Prizes!)"
funnyface,1654,1670,16,2001,2039,"CodeTON Round 9 (Div. 1 + Div. 2, Rated, Prizes!)"
GMgrizo,1828,1800,-28,2002,2039,"CodeTON Round 9 (Div. 1 + Div. 2, Rated, Prizes!)"
LaDeX,1620,1644,24,2003,2039,"CodeTON Round 9 (Div. 1 + Div. 2, Rated, Prizes!)"
BlackIce666,1649,1666,17,2004,2039,"CodeTON Round 9 (Div. 1 + Div. 2, Rated, Prizes!)"
thatsramen,1938,1883,-55,2004,2039,"CodeTON Round 9 (Div. 1 + Div. 2, Rated, Prizes!)"
pranav8,1610,1637,27,2004,2039,"CodeTON Round 9 (Div. 1 + Div. 2, Rated, Prizes!)"
OR_LOVe,1900,1854,-46,2007,2039,"CodeTON Round 9 (Div. 1 + Div. 2, Rated, Prizes!)"
WuShF,1501,1557,56,2007,2039,"CodeTON Round 9 (Div. 1 + Div. 2, Rated, Prizes!)"
no_mind,1747,1738,-9,2007,2039,"CodeTON Round 9 (Div. 1 + Div. 2, Rated, Prizes!)"
pavook,1829,1800,-29,2010,2039,"CodeTON Round 9 (Div. 1 + Div. 2, Rated, Prizes!)"
bran000,1562,1601,39,2011,2039,"CodeTON Round 9 (Div. 1 + Div. 2, Rated, Prizes!)"
idk_imjustacat,1706,1708,2,2012,2039,"CodeTON Round 9 (Div. 1 + Div. 2, Rated, Prizes!)"
Janer,1735,1729,-6,2012,2039,"CodeTON Round 9 (Div. 1 + Div. 2, Rated, Prizes!)"
Ladyyuan,1554,1632,78,2014,2039,"CodeTON Round 9 (Div. 1 + Div. 2, Rated, Prizes!)"
Mox_Taest3r,1984,1918,-66,2015,2039,"CodeTON Round 9 (Div. 1 + Div. 2, Rated, Prizes!)"
lwm7708,2166,2059,-107,2015,2039,"CodeTON Round 9 (Div. 1 + Div. 2, Rated, Prizes!)"
LLCCJJ,961,1184,223,2017,2039,"CodeTON Round 9 (Div. 1 + Div. 2, Rated, Prizes!)"
amirhozaifa,1831,1801,-30,2018,2039,"CodeTON Round 9 (Div. 1 + Div. 2, Rated, Prizes!)"
akhanchick,1346,1443,97,2018,2039,"CodeTON Round 9 (Div. 1 + Div. 2, Rated, Prizes!)"
M_SQRT,1922,1870,-52,2020,2039,"CodeTON Round 9 (Div. 1 + Div. 2, Rated, Prizes!)"
mahmoud13,1545,1588,43,2021,2039,"CodeTON Round 9 (Div. 1 + Div. 2, Rated, Prizes!)"
siuuuuuro7,1303,1413,110,2022,2039,"CodeTON Round 9 (Div. 1 + Div. 2, Rated, Prizes!)"
procodgok,1643,1660,17,2023,2039,"CodeTON Round 9 (Div. 1 + Div. 2, Rated, Prizes!)"
nonamexishere,1280,1396,116,2023,2039,"CodeTON Round 9 (Div. 1 + Div. 2, Rated, Prizes!)"
AMIGO-_-,1250,1375,125,2025,2039,"CodeTON Round 9 (Div. 1 + Div. 2, Rated, Prizes!)"
KKrishnaA,1681,1688,7,2026,2039,"CodeTON Round 9 (Div. 1 + Div. 2, Rated, Prizes!)"
Taha_adeel,1774,1758,-16,2026,2039,"CodeTON Round 9 (Div. 1 + Div. 2, Rated, Prizes!)"
NeverSayF,1415,1492,77,2028,2039,"CodeTON Round 9 (Div. 1 + Div. 2, Rated, Prizes!)"
_morsmordre_,2121,2023,-98,2028,2039,"CodeTON Round 9 (Div. 1 + Div. 2, Rated, Prizes!)"
gapbyam,1452,1519,67,2028,2039,"CodeTON Round 9 (Div. 1 + Div. 2, Rated, Prizes!)"
Re_Sircle,1597,1626,29,2031,2039,"CodeTON Round 9 (Div. 1 + Div. 2, Rated, Prizes!)"
zi.zh,2306,2170,-136,2032,2039,"CodeTON Round 9 (Div. 1 + Div. 2, Rated, Prizes!)"
lalalajkl1,1571,1606,35,2033,2039,"CodeTON Round 9 (Div. 1 + Div. 2, Rated, Prizes!)"
FedeNQ,1861,1823,-38,2033,2039,"CodeTON Round 9 (Div. 1 + Div. 2, Rated, Prizes!)"
MD.Abdullah,1691,1695,4,2035,2039,"CodeTON Round 9 (Div. 1 + Div. 2, Rated, Prizes!)"
Tyrannosaurus-REX,1701,1740,39,2035,2039,"CodeTON Round 9 (Div. 1 + Div. 2, Rated, Prizes!)"
XP3301_Pipi,1677,1685,8,2035,2039,"CodeTON Round 9 (Div. 1 + Div. 2, Rated, Prizes!)"
MarcAS,1678,1685,7,2038,2039,"CodeTON Round 9 (Div. 1 + Div. 2, Rated, Prizes!)"
Danety,1484,1542,58,2039,2039,"CodeTON Round 9 (Div. 1 + Div. 2, Rated, Prizes!)"
solyamba,1639,1656,17,2040,2039,"CodeTON Round 9 (Div. 1 + Div. 2, Rated, Prizes!)"
Amirgjz,1393,1475,82,2041,2039,"CodeTON Round 9 (Div. 1 + Div. 2, Rated, Prizes!)"
ammar2000,2017,1942,-75,2042,2039,"CodeTON Round 9 (Div. 1 + Div. 2, Rated, Prizes!)"
IR101,1593,1622,29,2043,2039,"CodeTON Round 9 (Div. 1 + Div. 2, Rated, Prizes!)"
Alwoosh,1867,1827,-40,2044,2039,"CodeTON Round 9 (Div. 1 + Div. 2, Rated, Prizes!)"
WhiteBloom,492,924,432,2045,2039,"CodeTON Round 9 (Div. 1 + Div. 2, Rated, Prizes!)"
olegator2007,1897,1850,-47,2046,2039,"CodeTON Round 9 (Div. 1 + Div. 2, Rated, Prizes!)"
vitosevski,1653,1666,13,2046,2039,"CodeTON Round 9 (Div. 1 + Div. 2, Rated, Prizes!)"
Newbie_QQH,1638,1655,17,2048,2039,"CodeTON Round 9 (Div. 1 + Div. 2, Rated, Prizes!)"
xorfftdp,1508,1558,50,2049,2039,"CodeTON Round 9 (Div. 1 + Div. 2, Rated, Prizes!)"
kDotReal,1660,1671,11,2049,2039,"CodeTON Round 9 (Div. 1 + Div. 2, Rated, Prizes!)"
StrongerInChaos,1468,1529,61,2049,2039,"CodeTON Round 9 (Div. 1 + Div. 2, Rated, Prizes!)"
ChuanSWT,1630,1649,19,2052,2039,"CodeTON Round 9 (Div. 1 + Div. 2, Rated, Prizes!)"
yurui111,1684,1689,5,2053,2039,"CodeTON Round 9 (Div. 1 + Div. 2, Rated, Prizes!)"
lsr123456789,1830,1799,-31,2054,2039,"CodeTON Round 9 (Div. 1 + Div. 2, Rated, Prizes!)"
want_something,1513,1562,49,2054,2039,"CodeTON Round 9 (Div. 1 + Div. 2, Rated, Prizes!)"
omikad,1903,1854,-49,2054,2039,"CodeTON Round 9 (Div. 1 + Div. 2, Rated, Prizes!)"
M0N,1782,1762,-20,2057,2039,"CodeTON Round 9 (Div. 1 + Div. 2, Rated, Prizes!)"
miya145592,1736,1727,-9,2057,2039,"CodeTON Round 9 (Div. 1 + Div. 2, Rated, Prizes!)"
Z-wzy,1879,1836,-43,2057,2039,"CodeTON Round 9 (Div. 1 + Div. 2, Rated, Prizes!)"
Hashim-Ali,1612,1635,23,2060,2039,"CodeTON Round 9 (Div. 1 + Div. 2, Rated, Prizes!)"
Sandy_Da,573,983,410,2061,2039,"CodeTON Round 9 (Div. 1 + Div. 2, Rated, Prizes!)"
UndercoverGoose,1712,1709,-3,2061,2039,"CodeTON Round 9 (Div. 1 + Div. 2, Rated, Prizes!)"
Soknow,1687,1690,3,2063,2039,"CodeTON Round 9 (Div. 1 + Div. 2, Rated, Prizes!)"
0xEssam,1493,1547,54,2063,2039,"CodeTON Round 9 (Div. 1 + Div. 2, Rated, Prizes!)"
always_grinding,2115,2017,-98,2065,2039,"CodeTON Round 9 (Div. 1 + Div. 2, Rated, Prizes!)"
Hasil777,1299,1406,107,2066,2039,"CodeTON Round 9 (Div. 1 + Div. 2, Rated, Prizes!)"
Mobious,1559,1595,36,2066,2039,"CodeTON Round 9 (Div. 1 + Div. 2, Rated, Prizes!)"
Tahirliyev,1897,1848,-49,2068,2039,"CodeTON Round 9 (Div. 1 + Div. 2, Rated, Prizes!)"
AlRntn,1769,1752,-17,2069,2039,"CodeTON Round 9 (Div. 1 + Div. 2, Rated, Prizes!)"
Chen_jr,1662,1671,9,2070,2039,"CodeTON Round 9 (Div. 1 + Div. 2, Rated, Prizes!)"
yk77,1842,1806,-36,2071,2039,"CodeTON Round 9 (Div. 1 + Div. 2, Rated, Prizes!)"
chrislaiisme,1565,1600,35,2071,2039,"CodeTON Round 9 (Div. 1 + Div. 2, Rated, Prizes!)"
nohandle_5,1906,1855,-51,2071,2039,"CodeTON Round 9 (Div. 1 + Div. 2, Rated, Prizes!)"
andvip,598,1000,402,2074,2039,"CodeTON Round 9 (Div. 1 + Div. 2, Rated, Prizes!)"
decentcoder,1613,1634,21,2074,2039,"CodeTON Round 9 (Div. 1 + Div. 2, Rated, Prizes!)"
Inri,1837,1803,-34,2076,2039,"CodeTON Round 9 (Div. 1 + Div. 2, Rated, Prizes!)"
zsc985246,2013,1937,-76,2077,2039,"CodeTON Round 9 (Div. 1 + Div. 2, Rated, Prizes!)"
mahaihang2,1289,1399,110,2078,2039,"CodeTON Round 9 (Div. 1 + Div. 2, Rated, Prizes!)"
RevyChan,1699,1698,-1,2078,2039,"CodeTON Round 9 (Div. 1 + Div. 2, Rated, Prizes!)"
kosar,1753,1739,-14,2078,2039,"CodeTON Round 9 (Div. 1 + Div. 2, Rated, Prizes!)"
HelloFromMars,1573,1604,31,2081,2039,"CodeTON Round 9 (Div. 1 + Div. 2, Rated, Prizes!)"
luogu_official_alts,1108,1334,226,2082,2039,"CodeTON Round 9 (Div. 1 + Div. 2, Rated, Prizes!)"
Heibor,2228,2105,-123,2083,2039,"CodeTON Round 9 (Div. 1 + Div. 2, Rated, Prizes!)"
Nariman_MT,1512,1560,48,2083,2039,"CodeTON Round 9 (Div. 1 + Div. 2, Rated, Prizes!)"
min_inf,2367,2216,-151,2085,2039,"CodeTON Round 9 (Div. 1 + Div. 2, Rated, Prizes!)"
Mousa_Aboubaker,1648,1660,12,2086,2039,"CodeTON Round 9 (Div. 1 + Div. 2, Rated, Prizes!)"
NikMik450,1618,1638,20,2086,2039,"CodeTON Round 9 (Div. 1 + Div. 2, Rated, Prizes!)"
fun_of_hashes,1531,1573,42,2086,2039,"CodeTON Round 9 (Div. 1 + Div. 2, Rated, Prizes!)"
GOD6107,984,1275,291,2089,2039,"CodeTON Round 9 (Div. 1 + Div. 2, Rated, Prizes!)"
xuanthaibeou123,1482,1537,55,2090,2039,"CodeTON Round 9 (Div. 1 + Div. 2, Rated, Prizes!)"
zeng_wj,1663,1671,8,2091,2039,"CodeTON Round 9 (Div. 1 + Div. 2, Rated, Prizes!)"
3T3RN1TY,1888,1840,-48,2092,2039,"CodeTON Round 9 (Div. 1 + Div. 2, Rated, Prizes!)"
kamrad,1581,1610,29,2092,2039,"CodeTON Round 9 (Div. 1 + Div. 2, Rated, Prizes!)"
jakubm,1622,1641,19,2092,2039,"CodeTON Round 9 (Div. 1 + Div. 2, Rated, Prizes!)"
Carousel,1722,1715,-7,2095,2039,"CodeTON Round 9 (Div. 1 + Div. 2, Rated, Prizes!)"
lucasomee006,1403,1479,76,2096,2039,"CodeTON Round 9 (Div. 1 + Div. 2, Rated, Prizes!)"
AlexRex0,1719,1712,-7,2097,2039,"CodeTON Round 9 (Div. 1 + Div. 2, Rated, Prizes!)"
RauPro,1267,1381,114,2098,2039,"CodeTON Round 9 (Div. 1 + Div. 2, Rated, Prizes!)"
lingling0,1216,1346,130,2098,2039,"CodeTON Round 9 (Div. 1 + Div. 2, Rated, Prizes!)"
Ayxan007,1464,1523,59,2100,2039,"CodeTON Round 9 (Div. 1 + Div. 2, Rated, Prizes!)"
Ghammaz-Hassan,1603,1626,23,2101,2039,"CodeTON Round 9 (Div. 1 + Div. 2, Rated, Prizes!)"
CodeFixer,1495,1546,51,2102,2039,"CodeTON Round 9 (Div. 1 + Div. 2, Rated, Prizes!)"
Ban.kai,1710,1706,-4,2103,2039,"CodeTON Round 9 (Div. 1 + Div. 2, Rated, Prizes!)"
FarDream,1449,1512,63,2103,2039,"CodeTON Round 9 (Div. 1 + Div. 2, Rated, Prizes!)"
ahtoh_,1579,1608,29,2105,2039,"CodeTON Round 9 (Div. 1 + Div. 2, Rated, Prizes!)"
tourust,2051,1965,-86,2105,2039,"CodeTON Round 9 (Div. 1 + Div. 2, Rated, Prizes!)"
xprt_1,1538,1577,39,2107,2039,"CodeTON Round 9 (Div. 1 + Div. 2, Rated, Prizes!)"
Shahriar_88,1476,1532,56,2107,2039,"CodeTON Round 9 (Div. 1 + Div. 2, Rated, Prizes!)"
Brre.Hemo,1445,1509,64,2109,2039,"CodeTON Round 9 (Div. 1 + Div. 2, Rated, Prizes!)"
heisenberg..,1423,1493,70,2110,2039,"CodeTON Round 9 (Div. 1 + Div. 2, Rated, Prizes!)"
studboy,1460,1519,59,2110,2039,"CodeTON Round 9 (Div. 1 + Div. 2, Rated, Prizes!)"
kauperwood,1732,1721,-11,2112,2039,"CodeTON Round 9 (Div. 1 + Div. 2, Rated, Prizes!)"
dealing,1527,1569,42,2113,2039,"CodeTON Round 9 (Div. 1 + Div. 2, Rated, Prizes!)"
Morshedy_22,1327,1423,96,2114,2039,"CodeTON Round 9 (Div. 1 + Div. 2, Rated, Prizes!)"
Mr_Turtle_,1933,1874,-59,2115,2039,"CodeTON Round 9 (Div. 1 + Div. 2, Rated, Prizes!)"
MrKisame,1614,1633,19,2115,2039,"CodeTON Round 9 (Div. 1 + Div. 2, Rated, Prizes!)"
peatrovich,1704,1700,-4,2117,2039,"CodeTON Round 9 (Div. 1 + Div. 2, Rated, Prizes!)"
goo_l,1363,1449,86,2117,2039,"CodeTON Round 9 (Div. 1 + Div. 2, Rated, Prizes!)"
MmusoM,1786,1762,-24,2119,2039,"CodeTON Round 9 (Div. 1 + Div. 2, Rated, Prizes!)"
susanthenerd,1769,1749,-20,2120,2039,"CodeTON Round 9 (Div. 1 + Div. 2, Rated, Prizes!)"
boris_7,1453,1514,61,2120,2039,"CodeTON Round 9 (Div. 1 + Div. 2, Rated, Prizes!)"
PaHbLLle_91_6blJl_6blcTp,2377,2222,-155,2122,2039,"CodeTON Round 9 (Div. 1 + Div. 2, Rated, Prizes!)"
shhy287029,2163,2051,-112,2122,2039,"CodeTON Round 9 (Div. 1 + Div. 2, Rated, Prizes!)"
C12AK,1644,1655,11,2122,2039,"CodeTON Round 9 (Div. 1 + Div. 2, Rated, Prizes!)"
AbdullahFarg,1262,1377,115,2125,2039,"CodeTON Round 9 (Div. 1 + Div. 2, Rated, Prizes!)"
Farhan20,1814,1782,-32,2126,2039,"CodeTON Round 9 (Div. 1 + Div. 2, Rated, Prizes!)"
Eclipsed1.1,1339,1431,92,2126,2039,"CodeTON Round 9 (Div. 1 + Div. 2, Rated, Prizes!)"
Mohammad_Hacker,1978,1907,-71,2126,2039,"CodeTON Round 9 (Div. 1 + Div. 2, Rated, Prizes!)"
am_aadvik,1489,1539,50,2129,2039,"CodeTON Round 9 (Div. 1 + Div. 2, Rated, Prizes!)"
sam_arvandi,1535,1574,39,2129,2039,"CodeTON Round 9 (Div. 1 + Div. 2, Rated, Prizes!)"
SeannH,1607,1627,20,2129,2039,"CodeTON Round 9 (Div. 1 + Div. 2, Rated, Prizes!)"
Christine-,1558,1590,32,2132,2039,"CodeTON Round 9 (Div. 1 + Div. 2, Rated, Prizes!)"
Mysterious_X,1374,1456,82,2133,2039,"CodeTON Round 9 (Div. 1 + Div. 2, Rated, Prizes!)"
lagrange_i_f,0,578,578,2133,2039,"CodeTON Round 9 (Div. 1 + Div. 2, Rated, Prizes!)"
IUA_Hasin,1253,1370,117,2133,2039,"CodeTON Round 9 (Div. 1 + Div. 2, Rated, Prizes!)"
hi_kito,1797,1770,-27,2136,2039,"CodeTON Round 9 (Div. 1 + Div. 2, Rated, Prizes!)"
Senku,1390,1467,77,2137,2039,"CodeTON Round 9 (Div. 1 + Div. 2, Rated, Prizes!)"
frostdemon,1768,1748,-20,2138,2039,"CodeTON Round 9 (Div. 1 + Div. 2, Rated, Prizes!)"
shrek2357,1590,1614,24,2139,2039,"CodeTON Round 9 (Div. 1 + Div. 2, Rated, Prizes!)"
softsndd,1418,1487,69,2140,2039,"CodeTON Round 9 (Div. 1 + Div. 2, Rated, Prizes!)"
huo_hua_ya,1635,1647,12,2141,2039,"CodeTON Round 9 (Div. 1 + Div. 2, Rated, Prizes!)"
lew2018,1507,1552,45,2142,2039,"CodeTON Round 9 (Div. 1 + Div. 2, Rated, Prizes!)"
Wizard-o__O-,1684,1684,0,2143,2039,"CodeTON Round 9 (Div. 1 + Div. 2, Rated, Prizes!)"
xianrui5891,1647,1656,9,2144,2039,"CodeTON Round 9 (Div. 1 + Div. 2, Rated, Prizes!)"
SadraMzf,1615,1632,17,2145,2039,"CodeTON Round 9 (Div. 1 + Div. 2, Rated, Prizes!)"
saba_goduadze,1610,1629,19,2146,2039,"CodeTON Round 9 (Div. 1 + Div. 2, Rated, Prizes!)"
Steven-_-AbuAlkhair,1392,1468,76,2147,2039,"CodeTON Round 9 (Div. 1 + Div. 2, Rated, Prizes!)"
Square_i,1455,1514,59,2147,2039,"CodeTON Round 9 (Div. 1 + Div. 2, Rated, Prizes!)"
Nader_Osama,1364,1448,84,2149,2039,"CodeTON Round 9 (Div. 1 + Div. 2, Rated, Prizes!)"
Youssef_H,1350,1438,88,2150,2039,"CodeTON Round 9 (Div. 1 + Div. 2, Rated, Prizes!)"
tosbryanorz,1760,1741,-19,2151,2039,"CodeTON Round 9 (Div. 1 + Div. 2, Rated, Prizes!)"
MvKaio,2187,2068,-119,2152,2039,"CodeTON Round 9 (Div. 1 + Div. 2, Rated, Prizes!)"
Knight_of_Nineteen,1564,1593,29,2153,2039,"CodeTON Round 9 (Div. 1 + Div. 2, Rated, Prizes!)"
Golda_Respy,1685,1683,-2,2154,2039,"CodeTON Round 9 (Div. 1 + Div. 2, Rated, Prizes!)"
Kyon,1537,1573,36,2154,2039,"CodeTON Round 9 (Div. 1 + Div. 2, Rated, Prizes!)"
zengziquan,1611,1628,17,2154,2039,"CodeTON Round 9 (Div. 1 + Div. 2, Rated, Prizes!)"
presindent,1460,1517,57,2154,2039,"CodeTON Round 9 (Div. 1 + Div. 2, Rated, Prizes!)"
TeletubiGaim33,1673,1674,1,2154,2039,"CodeTON Round 9 (Div. 1 + Div. 2, Rated, Prizes!)"
AhuraKz,1569,1597,28,2159,2039,"CodeTON Round 9 (Div. 1 + Div. 2, Rated, Prizes!)"
iond,1644,1652,8,2160,2039,"CodeTON Round 9 (Div. 1 + Div. 2, Rated, Prizes!)"
lil2sus,1621,1635,14,2161,2039,"CodeTON Round 9 (Div. 1 + Div. 2, Rated, Prizes!)"
1AK101,1617,1632,15,2161,2039,"CodeTON Round 9 (Div. 1 + Div. 2, Rated, Prizes!)"
007WSsr,1231,1352,121,2163,2039,"CodeTON Round 9 (Div. 1 + Div. 2, Rated, Prizes!)"
MikeMirzayan,2301,2159,-142,2163,2039,"CodeTON Round 9 (Div. 1 + Div. 2, Rated, Prizes!)"
WilliamFung,1471,1524,53,2165,2039,"CodeTON Round 9 (Div. 1 + Div. 2, Rated, Prizes!)"
halfyy,1499,1545,46,2166,2039,"CodeTON Round 9 (Div. 1 + Div. 2, Rated, Prizes!)"
loip,1298,1399,101,2167,2039,"CodeTON Round 9 (Div. 1 + Div. 2, Rated, Prizes!)"
isA_lst_time,1350,1436,86,2168,2039,"CodeTON Round 9 (Div. 1 + Div. 2, Rated, Prizes!)"
026-Aldiyar-A-27,1391,1466,75,2169,2039,"CodeTON Round 9 (Div. 1 + Div. 2, Rated, Prizes!)"
_sansan,1234,1354,120,2170,2039,"CodeTON Round 9 (Div. 1 + Div. 2, Rated, Prizes!)"
meimhx,1113,1272,159,2170,2039,"CodeTON Round 9 (Div. 1 + Div. 2, Rated, Prizes!)"
time_to_dual,1343,1431,88,2172,2039,"CodeTON Round 9 (Div. 1 + Div. 2, Rated, Prizes!)"
Andrew8128,1894,1841,-53,2172,2039,"CodeTON Round 9 (Div. 1 + Div. 2, Rated, Prizes!)"
samarthgattu,1685,1683,-2,2174,2039,"CodeTON Round 9 (Div. 1 + Div. 2, Rated, Prizes!)"
smooth_operator979,650,1032,382,2175,2039,"CodeTON Round 9 (Div. 1 + Div. 2, Rated, Prizes!)"
houpingze,1481,1531,50,2176,2039,"CodeTON Round 9 (Div. 1 + Div. 2, Rated, Prizes!)"
natsugiri,2618,2413,-205,2177,2039,"CodeTON Round 9 (Div. 1 + Div. 2, Rated, Prizes!)"
yashk6767,1670,1671,1,2178,2039,"CodeTON Round 9 (Div. 1 + Div. 2, Rated, Prizes!)"
ru0k,1789,1760,-29,2179,2039,"CodeTON Round 9 (Div. 1 + Div. 2, Rated, Prizes!)"
DissonantHarmony,1683,1681,-2,2180,2039,"CodeTON Round 9 (Div. 1 + Div. 2, Rated, Prizes!)"
eeeVeee,1272,1380,108,2180,2039,"CodeTON Round 9 (Div. 1 + Div. 2, Rated, Prizes!)"
Zarif_Mustafa,1617,1631,14,2182,2039,"CodeTON Round 9 (Div. 1 + Div. 2, Rated, Prizes!)"
eikooc,1900,1845,-55,2183,2039,"CodeTON Round 9 (Div. 1 + Div. 2, Rated, Prizes!)"
Cripole,1404,1511,107,2183,2039,"CodeTON Round 9 (Div. 1 + Div. 2, Rated, Prizes!)"
ThreeSun,1462,1517,55,2183,2039,"CodeTON Round 9 (Div. 1 + Div. 2, Rated, Prizes!)"
Louie64,667,1044,377,2183,2039,"CodeTON Round 9 (Div. 1 + Div. 2, Rated, Prizes!)"
Luvinz,1643,1650,7,2187,2039,"CodeTON Round 9 (Div. 1 + Div. 2, Rated, Prizes!)"
MVB,1630,1641,11,2188,2039,"CodeTON Round 9 (Div. 1 + Div. 2, Rated, Prizes!)"
Mosaab.,1490,1537,47,2188,2039,"CodeTON Round 9 (Div. 1 + Div. 2, Rated, Prizes!)"
dorjderem,1558,1587,29,2188,2039,"CodeTON Round 9 (Div. 1 + Div. 2, Rated, Prizes!)"
pianapolataa,1501,1545,44,2191,2039,"CodeTON Round 9 (Div. 1 + Div. 2, Rated, Prizes!)"
Mendeke,1446,1505,59,2192,2039,"CodeTON Round 9 (Div. 1 + Div. 2, Rated, Prizes!)"
tranlehieu,1661,1663,2,2193,2039,"CodeTON Round 9 (Div. 1 + Div. 2, Rated, Prizes!)"
Lehe,2084,1986,-98,2194,2039,"CodeTON Round 9 (Div. 1 + Div. 2, Rated, Prizes!)"
tempturing,1562,1590,28,2195,2039,"CodeTON Round 9 (Div. 1 + Div. 2, Rated, Prizes!)"
Inori,1755,1734,-21,2196,2039,"CodeTON Round 9 (Div. 1 + Div. 2, Rated, Prizes!)"
MarcoReusKross,1307,1404,97,2196,2039,"CodeTON Round 9 (Div. 1 + Div. 2, Rated, Prizes!)"
Nihan,1496,1541,45,2198,2039,"CodeTON Round 9 (Div. 1 + Div. 2, Rated, Prizes!)"
MaGnsi0,1806,1772,-34,2198,2039,"CodeTON Round 9 (Div. 1 + Div. 2, Rated, Prizes!)"
TOTERA,1627,1638,11,2200,2039,"CodeTON Round 9 (Div. 1 + Div. 2, Rated, Prizes!)"
gsteam,1555,1584,29,2200,2039,"CodeTON Round 9 (Div. 1 + Div. 2, Rated, Prizes!)"
jimmy_2021,1528,1564,36,2202,2039,"CodeTON Round 9 (Div. 1 + Div. 2, Rated, Prizes!)"
DarkSilver,1483,1531,48,2202,2039,"CodeTON Round 9 (Div. 1 + Div. 2, Rated, Prizes!)"
titanwizard,1530,1565,35,2204,2039,"CodeTON Round 9 (Div. 1 + Div. 2, Rated, Prizes!)"
themaver1cks,1521,1559,38,2204,2039,"CodeTON Round 9 (Div. 1 + Div. 2, Rated, Prizes!)"
Ankan17,1555,1584,29,2204,2039,"CodeTON Round 9 (Div. 1 + Div. 2, Rated, Prizes!)"
SSafarov,1797,1765,-32,2207,2039,"CodeTON Round 9 (Div. 1 + Div. 2, Rated, Prizes!)"
askr_58,2016,1932,-84,2208,2039,"CodeTON Round 9 (Div. 1 + Div. 2, Rated, Prizes!)"
DreamChaser,1516,1555,39,2208,2039,"CodeTON Round 9 (Div. 1 + Div. 2, Rated, Prizes!)"
weebyes,1313,1407,94,2210,2039,"CodeTON Round 9 (Div. 1 + Div. 2, Rated, Prizes!)"
cleanser,1720,1706,-14,2211,2039,"CodeTON Round 9 (Div. 1 + Div. 2, Rated, Prizes!)"
mightyrock,1383,1457,74,2211,2039,"CodeTON Round 9 (Div. 1 + Div. 2, Rated, Prizes!)"
jxjjjj,1677,1675,-2,2211,2039,"CodeTON Round 9 (Div. 1 + Div. 2, Rated, Prizes!)"
Hitham,1498,1541,43,2214,2039,"CodeTON Round 9 (Div. 1 + Div. 2, Rated, Prizes!)"
areke,1958,1887,-71,2215,2039,"CodeTON Round 9 (Div. 1 + Div. 2, Rated, Prizes!)"
mrandal,1867,1818,-49,2215,2039,"CodeTON Round 9 (Div. 1 + Div. 2, Rated, Prizes!)"
amzngNbdy24,1616,1628,12,2217,2039,"CodeTON Round 9 (Div. 1 + Div. 2, Rated, Prizes!)"
ParsaGabadi,1702,1693,-9,2217,2039,"CodeTON Round 9 (Div. 1 + Div. 2, Rated, Prizes!)"
LiuXing,1542,1573,31,2217,2039,"CodeTON Round 9 (Div. 1 + Div. 2, Rated, Prizes!)"
acacacacacac,1365,1444,79,2217,2039,"CodeTON Round 9 (Div. 1 + Div. 2, Rated, Prizes!)"
Mhmud_Sameh24,1567,1592,25,2221,2039,"CodeTON Round 9 (Div. 1 + Div. 2, Rated, Prizes!)"
adolphshi,1745,1725,-20,2222,2039,"CodeTON Round 9 (Div. 1 + Div. 2, Rated, Prizes!)"
SuvratZZZ,1432,1492,60,2222,2039,"CodeTON Round 9 (Div. 1 + Div. 2, Rated, Prizes!)"
justin_g_20,1706,1695,-11,2224,2039,"CodeTON Round 9 (Div. 1 + Div. 2, Rated, Prizes!)"
TheShahnawaz,1691,1684,-7,2225,2039,"CodeTON Round 9 (Div. 1 + Div. 2, Rated, Prizes!)"
Mr_Coder7,1502,1544,42,2226,2039,"CodeTON Round 9 (Div. 1 + Div. 2, Rated, Prizes!)"
deneribeiro10,1922,1859,-63,2226,2039,"CodeTON Round 9 (Div. 1 + Div. 2, Rated, Prizes!)"
Sondos,1511,1550,39,2228,2039,"CodeTON Round 9 (Div. 1 + Div. 2, Rated, Prizes!)"
Khaled_Al_Awad,1686,1680,-6,2229,2039,"CodeTON Round 9 (Div. 1 + Div. 2, Rated, Prizes!)"
MythBuster1,1381,1455,74,2229,2039,"CodeTON Round 9 (Div. 1 + Div. 2, Rated, Prizes!)"
nzo,1934,1868,-66,2231,2039,"CodeTON Round 9 (Div. 1 + Div. 2, Rated, Prizes!)"
l1NBRk,1550,1579,29,2232,2039,"CodeTON Round 9 (Div. 1 + Div. 2, Rated, Prizes!)"
jamil_safi,1512,1551,39,2233,2039,"CodeTON Round 9 (Div. 1 + Div. 2, Rated, Prizes!)"
2weeks,1386,1458,72,2234,2039,"CodeTON Round 9 (Div. 1 + Div. 2, Rated, Prizes!)"
zornlemma,594,987,393,2234,2039,"CodeTON Round 9 (Div. 1 + Div. 2, Rated, Prizes!)"
Derarinho,1534,1567,33,2234,2039,"CodeTON Round 9 (Div. 1 + Div. 2, Rated, Prizes!)"
mwilliam1234,1561,1587,26,2237,2039,"CodeTON Round 9 (Div. 1 + Div. 2, Rated, Prizes!)"
tfgs,1945,1876,-69,2238,2039,"CodeTON Round 9 (Div. 1 + Div. 2, Rated, Prizes!)"
hasnain_bashir_,1378,1452,74,2239,2039,"CodeTON Round 9 (Div. 1 + Div. 2, Rated, Prizes!)"
rayhaneh-einollahi,1750,1728,-22,2240,2039,"CodeTON Round 9 (Div. 1 + Div. 2, Rated, Prizes!)"
mhieu0601,1490,1534,44,2240,2039,"CodeTON Round 9 (Div. 1 + Div. 2, Rated, Prizes!)"
___Y___,1267,1440,173,2242,2039,"CodeTON Round 9 (Div. 1 + Div. 2, Rated, Prizes!)"
Soltane,1628,1636,8,2243,2039,"CodeTON Round 9 (Div. 1 + Div. 2, Rated, Prizes!)"
IceHydra,1515,1552,37,2243,2039,"CodeTON Round 9 (Div. 1 + Div. 2, Rated, Prizes!)"
ArcAkiZki,1558,1584,26,2245,2039,"CodeTON Round 9 (Div. 1 + Div. 2, Rated, Prizes!)"
SUST_Somonnoyok,1379,1512,133,2245,2039,"CodeTON Round 9 (Div. 1 + Div. 2, Rated, Prizes!)"
TomitaMatei,1757,1733,-24,2247,2039,"CodeTON Round 9 (Div. 1 + Div. 2, Rated, Prizes!)"
AboALjood_old_man,1746,1724,-22,2248,2039,"CodeTON Round 9 (Div. 1 + Div. 2, Rated, Prizes!)"
crispy-tofu,1823,1782,-41,2248,2039,"CodeTON Round 9 (Div. 1 + Div. 2, Rated, Prizes!)"
mihai.alpha,1287,1386,99,2248,2039,"CodeTON Round 9 (Div. 1 + Div. 2, Rated, Prizes!)"
Abdullah-Ishfaq,1746,1724,-22,2248,2039,"CodeTON Round 9 (Div. 1 + Div. 2, Rated, Prizes!)"
xinglili,1482,1527,45,2252,2039,"CodeTON Round 9 (Div. 1 + Div. 2, Rated, Prizes!)"
ParthN27,1419,1481,62,2253,2039,"CodeTON Round 9 (Div. 1 + Div. 2, Rated, Prizes!)"
fikys,1859,1809,-50,2253,2039,"CodeTON Round 9 (Div. 1 + Div. 2, Rated, Prizes!)"
XZRSEVEN,1903,1843,-60,2255,2039,"CodeTON Round 9 (Div. 1 + Div. 2, Rated, Prizes!)"
YangJackie,1875,1821,-54,2255,2039,"CodeTON Round 9 (Div. 1 + Div. 2, Rated, Prizes!)"
zc_gnah_oah,1290,1388,98,2257,2039,"CodeTON Round 9 (Div. 1 + Div. 2, Rated, Prizes!)"
ThandaPrani,1349,1430,81,2258,2039,"CodeTON Round 9 (Div. 1 + Div. 2, Rated, Prizes!)"
TrispdTit,1540,1570,30,2259,2039,"CodeTON Round 9 (Div. 1 + Div. 2, Rated, Prizes!)"
professorik,1439,1495,56,2260,2039,"CodeTON Round 9 (Div. 1 + Div. 2, Rated, Prizes!)"
kyoshiki_murasaki,1337,1421,84,2260,2039,"CodeTON Round 9 (Div. 1 + Div. 2, Rated, Prizes!)"
mrashid_5919,1471,1519,48,2262,2039,"CodeTON Round 9 (Div. 1 + Div. 2, Rated, Prizes!)"
mrpranay,1372,1446,74,2262,2039,"CodeTON Round 9 (Div. 1 + Div. 2, Rated, Prizes!)"
long_our_unity,860,1174,314,2264,2039,"CodeTON Round 9 (Div. 1 + Div. 2, Rated, Prizes!)"
akash1049,1311,1402,91,2264,2039,"CodeTON Round 9 (Div. 1 + Div. 2, Rated, Prizes!)"
The_M7nk_Arrived,1604,1616,12,2266,2039,"CodeTON Round 9 (Div. 1 + Div. 2, Rated, Prizes!)"
LastChancePBC,1701,1689,-12,2266,2039,"CodeTON Round 9 (Div. 1 + Div. 2, Rated, Prizes!)"
AK0001,1254,1362,108,2268,2039,"CodeTON Round 9 (Div. 1 + Div. 2, Rated, Prizes!)"
VICUNA326,1536,1566,30,2269,2039,"CodeTON Round 9 (Div. 1 + Div. 2, Rated, Prizes!)"
taraneh_fakooran,1431,1489,58,2269,2039,"CodeTON Round 9 (Div. 1 + Div. 2, Rated, Prizes!)"
shuniko,1611,1622,11,2271,2039,"CodeTON Round 9 (Div. 1 + Div. 2, Rated, Prizes!)"
Venom_30,1310,1401,91,2271,2039,"CodeTON Round 9 (Div. 1 + Div. 2, Rated, Prizes!)"
Call_of_Red,1350,1430,80,2273,2039,"CodeTON Round 9 (Div. 1 + Div. 2, Rated, Prizes!)"
callmeback0,518,929,411,2274,2039,"CodeTON Round 9 (Div. 1 + Div. 2, Rated, Prizes!)"
Toufik,1492,1533,41,2275,2039,"CodeTON Round 9 (Div. 1 + Div. 2, Rated, Prizes!)"
Jen94kA_isMy_WAIFU,1544,1572,28,2276,2039,"CodeTON Round 9 (Div. 1 + Div. 2, Rated, Prizes!)"
Dopaelite,1532,1562,30,2277,2039,"CodeTON Round 9 (Div. 1 + Div. 2, Rated, Prizes!)"
Krypton._.,1642,1644,2,2278,2039,"CodeTON Round 9 (Div. 1 + Div. 2, Rated, Prizes!)"
GongKai,1578,1596,18,2279,2039,"CodeTON Round 9 (Div. 1 + Div. 2, Rated, Prizes!)"
Alicemagic,1515,1550,35,2280,2039,"CodeTON Round 9 (Div. 1 + Div. 2, Rated, Prizes!)"
Daisuki.241_,1586,1603,17,2280,2039,"CodeTON Round 9 (Div. 1 + Div. 2, Rated, Prizes!)"
FZY0314,1729,1710,-19,2282,2039,"CodeTON Round 9 (Div. 1 + Div. 2, Rated, Prizes!)"
overnap,2157,2038,-119,2282,2039,"CodeTON Round 9 (Div. 1 + Div. 2, Rated, Prizes!)"
EyadBT,2167,2047,-120,2284,2039,"CodeTON Round 9 (Div. 1 + Div. 2, Rated, Prizes!)"
arman_ferdous,1988,1906,-82,2284,2039,"CodeTON Round 9 (Div. 1 + Div. 2, Rated, Prizes!)"
NJX4122,1440,1494,54,2286,2039,"CodeTON Round 9 (Div. 1 + Div. 2, Rated, Prizes!)"
orangesTO,1532,1562,30,2286,2039,"CodeTON Round 9 (Div. 1 + Div. 2, Rated, Prizes!)"
cuddle_disaster,1145,1286,141,2288,2039,"CodeTON Round 9 (Div. 1 + Div. 2, Rated, Prizes!)"
kukuforward,1481,1524,43,2289,2039,"CodeTON Round 9 (Div. 1 + Div. 2, Rated, Prizes!)"
DlekiYa,1621,1628,7,2290,2039,"CodeTON Round 9 (Div. 1 + Div. 2, Rated, Prizes!)"
Rafiullah,1638,1641,3,2290,2039,"CodeTON Round 9 (Div. 1 + Div. 2, Rated, Prizes!)"
bigo007,1702,1688,-14,2292,2039,"CodeTON Round 9 (Div. 1 + Div. 2, Rated, Prizes!)"
pr1yanshu,1311,1401,90,2292,2039,"CodeTON Round 9 (Div. 1 + Div. 2, Rated, Prizes!)"
KuroLeaf,1313,1402,89,2292,2039,"CodeTON Round 9 (Div. 1 + Div. 2, Rated, Prizes!)"
TSU-001,1703,1689,-14,2292,2039,"CodeTON Round 9 (Div. 1 + Div. 2, Rated, Prizes!)"
cheng-jian,1611,1621,10,2296,2039,"CodeTON Round 9 (Div. 1 + Div. 2, Rated, Prizes!)"
Waterbrain,917,1183,266,2296,2039,"CodeTON Round 9 (Div. 1 + Div. 2, Rated, Prizes!)"
fetetriste,1918,1852,-66,2298,2039,"CodeTON Round 9 (Div. 1 + Div. 2, Rated, Prizes!)"
BeDiThiCF,1613,1622,9,2299,2039,"CodeTON Round 9 (Div. 1 + Div. 2, Rated, Prizes!)"
beyondpluto,1826,1782,-44,2299,2039,"CodeTON Round 9 (Div. 1 + Div. 2, Rated, Prizes!)"
__fn__,1418,1478,60,2301,2039,"CodeTON Round 9 (Div. 1 + Div. 2, Rated, Prizes!)"
BK_sky,1396,1461,65,2301,2039,"CodeTON Round 9 (Div. 1 + Div. 2, Rated, Prizes!)"
Ernest0_0Abreu,1710,1695,-15,2303,2039,"CodeTON Round 9 (Div. 1 + Div. 2, Rated, Prizes!)"
bigmangohead,1509,1544,35,2303,2039,"CodeTON Round 9 (Div. 1 + Div. 2, Rated, Prizes!)"
JA_Tausif,1477,1521,44,2303,2039,"CodeTON Round 9 (Div. 1 + Div. 2, Rated, Prizes!)"
gouravts,1496,1535,39,2306,2039,"CodeTON Round 9 (Div. 1 + Div. 2, Rated, Prizes!)"
GegaDX,0,568,568,2306,2039,"CodeTON Round 9 (Div. 1 + Div. 2, Rated, Prizes!)"
harrypang,1532,1561,29,2308,2039,"CodeTON Round 9 (Div. 1 + Div. 2, Rated, Prizes!)"
taishogun,1585,1600,15,2309,2039,"CodeTON Round 9 (Div. 1 + Div. 2, Rated, Prizes!)"
benio.gawor,1405,1468,63,2309,2039,"CodeTON Round 9 (Div. 1 + Div. 2, Rated, Prizes!)"
cr0w,1580,1597,17,2311,2039,"CodeTON Round 9 (Div. 1 + Div. 2, Rated, Prizes!)"
tuananh238,1748,1722,-26,2311,2039,"CodeTON Round 9 (Div. 1 + Div. 2, Rated, Prizes!)"
Ar4d,1724,1704,-20,2311,2039,"CodeTON Round 9 (Div. 1 + Div. 2, Rated, Prizes!)"
GOURAB,1574,1592,18,2311,2039,"CodeTON Round 9 (Div. 1 + Div. 2, Rated, Prizes!)"
_s7,1663,1658,-5,2315,2039,"CodeTON Round 9 (Div. 1 + Div. 2, Rated, Prizes!)"
DucHieu1410,1475,1519,44,2315,2039,"CodeTON Round 9 (Div. 1 + Div. 2, Rated, Prizes!)"
-Rafid-,1668,1662,-6,2317,2039,"CodeTON Round 9 (Div. 1 + Div. 2, Rated, Prizes!)"
rmz,1463,1510,47,2317,2039,"CodeTON Round 9 (Div. 1 + Div. 2, Rated, Prizes!)"
wazz,1554,1577,23,2319,2039,"CodeTON Round 9 (Div. 1 + Div. 2, Rated, Prizes!)"
Younis_DY,1862,1809,-53,2319,2039,"CodeTON Round 9 (Div. 1 + Div. 2, Rated, Prizes!)"
Naseer,1307,1396,89,2321,2039,"CodeTON Round 9 (Div. 1 + Div. 2, Rated, Prizes!)"
DhruvAgarwal102004,1354,1430,76,2322,2039,"CodeTON Round 9 (Div. 1 + Div. 2, Rated, Prizes!)"
zhangwenle,1325,1409,84,2322,2039,"CodeTON Round 9 (Div. 1 + Div. 2, Rated, Prizes!)"
failure514,1275,1373,98,2324,2039,"CodeTON Round 9 (Div. 1 + Div. 2, Rated, Prizes!)"
Machang,1366,1439,73,2324,2039,"CodeTON Round 9 (Div. 1 + Div. 2, Rated, Prizes!)"
tartaglia_,1516,1548,32,2326,2039,"CodeTON Round 9 (Div. 1 + Div. 2, Rated, Prizes!)"
lrx____,1438,1551,113,2327,2039,"CodeTON Round 9 (Div. 1 + Div. 2, Rated, Prizes!)"
MohammadHijaz,1695,1681,-14,2327,2039,"CodeTON Round 9 (Div. 1 + Div. 2, Rated, Prizes!)"
MarcosHernanz,1562,1582,20,2329,2039,"CodeTON Round 9 (Div. 1 + Div. 2, Rated, Prizes!)"
Labib_tc,1351,1427,76,2329,2039,"CodeTON Round 9 (Div. 1 + Div. 2, Rated, Prizes!)"
ginger.swap02,1349,1426,77,2331,2039,"CodeTON Round 9 (Div. 1 + Div. 2, Rated, Prizes!)"
Saptak3315,1504,1539,35,2332,2039,"CodeTON Round 9 (Div. 1 + Div. 2, Rated, Prizes!)"
yhaooo,1645,1644,-1,2333,2039,"CodeTON Round 9 (Div. 1 + Div. 2, Rated, Prizes!)"
MINOO,1289,1383,94,2334,2039,"CodeTON Round 9 (Div. 1 + Div. 2, Rated, Prizes!)"
HomuraAkemi,2394,2226,-168,2335,2039,"CodeTON Round 9 (Div. 1 + Div. 2, Rated, Prizes!)"
Yuki_B,1722,1702,-20,2335,2039,"CodeTON Round 9 (Div. 1 + Div. 2, Rated, Prizes!)"
lambour,1442,1493,51,2335,2039,"CodeTON Round 9 (Div. 1 + Div. 2, Rated, Prizes!)"
scyyyyyyyyyy,1746,1720,-26,2338,2039,"CodeTON Round 9 (Div. 1 + Div. 2, Rated, Prizes!)"
yjf1225,2016,1925,-91,2338,2039,"CodeTON Round 9 (Div. 1 + Div. 2, Rated, Prizes!)"
kindmango,1886,1825,-61,2340,2039,"CodeTON Round 9 (Div. 1 + Div. 2, Rated, Prizes!)"
XIAOyang4,1618,1623,5,2340,2039,"CodeTON Round 9 (Div. 1 + Div. 2, Rated, Prizes!)"
SWWW77,1261,1431,170,2340,2039,"CodeTON Round 9 (Div. 1 + Div. 2, Rated, Prizes!)"
M-Sa3dy,1438,1490,52,2343,2039,"CodeTON Round 9 (Div. 1 + Div. 2, Rated, Prizes!)"
dmitryAdams,1659,1653,-6,2343,2039,"CodeTON Round 9 (Div. 1 + Div. 2, Rated, Prizes!)"
Animal,1471,1514,43,2345,2039,"CodeTON Round 9 (Div. 1 + Div. 2, Rated, Prizes!)"
khan_ali,1460,1505,45,2345,2039,"CodeTON Round 9 (Div. 1 + Div. 2, Rated, Prizes!)"
TNTboy,1359,1432,73,2345,2039,"CodeTON Round 9 (Div. 1 + Div. 2, Rated, Prizes!)"
hell_hacker,1583,1597,14,2348,2039,"CodeTON Round 9 (Div. 1 + Div. 2, Rated, Prizes!)"
namsee1,1763,1732,-31,2349,2039,"CodeTON Round 9 (Div. 1 + Div. 2, Rated, Prizes!)"
core,1895,1832,-63,2350,2039,"CodeTON Round 9 (Div. 1 + Div. 2, Rated, Prizes!)"
wyfjr233,1476,1517,41,2350,2039,"CodeTON Round 9 (Div. 1 + Div. 2, Rated, Prizes!)"
_YashG,1561,1580,19,2350,2039,"CodeTON Round 9 (Div. 1 + Div. 2, Rated, Prizes!)"
chengning,1209,1325,116,2353,2039,"CodeTON Round 9 (Div. 1 + Div. 2, Rated, Prizes!)"
Alear,1924,1853,-71,2353,2039,"CodeTON Round 9 (Div. 1 + Div. 2, Rated, Prizes!)"
Shivansh--,1208,1325,117,2355,2039,"CodeTON Round 9 (Div. 1 + Div. 2, Rated, Prizes!)"
I_love_DangThao,1505,1538,33,2355,2039,"CodeTON Round 9 (Div. 1 + Div. 2, Rated, Prizes!)"
Maks_Voiteh,1665,1657,-8,2357,2039,"CodeTON Round 9 (Div. 1 + Div. 2, Rated, Prizes!)"
arpmipg,1614,1619,5,2357,2039,"CodeTON Round 9 (Div. 1 + Div. 2, Rated, Prizes!)"
divyateja,1648,1644,-4,2359,2039,"CodeTON Round 9 (Div. 1 + Div. 2, Rated, Prizes!)"
MFahim_,1411,1469,58,2359,2039,"CodeTON Round 9 (Div. 1 + Div. 2, Rated, Prizes!)"
ishaanthenerd,1214,1328,114,2361,2039,"CodeTON Round 9 (Div. 1 + Div. 2, Rated, Prizes!)"
zzmxj,1339,1417,78,2361,2039,"CodeTON Round 9 (Div. 1 + Div. 2, Rated, Prizes!)"
stakudog,1567,1584,17,2363,2039,"CodeTON Round 9 (Div. 1 + Div. 2, Rated, Prizes!)"
shove_it,1291,1382,91,2364,2039,"CodeTON Round 9 (Div. 1 + Div. 2, Rated, Prizes!)"
patryk-g,898,1196,298,2365,2039,"CodeTON Round 9 (Div. 1 + Div. 2, Rated, Prizes!)"
Skyzhou,1380,1446,66,2366,2039,"CodeTON Round 9 (Div. 1 + Div. 2, Rated, Prizes!)"
KareemHesham_,1293,1384,91,2366,2039,"CodeTON Round 9 (Div. 1 + Div. 2, Rated, Prizes!)"
0x3ea,1679,1667,-12,2368,2039,"CodeTON Round 9 (Div. 1 + Div. 2, Rated, Prizes!)"
BehruzbekSuyunov,1564,1582,18,2368,2039,"CodeTON Round 9 (Div. 1 + Div. 2, Rated, Prizes!)"
A.M.S.0101,1156,1323,167,2370,2039,"CodeTON Round 9 (Div. 1 + Div. 2, Rated, Prizes!)"
newos20,1021,1253,232,2370,2039,"CodeTON Round 9 (Div. 1 + Div. 2, Rated, Prizes!)"
nlpoly,1571,1649,78,2372,2039,"CodeTON Round 9 (Div. 1 + Div. 2, Rated, Prizes!)"
ayma_NAY,1371,1439,68,2373,2039,"CodeTON Round 9 (Div. 1 + Div. 2, Rated, Prizes!)"
fedosbot123,1506,1575,69,2373,2039,"CodeTON Round 9 (Div. 1 + Div. 2, Rated, Prizes!)"
osydoong,1328,1408,80,2375,2039,"CodeTON Round 9 (Div. 1 + Div. 2, Rated, Prizes!)"
NoisyBooyyyy,1289,1380,91,2375,2039,"CodeTON Round 9 (Div. 1 + Div. 2, Rated, Prizes!)"
huanyizhiyuan,1626,1627,1,2375,2039,"CodeTON Round 9 (Div. 1 + Div. 2, Rated, Prizes!)"
Ali_Nasser,1293,1383,90,2378,2039,"CodeTON Round 9 (Div. 1 + Div. 2, Rated, Prizes!)"
fenglaosir,1567,1583,16,2378,2039,"CodeTON Round 9 (Div. 1 + Div. 2, Rated, Prizes!)"
sheeplucky,1140,1276,136,2380,2039,"CodeTON Round 9 (Div. 1 + Div. 2, Rated, Prizes!)"
szpu_ark,1162,1291,129,2380,2039,"CodeTON Round 9 (Div. 1 + Div. 2, Rated, Prizes!)"
KarimSalakhov,1534,1558,24,2382,2039,"CodeTON Round 9 (Div. 1 + Div. 2, Rated, Prizes!)"
Eason_OIer,1469,1510,41,2383,2039,"CodeTON Round 9 (Div. 1 + Div. 2, Rated, Prizes!)"
Shafin01,1263,1361,98,2384,2039,"CodeTON Round 9 (Div. 1 + Div. 2, Rated, Prizes!)"
aceC0der,1462,1505,43,2385,2039,"CodeTON Round 9 (Div. 1 + Div. 2, Rated, Prizes!)"
SlipM,1992,1904,-88,2386,2039,"CodeTON Round 9 (Div. 1 + Div. 2, Rated, Prizes!)"
0Arctic0,1418,1473,55,2386,2039,"CodeTON Round 9 (Div. 1 + Div. 2, Rated, Prizes!)"
PatoBot,1585,1596,11,2388,2039,"CodeTON Round 9 (Div. 1 + Div. 2, Rated, Prizes!)"
a_shishen,1451,1497,46,2389,2039,"CodeTON Round 9 (Div. 1 + Div. 2, Rated, Prizes!)"
thelonelyslay,1475,1514,39,2389,2039,"CodeTON Round 9 (Div. 1 + Div. 2, Rated, Prizes!)"
Ashra4f,1744,1716,-28,2391,2039,"CodeTON Round 9 (Div. 1 + Div. 2, Rated, Prizes!)"
pCandKa,1241,1345,104,2392,2039,"CodeTON Round 9 (Div. 1 + Div. 2, Rated, Prizes!)"
leodicaprio4791,1392,1454,62,2392,2039,"CodeTON Round 9 (Div. 1 + Div. 2, Rated, Prizes!)"
ALESTA,1658,1650,-8,2392,2039,"CodeTON Round 9 (Div. 1 + Div. 2, Rated, Prizes!)"
duttasagnik,1371,1438,67,2395,2039,"CodeTON Round 9 (Div. 1 + Div. 2, Rated, Prizes!)"
tanvir078,1276,1370,94,2396,2039,"CodeTON Round 9 (Div. 1 + Div. 2, Rated, Prizes!)"
Dilaylay,1488,1523,35,2397,2039,"CodeTON Round 9 (Div. 1 + Div. 2, Rated, Prizes!)"
Nguyenanhkhoa5106,1380,1480,100,2397,2039,"CodeTON Round 9 (Div. 1 + Div. 2, Rated, Prizes!)"
legendaryICE,1796,1754,-42,2397,2039,"CodeTON Round 9 (Div. 1 + Div. 2, Rated, Prizes!)"
sutekine,1403,1461,58,2397,2039,"CodeTON Round 9 (Div. 1 + Div. 2, Rated, Prizes!)"
tbcp,1344,1418,74,2401,2039,"CodeTON Round 9 (Div. 1 + Div. 2, Rated, Prizes!)"
Mahesh_4444,1336,1412,76,2402,2039,"CodeTON Round 9 (Div. 1 + Div. 2, Rated, Prizes!)"
Usef_Hussein,1299,1386,87,2403,2039,"CodeTON Round 9 (Div. 1 + Div. 2, Rated, Prizes!)"
CYFly,1404,1461,57,2404,2039,"CodeTON Round 9 (Div. 1 + Div. 2, Rated, Prizes!)"
Zoz,1366,1434,68,2404,2039,"CodeTON Round 9 (Div. 1 + Div. 2, Rated, Prizes!)"
saikrishna17394,1709,1688,-21,2406,2039,"CodeTON Round 9 (Div. 1 + Div. 2, Rated, Prizes!)"
lusunn111,1283,1374,91,2407,2039,"CodeTON Round 9 (Div. 1 + Div. 2, Rated, Prizes!)"
pranavb.02,1547,1566,19,2407,2039,"CodeTON Round 9 (Div. 1 + Div. 2, Rated, Prizes!)"
aisocpioneer424,1435,1484,49,2407,2039,"CodeTON Round 9 (Div. 1 + Div. 2, Rated, Prizes!)"
Hasan_av,1490,1524,34,2410,2039,"CodeTON Round 9 (Div. 1 + Div. 2, Rated, Prizes!)"
JhdFarrell,1694,1677,-17,2410,2039,"CodeTON Round 9 (Div. 1 + Div. 2, Rated, Prizes!)"
Lyamzin_alexandr,1780,1741,-39,2412,2039,"CodeTON Round 9 (Div. 1 + Div. 2, Rated, Prizes!)"
xvl,1104,1311,207,2413,2039,"CodeTON Round 9 (Div. 1 + Div. 2, Rated, Prizes!)"
sare,2258,2113,-145,2413,2039,"CodeTON Round 9 (Div. 1 + Div. 2, Rated, Prizes!)"
ArturPP,1311,1394,83,2413,2039,"CodeTON Round 9 (Div. 1 + Div. 2, Rated, Prizes!)"
akl9,691,1044,353,2413,2039,"CodeTON Round 9 (Div. 1 + Div. 2, Rated, Prizes!)"
Spaseeker,1980,1894,-86,2413,2039,"CodeTON Round 9 (Div. 1 + Div. 2, Rated, Prizes!)"
aslashkin2010,1595,1601,6,2418,2039,"CodeTON Round 9 (Div. 1 + Div. 2, Rated, Prizes!)"
mcuadros,1430,1480,50,2419,2039,"CodeTON Round 9 (Div. 1 + Div. 2, Rated, Prizes!)"
OCamlEnjoyer,1340,1414,74,2420,2039,"CodeTON Round 9 (Div. 1 + Div. 2, Rated, Prizes!)"
snowyalmond,1563,1578,15,2421,2039,"CodeTON Round 9 (Div. 1 + Div. 2, Rated, Prizes!)"
1M1Y,1459,1562,103,2421,2039,"CodeTON Round 9 (Div. 1 + Div. 2, Rated, Prizes!)"
wmrs,441,865,424,2423,2039,"CodeTON Round 9 (Div. 1 + Div. 2, Rated, Prizes!)"
BitCrafter,1543,1563,20,2424,2039,"CodeTON Round 9 (Div. 1 + Div. 2, Rated, Prizes!)"
ehsan_M,1541,1561,20,2425,2039,"CodeTON Round 9 (Div. 1 + Div. 2, Rated, Prizes!)"
paz15,1971,1886,-85,2425,2039,"CodeTON Round 9 (Div. 1 + Div. 2, Rated, Prizes!)"
GuWolf,1432,1481,49,2427,2039,"CodeTON Round 9 (Div. 1 + Div. 2, Rated, Prizes!)"
905200545887wsy,1072,1228,156,2428,2039,"CodeTON Round 9 (Div. 1 + Div. 2, Rated, Prizes!)"
ADAR2002,1628,1626,-2,2428,2039,"CodeTON Round 9 (Div. 1 + Div. 2, Rated, Prizes!)"
meipulu,1425,1536,111,2428,2039,"CodeTON Round 9 (Div. 1 + Div. 2, Rated, Prizes!)"
sashko123,2022,1925,-97,2431,2039,"CodeTON Round 9 (Div. 1 + Div. 2, Rated, Prizes!)"
marufhussain745,1273,1366,93,2431,2039,"CodeTON Round 9 (Div. 1 + Div. 2, Rated, Prizes!)"
pac-man,1465,1504,39,2433,2039,"CodeTON Round 9 (Div. 1 + Div. 2, Rated, Prizes!)"
minsi,1589,1596,7,2433,2039,"CodeTON Round 9 (Div. 1 + Div. 2, Rated, Prizes!)"
blueslime,1272,1365,93,2435,2039,"CodeTON Round 9 (Div. 1 + Div. 2, Rated, Prizes!)"
Kosya,1815,1767,-48,2435,2039,"CodeTON Round 9 (Div. 1 + Div. 2, Rated, Prizes!)"
Horrible120,1603,1607,4,2437,2039,"CodeTON Round 9 (Div. 1 + Div. 2, Rated, Prizes!)"
legend479,1480,1515,35,2437,2039,"CodeTON Round 9 (Div. 1 + Div. 2, Rated, Prizes!)"
cyccyc,1473,1510,37,2437,2039,"CodeTON Round 9 (Div. 1 + Div. 2, Rated, Prizes!)"
Omerd05,1686,1669,-17,2437,2039,"CodeTON Round 9 (Div. 1 + Div. 2, Rated, Prizes!)"
haozzZ,1995,1904,-91,2441,2039,"CodeTON Round 9 (Div. 1 + Div. 2, Rated, Prizes!)"
Behrad.,1691,1672,-19,2442,2039,"CodeTON Round 9 (Div. 1 + Div. 2, Rated, Prizes!)"
Knightshade,1707,1685,-22,2443,2039,"CodeTON Round 9 (Div. 1 + Div. 2, Rated, Prizes!)"
BaiLi_nya,1672,1658,-14,2443,2039,"CodeTON Round 9 (Div. 1 + Div. 2, Rated, Prizes!)"
ThisWasUnplanned,1882,1817,-65,2445,2039,"CodeTON Round 9 (Div. 1 + Div. 2, Rated, Prizes!)"
Om4rr,1594,1599,5,2446,2039,"CodeTON Round 9 (Div. 1 + Div. 2, Rated, Prizes!)"
ZcDawn,1469,1507,38,2446,2039,"CodeTON Round 9 (Div. 1 + Div. 2, Rated, Prizes!)"
TomerG,1213,1389,176,2446,2039,"CodeTON Round 9 (Div. 1 + Div. 2, Rated, Prizes!)"
_Equinox,1543,1561,18,2449,2039,"CodeTON Round 9 (Div. 1 + Div. 2, Rated, Prizes!)"
Daniel180610,1477,1512,35,2449,2039,"CodeTON Round 9 (Div. 1 + Div. 2, Rated, Prizes!)"
RookTakesc4,1339,1412,73,2451,2039,"CodeTON Round 9 (Div. 1 + Div. 2, Rated, Prizes!)"
jasontsai,1464,1503,39,2451,2039,"CodeTON Round 9 (Div. 1 + Div. 2, Rated, Prizes!)"
msiad,1680,1664,-16,2451,2039,"CodeTON Round 9 (Div. 1 + Div. 2, Rated, Prizes!)"
10kdogmore,0,561,561,2451,2039,"CodeTON Round 9 (Div. 1 + Div. 2, Rated, Prizes!)"
Anemone_,1981,1893,-88,2451,2039,"CodeTON Round 9 (Div. 1 + Div. 2, Rated, Prizes!)"
Alamin2000,1351,1420,69,2456,2039,"CodeTON Round 9 (Div. 1 + Div. 2, Rated, Prizes!)"
My_LastGoodbye,1465,1503,38,2457,2039,"CodeTON Round 9 (Div. 1 + Div. 2, Rated, Prizes!)"
kidus72,1550,1566,16,2457,2039,"CodeTON Round 9 (Div. 1 + Div. 2, Rated, Prizes!)"
M_Rana,1658,1647,-11,2459,2039,"CodeTON Round 9 (Div. 1 + Div. 2, Rated, Prizes!)"
rak1507,1363,1429,66,2460,2039,"CodeTON Round 9 (Div. 1 + Div. 2, Rated, Prizes!)"
Dif1rent,1457,1497,40,2461,2039,"CodeTON Round 9 (Div. 1 + Div. 2, Rated, Prizes!)"
Dedibeat,1868,1806,-62,2461,2039,"CodeTON Round 9 (Div. 1 + Div. 2, Rated, Prizes!)"
A.R.A,1425,1474,49,2463,2039,"CodeTON Round 9 (Div. 1 + Div. 2, Rated, Prizes!)"
amfolity,1582,1590,8,2463,2039,"CodeTON Round 9 (Div. 1 + Div. 2, Rated, Prizes!)"
OCIN10,1426,1474,48,2465,2039,"CodeTON Round 9 (Div. 1 + Div. 2, Rated, Prizes!)"
selenophile,1714,1689,-25,2466,2039,"CodeTON Round 9 (Div. 1 + Div. 2, Rated, Prizes!)"
Hushpuppy,1590,1595,5,2467,2039,"CodeTON Round 9 (Div. 1 + Div. 2, Rated, Prizes!)"
CraaazyShep,1706,1683,-23,2467,2039,"CodeTON Round 9 (Div. 1 + Div. 2, Rated, Prizes!)"
siyuan_giegie,1353,1481,128,2469,2039,"CodeTON Round 9 (Div. 1 + Div. 2, Rated, Prizes!)"
LonggVuz,1132,1328,196,2469,2039,"CodeTON Round 9 (Div. 1 + Div. 2, Rated, Prizes!)"
baniphar350,1221,1327,106,2471,2039,"CodeTON Round 9 (Div. 1 + Div. 2, Rated, Prizes!)"
Guanexxx,1505,1532,27,2472,2039,"CodeTON Round 9 (Div. 1 + Div. 2, Rated, Prizes!)"
SpeedSpeedSpeed7,1308,1389,81,2473,2039,"CodeTON Round 9 (Div. 1 + Div. 2, Rated, Prizes!)"
blablabla1803,1633,1627,-6,2474,2039,"CodeTON Round 9 (Div. 1 + Div. 2, Rated, Prizes!)"
iced_T,1361,1426,65,2475,2039,"CodeTON Round 9 (Div. 1 + Div. 2, Rated, Prizes!)"
Xiaozl,1273,1363,90,2476,2039,"CodeTON Round 9 (Div. 1 + Div. 2, Rated, Prizes!)"
dheecoder,1400,1454,54,2477,2039,"CodeTON Round 9 (Div. 1 + Div. 2, Rated, Prizes!)"
zhouyuxuan3501,1133,1329,196,2477,2039,"CodeTON Round 9 (Div. 1 + Div. 2, Rated, Prizes!)"
Enamul_Hasan85,1612,1611,-1,2479,2039,"CodeTON Round 9 (Div. 1 + Div. 2, Rated, Prizes!)"
wksp,1618,1616,-2,2479,2039,"CodeTON Round 9 (Div. 1 + Div. 2, Rated, Prizes!)"
GeometryFeng,1566,1577,11,2481,2039,"CodeTON Round 9 (Div. 1 + Div. 2, Rated, Prizes!)"
Lucifer_Young,1530,1550,20,2482,2039,"CodeTON Round 9 (Div. 1 + Div. 2, Rated, Prizes!)"
LuoxuanLove,1382,1441,59,2483,2039,"CodeTON Round 9 (Div. 1 + Div. 2, Rated, Prizes!)"
arwa_khattab,1320,1396,76,2483,2039,"CodeTON Round 9 (Div. 1 + Div. 2, Rated, Prizes!)"
Sveshnikov,1669,1654,-15,2483,2039,"CodeTON Round 9 (Div. 1 + Div. 2, Rated, Prizes!)"
yumingsk,1607,1607,0,2483,2039,"CodeTON Round 9 (Div. 1 + Div. 2, Rated, Prizes!)"
catluo,2003,1908,-95,2487,2039,"CodeTON Round 9 (Div. 1 + Div. 2, Rated, Prizes!)"
Qiu_Qiu,1643,1634,-9,2488,2039,"CodeTON Round 9 (Div. 1 + Div. 2, Rated, Prizes!)"
eulmelk,1625,1620,-5,2489,2039,"CodeTON Round 9 (Div. 1 + Div. 2, Rated, Prizes!)"
OIer_Cosmos,1705,1681,-24,2489,2039,"CodeTON Round 9 (Div. 1 + Div. 2, Rated, Prizes!)"
Hannna,1435,1479,44,2491,2039,"CodeTON Round 9 (Div. 1 + Div. 2, Rated, Prizes!)"
Retired_MeErOo,1500,1527,27,2492,2039,"CodeTON Round 9 (Div. 1 + Div. 2, Rated, Prizes!)"
bruhbrehbruh,1684,1665,-19,2493,2039,"CodeTON Round 9 (Div. 1 + Div. 2, Rated, Prizes!)"
re0hg,1519,1541,22,2494,2039,"CodeTON Round 9 (Div. 1 + Div. 2, Rated, Prizes!)"
Nelt,1851,1791,-60,2495,2039,"CodeTON Round 9 (Div. 1 + Div. 2, Rated, Prizes!)"
0And1Story,1664,1649,-15,2495,2039,"CodeTON Round 9 (Div. 1 + Div. 2, Rated, Prizes!)"
lnkkerst,1680,1662,-18,2497,2039,"CodeTON Round 9 (Div. 1 + Div. 2, Rated, Prizes!)"
caowenze2023,836,1143,307,2498,2039,"CodeTON Round 9 (Div. 1 + Div. 2, Rated, Prizes!)"
ChaomengOrion,1464,1500,36,2499,2039,"CodeTON Round 9 (Div. 1 + Div. 2, Rated, Prizes!)"
Maks_Simenkov,1684,1664,-20,2500,2039,"CodeTON Round 9 (Div. 1 + Div. 2, Rated, Prizes!)"
prashanth_32,1371,1432,61,2500,2039,"CodeTON Round 9 (Div. 1 + Div. 2, Rated, Prizes!)"
Alenochka,1546,1561,15,2500,2039,"CodeTON Round 9 (Div. 1 + Div. 2, Rated, Prizes!)"
Semyazi,1463,1500,37,2503,2039,"CodeTON Round 9 (Div. 1 + Div. 2, Rated, Prizes!)"
chhh31,1284,1369,85,2504,2039,"CodeTON Round 9 (Div. 1 + Div. 2, Rated, Prizes!)"
suffix_summ,1583,1588,5,2504,2039,"CodeTON Round 9 (Div. 1 + Div. 2, Rated, Prizes!)"
neil__,1347,1415,68,2506,2039,"CodeTON Round 9 (Div. 1 + Div. 2, Rated, Prizes!)"
vio_vv,973,1191,218,2507,2039,"CodeTON Round 9 (Div. 1 + Div. 2, Rated, Prizes!)"
AIpha_Q,1791,1744,-47,2507,2039,"CodeTON Round 9 (Div. 1 + Div. 2, Rated, Prizes!)"
Rapids,1557,1569,12,2507,2039,"CodeTON Round 9 (Div. 1 + Div. 2, Rated, Prizes!)"
magallan_forever,1331,1402,71,2510,2039,"CodeTON Round 9 (Div. 1 + Div. 2, Rated, Prizes!)"
prefix_sum,1697,1674,-23,2511,2039,"CodeTON Round 9 (Div. 1 + Div. 2, Rated, Prizes!)"
_Sayantan,1726,1695,-31,2511,2039,"CodeTON Round 9 (Div. 1 + Div. 2, Rated, Prizes!)"
DaoDaoYu,1433,1476,43,2513,2039,"CodeTON Round 9 (Div. 1 + Div. 2, Rated, Prizes!)"
Throckmorton,1685,1664,-21,2514,2039,"CodeTON Round 9 (Div. 1 + Div. 2, Rated, Prizes!)"
bnsczr,1523,1543,20,2514,2039,"CodeTON Round 9 (Div. 1 + Div. 2, Rated, Prizes!)"
Andrei.E,1860,1797,-63,2514,2039,"CodeTON Round 9 (Div. 1 + Div. 2, Rated, Prizes!)"
kibr,1639,1629,-10,2517,2039,"CodeTON Round 9 (Div. 1 + Div. 2, Rated, Prizes!)"
lnu20231497317,528,923,395,2517,2039,"CodeTON Round 9 (Div. 1 + Div. 2, Rated, Prizes!)"
trqrizu,1741,1706,-35,2519,2039,"CodeTON Round 9 (Div. 1 + Div. 2, Rated, Prizes!)"
ossau,1508,1532,24,2520,2039,"CodeTON Round 9 (Div. 1 + Div. 2, Rated, Prizes!)"
alternn,1693,1670,-23,2521,2039,"CodeTON Round 9 (Div. 1 + Div. 2, Rated, Prizes!)"
El7aref,1326,1398,72,2521,2039,"CodeTON Round 9 (Div. 1 + Div. 2, Rated, Prizes!)"
2013612,1839,1780,-59,2523,2039,"CodeTON Round 9 (Div. 1 + Div. 2, Rated, Prizes!)"
nskzaya,1264,1354,90,2524,2039,"CodeTON Round 9 (Div. 1 + Div. 2, Rated, Prizes!)"
cfissoez,981,1163,182,2524,2039,"CodeTON Round 9 (Div. 1 + Div. 2, Rated, Prizes!)"
iamaryankr,1656,1642,-14,2526,2039,"CodeTON Round 9 (Div. 1 + Div. 2, Rated, Prizes!)"
OHIN2005,1341,1409,68,2526,2039,"CodeTON Round 9 (Div. 1 + Div. 2, Rated, Prizes!)"
BlueCrowner,1610,1607,-3,2526,2039,"CodeTON Round 9 (Div. 1 + Div. 2, Rated, Prizes!)"
KushBansal,1610,1607,-3,2529,2039,"CodeTON Round 9 (Div. 1 + Div. 2, Rated, Prizes!)"
TRfirst,1097,1291,194,2530,2039,"CodeTON Round 9 (Div. 1 + Div. 2, Rated, Prizes!)"
Spasmodic_AP,1559,1569,10,2531,2039,"CodeTON Round 9 (Div. 1 + Div. 2, Rated, Prizes!)"
w114,1213,1318,105,2531,2039,"CodeTON Round 9 (Div. 1 + Div. 2, Rated, Prizes!)"
sadi_74,1968,1879,-89,2533,2039,"CodeTON Round 9 (Div. 1 + Div. 2, Rated, Prizes!)"
AG-88301,1420,1466,46,2534,2039,"CodeTON Round 9 (Div. 1 + Div. 2, Rated, Prizes!)"
se_tsu_na,882,1175,293,2534,2039,"CodeTON Round 9 (Div. 1 + Div. 2, Rated, Prizes!)"
Utsav_Mandal,1572,1578,6,2536,2039,"CodeTON Round 9 (Div. 1 + Div. 2, Rated, Prizes!)"
YoussefSobhy30,1479,1509,30,2537,2039,"CodeTON Round 9 (Div. 1 + Div. 2, Rated, Prizes!)"
romi_sahari,1424,1469,45,2538,2039,"CodeTON Round 9 (Div. 1 + Div. 2, Rated, Prizes!)"
chriswengqi,1721,1691,-30,2539,2039,"CodeTON Round 9 (Div. 1 + Div. 2, Rated, Prizes!)"
OgradL,1726,1694,-32,2539,2039,"CodeTON Round 9 (Div. 1 + Div. 2, Rated, Prizes!)"
Tanzim411,1531,1548,17,2541,2039,"CodeTON Round 9 (Div. 1 + Div. 2, Rated, Prizes!)"
ibrm,1994,1898,-96,2542,2039,"CodeTON Round 9 (Div. 1 + Div. 2, Rated, Prizes!)"
Wazzan,1165,1349,184,2543,2039,"CodeTON Round 9 (Div. 1 + Div. 2, Rated, Prizes!)"
tufcode18,1303,1440,137,2544,2039,"CodeTON Round 9 (Div. 1 + Div. 2, Rated, Prizes!)"
B0udy_,0,556,556,2544,2039,"CodeTON Round 9 (Div. 1 + Div. 2, Rated, Prizes!)"
deenium,1531,1547,16,2546,2039,"CodeTON Round 9 (Div. 1 + Div. 2, Rated, Prizes!)"
kuruluu,1816,1761,-55,2547,2039,"CodeTON Round 9 (Div. 1 + Div. 2, Rated, Prizes!)"
Escape,1486,1514,28,2547,2039,"CodeTON Round 9 (Div. 1 + Div. 2, Rated, Prizes!)"
Yamin_,1516,1536,20,2547,2039,"CodeTON Round 9 (Div. 1 + Div. 2, Rated, Prizes!)"
xxmb,1594,1594,0,2550,2039,"CodeTON Round 9 (Div. 1 + Div. 2, Rated, Prizes!)"
Surge568,1606,1603,-3,2551,2039,"CodeTON Round 9 (Div. 1 + Div. 2, Rated, Prizes!)"
cwal,1776,1732,-44,2551,2039,"CodeTON Round 9 (Div. 1 + Div. 2, Rated, Prizes!)"
DemberS06,1534,1549,15,2553,2039,"CodeTON Round 9 (Div. 1 + Div. 2, Rated, Prizes!)"
sergio_gzz,1416,1462,46,2554,2039,"CodeTON Round 9 (Div. 1 + Div. 2, Rated, Prizes!)"
Chandra___07,1382,1437,55,2555,2039,"CodeTON Round 9 (Div. 1 + Div. 2, Rated, Prizes!)"
_MANS0UR_,1253,1345,92,2555,2039,"CodeTON Round 9 (Div. 1 + Div. 2, Rated, Prizes!)"
olizarowskib,1689,1665,-24,2555,2039,"CodeTON Round 9 (Div. 1 + Div. 2, Rated, Prizes!)"
mystichronicle,421,843,422,2558,2039,"CodeTON Round 9 (Div. 1 + Div. 2, Rated, Prizes!)"
zheng00,1616,1610,-6,2559,2039,"CodeTON Round 9 (Div. 1 + Div. 2, Rated, Prizes!)"
xqqddqqc,2209,2067,-142,2560,2039,"CodeTON Round 9 (Div. 1 + Div. 2, Rated, Prizes!)"
bartilyska,1379,1435,56,2561,2039,"CodeTON Round 9 (Div. 1 + Div. 2, Rated, Prizes!)"
DivinePunishment,1804,1752,-52,2561,2039,"CodeTON Round 9 (Div. 1 + Div. 2, Rated, Prizes!)"
Maria_Sultana,1330,1399,69,2563,2039,"CodeTON Round 9 (Div. 1 + Div. 2, Rated, Prizes!)"
Nasif_44th,1627,1618,-9,2563,2039,"CodeTON Round 9 (Div. 1 + Div. 2, Rated, Prizes!)"
neatisaac,805,1117,312,2565,2039,"CodeTON Round 9 (Div. 1 + Div. 2, Rated, Prizes!)"
nightwing_808,1429,1471,42,2566,2039,"CodeTON Round 9 (Div. 1 + Div. 2, Rated, Prizes!)"
Alebn,1725,1692,-33,2567,2039,"CodeTON Round 9 (Div. 1 + Div. 2, Rated, Prizes!)"
Art10em,1360,1421,61,2568,2039,"CodeTON Round 9 (Div. 1 + Div. 2, Rated, Prizes!)"
stefiiiii,1400,1450,50,2569,2039,"CodeTON Round 9 (Div. 1 + Div. 2, Rated, Prizes!)"
dckjm6,0,555,555,2570,2039,"CodeTON Round 9 (Div. 1 + Div. 2, Rated, Prizes!)"
simultane,1510,1530,20,2571,2039,"CodeTON Round 9 (Div. 1 + Div. 2, Rated, Prizes!)"
ayushd2910,1421,1465,44,2571,2039,"CodeTON Round 9 (Div. 1 + Div. 2, Rated, Prizes!)"
DYYQAQ,1118,1304,186,2573,2039,"CodeTON Round 9 (Div. 1 + Div. 2, Rated, Prizes!)"
Georggg999,1910,1832,-78,2573,2039,"CodeTON Round 9 (Div. 1 + Div. 2, Rated, Prizes!)"
absolut3,1834,1774,-60,2573,2039,"CodeTON Round 9 (Div. 1 + Div. 2, Rated, Prizes!)"
4627488,1675,1654,-21,2576,2039,"CodeTON Round 9 (Div. 1 + Div. 2, Rated, Prizes!)"
OdtreePrincess,1905,1829,-76,2577,2039,"CodeTON Round 9 (Div. 1 + Div. 2, Rated, Prizes!)"
Aboalkasim,1460,1493,33,2578,2039,"CodeTON Round 9 (Div. 1 + Div. 2, Rated, Prizes!)"
ImSarthak,1699,1672,-27,2579,2039,"CodeTON Round 9 (Div. 1 + Div. 2, Rated, Prizes!)"
KichhuMichhu,1205,1310,105,2580,2039,"CodeTON Round 9 (Div. 1 + Div. 2, Rated, Prizes!)"
Mad_Nad,1738,1701,-37,2581,2039,"CodeTON Round 9 (Div. 1 + Div. 2, Rated, Prizes!)"
samyakjain677,1270,1355,85,2582,2039,"CodeTON Round 9 (Div. 1 + Div. 2, Rated, Prizes!)"
wang_shi,1612,1606,-6,2583,2039,"CodeTON Round 9 (Div. 1 + Div. 2, Rated, Prizes!)"
piaolianggg,1578,1580,2,2584,2039,"CodeTON Round 9 (Div. 1 + Div. 2, Rated, Prizes!)"
Dark_Lord_Binoy,1333,1400,67,2584,2039,"CodeTON Round 9 (Div. 1 + Div. 2, Rated, Prizes!)"
poi,1492,1516,24,2586,2039,"CodeTON Round 9 (Div. 1 + Div. 2, Rated, Prizes!)"
Komeijizen,1590,1590,0,2587,2039,"CodeTON Round 9 (Div. 1 + Div. 2, Rated, Prizes!)"
laspinko,1735,1699,-36,2588,2039,"CodeTON Round 9 (Div. 1 + Div. 2, Rated, Prizes!)"
ONISINO,1730,1695,-35,2589,2039,"CodeTON Round 9 (Div. 1 + Div. 2, Rated, Prizes!)"
CUST_GIAO_ZE,1614,1607,-7,2590,2039,"CodeTON Round 9 (Div. 1 + Div. 2, Rated, Prizes!)"
Kaltists,1358,1418,60,2591,2039,"CodeTON Round 9 (Div. 1 + Div. 2, Rated, Prizes!)"
risingStark,1296,1373,77,2592,2039,"CodeTON Round 9 (Div. 1 + Div. 2, Rated, Prizes!)"
Fuehrer7,1374,1429,55,2593,2039,"CodeTON Round 9 (Div. 1 + Div. 2, Rated, Prizes!)"
codeanand17,1474,1502,28,2594,2039,"CodeTON Round 9 (Div. 1 + Div. 2, Rated, Prizes!)"
iN_siDious,1613,1606,-7,2595,2039,"CodeTON Round 9 (Div. 1 + Div. 2, Rated, Prizes!)"
HALZOOM,1308,1382,74,2596,2039,"CodeTON Round 9 (Div. 1 + Div. 2, Rated, Prizes!)"
Floating_Duck,1870,1800,-70,2597,2039,"CodeTON Round 9 (Div. 1 + Div. 2, Rated, Prizes!)"
MahmoudBassem,1770,1724,-46,2597,2039,"CodeTON Round 9 (Div. 1 + Div. 2, Rated, Prizes!)"
Zzzzzzzzm,1308,1381,73,2597,2039,"CodeTON Round 9 (Div. 1 + Div. 2, Rated, Prizes!)"
mamarezatajik,1424,1466,42,2600,2039,"CodeTON Round 9 (Div. 1 + Div. 2, Rated, Prizes!)"
creat_son,1378,1432,54,2600,2039,"CodeTON Round 9 (Div. 1 + Div. 2, Rated, Prizes!)"
Alkaser_ID,1665,1645,-20,2602,2039,"CodeTON Round 9 (Div. 1 + Div. 2, Rated, Prizes!)"
ra1nyu,1526,1541,15,2602,2039,"CodeTON Round 9 (Div. 1 + Div. 2, Rated, Prizes!)"
SajidZakaria,1870,1800,-70,2602,2039,"CodeTON Round 9 (Div. 1 + Div. 2, Rated, Prizes!)"
NLHD_187,1481,1507,26,2605,2039,"CodeTON Round 9 (Div. 1 + Div. 2, Rated, Prizes!)"
flower1pj,499,897,398,2606,2039,"CodeTON Round 9 (Div. 1 + Div. 2, Rated, Prizes!)"
chandler1837,1784,1735,-49,2607,2039,"CodeTON Round 9 (Div. 1 + Div. 2, Rated, Prizes!)"
qi-wanfeng,1257,1345,88,2607,2039,"CodeTON Round 9 (Div. 1 + Div. 2, Rated, Prizes!)"
magagam,1598,1594,-4,2609,2039,"CodeTON Round 9 (Div. 1 + Div. 2, Rated, Prizes!)"
usstzzj,507,903,396,2610,2039,"CodeTON Round 9 (Div. 1 + Div. 2, Rated, Prizes!)"
pradeep,1673,1650,-23,2610,2039,"CodeTON Round 9 (Div. 1 + Div. 2, Rated, Prizes!)"
dreameater69,1422,1463,41,2612,2039,"CodeTON Round 9 (Div. 1 + Div. 2, Rated, Prizes!)"
minhaj03,1239,1332,93,2613,2039,"CodeTON Round 9 (Div. 1 + Div. 2, Rated, Prizes!)"
Arun_Chaudhary,1272,1355,83,2613,2039,"CodeTON Round 9 (Div. 1 + Div. 2, Rated, Prizes!)"
a527duonghn,649,1003,354,2615,2039,"CodeTON Round 9 (Div. 1 + Div. 2, Rated, Prizes!)"
_arrow_,1684,1658,-26,2615,2039,"CodeTON Round 9 (Div. 1 + Div. 2, Rated, Prizes!)"
yyqjwyy,1627,1615,-12,2617,2039,"CodeTON Round 9 (Div. 1 + Div. 2, Rated, Prizes!)"
Liushenwuzhu,1295,1407,112,2618,2039,"CodeTON Round 9 (Div. 1 + Div. 2, Rated, Prizes!)"
Emaa_,1236,1329,93,2619,2039,"CodeTON Round 9 (Div. 1 + Div. 2, Rated, Prizes!)"
CT111,1290,1367,77,2619,2039,"CodeTON Round 9 (Div. 1 + Div. 2, Rated, Prizes!)"
retard727,474,878,404,2619,2039,"CodeTON Round 9 (Div. 1 + Div. 2, Rated, Prizes!)"
ydc66,1412,1456,44,2622,2039,"CodeTON Round 9 (Div. 1 + Div. 2, Rated, Prizes!)"
coder_ravan,1282,1362,80,2623,2039,"CodeTON Round 9 (Div. 1 + Div. 2, Rated, Prizes!)"
kingAB,1356,1414,58,2624,2039,"CodeTON Round 9 (Div. 1 + Div. 2, Rated, Prizes!)"
ttluczek,1679,1655,-24,2625,2039,"CodeTON Round 9 (Div. 1 + Div. 2, Rated, Prizes!)"
SeaUrc,1723,1688,-35,2625,2039,"CodeTON Round 9 (Div. 1 + Div. 2, Rated, Prizes!)"
dsarules,1345,1406,61,2627,2039,"CodeTON Round 9 (Div. 1 + Div. 2, Rated, Prizes!)"
leafone,1013,1178,165,2627,2039,"CodeTON Round 9 (Div. 1 + Div. 2, Rated, Prizes!)"
lazymystic,1761,1716,-45,2629,2039,"CodeTON Round 9 (Div. 1 + Div. 2, Rated, Prizes!)"
Pika,480,882,402,2630,2039,"CodeTON Round 9 (Div. 1 + Div. 2, Rated, Prizes!)"
acoatoitgs,1755,1712,-43,2631,2039,"CodeTON Round 9 (Div. 1 + Div. 2, Rated, Prizes!)"
ZHM4284,1326,1393,67,2632,2039,"CodeTON Round 9 (Div. 1 + Div. 2, Rated, Prizes!)"
Jingulu,1695,1666,-29,2633,2039,"CodeTON Round 9 (Div. 1 + Div. 2, Rated, Prizes!)"
_rengoku_,1301,1434,133,2634,2039,"CodeTON Round 9 (Div. 1 + Div. 2, Rated, Prizes!)"
Shamzid,1296,1371,75,2635,2039,"CodeTON Round 9 (Div. 1 + Div. 2, Rated, Prizes!)"
mahdi.hasnat,2089,1968,-121,2636,2039,"CodeTON Round 9 (Div. 1 + Div. 2, Rated, Prizes!)"
Sinatbt,1349,1409,60,2637,2039,"CodeTON Round 9 (Div. 1 + Div. 2, Rated, Prizes!)"
Vincenzo26,1211,1311,100,2637,2039,"CodeTON Round 9 (Div. 1 + Div. 2, Rated, Prizes!)"
TiH,1428,1466,38,2639,2039,"CodeTON Round 9 (Div. 1 + Div. 2, Rated, Prizes!)"
AnkitSingh_,1496,1517,21,2640,2039,"CodeTON Round 9 (Div. 1 + Div. 2, Rated, Prizes!)"
Learner_Don007,1104,1237,133,2641,2039,"CodeTON Round 9 (Div. 1 + Div. 2, Rated, Prizes!)"
tyagivaibhav,1628,1615,-13,2641,2039,"CodeTON Round 9 (Div. 1 + Div. 2, Rated, Prizes!)"
nh_nayeem,1841,1776,-65,2643,2039,"CodeTON Round 9 (Div. 1 + Div. 2, Rated, Prizes!)"
Warinchai_s,1622,1611,-11,2643,2039,"CodeTON Round 9 (Div. 1 + Div. 2, Rated, Prizes!)"
SarthakCP21,1559,1563,4,2645,2039,"CodeTON Round 9 (Div. 1 + Div. 2, Rated, Prizes!)"
BobSmith,1788,1736,-52,2645,2039,"CodeTON Round 9 (Div. 1 + Div. 2, Rated, Prizes!)"
h.j.b.r.l,1393,1440,47,2647,2039,"CodeTON Round 9 (Div. 1 + Div. 2, Rated, Prizes!)"
LegendLooser,1344,1405,61,2648,2039,"CodeTON Round 9 (Div. 1 + Div. 2, Rated, Prizes!)"
l_yzzz,1415,1456,41,2649,2039,"CodeTON Round 9 (Div. 1 + Div. 2, Rated, Prizes!)"
DaniDiazTech,1617,1607,-10,2649,2039,"CodeTON Round 9 (Div. 1 + Div. 2, Rated, Prizes!)"
7cabbages,0,551,551,2651,2039,"CodeTON Round 9 (Div. 1 + Div. 2, Rated, Prizes!)"
slivolymp,1508,1525,17,2652,2039,"CodeTON Round 9 (Div. 1 + Div. 2, Rated, Prizes!)"
AlMuhitMuhtadi,1610,1601,-9,2653,2039,"CodeTON Round 9 (Div. 1 + Div. 2, Rated, Prizes!)"
AlexisMo27772,1483,1507,24,2654,2039,"CodeTON Round 9 (Div. 1 + Div. 2, Rated, Prizes!)"
Argooo,1418,1573,155,2654,2039,"CodeTON Round 9 (Div. 1 + Div. 2, Rated, Prizes!)"
Fahad_Shaon,0,551,551,2656,2039,"CodeTON Round 9 (Div. 1 + Div. 2, Rated, Prizes!)"
afjskdlfjafkj,1817,1757,-60,2656,2039,"CodeTON Round 9 (Div. 1 + Div. 2, Rated, Prizes!)"
RandomThread,1570,1571,1,2658,2039,"CodeTON Round 9 (Div. 1 + Div. 2, Rated, Prizes!)"
ebrambill,1420,1459,39,2658,2039,"CodeTON Round 9 (Div. 1 + Div. 2, Rated, Prizes!)"
PiscesDream,1756,1711,-45,2660,2039,"CodeTON Round 9 (Div. 1 + Div. 2, Rated, Prizes!)"
Jack_cjj,1083,1275,192,2661,2039,"CodeTON Round 9 (Div. 1 + Div. 2, Rated, Prizes!)"
ckk,1727,1689,-38,2662,2039,"CodeTON Round 9 (Div. 1 + Div. 2, Rated, Prizes!)"
Radman_,1766,1718,-48,2663,2039,"CodeTON Round 9 (Div. 1 + Div. 2, Rated, Prizes!)"
null_lambda,1726,1688,-38,2664,2039,"CodeTON Round 9 (Div. 1 + Div. 2, Rated, Prizes!)"
Amjad_Manafikhi,1384,1433,49,2664,2039,"CodeTON Round 9 (Div. 1 + Div. 2, Rated, Prizes!)"
cryingsomuch,866,1156,290,2666,2039,"CodeTON Round 9 (Div. 1 + Div. 2, Rated, Prizes!)"
theSkeleton,1661,1639,-22,2667,2039,"CodeTON Round 9 (Div. 1 + Div. 2, Rated, Prizes!)"
limage,1734,1694,-40,2668,2039,"CodeTON Round 9 (Div. 1 + Div. 2, Rated, Prizes!)"
yusuf12360,1762,1715,-47,2669,2039,"CodeTON Round 9 (Div. 1 + Div. 2, Rated, Prizes!)"
carotinoid,1573,1572,-1,2670,2039,"CodeTON Round 9 (Div. 1 + Div. 2, Rated, Prizes!)"
Morisz10,2239,2086,-153,2671,2039,"CodeTON Round 9 (Div. 1 + Div. 2, Rated, Prizes!)"
miya,1629,1614,-15,2672,2039,"CodeTON Round 9 (Div. 1 + Div. 2, Rated, Prizes!)"
MongyTrad,1728,1689,-39,2672,2039,"CodeTON Round 9 (Div. 1 + Div. 2, Rated, Prizes!)"
Kiffaz,1611,1600,-11,2674,2039,"CodeTON Round 9 (Div. 1 + Div. 2, Rated, Prizes!)"
xsjpx,1455,1485,30,2675,2039,"CodeTON Round 9 (Div. 1 + Div. 2, Rated, Prizes!)"
M0stafa,1472,1497,25,2676,2039,"CodeTON Round 9 (Div. 1 + Div. 2, Rated, Prizes!)"
kimbiladi,962,1226,264,2677,2039,"CodeTON Round 9 (Div. 1 + Div. 2, Rated, Prizes!)"
MarioNathan,1391,1437,46,2678,2039,"CodeTON Round 9 (Div. 1 + Div. 2, Rated, Prizes!)"
ttakk,1407,1449,42,2678,2039,"CodeTON Round 9 (Div. 1 + Div. 2, Rated, Prizes!)"
Jerrytqx,1178,1285,107,2680,2039,"CodeTON Round 9 (Div. 1 + Div. 2, Rated, Prizes!)"
oliver326,1917,1832,-85,2681,2039,"CodeTON Round 9 (Div. 1 + Div. 2, Rated, Prizes!)"
antabifadel,1613,1602,-11,2682,2039,"CodeTON Round 9 (Div. 1 + Div. 2, Rated, Prizes!)"
BiaxialRay_,1579,1576,-3,2683,2039,"CodeTON Round 9 (Div. 1 + Div. 2, Rated, Prizes!)"
Sabbir.Hasan,1552,1556,4,2683,2039,"CodeTON Round 9 (Div. 1 + Div. 2, Rated, Prizes!)"
soccho66,1651,1631,-20,2685,2039,"CodeTON Round 9 (Div. 1 + Div. 2, Rated, Prizes!)"
sergmel,1272,1351,79,2686,2039,"CodeTON Round 9 (Div. 1 + Div. 2, Rated, Prizes!)"
thelonesailor,1441,1474,33,2687,2039,"CodeTON Round 9 (Div. 1 + Div. 2, Rated, Prizes!)"
alibaba17,1253,1338,85,2687,2039,"CodeTON Round 9 (Div. 1 + Div. 2, Rated, Prizes!)"
pandaa73,1289,1363,74,2689,2039,"CodeTON Round 9 (Div. 1 + Div. 2, Rated, Prizes!)"
__AlephNuLL,1749,1705,-44,2690,2039,"CodeTON Round 9 (Div. 1 + Div. 2, Rated, Prizes!)"
Andriy57,994,1163,169,2690,2039,"CodeTON Round 9 (Div. 1 + Div. 2, Rated, Prizes!)"
PekiPecMaliZec,1613,1601,-12,2692,2039,"CodeTON Round 9 (Div. 1 + Div. 2, Rated, Prizes!)"
qwyz,1423,1460,37,2693,2039,"CodeTON Round 9 (Div. 1 + Div. 2, Rated, Prizes!)"
KaiserYang,1620,1606,-14,2694,2039,"CodeTON Round 9 (Div. 1 + Div. 2, Rated, Prizes!)"
Bardia_AB,1583,1579,-4,2695,2039,"CodeTON Round 9 (Div. 1 + Div. 2, Rated, Prizes!)"
mach102243,1414,1453,39,2696,2039,"CodeTON Round 9 (Div. 1 + Div. 2, Rated, Prizes!)"
xcdtlatin2,1430,1465,35,2697,2039,"CodeTON Round 9 (Div. 1 + Div. 2, Rated, Prizes!)"
robostac,2058,1941,-117,2698,2039,"CodeTON Round 9 (Div. 1 + Div. 2, Rated, Prizes!)"
_habi,1210,1307,97,2699,2039,"CodeTON Round 9 (Div. 1 + Div. 2, Rated, Prizes!)"
H030m0001,1650,1629,-21,2700,2039,"CodeTON Round 9 (Div. 1 + Div. 2, Rated, Prizes!)"
beny_kh,1421,1458,37,2701,2039,"CodeTON Round 9 (Div. 1 + Div. 2, Rated, Prizes!)"
jiuxiangqingfeng,1462,1488,26,2702,2039,"CodeTON Round 9 (Div. 1 + Div. 2, Rated, Prizes!)"
841310284,1155,1268,113,2703,2039,"CodeTON Round 9 (Div. 1 + Div. 2, Rated, Prizes!)"
Amia,1287,1361,74,2704,2039,"CodeTON Round 9 (Div. 1 + Div. 2, Rated, Prizes!)"
Abo_alzeek,1622,1607,-15,2705,2039,"CodeTON Round 9 (Div. 1 + Div. 2, Rated, Prizes!)"
bary,2123,1993,-130,2706,2039,"CodeTON Round 9 (Div. 1 + Div. 2, Rated, Prizes!)"
Mohammad.Nour,1518,1530,12,2707,2039,"CodeTON Round 9 (Div. 1 + Div. 2, Rated, Prizes!)"
Ang107,1528,1537,9,2707,2039,"CodeTON Round 9 (Div. 1 + Div. 2, Rated, Prizes!)"
byebye10000,1752,1706,-46,2709,2039,"CodeTON Round 9 (Div. 1 + Div. 2, Rated, Prizes!)"
JayTe,974,1201,227,2710,2039,"CodeTON Round 9 (Div. 1 + Div. 2, Rated, Prizes!)"
AlimkhanMeshok,1530,1538,8,2710,2039,"CodeTON Round 9 (Div. 1 + Div. 2, Rated, Prizes!)"
GDCass1ni,1185,1289,104,2712,2039,"CodeTON Round 9 (Div. 1 + Div. 2, Rated, Prizes!)"
Marko,1656,1633,-23,2713,2039,"CodeTON Round 9 (Div. 1 + Div. 2, Rated, Prizes!)"
amineriwa,1647,1627,-20,2713,2039,"CodeTON Round 9 (Div. 1 + Div. 2, Rated, Prizes!)"
MH_Parag,1547,1551,4,2715,2039,"CodeTON Round 9 (Div. 1 + Div. 2, Rated, Prizes!)"
Arsud,1589,1582,-7,2715,2039,"CodeTON Round 9 (Div. 1 + Div. 2, Rated, Prizes!)"
__Silverwolf,1644,1624,-20,2717,2039,"CodeTON Round 9 (Div. 1 + Div. 2, Rated, Prizes!)"
VPking,1137,1319,182,2718,2039,"CodeTON Round 9 (Div. 1 + Div. 2, Rated, Prizes!)"
DanWin,1636,1618,-18,2719,2039,"CodeTON Round 9 (Div. 1 + Div. 2, Rated, Prizes!)"
Empereur,1612,1599,-13,2720,2039,"CodeTON Round 9 (Div. 1 + Div. 2, Rated, Prizes!)"
ALL_TER,1372,1421,49,2721,2039,"CodeTON Round 9 (Div. 1 + Div. 2, Rated, Prizes!)"
AAAAAZBX,1713,1676,-37,2721,2039,"CodeTON Round 9 (Div. 1 + Div. 2, Rated, Prizes!)"
Gogolev,2077,1956,-121,2723,2039,"CodeTON Round 9 (Div. 1 + Div. 2, Rated, Prizes!)"
KurtSteinkraus,1384,1430,46,2724,2039,"CodeTON Round 9 (Div. 1 + Div. 2, Rated, Prizes!)"
HaiPham05_YeusCode,1353,1407,54,2725,2039,"CodeTON Round 9 (Div. 1 + Div. 2, Rated, Prizes!)"
EuclidChess,1649,1627,-22,2726,2039,"CodeTON Round 9 (Div. 1 + Div. 2, Rated, Prizes!)"
TNT_NHAT_VOI,1556,1557,1,2727,2039,"CodeTON Round 9 (Div. 1 + Div. 2, Rated, Prizes!)"
Throusea,1512,1524,12,2728,2039,"CodeTON Round 9 (Div. 1 + Div. 2, Rated, Prizes!)"
jokertao,1612,1599,-13,2728,2039,"CodeTON Round 9 (Div. 1 + Div. 2, Rated, Prizes!)"
anhvuleduc17,1906,1822,-84,2730,2039,"CodeTON Round 9 (Div. 1 + Div. 2, Rated, Prizes!)"
Duv,1907,1823,-84,2731,2039,"CodeTON Round 9 (Div. 1 + Div. 2, Rated, Prizes!)"
SidM007,1379,1426,47,2732,2039,"CodeTON Round 9 (Div. 1 + Div. 2, Rated, Prizes!)"
TAFH,1264,1343,79,2733,2039,"CodeTON Round 9 (Div. 1 + Div. 2, Rated, Prizes!)"
GullitMC8,1420,1531,111,2734,2039,"CodeTON Round 9 (Div. 1 + Div. 2, Rated, Prizes!)"
Ke_scholar,1526,1534,8,2735,2039,"CodeTON Round 9 (Div. 1 + Div. 2, Rated, Prizes!)"
iangz,1657,1633,-24,2736,2039,"CodeTON Round 9 (Div. 1 + Div. 2, Rated, Prizes!)"
line_is_circle,1288,1360,72,2736,2039,"CodeTON Round 9 (Div. 1 + Div. 2, Rated, Prizes!)"
quang.nh14,1547,1550,3,2738,2039,"CodeTON Round 9 (Div. 1 + Div. 2, Rated, Prizes!)"
Hasan0540,1964,1867,-97,2739,2039,"CodeTON Round 9 (Div. 1 + Div. 2, Rated, Prizes!)"
zheng_zijian,1503,1517,14,2740,2039,"CodeTON Round 9 (Div. 1 + Div. 2, Rated, Prizes!)"
michaleproff,1405,1445,40,2741,2039,"CodeTON Round 9 (Div. 1 + Div. 2, Rated, Prizes!)"
bramar2,1668,1641,-27,2742,2039,"CodeTON Round 9 (Div. 1 + Div. 2, Rated, Prizes!)"
BlackCat_,1455,1481,26,2742,2039,"CodeTON Round 9 (Div. 1 + Div. 2, Rated, Prizes!)"
dayuxiaoshui,1237,1323,86,2744,2039,"CodeTON Round 9 (Div. 1 + Div. 2, Rated, Prizes!)"
bad_imagination,1570,1567,-3,2745,2039,"CodeTON Round 9 (Div. 1 + Div. 2, Rated, Prizes!)"
jouii,1388,1432,44,2746,2039,"CodeTON Round 9 (Div. 1 + Div. 2, Rated, Prizes!)"
SpearheadK,1452,1479,27,2747,2039,"CodeTON Round 9 (Div. 1 + Div. 2, Rated, Prizes!)"
Almonther,1461,1485,24,2748,2039,"CodeTON Round 9 (Div. 1 + Div. 2, Rated, Prizes!)"
Sn0wPanther,1663,1637,-26,2749,2039,"CodeTON Round 9 (Div. 1 + Div. 2, Rated, Prizes!)"
bubbarob19,1703,1666,-37,2750,2039,"CodeTON Round 9 (Div. 1 + Div. 2, Rated, Prizes!)"
cwcr6315,1208,1338,130,2751,2039,"CodeTON Round 9 (Div. 1 + Div. 2, Rated, Prizes!)"
xyfern,1805,1744,-61,2752,2039,"CodeTON Round 9 (Div. 1 + Div. 2, Rated, Prizes!)"
bbc_ouo,1661,1635,-26,2753,2039,"CodeTON Round 9 (Div. 1 + Div. 2, Rated, Prizes!)"
QQjun999,1271,1383,112,2754,2039,"CodeTON Round 9 (Div. 1 + Div. 2, Rated, Prizes!)"
tkl2006,1395,1436,41,2755,2039,"CodeTON Round 9 (Div. 1 + Div. 2, Rated, Prizes!)"
kasanaruomoi,1640,1619,-21,2756,2039,"CodeTON Round 9 (Div. 1 + Div. 2, Rated, Prizes!)"
alg0maniac,1418,1453,35,2757,2039,"CodeTON Round 9 (Div. 1 + Div. 2, Rated, Prizes!)"
EzzEldeen_Ali,1614,1599,-15,2758,2039,"CodeTON Round 9 (Div. 1 + Div. 2, Rated, Prizes!)"
Disfyy,1282,1354,72,2759,2039,"CodeTON Round 9 (Div. 1 + Div. 2, Rated, Prizes!)"
ricardo-s,1503,1516,13,2760,2039,"CodeTON Round 9 (Div. 1 + Div. 2, Rated, Prizes!)"
asaltfish,1700,1664,-36,2761,2039,"CodeTON Round 9 (Div. 1 + Div. 2, Rated, Prizes!)"
obliviate_aaa,1462,1485,23,2762,2039,"CodeTON Round 9 (Div. 1 + Div. 2, Rated, Prizes!)"
lce4113,1488,1505,17,2763,2039,"CodeTON Round 9 (Div. 1 + Div. 2, Rated, Prizes!)"
Arkanefury,1572,1567,-5,2764,2039,"CodeTON Round 9 (Div. 1 + Div. 2, Rated, Prizes!)"
sourabh_27,1210,1303,93,2765,2039,"CodeTON Round 9 (Div. 1 + Div. 2, Rated, Prizes!)"
KM_Parvez,1674,1644,-30,2766,2039,"CodeTON Round 9 (Div. 1 + Div. 2, Rated, Prizes!)"
ccccc12,777,1026,249,2767,2039,"CodeTON Round 9 (Div. 1 + Div. 2, Rated, Prizes!)"
Wire_Fire,1434,1464,30,2768,2039,"CodeTON Round 9 (Div. 1 + Div. 2, Rated, Prizes!)"
GlenRios,1465,1488,23,2769,2039,"CodeTON Round 9 (Div. 1 + Div. 2, Rated, Prizes!)"
Peti4,1404,1442,38,2770,2039,"CodeTON Round 9 (Div. 1 + Div. 2, Rated, Prizes!)"
zzzth,884,1135,251,2771,2039,"CodeTON Round 9 (Div. 1 + Div. 2, Rated, Prizes!)"
HashimzadeRashid,926,1115,189,2772,2039,"CodeTON Round 9 (Div. 1 + Div. 2, Rated, Prizes!)"
Maite_Morales,1599,1587,-12,2773,2039,"CodeTON Round 9 (Div. 1 + Div. 2, Rated, Prizes!)"
Vallano,1412,1448,36,2774,2039,"CodeTON Round 9 (Div. 1 + Div. 2, Rated, Prizes!)"
MikuMiku5e5,0,545,545,2775,2039,"CodeTON Round 9 (Div. 1 + Div. 2, Rated, Prizes!)"
haveOlogntime,1415,1487,72,2776,2039,"CodeTON Round 9 (Div. 1 + Div. 2, Rated, Prizes!)"
YoHo,1793,1734,-59,2776,2039,"CodeTON Round 9 (Div. 1 + Div. 2, Rated, Prizes!)"
GUANRAI,1338,1394,56,2778,2039,"CodeTON Round 9 (Div. 1 + Div. 2, Rated, Prizes!)"
xorman,1293,1362,69,2779,2039,"CodeTON Round 9 (Div. 1 + Div. 2, Rated, Prizes!)"
Huntercam,1742,1695,-47,2780,2039,"CodeTON Round 9 (Div. 1 + Div. 2, Rated, Prizes!)"
AmartyaXphy,1462,1485,23,2781,2039,"CodeTON Round 9 (Div. 1 + Div. 2, Rated, Prizes!)"
DallashSmurf,1238,1322,84,2782,2039,"CodeTON Round 9 (Div. 1 + Div. 2, Rated, Prizes!)"
gyhwhitenight,1205,1298,93,2783,2039,"CodeTON Round 9 (Div. 1 + Div. 2, Rated, Prizes!)"
_Filya_,2011,1901,-110,2784,2039,"CodeTON Round 9 (Div. 1 + Div. 2, Rated, Prizes!)"
pera2008,2126,1992,-134,2785,2039,"CodeTON Round 9 (Div. 1 + Div. 2, Rated, Prizes!)"
Aidos6,956,1133,177,2785,2039,"CodeTON Round 9 (Div. 1 + Div. 2, Rated, Prizes!)"
tiom4eg,2119,1985,-134,2787,2039,"CodeTON Round 9 (Div. 1 + Div. 2, Rated, Prizes!)"
gdrw_long,1530,1535,5,2788,2039,"CodeTON Round 9 (Div. 1 + Div. 2, Rated, Prizes!)"
rhineofts,1772,1717,-55,2789,2039,"CodeTON Round 9 (Div. 1 + Div. 2, Rated, Prizes!)"
xiahou,1416,1450,34,2790,2039,"CodeTON Round 9 (Div. 1 + Div. 2, Rated, Prizes!)"
jastaway,1811,1747,-64,2791,2039,"CodeTON Round 9 (Div. 1 + Div. 2, Rated, Prizes!)"
Dogm_3,915,1186,271,2792,2039,"CodeTON Round 9 (Div. 1 + Div. 2, Rated, Prizes!)"
tickbird,1436,1465,29,2793,2039,"CodeTON Round 9 (Div. 1 + Div. 2, Rated, Prizes!)"
TahsinArafat,1943,1847,-96,2793,2039,"CodeTON Round 9 (Div. 1 + Div. 2, Rated, Prizes!)"
THE_THUNDERSTORM_BEGINS,1902,1816,-86,2795,2039,"CodeTON Round 9 (Div. 1 + Div. 2, Rated, Prizes!)"
OoishiKuraudo,1407,1444,37,2796,2039,"CodeTON Round 9 (Div. 1 + Div. 2, Rated, Prizes!)"
rlghirsrifhbp,1642,1619,-23,2797,2039,"CodeTON Round 9 (Div. 1 + Div. 2, Rated, Prizes!)"
katarina001,1678,1646,-32,2798,2039,"CodeTON Round 9 (Div. 1 + Div. 2, Rated, Prizes!)"
jackson.souza,2103,1973,-130,2799,2039,"CodeTON Round 9 (Div. 1 + Div. 2, Rated, Prizes!)"
rngmt,1817,1751,-66,2800,2039,"CodeTON Round 9 (Div. 1 + Div. 2, Rated, Prizes!)"
RE_Prince,1480,1497,17,2800,2039,"CodeTON Round 9 (Div. 1 + Div. 2, Rated, Prizes!)"
iLoveOru,1686,1652,-34,2802,2039,"CodeTON Round 9 (Div. 1 + Div. 2, Rated, Prizes!)"
Munkh-Orgil416,1734,1687,-47,2803,2039,"CodeTON Round 9 (Div. 1 + Div. 2, Rated, Prizes!)"
Omar_Hamdon,1397,1435,38,2804,2039,"CodeTON Round 9 (Div. 1 + Div. 2, Rated, Prizes!)"
ApuYe,1601,1587,-14,2804,2039,"CodeTON Round 9 (Div. 1 + Div. 2, Rated, Prizes!)"
Aarav_J,712,1038,326,2804,2039,"CodeTON Round 9 (Div. 1 + Div. 2, Rated, Prizes!)"
xiachi,1938,1844,-94,2804,2039,"CodeTON Round 9 (Div. 1 + Div. 2, Rated, Prizes!)"
Ranco,1317,1377,60,2808,2039,"CodeTON Round 9 (Div. 1 + Div. 2, Rated, Prizes!)"
Panyang,1753,1702,-51,2808,2039,"CodeTON Round 9 (Div. 1 + Div. 2, Rated, Prizes!)"
Salah7_a,1419,1451,32,2810,2039,"CodeTON Round 9 (Div. 1 + Div. 2, Rated, Prizes!)"
riogor,1500,1511,11,2811,2039,"CodeTON Round 9 (Div. 1 + Div. 2, Rated, Prizes!)"
Kevinyang_fan,1422,1515,93,2812,2039,"CodeTON Round 9 (Div. 1 + Div. 2, Rated, Prizes!)"
Vsevolod_progr,1657,1629,-28,2813,2039,"CodeTON Round 9 (Div. 1 + Div. 2, Rated, Prizes!)"
Tobzhan,1425,1456,31,2814,2039,"CodeTON Round 9 (Div. 1 + Div. 2, Rated, Prizes!)"
SorryRejudger,1650,1623,-27,2815,2039,"CodeTON Round 9 (Div. 1 + Div. 2, Rated, Prizes!)"
-DN,2124,1989,-135,2815,2039,"CodeTON Round 9 (Div. 1 + Div. 2, Rated, Prizes!)"
BeanBurrito,1531,1534,3,2817,2039,"CodeTON Round 9 (Div. 1 + Div. 2, Rated, Prizes!)"
MarioYC,1981,1876,-105,2817,2039,"CodeTON Round 9 (Div. 1 + Div. 2, Rated, Prizes!)"
codevode,511,895,384,2817,2039,"CodeTON Round 9 (Div. 1 + Div. 2, Rated, Prizes!)"
ImNotOleg,0,543,543,2817,2039,"CodeTON Round 9 (Div. 1 + Div. 2, Rated, Prizes!)"
_stOrz_,1315,1447,132,2821,2039,"CodeTON Round 9 (Div. 1 + Div. 2, Rated, Prizes!)"
jeal0uspengu1n,1613,1596,-17,2821,2039,"CodeTON Round 9 (Div. 1 + Div. 2, Rated, Prizes!)"
__BaD_mAn__,2045,1926,-119,2821,2039,"CodeTON Round 9 (Div. 1 + Div. 2, Rated, Prizes!)"
_0Istahak,1621,1602,-19,2824,2039,"CodeTON Round 9 (Div. 1 + Div. 2, Rated, Prizes!)"
halqifibrax,1633,1611,-22,2824,2039,"CodeTON Round 9 (Div. 1 + Div. 2, Rated, Prizes!)"
AllH5,349,777,428,2826,2039,"CodeTON Round 9 (Div. 1 + Div. 2, Rated, Prizes!)"
Crbubble,1805,1741,-64,2826,2039,"CodeTON Round 9 (Div. 1 + Div. 2, Rated, Prizes!)"
bkdn24.kimchi,1520,1525,5,2826,2039,"CodeTON Round 9 (Div. 1 + Div. 2, Rated, Prizes!)"
Citypop,1638,1614,-24,2829,2039,"CodeTON Round 9 (Div. 1 + Div. 2, Rated, Prizes!)"
theGitNoob,1506,1515,9,2830,2039,"CodeTON Round 9 (Div. 1 + Div. 2, Rated, Prizes!)"
3bkarm,1533,1535,2,2831,2039,"CodeTON Round 9 (Div. 1 + Div. 2, Rated, Prizes!)"
marianoferesin,1857,1780,-77,2831,2039,"CodeTON Round 9 (Div. 1 + Div. 2, Rated, Prizes!)"
WINGU,1654,1626,-28,2831,2039,"CodeTON Round 9 (Div. 1 + Div. 2, Rated, Prizes!)"
Akai47,1185,1282,97,2834,2039,"CodeTON Round 9 (Div. 1 + Div. 2, Rated, Prizes!)"
Rifat4242,1624,1604,-20,2834,2039,"CodeTON Round 9 (Div. 1 + Div. 2, Rated, Prizes!)"
i_want_to_sleep,1525,1529,4,2834,2039,"CodeTON Round 9 (Div. 1 + Div. 2, Rated, Prizes!)"
_O_v_O_,1352,1401,49,2837,2039,"CodeTON Round 9 (Div. 1 + Div. 2, Rated, Prizes!)"
Jeleyka,1806,1741,-65,2838,2039,"CodeTON Round 9 (Div. 1 + Div. 2, Rated, Prizes!)"
YudoTLE,1652,1624,-28,2839,2039,"CodeTON Round 9 (Div. 1 + Div. 2, Rated, Prizes!)"
CatnipIsAddictive,1792,1730,-62,2839,2039,"CodeTON Round 9 (Div. 1 + Div. 2, Rated, Prizes!)"
jmyszka,2198,2046,-152,2839,2039,"CodeTON Round 9 (Div. 1 + Div. 2, Rated, Prizes!)"
liang0504,1709,1667,-42,2842,2039,"CodeTON Round 9 (Div. 1 + Div. 2, Rated, Prizes!)"
Hellia,1601,1586,-15,2842,2039,"CodeTON Round 9 (Div. 1 + Div. 2, Rated, Prizes!)"
newbie234,1185,1349,164,2842,2039,"CodeTON Round 9 (Div. 1 + Div. 2, Rated, Prizes!)"
MaherSefo,1978,1873,-105,2845,2039,"CodeTON Round 9 (Div. 1 + Div. 2, Rated, Prizes!)"
CaiXY06,1735,1687,-48,2846,2039,"CodeTON Round 9 (Div. 1 + Div. 2, Rated, Prizes!)"
svntn.4vr,1634,1610,-24,2847,2039,"CodeTON Round 9 (Div. 1 + Div. 2, Rated, Prizes!)"
CarroT1212,1728,1681,-47,2847,2039,"CodeTON Round 9 (Div. 1 + Div. 2, Rated, Prizes!)"
ishrak26,1706,1664,-42,2849,2039,"CodeTON Round 9 (Div. 1 + Div. 2, Rated, Prizes!)"
chaosEye,1494,1505,11,2849,2039,"CodeTON Round 9 (Div. 1 + Div. 2, Rated, Prizes!)"
PavanNaidu,1170,1327,157,2851,2039,"CodeTON Round 9 (Div. 1 + Div. 2, Rated, Prizes!)"
FredericM,1397,1433,36,2851,2039,"CodeTON Round 9 (Div. 1 + Div. 2, Rated, Prizes!)"
zhy968516,1571,1562,-9,2851,2039,"CodeTON Round 9 (Div. 1 + Div. 2, Rated, Prizes!)"
Prumize,1655,1625,-30,2851,2039,"CodeTON Round 9 (Div. 1 + Div. 2, Rated, Prizes!)"
Yooussef,1444,1468,24,2851,2039,"CodeTON Round 9 (Div. 1 + Div. 2, Rated, Prizes!)"
suprend,1960,1858,-102,2856,2039,"CodeTON Round 9 (Div. 1 + Div. 2, Rated, Prizes!)"
alexdragon7553,1660,1629,-31,2856,2039,"CodeTON Round 9 (Div. 1 + Div. 2, Rated, Prizes!)"
t0rto1se,2132,1993,-139,2858,2039,"CodeTON Round 9 (Div. 1 + Div. 2, Rated, Prizes!)"
enwask,1591,1577,-14,2858,2039,"CodeTON Round 9 (Div. 1 + Div. 2, Rated, Prizes!)"
amit_bishnoi29,1570,1561,-9,2860,2039,"CodeTON Round 9 (Div. 1 + Div. 2, Rated, Prizes!)"
rockoff,1657,1627,-30,2861,2039,"CodeTON Round 9 (Div. 1 + Div. 2, Rated, Prizes!)"
-121,0,541,541,2861,2039,"CodeTON Round 9 (Div. 1 + Div. 2, Rated, Prizes!)"
wlh__1,1590,1576,-14,2861,2039,"CodeTON Round 9 (Div. 1 + Div. 2, Rated, Prizes!)"
wx03,1655,1625,-30,2864,2039,"CodeTON Round 9 (Div. 1 + Div. 2, Rated, Prizes!)"
apocy,0,541,541,2864,2039,"CodeTON Round 9 (Div. 1 + Div. 2, Rated, Prizes!)"
Ahnaf.Shahriar.Asif,1511,1517,6,2864,2039,"CodeTON Round 9 (Div. 1 + Div. 2, Rated, Prizes!)"
beZERO,1568,1559,-9,2867,2039,"CodeTON Round 9 (Div. 1 + Div. 2, Rated, Prizes!)"
iordache_,1665,1632,-33,2868,2039,"CodeTON Round 9 (Div. 1 + Div. 2, Rated, Prizes!)"
Abdullah500,1805,1739,-66,2869,2039,"CodeTON Round 9 (Div. 1 + Div. 2, Rated, Prizes!)"
Nestik,1488,1500,12,2869,2039,"CodeTON Round 9 (Div. 1 + Div. 2, Rated, Prizes!)"
karimov,1445,1467,22,2871,2039,"CodeTON Round 9 (Div. 1 + Div. 2, Rated, Prizes!)"
maximrufed,2245,2083,-162,2872,2039,"CodeTON Round 9 (Div. 1 + Div. 2, Rated, Prizes!)"
biniyamnegasa,1330,1383,53,2872,2039,"CodeTON Round 9 (Div. 1 + Div. 2, Rated, Prizes!)"
ASPDK,1354,1400,46,2872,2039,"CodeTON Round 9 (Div. 1 + Div. 2, Rated, Prizes!)"
vIkt0r0Ro,1488,1499,11,2875,2039,"CodeTON Round 9 (Div. 1 + Div. 2, Rated, Prizes!)"
StOlEn_KiNg,1447,1469,22,2875,2039,"CodeTON Round 9 (Div. 1 + Div. 2, Rated, Prizes!)"
TravisBickle,1419,1449,30,2877,2039,"CodeTON Round 9 (Div. 1 + Div. 2, Rated, Prizes!)"
PJ_HP_F,1690,1651,-39,2878,2039,"CodeTON Round 9 (Div. 1 + Div. 2, Rated, Prizes!)"
Arthur,2107,1973,-134,2878,2039,"CodeTON Round 9 (Div. 1 + Div. 2, Rated, Prizes!)"
rahul19191,1499,1507,8,2878,2039,"CodeTON Round 9 (Div. 1 + Div. 2, Rated, Prizes!)"
nb29122005,1715,1670,-45,2881,2039,"CodeTON Round 9 (Div. 1 + Div. 2, Rated, Prizes!)"
yogzinhoo,2263,2098,-165,2881,2039,"CodeTON Round 9 (Div. 1 + Div. 2, Rated, Prizes!)"
HOT_CODE,539,912,373,2883,2039,"CodeTON Round 9 (Div. 1 + Div. 2, Rated, Prizes!)"
Mixnight,1602,1584,-18,2884,2039,"CodeTON Round 9 (Div. 1 + Div. 2, Rated, Prizes!)"
kathal404,1544,1541,-3,2884,2039,"CodeTON Round 9 (Div. 1 + Div. 2, Rated, Prizes!)"
leessjn,1666,1633,-33,2884,2039,"CodeTON Round 9 (Div. 1 + Div. 2, Rated, Prizes!)"
El7abal,1145,1252,107,2884,2039,"CodeTON Round 9 (Div. 1 + Div. 2, Rated, Prizes!)"
Iamn1gga,1086,1212,126,2888,2039,"CodeTON Round 9 (Div. 1 + Div. 2, Rated, Prizes!)"
alpha_6124,1602,1585,-17,2888,2039,"CodeTON Round 9 (Div. 1 + Div. 2, Rated, Prizes!)"
-proof-by-ac-,1689,1650,-39,2888,2039,"CodeTON Round 9 (Div. 1 + Div. 2, Rated, Prizes!)"
wjli,2105,1970,-135,2888,2039,"CodeTON Round 9 (Div. 1 + Div. 2, Rated, Prizes!)"
sdyakonov,2158,2013,-145,2892,2039,"CodeTON Round 9 (Div. 1 + Div. 2, Rated, Prizes!)"
Bolaloon,1749,1695,-54,2892,2039,"CodeTON Round 9 (Div. 1 + Div. 2, Rated, Prizes!)"
TD0210,1419,1447,28,2892,2039,"CodeTON Round 9 (Div. 1 + Div. 2, Rated, Prizes!)"
raidencode,1422,1450,28,2892,2039,"CodeTON Round 9 (Div. 1 + Div. 2, Rated, Prizes!)"
Amadeus__,1451,1471,20,2892,2039,"CodeTON Round 9 (Div. 1 + Div. 2, Rated, Prizes!)"
yuzhongrun,1572,1561,-11,2897,2039,"CodeTON Round 9 (Div. 1 + Div. 2, Rated, Prizes!)"
conan45,1418,1446,28,2897,2039,"CodeTON Round 9 (Div. 1 + Div. 2, Rated, Prizes!)"
Min_27,1573,1562,-11,2897,2039,"CodeTON Round 9 (Div. 1 + Div. 2, Rated, Prizes!)"
apt_dpd,1630,1605,-25,2900,2039,"CodeTON Round 9 (Div. 1 + Div. 2, Rated, Prizes!)"
TroySer,1293,1355,62,2900,2039,"CodeTON Round 9 (Div. 1 + Div. 2, Rated, Prizes!)"
naitikjain,1288,1352,64,2900,2039,"CodeTON Round 9 (Div. 1 + Div. 2, Rated, Prizes!)"
Richard-Dyinman,1573,1561,-12,2900,2039,"CodeTON Round 9 (Div. 1 + Div. 2, Rated, Prizes!)"
w1ss,1439,1462,23,2904,2039,"CodeTON Round 9 (Div. 1 + Div. 2, Rated, Prizes!)"
SmPkh,1434,1458,24,2904,2039,"CodeTON Round 9 (Div. 1 + Div. 2, Rated, Prizes!)"
lap_fhyu,1679,1642,-37,2906,2039,"CodeTON Round 9 (Div. 1 + Div. 2, Rated, Prizes!)"
ngocson295,1442,1464,22,2906,2039,"CodeTON Round 9 (Div. 1 + Div. 2, Rated, Prizes!)"
stunnerhash,1430,1455,25,2908,2039,"CodeTON Round 9 (Div. 1 + Div. 2, Rated, Prizes!)"
umikaze1210,1686,1646,-40,2908,2039,"CodeTON Round 9 (Div. 1 + Div. 2, Rated, Prizes!)"
tiojuan,1942,1842,-100,2908,2039,"CodeTON Round 9 (Div. 1 + Div. 2, Rated, Prizes!)"
nosaboy,1607,1587,-20,2911,2039,"CodeTON Round 9 (Div. 1 + Div. 2, Rated, Prizes!)"
Tikursew,1725,1676,-49,2911,2039,"CodeTON Round 9 (Div. 1 + Div. 2, Rated, Prizes!)"
ji2duan,1648,1618,-30,2911,2039,"CodeTON Round 9 (Div. 1 + Div. 2, Rated, Prizes!)"
Alom_Shanto,1744,1690,-54,2914,2039,"CodeTON Round 9 (Div. 1 + Div. 2, Rated, Prizes!)"
khaini3c,1567,1556,-11,2914,2039,"CodeTON Round 9 (Div. 1 + Div. 2, Rated, Prizes!)"
yukihasui439,2133,1991,-142,2914,2039,"CodeTON Round 9 (Div. 1 + Div. 2, Rated, Prizes!)"
kartik__sethi,1652,1620,-32,2917,2039,"CodeTON Round 9 (Div. 1 + Div. 2, Rated, Prizes!)"
mrkanty,1629,1603,-26,2918,2039,"CodeTON Round 9 (Div. 1 + Div. 2, Rated, Prizes!)"
kcaisicas,356,778,422,2918,2039,"CodeTON Round 9 (Div. 1 + Div. 2, Rated, Prizes!)"
144stars,1337,1423,86,2920,2039,"CodeTON Round 9 (Div. 1 + Div. 2, Rated, Prizes!)"
Ami_Nul,1424,1449,25,2920,2039,"CodeTON Round 9 (Div. 1 + Div. 2, Rated, Prizes!)"
Max_Rosul,1407,1437,30,2920,2039,"CodeTON Round 9 (Div. 1 + Div. 2, Rated, Prizes!)"
Arilord,1347,1393,46,2920,2039,"CodeTON Round 9 (Div. 1 + Div. 2, Rated, Prizes!)"
ThirteenFrames,1786,1722,-64,2924,2039,"CodeTON Round 9 (Div. 1 + Div. 2, Rated, Prizes!)"
160360,1211,1296,85,2924,2039,"CodeTON Round 9 (Div. 1 + Div. 2, Rated, Prizes!)"
need_for_switch,1635,1607,-28,2926,2039,"CodeTON Round 9 (Div. 1 + Div. 2, Rated, Prizes!)"
tooweaktobeCM,1448,1467,19,2926,2039,"CodeTON Round 9 (Div. 1 + Div. 2, Rated, Prizes!)"
based,1484,1494,10,2926,2039,"CodeTON Round 9 (Div. 1 + Div. 2, Rated, Prizes!)"
ayh_98,514,892,378,2926,2039,"CodeTON Round 9 (Div. 1 + Div. 2, Rated, Prizes!)"
E-rK,1451,1469,18,2926,2039,"CodeTON Round 9 (Div. 1 + Div. 2, Rated, Prizes!)"
limabeans,1719,1671,-48,2931,2039,"CodeTON Round 9 (Div. 1 + Div. 2, Rated, Prizes!)"
Super_D_Man,1628,1602,-26,2931,2039,"CodeTON Round 9 (Div. 1 + Div. 2, Rated, Prizes!)"
lulzCrush,1362,1403,41,2931,2039,"CodeTON Round 9 (Div. 1 + Div. 2, Rated, Prizes!)"
PimpedButterfly,1267,1335,68,2934,2039,"CodeTON Round 9 (Div. 1 + Div. 2, Rated, Prizes!)"
birsnot,1989,1877,-112,2935,2039,"CodeTON Round 9 (Div. 1 + Div. 2, Rated, Prizes!)"
2020TAndr,1927,1829,-98,2935,2039,"CodeTON Round 9 (Div. 1 + Div. 2, Rated, Prizes!)"
elpsconr,1328,1379,51,2937,2039,"CodeTON Round 9 (Div. 1 + Div. 2, Rated, Prizes!)"
sarwar__,1483,1493,10,2937,2039,"CodeTON Round 9 (Div. 1 + Div. 2, Rated, Prizes!)"
hwmiao,1637,1608,-29,2937,2039,"CodeTON Round 9 (Div. 1 + Div. 2, Rated, Prizes!)"
Ambug_Pls_Debug,1435,1457,22,2940,2039,"CodeTON Round 9 (Div. 1 + Div. 2, Rated, Prizes!)"
alexi_F,1395,1427,32,2940,2039,"CodeTON Round 9 (Div. 1 + Div. 2, Rated, Prizes!)"
mu_hua,1455,1472,17,2942,2039,"CodeTON Round 9 (Div. 1 + Div. 2, Rated, Prizes!)"
abramazani,1607,1586,-21,2942,2039,"CodeTON Round 9 (Div. 1 + Div. 2, Rated, Prizes!)"
dartvolley,2198,2043,-155,2942,2039,"CodeTON Round 9 (Div. 1 + Div. 2, Rated, Prizes!)"
EgoFlow,1930,1831,-99,2945,2039,"CodeTON Round 9 (Div. 1 + Div. 2, Rated, Prizes!)"
pittwy168,1720,1670,-50,2945,2039,"CodeTON Round 9 (Div. 1 + Div. 2, Rated, Prizes!)"
NJIRTAI,662,951,289,2945,2039,"CodeTON Round 9 (Div. 1 + Div. 2, Rated, Prizes!)"
qaruti,1606,1585,-21,2945,2039,"CodeTON Round 9 (Div. 1 + Div. 2, Rated, Prizes!)"
Bhscer,1339,1386,47,2949,2039,"CodeTON Round 9 (Div. 1 + Div. 2, Rated, Prizes!)"
pppwolf,1389,1423,34,2949,2039,"CodeTON Round 9 (Div. 1 + Div. 2, Rated, Prizes!)"
meowjiao321,994,1148,154,2951,2039,"CodeTON Round 9 (Div. 1 + Div. 2, Rated, Prizes!)"
chicken_BONg_,1603,1582,-21,2952,2039,"CodeTON Round 9 (Div. 1 + Div. 2, Rated, Prizes!)"
Bat-Orgil.B,1679,1639,-40,2952,2039,"CodeTON Round 9 (Div. 1 + Div. 2, Rated, Prizes!)"
omarkurde,1747,1691,-56,2952,2039,"CodeTON Round 9 (Div. 1 + Div. 2, Rated, Prizes!)"
Tiny924,1238,1313,75,2952,2039,"CodeTON Round 9 (Div. 1 + Div. 2, Rated, Prizes!)"
MrRaymond,1612,1589,-23,2956,2039,"CodeTON Round 9 (Div. 1 + Div. 2, Rated, Prizes!)"
BodaciousLord007,1488,1495,7,2957,2039,"CodeTON Round 9 (Div. 1 + Div. 2, Rated, Prizes!)"
genshin-expert,1488,1495,7,2957,2039,"CodeTON Round 9 (Div. 1 + Div. 2, Rated, Prizes!)"
FallingRain,1787,1721,-66,2959,2039,"CodeTON Round 9 (Div. 1 + Div. 2, Rated, Prizes!)"
welcometohoms,1171,1266,95,2959,2039,"CodeTON Round 9 (Div. 1 + Div. 2, Rated, Prizes!)"
BishopE6,1283,1345,62,2959,2039,"CodeTON Round 9 (Div. 1 + Div. 2, Rated, Prizes!)"
Diksha_goyal,1288,1349,61,2962,2039,"CodeTON Round 9 (Div. 1 + Div. 2, Rated, Prizes!)"
Barytania_001,1327,1377,50,2962,2039,"CodeTON Round 9 (Div. 1 + Div. 2, Rated, Prizes!)"
askeladdd,1273,1338,65,2964,2039,"CodeTON Round 9 (Div. 1 + Div. 2, Rated, Prizes!)"
NinomaeInanis,1669,1631,-38,2964,2039,"CodeTON Round 9 (Div. 1 + Div. 2, Rated, Prizes!)"
RaadSharar,1520,1519,-1,2966,2039,"CodeTON Round 9 (Div. 1 + Div. 2, Rated, Prizes!)"
ko0g,1593,1574,-19,2966,2039,"CodeTON Round 9 (Div. 1 + Div. 2, Rated, Prizes!)"
Vct14,0,536,536,2968,2039,"CodeTON Round 9 (Div. 1 + Div. 2, Rated, Prizes!)"
Michael533,1840,1761,-79,2968,2039,"CodeTON Round 9 (Div. 1 + Div. 2, Rated, Prizes!)"
AnImEsH_AnIi,1178,1337,159,2970,2039,"CodeTON Round 9 (Div. 1 + Div. 2, Rated, Prizes!)"
Deshi-Deshi-basara,1390,1422,32,2970,2039,"CodeTON Round 9 (Div. 1 + Div. 2, Rated, Prizes!)"
Juanchoki,1450,1466,16,2972,2039,"CodeTON Round 9 (Div. 1 + Div. 2, Rated, Prizes!)"
caos_enjoyer,1590,1571,-19,2972,2039,"CodeTON Round 9 (Div. 1 + Div. 2, Rated, Prizes!)"
istiaque007,1573,1558,-15,2972,2039,"CodeTON Round 9 (Div. 1 + Div. 2, Rated, Prizes!)"
ADO,1309,1363,54,2972,2039,"CodeTON Round 9 (Div. 1 + Div. 2, Rated, Prizes!)"
yinzihe,1236,1311,75,2972,2039,"CodeTON Round 9 (Div. 1 + Div. 2, Rated, Prizes!)"
HBC728,446,840,394,2972,2039,"CodeTON Round 9 (Div. 1 + Div. 2, Rated, Prizes!)"
digital_vest,1189,1345,156,2978,2039,"CodeTON Round 9 (Div. 1 + Div. 2, Rated, Prizes!)"
tnaito,1630,1601,-29,2978,2039,"CodeTON Round 9 (Div. 1 + Div. 2, Rated, Prizes!)"
The_Batman__,1338,1384,46,2978,2039,"CodeTON Round 9 (Div. 1 + Div. 2, Rated, Prizes!)"
F1shHead,1791,1723,-68,2978,2039,"CodeTON Round 9 (Div. 1 + Div. 2, Rated, Prizes!)"
rainguy,0,536,536,2978,2039,"CodeTON Round 9 (Div. 1 + Div. 2, Rated, Prizes!)"
Stachu,1374,1410,36,2983,2039,"CodeTON Round 9 (Div. 1 + Div. 2, Rated, Prizes!)"
dseotx2002,1389,1421,32,2983,2039,"CodeTON Round 9 (Div. 1 + Div. 2, Rated, Prizes!)"
Ruthless-.-,1449,1465,16,2983,2039,"CodeTON Round 9 (Div. 1 + Div. 2, Rated, Prizes!)"
FloatingEgg,0,536,536,2983,2039,"CodeTON Round 9 (Div. 1 + Div. 2, Rated, Prizes!)"
-_TIMOFEY_-,2104,1966,-138,2983,2039,"CodeTON Round 9 (Div. 1 + Div. 2, Rated, Prizes!)"
nyllsom,1163,1326,163,2983,2039,"CodeTON Round 9 (Div. 1 + Div. 2, Rated, Prizes!)"
cleverpenguin,1682,1640,-42,2989,2039,"CodeTON Round 9 (Div. 1 + Div. 2, Rated, Prizes!)"
AI_2512,1066,1194,128,2989,2039,"CodeTON Round 9 (Div. 1 + Div. 2, Rated, Prizes!)"
randomV-2.2.8,1382,1416,34,2989,2039,"CodeTON Round 9 (Div. 1 + Div. 2, Rated, Prizes!)"
ludwigzxy,1309,1362,53,2989,2039,"CodeTON Round 9 (Div. 1 + Div. 2, Rated, Prizes!)"
peshkoff,1777,1712,-65,2989,2039,"CodeTON Round 9 (Div. 1 + Div. 2, Rated, Prizes!)"
VectorVirtuoso,1397,1427,30,2994,2039,"CodeTON Round 9 (Div. 1 + Div. 2, Rated, Prizes!)"
ZombieTheLegend,1730,1676,-54,2994,2039,"CodeTON Round 9 (Div. 1 + Div. 2, Rated, Prizes!)"
kenkukumaduo,1175,1267,92,2996,2039,"CodeTON Round 9 (Div. 1 + Div. 2, Rated, Prizes!)"
Mashina2x5,1603,1580,-23,2996,2039,"CodeTON Round 9 (Div. 1 + Div. 2, Rated, Prizes!)"
Voga,1494,1498,4,2996,2039,"CodeTON Round 9 (Div. 1 + Div. 2, Rated, Prizes!)"
HarshBoghani,1616,1590,-26,2996,2039,"CodeTON Round 9 (Div. 1 + Div. 2, Rated, Prizes!)"
asm.training,1121,1294,173,2996,2039,"CodeTON Round 9 (Div. 1 + Div. 2, Rated, Prizes!)"
the88,1611,1650,39,3001,2039,"CodeTON Round 9 (Div. 1 + Div. 2, Rated, Prizes!)"
pppyl,1129,1235,106,3001,2039,"CodeTON Round 9 (Div. 1 + Div. 2, Rated, Prizes!)"
ConsW,1372,1408,36,3001,2039,"CodeTON Round 9 (Div. 1 + Div. 2, Rated, Prizes!)"
Neev4321,1643,1610,-33,3001,2039,"CodeTON Round 9 (Div. 1 + Div. 2, Rated, Prizes!)"
xxxSEDOYxxx,1666,1627,-39,3005,2039,"CodeTON Round 9 (Div. 1 + Div. 2, Rated, Prizes!)"
eugenechka.boyko.2_0-0,1504,1505,1,3005,2039,"CodeTON Round 9 (Div. 1 + Div. 2, Rated, Prizes!)"
Ayham_Alsalman,1343,1386,43,3007,2039,"CodeTON Round 9 (Div. 1 + Div. 2, Rated, Prizes!)"
fuckyouhahaha,1466,1476,10,3007,2039,"CodeTON Round 9 (Div. 1 + Div. 2, Rated, Prizes!)"
Yasin_Malek,1585,1566,-19,3007,2039,"CodeTON Round 9 (Div. 1 + Div. 2, Rated, Prizes!)"
Poatan,1407,1470,63,3007,2039,"CodeTON Round 9 (Div. 1 + Div. 2, Rated, Prizes!)"
Falcon_76,1914,1816,-98,3007,2039,"CodeTON Round 9 (Div. 1 + Div. 2, Rated, Prizes!)"
Monir,1373,1408,35,3007,2039,"CodeTON Round 9 (Div. 1 + Div. 2, Rated, Prizes!)"
dongggle,1999,1882,-117,3007,2039,"CodeTON Round 9 (Div. 1 + Div. 2, Rated, Prizes!)"
nikolashami,1504,1505,1,3014,2039,"CodeTON Round 9 (Div. 1 + Div. 2, Rated, Prizes!)"
Antid0te_in_Ar3,1291,1348,57,3014,2039,"CodeTON Round 9 (Div. 1 + Div. 2, Rated, Prizes!)"
dayz_break404,1153,1251,98,3014,2039,"CodeTON Round 9 (Div. 1 + Div. 2, Rated, Prizes!)"
tdiv,1769,1705,-64,3014,2039,"CodeTON Round 9 (Div. 1 + Div. 2, Rated, Prizes!)"
Infernape,1396,1425,29,3018,2039,"CodeTON Round 9 (Div. 1 + Div. 2, Rated, Prizes!)"
Jensen123,1523,1519,-4,3018,2039,"CodeTON Round 9 (Div. 1 + Div. 2, Rated, Prizes!)"
_SSH_,1468,1478,10,3018,2039,"CodeTON Round 9 (Div. 1 + Div. 2, Rated, Prizes!)"
booleancube,1372,1406,34,3021,2039,"CodeTON Round 9 (Div. 1 + Div. 2, Rated, Prizes!)"
saurabhs1206,1412,1436,24,3021,2039,"CodeTON Round 9 (Div. 1 + Div. 2, Rated, Prizes!)"
nosef,1472,1481,9,3021,2039,"CodeTON Round 9 (Div. 1 + Div. 2, Rated, Prizes!)"
shunsui_kyoraku,1663,1624,-39,3021,2039,"CodeTON Round 9 (Div. 1 + Div. 2, Rated, Prizes!)"
-this-is-obd-,1937,1833,-104,3021,2039,"CodeTON Round 9 (Div. 1 + Div. 2, Rated, Prizes!)"
hasan06,1688,1643,-45,3021,2039,"CodeTON Round 9 (Div. 1 + Div. 2, Rated, Prizes!)"
__Ghost,1435,1453,18,3027,2039,"CodeTON Round 9 (Div. 1 + Div. 2, Rated, Prizes!)"
jnjwnwnw,1556,1543,-13,3027,2039,"CodeTON Round 9 (Div. 1 + Div. 2, Rated, Prizes!)"
taras_2_2,1399,1426,27,3027,2039,"CodeTON Round 9 (Div. 1 + Div. 2, Rated, Prizes!)"
YSGU,1848,1764,-84,3027,2039,"CodeTON Round 9 (Div. 1 + Div. 2, Rated, Prizes!)"
PlayDate,1512,1510,-2,3027,2039,"CodeTON Round 9 (Div. 1 + Div. 2, Rated, Prizes!)"
SJMA_11723,1358,1396,38,3027,2039,"CodeTON Round 9 (Div. 1 + Div. 2, Rated, Prizes!)"
lyrrr,1613,1586,-27,3033,2039,"CodeTON Round 9 (Div. 1 + Div. 2, Rated, Prizes!)"
Zawos,1936,1833,-103,3033,2039,"CodeTON Round 9 (Div. 1 + Div. 2, Rated, Prizes!)"
_take_it_easy_,1447,1462,15,3033,2039,"CodeTON Round 9 (Div. 1 + Div. 2, Rated, Prizes!)"
pnx,1292,1348,56,3033,2039,"CodeTON Round 9 (Div. 1 + Div. 2, Rated, Prizes!)"
tianyu_awa,1047,1238,191,3037,2039,"CodeTON Round 9 (Div. 1 + Div. 2, Rated, Prizes!)"
Araceae,1353,1392,39,3037,2039,"CodeTON Round 9 (Div. 1 + Div. 2, Rated, Prizes!)"
nilan425,1305,1357,52,3037,2039,"CodeTON Round 9 (Div. 1 + Div. 2, Rated, Prizes!)"
ItsLastDay,1741,1683,-58,3037,2039,"CodeTON Round 9 (Div. 1 + Div. 2, Rated, Prizes!)"
nbzzz,1320,1368,48,3041,2039,"CodeTON Round 9 (Div. 1 + Div. 2, Rated, Prizes!)"
macrocosmos,1571,1554,-17,3042,2039,"CodeTON Round 9 (Div. 1 + Div. 2, Rated, Prizes!)"
1435730,1376,1409,33,3042,2039,"CodeTON Round 9 (Div. 1 + Div. 2, Rated, Prizes!)"
milhxe,1273,1334,61,3042,2039,"CodeTON Round 9 (Div. 1 + Div. 2, Rated, Prizes!)"
vrangr,1849,1765,-84,3042,2039,"CodeTON Round 9 (Div. 1 + Div. 2, Rated, Prizes!)"
yuhaoyang2029,1399,1426,27,3042,2039,"CodeTON Round 9 (Div. 1 + Div. 2, Rated, Prizes!)"
lequydon,1623,1593,-30,3042,2039,"CodeTON Round 9 (Div. 1 + Div. 2, Rated, Prizes!)"
nathanballman,1858,1771,-87,3048,2039,"CodeTON Round 9 (Div. 1 + Div. 2, Rated, Prizes!)"
ng_jahkhanh39,1402,1428,26,3049,2039,"CodeTON Round 9 (Div. 1 + Div. 2, Rated, Prizes!)"
daddybogdan,0,533,533,3049,2039,"CodeTON Round 9 (Div. 1 + Div. 2, Rated, Prizes!)"
__napa,1328,1373,45,3049,2039,"CodeTON Round 9 (Div. 1 + Div. 2, Rated, Prizes!)"
pt3155420267,1398,1424,26,3052,2039,"CodeTON Round 9 (Div. 1 + Div. 2, Rated, Prizes!)"
sdKrhMn286,1355,1393,38,3052,2039,"CodeTON Round 9 (Div. 1 + Div. 2, Rated, Prizes!)"
swater01,1468,1476,8,3052,2039,"CodeTON Round 9 (Div. 1 + Div. 2, Rated, Prizes!)"
11490DX,1431,1448,17,3052,2039,"CodeTON Round 9 (Div. 1 + Div. 2, Rated, Prizes!)"
Mazhiken,1613,1585,-28,3052,2039,"CodeTON Round 9 (Div. 1 + Div. 2, Rated, Prizes!)"
kutu,1101,1213,112,3052,2039,"CodeTON Round 9 (Div. 1 + Div. 2, Rated, Prizes!)"
d3nominat0r,1405,1430,25,3052,2039,"CodeTON Round 9 (Div. 1 + Div. 2, Rated, Prizes!)"
xiao14ren,1312,1361,49,3052,2039,"CodeTON Round 9 (Div. 1 + Div. 2, Rated, Prizes!)"
pooyana,1137,1238,101,3060,2039,"CodeTON Round 9 (Div. 1 + Div. 2, Rated, Prizes!)"
mub.ch,1626,1595,-31,3060,2039,"CodeTON Round 9 (Div. 1 + Div. 2, Rated, Prizes!)"
OmarAli.,1789,1718,-71,3060,2039,"CodeTON Round 9 (Div. 1 + Div. 2, Rated, Prizes!)"
HosseinAbadan,1606,1580,-26,3060,2039,"CodeTON Round 9 (Div. 1 + Div. 2, Rated, Prizes!)"
scopeInfinity,1820,1742,-78,3064,2039,"CodeTON Round 9 (Div. 1 + Div. 2, Rated, Prizes!)"
Bugmakerr,1239,1309,70,3064,2039,"CodeTON Round 9 (Div. 1 + Div. 2, Rated, Prizes!)"
ritesh160193,1246,1314,68,3064,2039,"CodeTON Round 9 (Div. 1 + Div. 2, Rated, Prizes!)"
2022yourfather,994,1142,148,3064,2039,"CodeTON Round 9 (Div. 1 + Div. 2, Rated, Prizes!)"
inever-left,1663,1622,-41,3064,2039,"CodeTON Round 9 (Div. 1 + Div. 2, Rated, Prizes!)"
Vishal_Kr_Maurya,1257,1321,64,3064,2039,"CodeTON Round 9 (Div. 1 + Div. 2, Rated, Prizes!)"
barabula,1440,1455,15,3064,2039,"CodeTON Round 9 (Div. 1 + Div. 2, Rated, Prizes!)"
kuailedetongnian,1481,1485,4,3071,2039,"CodeTON Round 9 (Div. 1 + Div. 2, Rated, Prizes!)"
wisp,1537,1526,-11,3071,2039,"CodeTON Round 9 (Div. 1 + Div. 2, Rated, Prizes!)"
sleepyessheep,1966,1854,-112,3071,2039,"CodeTON Round 9 (Div. 1 + Div. 2, Rated, Prizes!)"
Catgod,1635,1601,-34,3071,2039,"CodeTON Round 9 (Div. 1 + Div. 2, Rated, Prizes!)"
sandwich,1384,1413,29,3071,2039,"CodeTON Round 9 (Div. 1 + Div. 2, Rated, Prizes!)"
LongCenhua,1497,1497,0,3071,2039,"CodeTON Round 9 (Div. 1 + Div. 2, Rated, Prizes!)"
PM_2509,1530,1521,-9,3071,2039,"CodeTON Round 9 (Div. 1 + Div. 2, Rated, Prizes!)"
d19n,1643,1607,-36,3071,2039,"CodeTON Round 9 (Div. 1 + Div. 2, Rated, Prizes!)"
sahaun,1697,1648,-49,3071,2039,"CodeTON Round 9 (Div. 1 + Div. 2, Rated, Prizes!)"
Sabnaj_423,1445,1458,13,3080,2039,"CodeTON Round 9 (Div. 1 + Div. 2, Rated, Prizes!)"
f202211753,1126,1229,103,3080,2039,"CodeTON Round 9 (Div. 1 + Div. 2, Rated, Prizes!)"
TimoshWillWinIOI2026,1245,1312,67,3080,2039,"CodeTON Round 9 (Div. 1 + Div. 2, Rated, Prizes!)"
Yzn12,477,858,381,3080,2039,"CodeTON Round 9 (Div. 1 + Div. 2, Rated, Prizes!)"
ShiyuKirara,841,1046,205,3084,2039,"CodeTON Round 9 (Div. 1 + Div. 2, Rated, Prizes!)"
Ahil_Khan_IITB,1353,1390,37,3084,2039,"CodeTON Round 9 (Div. 1 + Div. 2, Rated, Prizes!)"
DarkLancer,1399,1424,25,3084,2039,"CodeTON Round 9 (Div. 1 + Div. 2, Rated, Prizes!)"
3002642,1127,1230,103,3084,2039,"CodeTON Round 9 (Div. 1 + Div. 2, Rated, Prizes!)"
opal_Inwza007x,1514,1509,-5,3084,2039,"CodeTON Round 9 (Div. 1 + Div. 2, Rated, Prizes!)"
curiousbeast,1295,1347,52,3084,2039,"CodeTON Round 9 (Div. 1 + Div. 2, Rated, Prizes!)"
cryomancer148,1626,1594,-32,3084,2039,"CodeTON Round 9 (Div. 1 + Div. 2, Rated, Prizes!)"
redoak,1666,1623,-43,3091,2039,"CodeTON Round 9 (Div. 1 + Div. 2, Rated, Prizes!)"
___M,1191,1274,83,3091,2039,"CodeTON Round 9 (Div. 1 + Div. 2, Rated, Prizes!)"
CarlosS48,1938,1831,-107,3093,2039,"CodeTON Round 9 (Div. 1 + Div. 2, Rated, Prizes!)"
HumbleRobo,1719,1664,-55,3093,2039,"CodeTON Round 9 (Div. 1 + Div. 2, Rated, Prizes!)"
jkb_gryz,1600,1574,-26,3093,2039,"CodeTON Round 9 (Div. 1 + Div. 2, Rated, Prizes!)"
thaibeo417,1322,1367,45,3096,2039,"CodeTON Round 9 (Div. 1 + Div. 2, Rated, Prizes!)"
Festyve,1445,1458,13,3096,2039,"CodeTON Round 9 (Div. 1 + Div. 2, Rated, Prizes!)"
Mostafa_Alaa99,1321,1366,45,3096,2039,"CodeTON Round 9 (Div. 1 + Div. 2, Rated, Prizes!)"
hyxawa,1463,1471,8,3099,2039,"CodeTON Round 9 (Div. 1 + Div. 2, Rated, Prizes!)"
Demon_Slayer,1285,1340,55,3100,2039,"CodeTON Round 9 (Div. 1 + Div. 2, Rated, Prizes!)"
fogsail,1236,1305,69,3100,2039,"CodeTON Round 9 (Div. 1 + Div. 2, Rated, Prizes!)"
fitisovartyom123,1766,1699,-67,3100,2039,"CodeTON Round 9 (Div. 1 + Div. 2, Rated, Prizes!)"
Calciferll,1285,1340,55,3100,2039,"CodeTON Round 9 (Div. 1 + Div. 2, Rated, Prizes!)"
Treks,1897,1838,-59,3100,2039,"CodeTON Round 9 (Div. 1 + Div. 2, Rated, Prizes!)"
Pe4enka_edych,1062,1246,184,3100,2039,"CodeTON Round 9 (Div. 1 + Div. 2, Rated, Prizes!)"
25willwin,1516,1510,-6,3106,2039,"CodeTON Round 9 (Div. 1 + Div. 2, Rated, Prizes!)"
OneIndexed,1373,1404,31,3106,2039,"CodeTON Round 9 (Div. 1 + Div. 2, Rated, Prizes!)"
DenisKarpenko,1526,1517,-9,3106,2039,"CodeTON Round 9 (Div. 1 + Div. 2, Rated, Prizes!)"
cmanh75,1639,1603,-36,3106,2039,"CodeTON Round 9 (Div. 1 + Div. 2, Rated, Prizes!)"
pora,1669,1625,-44,3106,2039,"CodeTON Round 9 (Div. 1 + Div. 2, Rated, Prizes!)"
shashank_2.0,961,1119,158,3111,2039,"CodeTON Round 9 (Div. 1 + Div. 2, Rated, Prizes!)"
PrimeHunter,1140,1303,163,3111,2039,"CodeTON Round 9 (Div. 1 + Div. 2, Rated, Prizes!)"
emrakul,1302,1352,50,3113,2039,"CodeTON Round 9 (Div. 1 + Div. 2, Rated, Prizes!)"
stdfloat,1627,1593,-34,3113,2039,"CodeTON Round 9 (Div. 1 + Div. 2, Rated, Prizes!)"
ytre.,930,1099,169,3113,2039,"CodeTON Round 9 (Div. 1 + Div. 2, Rated, Prizes!)"
Cb127127,1208,1284,76,3113,2039,"CodeTON Round 9 (Div. 1 + Div. 2, Rated, Prizes!)"
Akingfuxiangyu,1167,1312,145,3117,2039,"CodeTON Round 9 (Div. 1 + Div. 2, Rated, Prizes!)"
miniyahirpro,1801,1725,-76,3117,2039,"CodeTON Round 9 (Div. 1 + Div. 2, Rated, Prizes!)"
RaedQm,1203,1338,135,3117,2039,"CodeTON Round 9 (Div. 1 + Div. 2, Rated, Prizes!)"
dquwuang,1741,1679,-62,3117,2039,"CodeTON Round 9 (Div. 1 + Div. 2, Rated, Prizes!)"
FLYTOOX,1289,1342,53,3117,2039,"CodeTON Round 9 (Div. 1 + Div. 2, Rated, Prizes!)"
sabino1,1824,1743,-81,3117,2039,"CodeTON Round 9 (Div. 1 + Div. 2, Rated, Prizes!)"
andrei6184,1809,1731,-78,3123,2039,"CodeTON Round 9 (Div. 1 + Div. 2, Rated, Prizes!)"
Light.3108,1416,1435,19,3123,2039,"CodeTON Round 9 (Div. 1 + Div. 2, Rated, Prizes!)"
b1t_exe,1320,1364,44,3125,2039,"CodeTON Round 9 (Div. 1 + Div. 2, Rated, Prizes!)"
sanilen578,1454,1463,9,3125,2039,"CodeTON Round 9 (Div. 1 + Div. 2, Rated, Prizes!)"
lilmx,1229,1299,70,3125,2039,"CodeTON Round 9 (Div. 1 + Div. 2, Rated, Prizes!)"
Yang8on,1476,1479,3,3125,2039,"CodeTON Round 9 (Div. 1 + Div. 2, Rated, Prizes!)"
balakrishnan,2130,1981,-149,3125,2039,"CodeTON Round 9 (Div. 1 + Div. 2, Rated, Prizes!)"
delwar_03_,1283,1337,54,3130,2039,"CodeTON Round 9 (Div. 1 + Div. 2, Rated, Prizes!)"
likeyeye,1253,1316,63,3130,2039,"CodeTON Round 9 (Div. 1 + Div. 2, Rated, Prizes!)"
playmaker123,1293,1344,51,3130,2039,"CodeTON Round 9 (Div. 1 + Div. 2, Rated, Prizes!)"
Ush1su,2059,1925,-134,3130,2039,"CodeTON Round 9 (Div. 1 + Div. 2, Rated, Prizes!)"
yashasvi,1081,1196,115,3134,2039,"CodeTON Round 9 (Div. 1 + Div. 2, Rated, Prizes!)"
PotatoPlanet,1611,1580,-31,3134,2039,"CodeTON Round 9 (Div. 1 + Div. 2, Rated, Prizes!)"
zhouruoheng,1609,1579,-30,3134,2039,"CodeTON Round 9 (Div. 1 + Div. 2, Rated, Prizes!)"
LightHouse1,1342,1379,37,3134,2039,"CodeTON Round 9 (Div. 1 + Div. 2, Rated, Prizes!)"
SNOJ,1366,1397,31,3134,2039,"CodeTON Round 9 (Div. 1 + Div. 2, Rated, Prizes!)"
aayudumb,573,924,351,3134,2039,"CodeTON Round 9 (Div. 1 + Div. 2, Rated, Prizes!)"
KurwaBobr,496,869,373,3134,2039,"CodeTON Round 9 (Div. 1 + Div. 2, Rated, Prizes!)"
name_space,1376,1404,28,3134,2039,"CodeTON Round 9 (Div. 1 + Div. 2, Rated, Prizes!)"
farrita,1525,1515,-10,3142,2039,"CodeTON Round 9 (Div. 1 + Div. 2, Rated, Prizes!)"
JustinTjitra,1185,1267,82,3142,2039,"CodeTON Round 9 (Div. 1 + Div. 2, Rated, Prizes!)"
Stellar_Scripter,1441,1489,48,3144,2039,"CodeTON Round 9 (Div. 1 + Div. 2, Rated, Prizes!)"
agent_p,1699,1646,-53,3144,2039,"CodeTON Round 9 (Div. 1 + Div. 2, Rated, Prizes!)"
buts,1415,1433,18,3144,2039,"CodeTON Round 9 (Div. 1 + Div. 2, Rated, Prizes!)"
Jahressklave,1406,1426,20,3144,2039,"CodeTON Round 9 (Div. 1 + Div. 2, Rated, Prizes!)"
0Chikon0,1751,1686,-65,3144,2039,"CodeTON Round 9 (Div. 1 + Div. 2, Rated, Prizes!)"
KS_Fszha,1332,1408,76,3149,2039,"CodeTON Round 9 (Div. 1 + Div. 2, Rated, Prizes!)"
m0ttzyM,0,528,528,3149,2039,"CodeTON Round 9 (Div. 1 + Div. 2, Rated, Prizes!)"
Belal,1188,1268,80,3149,2039,"CodeTON Round 9 (Div. 1 + Div. 2, Rated, Prizes!)"
totallyAugustus,1627,1592,-35,3149,2039,"CodeTON Round 9 (Div. 1 + Div. 2, Rated, Prizes!)"
Hridoy23,1589,1563,-26,3149,2039,"CodeTON Round 9 (Div. 1 + Div. 2, Rated, Prizes!)"
Neelabhra,1450,1458,8,3149,2039,"CodeTON Round 9 (Div. 1 + Div. 2, Rated, Prizes!)"
XiaoJuRuoUP,1448,1519,71,3149,2039,"CodeTON Round 9 (Div. 1 + Div. 2, Rated, Prizes!)"
loynyng_fasfy,1033,1163,130,3149,2039,"CodeTON Round 9 (Div. 1 + Div. 2, Rated, Prizes!)"
abhilash__360,1845,1757,-88,3149,2039,"CodeTON Round 9 (Div. 1 + Div. 2, Rated, Prizes!)"
bihnehminduh,1282,1335,53,3158,2039,"CodeTON Round 9 (Div. 1 + Div. 2, Rated, Prizes!)"
dothething,1372,1401,29,3158,2039,"CodeTON Round 9 (Div. 1 + Div. 2, Rated, Prizes!)"
__benzene__,508,877,369,3158,2039,"CodeTON Round 9 (Div. 1 + Div. 2, Rated, Prizes!)"
Ibraheem.MH,1545,1530,-15,3158,2039,"CodeTON Round 9 (Div. 1 + Div. 2, Rated, Prizes!)"
crep_,1195,1273,78,3158,2039,"CodeTON Round 9 (Div. 1 + Div. 2, Rated, Prizes!)"
Md_Atik,1756,1689,-67,3158,2039,"CodeTON Round 9 (Div. 1 + Div. 2, Rated, Prizes!)"
Rashed_Raiyan_,1244,1308,64,3164,2039,"CodeTON Round 9 (Div. 1 + Div. 2, Rated, Prizes!)"
jandy2007,0,528,528,3164,2039,"CodeTON Round 9 (Div. 1 + Div. 2, Rated, Prizes!)"
dontforgetyourself,1964,1849,-115,3164,2039,"CodeTON Round 9 (Div. 1 + Div. 2, Rated, Prizes!)"
zxilly,1282,1335,53,3164,2039,"CodeTON Round 9 (Div. 1 + Div. 2, Rated, Prizes!)"
sam000013,1264,1322,58,3168,2039,"CodeTON Round 9 (Div. 1 + Div. 2, Rated, Prizes!)"
deng_wo_ni_xi,1602,1572,-30,3168,2039,"CodeTON Round 9 (Div. 1 + Div. 2, Rated, Prizes!)"
sahilf637,1495,1491,-4,3168,2039,"CodeTON Round 9 (Div. 1 + Div. 2, Rated, Prizes!)"
abcsumits,1428,1441,13,3168,2039,"CodeTON Round 9 (Div. 1 + Div. 2, Rated, Prizes!)"
prohladenn_vko,1211,1284,73,3168,2039,"CodeTON Round 9 (Div. 1 + Div. 2, Rated, Prizes!)"
Shiv4m,1578,1554,-24,3173,2039,"CodeTON Round 9 (Div. 1 + Div. 2, Rated, Prizes!)"
ali2241,1636,1598,-38,3173,2039,"CodeTON Round 9 (Div. 1 + Div. 2, Rated, Prizes!)"
Kanata18,1294,1343,49,3173,2039,"CodeTON Round 9 (Div. 1 + Div. 2, Rated, Prizes!)"
OmarMajdi,1140,1234,94,3176,2039,"CodeTON Round 9 (Div. 1 + Div. 2, Rated, Prizes!)"
SonicSashi77,1365,1395,30,3176,2039,"CodeTON Round 9 (Div. 1 + Div. 2, Rated, Prizes!)"
mathtsai,1710,1653,-57,3176,2039,"CodeTON Round 9 (Div. 1 + Div. 2, Rated, Prizes!)"
secresearch1979,2136,1984,-152,3176,2039,"CodeTON Round 9 (Div. 1 + Div. 2, Rated, Prizes!)"
ShadowNull,1358,1390,32,3176,2039,"CodeTON Round 9 (Div. 1 + Div. 2, Rated, Prizes!)"
kkismatov2002,1453,1460,7,3181,2039,"CodeTON Round 9 (Div. 1 + Div. 2, Rated, Prizes!)"
Bartwal,1193,1271,78,3181,2039,"CodeTON Round 9 (Div. 1 + Div. 2, Rated, Prizes!)"
mEHEDI-hASAN,1220,1290,70,3181,2039,"CodeTON Round 9 (Div. 1 + Div. 2, Rated, Prizes!)"
Abdelrahman_Elatroush,1390,1413,23,3184,2039,"CodeTON Round 9 (Div. 1 + Div. 2, Rated, Prizes!)"
zcy_awa,789,1075,286,3184,2039,"CodeTON Round 9 (Div. 1 + Div. 2, Rated, Prizes!)"
Sereinsky,1405,1424,19,3184,2039,"CodeTON Round 9 (Div. 1 + Div. 2, Rated, Prizes!)"
xuangou,1386,1410,24,3187,2039,"CodeTON Round 9 (Div. 1 + Div. 2, Rated, Prizes!)"
ZalenoToTo,1353,1385,32,3187,2039,"CodeTON Round 9 (Div. 1 + Div. 2, Rated, Prizes!)"
Lakshay_2021059,1370,1398,28,3187,2039,"CodeTON Round 9 (Div. 1 + Div. 2, Rated, Prizes!)"
David_Du,1058,1178,120,3190,2039,"CodeTON Round 9 (Div. 1 + Div. 2, Rated, Prizes!)"
imMorningStar666,839,1083,244,3190,2039,"CodeTON Round 9 (Div. 1 + Div. 2, Rated, Prizes!)"
MM46,1382,1406,24,3190,2039,"CodeTON Round 9 (Div. 1 + Div. 2, Rated, Prizes!)"
EkkoTM,1467,1469,2,3190,2039,"CodeTON Round 9 (Div. 1 + Div. 2, Rated, Prizes!)"
Bebo,1585,1558,-27,3190,2039,"CodeTON Round 9 (Div. 1 + Div. 2, Rated, Prizes!)"
_wonderful_,1232,1298,66,3195,2039,"CodeTON Round 9 (Div. 1 + Div. 2, Rated, Prizes!)"
AlexJzG,1495,1490,-5,3195,2039,"CodeTON Round 9 (Div. 1 + Div. 2, Rated, Prizes!)"
BacktrackerG,996,1229,233,3195,2039,"CodeTON Round 9 (Div. 1 + Div. 2, Rated, Prizes!)"
emy33,1412,1428,16,3195,2039,"CodeTON Round 9 (Div. 1 + Div. 2, Rated, Prizes!)"
zsfzhjf,1012,1205,193,3195,2039,"CodeTON Round 9 (Div. 1 + Div. 2, Rated, Prizes!)"
Gardener_,1398,1418,20,3200,2039,"CodeTON Round 9 (Div. 1 + Div. 2, Rated, Prizes!)"
just3500code,1229,1296,67,3200,2039,"CodeTON Round 9 (Div. 1 + Div. 2, Rated, Prizes!)"
DivyanshMalviya,1314,1356,42,3200,2039,"CodeTON Round 9 (Div. 1 + Div. 2, Rated, Prizes!)"
xu-yiming,1120,1219,99,3203,2039,"CodeTON Round 9 (Div. 1 + Div. 2, Rated, Prizes!)"
Manas_DixiT,1545,1528,-17,3203,2039,"CodeTON Round 9 (Div. 1 + Div. 2, Rated, Prizes!)"
-RAGNAR-,1634,1595,-39,3203,2039,"CodeTON Round 9 (Div. 1 + Div. 2, Rated, Prizes!)"
Gouldh,1173,1256,83,3206,2039,"CodeTON Round 9 (Div. 1 + Div. 2, Rated, Prizes!)"
_pk_,1701,1646,-55,3206,2039,"CodeTON Round 9 (Div. 1 + Div. 2, Rated, Prizes!)"
Sonders.,1186,1265,79,3208,2039,"CodeTON Round 9 (Div. 1 + Div. 2, Rated, Prizes!)"
zzoxaz,1332,1369,37,3208,2039,"CodeTON Round 9 (Div. 1 + Div. 2, Rated, Prizes!)"
Shamim-Sorkar,1381,1405,24,3208,2039,"CodeTON Round 9 (Div. 1 + Div. 2, Rated, Prizes!)"
fallinthesky,1358,1388,30,3208,2039,"CodeTON Round 9 (Div. 1 + Div. 2, Rated, Prizes!)"
abcd_4321,1099,1204,105,3208,2039,"CodeTON Round 9 (Div. 1 + Div. 2, Rated, Prizes!)"
AmirrezaShoon,1484,1482,-2,3213,2039,"CodeTON Round 9 (Div. 1 + Div. 2, Rated, Prizes!)"
FarkhadS,1440,1448,8,3213,2039,"CodeTON Round 9 (Div. 1 + Div. 2, Rated, Prizes!)"
cegua,1252,1311,59,3213,2039,"CodeTON Round 9 (Div. 1 + Div. 2, Rated, Prizes!)"
ThiagoMM,1797,1718,-79,3216,2039,"CodeTON Round 9 (Div. 1 + Div. 2, Rated, Prizes!)"
dzmg,0,526,526,3216,2039,"CodeTON Round 9 (Div. 1 + Div. 2, Rated, Prizes!)"
DengDuaLanG,1296,1403,107,3216,2039,"CodeTON Round 9 (Div. 1 + Div. 2, Rated, Prizes!)"
Sersawy,1759,1689,-70,3216,2039,"CodeTON Round 9 (Div. 1 + Div. 2, Rated, Prizes!)"
PipRa,1504,1496,-8,3216,2039,"CodeTON Round 9 (Div. 1 + Div. 2, Rated, Prizes!)"
achiieeec,1573,1548,-25,3216,2039,"CodeTON Round 9 (Div. 1 + Div. 2, Rated, Prizes!)"
yoez123,1589,1561,-28,3216,2039,"CodeTON Round 9 (Div. 1 + Div. 2, Rated, Prizes!)"
Stol,1190,1267,77,3223,2039,"CodeTON Round 9 (Div. 1 + Div. 2, Rated, Prizes!)"
Anfi77,1414,1429,15,3223,2039,"CodeTON Round 9 (Div. 1 + Div. 2, Rated, Prizes!)"
newbievn,1285,1334,49,3223,2039,"CodeTON Round 9 (Div. 1 + Div. 2, Rated, Prizes!)"
Optoed,1413,1428,15,3223,2039,"CodeTON Round 9 (Div. 1 + Div. 2, Rated, Prizes!)"
rohangarg1446,1373,1398,25,3227,2039,"CodeTON Round 9 (Div. 1 + Div. 2, Rated, Prizes!)"
KIBRIA_22,1426,1438,12,3227,2039,"CodeTON Round 9 (Div. 1 + Div. 2, Rated, Prizes!)"
vmayank837,1417,1431,14,3227,2039,"CodeTON Round 9 (Div. 1 + Div. 2, Rated, Prizes!)"
eshsape,1222,1289,67,3230,2039,"CodeTON Round 9 (Div. 1 + Div. 2, Rated, Prizes!)"
Yanguarzz,1145,1235,90,3231,2039,"CodeTON Round 9 (Div. 1 + Div. 2, Rated, Prizes!)"
_Tonmoy_,1525,1511,-14,3231,2039,"CodeTON Round 9 (Div. 1 + Div. 2, Rated, Prizes!)"
aowuu,1382,1405,23,3231,2039,"CodeTON Round 9 (Div. 1 + Div. 2, Rated, Prizes!)"
mamion,1513,1502,-11,3231,2039,"CodeTON Round 9 (Div. 1 + Div. 2, Rated, Prizes!)"
Mohammad20041976,1363,1391,28,3231,2039,"CodeTON Round 9 (Div. 1 + Div. 2, Rated, Prizes!)"
FahimR,1601,1569,-32,3231,2039,"CodeTON Round 9 (Div. 1 + Div. 2, Rated, Prizes!)"
ALDOCTORMODAMER2,1447,1453,6,3231,2039,"CodeTON Round 9 (Div. 1 + Div. 2, Rated, Prizes!)"
BakievaShukrona,1443,1449,6,3238,2039,"CodeTON Round 9 (Div. 1 + Div. 2, Rated, Prizes!)"
JulSjlv,1725,1663,-62,3238,2039,"CodeTON Round 9 (Div. 1 + Div. 2, Rated, Prizes!)"
mirzasamia,1054,1173,119,3238,2039,"CodeTON Round 9 (Div. 1 + Div. 2, Rated, Prizes!)"
1moon1,1454,1458,4,3238,2039,"CodeTON Round 9 (Div. 1 + Div. 2, Rated, Prizes!)"
KYYYrie,1130,1224,94,3238,2039,"CodeTON Round 9 (Div. 1 + Div. 2, Rated, Prizes!)"
spynerd,1141,1336,195,3238,2039,"CodeTON Round 9 (Div. 1 + Div. 2, Rated, Prizes!)"
Not_an_npc,1518,1505,-13,3238,2039,"CodeTON Round 9 (Div. 1 + Div. 2, Rated, Prizes!)"
gangto,1253,1310,57,3245,2039,"CodeTON Round 9 (Div. 1 + Div. 2, Rated, Prizes!)"
petuk75,1347,1378,31,3245,2039,"CodeTON Round 9 (Div. 1 + Div. 2, Rated, Prizes!)"
pratham_08,1171,1252,81,3245,2039,"CodeTON Round 9 (Div. 1 + Div. 2, Rated, Prizes!)"
Slingshot,1272,1324,52,3248,2039,"CodeTON Round 9 (Div. 1 + Div. 2, Rated, Prizes!)"
theif_coder,1581,1553,-28,3248,2039,"CodeTON Round 9 (Div. 1 + Div. 2, Rated, Prizes!)"
Ziad.,1097,1201,104,3248,2039,"CodeTON Round 9 (Div. 1 + Div. 2, Rated, Prizes!)"
xrqqqqq,1468,1468,0,3248,2039,"CodeTON Round 9 (Div. 1 + Div. 2, Rated, Prizes!)"
andrija15051505,1172,1253,81,3252,2039,"CodeTON Round 9 (Div. 1 + Div. 2, Rated, Prizes!)"
zjzhr,1245,1340,95,3252,2039,"CodeTON Round 9 (Div. 1 + Div. 2, Rated, Prizes!)"
lyzhe_,1439,1446,7,3252,2039,"CodeTON Round 9 (Div. 1 + Div. 2, Rated, Prizes!)"
AlexanderGarifullin,1608,1573,-35,3252,2039,"CodeTON Round 9 (Div. 1 + Div. 2, Rated, Prizes!)"
Y39Y,1275,1326,51,3252,2039,"CodeTON Round 9 (Div. 1 + Div. 2, Rated, Prizes!)"
fouadhawary,1221,1287,66,3252,2039,"CodeTON Round 9 (Div. 1 + Div. 2, Rated, Prizes!)"
ANVESH.REDDY,1118,1215,97,3252,2039,"CodeTON Round 9 (Div. 1 + Div. 2, Rated, Prizes!)"
dip_10,1419,1431,12,3259,2039,"CodeTON Round 9 (Div. 1 + Div. 2, Rated, Prizes!)"
yassjd199,1372,1396,24,3259,2039,"CodeTON Round 9 (Div. 1 + Div. 2, Rated, Prizes!)"
xing4c,1662,1614,-48,3259,2039,"CodeTON Round 9 (Div. 1 + Div. 2, Rated, Prizes!)"
zhans38,1286,1333,47,3262,2039,"CodeTON Round 9 (Div. 1 + Div. 2, Rated, Prizes!)"
JJoohhnn,1312,1352,40,3262,2039,"CodeTON Round 9 (Div. 1 + Div. 2, Rated, Prizes!)"
Qstrich,1371,1395,24,3262,2039,"CodeTON Round 9 (Div. 1 + Div. 2, Rated, Prizes!)"
goldencheems,0,524,524,3262,2039,"CodeTON Round 9 (Div. 1 + Div. 2, Rated, Prizes!)"
rahulk08mar_2006,869,1054,185,3262,2039,"CodeTON Round 9 (Div. 1 + Div. 2, Rated, Prizes!)"
wlkmok369,1379,1401,22,3262,2039,"CodeTON Round 9 (Div. 1 + Div. 2, Rated, Prizes!)"
Arvi_saleque,1411,1424,13,3262,2039,"CodeTON Round 9 (Div. 1 + Div. 2, Rated, Prizes!)"
saumishra24,1174,1253,79,3269,2039,"CodeTON Round 9 (Div. 1 + Div. 2, Rated, Prizes!)"
haihamabossu,1877,1778,-99,3269,2039,"CodeTON Round 9 (Div. 1 + Div. 2, Rated, Prizes!)"
wust_66,1576,1548,-28,3269,2039,"CodeTON Round 9 (Div. 1 + Div. 2, Rated, Prizes!)"
Mystical-Nifer,1196,1269,73,3269,2039,"CodeTON Round 9 (Div. 1 + Div. 2, Rated, Prizes!)"
AleFlash,1336,1369,33,3273,2039,"CodeTON Round 9 (Div. 1 + Div. 2, Rated, Prizes!)"
Ibrahem.M,797,1077,280,3273,2039,"CodeTON Round 9 (Div. 1 + Div. 2, Rated, Prizes!)"
yogesh013,1066,1179,113,3273,2039,"CodeTON Round 9 (Div. 1 + Div. 2, Rated, Prizes!)"
Knave,0,523,523,3273,2039,"CodeTON Round 9 (Div. 1 + Div. 2, Rated, Prizes!)"
sanchit1053,1736,1669,-67,3273,2039,"CodeTON Round 9 (Div. 1 + Div. 2, Rated, Prizes!)"
qDis,1210,1278,68,3273,2039,"CodeTON Round 9 (Div. 1 + Div. 2, Rated, Prizes!)"
Ahsanul_Anam_4632,1363,1389,26,3279,2039,"CodeTON Round 9 (Div. 1 + Div. 2, Rated, Prizes!)"
AZizmatic,1173,1252,79,3279,2039,"CodeTON Round 9 (Div. 1 + Div. 2, Rated, Prizes!)"
runde,1569,1543,-26,3279,2039,"CodeTON Round 9 (Div. 1 + Div. 2, Rated, Prizes!)"
RoadToLGM_CF,1317,1355,38,3279,2039,"CodeTON Round 9 (Div. 1 + Div. 2, Rated, Prizes!)"
m_s_t_y,1490,1483,-7,3279,2039,"CodeTON Round 9 (Div. 1 + Div. 2, Rated, Prizes!)"
henryyyh,1339,1371,32,3279,2039,"CodeTON Round 9 (Div. 1 + Div. 2, Rated, Prizes!)"
kuryga,1718,1656,-62,3285,2039,"CodeTON Round 9 (Div. 1 + Div. 2, Rated, Prizes!)"
Mynamic,1467,1466,-1,3285,2039,"CodeTON Round 9 (Div. 1 + Div. 2, Rated, Prizes!)"
TrisJB,941,1184,243,3285,2039,"CodeTON Round 9 (Div. 1 + Div. 2, Rated, Prizes!)"
un_reated,872,1055,183,3288,2039,"CodeTON Round 9 (Div. 1 + Div. 2, Rated, Prizes!)"
IF_SI_TA,1165,1247,82,3288,2039,"CodeTON Round 9 (Div. 1 + Div. 2, Rated, Prizes!)"
mintu.jupally,1577,1548,-29,3288,2039,"CodeTON Round 9 (Div. 1 + Div. 2, Rated, Prizes!)"
mbi,1503,1492,-11,3291,2039,"CodeTON Round 9 (Div. 1 + Div. 2, Rated, Prizes!)"
gl_okra,1222,1286,64,3291,2039,"CodeTON Round 9 (Div. 1 + Div. 2, Rated, Prizes!)"
redsoon,806,1083,277,3291,2039,"CodeTON Round 9 (Div. 1 + Div. 2, Rated, Prizes!)"
sanketag23,1324,1360,36,3291,2039,"CodeTON Round 9 (Div. 1 + Div. 2, Rated, Prizes!)"
Abdur_Rahman_Russel,1047,1166,119,3291,2039,"CodeTON Round 9 (Div. 1 + Div. 2, Rated, Prizes!)"
PK_but_dumber,1010,1141,131,3291,2039,"CodeTON Round 9 (Div. 1 + Div. 2, Rated, Prizes!)"
Sho_9079,1223,1286,63,3291,2039,"CodeTON Round 9 (Div. 1 + Div. 2, Rated, Prizes!)"
toilantm_PTNK,1206,1275,69,3298,2039,"CodeTON Round 9 (Div. 1 + Div. 2, Rated, Prizes!)"
lkt,1410,1423,13,3298,2039,"CodeTON Round 9 (Div. 1 + Div. 2, Rated, Prizes!)"
_raZu_,1244,1302,58,3298,2039,"CodeTON Round 9 (Div. 1 + Div. 2, Rated, Prizes!)"
shoushou,1730,1663,-67,3301,2039,"CodeTON Round 9 (Div. 1 + Div. 2, Rated, Prizes!)"
voxthane,1204,1273,69,3301,2039,"CodeTON Round 9 (Div. 1 + Div. 2, Rated, Prizes!)"
SKM,1488,1480,-8,3301,2039,"CodeTON Round 9 (Div. 1 + Div. 2, Rated, Prizes!)"
Messier-42,1392,1409,17,3301,2039,"CodeTON Round 9 (Div. 1 + Div. 2, Rated, Prizes!)"
g-agan,1485,1478,-7,3301,2039,"CodeTON Round 9 (Div. 1 + Div. 2, Rated, Prizes!)"
luxemburger,1484,1477,-7,3301,2039,"CodeTON Round 9 (Div. 1 + Div. 2, Rated, Prizes!)"
pranavsrivastav24,1465,1463,-2,3307,2039,"CodeTON Round 9 (Div. 1 + Div. 2, Rated, Prizes!)"
SijieZhou,1258,1311,53,3307,2039,"CodeTON Round 9 (Div. 1 + Div. 2, Rated, Prizes!)"
naveents1915,1327,1361,34,3307,2039,"CodeTON Round 9 (Div. 1 + Div. 2, Rated, Prizes!)"
MishkatIT,1173,1250,77,3310,2039,"CodeTON Round 9 (Div. 1 + Div. 2, Rated, Prizes!)"
GCVillager,1484,1477,-7,3310,2039,"CodeTON Round 9 (Div. 1 + Div. 2, Rated, Prizes!)"
postmasterr,1367,1391,24,3310,2039,"CodeTON Round 9 (Div. 1 + Div. 2, Rated, Prizes!)"
mkaran9721,1305,1345,40,3310,2039,"CodeTON Round 9 (Div. 1 + Div. 2, Rated, Prizes!)"
Meitnera1n,1253,1307,54,3310,2039,"CodeTON Round 9 (Div. 1 + Div. 2, Rated, Prizes!)"
x_mabster_x,1230,1291,61,3315,2039,"CodeTON Round 9 (Div. 1 + Div. 2, Rated, Prizes!)"
ixronside,1468,1465,-3,3315,2039,"CodeTON Round 9 (Div. 1 + Div. 2, Rated, Prizes!)"
Hoang_Chinh,1322,1357,35,3315,2039,"CodeTON Round 9 (Div. 1 + Div. 2, Rated, Prizes!)"
shivg374,1344,1373,29,3315,2039,"CodeTON Round 9 (Div. 1 + Div. 2, Rated, Prizes!)"
yhy001,1446,1448,2,3315,2039,"CodeTON Round 9 (Div. 1 + Div. 2, Rated, Prizes!)"
primordium,1148,1233,85,3315,2039,"CodeTON Round 9 (Div. 1 + Div. 2, Rated, Prizes!)"
StarNightSnow,1344,1373,29,3321,2039,"CodeTON Round 9 (Div. 1 + Div. 2, Rated, Prizes!)"
animeshm,994,1222,228,3321,2039,"CodeTON Round 9 (Div. 1 + Div. 2, Rated, Prizes!)"
leonlian,1671,1618,-53,3321,2039,"CodeTON Round 9 (Div. 1 + Div. 2, Rated, Prizes!)"
AtomAlpaca,1464,1462,-2,3321,2039,"CodeTON Round 9 (Div. 1 + Div. 2, Rated, Prizes!)"
allen0616,1857,1760,-97,3325,2039,"CodeTON Round 9 (Div. 1 + Div. 2, Rated, Prizes!)"
TheWestWings,1274,1322,48,3325,2039,"CodeTON Round 9 (Div. 1 + Div. 2, Rated, Prizes!)"
atorio,1308,1346,38,3325,2039,"CodeTON Round 9 (Div. 1 + Div. 2, Rated, Prizes!)"
ravi_sumit33,1345,1373,28,3328,2039,"CodeTON Round 9 (Div. 1 + Div. 2, Rated, Prizes!)"
hqhlxj,1554,1529,-25,3328,2039,"CodeTON Round 9 (Div. 1 + Div. 2, Rated, Prizes!)"
bloom-in-yours,1196,1266,70,3328,2039,"CodeTON Round 9 (Div. 1 + Div. 2, Rated, Prizes!)"
Firefrog418,1548,1525,-23,3328,2039,"CodeTON Round 9 (Div. 1 + Div. 2, Rated, Prizes!)"
suharius,1662,1611,-51,3332,2039,"CodeTON Round 9 (Div. 1 + Div. 2, Rated, Prizes!)"
AmgadSmurf,1293,1335,42,3332,2039,"CodeTON Round 9 (Div. 1 + Div. 2, Rated, Prizes!)"
Mr_Surfer,1606,1568,-38,3332,2039,"CodeTON Round 9 (Div. 1 + Div. 2, Rated, Prizes!)"
Bob,1772,1694,-78,3335,2039,"CodeTON Round 9 (Div. 1 + Div. 2, Rated, Prizes!)"
yoki,1496,1485,-11,3335,2039,"CodeTON Round 9 (Div. 1 + Div. 2, Rated, Prizes!)"
Rakib...123,1456,1455,-1,3335,2039,"CodeTON Round 9 (Div. 1 + Div. 2, Rated, Prizes!)"
Syanvu1,1345,1373,28,3335,2039,"CodeTON Round 9 (Div. 1 + Div. 2, Rated, Prizes!)"
Apurv_M,1668,1615,-53,3335,2039,"CodeTON Round 9 (Div. 1 + Div. 2, Rated, Prizes!)"
BinaryMind,1355,1380,25,3335,2039,"CodeTON Round 9 (Div. 1 + Div. 2, Rated, Prizes!)"
raazsharma155,1325,1359,34,3335,2039,"CodeTON Round 9 (Div. 1 + Div. 2, Rated, Prizes!)"
NHMNguyen,989,1125,136,3342,2039,"CodeTON Round 9 (Div. 1 + Div. 2, Rated, Prizes!)"
wktong,1070,1241,171,3342,2039,"CodeTON Round 9 (Div. 1 + Div. 2, Rated, Prizes!)"
csegura,1924,1811,-113,3342,2039,"CodeTON Round 9 (Div. 1 + Div. 2, Rated, Prizes!)"
yltzzz,1636,1591,-45,3342,2039,"CodeTON Round 9 (Div. 1 + Div. 2, Rated, Prizes!)"
starback24,1847,1752,-95,3342,2039,"CodeTON Round 9 (Div. 1 + Div. 2, Rated, Prizes!)"
chetan2_7,1154,1236,82,3342,2039,"CodeTON Round 9 (Div. 1 + Div. 2, Rated, Prizes!)"
xuancx,1883,1779,-104,3348,2039,"CodeTON Round 9 (Div. 1 + Div. 2, Rated, Prizes!)"
chungdinh,1644,1596,-48,3348,2039,"CodeTON Round 9 (Div. 1 + Div. 2, Rated, Prizes!)"
roshan_p_b,1242,1298,56,3348,2039,"CodeTON Round 9 (Div. 1 + Div. 2, Rated, Prizes!)"
_ThisisME,1511,1496,-15,3348,2039,"CodeTON Round 9 (Div. 1 + Div. 2, Rated, Prizes!)"
Wevton,1476,1469,-7,3348,2039,"CodeTON Round 9 (Div. 1 + Div. 2, Rated, Prizes!)"
Furan_101,1201,1268,67,3348,2039,"CodeTON Round 9 (Div. 1 + Div. 2, Rated, Prizes!)"
ete-LHYRT-rnal,1298,1412,114,3348,2039,"CodeTON Round 9 (Div. 1 + Div. 2, Rated, Prizes!)"
23337456,1494,1483,-11,3348,2039,"CodeTON Round 9 (Div. 1 + Div. 2, Rated, Prizes!)"
Munna,1299,1339,40,3356,2039,"CodeTON Round 9 (Div. 1 + Div. 2, Rated, Prizes!)"
beingbetter,579,883,304,3356,2039,"CodeTON Round 9 (Div. 1 + Div. 2, Rated, Prizes!)"
Swayamo,1339,1368,29,3356,2039,"CodeTON Round 9 (Div. 1 + Div. 2, Rated, Prizes!)"
manuel30,1672,1617,-55,3359,2039,"CodeTON Round 9 (Div. 1 + Div. 2, Rated, Prizes!)"
mahir1,1626,1582,-44,3359,2039,"CodeTON Round 9 (Div. 1 + Div. 2, Rated, Prizes!)"
DaniilPanasenkoUa,1420,1427,7,3359,2039,"CodeTON Round 9 (Div. 1 + Div. 2, Rated, Prizes!)"
mdub,1654,1604,-50,3359,2039,"CodeTON Round 9 (Div. 1 + Div. 2, Rated, Prizes!)"
harsh___mishra,1194,1263,69,3359,2039,"CodeTON Round 9 (Div. 1 + Div. 2, Rated, Prizes!)"
_rbx_,1265,1314,49,3359,2039,"CodeTON Round 9 (Div. 1 + Div. 2, Rated, Prizes!)"
bjei,1362,1384,22,3359,2039,"CodeTON Round 9 (Div. 1 + Div. 2, Rated, Prizes!)"
mini_wish_a_girlfriend,1606,1567,-39,3359,2039,"CodeTON Round 9 (Div. 1 + Div. 2, Rated, Prizes!)"
ayushsahu_123,1432,1436,4,3367,2039,"CodeTON Round 9 (Div. 1 + Div. 2, Rated, Prizes!)"
roumeideclown,1361,1383,22,3367,2039,"CodeTON Round 9 (Div. 1 + Div. 2, Rated, Prizes!)"
ninjaHattori1,1499,1486,-13,3367,2039,"CodeTON Round 9 (Div. 1 + Div. 2, Rated, Prizes!)"
TajulTarek,1405,1416,11,3367,2039,"CodeTON Round 9 (Div. 1 + Div. 2, Rated, Prizes!)"
terror23,1310,1346,36,3367,2039,"CodeTON Round 9 (Div. 1 + Div. 2, Rated, Prizes!)"
ripolas,1246,1300,54,3367,2039,"CodeTON Round 9 (Div. 1 + Div. 2, Rated, Prizes!)"
iamarman,1424,1430,6,3367,2039,"CodeTON Round 9 (Div. 1 + Div. 2, Rated, Prizes!)"
Abolfazl11,1554,1527,-27,3374,2039,"CodeTON Round 9 (Div. 1 + Div. 2, Rated, Prizes!)"
Haoyuehx,1155,1270,115,3374,2039,"CodeTON Round 9 (Div. 1 + Div. 2, Rated, Prizes!)"
QRQRQR,1506,1491,-15,3374,2039,"CodeTON Round 9 (Div. 1 + Div. 2, Rated, Prizes!)"
thegreat_gordini14,1519,1501,-18,3374,2039,"CodeTON Round 9 (Div. 1 + Div. 2, Rated, Prizes!)"
udayan8,1317,1351,34,3374,2039,"CodeTON Round 9 (Div. 1 + Div. 2, Rated, Prizes!)"
Toorean,1311,1346,35,3374,2039,"CodeTON Round 9 (Div. 1 + Div. 2, Rated, Prizes!)"
razoncdr,1584,1550,-34,3380,2039,"CodeTON Round 9 (Div. 1 + Div. 2, Rated, Prizes!)"
vinhnct2005,1373,1392,19,3380,2039,"CodeTON Round 9 (Div. 1 + Div. 2, Rated, Prizes!)"
PriyanshuJha24,0,519,519,3380,2039,"CodeTON Round 9 (Div. 1 + Div. 2, Rated, Prizes!)"
iries,1564,1535,-29,3380,2039,"CodeTON Round 9 (Div. 1 + Div. 2, Rated, Prizes!)"
Dennis_Dang,671,981,310,3380,2039,"CodeTON Round 9 (Div. 1 + Div. 2, Rated, Prizes!)"
oooy,1188,1258,70,3380,2039,"CodeTON Round 9 (Div. 1 + Div. 2, Rated, Prizes!)"
g-sensei,806,1079,273,3386,2039,"CodeTON Round 9 (Div. 1 + Div. 2, Rated, Prizes!)"
gauransh_d,1220,1280,60,3386,2039,"CodeTON Round 9 (Div. 1 + Div. 2, Rated, Prizes!)"
litfan,1283,1326,43,3386,2039,"CodeTON Round 9 (Div. 1 + Div. 2, Rated, Prizes!)"
myx12345,1661,1608,-53,3386,2039,"CodeTON Round 9 (Div. 1 + Div. 2, Rated, Prizes!)"
Codesystem,1316,1387,71,3386,2039,"CodeTON Round 9 (Div. 1 + Div. 2, Rated, Prizes!)"
sunny_76,1431,1435,4,3391,2039,"CodeTON Round 9 (Div. 1 + Div. 2, Rated, Prizes!)"
ishraqfatin7,1432,1435,3,3391,2039,"CodeTON Round 9 (Div. 1 + Div. 2, Rated, Prizes!)"
vuatroicho,1177,1307,130,3391,2039,"CodeTON Round 9 (Div. 1 + Div. 2, Rated, Prizes!)"
sergejj,1218,1279,61,3391,2039,"CodeTON Round 9 (Div. 1 + Div. 2, Rated, Prizes!)"
rohit48200,1355,1378,23,3395,2039,"CodeTON Round 9 (Div. 1 + Div. 2, Rated, Prizes!)"
traderchiter,0,519,519,3395,2039,"CodeTON Round 9 (Div. 1 + Div. 2, Rated, Prizes!)"
lucaminiati,1495,1482,-13,3395,2039,"CodeTON Round 9 (Div. 1 + Div. 2, Rated, Prizes!)"
nonam33,1206,1270,64,3395,2039,"CodeTON Round 9 (Div. 1 + Div. 2, Rated, Prizes!)"
SG_11,1236,1291,55,3399,2039,"CodeTON Round 9 (Div. 1 + Div. 2, Rated, Prizes!)"
Binww,1810,1721,-89,3399,2039,"CodeTON Round 9 (Div. 1 + Div. 2, Rated, Prizes!)"
tc_adventureking,1339,1366,27,3401,2039,"CodeTON Round 9 (Div. 1 + Div. 2, Rated, Prizes!)"
igoroogle,1744,1671,-73,3401,2039,"CodeTON Round 9 (Div. 1 + Div. 2, Rated, Prizes!)"
elate,1484,1473,-11,3403,2039,"CodeTON Round 9 (Div. 1 + Div. 2, Rated, Prizes!)"
ElBarbados,1209,1272,63,3403,2039,"CodeTON Round 9 (Div. 1 + Div. 2, Rated, Prizes!)"
fbhklasfdcs,0,518,518,3403,2039,"CodeTON Round 9 (Div. 1 + Div. 2, Rated, Prizes!)"
RifatALmuiN,1405,1414,9,3406,2039,"CodeTON Round 9 (Div. 1 + Div. 2, Rated, Prizes!)"
FreenCKup,1534,1511,-23,3406,2039,"CodeTON Round 9 (Div. 1 + Div. 2, Rated, Prizes!)"
goodsmellmoutainpeople,1365,1385,20,3406,2039,"CodeTON Round 9 (Div. 1 + Div. 2, Rated, Prizes!)"
yeling,1343,1369,26,3406,2039,"CodeTON Round 9 (Div. 1 + Div. 2, Rated, Prizes!)"
asifalim,1222,1281,59,3406,2039,"CodeTON Round 9 (Div. 1 + Div. 2, Rated, Prizes!)"
byCoso,977,1206,229,3411,2039,"CodeTON Round 9 (Div. 1 + Div. 2, Rated, Prizes!)"
ChirkovM,1673,1616,-57,3411,2039,"CodeTON Round 9 (Div. 1 + Div. 2, Rated, Prizes!)"
MarcosPauloEvers,1663,1608,-55,3411,2039,"CodeTON Round 9 (Div. 1 + Div. 2, Rated, Prizes!)"
believer_285,1282,1324,42,3411,2039,"CodeTON Round 9 (Div. 1 + Div. 2, Rated, Prizes!)"
Pumkinhead_Me,428,807,379,3411,2039,"CodeTON Round 9 (Div. 1 + Div. 2, Rated, Prizes!)"
Skeptic.,1361,1382,21,3411,2039,"CodeTON Round 9 (Div. 1 + Div. 2, Rated, Prizes!)"
AskThePine,1462,1457,-5,3417,2039,"CodeTON Round 9 (Div. 1 + Div. 2, Rated, Prizes!)"
pleaseusecodew2s,1151,1230,79,3417,2039,"CodeTON Round 9 (Div. 1 + Div. 2, Rated, Prizes!)"
siam-35862,1245,1297,52,3417,2039,"CodeTON Round 9 (Div. 1 + Div. 2, Rated, Prizes!)"
farhan_2204,1330,1359,29,3417,2039,"CodeTON Round 9 (Div. 1 + Div. 2, Rated, Prizes!)"
MeiVinEight,1282,1324,42,3417,2039,"CodeTON Round 9 (Div. 1 + Div. 2, Rated, Prizes!)"
sajal_garg_300,1319,1350,31,3417,2039,"CodeTON Round 9 (Div. 1 + Div. 2, Rated, Prizes!)"
mihiragrawal2012,1386,1400,14,3417,2039,"CodeTON Round 9 (Div. 1 + Div. 2, Rated, Prizes!)"
Talent_Camellia,1545,1518,-27,3424,2039,"CodeTON Round 9 (Div. 1 + Div. 2, Rated, Prizes!)"
dougalves,1619,1575,-44,3424,2039,"CodeTON Round 9 (Div. 1 + Div. 2, Rated, Prizes!)"
YuezhengLingOvO,1343,1367,24,3424,2039,"CodeTON Round 9 (Div. 1 + Div. 2, Rated, Prizes!)"
ami_alim,1241,1293,52,3424,2039,"CodeTON Round 9 (Div. 1 + Div. 2, Rated, Prizes!)"
gauravantil,1490,1477,-13,3424,2039,"CodeTON Round 9 (Div. 1 + Div. 2, Rated, Prizes!)"
LLsynth,1274,1354,80,3424,2039,"CodeTON Round 9 (Div. 1 + Div. 2, Rated, Prizes!)"
BaarishBoy,1244,1296,52,3424,2039,"CodeTON Round 9 (Div. 1 + Div. 2, Rated, Prizes!)"
Alphius,0,517,517,3424,2039,"CodeTON Round 9 (Div. 1 + Div. 2, Rated, Prizes!)"
tempestDemise,1571,1538,-33,3432,2039,"CodeTON Round 9 (Div. 1 + Div. 2, Rated, Prizes!)"
AhmedEhab,1265,1310,45,3432,2039,"CodeTON Round 9 (Div. 1 + Div. 2, Rated, Prizes!)"
Neeki,1667,1611,-56,3432,2039,"CodeTON Round 9 (Div. 1 + Div. 2, Rated, Prizes!)"
Sora05,1393,1404,11,3432,2039,"CodeTON Round 9 (Div. 1 + Div. 2, Rated, Prizes!)"
fggg,1069,1174,105,3432,2039,"CodeTON Round 9 (Div. 1 + Div. 2, Rated, Prizes!)"
haytam_kenway,1110,1202,92,3432,2039,"CodeTON Round 9 (Div. 1 + Div. 2, Rated, Prizes!)"
quater_nion,1369,1386,17,3438,2039,"CodeTON Round 9 (Div. 1 + Div. 2, Rated, Prizes!)"
_Darkrai_,1238,1291,53,3438,2039,"CodeTON Round 9 (Div. 1 + Div. 2, Rated, Prizes!)"
chlalstjr,1637,1588,-49,3438,2039,"CodeTON Round 9 (Div. 1 + Div. 2, Rated, Prizes!)"
Adam2002,1303,1338,35,3438,2039,"CodeTON Round 9 (Div. 1 + Div. 2, Rated, Prizes!)"
6_108,1770,1727,-43,3442,2039,"CodeTON Round 9 (Div. 1 + Div. 2, Rated, Prizes!)"
SysTaker,1340,1365,25,3442,2039,"CodeTON Round 9 (Div. 1 + Div. 2, Rated, Prizes!)"
L_eonardo_,1059,1167,108,3442,2039,"CodeTON Round 9 (Div. 1 + Div. 2, Rated, Prizes!)"
thunder1208,1378,1393,15,3442,2039,"CodeTON Round 9 (Div. 1 + Div. 2, Rated, Prizes!)"
__monstiez__,1260,1306,46,3446,2039,"CodeTON Round 9 (Div. 1 + Div. 2, Rated, Prizes!)"
anshul169,1407,1414,7,3446,2039,"CodeTON Round 9 (Div. 1 + Div. 2, Rated, Prizes!)"
Dongtoujiao,1297,1333,36,3446,2039,"CodeTON Round 9 (Div. 1 + Div. 2, Rated, Prizes!)"
sharmachirag10,1396,1406,10,3446,2039,"CodeTON Round 9 (Div. 1 + Div. 2, Rated, Prizes!)"
__rose,1384,1397,13,3446,2039,"CodeTON Round 9 (Div. 1 + Div. 2, Rated, Prizes!)"
Cyb3rBolt_,1576,1541,-35,3446,2039,"CodeTON Round 9 (Div. 1 + Div. 2, Rated, Prizes!)"
libingye,450,822,372,3452,2039,"CodeTON Round 9 (Div. 1 + Div. 2, Rated, Prizes!)"
newsboy,1390,1401,11,3452,2039,"CodeTON Round 9 (Div. 1 + Div. 2, Rated, Prizes!)"
Mycodeiskuina,1204,1267,63,3452,2039,"CodeTON Round 9 (Div. 1 + Div. 2, Rated, Prizes!)"
prakharpande2001,1544,1517,-27,3452,2039,"CodeTON Round 9 (Div. 1 + Div. 2, Rated, Prizes!)"
codrac,1250,1358,108,3456,2039,"CodeTON Round 9 (Div. 1 + Div. 2, Rated, Prizes!)"
JackI,1332,1358,26,3456,2039,"CodeTON Round 9 (Div. 1 + Div. 2, Rated, Prizes!)"
sonlh07,1591,1552,-39,3456,2039,"CodeTON Round 9 (Div. 1 + Div. 2, Rated, Prizes!)"
walizamanee,1577,1542,-35,3456,2039,"CodeTON Round 9 (Div. 1 + Div. 2, Rated, Prizes!)"
Fabulouss,1587,1549,-38,3456,2039,"CodeTON Round 9 (Div. 1 + Div. 2, Rated, Prizes!)"
1298947385,1258,1305,47,3456,2039,"CodeTON Round 9 (Div. 1 + Div. 2, Rated, Prizes!)"
3rian_jr,1249,1298,49,3456,2039,"CodeTON Round 9 (Div. 1 + Div. 2, Rated, Prizes!)"
ChrizzyB47,1269,1312,43,3463,2039,"CodeTON Round 9 (Div. 1 + Div. 2, Rated, Prizes!)"
Istiaque_ahmed,1266,1310,44,3463,2039,"CodeTON Round 9 (Div. 1 + Div. 2, Rated, Prizes!)"
Hmzaawy,1642,1590,-52,3463,2039,"CodeTON Round 9 (Div. 1 + Div. 2, Rated, Prizes!)"
zhuzhengxin,1134,1251,117,3466,2039,"CodeTON Round 9 (Div. 1 + Div. 2, Rated, Prizes!)"
ImShimla__,1305,1339,34,3466,2039,"CodeTON Round 9 (Div. 1 + Div. 2, Rated, Prizes!)"
ElayV13,481,844,363,3466,2039,"CodeTON Round 9 (Div. 1 + Div. 2, Rated, Prizes!)"
Khatn,1191,1256,65,3466,2039,"CodeTON Round 9 (Div. 1 + Div. 2, Rated, Prizes!)"
HAWK.Jeet,1090,1186,96,3466,2039,"CodeTON Round 9 (Div. 1 + Div. 2, Rated, Prizes!)"
Rosh_29,979,1169,190,3471,2039,"CodeTON Round 9 (Div. 1 + Div. 2, Rated, Prizes!)"
UniGravity,1401,1446,45,3471,2039,"CodeTON Round 9 (Div. 1 + Div. 2, Rated, Prizes!)"
MWarith,1212,1271,59,3471,2039,"CodeTON Round 9 (Div. 1 + Div. 2, Rated, Prizes!)"
saptarshikuar2003,1113,1202,89,3471,2039,"CodeTON Round 9 (Div. 1 + Div. 2, Rated, Prizes!)"
ShaklineHossen,1221,1277,56,3471,2039,"CodeTON Round 9 (Div. 1 + Div. 2, Rated, Prizes!)"
Nikitajmv,1419,1422,3,3471,2039,"CodeTON Round 9 (Div. 1 + Div. 2, Rated, Prizes!)"
Dulat31,1242,1292,50,3477,2039,"CodeTON Round 9 (Div. 1 + Div. 2, Rated, Prizes!)"
lozergam,1452,1446,-6,3477,2039,"CodeTON Round 9 (Div. 1 + Div. 2, Rated, Prizes!)"
automaton24,1380,1393,13,3477,2039,"CodeTON Round 9 (Div. 1 + Div. 2, Rated, Prizes!)"
sonphan,1015,1195,180,3477,2039,"CodeTON Round 9 (Div. 1 + Div. 2, Rated, Prizes!)"
adithyakanil,1207,1267,60,3477,2039,"CodeTON Round 9 (Div. 1 + Div. 2, Rated, Prizes!)"
whizdor,1052,1222,170,3477,2039,"CodeTON Round 9 (Div. 1 + Div. 2, Rated, Prizes!)"
Arth2022,1643,1591,-52,3477,2039,"CodeTON Round 9 (Div. 1 + Div. 2, Rated, Prizes!)"
atharrizwan,1258,1303,45,3484,2039,"CodeTON Round 9 (Div. 1 + Div. 2, Rated, Prizes!)"
LeticiaFCS,1604,1561,-43,3484,2039,"CodeTON Round 9 (Div. 1 + Div. 2, Rated, Prizes!)"
AmirRezHere,1290,1387,97,3484,2039,"CodeTON Round 9 (Div. 1 + Div. 2, Rated, Prizes!)"
tch1001,1687,1624,-63,3484,2039,"CodeTON Round 9 (Div. 1 + Div. 2, Rated, Prizes!)"
FHH2004,1608,1564,-44,3484,2039,"CodeTON Round 9 (Div. 1 + Div. 2, Rated, Prizes!)"
I_love_humingyu,1257,1302,45,3489,2039,"CodeTON Round 9 (Div. 1 + Div. 2, Rated, Prizes!)"
Incognito_Mode_On,1290,1326,36,3489,2039,"CodeTON Round 9 (Div. 1 + Div. 2, Rated, Prizes!)"
Singh_jassi,1265,1308,43,3489,2039,"CodeTON Round 9 (Div. 1 + Div. 2, Rated, Prizes!)"
StarKirbyyy,717,1010,293,3489,2039,"CodeTON Round 9 (Div. 1 + Div. 2, Rated, Prizes!)"
VioletVal,986,1116,130,3489,2039,"CodeTON Round 9 (Div. 1 + Div. 2, Rated, Prizes!)"
Boxfish,1435,1470,35,3494,2039,"CodeTON Round 9 (Div. 1 + Div. 2, Rated, Prizes!)"
QH08,514,867,353,3494,2039,"CodeTON Round 9 (Div. 1 + Div. 2, Rated, Prizes!)"
muhammad_jarjoumi,1377,1390,13,3494,2039,"CodeTON Round 9 (Div. 1 + Div. 2, Rated, Prizes!)"
fuwad,1441,1438,-3,3494,2039,"CodeTON Round 9 (Div. 1 + Div. 2, Rated, Prizes!)"
teejorob,1362,1379,17,3498,2039,"CodeTON Round 9 (Div. 1 + Div. 2, Rated, Prizes!)"
AlKhwarizmiFan,1370,1385,15,3498,2039,"CodeTON Round 9 (Div. 1 + Div. 2, Rated, Prizes!)"
SolidAngel,1359,1376,17,3500,2039,"CodeTON Round 9 (Div. 1 + Div. 2, Rated, Prizes!)"
akshay_2902,1578,1540,-38,3500,2039,"CodeTON Round 9 (Div. 1 + Div. 2, Rated, Prizes!)"
_KingBob_,1462,1453,-9,3500,2039,"CodeTON Round 9 (Div. 1 + Div. 2, Rated, Prizes!)"
averageAlgoEnjoyer,1360,1377,17,3500,2039,"CodeTON Round 9 (Div. 1 + Div. 2, Rated, Prizes!)"
Alikhder7,1570,1534,-36,3500,2039,"CodeTON Round 9 (Div. 1 + Div. 2, Rated, Prizes!)"
mctominay,1273,1349,76,3505,2039,"CodeTON Round 9 (Div. 1 + Div. 2, Rated, Prizes!)"
silicalet,1255,1300,45,3505,2039,"CodeTON Round 9 (Div. 1 + Div. 2, Rated, Prizes!)"
tThe_great_move,1158,1231,73,3505,2039,"CodeTON Round 9 (Div. 1 + Div. 2, Rated, Prizes!)"
ExtraStageLover,1623,1575,-48,3505,2039,"CodeTON Round 9 (Div. 1 + Div. 2, Rated, Prizes!)"
123cfx,1102,1193,91,3505,2039,"CodeTON Round 9 (Div. 1 + Div. 2, Rated, Prizes!)"
Neckt00,1218,1274,56,3510,2039,"CodeTON Round 9 (Div. 1 + Div. 2, Rated, Prizes!)"
3bdulrahman.,1312,1341,29,3511,2039,"CodeTON Round 9 (Div. 1 + Div. 2, Rated, Prizes!)"
giga-bit,1880,1771,-109,3511,2039,"CodeTON Round 9 (Div. 1 + Div. 2, Rated, Prizes!)"
slayone_platelet,1420,1421,1,3511,2039,"CodeTON Round 9 (Div. 1 + Div. 2, Rated, Prizes!)"
Kluco,1506,1486,-20,3511,2039,"CodeTON Round 9 (Div. 1 + Div. 2, Rated, Prizes!)"
Ankit_sharma05,586,916,330,3511,2039,"CodeTON Round 9 (Div. 1 + Div. 2, Rated, Prizes!)"
Sahil_Sarfraz,1181,1247,66,3516,2039,"CodeTON Round 9 (Div. 1 + Div. 2, Rated, Prizes!)"
myvaluska,1188,1252,64,3516,2039,"CodeTON Round 9 (Div. 1 + Div. 2, Rated, Prizes!)"
Enzinho,1709,1640,-69,3516,2039,"CodeTON Round 9 (Div. 1 + Div. 2, Rated, Prizes!)"
sterlin,1640,1587,-53,3516,2039,"CodeTON Round 9 (Div. 1 + Div. 2, Rated, Prizes!)"
dipanshu115,1313,1342,29,3520,2039,"CodeTON Round 9 (Div. 1 + Div. 2, Rated, Prizes!)"
Wis_adel,1154,1296,142,3520,2039,"CodeTON Round 9 (Div. 1 + Div. 2, Rated, Prizes!)"
fornaxx,1317,1345,28,3520,2039,"CodeTON Round 9 (Div. 1 + Div. 2, Rated, Prizes!)"
testtest111ksjfrdvn,1269,1309,40,3520,2039,"CodeTON Round 9 (Div. 1 + Div. 2, Rated, Prizes!)"
Lost_Warrior,1473,1460,-13,3520,2039,"CodeTON Round 9 (Div. 1 + Div. 2, Rated, Prizes!)"
x3mka,1264,1306,42,3520,2039,"CodeTON Round 9 (Div. 1 + Div. 2, Rated, Prizes!)"
you_knowme,1150,1225,75,3526,2039,"CodeTON Round 9 (Div. 1 + Div. 2, Rated, Prizes!)"
srai2225,1323,1349,26,3526,2039,"CodeTON Round 9 (Div. 1 + Div. 2, Rated, Prizes!)"
Kamikazee112,1508,1487,-21,3526,2039,"CodeTON Round 9 (Div. 1 + Div. 2, Rated, Prizes!)"
ERin_cy,1203,1262,59,3526,2039,"CodeTON Round 9 (Div. 1 + Div. 2, Rated, Prizes!)"
Nishant_Garg09,1151,1226,75,3526,2039,"CodeTON Round 9 (Div. 1 + Div. 2, Rated, Prizes!)"
mw3m,1182,1247,65,3526,2039,"CodeTON Round 9 (Div. 1 + Div. 2, Rated, Prizes!)"
Soultaker,2246,2061,-185,3532,2039,"CodeTON Round 9 (Div. 1 + Div. 2, Rated, Prizes!)"
Oleja123,1661,1602,-59,3532,2039,"CodeTON Round 9 (Div. 1 + Div. 2, Rated, Prizes!)"
ChinmayA_G,1318,1345,27,3532,2039,"CodeTON Round 9 (Div. 1 + Div. 2, Rated, Prizes!)"
Haasl,1335,1357,22,3532,2039,"CodeTON Round 9 (Div. 1 + Div. 2, Rated, Prizes!)"
zysssss,599,930,331,3532,2039,"CodeTON Round 9 (Div. 1 + Div. 2, Rated, Prizes!)"
S4MI,1580,1541,-39,3537,2039,"CodeTON Round 9 (Div. 1 + Div. 2, Rated, Prizes!)"
CodeBot5621,1192,1254,62,3537,2039,"CodeTON Round 9 (Div. 1 + Div. 2, Rated, Prizes!)"
deesu,0,513,513,3537,2039,"CodeTON Round 9 (Div. 1 + Div. 2, Rated, Prizes!)"
Utsav_21,1144,1220,76,3537,2039,"CodeTON Round 9 (Div. 1 + Div. 2, Rated, Prizes!)"
JJCUBER,938,1171,233,3537,2039,"CodeTON Round 9 (Div. 1 + Div. 2, Rated, Prizes!)"
shailendra123,1355,1409,54,3537,2039,"CodeTON Round 9 (Div. 1 + Div. 2, Rated, Prizes!)"
zyouri,1593,1551,-42,3537,2039,"CodeTON Round 9 (Div. 1 + Div. 2, Rated, Prizes!)"
Leomi,1332,1355,23,3544,2039,"CodeTON Round 9 (Div. 1 + Div. 2, Rated, Prizes!)"
LHaooo,1704,1635,-69,3544,2039,"CodeTON Round 9 (Div. 1 + Div. 2, Rated, Prizes!)"
Bhuban,1390,1398,8,3546,2039,"CodeTON Round 9 (Div. 1 + Div. 2, Rated, Prizes!)"
manmeet_ki_muskan_2.0,1331,1354,23,3546,2039,"CodeTON Round 9 (Div. 1 + Div. 2, Rated, Prizes!)"
surenjamts,1278,1315,37,3546,2039,"CodeTON Round 9 (Div. 1 + Div. 2, Rated, Prizes!)"
ErlandMB,1297,1329,32,3549,2039,"CodeTON Round 9 (Div. 1 + Div. 2, Rated, Prizes!)"
heesooyaam,1737,1660,-77,3549,2039,"CodeTON Round 9 (Div. 1 + Div. 2, Rated, Prizes!)"
NotTogawaButSakiko,1251,1296,45,3549,2039,"CodeTON Round 9 (Div. 1 + Div. 2, Rated, Prizes!)"
MIHALI,1257,1300,43,3552,2039,"CodeTON Round 9 (Div. 1 + Div. 2, Rated, Prizes!)"
greedyforces_,1641,1586,-55,3552,2039,"CodeTON Round 9 (Div. 1 + Div. 2, Rated, Prizes!)"
rhm_gan,1400,1405,5,3552,2039,"CodeTON Round 9 (Div. 1 + Div. 2, Rated, Prizes!)"
Cheshulko,1556,1522,-34,3552,2039,"CodeTON Round 9 (Div. 1 + Div. 2, Rated, Prizes!)"
zhang123456889,1393,1399,6,3552,2039,"CodeTON Round 9 (Div. 1 + Div. 2, Rated, Prizes!)"
xiacoke7708,1417,1418,1,3552,2039,"CodeTON Round 9 (Div. 1 + Div. 2, Rated, Prizes!)"
Moynul_Islam,1491,1473,-18,3558,2039,"CodeTON Round 9 (Div. 1 + Div. 2, Rated, Prizes!)"
DiruiXiao,1648,1592,-56,3558,2039,"CodeTON Round 9 (Div. 1 + Div. 2, Rated, Prizes!)"
bestttintheworld,1459,1448,-11,3558,2039,"CodeTON Round 9 (Div. 1 + Div. 2, Rated, Prizes!)"
brawler45,1494,1475,-19,3558,2039,"CodeTON Round 9 (Div. 1 + Div. 2, Rated, Prizes!)"
GodNess_of_10000_huan,1316,1342,26,3558,2039,"CodeTON Round 9 (Div. 1 + Div. 2, Rated, Prizes!)"
ns0,1497,1477,-20,3563,2039,"CodeTON Round 9 (Div. 1 + Div. 2, Rated, Prizes!)"
namankun,1373,1447,74,3563,2039,"CodeTON Round 9 (Div. 1 + Div. 2, Rated, Prizes!)"
alextigau,1523,1497,-26,3563,2039,"CodeTON Round 9 (Div. 1 + Div. 2, Rated, Prizes!)"
linearspace,1563,1527,-36,3563,2039,"CodeTON Round 9 (Div. 1 + Div. 2, Rated, Prizes!)"
hey_man,1292,1325,33,3563,2039,"CodeTON Round 9 (Div. 1 + Div. 2, Rated, Prizes!)"
mukulmishra,1062,1163,101,3568,2039,"CodeTON Round 9 (Div. 1 + Div. 2, Rated, Prizes!)"
purp4ever,1973,1841,-132,3568,2039,"CodeTON Round 9 (Div. 1 + Div. 2, Rated, Prizes!)"
miemiejiuming,1402,1406,4,3568,2039,"CodeTON Round 9 (Div. 1 + Div. 2, Rated, Prizes!)"
The_Lion_King_4210,1670,1608,-62,3568,2039,"CodeTON Round 9 (Div. 1 + Div. 2, Rated, Prizes!)"
ShashankGaur03,1568,1530,-38,3572,2039,"CodeTON Round 9 (Div. 1 + Div. 2, Rated, Prizes!)"
maxim_tep,1249,1293,44,3572,2039,"CodeTON Round 9 (Div. 1 + Div. 2, Rated, Prizes!)"
22U069,1655,1596,-59,3572,2039,"CodeTON Round 9 (Div. 1 + Div. 2, Rated, Prizes!)"
Sagnik_121,1312,1339,27,3572,2039,"CodeTON Round 9 (Div. 1 + Div. 2, Rated, Prizes!)"
dwq_hca,996,1177,181,3576,2039,"CodeTON Round 9 (Div. 1 + Div. 2, Rated, Prizes!)"
Sultana_Akter,1477,1462,-15,3576,2039,"CodeTON Round 9 (Div. 1 + Div. 2, Rated, Prizes!)"
Ayan_Sohail,1127,1207,80,3576,2039,"CodeTON Round 9 (Div. 1 + Div. 2, Rated, Prizes!)"
osama_bq,1429,1425,-4,3579,2039,"CodeTON Round 9 (Div. 1 + Div. 2, Rated, Prizes!)"
HellPixar,1529,1501,-28,3579,2039,"CodeTON Round 9 (Div. 1 + Div. 2, Rated, Prizes!)"
M4TV3Y_Y3RM0L41,0,512,512,3579,2039,"CodeTON Round 9 (Div. 1 + Div. 2, Rated, Prizes!)"
Th1nker,1430,1426,-4,3582,2039,"CodeTON Round 9 (Div. 1 + Div. 2, Rated, Prizes!)"
Ubantu,0,512,512,3582,2039,"CodeTON Round 9 (Div. 1 + Div. 2, Rated, Prizes!)"
qcpy,1085,1178,93,3582,2039,"CodeTON Round 9 (Div. 1 + Div. 2, Rated, Prizes!)"
gbula,1678,1613,-65,3585,2039,"CodeTON Round 9 (Div. 1 + Div. 2, Rated, Prizes!)"
mbsarhan,1365,1378,13,3585,2039,"CodeTON Round 9 (Div. 1 + Div. 2, Rated, Prizes!)"
Sudip809,1551,1517,-34,3585,2039,"CodeTON Round 9 (Div. 1 + Div. 2, Rated, Prizes!)"
allw,1678,1613,-65,3588,2039,"CodeTON Round 9 (Div. 1 + Div. 2, Rated, Prizes!)"
Mrlime,1302,1331,29,3588,2039,"CodeTON Round 9 (Div. 1 + Div. 2, Rated, Prizes!)"
jeshts27,1088,1180,92,3588,2039,"CodeTON Round 9 (Div. 1 + Div. 2, Rated, Prizes!)"
shlokjain0177,1179,1243,64,3588,2039,"CodeTON Round 9 (Div. 1 + Div. 2, Rated, Prizes!)"
BOYBESIDECAT,1194,1253,59,3588,2039,"CodeTON Round 9 (Div. 1 + Div. 2, Rated, Prizes!)"
HelloSkyy,1299,1329,30,3593,2039,"CodeTON Round 9 (Div. 1 + Div. 2, Rated, Prizes!)"
for_Yang,0,511,511,3593,2039,"CodeTON Round 9 (Div. 1 + Div. 2, Rated, Prizes!)"
Im.Boo,1334,1354,20,3595,2039,"CodeTON Round 9 (Div. 1 + Div. 2, Rated, Prizes!)"
bassclef,1534,1504,-30,3595,2039,"CodeTON Round 9 (Div. 1 + Div. 2, Rated, Prizes!)"
Black_Friday,1404,1406,2,3595,2039,"CodeTON Round 9 (Div. 1 + Div. 2, Rated, Prizes!)"
AutiFancers,1372,1382,10,3595,2039,"CodeTON Round 9 (Div. 1 + Div. 2, Rated, Prizes!)"
raj2001,1339,1358,19,3595,2039,"CodeTON Round 9 (Div. 1 + Div. 2, Rated, Prizes!)"
ibrahim_ashraf_Temos_Dp,1283,1317,34,3600,2039,"CodeTON Round 9 (Div. 1 + Div. 2, Rated, Prizes!)"
srijon_32,1164,1232,68,3600,2039,"CodeTON Round 9 (Div. 1 + Div. 2, Rated, Prizes!)"
almostexpert,1357,1371,14,3600,2039,"CodeTON Round 9 (Div. 1 + Div. 2, Rated, Prizes!)"
Bruce_wayne__,1410,1411,1,3600,2039,"CodeTON Round 9 (Div. 1 + Div. 2, Rated, Prizes!)"
bittercof,1246,1290,44,3600,2039,"CodeTON Round 9 (Div. 1 + Div. 2, Rated, Prizes!)"
farmerjiang,1625,1572,-53,3605,2039,"CodeTON Round 9 (Div. 1 + Div. 2, Rated, Prizes!)"
b_AHA_r,1238,1284,46,3605,2039,"CodeTON Round 9 (Div. 1 + Div. 2, Rated, Prizes!)"
ritton,884,1078,194,3605,2039,"CodeTON Round 9 (Div. 1 + Div. 2, Rated, Prizes!)"
MUIGokuSan,1188,1248,60,3605,2039,"CodeTON Round 9 (Div. 1 + Div. 2, Rated, Prizes!)"
Adityaxv,1292,1323,31,3609,2039,"CodeTON Round 9 (Div. 1 + Div. 2, Rated, Prizes!)"
tonmoy6052,1388,1394,6,3609,2039,"CodeTON Round 9 (Div. 1 + Div. 2, Rated, Prizes!)"
ilija_IR_13,1422,1419,-3,3611,2039,"CodeTON Round 9 (Div. 1 + Div. 2, Rated, Prizes!)"
D_S,1060,1160,100,3611,2039,"CodeTON Round 9 (Div. 1 + Div. 2, Rated, Prizes!)"
ruban,1415,1414,-1,3611,2039,"CodeTON Round 9 (Div. 1 + Div. 2, Rated, Prizes!)"
Maciesz,1377,1385,8,3611,2039,"CodeTON Round 9 (Div. 1 + Div. 2, Rated, Prizes!)"
s_ALI_mi,1401,1403,2,3611,2039,"CodeTON Round 9 (Div. 1 + Div. 2, Rated, Prizes!)"
Mahmoud_syria,1396,1400,4,3616,2039,"CodeTON Round 9 (Div. 1 + Div. 2, Rated, Prizes!)"
Sameer_Raj,1312,1338,26,3616,2039,"CodeTON Round 9 (Div. 1 + Div. 2, Rated, Prizes!)"
Modulo.TwentyEight,1418,1416,-2,3616,2039,"CodeTON Round 9 (Div. 1 + Div. 2, Rated, Prizes!)"
codexzx,991,1113,122,3619,2039,"CodeTON Round 9 (Div. 1 + Div. 2, Rated, Prizes!)"
devilmaycry0999,0,510,510,3619,2039,"CodeTON Round 9 (Div. 1 + Div. 2, Rated, Prizes!)"
DatDangBanIa,1087,1177,90,3619,2039,"CodeTON Round 9 (Div. 1 + Div. 2, Rated, Prizes!)"
CHY_YASIR,1451,1440,-11,3619,2039,"CodeTON Round 9 (Div. 1 + Div. 2, Rated, Prizes!)"
iasmimqf,1470,1454,-16,3619,2039,"CodeTON Round 9 (Div. 1 + Div. 2, Rated, Prizes!)"
Mostafiz25,999,1119,120,3619,2039,"CodeTON Round 9 (Div. 1 + Div. 2, Rated, Prizes!)"
Ramim2219,1092,1236,144,3619,2039,"CodeTON Round 9 (Div. 1 + Div. 2, Rated, Prizes!)"
naitik10001,1510,1485,-25,3619,2039,"CodeTON Round 9 (Div. 1 + Div. 2, Rated, Prizes!)"
zoro2000,1574,1533,-41,3619,2039,"CodeTON Round 9 (Div. 1 + Div. 2, Rated, Prizes!)"
alt12345,1209,1321,112,3628,2039,"CodeTON Round 9 (Div. 1 + Div. 2, Rated, Prizes!)"
L.exe,1282,1315,33,3628,2039,"CodeTON Round 9 (Div. 1 + Div. 2, Rated, Prizes!)"
ChiR24,1036,1204,168,3628,2039,"CodeTON Round 9 (Div. 1 + Div. 2, Rated, Prizes!)"
Nagisa-Furukawa,1226,1274,48,3628,2039,"CodeTON Round 9 (Div. 1 + Div. 2, Rated, Prizes!)"
SadikMR,1259,1298,39,3628,2039,"CodeTON Round 9 (Div. 1 + Div. 2, Rated, Prizes!)"
chirag_unision,1039,1145,106,3628,2039,"CodeTON Round 9 (Div. 1 + Div. 2, Rated, Prizes!)"
lost_everything,1371,1380,9,3634,2039,"CodeTON Round 9 (Div. 1 + Div. 2, Rated, Prizes!)"
ZhishengIE006,1030,1200,170,3634,2039,"CodeTON Round 9 (Div. 1 + Div. 2, Rated, Prizes!)"
aBhiLASH,1273,1308,35,3634,2039,"CodeTON Round 9 (Div. 1 + Div. 2, Rated, Prizes!)"
not_Bekzhan_Aldiyar,1280,1313,33,3637,2039,"CodeTON Round 9 (Div. 1 + Div. 2, Rated, Prizes!)"
tacuya,1284,1316,32,3637,2039,"CodeTON Round 9 (Div. 1 + Div. 2, Rated, Prizes!)"
Anurag6022,1117,1197,80,3639,2039,"CodeTON Round 9 (Div. 1 + Div. 2, Rated, Prizes!)"
Sadnur_Islam,1331,1350,19,3639,2039,"CodeTON Round 9 (Div. 1 + Div. 2, Rated, Prizes!)"
I_love_Si_Quy,1411,1410,-1,3639,2039,"CodeTON Round 9 (Div. 1 + Div. 2, Rated, Prizes!)"
Shaheer.Old,1159,1226,67,3642,2039,"CodeTON Round 9 (Div. 1 + Div. 2, Rated, Prizes!)"
RSAMSD,1377,1384,7,3642,2039,"CodeTON Round 9 (Div. 1 + Div. 2, Rated, Prizes!)"
ydhabc,1269,1305,36,3642,2039,"CodeTON Round 9 (Div. 1 + Div. 2, Rated, Prizes!)"
Anything_qwq,1223,1272,49,3642,2039,"CodeTON Round 9 (Div. 1 + Div. 2, Rated, Prizes!)"
shad0w,1524,1495,-29,3642,2039,"CodeTON Round 9 (Div. 1 + Div. 2, Rated, Prizes!)"
_Djhhh,1533,1501,-32,3642,2039,"CodeTON Round 9 (Div. 1 + Div. 2, Rated, Prizes!)"
WillSee,1160,1227,67,3648,2039,"CodeTON Round 9 (Div. 1 + Div. 2, Rated, Prizes!)"
ab_malek,1488,1467,-21,3648,2039,"CodeTON Round 9 (Div. 1 + Div. 2, Rated, Prizes!)"
Wyx776161,1063,1160,97,3648,2039,"CodeTON Round 9 (Div. 1 + Div. 2, Rated, Prizes!)"
ironman263,1302,1329,27,3648,2039,"CodeTON Round 9 (Div. 1 + Div. 2, Rated, Prizes!)"
liu_yi,489,843,354,3648,2039,"CodeTON Round 9 (Div. 1 + Div. 2, Rated, Prizes!)"
lemonti,1634,1578,-56,3653,2039,"CodeTON Round 9 (Div. 1 + Div. 2, Rated, Prizes!)"
huyngodzzz,673,971,298,3653,2039,"CodeTON Round 9 (Div. 1 + Div. 2, Rated, Prizes!)"
Nasa_Yuzaki,1339,1356,17,3653,2039,"CodeTON Round 9 (Div. 1 + Div. 2, Rated, Prizes!)"
PseudoWritter,1494,1472,-22,3656,2039,"CodeTON Round 9 (Div. 1 + Div. 2, Rated, Prizes!)"
Eternal_Quest,1247,1288,41,3656,2039,"CodeTON Round 9 (Div. 1 + Div. 2, Rated, Prizes!)"
Dtbigwaves,1060,1158,98,3656,2039,"CodeTON Round 9 (Div. 1 + Div. 2, Rated, Prizes!)"
NagisaF,1636,1579,-57,3659,2039,"CodeTON Round 9 (Div. 1 + Div. 2, Rated, Prizes!)"
turad_2002,1043,1146,103,3659,2039,"CodeTON Round 9 (Div. 1 + Div. 2, Rated, Prizes!)"
ProfGiri,1594,1547,-47,3659,2039,"CodeTON Round 9 (Div. 1 + Div. 2, Rated, Prizes!)"
notnotharsh,1580,1536,-44,3659,2039,"CodeTON Round 9 (Div. 1 + Div. 2, Rated, Prizes!)"
Noyon_Mozumder,1095,1181,86,3663,2039,"CodeTON Round 9 (Div. 1 + Div. 2, Rated, Prizes!)"
spacetune,1405,1404,-1,3663,2039,"CodeTON Round 9 (Div. 1 + Div. 2, Rated, Prizes!)"
Big-air-eyes,1029,1136,107,3663,2039,"CodeTON Round 9 (Div. 1 + Div. 2, Rated, Prizes!)"
ravigod22,1437,1428,-9,3663,2039,"CodeTON Round 9 (Div. 1 + Div. 2, Rated, Prizes!)"
qwer4399,914,1062,148,3663,2039,"CodeTON Round 9 (Div. 1 + Div. 2, Rated, Prizes!)"
_WaterDrop_,1239,1282,43,3663,2039,"CodeTON Round 9 (Div. 1 + Div. 2, Rated, Prizes!)"
fshokripour,1417,1413,-4,3669,2039,"CodeTON Round 9 (Div. 1 + Div. 2, Rated, Prizes!)"
danielrmzkuhn1,1400,1400,0,3669,2039,"CodeTON Round 9 (Div. 1 + Div. 2, Rated, Prizes!)"
Nisikto,1536,1503,-33,3669,2039,"CodeTON Round 9 (Div. 1 + Div. 2, Rated, Prizes!)"
Dev_Vaghani,996,1114,118,3672,2039,"CodeTON Round 9 (Div. 1 + Div. 2, Rated, Prizes!)"
hslk,1283,1314,31,3672,2039,"CodeTON Round 9 (Div. 1 + Div. 2, Rated, Prizes!)"
_Curly_Brace_,1209,1260,51,3672,2039,"CodeTON Round 9 (Div. 1 + Div. 2, Rated, Prizes!)"
enigma.cpp,1384,1388,4,3672,2039,"CodeTON Round 9 (Div. 1 + Div. 2, Rated, Prizes!)"
KomarovEgor,1468,1451,-17,3672,2039,"CodeTON Round 9 (Div. 1 + Div. 2, Rated, Prizes!)"
LittleGWen,1423,1417,-6,3677,2039,"CodeTON Round 9 (Div. 1 + Div. 2, Rated, Prizes!)"
proc_moe,1438,1428,-10,3677,2039,"CodeTON Round 9 (Div. 1 + Div. 2, Rated, Prizes!)"
Tubication,1021,1183,162,3677,2039,"CodeTON Round 9 (Div. 1 + Div. 2, Rated, Prizes!)"
mdkhaledmhamud220,1335,1352,17,3677,2039,"CodeTON Round 9 (Div. 1 + Div. 2, Rated, Prizes!)"
apollo07,1381,1386,5,3677,2039,"CodeTON Round 9 (Div. 1 + Div. 2, Rated, Prizes!)"
silvup,1415,1411,-4,3682,2039,"CodeTON Round 9 (Div. 1 + Div. 2, Rated, Prizes!)"
Dreameclipse,1708,1633,-75,3683,2039,"CodeTON Round 9 (Div. 1 + Div. 2, Rated, Prizes!)"
AbuElias,1219,1267,48,3683,2039,"CodeTON Round 9 (Div. 1 + Div. 2, Rated, Prizes!)"
Tawfik040,1163,1227,64,3683,2039,"CodeTON Round 9 (Div. 1 + Div. 2, Rated, Prizes!)"
utf57,0,508,508,3686,2039,"CodeTON Round 9 (Div. 1 + Div. 2, Rated, Prizes!)"
tanvirul_2002,979,1103,124,3686,2039,"CodeTON Round 9 (Div. 1 + Div. 2, Rated, Prizes!)"
zhuqing,834,1057,223,3686,2039,"CodeTON Round 9 (Div. 1 + Div. 2, Rated, Prizes!)"
sithet,1343,1357,14,3686,2039,"CodeTON Round 9 (Div. 1 + Div. 2, Rated, Prizes!)"
Arman3649,1378,1383,5,3686,2039,"CodeTON Round 9 (Div. 1 + Div. 2, Rated, Prizes!)"
__dribbler,1314,1336,22,3691,2039,"CodeTON Round 9 (Div. 1 + Div. 2, Rated, Prizes!)"
tawkir,1427,1420,-7,3691,2039,"CodeTON Round 9 (Div. 1 + Div. 2, Rated, Prizes!)"
Rashed.23,1518,1488,-30,3691,2039,"CodeTON Round 9 (Div. 1 + Div. 2, Rated, Prizes!)"
shuanglin,1386,1389,3,3691,2039,"CodeTON Round 9 (Div. 1 + Div. 2, Rated, Prizes!)"
Abokaaa,497,847,350,3691,2039,"CodeTON Round 9 (Div. 1 + Div. 2, Rated, Prizes!)"
Sinphnice,422,791,369,3691,2039,"CodeTON Round 9 (Div. 1 + Div. 2, Rated, Prizes!)"
trafik,1413,1409,-4,3691,2039,"CodeTON Round 9 (Div. 1 + Div. 2, Rated, Prizes!)"
Mir_Ilham_Novice,1366,1374,8,3691,2039,"CodeTON Round 9 (Div. 1 + Div. 2, Rated, Prizes!)"
AbdallahMahmoud,1150,1218,68,3699,2039,"CodeTON Round 9 (Div. 1 + Div. 2, Rated, Prizes!)"
lijiangshuai,1044,1199,155,3699,2039,"CodeTON Round 9 (Div. 1 + Div. 2, Rated, Prizes!)"
GR1ZLER,1686,1615,-71,3699,2039,"CodeTON Round 9 (Div. 1 + Div. 2, Rated, Prizes!)"
_happiness_,1511,1482,-29,3699,2039,"CodeTON Round 9 (Div. 1 + Div. 2, Rated, Prizes!)"
operator32,1273,1305,32,3703,2039,"CodeTON Round 9 (Div. 1 + Div. 2, Rated, Prizes!)"
clhd,1094,1179,85,3703,2039,"CodeTON Round 9 (Div. 1 + Div. 2, Rated, Prizes!)"
Omsify,1267,1301,34,3705,2039,"CodeTON Round 9 (Div. 1 + Div. 2, Rated, Prizes!)"
Miracle.6,947,1081,134,3705,2039,"CodeTON Round 9 (Div. 1 + Div. 2, Rated, Prizes!)"
strikingarrow,1541,1505,-36,3705,2039,"CodeTON Round 9 (Div. 1 + Div. 2, Rated, Prizes!)"
blue_eyed_demon,1439,1428,-11,3705,2039,"CodeTON Round 9 (Div. 1 + Div. 2, Rated, Prizes!)"
dontkno67,1209,1259,50,3705,2039,"CodeTON Round 9 (Div. 1 + Div. 2, Rated, Prizes!)"
kevinhuang,1170,1231,61,3710,2039,"CodeTON Round 9 (Div. 1 + Div. 2, Rated, Prizes!)"
divyanshsikarwar,1506,1479,-27,3710,2039,"CodeTON Round 9 (Div. 1 + Div. 2, Rated, Prizes!)"
alyoks1,1609,1556,-53,3710,2039,"CodeTON Round 9 (Div. 1 + Div. 2, Rated, Prizes!)"
Fight_G,1014,1222,208,3710,2039,"CodeTON Round 9 (Div. 1 + Div. 2, Rated, Prizes!)"
nbu_zzc,1183,1240,57,3714,2039,"CodeTON Round 9 (Div. 1 + Div. 2, Rated, Prizes!)"
poco_oi,1244,1357,113,3714,2039,"CodeTON Round 9 (Div. 1 + Div. 2, Rated, Prizes!)"
LiJoQiao,1527,1494,-33,3714,2039,"CodeTON Round 9 (Div. 1 + Div. 2, Rated, Prizes!)"
Yordan_Iliev,1623,1567,-56,3714,2039,"CodeTON Round 9 (Div. 1 + Div. 2, Rated, Prizes!)"
MMA,1243,1283,40,3714,2039,"CodeTON Round 9 (Div. 1 + Div. 2, Rated, Prizes!)"
r_us,1368,1374,6,3714,2039,"CodeTON Round 9 (Div. 1 + Div. 2, Rated, Prizes!)"
alibichgaleleyev,1386,1388,2,3714,2039,"CodeTON Round 9 (Div. 1 + Div. 2, Rated, Prizes!)"
Bankai_Infinite_Bugs,1445,1432,-13,3721,2039,"CodeTON Round 9 (Div. 1 + Div. 2, Rated, Prizes!)"
Mr.Li_,1342,1355,13,3721,2039,"CodeTON Round 9 (Div. 1 + Div. 2, Rated, Prizes!)"
YhuanDebeste,1450,1435,-15,3721,2039,"CodeTON Round 9 (Div. 1 + Div. 2, Rated, Prizes!)"
-_-SamarthGupta-_-,1351,1362,11,3721,2039,"CodeTON Round 9 (Div. 1 + Div. 2, Rated, Prizes!)"
dvyh,1323,1341,18,3721,2039,"CodeTON Round 9 (Div. 1 + Div. 2, Rated, Prizes!)"
louisjohns32,1469,1450,-19,3726,2039,"CodeTON Round 9 (Div. 1 + Div. 2, Rated, Prizes!)"
Mysticmage45,1628,1570,-58,3726,2039,"CodeTON Round 9 (Div. 1 + Div. 2, Rated, Prizes!)"
SUNG_JIN,1456,1440,-16,3726,2039,"CodeTON Round 9 (Div. 1 + Div. 2, Rated, Prizes!)"
LuuPhucVinh,1540,1503,-37,3729,2039,"CodeTON Round 9 (Div. 1 + Div. 2, Rated, Prizes!)"
siic,1471,1451,-20,3729,2039,"CodeTON Round 9 (Div. 1 + Div. 2, Rated, Prizes!)"
monsters233,1070,1161,91,3729,2039,"CodeTON Round 9 (Div. 1 + Div. 2, Rated, Prizes!)"
RanCheer,1382,1384,2,3729,2039,"CodeTON Round 9 (Div. 1 + Div. 2, Rated, Prizes!)"
LostProthoma,1164,1226,62,3729,2039,"CodeTON Round 9 (Div. 1 + Div. 2, Rated, Prizes!)"
SeeYouSpaceCowboy,1162,1224,62,3734,2039,"CodeTON Round 9 (Div. 1 + Div. 2, Rated, Prizes!)"
TheGreatAntivirus,1559,1518,-41,3734,2039,"CodeTON Round 9 (Div. 1 + Div. 2, Rated, Prizes!)"
OMARB,1936,1806,-130,3734,2039,"CodeTON Round 9 (Div. 1 + Div. 2, Rated, Prizes!)"
dangheo,1139,1209,70,3734,2039,"CodeTON Round 9 (Div. 1 + Div. 2, Rated, Prizes!)"
PixelHermit,1197,1249,52,3734,2039,"CodeTON Round 9 (Div. 1 + Div. 2, Rated, Prizes!)"
_istina_,1458,1441,-17,3734,2039,"CodeTON Round 9 (Div. 1 + Div. 2, Rated, Prizes!)"
Level10Gyatt,1254,1290,36,3740,2039,"CodeTON Round 9 (Div. 1 + Div. 2, Rated, Prizes!)"
icednobrain,1218,1300,82,3741,2039,"CodeTON Round 9 (Div. 1 + Div. 2, Rated, Prizes!)"
Elsa3dy74__,0,506,506,3741,2039,"CodeTON Round 9 (Div. 1 + Div. 2, Rated, Prizes!)"
asom22,1752,1664,-88,3741,2039,"CodeTON Round 9 (Div. 1 + Div. 2, Rated, Prizes!)"
Error_404--_--,1223,1267,44,3741,2039,"CodeTON Round 9 (Div. 1 + Div. 2, Rated, Prizes!)"
GStnt,1975,1837,-138,3741,2039,"CodeTON Round 9 (Div. 1 + Div. 2, Rated, Prizes!)"
sjoonmin07,1655,1591,-64,3741,2039,"CodeTON Round 9 (Div. 1 + Div. 2, Rated, Prizes!)"
pyorz,1261,1295,34,3747,2039,"CodeTON Round 9 (Div. 1 + Div. 2, Rated, Prizes!)"
LogicArchange__1,1377,1380,3,3747,2039,"CodeTON Round 9 (Div. 1 + Div. 2, Rated, Prizes!)"
Hustler_210,1135,1205,70,3749,2039,"CodeTON Round 9 (Div. 1 + Div. 2, Rated, Prizes!)"
Greedster,1182,1238,56,3749,2039,"CodeTON Round 9 (Div. 1 + Div. 2, Rated, Prizes!)"
17vineet,1323,1340,17,3751,2039,"CodeTON Round 9 (Div. 1 + Div. 2, Rated, Prizes!)"
Smokius,0,505,505,3751,2039,"CodeTON Round 9 (Div. 1 + Div. 2, Rated, Prizes!)"
programmerMerit,1474,1453,-21,3753,2039,"CodeTON Round 9 (Div. 1 + Div. 2, Rated, Prizes!)"
satwik12345,1460,1442,-18,3753,2039,"CodeTON Round 9 (Div. 1 + Div. 2, Rated, Prizes!)"
Sine_function,1155,1219,64,3753,2039,"CodeTON Round 9 (Div. 1 + Div. 2, Rated, Prizes!)"
ItsAntar,1261,1294,33,3753,2039,"CodeTON Round 9 (Div. 1 + Div. 2, Rated, Prizes!)"
Mrinal_Kanti,1707,1630,-77,3753,2039,"CodeTON Round 9 (Div. 1 + Div. 2, Rated, Prizes!)"
GULIMUZUN,1221,1266,45,3753,2039,"CodeTON Round 9 (Div. 1 + Div. 2, Rated, Prizes!)"
_firstexception,1284,1311,27,3759,2039,"CodeTON Round 9 (Div. 1 + Div. 2, Rated, Prizes!)"
Cevat123,1233,1274,41,3759,2039,"CodeTON Round 9 (Div. 1 + Div. 2, Rated, Prizes!)"
cosmosking,1446,1431,-15,3759,2039,"CodeTON Round 9 (Div. 1 + Div. 2, Rated, Prizes!)"
Abdelkarim_,1289,1315,26,3759,2039,"CodeTON Round 9 (Div. 1 + Div. 2, Rated, Prizes!)"
Touken,1370,1374,4,3759,2039,"CodeTON Round 9 (Div. 1 + Div. 2, Rated, Prizes!)"
rumike,1565,1521,-44,3764,2039,"CodeTON Round 9 (Div. 1 + Div. 2, Rated, Prizes!)"
xiao_zong85,1354,1362,8,3764,2039,"CodeTON Round 9 (Div. 1 + Div. 2, Rated, Prizes!)"
pheonix_2002,1450,1434,-16,3764,2039,"CodeTON Round 9 (Div. 1 + Div. 2, Rated, Prizes!)"
asadreamer,1368,1373,5,3764,2039,"CodeTON Round 9 (Div. 1 + Div. 2, Rated, Prizes!)"
SAEED.,1397,1394,-3,3768,2039,"CodeTON Round 9 (Div. 1 + Div. 2, Rated, Prizes!)"
Utkarsh_raj_ymca,1559,1516,-43,3768,2039,"CodeTON Round 9 (Div. 1 + Div. 2, Rated, Prizes!)"
Rajiun_nabi,1436,1424,-12,3768,2039,"CodeTON Round 9 (Div. 1 + Div. 2, Rated, Prizes!)"
LiFar,1632,1572,-60,3768,2039,"CodeTON Round 9 (Div. 1 + Div. 2, Rated, Prizes!)"
xxx_pussyslayer69_xxx,1813,1710,-103,3772,2039,"CodeTON Round 9 (Div. 1 + Div. 2, Rated, Prizes!)"
vn.ldchuyentoanptnk,734,985,251,3772,2039,"CodeTON Round 9 (Div. 1 + Div. 2, Rated, Prizes!)"
1011zero,1567,1522,-45,3772,2039,"CodeTON Round 9 (Div. 1 + Div. 2, Rated, Prizes!)"
laodaaikoubi666,1337,1349,12,3772,2039,"CodeTON Round 9 (Div. 1 + Div. 2, Rated, Prizes!)"
Hayatsu,937,1162,225,3772,2039,"CodeTON Round 9 (Div. 1 + Div. 2, Rated, Prizes!)"
Sayaad_Muzahid_Masfi,1372,1375,3,3772,2039,"CodeTON Round 9 (Div. 1 + Div. 2, Rated, Prizes!)"
Shaydiesin,1575,1528,-47,3778,2039,"CodeTON Round 9 (Div. 1 + Div. 2, Rated, Prizes!)"
Pi19,884,1038,154,3778,2039,"CodeTON Round 9 (Div. 1 + Div. 2, Rated, Prizes!)"
gmllsswzw,484,834,350,3778,2039,"CodeTON Round 9 (Div. 1 + Div. 2, Rated, Prizes!)"
GeorgeAK,399,772,373,3778,2039,"CodeTON Round 9 (Div. 1 + Div. 2, Rated, Prizes!)"
defnotmee,2457,2228,-229,3782,2039,"CodeTON Round 9 (Div. 1 + Div. 2, Rated, Prizes!)"
acacaccccc,1130,1200,70,3782,2039,"CodeTON Round 9 (Div. 1 + Div. 2, Rated, Prizes!)"
Rimuru001,437,799,362,3782,2039,"CodeTON Round 9 (Div. 1 + Div. 2, Rated, Prizes!)"
Farhan-Ishtiyak,1270,1300,30,3782,2039,"CodeTON Round 9 (Div. 1 + Div. 2, Rated, Prizes!)"
vivekraj67,931,1067,136,3782,2039,"CodeTON Round 9 (Div. 1 + Div. 2, Rated, Prizes!)"
TryingButNewbie,1050,1145,95,3787,2039,"CodeTON Round 9 (Div. 1 + Div. 2, Rated, Prizes!)"
ek_gupta,1122,1194,72,3787,2039,"CodeTON Round 9 (Div. 1 + Div. 2, Rated, Prizes!)"
asdfghqwert,1313,1331,18,3787,2039,"CodeTON Round 9 (Div. 1 + Div. 2, Rated, Prizes!)"
HariHar_1.3,1190,1242,52,3787,2039,"CodeTON Round 9 (Div. 1 + Div. 2, Rated, Prizes!)"
you_mo,1031,1132,101,3791,2039,"CodeTON Round 9 (Div. 1 + Div. 2, Rated, Prizes!)"
QianK,1229,1270,41,3791,2039,"CodeTON Round 9 (Div. 1 + Div. 2, Rated, Prizes!)"
Sha_mim,1342,1353,11,3793,2039,"CodeTON Round 9 (Div. 1 + Div. 2, Rated, Prizes!)"
12345aaa,1059,1151,92,3793,2039,"CodeTON Round 9 (Div. 1 + Div. 2, Rated, Prizes!)"
NoPressureAgain,1215,1260,45,3793,2039,"CodeTON Round 9 (Div. 1 + Div. 2, Rated, Prizes!)"
vkinzin,963,1138,175,3793,2039,"CodeTON Round 9 (Div. 1 + Div. 2, Rated, Prizes!)"
Yasho_ham,1486,1460,-26,3797,2039,"CodeTON Round 9 (Div. 1 + Div. 2, Rated, Prizes!)"
Abush09,1299,1321,22,3798,2039,"CodeTON Round 9 (Div. 1 + Div. 2, Rated, Prizes!)"
Pathak.S,1398,1393,-5,3798,2039,"CodeTON Round 9 (Div. 1 + Div. 2, Rated, Prizes!)"
N_gel,1176,1232,56,3800,2039,"CodeTON Round 9 (Div. 1 + Div. 2, Rated, Prizes!)"
smf,1496,1468,-28,3800,2039,"CodeTON Round 9 (Div. 1 + Div. 2, Rated, Prizes!)"
Ys_sy_108,1543,1503,-40,3800,2039,"CodeTON Round 9 (Div. 1 + Div. 2, Rated, Prizes!)"
bananik338,1275,1303,28,3800,2039,"CodeTON Round 9 (Div. 1 + Div. 2, Rated, Prizes!)"
Jus_here_to_learn_dude,1152,1214,62,3804,2039,"CodeTON Round 9 (Div. 1 + Div. 2, Rated, Prizes!)"
Wsfj_PMP,1434,1420,-14,3804,2039,"CodeTON Round 9 (Div. 1 + Div. 2, Rated, Prizes!)"
raghav_gupta_06,1125,1196,71,3804,2039,"CodeTON Round 9 (Div. 1 + Div. 2, Rated, Prizes!)"
mer_on,1443,1428,-15,3804,2039,"CodeTON Round 9 (Div. 1 + Div. 2, Rated, Prizes!)"
Forty0909,1155,1252,97,3804,2039,"CodeTON Round 9 (Div. 1 + Div. 2, Rated, Prizes!)"
ig16,1152,1215,63,3809,2039,"CodeTON Round 9 (Div. 1 + Div. 2, Rated, Prizes!)"
gaidash,1242,1278,36,3809,2039,"CodeTON Round 9 (Div. 1 + Div. 2, Rated, Prizes!)"
Nayeem22,1329,1342,13,3809,2039,"CodeTON Round 9 (Div. 1 + Div. 2, Rated, Prizes!)"
Mariuse_lul,1338,1349,11,3809,2039,"CodeTON Round 9 (Div. 1 + Div. 2, Rated, Prizes!)"
1235qqtt,1203,1250,47,3809,2039,"CodeTON Round 9 (Div. 1 + Div. 2, Rated, Prizes!)"
yjs,1466,1445,-21,3814,2039,"CodeTON Round 9 (Div. 1 + Div. 2, Rated, Prizes!)"
DvD_Eng,1495,1466,-29,3814,2039,"CodeTON Round 9 (Div. 1 + Div. 2, Rated, Prizes!)"
abhidoescoding,1378,1378,0,3814,2039,"CodeTON Round 9 (Div. 1 + Div. 2, Rated, Prizes!)"
Kristiana,1233,1272,39,3814,2039,"CodeTON Round 9 (Div. 1 + Div. 2, Rated, Prizes!)"
PrantoBala,1109,1184,75,3818,2039,"CodeTON Round 9 (Div. 1 + Div. 2, Rated, Prizes!)"
invincible_,1012,1118,106,3818,2039,"CodeTON Round 9 (Div. 1 + Div. 2, Rated, Prizes!)"
Abdo_Hussain,1326,1340,14,3820,2039,"CodeTON Round 9 (Div. 1 + Div. 2, Rated, Prizes!)"
Gondal_Shameer,1137,1203,66,3820,2039,"CodeTON Round 9 (Div. 1 + Div. 2, Rated, Prizes!)"
Than0s_op,1180,1234,54,3820,2039,"CodeTON Round 9 (Div. 1 + Div. 2, Rated, Prizes!)"
Anuj123321,1322,1336,14,3820,2039,"CodeTON Round 9 (Div. 1 + Div. 2, Rated, Prizes!)"
nthatall,1318,1333,15,3820,2039,"CodeTON Round 9 (Div. 1 + Div. 2, Rated, Prizes!)"
hhhwwwhhh,653,950,297,3820,2039,"CodeTON Round 9 (Div. 1 + Div. 2, Rated, Prizes!)"
kryptx,1196,1245,49,3820,2039,"CodeTON Round 9 (Div. 1 + Div. 2, Rated, Prizes!)"
MEDAA,1686,1611,-75,3827,2039,"CodeTON Round 9 (Div. 1 + Div. 2, Rated, Prizes!)"
utenret,995,1107,112,3827,2039,"CodeTON Round 9 (Div. 1 + Div. 2, Rated, Prizes!)"
pagol,1277,1303,26,3827,2039,"CodeTON Round 9 (Div. 1 + Div. 2, Rated, Prizes!)"
pametni,495,841,346,3827,2039,"CodeTON Round 9 (Div. 1 + Div. 2, Rated, Prizes!)"
sultan_salah11,1182,1234,52,3827,2039,"CodeTON Round 9 (Div. 1 + Div. 2, Rated, Prizes!)"
neitydv,1326,1339,13,3832,2039,"CodeTON Round 9 (Div. 1 + Div. 2, Rated, Prizes!)"
trinhduyhung,986,1152,166,3832,2039,"CodeTON Round 9 (Div. 1 + Div. 2, Rated, Prizes!)"
mnnit.prakharg,1178,1232,54,3832,2039,"CodeTON Round 9 (Div. 1 + Div. 2, Rated, Prizes!)"
Tapos-Minmoy,1353,1358,5,3832,2039,"CodeTON Round 9 (Div. 1 + Div. 2, Rated, Prizes!)"
vansh_oberoi07,1121,1192,71,3832,2039,"CodeTON Round 9 (Div. 1 + Div. 2, Rated, Prizes!)"
FahadxSurma,1347,1355,8,3832,2039,"CodeTON Round 9 (Div. 1 + Div. 2, Rated, Prizes!)"
rishav-goyal,1252,1321,69,3832,2039,"CodeTON Round 9 (Div. 1 + Div. 2, Rated, Prizes!)"
JesterKing,1274,1301,27,3832,2039,"CodeTON Round 9 (Div. 1 + Div. 2, Rated, Prizes!)"
sfiisf,1543,1502,-41,3840,2039,"CodeTON Round 9 (Div. 1 + Div. 2, Rated, Prizes!)"
_1234567_,1326,1338,12,3841,2039,"CodeTON Round 9 (Div. 1 + Div. 2, Rated, Prizes!)"
yasinbakhtiar,1315,1330,15,3841,2039,"CodeTON Round 9 (Div. 1 + Div. 2, Rated, Prizes!)"
RFDd,1231,1269,38,3841,2039,"CodeTON Round 9 (Div. 1 + Div. 2, Rated, Prizes!)"
Sharique1,1429,1415,-14,3841,2039,"CodeTON Round 9 (Div. 1 + Div. 2, Rated, Prizes!)"
ArafRaihan,1567,1519,-48,3841,2039,"CodeTON Round 9 (Div. 1 + Div. 2, Rated, Prizes!)"
sai_cf,1747,1657,-90,3841,2039,"CodeTON Round 9 (Div. 1 + Div. 2, Rated, Prizes!)"
altgifted,1943,1808,-135,3847,2039,"CodeTON Round 9 (Div. 1 + Div. 2, Rated, Prizes!)"
Chugunov_Alexander,1729,1643,-86,3847,2039,"CodeTON Round 9 (Div. 1 + Div. 2, Rated, Prizes!)"
asadullo_1111,1187,1237,50,3847,2039,"CodeTON Round 9 (Div. 1 + Div. 2, Rated, Prizes!)"
kilimav,1395,1390,-5,3847,2039,"CodeTON Round 9 (Div. 1 + Div. 2, Rated, Prizes!)"
ramazan777,1469,1446,-23,3847,2039,"CodeTON Round 9 (Div. 1 + Div. 2, Rated, Prizes!)"
outlast_NATE,1261,1290,29,3852,2039,"CodeTON Round 9 (Div. 1 + Div. 2, Rated, Prizes!)"
vidux,1539,1498,-41,3852,2039,"CodeTON Round 9 (Div. 1 + Div. 2, Rated, Prizes!)"
l_FoRbIdDeN_l,1271,1298,27,3852,2039,"CodeTON Round 9 (Div. 1 + Div. 2, Rated, Prizes!)"
sidmt,1321,1397,76,3852,2039,"CodeTON Round 9 (Div. 1 + Div. 2, Rated, Prizes!)"
ne750,1380,1378,-2,3856,2039,"CodeTON Round 9 (Div. 1 + Div. 2, Rated, Prizes!)"
tomytp,1226,1265,39,3856,2039,"CodeTON Round 9 (Div. 1 + Div. 2, Rated, Prizes!)"
Safwan_brahim,1267,1295,28,3856,2039,"CodeTON Round 9 (Div. 1 + Div. 2, Rated, Prizes!)"
SamiaShareen,1035,1132,97,3856,2039,"CodeTON Round 9 (Div. 1 + Div. 2, Rated, Prizes!)"
rajharsh0212,1221,1261,40,3856,2039,"CodeTON Round 9 (Div. 1 + Div. 2, Rated, Prizes!)"
huyleisme,1289,1311,22,3856,2039,"CodeTON Round 9 (Div. 1 + Div. 2, Rated, Prizes!)"
Aviansh,1852,1737,-115,3856,2039,"CodeTON Round 9 (Div. 1 + Div. 2, Rated, Prizes!)"
sousou_no_frieren,1223,1263,40,3863,2039,"CodeTON Round 9 (Div. 1 + Div. 2, Rated, Prizes!)"
Gandji,1411,1401,-10,3863,2039,"CodeTON Round 9 (Div. 1 + Div. 2, Rated, Prizes!)"
maxonic,1347,1354,7,3863,2039,"CodeTON Round 9 (Div. 1 + Div. 2, Rated, Prizes!)"
xy122004921,935,1121,186,3866,2039,"CodeTON Round 9 (Div. 1 + Div. 2, Rated, Prizes!)"
mwisniewski,2130,1957,-173,3866,2039,"CodeTON Round 9 (Div. 1 + Div. 2, Rated, Prizes!)"
shin3CP,1160,1276,116,3866,2039,"CodeTON Round 9 (Div. 1 + Div. 2, Rated, Prizes!)"
nibirjoydhar,1509,1475,-34,3866,2039,"CodeTON Round 9 (Div. 1 + Div. 2, Rated, Prizes!)"
Xh_QwQ,1663,1592,-71,3870,2039,"CodeTON Round 9 (Div. 1 + Div. 2, Rated, Prizes!)"
Meraj-Bokharaei,1501,1469,-32,3870,2039,"CodeTON Round 9 (Div. 1 + Div. 2, Rated, Prizes!)"
yravidheeraj12,1357,1360,3,3872,2039,"CodeTON Round 9 (Div. 1 + Div. 2, Rated, Prizes!)"
Astroage,980,1095,115,3872,2039,"CodeTON Round 9 (Div. 1 + Div. 2, Rated, Prizes!)"
Doctor_sleep,1058,1147,89,3872,2039,"CodeTON Round 9 (Div. 1 + Div. 2, Rated, Prizes!)"
porcif,1513,1477,-36,3872,2039,"CodeTON Round 9 (Div. 1 + Div. 2, Rated, Prizes!)"
Nguyendinhbach,1185,1235,50,3872,2039,"CodeTON Round 9 (Div. 1 + Div. 2, Rated, Prizes!)"
yazan_181,1251,1282,31,3872,2039,"CodeTON Round 9 (Div. 1 + Div. 2, Rated, Prizes!)"
EagleEyeRaider,1241,1275,34,3878,2039,"CodeTON Round 9 (Div. 1 + Div. 2, Rated, Prizes!)"
Encode_Hridoy,1260,1289,29,3878,2039,"CodeTON Round 9 (Div. 1 + Div. 2, Rated, Prizes!)"
UXIXA,1301,1319,18,3878,2039,"CodeTON Round 9 (Div. 1 + Div. 2, Rated, Prizes!)"
sohom_172,575,892,317,3878,2039,"CodeTON Round 9 (Div. 1 + Div. 2, Rated, Prizes!)"
and_you,1163,1219,56,3878,2039,"CodeTON Round 9 (Div. 1 + Div. 2, Rated, Prizes!)"
PrabhuPSahoo,1418,1405,-13,3878,2039,"CodeTON Round 9 (Div. 1 + Div. 2, Rated, Prizes!)"
cyhhh,1253,1283,30,3884,2039,"CodeTON Round 9 (Div. 1 + Div. 2, Rated, Prizes!)"
tapikpsp1,1215,1292,77,3884,2039,"CodeTON Round 9 (Div. 1 + Div. 2, Rated, Prizes!)"
Jalali,1583,1530,-53,3884,2039,"CodeTON Round 9 (Div. 1 + Div. 2, Rated, Prizes!)"
Kalikari,1405,1395,-10,3887,2039,"CodeTON Round 9 (Div. 1 + Div. 2, Rated, Prizes!)"
Yuanyin26,1410,1399,-11,3887,2039,"CodeTON Round 9 (Div. 1 + Div. 2, Rated, Prizes!)"
Rashedunnabi,1321,1333,12,3887,2039,"CodeTON Round 9 (Div. 1 + Div. 2, Rated, Prizes!)"
ktn_ka_wa_i,1312,1326,14,3887,2039,"CodeTON Round 9 (Div. 1 + Div. 2, Rated, Prizes!)"
abar_submit_de,1252,1282,30,3887,2039,"CodeTON Round 9 (Div. 1 + Div. 2, Rated, Prizes!)"
JoelCH04,1688,1610,-78,3887,2039,"CodeTON Round 9 (Div. 1 + Div. 2, Rated, Prizes!)"
zlen07,1278,1301,23,3893,2039,"CodeTON Round 9 (Div. 1 + Div. 2, Rated, Prizes!)"
Sensi,1514,1478,-36,3893,2039,"CodeTON Round 9 (Div. 1 + Div. 2, Rated, Prizes!)"
hethtina,1273,1298,25,3893,2039,"CodeTON Round 9 (Div. 1 + Div. 2, Rated, Prizes!)"
mr_warlock,1439,1421,-18,3896,2039,"CodeTON Round 9 (Div. 1 + Div. 2, Rated, Prizes!)"
Akshay2025,1356,1359,3,3896,2039,"CodeTON Round 9 (Div. 1 + Div. 2, Rated, Prizes!)"
ivan.812,1365,1365,0,3896,2039,"CodeTON Round 9 (Div. 1 + Div. 2, Rated, Prizes!)"
nasa07,1197,1243,46,3899,2039,"CodeTON Round 9 (Div. 1 + Div. 2, Rated, Prizes!)"
LlLlCc,1690,1612,-78,3899,2039,"CodeTON Round 9 (Div. 1 + Div. 2, Rated, Prizes!)"
go_j0,1196,1242,46,3901,2039,"CodeTON Round 9 (Div. 1 + Div. 2, Rated, Prizes!)"
shreyansh_Gangwar,1305,1321,16,3901,2039,"CodeTON Round 9 (Div. 1 + Div. 2, Rated, Prizes!)"
romegenixxx,1694,1614,-80,3901,2039,"CodeTON Round 9 (Div. 1 + Div. 2, Rated, Prizes!)"
Azheng,1218,1257,39,3901,2039,"CodeTON Round 9 (Div. 1 + Div. 2, Rated, Prizes!)"
nyaaaaa,1406,1396,-10,3901,2039,"CodeTON Round 9 (Div. 1 + Div. 2, Rated, Prizes!)"
GrayNextCentury,1309,1324,15,3906,2039,"CodeTON Round 9 (Div. 1 + Div. 2, Rated, Prizes!)"
Trade-off,1510,1474,-36,3906,2039,"CodeTON Round 9 (Div. 1 + Div. 2, Rated, Prizes!)"
Labib_,1441,1422,-19,3908,2039,"CodeTON Round 9 (Div. 1 + Div. 2, Rated, Prizes!)"
spacecowboy03,1274,1298,24,3908,2039,"CodeTON Round 9 (Div. 1 + Div. 2, Rated, Prizes!)"
alllexey,1490,1459,-31,3908,2039,"CodeTON Round 9 (Div. 1 + Div. 2, Rated, Prizes!)"
registeredFaxDefender,1278,1301,23,3908,2039,"CodeTON Round 9 (Div. 1 + Div. 2, Rated, Prizes!)"
hardy2106,1447,1427,-20,3908,2039,"CodeTON Round 9 (Div. 1 + Div. 2, Rated, Prizes!)"
amirhanordobaev,1024,1122,98,3908,2039,"CodeTON Round 9 (Div. 1 + Div. 2, Rated, Prizes!)"
deerawj,1361,1362,1,3914,2039,"CodeTON Round 9 (Div. 1 + Div. 2, Rated, Prizes!)"
navneet2311,1329,1338,9,3914,2039,"CodeTON Round 9 (Div. 1 + Div. 2, Rated, Prizes!)"
MJ5aif,1288,1370,82,3914,2039,"CodeTON Round 9 (Div. 1 + Div. 2, Rated, Prizes!)"
FredLin,1255,1284,29,3914,2039,"CodeTON Round 9 (Div. 1 + Div. 2, Rated, Prizes!)"
chipi_chipi_chapa_chapa,1146,1206,60,3914,2039,"CodeTON Round 9 (Div. 1 + Div. 2, Rated, Prizes!)"
guoshujin20090423,1658,1586,-72,3919,2039,"CodeTON Round 9 (Div. 1 + Div. 2, Rated, Prizes!)"
Whitefc,1322,1333,11,3919,2039,"CodeTON Round 9 (Div. 1 + Div. 2, Rated, Prizes!)"
Shoeib,1486,1456,-30,3919,2039,"CodeTON Round 9 (Div. 1 + Div. 2, Rated, Prizes!)"
momoforce,1216,1255,39,3922,2039,"CodeTON Round 9 (Div. 1 + Div. 2, Rated, Prizes!)"
OutOfLuck,1110,1180,70,3922,2039,"CodeTON Round 9 (Div. 1 + Div. 2, Rated, Prizes!)"
marufarafat73,974,1122,148,3922,2039,"CodeTON Round 9 (Div. 1 + Div. 2, Rated, Prizes!)"
eula_simp_lord,1212,1252,40,3922,2039,"CodeTON Round 9 (Div. 1 + Div. 2, Rated, Prizes!)"
powboii,1071,1188,117,3926,2039,"CodeTON Round 9 (Div. 1 + Div. 2, Rated, Prizes!)"
bshubham7447,1372,1369,-3,3926,2039,"CodeTON Round 9 (Div. 1 + Div. 2, Rated, Prizes!)"
AgrimGoyal,1481,1452,-29,3926,2039,"CodeTON Round 9 (Div. 1 + Div. 2, Rated, Prizes!)"
_Hridoy_,1412,1399,-13,3926,2039,"CodeTON Round 9 (Div. 1 + Div. 2, Rated, Prizes!)"
hsy23333,436,793,357,3926,2039,"CodeTON Round 9 (Div. 1 + Div. 2, Rated, Prizes!)"
crossingchain123,1117,1253,136,3926,2039,"CodeTON Round 9 (Div. 1 + Div. 2, Rated, Prizes!)"
ads4k,1391,1384,-7,3932,2039,"CodeTON Round 9 (Div. 1 + Div. 2, Rated, Prizes!)"
sunstarkkk,1090,1166,76,3932,2039,"CodeTON Round 9 (Div. 1 + Div. 2, Rated, Prizes!)"
shakil_21_,1104,1176,72,3932,2039,"CodeTON Round 9 (Div. 1 + Div. 2, Rated, Prizes!)"
Programmer_JK,1177,1227,50,3932,2039,"CodeTON Round 9 (Div. 1 + Div. 2, Rated, Prizes!)"
Rasel,1285,1305,20,3932,2039,"CodeTON Round 9 (Div. 1 + Div. 2, Rated, Prizes!)"
zsh_1,965,1082,117,3937,2039,"CodeTON Round 9 (Div. 1 + Div. 2, Rated, Prizes!)"
Emo_OIer,1025,1122,97,3937,2039,"CodeTON Round 9 (Div. 1 + Div. 2, Rated, Prizes!)"
Durga_45,1071,1153,82,3937,2039,"CodeTON Round 9 (Div. 1 + Div. 2, Rated, Prizes!)"
Divided_by_Zer0,1117,1185,68,3940,2039,"CodeTON Round 9 (Div. 1 + Div. 2, Rated, Prizes!)"
Ahmed-Sahlol,1302,1317,15,3940,2039,"CodeTON Round 9 (Div. 1 + Div. 2, Rated, Prizes!)"
Ahad_18,1431,1413,-18,3940,2039,"CodeTON Round 9 (Div. 1 + Div. 2, Rated, Prizes!)"
Shahajalal_055,1303,1318,15,3940,2039,"CodeTON Round 9 (Div. 1 + Div. 2, Rated, Prizes!)"
YHSifat,1451,1428,-23,3940,2039,"CodeTON Round 9 (Div. 1 + Div. 2, Rated, Prizes!)"
SidZRed_15,1446,1425,-21,3945,2039,"CodeTON Round 9 (Div. 1 + Div. 2, Rated, Prizes!)"
Hanoon,1621,1557,-64,3945,2039,"CodeTON Round 9 (Div. 1 + Div. 2, Rated, Prizes!)"
Nearsense,1201,1243,42,3945,2039,"CodeTON Round 9 (Div. 1 + Div. 2, Rated, Prizes!)"
Spudurmun,1335,1341,6,3948,2039,"CodeTON Round 9 (Div. 1 + Div. 2, Rated, Prizes!)"
Kishansingh47,1214,1253,39,3948,2039,"CodeTON Round 9 (Div. 1 + Div. 2, Rated, Prizes!)"
unknownn_04,1055,1141,86,3948,2039,"CodeTON Round 9 (Div. 1 + Div. 2, Rated, Prizes!)"
Amane,1410,1397,-13,3948,2039,"CodeTON Round 9 (Div. 1 + Div. 2, Rated, Prizes!)"
sashakt1290,1143,1202,59,3948,2039,"CodeTON Round 9 (Div. 1 + Div. 2, Rated, Prizes!)"
chiraga196,1478,1448,-30,3953,2039,"CodeTON Round 9 (Div. 1 + Div. 2, Rated, Prizes!)"
skled,1382,1376,-6,3953,2039,"CodeTON Round 9 (Div. 1 + Div. 2, Rated, Prizes!)"
tanasaradu3,1190,1235,45,3953,2039,"CodeTON Round 9 (Div. 1 + Div. 2, Rated, Prizes!)"
Doroshi,1504,1468,-36,3956,2039,"CodeTON Round 9 (Div. 1 + Div. 2, Rated, Prizes!)"
ImNoob69,860,1097,237,3956,2039,"CodeTON Round 9 (Div. 1 + Div. 2, Rated, Prizes!)"
vrajp99,710,986,276,3956,2039,"CodeTON Round 9 (Div. 1 + Div. 2, Rated, Prizes!)"
prerak26,1476,1446,-30,3959,2039,"CodeTON Round 9 (Div. 1 + Div. 2, Rated, Prizes!)"
d_Dhruv_Tripathi,1405,1393,-12,3960,2039,"CodeTON Round 9 (Div. 1 + Div. 2, Rated, Prizes!)"
Moemi_,1583,1528,-55,3960,2039,"CodeTON Round 9 (Div. 1 + Div. 2, Rated, Prizes!)"
Sanskar_Sharma,1528,1486,-42,3962,2039,"CodeTON Round 9 (Div. 1 + Div. 2, Rated, Prizes!)"
nkxyzxy,438,793,355,3963,2039,"CodeTON Round 9 (Div. 1 + Div. 2, Rated, Prizes!)"
Kranya,1907,1776,-131,3964,2039,"CodeTON Round 9 (Div. 1 + Div. 2, Rated, Prizes!)"
123wwm,1548,1501,-47,3964,2039,"CodeTON Round 9 (Div. 1 + Div. 2, Rated, Prizes!)"
pchelka12,831,1043,212,3964,2039,"CodeTON Round 9 (Div. 1 + Div. 2, Rated, Prizes!)"
Azhar11,962,1079,117,3964,2039,"CodeTON Round 9 (Div. 1 + Div. 2, Rated, Prizes!)"
Hikari_2223,736,1004,268,3964,2039,"CodeTON Round 9 (Div. 1 + Div. 2, Rated, Prizes!)"
Danubius123,1181,1228,47,3964,2039,"CodeTON Round 9 (Div. 1 + Div. 2, Rated, Prizes!)"
EllowoldPhuoc,1366,1363,-3,3970,2039,"CodeTON Round 9 (Div. 1 + Div. 2, Rated, Prizes!)"
Wi1l_,1265,1350,85,3970,2039,"CodeTON Round 9 (Div. 1 + Div. 2, Rated, Prizes!)"
Tharoboiz06,1538,1493,-45,3970,2039,"CodeTON Round 9 (Div. 1 + Div. 2, Rated, Prizes!)"
adel54321,1155,1210,55,3970,2039,"CodeTON Round 9 (Div. 1 + Div. 2, Rated, Prizes!)"
raiax07,1291,1308,17,3970,2039,"CodeTON Round 9 (Div. 1 + Div. 2, Rated, Prizes!)"
Noodles,1467,1440,-27,3975,2039,"CodeTON Round 9 (Div. 1 + Div. 2, Rated, Prizes!)"
IustinFrateanu,912,1100,188,3975,2039,"CodeTON Round 9 (Div. 1 + Div. 2, Rated, Prizes!)"
nohope,1138,1197,59,3975,2039,"CodeTON Round 9 (Div. 1 + Div. 2, Rated, Prizes!)"
ramtejp1607,1042,1131,89,3975,2039,"CodeTON Round 9 (Div. 1 + Div. 2, Rated, Prizes!)"
BatmanWhoLaughs,1482,1450,-32,3979,2039,"CodeTON Round 9 (Div. 1 + Div. 2, Rated, Prizes!)"
qidao,1194,1237,43,3979,2039,"CodeTON Round 9 (Div. 1 + Div. 2, Rated, Prizes!)"
CSFriday,1048,1135,87,3979,2039,"CodeTON Round 9 (Div. 1 + Div. 2, Rated, Prizes!)"
XING3523,973,1144,171,3979,2039,"CodeTON Round 9 (Div. 1 + Div. 2, Rated, Prizes!)"
MKasirloo,1584,1527,-57,3979,2039,"CodeTON Round 9 (Div. 1 + Div. 2, Rated, Prizes!)"
Dylan_Chen,1560,1509,-51,3984,2039,"CodeTON Round 9 (Div. 1 + Div. 2, Rated, Prizes!)"
MR_X07,1168,1218,50,3984,2039,"CodeTON Round 9 (Div. 1 + Div. 2, Rated, Prizes!)"
RTX2080,1622,1557,-65,3984,2039,"CodeTON Round 9 (Div. 1 + Div. 2, Rated, Prizes!)"
thewoahguy24,1393,1383,-10,3987,2039,"CodeTON Round 9 (Div. 1 + Div. 2, Rated, Prizes!)"
LazzyLeopard,1360,1358,-2,3987,2039,"CodeTON Round 9 (Div. 1 + Div. 2, Rated, Prizes!)"
Sid.N,1179,1226,47,3987,2039,"CodeTON Round 9 (Div. 1 + Div. 2, Rated, Prizes!)"
Smurf02,488,829,341,3990,2039,"CodeTON Round 9 (Div. 1 + Div. 2, Rated, Prizes!)"
BrAin,1245,1273,28,3990,2039,"CodeTON Round 9 (Div. 1 + Div. 2, Rated, Prizes!)"
0mar,1654,1581,-73,3992,2039,"CodeTON Round 9 (Div. 1 + Div. 2, Rated, Prizes!)"
AbdoMO,1063,1145,82,3992,2039,"CodeTON Round 9 (Div. 1 + Div. 2, Rated, Prizes!)"
Pi213,1220,1255,35,3992,2039,"CodeTON Round 9 (Div. 1 + Div. 2, Rated, Prizes!)"
naruto__18,1562,1511,-51,3992,2039,"CodeTON Round 9 (Div. 1 + Div. 2, Rated, Prizes!)"
iamgaurav_,1584,1527,-57,3992,2039,"CodeTON Round 9 (Div. 1 + Div. 2, Rated, Prizes!)"
KAINO_,1385,1376,-9,3992,2039,"CodeTON Round 9 (Div. 1 + Div. 2, Rated, Prizes!)"
-CHUNU-,1455,1429,-26,3992,2039,"CodeTON Round 9 (Div. 1 + Div. 2, Rated, Prizes!)"
Um_also_ded,1297,1311,14,3999,2039,"CodeTON Round 9 (Div. 1 + Div. 2, Rated, Prizes!)"
accgj,1816,1705,-111,4000,2039,"CodeTON Round 9 (Div. 1 + Div. 2, Rated, Prizes!)"
Baymax.,1075,1153,78,4000,2039,"CodeTON Round 9 (Div. 1 + Div. 2, Rated, Prizes!)"
gungunsingh29,1441,1418,-23,4000,2039,"CodeTON Round 9 (Div. 1 + Div. 2, Rated, Prizes!)"
TYYYD,967,1081,114,4000,2039,"CodeTON Round 9 (Div. 1 + Div. 2, Rated, Prizes!)"
xiaci77,1194,1236,42,4000,2039,"CodeTON Round 9 (Div. 1 + Div. 2, Rated, Prizes!)"
aarb_.tomatexd,1278,1297,19,4005,2039,"CodeTON Round 9 (Div. 1 + Div. 2, Rated, Prizes!)"
dauzee,1140,1198,58,4005,2039,"CodeTON Round 9 (Div. 1 + Div. 2, Rated, Prizes!)"
Sayeed_Mahdi,1261,1284,23,4005,2039,"CodeTON Round 9 (Div. 1 + Div. 2, Rated, Prizes!)"
Heet.Patel,1223,1257,34,4005,2039,"CodeTON Round 9 (Div. 1 + Div. 2, Rated, Prizes!)"
mayankag_12,1641,1570,-71,4005,2039,"CodeTON Round 9 (Div. 1 + Div. 2, Rated, Prizes!)"
ankitVerma01,1165,1215,50,4010,2039,"CodeTON Round 9 (Div. 1 + Div. 2, Rated, Prizes!)"
enjoyerist,1472,1442,-30,4010,2039,"CodeTON Round 9 (Div. 1 + Div. 2, Rated, Prizes!)"
echo-hope,899,1037,138,4010,2039,"CodeTON Round 9 (Div. 1 + Div. 2, Rated, Prizes!)"
Monzer_DA,1231,1263,32,4013,2039,"CodeTON Round 9 (Div. 1 + Div. 2, Rated, Prizes!)"
oahgnail,1427,1408,-19,4013,2039,"CodeTON Round 9 (Div. 1 + Div. 2, Rated, Prizes!)"
AhmedOsamaEzz,1291,1306,15,4013,2039,"CodeTON Round 9 (Div. 1 + Div. 2, Rated, Prizes!)"
zenitsu_2010,0,496,496,4016,2039,"CodeTON Round 9 (Div. 1 + Div. 2, Rated, Prizes!)"
I_FloPPed21,1786,1681,-105,4016,2039,"CodeTON Round 9 (Div. 1 + Div. 2, Rated, Prizes!)"
sbmraj03,1122,1184,62,4016,2039,"CodeTON Round 9 (Div. 1 + Div. 2, Rated, Prizes!)"
SmartyNotchy,1433,1412,-21,4016,2039,"CodeTON Round 9 (Div. 1 + Div. 2, Rated, Prizes!)"
Dick007,1179,1225,46,4016,2039,"CodeTON Round 9 (Div. 1 + Div. 2, Rated, Prizes!)"
ELF5M,1187,1230,43,4016,2039,"CodeTON Round 9 (Div. 1 + Div. 2, Rated, Prizes!)"
Coolcalm,1384,1375,-9,4016,2039,"CodeTON Round 9 (Div. 1 + Div. 2, Rated, Prizes!)"
Ahmad_OS,1427,1408,-19,4016,2039,"CodeTON Round 9 (Div. 1 + Div. 2, Rated, Prizes!)"
srimath,1101,1170,69,4024,2039,"CodeTON Round 9 (Div. 1 + Div. 2, Rated, Prizes!)"
s_tapan099,1229,1260,31,4024,2039,"CodeTON Round 9 (Div. 1 + Div. 2, Rated, Prizes!)"
IndianCoder123,1119,1217,98,4024,2039,"CodeTON Round 9 (Div. 1 + Div. 2, Rated, Prizes!)"
tock,1469,1439,-30,4024,2039,"CodeTON Round 9 (Div. 1 + Div. 2, Rated, Prizes!)"
If_Magnus_did_CF,1441,1418,-23,4024,2039,"CodeTON Round 9 (Div. 1 + Div. 2, Rated, Prizes!)"
yumna,1458,1431,-27,4029,2039,"CodeTON Round 9 (Div. 1 + Div. 2, Rated, Prizes!)"
MEshooter,1535,1489,-46,4029,2039,"CodeTON Round 9 (Div. 1 + Div. 2, Rated, Prizes!)"
Sid__,1261,1283,22,4031,2039,"CodeTON Round 9 (Div. 1 + Div. 2, Rated, Prizes!)"
abdoooo20,1317,1325,8,4031,2039,"CodeTON Round 9 (Div. 1 + Div. 2, Rated, Prizes!)"
l0ne_walker,1252,1277,25,4031,2039,"CodeTON Round 9 (Div. 1 + Div. 2, Rated, Prizes!)"
PhoenixRises,1264,1286,22,4031,2039,"CodeTON Round 9 (Div. 1 + Div. 2, Rated, Prizes!)"
lucky_bansal,1280,1298,18,4031,2039,"CodeTON Round 9 (Div. 1 + Div. 2, Rated, Prizes!)"
Venugopal_Reddy20,1327,1332,5,4036,2039,"CodeTON Round 9 (Div. 1 + Div. 2, Rated, Prizes!)"
lalitgupta0803,1396,1383,-13,4036,2039,"CodeTON Round 9 (Div. 1 + Div. 2, Rated, Prizes!)"
Ahmed05,1527,1482,-45,4036,2039,"CodeTON Round 9 (Div. 1 + Div. 2, Rated, Prizes!)"
Cuber-26,1345,1345,0,4036,2039,"CodeTON Round 9 (Div. 1 + Div. 2, Rated, Prizes!)"
wulukana,1248,1274,26,4036,2039,"CodeTON Round 9 (Div. 1 + Div. 2, Rated, Prizes!)"
chinmay_02,1442,1418,-24,4041,2039,"CodeTON Round 9 (Div. 1 + Div. 2, Rated, Prizes!)"
Jahid__Noob,1387,1376,-11,4041,2039,"CodeTON Round 9 (Div. 1 + Div. 2, Rated, Prizes!)"
brainsoft,1214,1249,35,4041,2039,"CodeTON Round 9 (Div. 1 + Div. 2, Rated, Prizes!)"
Orangeflavoredneck,1279,1296,17,4041,2039,"CodeTON Round 9 (Div. 1 + Div. 2, Rated, Prizes!)"
Average2k7,1328,1332,4,4041,2039,"CodeTON Round 9 (Div. 1 + Div. 2, Rated, Prizes!)"
Believe_In_God,1232,1262,30,4046,2039,"CodeTON Round 9 (Div. 1 + Div. 2, Rated, Prizes!)"
SisypSycho,1048,1133,85,4046,2039,"CodeTON Round 9 (Div. 1 + Div. 2, Rated, Prizes!)"
Swan416,1664,1586,-78,4048,2039,"CodeTON Round 9 (Div. 1 + Div. 2, Rated, Prizes!)"
_ryomen_sukuna_,1259,1281,22,4048,2039,"CodeTON Round 9 (Div. 1 + Div. 2, Rated, Prizes!)"
rodrigofft,1366,1360,-6,4048,2039,"CodeTON Round 9 (Div. 1 + Div. 2, Rated, Prizes!)"
Kenpachi,1147,1201,54,4048,2039,"CodeTON Round 9 (Div. 1 + Div. 2, Rated, Prizes!)"
abbas123,1227,1258,31,4048,2039,"CodeTON Round 9 (Div. 1 + Div. 2, Rated, Prizes!)"
_dhruveel_gajipara_,1540,1492,-48,4048,2039,"CodeTON Round 9 (Div. 1 + Div. 2, Rated, Prizes!)"
ngoclan2008,1670,1590,-80,4054,2039,"CodeTON Round 9 (Div. 1 + Div. 2, Rated, Prizes!)"
150400,887,1027,140,4054,2039,"CodeTON Round 9 (Div. 1 + Div. 2, Rated, Prizes!)"
Ali_Alp_Yazici,1450,1423,-27,4054,2039,"CodeTON Round 9 (Div. 1 + Div. 2, Rated, Prizes!)"
FLAGGED1894,1443,1418,-25,4054,2039,"CodeTON Round 9 (Div. 1 + Div. 2, Rated, Prizes!)"
OMI_14,1234,1263,29,4054,2039,"CodeTON Round 9 (Div. 1 + Div. 2, Rated, Prizes!)"
chiragoncf,1237,1265,28,4054,2039,"CodeTON Round 9 (Div. 1 + Div. 2, Rated, Prizes!)"
newaz234,1095,1164,69,4054,2039,"CodeTON Round 9 (Div. 1 + Div. 2, Rated, Prizes!)"
phancddev,1451,1424,-27,4054,2039,"CodeTON Round 9 (Div. 1 + Div. 2, Rated, Prizes!)"
VeljkoGalovic,1023,1169,146,4054,2039,"CodeTON Round 9 (Div. 1 + Div. 2, Rated, Prizes!)"
goodnightm,1321,1326,5,4063,2039,"CodeTON Round 9 (Div. 1 + Div. 2, Rated, Prizes!)"
RickyQaQ,1272,1290,18,4063,2039,"CodeTON Round 9 (Div. 1 + Div. 2, Rated, Prizes!)"
SquareCylinder,1531,1485,-46,4063,2039,"CodeTON Round 9 (Div. 1 + Div. 2, Rated, Prizes!)"
negi_abhi_1809,1196,1235,39,4066,2039,"CodeTON Round 9 (Div. 1 + Div. 2, Rated, Prizes!)"
MasteR_BaiteR,781,962,181,4066,2039,"CodeTON Round 9 (Div. 1 + Div. 2, Rated, Prizes!)"
Anmol1301,1212,1246,34,4066,2039,"CodeTON Round 9 (Div. 1 + Div. 2, Rated, Prizes!)"
Drakiana,933,1112,179,4066,2039,"CodeTON Round 9 (Div. 1 + Div. 2, Rated, Prizes!)"
PixelsInParadox555,1123,1183,60,4066,2039,"CodeTON Round 9 (Div. 1 + Div. 2, Rated, Prizes!)"
hahahaaa,1288,1302,14,4071,2039,"CodeTON Round 9 (Div. 1 + Div. 2, Rated, Prizes!)"
_wwyyyy,1139,1230,91,4071,2039,"CodeTON Round 9 (Div. 1 + Div. 2, Rated, Prizes!)"
ajaykrmnc,1599,1536,-63,4071,2039,"CodeTON Round 9 (Div. 1 + Div. 2, Rated, Prizes!)"
BlackCatMagic,1222,1253,31,4071,2039,"CodeTON Round 9 (Div. 1 + Div. 2, Rated, Prizes!)"
ammelid,1815,1701,-114,4071,2039,"CodeTON Round 9 (Div. 1 + Div. 2, Rated, Prizes!)"
Rustyfy,1155,1206,51,4076,2039,"CodeTON Round 9 (Div. 1 + Div. 2, Rated, Prizes!)"
Roka42,847,1050,203,4076,2039,"CodeTON Round 9 (Div. 1 + Div. 2, Rated, Prizes!)"
manueljfc,1360,1355,-5,4076,2039,"CodeTON Round 9 (Div. 1 + Div. 2, Rated, Prizes!)"
MohamedSaeed,1392,1379,-13,4076,2039,"CodeTON Round 9 (Div. 1 + Div. 2, Rated, Prizes!)"
edean,1173,1218,45,4076,2039,"CodeTON Round 9 (Div. 1 + Div. 2, Rated, Prizes!)"
Petertromso,1287,1300,13,4081,2039,"CodeTON Round 9 (Div. 1 + Div. 2, Rated, Prizes!)"
sssatty,1351,1348,-3,4081,2039,"CodeTON Round 9 (Div. 1 + Div. 2, Rated, Prizes!)"
Enrong,1251,1274,23,4081,2039,"CodeTON Round 9 (Div. 1 + Div. 2, Rated, Prizes!)"
harshptank2212,1459,1429,-30,4081,2039,"CodeTON Round 9 (Div. 1 + Div. 2, Rated, Prizes!)"
Berton2L,1341,1340,-1,4081,2039,"CodeTON Round 9 (Div. 1 + Div. 2, Rated, Prizes!)"
AngelOlan,1781,1675,-106,4081,2039,"CodeTON Round 9 (Div. 1 + Div. 2, Rated, Prizes!)"
Burhan_Akkus,1370,1362,-8,4087,2039,"CodeTON Round 9 (Div. 1 + Div. 2, Rated, Prizes!)"
CN_DreamerP,1468,1436,-32,4088,2039,"CodeTON Round 9 (Div. 1 + Div. 2, Rated, Prizes!)"
HetmesAskalana,1004,1101,97,4088,2039,"CodeTON Round 9 (Div. 1 + Div. 2, Rated, Prizes!)"
al95ireyiz,1193,1232,39,4088,2039,"CodeTON Round 9 (Div. 1 + Div. 2, Rated, Prizes!)"
maniac01,1301,1311,10,4088,2039,"CodeTON Round 9 (Div. 1 + Div. 2, Rated, Prizes!)"
IgorStrogonov,0,494,494,4088,2039,"CodeTON Round 9 (Div. 1 + Div. 2, Rated, Prizes!)"
smitp_04,1239,1265,26,4093,2039,"CodeTON Round 9 (Div. 1 + Div. 2, Rated, Prizes!)"
Lovre,1141,1195,54,4093,2039,"CodeTON Round 9 (Div. 1 + Div. 2, Rated, Prizes!)"
Emadow,1148,1200,52,4093,2039,"CodeTON Round 9 (Div. 1 + Div. 2, Rated, Prizes!)"
bubniak,1143,1196,53,4093,2039,"CodeTON Round 9 (Div. 1 + Div. 2, Rated, Prizes!)"
EndMyMisery,1326,1329,3,4093,2039,"CodeTON Round 9 (Div. 1 + Div. 2, Rated, Prizes!)"
625005105,1397,1382,-15,4093,2039,"CodeTON Round 9 (Div. 1 + Div. 2, Rated, Prizes!)"
dorababu,1199,1236,37,4093,2039,"CodeTON Round 9 (Div. 1 + Div. 2, Rated, Prizes!)"
RufoALTAC,1007,1156,149,4093,2039,"CodeTON Round 9 (Div. 1 + Div. 2, Rated, Prizes!)"
Orn0,1359,1353,-6,4101,2039,"CodeTON Round 9 (Div. 1 + Div. 2, Rated, Prizes!)"
Prohor106,1183,1224,41,4101,2039,"CodeTON Round 9 (Div. 1 + Div. 2, Rated, Prizes!)"
Bit_Bit,1133,1189,56,4101,2039,"CodeTON Round 9 (Div. 1 + Div. 2, Rated, Prizes!)"
Loganwick,1279,1294,15,4101,2039,"CodeTON Round 9 (Div. 1 + Div. 2, Rated, Prizes!)"
void_Farid,1220,1251,31,4101,2039,"CodeTON Round 9 (Div. 1 + Div. 2, Rated, Prizes!)"
mono_4,1236,1263,27,4106,2039,"CodeTON Round 9 (Div. 1 + Div. 2, Rated, Prizes!)"
Nahid12345,1425,1403,-22,4106,2039,"CodeTON Round 9 (Div. 1 + Div. 2, Rated, Prizes!)"
DinarPerseus,1429,1406,-23,4106,2039,"CodeTON Round 9 (Div. 1 + Div. 2, Rated, Prizes!)"
TLEGrandMaster,1109,1172,63,4106,2039,"CodeTON Round 9 (Div. 1 + Div. 2, Rated, Prizes!)"
nonanalyzer,1459,1492,33,4110,2039,"CodeTON Round 9 (Div. 1 + Div. 2, Rated, Prizes!)"
ramiskhan1708,1136,1191,55,4110,2039,"CodeTON Round 9 (Div. 1 + Div. 2, Rated, Prizes!)"
shikongy,0,493,493,4110,2039,"CodeTON Round 9 (Div. 1 + Div. 2, Rated, Prizes!)"
BijoySingh7,1236,1262,26,4113,2039,"CodeTON Round 9 (Div. 1 + Div. 2, Rated, Prizes!)"
Ak_16,1681,1597,-84,4113,2039,"CodeTON Round 9 (Div. 1 + Div. 2, Rated, Prizes!)"
KELEI,990,1091,101,4115,2039,"CodeTON Round 9 (Div. 1 + Div. 2, Rated, Prizes!)"
deepak.kalra2003,1111,1230,119,4115,2039,"CodeTON Round 9 (Div. 1 + Div. 2, Rated, Prizes!)"
avengers2405,1564,1508,-56,4115,2039,"CodeTON Round 9 (Div. 1 + Div. 2, Rated, Prizes!)"
null0124,1638,1564,-74,4115,2039,"CodeTON Round 9 (Div. 1 + Div. 2, Rated, Prizes!)"
loser_seele,1252,1273,21,4115,2039,"CodeTON Round 9 (Div. 1 + Div. 2, Rated, Prizes!)"
Izaz,1583,1522,-61,4115,2039,"CodeTON Round 9 (Div. 1 + Div. 2, Rated, Prizes!)"
mhjmbs,1498,1458,-40,4115,2039,"CodeTON Round 9 (Div. 1 + Div. 2, Rated, Prizes!)"
CodeMaster22,1433,1409,-24,4115,2039,"CodeTON Round 9 (Div. 1 + Div. 2, Rated, Prizes!)"
bawanglong,1328,1329,1,4115,2039,"CodeTON Round 9 (Div. 1 + Div. 2, Rated, Prizes!)"
heterodynosaur,463,805,342,4124,2039,"CodeTON Round 9 (Div. 1 + Div. 2, Rated, Prizes!)"
M.Nauman,1142,1194,52,4124,2039,"CodeTON Round 9 (Div. 1 + Div. 2, Rated, Prizes!)"
limif,1461,1430,-31,4124,2039,"CodeTON Round 9 (Div. 1 + Div. 2, Rated, Prizes!)"
eepy,1165,1210,45,4127,2039,"CodeTON Round 9 (Div. 1 + Div. 2, Rated, Prizes!)"
jileshsoni15,1212,1244,32,4127,2039,"CodeTON Round 9 (Div. 1 + Div. 2, Rated, Prizes!)"
Karabey17,1149,1199,50,4127,2039,"CodeTON Round 9 (Div. 1 + Div. 2, Rated, Prizes!)"
2077devwave,1146,1233,87,4127,2039,"CodeTON Round 9 (Div. 1 + Div. 2, Rated, Prizes!)"
sl2000,0,492,492,4127,2039,"CodeTON Round 9 (Div. 1 + Div. 2, Rated, Prizes!)"
tnwrshubham52,1218,1248,30,4127,2039,"CodeTON Round 9 (Div. 1 + Div. 2, Rated, Prizes!)"
cybrex998244353,1378,1366,-12,4133,2039,"CodeTON Round 9 (Div. 1 + Div. 2, Rated, Prizes!)"
SAKUR_A,1526,1478,-48,4133,2039,"CodeTON Round 9 (Div. 1 + Div. 2, Rated, Prizes!)"
AshokPaul2003,1118,1177,59,4133,2039,"CodeTON Round 9 (Div. 1 + Div. 2, Rated, Prizes!)"
YH_AM-IN,1221,1250,29,4133,2039,"CodeTON Round 9 (Div. 1 + Div. 2, Rated, Prizes!)"
hari300,1119,1177,58,4133,2039,"CodeTON Round 9 (Div. 1 + Div. 2, Rated, Prizes!)"
ydsrwex,1223,1252,29,4138,2039,"CodeTON Round 9 (Div. 1 + Div. 2, Rated, Prizes!)"
Micheal_13,1258,1277,19,4138,2039,"CodeTON Round 9 (Div. 1 + Div. 2, Rated, Prizes!)"
hammoudehib,990,1090,100,4138,2039,"CodeTON Round 9 (Div. 1 + Div. 2, Rated, Prizes!)"
A.Mozart,1212,1244,32,4141,2039,"CodeTON Round 9 (Div. 1 + Div. 2, Rated, Prizes!)"
twizz,1261,1279,18,4141,2039,"CodeTON Round 9 (Div. 1 + Div. 2, Rated, Prizes!)"
_-_--_-_,0,492,492,4143,2039,"CodeTON Round 9 (Div. 1 + Div. 2, Rated, Prizes!)"
Invin976,1100,1164,64,4143,2039,"CodeTON Round 9 (Div. 1 + Div. 2, Rated, Prizes!)"
Haya_ahm08,1122,1180,58,4143,2039,"CodeTON Round 9 (Div. 1 + Div. 2, Rated, Prizes!)"
BH_NM,1476,1440,-36,4146,2039,"CodeTON Round 9 (Div. 1 + Div. 2, Rated, Prizes!)"
DNZLREV,1289,1300,11,4146,2039,"CodeTON Round 9 (Div. 1 + Div. 2, Rated, Prizes!)"
IANYEYZ,1446,1417,-29,4146,2039,"CodeTON Round 9 (Div. 1 + Div. 2, Rated, Prizes!)"
A_d1b_A,1119,1177,58,4146,2039,"CodeTON Round 9 (Div. 1 + Div. 2, Rated, Prizes!)"
the_late_starter,1065,1206,141,4146,2039,"CodeTON Round 9 (Div. 1 + Div. 2, Rated, Prizes!)"
AliiM,1625,1553,-72,4146,2039,"CodeTON Round 9 (Div. 1 + Div. 2, Rated, Prizes!)"
lwrnc788,1381,1368,-13,4152,2039,"CodeTON Round 9 (Div. 1 + Div. 2, Rated, Prizes!)"
18202112,1345,1341,-4,4152,2039,"CodeTON Round 9 (Div. 1 + Div. 2, Rated, Prizes!)"
sokolov21lev1,965,1073,108,4152,2039,"CodeTON Round 9 (Div. 1 + Div. 2, Rated, Prizes!)"
Abay-Moldiar-004-27,1126,1182,56,4152,2039,"CodeTON Round 9 (Div. 1 + Div. 2, Rated, Prizes!)"
rahman_aman,1268,1284,16,4156,2039,"CodeTON Round 9 (Div. 1 + Div. 2, Rated, Prizes!)"
PetrShinomontazh,1093,1159,66,4157,2039,"CodeTON Round 9 (Div. 1 + Div. 2, Rated, Prizes!)"
Bugger,1271,1286,15,4157,2039,"CodeTON Round 9 (Div. 1 + Div. 2, Rated, Prizes!)"
XAH3ORus54,1147,1196,49,4157,2039,"CodeTON Round 9 (Div. 1 + Div. 2, Rated, Prizes!)"
TheTakibKhan,1276,1290,14,4157,2039,"CodeTON Round 9 (Div. 1 + Div. 2, Rated, Prizes!)"
sparsh__24,985,1086,101,4157,2039,"CodeTON Round 9 (Div. 1 + Div. 2, Rated, Prizes!)"
ONLY123,1532,1482,-50,4162,2039,"CodeTON Round 9 (Div. 1 + Div. 2, Rated, Prizes!)"
Techno_Sameer,1175,1217,42,4162,2039,"CodeTON Round 9 (Div. 1 + Div. 2, Rated, Prizes!)"
medmab,1259,1277,18,4162,2039,"CodeTON Round 9 (Div. 1 + Div. 2, Rated, Prizes!)"
The_Starry_Night,1398,1380,-18,4165,2039,"CodeTON Round 9 (Div. 1 + Div. 2, Rated, Prizes!)"
Maksim1111Fisenko,1046,1126,80,4165,2039,"CodeTON Round 9 (Div. 1 + Div. 2, Rated, Prizes!)"
Alex_139,1426,1402,-24,4165,2039,"CodeTON Round 9 (Div. 1 + Div. 2, Rated, Prizes!)"
eysikin,1313,1317,4,4165,2039,"CodeTON Round 9 (Div. 1 + Div. 2, Rated, Prizes!)"
THH_Konnyaku,1367,1357,-10,4165,2039,"CodeTON Round 9 (Div. 1 + Div. 2, Rated, Prizes!)"
sl0an,0,491,491,4165,2039,"CodeTON Round 9 (Div. 1 + Div. 2, Rated, Prizes!)"
kapillohani023,993,1090,97,4165,2039,"CodeTON Round 9 (Div. 1 + Div. 2, Rated, Prizes!)"
Tide,1056,1133,77,4165,2039,"CodeTON Round 9 (Div. 1 + Div. 2, Rated, Prizes!)"
CodingKaro,0,491,491,4165,2039,"CodeTON Round 9 (Div. 1 + Div. 2, Rated, Prizes!)"
gabri_,1162,1266,104,4174,2039,"CodeTON Round 9 (Div. 1 + Div. 2, Rated, Prizes!)"
Valenz,1498,1456,-42,4174,2039,"CodeTON Round 9 (Div. 1 + Div. 2, Rated, Prizes!)"
aram.hosna,1351,1345,-6,4174,2039,"CodeTON Round 9 (Div. 1 + Div. 2, Rated, Prizes!)"
guohezu,1301,1308,7,4174,2039,"CodeTON Round 9 (Div. 1 + Div. 2, Rated, Prizes!)"
Faiz-ur-Rehman_,1163,1207,44,4174,2039,"CodeTON Round 9 (Div. 1 + Div. 2, Rated, Prizes!)"
saelcc03,1392,1376,-16,4179,2039,"CodeTON Round 9 (Div. 1 + Div. 2, Rated, Prizes!)"
rayiseB,1314,1317,3,4179,2039,"CodeTON Round 9 (Div. 1 + Div. 2, Rated, Prizes!)"
Syntax2503,1474,1437,-37,4179,2039,"CodeTON Round 9 (Div. 1 + Div. 2, Rated, Prizes!)"
Surtr_4242,1219,1284,65,4179,2039,"CodeTON Round 9 (Div. 1 + Div. 2, Rated, Prizes!)"
a_rythm,1635,1560,-75,4179,2039,"CodeTON Round 9 (Div. 1 + Div. 2, Rated, Prizes!)"
Om_Bhati_Temp,1027,1167,140,4184,2039,"CodeTON Round 9 (Div. 1 + Div. 2, Rated, Prizes!)"
blstutu,1034,1117,83,4184,2039,"CodeTON Round 9 (Div. 1 + Div. 2, Rated, Prizes!)"
SmartCoder,1585,1522,-63,4184,2039,"CodeTON Round 9 (Div. 1 + Div. 2, Rated, Prizes!)"
mdm63,1000,1094,94,4187,2039,"CodeTON Round 9 (Div. 1 + Div. 2, Rated, Prizes!)"
Alive-Character,1521,1473,-48,4187,2039,"CodeTON Round 9 (Div. 1 + Div. 2, Rated, Prizes!)"
Tanzim639,1452,1421,-31,4187,2039,"CodeTON Round 9 (Div. 1 + Div. 2, Rated, Prizes!)"
Abs_Shagor56,1182,1221,39,4187,2039,"CodeTON Round 9 (Div. 1 + Div. 2, Rated, Prizes!)"
KBW_Grandson,992,1089,97,4187,2039,"CodeTON Round 9 (Div. 1 + Div. 2, Rated, Prizes!)"
Kaitak,1406,1386,-20,4192,2039,"CodeTON Round 9 (Div. 1 + Div. 2, Rated, Prizes!)"
San_jida,1475,1438,-37,4192,2039,"CodeTON Round 9 (Div. 1 + Div. 2, Rated, Prizes!)"
wangyongkai,424,774,350,4192,2039,"CodeTON Round 9 (Div. 1 + Div. 2, Rated, Prizes!)"
Chxxxx,655,937,282,4195,2039,"CodeTON Round 9 (Div. 1 + Div. 2, Rated, Prizes!)"
prikshit_sharma,1629,1555,-74,4195,2039,"CodeTON Round 9 (Div. 1 + Div. 2, Rated, Prizes!)"
zero_speed,1157,1202,45,4195,2039,"CodeTON Round 9 (Div. 1 + Div. 2, Rated, Prizes!)"
tonak,1379,1365,-14,4198,2039,"CodeTON Round 9 (Div. 1 + Div. 2, Rated, Prizes!)"
Kai_benefit,1473,1436,-37,4199,2039,"CodeTON Round 9 (Div. 1 + Div. 2, Rated, Prizes!)"
sathiya,1295,1302,7,4200,2039,"CodeTON Round 9 (Div. 1 + Div. 2, Rated, Prizes!)"
te.amo,1338,1334,-4,4200,2039,"CodeTON Round 9 (Div. 1 + Div. 2, Rated, Prizes!)"
abusayeid,1323,1323,0,4202,2039,"CodeTON Round 9 (Div. 1 + Div. 2, Rated, Prizes!)"
Zim_is_not_deadyet,987,1138,151,4202,2039,"CodeTON Round 9 (Div. 1 + Div. 2, Rated, Prizes!)"
ctw123,1165,1207,42,4204,2039,"CodeTON Round 9 (Div. 1 + Div. 2, Rated, Prizes!)"
Back_in_the_game,0,490,490,4204,2039,"CodeTON Round 9 (Div. 1 + Div. 2, Rated, Prizes!)"
xingsirumeng,1553,1497,-56,4204,2039,"CodeTON Round 9 (Div. 1 + Div. 2, Rated, Prizes!)"
isataygaygaygaygaygaygay,1256,1273,17,4204,2039,"CodeTON Round 9 (Div. 1 + Div. 2, Rated, Prizes!)"
param169,1416,1393,-23,4204,2039,"CodeTON Round 9 (Div. 1 + Div. 2, Rated, Prizes!)"
aCalico,1225,1287,62,4204,2039,"CodeTON Round 9 (Div. 1 + Div. 2, Rated, Prizes!)"
densh,1279,1290,11,4210,2039,"CodeTON Round 9 (Div. 1 + Div. 2, Rated, Prizes!)"
_Maciek_,530,853,323,4210,2039,"CodeTON Round 9 (Div. 1 + Div. 2, Rated, Prizes!)"
nsk_98,1699,1608,-91,4210,2039,"CodeTON Round 9 (Div. 1 + Div. 2, Rated, Prizes!)"
EvolutionzXD,1465,1430,-35,4210,2039,"CodeTON Round 9 (Div. 1 + Div. 2, Rated, Prizes!)"
Shihab-3point14,1207,1237,30,4210,2039,"CodeTON Round 9 (Div. 1 + Div. 2, Rated, Prizes!)"
Archit_Modi_21,1362,1352,-10,4210,2039,"CodeTON Round 9 (Div. 1 + Div. 2, Rated, Prizes!)"
eushaahmed08,1040,1120,80,4216,2039,"CodeTON Round 9 (Div. 1 + Div. 2, Rated, Prizes!)"
_Agageldi_,1321,1321,0,4216,2039,"CodeTON Round 9 (Div. 1 + Div. 2, Rated, Prizes!)"
Sakshi_22,1077,1145,68,4216,2039,"CodeTON Round 9 (Div. 1 + Div. 2, Rated, Prizes!)"
CTPAHHUK,1332,1329,-3,4216,2039,"CodeTON Round 9 (Div. 1 + Div. 2, Rated, Prizes!)"
gyx77,715,980,265,4220,2039,"CodeTON Round 9 (Div. 1 + Div. 2, Rated, Prizes!)"
maksudul,793,962,169,4220,2039,"CodeTON Round 9 (Div. 1 + Div. 2, Rated, Prizes!)"
euchangxian,1194,1228,34,4220,2039,"CodeTON Round 9 (Div. 1 + Div. 2, Rated, Prizes!)"
Ciyekua,1178,1216,38,4220,2039,"CodeTON Round 9 (Div. 1 + Div. 2, Rated, Prizes!)"
reyleigh,1370,1357,-13,4220,2039,"CodeTON Round 9 (Div. 1 + Div. 2, Rated, Prizes!)"
LogicSynth,1438,1488,50,4225,2039,"CodeTON Round 9 (Div. 1 + Div. 2, Rated, Prizes!)"
vivekj.joshi9,1185,1221,36,4225,2039,"CodeTON Round 9 (Div. 1 + Div. 2, Rated, Prizes!)"
InDI2k,1629,1554,-75,4225,2039,"CodeTON Round 9 (Div. 1 + Div. 2, Rated, Prizes!)"
freshlysquozen,1357,1348,-9,4225,2039,"CodeTON Round 9 (Div. 1 + Div. 2, Rated, Prizes!)"
PulkitJoshi,821,1058,237,4225,2039,"CodeTON Round 9 (Div. 1 + Div. 2, Rated, Prizes!)"
angelo4ek,880,1015,135,4230,2039,"CodeTON Round 9 (Div. 1 + Div. 2, Rated, Prizes!)"
onyourright17,1002,1127,125,4230,2039,"CodeTON Round 9 (Div. 1 + Div. 2, Rated, Prizes!)"
YourSistersHugeKidneys,1652,1571,-81,4230,2039,"CodeTON Round 9 (Div. 1 + Div. 2, Rated, Prizes!)"
_MZA1,1179,1216,37,4230,2039,"CodeTON Round 9 (Div. 1 + Div. 2, Rated, Prizes!)"
hsn8086,1271,1283,12,4230,2039,"CodeTON Round 9 (Div. 1 + Div. 2, Rated, Prizes!)"
Evil_Morty_,1504,1458,-46,4230,2039,"CodeTON Round 9 (Div. 1 + Div. 2, Rated, Prizes!)"
brrroski,1197,1303,106,4230,2039,"CodeTON Round 9 (Div. 1 + Div. 2, Rated, Prizes!)"
cefegent,1185,1221,36,4237,2039,"CodeTON Round 9 (Div. 1 + Div. 2, Rated, Prizes!)"
Vianshu_Shalyan,848,1044,196,4237,2039,"CodeTON Round 9 (Div. 1 + Div. 2, Rated, Prizes!)"
deepanhalder1907,965,1069,104,4237,2039,"CodeTON Round 9 (Div. 1 + Div. 2, Rated, Prizes!)"
CodeNhieuViDeoCoGauOm,1184,1219,35,4240,2039,"CodeTON Round 9 (Div. 1 + Div. 2, Rated, Prizes!)"
perspective_,1125,1178,53,4240,2039,"CodeTON Round 9 (Div. 1 + Div. 2, Rated, Prizes!)"
azapro179,1082,1148,66,4240,2039,"CodeTON Round 9 (Div. 1 + Div. 2, Rated, Prizes!)"
Meherab_05,1186,1221,35,4243,2039,"CodeTON Round 9 (Div. 1 + Div. 2, Rated, Prizes!)"
whtth,1197,1289,92,4243,2039,"CodeTON Round 9 (Div. 1 + Div. 2, Rated, Prizes!)"
neyuQ,1678,1591,-87,4243,2039,"CodeTON Round 9 (Div. 1 + Div. 2, Rated, Prizes!)"
VoHT,1362,1350,-12,4243,2039,"CodeTON Round 9 (Div. 1 + Div. 2, Rated, Prizes!)"
ricardsjansons,1382,1365,-17,4247,2039,"CodeTON Round 9 (Div. 1 + Div. 2, Rated, Prizes!)"
F4nk1,1213,1240,27,4247,2039,"CodeTON Round 9 (Div. 1 + Div. 2, Rated, Prizes!)"
ishanpraveen1002,1169,1209,40,4247,2039,"CodeTON Round 9 (Div. 1 + Div. 2, Rated, Prizes!)"
Eftekhar_Nahim,1440,1409,-31,4247,2039,"CodeTON Round 9 (Div. 1 + Div. 2, Rated, Prizes!)"
NSr_wang,1113,1169,56,4247,2039,"CodeTON Round 9 (Div. 1 + Div. 2, Rated, Prizes!)"
Sou_G,1575,1512,-63,4252,2039,"CodeTON Round 9 (Div. 1 + Div. 2, Rated, Prizes!)"
mannjain777,704,970,266,4252,2039,"CodeTON Round 9 (Div. 1 + Div. 2, Rated, Prizes!)"
MrAngello,1219,1245,26,4252,2039,"CodeTON Round 9 (Div. 1 + Div. 2, Rated, Prizes!)"
4Rt8,1283,1292,9,4255,2039,"CodeTON Round 9 (Div. 1 + Div. 2, Rated, Prizes!)"
Sthavir_123,1224,1248,24,4255,2039,"CodeTON Round 9 (Div. 1 + Div. 2, Rated, Prizes!)"
Hack.404,1029,1111,82,4255,2039,"CodeTON Round 9 (Div. 1 + Div. 2, Rated, Prizes!)"
23stuzyp,870,1059,189,4258,2039,"CodeTON Round 9 (Div. 1 + Div. 2, Rated, Prizes!)"
SerajOmar,1198,1229,31,4258,2039,"CodeTON Round 9 (Div. 1 + Div. 2, Rated, Prizes!)"
Raycurve,1233,1254,21,4260,2039,"CodeTON Round 9 (Div. 1 + Div. 2, Rated, Prizes!)"
shqrky,2151,1961,-190,4260,2039,"CodeTON Round 9 (Div. 1 + Div. 2, Rated, Prizes!)"
Dipto_801,1242,1261,19,4260,2039,"CodeTON Round 9 (Div. 1 + Div. 2, Rated, Prizes!)"
DanilGoose,415,764,349,4260,2039,"CodeTON Round 9 (Div. 1 + Div. 2, Rated, Prizes!)"
I_love_Gulchiroy,988,1084,96,4260,2039,"CodeTON Round 9 (Div. 1 + Div. 2, Rated, Prizes!)"
likesleep,1371,1356,-15,4265,2039,"CodeTON Round 9 (Div. 1 + Div. 2, Rated, Prizes!)"
Fail__2,425,772,347,4265,2039,"CodeTON Round 9 (Div. 1 + Div. 2, Rated, Prizes!)"
srujal194,1441,1410,-31,4265,2039,"CodeTON Round 9 (Div. 1 + Div. 2, Rated, Prizes!)"
Muhamed4,1246,1264,18,4265,2039,"CodeTON Round 9 (Div. 1 + Div. 2, Rated, Prizes!)"
BritoAlv,1430,1401,-29,4265,2039,"CodeTON Round 9 (Div. 1 + Div. 2, Rated, Prizes!)"
MRasool,1328,1324,-4,4270,2039,"CodeTON Round 9 (Div. 1 + Div. 2, Rated, Prizes!)"
guc_lzh,1482,1440,-42,4270,2039,"CodeTON Round 9 (Div. 1 + Div. 2, Rated, Prizes!)"
khasevaolhp,979,1077,98,4270,2039,"CodeTON Round 9 (Div. 1 + Div. 2, Rated, Prizes!)"
Enstalian,1363,1350,-13,4270,2039,"CodeTON Round 9 (Div. 1 + Div. 2, Rated, Prizes!)"
helloUniverse,1636,1557,-79,4274,2039,"CodeTON Round 9 (Div. 1 + Div. 2, Rated, Prizes!)"
kart31,1304,1306,2,4274,2039,"CodeTON Round 9 (Div. 1 + Div. 2, Rated, Prizes!)"
JainUjjwal,1317,1316,-1,4274,2039,"CodeTON Round 9 (Div. 1 + Div. 2, Rated, Prizes!)"
kuljit,1062,1133,71,4274,2039,"CodeTON Round 9 (Div. 1 + Div. 2, Rated, Prizes!)"
ikunjj,1480,1439,-41,4274,2039,"CodeTON Round 9 (Div. 1 + Div. 2, Rated, Prizes!)"
abu,1604,1533,-71,4274,2039,"CodeTON Round 9 (Div. 1 + Div. 2, Rated, Prizes!)"
manasagarwal005,904,1028,124,4280,2039,"CodeTON Round 9 (Div. 1 + Div. 2, Rated, Prizes!)"
Unlock_U,0,487,487,4280,2039,"CodeTON Round 9 (Div. 1 + Div. 2, Rated, Prizes!)"
KumarMrinal,0,487,487,4280,2039,"CodeTON Round 9 (Div. 1 + Div. 2, Rated, Prizes!)"
2021MCB1253,1091,1152,61,4283,2039,"CodeTON Round 9 (Div. 1 + Div. 2, Rated, Prizes!)"
_dusk_,1113,1168,55,4283,2039,"CodeTON Round 9 (Div. 1 + Div. 2, Rated, Prizes!)"
dchang0524,1318,1316,-2,4283,2039,"CodeTON Round 9 (Div. 1 + Div. 2, Rated, Prizes!)"
917,1063,1189,126,4283,2039,"CodeTON Round 9 (Div. 1 + Div. 2, Rated, Prizes!)"
-1984-,1326,1322,-4,4283,2039,"CodeTON Round 9 (Div. 1 + Div. 2, Rated, Prizes!)"
gamezovladislav,1218,1242,24,4283,2039,"CodeTON Round 9 (Div. 1 + Div. 2, Rated, Prizes!)"
rockleon,1082,1146,64,4283,2039,"CodeTON Round 9 (Div. 1 + Div. 2, Rated, Prizes!)"
MesutOzil,958,1062,104,4283,2039,"CodeTON Round 9 (Div. 1 + Div. 2, Rated, Prizes!)"
reisjoaomendes,1057,1129,72,4291,2039,"CodeTON Round 9 (Div. 1 + Div. 2, Rated, Prizes!)"
IamJoyanta,1158,1200,42,4291,2039,"CodeTON Round 9 (Div. 1 + Div. 2, Rated, Prizes!)"
yashrajnaik467,0,487,487,4293,2039,"CodeTON Round 9 (Div. 1 + Div. 2, Rated, Prizes!)"
soubhagyasahu,1155,1197,42,4293,2039,"CodeTON Round 9 (Div. 1 + Div. 2, Rated, Prizes!)"
vikrammalhotra,1274,1283,9,4295,2039,"CodeTON Round 9 (Div. 1 + Div. 2, Rated, Prizes!)"
Sp3cTer,1358,1345,-13,4296,2039,"CodeTON Round 9 (Div. 1 + Div. 2, Rated, Prizes!)"
1zaK,404,755,351,4297,2039,"CodeTON Round 9 (Div. 1 + Div. 2, Rated, Prizes!)"
Angel54,648,928,280,4298,2039,"CodeTON Round 9 (Div. 1 + Div. 2, Rated, Prizes!)"
scarywitcher,1277,1285,8,4298,2039,"CodeTON Round 9 (Div. 1 + Div. 2, Rated, Prizes!)"
TMxOronno,965,1067,102,4298,2039,"CodeTON Round 9 (Div. 1 + Div. 2, Rated, Prizes!)"
wangadhc,1108,1222,114,4298,2039,"CodeTON Round 9 (Div. 1 + Div. 2, Rated, Prizes!)"
Khattaab,1262,1274,12,4298,2039,"CodeTON Round 9 (Div. 1 + Div. 2, Rated, Prizes!)"
0blivi0n,953,1059,106,4298,2039,"CodeTON Round 9 (Div. 1 + Div. 2, Rated, Prizes!)"
LeHuynhDuc,1649,1567,-82,4304,2039,"CodeTON Round 9 (Div. 1 + Div. 2, Rated, Prizes!)"
KLA,1056,1127,71,4304,2039,"CodeTON Round 9 (Div. 1 + Div. 2, Rated, Prizes!)"
prathamalu1,1340,1332,-8,4304,2039,"CodeTON Round 9 (Div. 1 + Div. 2, Rated, Prizes!)"
3B3ATY,1301,1303,2,4304,2039,"CodeTON Round 9 (Div. 1 + Div. 2, Rated, Prizes!)"
Umbet,1477,1435,-42,4308,2039,"CodeTON Round 9 (Div. 1 + Div. 2, Rated, Prizes!)"
Elsaraf,1101,1158,57,4308,2039,"CodeTON Round 9 (Div. 1 + Div. 2, Rated, Prizes!)"
_HarJlblu_Jluc_,0,487,487,4308,2039,"CodeTON Round 9 (Div. 1 + Div. 2, Rated, Prizes!)"
zerocode11,987,1114,127,4308,2039,"CodeTON Round 9 (Div. 1 + Div. 2, Rated, Prizes!)"
Ujjawal_05,1377,1360,-17,4308,2039,"CodeTON Round 9 (Div. 1 + Div. 2, Rated, Prizes!)"
fREaK092,1364,1350,-14,4308,2039,"CodeTON Round 9 (Div. 1 + Div. 2, Rated, Prizes!)"
Mohammad_Arif,1169,1206,37,4308,2039,"CodeTON Round 9 (Div. 1 + Div. 2, Rated, Prizes!)"
ayoooy,1248,1263,15,4315,2039,"CodeTON Round 9 (Div. 1 + Div. 2, Rated, Prizes!)"
Alikhan-D-019-28,1127,1176,49,4315,2039,"CodeTON Round 9 (Div. 1 + Div. 2, Rated, Prizes!)"
ccr230110900501,1242,1259,17,4315,2039,"CodeTON Round 9 (Div. 1 + Div. 2, Rated, Prizes!)"
Cantilever12,0,486,486,4318,2039,"CodeTON Round 9 (Div. 1 + Div. 2, Rated, Prizes!)"
vishal1620,1040,1116,76,4318,2039,"CodeTON Round 9 (Div. 1 + Div. 2, Rated, Prizes!)"
vanshajharsh,1353,1341,-12,4318,2039,"CodeTON Round 9 (Div. 1 + Div. 2, Rated, Prizes!)"
Life_hates_me,1101,1158,57,4318,2039,"CodeTON Round 9 (Div. 1 + Div. 2, Rated, Prizes!)"
Amin_2005022,1228,1249,21,4318,2039,"CodeTON Round 9 (Div. 1 + Div. 2, Rated, Prizes!)"
sifmuna,1207,1233,26,4323,2039,"CodeTON Round 9 (Div. 1 + Div. 2, Rated, Prizes!)"
STRINGBUILDER99,1199,1228,29,4324,2039,"CodeTON Round 9 (Div. 1 + Div. 2, Rated, Prizes!)"
LogicLooper,1197,1226,29,4325,2039,"CodeTON Round 9 (Div. 1 + Div. 2, Rated, Prizes!)"
Prakash_OP,1158,1198,40,4325,2039,"CodeTON Round 9 (Div. 1 + Div. 2, Rated, Prizes!)"
chenliyuan,1597,1526,-71,4325,2039,"CodeTON Round 9 (Div. 1 + Div. 2, Rated, Prizes!)"
Ravi_Allu,1165,1203,38,4328,2039,"CodeTON Round 9 (Div. 1 + Div. 2, Rated, Prizes!)"
nazibur175,1432,1401,-31,4328,2039,"CodeTON Round 9 (Div. 1 + Div. 2, Rated, Prizes!)"
cercatrova,984,1078,94,4328,2039,"CodeTON Round 9 (Div. 1 + Div. 2, Rated, Prizes!)"
BlackAura1337,388,742,354,4328,2039,"CodeTON Round 9 (Div. 1 + Div. 2, Rated, Prizes!)"
sushant76s,1062,1131,69,4332,2039,"CodeTON Round 9 (Div. 1 + Div. 2, Rated, Prizes!)"
maruf_khan96,1135,1181,46,4333,2039,"CodeTON Round 9 (Div. 1 + Div. 2, Rated, Prizes!)"
savyshyn,1225,1246,21,4333,2039,"CodeTON Round 9 (Div. 1 + Div. 2, Rated, Prizes!)"
YeSXX...,372,731,359,4333,2039,"CodeTON Round 9 (Div. 1 + Div. 2, Rated, Prizes!)"
NotHosam,1381,1362,-19,4333,2039,"CodeTON Round 9 (Div. 1 + Div. 2, Rated, Prizes!)"
NazmulGo,1094,1152,58,4333,2039,"CodeTON Round 9 (Div. 1 + Div. 2, Rated, Prizes!)"
ShivaQuode,1280,1286,6,4333,2039,"CodeTON Round 9 (Div. 1 + Div. 2, Rated, Prizes!)"
Munna134,1222,1244,22,4333,2039,"CodeTON Round 9 (Div. 1 + Div. 2, Rated, Prizes!)"
RedShinobi,1028,1141,113,4340,2039,"CodeTON Round 9 (Div. 1 + Div. 2, Rated, Prizes!)"
saymon,1257,1269,12,4340,2039,"CodeTON Round 9 (Div. 1 + Div. 2, Rated, Prizes!)"
o_O--,1133,1215,82,4340,2039,"CodeTON Round 9 (Div. 1 + Div. 2, Rated, Prizes!)"
zhaoyingwei,1491,1445,-46,4340,2039,"CodeTON Round 9 (Div. 1 + Div. 2, Rated, Prizes!)"
Sadium,1320,1316,-4,4340,2039,"CodeTON Round 9 (Div. 1 + Div. 2, Rated, Prizes!)"
Heixow,639,919,280,4345,2039,"CodeTON Round 9 (Div. 1 + Div. 2, Rated, Prizes!)"
ITBlockZ,1111,1164,53,4345,2039,"CodeTON Round 9 (Div. 1 + Div. 2, Rated, Prizes!)"
170zhiyixi,1333,1325,-8,4347,2039,"CodeTON Round 9 (Div. 1 + Div. 2, Rated, Prizes!)"
tsengang,1312,1310,-2,4347,2039,"CodeTON Round 9 (Div. 1 + Div. 2, Rated, Prizes!)"
Kaushal_26,1256,1268,12,4347,2039,"CodeTON Round 9 (Div. 1 + Div. 2, Rated, Prizes!)"
NITYAM_BHUSHAN,1388,1367,-21,4347,2039,"CodeTON Round 9 (Div. 1 + Div. 2, Rated, Prizes!)"
kshitij_81,689,955,266,4351,2039,"CodeTON Round 9 (Div. 1 + Div. 2, Rated, Prizes!)"
43c65d1,1321,1316,-5,4351,2039,"CodeTON Round 9 (Div. 1 + Div. 2, Rated, Prizes!)"
pavankumar7675,1163,1200,37,4351,2039,"CodeTON Round 9 (Div. 1 + Div. 2, Rated, Prizes!)"
avikantk94,1213,1236,23,4351,2039,"CodeTON Round 9 (Div. 1 + Div. 2, Rated, Prizes!)"
Aurora__,1513,1461,-52,4351,2039,"CodeTON Round 9 (Div. 1 + Div. 2, Rated, Prizes!)"
thaiph,1250,1263,13,4356,2039,"CodeTON Round 9 (Div. 1 + Div. 2, Rated, Prizes!)"
green_heaven,1371,1354,-17,4356,2039,"CodeTON Round 9 (Div. 1 + Div. 2, Rated, Prizes!)"
deadlycoder82,1176,1210,34,4358,2039,"CodeTON Round 9 (Div. 1 + Div. 2, Rated, Prizes!)"
arastoo,1539,1481,-58,4358,2039,"CodeTON Round 9 (Div. 1 + Div. 2, Rated, Prizes!)"
aboFarouk,0,485,485,4358,2039,"CodeTON Round 9 (Div. 1 + Div. 2, Rated, Prizes!)"
satyam343,2186,1988,-198,4358,2039,"CodeTON Round 9 (Div. 1 + Div. 2, Rated, Prizes!)"
MAFIA29,1134,1180,46,4362,2039,"CodeTON Round 9 (Div. 1 + Div. 2, Rated, Prizes!)"
MrChronoJester,1723,1622,-101,4362,2039,"CodeTON Round 9 (Div. 1 + Div. 2, Rated, Prizes!)"
Greedy_R,498,824,326,4364,2039,"CodeTON Round 9 (Div. 1 + Div. 2, Rated, Prizes!)"
Hellfeed,1008,1092,84,4364,2039,"CodeTON Round 9 (Div. 1 + Div. 2, Rated, Prizes!)"
NiamulKarim,1051,1122,71,4364,2039,"CodeTON Round 9 (Div. 1 + Div. 2, Rated, Prizes!)"
dickman,1443,1408,-35,4364,2039,"CodeTON Round 9 (Div. 1 + Div. 2, Rated, Prizes!)"
farhan95104,1675,1585,-90,4364,2039,"CodeTON Round 9 (Div. 1 + Div. 2, Rated, Prizes!)"
YZHhegwb,1392,1369,-23,4369,2039,"CodeTON Round 9 (Div. 1 + Div. 2, Rated, Prizes!)"
broiampro,1272,1279,7,4370,2039,"CodeTON Round 9 (Div. 1 + Div. 2, Rated, Prizes!)"
A_Coder_AS,1027,1105,78,4370,2039,"CodeTON Round 9 (Div. 1 + Div. 2, Rated, Prizes!)"
teodora_laura,1253,1265,12,4370,2039,"CodeTON Round 9 (Div. 1 + Div. 2, Rated, Prizes!)"
why_0210,1286,1289,3,4370,2039,"CodeTON Round 9 (Div. 1 + Div. 2, Rated, Prizes!)"
ankur_310,1187,1217,30,4370,2039,"CodeTON Round 9 (Div. 1 + Div. 2, Rated, Prizes!)"
wetryiii,1405,1379,-26,4370,2039,"CodeTON Round 9 (Div. 1 + Div. 2, Rated, Prizes!)"
__ALBION__,1306,1304,-2,4376,2039,"CodeTON Round 9 (Div. 1 + Div. 2, Rated, Prizes!)"
IR0N-MAN,1117,1167,50,4376,2039,"CodeTON Round 9 (Div. 1 + Div. 2, Rated, Prizes!)"
ashKs,1439,1404,-35,4378,2039,"CodeTON Round 9 (Div. 1 + Div. 2, Rated, Prizes!)"
AprilSunny,1564,1500,-64,4378,2039,"CodeTON Round 9 (Div. 1 + Div. 2, Rated, Prizes!)"
msab3f,1133,1178,45,4378,2039,"CodeTON Round 9 (Div. 1 + Div. 2, Rated, Prizes!)"
_Fady_,1448,1411,-37,4381,2039,"CodeTON Round 9 (Div. 1 + Div. 2, Rated, Prizes!)"
Another_Isamatdin,1490,1443,-47,4381,2039,"CodeTON Round 9 (Div. 1 + Div. 2, Rated, Prizes!)"
pseudotech,1138,1182,44,4383,2039,"CodeTON Round 9 (Div. 1 + Div. 2, Rated, Prizes!)"
AbDhrubo,1220,1240,20,4383,2039,"CodeTON Round 9 (Div. 1 + Div. 2, Rated, Prizes!)"
SnippetSpammer_126,1210,1233,23,4383,2039,"CodeTON Round 9 (Div. 1 + Div. 2, Rated, Prizes!)"
if-then-explorer,1388,1366,-22,4386,2039,"CodeTON Round 9 (Div. 1 + Div. 2, Rated, Prizes!)"
hangogogo,1400,1375,-25,4386,2039,"CodeTON Round 9 (Div. 1 + Div. 2, Rated, Prizes!)"
DarkChemist,1617,1540,-77,4388,2039,"CodeTON Round 9 (Div. 1 + Div. 2, Rated, Prizes!)"
Lonelyper,1375,1356,-19,4388,2039,"CodeTON Round 9 (Div. 1 + Div. 2, Rated, Prizes!)"
Carrie5827,1313,1309,-4,4388,2039,"CodeTON Round 9 (Div. 1 + Div. 2, Rated, Prizes!)"
HHVB,0,484,484,4391,2039,"CodeTON Round 9 (Div. 1 + Div. 2, Rated, Prizes!)"
aditya712001,1461,1421,-40,4391,2039,"CodeTON Round 9 (Div. 1 + Div. 2, Rated, Prizes!)"
xhc777,0,484,484,4393,2039,"CodeTON Round 9 (Div. 1 + Div. 2, Rated, Prizes!)"
SovietPotato69,1087,1145,58,4393,2039,"CodeTON Round 9 (Div. 1 + Div. 2, Rated, Prizes!)"
ulisses_ab,849,1073,224,4393,2039,"CodeTON Round 9 (Div. 1 + Div. 2, Rated, Prizes!)"
Andrew055,1345,1333,-12,4396,2039,"CodeTON Round 9 (Div. 1 + Div. 2, Rated, Prizes!)"
Tour__Guide,1340,1329,-11,4397,2039,"CodeTON Round 9 (Div. 1 + Div. 2, Rated, Prizes!)"
Quanta07,1214,1236,22,4397,2039,"CodeTON Round 9 (Div. 1 + Div. 2, Rated, Prizes!)"
abdullah_eid,1178,1209,31,4399,2039,"CodeTON Round 9 (Div. 1 + Div. 2, Rated, Prizes!)"
tushar22544,962,1060,98,4399,2039,"CodeTON Round 9 (Div. 1 + Div. 2, Rated, Prizes!)"
Twits,1738,1632,-106,4399,2039,"CodeTON Round 9 (Div. 1 + Div. 2, Rated, Prizes!)"
sktodow,1304,1302,-2,4399,2039,"CodeTON Round 9 (Div. 1 + Div. 2, Rated, Prizes!)"
DEVILxiaodai,1085,1144,59,4403,2039,"CodeTON Round 9 (Div. 1 + Div. 2, Rated, Prizes!)"
ByteVerse_,1149,1189,40,4403,2039,"CodeTON Round 9 (Div. 1 + Div. 2, Rated, Prizes!)"
sathwikshaga,1518,1464,-54,4403,2039,"CodeTON Round 9 (Div. 1 + Div. 2, Rated, Prizes!)"
coderbodrul,1301,1299,-2,4406,2039,"CodeTON Round 9 (Div. 1 + Div. 2, Rated, Prizes!)"
sadat,1323,1316,-7,4406,2039,"CodeTON Round 9 (Div. 1 + Div. 2, Rated, Prizes!)"
cod3_trav3ll3r,0,484,484,4406,2039,"CodeTON Round 9 (Div. 1 + Div. 2, Rated, Prizes!)"
shahriyarsami,887,1012,125,4406,2039,"CodeTON Round 9 (Div. 1 + Div. 2, Rated, Prizes!)"
LXYYYY_,1286,1351,65,4406,2039,"CodeTON Round 9 (Div. 1 + Div. 2, Rated, Prizes!)"
Discens,1397,1372,-25,4406,2039,"CodeTON Round 9 (Div. 1 + Div. 2, Rated, Prizes!)"
felucia,1288,1290,2,4406,2039,"CodeTON Round 9 (Div. 1 + Div. 2, Rated, Prizes!)"
KOHAKU0530,1017,1131,114,4413,2039,"CodeTON Round 9 (Div. 1 + Div. 2, Rated, Prizes!)"
Le_Louch007,1299,1298,-1,4413,2039,"CodeTON Round 9 (Div. 1 + Div. 2, Rated, Prizes!)"
toma12,1250,1261,11,4415,2039,"CodeTON Round 9 (Div. 1 + Div. 2, Rated, Prizes!)"
Sandy_malz,1266,1273,7,4415,2039,"CodeTON Round 9 (Div. 1 + Div. 2, Rated, Prizes!)"
chickendumbiryani,1129,1174,45,4417,2039,"CodeTON Round 9 (Div. 1 + Div. 2, Rated, Prizes!)"
era-jen,1379,1358,-21,4417,2039,"CodeTON Round 9 (Div. 1 + Div. 2, Rated, Prizes!)"
sixx_one,1458,1418,-40,4419,2039,"CodeTON Round 9 (Div. 1 + Div. 2, Rated, Prizes!)"
rishijha00007,1142,1183,41,4419,2039,"CodeTON Round 9 (Div. 1 + Div. 2, Rated, Prizes!)"
sudhanshu_singh1182,1265,1272,7,4419,2039,"CodeTON Round 9 (Div. 1 + Div. 2, Rated, Prizes!)"
Arou,1372,1352,-20,4422,2039,"CodeTON Round 9 (Div. 1 + Div. 2, Rated, Prizes!)"
JiangShenLi,1439,1403,-36,4422,2039,"CodeTON Round 9 (Div. 1 + Div. 2, Rated, Prizes!)"
_Manual_,1341,1329,-12,4422,2039,"CodeTON Round 9 (Div. 1 + Div. 2, Rated, Prizes!)"
to___ot,480,808,328,4422,2039,"CodeTON Round 9 (Div. 1 + Div. 2, Rated, Prizes!)"
tkc2407,1178,1209,31,4422,2039,"CodeTON Round 9 (Div. 1 + Div. 2, Rated, Prizes!)"
anshuldutt21,1180,1210,30,4427,2039,"CodeTON Round 9 (Div. 1 + Div. 2, Rated, Prizes!)"
zqzzqz,1146,1186,40,4428,2039,"CodeTON Round 9 (Div. 1 + Div. 2, Rated, Prizes!)"
Rifat02,1148,1187,39,4428,2039,"CodeTON Round 9 (Div. 1 + Div. 2, Rated, Prizes!)"
Leidenschaft,1656,1568,-88,4428,2039,"CodeTON Round 9 (Div. 1 + Div. 2, Rated, Prizes!)"
leqkoplastir,1306,1302,-4,4431,2039,"CodeTON Round 9 (Div. 1 + Div. 2, Rated, Prizes!)"
CocoCat,1065,1129,64,4432,2039,"CodeTON Round 9 (Div. 1 + Div. 2, Rated, Prizes!)"
Ermi_007,1326,1317,-9,4432,2039,"CodeTON Round 9 (Div. 1 + Div. 2, Rated, Prizes!)"
FourthRateOne,1014,1158,144,4432,2039,"CodeTON Round 9 (Div. 1 + Div. 2, Rated, Prizes!)"
sabbi_coder,1183,1212,29,4432,2039,"CodeTON Round 9 (Div. 1 + Div. 2, Rated, Prizes!)"
Mr_Senpai,926,1035,109,4436,2039,"CodeTON Round 9 (Div. 1 + Div. 2, Rated, Prizes!)"
sparpara,1454,1414,-40,4436,2039,"CodeTON Round 9 (Div. 1 + Div. 2, Rated, Prizes!)"
cvsj,1377,1356,-21,4436,2039,"CodeTON Round 9 (Div. 1 + Div. 2, Rated, Prizes!)"
Creym,1257,1266,9,4436,2039,"CodeTON Round 9 (Div. 1 + Div. 2, Rated, Prizes!)"
Pikachu106,455,789,334,4436,2039,"CodeTON Round 9 (Div. 1 + Div. 2, Rated, Prizes!)"
WhoAmI_Who,1283,1285,2,4436,2039,"CodeTON Round 9 (Div. 1 + Div. 2, Rated, Prizes!)"
emptyUser,1169,1201,32,4442,2039,"CodeTON Round 9 (Div. 1 + Div. 2, Rated, Prizes!)"
hzzt_2004,1215,1235,20,4442,2039,"CodeTON Round 9 (Div. 1 + Div. 2, Rated, Prizes!)"
og.Sumail,1515,1460,-55,4444,2039,"CodeTON Round 9 (Div. 1 + Div. 2, Rated, Prizes!)"
deflator,1042,1112,70,4444,2039,"CodeTON Round 9 (Div. 1 + Div. 2, Rated, Prizes!)"
BaBy_SharK_99,1031,1105,74,4444,2039,"CodeTON Round 9 (Div. 1 + Div. 2, Rated, Prizes!)"
usMinh,1219,1299,80,4447,2039,"CodeTON Round 9 (Div. 1 + Div. 2, Rated, Prizes!)"
Tahmid_T,1219,1237,18,4448,2039,"CodeTON Round 9 (Div. 1 + Div. 2, Rated, Prizes!)"
suheb,983,1072,89,4448,2039,"CodeTON Round 9 (Div. 1 + Div. 2, Rated, Prizes!)"
refred1,1376,1355,-21,4448,2039,"CodeTON Round 9 (Div. 1 + Div. 2, Rated, Prizes!)"
Necrohades,1765,1652,-113,4451,2039,"CodeTON Round 9 (Div. 1 + Div. 2, Rated, Prizes!)"
amongsus,1279,1281,2,4451,2039,"CodeTON Round 9 (Div. 1 + Div. 2, Rated, Prizes!)"
Tumour,1263,1270,7,4451,2039,"CodeTON Round 9 (Div. 1 + Div. 2, Rated, Prizes!)"
This_Is_Amazing,1047,1115,68,4451,2039,"CodeTON Round 9 (Div. 1 + Div. 2, Rated, Prizes!)"
Imran_86,884,1008,124,4455,2039,"CodeTON Round 9 (Div. 1 + Div. 2, Rated, Prizes!)"
Error503,1168,1201,33,4455,2039,"CodeTON Round 9 (Div. 1 + Div. 2, Rated, Prizes!)"
NaCiRa,1107,1157,50,4457,2039,"CodeTON Round 9 (Div. 1 + Div. 2, Rated, Prizes!)"
jokerkok,0,482,482,4457,2039,"CodeTON Round 9 (Div. 1 + Div. 2, Rated, Prizes!)"
Deepak_Kumar01,1224,1241,17,4457,2039,"CodeTON Round 9 (Div. 1 + Div. 2, Rated, Prizes!)"
sanjuguptasbg264,1427,1393,-34,4457,2039,"CodeTON Round 9 (Div. 1 + Div. 2, Rated, Prizes!)"
ARR100,1100,1152,52,4457,2039,"CodeTON Round 9 (Div. 1 + Div. 2, Rated, Prizes!)"
T__T,1183,1211,28,4462,2039,"CodeTON Round 9 (Div. 1 + Div. 2, Rated, Prizes!)"
Feijoa_Li,1277,1280,3,4462,2039,"CodeTON Round 9 (Div. 1 + Div. 2, Rated, Prizes!)"
Hayan,1472,1427,-45,4462,2039,"CodeTON Round 9 (Div. 1 + Div. 2, Rated, Prizes!)"
Tirtha_Manan_Das,1275,1278,3,4462,2039,"CodeTON Round 9 (Div. 1 + Div. 2, Rated, Prizes!)"
Yusw,1428,1394,-34,4466,2039,"CodeTON Round 9 (Div. 1 + Div. 2, Rated, Prizes!)"
S____H,1219,1237,18,4466,2039,"CodeTON Round 9 (Div. 1 + Div. 2, Rated, Prizes!)"
dreamboy,1246,1257,11,4468,2039,"CodeTON Round 9 (Div. 1 + Div. 2, Rated, Prizes!)"
hehe_boi30,1174,1204,30,4468,2039,"CodeTON Round 9 (Div. 1 + Div. 2, Rated, Prizes!)"
samsoom,1495,1444,-51,4470,2039,"CodeTON Round 9 (Div. 1 + Div. 2, Rated, Prizes!)"
ZaeThrix,1304,1299,-5,4470,2039,"CodeTON Round 9 (Div. 1 + Div. 2, Rated, Prizes!)"
Johnny__Turtle,384,734,350,4470,2039,"CodeTON Round 9 (Div. 1 + Div. 2, Rated, Prizes!)"
vikasdixit7905,973,1065,92,4470,2039,"CodeTON Round 9 (Div. 1 + Div. 2, Rated, Prizes!)"
no_bed,1487,1438,-49,4474,2039,"CodeTON Round 9 (Div. 1 + Div. 2, Rated, Prizes!)"
Xw1.0,1046,1114,68,4474,2039,"CodeTON Round 9 (Div. 1 + Div. 2, Rated, Prizes!)"
aryan159,0,482,482,4474,2039,"CodeTON Round 9 (Div. 1 + Div. 2, Rated, Prizes!)"
Mars88,1154,1189,35,4477,2039,"CodeTON Round 9 (Div. 1 + Div. 2, Rated, Prizes!)"
Dipto.4D,1249,1258,9,4477,2039,"CodeTON Round 9 (Div. 1 + Div. 2, Rated, Prizes!)"
butter3105,423,764,341,4479,2039,"CodeTON Round 9 (Div. 1 + Div. 2, Rated, Prizes!)"
DEVOTEDSword,1551,1486,-65,4479,2039,"CodeTON Round 9 (Div. 1 + Div. 2, Rated, Prizes!)"
saidatta993,1164,1196,32,4481,2039,"CodeTON Round 9 (Div. 1 + Div. 2, Rated, Prizes!)"
blinowartemcka,1089,1179,90,4481,2039,"CodeTON Round 9 (Div. 1 + Div. 2, Rated, Prizes!)"
him_21,1165,1197,32,4483,2039,"CodeTON Round 9 (Div. 1 + Div. 2, Rated, Prizes!)"
adilsadman60,1484,1435,-49,4483,2039,"CodeTON Round 9 (Div. 1 + Div. 2, Rated, Prizes!)"
EliudGarcia,1206,1226,20,4483,2039,"CodeTON Round 9 (Div. 1 + Div. 2, Rated, Prizes!)"
ok12,1279,1280,1,4486,2039,"CodeTON Round 9 (Div. 1 + Div. 2, Rated, Prizes!)"
darkqua,804,1004,200,4486,2039,"CodeTON Round 9 (Div. 1 + Div. 2, Rated, Prizes!)"
aadi_900,1228,1243,15,4486,2039,"CodeTON Round 9 (Div. 1 + Div. 2, Rated, Prizes!)"
MuneebAlvi,601,887,286,4486,2039,"CodeTON Round 9 (Div. 1 + Div. 2, Rated, Prizes!)"
BigOChamp,1108,1192,84,4486,2039,"CodeTON Round 9 (Div. 1 + Div. 2, Rated, Prizes!)"
Mediocrisity,1186,1212,26,4491,2039,"CodeTON Round 9 (Div. 1 + Div. 2, Rated, Prizes!)"
tvcv901,1314,1306,-8,4491,2039,"CodeTON Round 9 (Div. 1 + Div. 2, Rated, Prizes!)"
pratyanch_jain,1283,1283,0,4493,2039,"CodeTON Round 9 (Div. 1 + Div. 2, Rated, Prizes!)"
EduardoBrito,1614,1535,-79,4493,2039,"CodeTON Round 9 (Div. 1 + Div. 2, Rated, Prizes!)"
saiful_islam_bk,1183,1210,27,4493,2039,"CodeTON Round 9 (Div. 1 + Div. 2, Rated, Prizes!)"
yumu,1397,1369,-28,4496,2039,"CodeTON Round 9 (Div. 1 + Div. 2, Rated, Prizes!)"
linnzsc,1470,1424,-46,4496,2039,"CodeTON Round 9 (Div. 1 + Div. 2, Rated, Prizes!)"
Pichon_Rastastas,1161,1194,33,4496,2039,"CodeTON Round 9 (Div. 1 + Div. 2, Rated, Prizes!)"
Rimon_Tanmoy,1164,1196,32,4496,2039,"CodeTON Round 9 (Div. 1 + Div. 2, Rated, Prizes!)"
colin_07,1434,1397,-37,4496,2039,"CodeTON Round 9 (Div. 1 + Div. 2, Rated, Prizes!)"
michalrog14,0,480,480,4501,2039,"CodeTON Round 9 (Div. 1 + Div. 2, Rated, Prizes!)"
aditya_raaj,1429,1393,-36,4501,2039,"CodeTON Round 9 (Div. 1 + Div. 2, Rated, Prizes!)"
GabrielSpd,1067,1128,61,4501,2039,"CodeTON Round 9 (Div. 1 + Div. 2, Rated, Prizes!)"
Seriously_Its_Sameer,1556,1490,-66,4504,2039,"CodeTON Round 9 (Div. 1 + Div. 2, Rated, Prizes!)"
MH_Nazmul,1159,1192,33,4504,2039,"CodeTON Round 9 (Div. 1 + Div. 2, Rated, Prizes!)"
sandesh543,987,1072,85,4504,2039,"CodeTON Round 9 (Div. 1 + Div. 2, Rated, Prizes!)"
SHKAV,1982,1819,-163,4507,2039,"CodeTON Round 9 (Div. 1 + Div. 2, Rated, Prizes!)"
3.1415926535897932384,1459,1415,-44,4507,2039,"CodeTON Round 9 (Div. 1 + Div. 2, Rated, Prizes!)"
dhiru.4211,937,1040,103,4507,2039,"CodeTON Round 9 (Div. 1 + Div. 2, Rated, Prizes!)"
-0.50,1038,1107,69,4507,2039,"CodeTON Round 9 (Div. 1 + Div. 2, Rated, Prizes!)"
ayaanOVO,1044,1111,67,4507,2039,"CodeTON Round 9 (Div. 1 + Div. 2, Rated, Prizes!)"
Noname_2k7,536,848,312,4512,2039,"CodeTON Round 9 (Div. 1 + Div. 2, Rated, Prizes!)"
itz_tanvir,997,1079,82,4513,2039,"CodeTON Round 9 (Div. 1 + Div. 2, Rated, Prizes!)"
clerisy47,1202,1223,21,4513,2039,"CodeTON Round 9 (Div. 1 + Div. 2, Rated, Prizes!)"
shen_kong,792,1027,235,4513,2039,"CodeTON Round 9 (Div. 1 + Div. 2, Rated, Prizes!)"
uditsh03,1341,1326,-15,4516,2039,"CodeTON Round 9 (Div. 1 + Div. 2, Rated, Prizes!)"
gursimarsinghmiglani,1467,1421,-46,4517,2039,"CodeTON Round 9 (Div. 1 + Div. 2, Rated, Prizes!)"
MeowTea,1272,1274,2,4517,2039,"CodeTON Round 9 (Div. 1 + Div. 2, Rated, Prizes!)"
molywyp,1556,1489,-67,4517,2039,"CodeTON Round 9 (Div. 1 + Div. 2, Rated, Prizes!)"
vignesh_1324,1069,1128,59,4517,2039,"CodeTON Round 9 (Div. 1 + Div. 2, Rated, Prizes!)"
trgao,1486,1435,-51,4521,2039,"CodeTON Round 9 (Div. 1 + Div. 2, Rated, Prizes!)"
wedergebore,1463,1418,-45,4521,2039,"CodeTON Round 9 (Div. 1 + Div. 2, Rated, Prizes!)"
LortyMorty,1205,1261,56,4521,2039,"CodeTON Round 9 (Div. 1 + Div. 2, Rated, Prizes!)"
ALOMGIR_27,1416,1382,-34,4524,2039,"CodeTON Round 9 (Div. 1 + Div. 2, Rated, Prizes!)"
miximeow,1300,1332,32,4524,2039,"CodeTON Round 9 (Div. 1 + Div. 2, Rated, Prizes!)"
chauhanasheesh,1256,1262,6,4524,2039,"CodeTON Round 9 (Div. 1 + Div. 2, Rated, Prizes!)"
zanifa_zini,873,998,125,4527,2039,"CodeTON Round 9 (Div. 1 + Div. 2, Rated, Prizes!)"
wttt907,1156,1189,33,4527,2039,"CodeTON Round 9 (Div. 1 + Div. 2, Rated, Prizes!)"
Hasnat0006,1225,1239,14,4527,2039,"CodeTON Round 9 (Div. 1 + Div. 2, Rated, Prizes!)"
La_Casa_Blanca,1070,1128,58,4530,2039,"CodeTON Round 9 (Div. 1 + Div. 2, Rated, Prizes!)"
archit55,1143,1179,36,4530,2039,"CodeTON Round 9 (Div. 1 + Div. 2, Rated, Prizes!)"
Tamas,985,1070,85,4530,2039,"CodeTON Round 9 (Div. 1 + Div. 2, Rated, Prizes!)"
Bittencourt,1455,1412,-43,4530,2039,"CodeTON Round 9 (Div. 1 + Div. 2, Rated, Prizes!)"
_hhaizz,719,971,252,4530,2039,"CodeTON Round 9 (Div. 1 + Div. 2, Rated, Prizes!)"
Ifkk_Ost,1389,1362,-27,4530,2039,"CodeTON Round 9 (Div. 1 + Div. 2, Rated, Prizes!)"
IamHereForFun,1639,1552,-87,4536,2039,"CodeTON Round 9 (Div. 1 + Div. 2, Rated, Prizes!)"
KhanMahedi,1232,1244,12,4536,2039,"CodeTON Round 9 (Div. 1 + Div. 2, Rated, Prizes!)"
razon_hasssan,1075,1131,56,4536,2039,"CodeTON Round 9 (Div. 1 + Div. 2, Rated, Prizes!)"
tamadac,1179,1205,26,4539,2039,"CodeTON Round 9 (Div. 1 + Div. 2, Rated, Prizes!)"
iktiup_79,1027,1099,72,4539,2039,"CodeTON Round 9 (Div. 1 + Div. 2, Rated, Prizes!)"
Baolong_12123,846,1031,185,4541,2039,"CodeTON Round 9 (Div. 1 + Div. 2, Rated, Prizes!)"
Malek__,0,479,479,4542,2039,"CodeTON Round 9 (Div. 1 + Div. 2, Rated, Prizes!)"
Andromeda007,1472,1424,-48,4542,2039,"CodeTON Round 9 (Div. 1 + Div. 2, Rated, Prizes!)"
sotezsojib,1098,1147,49,4542,2039,"CodeTON Round 9 (Div. 1 + Div. 2, Rated, Prizes!)"
vor_vishni,1122,1164,42,4542,2039,"CodeTON Round 9 (Div. 1 + Div. 2, Rated, Prizes!)"
RiveringDusk,1280,1279,-1,4546,2039,"CodeTON Round 9 (Div. 1 + Div. 2, Rated, Prizes!)"
AwLty,1341,1325,-16,4547,2039,"CodeTON Round 9 (Div. 1 + Div. 2, Rated, Prizes!)"
AKASH_ALAM,1127,1168,41,4547,2039,"CodeTON Round 9 (Div. 1 + Div. 2, Rated, Prizes!)"
Daemon_X,959,1052,93,4547,2039,"CodeTON Round 9 (Div. 1 + Div. 2, Rated, Prizes!)"
CatInDaPringlesCan,1096,1146,50,4550,2039,"CodeTON Round 9 (Div. 1 + Div. 2, Rated, Prizes!)"
Mutammim_Irtiza,1152,1186,34,4551,2039,"CodeTON Round 9 (Div. 1 + Div. 2, Rated, Prizes!)"
atik8055,1392,1363,-29,4552,2039,"CodeTON Round 9 (Div. 1 + Div. 2, Rated, Prizes!)"
5amia,1057,1118,61,4553,2039,"CodeTON Round 9 (Div. 1 + Div. 2, Rated, Prizes!)"
xingyunri,1092,1143,51,4553,2039,"CodeTON Round 9 (Div. 1 + Div. 2, Rated, Prizes!)"
transporter,1162,1192,30,4555,2039,"CodeTON Round 9 (Div. 1 + Div. 2, Rated, Prizes!)"
Shiroha_Naruse,987,1134,147,4555,2039,"CodeTON Round 9 (Div. 1 + Div. 2, Rated, Prizes!)"
NOTsoGENIUS_69,1187,1210,23,4557,2039,"CodeTON Round 9 (Div. 1 + Div. 2, Rated, Prizes!)"
Hide_on_bush,1254,1259,5,4557,2039,"CodeTON Round 9 (Div. 1 + Div. 2, Rated, Prizes!)"
Daniyal.a,1254,1259,5,4557,2039,"CodeTON Round 9 (Div. 1 + Div. 2, Rated, Prizes!)"
sifat91,1192,1214,22,4560,2039,"CodeTON Round 9 (Div. 1 + Div. 2, Rated, Prizes!)"
gafgadfdfvswe,1092,1142,50,4560,2039,"CodeTON Round 9 (Div. 1 + Div. 2, Rated, Prizes!)"
revper,1338,1322,-16,4560,2039,"CodeTON Round 9 (Div. 1 + Div. 2, Rated, Prizes!)"
akagrajain09,1223,1236,13,4563,2039,"CodeTON Round 9 (Div. 1 + Div. 2, Rated, Prizes!)"
amit_roy,1173,1200,27,4563,2039,"CodeTON Round 9 (Div. 1 + Div. 2, Rated, Prizes!)"
gdbxcvgg,1198,1218,20,4565,2039,"CodeTON Round 9 (Div. 1 + Div. 2, Rated, Prizes!)"
Aryan_BV,576,866,290,4565,2039,"CodeTON Round 9 (Div. 1 + Div. 2, Rated, Prizes!)"
aamhim,1108,1153,45,4567,2039,"CodeTON Round 9 (Div. 1 + Div. 2, Rated, Prizes!)"
Muhammad__Ali,1158,1189,31,4567,2039,"CodeTON Round 9 (Div. 1 + Div. 2, Rated, Prizes!)"
Foreverlcrun0817,1231,1242,11,4569,2039,"CodeTON Round 9 (Div. 1 + Div. 2, Rated, Prizes!)"
EL__Sherbiny,1323,1310,-13,4570,2039,"CodeTON Round 9 (Div. 1 + Div. 2, Rated, Prizes!)"
kartavya22236,1208,1225,17,4570,2039,"CodeTON Round 9 (Div. 1 + Div. 2, Rated, Prizes!)"
Mr_Flash,1469,1421,-48,4572,2039,"CodeTON Round 9 (Div. 1 + Div. 2, Rated, Prizes!)"
Binary_001,1175,1201,26,4573,2039,"CodeTON Round 9 (Div. 1 + Div. 2, Rated, Prizes!)"
Sanpan07,1230,1241,11,4574,2039,"CodeTON Round 9 (Div. 1 + Div. 2, Rated, Prizes!)"
licorice-vector,1417,1445,28,4574,2039,"CodeTON Round 9 (Div. 1 + Div. 2, Rated, Prizes!)"
Priyanshu95m,1182,1206,24,4576,2039,"CodeTON Round 9 (Div. 1 + Div. 2, Rated, Prizes!)"
hasin_sadaf,1085,1137,52,4577,2039,"CodeTON Round 9 (Div. 1 + Div. 2, Rated, Prizes!)"
FinalMove,1063,1121,58,4577,2039,"CodeTON Round 9 (Div. 1 + Div. 2, Rated, Prizes!)"
TakeMeToChurch,1477,1427,-50,4577,2039,"CodeTON Round 9 (Div. 1 + Div. 2, Rated, Prizes!)"
asdfgh0986,1363,1340,-23,4580,2039,"CodeTON Round 9 (Div. 1 + Div. 2, Rated, Prizes!)"
selmon__bhoi,1385,1357,-28,4580,2039,"CodeTON Round 9 (Div. 1 + Div. 2, Rated, Prizes!)"
chenxingyuchen,1072,1128,56,4582,2039,"CodeTON Round 9 (Div. 1 + Div. 2, Rated, Prizes!)"
tanyujie,987,1070,83,4582,2039,"CodeTON Round 9 (Div. 1 + Div. 2, Rated, Prizes!)"
231002814yht,1501,1445,-56,4584,2039,"CodeTON Round 9 (Div. 1 + Div. 2, Rated, Prizes!)"
MeteorYe,1183,1206,23,4585,2039,"CodeTON Round 9 (Div. 1 + Div. 2, Rated, Prizes!)"
MESSI_THE_ONLY_GOAT,759,999,240,4586,2039,"CodeTON Round 9 (Div. 1 + Div. 2, Rated, Prizes!)"
Saksham152,371,721,350,4586,2039,"CodeTON Round 9 (Div. 1 + Div. 2, Rated, Prizes!)"
1_Erkanat_1,1162,1191,29,4586,2039,"CodeTON Round 9 (Div. 1 + Div. 2, Rated, Prizes!)"
MONEEM...,855,984,129,4586,2039,"CodeTON Round 9 (Div. 1 + Div. 2, Rated, Prizes!)"
padmanabh10,1046,1109,63,4590,2039,"CodeTON Round 9 (Div. 1 + Div. 2, Rated, Prizes!)"
Olympiad,1212,1264,52,4591,2039,"CodeTON Round 9 (Div. 1 + Div. 2, Rated, Prizes!)"
Pritam_19,1538,1473,-65,4591,2039,"CodeTON Round 9 (Div. 1 + Div. 2, Rated, Prizes!)"
Xploit117,957,1049,92,4593,2039,"CodeTON Round 9 (Div. 1 + Div. 2, Rated, Prizes!)"
Kita11,1230,1277,47,4593,2039,"CodeTON Round 9 (Div. 1 + Div. 2, Rated, Prizes!)"
deep_tricks,1172,1198,26,4595,2039,"CodeTON Round 9 (Div. 1 + Div. 2, Rated, Prizes!)"
CIockBlocker,1296,1289,-7,4595,2039,"CodeTON Round 9 (Div. 1 + Div. 2, Rated, Prizes!)"
rifatbroh,962,1053,91,4597,2039,"CodeTON Round 9 (Div. 1 + Div. 2, Rated, Prizes!)"
Dark_543,1440,1398,-42,4597,2039,"CodeTON Round 9 (Div. 1 + Div. 2, Rated, Prizes!)"
ymghtzj,1419,1382,-37,4597,2039,"CodeTON Round 9 (Div. 1 + Div. 2, Rated, Prizes!)"
EshadReza,1119,1160,41,4600,2039,"CodeTON Round 9 (Div. 1 + Div. 2, Rated, Prizes!)"
_Mahmoud_Ayman2,1513,1454,-59,4601,2039,"CodeTON Round 9 (Div. 1 + Div. 2, Rated, Prizes!)"
jiangly---fan,1405,1371,-34,4602,2039,"CodeTON Round 9 (Div. 1 + Div. 2, Rated, Prizes!)"
Gszpqfaaa,0,478,478,4602,2039,"CodeTON Round 9 (Div. 1 + Div. 2, Rated, Prizes!)"
hs215237czy,1414,1378,-36,4604,2039,"CodeTON Round 9 (Div. 1 + Div. 2, Rated, Prizes!)"
limbo_1,1337,1358,21,4605,2039,"CodeTON Round 9 (Div. 1 + Div. 2, Rated, Prizes!)"
Yedige1,1440,1398,-42,4605,2039,"CodeTON Round 9 (Div. 1 + Div. 2, Rated, Prizes!)"
ritesh_jat20,1346,1327,-19,4605,2039,"CodeTON Round 9 (Div. 1 + Div. 2, Rated, Prizes!)"
lhlephuocdao,1199,1217,18,4605,2039,"CodeTON Round 9 (Div. 1 + Div. 2, Rated, Prizes!)"
xiaolanya,1389,1359,-30,4605,2039,"CodeTON Round 9 (Div. 1 + Div. 2, Rated, Prizes!)"
Roronoa_Zoro_1287,762,1001,239,4610,2039,"CodeTON Round 9 (Div. 1 + Div. 2, Rated, Prizes!)"
masttf_1,1486,1433,-53,4611,2039,"CodeTON Round 9 (Div. 1 + Div. 2, Rated, Prizes!)"
load_the_code,1005,1080,75,4611,2039,"CodeTON Round 9 (Div. 1 + Div. 2, Rated, Prizes!)"
theheatcoder,1015,1121,106,4611,2039,"CodeTON Round 9 (Div. 1 + Div. 2, Rated, Prizes!)"
datta_sai25,1134,1170,36,4611,2039,"CodeTON Round 9 (Div. 1 + Div. 2, Rated, Prizes!)"
jobin491,1486,1433,-53,4611,2039,"CodeTON Round 9 (Div. 1 + Div. 2, Rated, Prizes!)"
draxilorian,1490,1436,-54,4611,2039,"CodeTON Round 9 (Div. 1 + Div. 2, Rated, Prizes!)"
raybb,1903,1755,-148,4617,2039,"CodeTON Round 9 (Div. 1 + Div. 2, Rated, Prizes!)"
nikifkon,1305,1295,-10,4618,2039,"CodeTON Round 9 (Div. 1 + Div. 2, Rated, Prizes!)"
nawab_kibria,1029,1096,67,4618,2039,"CodeTON Round 9 (Div. 1 + Div. 2, Rated, Prizes!)"
empty_brainer,424,759,335,4618,2039,"CodeTON Round 9 (Div. 1 + Div. 2, Rated, Prizes!)"
karmit_langhnoda,1125,1163,38,4621,2039,"CodeTON Round 9 (Div. 1 + Div. 2, Rated, Prizes!)"
Victor_Ivis,1191,1211,20,4621,2039,"CodeTON Round 9 (Div. 1 + Div. 2, Rated, Prizes!)"
code_is_force,663,927,264,4623,2039,"CodeTON Round 9 (Div. 1 + Div. 2, Rated, Prizes!)"
diego_in_cf,1686,1585,-101,4623,2039,"CodeTON Round 9 (Div. 1 + Div. 2, Rated, Prizes!)"
Ali_Azzam,1512,1452,-60,4623,2039,"CodeTON Round 9 (Div. 1 + Div. 2, Rated, Prizes!)"
chaaben,1247,1252,5,4626,2039,"CodeTON Round 9 (Div. 1 + Div. 2, Rated, Prizes!)"
SHRYDER1,987,1067,80,4626,2039,"CodeTON Round 9 (Div. 1 + Div. 2, Rated, Prizes!)"
TheRubicon,1154,1184,30,4628,2039,"CodeTON Round 9 (Div. 1 + Div. 2, Rated, Prizes!)"
akimzhan,982,1064,82,4629,2039,"CodeTON Round 9 (Div. 1 + Div. 2, Rated, Prizes!)"
raz_00,929,1029,100,4630,2039,"CodeTON Round 9 (Div. 1 + Div. 2, Rated, Prizes!)"
voldemar_karshering,1532,1467,-65,4630,2039,"CodeTON Round 9 (Div. 1 + Div. 2, Rated, Prizes!)"
TLuca2021,1132,1204,72,4630,2039,"CodeTON Round 9 (Div. 1 + Div. 2, Rated, Prizes!)"
sdmrlh,1531,1466,-65,4630,2039,"CodeTON Round 9 (Div. 1 + Div. 2, Rated, Prizes!)"
singh_aman8409,659,923,264,4634,2039,"CodeTON Round 9 (Div. 1 + Div. 2, Rated, Prizes!)"
ntr0py,1177,1200,23,4635,2039,"CodeTON Round 9 (Div. 1 + Div. 2, Rated, Prizes!)"
MikelBarajas,1152,1182,30,4635,2039,"CodeTON Round 9 (Div. 1 + Div. 2, Rated, Prizes!)"
Saiya-jin_x07,0,476,476,4635,2039,"CodeTON Round 9 (Div. 1 + Div. 2, Rated, Prizes!)"
Mr_Sohel,1106,1150,44,4635,2039,"CodeTON Round 9 (Div. 1 + Div. 2, Rated, Prizes!)"
Zerone.,1328,1312,-16,4639,2039,"CodeTON Round 9 (Div. 1 + Div. 2, Rated, Prizes!)"
mdhlimonmia,1218,1230,12,4639,2039,"CodeTON Round 9 (Div. 1 + Div. 2, Rated, Prizes!)"
Shivam08,1281,1276,-5,4639,2039,"CodeTON Round 9 (Div. 1 + Div. 2, Rated, Prizes!)"
lemmec0de,1052,1168,116,4642,2039,"CodeTON Round 9 (Div. 1 + Div. 2, Rated, Prizes!)"
KrAuAg,1229,1238,9,4642,2039,"CodeTON Round 9 (Div. 1 + Div. 2, Rated, Prizes!)"
priyanka_spm,930,1029,99,4644,2039,"CodeTON Round 9 (Div. 1 + Div. 2, Rated, Prizes!)"
Ziad_Abdou,1251,1254,3,4644,2039,"CodeTON Round 9 (Div. 1 + Div. 2, Rated, Prizes!)"
jihanz,1295,1287,-8,4646,2039,"CodeTON Round 9 (Div. 1 + Div. 2, Rated, Prizes!)"
xinzer,1225,1235,10,4646,2039,"CodeTON Round 9 (Div. 1 + Div. 2, Rated, Prizes!)"
rahulmudambi,1225,1235,10,4646,2039,"CodeTON Round 9 (Div. 1 + Div. 2, Rated, Prizes!)"
suancai,1368,1342,-26,4649,2039,"CodeTON Round 9 (Div. 1 + Div. 2, Rated, Prizes!)"
timelimited,0,476,476,4650,2039,"CodeTON Round 9 (Div. 1 + Div. 2, Rated, Prizes!)"
FDevelop,1087,1193,106,4651,2039,"CodeTON Round 9 (Div. 1 + Div. 2, Rated, Prizes!)"
kytoLam,1236,1243,7,4651,2039,"CodeTON Round 9 (Div. 1 + Div. 2, Rated, Prizes!)"
Abdullah_Sheehan,1066,1121,55,4651,2039,"CodeTON Round 9 (Div. 1 + Div. 2, Rated, Prizes!)"
G_D,1542,1474,-68,4651,2039,"CodeTON Round 9 (Div. 1 + Div. 2, Rated, Prizes!)"
GalacticNea,1110,1151,41,4655,2039,"CodeTON Round 9 (Div. 1 + Div. 2, Rated, Prizes!)"
NianEr,917,1020,103,4655,2039,"CodeTON Round 9 (Div. 1 + Div. 2, Rated, Prizes!)"
P1R2I6,1130,1166,36,4655,2039,"CodeTON Round 9 (Div. 1 + Div. 2, Rated, Prizes!)"
Storm7424,685,942,257,4655,2039,"CodeTON Round 9 (Div. 1 + Div. 2, Rated, Prizes!)"
Vincent_czy,1341,1321,-20,4655,2039,"CodeTON Round 9 (Div. 1 + Div. 2, Rated, Prizes!)"
MMMM_M,625,898,273,4660,2039,"CodeTON Round 9 (Div. 1 + Div. 2, Rated, Prizes!)"
Holi_t,1407,1371,-36,4660,2039,"CodeTON Round 9 (Div. 1 + Div. 2, Rated, Prizes!)"
Tianyu_miao,1411,1374,-37,4662,2039,"CodeTON Round 9 (Div. 1 + Div. 2, Rated, Prizes!)"
KaPe503,1629,1541,-88,4662,2039,"CodeTON Round 9 (Div. 1 + Div. 2, Rated, Prizes!)"
Mymuna__,999,1074,75,4662,2039,"CodeTON Round 9 (Div. 1 + Div. 2, Rated, Prizes!)"
Binomial77,1055,1113,58,4662,2039,"CodeTON Round 9 (Div. 1 + Div. 2, Rated, Prizes!)"
zartaf.raza,1484,1429,-55,4666,2039,"CodeTON Round 9 (Div. 1 + Div. 2, Rated, Prizes!)"
Rahul.K,1056,1113,57,4667,2039,"CodeTON Round 9 (Div. 1 + Div. 2, Rated, Prizes!)"
jadenmeister,1010,1082,72,4668,2039,"CodeTON Round 9 (Div. 1 + Div. 2, Rated, Prizes!)"
Revanth27,1348,1326,-22,4669,2039,"CodeTON Round 9 (Div. 1 + Div. 2, Rated, Prizes!)"
dolphyX,1051,1166,115,4669,2039,"CodeTON Round 9 (Div. 1 + Div. 2, Rated, Prizes!)"
Muhammad-Ahmad,1218,1228,10,4669,2039,"CodeTON Round 9 (Div. 1 + Div. 2, Rated, Prizes!)"
-0x3f3f3f,0,475,475,4672,2039,"CodeTON Round 9 (Div. 1 + Div. 2, Rated, Prizes!)"
z0z0zz0,0,475,475,4673,2039,"CodeTON Round 9 (Div. 1 + Div. 2, Rated, Prizes!)"
abhinav170399,1279,1274,-5,4673,2039,"CodeTON Round 9 (Div. 1 + Div. 2, Rated, Prizes!)"
garou_26,0,475,475,4675,2039,"CodeTON Round 9 (Div. 1 + Div. 2, Rated, Prizes!)"
amikisuparina724,1034,1098,64,4675,2039,"CodeTON Round 9 (Div. 1 + Div. 2, Rated, Prizes!)"
Vegeto_,1203,1218,15,4677,2039,"CodeTON Round 9 (Div. 1 + Div. 2, Rated, Prizes!)"
whos_vic,790,1020,230,4678,2039,"CodeTON Round 9 (Div. 1 + Div. 2, Rated, Prizes!)"
Muhammad-Mutahir,1082,1131,49,4678,2039,"CodeTON Round 9 (Div. 1 + Div. 2, Rated, Prizes!)"
m1mirr,923,1023,100,4678,2039,"CodeTON Round 9 (Div. 1 + Div. 2, Rated, Prizes!)"
Milton_098,1229,1237,8,4678,2039,"CodeTON Round 9 (Div. 1 + Div. 2, Rated, Prizes!)"
3m_el_DP,1140,1172,32,4682,2039,"CodeTON Round 9 (Div. 1 + Div. 2, Rated, Prizes!)"
PXLXTA,1101,1144,43,4682,2039,"CodeTON Round 9 (Div. 1 + Div. 2, Rated, Prizes!)"
fakePython,1234,1240,6,4684,2039,"CodeTON Round 9 (Div. 1 + Div. 2, Rated, Prizes!)"
Abbcmc,1077,1127,50,4685,2039,"CodeTON Round 9 (Div. 1 + Div. 2, Rated, Prizes!)"
Mr_Sayo_,1061,1151,90,4685,2039,"CodeTON Round 9 (Div. 1 + Div. 2, Rated, Prizes!)"
da_fuk,826,962,136,4685,2039,"CodeTON Round 9 (Div. 1 + Div. 2, Rated, Prizes!)"
Ilyasdev,965,1051,86,4685,2039,"CodeTON Round 9 (Div. 1 + Div. 2, Rated, Prizes!)"
Sleepwf,1294,1285,-9,4689,2039,"CodeTON Round 9 (Div. 1 + Div. 2, Rated, Prizes!)"
kritiupadhyay24,454,780,326,4690,2039,"CodeTON Round 9 (Div. 1 + Div. 2, Rated, Prizes!)"
Manshu47,844,973,129,4690,2039,"CodeTON Round 9 (Div. 1 + Div. 2, Rated, Prizes!)"
Shahod,1465,1414,-51,4690,2039,"CodeTON Round 9 (Div. 1 + Div. 2, Rated, Prizes!)"
Saptak88,1380,1350,-30,4690,2039,"CodeTON Round 9 (Div. 1 + Div. 2, Rated, Prizes!)"
Abu-Alhoss,1313,1299,-14,4690,2039,"CodeTON Round 9 (Div. 1 + Div. 2, Rated, Prizes!)"
CoderBaru01,1653,1559,-94,4695,2039,"CodeTON Round 9 (Div. 1 + Div. 2, Rated, Prizes!)"
Aliiii,1298,1287,-11,4696,2039,"CodeTON Round 9 (Div. 1 + Div. 2, Rated, Prizes!)"
moneywar,1084,1167,83,4696,2039,"CodeTON Round 9 (Div. 1 + Div. 2, Rated, Prizes!)"
GreatRevan,1098,1141,43,4698,2039,"CodeTON Round 9 (Div. 1 + Div. 2, Rated, Prizes!)"
saviour12323,0,475,475,4698,2039,"CodeTON Round 9 (Div. 1 + Div. 2, Rated, Prizes!)"
trandinhvo1809,1364,1338,-26,4698,2039,"CodeTON Round 9 (Div. 1 + Div. 2, Rated, Prizes!)"
veljkootac,1494,1436,-58,4701,2039,"CodeTON Round 9 (Div. 1 + Div. 2, Rated, Prizes!)"
akouksami,353,704,351,4701,2039,"CodeTON Round 9 (Div. 1 + Div. 2, Rated, Prizes!)"
Muhammad-Talha,1097,1141,44,4703,2039,"CodeTON Round 9 (Div. 1 + Div. 2, Rated, Prizes!)"
Harden5,1333,1313,-20,4703,2039,"CodeTON Round 9 (Div. 1 + Div. 2, Rated, Prizes!)"
_KFC_lover,1128,1162,34,4705,2039,"CodeTON Round 9 (Div. 1 + Div. 2, Rated, Prizes!)"
buchu,1184,1203,19,4705,2039,"CodeTON Round 9 (Div. 1 + Div. 2, Rated, Prizes!)"
problem10programming,973,1109,136,4707,2039,"CodeTON Round 9 (Div. 1 + Div. 2, Rated, Prizes!)"
ashu_verma,840,1021,181,4708,2039,"CodeTON Round 9 (Div. 1 + Div. 2, Rated, Prizes!)"
joaohenalves,1211,1222,11,4709,2039,"CodeTON Round 9 (Div. 1 + Div. 2, Rated, Prizes!)"
win1702,1315,1300,-15,4710,2039,"CodeTON Round 9 (Div. 1 + Div. 2, Rated, Prizes!)"
Bronyaya,1153,1180,27,4710,2039,"CodeTON Round 9 (Div. 1 + Div. 2, Rated, Prizes!)"
Kompotik,1187,1204,17,4710,2039,"CodeTON Round 9 (Div. 1 + Div. 2, Rated, Prizes!)"
jmpizza,1032,1095,63,4713,2039,"CodeTON Round 9 (Div. 1 + Div. 2, Rated, Prizes!)"
Zhl04,1079,1128,49,4713,2039,"CodeTON Round 9 (Div. 1 + Div. 2, Rated, Prizes!)"
As_dm,1333,1313,-20,4715,2039,"CodeTON Round 9 (Div. 1 + Div. 2, Rated, Prizes!)"
codeWhizrd,882,1028,146,4716,2039,"CodeTON Round 9 (Div. 1 + Div. 2, Rated, Prizes!)"
nie_,1005,1131,126,4717,2039,"CodeTON Round 9 (Div. 1 + Div. 2, Rated, Prizes!)"
segtreefan,1352,1328,-24,4717,2039,"CodeTON Round 9 (Div. 1 + Div. 2, Rated, Prizes!)"
Parano1d,636,904,268,4719,2039,"CodeTON Round 9 (Div. 1 + Div. 2, Rated, Prizes!)"
byrtho_kobi,1314,1299,-15,4719,2039,"CodeTON Round 9 (Div. 1 + Div. 2, Rated, Prizes!)"
config________,473,793,320,4719,2039,"CodeTON Round 9 (Div. 1 + Div. 2, Rated, Prizes!)"
Autu_Rain,1188,1205,17,4719,2039,"CodeTON Round 9 (Div. 1 + Div. 2, Rated, Prizes!)"
rian1110101,1050,1107,57,4723,2039,"CodeTON Round 9 (Div. 1 + Div. 2, Rated, Prizes!)"
jaggs1126,1376,1346,-30,4724,2039,"CodeTON Round 9 (Div. 1 + Div. 2, Rated, Prizes!)"
MohZoro,1145,1174,29,4725,2039,"CodeTON Round 9 (Div. 1 + Div. 2, Rated, Prizes!)"
Natsuya,1208,1220,12,4726,2039,"CodeTON Round 9 (Div. 1 + Div. 2, Rated, Prizes!)"
kyatatsu,484,801,317,4727,2039,"CodeTON Round 9 (Div. 1 + Div. 2, Rated, Prizes!)"
Rakib_18,1020,1086,66,4727,2039,"CodeTON Round 9 (Div. 1 + Div. 2, Rated, Prizes!)"
bikram_gupta,957,1044,87,4729,2039,"CodeTON Round 9 (Div. 1 + Div. 2, Rated, Prizes!)"
Resonce,1419,1378,-41,4729,2039,"CodeTON Round 9 (Div. 1 + Div. 2, Rated, Prizes!)"
Gautam_100,1252,1252,0,4731,2039,"CodeTON Round 9 (Div. 1 + Div. 2, Rated, Prizes!)"
llyscysykr,451,776,325,4732,2039,"CodeTON Round 9 (Div. 1 + Div. 2, Rated, Prizes!)"
Alaa,1126,1160,34,4733,2039,"CodeTON Round 9 (Div. 1 + Div. 2, Rated, Prizes!)"
fxnb,995,1069,74,4734,2039,"CodeTON Round 9 (Div. 1 + Div. 2, Rated, Prizes!)"
Likhon_Mandal23,1110,1149,39,4734,2039,"CodeTON Round 9 (Div. 1 + Div. 2, Rated, Prizes!)"
RagePhoenix,1406,1368,-38,4736,2039,"CodeTON Round 9 (Div. 1 + Div. 2, Rated, Prizes!)"
aentrenus1,1414,1374,-40,4736,2039,"CodeTON Round 9 (Div. 1 + Div. 2, Rated, Prizes!)"
luohui468,1572,1495,-77,4736,2039,"CodeTON Round 9 (Div. 1 + Div. 2, Rated, Prizes!)"
Duong_,1382,1350,-32,4736,2039,"CodeTON Round 9 (Div. 1 + Div. 2, Rated, Prizes!)"
mngan,1283,1275,-8,4740,2039,"CodeTON Round 9 (Div. 1 + Div. 2, Rated, Prizes!)"
anry09,1137,1167,30,4741,2039,"CodeTON Round 9 (Div. 1 + Div. 2, Rated, Prizes!)"
vld.ktk,1583,1503,-80,4741,2039,"CodeTON Round 9 (Div. 1 + Div. 2, Rated, Prizes!)"
ph03iA_,1299,1286,-13,4741,2039,"CodeTON Round 9 (Div. 1 + Div. 2, Rated, Prizes!)"
seg__fault,1245,1246,1,4744,2039,"CodeTON Round 9 (Div. 1 + Div. 2, Rated, Prizes!)"
_ritheesh_,1102,1142,40,4744,2039,"CodeTON Round 9 (Div. 1 + Div. 2, Rated, Prizes!)"
sunnnyy__04,1095,1137,42,4744,2039,"CodeTON Round 9 (Div. 1 + Div. 2, Rated, Prizes!)"
IliasTulenina,1089,1133,44,4744,2039,"CodeTON Round 9 (Div. 1 + Div. 2, Rated, Prizes!)"
yilingzhixing,689,942,253,4744,2039,"CodeTON Round 9 (Div. 1 + Div. 2, Rated, Prizes!)"
neatshit,1286,1276,-10,4749,2039,"CodeTON Round 9 (Div. 1 + Div. 2, Rated, Prizes!)"
lelo_pudinaa,349,699,350,4750,2039,"CodeTON Round 9 (Div. 1 + Div. 2, Rated, Prizes!)"
NarendraTejasvi,856,1067,211,4750,2039,"CodeTON Round 9 (Div. 1 + Div. 2, Rated, Prizes!)"
Fidan_Nora,1054,1109,55,4750,2039,"CodeTON Round 9 (Div. 1 + Div. 2, Rated, Prizes!)"
Bekbolot_Ubaidullaev,1079,1126,47,4753,2039,"CodeTON Round 9 (Div. 1 + Div. 2, Rated, Prizes!)"
benjellounelghali99,1326,1307,-19,4753,2039,"CodeTON Round 9 (Div. 1 + Div. 2, Rated, Prizes!)"
ShayahmetovAskar,1341,1318,-23,4755,2039,"CodeTON Round 9 (Div. 1 + Div. 2, Rated, Prizes!)"
unmeshgoutimabehera20,1205,1217,12,4755,2039,"CodeTON Round 9 (Div. 1 + Div. 2, Rated, Prizes!)"
RightTwix,1074,1122,48,4757,2039,"CodeTON Round 9 (Div. 1 + Div. 2, Rated, Prizes!)"
008-Nurzhan-K-2027,0,473,473,4758,2039,"CodeTON Round 9 (Div. 1 + Div. 2, Rated, Prizes!)"
def_not_alt,1571,1493,-78,4758,2039,"CodeTON Round 9 (Div. 1 + Div. 2, Rated, Prizes!)"
gourav987,1229,1234,5,4758,2039,"CodeTON Round 9 (Div. 1 + Div. 2, Rated, Prizes!)"
ali43,1049,1105,56,4761,2039,"CodeTON Round 9 (Div. 1 + Div. 2, Rated, Prizes!)"
pikino,1454,1404,-50,4762,2039,"CodeTON Round 9 (Div. 1 + Div. 2, Rated, Prizes!)"
____Tourist____,1504,1442,-62,4762,2039,"CodeTON Round 9 (Div. 1 + Div. 2, Rated, Prizes!)"
The_Rough_One,1078,1125,47,4762,2039,"CodeTON Round 9 (Div. 1 + Div. 2, Rated, Prizes!)"
Vicusya,1432,1387,-45,4762,2039,"CodeTON Round 9 (Div. 1 + Div. 2, Rated, Prizes!)"
_Eren_Jaegar_,1079,1125,46,4766,2039,"CodeTON Round 9 (Div. 1 + Div. 2, Rated, Prizes!)"
uranus,1647,1551,-96,4767,2039,"CodeTON Round 9 (Div. 1 + Div. 2, Rated, Prizes!)"
5046434_06,1001,1071,70,4767,2039,"CodeTON Round 9 (Div. 1 + Div. 2, Rated, Prizes!)"
Mss_buttercup,965,1047,82,4767,2039,"CodeTON Round 9 (Div. 1 + Div. 2, Rated, Prizes!)"
kalkiTheSaviour,508,818,310,4767,2039,"CodeTON Round 9 (Div. 1 + Div. 2, Rated, Prizes!)"
syedraihanali,407,742,335,4767,2039,"CodeTON Round 9 (Div. 1 + Div. 2, Rated, Prizes!)"
namansinghjarodiya,1154,1179,25,4772,2039,"CodeTON Round 9 (Div. 1 + Div. 2, Rated, Prizes!)"
CCying444,1379,1346,-33,4772,2039,"CodeTON Round 9 (Div. 1 + Div. 2, Rated, Prizes!)"
bebopboi,1460,1408,-52,4772,2039,"CodeTON Round 9 (Div. 1 + Div. 2, Rated, Prizes!)"
fengsongquan,1848,1707,-141,4772,2039,"CodeTON Round 9 (Div. 1 + Div. 2, Rated, Prizes!)"
Mustafa_Essam,879,991,112,4776,2039,"CodeTON Round 9 (Div. 1 + Div. 2, Rated, Prizes!)"
Sharif_Math,1116,1151,35,4776,2039,"CodeTON Round 9 (Div. 1 + Div. 2, Rated, Prizes!)"
spshirzad04,1230,1234,4,4778,2039,"CodeTON Round 9 (Div. 1 + Div. 2, Rated, Prizes!)"
POLYMORPHIC_PHANTOM,1074,1121,47,4778,2039,"CodeTON Round 9 (Div. 1 + Div. 2, Rated, Prizes!)"
panwarji,1316,1298,-18,4780,2039,"CodeTON Round 9 (Div. 1 + Div. 2, Rated, Prizes!)"
Iguanado,1049,1104,55,4781,2039,"CodeTON Round 9 (Div. 1 + Div. 2, Rated, Prizes!)"
Caceres.Nikita,1496,1435,-61,4782,2039,"CodeTON Round 9 (Div. 1 + Div. 2, Rated, Prizes!)"
Ventxin,1296,1283,-13,4783,2039,"CodeTON Round 9 (Div. 1 + Div. 2, Rated, Prizes!)"
dk-W,1153,1177,24,4783,2039,"CodeTON Round 9 (Div. 1 + Div. 2, Rated, Prizes!)"
Madao69,1167,1188,21,4783,2039,"CodeTON Round 9 (Div. 1 + Div. 2, Rated, Prizes!)"
ZeoDraxyl,1134,1163,29,4786,2039,"CodeTON Round 9 (Div. 1 + Div. 2, Rated, Prizes!)"
RevCoSTa,1288,1277,-11,4787,2039,"CodeTON Round 9 (Div. 1 + Div. 2, Rated, Prizes!)"
Pappapig,1293,1280,-13,4788,2039,"CodeTON Round 9 (Div. 1 + Div. 2, Rated, Prizes!)"
train,752,912,160,4788,2039,"CodeTON Round 9 (Div. 1 + Div. 2, Rated, Prizes!)"
NikhilN123,899,1003,104,4790,2039,"CodeTON Round 9 (Div. 1 + Div. 2, Rated, Prizes!)"
KRISTY2006,1355,1327,-28,4790,2039,"CodeTON Round 9 (Div. 1 + Div. 2, Rated, Prizes!)"
xenon314159,1171,1227,56,4790,2039,"CodeTON Round 9 (Div. 1 + Div. 2, Rated, Prizes!)"
VentiLyre,1219,1225,6,4793,2039,"CodeTON Round 9 (Div. 1 + Div. 2, Rated, Prizes!)"
Homz,1170,1189,19,4793,2039,"CodeTON Round 9 (Div. 1 + Div. 2, Rated, Prizes!)"
Pallab827,1171,1190,19,4793,2039,"CodeTON Round 9 (Div. 1 + Div. 2, Rated, Prizes!)"
M_S_19,1200,1211,11,4796,2039,"CodeTON Round 9 (Div. 1 + Div. 2, Rated, Prizes!)"
aadits83_off,1205,1215,10,4797,2039,"CodeTON Round 9 (Div. 1 + Div. 2, Rated, Prizes!)"
Progenitor01,1065,1114,49,4798,2039,"CodeTON Round 9 (Div. 1 + Div. 2, Rated, Prizes!)"
thismagic,1219,1225,6,4799,2039,"CodeTON Round 9 (Div. 1 + Div. 2, Rated, Prizes!)"
Fuad_Hasan43,824,955,131,4800,2039,"CodeTON Round 9 (Div. 1 + Div. 2, Rated, Prizes!)"
_Z_H_C_,0,471,471,4801,2039,"CodeTON Round 9 (Div. 1 + Div. 2, Rated, Prizes!)"
Jericho_98,1130,1160,30,4801,2039,"CodeTON Round 9 (Div. 1 + Div. 2, Rated, Prizes!)"
SinaSP,1554,1479,-75,4803,2039,"CodeTON Round 9 (Div. 1 + Div. 2, Rated, Prizes!)"
codeitV,944,1093,149,4803,2039,"CodeTON Round 9 (Div. 1 + Div. 2, Rated, Prizes!)"
Androiddinosaur,727,938,211,4803,2039,"CodeTON Round 9 (Div. 1 + Div. 2, Rated, Prizes!)"
sharmalavneesh3,924,1019,95,4806,2039,"CodeTON Round 9 (Div. 1 + Div. 2, Rated, Prizes!)"
daneil892,1328,1307,-21,4807,2039,"CodeTON Round 9 (Div. 1 + Div. 2, Rated, Prizes!)"
TheAnonymousAMGR,961,1043,82,4807,2039,"CodeTON Round 9 (Div. 1 + Div. 2, Rated, Prizes!)"
ankushbag1605,1274,1303,29,4809,2039,"CodeTON Round 9 (Div. 1 + Div. 2, Rated, Prizes!)"
Kengkl,0,472,472,4809,2039,"CodeTON Round 9 (Div. 1 + Div. 2, Rated, Prizes!)"
metarudra28,911,1010,99,4811,2039,"CodeTON Round 9 (Div. 1 + Div. 2, Rated, Prizes!)"
Shabit,1108,1145,37,4811,2039,"CodeTON Round 9 (Div. 1 + Div. 2, Rated, Prizes!)"
yashjaiswal2509,1257,1253,-4,4813,2039,"CodeTON Round 9 (Div. 1 + Div. 2, Rated, Prizes!)"
KunalBorade,1146,1171,25,4813,2039,"CodeTON Round 9 (Div. 1 + Div. 2, Rated, Prizes!)"
giknes,1382,1347,-35,4815,2039,"CodeTON Round 9 (Div. 1 + Div. 2, Rated, Prizes!)"
brain_dead_47,949,1035,86,4815,2039,"CodeTON Round 9 (Div. 1 + Div. 2, Rated, Prizes!)"
feelme,1351,1324,-27,4817,2039,"CodeTON Round 9 (Div. 1 + Div. 2, Rated, Prizes!)"
raushanahir0311,1114,1148,34,4817,2039,"CodeTON Round 9 (Div. 1 + Div. 2, Rated, Prizes!)"
devess,1166,1186,20,4819,2039,"CodeTON Round 9 (Div. 1 + Div. 2, Rated, Prizes!)"
Astral_Plane,1179,1271,92,4820,2039,"CodeTON Round 9 (Div. 1 + Div. 2, Rated, Prizes!)"
Razzle,1243,1242,-1,4821,2039,"CodeTON Round 9 (Div. 1 + Div. 2, Rated, Prizes!)"
haiduynguyen,1032,1159,127,4821,2039,"CodeTON Round 9 (Div. 1 + Div. 2, Rated, Prizes!)"
rdxxx,1205,1214,9,4821,2039,"CodeTON Round 9 (Div. 1 + Div. 2, Rated, Prizes!)"
eugalt,1013,1078,65,4824,2039,"CodeTON Round 9 (Div. 1 + Div. 2, Rated, Prizes!)"
harry_potter_3112,1201,1211,10,4825,2039,"CodeTON Round 9 (Div. 1 + Div. 2, Rated, Prizes!)"
Shinoz,1128,1158,30,4825,2039,"CodeTON Round 9 (Div. 1 + Div. 2, Rated, Prizes!)"
Keshav_9835,942,1030,88,4825,2039,"CodeTON Round 9 (Div. 1 + Div. 2, Rated, Prizes!)"
programandcode,0,471,471,4828,2039,"CodeTON Round 9 (Div. 1 + Div. 2, Rated, Prizes!)"
crocell001,1214,1220,6,4829,2039,"CodeTON Round 9 (Div. 1 + Div. 2, Rated, Prizes!)"
VSM_123,975,1106,131,4829,2039,"CodeTON Round 9 (Div. 1 + Div. 2, Rated, Prizes!)"
B1naryKn1ght,852,972,120,4829,2039,"CodeTON Round 9 (Div. 1 + Div. 2, Rated, Prizes!)"
sujoyy19,1028,1088,60,4832,2039,"CodeTON Round 9 (Div. 1 + Div. 2, Rated, Prizes!)"
wctnwa,1143,1169,26,4832,2039,"CodeTON Round 9 (Div. 1 + Div. 2, Rated, Prizes!)"
SevenAlarm,1497,1434,-63,4834,2039,"CodeTON Round 9 (Div. 1 + Div. 2, Rated, Prizes!)"
Bagaev,1605,1517,-88,4835,2039,"CodeTON Round 9 (Div. 1 + Div. 2, Rated, Prizes!)"
Alex_VAA,1057,1177,120,4835,2039,"CodeTON Round 9 (Div. 1 + Div. 2, Rated, Prizes!)"
robertlilintek,550,848,298,4835,2039,"CodeTON Round 9 (Div. 1 + Div. 2, Rated, Prizes!)"
Psych_x7,1277,1266,-11,4835,2039,"CodeTON Round 9 (Div. 1 + Div. 2, Rated, Prizes!)"
Gicks,990,1116,126,4835,2039,"CodeTON Round 9 (Div. 1 + Div. 2, Rated, Prizes!)"
scarecrow689,380,719,339,4835,2039,"CodeTON Round 9 (Div. 1 + Div. 2, Rated, Prizes!)"
ELANSARI05,1013,1111,98,4841,2039,"CodeTON Round 9 (Div. 1 + Div. 2, Rated, Prizes!)"
raj_mohnani,1110,1144,34,4842,2039,"CodeTON Round 9 (Div. 1 + Div. 2, Rated, Prizes!)"
abd360,1302,1286,-16,4842,2039,"CodeTON Round 9 (Div. 1 + Div. 2, Rated, Prizes!)"
eRali,966,1045,79,4842,2039,"CodeTON Round 9 (Div. 1 + Div. 2, Rated, Prizes!)"
Kayum_gazI01,1213,1219,6,4845,2039,"CodeTON Round 9 (Div. 1 + Div. 2, Rated, Prizes!)"
SearchMeLater,1155,1176,21,4846,2039,"CodeTON Round 9 (Div. 1 + Div. 2, Rated, Prizes!)"
MuazzemHussainKhan,943,1030,87,4847,2039,"CodeTON Round 9 (Div. 1 + Div. 2, Rated, Prizes!)"
dhrxv._,1213,1219,6,4848,2039,"CodeTON Round 9 (Div. 1 + Div. 2, Rated, Prizes!)"
As1236,439,763,324,4849,2039,"CodeTON Round 9 (Div. 1 + Div. 2, Rated, Prizes!)"
peasantbird,904,1063,159,4849,2039,"CodeTON Round 9 (Div. 1 + Div. 2, Rated, Prizes!)"
Sherlocked_Potter,1367,1335,-32,4849,2039,"CodeTON Round 9 (Div. 1 + Div. 2, Rated, Prizes!)"
A-yang,1233,1234,1,4852,2039,"CodeTON Round 9 (Div. 1 + Div. 2, Rated, Prizes!)"
Dinhquang06,1637,1541,-96,4852,2039,"CodeTON Round 9 (Div. 1 + Div. 2, Rated, Prizes!)"
The_Bharadwaj,0,470,470,4854,2039,"CodeTON Round 9 (Div. 1 + Div. 2, Rated, Prizes!)"
fluid_practice,1032,1089,57,4855,2039,"CodeTON Round 9 (Div. 1 + Div. 2, Rated, Prizes!)"
mdshohed,1021,1082,61,4856,2039,"CodeTON Round 9 (Div. 1 + Div. 2, Rated, Prizes!)"
Sroor_1000,1061,1109,48,4856,2039,"CodeTON Round 9 (Div. 1 + Div. 2, Rated, Prizes!)"
LMQuan,1550,1474,-76,4858,2039,"CodeTON Round 9 (Div. 1 + Div. 2, Rated, Prizes!)"
Stark0509,1429,1382,-47,4858,2039,"CodeTON Round 9 (Div. 1 + Div. 2, Rated, Prizes!)"
TwindT,1127,1156,29,4860,2039,"CodeTON Round 9 (Div. 1 + Div. 2, Rated, Prizes!)"
borwen,1661,1559,-102,4860,2039,"CodeTON Round 9 (Div. 1 + Div. 2, Rated, Prizes!)"
lizao,1062,1110,48,4862,2039,"CodeTON Round 9 (Div. 1 + Div. 2, Rated, Prizes!)"
motttttt,1042,1096,54,4863,2039,"CodeTON Round 9 (Div. 1 + Div. 2, Rated, Prizes!)"
Ishan_007,1253,1248,-5,4864,2039,"CodeTON Round 9 (Div. 1 + Div. 2, Rated, Prizes!)"
Imnotndd,1318,1297,-21,4864,2039,"CodeTON Round 9 (Div. 1 + Div. 2, Rated, Prizes!)"
zhuxy,0,470,470,4864,2039,"CodeTON Round 9 (Div. 1 + Div. 2, Rated, Prizes!)"
okay09,1055,1105,50,4867,2039,"CodeTON Round 9 (Div. 1 + Div. 2, Rated, Prizes!)"
harshgarg,1520,1451,-69,4867,2039,"CodeTON Round 9 (Div. 1 + Div. 2, Rated, Prizes!)"
RakshitRane30,0,469,469,4867,2039,"CodeTON Round 9 (Div. 1 + Div. 2, Rated, Prizes!)"
ww4445,999,1066,67,4867,2039,"CodeTON Round 9 (Div. 1 + Div. 2, Rated, Prizes!)"
NDAKJin,1190,1201,11,4871,2039,"CodeTON Round 9 (Div. 1 + Div. 2, Rated, Prizes!)"
zzxuu,1107,1141,34,4872,2039,"CodeTON Round 9 (Div. 1 + Div. 2, Rated, Prizes!)"
Renn98,909,1065,156,4872,2039,"CodeTON Round 9 (Div. 1 + Div. 2, Rated, Prizes!)"
olzhas1,796,935,139,4872,2039,"CodeTON Round 9 (Div. 1 + Div. 2, Rated, Prizes!)"
UzByte,362,704,342,4875,2039,"CodeTON Round 9 (Div. 1 + Div. 2, Rated, Prizes!)"
outlander,1452,1399,-53,4876,2039,"CodeTON Round 9 (Div. 1 + Div. 2, Rated, Prizes!)"
v3ctorSigma,1205,1212,7,4877,2039,"CodeTON Round 9 (Div. 1 + Div. 2, Rated, Prizes!)"
zach24,1200,1208,8,4877,2039,"CodeTON Round 9 (Div. 1 + Div. 2, Rated, Prizes!)"
Shamim_khandakar,1257,1250,-7,4879,2039,"CodeTON Round 9 (Div. 1 + Div. 2, Rated, Prizes!)"
RD_TheCoder,1613,1522,-91,4879,2039,"CodeTON Round 9 (Div. 1 + Div. 2, Rated, Prizes!)"
Laoqiang--wiLLAC,1554,1477,-77,4879,2039,"CodeTON Round 9 (Div. 1 + Div. 2, Rated, Prizes!)"
himanshuu932,710,953,243,4882,2039,"CodeTON Round 9 (Div. 1 + Div. 2, Rated, Prizes!)"
_Dxop_,752,985,233,4882,2039,"CodeTON Round 9 (Div. 1 + Div. 2, Rated, Prizes!)"
yanmei1,0,469,469,4884,2039,"CodeTON Round 9 (Div. 1 + Div. 2, Rated, Prizes!)"
Stalin67,1462,1406,-56,4885,2039,"CodeTON Round 9 (Div. 1 + Div. 2, Rated, Prizes!)"
aryan.jais20,1036,1091,55,4885,2039,"CodeTON Round 9 (Div. 1 + Div. 2, Rated, Prizes!)"
_shelby70,1374,1339,-35,4885,2039,"CodeTON Round 9 (Div. 1 + Div. 2, Rated, Prizes!)"
1iKha,1001,1067,66,4885,2039,"CodeTON Round 9 (Div. 1 + Div. 2, Rated, Prizes!)"
trishfr,979,1052,73,4889,2039,"CodeTON Round 9 (Div. 1 + Div. 2, Rated, Prizes!)"
Piyush_Arora03,1096,1133,37,4889,2039,"CodeTON Round 9 (Div. 1 + Div. 2, Rated, Prizes!)"
Reaper08,1254,1248,-6,4891,2039,"CodeTON Round 9 (Div. 1 + Div. 2, Rated, Prizes!)"
ro_kum,1239,1236,-3,4892,2039,"CodeTON Round 9 (Div. 1 + Div. 2, Rated, Prizes!)"
Filip1221,1312,1292,-20,4892,2039,"CodeTON Round 9 (Div. 1 + Div. 2, Rated, Prizes!)"
SakibHossain38,984,1055,71,4894,2039,"CodeTON Round 9 (Div. 1 + Div. 2, Rated, Prizes!)"
Puneeth254,1508,1441,-67,4894,2039,"CodeTON Round 9 (Div. 1 + Div. 2, Rated, Prizes!)"
AaryanSriram,773,965,192,4896,2039,"CodeTON Round 9 (Div. 1 + Div. 2, Rated, Prizes!)"
7plus6,1187,1199,12,4896,2039,"CodeTON Round 9 (Div. 1 + Div. 2, Rated, Prizes!)"
28k,425,751,326,4898,2039,"CodeTON Round 9 (Div. 1 + Div. 2, Rated, Prizes!)"
wlmrh,1497,1432,-65,4898,2039,"CodeTON Round 9 (Div. 1 + Div. 2, Rated, Prizes!)"
krutonik,1503,1437,-66,4900,2039,"CodeTON Round 9 (Div. 1 + Div. 2, Rated, Prizes!)"
mig,1389,1350,-39,4900,2039,"CodeTON Round 9 (Div. 1 + Div. 2, Rated, Prizes!)"
Danial.,1287,1272,-15,4900,2039,"CodeTON Round 9 (Div. 1 + Div. 2, Rated, Prizes!)"
abra_r,1371,1336,-35,4903,2039,"CodeTON Round 9 (Div. 1 + Div. 2, Rated, Prizes!)"
Vishesh3569,1068,1113,45,4904,2039,"CodeTON Round 9 (Div. 1 + Div. 2, Rated, Prizes!)"
deadeffect7,1309,1289,-20,4905,2039,"CodeTON Round 9 (Div. 1 + Div. 2, Rated, Prizes!)"
dioxkjpde,1504,1438,-66,4906,2039,"CodeTON Round 9 (Div. 1 + Div. 2, Rated, Prizes!)"
PriyanshuRaj1000,1071,1115,44,4907,2039,"CodeTON Round 9 (Div. 1 + Div. 2, Rated, Prizes!)"
SIR01,1106,1139,33,4907,2039,"CodeTON Round 9 (Div. 1 + Div. 2, Rated, Prizes!)"
Adiat,934,1021,87,4907,2039,"CodeTON Round 9 (Div. 1 + Div. 2, Rated, Prizes!)"
egor11,1150,1171,21,4910,2039,"CodeTON Round 9 (Div. 1 + Div. 2, Rated, Prizes!)"
lnvictus,1321,1298,-23,4911,2039,"CodeTON Round 9 (Div. 1 + Div. 2, Rated, Prizes!)"
S9M0N_R3L3Y_GH05T,1029,1085,56,4912,2039,"CodeTON Round 9 (Div. 1 + Div. 2, Rated, Prizes!)"
Rushitha_Reddy_225,1065,1110,45,4913,2039,"CodeTON Round 9 (Div. 1 + Div. 2, Rated, Prizes!)"
wwwacwww,1130,1156,26,4914,2039,"CodeTON Round 9 (Div. 1 + Div. 2, Rated, Prizes!)"
bhut_ho_gya,1296,1279,-17,4915,2039,"CodeTON Round 9 (Div. 1 + Div. 2, Rated, Prizes!)"
suplex_city,1168,1184,16,4915,2039,"CodeTON Round 9 (Div. 1 + Div. 2, Rated, Prizes!)"
haihaichibaola,1109,1141,32,4917,2039,"CodeTON Round 9 (Div. 1 + Div. 2, Rated, Prizes!)"
samchen123,1299,1281,-18,4918,2039,"CodeTON Round 9 (Div. 1 + Div. 2, Rated, Prizes!)"
dedseczayad,1199,1207,8,4918,2039,"CodeTON Round 9 (Div. 1 + Div. 2, Rated, Prizes!)"
dead_1,1102,1136,34,4920,2039,"CodeTON Round 9 (Div. 1 + Div. 2, Rated, Prizes!)"
takade,1129,1155,26,4921,2039,"CodeTON Round 9 (Div. 1 + Div. 2, Rated, Prizes!)"
_DoYouKnowMe_,1222,1223,1,4921,2039,"CodeTON Round 9 (Div. 1 + Div. 2, Rated, Prizes!)"
laplace_daemonium,1256,1312,56,4921,2039,"CodeTON Round 9 (Div. 1 + Div. 2, Rated, Prizes!)"
KashiViswanath,1277,1264,-13,4924,2039,"CodeTON Round 9 (Div. 1 + Div. 2, Rated, Prizes!)"
redreoicy,1404,1361,-43,4924,2039,"CodeTON Round 9 (Div. 1 + Div. 2, Rated, Prizes!)"
hanhantie,948,1030,82,4926,2039,"CodeTON Round 9 (Div. 1 + Div. 2, Rated, Prizes!)"
Lentreo,869,978,109,4926,2039,"CodeTON Round 9 (Div. 1 + Div. 2, Rated, Prizes!)"
cvxbhcxb,1225,1225,0,4926,2039,"CodeTON Round 9 (Div. 1 + Div. 2, Rated, Prizes!)"
Muhammed_Ramadan,1278,1265,-13,4929,2039,"CodeTON Round 9 (Div. 1 + Div. 2, Rated, Prizes!)"
walkingsky1,1025,1082,57,4930,2039,"CodeTON Round 9 (Div. 1 + Div. 2, Rated, Prizes!)"
_SIYAM_,420,746,326,4931,2039,"CodeTON Round 9 (Div. 1 + Div. 2, Rated, Prizes!)"
leo202200925,1466,1408,-58,4931,2039,"CodeTON Round 9 (Div. 1 + Div. 2, Rated, Prizes!)"
madhavxmiglani,1028,1084,56,4931,2039,"CodeTON Round 9 (Div. 1 + Div. 2, Rated, Prizes!)"
noheart_inside,1265,1255,-10,4931,2039,"CodeTON Round 9 (Div. 1 + Div. 2, Rated, Prizes!)"
anishray042,1393,1352,-41,4935,2039,"CodeTON Round 9 (Div. 1 + Div. 2, Rated, Prizes!)"
Jackis666,1168,1183,15,4935,2039,"CodeTON Round 9 (Div. 1 + Div. 2, Rated, Prizes!)"
awqssl,982,1107,125,4937,2039,"CodeTON Round 9 (Div. 1 + Div. 2, Rated, Prizes!)"
_Mizanur,1359,1326,-33,4938,2039,"CodeTON Round 9 (Div. 1 + Div. 2, Rated, Prizes!)"
Abdullah_Muhammad-Ali,1271,1259,-12,4939,2039,"CodeTON Round 9 (Div. 1 + Div. 2, Rated, Prizes!)"
productsystem,1090,1127,37,4940,2039,"CodeTON Round 9 (Div. 1 + Div. 2, Rated, Prizes!)"
Problem8ic,1056,1103,47,4941,2039,"CodeTON Round 9 (Div. 1 + Div. 2, Rated, Prizes!)"
Datta19,903,1000,97,4941,2039,"CodeTON Round 9 (Div. 1 + Div. 2, Rated, Prizes!)"
Telugu_Renuka,977,1049,72,4943,2039,"CodeTON Round 9 (Div. 1 + Div. 2, Rated, Prizes!)"
Valeev_Alex,1080,1120,40,4944,2039,"CodeTON Round 9 (Div. 1 + Div. 2, Rated, Prizes!)"
Berke_Keles,1353,1321,-32,4945,2039,"CodeTON Round 9 (Div. 1 + Div. 2, Rated, Prizes!)"
Mover_R,1330,1304,-26,4946,2039,"CodeTON Round 9 (Div. 1 + Div. 2, Rated, Prizes!)"
porcelli,1282,1267,-15,4947,2039,"CodeTON Round 9 (Div. 1 + Div. 2, Rated, Prizes!)"
_Submerge,1136,1159,23,4948,2039,"CodeTON Round 9 (Div. 1 + Div. 2, Rated, Prizes!)"
Artkights,1253,1283,30,4949,2039,"CodeTON Round 9 (Div. 1 + Div. 2, Rated, Prizes!)"
Amirben,1178,1190,12,4949,2039,"CodeTON Round 9 (Div. 1 + Div. 2, Rated, Prizes!)"
WintersBlizzard,1564,1482,-82,4951,2039,"CodeTON Round 9 (Div. 1 + Div. 2, Rated, Prizes!)"
SpanNewComet,700,943,243,4952,2039,"CodeTON Round 9 (Div. 1 + Div. 2, Rated, Prizes!)"
Arav_Shukla,429,753,324,4953,2039,"CodeTON Round 9 (Div. 1 + Div. 2, Rated, Prizes!)"
Dhanush_Yarragunta,1098,1132,34,4954,2039,"CodeTON Round 9 (Div. 1 + Div. 2, Rated, Prizes!)"
veritaseum,1138,1161,23,4955,2039,"CodeTON Round 9 (Div. 1 + Div. 2, Rated, Prizes!)"
DiMsh09,1297,1278,-19,4956,2039,"CodeTON Round 9 (Div. 1 + Div. 2, Rated, Prizes!)"
harsh580g,1020,1112,92,4957,2039,"CodeTON Round 9 (Div. 1 + Div. 2, Rated, Prizes!)"
Kevin_FOS,0,467,467,4958,2039,"CodeTON Round 9 (Div. 1 + Div. 2, Rated, Prizes!)"
__DopamIne,1303,1283,-20,4958,2039,"CodeTON Round 9 (Div. 1 + Div. 2, Rated, Prizes!)"
this_3ssa,1299,1343,44,4960,2039,"CodeTON Round 9 (Div. 1 + Div. 2, Rated, Prizes!)"
Ariful101,1124,1151,27,4960,2039,"CodeTON Round 9 (Div. 1 + Div. 2, Rated, Prizes!)"
wwwhisper,372,709,337,4960,2039,"CodeTON Round 9 (Div. 1 + Div. 2, Rated, Prizes!)"
yuan200,0,466,466,4963,2039,"CodeTON Round 9 (Div. 1 + Div. 2, Rated, Prizes!)"
purpleskies,994,1094,100,4964,2039,"CodeTON Round 9 (Div. 1 + Div. 2, Rated, Prizes!)"
_Xenox_,1128,1153,25,4964,2039,"CodeTON Round 9 (Div. 1 + Div. 2, Rated, Prizes!)"
quziy,919,1009,90,4966,2039,"CodeTON Round 9 (Div. 1 + Div. 2, Rated, Prizes!)"
int_main_character,1276,1262,-14,4966,2039,"CodeTON Round 9 (Div. 1 + Div. 2, Rated, Prizes!)"
Raqin_Shahrier,1296,1278,-18,4968,2039,"CodeTON Round 9 (Div. 1 + Div. 2, Rated, Prizes!)"
Abdelhadi.,1103,1135,32,4968,2039,"CodeTON Round 9 (Div. 1 + Div. 2, Rated, Prizes!)"
Mindoongie,1117,1145,28,4970,2039,"CodeTON Round 9 (Div. 1 + Div. 2, Rated, Prizes!)"
QuantumC0d3r,0,466,466,4971,2039,"CodeTON Round 9 (Div. 1 + Div. 2, Rated, Prizes!)"
bot_maty,0,466,466,4971,2039,"CodeTON Round 9 (Div. 1 + Div. 2, Rated, Prizes!)"
El__Psy__Kongroo,0,466,466,4973,2039,"CodeTON Round 9 (Div. 1 + Div. 2, Rated, Prizes!)"
kkrmm,1030,1084,54,4974,2039,"CodeTON Round 9 (Div. 1 + Div. 2, Rated, Prizes!)"
Aditya_B,1089,1125,36,4974,2039,"CodeTON Round 9 (Div. 1 + Div. 2, Rated, Prizes!)"
Gaurb_sin,1024,1079,55,4976,2039,"CodeTON Round 9 (Div. 1 + Div. 2, Rated, Prizes!)"
RadientRaven,1013,1072,59,4976,2039,"CodeTON Round 9 (Div. 1 + Div. 2, Rated, Prizes!)"
Sara_elsayed,983,1051,68,4978,2039,"CodeTON Round 9 (Div. 1 + Div. 2, Rated, Prizes!)"
lys7942,844,1009,165,4978,2039,"CodeTON Round 9 (Div. 1 + Div. 2, Rated, Prizes!)"
ShadowMonarch,1025,1080,55,4980,2039,"CodeTON Round 9 (Div. 1 + Div. 2, Rated, Prizes!)"
tzzl3035,1089,1125,36,4981,2039,"CodeTON Round 9 (Div. 1 + Div. 2, Rated, Prizes!)"
Jvlol,661,851,190,4982,2039,"CodeTON Round 9 (Div. 1 + Div. 2, Rated, Prizes!)"
L_M_TY,1174,1186,12,4983,2039,"CodeTON Round 9 (Div. 1 + Div. 2, Rated, Prizes!)"
bkdn24.ntth,1519,1447,-72,4983,2039,"CodeTON Round 9 (Div. 1 + Div. 2, Rated, Prizes!)"
srinand,999,1062,63,4983,2039,"CodeTON Round 9 (Div. 1 + Div. 2, Rated, Prizes!)"
DenisVistunov,0,466,466,4986,2039,"CodeTON Round 9 (Div. 1 + Div. 2, Rated, Prizes!)"
55HOSTRY55,1174,1186,12,4987,2039,"CodeTON Round 9 (Div. 1 + Div. 2, Rated, Prizes!)"
vtiptop,1156,1173,17,4988,2039,"CodeTON Round 9 (Div. 1 + Div. 2, Rated, Prizes!)"
Vivek_Prakash_Yadav,900,1054,154,4988,2039,"CodeTON Round 9 (Div. 1 + Div. 2, Rated, Prizes!)"
Vedanttttt_Pandey,943,1024,81,4990,2039,"CodeTON Round 9 (Div. 1 + Div. 2, Rated, Prizes!)"
MagzhanX,1046,1094,48,4991,2039,"CodeTON Round 9 (Div. 1 + Div. 2, Rated, Prizes!)"
Zamel,1283,1267,-16,4991,2039,"CodeTON Round 9 (Div. 1 + Div. 2, Rated, Prizes!)"
RaHuL-IsLaM,1112,1141,29,4991,2039,"CodeTON Round 9 (Div. 1 + Div. 2, Rated, Prizes!)"
dbywsc,993,1058,65,4994,2039,"CodeTON Round 9 (Div. 1 + Div. 2, Rated, Prizes!)"
Introl,1258,1248,-10,4995,2039,"CodeTON Round 9 (Div. 1 + Div. 2, Rated, Prizes!)"
Lemon4ik5687,425,748,323,4996,2039,"CodeTON Round 9 (Div. 1 + Div. 2, Rated, Prizes!)"
orzthxuan,1310,1287,-23,4996,2039,"CodeTON Round 9 (Div. 1 + Div. 2, Rated, Prizes!)"
commonashishw,1171,1183,12,4996,2039,"CodeTON Round 9 (Div. 1 + Div. 2, Rated, Prizes!)"
GTR.3910,1172,1184,12,4996,2039,"CodeTON Round 9 (Div. 1 + Div. 2, Rated, Prizes!)"
Cai_J,1161,1176,15,5000,2039,"CodeTON Round 9 (Div. 1 + Div. 2, Rated, Prizes!)"
XmHz,1006,1066,60,5001,2039,"CodeTON Round 9 (Div. 1 + Div. 2, Rated, Prizes!)"
alitheofficialsofla,0,466,466,5001,2039,"CodeTON Round 9 (Div. 1 + Div. 2, Rated, Prizes!)"
diyorbekakhmedov,824,994,170,5003,2039,"CodeTON Round 9 (Div. 1 + Div. 2, Rated, Prizes!)"
Almazovich,1197,1202,5,5003,2039,"CodeTON Round 9 (Div. 1 + Div. 2, Rated, Prizes!)"
Grimshow,405,733,328,5003,2039,"CodeTON Round 9 (Div. 1 + Div. 2, Rated, Prizes!)"
rgrgtgrf,1914,1753,-161,5006,2039,"CodeTON Round 9 (Div. 1 + Div. 2, Rated, Prizes!)"
garv1202,1075,1114,39,5007,2039,"CodeTON Round 9 (Div. 1 + Div. 2, Rated, Prizes!)"
Riya_Chaudhry,1283,1266,-17,5008,2039,"CodeTON Round 9 (Div. 1 + Div. 2, Rated, Prizes!)"
_Spongey,1301,1280,-21,5009,2039,"CodeTON Round 9 (Div. 1 + Div. 2, Rated, Prizes!)"
AlenHsiao,1150,1243,93,5010,2039,"CodeTON Round 9 (Div. 1 + Div. 2, Rated, Prizes!)"
Harshal_Kanani,1016,1107,91,5011,2039,"CodeTON Round 9 (Div. 1 + Div. 2, Rated, Prizes!)"
brusgry,1870,1718,-152,5012,2039,"CodeTON Round 9 (Div. 1 + Div. 2, Rated, Prizes!)"
wiza_rd,1132,1155,23,5013,2039,"CodeTON Round 9 (Div. 1 + Div. 2, Rated, Prizes!)"
_AhmedTarek_,1134,1155,21,5013,2039,"CodeTON Round 9 (Div. 1 + Div. 2, Rated, Prizes!)"
Pronoy_Deb,1261,1249,-12,5015,2039,"CodeTON Round 9 (Div. 1 + Div. 2, Rated, Prizes!)"
test_user_228,1213,1251,38,5016,2039,"CodeTON Round 9 (Div. 1 + Div. 2, Rated, Prizes!)"
sudhaanshu94,1137,1158,21,5017,2039,"CodeTON Round 9 (Div. 1 + Div. 2, Rated, Prizes!)"
atique_2.0,1051,1154,103,5018,2039,"CodeTON Round 9 (Div. 1 + Div. 2, Rated, Prizes!)"
Animesh_369,881,1039,158,5019,2039,"CodeTON Round 9 (Div. 1 + Div. 2, Rated, Prizes!)"
RED_BAVARIAN,914,1004,90,5019,2039,"CodeTON Round 9 (Div. 1 + Div. 2, Rated, Prizes!)"
RCTR,0,465,465,5021,2039,"CodeTON Round 9 (Div. 1 + Div. 2, Rated, Prizes!)"
tenperformer,1061,1103,42,5022,2039,"CodeTON Round 9 (Div. 1 + Div. 2, Rated, Prizes!)"
Cyfer135,1010,1068,58,5022,2039,"CodeTON Round 9 (Div. 1 + Div. 2, Rated, Prizes!)"
__tomasansler,1600,1508,-92,5024,2039,"CodeTON Round 9 (Div. 1 + Div. 2, Rated, Prizes!)"
Abdullah-Arslan,1120,1145,25,5025,2039,"CodeTON Round 9 (Div. 1 + Div. 2, Rated, Prizes!)"
Santrixcu12,990,1055,65,5025,2039,"CodeTON Round 9 (Div. 1 + Div. 2, Rated, Prizes!)"
Neo00,1055,1099,44,5027,2039,"CodeTON Round 9 (Div. 1 + Div. 2, Rated, Prizes!)"
sanya37y,1200,1203,3,5027,2039,"CodeTON Round 9 (Div. 1 + Div. 2, Rated, Prizes!)"
FrostByte_,978,1046,68,5027,2039,"CodeTON Round 9 (Div. 1 + Div. 2, Rated, Prizes!)"
Vbs30,583,854,271,5027,2039,"CodeTON Round 9 (Div. 1 + Div. 2, Rated, Prizes!)"
_stack,346,687,341,5031,2039,"CodeTON Round 9 (Div. 1 + Div. 2, Rated, Prizes!)"
Adree,1123,1147,24,5032,2039,"CodeTON Round 9 (Div. 1 + Div. 2, Rated, Prizes!)"
pewpewXD,657,908,251,5033,2039,"CodeTON Round 9 (Div. 1 + Div. 2, Rated, Prizes!)"
MOH_LazyCoder_HSN,1070,1109,39,5033,2039,"CodeTON Round 9 (Div. 1 + Div. 2, Rated, Prizes!)"
gimedo8149,397,726,329,5033,2039,"CodeTON Round 9 (Div. 1 + Div. 2, Rated, Prizes!)"
himanshubhuker,848,961,113,5036,2039,"CodeTON Round 9 (Div. 1 + Div. 2, Rated, Prizes!)"
prekshaupadhyay03,958,1032,74,5037,2039,"CodeTON Round 9 (Div. 1 + Div. 2, Rated, Prizes!)"
tamal_63,1139,1158,19,5038,2039,"CodeTON Round 9 (Div. 1 + Div. 2, Rated, Prizes!)"
jpg.stdstd,1404,1357,-47,5039,2039,"CodeTON Round 9 (Div. 1 + Div. 2, Rated, Prizes!)"
Tourist_Sea,0,464,464,5040,2039,"CodeTON Round 9 (Div. 1 + Div. 2, Rated, Prizes!)"
CaptainCodes,1044,1091,47,5041,2039,"CodeTON Round 9 (Div. 1 + Div. 2, Rated, Prizes!)"
hs00831,1149,1227,78,5042,2039,"CodeTON Round 9 (Div. 1 + Div. 2, Rated, Prizes!)"
Dragos__1,1165,1177,12,5043,2039,"CodeTON Round 9 (Div. 1 + Div. 2, Rated, Prizes!)"
TanvirAhmed10,1360,1323,-37,5043,2039,"CodeTON Round 9 (Div. 1 + Div. 2, Rated, Prizes!)"
Shajjadul_ferdous,1138,1158,20,5045,2039,"CodeTON Round 9 (Div. 1 + Div. 2, Rated, Prizes!)"
Crisis_CreeD,1098,1129,31,5046,2039,"CodeTON Round 9 (Div. 1 + Div. 2, Rated, Prizes!)"
Student_7,1211,1211,0,5047,2039,"CodeTON Round 9 (Div. 1 + Div. 2, Rated, Prizes!)"
mardog666,1051,1096,45,5048,2039,"CodeTON Round 9 (Div. 1 + Div. 2, Rated, Prizes!)"
7oDA_ERROR,1072,1110,38,5049,2039,"CodeTON Round 9 (Div. 1 + Div. 2, Rated, Prizes!)"
BoyToy269,974,1042,68,5050,2039,"CodeTON Round 9 (Div. 1 + Div. 2, Rated, Prizes!)"
Aryvd123,998,1059,61,5051,2039,"CodeTON Round 9 (Div. 1 + Div. 2, Rated, Prizes!)"
tahmid_786,849,961,112,5051,2039,"CodeTON Round 9 (Div. 1 + Div. 2, Rated, Prizes!)"
SUNNY_AHMED,1143,1161,18,5053,2039,"CodeTON Round 9 (Div. 1 + Div. 2, Rated, Prizes!)"
advait_cf,1380,1403,23,5054,2039,"CodeTON Round 9 (Div. 1 + Div. 2, Rated, Prizes!)"
Cheesedog,0,464,464,5055,2039,"CodeTON Round 9 (Div. 1 + Div. 2, Rated, Prizes!)"
ikeha,1283,1265,-18,5055,2039,"CodeTON Round 9 (Div. 1 + Div. 2, Rated, Prizes!)"
PermaPupil,1208,1208,0,5057,2039,"CodeTON Round 9 (Div. 1 + Div. 2, Rated, Prizes!)"
A_man007,1247,1238,-9,5058,2039,"CodeTON Round 9 (Div. 1 + Div. 2, Rated, Prizes!)"
Sayadd,1184,1191,7,5059,2039,"CodeTON Round 9 (Div. 1 + Div. 2, Rated, Prizes!)"
Ares_77,914,1063,149,5060,2039,"CodeTON Round 9 (Div. 1 + Div. 2, Rated, Prizes!)"
Roy_2010,467,779,312,5061,2039,"CodeTON Round 9 (Div. 1 + Div. 2, Rated, Prizes!)"
chiyaa_,1591,1501,-90,5062,2039,"CodeTON Round 9 (Div. 1 + Div. 2, Rated, Prizes!)"
KTTKas,1156,1170,14,5063,2039,"CodeTON Round 9 (Div. 1 + Div. 2, Rated, Prizes!)"
manyankg22,1082,1116,34,5063,2039,"CodeTON Round 9 (Div. 1 + Div. 2, Rated, Prizes!)"
youknowWHo1,0,464,464,5065,2039,"CodeTON Round 9 (Div. 1 + Div. 2, Rated, Prizes!)"
lxnu,1680,1569,-111,5066,2039,"CodeTON Round 9 (Div. 1 + Div. 2, Rated, Prizes!)"
Baburaoo_ganpatraoo_apte,1233,1227,-6,5067,2039,"CodeTON Round 9 (Div. 1 + Div. 2, Rated, Prizes!)"
Octagons,1978,1802,-176,5067,2039,"CodeTON Round 9 (Div. 1 + Div. 2, Rated, Prizes!)"
btech10135.21,1063,1162,99,5069,2039,"CodeTON Round 9 (Div. 1 + Div. 2, Rated, Prizes!)"
tin.le2,1544,1464,-80,5070,2039,"CodeTON Round 9 (Div. 1 + Div. 2, Rated, Prizes!)"
Sowvick_Paul,1049,1093,44,5071,2039,"CodeTON Round 9 (Div. 1 + Div. 2, Rated, Prizes!)"
akane,1800,1662,-138,5072,2039,"CodeTON Round 9 (Div. 1 + Div. 2, Rated, Prizes!)"
ghost_coder_,939,1018,79,5073,2039,"CodeTON Round 9 (Div. 1 + Div. 2, Rated, Prizes!)"
DR_Zain,1240,1232,-8,5074,2039,"CodeTON Round 9 (Div. 1 + Div. 2, Rated, Prizes!)"
btoandzWillWinVoi25,0,463,463,5075,2039,"CodeTON Round 9 (Div. 1 + Div. 2, Rated, Prizes!)"
FLY_lai,1759,1630,-129,5075,2039,"CodeTON Round 9 (Div. 1 + Div. 2, Rated, Prizes!)"
gchang002,699,938,239,5075,2039,"CodeTON Round 9 (Div. 1 + Div. 2, Rated, Prizes!)"
catlover553,871,1069,198,5075,2039,"CodeTON Round 9 (Div. 1 + Div. 2, Rated, Prizes!)"
rkackwrl,728,978,250,5075,2039,"CodeTON Round 9 (Div. 1 + Div. 2, Rated, Prizes!)"
imtheonly1,1373,1332,-41,5075,2039,"CodeTON Round 9 (Div. 1 + Div. 2, Rated, Prizes!)"
HelloImTuan,2175,1961,-214,5081,2039,"CodeTON Round 9 (Div. 1 + Div. 2, Rated, Prizes!)"
zedypr,1127,1148,21,5081,2039,"CodeTON Round 9 (Div. 1 + Div. 2, Rated, Prizes!)"
y_miracle,0,463,463,5081,2039,"CodeTON Round 9 (Div. 1 + Div. 2, Rated, Prizes!)"
monkey_lover,879,979,100,5081,2039,"CodeTON Round 9 (Div. 1 + Div. 2, Rated, Prizes!)"
nella17,1901,1741,-160,5085,2039,"CodeTON Round 9 (Div. 1 + Div. 2, Rated, Prizes!)"
Mier_,887,1042,155,5085,2039,"CodeTON Round 9 (Div. 1 + Div. 2, Rated, Prizes!)"
Rifat_Hassan,361,697,336,5085,2039,"CodeTON Round 9 (Div. 1 + Div. 2, Rated, Prizes!)"
linjinyi,350,689,339,5088,2039,"CodeTON Round 9 (Div. 1 + Div. 2, Rated, Prizes!)"
pranshul_047,1369,1329,-40,5088,2039,"CodeTON Round 9 (Div. 1 + Div. 2, Rated, Prizes!)"
ev1sq,1696,1581,-115,5090,2039,"CodeTON Round 9 (Div. 1 + Div. 2, Rated, Prizes!)"
mzhao,1723,1602,-121,5090,2039,"CodeTON Round 9 (Div. 1 + Div. 2, Rated, Prizes!)"
BPENSYJPIZQ,1487,1420,-67,5092,2039,"CodeTON Round 9 (Div. 1 + Div. 2, Rated, Prizes!)"
why_sjy,1145,1161,16,5092,2039,"CodeTON Round 9 (Div. 1 + Div. 2, Rated, Prizes!)"
EaslyubitsS,1101,1129,28,5094,2039,"CodeTON Round 9 (Div. 1 + Div. 2, Rated, Prizes!)"
hzt1,2179,1963,-216,5094,2039,"CodeTON Round 9 (Div. 1 + Div. 2, Rated, Prizes!)"
jatinbajaj2001,1451,1391,-60,5096,2039,"CodeTON Round 9 (Div. 1 + Div. 2, Rated, Prizes!)"
lulaalu,1445,1387,-58,5096,2039,"CodeTON Round 9 (Div. 1 + Div. 2, Rated, Prizes!)"
carboxylBase,1548,1466,-82,5096,2039,"CodeTON Round 9 (Div. 1 + Div. 2, Rated, Prizes!)"
Hueyyyy,1185,1253,68,5096,2039,"CodeTON Round 9 (Div. 1 + Div. 2, Rated, Prizes!)"
arctano,994,1054,60,5100,2039,"CodeTON Round 9 (Div. 1 + Div. 2, Rated, Prizes!)"
pyk278107,1521,1445,-76,5100,2039,"CodeTON Round 9 (Div. 1 + Div. 2, Rated, Prizes!)"
MTA,1326,1296,-30,5102,2039,"CodeTON Round 9 (Div. 1 + Div. 2, Rated, Prizes!)"
_Mauve_,800,1014,214,5102,2039,"CodeTON Round 9 (Div. 1 + Div. 2, Rated, Prizes!)"
sawsawnewnew,1568,1481,-87,5104,2039,"CodeTON Round 9 (Div. 1 + Div. 2, Rated, Prizes!)"
AceTaffy258,1313,1286,-27,5104,2039,"CodeTON Round 9 (Div. 1 + Div. 2, Rated, Prizes!)"
colesmith54,1340,1344,4,5104,2039,"CodeTON Round 9 (Div. 1 + Div. 2, Rated, Prizes!)"
reirugan,1811,1670,-141,5104,2039,"CodeTON Round 9 (Div. 1 + Div. 2, Rated, Prizes!)"
the__phoenix,1645,1541,-104,5104,2039,"CodeTON Round 9 (Div. 1 + Div. 2, Rated, Prizes!)"
pRaVsha,1523,1446,-77,5104,2039,"CodeTON Round 9 (Div. 1 + Div. 2, Rated, Prizes!)"
gaiercop,1619,1521,-98,5104,2039,"CodeTON Round 9 (Div. 1 + Div. 2, Rated, Prizes!)"
guptaprakhar_01,1070,1107,37,5111,2039,"CodeTON Round 9 (Div. 1 + Div. 2, Rated, Prizes!)"
Sai.Suraj.27,1376,1334,-42,5111,2039,"CodeTON Round 9 (Div. 1 + Div. 2, Rated, Prizes!)"
codeout,1321,1292,-29,5111,2039,"CodeTON Round 9 (Div. 1 + Div. 2, Rated, Prizes!)"
Nsqk,1589,1497,-92,5114,2039,"CodeTON Round 9 (Div. 1 + Div. 2, Rated, Prizes!)"
Black-Octopus,1657,1550,-107,5114,2039,"CodeTON Round 9 (Div. 1 + Div. 2, Rated, Prizes!)"
PaunCalin,1012,1066,54,5114,2039,"CodeTON Round 9 (Div. 1 + Div. 2, Rated, Prizes!)"
a_cedia,0,462,462,5114,2039,"CodeTON Round 9 (Div. 1 + Div. 2, Rated, Prizes!)"
ace055,1193,1196,3,5114,2039,"CodeTON Round 9 (Div. 1 + Div. 2, Rated, Prizes!)"
P2441M,1057,1156,99,5119,2039,"CodeTON Round 9 (Div. 1 + Div. 2, Rated, Prizes!)"
Mr.Squidward,1580,1490,-90,5119,2039,"CodeTON Round 9 (Div. 1 + Div. 2, Rated, Prizes!)"
vjudge172,0,462,462,5119,2039,"CodeTON Round 9 (Div. 1 + Div. 2, Rated, Prizes!)"
wqweto,1542,1461,-81,5119,2039,"CodeTON Round 9 (Div. 1 + Div. 2, Rated, Prizes!)"
TASHFIQ_TAIF,966,1034,68,5123,2039,"CodeTON Round 9 (Div. 1 + Div. 2, Rated, Prizes!)"
Abito,1951,1779,-172,5123,2039,"CodeTON Round 9 (Div. 1 + Div. 2, Rated, Prizes!)"
deadpool_69,405,729,324,5125,2039,"CodeTON Round 9 (Div. 1 + Div. 2, Rated, Prizes!)"
WaisKamal,1295,1272,-23,5125,2039,"CodeTON Round 9 (Div. 1 + Div. 2, Rated, Prizes!)"
oxygen_06_05,1158,1170,12,5125,2039,"CodeTON Round 9 (Div. 1 + Div. 2, Rated, Prizes!)"
K.M.T.H,1019,1070,51,5125,2039,"CodeTON Round 9 (Div. 1 + Div. 2, Rated, Prizes!)"
Newbie_For_Noobs,531,825,294,5129,2039,"CodeTON Round 9 (Div. 1 + Div. 2, Rated, Prizes!)"
Termiinator,1219,1214,-5,5129,2039,"CodeTON Round 9 (Div. 1 + Div. 2, Rated, Prizes!)"
ParadoxicalAce,1136,1153,17,5129,2039,"CodeTON Round 9 (Div. 1 + Div. 2, Rated, Prizes!)"
atog_1905,1417,1364,-53,5132,2039,"CodeTON Round 9 (Div. 1 + Div. 2, Rated, Prizes!)"
piyushsingh2nateyan,1054,1094,40,5132,2039,"CodeTON Round 9 (Div. 1 + Div. 2, Rated, Prizes!)"
Dominater09,1264,1248,-16,5132,2039,"CodeTON Round 9 (Div. 1 + Div. 2, Rated, Prizes!)"
RegtLu,1172,1179,7,5132,2039,"CodeTON Round 9 (Div. 1 + Div. 2, Rated, Prizes!)"
shreyas_m,1399,1350,-49,5136,2039,"CodeTON Round 9 (Div. 1 + Div. 2, Rated, Prizes!)"
vigza,1321,1291,-30,5136,2039,"CodeTON Round 9 (Div. 1 + Div. 2, Rated, Prizes!)"
AmirMakaM,1623,1523,-100,5136,2039,"CodeTON Round 9 (Div. 1 + Div. 2, Rated, Prizes!)"
sanyam2248,1639,1535,-104,5139,2039,"CodeTON Round 9 (Div. 1 + Div. 2, Rated, Prizes!)"
r-tron18,1344,1308,-36,5139,2039,"CodeTON Round 9 (Div. 1 + Div. 2, Rated, Prizes!)"
secret-coder,1152,1165,13,5141,2039,"CodeTON Round 9 (Div. 1 + Div. 2, Rated, Prizes!)"
moksh_mangal,1353,1315,-38,5141,2039,"CodeTON Round 9 (Div. 1 + Div. 2, Rated, Prizes!)"
Syeda_Raisa_Rahman,1255,1240,-15,5141,2039,"CodeTON Round 9 (Div. 1 + Div. 2, Rated, Prizes!)"
tnaveen,1155,1203,48,5141,2039,"CodeTON Round 9 (Div. 1 + Div. 2, Rated, Prizes!)"
BlueCold,1326,1295,-31,5141,2039,"CodeTON Round 9 (Div. 1 + Div. 2, Rated, Prizes!)"
etian6795,1956,1782,-174,5146,2039,"CodeTON Round 9 (Div. 1 + Div. 2, Rated, Prizes!)"
Zainic,1210,1207,-3,5146,2039,"CodeTON Round 9 (Div. 1 + Div. 2, Rated, Prizes!)"
Ilia_KH,1179,1184,5,5146,2039,"CodeTON Round 9 (Div. 1 + Div. 2, Rated, Prizes!)"
J0KER.,1171,1178,7,5146,2039,"CodeTON Round 9 (Div. 1 + Div. 2, Rated, Prizes!)"
xxzzf5,1460,1397,-63,5146,2039,"CodeTON Round 9 (Div. 1 + Div. 2, Rated, Prizes!)"
sunny_0502,1298,1273,-25,5151,2039,"CodeTON Round 9 (Div. 1 + Div. 2, Rated, Prizes!)"
Monked_Hermit,1185,1188,3,5151,2039,"CodeTON Round 9 (Div. 1 + Div. 2, Rated, Prizes!)"
dipaR,1189,1191,2,5151,2039,"CodeTON Round 9 (Div. 1 + Div. 2, Rated, Prizes!)"
Autumn_Rain,1139,1191,52,5154,2039,"CodeTON Round 9 (Div. 1 + Div. 2, Rated, Prizes!)"
smsarfroz78,1278,1258,-20,5154,2039,"CodeTON Round 9 (Div. 1 + Div. 2, Rated, Prizes!)"
mew_may_lay_lay,1355,1354,-1,5154,2039,"CodeTON Round 9 (Div. 1 + Div. 2, Rated, Prizes!)"
kvrlearn,1375,1331,-44,5154,2039,"CodeTON Round 9 (Div. 1 + Div. 2, Rated, Prizes!)"
bibimoni,1477,1410,-67,5154,2039,"CodeTON Round 9 (Div. 1 + Div. 2, Rated, Prizes!)"
LordLouis04,1606,1509,-97,5154,2039,"CodeTON Round 9 (Div. 1 + Div. 2, Rated, Prizes!)"
Saif_Ahmed008,1392,1344,-48,5154,2039,"CodeTON Round 9 (Div. 1 + Div. 2, Rated, Prizes!)"
TukTuk_Account,1466,1401,-65,5161,2039,"CodeTON Round 9 (Div. 1 + Div. 2, Rated, Prizes!)"
Padlovarish,1612,1513,-99,5161,2039,"CodeTON Round 9 (Div. 1 + Div. 2, Rated, Prizes!)"
Milotic,1361,1321,-40,5163,2039,"CodeTON Round 9 (Div. 1 + Div. 2, Rated, Prizes!)"
OnlyFirst,1294,1270,-24,5163,2039,"CodeTON Round 9 (Div. 1 + Div. 2, Rated, Prizes!)"
xiyangdaxia,976,1039,63,5163,2039,"CodeTON Round 9 (Div. 1 + Div. 2, Rated, Prizes!)"
batpool,1197,1197,0,5166,2039,"CodeTON Round 9 (Div. 1 + Div. 2, Rated, Prizes!)"
LitScene,1226,1256,30,5166,2039,"CodeTON Round 9 (Div. 1 + Div. 2, Rated, Prizes!)"
redgex,0,461,461,5166,2039,"CodeTON Round 9 (Div. 1 + Div. 2, Rated, Prizes!)"
ahmmedfaisal586,1115,1137,22,5169,2039,"CodeTON Round 9 (Div. 1 + Div. 2, Rated, Prizes!)"
Thyl,1421,1366,-55,5169,2039,"CodeTON Round 9 (Div. 1 + Div. 2, Rated, Prizes!)"
acade4,0,461,461,5169,2039,"CodeTON Round 9 (Div. 1 + Div. 2, Rated, Prizes!)"
FailX,1177,1182,5,5169,2039,"CodeTON Round 9 (Div. 1 + Div. 2, Rated, Prizes!)"
alexshao,1365,1324,-41,5173,2039,"CodeTON Round 9 (Div. 1 + Div. 2, Rated, Prizes!)"
Ccupup,1008,1061,53,5173,2039,"CodeTON Round 9 (Div. 1 + Div. 2, Rated, Prizes!)"
Ramsai_5A1,1035,1080,45,5173,2039,"CodeTON Round 9 (Div. 1 + Div. 2, Rated, Prizes!)"
danken,1209,1205,-4,5173,2039,"CodeTON Round 9 (Div. 1 + Div. 2, Rated, Prizes!)"
andrei22116,986,1046,60,5173,2039,"CodeTON Round 9 (Div. 1 + Div. 2, Rated, Prizes!)"
pledqd,1664,1554,-110,5173,2039,"CodeTON Round 9 (Div. 1 + Div. 2, Rated, Prizes!)"
GrayJack,1200,1198,-2,5179,2039,"CodeTON Round 9 (Div. 1 + Div. 2, Rated, Prizes!)"
whb569,1426,1370,-56,5179,2039,"CodeTON Round 9 (Div. 1 + Div. 2, Rated, Prizes!)"
a_failed_coder,0,460,460,5179,2039,"CodeTON Round 9 (Div. 1 + Div. 2, Rated, Prizes!)"
rjrv,779,995,216,5179,2039,"CodeTON Round 9 (Div. 1 + Div. 2, Rated, Prizes!)"
HeavyCoder29,430,746,316,5179,2039,"CodeTON Round 9 (Div. 1 + Div. 2, Rated, Prizes!)"
ShaDiya06,1181,1184,3,5184,2039,"CodeTON Round 9 (Div. 1 + Div. 2, Rated, Prizes!)"
Enatsu__8,1558,1471,-87,5184,2039,"CodeTON Round 9 (Div. 1 + Div. 2, Rated, Prizes!)"
qwq___qaq,1657,1548,-109,5184,2039,"CodeTON Round 9 (Div. 1 + Div. 2, Rated, Prizes!)"
Masterer,1311,1282,-29,5184,2039,"CodeTON Round 9 (Div. 1 + Div. 2, Rated, Prizes!)"
carem,1226,1217,-9,5184,2039,"CodeTON Round 9 (Div. 1 + Div. 2, Rated, Prizes!)"
cftryharder,1258,1242,-16,5189,2039,"CodeTON Round 9 (Div. 1 + Div. 2, Rated, Prizes!)"
What-next,1073,1106,33,5189,2039,"CodeTON Round 9 (Div. 1 + Div. 2, Rated, Prizes!)"
vishal231,1225,1217,-8,5191,2039,"CodeTON Round 9 (Div. 1 + Div. 2, Rated, Prizes!)"
snowden_03,1202,1199,-3,5192,2039,"CodeTON Round 9 (Div. 1 + Div. 2, Rated, Prizes!)"
SmHaInT,1404,1353,-51,5192,2039,"CodeTON Round 9 (Div. 1 + Div. 2, Rated, Prizes!)"
onetap,2131,1922,-209,5194,2039,"CodeTON Round 9 (Div. 1 + Div. 2, Rated, Prizes!)"
Union_of_Britain,1522,1443,-79,5194,2039,"CodeTON Round 9 (Div. 1 + Div. 2, Rated, Prizes!)"
root357,1228,1219,-9,5194,2039,"CodeTON Round 9 (Div. 1 + Div. 2, Rated, Prizes!)"
BringerOfRain,1489,1418,-71,5197,2039,"CodeTON Round 9 (Div. 1 + Div. 2, Rated, Prizes!)"
Saurabh1628,1212,1207,-5,5197,2039,"CodeTON Round 9 (Div. 1 + Div. 2, Rated, Prizes!)"
A_E_S,1048,1088,40,5197,2039,"CodeTON Round 9 (Div. 1 + Div. 2, Rated, Prizes!)"
paianshmahajan,1125,1204,79,5200,2039,"CodeTON Round 9 (Div. 1 + Div. 2, Rated, Prizes!)"
Ramprosad,1511,1435,-76,5200,2039,"CodeTON Round 9 (Div. 1 + Div. 2, Rated, Prizes!)"
WiredMind,1197,1195,-2,5200,2039,"CodeTON Round 9 (Div. 1 + Div. 2, Rated, Prizes!)"
Arafat383,1200,1198,-2,5200,2039,"CodeTON Round 9 (Div. 1 + Div. 2, Rated, Prizes!)"
Umar_Sk,1260,1243,-17,5200,2039,"CodeTON Round 9 (Div. 1 + Div. 2, Rated, Prizes!)"
bionicdog,1235,1224,-11,5205,2039,"CodeTON Round 9 (Div. 1 + Div. 2, Rated, Prizes!)"
Snowball_6,1145,1157,12,5205,2039,"CodeTON Round 9 (Div. 1 + Div. 2, Rated, Prizes!)"
Reiva5,1531,1450,-81,5205,2039,"CodeTON Round 9 (Div. 1 + Div. 2, Rated, Prizes!)"
Den,836,946,110,5208,2039,"CodeTON Round 9 (Div. 1 + Div. 2, Rated, Prizes!)"
__SADMAN__,1163,1170,7,5208,2039,"CodeTON Round 9 (Div. 1 + Div. 2, Rated, Prizes!)"
sweet007,1103,1162,59,5208,2039,"CodeTON Round 9 (Div. 1 + Div. 2, Rated, Prizes!)"
Filpe,1035,1078,43,5208,2039,"CodeTON Round 9 (Div. 1 + Div. 2, Rated, Prizes!)"
devansh1356,1464,1398,-66,5212,2039,"CodeTON Round 9 (Div. 1 + Div. 2, Rated, Prizes!)"
ycperson,1548,1463,-85,5212,2039,"CodeTON Round 9 (Div. 1 + Div. 2, Rated, Prizes!)"
ghost_7386,935,1010,75,5212,2039,"CodeTON Round 9 (Div. 1 + Div. 2, Rated, Prizes!)"
pikamonstruosa,996,1120,124,5215,2039,"CodeTON Round 9 (Div. 1 + Div. 2, Rated, Prizes!)"
SaveliyIsaev,1260,1242,-18,5215,2039,"CodeTON Round 9 (Div. 1 + Div. 2, Rated, Prizes!)"
jatin_215,1123,1141,18,5215,2039,"CodeTON Round 9 (Div. 1 + Div. 2, Rated, Prizes!)"
Andrei_Kiselyov,825,939,114,5215,2039,"CodeTON Round 9 (Div. 1 + Div. 2, Rated, Prizes!)"
Mondschein-,998,1087,89,5215,2039,"CodeTON Round 9 (Div. 1 + Div. 2, Rated, Prizes!)"
Kurbonovsalmon,1302,1274,-28,5220,2039,"CodeTON Round 9 (Div. 1 + Div. 2, Rated, Prizes!)"
yy910,1108,1130,22,5221,2039,"CodeTON Round 9 (Div. 1 + Div. 2, Rated, Prizes!)"
ErmiCodeforce,1307,1277,-30,5221,2039,"CodeTON Round 9 (Div. 1 + Div. 2, Rated, Prizes!)"
Lance0,1364,1321,-43,5221,2039,"CodeTON Round 9 (Div. 1 + Div. 2, Rated, Prizes!)"
guanglongshen,1080,1110,30,5224,2039,"CodeTON Round 9 (Div. 1 + Div. 2, Rated, Prizes!)"
redcoderITM,1281,1258,-23,5224,2039,"CodeTON Round 9 (Div. 1 + Div. 2, Rated, Prizes!)"
Ebrafat,1433,1373,-60,5226,2039,"CodeTON Round 9 (Div. 1 + Div. 2, Rated, Prizes!)"
Asharma538,1406,1353,-53,5226,2039,"CodeTON Round 9 (Div. 1 + Div. 2, Rated, Prizes!)"
ProblemSolver__,1118,1137,19,5226,2039,"CodeTON Round 9 (Div. 1 + Div. 2, Rated, Prizes!)"
souviksarkar2k3,1298,1271,-27,5226,2039,"CodeTON Round 9 (Div. 1 + Div. 2, Rated, Prizes!)"
TuSh4r,1103,1125,22,5226,2039,"CodeTON Round 9 (Div. 1 + Div. 2, Rated, Prizes!)"
Jipsy,1102,1125,23,5226,2039,"CodeTON Round 9 (Div. 1 + Div. 2, Rated, Prizes!)"
Tangil_Shawon,1163,1169,6,5226,2039,"CodeTON Round 9 (Div. 1 + Div. 2, Rated, Prizes!)"
samar_raj,1420,1364,-56,5233,2039,"CodeTON Round 9 (Div. 1 + Div. 2, Rated, Prizes!)"
Satsuki,1712,1589,-123,5233,2039,"CodeTON Round 9 (Div. 1 + Div. 2, Rated, Prizes!)"
Yes_itSMe,1316,1284,-32,5233,2039,"CodeTON Round 9 (Div. 1 + Div. 2, Rated, Prizes!)"
noobsolver24,1062,1097,35,5233,2039,"CodeTON Round 9 (Div. 1 + Div. 2, Rated, Prizes!)"
sumeet291102,1282,1258,-24,5233,2039,"CodeTON Round 9 (Div. 1 + Div. 2, Rated, Prizes!)"
-HossaM-,1272,1251,-21,5233,2039,"CodeTON Round 9 (Div. 1 + Div. 2, Rated, Prizes!)"
JatinChahar,1207,1201,-6,5239,2039,"CodeTON Round 9 (Div. 1 + Div. 2, Rated, Prizes!)"
wallace_QwQ,1332,1296,-36,5239,2039,"CodeTON Round 9 (Div. 1 + Div. 2, Rated, Prizes!)"
dhruvg06,1129,1144,15,5239,2039,"CodeTON Round 9 (Div. 1 + Div. 2, Rated, Prizes!)"
wajdi4,953,1020,67,5239,2039,"CodeTON Round 9 (Div. 1 + Div. 2, Rated, Prizes!)"
position1324,441,753,312,5239,2039,"CodeTON Round 9 (Div. 1 + Div. 2, Rated, Prizes!)"
Gojo,1297,1269,-28,5239,2039,"CodeTON Round 9 (Div. 1 + Div. 2, Rated, Prizes!)"
shourov,1317,1285,-32,5239,2039,"CodeTON Round 9 (Div. 1 + Div. 2, Rated, Prizes!)"
AhmedReda,1077,1107,30,5246,2039,"CodeTON Round 9 (Div. 1 + Div. 2, Rated, Prizes!)"
nathdebjeet79,943,1014,71,5246,2039,"CodeTON Round 9 (Div. 1 + Div. 2, Rated, Prizes!)"
cpxv,1108,1129,21,5246,2039,"CodeTON Round 9 (Div. 1 + Div. 2, Rated, Prizes!)"
RioBluss,1359,1316,-43,5249,2039,"CodeTON Round 9 (Div. 1 + Div. 2, Rated, Prizes!)"
bhimanshu7274,1042,1082,40,5249,2039,"CodeTON Round 9 (Div. 1 + Div. 2, Rated, Prizes!)"
Pili_02,1360,1317,-43,5249,2039,"CodeTON Round 9 (Div. 1 + Div. 2, Rated, Prizes!)"
thePointyEnd,1183,1184,1,5249,2039,"CodeTON Round 9 (Div. 1 + Div. 2, Rated, Prizes!)"
Akik04,1102,1124,22,5249,2039,"CodeTON Round 9 (Div. 1 + Div. 2, Rated, Prizes!)"
tarunvyshnav,1270,1249,-21,5254,2039,"CodeTON Round 9 (Div. 1 + Div. 2, Rated, Prizes!)"
__SchrodingersCat__,1407,1353,-54,5254,2039,"CodeTON Round 9 (Div. 1 + Div. 2, Rated, Prizes!)"
hsqwww,855,1005,150,5254,2039,"CodeTON Round 9 (Div. 1 + Div. 2, Rated, Prizes!)"
rasil,1151,1160,9,5257,2039,"CodeTON Round 9 (Div. 1 + Div. 2, Rated, Prizes!)"
yxl1,1029,1143,114,5257,2039,"CodeTON Round 9 (Div. 1 + Div. 2, Rated, Prizes!)"
JFLS_LMH,1289,1263,-26,5257,2039,"CodeTON Round 9 (Div. 1 + Div. 2, Rated, Prizes!)"
Conan_,1043,1082,39,5260,2039,"CodeTON Round 9 (Div. 1 + Div. 2, Rated, Prizes!)"
anagh.7,1212,1204,-8,5260,2039,"CodeTON Round 9 (Div. 1 + Div. 2, Rated, Prizes!)"
yamr18212,1136,1148,12,5260,2039,"CodeTON Round 9 (Div. 1 + Div. 2, Rated, Prizes!)"
MOONHOLA_,1079,1107,28,5260,2039,"CodeTON Round 9 (Div. 1 + Div. 2, Rated, Prizes!)"
noari,1271,1249,-22,5260,2039,"CodeTON Round 9 (Div. 1 + Div. 2, Rated, Prizes!)"
zobaer_shakib,1264,1244,-20,5265,2039,"CodeTON Round 9 (Div. 1 + Div. 2, Rated, Prizes!)"
Negationist,1353,1311,-42,5265,2039,"CodeTON Round 9 (Div. 1 + Div. 2, Rated, Prizes!)"
badvelcp,0,458,458,5265,2039,"CodeTON Round 9 (Div. 1 + Div. 2, Rated, Prizes!)"
dkdk,1444,1381,-63,5265,2039,"CodeTON Round 9 (Div. 1 + Div. 2, Rated, Prizes!)"
stackvariable,682,919,237,5265,2039,"CodeTON Round 9 (Div. 1 + Div. 2, Rated, Prizes!)"
Oops..,435,748,313,5265,2039,"CodeTON Round 9 (Div. 1 + Div. 2, Rated, Prizes!)"
jungsb0415,0,458,458,5265,2039,"CodeTON Round 9 (Div. 1 + Div. 2, Rated, Prizes!)"
joker19102,1323,1288,-35,5265,2039,"CodeTON Round 9 (Div. 1 + Div. 2, Rated, Prizes!)"
krishna_08,1303,1273,-30,5273,2039,"CodeTON Round 9 (Div. 1 + Div. 2, Rated, Prizes!)"
lightsquarebishop,1105,1126,21,5273,2039,"CodeTON Round 9 (Div. 1 + Div. 2, Rated, Prizes!)"
madhavanv.cse2022,1023,1067,44,5275,2039,"CodeTON Round 9 (Div. 1 + Div. 2, Rated, Prizes!)"
shishir_dune,1106,1163,57,5275,2039,"CodeTON Round 9 (Div. 1 + Div. 2, Rated, Prizes!)"
tsukumo,1141,1214,73,5275,2039,"CodeTON Round 9 (Div. 1 + Div. 2, Rated, Prizes!)"
threetrees,0,458,458,5275,2039,"CodeTON Round 9 (Div. 1 + Div. 2, Rated, Prizes!)"
ThoughtNerd,1443,1380,-63,5279,2039,"CodeTON Round 9 (Div. 1 + Div. 2, Rated, Prizes!)"
vishnuyash,1126,1141,15,5279,2039,"CodeTON Round 9 (Div. 1 + Div. 2, Rated, Prizes!)"
Chel_ik,0,458,458,5279,2039,"CodeTON Round 9 (Div. 1 + Div. 2, Rated, Prizes!)"
palaraxdope,632,882,250,5279,2039,"CodeTON Round 9 (Div. 1 + Div. 2, Rated, Prizes!)"
jitendrapranto,1176,1177,1,5283,2039,"CodeTON Round 9 (Div. 1 + Div. 2, Rated, Prizes!)"
eden67535,820,933,113,5283,2039,"CodeTON Round 9 (Div. 1 + Div. 2, Rated, Prizes!)"
chenzhishuo2012,1052,1088,36,5283,2039,"CodeTON Round 9 (Div. 1 + Div. 2, Rated, Prizes!)"
qingdian,1423,1364,-59,5286,2039,"CodeTON Round 9 (Div. 1 + Div. 2, Rated, Prizes!)"
RishabhXHecker,1002,1052,50,5286,2039,"CodeTON Round 9 (Div. 1 + Div. 2, Rated, Prizes!)"
meem_358,1174,1175,1,5286,2039,"CodeTON Round 9 (Div. 1 + Div. 2, Rated, Prizes!)"
5saken,963,1081,118,5286,2039,"CodeTON Round 9 (Div. 1 + Div. 2, Rated, Prizes!)"
rohilkadam36,1096,1119,23,5286,2039,"CodeTON Round 9 (Div. 1 + Div. 2, Rated, Prizes!)"
dungktgg,1008,1057,49,5286,2039,"CodeTON Round 9 (Div. 1 + Div. 2, Rated, Prizes!)"
YouKnowCipher,1300,1270,-30,5292,2039,"CodeTON Round 9 (Div. 1 + Div. 2, Rated, Prizes!)"
monostack,451,759,308,5292,2039,"CodeTON Round 9 (Div. 1 + Div. 2, Rated, Prizes!)"
agarwalrujal,1153,1160,7,5292,2039,"CodeTON Round 9 (Div. 1 + Div. 2, Rated, Prizes!)"
Irshad_Raza,1337,1337,0,5295,2039,"CodeTON Round 9 (Div. 1 + Div. 2, Rated, Prizes!)"
ankur_ankur,1202,1196,-6,5295,2039,"CodeTON Round 9 (Div. 1 + Div. 2, Rated, Prizes!)"
Neskerd,1317,1283,-34,5295,2039,"CodeTON Round 9 (Div. 1 + Div. 2, Rated, Prizes!)"
K.Outis,1268,1245,-23,5298,2039,"CodeTON Round 9 (Div. 1 + Div. 2, Rated, Prizes!)"
Labib_Rafid,1105,1125,20,5298,2039,"CodeTON Round 9 (Div. 1 + Div. 2, Rated, Prizes!)"
J_SHADOW,1093,1116,23,5298,2039,"CodeTON Round 9 (Div. 1 + Div. 2, Rated, Prizes!)"
duboran,1312,1279,-33,5298,2039,"CodeTON Round 9 (Div. 1 + Div. 2, Rated, Prizes!)"
veda_manvith,1394,1342,-52,5298,2039,"CodeTON Round 9 (Div. 1 + Div. 2, Rated, Prizes!)"
alokpriydarshi7,1322,1287,-35,5298,2039,"CodeTON Round 9 (Div. 1 + Div. 2, Rated, Prizes!)"
Hazi_Coder,1158,1163,5,5304,2039,"CodeTON Round 9 (Div. 1 + Div. 2, Rated, Prizes!)"
Adu3108,1299,1269,-30,5304,2039,"CodeTON Round 9 (Div. 1 + Div. 2, Rated, Prizes!)"
Sinister_99,1195,1190,-5,5304,2039,"CodeTON Round 9 (Div. 1 + Div. 2, Rated, Prizes!)"
axerel,556,825,269,5307,2039,"CodeTON Round 9 (Div. 1 + Div. 2, Rated, Prizes!)"
kha20221005,1245,1228,-17,5307,2039,"CodeTON Round 9 (Div. 1 + Div. 2, Rated, Prizes!)"
chenzipeng,1058,1164,106,5309,2039,"CodeTON Round 9 (Div. 1 + Div. 2, Rated, Prizes!)"
Shelbyop,1071,1100,29,5309,2039,"CodeTON Round 9 (Div. 1 + Div. 2, Rated, Prizes!)"
Fermits,1232,1218,-14,5309,2039,"CodeTON Round 9 (Div. 1 + Div. 2, Rated, Prizes!)"
zeroafterzero,967,1028,61,5309,2039,"CodeTON Round 9 (Div. 1 + Div. 2, Rated, Prizes!)"
KD_SONANI,917,994,77,5309,2039,"CodeTON Round 9 (Div. 1 + Div. 2, Rated, Prizes!)"
Neshwanth0.,1271,1248,-23,5309,2039,"CodeTON Round 9 (Div. 1 + Div. 2, Rated, Prizes!)"
Avocabo,1085,1146,61,5315,2039,"CodeTON Round 9 (Div. 1 + Div. 2, Rated, Prizes!)"
MOUDX,1162,1166,4,5315,2039,"CodeTON Round 9 (Div. 1 + Div. 2, Rated, Prizes!)"
AdnanChy1,1128,1140,12,5315,2039,"CodeTON Round 9 (Div. 1 + Div. 2, Rated, Prizes!)"
DxKinG,1354,1311,-43,5315,2039,"CodeTON Round 9 (Div. 1 + Div. 2, Rated, Prizes!)"
fonikos01,1488,1414,-74,5315,2039,"CodeTON Round 9 (Div. 1 + Div. 2, Rated, Prizes!)"
Mohit_Agarwal29,1654,1542,-112,5315,2039,"CodeTON Round 9 (Div. 1 + Div. 2, Rated, Prizes!)"
lian_zi_xian,1206,1198,-8,5321,2039,"CodeTON Round 9 (Div. 1 + Div. 2, Rated, Prizes!)"
Yuris,1386,1335,-51,5321,2039,"CodeTON Round 9 (Div. 1 + Div. 2, Rated, Prizes!)"
rishendraT,1573,1479,-94,5323,2039,"CodeTON Round 9 (Div. 1 + Div. 2, Rated, Prizes!)"
XDEv11,1790,1648,-142,5323,2039,"CodeTON Round 9 (Div. 1 + Div. 2, Rated, Prizes!)"
Mostatil,1233,1218,-15,5323,2039,"CodeTON Round 9 (Div. 1 + Div. 2, Rated, Prizes!)"
riyaagarwal6789,1150,1157,7,5323,2039,"CodeTON Round 9 (Div. 1 + Div. 2, Rated, Prizes!)"
CoderVinit,1303,1271,-32,5327,2039,"CodeTON Round 9 (Div. 1 + Div. 2, Rated, Prizes!)"
xiangnilo,1262,1240,-22,5327,2039,"CodeTON Round 9 (Div. 1 + Div. 2, Rated, Prizes!)"
sujay_2006,1085,1109,24,5327,2039,"CodeTON Round 9 (Div. 1 + Div. 2, Rated, Prizes!)"
caoheyan,1333,1294,-39,5327,2039,"CodeTON Round 9 (Div. 1 + Div. 2, Rated, Prizes!)"
Yash_Maniya,1507,1428,-79,5327,2039,"CodeTON Round 9 (Div. 1 + Div. 2, Rated, Prizes!)"
yasmin13,922,996,74,5327,2039,"CodeTON Round 9 (Div. 1 + Div. 2, Rated, Prizes!)"
be3gapb,1194,1189,-5,5327,2039,"CodeTON Round 9 (Div. 1 + Div. 2, Rated, Prizes!)"
SamuelCloud,1541,1454,-87,5327,2039,"CodeTON Round 9 (Div. 1 + Div. 2, Rated, Prizes!)"
Retudal,1088,1111,23,5327,2039,"CodeTON Round 9 (Div. 1 + Div. 2, Rated, Prizes!)"
nishchay_06,1220,1208,-12,5327,2039,"CodeTON Round 9 (Div. 1 + Div. 2, Rated, Prizes!)"
Arisbek,1235,1220,-15,5337,2039,"CodeTON Round 9 (Div. 1 + Div. 2, Rated, Prizes!)"
harish1108,1029,1069,40,5337,2039,"CodeTON Round 9 (Div. 1 + Div. 2, Rated, Prizes!)"
tarun02185,837,941,104,5337,2039,"CodeTON Round 9 (Div. 1 + Div. 2, Rated, Prizes!)"
Gourav,1333,1294,-39,5337,2039,"CodeTON Round 9 (Div. 1 + Div. 2, Rated, Prizes!)"
NHausleitner,420,734,314,5337,2039,"CodeTON Round 9 (Div. 1 + Div. 2, Rated, Prizes!)"
9mar3,1358,1313,-45,5337,2039,"CodeTON Round 9 (Div. 1 + Div. 2, Rated, Prizes!)"
balls,965,1025,60,5337,2039,"CodeTON Round 9 (Div. 1 + Div. 2, Rated, Prizes!)"
podsivalenkodiana,876,1025,149,5344,2039,"CodeTON Round 9 (Div. 1 + Div. 2, Rated, Prizes!)"
tianwenbin,1224,1211,-13,5344,2039,"CodeTON Round 9 (Div. 1 + Div. 2, Rated, Prizes!)"
mojitos,1302,1270,-32,5344,2039,"CodeTON Round 9 (Div. 1 + Div. 2, Rated, Prizes!)"
xKira_,1148,1154,6,5344,2039,"CodeTON Round 9 (Div. 1 + Div. 2, Rated, Prizes!)"
Subhankar744,1143,1151,8,5344,2039,"CodeTON Round 9 (Div. 1 + Div. 2, Rated, Prizes!)"
navidash,908,986,78,5349,2039,"CodeTON Round 9 (Div. 1 + Div. 2, Rated, Prizes!)"
cesh.chik,1226,1212,-14,5349,2039,"CodeTON Round 9 (Div. 1 + Div. 2, Rated, Prizes!)"
keshavjohri18,1116,1130,14,5349,2039,"CodeTON Round 9 (Div. 1 + Div. 2, Rated, Prizes!)"
Mohammed_Nasserr,1281,1254,-27,5349,2039,"CodeTON Round 9 (Div. 1 + Div. 2, Rated, Prizes!)"
Marios.K.R.Marouditsis,1331,1292,-39,5349,2039,"CodeTON Round 9 (Div. 1 + Div. 2, Rated, Prizes!)"
Estiak_Khan,971,1029,58,5349,2039,"CodeTON Round 9 (Div. 1 + Div. 2, Rated, Prizes!)"
saderty_,885,1071,186,5349,2039,"CodeTON Round 9 (Div. 1 + Div. 2, Rated, Prizes!)"
pranaykotha,1048,1082,34,5356,2039,"CodeTON Round 9 (Div. 1 + Div. 2, Rated, Prizes!)"
Prababamaba,1210,1200,-10,5356,2039,"CodeTON Round 9 (Div. 1 + Div. 2, Rated, Prizes!)"
AsemoGG,1301,1269,-32,5356,2039,"CodeTON Round 9 (Div. 1 + Div. 2, Rated, Prizes!)"
xuxuxunnn,700,930,230,5356,2039,"CodeTON Round 9 (Div. 1 + Div. 2, Rated, Prizes!)"
chauhan_09,877,966,89,5360,2039,"CodeTON Round 9 (Div. 1 + Div. 2, Rated, Prizes!)"
Warrior_313,994,1044,50,5360,2039,"CodeTON Round 9 (Div. 1 + Div. 2, Rated, Prizes!)"
nsadatma,1106,1123,17,5360,2039,"CodeTON Round 9 (Div. 1 + Div. 2, Rated, Prizes!)"
Wa_on_test233,1503,1463,-40,5360,2039,"CodeTON Round 9 (Div. 1 + Div. 2, Rated, Prizes!)"
VNHbest,1130,1140,10,5364,2039,"CodeTON Round 9 (Div. 1 + Div. 2, Rated, Prizes!)"
ybc2025fangzeqi,1325,1287,-38,5364,2039,"CodeTON Round 9 (Div. 1 + Div. 2, Rated, Prizes!)"
iq500,974,1030,56,5364,2039,"CodeTON Round 9 (Div. 1 + Div. 2, Rated, Prizes!)"
ydk0,1196,1189,-7,5364,2039,"CodeTON Round 9 (Div. 1 + Div. 2, Rated, Prizes!)"
coldwheat233,1311,1276,-35,5364,2039,"CodeTON Round 9 (Div. 1 + Div. 2, Rated, Prizes!)"
Sanoy-si,1389,1336,-53,5364,2039,"CodeTON Round 9 (Div. 1 + Div. 2, Rated, Prizes!)"
dpsvoyager.16,1147,1153,6,5364,2039,"CodeTON Round 9 (Div. 1 + Div. 2, Rated, Prizes!)"
theRealSublimeTextLover,1225,1211,-14,5371,2039,"CodeTON Round 9 (Div. 1 + Div. 2, Rated, Prizes!)"
ashish-um,1082,1106,24,5371,2039,"CodeTON Round 9 (Div. 1 + Div. 2, Rated, Prizes!)"
datshroud,1029,1103,74,5371,2039,"CodeTON Round 9 (Div. 1 + Div. 2, Rated, Prizes!)"
Tor_250,1797,1652,-145,5374,2039,"CodeTON Round 9 (Div. 1 + Div. 2, Rated, Prizes!)"
Nithish7,1078,1139,61,5374,2039,"CodeTON Round 9 (Div. 1 + Div. 2, Rated, Prizes!)"
Bashir_Swed,1005,1051,46,5374,2039,"CodeTON Round 9 (Div. 1 + Div. 2, Rated, Prizes!)"
marinac321,1487,1411,-76,5374,2039,"CodeTON Round 9 (Div. 1 + Div. 2, Rated, Prizes!)"
Kerolous66M,1081,1105,24,5374,2039,"CodeTON Round 9 (Div. 1 + Div. 2, Rated, Prizes!)"
potto70,994,1043,49,5374,2039,"CodeTON Round 9 (Div. 1 + Div. 2, Rated, Prizes!)"
WA___,1012,1056,44,5380,2039,"CodeTON Round 9 (Div. 1 + Div. 2, Rated, Prizes!)"
kathanshah743,874,1022,148,5380,2039,"CodeTON Round 9 (Div. 1 + Div. 2, Rated, Prizes!)"
cosme,1102,1156,54,5380,2039,"CodeTON Round 9 (Div. 1 + Div. 2, Rated, Prizes!)"
wdy_yyds,865,957,92,5380,2039,"CodeTON Round 9 (Div. 1 + Div. 2, Rated, Prizes!)"
bazaraa,1280,1252,-28,5380,2039,"CodeTON Round 9 (Div. 1 + Div. 2, Rated, Prizes!)"
3DLY,0,455,455,5380,2039,"CodeTON Round 9 (Div. 1 + Div. 2, Rated, Prizes!)"
defarias25,1432,1368,-64,5380,2039,"CodeTON Round 9 (Div. 1 + Div. 2, Rated, Prizes!)"
negative___iq,1091,1111,20,5387,2039,"CodeTON Round 9 (Div. 1 + Div. 2, Rated, Prizes!)"
This_is_real_WXC,1353,1307,-46,5387,2039,"CodeTON Round 9 (Div. 1 + Div. 2, Rated, Prizes!)"
ivchenkoandrey2,1733,1601,-132,5387,2039,"CodeTON Round 9 (Div. 1 + Div. 2, Rated, Prizes!)"
Classic_Failure,1416,1356,-60,5387,2039,"CodeTON Round 9 (Div. 1 + Div. 2, Rated, Prizes!)"
Travller_WCKing,423,734,311,5387,2039,"CodeTON Round 9 (Div. 1 + Div. 2, Rated, Prizes!)"
muser,1301,1268,-33,5387,2039,"CodeTON Round 9 (Div. 1 + Div. 2, Rated, Prizes!)"
Simurdiera_MAC,1193,1186,-7,5387,2039,"CodeTON Round 9 (Div. 1 + Div. 2, Rated, Prizes!)"
lucasincyber,981,1090,109,5387,2039,"CodeTON Round 9 (Div. 1 + Div. 2, Rated, Prizes!)"
laxme191,1549,1459,-90,5387,2039,"CodeTON Round 9 (Div. 1 + Div. 2, Rated, Prizes!)"
Paulstrz,398,715,317,5387,2039,"CodeTON Round 9 (Div. 1 + Div. 2, Rated, Prizes!)"
remiss,888,971,83,5387,2039,"CodeTON Round 9 (Div. 1 + Div. 2, Rated, Prizes!)"
readtt,960,1019,59,5387,2039,"CodeTON Round 9 (Div. 1 + Div. 2, Rated, Prizes!)"
dhuamanilu,1289,1259,-30,5399,2039,"CodeTON Round 9 (Div. 1 + Div. 2, Rated, Prizes!)"
tonyhawkcxx,1073,1098,25,5400,2039,"CodeTON Round 9 (Div. 1 + Div. 2, Rated, Prizes!)"
SM1LE_PlZ,1408,1350,-58,5400,2039,"CodeTON Round 9 (Div. 1 + Div. 2, Rated, Prizes!)"
abso1ute,1149,1153,4,5400,2039,"CodeTON Round 9 (Div. 1 + Div. 2, Rated, Prizes!)"
Libra_Minister,1101,1118,17,5403,2039,"CodeTON Round 9 (Div. 1 + Div. 2, Rated, Prizes!)"
_boktier_,1082,1104,22,5403,2039,"CodeTON Round 9 (Div. 1 + Div. 2, Rated, Prizes!)"
SilviuC25,1226,1211,-15,5403,2039,"CodeTON Round 9 (Div. 1 + Div. 2, Rated, Prizes!)"
MarkelOff,964,1021,57,5403,2039,"CodeTON Round 9 (Div. 1 + Div. 2, Rated, Prizes!)"
Najmiddin13,1100,1118,18,5403,2039,"CodeTON Round 9 (Div. 1 + Div. 2, Rated, Prizes!)"
sachinbisht2961,1110,1124,14,5408,2039,"CodeTON Round 9 (Div. 1 + Div. 2, Rated, Prizes!)"
saamir_2003,1002,1047,45,5408,2039,"CodeTON Round 9 (Div. 1 + Div. 2, Rated, Prizes!)"
CatCoderCuteNo1VOI,1441,1375,-66,5408,2039,"CodeTON Round 9 (Div. 1 + Div. 2, Rated, Prizes!)"
Shiva___,775,899,124,5408,2039,"CodeTON Round 9 (Div. 1 + Div. 2, Rated, Prizes!)"
mhr_emon,1189,1182,-7,5408,2039,"CodeTON Round 9 (Div. 1 + Div. 2, Rated, Prizes!)"
Kuanyshh,1379,1327,-52,5408,2039,"CodeTON Round 9 (Div. 1 + Div. 2, Rated, Prizes!)"
snneteynoewvewvewvuvu,1169,1167,-2,5408,2039,"CodeTON Round 9 (Div. 1 + Div. 2, Rated, Prizes!)"
Keshavpareta8302,1284,1254,-30,5408,2039,"CodeTON Round 9 (Div. 1 + Div. 2, Rated, Prizes!)"
akahisha,1101,1179,78,5408,2039,"CodeTON Round 9 (Div. 1 + Div. 2, Rated, Prizes!)"
Aurelius_Tzu,1065,1152,87,5408,2039,"CodeTON Round 9 (Div. 1 + Div. 2, Rated, Prizes!)"
EL7okooma,898,977,79,5408,2039,"CodeTON Round 9 (Div. 1 + Div. 2, Rated, Prizes!)"
log2N,1121,1132,11,5419,2039,"CodeTON Round 9 (Div. 1 + Div. 2, Rated, Prizes!)"
psy_2_2_2,1028,1065,37,5419,2039,"CodeTON Round 9 (Div. 1 + Div. 2, Rated, Prizes!)"
tanvirtasin,1164,1164,0,5419,2039,"CodeTON Round 9 (Div. 1 + Div. 2, Rated, Prizes!)"
lyz101020,594,849,255,5422,2039,"CodeTON Round 9 (Div. 1 + Div. 2, Rated, Prizes!)"
cubinguy,0,454,454,5422,2039,"CodeTON Round 9 (Div. 1 + Div. 2, Rated, Prizes!)"
light01,1000,1045,45,5422,2039,"CodeTON Round 9 (Div. 1 + Div. 2, Rated, Prizes!)"
AboRady,1301,1267,-34,5422,2039,"CodeTON Round 9 (Div. 1 + Div. 2, Rated, Prizes!)"
KortVick,771,946,175,5422,2039,"CodeTON Round 9 (Div. 1 + Div. 2, Rated, Prizes!)"
Ahmed_Nasr129,1278,1249,-29,5427,2039,"CodeTON Round 9 (Div. 1 + Div. 2, Rated, Prizes!)"
bcs_2023052,1148,1151,3,5428,2039,"CodeTON Round 9 (Div. 1 + Div. 2, Rated, Prizes!)"
Badaya_Gidada,0,453,453,5428,2039,"CodeTON Round 9 (Div. 1 + Div. 2, Rated, Prizes!)"
athiest07,1431,1366,-65,5428,2039,"CodeTON Round 9 (Div. 1 + Div. 2, Rated, Prizes!)"
larby2409,1163,1241,78,5428,2039,"CodeTON Round 9 (Div. 1 + Div. 2, Rated, Prizes!)"
Daisuke_sunkan,1031,1067,36,5428,2039,"CodeTON Round 9 (Div. 1 + Div. 2, Rated, Prizes!)"
AmirTYR,1345,1301,-44,5428,2039,"CodeTON Round 9 (Div. 1 + Div. 2, Rated, Prizes!)"
kazu_tech,1308,1272,-36,5434,2039,"CodeTON Round 9 (Div. 1 + Div. 2, Rated, Prizes!)"
YassineEl,0,453,453,5434,2039,"CodeTON Round 9 (Div. 1 + Div. 2, Rated, Prizes!)"
kishore_palanisamy,1197,1188,-9,5434,2039,"CodeTON Round 9 (Div. 1 + Div. 2, Rated, Prizes!)"
kyanhdang,1122,1132,10,5434,2039,"CodeTON Round 9 (Div. 1 + Div. 2, Rated, Prizes!)"
one_punch_Moon,1059,1087,28,5434,2039,"CodeTON Round 9 (Div. 1 + Div. 2, Rated, Prizes!)"
Dhruv985,1527,1440,-87,5439,2039,"CodeTON Round 9 (Div. 1 + Div. 2, Rated, Prizes!)"
Arya_361,1194,1185,-9,5439,2039,"CodeTON Round 9 (Div. 1 + Div. 2, Rated, Prizes!)"
FANTASY.,1133,1140,7,5439,2039,"CodeTON Round 9 (Div. 1 + Div. 2, Rated, Prizes!)"
red_carpet,1134,1141,7,5439,2039,"CodeTON Round 9 (Div. 1 + Div. 2, Rated, Prizes!)"
1mperator,1256,1232,-24,5439,2039,"CodeTON Round 9 (Div. 1 + Div. 2, Rated, Prizes!)"
SyamSriBalajiT,1219,1204,-15,5439,2039,"CodeTON Round 9 (Div. 1 + Div. 2, Rated, Prizes!)"
Chet1398,1067,1092,25,5445,2039,"CodeTON Round 9 (Div. 1 + Div. 2, Rated, Prizes!)"
ShabbirMFST,1069,1094,25,5445,2039,"CodeTON Round 9 (Div. 1 + Div. 2, Rated, Prizes!)"
speecl,1034,1069,35,5445,2039,"CodeTON Round 9 (Div. 1 + Div. 2, Rated, Prizes!)"
flux0k,1143,1147,4,5445,2039,"CodeTON Round 9 (Div. 1 + Div. 2, Rated, Prizes!)"
lucypher,1082,1103,21,5445,2039,"CodeTON Round 9 (Div. 1 + Div. 2, Rated, Prizes!)"
Hagry,1949,1770,-179,5450,2039,"CodeTON Round 9 (Div. 1 + Div. 2, Rated, Prizes!)"
mysticTB,1270,1242,-28,5450,2039,"CodeTON Round 9 (Div. 1 + Div. 2, Rated, Prizes!)"
Saidul_1,1502,1421,-81,5450,2039,"CodeTON Round 9 (Div. 1 + Div. 2, Rated, Prizes!)"
LeeDoo,1013,1125,112,5450,2039,"CodeTON Round 9 (Div. 1 + Div. 2, Rated, Prizes!)"
HarshDSingh_2004,915,987,72,5450,2039,"CodeTON Round 9 (Div. 1 + Div. 2, Rated, Prizes!)"
KishoreKarthick,936,1001,65,5455,2039,"CodeTON Round 9 (Div. 1 + Div. 2, Rated, Prizes!)"
Medeali,1407,1347,-60,5455,2039,"CodeTON Round 9 (Div. 1 + Div. 2, Rated, Prizes!)"
akasher2ndid,1060,1087,27,5455,2039,"CodeTON Round 9 (Div. 1 + Div. 2, Rated, Prizes!)"
ethereal_dhr,0,452,452,5458,2039,"CodeTON Round 9 (Div. 1 + Div. 2, Rated, Prizes!)"
_fuleli,777,986,209,5458,2039,"CodeTON Round 9 (Div. 1 + Div. 2, Rated, Prizes!)"
abenezer_m54,1457,1386,-71,5458,2039,"CodeTON Round 9 (Div. 1 + Div. 2, Rated, Prizes!)"
Blank8,1273,1244,-29,5458,2039,"CodeTON Round 9 (Div. 1 + Div. 2, Rated, Prizes!)"
v4der,1278,1248,-30,5458,2039,"CodeTON Round 9 (Div. 1 + Div. 2, Rated, Prizes!)"
MiaoYu404,0,452,452,5458,2039,"CodeTON Round 9 (Div. 1 + Div. 2, Rated, Prizes!)"
aLiVe_AgAiN,1070,1093,23,5458,2039,"CodeTON Round 9 (Div. 1 + Div. 2, Rated, Prizes!)"
javlonbekh2007,1087,1106,19,5458,2039,"CodeTON Round 9 (Div. 1 + Div. 2, Rated, Prizes!)"
Hssaan_SundarSTEM,1125,1134,9,5466,2039,"CodeTON Round 9 (Div. 1 + Div. 2, Rated, Prizes!)"
AMBeheshti,1081,1101,20,5466,2039,"CodeTON Round 9 (Div. 1 + Div. 2, Rated, Prizes!)"
MehemmedSettarli,965,1020,55,5466,2039,"CodeTON Round 9 (Div. 1 + Div. 2, Rated, Prizes!)"
bkdn24.nck,1667,1548,-119,5466,2039,"CodeTON Round 9 (Div. 1 + Div. 2, Rated, Prizes!)"
krutarthpatel929,1405,1346,-59,5466,2039,"CodeTON Round 9 (Div. 1 + Div. 2, Rated, Prizes!)"
say_yas,1342,1297,-45,5466,2039,"CodeTON Round 9 (Div. 1 + Div. 2, Rated, Prizes!)"
utkarsh.37,1276,1246,-30,5466,2039,"CodeTON Round 9 (Div. 1 + Div. 2, Rated, Prizes!)"
pohovanasalama,1208,1194,-14,5473,2039,"CodeTON Round 9 (Div. 1 + Div. 2, Rated, Prizes!)"
Fake_Account447,1186,1178,-8,5473,2039,"CodeTON Round 9 (Div. 1 + Div. 2, Rated, Prizes!)"
BlueSalamander,1314,1276,-38,5473,2039,"CodeTON Round 9 (Div. 1 + Div. 2, Rated, Prizes!)"
rahi088,1053,1081,28,5473,2039,"CodeTON Round 9 (Div. 1 + Div. 2, Rated, Prizes!)"
mattieK,1297,1262,-35,5473,2039,"CodeTON Round 9 (Div. 1 + Div. 2, Rated, Prizes!)"
WoWich,504,794,290,5478,2039,"CodeTON Round 9 (Div. 1 + Div. 2, Rated, Prizes!)"
ADecentUsername,1141,1145,4,5478,2039,"CodeTON Round 9 (Div. 1 + Div. 2, Rated, Prizes!)"
j.colada,1111,1123,12,5478,2039,"CodeTON Round 9 (Div. 1 + Div. 2, Rated, Prizes!)"
AlexisNovo8,929,995,66,5478,2039,"CodeTON Round 9 (Div. 1 + Div. 2, Rated, Prizes!)"
Somefolk,1210,1196,-14,5478,2039,"CodeTON Round 9 (Div. 1 + Div. 2, Rated, Prizes!)"
rustyBot,506,796,290,5478,2039,"CodeTON Round 9 (Div. 1 + Div. 2, Rated, Prizes!)"
lylia,968,1022,54,5478,2039,"CodeTON Round 9 (Div. 1 + Div. 2, Rated, Prizes!)"
Galymov,912,984,72,5485,2039,"CodeTON Round 9 (Div. 1 + Div. 2, Rated, Prizes!)"
Chintan65,1208,1194,-14,5485,2039,"CodeTON Round 9 (Div. 1 + Div. 2, Rated, Prizes!)"
VipreshGupta,0,452,452,5485,2039,"CodeTON Round 9 (Div. 1 + Div. 2, Rated, Prizes!)"
vectordeepanshu,837,984,147,5485,2039,"CodeTON Round 9 (Div. 1 + Div. 2, Rated, Prizes!)"
moee,1021,1058,37,5485,2039,"CodeTON Round 9 (Div. 1 + Div. 2, Rated, Prizes!)"
Narendra_Simha18,1162,1160,-2,5490,2039,"CodeTON Round 9 (Div. 1 + Div. 2, Rated, Prizes!)"
captain-compile,1299,1263,-36,5490,2039,"CodeTON Round 9 (Div. 1 + Div. 2, Rated, Prizes!)"
cpismayilmmdv985,1071,1093,22,5490,2039,"CodeTON Round 9 (Div. 1 + Div. 2, Rated, Prizes!)"
Zeyad_3BcarenO,1370,1318,-52,5490,2039,"CodeTON Round 9 (Div. 1 + Div. 2, Rated, Prizes!)"
Charly1616,1038,1129,91,5490,2039,"CodeTON Round 9 (Div. 1 + Div. 2, Rated, Prizes!)"
lw393,1446,1377,-69,5490,2039,"CodeTON Round 9 (Div. 1 + Div. 2, Rated, Prizes!)"
--11159_p,1261,1235,-26,5496,2039,"CodeTON Round 9 (Div. 1 + Div. 2, Rated, Prizes!)"
Mahakaal17,1151,1151,0,5496,2039,"CodeTON Round 9 (Div. 1 + Div. 2, Rated, Prizes!)"
exit100,1217,1201,-16,5496,2039,"CodeTON Round 9 (Div. 1 + Div. 2, Rated, Prizes!)"
5_11N,1336,1291,-45,5499,2039,"CodeTON Round 9 (Div. 1 + Div. 2, Rated, Prizes!)"
hbk1199,1174,1168,-6,5499,2039,"CodeTON Round 9 (Div. 1 + Div. 2, Rated, Prizes!)"
dato_kv,1403,1409,6,5499,2039,"CodeTON Round 9 (Div. 1 + Div. 2, Rated, Prizes!)"
crazy0215,0,451,451,5499,2039,"CodeTON Round 9 (Div. 1 + Div. 2, Rated, Prizes!)"
GaleStarr,1065,1089,24,5503,2039,"CodeTON Round 9 (Div. 1 + Div. 2, Rated, Prizes!)"
anujkumarsinghcoder,1165,1199,34,5503,2039,"CodeTON Round 9 (Div. 1 + Div. 2, Rated, Prizes!)"
ga3an,1345,1298,-47,5503,2039,"CodeTON Round 9 (Div. 1 + Div. 2, Rated, Prizes!)"
hopium,1391,1333,-58,5503,2039,"CodeTON Round 9 (Div. 1 + Div. 2, Rated, Prizes!)"
Abdallah_Yousry,1049,1077,28,5503,2039,"CodeTON Round 9 (Div. 1 + Div. 2, Rated, Prizes!)"
HarshitKumarGupta,1222,1205,-17,5503,2039,"CodeTON Round 9 (Div. 1 + Div. 2, Rated, Prizes!)"
Aman_Sisodiya,1157,1155,-2,5509,2039,"CodeTON Round 9 (Div. 1 + Div. 2, Rated, Prizes!)"
BlackThunder_39,1250,1225,-25,5509,2039,"CodeTON Round 9 (Div. 1 + Div. 2, Rated, Prizes!)"
Md_Abu_Taleb,1352,1303,-49,5509,2039,"CodeTON Round 9 (Div. 1 + Div. 2, Rated, Prizes!)"
shahriar_sakib,1108,1119,11,5509,2039,"CodeTON Round 9 (Div. 1 + Div. 2, Rated, Prizes!)"
maityankan10,1285,1252,-33,5509,2039,"CodeTON Round 9 (Div. 1 + Div. 2, Rated, Prizes!)"
Artronis,1396,1337,-59,5509,2039,"CodeTON Round 9 (Div. 1 + Div. 2, Rated, Prizes!)"
369Hz,1120,1128,8,5509,2039,"CodeTON Round 9 (Div. 1 + Div. 2, Rated, Prizes!)"
Asif1000,1072,1093,21,5509,2039,"CodeTON Round 9 (Div. 1 + Div. 2, Rated, Prizes!)"
q0_0p,992,1036,44,5517,2039,"CodeTON Round 9 (Div. 1 + Div. 2, Rated, Prizes!)"
uttamkumarreddy123,1321,1279,-42,5517,2039,"CodeTON Round 9 (Div. 1 + Div. 2, Rated, Prizes!)"
journeyCowsHu,1242,1219,-23,5517,2039,"CodeTON Round 9 (Div. 1 + Div. 2, Rated, Prizes!)"
Anindya42001,1424,1359,-65,5517,2039,"CodeTON Round 9 (Div. 1 + Div. 2, Rated, Prizes!)"
spybits,0,451,451,5521,2039,"CodeTON Round 9 (Div. 1 + Div. 2, Rated, Prizes!)"
Bogdan_Lukomsky,1023,1058,35,5521,2039,"CodeTON Round 9 (Div. 1 + Div. 2, Rated, Prizes!)"
Nasif273,1402,1341,-61,5521,2039,"CodeTON Round 9 (Div. 1 + Div. 2, Rated, Prizes!)"
dhirajkumarbarnwal,912,982,70,5521,2039,"CodeTON Round 9 (Div. 1 + Div. 2, Rated, Prizes!)"
boomerr,1076,1095,19,5521,2039,"CodeTON Round 9 (Div. 1 + Div. 2, Rated, Prizes!)"
Subhodip_86,1181,1211,30,5521,2039,"CodeTON Round 9 (Div. 1 + Div. 2, Rated, Prizes!)"
hikari1234,1264,1317,53,5521,2039,"CodeTON Round 9 (Div. 1 + Div. 2, Rated, Prizes!)"
sbzsz,976,1094,118,5521,2039,"CodeTON Round 9 (Div. 1 + Div. 2, Rated, Prizes!)"
ANAS_IIUC,1158,1156,-2,5521,2039,"CodeTON Round 9 (Div. 1 + Div. 2, Rated, Prizes!)"
7AM,1040,1070,30,5530,2039,"CodeTON Round 9 (Div. 1 + Div. 2, Rated, Prizes!)"
posiedon_7,1265,1236,-29,5530,2039,"CodeTON Round 9 (Div. 1 + Div. 2, Rated, Prizes!)"
koushik79,952,1009,57,5530,2039,"CodeTON Round 9 (Div. 1 + Div. 2, Rated, Prizes!)"
Leeda,1546,1453,-93,5530,2039,"CodeTON Round 9 (Div. 1 + Div. 2, Rated, Prizes!)"
sua_tuoi_dau,710,932,222,5530,2039,"CodeTON Round 9 (Div. 1 + Div. 2, Rated, Prizes!)"
cjrlzrh,0,450,450,5535,2039,"CodeTON Round 9 (Div. 1 + Div. 2, Rated, Prizes!)"
amigo123,0,450,450,5535,2039,"CodeTON Round 9 (Div. 1 + Div. 2, Rated, Prizes!)"
JK_9054,1268,1238,-30,5535,2039,"CodeTON Round 9 (Div. 1 + Div. 2, Rated, Prizes!)"
Bill35,902,975,73,5535,2039,"CodeTON Round 9 (Div. 1 + Div. 2, Rated, Prizes!)"
suppakrit2006,1268,1238,-30,5535,2039,"CodeTON Round 9 (Div. 1 + Div. 2, Rated, Prizes!)"
LanaDelReyyy,1073,1093,20,5535,2039,"CodeTON Round 9 (Div. 1 + Div. 2, Rated, Prizes!)"
AbHiNAv_N_,1211,1195,-16,5541,2039,"CodeTON Round 9 (Div. 1 + Div. 2, Rated, Prizes!)"
b_like_karthik,1462,1387,-75,5541,2039,"CodeTON Round 9 (Div. 1 + Div. 2, Rated, Prizes!)"
sukumar_11,1353,1303,-50,5541,2039,"CodeTON Round 9 (Div. 1 + Div. 2, Rated, Prizes!)"
Behesht,799,962,163,5541,2039,"CodeTON Round 9 (Div. 1 + Div. 2, Rated, Prizes!)"
conti123,1684,1560,-124,5541,2039,"CodeTON Round 9 (Div. 1 + Div. 2, Rated, Prizes!)"
Captcha,1066,1087,21,5546,2039,"CodeTON Round 9 (Div. 1 + Div. 2, Rated, Prizes!)"
madhanirahul92,1157,1154,-3,5546,2039,"CodeTON Round 9 (Div. 1 + Div. 2, Rated, Prizes!)"
Abeke,1587,1484,-103,5546,2039,"CodeTON Round 9 (Div. 1 + Div. 2, Rated, Prizes!)"
himanshubhardwaj169,1184,1174,-10,5546,2039,"CodeTON Round 9 (Div. 1 + Div. 2, Rated, Prizes!)"
LiZhiyuan,734,950,216,5546,2039,"CodeTON Round 9 (Div. 1 + Div. 2, Rated, Prizes!)"
Promi..,1032,1064,32,5546,2039,"CodeTON Round 9 (Div. 1 + Div. 2, Rated, Prizes!)"
ayushgoyal855,1057,1142,85,5546,2039,"CodeTON Round 9 (Div. 1 + Div. 2, Rated, Prizes!)"
turing0623,879,959,80,5546,2039,"CodeTON Round 9 (Div. 1 + Div. 2, Rated, Prizes!)"
Ahir_Alam,1304,1265,-39,5546,2039,"CodeTON Round 9 (Div. 1 + Div. 2, Rated, Prizes!)"
xadiye24,1337,1291,-46,5555,2039,"CodeTON Round 9 (Div. 1 + Div. 2, Rated, Prizes!)"
tonystark1234,1594,1489,-105,5555,2039,"CodeTON Round 9 (Div. 1 + Div. 2, Rated, Prizes!)"
OKNOTOK__,1193,1180,-13,5555,2039,"CodeTON Round 9 (Div. 1 + Div. 2, Rated, Prizes!)"
JR__zzx,1161,1195,34,5558,2039,"CodeTON Round 9 (Div. 1 + Div. 2, Rated, Prizes!)"
parth23bansal,1205,1190,-15,5558,2039,"CodeTON Round 9 (Div. 1 + Div. 2, Rated, Prizes!)"
IshyWishy17,866,1010,144,5558,2039,"CodeTON Round 9 (Div. 1 + Div. 2, Rated, Prizes!)"
shashikant_100,1157,1154,-3,5558,2039,"CodeTON Round 9 (Div. 1 + Div. 2, Rated, Prizes!)"
sonnydays,1373,1318,-55,5558,2039,"CodeTON Round 9 (Div. 1 + Div. 2, Rated, Prizes!)"
Priyanshu233,1105,1116,11,5558,2039,"CodeTON Round 9 (Div. 1 + Div. 2, Rated, Prizes!)"
CP_MAKES_SENIORS,1129,1133,4,5564,2039,"CodeTON Round 9 (Div. 1 + Div. 2, Rated, Prizes!)"
Arpit0123,1441,1370,-71,5564,2039,"CodeTON Round 9 (Div. 1 + Div. 2, Rated, Prizes!)"
djsksbrbf,1267,1237,-30,5564,2039,"CodeTON Round 9 (Div. 1 + Div. 2, Rated, Prizes!)"
Vrathor_95,1119,1126,7,5567,2039,"CodeTON Round 9 (Div. 1 + Div. 2, Rated, Prizes!)"
Gyanpapi,1144,1144,0,5567,2039,"CodeTON Round 9 (Div. 1 + Div. 2, Rated, Prizes!)"
Rasel.,1125,1130,5,5567,2039,"CodeTON Round 9 (Div. 1 + Div. 2, Rated, Prizes!)"
AnirudhSrivatsa,1109,1118,9,5567,2039,"CodeTON Round 9 (Div. 1 + Div. 2, Rated, Prizes!)"
hardiksinghal90775,950,1006,56,5567,2039,"CodeTON Round 9 (Div. 1 + Div. 2, Rated, Prizes!)"
qiuyu0_0,1030,1120,90,5572,2039,"CodeTON Round 9 (Div. 1 + Div. 2, Rated, Prizes!)"
JR_Riyad,1290,1254,-36,5572,2039,"CodeTON Round 9 (Div. 1 + Div. 2, Rated, Prizes!)"
soumil_10,1107,1117,10,5572,2039,"CodeTON Round 9 (Div. 1 + Div. 2, Rated, Prizes!)"
Unknown_rebound,1280,1246,-34,5572,2039,"CodeTON Round 9 (Div. 1 + Div. 2, Rated, Prizes!)"
AbhavGarg,1023,1056,33,5576,2039,"CodeTON Round 9 (Div. 1 + Div. 2, Rated, Prizes!)"
finn_shelby,1235,1212,-23,5576,2039,"CodeTON Round 9 (Div. 1 + Div. 2, Rated, Prizes!)"
rohanjaiswal,1527,1436,-91,5576,2039,"CodeTON Round 9 (Div. 1 + Div. 2, Rated, Prizes!)"
tangren,426,731,305,5576,2039,"CodeTON Round 9 (Div. 1 + Div. 2, Rated, Prizes!)"
Pythonja10,1245,1220,-25,5576,2039,"CodeTON Round 9 (Div. 1 + Div. 2, Rated, Prizes!)"
jag_3548,1179,1169,-10,5576,2039,"CodeTON Round 9 (Div. 1 + Div. 2, Rated, Prizes!)"
anirudhan_here,1012,1049,37,5582,2039,"CodeTON Round 9 (Div. 1 + Div. 2, Rated, Prizes!)"
Fordz,1172,1228,56,5582,2039,"CodeTON Round 9 (Div. 1 + Div. 2, Rated, Prizes!)"
Mahjabin7,1092,1105,13,5582,2039,"CodeTON Round 9 (Div. 1 + Div. 2, Rated, Prizes!)"
daviromao,1032,1062,30,5585,2039,"CodeTON Round 9 (Div. 1 + Div. 2, Rated, Prizes!)"
sth6,1444,1372,-72,5585,2039,"CodeTON Round 9 (Div. 1 + Div. 2, Rated, Prizes!)"
TriumphX4,1109,1118,9,5585,2039,"CodeTON Round 9 (Div. 1 + Div. 2, Rated, Prizes!)"
Timur-Tomachkov-008-2028,1111,1119,8,5585,2039,"CodeTON Round 9 (Div. 1 + Div. 2, Rated, Prizes!)"
Abid_Shahriar_Sakif,1173,1164,-9,5585,2039,"CodeTON Round 9 (Div. 1 + Div. 2, Rated, Prizes!)"
blueeeeee,1406,1343,-63,5590,2039,"CodeTON Round 9 (Div. 1 + Div. 2, Rated, Prizes!)"
eargjaogjaogjaogjai,1074,1092,18,5590,2039,"CodeTON Round 9 (Div. 1 + Div. 2, Rated, Prizes!)"
meetjain_74,1030,1120,90,5590,2039,"CodeTON Round 9 (Div. 1 + Div. 2, Rated, Prizes!)"
Fingolfin42,824,971,147,5590,2039,"CodeTON Round 9 (Div. 1 + Div. 2, Rated, Prizes!)"
arafat7r5,1259,1230,-29,5590,2039,"CodeTON Round 9 (Div. 1 + Div. 2, Rated, Prizes!)"
_AKIF,1084,1099,15,5590,2039,"CodeTON Round 9 (Div. 1 + Div. 2, Rated, Prizes!)"
secco,457,755,298,5596,2039,"CodeTON Round 9 (Div. 1 + Div. 2, Rated, Prizes!)"
Ryan.H,1368,1313,-55,5596,2039,"CodeTON Round 9 (Div. 1 + Div. 2, Rated, Prizes!)"
100GODMOON,1090,1103,13,5596,2039,"CodeTON Round 9 (Div. 1 + Div. 2, Rated, Prizes!)"
Ramuba,1311,1269,-42,5596,2039,"CodeTON Round 9 (Div. 1 + Div. 2, Rated, Prizes!)"
15o3,1214,1196,-18,5596,2039,"CodeTON Round 9 (Div. 1 + Div. 2, Rated, Prizes!)"
devil_666,0,449,449,5596,2039,"CodeTON Round 9 (Div. 1 + Div. 2, Rated, Prizes!)"
iliasbik,1202,1187,-15,5596,2039,"CodeTON Round 9 (Div. 1 + Div. 2, Rated, Prizes!)"
huyyyle,929,1057,128,5603,2039,"CodeTON Round 9 (Div. 1 + Div. 2, Rated, Prizes!)"
dadzzz,1190,1241,51,5603,2039,"CodeTON Round 9 (Div. 1 + Div. 2, Rated, Prizes!)"
SahaPacific,888,963,75,5603,2039,"CodeTON Round 9 (Div. 1 + Div. 2, Rated, Prizes!)"
takipuki,1167,1160,-7,5603,2039,"CodeTON Round 9 (Div. 1 + Div. 2, Rated, Prizes!)"
devan_pro,712,932,220,5603,2039,"CodeTON Round 9 (Div. 1 + Div. 2, Rated, Prizes!)"
MI_Shafi,968,1017,49,5608,2039,"CodeTON Round 9 (Div. 1 + Div. 2, Rated, Prizes!)"
tmortadha,1137,1137,0,5608,2039,"CodeTON Round 9 (Div. 1 + Div. 2, Rated, Prizes!)"
duohereshui,1042,1069,27,5608,2039,"CodeTON Round 9 (Div. 1 + Div. 2, Rated, Prizes!)"
satyagyasingh,1228,1206,-22,5611,2039,"CodeTON Round 9 (Div. 1 + Div. 2, Rated, Prizes!)"
Mastey_,1446,1373,-73,5611,2039,"CodeTON Round 9 (Div. 1 + Div. 2, Rated, Prizes!)"
pi_pi_pikachu,1165,1196,31,5611,2039,"CodeTON Round 9 (Div. 1 + Div. 2, Rated, Prizes!)"
240205,1839,1679,-160,5611,2039,"CodeTON Round 9 (Div. 1 + Div. 2, Rated, Prizes!)"
Ayanokoji_Arima,911,1043,132,5611,2039,"CodeTON Round 9 (Div. 1 + Div. 2, Rated, Prizes!)"
Ahmad_Hasan,898,969,71,5611,2039,"CodeTON Round 9 (Div. 1 + Div. 2, Rated, Prizes!)"
abdelwahab,1170,1162,-8,5617,2039,"CodeTON Round 9 (Div. 1 + Div. 2, Rated, Prizes!)"
ansergeyg,1056,1078,22,5617,2039,"CodeTON Round 9 (Div. 1 + Div. 2, Rated, Prizes!)"
get-gud,1146,1144,-2,5617,2039,"CodeTON Round 9 (Div. 1 + Div. 2, Rated, Prizes!)"
rikka4153,1151,1147,-4,5620,2039,"CodeTON Round 9 (Div. 1 + Div. 2, Rated, Prizes!)"
the_gangleader,1133,1134,1,5621,2039,"CodeTON Round 9 (Div. 1 + Div. 2, Rated, Prizes!)"
Robiul_Islam_,1235,1211,-24,5621,2039,"CodeTON Round 9 (Div. 1 + Div. 2, Rated, Prizes!)"
seetianjiangzhiwu,917,982,65,5621,2039,"CodeTON Round 9 (Div. 1 + Div. 2, Rated, Prizes!)"
MazenXv,1637,1521,-116,5621,2039,"CodeTON Round 9 (Div. 1 + Div. 2, Rated, Prizes!)"
_Abdelsalam_,1011,1046,35,5621,2039,"CodeTON Round 9 (Div. 1 + Div. 2, Rated, Prizes!)"
mdhossin093,968,1016,48,5626,2039,"CodeTON Round 9 (Div. 1 + Div. 2, Rated, Prizes!)"
RAFE_WITH_AN_E,1179,1206,27,5626,2039,"CodeTON Round 9 (Div. 1 + Div. 2, Rated, Prizes!)"
samarth1302,1204,1187,-17,5626,2039,"CodeTON Round 9 (Div. 1 + Div. 2, Rated, Prizes!)"
decoder001713,1077,1129,52,5626,2039,"CodeTON Round 9 (Div. 1 + Div. 2, Rated, Prizes!)"
2023020408,413,720,307,5630,2039,"CodeTON Round 9 (Div. 1 + Div. 2, Rated, Prizes!)"
xenonide,1394,1332,-62,5630,2039,"CodeTON Round 9 (Div. 1 + Div. 2, Rated, Prizes!)"
Rjain02,1140,1139,-1,5630,2039,"CodeTON Round 9 (Div. 1 + Div. 2, Rated, Prizes!)"
sijan,1076,1092,16,5630,2039,"CodeTON Round 9 (Div. 1 + Div. 2, Rated, Prizes!)"
Sheyer,1275,1241,-34,5630,2039,"CodeTON Round 9 (Div. 1 + Div. 2, Rated, Prizes!)"
_11Xaniket,1065,1084,19,5630,2039,"CodeTON Round 9 (Div. 1 + Div. 2, Rated, Prizes!)"
Hanyilin,1070,1088,18,5630,2039,"CodeTON Round 9 (Div. 1 + Div. 2, Rated, Prizes!)"
kush080904,1252,1223,-29,5630,2039,"CodeTON Round 9 (Div. 1 + Div. 2, Rated, Prizes!)"
redeye.codes,0,447,447,5630,2039,"CodeTON Round 9 (Div. 1 + Div. 2, Rated, Prizes!)"
ONNN1234,893,965,72,5639,2039,"CodeTON Round 9 (Div. 1 + Div. 2, Rated, Prizes!)"
manan0005,0,448,448,5639,2039,"CodeTON Round 9 (Div. 1 + Div. 2, Rated, Prizes!)"
shivamd.skillbee,1075,1127,52,5639,2039,"CodeTON Round 9 (Div. 1 + Div. 2, Rated, Prizes!)"
Carni1,1172,1162,-10,5639,2039,"CodeTON Round 9 (Div. 1 + Div. 2, Rated, Prizes!)"
wjh123000,1143,1141,-2,5639,2039,"CodeTON Round 9 (Div. 1 + Div. 2, Rated, Prizes!)"
andreaqtzz,1159,1153,-6,5639,2039,"CodeTON Round 9 (Div. 1 + Div. 2, Rated, Prizes!)"
ork3649,870,1011,141,5645,2039,"CodeTON Round 9 (Div. 1 + Div. 2, Rated, Prizes!)"
IwPh,1348,1362,14,5645,2039,"CodeTON Round 9 (Div. 1 + Div. 2, Rated, Prizes!)"
cthsm,561,834,273,5645,2039,"CodeTON Round 9 (Div. 1 + Div. 2, Rated, Prizes!)"
clinix58,1558,1459,-99,5645,2039,"CodeTON Round 9 (Div. 1 + Div. 2, Rated, Prizes!)"
alternate007,416,722,306,5645,2039,"CodeTON Round 9 (Div. 1 + Div. 2, Rated, Prizes!)"
wish-nu,1586,1480,-106,5645,2039,"CodeTON Round 9 (Div. 1 + Div. 2, Rated, Prizes!)"
AL2710,1314,1270,-44,5651,2039,"CodeTON Round 9 (Div. 1 + Div. 2, Rated, Prizes!)"
Mind_Reaper,1250,1221,-29,5651,2039,"CodeTON Round 9 (Div. 1 + Div. 2, Rated, Prizes!)"
LoserX,1110,1194,84,5651,2039,"CodeTON Round 9 (Div. 1 + Div. 2, Rated, Prizes!)"
Aries_28,0,447,447,5651,2039,"CodeTON Round 9 (Div. 1 + Div. 2, Rated, Prizes!)"
tab1540,931,1057,126,5651,2039,"CodeTON Round 9 (Div. 1 + Div. 2, Rated, Prizes!)"
Agarwal,1122,1125,3,5651,2039,"CodeTON Round 9 (Div. 1 + Div. 2, Rated, Prizes!)"
miriyalasurya090,1077,1092,15,5651,2039,"CodeTON Round 9 (Div. 1 + Div. 2, Rated, Prizes!)"
khanhvann,1277,1241,-36,5658,2039,"CodeTON Round 9 (Div. 1 + Div. 2, Rated, Prizes!)"
keshavmalani,1453,1377,-76,5658,2039,"CodeTON Round 9 (Div. 1 + Div. 2, Rated, Prizes!)"
Shaykat_The_Great,1532,1439,-93,5658,2039,"CodeTON Round 9 (Div. 1 + Div. 2, Rated, Prizes!)"
Dutch_vdl,1159,1152,-7,5658,2039,"CodeTON Round 9 (Div. 1 + Div. 2, Rated, Prizes!)"
Future_Polymath,1050,1072,22,5662,2039,"CodeTON Round 9 (Div. 1 + Div. 2, Rated, Prizes!)"
SachithShibineni,1204,1186,-18,5662,2039,"CodeTON Round 9 (Div. 1 + Div. 2, Rated, Prizes!)"
Shelby-Star,1393,1331,-62,5662,2039,"CodeTON Round 9 (Div. 1 + Div. 2, Rated, Prizes!)"
yarinys,1240,1213,-27,5662,2039,"CodeTON Round 9 (Div. 1 + Div. 2, Rated, Prizes!)"
rivu_10,1108,1114,6,5662,2039,"CodeTON Round 9 (Div. 1 + Div. 2, Rated, Prizes!)"
focuzd,899,968,69,5662,2039,"CodeTON Round 9 (Div. 1 + Div. 2, Rated, Prizes!)"
SADIQ_insD,1389,1328,-61,5668,2039,"CodeTON Round 9 (Div. 1 + Div. 2, Rated, Prizes!)"
the_average_coder,1183,1170,-13,5668,2039,"CodeTON Round 9 (Div. 1 + Div. 2, Rated, Prizes!)"
cherry-001,952,1003,51,5668,2039,"CodeTON Round 9 (Div. 1 + Div. 2, Rated, Prizes!)"
rathee1255,1049,1071,22,5668,2039,"CodeTON Round 9 (Div. 1 + Div. 2, Rated, Prizes!)"
AyanMR,1193,1178,-15,5668,2039,"CodeTON Round 9 (Div. 1 + Div. 2, Rated, Prizes!)"
AyushMiglani,1214,1193,-21,5673,2039,"CodeTON Round 9 (Div. 1 + Div. 2, Rated, Prizes!)"
ashwanikumarsharma,1192,1177,-15,5673,2039,"CodeTON Round 9 (Div. 1 + Div. 2, Rated, Prizes!)"
Aidencode,1486,1403,-83,5673,2039,"CodeTON Round 9 (Div. 1 + Div. 2, Rated, Prizes!)"
RePoh,798,956,158,5673,2039,"CodeTON Round 9 (Div. 1 + Div. 2, Rated, Prizes!)"
jovanmihov2,1314,1270,-44,5673,2039,"CodeTON Round 9 (Div. 1 + Div. 2, Rated, Prizes!)"
_JAMES_,1376,1317,-59,5673,2039,"CodeTON Round 9 (Div. 1 + Div. 2, Rated, Prizes!)"
Jia.,926,985,59,5679,2039,"CodeTON Round 9 (Div. 1 + Div. 2, Rated, Prizes!)"
innerrealm1611,1108,1151,43,5679,2039,"CodeTON Round 9 (Div. 1 + Div. 2, Rated, Prizes!)"
tanvir_005,1283,1245,-38,5679,2039,"CodeTON Round 9 (Div. 1 + Div. 2, Rated, Prizes!)"
zeroko,1207,1188,-19,5679,2039,"CodeTON Round 9 (Div. 1 + Div. 2, Rated, Prizes!)"
Tamzid_Tariq,1409,1342,-67,5683,2039,"CodeTON Round 9 (Div. 1 + Div. 2, Rated, Prizes!)"
mohammad.wesam.pc,769,930,161,5683,2039,"CodeTON Round 9 (Div. 1 + Div. 2, Rated, Prizes!)"
oishi_161,944,997,53,5685,2039,"CodeTON Round 9 (Div. 1 + Div. 2, Rated, Prizes!)"
Lauhensan,802,904,102,5686,2039,"CodeTON Round 9 (Div. 1 + Div. 2, Rated, Prizes!)"
FaroukM,1088,1099,11,5686,2039,"CodeTON Round 9 (Div. 1 + Div. 2, Rated, Prizes!)"
gaurav232,1465,1386,-79,5686,2039,"CodeTON Round 9 (Div. 1 + Div. 2, Rated, Prizes!)"
amhdaimm,1096,1105,9,5686,2039,"CodeTON Round 9 (Div. 1 + Div. 2, Rated, Prizes!)"
master_adii,1438,1365,-73,5686,2039,"CodeTON Round 9 (Div. 1 + Div. 2, Rated, Prizes!)"
igennova001,1232,1206,-26,5686,2039,"CodeTON Round 9 (Div. 1 + Div. 2, Rated, Prizes!)"
rest_in_code,1053,1073,20,5692,2039,"CodeTON Round 9 (Div. 1 + Div. 2, Rated, Prizes!)"
nadim.ict20,1085,1096,11,5692,2039,"CodeTON Round 9 (Div. 1 + Div. 2, Rated, Prizes!)"
JustGenka,1188,1210,22,5692,2039,"CodeTON Round 9 (Div. 1 + Div. 2, Rated, Prizes!)"
anshukit2011,1161,1152,-9,5695,2039,"CodeTON Round 9 (Div. 1 + Div. 2, Rated, Prizes!)"
Fawkes4494d3,1196,1178,-18,5695,2039,"CodeTON Round 9 (Div. 1 + Div. 2, Rated, Prizes!)"
mostafam.galal82,1386,1324,-62,5695,2039,"CodeTON Round 9 (Div. 1 + Div. 2, Rated, Prizes!)"
Mezo_ZK,1264,1231,-33,5695,2039,"CodeTON Round 9 (Div. 1 + Div. 2, Rated, Prizes!)"
prakash_618,982,1023,41,5695,2039,"CodeTON Round 9 (Div. 1 + Div. 2, Rated, Prizes!)"
aren_dance,1133,1131,-2,5695,2039,"CodeTON Round 9 (Div. 1 + Div. 2, Rated, Prizes!)"
vaidurya_s,971,1015,44,5695,2039,"CodeTON Round 9 (Div. 1 + Div. 2, Rated, Prizes!)"
Pa121,1269,1234,-35,5695,2039,"CodeTON Round 9 (Div. 1 + Div. 2, Rated, Prizes!)"
NOOB_CODING,831,922,91,5703,2039,"CodeTON Round 9 (Div. 1 + Div. 2, Rated, Prizes!)"
yzdu,1090,1177,87,5704,2039,"CodeTON Round 9 (Div. 1 + Div. 2, Rated, Prizes!)"
Rishi_677,1058,1076,18,5704,2039,"CodeTON Round 9 (Div. 1 + Div. 2, Rated, Prizes!)"
dont_catch_me,1194,1177,-17,5704,2039,"CodeTON Round 9 (Div. 1 + Div. 2, Rated, Prizes!)"
Aditya.G_Kota,1311,1266,-45,5704,2039,"CodeTON Round 9 (Div. 1 + Div. 2, Rated, Prizes!)"
honoured_one7,933,989,56,5708,2039,"CodeTON Round 9 (Div. 1 + Div. 2, Rated, Prizes!)"
BestTime,1124,1124,0,5708,2039,"CodeTON Round 9 (Div. 1 + Div. 2, Rated, Prizes!)"
ahsmha,1000,1035,35,5708,2039,"CodeTON Round 9 (Div. 1 + Div. 2, Rated, Prizes!)"
bhartigarg,0,445,445,5708,2039,"CodeTON Round 9 (Div. 1 + Div. 2, Rated, Prizes!)"
AlgoAce2004,1037,1061,24,5712,2039,"CodeTON Round 9 (Div. 1 + Div. 2, Rated, Prizes!)"
summ1tsss,983,1094,111,5712,2039,"CodeTON Round 9 (Div. 1 + Div. 2, Rated, Prizes!)"
darcaster,888,1023,135,5714,2039,"CodeTON Round 9 (Div. 1 + Div. 2, Rated, Prizes!)"
lunarlity,1518,1426,-92,5714,2039,"CodeTON Round 9 (Div. 1 + Div. 2, Rated, Prizes!)"
majbahul,1168,1157,-11,5714,2039,"CodeTON Round 9 (Div. 1 + Div. 2, Rated, Prizes!)"
g_47,999,1034,35,5714,2039,"CodeTON Round 9 (Div. 1 + Div. 2, Rated, Prizes!)"
DEtermination21,1254,1222,-32,5718,2039,"CodeTON Round 9 (Div. 1 + Div. 2, Rated, Prizes!)"
dheeraj1,1099,1106,7,5718,2039,"CodeTON Round 9 (Div. 1 + Div. 2, Rated, Prizes!)"
Echo2,1015,1046,31,5718,2039,"CodeTON Round 9 (Div. 1 + Div. 2, Rated, Prizes!)"
Fathulloev_M,841,927,86,5718,2039,"CodeTON Round 9 (Div. 1 + Div. 2, Rated, Prizes!)"
unbtble,1269,1233,-36,5718,2039,"CodeTON Round 9 (Div. 1 + Div. 2, Rated, Prizes!)"
_SIEG_,1186,1170,-16,5723,2039,"CodeTON Round 9 (Div. 1 + Div. 2, Rated, Prizes!)"
glnthd02,1227,1266,39,5723,2039,"CodeTON Round 9 (Div. 1 + Div. 2, Rated, Prizes!)"
marcogoncalves,1142,1137,-5,5723,2039,"CodeTON Round 9 (Div. 1 + Div. 2, Rated, Prizes!)"
LeGrosss,1111,1114,3,5726,2039,"CodeTON Round 9 (Div. 1 + Div. 2, Rated, Prizes!)"
Radeon123,1088,1097,9,5726,2039,"CodeTON Round 9 (Div. 1 + Div. 2, Rated, Prizes!)"
radnomoxi123,0,445,445,5726,2039,"CodeTON Round 9 (Div. 1 + Div. 2, Rated, Prizes!)"
Kawser_hamim,899,965,66,5726,2039,"CodeTON Round 9 (Div. 1 + Div. 2, Rated, Prizes!)"
sitingfake,1108,1111,3,5730,2039,"CodeTON Round 9 (Div. 1 + Div. 2, Rated, Prizes!)"
_HYDROGEN_,914,975,61,5730,2039,"CodeTON Round 9 (Div. 1 + Div. 2, Rated, Prizes!)"
drk16072000,1163,1152,-11,5730,2039,"CodeTON Round 9 (Div. 1 + Div. 2, Rated, Prizes!)"
adarshverma27,1377,1316,-61,5730,2039,"CodeTON Round 9 (Div. 1 + Div. 2, Rated, Prizes!)"
Effazzz,917,977,60,5730,2039,"CodeTON Round 9 (Div. 1 + Div. 2, Rated, Prizes!)"
NotTodayBaby,975,1016,41,5730,2039,"CodeTON Round 9 (Div. 1 + Div. 2, Rated, Prizes!)"
pustoi,1130,1128,-2,5730,2039,"CodeTON Round 9 (Div. 1 + Div. 2, Rated, Prizes!)"
ekanshsingh,1073,1086,13,5737,2039,"CodeTON Round 9 (Div. 1 + Div. 2, Rated, Prizes!)"
leohuang05,1465,1384,-81,5737,2039,"CodeTON Round 9 (Div. 1 + Div. 2, Rated, Prizes!)"
R0biJoy,0,445,445,5737,2039,"CodeTON Round 9 (Div. 1 + Div. 2, Rated, Prizes!)"
HB_Error20,991,1028,37,5737,2039,"CodeTON Round 9 (Div. 1 + Div. 2, Rated, Prizes!)"
Hedjerford,1125,1124,-1,5741,2039,"CodeTON Round 9 (Div. 1 + Div. 2, Rated, Prizes!)"
jajuparikshit105,1060,1113,53,5741,2039,"CodeTON Round 9 (Div. 1 + Div. 2, Rated, Prizes!)"
Imtiaz,1091,1099,8,5741,2039,"CodeTON Round 9 (Div. 1 + Div. 2, Rated, Prizes!)"
DivijJ,1086,1095,9,5741,2039,"CodeTON Round 9 (Div. 1 + Div. 2, Rated, Prizes!)"
mohitshubham123,1038,1061,23,5745,2039,"CodeTON Round 9 (Div. 1 + Div. 2, Rated, Prizes!)"
Sealy,1377,1316,-61,5745,2039,"CodeTON Round 9 (Div. 1 + Div. 2, Rated, Prizes!)"
Masud_Abdullah,1083,1093,10,5745,2039,"CodeTON Round 9 (Div. 1 + Div. 2, Rated, Prizes!)"
nishtha.shah,970,1013,43,5745,2039,"CodeTON Round 9 (Div. 1 + Div. 2, Rated, Prizes!)"
MrChepe,1278,1240,-38,5745,2039,"CodeTON Round 9 (Div. 1 + Div. 2, Rated, Prizes!)"
Minhazul_Islam_Mahi,911,972,61,5750,2039,"CodeTON Round 9 (Div. 1 + Div. 2, Rated, Prizes!)"
Md_Majnu_Miah,872,946,74,5750,2039,"CodeTON Round 9 (Div. 1 + Div. 2, Rated, Prizes!)"
joynath,932,987,55,5750,2039,"CodeTON Round 9 (Div. 1 + Div. 2, Rated, Prizes!)"
Rakusama,1045,1065,20,5753,2039,"CodeTON Round 9 (Div. 1 + Div. 2, Rated, Prizes!)"
Erfan.r,1073,1085,12,5753,2039,"CodeTON Round 9 (Div. 1 + Div. 2, Rated, Prizes!)"
Francisco_Martin,1185,1169,-16,5753,2039,"CodeTON Round 9 (Div. 1 + Div. 2, Rated, Prizes!)"
_Honoured_One,0,444,444,5753,2039,"CodeTON Round 9 (Div. 1 + Div. 2, Rated, Prizes!)"
MostofaMasud,1139,1134,-5,5753,2039,"CodeTON Round 9 (Div. 1 + Div. 2, Rated, Prizes!)"
cdebanil,919,978,59,5753,2039,"CodeTON Round 9 (Div. 1 + Div. 2, Rated, Prizes!)"
SAKSHaTHOR,976,1017,41,5753,2039,"CodeTON Round 9 (Div. 1 + Div. 2, Rated, Prizes!)"
Venky99,1581,1474,-107,5753,2039,"CodeTON Round 9 (Div. 1 + Div. 2, Rated, Prizes!)"
Nasr74,1080,1090,10,5761,2039,"CodeTON Round 9 (Div. 1 + Div. 2, Rated, Prizes!)"
Amor_Mousa,1052,1070,18,5761,2039,"CodeTON Round 9 (Div. 1 + Div. 2, Rated, Prizes!)"
vivid_stareium,1339,1286,-53,5761,2039,"CodeTON Round 9 (Div. 1 + Div. 2, Rated, Prizes!)"
kuSat,1182,1167,-15,5761,2039,"CodeTON Round 9 (Div. 1 + Div. 2, Rated, Prizes!)"
DonateIIo,1055,1072,17,5765,2039,"CodeTON Round 9 (Div. 1 + Div. 2, Rated, Prizes!)"
hubangyy666,922,1047,125,5765,2039,"CodeTON Round 9 (Div. 1 + Div. 2, Rated, Prizes!)"
HODKVV,1373,1312,-61,5765,2039,"CodeTON Round 9 (Div. 1 + Div. 2, Rated, Prizes!)"
mingjunyi1024helloworld,918,976,58,5765,2039,"CodeTON Round 9 (Div. 1 + Div. 2, Rated, Prizes!)"
vansh118,1097,1103,6,5765,2039,"CodeTON Round 9 (Div. 1 + Div. 2, Rated, Prizes!)"
Ar_Ray,993,1028,35,5770,2039,"CodeTON Round 9 (Div. 1 + Div. 2, Rated, Prizes!)"
_ye_1,654,882,228,5770,2039,"CodeTON Round 9 (Div. 1 + Div. 2, Rated, Prizes!)"
Vimlendu2003,773,973,200,5770,2039,"CodeTON Round 9 (Div. 1 + Div. 2, Rated, Prizes!)"
Adamya1304,874,947,73,5770,2039,"CodeTON Round 9 (Div. 1 + Div. 2, Rated, Prizes!)"
Viee,966,1009,43,5770,2039,"CodeTON Round 9 (Div. 1 + Div. 2, Rated, Prizes!)"
SHIVAM_KUMAR__,371,683,312,5770,2039,"CodeTON Round 9 (Div. 1 + Div. 2, Rated, Prizes!)"
ahanaf101,1107,1109,2,5776,2039,"CodeTON Round 9 (Div. 1 + Div. 2, Rated, Prizes!)"
Santoon,1206,1184,-22,5776,2039,"CodeTON Round 9 (Div. 1 + Div. 2, Rated, Prizes!)"
mahfuzrahman,1117,1117,0,5776,2039,"CodeTON Round 9 (Div. 1 + Div. 2, Rated, Prizes!)"
Z3k7223,682,904,222,5776,2039,"CodeTON Round 9 (Div. 1 + Div. 2, Rated, Prizes!)"
Daemon_,902,965,63,5776,2039,"CodeTON Round 9 (Div. 1 + Div. 2, Rated, Prizes!)"
ShareefAfzal,1021,1047,26,5781,2039,"CodeTON Round 9 (Div. 1 + Div. 2, Rated, Prizes!)"
Ri_eul,1212,1188,-24,5781,2039,"CodeTON Round 9 (Div. 1 + Div. 2, Rated, Prizes!)"
dhushyanthan,1263,1227,-36,5781,2039,"CodeTON Round 9 (Div. 1 + Div. 2, Rated, Prizes!)"
hsohliyt105,782,980,198,5781,2039,"CodeTON Round 9 (Div. 1 + Div. 2, Rated, Prizes!)"
Janaki_vallabh,895,960,65,5785,2039,"CodeTON Round 9 (Div. 1 + Div. 2, Rated, Prizes!)"
dolimcom,892,1012,120,5785,2039,"CodeTON Round 9 (Div. 1 + Div. 2, Rated, Prizes!)"
YULKET,1324,1273,-51,5785,2039,"CodeTON Round 9 (Div. 1 + Div. 2, Rated, Prizes!)"
vellalacheruvu.raviteja,1067,1080,13,5785,2039,"CodeTON Round 9 (Div. 1 + Div. 2, Rated, Prizes!)"
Ishan-Mehta,1160,1148,-12,5785,2039,"CodeTON Round 9 (Div. 1 + Div. 2, Rated, Prizes!)"
Siddhant_555,1081,1090,9,5790,2039,"CodeTON Round 9 (Div. 1 + Div. 2, Rated, Prizes!)"
dinyeah,857,935,78,5790,2039,"CodeTON Round 9 (Div. 1 + Div. 2, Rated, Prizes!)"
b.piash,896,960,64,5792,2039,"CodeTON Round 9 (Div. 1 + Div. 2, Rated, Prizes!)"
SergeiKo1,1104,1106,2,5793,2039,"CodeTON Round 9 (Div. 1 + Div. 2, Rated, Prizes!)"
whiteb,872,945,73,5793,2039,"CodeTON Round 9 (Div. 1 + Div. 2, Rated, Prizes!)"
tnpzzz03,1061,1075,14,5793,2039,"CodeTON Round 9 (Div. 1 + Div. 2, Rated, Prizes!)"
dongzimod,0,443,443,5793,2039,"CodeTON Round 9 (Div. 1 + Div. 2, Rated, Prizes!)"
sahisnu32,787,890,103,5793,2039,"CodeTON Round 9 (Div. 1 + Div. 2, Rated, Prizes!)"
Hossam_H2,966,1008,42,5798,2039,"CodeTON Round 9 (Div. 1 + Div. 2, Rated, Prizes!)"
ThisIsThisAndThatIsThat,704,919,215,5798,2039,"CodeTON Round 9 (Div. 1 + Div. 2, Rated, Prizes!)"
shanks.,824,963,139,5800,2039,"CodeTON Round 9 (Div. 1 + Div. 2, Rated, Prizes!)"
Maruf_Hasan235,1136,1130,-6,5800,2039,"CodeTON Round 9 (Div. 1 + Div. 2, Rated, Prizes!)"
prosaniac,1174,1224,50,5800,2039,"CodeTON Round 9 (Div. 1 + Div. 2, Rated, Prizes!)"
CarlavierVN,1364,1304,-60,5800,2039,"CodeTON Round 9 (Div. 1 + Div. 2, Rated, Prizes!)"
Noob60,1029,1052,23,5800,2039,"CodeTON Round 9 (Div. 1 + Div. 2, Rated, Prizes!)"
sean123xyz,1203,1246,43,5800,2039,"CodeTON Round 9 (Div. 1 + Div. 2, Rated, Prizes!)"
vhaohao,546,818,272,5806,2039,"CodeTON Round 9 (Div. 1 + Div. 2, Rated, Prizes!)"
MuhammedNashaat,980,1017,37,5806,2039,"CodeTON Round 9 (Div. 1 + Div. 2, Rated, Prizes!)"
Viyom10,1194,1174,-20,5806,2039,"CodeTON Round 9 (Div. 1 + Div. 2, Rated, Prizes!)"
CalmTempest,1438,1361,-77,5806,2039,"CodeTON Round 9 (Div. 1 + Div. 2, Rated, Prizes!)"
__Hussein__,873,945,72,5806,2039,"CodeTON Round 9 (Div. 1 + Div. 2, Rated, Prizes!)"
pars_2721,1081,1089,8,5806,2039,"CodeTON Round 9 (Div. 1 + Div. 2, Rated, Prizes!)"
tortuous,1025,1049,24,5806,2039,"CodeTON Round 9 (Div. 1 + Div. 2, Rated, Prizes!)"
qifan_maker,1406,1336,-70,5813,2039,"CodeTON Round 9 (Div. 1 + Div. 2, Rated, Prizes!)"
priyanshu-thapliyal,1187,1168,-19,5813,2039,"CodeTON Round 9 (Div. 1 + Div. 2, Rated, Prizes!)"
asukivi,0,443,443,5815,2039,"CodeTON Round 9 (Div. 1 + Div. 2, Rated, Prizes!)"
oojamchaudhary,1097,1164,67,5815,2039,"CodeTON Round 9 (Div. 1 + Div. 2, Rated, Prizes!)"
Storm29,1095,1099,4,5815,2039,"CodeTON Round 9 (Div. 1 + Div. 2, Rated, Prizes!)"
maharun,1164,1150,-14,5818,2039,"CodeTON Round 9 (Div. 1 + Div. 2, Rated, Prizes!)"
lwdfks,421,721,300,5818,2039,"CodeTON Round 9 (Div. 1 + Div. 2, Rated, Prizes!)"
RecursiveRage,1192,1172,-20,5818,2039,"CodeTON Round 9 (Div. 1 + Div. 2, Rated, Prizes!)"
Snakefoot,1565,1460,-105,5821,2039,"CodeTON Round 9 (Div. 1 + Div. 2, Rated, Prizes!)"
Seredial0326,1087,1156,69,5821,2039,"CodeTON Round 9 (Div. 1 + Div. 2, Rated, Prizes!)"
1017530625,810,960,150,5823,2039,"CodeTON Round 9 (Div. 1 + Div. 2, Rated, Prizes!)"
ytt123,1258,1222,-36,5823,2039,"CodeTON Round 9 (Div. 1 + Div. 2, Rated, Prizes!)"
Pari_na_kisu,1118,1116,-2,5825,2039,"CodeTON Round 9 (Div. 1 + Div. 2, Rated, Prizes!)"
naeem570khandakar,929,982,53,5825,2039,"CodeTON Round 9 (Div. 1 + Div. 2, Rated, Prizes!)"
jsonificator,1062,1137,75,5825,2039,"CodeTON Round 9 (Div. 1 + Div. 2, Rated, Prizes!)"
yuki_suou,1261,1224,-37,5825,2039,"CodeTON Round 9 (Div. 1 + Div. 2, Rated, Prizes!)"
princekumar26_,927,980,53,5829,2039,"CodeTON Round 9 (Div. 1 + Div. 2, Rated, Prizes!)"
_lucho,978,1015,37,5829,2039,"CodeTON Round 9 (Div. 1 + Div. 2, Rated, Prizes!)"
SanSahu,1203,1180,-23,5829,2039,"CodeTON Round 9 (Div. 1 + Div. 2, Rated, Prizes!)"
mdraihanhossen,992,1025,33,5832,2039,"CodeTON Round 9 (Div. 1 + Div. 2, Rated, Prizes!)"
Ilyin,1251,1217,-34,5832,2039,"CodeTON Round 9 (Div. 1 + Div. 2, Rated, Prizes!)"
AHMADUL,1164,1150,-14,5832,2039,"CodeTON Round 9 (Div. 1 + Div. 2, Rated, Prizes!)"
Amr_Fadel,1052,1068,16,5832,2039,"CodeTON Round 9 (Div. 1 + Div. 2, Rated, Prizes!)"
jac_Sparrow,395,700,305,5836,2039,"CodeTON Round 9 (Div. 1 + Div. 2, Rated, Prizes!)"
Shohanur_1603020,1423,1349,-74,5836,2039,"CodeTON Round 9 (Div. 1 + Div. 2, Rated, Prizes!)"
An0nyMou5,1151,1140,-11,5836,2039,"CodeTON Round 9 (Div. 1 + Div. 2, Rated, Prizes!)"
jesser99i,615,850,235,5839,2039,"CodeTON Round 9 (Div. 1 + Div. 2, Rated, Prizes!)"
rajkhowamadhujya0,903,1030,127,5839,2039,"CodeTON Round 9 (Div. 1 + Div. 2, Rated, Prizes!)"
rajeev22,1179,1162,-17,5839,2039,"CodeTON Round 9 (Div. 1 + Div. 2, Rated, Prizes!)"
Black_Jesus,1088,1093,5,5842,2039,"CodeTON Round 9 (Div. 1 + Div. 2, Rated, Prizes!)"
Mk_Rahi,1041,1059,18,5842,2039,"CodeTON Round 9 (Div. 1 + Div. 2, Rated, Prizes!)"
ilyakryukov,1240,1207,-33,5842,2039,"CodeTON Round 9 (Div. 1 + Div. 2, Rated, Prizes!)"
xiaoshusheng,894,1022,128,5842,2039,"CodeTON Round 9 (Div. 1 + Div. 2, Rated, Prizes!)"
Mahdi17,972,1010,38,5842,2039,"CodeTON Round 9 (Div. 1 + Div. 2, Rated, Prizes!)"
kawsar14,922,976,54,5842,2039,"CodeTON Round 9 (Div. 1 + Div. 2, Rated, Prizes!)"
abhinavgangwar,1201,1177,-24,5842,2039,"CodeTON Round 9 (Div. 1 + Div. 2, Rated, Prizes!)"
Junaid.,1088,1093,5,5842,2039,"CodeTON Round 9 (Div. 1 + Div. 2, Rated, Prizes!)"
Omar_Abdeen,923,976,53,5842,2039,"CodeTON Round 9 (Div. 1 + Div. 2, Rated, Prizes!)"
EL_BALD,867,1002,135,5842,2039,"CodeTON Round 9 (Div. 1 + Div. 2, Rated, Prizes!)"
raikeeri,919,1041,122,5842,2039,"CodeTON Round 9 (Div. 1 + Div. 2, Rated, Prizes!)"
Hussein_Yasser,1103,1104,1,5853,2039,"CodeTON Round 9 (Div. 1 + Div. 2, Rated, Prizes!)"
ziripo,528,802,274,5854,2039,"CodeTON Round 9 (Div. 1 + Div. 2, Rated, Prizes!)"
noweoky,1062,1074,12,5854,2039,"CodeTON Round 9 (Div. 1 + Div. 2, Rated, Prizes!)"
_Error99_,577,762,185,5854,2039,"CodeTON Round 9 (Div. 1 + Div. 2, Rated, Prizes!)"
sohail_hasan,1005,1033,28,5854,2039,"CodeTON Round 9 (Div. 1 + Div. 2, Rated, Prizes!)"
PreyPatel,800,992,192,5854,2039,"CodeTON Round 9 (Div. 1 + Div. 2, Rated, Prizes!)"
sy10637,1077,1147,70,5854,2039,"CodeTON Round 9 (Div. 1 + Div. 2, Rated, Prizes!)"
MohammadTaghizade,1411,1339,-72,5860,2039,"CodeTON Round 9 (Div. 1 + Div. 2, Rated, Prizes!)"
Platon_Bogdan,961,1002,41,5860,2039,"CodeTON Round 9 (Div. 1 + Div. 2, Rated, Prizes!)"
Jim_X,429,725,296,5862,2039,"CodeTON Round 9 (Div. 1 + Div. 2, Rated, Prizes!)"
rautelaaditya16,1303,1256,-47,5862,2039,"CodeTON Round 9 (Div. 1 + Div. 2, Rated, Prizes!)"
rewq,1601,1487,-114,5862,2039,"CodeTON Round 9 (Div. 1 + Div. 2, Rated, Prizes!)"
lrkhafez01,941,988,47,5862,2039,"CodeTON Round 9 (Div. 1 + Div. 2, Rated, Prizes!)"
Prajwal2212,1194,1172,-22,5862,2039,"CodeTON Round 9 (Div. 1 + Div. 2, Rated, Prizes!)"
sujalbhatu,1258,1221,-37,5867,2039,"CodeTON Round 9 (Div. 1 + Div. 2, Rated, Prizes!)"
jashwantra,1360,1299,-61,5867,2039,"CodeTON Round 9 (Div. 1 + Div. 2, Rated, Prizes!)"
suraj.xd,875,944,69,5867,2039,"CodeTON Round 9 (Div. 1 + Div. 2, Rated, Prizes!)"
_flood,1204,1179,-25,5867,2039,"CodeTON Round 9 (Div. 1 + Div. 2, Rated, Prizes!)"
BinderiyaT,992,1023,31,5871,2039,"CodeTON Round 9 (Div. 1 + Div. 2, Rated, Prizes!)"
SSVCH_ink,993,1024,31,5871,2039,"CodeTON Round 9 (Div. 1 + Div. 2, Rated, Prizes!)"
Devanshu__Sharma,1169,1153,-16,5871,2039,"CodeTON Round 9 (Div. 1 + Div. 2, Rated, Prizes!)"
hollence,1280,1237,-43,5871,2039,"CodeTON Round 9 (Div. 1 + Div. 2, Rated, Prizes!)"
Anish_J,920,973,53,5875,2039,"CodeTON Round 9 (Div. 1 + Div. 2, Rated, Prizes!)"
rRyuga,1019,1042,23,5875,2039,"CodeTON Round 9 (Div. 1 + Div. 2, Rated, Prizes!)"
mohit2003praja,815,904,89,5875,2039,"CodeTON Round 9 (Div. 1 + Div. 2, Rated, Prizes!)"
repugnant,1022,1044,22,5875,2039,"CodeTON Round 9 (Div. 1 + Div. 2, Rated, Prizes!)"
kaosar_the_Joyboy,1137,1129,-8,5875,2039,"CodeTON Round 9 (Div. 1 + Div. 2, Rated, Prizes!)"
VIIs,908,965,57,5880,2039,"CodeTON Round 9 (Div. 1 + Div. 2, Rated, Prizes!)"
Fahmi_Nafi_46,934,983,49,5880,2039,"CodeTON Round 9 (Div. 1 + Div. 2, Rated, Prizes!)"
vanshgambhir,778,880,102,5880,2039,"CodeTON Round 9 (Div. 1 + Div. 2, Rated, Prizes!)"
cym2023,1026,1047,21,5880,2039,"CodeTON Round 9 (Div. 1 + Div. 2, Rated, Prizes!)"
Ajay_2705,926,977,51,5884,2039,"CodeTON Round 9 (Div. 1 + Div. 2, Rated, Prizes!)"
ZIHAD_BEPARI,1151,1139,-12,5884,2039,"CodeTON Round 9 (Div. 1 + Div. 2, Rated, Prizes!)"
Roman_Sivkov2009,943,1045,102,5886,2039,"CodeTON Round 9 (Div. 1 + Div. 2, Rated, Prizes!)"
Cupupyyy,356,668,312,5886,2039,"CodeTON Round 9 (Div. 1 + Div. 2, Rated, Prizes!)"
MisterMasha,1096,1135,39,5888,2039,"CodeTON Round 9 (Div. 1 + Div. 2, Rated, Prizes!)"
rickkcir100,1081,1087,6,5888,2039,"CodeTON Round 9 (Div. 1 + Div. 2, Rated, Prizes!)"
abhishekpan,997,1026,29,5888,2039,"CodeTON Round 9 (Div. 1 + Div. 2, Rated, Prizes!)"
WiseKid,1014,1038,24,5888,2039,"CodeTON Round 9 (Div. 1 + Div. 2, Rated, Prizes!)"
RomalTerix,1146,1134,-12,5892,2039,"CodeTON Round 9 (Div. 1 + Div. 2, Rated, Prizes!)"
Ahmad-Al-Ateek,1172,1154,-18,5892,2039,"CodeTON Round 9 (Div. 1 + Div. 2, Rated, Prizes!)"
btninh208,934,982,48,5892,2039,"CodeTON Round 9 (Div. 1 + Div. 2, Rated, Prizes!)"
N337,935,983,48,5892,2039,"CodeTON Round 9 (Div. 1 + Div. 2, Rated, Prizes!)"
akash66219,1049,1063,14,5892,2039,"CodeTON Round 9 (Div. 1 + Div. 2, Rated, Prizes!)"
Ramzi9,1189,1167,-22,5897,2039,"CodeTON Round 9 (Div. 1 + Div. 2, Rated, Prizes!)"
wanjia40,1064,1136,72,5897,2039,"CodeTON Round 9 (Div. 1 + Div. 2, Rated, Prizes!)"
Pranvesh,1142,1131,-11,5897,2039,"CodeTON Round 9 (Div. 1 + Div. 2, Rated, Prizes!)"
Qw04_Dragoknight,1157,1142,-15,5897,2039,"CodeTON Round 9 (Div. 1 + Div. 2, Rated, Prizes!)"
xzx.com,1291,1245,-46,5897,2039,"CodeTON Round 9 (Div. 1 + Div. 2, Rated, Prizes!)"
jived1224,1125,1119,-6,5897,2039,"CodeTON Round 9 (Div. 1 + Div. 2, Rated, Prizes!)"
anirbanroyneil,1023,1044,21,5903,2039,"CodeTON Round 9 (Div. 1 + Div. 2, Rated, Prizes!)"
kutomei3,392,696,304,5903,2039,"CodeTON Round 9 (Div. 1 + Div. 2, Rated, Prizes!)"
Domzi1,1076,1082,6,5903,2039,"CodeTON Round 9 (Div. 1 + Div. 2, Rated, Prizes!)"
Amir_Jafari,1224,1193,-31,5903,2039,"CodeTON Round 9 (Div. 1 + Div. 2, Rated, Prizes!)"
valiii,1021,1043,22,5903,2039,"CodeTON Round 9 (Div. 1 + Div. 2, Rated, Prizes!)"
Icarus___,987,1018,31,5908,2039,"CodeTON Round 9 (Div. 1 + Div. 2, Rated, Prizes!)"
Abdulla__h,891,952,61,5908,2039,"CodeTON Round 9 (Div. 1 + Div. 2, Rated, Prizes!)"
__byte_bender,940,986,46,5908,2039,"CodeTON Round 9 (Div. 1 + Div. 2, Rated, Prizes!)"
saumya1007,1056,1129,73,5911,2039,"CodeTON Round 9 (Div. 1 + Div. 2, Rated, Prizes!)"
_Hotoru,823,1008,185,5911,2039,"CodeTON Round 9 (Div. 1 + Div. 2, Rated, Prizes!)"
L-S-S,1039,1055,16,5911,2039,"CodeTON Round 9 (Div. 1 + Div. 2, Rated, Prizes!)"
Rabbi_hasan162,1263,1223,-40,5911,2039,"CodeTON Round 9 (Div. 1 + Div. 2, Rated, Prizes!)"
Protagonist,1597,1482,-115,5915,2039,"CodeTON Round 9 (Div. 1 + Div. 2, Rated, Prizes!)"
lucaski2,1370,1305,-65,5915,2039,"CodeTON Round 9 (Div. 1 + Div. 2, Rated, Prizes!)"
KnightCurry,907,963,56,5915,2039,"CodeTON Round 9 (Div. 1 + Div. 2, Rated, Prizes!)"
jiankiyo,1088,1091,3,5915,2039,"CodeTON Round 9 (Div. 1 + Div. 2, Rated, Prizes!)"
vikky_singh,1033,1051,18,5915,2039,"CodeTON Round 9 (Div. 1 + Div. 2, Rated, Prizes!)"
ritesh_3822,1105,1103,-2,5915,2039,"CodeTON Round 9 (Div. 1 + Div. 2, Rated, Prizes!)"
noob71,1071,1078,7,5921,2039,"CodeTON Round 9 (Div. 1 + Div. 2, Rated, Prizes!)"
yog_04,1082,1086,4,5921,2039,"CodeTON Round 9 (Div. 1 + Div. 2, Rated, Prizes!)"
nima.yaqmuri,0,440,440,5921,2039,"CodeTON Round 9 (Div. 1 + Div. 2, Rated, Prizes!)"
Yuckii_,1153,1139,-14,5921,2039,"CodeTON Round 9 (Div. 1 + Div. 2, Rated, Prizes!)"
nob_lz,989,1019,30,5925,2039,"CodeTON Round 9 (Div. 1 + Div. 2, Rated, Prizes!)"
rcssssss,0,440,440,5925,2039,"CodeTON Round 9 (Div. 1 + Div. 2, Rated, Prizes!)"
Biologist,987,1018,31,5925,2039,"CodeTON Round 9 (Div. 1 + Div. 2, Rated, Prizes!)"
MrTyck,1155,1140,-15,5925,2039,"CodeTON Round 9 (Div. 1 + Div. 2, Rated, Prizes!)"
bigfan_of_jiangly,1082,1165,83,5929,2039,"CodeTON Round 9 (Div. 1 + Div. 2, Rated, Prizes!)"
aWty,1277,1233,-44,5929,2039,"CodeTON Round 9 (Div. 1 + Div. 2, Rated, Prizes!)"
AgusMango,1151,1137,-14,5931,2039,"CodeTON Round 9 (Div. 1 + Div. 2, Rated, Prizes!)"
mmto,1150,1201,51,5931,2039,"CodeTON Round 9 (Div. 1 + Div. 2, Rated, Prizes!)"
gerem,1319,1266,-53,5931,2039,"CodeTON Round 9 (Div. 1 + Div. 2, Rated, Prizes!)"
prudhvitejakaraparthi,961,999,38,5931,2039,"CodeTON Round 9 (Div. 1 + Div. 2, Rated, Prizes!)"
Aby0508,1265,1224,-41,5931,2039,"CodeTON Round 9 (Div. 1 + Div. 2, Rated, Prizes!)"
DP__25__,1078,1083,5,5931,2039,"CodeTON Round 9 (Div. 1 + Div. 2, Rated, Prizes!)"
zhenghaoyv,665,886,221,5937,2039,"CodeTON Round 9 (Div. 1 + Div. 2, Rated, Prizes!)"
LuckyFan,418,715,297,5937,2039,"CodeTON Round 9 (Div. 1 + Div. 2, Rated, Prizes!)"
mastercoder421,0,440,440,5937,2039,"CodeTON Round 9 (Div. 1 + Div. 2, Rated, Prizes!)"
Priyanshu_pandey15,1169,1151,-18,5937,2039,"CodeTON Round 9 (Div. 1 + Div. 2, Rated, Prizes!)"
Hao_pp_fan,1384,1316,-68,5937,2039,"CodeTON Round 9 (Div. 1 + Div. 2, Rated, Prizes!)"
anukuljain42,1320,1266,-54,5942,2039,"CodeTON Round 9 (Div. 1 + Div. 2, Rated, Prizes!)"
arf01,1032,1049,17,5942,2039,"CodeTON Round 9 (Div. 1 + Div. 2, Rated, Prizes!)"
snowdesert1,1295,1247,-48,5944,2039,"CodeTON Round 9 (Div. 1 + Div. 2, Rated, Prizes!)"
bhowmik,1358,1295,-63,5944,2039,"CodeTON Round 9 (Div. 1 + Div. 2, Rated, Prizes!)"
subah,1094,1094,0,5944,2039,"CodeTON Round 9 (Div. 1 + Div. 2, Rated, Prizes!)"
islam_001,1143,1130,-13,5944,2039,"CodeTON Round 9 (Div. 1 + Div. 2, Rated, Prizes!)"
mohamed-hani,1364,1300,-64,5944,2039,"CodeTON Round 9 (Div. 1 + Div. 2, Rated, Prizes!)"
AyushAggarwal600,962,999,37,5944,2039,"CodeTON Round 9 (Div. 1 + Div. 2, Rated, Prizes!)"
Sed_Miyuki,1163,1146,-17,5944,2039,"CodeTON Round 9 (Div. 1 + Div. 2, Rated, Prizes!)"
A_M_M,900,957,57,5944,2039,"CodeTON Round 9 (Div. 1 + Div. 2, Rated, Prizes!)"
Azayez,1025,1044,19,5952,2039,"CodeTON Round 9 (Div. 1 + Div. 2, Rated, Prizes!)"
ywsndm,941,985,44,5952,2039,"CodeTON Round 9 (Div. 1 + Div. 2, Rated, Prizes!)"
desaidipesh2002,1090,1091,1,5952,2039,"CodeTON Round 9 (Div. 1 + Div. 2, Rated, Prizes!)"
jay31_patel,1045,1058,13,5952,2039,"CodeTON Round 9 (Div. 1 + Div. 2, Rated, Prizes!)"
learner07,922,972,50,5952,2039,"CodeTON Round 9 (Div. 1 + Div. 2, Rated, Prizes!)"
stibumTr,955,1052,97,5952,2039,"CodeTON Round 9 (Div. 1 + Div. 2, Rated, Prizes!)"
COSMIC_ATOM,889,1015,126,5958,2039,"CodeTON Round 9 (Div. 1 + Div. 2, Rated, Prizes!)"
3bdo_Elkamed,1106,1102,-4,5958,2039,"CodeTON Round 9 (Div. 1 + Div. 2, Rated, Prizes!)"
giddy_quest,1084,1149,65,5958,2039,"CodeTON Round 9 (Div. 1 + Div. 2, Rated, Prizes!)"
imljw,1285,1239,-46,5958,2039,"CodeTON Round 9 (Div. 1 + Div. 2, Rated, Prizes!)"
Ayon,1087,1088,1,5962,2039,"CodeTON Round 9 (Div. 1 + Div. 2, Rated, Prizes!)"
BoysAlgoCry,461,748,287,5962,2039,"CodeTON Round 9 (Div. 1 + Div. 2, Rated, Prizes!)"
MAK963,830,910,80,5962,2039,"CodeTON Round 9 (Div. 1 + Div. 2, Rated, Prizes!)"
TudorEL,924,973,49,5962,2039,"CodeTON Round 9 (Div. 1 + Div. 2, Rated, Prizes!)"
Dragon_Master,935,980,45,5966,2039,"CodeTON Round 9 (Div. 1 + Div. 2, Rated, Prizes!)"
ethanhunt1729,1171,1151,-20,5966,2039,"CodeTON Round 9 (Div. 1 + Div. 2, Rated, Prizes!)"
443eb9,1183,1198,15,5966,2039,"CodeTON Round 9 (Div. 1 + Div. 2, Rated, Prizes!)"
ionize13,631,859,228,5966,2039,"CodeTON Round 9 (Div. 1 + Div. 2, Rated, Prizes!)"
Raystar,1042,1055,13,5966,2039,"CodeTON Round 9 (Div. 1 + Div. 2, Rated, Prizes!)"
Mr.Hacker.,1183,1160,-23,5971,2039,"CodeTON Round 9 (Div. 1 + Div. 2, Rated, Prizes!)"
KyollBM,1040,1054,14,5971,2039,"CodeTON Round 9 (Div. 1 + Div. 2, Rated, Prizes!)"
Adilet.,1002,1027,25,5971,2039,"CodeTON Round 9 (Div. 1 + Div. 2, Rated, Prizes!)"
MonkeSuperiority,1206,1178,-28,5971,2039,"CodeTON Round 9 (Div. 1 + Div. 2, Rated, Prizes!)"
Master_Shifu46,1088,1089,1,5971,2039,"CodeTON Round 9 (Div. 1 + Div. 2, Rated, Prizes!)"
MHS75,931,977,46,5971,2039,"CodeTON Round 9 (Div. 1 + Div. 2, Rated, Prizes!)"
D.D.T.,998,1024,26,5977,2039,"CodeTON Round 9 (Div. 1 + Div. 2, Rated, Prizes!)"
naman__02,1157,1140,-17,5977,2039,"CodeTON Round 9 (Div. 1 + Div. 2, Rated, Prizes!)"
inkera5664,945,986,41,5979,2039,"CodeTON Round 9 (Div. 1 + Div. 2, Rated, Prizes!)"
People_machine,1184,1161,-23,5979,2039,"CodeTON Round 9 (Div. 1 + Div. 2, Rated, Prizes!)"
ebrahim_77,1169,1149,-20,5979,2039,"CodeTON Round 9 (Div. 1 + Div. 2, Rated, Prizes!)"
erreze,1069,1074,5,5982,2039,"CodeTON Round 9 (Div. 1 + Div. 2, Rated, Prizes!)"
Dogeon188,0,438,438,5982,2039,"CodeTON Round 9 (Div. 1 + Div. 2, Rated, Prizes!)"
StyreX,0,438,438,5982,2039,"CodeTON Round 9 (Div. 1 + Div. 2, Rated, Prizes!)"
AnSharma84,478,760,282,5982,2039,"CodeTON Round 9 (Div. 1 + Div. 2, Rated, Prizes!)"
HEMANTH_GHANTA,1244,1206,-38,5982,2039,"CodeTON Round 9 (Div. 1 + Div. 2, Rated, Prizes!)"
prakharsingh13,1318,1263,-55,5982,2039,"CodeTON Round 9 (Div. 1 + Div. 2, Rated, Prizes!)"
coder_cpp,1177,1155,-22,5982,2039,"CodeTON Round 9 (Div. 1 + Div. 2, Rated, Prizes!)"
Buri_Buri_Zaemon493,818,1002,184,5989,2039,"CodeTON Round 9 (Div. 1 + Div. 2, Rated, Prizes!)"
cnawal07,1281,1235,-46,5989,2039,"CodeTON Round 9 (Div. 1 + Div. 2, Rated, Prizes!)"
ZiadZaza,1508,1411,-97,5989,2039,"CodeTON Round 9 (Div. 1 + Div. 2, Rated, Prizes!)"
tzking,914,964,50,5989,2039,"CodeTON Round 9 (Div. 1 + Div. 2, Rated, Prizes!)"
Maruf_68,885,945,60,5989,2039,"CodeTON Round 9 (Div. 1 + Div. 2, Rated, Prizes!)"
Vencas,1059,1129,70,5994,2039,"CodeTON Round 9 (Div. 1 + Div. 2, Rated, Prizes!)"
Zapyatochka,1281,1234,-47,5994,2039,"CodeTON Round 9 (Div. 1 + Div. 2, Rated, Prizes!)"
Lazy_Thinker,938,981,43,5994,2039,"CodeTON Round 9 (Div. 1 + Div. 2, Rated, Prizes!)"
google_1234,1392,1321,-71,5994,2039,"CodeTON Round 9 (Div. 1 + Div. 2, Rated, Prizes!)"
cecoipavel,809,953,144,5994,2039,"CodeTON Round 9 (Div. 1 + Div. 2, Rated, Prizes!)"
randomhand,360,668,308,5999,2039,"CodeTON Round 9 (Div. 1 + Div. 2, Rated, Prizes!)"
Surajshivam919810,833,910,77,5999,2039,"CodeTON Round 9 (Div. 1 + Div. 2, Rated, Prizes!)"
The_Binary_Brawler,848,920,72,5999,2039,"CodeTON Round 9 (Div. 1 + Div. 2, Rated, Prizes!)"
tryT10,0,438,438,6002,2039,"CodeTON Round 9 (Div. 1 + Div. 2, Rated, Prizes!)"
sudipjana777,1134,1122,-12,6002,2039,"CodeTON Round 9 (Div. 1 + Div. 2, Rated, Prizes!)"
dhxxiifv,1387,1317,-70,6002,2039,"CodeTON Round 9 (Div. 1 + Div. 2, Rated, Prizes!)"
HelloKitty-y,922,969,47,6005,2039,"CodeTON Round 9 (Div. 1 + Div. 2, Rated, Prizes!)"
Muhammad_Osama_Fahim,1134,1122,-12,6005,2039,"CodeTON Round 9 (Div. 1 + Div. 2, Rated, Prizes!)"
Afjal_Sayed,1209,1179,-30,6005,2039,"CodeTON Round 9 (Div. 1 + Div. 2, Rated, Prizes!)"
zirikato,891,948,57,6005,2039,"CodeTON Round 9 (Div. 1 + Div. 2, Rated, Prizes!)"
YooNdoo,779,875,96,6005,2039,"CodeTON Round 9 (Div. 1 + Div. 2, Rated, Prizes!)"
GRIF,950,989,39,6005,2039,"CodeTON Round 9 (Div. 1 + Div. 2, Rated, Prizes!)"
T_500XIN,1135,1122,-13,6005,2039,"CodeTON Round 9 (Div. 1 + Div. 2, Rated, Prizes!)"
kidaem,1076,1079,3,6012,2039,"CodeTON Round 9 (Div. 1 + Div. 2, Rated, Prizes!)"
maile123,814,957,143,6012,2039,"CodeTON Round 9 (Div. 1 + Div. 2, Rated, Prizes!)"
semoga_ac,986,1049,63,6012,2039,"CodeTON Round 9 (Div. 1 + Div. 2, Rated, Prizes!)"
SummitClimbingDevil,1462,1375,-87,6012,2039,"CodeTON Round 9 (Div. 1 + Div. 2, Rated, Prizes!)"
DX_3906,0,438,438,6016,2039,"CodeTON Round 9 (Div. 1 + Div. 2, Rated, Prizes!)"
kakake,938,1015,77,6016,2039,"CodeTON Round 9 (Div. 1 + Div. 2, Rated, Prizes!)"
LONKI,1202,1239,37,6016,2039,"CodeTON Round 9 (Div. 1 + Div. 2, Rated, Prizes!)"
AdSaw05_,1196,1169,-27,6016,2039,"CodeTON Round 9 (Div. 1 + Div. 2, Rated, Prizes!)"
Stabgoblin,958,994,36,6020,2039,"CodeTON Round 9 (Div. 1 + Div. 2, Rated, Prizes!)"
StrangerbonD,1152,1135,-17,6020,2039,"CodeTON Round 9 (Div. 1 + Div. 2, Rated, Prizes!)"
goofy_v,1250,1210,-40,6020,2039,"CodeTON Round 9 (Div. 1 + Div. 2, Rated, Prizes!)"
Timey,1195,1168,-27,6020,2039,"CodeTON Round 9 (Div. 1 + Div. 2, Rated, Prizes!)"
Vastaway,1270,1225,-45,6024,2039,"CodeTON Round 9 (Div. 1 + Div. 2, Rated, Prizes!)"
HosseinMomeni,836,973,137,6024,2039,"CodeTON Round 9 (Div. 1 + Div. 2, Rated, Prizes!)"
wondering001,1374,1306,-68,6024,2039,"CodeTON Round 9 (Div. 1 + Div. 2, Rated, Prizes!)"
Ifty_283,847,919,72,6024,2039,"CodeTON Round 9 (Div. 1 + Div. 2, Rated, Prizes!)"
MagNneto,1090,1088,-2,6024,2039,"CodeTON Round 9 (Div. 1 + Div. 2, Rated, Prizes!)"
mengyour,501,777,276,6029,2039,"CodeTON Round 9 (Div. 1 + Div. 2, Rated, Prizes!)"
Quyts,1054,1062,8,6029,2039,"CodeTON Round 9 (Div. 1 + Div. 2, Rated, Prizes!)"
Ruheluobixieqing,1228,1193,-35,6031,2039,"CodeTON Round 9 (Div. 1 + Div. 2, Rated, Prizes!)"
amcsz,1198,1170,-28,6031,2039,"CodeTON Round 9 (Div. 1 + Div. 2, Rated, Prizes!)"
mahfuz_07,956,992,36,6031,2039,"CodeTON Round 9 (Div. 1 + Div. 2, Rated, Prizes!)"
Yedige2,1340,1279,-61,6031,2039,"CodeTON Round 9 (Div. 1 + Div. 2, Rated, Prizes!)"
Fireflys,891,947,56,6031,2039,"CodeTON Round 9 (Div. 1 + Div. 2, Rated, Prizes!)"
Leoxz,1120,1110,-10,6036,2039,"CodeTON Round 9 (Div. 1 + Div. 2, Rated, Prizes!)"
zineq,1078,1079,1,6036,2039,"CodeTON Round 9 (Div. 1 + Div. 2, Rated, Prizes!)"
Nandy006,1352,1288,-64,6036,2039,"CodeTON Round 9 (Div. 1 + Div. 2, Rated, Prizes!)"
WilliamWinslow,757,892,135,6036,2039,"CodeTON Round 9 (Div. 1 + Div. 2, Rated, Prizes!)"
bdnerd,617,846,229,6036,2039,"CodeTON Round 9 (Div. 1 + Div. 2, Rated, Prizes!)"
raj8963,1102,1097,-5,6036,2039,"CodeTON Round 9 (Div. 1 + Div. 2, Rated, Prizes!)"
CharlesJJ,0,437,437,6042,2039,"CodeTON Round 9 (Div. 1 + Div. 2, Rated, Prizes!)"
tomaso,1187,1161,-26,6042,2039,"CodeTON Round 9 (Div. 1 + Div. 2, Rated, Prizes!)"
MR.Kaka87,1333,1273,-60,6042,2039,"CodeTON Round 9 (Div. 1 + Div. 2, Rated, Prizes!)"
Axeo7520,987,1013,26,6045,2039,"CodeTON Round 9 (Div. 1 + Div. 2, Rated, Prizes!)"
Muzzammil314159,1181,1156,-25,6045,2039,"CodeTON Round 9 (Div. 1 + Div. 2, Rated, Prizes!)"
_.rajababu,588,759,171,6045,2039,"CodeTON Round 9 (Div. 1 + Div. 2, Rated, Prizes!)"
RIFAT048,1214,1181,-33,6045,2039,"CodeTON Round 9 (Div. 1 + Div. 2, Rated, Prizes!)"
clifong2002,1031,1045,14,6045,2039,"CodeTON Round 9 (Div. 1 + Div. 2, Rated, Prizes!)"
Vudy,0,437,437,6050,2039,"CodeTON Round 9 (Div. 1 + Div. 2, Rated, Prizes!)"
Coder_Tanish,937,978,41,6050,2039,"CodeTON Round 9 (Div. 1 + Div. 2, Rated, Prizes!)"
eyasir329,952,988,36,6052,2039,"CodeTON Round 9 (Div. 1 + Div. 2, Rated, Prizes!)"
LargeCPHumanModel,1450,1365,-85,6052,2039,"CodeTON Round 9 (Div. 1 + Div. 2, Rated, Prizes!)"
Ragib100,1128,1116,-12,6052,2039,"CodeTON Round 9 (Div. 1 + Div. 2, Rated, Prizes!)"
Keep_ON_Coding_2009,983,1010,27,6052,2039,"CodeTON Round 9 (Div. 1 + Div. 2, Rated, Prizes!)"
TengK,1212,1180,-32,6052,2039,"CodeTON Round 9 (Div. 1 + Div. 2, Rated, Prizes!)"
Subtle_G,957,992,35,6057,2039,"CodeTON Round 9 (Div. 1 + Div. 2, Rated, Prizes!)"
Kaytbay,1097,1092,-5,6057,2039,"CodeTON Round 9 (Div. 1 + Div. 2, Rated, Prizes!)"
torus711,1517,1417,-100,6057,2039,"CodeTON Round 9 (Div. 1 + Div. 2, Rated, Prizes!)"
ahmedfouadnew,1685,1548,-137,6057,2039,"CodeTON Round 9 (Div. 1 + Div. 2, Rated, Prizes!)"
sheepfish,415,709,294,6057,2039,"CodeTON Round 9 (Div. 1 + Div. 2, Rated, Prizes!)"
Lamle,1356,1291,-65,6057,2039,"CodeTON Round 9 (Div. 1 + Div. 2, Rated, Prizes!)"
fatihm,1171,1149,-22,6063,2039,"CodeTON Round 9 (Div. 1 + Div. 2, Rated, Prizes!)"
the_seal,996,1055,59,6063,2039,"CodeTON Round 9 (Div. 1 + Div. 2, Rated, Prizes!)"
So-noSlack,1114,1186,72,6063,2039,"CodeTON Round 9 (Div. 1 + Div. 2, Rated, Prizes!)"
FiripYamagusi,968,999,31,6066,2039,"CodeTON Round 9 (Div. 1 + Div. 2, Rated, Prizes!)"
WindyPoulsen,756,890,134,6066,2039,"CodeTON Round 9 (Div. 1 + Div. 2, Rated, Prizes!)"
siddhant1100115,1086,1148,62,6066,2039,"CodeTON Round 9 (Div. 1 + Div. 2, Rated, Prizes!)"
Lyr_ids,1455,1368,-87,6066,2039,"CodeTON Round 9 (Div. 1 + Div. 2, Rated, Prizes!)"
amoxilin,989,1074,85,6066,2039,"CodeTON Round 9 (Div. 1 + Div. 2, Rated, Prizes!)"
The6thWall,818,898,80,6066,2039,"CodeTON Round 9 (Div. 1 + Div. 2, Rated, Prizes!)"
Pratham18,981,1008,27,6066,2039,"CodeTON Round 9 (Div. 1 + Div. 2, Rated, Prizes!)"
Bequnia,952,988,36,6073,2039,"CodeTON Round 9 (Div. 1 + Div. 2, Rated, Prizes!)"
decode_abhay,952,988,36,6073,2039,"CodeTON Round 9 (Div. 1 + Div. 2, Rated, Prizes!)"
balkytelgara,865,962,97,6073,2039,"CodeTON Round 9 (Div. 1 + Div. 2, Rated, Prizes!)"
MirazHossain_847,1062,1066,4,6073,2039,"CodeTON Round 9 (Div. 1 + Div. 2, Rated, Prizes!)"
big_mike,0,436,436,6073,2039,"CodeTON Round 9 (Div. 1 + Div. 2, Rated, Prizes!)"
hamxiang,1186,1159,-27,6078,2039,"CodeTON Round 9 (Div. 1 + Div. 2, Rated, Prizes!)"
Freddie744,1116,1144,28,6078,2039,"CodeTON Round 9 (Div. 1 + Div. 2, Rated, Prizes!)"
Shrayasheesaha123,1032,1045,13,6078,2039,"CodeTON Round 9 (Div. 1 + Div. 2, Rated, Prizes!)"
XavierSewell,754,888,134,6081,2039,"CodeTON Round 9 (Div. 1 + Div. 2, Rated, Prizes!)"
imaginary_faye,921,966,45,6081,2039,"CodeTON Round 9 (Div. 1 + Div. 2, Rated, Prizes!)"
RahaZK,774,869,95,6081,2039,"CodeTON Round 9 (Div. 1 + Div. 2, Rated, Prizes!)"
amar31661,899,951,52,6081,2039,"CodeTON Round 9 (Div. 1 + Div. 2, Rated, Prizes!)"
yuanyulin,904,954,50,6081,2039,"CodeTON Round 9 (Div. 1 + Div. 2, Rated, Prizes!)"
Mo-Seg,1177,1218,41,6081,2039,"CodeTON Round 9 (Div. 1 + Div. 2, Rated, Prizes!)"
3ttili,811,892,81,6087,2039,"CodeTON Round 9 (Div. 1 + Div. 2, Rated, Prizes!)"
NTLE,674,807,133,6087,2039,"CodeTON Round 9 (Div. 1 + Div. 2, Rated, Prizes!)"
Mohd_Attili,1053,1059,6,6089,2039,"CodeTON Round 9 (Div. 1 + Div. 2, Rated, Prizes!)"
tAatreya7,0,436,436,6089,2039,"CodeTON Round 9 (Div. 1 + Div. 2, Rated, Prizes!)"
OmarRashid147,956,989,33,6089,2039,"CodeTON Round 9 (Div. 1 + Div. 2, Rated, Prizes!)"
yyyyyyyf,1155,1136,-19,6089,2039,"CodeTON Round 9 (Div. 1 + Div. 2, Rated, Prizes!)"
IbnuAmin4,1149,1131,-18,6089,2039,"CodeTON Round 9 (Div. 1 + Div. 2, Rated, Prizes!)"
Shaido,1205,1173,-32,6089,2039,"CodeTON Round 9 (Div. 1 + Div. 2, Rated, Prizes!)"
lhwdqfjioaiovhiaiov,943,980,37,6095,2039,"CodeTON Round 9 (Div. 1 + Div. 2, Rated, Prizes!)"
Mr_InFerN00,1010,1028,18,6095,2039,"CodeTON Round 9 (Div. 1 + Div. 2, Rated, Prizes!)"
kill_me_again,1017,1033,16,6095,2039,"CodeTON Round 9 (Div. 1 + Div. 2, Rated, Prizes!)"
codeddresser,1004,1099,95,6095,2039,"CodeTON Round 9 (Div. 1 + Div. 2, Rated, Prizes!)"
ja_ya,1035,1046,11,6095,2039,"CodeTON Round 9 (Div. 1 + Div. 2, Rated, Prizes!)"
shanto758,1076,1076,0,6100,2039,"CodeTON Round 9 (Div. 1 + Div. 2, Rated, Prizes!)"
BLUEJOKE,1200,1169,-31,6100,2039,"CodeTON Round 9 (Div. 1 + Div. 2, Rated, Prizes!)"
wdsk,979,1065,86,6100,2039,"CodeTON Round 9 (Div. 1 + Div. 2, Rated, Prizes!)"
Ninja7769,1042,1113,71,6100,2039,"CodeTON Round 9 (Div. 1 + Div. 2, Rated, Prizes!)"
Gojo1809,0,435,435,6100,2039,"CodeTON Round 9 (Div. 1 + Div. 2, Rated, Prizes!)"
ka_li,1042,1051,9,6105,2039,"CodeTON Round 9 (Div. 1 + Div. 2, Rated, Prizes!)"
ShelleyPritchard,756,889,133,6105,2039,"CodeTON Round 9 (Div. 1 + Div. 2, Rated, Prizes!)"
koushikad,1255,1211,-44,6105,2039,"CodeTON Round 9 (Div. 1 + Div. 2, Rated, Prizes!)"
ZAX_80,1179,1153,-26,6108,2039,"CodeTON Round 9 (Div. 1 + Div. 2, Rated, Prizes!)"
teja_kallari23,810,942,132,6108,2039,"CodeTON Round 9 (Div. 1 + Div. 2, Rated, Prizes!)"
anshuman-dubey,1155,1135,-20,6108,2039,"CodeTON Round 9 (Div. 1 + Div. 2, Rated, Prizes!)"
ASHWINISINGH17,1374,1303,-71,6108,2039,"CodeTON Round 9 (Div. 1 + Div. 2, Rated, Prizes!)"
Muhammadali_2009,1427,1345,-82,6108,2039,"CodeTON Round 9 (Div. 1 + Div. 2, Rated, Prizes!)"
shuvo37,1052,1057,5,6113,2039,"CodeTON Round 9 (Div. 1 + Div. 2, Rated, Prizes!)"
sukhman123,787,876,89,6113,2039,"CodeTON Round 9 (Div. 1 + Div. 2, Rated, Prizes!)"
Rinslyr,838,961,123,6113,2039,"CodeTON Round 9 (Div. 1 + Div. 2, Rated, Prizes!)"
shree_swami_samarth,1342,1278,-64,6113,2039,"CodeTON Round 9 (Div. 1 + Div. 2, Rated, Prizes!)"
Otaku_Zoldyck,690,816,126,6113,2039,"CodeTON Round 9 (Div. 1 + Div. 2, Rated, Prizes!)"
RishabhArora,1074,1074,0,6113,2039,"CodeTON Round 9 (Div. 1 + Div. 2, Rated, Prizes!)"
plain_wave,0,435,435,6113,2039,"CodeTON Round 9 (Div. 1 + Div. 2, Rated, Prizes!)"
pshan,385,684,299,6120,2039,"CodeTON Round 9 (Div. 1 + Div. 2, Rated, Prizes!)"
BoostedBot,995,1092,97,6120,2039,"CodeTON Round 9 (Div. 1 + Div. 2, Rated, Prizes!)"
Pavlo,1000,1020,20,6120,2039,"CodeTON Round 9 (Div. 1 + Div. 2, Rated, Prizes!)"
raj_mistry01,866,927,61,6120,2039,"CodeTON Round 9 (Div. 1 + Div. 2, Rated, Prizes!)"
mainframeKnight,469,749,280,6120,2039,"CodeTON Round 9 (Div. 1 + Div. 2, Rated, Prizes!)"
Arghya71,854,972,118,6125,2039,"CodeTON Round 9 (Div. 1 + Div. 2, Rated, Prizes!)"
hariom15102004,1264,1218,-46,6125,2039,"CodeTON Round 9 (Div. 1 + Div. 2, Rated, Prizes!)"
Clapclapclap,1105,1161,56,6127,2039,"CodeTON Round 9 (Div. 1 + Div. 2, Rated, Prizes!)"
Littichoka,1072,1072,0,6127,2039,"CodeTON Round 9 (Div. 1 + Div. 2, Rated, Prizes!)"
DavitBakh,1065,1066,1,6129,2039,"CodeTON Round 9 (Div. 1 + Div. 2, Rated, Prizes!)"
cn000,1017,1093,76,6129,2039,"CodeTON Round 9 (Div. 1 + Div. 2, Rated, Prizes!)"
skt_code_dead,1052,1057,5,6129,2039,"CodeTON Round 9 (Div. 1 + Div. 2, Rated, Prizes!)"
Diana07Bello,952,985,33,6129,2039,"CodeTON Round 9 (Div. 1 + Div. 2, Rated, Prizes!)"
user8885Vp,1046,1053,7,6129,2039,"CodeTON Round 9 (Div. 1 + Div. 2, Rated, Prizes!)"
fairice,1392,1317,-75,6134,2039,"CodeTON Round 9 (Div. 1 + Div. 2, Rated, Prizes!)"
Sqrt_-1,966,995,29,6134,2039,"CodeTON Round 9 (Div. 1 + Div. 2, Rated, Prizes!)"
aditya_1148,1062,1064,2,6134,2039,"CodeTON Round 9 (Div. 1 + Div. 2, Rated, Prizes!)"
arbitcoper,930,970,40,6134,2039,"CodeTON Round 9 (Div. 1 + Div. 2, Rated, Prizes!)"
forfucksake.,1100,1092,-8,6138,2039,"CodeTON Round 9 (Div. 1 + Div. 2, Rated, Prizes!)"
patelcodeforces,784,873,89,6138,2039,"CodeTON Round 9 (Div. 1 + Div. 2, Rated, Prizes!)"
Kkamnyan,934,972,38,6140,2039,"CodeTON Round 9 (Div. 1 + Div. 2, Rated, Prizes!)"
Special_One,1075,1073,-2,6140,2039,"CodeTON Round 9 (Div. 1 + Div. 2, Rated, Prizes!)"
Bleary,934,972,38,6140,2039,"CodeTON Round 9 (Div. 1 + Div. 2, Rated, Prizes!)"
Mocking_Jay_,986,1009,23,6140,2039,"CodeTON Round 9 (Div. 1 + Div. 2, Rated, Prizes!)"
kuxha,1033,1043,10,6140,2039,"CodeTON Round 9 (Div. 1 + Div. 2, Rated, Prizes!)"
Vyaduct,1079,1076,-3,6140,2039,"CodeTON Round 9 (Div. 1 + Div. 2, Rated, Prizes!)"
Sakib_Imtiaz,908,954,46,6146,2039,"CodeTON Round 9 (Div. 1 + Div. 2, Rated, Prizes!)"
Inevitble,971,998,27,6146,2039,"CodeTON Round 9 (Div. 1 + Div. 2, Rated, Prizes!)"
wangzs,1049,1054,5,6146,2039,"CodeTON Round 9 (Div. 1 + Div. 2, Rated, Prizes!)"
Deepesh-Tiwari,1280,1229,-51,6146,2039,"CodeTON Round 9 (Div. 1 + Div. 2, Rated, Prizes!)"
nasir0v,1382,1309,-73,6146,2039,"CodeTON Round 9 (Div. 1 + Div. 2, Rated, Prizes!)"
omennia,1188,1158,-30,6146,2039,"CodeTON Round 9 (Div. 1 + Div. 2, Rated, Prizes!)"
mcarrion1,1113,1101,-12,6152,2039,"CodeTON Round 9 (Div. 1 + Div. 2, Rated, Prizes!)"
0nmYWaY,1194,1163,-31,6152,2039,"CodeTON Round 9 (Div. 1 + Div. 2, Rated, Prizes!)"
FisherGo,1241,1238,-3,6152,2039,"CodeTON Round 9 (Div. 1 + Div. 2, Rated, Prizes!)"
focus_costan,963,1066,103,6152,2039,"CodeTON Round 9 (Div. 1 + Div. 2, Rated, Prizes!)"
fx_tourist,973,999,26,6152,2039,"CodeTON Round 9 (Div. 1 + Div. 2, Rated, Prizes!)"
taimour.1,1077,1112,35,6152,2039,"CodeTON Round 9 (Div. 1 + Div. 2, Rated, Prizes!)"
Hataru,1466,1374,-92,6152,2039,"CodeTON Round 9 (Div. 1 + Div. 2, Rated, Prizes!)"
jaisanan,922,963,41,6159,2039,"CodeTON Round 9 (Div. 1 + Div. 2, Rated, Prizes!)"
Bhuiyan.,1116,1103,-13,6159,2039,"CodeTON Round 9 (Div. 1 + Div. 2, Rated, Prizes!)"
haque_3,1165,1141,-24,6159,2039,"CodeTON Round 9 (Div. 1 + Div. 2, Rated, Prizes!)"
Jison_Chakma,898,947,49,6159,2039,"CodeTON Round 9 (Div. 1 + Div. 2, Rated, Prizes!)"
a_ho,1282,1230,-52,6163,2039,"CodeTON Round 9 (Div. 1 + Div. 2, Rated, Prizes!)"
satan0710,758,910,152,6164,2039,"CodeTON Round 9 (Div. 1 + Div. 2, Rated, Prizes!)"
trunghieubnt_cg_nh,956,1046,90,6164,2039,"CodeTON Round 9 (Div. 1 + Div. 2, Rated, Prizes!)"
humairaislam,1038,1045,7,6164,2039,"CodeTON Round 9 (Div. 1 + Div. 2, Rated, Prizes!)"
dlnsy,0,434,434,6164,2039,"CodeTON Round 9 (Div. 1 + Div. 2, Rated, Prizes!)"
petrenslavik,1215,1179,-36,6168,2039,"CodeTON Round 9 (Div. 1 + Div. 2, Rated, Prizes!)"
shoharab512,1091,1084,-7,6168,2039,"CodeTON Round 9 (Div. 1 + Div. 2, Rated, Prizes!)"
ChopinF,1175,1148,-27,6170,2039,"CodeTON Round 9 (Div. 1 + Div. 2, Rated, Prizes!)"
Jyotiprakashh,1317,1257,-60,6170,2039,"CodeTON Round 9 (Div. 1 + Div. 2, Rated, Prizes!)"
ngbao07dona,1512,1410,-102,6172,2039,"CodeTON Round 9 (Div. 1 + Div. 2, Rated, Prizes!)"
shashanksp851,1189,1158,-31,6172,2039,"CodeTON Round 9 (Div. 1 + Div. 2, Rated, Prizes!)"
Manan_Bihani,1366,1295,-71,6172,2039,"CodeTON Round 9 (Div. 1 + Div. 2, Rated, Prizes!)"
foonssk,1177,1149,-28,6172,2039,"CodeTON Round 9 (Div. 1 + Div. 2, Rated, Prizes!)"
Bubbleawa,911,990,79,6176,2039,"CodeTON Round 9 (Div. 1 + Div. 2, Rated, Prizes!)"
hangz,1165,1140,-25,6176,2039,"CodeTON Round 9 (Div. 1 + Div. 2, Rated, Prizes!)"
sharaf_makahleh,1610,1486,-124,6178,2039,"CodeTON Round 9 (Div. 1 + Div. 2, Rated, Prizes!)"
secret_room1,827,961,134,6178,2039,"CodeTON Round 9 (Div. 1 + Div. 2, Rated, Prizes!)"
Arif_0.1,858,919,61,6178,2039,"CodeTON Round 9 (Div. 1 + Div. 2, Rated, Prizes!)"
Prat_ghost3378,763,914,151,6178,2039,"CodeTON Round 9 (Div. 1 + Div. 2, Rated, Prizes!)"
Frozen_H,1171,1145,-26,6182,2039,"CodeTON Round 9 (Div. 1 + Div. 2, Rated, Prizes!)"
nooop,923,963,40,6182,2039,"CodeTON Round 9 (Div. 1 + Div. 2, Rated, Prizes!)"
mr__turningpoint,1111,1099,-12,6184,2039,"CodeTON Round 9 (Div. 1 + Div. 2, Rated, Prizes!)"
linux_mint,476,753,277,6184,2039,"CodeTON Round 9 (Div. 1 + Div. 2, Rated, Prizes!)"
JnB,807,886,79,6184,2039,"CodeTON Round 9 (Div. 1 + Div. 2, Rated, Prizes!)"
Adrenaline_00,1189,1158,-31,6184,2039,"CodeTON Round 9 (Div. 1 + Div. 2, Rated, Prizes!)"
Maruf_,782,869,87,6184,2039,"CodeTON Round 9 (Div. 1 + Div. 2, Rated, Prizes!)"
doubledouble,932,969,37,6189,2039,"CodeTON Round 9 (Div. 1 + Div. 2, Rated, Prizes!)"
Nazmul_TheDarkHorse,1019,1030,11,6189,2039,"CodeTON Round 9 (Div. 1 + Div. 2, Rated, Prizes!)"
return___zero,1271,1221,-50,6189,2039,"CodeTON Round 9 (Div. 1 + Div. 2, Rated, Prizes!)"
harshsharma301a,864,923,59,6189,2039,"CodeTON Round 9 (Div. 1 + Div. 2, Rated, Prizes!)"
Yash_29,1109,1097,-12,6193,2039,"CodeTON Round 9 (Div. 1 + Div. 2, Rated, Prizes!)"
Shimu_Guyue,1039,1045,6,6193,2039,"CodeTON Round 9 (Div. 1 + Div. 2, Rated, Prizes!)"
M1le,1129,1112,-17,6193,2039,"CodeTON Round 9 (Div. 1 + Div. 2, Rated, Prizes!)"
VARKALA_THOMA,1120,1105,-15,6196,2039,"CodeTON Round 9 (Div. 1 + Div. 2, Rated, Prizes!)"
racel,1179,1150,-29,6197,2039,"CodeTON Round 9 (Div. 1 + Div. 2, Rated, Prizes!)"
parle17,1031,1040,9,6197,2039,"CodeTON Round 9 (Div. 1 + Div. 2, Rated, Prizes!)"
Amisha_Bharti,1249,1204,-45,6199,2039,"CodeTON Round 9 (Div. 1 + Div. 2, Rated, Prizes!)"
sp_mehedi,1075,1071,-4,6199,2039,"CodeTON Round 9 (Div. 1 + Div. 2, Rated, Prizes!)"
Luna_chan,0,433,433,6199,2039,"CodeTON Round 9 (Div. 1 + Div. 2, Rated, Prizes!)"
kunaljani,618,842,224,6199,2039,"CodeTON Round 9 (Div. 1 + Div. 2, Rated, Prizes!)"
pyrokines,1179,1150,-29,6203,2039,"CodeTON Round 9 (Div. 1 + Div. 2, Rated, Prizes!)"
nhmktu,916,1028,112,6203,2039,"CodeTON Round 9 (Div. 1 + Div. 2, Rated, Prizes!)"
nish123_,963,990,27,6203,2039,"CodeTON Round 9 (Div. 1 + Div. 2, Rated, Prizes!)"
leo_pu,1233,1191,-42,6206,2039,"CodeTON Round 9 (Div. 1 + Div. 2, Rated, Prizes!)"
maxremzi,1107,1095,-12,6207,2039,"CodeTON Round 9 (Div. 1 + Div. 2, Rated, Prizes!)"
sadt,1130,1113,-17,6207,2039,"CodeTON Round 9 (Div. 1 + Div. 2, Rated, Prizes!)"
iShowSpeedForces,1493,1394,-99,6207,2039,"CodeTON Round 9 (Div. 1 + Div. 2, Rated, Prizes!)"
Shahd_Ku,981,1003,22,6210,2039,"CodeTON Round 9 (Div. 1 + Div. 2, Rated, Prizes!)"
neel27,1297,1241,-56,6210,2039,"CodeTON Round 9 (Div. 1 + Div. 2, Rated, Prizes!)"
spxdiode,1189,1158,-31,6210,2039,"CodeTON Round 9 (Div. 1 + Div. 2, Rated, Prizes!)"
ArcticFox,1248,1203,-45,6213,2039,"CodeTON Round 9 (Div. 1 + Div. 2, Rated, Prizes!)"
Yadaavdevesh,1453,1402,-51,6213,2039,"CodeTON Round 9 (Div. 1 + Div. 2, Rated, Prizes!)"
TheSupremacy55,944,977,33,6213,2039,"CodeTON Round 9 (Div. 1 + Div. 2, Rated, Prizes!)"
seer_of_c,987,1007,20,6213,2039,"CodeTON Round 9 (Div. 1 + Div. 2, Rated, Prizes!)"
Lexible,438,722,284,6217,2039,"CodeTON Round 9 (Div. 1 + Div. 2, Rated, Prizes!)"
Eul3rTurret,933,1027,94,6217,2039,"CodeTON Round 9 (Div. 1 + Div. 2, Rated, Prizes!)"
manish36,942,975,33,6217,2039,"CodeTON Round 9 (Div. 1 + Div. 2, Rated, Prizes!)"
Vilrabad,920,960,40,6217,2039,"CodeTON Round 9 (Div. 1 + Div. 2, Rated, Prizes!)"
Sagarnage,1107,1094,-13,6221,2039,"CodeTON Round 9 (Div. 1 + Div. 2, Rated, Prizes!)"
Bakytz7zaN,1059,1059,0,6221,2039,"CodeTON Round 9 (Div. 1 + Div. 2, Rated, Prizes!)"
yRajveer,683,891,208,6221,2039,"CodeTON Round 9 (Div. 1 + Div. 2, Rated, Prizes!)"
MinhTri_Star,1126,1109,-17,6224,2039,"CodeTON Round 9 (Div. 1 + Div. 2, Rated, Prizes!)"
FakeRussian,1209,1172,-37,6224,2039,"CodeTON Round 9 (Div. 1 + Div. 2, Rated, Prizes!)"
mdmahabub55,989,1008,19,6224,2039,"CodeTON Round 9 (Div. 1 + Div. 2, Rated, Prizes!)"
blackpanther1729,965,991,26,6224,2039,"CodeTON Round 9 (Div. 1 + Div. 2, Rated, Prizes!)"
sierracharlie,852,913,61,6224,2039,"CodeTON Round 9 (Div. 1 + Div. 2, Rated, Prizes!)"
robayed_110,1128,1110,-18,6229,2039,"CodeTON Round 9 (Div. 1 + Div. 2, Rated, Prizes!)"
Ali.Bghn,1078,1073,-5,6229,2039,"CodeTON Round 9 (Div. 1 + Div. 2, Rated, Prizes!)"
wolvie758,1033,1039,6,6231,2039,"CodeTON Round 9 (Div. 1 + Div. 2, Rated, Prizes!)"
Nitin_dev,1019,1030,11,6231,2039,"CodeTON Round 9 (Div. 1 + Div. 2, Rated, Prizes!)"
Eris.sd,1079,1073,-6,6233,2039,"CodeTON Round 9 (Div. 1 + Div. 2, Rated, Prizes!)"
bro_code,1348,1279,-69,6233,2039,"CodeTON Round 9 (Div. 1 + Div. 2, Rated, Prizes!)"
Owaish777,1215,1176,-39,6233,2039,"CodeTON Round 9 (Div. 1 + Div. 2, Rated, Prizes!)"
Bhanu1312,1202,1166,-36,6233,2039,"CodeTON Round 9 (Div. 1 + Div. 2, Rated, Prizes!)"
maomaoMAOMAO,588,818,230,6237,2039,"CodeTON Round 9 (Div. 1 + Div. 2, Rated, Prizes!)"
_The_eRRoR_,984,1004,20,6237,2039,"CodeTON Round 9 (Div. 1 + Div. 2, Rated, Prizes!)"
joj00,1114,1099,-15,6237,2039,"CodeTON Round 9 (Div. 1 + Div. 2, Rated, Prizes!)"
LamaSalah,1152,1128,-24,6237,2039,"CodeTON Round 9 (Div. 1 + Div. 2, Rated, Prizes!)"
Ahnaf_Akib_Tanim,1290,1234,-56,6237,2039,"CodeTON Round 9 (Div. 1 + Div. 2, Rated, Prizes!)"
SushantAhuja,987,1006,19,6242,2039,"CodeTON Round 9 (Div. 1 + Div. 2, Rated, Prizes!)"
PeachyGalaxy,956,984,28,6242,2039,"CodeTON Round 9 (Div. 1 + Div. 2, Rated, Prizes!)"
militantmind,1087,1079,-8,6242,2039,"CodeTON Round 9 (Div. 1 + Div. 2, Rated, Prizes!)"
sa9432216,942,1032,90,6242,2039,"CodeTON Round 9 (Div. 1 + Div. 2, Rated, Prizes!)"
Arko408,976,998,22,6242,2039,"CodeTON Round 9 (Div. 1 + Div. 2, Rated, Prizes!)"
K_vinay_123,1377,1302,-75,6247,2039,"CodeTON Round 9 (Div. 1 + Div. 2, Rated, Prizes!)"
_WhatToDo_,1261,1212,-49,6247,2039,"CodeTON Round 9 (Div. 1 + Div. 2, Rated, Prizes!)"
Deep_Thought_Programs,830,961,131,6247,2039,"CodeTON Round 9 (Div. 1 + Div. 2, Rated, Prizes!)"
Biswadev,967,991,24,6250,2039,"CodeTON Round 9 (Div. 1 + Div. 2, Rated, Prizes!)"
Shravan6398,1226,1184,-42,6250,2039,"CodeTON Round 9 (Div. 1 + Div. 2, Rated, Prizes!)"
RSHAM,907,949,42,6252,2039,"CodeTON Round 9 (Div. 1 + Div. 2, Rated, Prizes!)"
Pranav418,1127,1109,-18,6253,2039,"CodeTON Round 9 (Div. 1 + Div. 2, Rated, Prizes!)"
jiejieya,423,710,287,6253,2039,"CodeTON Round 9 (Div. 1 + Div. 2, Rated, Prizes!)"
jalalcse24,0,432,432,6253,2039,"CodeTON Round 9 (Div. 1 + Div. 2, Rated, Prizes!)"
Angelica_dahuric,1018,1028,10,6256,2039,"CodeTON Round 9 (Div. 1 + Div. 2, Rated, Prizes!)"
michaelhe,711,911,200,6256,2039,"CodeTON Round 9 (Div. 1 + Div. 2, Rated, Prizes!)"
kingslayer17,1218,1178,-40,6256,2039,"CodeTON Round 9 (Div. 1 + Div. 2, Rated, Prizes!)"
Ostentatious,1057,1056,-1,6259,2039,"CodeTON Round 9 (Div. 1 + Div. 2, Rated, Prizes!)"
naman_chawda,891,1007,116,6260,2039,"CodeTON Round 9 (Div. 1 + Div. 2, Rated, Prizes!)"
hmz,1043,1046,3,6260,2039,"CodeTON Round 9 (Div. 1 + Div. 2, Rated, Prizes!)"
CQYZ2025_,1621,1493,-128,6260,2039,"CodeTON Round 9 (Div. 1 + Div. 2, Rated, Prizes!)"
6ix9in3,655,868,213,6263,2039,"CodeTON Round 9 (Div. 1 + Div. 2, Rated, Prizes!)"
Always_WA14,0,431,431,6263,2039,"CodeTON Round 9 (Div. 1 + Div. 2, Rated, Prizes!)"
xzxxzxz,1028,1071,43,6263,2039,"CodeTON Round 9 (Div. 1 + Div. 2, Rated, Prizes!)"
Jian132363,941,1031,90,6263,2039,"CodeTON Round 9 (Div. 1 + Div. 2, Rated, Prizes!)"
mr.president,1057,1056,-1,6263,2039,"CodeTON Round 9 (Div. 1 + Div. 2, Rated, Prizes!)"
yureki3657,1200,1164,-36,6268,2039,"CodeTON Round 9 (Div. 1 + Div. 2, Rated, Prizes!)"
Thuan_white_hat,991,1008,17,6268,2039,"CodeTON Round 9 (Div. 1 + Div. 2, Rated, Prizes!)"
Ludopata,1325,1261,-64,6268,2039,"CodeTON Round 9 (Div. 1 + Div. 2, Rated, Prizes!)"
wisteria-camellia,1072,1067,-5,6271,2039,"CodeTON Round 9 (Div. 1 + Div. 2, Rated, Prizes!)"
_SohamK,853,978,125,6271,2039,"CodeTON Round 9 (Div. 1 + Div. 2, Rated, Prizes!)"
Lemom,1071,1066,-5,6271,2039,"CodeTON Round 9 (Div. 1 + Div. 2, Rated, Prizes!)"
aayush2304,615,837,222,6271,2039,"CodeTON Round 9 (Div. 1 + Div. 2, Rated, Prizes!)"
RINI,1054,1053,-1,6271,2039,"CodeTON Round 9 (Div. 1 + Div. 2, Rated, Prizes!)"
giorgustsibius,1151,1126,-25,6276,2039,"CodeTON Round 9 (Div. 1 + Div. 2, Rated, Prizes!)"
abinjohn2003,1008,1020,12,6276,2039,"CodeTON Round 9 (Div. 1 + Div. 2, Rated, Prizes!)"
copycat69,0,431,431,6276,2039,"CodeTON Round 9 (Div. 1 + Div. 2, Rated, Prizes!)"
denyschepelyuk,1149,1125,-24,6276,2039,"CodeTON Round 9 (Div. 1 + Div. 2, Rated, Prizes!)"
night30nk,805,880,75,6280,2039,"CodeTON Round 9 (Div. 1 + Div. 2, Rated, Prizes!)"
boob_lick,0,431,431,6280,2039,"CodeTON Round 9 (Div. 1 + Div. 2, Rated, Prizes!)"
graspppp,896,941,45,6280,2039,"CodeTON Round 9 (Div. 1 + Div. 2, Rated, Prizes!)"
wangchunbin,0,431,431,6283,2039,"CodeTON Round 9 (Div. 1 + Div. 2, Rated, Prizes!)"
Radit27GT,779,863,84,6283,2039,"CodeTON Round 9 (Div. 1 + Div. 2, Rated, Prizes!)"
Fahim_Gazi,828,895,67,6283,2039,"CodeTON Round 9 (Div. 1 + Div. 2, Rated, Prizes!)"
soyboy,0,431,431,6283,2039,"CodeTON Round 9 (Div. 1 + Div. 2, Rated, Prizes!)"
Nanromi,0,431,431,6287,2039,"CodeTON Round 9 (Div. 1 + Div. 2, Rated, Prizes!)"
Serial_Chiller,1100,1087,-13,6288,2039,"CodeTON Round 9 (Div. 1 + Div. 2, Rated, Prizes!)"
Minhaz123,905,947,42,6288,2039,"CodeTON Round 9 (Div. 1 + Div. 2, Rated, Prizes!)"
frozen_coder,991,1084,93,6288,2039,"CodeTON Round 9 (Div. 1 + Div. 2, Rated, Prizes!)"
tinytroubles,1180,1186,6,6291,2039,"CodeTON Round 9 (Div. 1 + Div. 2, Rated, Prizes!)"
hasanjakir,1220,1179,-41,6291,2039,"CodeTON Round 9 (Div. 1 + Div. 2, Rated, Prizes!)"
Deceptive_XO,1025,1032,7,6293,2039,"CodeTON Round 9 (Div. 1 + Div. 2, Rated, Prizes!)"
Kai_06,0,430,430,6293,2039,"CodeTON Round 9 (Div. 1 + Div. 2, Rated, Prizes!)"
Pavly-Makram,1075,1068,-7,6293,2039,"CodeTON Round 9 (Div. 1 + Div. 2, Rated, Prizes!)"
qwerty_po,1623,1494,-129,6296,2039,"CodeTON Round 9 (Div. 1 + Div. 2, Rated, Prizes!)"
tshell,1097,1085,-12,6297,2039,"CodeTON Round 9 (Div. 1 + Div. 2, Rated, Prizes!)"
manas06,1070,1064,-6,6297,2039,"CodeTON Round 9 (Div. 1 + Div. 2, Rated, Prizes!)"
bcyz,1072,1066,-6,6299,2039,"CodeTON Round 9 (Div. 1 + Div. 2, Rated, Prizes!)"
_NabeelAhsan_,1122,1104,-18,6300,2039,"CodeTON Round 9 (Div. 1 + Div. 2, Rated, Prizes!)"
aliomran,952,979,27,6300,2039,"CodeTON Round 9 (Div. 1 + Div. 2, Rated, Prizes!)"
dhaniya_patti,990,1006,16,6300,2039,"CodeTON Round 9 (Div. 1 + Div. 2, Rated, Prizes!)"
basakdeepra,957,982,25,6303,2039,"CodeTON Round 9 (Div. 1 + Div. 2, Rated, Prizes!)"
LHPxMango,1364,1290,-74,6303,2039,"CodeTON Round 9 (Div. 1 + Div. 2, Rated, Prizes!)"
.ShadowMan.,876,995,119,6303,2039,"CodeTON Round 9 (Div. 1 + Div. 2, Rated, Prizes!)"
Tasin_t,372,668,296,6306,2039,"CodeTON Round 9 (Div. 1 + Div. 2, Rated, Prizes!)"
_guess_who_is_back,1222,1180,-42,6306,2039,"CodeTON Round 9 (Div. 1 + Div. 2, Rated, Prizes!)"
Priyanshu03MM,1212,1172,-40,6306,2039,"CodeTON Round 9 (Div. 1 + Div. 2, Rated, Prizes!)"
mohitonly,1092,1145,53,6306,2039,"CodeTON Round 9 (Div. 1 + Div. 2, Rated, Prizes!)"
timeisvaccum,1026,1032,6,6306,2039,"CodeTON Round 9 (Div. 1 + Div. 2, Rated, Prizes!)"
ilove_cp3000,962,985,23,6306,2039,"CodeTON Round 9 (Div. 1 + Div. 2, Rated, Prizes!)"
amine_meddeb,1184,1150,-34,6312,2039,"CodeTON Round 9 (Div. 1 + Div. 2, Rated, Prizes!)"
myhero0382,0,430,430,6312,2039,"CodeTON Round 9 (Div. 1 + Div. 2, Rated, Prizes!)"
safin17.8,1245,1197,-48,6312,2039,"CodeTON Round 9 (Div. 1 + Div. 2, Rated, Prizes!)"
falcZhang,1264,1212,-52,6312,2039,"CodeTON Round 9 (Div. 1 + Div. 2, Rated, Prizes!)"
trippyruffle,1256,1206,-50,6312,2039,"CodeTON Round 9 (Div. 1 + Div. 2, Rated, Prizes!)"
Andrey_Tyukh,1083,1073,-10,6312,2039,"CodeTON Round 9 (Div. 1 + Div. 2, Rated, Prizes!)"
LovesickRaj,885,932,47,6318,2039,"CodeTON Round 9 (Div. 1 + Div. 2, Rated, Prizes!)"
greedyX,948,976,28,6318,2039,"CodeTON Round 9 (Div. 1 + Div. 2, Rated, Prizes!)"
_j.himansh,1015,1023,8,6320,2039,"CodeTON Round 9 (Div. 1 + Div. 2, Rated, Prizes!)"
Awwab_coder123,903,944,41,6321,2039,"CodeTON Round 9 (Div. 1 + Div. 2, Rated, Prizes!)"
MrAlastr,0,429,429,6321,2039,"CodeTON Round 9 (Div. 1 + Div. 2, Rated, Prizes!)"
Rashed_islam,843,903,60,6321,2039,"CodeTON Round 9 (Div. 1 + Div. 2, Rated, Prizes!)"
-NOT,857,913,56,6321,2039,"CodeTON Round 9 (Div. 1 + Div. 2, Rated, Prizes!)"
Black_Hole_51,1147,1122,-25,6321,2039,"CodeTON Round 9 (Div. 1 + Div. 2, Rated, Prizes!)"
debu2211,402,691,289,6326,2039,"CodeTON Round 9 (Div. 1 + Div. 2, Rated, Prizes!)"
the_One_and_Only_GAD,0,430,430,6327,2039,"CodeTON Round 9 (Div. 1 + Div. 2, Rated, Prizes!)"
_Albaraa_,1100,1086,-14,6327,2039,"CodeTON Round 9 (Div. 1 + Div. 2, Rated, Prizes!)"
khun_,1089,1078,-11,6327,2039,"CodeTON Round 9 (Div. 1 + Div. 2, Rated, Prizes!)"
scx1011907,1007,1017,10,6330,2039,"CodeTON Round 9 (Div. 1 + Div. 2, Rated, Prizes!)"
y.seledkin,0,430,430,6330,2039,"CodeTON Round 9 (Div. 1 + Div. 2, Rated, Prizes!)"
Indocstere,1083,1073,-10,6330,2039,"CodeTON Round 9 (Div. 1 + Div. 2, Rated, Prizes!)"
dhruvvurhd,1228,1184,-44,6330,2039,"CodeTON Round 9 (Div. 1 + Div. 2, Rated, Prizes!)"
xhf,724,919,195,6330,2039,"CodeTON Round 9 (Div. 1 + Div. 2, Rated, Prizes!)"
Scyth_Kronos,1203,1164,-39,6335,2039,"CodeTON Round 9 (Div. 1 + Div. 2, Rated, Prizes!)"
archer41156,1140,1182,42,6335,2039,"CodeTON Round 9 (Div. 1 + Div. 2, Rated, Prizes!)"
prasannakasar,935,966,31,6337,2039,"CodeTON Round 9 (Div. 1 + Div. 2, Rated, Prizes!)"
adityap22,0,429,429,6337,2039,"CodeTON Round 9 (Div. 1 + Div. 2, Rated, Prizes!)"
lusakanower,1008,1018,10,6337,2039,"CodeTON Round 9 (Div. 1 + Div. 2, Rated, Prizes!)"
SamX64,649,861,212,6340,2039,"CodeTON Round 9 (Div. 1 + Div. 2, Rated, Prizes!)"
Vansh_Motwani_IIITH,1099,1085,-14,6340,2039,"CodeTON Round 9 (Div. 1 + Div. 2, Rated, Prizes!)"
Jahidul_CSE,662,789,127,6340,2039,"CodeTON Round 9 (Div. 1 + Div. 2, Rated, Prizes!)"
KartikRathore,1128,1107,-21,6340,2039,"CodeTON Round 9 (Div. 1 + Div. 2, Rated, Prizes!)"
divyagarg,834,896,62,6344,2039,"CodeTON Round 9 (Div. 1 + Div. 2, Rated, Prizes!)"
almt,926,959,33,6344,2039,"CodeTON Round 9 (Div. 1 + Div. 2, Rated, Prizes!)"
Coder_zjb,670,877,207,6346,2039,"CodeTON Round 9 (Div. 1 + Div. 2, Rated, Prizes!)"
dipta-2003,1005,1015,10,6346,2039,"CodeTON Round 9 (Div. 1 + Div. 2, Rated, Prizes!)"
harmlesshulk,1457,1362,-95,6346,2039,"CodeTON Round 9 (Div. 1 + Div. 2, Rated, Prizes!)"
VicMac,1454,1360,-94,6346,2039,"CodeTON Round 9 (Div. 1 + Div. 2, Rated, Prizes!)"
charanvelumani,1112,1095,-17,6346,2039,"CodeTON Round 9 (Div. 1 + Div. 2, Rated, Prizes!)"
Vanh1910,1315,1251,-64,6351,2039,"CodeTON Round 9 (Div. 1 + Div. 2, Rated, Prizes!)"
Crusader_001,1015,1022,7,6351,2039,"CodeTON Round 9 (Div. 1 + Div. 2, Rated, Prizes!)"
Mikhailovna,1121,1102,-19,6351,2039,"CodeTON Round 9 (Div. 1 + Div. 2, Rated, Prizes!)"
PrashamMehta,875,924,49,6351,2039,"CodeTON Round 9 (Div. 1 + Div. 2, Rated, Prizes!)"
Arpita6379,776,859,83,6355,2039,"CodeTON Round 9 (Div. 1 + Div. 2, Rated, Prizes!)"
liquidcat,382,675,293,6356,2039,"CodeTON Round 9 (Div. 1 + Div. 2, Rated, Prizes!)"
LONEWOLF09,1046,1045,-1,6356,2039,"CodeTON Round 9 (Div. 1 + Div. 2, Rated, Prizes!)"
MDao,465,740,275,6356,2039,"CodeTON Round 9 (Div. 1 + Div. 2, Rated, Prizes!)"
S.A.ALIF,991,1005,14,6356,2039,"CodeTON Round 9 (Div. 1 + Div. 2, Rated, Prizes!)"
sahilkumar993277,668,875,207,6360,2039,"CodeTON Round 9 (Div. 1 + Div. 2, Rated, Prizes!)"
Hhw48,1147,1121,-26,6360,2039,"CodeTON Round 9 (Div. 1 + Div. 2, Rated, Prizes!)"
EIR94326,1052,1049,-3,6360,2039,"CodeTON Round 9 (Div. 1 + Div. 2, Rated, Prizes!)"
liuchengen,860,913,53,6360,2039,"CodeTON Round 9 (Div. 1 + Div. 2, Rated, Prizes!)"
Evgenchk,1282,1225,-57,6364,2039,"CodeTON Round 9 (Div. 1 + Div. 2, Rated, Prizes!)"
lazylemon,1106,1090,-16,6364,2039,"CodeTON Round 9 (Div. 1 + Div. 2, Rated, Prizes!)"
Snehangshu,935,965,30,6364,2039,"CodeTON Round 9 (Div. 1 + Div. 2, Rated, Prizes!)"
zekkrron,1173,1140,-33,6367,2039,"CodeTON Round 9 (Div. 1 + Div. 2, Rated, Prizes!)"
HanaSoliman,1155,1127,-28,6367,2039,"CodeTON Round 9 (Div. 1 + Div. 2, Rated, Prizes!)"
JayKushwaha,1244,1195,-49,6367,2039,"CodeTON Round 9 (Div. 1 + Div. 2, Rated, Prizes!)"
kong_mda,1301,1239,-62,6370,2039,"CodeTON Round 9 (Div. 1 + Div. 2, Rated, Prizes!)"
vs20_gw,1229,1183,-46,6370,2039,"CodeTON Round 9 (Div. 1 + Div. 2, Rated, Prizes!)"
Dulal_169,1373,1296,-77,6372,2039,"CodeTON Round 9 (Div. 1 + Div. 2, Rated, Prizes!)"
Aiyaari,0,429,429,6372,2039,"CodeTON Round 9 (Div. 1 + Div. 2, Rated, Prizes!)"
Unique47,797,871,74,6374,2039,"CodeTON Round 9 (Div. 1 + Div. 2, Rated, Prizes!)"
notaBot101,1251,1200,-51,6374,2039,"CodeTON Round 9 (Div. 1 + Div. 2, Rated, Prizes!)"
thnam12,1147,1159,12,6374,2039,"CodeTON Round 9 (Div. 1 + Div. 2, Rated, Prizes!)"
Ravindra_Rinwa,1278,1221,-57,6374,2039,"CodeTON Round 9 (Div. 1 + Div. 2, Rated, Prizes!)"
ur1,1046,1108,62,6378,2039,"CodeTON Round 9 (Div. 1 + Div. 2, Rated, Prizes!)"
3shry_mo,1266,1212,-54,6378,2039,"CodeTON Round 9 (Div. 1 + Div. 2, Rated, Prizes!)"
zaynalabeden223,733,884,151,6380,2039,"CodeTON Round 9 (Div. 1 + Div. 2, Rated, Prizes!)"
xod,1067,1097,30,6380,2039,"CodeTON Round 9 (Div. 1 + Div. 2, Rated, Prizes!)"
ricezilla35,1238,1190,-48,6382,2039,"CodeTON Round 9 (Div. 1 + Div. 2, Rated, Prizes!)"
A_Dead_Man,947,972,25,6382,2039,"CodeTON Round 9 (Div. 1 + Div. 2, Rated, Prizes!)"
strawHatking,989,1080,91,6382,2039,"CodeTON Round 9 (Div. 1 + Div. 2, Rated, Prizes!)"
liusuhang123,0,428,428,6382,2039,"CodeTON Round 9 (Div. 1 + Div. 2, Rated, Prizes!)"
Sort0m,1505,1400,-105,6382,2039,"CodeTON Round 9 (Div. 1 + Div. 2, Rated, Prizes!)"
KanishkGupta2004,1097,1082,-15,6382,2039,"CodeTON Round 9 (Div. 1 + Div. 2, Rated, Prizes!)"
Euler.,1166,1134,-32,6388,2039,"CodeTON Round 9 (Div. 1 + Div. 2, Rated, Prizes!)"
NavnitM1611,858,911,53,6388,2039,"CodeTON Round 9 (Div. 1 + Div. 2, Rated, Prizes!)"
kamulboyev__diyorbek,1202,1162,-40,6388,2039,"CodeTON Round 9 (Div. 1 + Div. 2, Rated, Prizes!)"
mamun795,933,962,29,6391,2039,"CodeTON Round 9 (Div. 1 + Div. 2, Rated, Prizes!)"
LHkeeper,1277,1259,-18,6391,2039,"CodeTON Round 9 (Div. 1 + Div. 2, Rated, Prizes!)"
tanemuzzaman0084,723,823,100,6391,2039,"CodeTON Round 9 (Div. 1 + Div. 2, Rated, Prizes!)"
Sala_math,1159,1129,-30,6394,2039,"CodeTON Round 9 (Div. 1 + Div. 2, Rated, Prizes!)"
stevenarellano,1110,1157,47,6394,2039,"CodeTON Round 9 (Div. 1 + Div. 2, Rated, Prizes!)"
_SHAHARUK_,893,934,41,6394,2039,"CodeTON Round 9 (Div. 1 + Div. 2, Rated, Prizes!)"
vRohith07,1070,1126,56,6397,2039,"CodeTON Round 9 (Div. 1 + Div. 2, Rated, Prizes!)"
Barreru_Titor,1373,1295,-78,6397,2039,"CodeTON Round 9 (Div. 1 + Div. 2, Rated, Prizes!)"
fisherman6a,1105,1088,-17,6397,2039,"CodeTON Round 9 (Div. 1 + Div. 2, Rated, Prizes!)"
techtrekker,1095,1080,-15,6400,2039,"CodeTON Round 9 (Div. 1 + Div. 2, Rated, Prizes!)"
luckkk,1264,1210,-54,6400,2039,"CodeTON Round 9 (Div. 1 + Div. 2, Rated, Prizes!)"
Al_Noman22,859,911,52,6400,2039,"CodeTON Round 9 (Div. 1 + Div. 2, Rated, Prizes!)"
nguyenhoangthongnbk2006,942,968,26,6400,2039,"CodeTON Round 9 (Div. 1 + Div. 2, Rated, Prizes!)"
Joshi_Y,1069,1060,-9,6404,2039,"CodeTON Round 9 (Div. 1 + Div. 2, Rated, Prizes!)"
galaxy_kitty,1159,1128,-31,6404,2039,"CodeTON Round 9 (Div. 1 + Div. 2, Rated, Prizes!)"
BakhtiyarN,1009,1016,7,6404,2039,"CodeTON Round 9 (Div. 1 + Div. 2, Rated, Prizes!)"
seb_the_goat,450,727,277,6404,2039,"CodeTON Round 9 (Div. 1 + Div. 2, Rated, Prizes!)"
gehadd,1013,1019,6,6404,2039,"CodeTON Round 9 (Div. 1 + Div. 2, Rated, Prizes!)"
faritu_23,1027,1029,2,6404,2039,"CodeTON Round 9 (Div. 1 + Div. 2, Rated, Prizes!)"
Nishu_Coder,844,901,57,6404,2039,"CodeTON Round 9 (Div. 1 + Div. 2, Rated, Prizes!)"
Lunjia0305,858,977,119,6411,2039,"CodeTON Round 9 (Div. 1 + Div. 2, Rated, Prizes!)"
Srinivas_379,977,993,16,6411,2039,"CodeTON Round 9 (Div. 1 + Div. 2, Rated, Prizes!)"
K32VuThiNgocAnh,0,428,428,6411,2039,"CodeTON Round 9 (Div. 1 + Div. 2, Rated, Prizes!)"
dasap,1058,1089,31,6414,2039,"CodeTON Round 9 (Div. 1 + Div. 2, Rated, Prizes!)"
pigeon4298,1144,1116,-28,6415,2039,"CodeTON Round 9 (Div. 1 + Div. 2, Rated, Prizes!)"
AFC2002,1041,1039,-2,6415,2039,"CodeTON Round 9 (Div. 1 + Div. 2, Rated, Prizes!)"
jadoocoder,1114,1094,-20,6417,2039,"CodeTON Round 9 (Div. 1 + Div. 2, Rated, Prizes!)"
Arun_baghel1,854,907,53,6417,2039,"CodeTON Round 9 (Div. 1 + Div. 2, Rated, Prizes!)"
Amithhh,949,973,24,6419,2039,"CodeTON Round 9 (Div. 1 + Div. 2, Rated, Prizes!)"
zov4ik,0,427,427,6419,2039,"CodeTON Round 9 (Div. 1 + Div. 2, Rated, Prizes!)"
target_igm,1950,1749,-201,6419,2039,"CodeTON Round 9 (Div. 1 + Div. 2, Rated, Prizes!)"
Jaime_012,1144,1116,-28,6419,2039,"CodeTON Round 9 (Div. 1 + Div. 2, Rated, Prizes!)"
Ay1n_Das,1190,1152,-38,6419,2039,"CodeTON Round 9 (Div. 1 + Div. 2, Rated, Prizes!)"
Turkeyy,1106,1088,-18,6419,2039,"CodeTON Round 9 (Div. 1 + Div. 2, Rated, Prizes!)"
padmendray30,0,427,427,6425,2039,"CodeTON Round 9 (Div. 1 + Div. 2, Rated, Prizes!)"
xkcda,1068,1059,-9,6425,2039,"CodeTON Round 9 (Div. 1 + Div. 2, Rated, Prizes!)"
shadowcase,1023,1025,2,6427,2039,"CodeTON Round 9 (Div. 1 + Div. 2, Rated, Prizes!)"
maffiozz0,626,841,215,6427,2039,"CodeTON Round 9 (Div. 1 + Div. 2, Rated, Prizes!)"
unicorn_150,805,937,132,6427,2039,"CodeTON Round 9 (Div. 1 + Div. 2, Rated, Prizes!)"
Devblitz,1292,1231,-61,6427,2039,"CodeTON Round 9 (Div. 1 + Div. 2, Rated, Prizes!)"
EQUILIBRIUM17,908,1001,93,6431,2039,"CodeTON Round 9 (Div. 1 + Div. 2, Rated, Prizes!)"
MathModel,1084,1070,-14,6432,2039,"CodeTON Round 9 (Div. 1 + Div. 2, Rated, Prizes!)"
adawfafawf,674,791,117,6432,2039,"CodeTON Round 9 (Div. 1 + Div. 2, Rated, Prizes!)"
sadaf,929,958,29,6432,2039,"CodeTON Round 9 (Div. 1 + Div. 2, Rated, Prizes!)"
One_Head,1138,1112,-26,6435,2039,"CodeTON Round 9 (Div. 1 + Div. 2, Rated, Prizes!)"
lyl_ccut,984,996,12,6436,2039,"CodeTON Round 9 (Div. 1 + Div. 2, Rated, Prizes!)"
praveenguptaa,990,1001,11,6436,2039,"CodeTON Round 9 (Div. 1 + Div. 2, Rated, Prizes!)"
vimalathithan17,377,669,292,6436,2039,"CodeTON Round 9 (Div. 1 + Div. 2, Rated, Prizes!)"
Varshith127,1120,1098,-22,6436,2039,"CodeTON Round 9 (Div. 1 + Div. 2, Rated, Prizes!)"
cjd666,867,971,104,6440,2039,"CodeTON Round 9 (Div. 1 + Div. 2, Rated, Prizes!)"
tamal_kanti123,966,984,18,6441,2039,"CodeTON Round 9 (Div. 1 + Div. 2, Rated, Prizes!)"
shiloh69420,1082,1068,-14,6441,2039,"CodeTON Round 9 (Div. 1 + Div. 2, Rated, Prizes!)"
kareemalwam,908,943,35,6441,2039,"CodeTON Round 9 (Div. 1 + Div. 2, Rated, Prizes!)"
Forbearance,630,843,213,6441,2039,"CodeTON Round 9 (Div. 1 + Div. 2, Rated, Prizes!)"
harrySquires123,626,840,214,6445,2039,"CodeTON Round 9 (Div. 1 + Div. 2, Rated, Prizes!)"
materekh,1641,1505,-136,6445,2039,"CodeTON Round 9 (Div. 1 + Div. 2, Rated, Prizes!)"
khansiyam216,1015,1019,4,6445,2039,"CodeTON Round 9 (Div. 1 + Div. 2, Rated, Prizes!)"
OrionSour_05,412,696,284,6445,2039,"CodeTON Round 9 (Div. 1 + Div. 2, Rated, Prizes!)"
m.olimovvv,967,984,17,6449,2039,"CodeTON Round 9 (Div. 1 + Div. 2, Rated, Prizes!)"
ehsanul.karim.talha,946,969,23,6449,2039,"CodeTON Round 9 (Div. 1 + Div. 2, Rated, Prizes!)"
omar_abdeen01,881,924,43,6449,2039,"CodeTON Round 9 (Div. 1 + Div. 2, Rated, Prizes!)"
Dhruva_2001,940,965,25,6452,2039,"CodeTON Round 9 (Div. 1 + Div. 2, Rated, Prizes!)"
Daki-sa,1173,1138,-35,6453,2039,"CodeTON Round 9 (Div. 1 + Div. 2, Rated, Prizes!)"
_Balerion,1260,1205,-55,6453,2039,"CodeTON Round 9 (Div. 1 + Div. 2, Rated, Prizes!)"
ysahu,1585,1461,-124,6453,2039,"CodeTON Round 9 (Div. 1 + Div. 2, Rated, Prizes!)"
0xmar,1011,1016,5,6453,2039,"CodeTON Round 9 (Div. 1 + Div. 2, Rated, Prizes!)"
udaycodeforcess,810,929,119,6457,2039,"CodeTON Round 9 (Div. 1 + Div. 2, Rated, Prizes!)"
Sarvan_Yaduvanshi_,1163,1214,51,6457,2039,"CodeTON Round 9 (Div. 1 + Div. 2, Rated, Prizes!)"
SphericalCow,1167,1133,-34,6457,2039,"CodeTON Round 9 (Div. 1 + Div. 2, Rated, Prizes!)"
silent_Joy,1047,1042,-5,6460,2039,"CodeTON Round 9 (Div. 1 + Div. 2, Rated, Prizes!)"
Mohamed_shahata,1077,1064,-13,6460,2039,"CodeTON Round 9 (Div. 1 + Div. 2, Rated, Prizes!)"
anikpodder,1055,1048,-7,6462,2039,"CodeTON Round 9 (Div. 1 + Div. 2, Rated, Prizes!)"
Rafsan18,1313,1247,-66,6463,2039,"CodeTON Round 9 (Div. 1 + Div. 2, Rated, Prizes!)"
mee01,1069,1058,-11,6463,2039,"CodeTON Round 9 (Div. 1 + Div. 2, Rated, Prizes!)"
Sherma_Thangam_S,1093,1076,-17,6465,2039,"CodeTON Round 9 (Div. 1 + Div. 2, Rated, Prizes!)"
DARK_CL0UD,1022,1024,2,6465,2039,"CodeTON Round 9 (Div. 1 + Div. 2, Rated, Prizes!)"
wck_iipi,975,989,14,6467,2039,"CodeTON Round 9 (Div. 1 + Div. 2, Rated, Prizes!)"
nirbhay_singh499,1228,1180,-48,6467,2039,"CodeTON Round 9 (Div. 1 + Div. 2, Rated, Prizes!)"
Saikot,1228,1180,-48,6469,2039,"CodeTON Round 9 (Div. 1 + Div. 2, Rated, Prizes!)"
isteak_imon,926,1013,87,6469,2039,"CodeTON Round 9 (Div. 1 + Div. 2, Rated, Prizes!)"
amj24,1061,1052,-9,6471,2039,"CodeTON Round 9 (Div. 1 + Div. 2, Rated, Prizes!)"
Rakib03,1051,1044,-7,6471,2039,"CodeTON Round 9 (Div. 1 + Div. 2, Rated, Prizes!)"
theminacious,1038,1072,34,6473,2039,"CodeTON Round 9 (Div. 1 + Div. 2, Rated, Prizes!)"
CanIcross1700,1027,1064,37,6473,2039,"CodeTON Round 9 (Div. 1 + Div. 2, Rated, Prizes!)"
Dada1312,812,876,64,6473,2039,"CodeTON Round 9 (Div. 1 + Div. 2, Rated, Prizes!)"
eragon_shadeslayer,1189,1149,-40,6473,2039,"CodeTON Round 9 (Div. 1 + Div. 2, Rated, Prizes!)"
TheTechieGuy,1322,1253,-69,6477,2039,"CodeTON Round 9 (Div. 1 + Div. 2, Rated, Prizes!)"
del1990ta,1191,1151,-40,6477,2039,"CodeTON Round 9 (Div. 1 + Div. 2, Rated, Prizes!)"
wingbuster,0,426,426,6477,2039,"CodeTON Round 9 (Div. 1 + Div. 2, Rated, Prizes!)"
SevenRedSuns,1065,1055,-10,6477,2039,"CodeTON Round 9 (Div. 1 + Div. 2, Rated, Prizes!)"
single_habla,750,836,86,6481,2039,"CodeTON Round 9 (Div. 1 + Div. 2, Rated, Prizes!)"
Adarsh_agrahari,992,1001,9,6481,2039,"CodeTON Round 9 (Div. 1 + Div. 2, Rated, Prizes!)"
dhsh1975,916,947,31,6483,2039,"CodeTON Round 9 (Div. 1 + Div. 2, Rated, Prizes!)"
hyp123321,1189,1149,-40,6483,2039,"CodeTON Round 9 (Div. 1 + Div. 2, Rated, Prizes!)"
toorisk,1117,1094,-23,6483,2039,"CodeTON Round 9 (Div. 1 + Div. 2, Rated, Prizes!)"
quandum,1293,1230,-63,6486,2039,"CodeTON Round 9 (Div. 1 + Div. 2, Rated, Prizes!)"
404-BrainNotFound,1173,1137,-36,6486,2039,"CodeTON Round 9 (Div. 1 + Div. 2, Rated, Prizes!)"
Miracle75,812,876,64,6486,2039,"CodeTON Round 9 (Div. 1 + Div. 2, Rated, Prizes!)"
ritex3_in,1091,1074,-17,6489,2039,"CodeTON Round 9 (Div. 1 + Div. 2, Rated, Prizes!)"
mdshahriaswapno,764,844,80,6489,2039,"CodeTON Round 9 (Div. 1 + Div. 2, Rated, Prizes!)"
dontknow69,569,795,226,6491,2039,"CodeTON Round 9 (Div. 1 + Div. 2, Rated, Prizes!)"
Alraaafi,1125,1100,-25,6491,2039,"CodeTON Round 9 (Div. 1 + Div. 2, Rated, Prizes!)"
Shoutyu,964,980,16,6493,2039,"CodeTON Round 9 (Div. 1 + Div. 2, Rated, Prizes!)"
KRATI_AGARWAL,652,859,207,6493,2039,"CodeTON Round 9 (Div. 1 + Div. 2, Rated, Prizes!)"
ArseniyLeontev,867,969,102,6493,2039,"CodeTON Round 9 (Div. 1 + Div. 2, Rated, Prizes!)"
CP12433,1141,1112,-29,6496,2039,"CodeTON Round 9 (Div. 1 + Div. 2, Rated, Prizes!)"
star_xiangmy,1311,1244,-67,6497,2039,"CodeTON Round 9 (Div. 1 + Div. 2, Rated, Prizes!)"
anshul_57,903,995,92,6497,2039,"CodeTON Round 9 (Div. 1 + Div. 2, Rated, Prizes!)"
jatinnekela,1205,1161,-44,6497,2039,"CodeTON Round 9 (Div. 1 + Div. 2, Rated, Prizes!)"
Xia_third,0,426,426,6497,2039,"CodeTON Round 9 (Div. 1 + Div. 2, Rated, Prizes!)"
zsh260439,584,807,223,6497,2039,"CodeTON Round 9 (Div. 1 + Div. 2, Rated, Prizes!)"
__TAMIM,1160,1126,-34,6497,2039,"CodeTON Round 9 (Div. 1 + Div. 2, Rated, Prizes!)"
sm_tousif21,1041,1036,-5,6497,2039,"CodeTON Round 9 (Div. 1 + Div. 2, Rated, Prizes!)"
arsh_kat,1032,1029,-3,6504,2039,"CodeTON Round 9 (Div. 1 + Div. 2, Rated, Prizes!)"
Abn_elsayed,1037,1033,-4,6504,2039,"CodeTON Round 9 (Div. 1 + Div. 2, Rated, Prizes!)"
Nogaybica,477,745,268,6504,2039,"CodeTON Round 9 (Div. 1 + Div. 2, Rated, Prizes!)"
Calm-Down,1226,1177,-49,6504,2039,"CodeTON Round 9 (Div. 1 + Div. 2, Rated, Prizes!)"
garv1t_sharma,1062,1116,54,6508,2039,"CodeTON Round 9 (Div. 1 + Div. 2, Rated, Prizes!)"
AbdelAchbani,593,813,220,6508,2039,"CodeTON Round 9 (Div. 1 + Div. 2, Rated, Prizes!)"
ShivendraDwivedi,818,879,61,6510,2039,"CodeTON Round 9 (Div. 1 + Div. 2, Rated, Prizes!)"
lxyqwq,631,842,211,6511,2039,"CodeTON Round 9 (Div. 1 + Div. 2, Rated, Prizes!)"
Md.Salam_Uddin,1451,1354,-97,6511,2039,"CodeTON Round 9 (Div. 1 + Div. 2, Rated, Prizes!)"
Straw_Head,799,866,67,6513,2039,"CodeTON Round 9 (Div. 1 + Div. 2, Rated, Prizes!)"
Aditya_Dutta,662,866,204,6513,2039,"CodeTON Round 9 (Div. 1 + Div. 2, Rated, Prizes!)"
Happy_awu,925,1010,85,6513,2039,"CodeTON Round 9 (Div. 1 + Div. 2, Rated, Prizes!)"
vivek5148,357,651,294,6513,2039,"CodeTON Round 9 (Div. 1 + Div. 2, Rated, Prizes!)"
arpitsrivastava529,1131,1103,-28,6517,2039,"CodeTON Round 9 (Div. 1 + Div. 2, Rated, Prizes!)"
HAWANX,1014,1015,1,6517,2039,"CodeTON Round 9 (Div. 1 + Div. 2, Rated, Prizes!)"
Tariful_3.0,1039,1034,-5,6517,2039,"CodeTON Round 9 (Div. 1 + Div. 2, Rated, Prizes!)"
Gowtham569,1161,1126,-35,6517,2039,"CodeTON Round 9 (Div. 1 + Div. 2, Rated, Prizes!)"
Fahmida202414081,709,862,153,6521,2039,"CodeTON Round 9 (Div. 1 + Div. 2, Rated, Prizes!)"
Mai_The_Hao,0,424,424,6521,2039,"CodeTON Round 9 (Div. 1 + Div. 2, Rated, Prizes!)"
Moksh_Jain,1000,1005,5,6521,2039,"CodeTON Round 9 (Div. 1 + Div. 2, Rated, Prizes!)"
Sucent,360,653,293,6521,2039,"CodeTON Round 9 (Div. 1 + Div. 2, Rated, Prizes!)"
Voronov-Dima_444,1401,1314,-87,6525,2039,"CodeTON Round 9 (Div. 1 + Div. 2, Rated, Prizes!)"
raisul_rahad,1163,1128,-35,6526,2039,"CodeTON Round 9 (Div. 1 + Div. 2, Rated, Prizes!)"
NgNhan23A1,881,921,40,6526,2039,"CodeTON Round 9 (Div. 1 + Div. 2, Rated, Prizes!)"
Alsidius,1080,1065,-15,6526,2039,"CodeTON Round 9 (Div. 1 + Div. 2, Rated, Prizes!)"
gtl-1,0,425,425,6529,2039,"CodeTON Round 9 (Div. 1 + Div. 2, Rated, Prizes!)"
roys22127,1119,1094,-25,6530,2039,"CodeTON Round 9 (Div. 1 + Div. 2, Rated, Prizes!)"
wonderfu1,612,827,215,6530,2039,"CodeTON Round 9 (Div. 1 + Div. 2, Rated, Prizes!)"
CharTara,1043,1101,58,6532,2039,"CodeTON Round 9 (Div. 1 + Div. 2, Rated, Prizes!)"
Sharit_2846,1297,1231,-66,6532,2039,"CodeTON Round 9 (Div. 1 + Div. 2, Rated, Prizes!)"
Aniket_abhi,1039,1034,-5,6532,2039,"CodeTON Round 9 (Div. 1 + Div. 2, Rated, Prizes!)"
ossamakhiar,915,944,29,6532,2039,"CodeTON Round 9 (Div. 1 + Div. 2, Rated, Prizes!)"
realayush,874,986,112,6536,2039,"CodeTON Round 9 (Div. 1 + Div. 2, Rated, Prizes!)"
ramjatan1154,1183,1143,-40,6537,2039,"CodeTON Round 9 (Div. 1 + Div. 2, Rated, Prizes!)"
A-Muhammadali,577,800,223,6537,2039,"CodeTON Round 9 (Div. 1 + Div. 2, Rated, Prizes!)"
stasemv,1509,1398,-111,6539,2039,"CodeTON Round 9 (Div. 1 + Div. 2, Rated, Prizes!)"
hs5842501,974,986,12,6539,2039,"CodeTON Round 9 (Div. 1 + Div. 2, Rated, Prizes!)"
kianaFakhrian,780,914,134,6539,2039,"CodeTON Round 9 (Div. 1 + Div. 2, Rated, Prizes!)"
Chen_HaiBing,1003,1086,83,6542,2039,"CodeTON Round 9 (Div. 1 + Div. 2, Rated, Prizes!)"
__LOOP__,1230,1179,-51,6542,2039,"CodeTON Round 9 (Div. 1 + Div. 2, Rated, Prizes!)"
Ace_Azimuth_Aviator,776,850,74,6542,2039,"CodeTON Round 9 (Div. 1 + Div. 2, Rated, Prizes!)"
Sadasak,0,424,424,6542,2039,"CodeTON Round 9 (Div. 1 + Div. 2, Rated, Prizes!)"
komilovme,0,424,424,6546,2039,"CodeTON Round 9 (Div. 1 + Div. 2, Rated, Prizes!)"
Haagen-Dazsta,0,424,424,6547,2039,"CodeTON Round 9 (Div. 1 + Div. 2, Rated, Prizes!)"
V.A.V,1352,1274,-78,6548,2039,"CodeTON Round 9 (Div. 1 + Div. 2, Rated, Prizes!)"
H.YUN.SS,1045,1037,-8,6549,2039,"CodeTON Round 9 (Div. 1 + Div. 2, Rated, Prizes!)"
Shizuka2,1010,1011,1,6550,2039,"CodeTON Round 9 (Div. 1 + Div. 2, Rated, Prizes!)"
jainWin,838,891,53,6550,2039,"CodeTON Round 9 (Div. 1 + Div. 2, Rated, Prizes!)"
embeddedcoder,866,910,44,6552,2039,"CodeTON Round 9 (Div. 1 + Div. 2, Rated, Prizes!)"
lucifer3.1415,884,922,38,6553,2039,"CodeTON Round 9 (Div. 1 + Div. 2, Rated, Prizes!)"
Crmej,1073,1058,-15,6554,2039,"CodeTON Round 9 (Div. 1 + Div. 2, Rated, Prizes!)"
parinavputhran,916,944,28,6555,2039,"CodeTON Round 9 (Div. 1 + Div. 2, Rated, Prizes!)"
nik._.ali,888,982,94,6555,2039,"CodeTON Round 9 (Div. 1 + Div. 2, Rated, Prizes!)"
danimania,1042,1035,-7,6555,2039,"CodeTON Round 9 (Div. 1 + Div. 2, Rated, Prizes!)"
Asfak027,1279,1217,-62,6555,2039,"CodeTON Round 9 (Div. 1 + Div. 2, Rated, Prizes!)"
Twenty_999,593,811,218,6555,2039,"CodeTON Round 9 (Div. 1 + Div. 2, Rated, Prizes!)"
sravanchaitanya,1115,1090,-25,6560,2039,"CodeTON Round 9 (Div. 1 + Div. 2, Rated, Prizes!)"
KAREYEV,1158,1123,-35,6560,2039,"CodeTON Round 9 (Div. 1 + Div. 2, Rated, Prizes!)"
martoartoparto,849,966,117,6562,2039,"CodeTON Round 9 (Div. 1 + Div. 2, Rated, Prizes!)"
Jabir_Nayan,1164,1127,-37,6562,2039,"CodeTON Round 9 (Div. 1 + Div. 2, Rated, Prizes!)"
turjokhan535,1005,1007,2,6564,2039,"CodeTON Round 9 (Div. 1 + Div. 2, Rated, Prizes!)"
FreeGaza,0,424,424,6564,2039,"CodeTON Round 9 (Div. 1 + Div. 2, Rated, Prizes!)"
AsterAche,444,718,274,6566,2039,"CodeTON Round 9 (Div. 1 + Div. 2, Rated, Prizes!)"
AniruddhSaraf,884,922,38,6567,2039,"CodeTON Round 9 (Div. 1 + Div. 2, Rated, Prizes!)"
AtulKS,1182,1141,-41,6568,2039,"CodeTON Round 9 (Div. 1 + Div. 2, Rated, Prizes!)"
Marwanthe0,1043,1035,-8,6568,2039,"CodeTON Round 9 (Div. 1 + Div. 2, Rated, Prizes!)"
shubhamdhingra2003,1046,1037,-9,6570,2039,"CodeTON Round 9 (Div. 1 + Div. 2, Rated, Prizes!)"
Whusyki,900,1005,105,6570,2039,"CodeTON Round 9 (Div. 1 + Div. 2, Rated, Prizes!)"
RichaMishra,1074,1059,-15,6570,2039,"CodeTON Round 9 (Div. 1 + Div. 2, Rated, Prizes!)"
devu_2k6,1080,1063,-17,6570,2039,"CodeTON Round 9 (Div. 1 + Div. 2, Rated, Prizes!)"
maimot,503,685,182,6574,2039,"CodeTON Round 9 (Div. 1 + Div. 2, Rated, Prizes!)"
dev99P,1278,1216,-62,6574,2039,"CodeTON Round 9 (Div. 1 + Div. 2, Rated, Prizes!)"
Zenitsu_Agatsuma.,1150,1117,-33,6574,2039,"CodeTON Round 9 (Div. 1 + Div. 2, Rated, Prizes!)"
Godbot,0,423,423,6577,2039,"CodeTON Round 9 (Div. 1 + Div. 2, Rated, Prizes!)"
Stereo_Heart,849,897,48,6578,2039,"CodeTON Round 9 (Div. 1 + Div. 2, Rated, Prizes!)"
SIAM_809,851,898,47,6578,2039,"CodeTON Round 9 (Div. 1 + Div. 2, Rated, Prizes!)"
thalaforareason7,1478,1373,-105,6578,2039,"CodeTON Round 9 (Div. 1 + Div. 2, Rated, Prizes!)"
jsph,838,957,119,6578,2039,"CodeTON Round 9 (Div. 1 + Div. 2, Rated, Prizes!)"
Tortuga37,918,980,62,6582,2039,"CodeTON Round 9 (Div. 1 + Div. 2, Rated, Prizes!)"
arupratandey,1040,1032,-8,6582,2039,"CodeTON Round 9 (Div. 1 + Div. 2, Rated, Prizes!)"
parekh,878,988,110,6582,2039,"CodeTON Round 9 (Div. 1 + Div. 2, Rated, Prizes!)"
Sajjad_Jisun,902,933,31,6585,2039,"CodeTON Round 9 (Div. 1 + Div. 2, Rated, Prizes!)"
THE_GOAT_coder,1257,1199,-58,6585,2039,"CodeTON Round 9 (Div. 1 + Div. 2, Rated, Prizes!)"
adilakhmetov,0,423,423,6585,2039,"CodeTON Round 9 (Div. 1 + Div. 2, Rated, Prizes!)"
ALingyyDs,861,974,113,6588,2039,"CodeTON Round 9 (Div. 1 + Div. 2, Rated, Prizes!)"
Fox24,1129,1100,-29,6589,2039,"CodeTON Round 9 (Div. 1 + Div. 2, Rated, Prizes!)"
zhuzk,439,713,274,6589,2039,"CodeTON Round 9 (Div. 1 + Div. 2, Rated, Prizes!)"
cookheisenberg,789,856,67,6589,2039,"CodeTON Round 9 (Div. 1 + Div. 2, Rated, Prizes!)"
Lilith_Shadeimp,1049,1039,-10,6589,2039,"CodeTON Round 9 (Div. 1 + Div. 2, Rated, Prizes!)"
zihad535,825,880,55,6589,2039,"CodeTON Round 9 (Div. 1 + Div. 2, Rated, Prizes!)"
prembansal,1052,1041,-11,6594,2039,"CodeTON Round 9 (Div. 1 + Div. 2, Rated, Prizes!)"
Avto11,805,867,62,6595,2039,"CodeTON Round 9 (Div. 1 + Div. 2, Rated, Prizes!)"
thod,1116,1090,-26,6596,2039,"CodeTON Round 9 (Div. 1 + Div. 2, Rated, Prizes!)"
Hacker_Dt,1072,1056,-16,6596,2039,"CodeTON Round 9 (Div. 1 + Div. 2, Rated, Prizes!)"
Godelian,811,936,125,6598,2039,"CodeTON Round 9 (Div. 1 + Div. 2, Rated, Prizes!)"
zy233,763,840,77,6599,2039,"CodeTON Round 9 (Div. 1 + Div. 2, Rated, Prizes!)"
GordenSoul,1154,1119,-35,6600,2039,"CodeTON Round 9 (Div. 1 + Div. 2, Rated, Prizes!)"
TAMIM_CSE_53,1109,1084,-25,6600,2039,"CodeTON Round 9 (Div. 1 + Div. 2, Rated, Prizes!)"
dhaw4l,1065,1050,-15,6600,2039,"CodeTON Round 9 (Div. 1 + Div. 2, Rated, Prizes!)"
Dima_1171,509,768,259,6603,2039,"CodeTON Round 9 (Div. 1 + Div. 2, Rated, Prizes!)"
PrinceSingh1005,996,999,3,6604,2039,"CodeTON Round 9 (Div. 1 + Div. 2, Rated, Prizes!)"
singhal1808,1170,1198,28,6604,2039,"CodeTON Round 9 (Div. 1 + Div. 2, Rated, Prizes!)"
Hasan_K_Shama,1165,1127,-38,6604,2039,"CodeTON Round 9 (Div. 1 + Div. 2, Rated, Prizes!)"
_MH_,966,977,11,6607,2039,"CodeTON Round 9 (Div. 1 + Div. 2, Rated, Prizes!)"
BabyKehdi_Jaguar_LELO,821,876,55,6607,2039,"CodeTON Round 9 (Div. 1 + Div. 2, Rated, Prizes!)"
vicky168,1112,1086,-26,6607,2039,"CodeTON Round 9 (Div. 1 + Div. 2, Rated, Prizes!)"
abdul-alim,999,1001,2,6610,2039,"CodeTON Round 9 (Div. 1 + Div. 2, Rated, Prizes!)"
porkBarrel,940,995,55,6611,2039,"CodeTON Round 9 (Div. 1 + Div. 2, Rated, Prizes!)"
pTaran17,916,942,26,6611,2039,"CodeTON Round 9 (Div. 1 + Div. 2, Rated, Prizes!)"
stranger2004,974,983,9,6613,2039,"CodeTON Round 9 (Div. 1 + Div. 2, Rated, Prizes!)"
_Looper_,1025,1020,-5,6613,2039,"CodeTON Round 9 (Div. 1 + Div. 2, Rated, Prizes!)"
atik7788,944,961,17,6615,2039,"CodeTON Round 9 (Div. 1 + Div. 2, Rated, Prizes!)"
kira_007,1364,1282,-82,6616,2039,"CodeTON Round 9 (Div. 1 + Div. 2, Rated, Prizes!)"
pawanrock5756,1269,1208,-61,6616,2039,"CodeTON Round 9 (Div. 1 + Div. 2, Rated, Prizes!)"
darsh_sodani007,606,820,214,6618,2039,"CodeTON Round 9 (Div. 1 + Div. 2, Rated, Prizes!)"
EnAnsari,1200,1154,-46,6618,2039,"CodeTON Round 9 (Div. 1 + Div. 2, Rated, Prizes!)"
lukinalexey,1085,1065,-20,6620,2039,"CodeTON Round 9 (Div. 1 + Div. 2, Rated, Prizes!)"
AMIN_AL_ISLAM,787,854,67,6620,2039,"CodeTON Round 9 (Div. 1 + Div. 2, Rated, Prizes!)"
happyglitch,0,422,422,6620,2039,"CodeTON Round 9 (Div. 1 + Div. 2, Rated, Prizes!)"
rahulgavhar,1014,1012,-2,6623,2039,"CodeTON Round 9 (Div. 1 + Div. 2, Rated, Prizes!)"
catci142,690,885,195,6624,2039,"CodeTON Round 9 (Div. 1 + Div. 2, Rated, Prizes!)"
suvrodroy_,452,723,271,6625,2039,"CodeTON Round 9 (Div. 1 + Div. 2, Rated, Prizes!)"
vetruvian_,1042,1032,-10,6625,2039,"CodeTON Round 9 (Div. 1 + Div. 2, Rated, Prizes!)"
NII00K,1090,1069,-21,6627,2039,"CodeTON Round 9 (Div. 1 + Div. 2, Rated, Prizes!)"
ratio_golden,420,697,277,6627,2039,"CodeTON Round 9 (Div. 1 + Div. 2, Rated, Prizes!)"
wbhhabib,844,892,48,6629,2039,"CodeTON Round 9 (Div. 1 + Div. 2, Rated, Prizes!)"
yemos,400,682,282,6629,2039,"CodeTON Round 9 (Div. 1 + Div. 2, Rated, Prizes!)"
vladdobro07,675,873,198,6631,2039,"CodeTON Round 9 (Div. 1 + Div. 2, Rated, Prizes!)"
oreshn1k,741,824,83,6631,2039,"CodeTON Round 9 (Div. 1 + Div. 2, Rated, Prizes!)"
LONGTIANYI,896,1000,104,6633,2039,"CodeTON Round 9 (Div. 1 + Div. 2, Rated, Prizes!)"
Tomke,1496,1386,-110,6634,2039,"CodeTON Round 9 (Div. 1 + Div. 2, Rated, Prizes!)"
kman_ish,649,853,204,6635,2039,"CodeTON Round 9 (Div. 1 + Div. 2, Rated, Prizes!)"
Hemonto839,978,985,7,6635,2039,"CodeTON Round 9 (Div. 1 + Div. 2, Rated, Prizes!)"
De3b0o,1724,1566,-158,6637,2039,"CodeTON Round 9 (Div. 1 + Div. 2, Rated, Prizes!)"
NandosIsOk,812,869,57,6638,2039,"CodeTON Round 9 (Div. 1 + Div. 2, Rated, Prizes!)"
xyron,669,867,198,6638,2039,"CodeTON Round 9 (Div. 1 + Div. 2, Rated, Prizes!)"
Kyrillos_Ashraf,1295,1227,-68,6638,2039,"CodeTON Round 9 (Div. 1 + Div. 2, Rated, Prizes!)"
Aniyadream,971,980,9,6641,2039,"CodeTON Round 9 (Div. 1 + Div. 2, Rated, Prizes!)"
ghazal.falah.lary..,1045,1034,-11,6642,2039,"CodeTON Round 9 (Div. 1 + Div. 2, Rated, Prizes!)"
Satyam_yadav,1044,1033,-11,6643,2039,"CodeTON Round 9 (Div. 1 + Div. 2, Rated, Prizes!)"
john_coding_as_learning,1039,1029,-10,6643,2039,"CodeTON Round 9 (Div. 1 + Div. 2, Rated, Prizes!)"
RikiSabe,1496,1386,-110,6645,2039,"CodeTON Round 9 (Div. 1 + Div. 2, Rated, Prizes!)"
_isomorphism,484,747,263,6646,2039,"CodeTON Round 9 (Div. 1 + Div. 2, Rated, Prizes!)"
Legerdemain,0,422,422,6646,2039,"CodeTON Round 9 (Div. 1 + Div. 2, Rated, Prizes!)"
yaghyesh52,1005,1004,-1,6648,2039,"CodeTON Round 9 (Div. 1 + Div. 2, Rated, Prizes!)"
ahmadilloahmatov555,0,422,422,6649,2039,"CodeTON Round 9 (Div. 1 + Div. 2, Rated, Prizes!)"
killeraa,793,856,63,6649,2039,"CodeTON Round 9 (Div. 1 + Div. 2, Rated, Prizes!)"
shivampratap54451,868,978,110,6651,2039,"CodeTON Round 9 (Div. 1 + Div. 2, Rated, Prizes!)"
kdshankit11058,1034,1025,-9,6652,2039,"CodeTON Round 9 (Div. 1 + Div. 2, Rated, Prizes!)"
samuel_18hirut,976,983,7,6652,2039,"CodeTON Round 9 (Div. 1 + Div. 2, Rated, Prizes!)"
titanslayer2746,999,1000,1,6652,2039,"CodeTON Round 9 (Div. 1 + Div. 2, Rated, Prizes!)"
leoasd,0,421,421,6655,2039,"CodeTON Round 9 (Div. 1 + Div. 2, Rated, Prizes!)"
feitiandog,841,943,102,6656,2039,"CodeTON Round 9 (Div. 1 + Div. 2, Rated, Prizes!)"
Pirates__,1222,1170,-52,6656,2039,"CodeTON Round 9 (Div. 1 + Div. 2, Rated, Prizes!)"
chi_hiro,1007,1005,-2,6658,2039,"CodeTON Round 9 (Div. 1 + Div. 2, Rated, Prizes!)"
sgaskdgakjldshga,953,966,13,6658,2039,"CodeTON Round 9 (Div. 1 + Div. 2, Rated, Prizes!)"
ldorado534,992,994,2,6658,2039,"CodeTON Round 9 (Div. 1 + Div. 2, Rated, Prizes!)"
QKnot,780,847,67,6661,2039,"CodeTON Round 9 (Div. 1 + Div. 2, Rated, Prizes!)"
RahulBisht,904,931,27,6661,2039,"CodeTON Round 9 (Div. 1 + Div. 2, Rated, Prizes!)"
ArminAmirfatahi,1037,1092,55,6663,2039,"CodeTON Round 9 (Div. 1 + Div. 2, Rated, Prizes!)"
radwk21,1176,1134,-42,6663,2039,"CodeTON Round 9 (Div. 1 + Div. 2, Rated, Prizes!)"
hussainbastamia,1135,1102,-33,6663,2039,"CodeTON Round 9 (Div. 1 + Div. 2, Rated, Prizes!)"
cxg11,1017,1012,-5,6666,2039,"CodeTON Round 9 (Div. 1 + Div. 2, Rated, Prizes!)"
hand-kerchief,663,773,110,6667,2039,"CodeTON Round 9 (Div. 1 + Div. 2, Rated, Prizes!)"
NielChristian,935,1014,79,6667,2039,"CodeTON Round 9 (Div. 1 + Div. 2, Rated, Prizes!)"
stuti_sharma_03,0,421,421,6669,2039,"CodeTON Round 9 (Div. 1 + Div. 2, Rated, Prizes!)"
Ayushman01,1009,1006,-3,6669,2039,"CodeTON Round 9 (Div. 1 + Div. 2, Rated, Prizes!)"
Iktear,1175,1133,-42,6669,2039,"CodeTON Round 9 (Div. 1 + Div. 2, Rated, Prizes!)"
Msol,1073,1055,-18,6672,2039,"CodeTON Round 9 (Div. 1 + Div. 2, Rated, Prizes!)"
Sohan_,926,946,20,6672,2039,"CodeTON Round 9 (Div. 1 + Div. 2, Rated, Prizes!)"
rishank.goyal,940,1081,141,6674,2039,"CodeTON Round 9 (Div. 1 + Div. 2, Rated, Prizes!)"
STARS_RAY56,798,859,61,6675,2039,"CodeTON Round 9 (Div. 1 + Div. 2, Rated, Prizes!)"
jubair7,1224,1171,-53,6675,2039,"CodeTON Round 9 (Div. 1 + Div. 2, Rated, Prizes!)"
Q1anAnAn,1045,1071,26,6675,2039,"CodeTON Round 9 (Div. 1 + Div. 2, Rated, Prizes!)"
Drkway,1003,1002,-1,6678,2039,"CodeTON Round 9 (Div. 1 + Div. 2, Rated, Prizes!)"
Baconguy228,357,646,289,6678,2039,"CodeTON Round 9 (Div. 1 + Div. 2, Rated, Prizes!)"
Chomachok,1069,1051,-18,6678,2039,"CodeTON Round 9 (Div. 1 + Div. 2, Rated, Prizes!)"
rkaiser,1004,1003,-1,6678,2039,"CodeTON Round 9 (Div. 1 + Div. 2, Rated, Prizes!)"
BISMILLAHIRRAHMANIRRAHIM,1237,1181,-56,6678,2039,"CodeTON Round 9 (Div. 1 + Div. 2, Rated, Prizes!)"
RickAstley69,504,762,258,6678,2039,"CodeTON Round 9 (Div. 1 + Div. 2, Rated, Prizes!)"
Shafi705,829,879,50,6684,2039,"CodeTON Round 9 (Div. 1 + Div. 2, Rated, Prizes!)"
ty23nlcwhxz,1042,1030,-12,6685,2039,"CodeTON Round 9 (Div. 1 + Div. 2, Rated, Prizes!)"
mahbub14,1003,1001,-2,6686,2039,"CodeTON Round 9 (Div. 1 + Div. 2, Rated, Prizes!)"
malformed,965,974,9,6686,2039,"CodeTON Round 9 (Div. 1 + Div. 2, Rated, Prizes!)"
ammar011,844,889,45,6686,2039,"CodeTON Round 9 (Div. 1 + Div. 2, Rated, Prizes!)"
humanityio,379,663,284,6689,2039,"CodeTON Round 9 (Div. 1 + Div. 2, Rated, Prizes!)"
LanternCX,1066,1114,48,6689,2039,"CodeTON Round 9 (Div. 1 + Div. 2, Rated, Prizes!)"
ravshanbe,0,421,421,6689,2039,"CodeTON Round 9 (Div. 1 + Div. 2, Rated, Prizes!)"
HoshinoAkuamarin,1026,1018,-8,6692,2039,"CodeTON Round 9 (Div. 1 + Div. 2, Rated, Prizes!)"
Dior_Ezboll,1164,1123,-41,6693,2039,"CodeTON Round 9 (Div. 1 + Div. 2, Rated, Prizes!)"
Jahid_19,823,875,52,6694,2039,"CodeTON Round 9 (Div. 1 + Div. 2, Rated, Prizes!)"
Zenitsu_40,820,873,53,6694,2039,"CodeTON Round 9 (Div. 1 + Div. 2, Rated, Prizes!)"
norcx,0,420,420,6694,2039,"CodeTON Round 9 (Div. 1 + Div. 2, Rated, Prizes!)"
Izumi_3900,1024,1054,30,6694,2039,"CodeTON Round 9 (Div. 1 + Div. 2, Rated, Prizes!)"
oktamov_shohjahon,748,825,77,6694,2039,"CodeTON Round 9 (Div. 1 + Div. 2, Rated, Prizes!)"
echikawa,934,951,17,6694,2039,"CodeTON Round 9 (Div. 1 + Div. 2, Rated, Prizes!)"
Timur_Latypov2186,911,934,23,6700,2039,"CodeTON Round 9 (Div. 1 + Div. 2, Rated, Prizes!)"
Instu,1218,1165,-53,6701,2039,"CodeTON Round 9 (Div. 1 + Div. 2, Rated, Prizes!)"
hujiale,1126,1094,-32,6701,2039,"CodeTON Round 9 (Div. 1 + Div. 2, Rated, Prizes!)"
vaibhavyadavv32,1122,1091,-31,6703,2039,"CodeTON Round 9 (Div. 1 + Div. 2, Rated, Prizes!)"
YassaTalaat101,747,927,180,6703,2039,"CodeTON Round 9 (Div. 1 + Div. 2, Rated, Prizes!)"
DigiTalDreamar,1005,1002,-3,6705,2039,"CodeTON Round 9 (Div. 1 + Div. 2, Rated, Prizes!)"
Kokomi1,367,653,286,6706,2039,"CodeTON Round 9 (Div. 1 + Div. 2, Rated, Prizes!)"
alphasb556,1082,1060,-22,6706,2039,"CodeTON Round 9 (Div. 1 + Div. 2, Rated, Prizes!)"
Tesss,688,881,193,6708,2039,"CodeTON Round 9 (Div. 1 + Div. 2, Rated, Prizes!)"
AA7med_N3GEH,1141,1105,-36,6709,2039,"CodeTON Round 9 (Div. 1 + Div. 2, Rated, Prizes!)"
t9unkubj,2287,2022,-265,6709,2039,"CodeTON Round 9 (Div. 1 + Div. 2, Rated, Prizes!)"
YumYumYum,0,420,420,6709,2039,"CodeTON Round 9 (Div. 1 + Div. 2, Rated, Prizes!)"
AlgoAce_4C3,795,855,60,6712,2039,"CodeTON Round 9 (Div. 1 + Div. 2, Rated, Prizes!)"
Aerysaint,1081,1060,-21,6713,2039,"CodeTON Round 9 (Div. 1 + Div. 2, Rated, Prizes!)"
pomposka,0,420,420,6714,2039,"CodeTON Round 9 (Div. 1 + Div. 2, Rated, Prizes!)"
bitcoder23,1128,1134,6,6715,2039,"CodeTON Round 9 (Div. 1 + Div. 2, Rated, Prizes!)"
samsonite,963,971,8,6716,2039,"CodeTON Round 9 (Div. 1 + Div. 2, Rated, Prizes!)"
s_h_rudra88,955,965,10,6716,2039,"CodeTON Round 9 (Div. 1 + Div. 2, Rated, Prizes!)"
kingfisher-2,948,960,12,6716,2039,"CodeTON Round 9 (Div. 1 + Div. 2, Rated, Prizes!)"
goddddgg,419,694,275,6716,2039,"CodeTON Round 9 (Div. 1 + Div. 2, Rated, Prizes!)"
sharma.d.hirdesh,1328,1251,-77,6720,2039,"CodeTON Round 9 (Div. 1 + Div. 2, Rated, Prizes!)"
green_lucozade,1028,1019,-9,6721,2039,"CodeTON Round 9 (Div. 1 + Div. 2, Rated, Prizes!)"
Surya__1234,1320,1332,12,6721,2039,"CodeTON Round 9 (Div. 1 + Div. 2, Rated, Prizes!)"
aditya2105,951,1041,90,6721,2039,"CodeTON Round 9 (Div. 1 + Div. 2, Rated, Prizes!)"
ragibmondal,1085,1128,43,6724,2039,"CodeTON Round 9 (Div. 1 + Div. 2, Rated, Prizes!)"
codetheus,1039,1027,-12,6724,2039,"CodeTON Round 9 (Div. 1 + Div. 2, Rated, Prizes!)"
Yumi0606,645,847,202,6724,2039,"CodeTON Round 9 (Div. 1 + Div. 2, Rated, Prizes!)"
jayeshjoshi2005,1054,1038,-16,6727,2039,"CodeTON Round 9 (Div. 1 + Div. 2, Rated, Prizes!)"
M.N0ThinG,1114,1084,-30,6728,2039,"CodeTON Round 9 (Div. 1 + Div. 2, Rated, Prizes!)"
JB__,818,937,119,6728,2039,"CodeTON Round 9 (Div. 1 + Div. 2, Rated, Prizes!)"
Pop_951,1073,1053,-20,6728,2039,"CodeTON Round 9 (Div. 1 + Div. 2, Rated, Prizes!)"
Himanshu_Bisht_,860,898,38,6731,2039,"CodeTON Round 9 (Div. 1 + Div. 2, Rated, Prizes!)"
otuka,1555,1430,-125,6732,2039,"CodeTON Round 9 (Div. 1 + Div. 2, Rated, Prizes!)"
xyz_mc1234,865,959,94,6733,2039,"CodeTON Round 9 (Div. 1 + Div. 2, Rated, Prizes!)"
ShuOverflow,933,949,16,6734,2039,"CodeTON Round 9 (Div. 1 + Div. 2, Rated, Prizes!)"
Imtiaz_rafi,1006,1002,-4,6734,2039,"CodeTON Round 9 (Div. 1 + Div. 2, Rated, Prizes!)"
Jasiek,1036,1024,-12,6734,2039,"CodeTON Round 9 (Div. 1 + Div. 2, Rated, Prizes!)"
sagarth764,845,887,42,6737,2039,"CodeTON Round 9 (Div. 1 + Div. 2, Rated, Prizes!)"
speedtype,1159,1118,-41,6737,2039,"CodeTON Round 9 (Div. 1 + Div. 2, Rated, Prizes!)"
sc.rora,0,419,419,6739,2039,"CodeTON Round 9 (Div. 1 + Div. 2, Rated, Prizes!)"
ayman707,1032,1021,-11,6739,2039,"CodeTON Round 9 (Div. 1 + Div. 2, Rated, Prizes!)"
himmi_r10,1167,1124,-43,6741,2039,"CodeTON Round 9 (Div. 1 + Div. 2, Rated, Prizes!)"
hovuviettruong,953,963,10,6742,2039,"CodeTON Round 9 (Div. 1 + Div. 2, Rated, Prizes!)"
Siaospeed,1070,1050,-20,6743,2039,"CodeTON Round 9 (Div. 1 + Div. 2, Rated, Prizes!)"
swingky5654,1141,1104,-37,6744,2039,"CodeTON Round 9 (Div. 1 + Div. 2, Rated, Prizes!)"
Amirmotk,1000,997,-3,6745,2039,"CodeTON Round 9 (Div. 1 + Div. 2, Rated, Prizes!)"
amrit_raj_27,1078,1056,-22,6745,2039,"CodeTON Round 9 (Div. 1 + Div. 2, Rated, Prizes!)"
CS230832,0,419,419,6747,2039,"CodeTON Round 9 (Div. 1 + Div. 2, Rated, Prizes!)"
testdata1234,1101,1073,-28,6748,2039,"CodeTON Round 9 (Div. 1 + Div. 2, Rated, Prizes!)"
Panta_Iilisha,807,861,54,6749,2039,"CodeTON Round 9 (Div. 1 + Div. 2, Rated, Prizes!)"
HeXagonX95,874,980,106,6749,2039,"CodeTON Round 9 (Div. 1 + Div. 2, Rated, Prizes!)"
Jovial_Kanwadia,1241,1221,-20,6751,2039,"CodeTON Round 9 (Div. 1 + Div. 2, Rated, Prizes!)"
ucupp,969,1037,68,6751,2039,"CodeTON Round 9 (Div. 1 + Div. 2, Rated, Prizes!)"
JustWondering1,687,784,97,6753,2039,"CodeTON Round 9 (Div. 1 + Div. 2, Rated, Prizes!)"
JHON_THE_DON,884,914,30,6753,2039,"CodeTON Round 9 (Div. 1 + Div. 2, Rated, Prizes!)"
DIVYESH_ODEDARA,832,878,46,6755,2039,"CodeTON Round 9 (Div. 1 + Div. 2, Rated, Prizes!)"
Alnur7,848,888,40,6755,2039,"CodeTON Round 9 (Div. 1 + Div. 2, Rated, Prizes!)"
qianshiyo,1021,1012,-9,6757,2039,"CodeTON Round 9 (Div. 1 + Div. 2, Rated, Prizes!)"
l000ser,810,863,53,6758,2039,"CodeTON Round 9 (Div. 1 + Div. 2, Rated, Prizes!)"
july77351,771,900,129,6759,2039,"CodeTON Round 9 (Div. 1 + Div. 2, Rated, Prizes!)"
supahaxxa,929,945,16,6759,2039,"CodeTON Round 9 (Div. 1 + Div. 2, Rated, Prizes!)"
nissan_1709,1089,1063,-26,6761,2039,"CodeTON Round 9 (Div. 1 + Div. 2, Rated, Prizes!)"
_Code_No.Name_,1155,1114,-41,6762,2039,"CodeTON Round 9 (Div. 1 + Div. 2, Rated, Prizes!)"
Joy4057,941,953,12,6762,2039,"CodeTON Round 9 (Div. 1 + Div. 2, Rated, Prizes!)"
qiufengyu,825,907,82,6762,2039,"CodeTON Round 9 (Div. 1 + Div. 2, Rated, Prizes!)"
goldybrar,1312,1237,-75,6765,2039,"CodeTON Round 9 (Div. 1 + Div. 2, Rated, Prizes!)"
good_or_bad,1112,1167,55,6765,2039,"CodeTON Round 9 (Div. 1 + Div. 2, Rated, Prizes!)"
amalia.g,943,955,12,6765,2039,"CodeTON Round 9 (Div. 1 + Div. 2, Rated, Prizes!)"
Zpk9blm,1241,1181,-60,6768,2039,"CodeTON Round 9 (Div. 1 + Div. 2, Rated, Prizes!)"
chotonbarmon3,1146,1107,-39,6769,2039,"CodeTON Round 9 (Div. 1 + Div. 2, Rated, Prizes!)"
lnqi,417,692,275,6769,2039,"CodeTON Round 9 (Div. 1 + Div. 2, Rated, Prizes!)"
wish_rajput,1474,1365,-109,6771,2039,"CodeTON Round 9 (Div. 1 + Div. 2, Rated, Prizes!)"
YasuoGod,862,932,70,6772,2039,"CodeTON Round 9 (Div. 1 + Div. 2, Rated, Prizes!)"
ragu.,1030,1018,-12,6772,2039,"CodeTON Round 9 (Div. 1 + Div. 2, Rated, Prizes!)"
Rupam_09,1316,1240,-76,6772,2039,"CodeTON Round 9 (Div. 1 + Div. 2, Rated, Prizes!)"
Cocane,794,962,168,6772,2039,"CodeTON Round 9 (Div. 1 + Div. 2, Rated, Prizes!)"
___S_O_H_I_D_U_L___,756,827,71,6772,2039,"CodeTON Round 9 (Div. 1 + Div. 2, Rated, Prizes!)"
Take,911,932,21,6777,2039,"CodeTON Round 9 (Div. 1 + Div. 2, Rated, Prizes!)"
auy7,595,806,211,6778,2039,"CodeTON Round 9 (Div. 1 + Div. 2, Rated, Prizes!)"
RxylonOP,949,959,10,6778,2039,"CodeTON Round 9 (Div. 1 + Div. 2, Rated, Prizes!)"
philikote,1022,1012,-10,6780,2039,"CodeTON Round 9 (Div. 1 + Div. 2, Rated, Prizes!)"
mahi_pal,870,903,33,6781,2039,"CodeTON Round 9 (Div. 1 + Div. 2, Rated, Prizes!)"
KudoConan,1017,1009,-8,6782,2039,"CodeTON Round 9 (Div. 1 + Div. 2, Rated, Prizes!)"
SADMAN,1011,1003,-8,6783,2039,"CodeTON Round 9 (Div. 1 + Div. 2, Rated, Prizes!)"
Vogel04,381,662,281,6783,2039,"CodeTON Round 9 (Div. 1 + Div. 2, Rated, Prizes!)"
shubham73,948,958,10,6785,2039,"CodeTON Round 9 (Div. 1 + Div. 2, Rated, Prizes!)"
manish_kopparapu,1043,1028,-15,6785,2039,"CodeTON Round 9 (Div. 1 + Div. 2, Rated, Prizes!)"
the_Ali_mhz,1050,1033,-17,6787,2039,"CodeTON Round 9 (Div. 1 + Div. 2, Rated, Prizes!)"
ABOELMAGDD,972,975,3,6788,2039,"CodeTON Round 9 (Div. 1 + Div. 2, Rated, Prizes!)"
Trumpsunderwear,999,995,-4,6788,2039,"CodeTON Round 9 (Div. 1 + Div. 2, Rated, Prizes!)"
_infinite_loop,889,915,26,6788,2039,"CodeTON Round 9 (Div. 1 + Div. 2, Rated, Prizes!)"
mahmudulsakib2019,1064,1044,-20,6788,2039,"CodeTON Round 9 (Div. 1 + Div. 2, Rated, Prizes!)"
malharkulkarni2004,1074,1051,-23,6792,2039,"CodeTON Round 9 (Div. 1 + Div. 2, Rated, Prizes!)"
Heliuss,634,836,202,6793,2039,"CodeTON Round 9 (Div. 1 + Div. 2, Rated, Prizes!)"
low_bug,825,871,46,6794,2039,"CodeTON Round 9 (Div. 1 + Div. 2, Rated, Prizes!)"
alibaba436,487,746,259,6795,2039,"CodeTON Round 9 (Div. 1 + Div. 2, Rated, Prizes!)"
fdgbatarse,995,991,-4,6795,2039,"CodeTON Round 9 (Div. 1 + Div. 2, Rated, Prizes!)"
xingzhizhu,835,934,99,6795,2039,"CodeTON Round 9 (Div. 1 + Div. 2, Rated, Prizes!)"
BakTR,1037,1023,-14,6798,2039,"CodeTON Round 9 (Div. 1 + Div. 2, Rated, Prizes!)"
Youssef_Ayman,1050,1033,-17,6799,2039,"CodeTON Round 9 (Div. 1 + Div. 2, Rated, Prizes!)"
Rengoku596,356,642,286,6799,2039,"CodeTON Round 9 (Div. 1 + Div. 2, Rated, Prizes!)"
nmerajov,842,953,111,6799,2039,"CodeTON Round 9 (Div. 1 + Div. 2, Rated, Prizes!)"
wangzifan,786,845,59,6802,2039,"CodeTON Round 9 (Div. 1 + Div. 2, Rated, Prizes!)"
b0nkimch0ndro,977,978,1,6803,2039,"CodeTON Round 9 (Div. 1 + Div. 2, Rated, Prizes!)"
Chess_player,1008,1001,-7,6803,2039,"CodeTON Round 9 (Div. 1 + Div. 2, Rated, Prizes!)"
Vardan_2021110,969,972,3,6805,2039,"CodeTON Round 9 (Div. 1 + Div. 2, Rated, Prizes!)"
Realmchan,1013,1005,-8,6806,2039,"CodeTON Round 9 (Div. 1 + Div. 2, Rated, Prizes!)"
akhil_nakka,679,830,151,6806,2039,"CodeTON Round 9 (Div. 1 + Div. 2, Rated, Prizes!)"
MapleCC,849,958,109,6806,2039,"CodeTON Round 9 (Div. 1 + Div. 2, Rated, Prizes!)"
Maple_XQ,929,943,14,6809,2039,"CodeTON Round 9 (Div. 1 + Div. 2, Rated, Prizes!)"
t122329,672,865,193,6809,2039,"CodeTON Round 9 (Div. 1 + Div. 2, Rated, Prizes!)"
ArmandoReyes08,927,941,14,6811,2039,"CodeTON Round 9 (Div. 1 + Div. 2, Rated, Prizes!)"
Rdr_Kartik,1099,1070,-29,6812,2039,"CodeTON Round 9 (Div. 1 + Div. 2, Rated, Prizes!)"
cml2,886,971,85,6813,2039,"CodeTON Round 9 (Div. 1 + Div. 2, Rated, Prizes!)"
banikparishmita,843,883,40,6814,2039,"CodeTON Round 9 (Div. 1 + Div. 2, Rated, Prizes!)"
115108,839,880,41,6815,2039,"CodeTON Round 9 (Div. 1 + Div. 2, Rated, Prizes!)"
_Lost_Cause_,1109,1077,-32,6816,2039,"CodeTON Round 9 (Div. 1 + Div. 2, Rated, Prizes!)"
liwanling,803,855,52,6816,2039,"CodeTON Round 9 (Div. 1 + Div. 2, Rated, Prizes!)"
Enternials,875,904,29,6818,2039,"CodeTON Round 9 (Div. 1 + Div. 2, Rated, Prizes!)"
Make_Money_Fuck_Enemy_2,1108,1076,-32,6819,2039,"CodeTON Round 9 (Div. 1 + Div. 2, Rated, Prizes!)"
danhhanma,871,902,31,6819,2039,"CodeTON Round 9 (Div. 1 + Div. 2, Rated, Prizes!)"
--hmzabanna--,393,671,278,6821,2039,"CodeTON Round 9 (Div. 1 + Div. 2, Rated, Prizes!)"
Sigma_1018,0,417,417,6822,2039,"CodeTON Round 9 (Div. 1 + Div. 2, Rated, Prizes!)"
AKAeclipse,931,1005,74,6823,2039,"CodeTON Round 9 (Div. 1 + Div. 2, Rated, Prizes!)"
jagbarrameda,1222,1164,-58,6824,2039,"CodeTON Round 9 (Div. 1 + Div. 2, Rated, Prizes!)"
Samurai.X,0,417,417,6825,2039,"CodeTON Round 9 (Div. 1 + Div. 2, Rated, Prizes!)"
saeedbaf,847,885,38,6825,2039,"CodeTON Round 9 (Div. 1 + Div. 2, Rated, Prizes!)"
RNG_BOzi,918,1011,93,6827,2039,"CodeTON Round 9 (Div. 1 + Div. 2, Rated, Prizes!)"
xyxi,556,800,244,6827,2039,"CodeTON Round 9 (Div. 1 + Div. 2, Rated, Prizes!)"
__.Fischer.__,968,970,2,6829,2039,"CodeTON Round 9 (Div. 1 + Div. 2, Rated, Prizes!)"
mksaadi,998,992,-6,6830,2039,"CodeTON Round 9 (Div. 1 + Div. 2, Rated, Prizes!)"
SAYEM234,882,909,27,6830,2039,"CodeTON Round 9 (Div. 1 + Div. 2, Rated, Prizes!)"
lgm_,1416,1318,-98,6830,2039,"CodeTON Round 9 (Div. 1 + Div. 2, Rated, Prizes!)"
Najmul_Huda_,847,885,38,6833,2039,"CodeTON Round 9 (Div. 1 + Div. 2, Rated, Prizes!)"
purple_spider513,866,898,32,6834,2039,"CodeTON Round 9 (Div. 1 + Div. 2, Rated, Prizes!)"
arafat03,1014,1004,-10,6834,2039,"CodeTON Round 9 (Div. 1 + Div. 2, Rated, Prizes!)"
width,629,831,202,6836,2039,"CodeTON Round 9 (Div. 1 + Div. 2, Rated, Prizes!)"
Nasif_Iqbal,1102,1071,-31,6837,2039,"CodeTON Round 9 (Div. 1 + Div. 2, Rated, Prizes!)"
octtastic,839,935,96,6838,2039,"CodeTON Round 9 (Div. 1 + Div. 2, Rated, Prizes!)"
DylanT,1374,1285,-89,6838,2039,"CodeTON Round 9 (Div. 1 + Div. 2, Rated, Prizes!)"
Iridium1234,810,859,49,6840,2039,"CodeTON Round 9 (Div. 1 + Div. 2, Rated, Prizes!)"
uddhavjaju,1021,1009,-12,6841,2039,"CodeTON Round 9 (Div. 1 + Div. 2, Rated, Prizes!)"
mamali,919,934,15,6841,2039,"CodeTON Round 9 (Div. 1 + Div. 2, Rated, Prizes!)"
lightph,971,1053,82,6841,2039,"CodeTON Round 9 (Div. 1 + Div. 2, Rated, Prizes!)"
yunmengze,878,964,86,6844,2039,"CodeTON Round 9 (Div. 1 + Div. 2, Rated, Prizes!)"
Kamruzzaman,1140,1100,-40,6845,2039,"CodeTON Round 9 (Div. 1 + Div. 2, Rated, Prizes!)"
_Shir0_,1149,1107,-42,6846,2039,"CodeTON Round 9 (Div. 1 + Div. 2, Rated, Prizes!)"
coder_hub_123,764,892,128,6847,2039,"CodeTON Round 9 (Div. 1 + Div. 2, Rated, Prizes!)"
nvvy,1105,1073,-32,6848,2039,"CodeTON Round 9 (Div. 1 + Div. 2, Rated, Prizes!)"
sainadthpagadala,1161,1116,-45,6849,2039,"CodeTON Round 9 (Div. 1 + Div. 2, Rated, Prizes!)"
shivsharansanjawad,779,903,124,6849,2039,"CodeTON Round 9 (Div. 1 + Div. 2, Rated, Prizes!)"
MONA7124,625,741,116,6849,2039,"CodeTON Round 9 (Div. 1 + Div. 2, Rated, Prizes!)"
192.168.Open,642,840,198,6852,2039,"CodeTON Round 9 (Div. 1 + Div. 2, Rated, Prizes!)"
armanfcou,830,872,42,6852,2039,"CodeTON Round 9 (Div. 1 + Div. 2, Rated, Prizes!)"
obhamy,661,855,194,6854,2039,"CodeTON Round 9 (Div. 1 + Div. 2, Rated, Prizes!)"
The_Last_Run,1134,1095,-39,6855,2039,"CodeTON Round 9 (Div. 1 + Div. 2, Rated, Prizes!)"
xiaopengyoujiu,934,944,10,6856,2039,"CodeTON Round 9 (Div. 1 + Div. 2, Rated, Prizes!)"
ilazhg,420,691,271,6857,2039,"CodeTON Round 9 (Div. 1 + Div. 2, Rated, Prizes!)"
streak_toddler,0,417,417,6858,2039,"CodeTON Round 9 (Div. 1 + Div. 2, Rated, Prizes!)"
Matrix_Maverick,505,759,254,6858,2039,"CodeTON Round 9 (Div. 1 + Div. 2, Rated, Prizes!)"
usefmahmud,1161,1116,-45,6860,2039,"CodeTON Round 9 (Div. 1 + Div. 2, Rated, Prizes!)"
Sumanth_1439,1207,1152,-55,6861,2039,"CodeTON Round 9 (Div. 1 + Div. 2, Rated, Prizes!)"
Hasspo,1548,1422,-126,6862,2039,"CodeTON Round 9 (Div. 1 + Div. 2, Rated, Prizes!)"
Kerolos_NG,914,930,16,6863,2039,"CodeTON Round 9 (Div. 1 + Div. 2, Rated, Prizes!)"
raidivyank08,863,967,104,6863,2039,"CodeTON Round 9 (Div. 1 + Div. 2, Rated, Prizes!)"
FP7317,679,869,190,6865,2039,"CodeTON Round 9 (Div. 1 + Div. 2, Rated, Prizes!)"
osnovakomix,595,803,208,6865,2039,"CodeTON Round 9 (Div. 1 + Div. 2, Rated, Prizes!)"
Ermachev_Egor,901,957,56,6865,2039,"CodeTON Round 9 (Div. 1 + Div. 2, Rated, Prizes!)"
Zhangyl,1251,1186,-65,6868,2039,"CodeTON Round 9 (Div. 1 + Div. 2, Rated, Prizes!)"
gqc4722,723,904,181,6869,2039,"CodeTON Round 9 (Div. 1 + Div. 2, Rated, Prizes!)"
minhajul5090,942,950,8,6870,2039,"CodeTON Round 9 (Div. 1 + Div. 2, Rated, Prizes!)"
pbhanuA321,1035,1019,-16,6871,2039,"CodeTON Round 9 (Div. 1 + Div. 2, Rated, Prizes!)"
benkyochuu,1038,1021,-17,6872,2039,"CodeTON Round 9 (Div. 1 + Div. 2, Rated, Prizes!)"
Hoopoe404,1007,997,-10,6872,2039,"CodeTON Round 9 (Div. 1 + Div. 2, Rated, Prizes!)"
Ayan_Sohail...,459,645,186,6874,2039,"CodeTON Round 9 (Div. 1 + Div. 2, Rated, Prizes!)"
thanhtrnnn,1024,1010,-14,6875,2039,"CodeTON Round 9 (Div. 1 + Div. 2, Rated, Prizes!)"
sharma_111,764,827,63,6876,2039,"CodeTON Round 9 (Div. 1 + Div. 2, Rated, Prizes!)"
_Abyss,1005,1127,122,6877,2039,"CodeTON Round 9 (Div. 1 + Div. 2, Rated, Prizes!)"
Liuoolong,844,952,108,6877,2039,"CodeTON Round 9 (Div. 1 + Div. 2, Rated, Prizes!)"
qweoksdfjkldsf,1617,1476,-141,6879,2039,"CodeTON Round 9 (Div. 1 + Div. 2, Rated, Prizes!)"
Heryos,996,989,-7,6879,2039,"CodeTON Round 9 (Div. 1 + Div. 2, Rated, Prizes!)"
Aisha_Ramadan,962,964,2,6881,2039,"CodeTON Round 9 (Div. 1 + Div. 2, Rated, Prizes!)"
22h51a7314,883,943,60,6881,2039,"CodeTON Round 9 (Div. 1 + Div. 2, Rated, Prizes!)"
sajidzamanme,1107,1073,-34,6883,2039,"CodeTON Round 9 (Div. 1 + Div. 2, Rated, Prizes!)"
Mehemmed.nabiyev,764,827,63,6883,2039,"CodeTON Round 9 (Div. 1 + Div. 2, Rated, Prizes!)"
cruuvitn,1164,1117,-47,6883,2039,"CodeTON Round 9 (Div. 1 + Div. 2, Rated, Prizes!)"
kimbix,629,829,200,6886,2039,"CodeTON Round 9 (Div. 1 + Div. 2, Rated, Prizes!)"
aaryaveer.bhardwaj,892,913,21,6887,2039,"CodeTON Round 9 (Div. 1 + Div. 2, Rated, Prizes!)"
ahnaf.hasan.mahmud,925,937,12,6888,2039,"CodeTON Round 9 (Div. 1 + Div. 2, Rated, Prizes!)"
HELLOProgrammer112,782,838,56,6888,2039,"CodeTON Round 9 (Div. 1 + Div. 2, Rated, Prizes!)"
lovesosa,1160,1114,-46,6888,2039,"CodeTON Round 9 (Div. 1 + Div. 2, Rated, Prizes!)"
cankjaca,959,961,2,6891,2039,"CodeTON Round 9 (Div. 1 + Div. 2, Rated, Prizes!)"
sohel440,1125,1087,-38,6892,2039,"CodeTON Round 9 (Div. 1 + Div. 2, Rated, Prizes!)"
zahariduma,947,953,6,6892,2039,"CodeTON Round 9 (Div. 1 + Div. 2, Rated, Prizes!)"
trion_leninster,1049,1029,-20,6894,2039,"CodeTON Round 9 (Div. 1 + Div. 2, Rated, Prizes!)"
SlavaGabrielyan,896,916,20,6895,2039,"CodeTON Round 9 (Div. 1 + Div. 2, Rated, Prizes!)"
samura1ox,0,416,416,6895,2039,"CodeTON Round 9 (Div. 1 + Div. 2, Rated, Prizes!)"
Sarthak_Sach,1158,1112,-46,6895,2039,"CodeTON Round 9 (Div. 1 + Div. 2, Rated, Prizes!)"
hogwarts_legacy,0,416,416,6895,2039,"CodeTON Round 9 (Div. 1 + Div. 2, Rated, Prizes!)"
Dennis_Jason,1220,1161,-59,6899,2039,"CodeTON Round 9 (Div. 1 + Div. 2, Rated, Prizes!)"
xuchangyyds,0,416,416,6900,2039,"CodeTON Round 9 (Div. 1 + Div. 2, Rated, Prizes!)"
harshit_singhal,1325,1244,-81,6901,2039,"CodeTON Round 9 (Div. 1 + Div. 2, Rated, Prizes!)"
Toronto.Tokyo,1085,1056,-29,6901,2039,"CodeTON Round 9 (Div. 1 + Div. 2, Rated, Prizes!)"
Mahmudunnabi_Fahim,1166,1118,-48,6903,2039,"CodeTON Round 9 (Div. 1 + Div. 2, Rated, Prizes!)"
Bashboshy,828,925,97,6904,2039,"CodeTON Round 9 (Div. 1 + Div. 2, Rated, Prizes!)"
Abdullah_Khalaf,1182,1131,-51,6905,2039,"CodeTON Round 9 (Div. 1 + Div. 2, Rated, Prizes!)"
aisky,652,755,103,6906,2039,"CodeTON Round 9 (Div. 1 + Div. 2, Rated, Prizes!)"
Tsuki_w,1098,1066,-32,6907,2039,"CodeTON Round 9 (Div. 1 + Div. 2, Rated, Prizes!)"
Asgar_Fataymamode,957,1040,83,6908,2039,"CodeTON Round 9 (Div. 1 + Div. 2, Rated, Prizes!)"
Araz_-05-,335,622,287,6909,2039,"CodeTON Round 9 (Div. 1 + Div. 2, Rated, Prizes!)"
KGF320,405,678,273,6909,2039,"CodeTON Round 9 (Div. 1 + Div. 2, Rated, Prizes!)"
Catarina031105,931,1019,88,6911,2039,"CodeTON Round 9 (Div. 1 + Div. 2, Rated, Prizes!)"
atikarik,872,898,26,6912,2039,"CodeTON Round 9 (Div. 1 + Div. 2, Rated, Prizes!)"
SolveXJo,788,895,107,6913,2039,"CodeTON Round 9 (Div. 1 + Div. 2, Rated, Prizes!)"
jiaqiangliu,867,895,28,6914,2039,"CodeTON Round 9 (Div. 1 + Div. 2, Rated, Prizes!)"
Loading_Error,719,796,77,6915,2039,"CodeTON Round 9 (Div. 1 + Div. 2, Rated, Prizes!)"
yzqz,1259,1191,-68,6916,2039,"CodeTON Round 9 (Div. 1 + Div. 2, Rated, Prizes!)"
shado33,1006,1033,27,6917,2039,"CodeTON Round 9 (Div. 1 + Div. 2, Rated, Prizes!)"
tracktor,764,825,61,6918,2039,"CodeTON Round 9 (Div. 1 + Div. 2, Rated, Prizes!)"
https_,739,809,70,6919,2039,"CodeTON Round 9 (Div. 1 + Div. 2, Rated, Prizes!)"
pro_coder2.0,509,670,161,6920,2039,"CodeTON Round 9 (Div. 1 + Div. 2, Rated, Prizes!)"
saniadislam,396,671,275,6921,2039,"CodeTON Round 9 (Div. 1 + Div. 2, Rated, Prizes!)"
__Mahatab,870,897,27,6922,2039,"CodeTON Round 9 (Div. 1 + Div. 2, Rated, Prizes!)"
Issakwwp,860,890,30,6923,2039,"CodeTON Round 9 (Div. 1 + Div. 2, Rated, Prizes!)"
Nafi__Code,859,889,30,6924,2039,"CodeTON Round 9 (Div. 1 + Div. 2, Rated, Prizes!)"
RODES,907,984,77,6925,2039,"CodeTON Round 9 (Div. 1 + Div. 2, Rated, Prizes!)"
alty_ab,1114,1077,-37,6926,2039,"CodeTON Round 9 (Div. 1 + Div. 2, Rated, Prizes!)"
Rabbi-02,692,778,86,6927,2039,"CodeTON Round 9 (Div. 1 + Div. 2, Rated, Prizes!)"
Devansh1212,357,639,282,6928,2039,"CodeTON Round 9 (Div. 1 + Div. 2, Rated, Prizes!)"
zeroxzp,1217,1157,-60,6928,2039,"CodeTON Round 9 (Div. 1 + Div. 2, Rated, Prizes!)"
hxxxh,0,415,415,6930,2039,"CodeTON Round 9 (Div. 1 + Div. 2, Rated, Prizes!)"
apqzl,369,649,280,6931,2039,"CodeTON Round 9 (Div. 1 + Div. 2, Rated, Prizes!)"
voldy2225,0,414,414,6932,2039,"CodeTON Round 9 (Div. 1 + Div. 2, Rated, Prizes!)"
jsmes_arther,1076,1048,-28,6933,2039,"CodeTON Round 9 (Div. 1 + Div. 2, Rated, Prizes!)"
Mainul36,665,761,96,6934,2039,"CodeTON Round 9 (Div. 1 + Div. 2, Rated, Prizes!)"
etsofia69,784,904,120,6934,2039,"CodeTON Round 9 (Div. 1 + Div. 2, Rated, Prizes!)"
anasmultani,892,912,20,6936,2039,"CodeTON Round 9 (Div. 1 + Div. 2, Rated, Prizes!)"
ddtrgyewhh,570,782,212,6937,2039,"CodeTON Round 9 (Div. 1 + Div. 2, Rated, Prizes!)"
Panda007,369,649,280,6938,2039,"CodeTON Round 9 (Div. 1 + Div. 2, Rated, Prizes!)"
jabra203,425,693,268,6939,2039,"CodeTON Round 9 (Div. 1 + Div. 2, Rated, Prizes!)"
hesoyamchik,1672,1519,-153,6940,2039,"CodeTON Round 9 (Div. 1 + Div. 2, Rated, Prizes!)"
dhruvchavda1403,650,844,194,6941,2039,"CodeTON Round 9 (Div. 1 + Div. 2, Rated, Prizes!)"
AAALLQ,767,879,112,6942,2039,"CodeTON Round 9 (Div. 1 + Div. 2, Rated, Prizes!)"
binaryBuster,1094,1061,-33,6943,2039,"CodeTON Round 9 (Div. 1 + Div. 2, Rated, Prizes!)"
HIKIGAI_HACHIMAN,823,863,40,6944,2039,"CodeTON Round 9 (Div. 1 + Div. 2, Rated, Prizes!)"
Arafat_Rahman_CSE_CSTU,0,414,414,6945,2039,"CodeTON Round 9 (Div. 1 + Div. 2, Rated, Prizes!)"
kunal_4455,996,987,-9,6946,2039,"CodeTON Round 9 (Div. 1 + Div. 2, Rated, Prizes!)"
lingexe,0,414,414,6946,2039,"CodeTON Round 9 (Div. 1 + Div. 2, Rated, Prizes!)"
acanoku,1023,1045,22,6948,2039,"CodeTON Round 9 (Div. 1 + Div. 2, Rated, Prizes!)"
A.Dabdoub3,1176,1125,-51,6948,2039,"CodeTON Round 9 (Div. 1 + Div. 2, Rated, Prizes!)"
platinumdragon,1345,1259,-86,6948,2039,"CodeTON Round 9 (Div. 1 + Div. 2, Rated, Prizes!)"
ZyadH1,1267,1196,-71,6948,2039,"CodeTON Round 9 (Div. 1 + Div. 2, Rated, Prizes!)"
NicoLadendorf,1614,1472,-142,6948,2039,"CodeTON Round 9 (Div. 1 + Div. 2, Rated, Prizes!)"
druhan_shah,1234,1170,-64,6948,2039,"CodeTON Round 9 (Div. 1 + Div. 2, Rated, Prizes!)"
Barkaat,1544,1417,-127,6948,2039,"CodeTON Round 9 (Div. 1 + Div. 2, Rated, Prizes!)"
newusercf,1803,1622,-181,6948,2039,"CodeTON Round 9 (Div. 1 + Div. 2, Rated, Prizes!)"
kavliaros7,1195,1140,-55,6948,2039,"CodeTON Round 9 (Div. 1 + Div. 2, Rated, Prizes!)"
fakegustavgiri,1124,1152,28,6948,2039,"CodeTON Round 9 (Div. 1 + Div. 2, Rated, Prizes!)"
Xmaoao,1427,1324,-103,6948,2039,"CodeTON Round 9 (Div. 1 + Div. 2, Rated, Prizes!)"
CH23B050,1362,1272,-90,6948,2039,"CodeTON Round 9 (Div. 1 + Div. 2, Rated, Prizes!)"
molekula,1196,1140,-56,6960,2039,"CodeTON Round 9 (Div. 1 + Div. 2, Rated, Prizes!)"
devspector,0,414,414,6960,2039,"CodeTON Round 9 (Div. 1 + Div. 2, Rated, Prizes!)"
combozuko,1516,1394,-122,6960,2039,"CodeTON Round 9 (Div. 1 + Div. 2, Rated, Prizes!)"
am_25,1667,1514,-153,6960,2039,"CodeTON Round 9 (Div. 1 + Div. 2, Rated, Prizes!)"
rescue,927,935,8,6960,2039,"CodeTON Round 9 (Div. 1 + Div. 2, Rated, Prizes!)"
Rezaren,1051,1027,-24,6960,2039,"CodeTON Round 9 (Div. 1 + Div. 2, Rated, Prizes!)"
deepandark,1290,1214,-76,6960,2039,"CodeTON Round 9 (Div. 1 + Div. 2, Rated, Prizes!)"
_asunaa,1238,1173,-65,6960,2039,"CodeTON Round 9 (Div. 1 + Div. 2, Rated, Prizes!)"
whr123,1355,1266,-89,6960,2039,"CodeTON Round 9 (Div. 1 + Div. 2, Rated, Prizes!)"
Muhimen,1385,1290,-95,6960,2039,"CodeTON Round 9 (Div. 1 + Div. 2, Rated, Prizes!)"
alysonNBS,1542,1415,-127,6960,2039,"CodeTON Round 9 (Div. 1 + Div. 2, Rated, Prizes!)"
haman_pakrah87,1027,1009,-18,6960,2039,"CodeTON Round 9 (Div. 1 + Div. 2, Rated, Prizes!)"
mohsen_soleman,1250,1182,-68,6960,2039,"CodeTON Round 9 (Div. 1 + Div. 2, Rated, Prizes!)"
pure,1027,1009,-18,6960,2039,"CodeTON Round 9 (Div. 1 + Div. 2, Rated, Prizes!)"
P47H4N,1013,998,-15,6960,2039,"CodeTON Round 9 (Div. 1 + Div. 2, Rated, Prizes!)"
buouuuu,1624,1480,-144,6960,2039,"CodeTON Round 9 (Div. 1 + Div. 2, Rated, Prizes!)"
AnuCool01,939,943,4,6960,2039,"CodeTON Round 9 (Div. 1 + Div. 2, Rated, Prizes!)"
momitulmahir,1080,1049,-31,6960,2039,"CodeTON Round 9 (Div. 1 + Div. 2, Rated, Prizes!)"
pvpwarrior,1245,1178,-67,6960,2039,"CodeTON Round 9 (Div. 1 + Div. 2, Rated, Prizes!)"
AIR_COLOR5,1627,1482,-145,6960,2039,"CodeTON Round 9 (Div. 1 + Div. 2, Rated, Prizes!)"
candy0014,1926,1719,-207,6960,2039,"CodeTON Round 9 (Div. 1 + Div. 2, Rated, Prizes!)"
absx,1310,1230,-80,6960,2039,"CodeTON Round 9 (Div. 1 + Div. 2, Rated, Prizes!)"
Hbayeb,973,968,-5,6982,2039,"CodeTON Round 9 (Div. 1 + Div. 2, Rated, Prizes!)"
tHe_bAbA_yEgA,813,854,41,6982,2039,"CodeTON Round 9 (Div. 1 + Div. 2, Rated, Prizes!)"
subcoder,1058,1032,-26,6982,2039,"CodeTON Round 9 (Div. 1 + Div. 2, Rated, Prizes!)"
CheatPlusPlus14,536,780,244,6982,2039,"CodeTON Round 9 (Div. 1 + Div. 2, Rated, Prizes!)"
podyapolskiy.yaroslav,1238,1172,-66,6982,2039,"CodeTON Round 9 (Div. 1 + Div. 2, Rated, Prizes!)"
ZGonce819,922,967,45,6982,2039,"CodeTON Round 9 (Div. 1 + Div. 2, Rated, Prizes!)"
minahttoe,1048,1024,-24,6982,2039,"CodeTON Round 9 (Div. 1 + Div. 2, Rated, Prizes!)"
bmz,1171,1119,-52,6982,2039,"CodeTON Round 9 (Div. 1 + Div. 2, Rated, Prizes!)"
Isho_k,1093,1058,-35,6982,2039,"CodeTON Round 9 (Div. 1 + Div. 2, Rated, Prizes!)"
ZeRo_BuG_,986,977,-9,6982,2039,"CodeTON Round 9 (Div. 1 + Div. 2, Rated, Prizes!)"
mathiassuganda,1207,1148,-59,6982,2039,"CodeTON Round 9 (Div. 1 + Div. 2, Rated, Prizes!)"
warowl,1251,1182,-69,6982,2039,"CodeTON Round 9 (Div. 1 + Div. 2, Rated, Prizes!)"
DzadzoD,1594,1456,-138,6982,2039,"CodeTON Round 9 (Div. 1 + Div. 2, Rated, Prizes!)"
Matong123,1013,998,-15,6982,2039,"CodeTON Round 9 (Div. 1 + Div. 2, Rated, Prizes!)"
KitijaK,1057,1031,-26,6982,2039,"CodeTON Round 9 (Div. 1 + Div. 2, Rated, Prizes!)"
Bardia10,964,961,-3,6982,2039,"CodeTON Round 9 (Div. 1 + Div. 2, Rated, Prizes!)"
Konchi_Babaa__,1333,1247,-86,6982,2039,"CodeTON Round 9 (Div. 1 + Div. 2, Rated, Prizes!)"
nikanghadiri,857,884,27,6982,2039,"CodeTON Round 9 (Div. 1 + Div. 2, Rated, Prizes!)"
aryanth,1579,1444,-135,6982,2039,"CodeTON Round 9 (Div. 1 + Div. 2, Rated, Prizes!)"
Kevin_D,0,413,413,6982,2039,"CodeTON Round 9 (Div. 1 + Div. 2, Rated, Prizes!)"
JinnyW,2337,2102,-235,6982,2039,"CodeTON Round 9 (Div. 1 + Div. 2, Rated, Prizes!)"
PRV_double2d,695,878,183,6982,2039,"CodeTON Round 9 (Div. 1 + Div. 2, Rated, Prizes!)"
wfchen,995,984,-11,6982,2039,"CodeTON Round 9 (Div. 1 + Div. 2, Rated, Prizes!)"
VSS_103693abdullah.khan,350,632,282,6982,2039,"CodeTON Round 9 (Div. 1 + Div. 2, Rated, Prizes!)"
lJonathan,905,918,13,6982,2039,"CodeTON Round 9 (Div. 1 + Div. 2, Rated, Prizes!)"
NaifH,1006,992,-14,6982,2039,"CodeTON Round 9 (Div. 1 + Div. 2, Rated, Prizes!)"
AGENT_D,386,659,273,7008,2039,"CodeTON Round 9 (Div. 1 + Div. 2, Rated, Prizes!)"
arijit_7,877,896,19,7008,2039,"CodeTON Round 9 (Div. 1 + Div. 2, Rated, Prizes!)"
chenhr,966,961,-5,7008,2039,"CodeTON Round 9 (Div. 1 + Div. 2, Rated, Prizes!)"
Silverz,1003,988,-15,7008,2039,"CodeTON Round 9 (Div. 1 + Div. 2, Rated, Prizes!)"
Yzm_,0,412,412,7008,2039,"CodeTON Round 9 (Div. 1 + Div. 2, Rated, Prizes!)"
AnriArkania,1009,993,-16,7008,2039,"CodeTON Round 9 (Div. 1 + Div. 2, Rated, Prizes!)"
lilpluton,1234,1168,-66,7008,2039,"CodeTON Round 9 (Div. 1 + Div. 2, Rated, Prizes!)"
baishakhmahfiz,983,973,-10,7008,2039,"CodeTON Round 9 (Div. 1 + Div. 2, Rated, Prizes!)"
Dalle,1223,1159,-64,7008,2039,"CodeTON Round 9 (Div. 1 + Div. 2, Rated, Prizes!)"
denchik.2akkaunt,1210,1218,8,7008,2039,"CodeTON Round 9 (Div. 1 + Div. 2, Rated, Prizes!)"
GenShin-impact-start,0,412,412,7008,2039,"CodeTON Round 9 (Div. 1 + Div. 2, Rated, Prizes!)"
tiwaryadarsh692,563,801,238,7008,2039,"CodeTON Round 9 (Div. 1 + Div. 2, Rated, Prizes!)"
Drumil,789,836,47,7008,2039,"CodeTON Round 9 (Div. 1 + Div. 2, Rated, Prizes!)"
NotMazuong,434,698,264,7008,2039,"CodeTON Round 9 (Div. 1 + Div. 2, Rated, Prizes!)"
Dragonhearteed,940,942,2,7008,2039,"CodeTON Round 9 (Div. 1 + Div. 2, Rated, Prizes!)"
LteShuai,1093,1057,-36,7008,2039,"CodeTON Round 9 (Div. 1 + Div. 2, Rated, Prizes!)"
Jumaev_Gaisar,1253,1183,-70,7008,2039,"CodeTON Round 9 (Div. 1 + Div. 2, Rated, Prizes!)"
ShishirV,1049,1062,13,7008,2039,"CodeTON Round 9 (Div. 1 + Div. 2, Rated, Prizes!)"
jebanai,1094,1097,3,7008,2039,"CodeTON Round 9 (Div. 1 + Div. 2, Rated, Prizes!)"
Din_ED,990,978,-12,7008,2039,"CodeTON Round 9 (Div. 1 + Div. 2, Rated, Prizes!)"
TheRZ,389,662,273,7008,2039,"CodeTON Round 9 (Div. 1 + Div. 2, Rated, Prizes!)"
newvortex,1142,1095,-47,7008,2039,"CodeTON Round 9 (Div. 1 + Div. 2, Rated, Prizes!)"
Victoredel,1559,1427,-132,7008,2039,"CodeTON Round 9 (Div. 1 + Div. 2, Rated, Prizes!)"
mattferrer,1043,1085,42,7008,2039,"CodeTON Round 9 (Div. 1 + Div. 2, Rated, Prizes!)"
duuyy,841,906,65,7008,2039,"CodeTON Round 9 (Div. 1 + Div. 2, Rated, Prizes!)"
Wanderer116,825,860,35,7008,2039,"CodeTON Round 9 (Div. 1 + Div. 2, Rated, Prizes!)"
Zelenusik,1024,1004,-20,7008,2039,"CodeTON Round 9 (Div. 1 + Div. 2, Rated, Prizes!)"
havlialb,1245,1177,-68,7008,2039,"CodeTON Round 9 (Div. 1 + Div. 2, Rated, Prizes!)"
PlumEvo,1024,1004,-20,7008,2039,"CodeTON Round 9 (Div. 1 + Div. 2, Rated, Prizes!)"
shreyassn,975,1050,75,7008,2039,"CodeTON Round 9 (Div. 1 + Div. 2, Rated, Prizes!)"
ByteBlade2104,975,967,-8,7008,2039,"CodeTON Round 9 (Div. 1 + Div. 2, Rated, Prizes!)"
Bhawna_Chauhan_,1132,1087,-45,7008,2039,"CodeTON Round 9 (Div. 1 + Div. 2, Rated, Prizes!)"
hsa1as,0,412,412,7008,2039,"CodeTON Round 9 (Div. 1 + Div. 2, Rated, Prizes!)"
kyqcn,810,850,40,7008,2039,"CodeTON Round 9 (Div. 1 + Div. 2, Rated, Prizes!)"
Raihan_Freeze,717,894,177,7008,2039,"CodeTON Round 9 (Div. 1 + Div. 2, Rated, Prizes!)"
bAAAAzzigarrr,1184,1128,-56,7008,2039,"CodeTON Round 9 (Div. 1 + Div. 2, Rated, Prizes!)"
mvr_sin_theta,1121,1079,-42,7008,2039,"CodeTON Round 9 (Div. 1 + Div. 2, Rated, Prizes!)"
Tupac_Shakur,1184,1128,-56,7008,2039,"CodeTON Round 9 (Div. 1 + Div. 2, Rated, Prizes!)"
ding_don_dino,1552,1421,-131,7008,2039,"CodeTON Round 9 (Div. 1 + Div. 2, Rated, Prizes!)"
Th3_Ch0sen_One,1138,1091,-47,7047,2039,"CodeTON Round 9 (Div. 1 + Div. 2, Rated, Prizes!)"
0biwan_kenobi,1046,1020,-26,7047,2039,"CodeTON Round 9 (Div. 1 + Div. 2, Rated, Prizes!)"
Prabhu23123,1211,1148,-63,7047,2039,"CodeTON Round 9 (Div. 1 + Div. 2, Rated, Prizes!)"
shivamx18,0,411,411,7047,2039,"CodeTON Round 9 (Div. 1 + Div. 2, Rated, Prizes!)"
VERYCOOL_BOY,1278,1202,-76,7047,2039,"CodeTON Round 9 (Div. 1 + Div. 2, Rated, Prizes!)"
Hany_Osama,1099,1060,-39,7047,2039,"CodeTON Round 9 (Div. 1 + Div. 2, Rated, Prizes!)"
Nomia,1352,1261,-91,7047,2039,"CodeTON Round 9 (Div. 1 + Div. 2, Rated, Prizes!)"
Osman_001,1090,1054,-36,7047,2039,"CodeTON Round 9 (Div. 1 + Div. 2, Rated, Prizes!)"
Barryb0513,933,998,65,7047,2039,"CodeTON Round 9 (Div. 1 + Div. 2, Rated, Prizes!)"
ArminAfzali,1155,1173,18,7047,2039,"CodeTON Round 9 (Div. 1 + Div. 2, Rated, Prizes!)"
mug1waara,615,812,197,7047,2039,"CodeTON Round 9 (Div. 1 + Div. 2, Rated, Prizes!)"
rollup,1257,1185,-72,7047,2039,"CodeTON Round 9 (Div. 1 + Div. 2, Rated, Prizes!)"
AY_ALFRM,1082,1047,-35,7047,2039,"CodeTON Round 9 (Div. 1 + Div. 2, Rated, Prizes!)"
qmwneb,504,752,248,7047,2039,"CodeTON Round 9 (Div. 1 + Div. 2, Rated, Prizes!)"
Kiyotaka_Ayanokoji9716,991,978,-13,7047,2039,"CodeTON Round 9 (Div. 1 + Div. 2, Rated, Prizes!)"
ChenCXxx,1215,1222,7,7047,2039,"CodeTON Round 9 (Div. 1 + Div. 2, Rated, Prizes!)"
discontinuous,1148,1098,-50,7047,2039,"CodeTON Round 9 (Div. 1 + Div. 2, Rated, Prizes!)"
Kiritmak,1257,1185,-72,7047,2039,"CodeTON Round 9 (Div. 1 + Div. 2, Rated, Prizes!)"
i.am_anas,0,411,411,7047,2039,"CodeTON Round 9 (Div. 1 + Div. 2, Rated, Prizes!)"
Trn115,1396,1296,-100,7047,2039,"CodeTON Round 9 (Div. 1 + Div. 2, Rated, Prizes!)"
Niom,481,734,253,7047,2039,"CodeTON Round 9 (Div. 1 + Div. 2, Rated, Prizes!)"
RohitGupta165,833,864,31,7047,2039,"CodeTON Round 9 (Div. 1 + Div. 2, Rated, Prizes!)"
harshsbhandari,987,975,-12,7047,2039,"CodeTON Round 9 (Div. 1 + Div. 2, Rated, Prizes!)"
AmrElkhodari,1160,1108,-52,7047,2039,"CodeTON Round 9 (Div. 1 + Div. 2, Rated, Prizes!)"
BrianHuang06,0,411,411,7047,2039,"CodeTON Round 9 (Div. 1 + Div. 2, Rated, Prizes!)"
Adarsh23078090,891,905,14,7047,2039,"CodeTON Round 9 (Div. 1 + Div. 2, Rated, Prizes!)"
a1b1a2b2,1097,1059,-38,7047,2039,"CodeTON Round 9 (Div. 1 + Div. 2, Rated, Prizes!)"
Seif_samir,1115,1073,-42,7047,2039,"CodeTON Round 9 (Div. 1 + Div. 2, Rated, Prizes!)"
ib_,1274,1199,-75,7047,2039,"CodeTON Round 9 (Div. 1 + Div. 2, Rated, Prizes!)"
nttung42,0,411,411,7047,2039,"CodeTON Round 9 (Div. 1 + Div. 2, Rated, Prizes!)"
octopus,1205,1144,-61,7047,2039,"CodeTON Round 9 (Div. 1 + Div. 2, Rated, Prizes!)"
dinesh.4213,1090,1054,-36,7047,2039,"CodeTON Round 9 (Div. 1 + Div. 2, Rated, Prizes!)"
samakshagarwal11,1132,1086,-46,7047,2039,"CodeTON Round 9 (Div. 1 + Div. 2, Rated, Prizes!)"
Yerugulan,984,972,-12,7047,2039,"CodeTON Round 9 (Div. 1 + Div. 2, Rated, Prizes!)"
LOGIC-MASTER_1e24817,968,961,-7,7047,2039,"CodeTON Round 9 (Div. 1 + Div. 2, Rated, Prizes!)"
I_m_lipon,1127,1082,-45,7047,2039,"CodeTON Round 9 (Div. 1 + Div. 2, Rated, Prizes!)"
secretwood01,1216,1152,-64,7047,2039,"CodeTON Round 9 (Div. 1 + Div. 2, Rated, Prizes!)"
justachillguy,681,864,183,7047,2039,"CodeTON Round 9 (Div. 1 + Div. 2, Rated, Prizes!)"
KnightRaider,781,828,47,7047,2039,"CodeTON Round 9 (Div. 1 + Div. 2, Rated, Prizes!)"
Shaker_32,1284,1207,-77,7047,2039,"CodeTON Round 9 (Div. 1 + Div. 2, Rated, Prizes!)"
rishavsanjay,1176,1121,-55,7047,2039,"CodeTON Round 9 (Div. 1 + Div. 2, Rated, Prizes!)"
TopCloser_fan,1614,1470,-144,7047,2039,"CodeTON Round 9 (Div. 1 + Div. 2, Rated, Prizes!)"
Sathi13,933,935,2,7047,2039,"CodeTON Round 9 (Div. 1 + Div. 2, Rated, Prizes!)"
Okay_07,813,848,35,7090,2039,"CodeTON Round 9 (Div. 1 + Div. 2, Rated, Prizes!)"
mistick152,1262,1188,-74,7090,2039,"CodeTON Round 9 (Div. 1 + Div. 2, Rated, Prizes!)"
cftwo11,0,410,410,7090,2039,"CodeTON Round 9 (Div. 1 + Div. 2, Rated, Prizes!)"
tsioftas,1455,1342,-113,7090,2039,"CodeTON Round 9 (Div. 1 + Div. 2, Rated, Prizes!)"
Saarc,1096,1057,-39,7090,2039,"CodeTON Round 9 (Div. 1 + Div. 2, Rated, Prizes!)"
SUDHANVA7,1191,1131,-60,7090,2039,"CodeTON Round 9 (Div. 1 + Div. 2, Rated, Prizes!)"
andawz,615,811,196,7090,2039,"CodeTON Round 9 (Div. 1 + Div. 2, Rated, Prizes!)"
abo_naderr,849,932,83,7090,2039,"CodeTON Round 9 (Div. 1 + Div. 2, Rated, Prizes!)"
_GGhost_,846,930,84,7090,2039,"CodeTON Round 9 (Div. 1 + Div. 2, Rated, Prizes!)"
ChocoByte__,743,801,58,7090,2039,"CodeTON Round 9 (Div. 1 + Div. 2, Rated, Prizes!)"
sososonoob,1146,1095,-51,7090,2039,"CodeTON Round 9 (Div. 1 + Div. 2, Rated, Prizes!)"
FARHADUL_ISLAM,1065,1033,-32,7090,2039,"CodeTON Round 9 (Div. 1 + Div. 2, Rated, Prizes!)"
_JG_,1276,1199,-77,7090,2039,"CodeTON Round 9 (Div. 1 + Div. 2, Rated, Prizes!)"
Mehryad,1161,1108,-53,7090,2039,"CodeTON Round 9 (Div. 1 + Div. 2, Rated, Prizes!)"
Iqra,874,890,16,7090,2039,"CodeTON Round 9 (Div. 1 + Div. 2, Rated, Prizes!)"
dtgG1856_7,1082,1046,-36,7090,2039,"CodeTON Round 9 (Div. 1 + Div. 2, Rated, Prizes!)"
Shamek0n,1182,1124,-58,7090,2039,"CodeTON Round 9 (Div. 1 + Div. 2, Rated, Prizes!)"
nuh-uh,540,780,240,7090,2039,"CodeTON Round 9 (Div. 1 + Div. 2, Rated, Prizes!)"
WillM,1231,1163,-68,7090,2039,"CodeTON Round 9 (Div. 1 + Div. 2, Rated, Prizes!)"
oloy,1629,1481,-148,7090,2039,"CodeTON Round 9 (Div. 1 + Div. 2, Rated, Prizes!)"
Aruzhan_Kracotka,754,921,167,7090,2039,"CodeTON Round 9 (Div. 1 + Div. 2, Rated, Prizes!)"
iknkai,1049,1020,-29,7090,2039,"CodeTON Round 9 (Div. 1 + Div. 2, Rated, Prizes!)"
amn9130,942,939,-3,7090,2039,"CodeTON Round 9 (Div. 1 + Div. 2, Rated, Prizes!)"
bomaydjtgay,1223,1157,-66,7090,2039,"CodeTON Round 9 (Div. 1 + Div. 2, Rated, Prizes!)"
3omda_,922,925,3,7090,2039,"CodeTON Round 9 (Div. 1 + Div. 2, Rated, Prizes!)"
gvineeth1552,1073,1039,-34,7090,2039,"CodeTON Round 9 (Div. 1 + Div. 2, Rated, Prizes!)"
Firaol_Bulo,1169,1114,-55,7090,2039,"CodeTON Round 9 (Div. 1 + Div. 2, Rated, Prizes!)"
niloychowdhury,1222,1156,-66,7090,2039,"CodeTON Round 9 (Div. 1 + Div. 2, Rated, Prizes!)"
LiGhT_YaGaMi9716,931,931,0,7090,2039,"CodeTON Round 9 (Div. 1 + Div. 2, Rated, Prizes!)"
hydropek,1067,1171,104,7090,2039,"CodeTON Round 9 (Div. 1 + Div. 2, Rated, Prizes!)"
Renko114,580,783,203,7090,2039,"CodeTON Round 9 (Div. 1 + Div. 2, Rated, Prizes!)"
slysly,941,976,35,7090,2039,"CodeTON Round 9 (Div. 1 + Div. 2, Rated, Prizes!)"
princebombastic,1133,1085,-48,7090,2039,"CodeTON Round 9 (Div. 1 + Div. 2, Rated, Prizes!)"
Saikot_Das,824,855,31,7090,2039,"CodeTON Round 9 (Div. 1 + Div. 2, Rated, Prizes!)"
noir_kalakaar,1026,1003,-23,7090,2039,"CodeTON Round 9 (Div. 1 + Div. 2, Rated, Prizes!)"
WiseAndrei4,971,999,28,7090,2039,"CodeTON Round 9 (Div. 1 + Div. 2, Rated, Prizes!)"
wanderer1028,1609,1464,-145,7090,2039,"CodeTON Round 9 (Div. 1 + Div. 2, Rated, Prizes!)"
SuperJimmy,1061,1030,-31,7090,2039,"CodeTON Round 9 (Div. 1 + Div. 2, Rated, Prizes!)"
bhaskar.govil.14,424,688,264,7090,2039,"CodeTON Round 9 (Div. 1 + Div. 2, Rated, Prizes!)"
JNP008,1104,1063,-41,7090,2039,"CodeTON Round 9 (Div. 1 + Div. 2, Rated, Prizes!)"
zoidzium,1487,1368,-119,7090,2039,"CodeTON Round 9 (Div. 1 + Div. 2, Rated, Prizes!)"
ahmedismail_20,885,899,14,7090,2039,"CodeTON Round 9 (Div. 1 + Div. 2, Rated, Prizes!)"
Parikshit_Namdev,1126,1080,-46,7090,2039,"CodeTON Round 9 (Div. 1 + Div. 2, Rated, Prizes!)"
cfigm,0,410,410,7090,2039,"CodeTON Round 9 (Div. 1 + Div. 2, Rated, Prizes!)"
coco_12,767,884,117,7090,2039,"CodeTON Round 9 (Div. 1 + Div. 2, Rated, Prizes!)"
itz_Akshay,0,410,410,7090,2039,"CodeTON Round 9 (Div. 1 + Div. 2, Rated, Prizes!)"
vip551,804,841,37,7090,2039,"CodeTON Round 9 (Div. 1 + Div. 2, Rated, Prizes!)"
T.S.Joy,1147,1095,-52,7137,2039,"CodeTON Round 9 (Div. 1 + Div. 2, Rated, Prizes!)"
Xiao_H,1120,1074,-46,7137,2039,"CodeTON Round 9 (Div. 1 + Div. 2, Rated, Prizes!)"
Tawfiq_wahed,1006,986,-20,7137,2039,"CodeTON Round 9 (Div. 1 + Div. 2, Rated, Prizes!)"
Dilip_24,775,821,46,7137,2039,"CodeTON Round 9 (Div. 1 + Div. 2, Rated, Prizes!)"
raviVaar,959,951,-8,7137,2039,"CodeTON Round 9 (Div. 1 + Div. 2, Rated, Prizes!)"
anuragak021,924,925,1,7137,2039,"CodeTON Round 9 (Div. 1 + Div. 2, Rated, Prizes!)"
BleedBlue,1010,989,-21,7137,2039,"CodeTON Round 9 (Div. 1 + Div. 2, Rated, Prizes!)"
bestows,907,913,6,7137,2039,"CodeTON Round 9 (Div. 1 + Div. 2, Rated, Prizes!)"
joaoc,1211,1146,-65,7137,2039,"CodeTON Round 9 (Div. 1 + Div. 2, Rated, Prizes!)"
alshariaralif2004,795,834,39,7137,2039,"CodeTON Round 9 (Div. 1 + Div. 2, Rated, Prizes!)"
L1UP,981,1052,71,7137,2039,"CodeTON Round 9 (Div. 1 + Div. 2, Rated, Prizes!)"
r012_533,1153,1100,-53,7137,2039,"CodeTON Round 9 (Div. 1 + Div. 2, Rated, Prizes!)"
p4kun,1031,1044,13,7137,2039,"CodeTON Round 9 (Div. 1 + Div. 2, Rated, Prizes!)"
Ether,1232,1163,-69,7137,2039,"CodeTON Round 9 (Div. 1 + Div. 2, Rated, Prizes!)"
HuynhMinh,994,977,-17,7137,2039,"CodeTON Round 9 (Div. 1 + Div. 2, Rated, Prizes!)"
abcdef_Z,991,975,-16,7137,2039,"CodeTON Round 9 (Div. 1 + Div. 2, Rated, Prizes!)"
saksham34e,1001,983,-18,7137,2039,"CodeTON Round 9 (Div. 1 + Div. 2, Rated, Prizes!)"
A_Normal_Guy_,971,960,-11,7137,2039,"CodeTON Round 9 (Div. 1 + Div. 2, Rated, Prizes!)"
WafyLuxe,1289,1208,-81,7137,2039,"CodeTON Round 9 (Div. 1 + Div. 2, Rated, Prizes!)"
yerkegyan,947,942,-5,7137,2039,"CodeTON Round 9 (Div. 1 + Div. 2, Rated, Prizes!)"
Siddharth7i,802,839,37,7137,2039,"CodeTON Round 9 (Div. 1 + Div. 2, Rated, Prizes!)"
Noskash,1090,1051,-39,7137,2039,"CodeTON Round 9 (Div. 1 + Div. 2, Rated, Prizes!)"
charged_creeper,639,829,190,7137,2039,"CodeTON Round 9 (Div. 1 + Div. 2, Rated, Prizes!)"
mhmohamed977,1116,1071,-45,7137,2039,"CodeTON Round 9 (Div. 1 + Div. 2, Rated, Prizes!)"
red_light,335,615,280,7137,2039,"CodeTON Round 9 (Div. 1 + Div. 2, Rated, Prizes!)"
Advaith_12,774,875,101,7137,2039,"CodeTON Round 9 (Div. 1 + Div. 2, Rated, Prizes!)"
sdh_02,929,929,0,7137,2039,"CodeTON Round 9 (Div. 1 + Div. 2, Rated, Prizes!)"
cq__2436,661,846,185,7137,2039,"CodeTON Round 9 (Div. 1 + Div. 2, Rated, Prizes!)"
Sreven,944,940,-4,7137,2039,"CodeTON Round 9 (Div. 1 + Div. 2, Rated, Prizes!)"
mate0,802,839,37,7137,2039,"CodeTON Round 9 (Div. 1 + Div. 2, Rated, Prizes!)"
Aryan__K,1152,1099,-53,7137,2039,"CodeTON Round 9 (Div. 1 + Div. 2, Rated, Prizes!)"
The_DeepDas,715,843,128,7137,2039,"CodeTON Round 9 (Div. 1 + Div. 2, Rated, Prizes!)"
lovroSam,1405,1300,-105,7169,2039,"CodeTON Round 9 (Div. 1 + Div. 2, Rated, Prizes!)"
Fahmid-404,1002,981,-21,7169,2039,"CodeTON Round 9 (Div. 1 + Div. 2, Rated, Prizes!)"
tertospacko.cp,771,884,113,7169,2039,"CodeTON Round 9 (Div. 1 + Div. 2, Rated, Prizes!)"
shi-bal,1152,1097,-55,7169,2039,"CodeTON Round 9 (Div. 1 + Div. 2, Rated, Prizes!)"
jinxihexi_,1086,1046,-40,7169,2039,"CodeTON Round 9 (Div. 1 + Div. 2, Rated, Prizes!)"
B4TMAN,1060,1026,-34,7169,2039,"CodeTON Round 9 (Div. 1 + Div. 2, Rated, Prizes!)"
Segment.Tree,1193,1130,-63,7169,2039,"CodeTON Round 9 (Div. 1 + Div. 2, Rated, Prizes!)"
ENGINEER_X,785,825,40,7169,2039,"CodeTON Round 9 (Div. 1 + Div. 2, Rated, Prizes!)"
bimat,1033,1005,-28,7169,2039,"CodeTON Round 9 (Div. 1 + Div. 2, Rated, Prizes!)"
Karthik_Gutti,1081,1042,-39,7169,2039,"CodeTON Round 9 (Div. 1 + Div. 2, Rated, Prizes!)"
Nikhil_Patidar687,729,788,59,7169,2039,"CodeTON Round 9 (Div. 1 + Div. 2, Rated, Prizes!)"
I_am_waqib_,1008,986,-22,7169,2039,"CodeTON Round 9 (Div. 1 + Div. 2, Rated, Prizes!)"
Wangyizecss,648,834,186,7169,2039,"CodeTON Round 9 (Div. 1 + Div. 2, Rated, Prizes!)"
kanika_262,750,801,51,7169,2039,"CodeTON Round 9 (Div. 1 + Div. 2, Rated, Prizes!)"
piyu_skimmer,0,408,408,7169,2039,"CodeTON Round 9 (Div. 1 + Div. 2, Rated, Prizes!)"
Ultr4_Instinct,1250,1176,-74,7169,2039,"CodeTON Round 9 (Div. 1 + Div. 2, Rated, Prizes!)"
khoiduong2913,880,891,11,7169,2039,"CodeTON Round 9 (Div. 1 + Div. 2, Rated, Prizes!)"
chaotique,1370,1272,-98,7169,2039,"CodeTON Round 9 (Div. 1 + Div. 2, Rated, Prizes!)"
LightClear,832,932,100,7169,2039,"CodeTON Round 9 (Div. 1 + Div. 2, Rated, Prizes!)"
Griffith,1004,983,-21,7169,2039,"CodeTON Round 9 (Div. 1 + Div. 2, Rated, Prizes!)"
HatKid21,1056,1023,-33,7169,2039,"CodeTON Round 9 (Div. 1 + Div. 2, Rated, Prizes!)"
Depressed_C0der,1143,1091,-52,7169,2039,"CodeTON Round 9 (Div. 1 + Div. 2, Rated, Prizes!)"
thedoorgoesboom,0,408,408,7169,2039,"CodeTON Round 9 (Div. 1 + Div. 2, Rated, Prizes!)"
avi_boy,1369,1271,-98,7169,2039,"CodeTON Round 9 (Div. 1 + Div. 2, Rated, Prizes!)"
LazyLambda,1085,1045,-40,7169,2039,"CodeTON Round 9 (Div. 1 + Div. 2, Rated, Prizes!)"
prateek100200,1050,1018,-32,7169,2039,"CodeTON Round 9 (Div. 1 + Div. 2, Rated, Prizes!)"
imransihab0,932,928,-4,7169,2039,"CodeTON Round 9 (Div. 1 + Div. 2, Rated, Prizes!)"
so_long,1141,1089,-52,7169,2039,"CodeTON Round 9 (Div. 1 + Div. 2, Rated, Prizes!)"
Sunny_5491,792,830,38,7169,2039,"CodeTON Round 9 (Div. 1 + Div. 2, Rated, Prizes!)"
shogunexe,1246,1213,-33,7169,2039,"CodeTON Round 9 (Div. 1 + Div. 2, Rated, Prizes!)"
te3fi,1224,1155,-69,7169,2039,"CodeTON Round 9 (Div. 1 + Div. 2, Rated, Prizes!)"
Hamcker,1018,994,-24,7169,2039,"CodeTON Round 9 (Div. 1 + Div. 2, Rated, Prizes!)"
pablo-acha,1110,1065,-45,7169,2039,"CodeTON Round 9 (Div. 1 + Div. 2, Rated, Prizes!)"
chyragym,1029,1002,-27,7169,2039,"CodeTON Round 9 (Div. 1 + Div. 2, Rated, Prizes!)"
QWQsyc,0,408,408,7169,2039,"CodeTON Round 9 (Div. 1 + Div. 2, Rated, Prizes!)"
ankonroy,1229,1159,-70,7169,2039,"CodeTON Round 9 (Div. 1 + Div. 2, Rated, Prizes!)"
mnsarker116,871,921,50,7169,2039,"CodeTON Round 9 (Div. 1 + Div. 2, Rated, Prizes!)"
mkrtich_2010_,923,922,-1,7169,2039,"CodeTON Round 9 (Div. 1 + Div. 2, Rated, Prizes!)"
camille000000,675,856,181,7169,2039,"CodeTON Round 9 (Div. 1 + Div. 2, Rated, Prizes!)"
Shakuu,0,408,408,7169,2039,"CodeTON Round 9 (Div. 1 + Div. 2, Rated, Prizes!)"
JDqwq,787,897,110,7169,2039,"CodeTON Round 9 (Div. 1 + Div. 2, Rated, Prizes!)"
ltghung24,614,808,194,7169,2039,"CodeTON Round 9 (Div. 1 + Div. 2, Rated, Prizes!)"
iamsazidh,673,854,181,7169,2039,"CodeTON Round 9 (Div. 1 + Div. 2, Rated, Prizes!)"
chauhanbikash789,869,883,14,7169,2039,"CodeTON Round 9 (Div. 1 + Div. 2, Rated, Prizes!)"
LoneWalker,964,1037,73,7169,2039,"CodeTON Round 9 (Div. 1 + Div. 2, Rated, Prizes!)"
Eusebia,815,845,30,7169,2039,"CodeTON Round 9 (Div. 1 + Div. 2, Rated, Prizes!)"
chakriyvs,923,922,-1,7169,2039,"CodeTON Round 9 (Div. 1 + Div. 2, Rated, Prizes!)"
Yo_brow,411,675,264,7169,2039,"CodeTON Round 9 (Div. 1 + Div. 2, Rated, Prizes!)"
B-127,1346,1252,-94,7169,2039,"CodeTON Round 9 (Div. 1 + Div. 2, Rated, Prizes!)"
bitwise_alexorr,1031,1004,-27,7169,2039,"CodeTON Round 9 (Div. 1 + Div. 2, Rated, Prizes!)"
Prakharg_8651,0,408,408,7169,2039,"CodeTON Round 9 (Div. 1 + Div. 2, Rated, Prizes!)"
black_hat_inside,1341,1249,-92,7169,2039,"CodeTON Round 9 (Div. 1 + Div. 2, Rated, Prizes!)"
sungso376,479,730,251,7169,2039,"CodeTON Round 9 (Div. 1 + Div. 2, Rated, Prizes!)"
in_your_thoughts,868,942,74,7222,2039,"CodeTON Round 9 (Div. 1 + Div. 2, Rated, Prizes!)"
Dark_Mind,981,963,-18,7222,2039,"CodeTON Round 9 (Div. 1 + Div. 2, Rated, Prizes!)"
huutho27102005,716,887,171,7222,2039,"CodeTON Round 9 (Div. 1 + Div. 2, Rated, Prizes!)"
Info_coder_sys,947,976,29,7222,2039,"CodeTON Round 9 (Div. 1 + Div. 2, Rated, Prizes!)"
Namanush,1024,996,-28,7222,2039,"CodeTON Round 9 (Div. 1 + Div. 2, Rated, Prizes!)"
ohooo1,833,931,98,7222,2039,"CodeTON Round 9 (Div. 1 + Div. 2, Rated, Prizes!)"
adiroy2,1185,1122,-63,7222,2039,"CodeTON Round 9 (Div. 1 + Div. 2, Rated, Prizes!)"
SCHBoomer,998,977,-21,7222,2039,"CodeTON Round 9 (Div. 1 + Div. 2, Rated, Prizes!)"
Kovi_coder,1172,1112,-60,7222,2039,"CodeTON Round 9 (Div. 1 + Div. 2, Rated, Prizes!)"
cnujiji,1091,1048,-43,7222,2039,"CodeTON Round 9 (Div. 1 + Div. 2, Rated, Prizes!)"
au3799,1301,1215,-86,7222,2039,"CodeTON Round 9 (Div. 1 + Div. 2, Rated, Prizes!)"
18218498874,899,903,4,7222,2039,"CodeTON Round 9 (Div. 1 + Div. 2, Rated, Prizes!)"
tertospacko,758,804,46,7222,2039,"CodeTON Round 9 (Div. 1 + Div. 2, Rated, Prizes!)"
Coeldesu,661,843,182,7222,2039,"CodeTON Round 9 (Div. 1 + Div. 2, Rated, Prizes!)"
Flickyyy,1219,1150,-69,7222,2039,"CodeTON Round 9 (Div. 1 + Div. 2, Rated, Prizes!)"
testers,0,407,407,7222,2039,"CodeTON Round 9 (Div. 1 + Div. 2, Rated, Prizes!)"
ljeek,660,842,182,7222,2039,"CodeTON Round 9 (Div. 1 + Div. 2, Rated, Prizes!)"
HJC___666,414,676,262,7222,2039,"CodeTON Round 9 (Div. 1 + Div. 2, Rated, Prizes!)"
TaufiQ,1063,1026,-37,7222,2039,"CodeTON Round 9 (Div. 1 + Div. 2, Rated, Prizes!)"
atpug_ayir,816,844,28,7222,2039,"CodeTON Round 9 (Div. 1 + Div. 2, Rated, Prizes!)"
a1234b,897,901,4,7222,2039,"CodeTON Round 9 (Div. 1 + Div. 2, Rated, Prizes!)"
nhbao2207,1115,1067,-48,7222,2039,"CodeTON Round 9 (Div. 1 + Div. 2, Rated, Prizes!)"
infinity08,346,621,275,7222,2039,"CodeTON Round 9 (Div. 1 + Div. 2, Rated, Prizes!)"
SeidHub,1225,1154,-71,7222,2039,"CodeTON Round 9 (Div. 1 + Div. 2, Rated, Prizes!)"
Ebnesamit,890,896,6,7222,2039,"CodeTON Round 9 (Div. 1 + Div. 2, Rated, Prizes!)"
cpverse,1092,1049,-43,7222,2039,"CodeTON Round 9 (Div. 1 + Div. 2, Rated, Prizes!)"
ZnZrYb,713,885,172,7222,2039,"CodeTON Round 9 (Div. 1 + Div. 2, Rated, Prizes!)"
Pulokkumar,990,970,-20,7222,2039,"CodeTON Round 9 (Div. 1 + Div. 2, Rated, Prizes!)"
Rajeev123Ranjan,1034,1004,-30,7222,2039,"CodeTON Round 9 (Div. 1 + Div. 2, Rated, Prizes!)"
SatyamChoudhary,969,954,-15,7222,2039,"CodeTON Round 9 (Div. 1 + Div. 2, Rated, Prizes!)"
v0krom,786,894,108,7222,2039,"CodeTON Round 9 (Div. 1 + Div. 2, Rated, Prizes!)"
As_Duck,894,899,5,7222,2039,"CodeTON Round 9 (Div. 1 + Div. 2, Rated, Prizes!)"
Jabir.Ahmed,948,939,-9,7222,2039,"CodeTON Round 9 (Div. 1 + Div. 2, Rated, Prizes!)"
coderkingrahul,1098,1054,-44,7222,2039,"CodeTON Round 9 (Div. 1 + Div. 2, Rated, Prizes!)"
moha1111,1084,1043,-41,7222,2039,"CodeTON Round 9 (Div. 1 + Div. 2, Rated, Prizes!)"
pratikranjan,1165,1107,-58,7222,2039,"CodeTON Round 9 (Div. 1 + Div. 2, Rated, Prizes!)"
zmzzzz,834,932,98,7222,2039,"CodeTON Round 9 (Div. 1 + Div. 2, Rated, Prizes!)"
faradawn,912,994,82,7222,2039,"CodeTON Round 9 (Div. 1 + Div. 2, Rated, Prizes!)"
Charleszzy,1131,1080,-51,7222,2039,"CodeTON Round 9 (Div. 1 + Div. 2, Rated, Prizes!)"
whopassby,1482,1361,-121,7222,2039,"CodeTON Round 9 (Div. 1 + Div. 2, Rated, Prizes!)"
SebasKoria,1373,1273,-100,7222,2039,"CodeTON Round 9 (Div. 1 + Div. 2, Rated, Prizes!)"
justin_lingyyy,973,1023,50,7222,2039,"CodeTON Round 9 (Div. 1 + Div. 2, Rated, Prizes!)"
ShonenDev,1168,1109,-59,7222,2039,"CodeTON Round 9 (Div. 1 + Div. 2, Rated, Prizes!)"
tomxi,1298,1253,-45,7222,2039,"CodeTON Round 9 (Div. 1 + Div. 2, Rated, Prizes!)"
Zihad_Hossain,1081,1040,-41,7222,2039,"CodeTON Round 9 (Div. 1 + Div. 2, Rated, Prizes!)"
singhsupriya711,846,865,19,7222,2039,"CodeTON Round 9 (Div. 1 + Div. 2, Rated, Prizes!)"
Sergey2006,607,800,193,7222,2039,"CodeTON Round 9 (Div. 1 + Div. 2, Rated, Prizes!)"
Jeevith_P,980,963,-17,7222,2039,"CodeTON Round 9 (Div. 1 + Div. 2, Rated, Prizes!)"
Mihir_Kotecha,900,901,1,7270,2039,"CodeTON Round 9 (Div. 1 + Div. 2, Rated, Prizes!)"
VespertineFlower,1165,1105,-60,7270,2039,"CodeTON Round 9 (Div. 1 + Div. 2, Rated, Prizes!)"
stinca,943,933,-10,7270,2039,"CodeTON Round 9 (Div. 1 + Div. 2, Rated, Prizes!)"
Srivastava_ji,359,630,271,7270,2039,"CodeTON Round 9 (Div. 1 + Div. 2, Rated, Prizes!)"
AnurakRana,1062,1024,-38,7270,2039,"CodeTON Round 9 (Div. 1 + Div. 2, Rated, Prizes!)"
_foo_,1197,1131,-66,7270,2039,"CodeTON Round 9 (Div. 1 + Div. 2, Rated, Prizes!)"
bura_t1,1350,1253,-97,7270,2039,"CodeTON Round 9 (Div. 1 + Div. 2, Rated, Prizes!)"
RohitYuvaraJJadekar,1229,1156,-73,7270,2039,"CodeTON Round 9 (Div. 1 + Div. 2, Rated, Prizes!)"
ZuiLeiTianShan,1265,1185,-80,7270,2039,"CodeTON Round 9 (Div. 1 + Div. 2, Rated, Prizes!)"
lakvedant,927,921,-6,7270,2039,"CodeTON Round 9 (Div. 1 + Div. 2, Rated, Prizes!)"
Rabeirou,1107,1099,-8,7270,2039,"CodeTON Round 9 (Div. 1 + Div. 2, Rated, Prizes!)"
tssysh,881,968,87,7270,2039,"CodeTON Round 9 (Div. 1 + Div. 2, Rated, Prizes!)"
levelNext,1021,993,-28,7270,2039,"CodeTON Round 9 (Div. 1 + Div. 2, Rated, Prizes!)"
abncdf,614,804,190,7270,2039,"CodeTON Round 9 (Div. 1 + Div. 2, Rated, Prizes!)"
its_og,0,406,406,7270,2039,"CodeTON Round 9 (Div. 1 + Div. 2, Rated, Prizes!)"
razva23,919,979,60,7270,2039,"CodeTON Round 9 (Div. 1 + Div. 2, Rated, Prizes!)"
imshreyam,939,930,-9,7270,2039,"CodeTON Round 9 (Div. 1 + Div. 2, Rated, Prizes!)"
gadagedegadagadao,1384,1281,-103,7270,2039,"CodeTON Round 9 (Div. 1 + Div. 2, Rated, Prizes!)"
huycoal2025,371,640,269,7270,2039,"CodeTON Round 9 (Div. 1 + Div. 2, Rated, Prizes!)"
Heles,652,733,81,7270,2039,"CodeTON Round 9 (Div. 1 + Div. 2, Rated, Prizes!)"
coding_menace,356,628,272,7270,2039,"CodeTON Round 9 (Div. 1 + Div. 2, Rated, Prizes!)"
Panther,964,987,23,7270,2039,"CodeTON Round 9 (Div. 1 + Div. 2, Rated, Prizes!)"
NIRMAL_SINGH_BHANDARI,832,853,21,7270,2039,"CodeTON Round 9 (Div. 1 + Div. 2, Rated, Prizes!)"
ManasaP9,759,920,161,7270,2039,"CodeTON Round 9 (Div. 1 + Div. 2, Rated, Prizes!)"
wjh1234,1228,1155,-73,7270,2039,"CodeTON Round 9 (Div. 1 + Div. 2, Rated, Prizes!)"
tripurari5678,862,953,91,7270,2039,"CodeTON Round 9 (Div. 1 + Div. 2, Rated, Prizes!)"
AMIR_B,0,406,406,7270,2039,"CodeTON Round 9 (Div. 1 + Div. 2, Rated, Prizes!)"
weizixuan,1037,1093,56,7270,2039,"CodeTON Round 9 (Div. 1 + Div. 2, Rated, Prizes!)"
atanas,1004,980,-24,7270,2039,"CodeTON Round 9 (Div. 1 + Div. 2, Rated, Prizes!)"
Rahul_lrnit,1087,1043,-44,7270,2039,"CodeTON Round 9 (Div. 1 + Div. 2, Rated, Prizes!)"
Swapnil_Shukla,930,923,-7,7270,2039,"CodeTON Round 9 (Div. 1 + Div. 2, Rated, Prizes!)"
tasnimul,809,911,102,7270,2039,"CodeTON Round 9 (Div. 1 + Div. 2, Rated, Prizes!)"
slkapoor,350,623,273,7270,2039,"CodeTON Round 9 (Div. 1 + Div. 2, Rated, Prizes!)"
zowi,646,829,183,7270,2039,"CodeTON Round 9 (Div. 1 + Div. 2, Rated, Prizes!)"
bAd_hoc,1088,1113,25,7270,2039,"CodeTON Round 9 (Div. 1 + Div. 2, Rated, Prizes!)"
AR_TUFAN,898,900,2,7270,2039,"CodeTON Round 9 (Div. 1 + Div. 2, Rated, Prizes!)"
Ivan1503,1108,1060,-48,7270,2039,"CodeTON Round 9 (Div. 1 + Div. 2, Rated, Prizes!)"
Rey_sh,977,958,-19,7270,2039,"CodeTON Round 9 (Div. 1 + Div. 2, Rated, Prizes!)"
dinglz,870,941,71,7270,2039,"CodeTON Round 9 (Div. 1 + Div. 2, Rated, Prizes!)"
Dewan_Abir_Mahmud,840,858,18,7270,2039,"CodeTON Round 9 (Div. 1 + Div. 2, Rated, Prizes!)"
Alamin_20,899,900,1,7270,2039,"CodeTON Round 9 (Div. 1 + Div. 2, Rated, Prizes!)"
Fatu_m,415,675,260,7270,2039,"CodeTON Round 9 (Div. 1 + Div. 2, Rated, Prizes!)"
pranjalchabra0,0,406,406,7270,2039,"CodeTON Round 9 (Div. 1 + Div. 2, Rated, Prizes!)"
mat_eternals,950,976,26,7270,2039,"CodeTON Round 9 (Div. 1 + Div. 2, Rated, Prizes!)"
JorgeMartinez,977,958,-19,7270,2039,"CodeTON Round 9 (Div. 1 + Div. 2, Rated, Prizes!)"
OldAndy,999,1043,44,7270,2039,"CodeTON Round 9 (Div. 1 + Div. 2, Rated, Prizes!)"
Na_On,939,930,-9,7270,2039,"CodeTON Round 9 (Div. 1 + Div. 2, Rated, Prizes!)"
nikhilchaturvedi07,965,949,-16,7270,2039,"CodeTON Round 9 (Div. 1 + Div. 2, Rated, Prizes!)"
Yiluoke,747,794,47,7270,2039,"CodeTON Round 9 (Div. 1 + Div. 2, Rated, Prizes!)"
blinkdev5060,0,406,406,7270,2039,"CodeTON Round 9 (Div. 1 + Div. 2, Rated, Prizes!)"
dddamnit,1006,981,-25,7270,2039,"CodeTON Round 9 (Div. 1 + Div. 2, Rated, Prizes!)"
hhello,810,910,100,7321,2039,"CodeTON Round 9 (Div. 1 + Div. 2, Rated, Prizes!)"
kaisen_,0,405,405,7321,2039,"CodeTON Round 9 (Div. 1 + Div. 2, Rated, Prizes!)"
_cherrybomb,375,642,267,7321,2039,"CodeTON Round 9 (Div. 1 + Div. 2, Rated, Prizes!)"
ekalabya,0,405,405,7321,2039,"CodeTON Round 9 (Div. 1 + Div. 2, Rated, Prizes!)"
S_J07,911,908,-3,7321,2039,"CodeTON Round 9 (Div. 1 + Div. 2, Rated, Prizes!)"
lllu,1102,1093,-9,7321,2039,"CodeTON Round 9 (Div. 1 + Div. 2, Rated, Prizes!)"
afyuda6,1299,1211,-88,7321,2039,"CodeTON Round 9 (Div. 1 + Div. 2, Rated, Prizes!)"
AyBarnwal,834,913,79,7321,2039,"CodeTON Round 9 (Div. 1 + Div. 2, Rated, Prizes!)"
Temurbek_01,1132,1078,-54,7321,2039,"CodeTON Round 9 (Div. 1 + Div. 2, Rated, Prizes!)"
REEED,658,735,77,7321,2039,"CodeTON Round 9 (Div. 1 + Div. 2, Rated, Prizes!)"
lamocha,1220,1148,-72,7321,2039,"CodeTON Round 9 (Div. 1 + Div. 2, Rated, Prizes!)"
sparse_brainer,948,935,-13,7321,2039,"CodeTON Round 9 (Div. 1 + Div. 2, Rated, Prizes!)"
_sultan_ul_arfin_,955,940,-15,7321,2039,"CodeTON Round 9 (Div. 1 + Div. 2, Rated, Prizes!)"
Motiky007,1095,1048,-47,7321,2039,"CodeTON Round 9 (Div. 1 + Div. 2, Rated, Prizes!)"
oppoadityabh,571,681,110,7321,2039,"CodeTON Round 9 (Div. 1 + Div. 2, Rated, Prizes!)"
JATINOP7,1003,1045,42,7321,2039,"CodeTON Round 9 (Div. 1 + Div. 2, Rated, Prizes!)"
kjwle7,394,657,263,7321,2039,"CodeTON Round 9 (Div. 1 + Div. 2, Rated, Prizes!)"
Arpit_Upadhyay,1172,1109,-63,7321,2039,"CodeTON Round 9 (Div. 1 + Div. 2, Rated, Prizes!)"
028_Chandan,1114,1063,-51,7321,2039,"CodeTON Round 9 (Div. 1 + Div. 2, Rated, Prizes!)"
marzan3100,987,965,-22,7321,2039,"CodeTON Round 9 (Div. 1 + Div. 2, Rated, Prizes!)"
honeybutterwaffle,1128,1074,-54,7321,2039,"CodeTON Round 9 (Div. 1 + Div. 2, Rated, Prizes!)"
HCCoder,1166,1105,-61,7321,2039,"CodeTON Round 9 (Div. 1 + Div. 2, Rated, Prizes!)"
hassan_nawaz,1041,1006,-35,7321,2039,"CodeTON Round 9 (Div. 1 + Div. 2, Rated, Prizes!)"
Sarthak297,982,961,-21,7321,2039,"CodeTON Round 9 (Div. 1 + Div. 2, Rated, Prizes!)"
Dhanush_arch,1036,1002,-34,7321,2039,"CodeTON Round 9 (Div. 1 + Div. 2, Rated, Prizes!)"
al3515,0,405,405,7321,2039,"CodeTON Round 9 (Div. 1 + Div. 2, Rated, Prizes!)"
Kirmada_324,871,941,70,7321,2039,"CodeTON Round 9 (Div. 1 + Div. 2, Rated, Prizes!)"
HeadAche__,941,929,-12,7321,2039,"CodeTON Round 9 (Div. 1 + Div. 2, Rated, Prizes!)"
Roshan_jha,996,972,-24,7321,2039,"CodeTON Round 9 (Div. 1 + Div. 2, Rated, Prizes!)"
V1yom,362,632,270,7321,2039,"CodeTON Round 9 (Div. 1 + Div. 2, Rated, Prizes!)"
SYnthetic,933,924,-9,7321,2039,"CodeTON Round 9 (Div. 1 + Div. 2, Rated, Prizes!)"
wanna_try,1051,1014,-37,7321,2039,"CodeTON Round 9 (Div. 1 + Div. 2, Rated, Prizes!)"
krohit22,1041,1006,-35,7321,2039,"CodeTON Round 9 (Div. 1 + Div. 2, Rated, Prizes!)"
spami,1084,1039,-45,7321,2039,"CodeTON Round 9 (Div. 1 + Div. 2, Rated, Prizes!)"
999663,0,405,405,7321,2039,"CodeTON Round 9 (Div. 1 + Div. 2, Rated, Prizes!)"
rahul_ghosh,964,947,-17,7321,2039,"CodeTON Round 9 (Div. 1 + Div. 2, Rated, Prizes!)"
tmz09,828,848,20,7321,2039,"CodeTON Round 9 (Div. 1 + Div. 2, Rated, Prizes!)"
spatham,738,786,48,7321,2039,"CodeTON Round 9 (Div. 1 + Div. 2, Rated, Prizes!)"
Shafahid,1035,1002,-33,7321,2039,"CodeTON Round 9 (Div. 1 + Div. 2, Rated, Prizes!)"
vaibhavsetiya,749,794,45,7321,2039,"CodeTON Round 9 (Div. 1 + Div. 2, Rated, Prizes!)"
minhtien118,926,1003,77,7321,2039,"CodeTON Round 9 (Div. 1 + Div. 2, Rated, Prizes!)"
bobbyCodes,879,945,66,7362,2039,"CodeTON Round 9 (Div. 1 + Div. 2, Rated, Prizes!)"
shakib,954,937,-17,7362,2039,"CodeTON Round 9 (Div. 1 + Div. 2, Rated, Prizes!)"
rajon_mbstu,813,835,22,7362,2039,"CodeTON Round 9 (Div. 1 + Div. 2, Rated, Prizes!)"
MAD_N0_1,1058,1018,-40,7362,2039,"CodeTON Round 9 (Div. 1 + Div. 2, Rated, Prizes!)"
TawratNibir,831,847,16,7362,2039,"CodeTON Round 9 (Div. 1 + Div. 2, Rated, Prizes!)"
furyfist,940,927,-13,7362,2039,"CodeTON Round 9 (Div. 1 + Div. 2, Rated, Prizes!)"
ReyadV2.0,763,800,37,7362,2039,"CodeTON Round 9 (Div. 1 + Div. 2, Rated, Prizes!)"
medbar,1073,1029,-44,7362,2039,"CodeTON Round 9 (Div. 1 + Div. 2, Rated, Prizes!)"
extruder,1114,1062,-52,7362,2039,"CodeTON Round 9 (Div. 1 + Div. 2, Rated, Prizes!)"
songsang2024,0,403,403,7362,2039,"CodeTON Round 9 (Div. 1 + Div. 2, Rated, Prizes!)"
Iron_man_bd,788,891,103,7362,2039,"CodeTON Round 9 (Div. 1 + Div. 2, Rated, Prizes!)"
I_hate_ma_life,1138,1081,-57,7362,2039,"CodeTON Round 9 (Div. 1 + Div. 2, Rated, Prizes!)"
Born_To_Laugh,886,969,83,7362,2039,"CodeTON Round 9 (Div. 1 + Div. 2, Rated, Prizes!)"
FIAZE_AHAMED,931,920,-11,7362,2039,"CodeTON Round 9 (Div. 1 + Div. 2, Rated, Prizes!)"
mani_kanta__p,987,962,-25,7362,2039,"CodeTON Round 9 (Div. 1 + Div. 2, Rated, Prizes!)"
finalventure,0,403,403,7362,2039,"CodeTON Round 9 (Div. 1 + Div. 2, Rated, Prizes!)"
shuji204,1307,1216,-91,7362,2039,"CodeTON Round 9 (Div. 1 + Div. 2, Rated, Prizes!)"
orkag,1142,1154,12,7362,2039,"CodeTON Round 9 (Div. 1 + Div. 2, Rated, Prizes!)"
_BILIEVE_,993,967,-26,7362,2039,"CodeTON Round 9 (Div. 1 + Div. 2, Rated, Prizes!)"
August,793,821,28,7362,2039,"CodeTON Round 9 (Div. 1 + Div. 2, Rated, Prizes!)"
rochakagrahari,680,855,175,7362,2039,"CodeTON Round 9 (Div. 1 + Div. 2, Rated, Prizes!)"
HazeraRitu,886,887,1,7362,2039,"CodeTON Round 9 (Div. 1 + Div. 2, Rated, Prizes!)"
naveen_8801,1070,1027,-43,7362,2039,"CodeTON Round 9 (Div. 1 + Div. 2, Rated, Prizes!)"
teens_contestant,781,870,89,7362,2039,"CodeTON Round 9 (Div. 1 + Div. 2, Rated, Prizes!)"
zero_orez,1346,1248,-98,7362,2039,"CodeTON Round 9 (Div. 1 + Div. 2, Rated, Prizes!)"
shaker-500,967,948,-19,7362,2039,"CodeTON Round 9 (Div. 1 + Div. 2, Rated, Prizes!)"
DSTJZ,976,1021,45,7362,2039,"CodeTON Round 9 (Div. 1 + Div. 2, Rated, Prizes!)"
UhOh,697,868,171,7362,2039,"CodeTON Round 9 (Div. 1 + Div. 2, Rated, Prizes!)"
Mountain_Planet,899,896,-3,7362,2039,"CodeTON Round 9 (Div. 1 + Div. 2, Rated, Prizes!)"
x-fresher,1002,1042,40,7362,2039,"CodeTON Round 9 (Div. 1 + Div. 2, Rated, Prizes!)"
casuael_,1177,1112,-65,7362,2039,"CodeTON Round 9 (Div. 1 + Div. 2, Rated, Prizes!)"
d3v.souparno.ch28,966,1013,47,7362,2039,"CodeTON Round 9 (Div. 1 + Div. 2, Rated, Prizes!)"
sayem.shuvo999,807,831,24,7362,2039,"CodeTON Round 9 (Div. 1 + Div. 2, Rated, Prizes!)"
Faraz.F.A,954,937,-17,7362,2039,"CodeTON Round 9 (Div. 1 + Div. 2, Rated, Prizes!)"
just_anormal_guy,397,658,261,7362,2039,"CodeTON Round 9 (Div. 1 + Div. 2, Rated, Prizes!)"
DarkBlade,1065,1023,-42,7362,2039,"CodeTON Round 9 (Div. 1 + Div. 2, Rated, Prizes!)"
Bokl2002,1072,1028,-44,7362,2039,"CodeTON Round 9 (Div. 1 + Div. 2, Rated, Prizes!)"
4sln,601,791,190,7362,2039,"CodeTON Round 9 (Div. 1 + Div. 2, Rated, Prizes!)"
Big.DragoN,983,960,-23,7362,2039,"CodeTON Round 9 (Div. 1 + Div. 2, Rated, Prizes!)"
arnabc13,1003,975,-28,7362,2039,"CodeTON Round 9 (Div. 1 + Div. 2, Rated, Prizes!)"
Kageyama_29,1191,1123,-68,7362,2039,"CodeTON Round 9 (Div. 1 + Div. 2, Rated, Prizes!)"
pankaj_c,1131,1075,-56,7362,2039,"CodeTON Round 9 (Div. 1 + Div. 2, Rated, Prizes!)"
rajesh-1920,1199,1129,-70,7362,2039,"CodeTON Round 9 (Div. 1 + Div. 2, Rated, Prizes!)"
zxting,335,608,273,7362,2039,"CodeTON Round 9 (Div. 1 + Div. 2, Rated, Prizes!)"
_ronak_,642,824,182,7362,2039,"CodeTON Round 9 (Div. 1 + Div. 2, Rated, Prizes!)"
MubtasimSajid,1047,1009,-38,7362,2039,"CodeTON Round 9 (Div. 1 + Div. 2, Rated, Prizes!)"
twj_ink,998,971,-27,7362,2039,"CodeTON Round 9 (Div. 1 + Div. 2, Rated, Prizes!)"
bwbingyi,0,403,403,7362,2039,"CodeTON Round 9 (Div. 1 + Div. 2, Rated, Prizes!)"
karthik_g_k,1037,1001,-36,7362,2039,"CodeTON Round 9 (Div. 1 + Div. 2, Rated, Prizes!)"
LTL1541,414,672,258,7362,2039,"CodeTON Round 9 (Div. 1 + Div. 2, Rated, Prizes!)"
lynx17,906,902,-4,7362,2039,"CodeTON Round 9 (Div. 1 + Div. 2, Rated, Prizes!)"
Dhrubo_Paul,1062,1021,-41,7362,2039,"CodeTON Round 9 (Div. 1 + Div. 2, Rated, Prizes!)"
sunny009,752,793,41,7362,2039,"CodeTON Round 9 (Div. 1 + Div. 2, Rated, Prizes!)"
yanshisharma,930,985,55,7362,2039,"CodeTON Round 9 (Div. 1 + Div. 2, Rated, Prizes!)"
Martinien_ENSAF,1062,1019,-43,7416,2039,"CodeTON Round 9 (Div. 1 + Div. 2, Rated, Prizes!)"
Kalagh,1029,993,-36,7416,2039,"CodeTON Round 9 (Div. 1 + Div. 2, Rated, Prizes!)"
COMET.w,349,618,269,7416,2039,"CodeTON Round 9 (Div. 1 + Div. 2, Rated, Prizes!)"
nikhs114,1055,1053,-2,7416,2039,"CodeTON Round 9 (Div. 1 + Div. 2, Rated, Prizes!)"
shreyasrajiv327,0,402,402,7416,2039,"CodeTON Round 9 (Div. 1 + Div. 2, Rated, Prizes!)"
RezaYazdi,1286,1198,-88,7416,2039,"CodeTON Round 9 (Div. 1 + Div. 2, Rated, Prizes!)"
Shadid_H_Niloy,801,824,23,7416,2039,"CodeTON Round 9 (Div. 1 + Div. 2, Rated, Prizes!)"
anasalaa4869,992,965,-27,7416,2039,"CodeTON Round 9 (Div. 1 + Div. 2, Rated, Prizes!)"
dangerouszombie,1217,1143,-74,7416,2039,"CodeTON Round 9 (Div. 1 + Div. 2, Rated, Prizes!)"
marlpzg,993,966,-27,7416,2039,"CodeTON Round 9 (Div. 1 + Div. 2, Rated, Prizes!)"
SiyamBhuiyan,999,970,-29,7416,2039,"CodeTON Round 9 (Div. 1 + Div. 2, Rated, Prizes!)"
domovoi,1283,1196,-87,7416,2039,"CodeTON Round 9 (Div. 1 + Div. 2, Rated, Prizes!)"
Machinist99,783,812,29,7416,2039,"CodeTON Round 9 (Div. 1 + Div. 2, Rated, Prizes!)"
inverno_yt,804,902,98,7416,2039,"CodeTON Round 9 (Div. 1 + Div. 2, Rated, Prizes!)"
panzian,886,922,36,7416,2039,"CodeTON Round 9 (Div. 1 + Div. 2, Rated, Prizes!)"
yangyunzhe,1021,987,-34,7416,2039,"CodeTON Round 9 (Div. 1 + Div. 2, Rated, Prizes!)"
anke2017,0,402,402,7416,2039,"CodeTON Round 9 (Div. 1 + Div. 2, Rated, Prizes!)"
samen05,356,624,268,7416,2039,"CodeTON Round 9 (Div. 1 + Div. 2, Rated, Prizes!)"
ayush25khanna,1071,1026,-45,7416,2039,"CodeTON Round 9 (Div. 1 + Div. 2, Rated, Prizes!)"
Kuonj1_C4t,839,913,74,7416,2039,"CodeTON Round 9 (Div. 1 + Div. 2, Rated, Prizes!)"
zuzo_is_still_a_noob,921,910,-11,7416,2039,"CodeTON Round 9 (Div. 1 + Div. 2, Rated, Prizes!)"
Potemashu,431,685,254,7416,2039,"CodeTON Round 9 (Div. 1 + Div. 2, Rated, Prizes!)"
saifalrahman,981,956,-25,7416,2039,"CodeTON Round 9 (Div. 1 + Div. 2, Rated, Prizes!)"
focus_2025,1083,1036,-47,7416,2039,"CodeTON Round 9 (Div. 1 + Div. 2, Rated, Prizes!)"
lit1numyt_,1037,1000,-37,7416,2039,"CodeTON Round 9 (Div. 1 + Div. 2, Rated, Prizes!)"
nicowilliams,804,902,98,7416,2039,"CodeTON Round 9 (Div. 1 + Div. 2, Rated, Prizes!)"
mhidi,807,828,21,7416,2039,"CodeTON Round 9 (Div. 1 + Div. 2, Rated, Prizes!)"
tahmid955,823,839,16,7416,2039,"CodeTON Round 9 (Div. 1 + Div. 2, Rated, Prizes!)"
saberky,768,874,106,7416,2039,"CodeTON Round 9 (Div. 1 + Div. 2, Rated, Prizes!)"
10FilaTov01,1065,1021,-44,7416,2039,"CodeTON Round 9 (Div. 1 + Div. 2, Rated, Prizes!)"
naodmulu,866,870,4,7416,2039,"CodeTON Round 9 (Div. 1 + Div. 2, Rated, Prizes!)"
PranjalGupta280,864,869,5,7416,2039,"CodeTON Round 9 (Div. 1 + Div. 2, Rated, Prizes!)"
cornoide,393,654,261,7416,2039,"CodeTON Round 9 (Div. 1 + Div. 2, Rated, Prizes!)"
Arjungr8,1071,1026,-45,7416,2039,"CodeTON Round 9 (Div. 1 + Div. 2, Rated, Prizes!)"
Rohidul,636,715,79,7416,2039,"CodeTON Round 9 (Div. 1 + Div. 2, Rated, Prizes!)"
Xzzzzzzb,1175,1149,-26,7416,2039,"CodeTON Round 9 (Div. 1 + Div. 2, Rated, Prizes!)"
Praveen2112,786,814,28,7416,2039,"CodeTON Round 9 (Div. 1 + Div. 2, Rated, Prizes!)"
San-43,624,808,184,7416,2039,"CodeTON Round 9 (Div. 1 + Div. 2, Rated, Prizes!)"
rocketman11,877,915,38,7416,2039,"CodeTON Round 9 (Div. 1 + Div. 2, Rated, Prizes!)"
e_mur0d_,908,901,-7,7416,2039,"CodeTON Round 9 (Div. 1 + Div. 2, Rated, Prizes!)"
rspk,927,915,-12,7416,2039,"CodeTON Round 9 (Div. 1 + Div. 2, Rated, Prizes!)"
Sage_Eklavya,0,402,402,7416,2039,"CodeTON Round 9 (Div. 1 + Div. 2, Rated, Prizes!)"
Nurmyrat,971,949,-22,7416,2039,"CodeTON Round 9 (Div. 1 + Div. 2, Rated, Prizes!)"
Madhav_2023,909,902,-7,7416,2039,"CodeTON Round 9 (Div. 1 + Div. 2, Rated, Prizes!)"
Dongchy666,1026,1030,4,7416,2039,"CodeTON Round 9 (Div. 1 + Div. 2, Rated, Prizes!)"
DaniilD,1310,1217,-93,7461,2039,"CodeTON Round 9 (Div. 1 + Div. 2, Rated, Prizes!)"
Tian_Ming_Yo,0,401,401,7461,2039,"CodeTON Round 9 (Div. 1 + Div. 2, Rated, Prizes!)"
r_umesh,993,964,-29,7461,2039,"CodeTON Round 9 (Div. 1 + Div. 2, Rated, Prizes!)"
eargle,0,401,401,7461,2039,"CodeTON Round 9 (Div. 1 + Div. 2, Rated, Prizes!)"
19CSE025,449,602,153,7461,2039,"CodeTON Round 9 (Div. 1 + Div. 2, Rated, Prizes!)"
manas011,975,950,-25,7461,2039,"CodeTON Round 9 (Div. 1 + Div. 2, Rated, Prizes!)"
evan0410,866,868,2,7461,2039,"CodeTON Round 9 (Div. 1 + Div. 2, Rated, Prizes!)"
Ankit0704,400,658,258,7461,2039,"CodeTON Round 9 (Div. 1 + Div. 2, Rated, Prizes!)"
saniulislamsony15,932,917,-15,7461,2039,"CodeTON Round 9 (Div. 1 + Div. 2, Rated, Prizes!)"
suryareddy0907,906,898,-8,7461,2039,"CodeTON Round 9 (Div. 1 + Div. 2, Rated, Prizes!)"
beThe1,837,848,11,7461,2039,"CodeTON Round 9 (Div. 1 + Div. 2, Rated, Prizes!)"
LastAccount,861,998,137,7461,2039,"CodeTON Round 9 (Div. 1 + Div. 2, Rated, Prizes!)"
cf_wind,1164,1099,-65,7461,2039,"CodeTON Round 9 (Div. 1 + Div. 2, Rated, Prizes!)"
h21939013,899,930,31,7461,2039,"CodeTON Round 9 (Div. 1 + Div. 2, Rated, Prizes!)"
-Naoki,838,910,72,7461,2039,"CodeTON Round 9 (Div. 1 + Div. 2, Rated, Prizes!)"
NITUL_,1158,1094,-64,7461,2039,"CodeTON Round 9 (Div. 1 + Div. 2, Rated, Prizes!)"
Crystal_Tanishq,942,925,-17,7461,2039,"CodeTON Round 9 (Div. 1 + Div. 2, Rated, Prizes!)"
yunzhong240924,1211,1137,-74,7461,2039,"CodeTON Round 9 (Div. 1 + Div. 2, Rated, Prizes!)"
Dash10107,418,673,255,7461,2039,"CodeTON Round 9 (Div. 1 + Div. 2, Rated, Prizes!)"
Arif.30,802,823,21,7461,2039,"CodeTON Round 9 (Div. 1 + Div. 2, Rated, Prizes!)"
yuanzhan,625,808,183,7461,2039,"CodeTON Round 9 (Div. 1 + Div. 2, Rated, Prizes!)"
Lo0ser_42,1128,1070,-58,7461,2039,"CodeTON Round 9 (Div. 1 + Div. 2, Rated, Prizes!)"
Checkmate.,1180,1112,-68,7461,2039,"CodeTON Round 9 (Div. 1 + Div. 2, Rated, Prizes!)"
vishalkumar.singh.cer21,1092,1041,-51,7461,2039,"CodeTON Round 9 (Div. 1 + Div. 2, Rated, Prizes!)"
mustakimmahde,641,820,179,7461,2039,"CodeTON Round 9 (Div. 1 + Div. 2, Rated, Prizes!)"
H1ggs,349,617,268,7461,2039,"CodeTON Round 9 (Div. 1 + Div. 2, Rated, Prizes!)"
fahim_7272,1154,1091,-63,7461,2039,"CodeTON Round 9 (Div. 1 + Div. 2, Rated, Prizes!)"
jimaa_,1135,1075,-60,7461,2039,"CodeTON Round 9 (Div. 1 + Div. 2, Rated, Prizes!)"
cfwxh,867,933,66,7461,2039,"CodeTON Round 9 (Div. 1 + Div. 2, Rated, Prizes!)"
batryzhan,762,868,106,7461,2039,"CodeTON Round 9 (Div. 1 + Div. 2, Rated, Prizes!)"
Muyuxii,1094,1043,-51,7461,2039,"CodeTON Round 9 (Div. 1 + Div. 2, Rated, Prizes!)"
AbhidiptaRoy2004,811,829,18,7461,2039,"CodeTON Round 9 (Div. 1 + Div. 2, Rated, Prizes!)"
alexwerner9,360,626,266,7461,2039,"CodeTON Round 9 (Div. 1 + Div. 2, Rated, Prizes!)"
zenha,670,735,65,7461,2039,"CodeTON Round 9 (Div. 1 + Div. 2, Rated, Prizes!)"
Sleep_Mode_Reborn,955,935,-20,7461,2039,"CodeTON Round 9 (Div. 1 + Div. 2, Rated, Prizes!)"
junak_paul123,1036,998,-38,7461,2039,"CodeTON Round 9 (Div. 1 + Div. 2, Rated, Prizes!)"
__Anshul__,1109,1055,-54,7461,2039,"CodeTON Round 9 (Div. 1 + Div. 2, Rated, Prizes!)"
spidey777,999,969,-30,7461,2039,"CodeTON Round 9 (Div. 1 + Div. 2, Rated, Prizes!)"
SiddharthVarma,388,649,261,7461,2039,"CodeTON Round 9 (Div. 1 + Div. 2, Rated, Prizes!)"
santi3223,1163,1098,-65,7461,2039,"CodeTON Round 9 (Div. 1 + Div. 2, Rated, Prizes!)"
amanbadone,807,826,19,7461,2039,"CodeTON Round 9 (Div. 1 + Div. 2, Rated, Prizes!)"
Maliha225,852,858,6,7461,2039,"CodeTON Round 9 (Div. 1 + Div. 2, Rated, Prizes!)"
de_god,0,401,401,7461,2039,"CodeTON Round 9 (Div. 1 + Div. 2, Rated, Prizes!)"
Siam84,845,852,7,7504,2039,"CodeTON Round 9 (Div. 1 + Div. 2, Rated, Prizes!)"
_jahnavi_andey_,801,897,96,7504,2039,"CodeTON Round 9 (Div. 1 + Div. 2, Rated, Prizes!)"
Manasa1012,1009,975,-34,7504,2039,"CodeTON Round 9 (Div. 1 + Div. 2, Rated, Prizes!)"
Edelm1ro,436,687,251,7504,2039,"CodeTON Round 9 (Div. 1 + Div. 2, Rated, Prizes!)"
moderax_draxx,882,879,-3,7504,2039,"CodeTON Round 9 (Div. 1 + Div. 2, Rated, Prizes!)"
MakSiRp0,382,643,261,7504,2039,"CodeTON Round 9 (Div. 1 + Div. 2, Rated, Prizes!)"
anuragkr24,1103,1049,-54,7504,2039,"CodeTON Round 9 (Div. 1 + Div. 2, Rated, Prizes!)"
_PIASH,817,832,15,7504,2039,"CodeTON Round 9 (Div. 1 + Div. 2, Rated, Prizes!)"
mucha_locha,902,893,-9,7504,2039,"CodeTON Round 9 (Div. 1 + Div. 2, Rated, Prizes!)"
supernova.,1155,1091,-64,7504,2039,"CodeTON Round 9 (Div. 1 + Div. 2, Rated, Prizes!)"
mastersaksham12345,1094,1042,-52,7504,2039,"CodeTON Round 9 (Div. 1 + Div. 2, Rated, Prizes!)"
ATAUR_103,869,870,1,7504,2039,"CodeTON Round 9 (Div. 1 + Div. 2, Rated, Prizes!)"
karthik.86516,817,962,145,7504,2039,"CodeTON Round 9 (Div. 1 + Div. 2, Rated, Prizes!)"
ak476666,356,622,266,7504,2039,"CodeTON Round 9 (Div. 1 + Div. 2, Rated, Prizes!)"
hasanmubarok,981,954,-27,7504,2039,"CodeTON Round 9 (Div. 1 + Div. 2, Rated, Prizes!)"
RoyaleWithCheese069,1025,988,-37,7504,2039,"CodeTON Round 9 (Div. 1 + Div. 2, Rated, Prizes!)"
dhanshri-sp,837,926,89,7504,2039,"CodeTON Round 9 (Div. 1 + Div. 2, Rated, Prizes!)"
KushaK,921,908,-13,7504,2039,"CodeTON Round 9 (Div. 1 + Div. 2, Rated, Prizes!)"
muhtasim_apon,1038,998,-40,7504,2039,"CodeTON Round 9 (Div. 1 + Div. 2, Rated, Prizes!)"
gcaltair,0,400,400,7504,2039,"CodeTON Round 9 (Div. 1 + Div. 2, Rated, Prizes!)"
Nitish66,954,933,-21,7504,2039,"CodeTON Round 9 (Div. 1 + Div. 2, Rated, Prizes!)"
mowafaq_1.0,598,785,187,7504,2039,"CodeTON Round 9 (Div. 1 + Div. 2, Rated, Prizes!)"
tauhid_musa_rieon,666,730,64,7504,2039,"CodeTON Round 9 (Div. 1 + Div. 2, Rated, Prizes!)"
srepuriya24,810,905,95,7504,2039,"CodeTON Round 9 (Div. 1 + Div. 2, Rated, Prizes!)"
roberaf329,0,400,400,7504,2039,"CodeTON Round 9 (Div. 1 + Div. 2, Rated, Prizes!)"
hongweihaodang,608,793,185,7504,2039,"CodeTON Round 9 (Div. 1 + Div. 2, Rated, Prizes!)"
exdeathlight,1189,1118,-71,7504,2039,"CodeTON Round 9 (Div. 1 + Div. 2, Rated, Prizes!)"
bcbcb66,925,911,-14,7504,2039,"CodeTON Round 9 (Div. 1 + Div. 2, Rated, Prizes!)"
Decimator69,755,789,34,7504,2039,"CodeTON Round 9 (Div. 1 + Div. 2, Rated, Prizes!)"
eeeeeeeeeeeeeeee,0,400,400,7504,2039,"CodeTON Round 9 (Div. 1 + Div. 2, Rated, Prizes!)"
Jahdoda,1120,1063,-57,7504,2039,"CodeTON Round 9 (Div. 1 + Div. 2, Rated, Prizes!)"
Dworak,349,616,267,7504,2039,"CodeTON Round 9 (Div. 1 + Div. 2, Rated, Prizes!)"
drimmovka,0,400,400,7536,2039,"CodeTON Round 9 (Div. 1 + Div. 2, Rated, Prizes!)"
iwillgo,996,963,-33,7536,2039,"CodeTON Round 9 (Div. 1 + Div. 2, Rated, Prizes!)"
SudhanshuSM,861,899,38,7536,2039,"CodeTON Round 9 (Div. 1 + Div. 2, Rated, Prizes!)"
yes_It_Is_accepted,386,645,259,7536,2039,"CodeTON Round 9 (Div. 1 + Div. 2, Rated, Prizes!)"
msaadi.abdellah,846,851,5,7536,2039,"CodeTON Round 9 (Div. 1 + Div. 2, Rated, Prizes!)"
Maisoon,882,877,-5,7536,2039,"CodeTON Round 9 (Div. 1 + Div. 2, Rated, Prizes!)"
prashant_1609,845,850,5,7536,2039,"CodeTON Round 9 (Div. 1 + Div. 2, Rated, Prizes!)"
Ahmedkhan_313,789,810,21,7536,2039,"CodeTON Round 9 (Div. 1 + Div. 2, Rated, Prizes!)"
limx,0,400,400,7536,2039,"CodeTON Round 9 (Div. 1 + Div. 2, Rated, Prizes!)"
ymh06,1314,1218,-96,7536,2039,"CodeTON Round 9 (Div. 1 + Div. 2, Rated, Prizes!)"
Zareen_Tasnim_Refah,1001,968,-33,7536,2039,"CodeTON Round 9 (Div. 1 + Div. 2, Rated, Prizes!)"
NLsosad,1150,1126,-24,7536,2039,"CodeTON Round 9 (Div. 1 + Div. 2, Rated, Prizes!)"
natsirt05,1211,1135,-76,7536,2039,"CodeTON Round 9 (Div. 1 + Div. 2, Rated, Prizes!)"
blueforces,723,765,42,7536,2039,"CodeTON Round 9 (Div. 1 + Div. 2, Rated, Prizes!)"
liop,914,901,-13,7536,2039,"CodeTON Round 9 (Div. 1 + Div. 2, Rated, Prizes!)"
https_rising,0,400,400,7536,2039,"CodeTON Round 9 (Div. 1 + Div. 2, Rated, Prizes!)"
Rafie78,732,771,39,7536,2039,"CodeTON Round 9 (Div. 1 + Div. 2, Rated, Prizes!)"
317,796,815,19,7536,2039,"CodeTON Round 9 (Div. 1 + Div. 2, Rated, Prizes!)"
sdcodes,1311,1216,-95,7536,2039,"CodeTON Round 9 (Div. 1 + Div. 2, Rated, Prizes!)"
NaiTension,935,917,-18,7536,2039,"CodeTON Round 9 (Div. 1 + Div. 2, Rated, Prizes!)"
Nick_der_grosse1,415,669,254,7536,2039,"CodeTON Round 9 (Div. 1 + Div. 2, Rated, Prizes!)"
MaybeExpert,967,941,-26,7536,2039,"CodeTON Round 9 (Div. 1 + Div. 2, Rated, Prizes!)"
vedasreekanikicharla,906,895,-11,7536,2039,"CodeTON Round 9 (Div. 1 + Div. 2, Rated, Prizes!)"
Outsider0451,752,785,33,7536,2039,"CodeTON Round 9 (Div. 1 + Div. 2, Rated, Prizes!)"
SwatiNandha,832,841,9,7536,2039,"CodeTON Round 9 (Div. 1 + Div. 2, Rated, Prizes!)"
Zorojuro,805,822,17,7536,2039,"CodeTON Round 9 (Div. 1 + Div. 2, Rated, Prizes!)"
watermelonsha,935,917,-18,7536,2039,"CodeTON Round 9 (Div. 1 + Div. 2, Rated, Prizes!)"
daddymonil,906,895,-11,7536,2039,"CodeTON Round 9 (Div. 1 + Div. 2, Rated, Prizes!)"
kkiilla,0,400,400,7536,2039,"CodeTON Round 9 (Div. 1 + Div. 2, Rated, Prizes!)"
albertalbert,836,844,8,7536,2039,"CodeTON Round 9 (Div. 1 + Div. 2, Rated, Prizes!)"
LIPUZHOU,892,885,-7,7536,2039,"CodeTON Round 9 (Div. 1 + Div. 2, Rated, Prizes!)"
Boom_Wuhuhu,615,797,182,7536,2039,"CodeTON Round 9 (Div. 1 + Div. 2, Rated, Prizes!)"
BobaTea,1021,1074,53,7536,2039,"CodeTON Round 9 (Div. 1 + Div. 2, Rated, Prizes!)"
ridarfx,1196,1122,-74,7536,2039,"CodeTON Round 9 (Div. 1 + Div. 2, Rated, Prizes!)"
ai_li,0,400,400,7536,2039,"CodeTON Round 9 (Div. 1 + Div. 2, Rated, Prizes!)"
matinanad,1127,1107,-20,7536,2039,"CodeTON Round 9 (Div. 1 + Div. 2, Rated, Prizes!)"
Adel_Nasyf,0,400,400,7536,2039,"CodeTON Round 9 (Div. 1 + Div. 2, Rated, Prizes!)"
lewis_liu,921,993,72,7536,2039,"CodeTON Round 9 (Div. 1 + Div. 2, Rated, Prizes!)"
Dra-Carys,977,949,-28,7536,2039,"CodeTON Round 9 (Div. 1 + Div. 2, Rated, Prizes!)"
Phantom_7,349,615,266,7536,2039,"CodeTON Round 9 (Div. 1 + Div. 2, Rated, Prizes!)"
Shivraj44,752,783,31,7576,2039,"CodeTON Round 9 (Div. 1 + Div. 2, Rated, Prizes!)"
ferrocene,981,951,-30,7576,2039,"CodeTON Round 9 (Div. 1 + Div. 2, Rated, Prizes!)"
aarfazafar2,425,676,251,7576,2039,"CodeTON Round 9 (Div. 1 + Div. 2, Rated, Prizes!)"
karim002,1188,1115,-73,7576,2039,"CodeTON Round 9 (Div. 1 + Div. 2, Rated, Prizes!)"
Heba_Mustafa,1245,1161,-84,7576,2039,"CodeTON Round 9 (Div. 1 + Div. 2, Rated, Prizes!)"
udit_7,899,889,-10,7576,2039,"CodeTON Round 9 (Div. 1 + Div. 2, Rated, Prizes!)"
elreytilin88,763,791,28,7576,2039,"CodeTON Round 9 (Div. 1 + Div. 2, Rated, Prizes!)"
Ammar.IT,1016,978,-38,7576,2039,"CodeTON Round 9 (Div. 1 + Div. 2, Rated, Prizes!)"
ResurrectionEye,629,808,179,7576,2039,"CodeTON Round 9 (Div. 1 + Div. 2, Rated, Prizes!)"
glacierlv,645,820,175,7576,2039,"CodeTON Round 9 (Div. 1 + Div. 2, Rated, Prizes!)"
The_Red_Beast,976,947,-29,7576,2039,"CodeTON Round 9 (Div. 1 + Div. 2, Rated, Prizes!)"
aparkhi,835,841,6,7576,2039,"CodeTON Round 9 (Div. 1 + Div. 2, Rated, Prizes!)"
cant_beat,646,822,176,7576,2039,"CodeTON Round 9 (Div. 1 + Div. 2, Rated, Prizes!)"
ZORRO1,1227,1147,-80,7576,2039,"CodeTON Round 9 (Div. 1 + Div. 2, Rated, Prizes!)"
Owasim_Akram,886,879,-7,7576,2039,"CodeTON Round 9 (Div. 1 + Div. 2, Rated, Prizes!)"
hasanimam64,818,830,12,7576,2039,"CodeTON Round 9 (Div. 1 + Div. 2, Rated, Prizes!)"
keetarp_panda,954,930,-24,7576,2039,"CodeTON Round 9 (Div. 1 + Div. 2, Rated, Prizes!)"
acorneo,0,399,399,7576,2039,"CodeTON Round 9 (Div. 1 + Div. 2, Rated, Prizes!)"
Anogh,928,911,-17,7576,2039,"CodeTON Round 9 (Div. 1 + Div. 2, Rated, Prizes!)"
MARTIIROSYAN,928,911,-17,7576,2039,"CodeTON Round 9 (Div. 1 + Div. 2, Rated, Prizes!)"
apple666,921,905,-16,7576,2039,"CodeTON Round 9 (Div. 1 + Div. 2, Rated, Prizes!)"
someone_new_2304,939,919,-20,7576,2039,"CodeTON Round 9 (Div. 1 + Div. 2, Rated, Prizes!)"
dontTryToFindMe,1122,1062,-60,7576,2039,"CodeTON Round 9 (Div. 1 + Div. 2, Rated, Prizes!)"
voyager_G,913,937,24,7576,2039,"CodeTON Round 9 (Div. 1 + Div. 2, Rated, Prizes!)"
hoangtranducphat,774,798,24,7576,2039,"CodeTON Round 9 (Div. 1 + Div. 2, Rated, Prizes!)"
absolutenewbie,877,956,79,7576,2039,"CodeTON Round 9 (Div. 1 + Div. 2, Rated, Prizes!)"
TheGrayed,346,612,266,7576,2039,"CodeTON Round 9 (Div. 1 + Div. 2, Rated, Prizes!)"
Qingke12138,0,399,399,7576,2039,"CodeTON Round 9 (Div. 1 + Div. 2, Rated, Prizes!)"
Readyone,773,797,24,7576,2039,"CodeTON Round 9 (Div. 1 + Div. 2, Rated, Prizes!)"
kriti.19,882,941,59,7576,2039,"CodeTON Round 9 (Div. 1 + Div. 2, Rated, Prizes!)"
VulpisFoglia,403,658,255,7576,2039,"CodeTON Round 9 (Div. 1 + Div. 2, Rated, Prizes!)"
Happiness_3,600,784,184,7576,2039,"CodeTON Round 9 (Div. 1 + Div. 2, Rated, Prizes!)"
beng3qidong,828,872,44,7608,2039,"CodeTON Round 9 (Div. 1 + Div. 2, Rated, Prizes!)"
hantina,474,716,242,7608,2039,"CodeTON Round 9 (Div. 1 + Div. 2, Rated, Prizes!)"
ABC_Time_Limit_786,786,805,19,7608,2039,"CodeTON Round 9 (Div. 1 + Div. 2, Rated, Prizes!)"
singhaarushi27,815,887,72,7608,2039,"CodeTON Round 9 (Div. 1 + Div. 2, Rated, Prizes!)"
prashikk0,1288,1195,-93,7608,2039,"CodeTON Round 9 (Div. 1 + Div. 2, Rated, Prizes!)"
IEC2024046,885,877,-8,7608,2039,"CodeTON Round 9 (Div. 1 + Div. 2, Rated, Prizes!)"
xiaojianhua1110,1361,1255,-106,7608,2039,"CodeTON Round 9 (Div. 1 + Div. 2, Rated, Prizes!)"
ismister,818,890,72,7608,2039,"CodeTON Round 9 (Div. 1 + Div. 2, Rated, Prizes!)"
adam-al-rahman,932,912,-20,7608,2039,"CodeTON Round 9 (Div. 1 + Div. 2, Rated, Prizes!)"
flashtel18,935,914,-21,7608,2039,"CodeTON Round 9 (Div. 1 + Div. 2, Rated, Prizes!)"
zw_zy,0,398,398,7608,2039,"CodeTON Round 9 (Div. 1 + Div. 2, Rated, Prizes!)"
SuperSunShine,1038,994,-44,7608,2039,"CodeTON Round 9 (Div. 1 + Div. 2, Rated, Prizes!)"
OmarGoher,988,955,-33,7608,2039,"CodeTON Round 9 (Div. 1 + Div. 2, Rated, Prizes!)"
capyslay,792,887,95,7608,2039,"CodeTON Round 9 (Div. 1 + Div. 2, Rated, Prizes!)"
gorillachoppa,1126,1136,10,7608,2039,"CodeTON Round 9 (Div. 1 + Div. 2, Rated, Prizes!)"
Ppp...,966,938,-28,7608,2039,"CodeTON Round 9 (Div. 1 + Div. 2, Rated, Prizes!)"
harsh_kumar_arya,873,868,-5,7608,2039,"CodeTON Round 9 (Div. 1 + Div. 2, Rated, Prizes!)"
emper0r_24,802,816,14,7608,2039,"CodeTON Round 9 (Div. 1 + Div. 2, Rated, Prizes!)"
mohamedomarasser9,878,936,58,7608,2039,"CodeTON Round 9 (Div. 1 + Div. 2, Rated, Prizes!)"
HARSHISBEAST,1092,1037,-55,7608,2039,"CodeTON Round 9 (Div. 1 + Div. 2, Rated, Prizes!)"
nabihaparvez11,995,961,-34,7608,2039,"CodeTON Round 9 (Div. 1 + Div. 2, Rated, Prizes!)"
Wittyicon,659,720,61,7608,2039,"CodeTON Round 9 (Div. 1 + Div. 2, Rated, Prizes!)"
akarsh911,0,398,398,7608,2039,"CodeTON Round 9 (Div. 1 + Div. 2, Rated, Prizes!)"
stepanycevgleb,1085,1032,-53,7608,2039,"CodeTON Round 9 (Div. 1 + Div. 2, Rated, Prizes!)"
Coffee_Maker,1052,1005,-47,7608,2039,"CodeTON Round 9 (Div. 1 + Div. 2, Rated, Prizes!)"
JustNoobkkk,1025,984,-41,7608,2039,"CodeTON Round 9 (Div. 1 + Div. 2, Rated, Prizes!)"
MournInk,1112,1124,12,7608,2039,"CodeTON Round 9 (Div. 1 + Div. 2, Rated, Prizes!)"
me_error,1013,974,-39,7608,2039,"CodeTON Round 9 (Div. 1 + Div. 2, Rated, Prizes!)"
abo0d,682,735,53,7608,2039,"CodeTON Round 9 (Div. 1 + Div. 2, Rated, Prizes!)"
Roka_,1086,1032,-54,7608,2039,"CodeTON Round 9 (Div. 1 + Div. 2, Rated, Prizes!)"
yinyao,0,398,398,7608,2039,"CodeTON Round 9 (Div. 1 + Div. 2, Rated, Prizes!)"
dcccccc_______,566,756,190,7608,2039,"CodeTON Round 9 (Div. 1 + Div. 2, Rated, Prizes!)"
saidul07,840,844,4,7608,2039,"CodeTON Round 9 (Div. 1 + Div. 2, Rated, Prizes!)"
CodeCypher40,0,397,397,7641,2039,"CodeTON Round 9 (Div. 1 + Div. 2, Rated, Prizes!)"
Shreyas_14,372,631,259,7641,2039,"CodeTON Round 9 (Div. 1 + Div. 2, Rated, Prizes!)"
Mosken,422,672,250,7641,2039,"CodeTON Round 9 (Div. 1 + Div. 2, Rated, Prizes!)"
satyamcseforces,836,839,3,7641,2039,"CodeTON Round 9 (Div. 1 + Div. 2, Rated, Prizes!)"
sara.mohammed,388,644,256,7641,2039,"CodeTON Round 9 (Div. 1 + Div. 2, Rated, Prizes!)"
Danousger,846,846,0,7641,2039,"CodeTON Round 9 (Div. 1 + Div. 2, Rated, Prizes!)"
Ego_Donando,996,1029,33,7641,2039,"CodeTON Round 9 (Div. 1 + Div. 2, Rated, Prizes!)"
cdfrs,830,834,4,7641,2039,"CodeTON Round 9 (Div. 1 + Div. 2, Rated, Prizes!)"
gamma_tester,782,878,96,7641,2039,"CodeTON Round 9 (Div. 1 + Div. 2, Rated, Prizes!)"
Matin.a.z,876,868,-8,7641,2039,"CodeTON Round 9 (Div. 1 + Div. 2, Rated, Prizes!)"
kamlesh_kaparvena,985,951,-34,7641,2039,"CodeTON Round 9 (Div. 1 + Div. 2, Rated, Prizes!)"
hzc_17,649,822,173,7641,2039,"CodeTON Round 9 (Div. 1 + Div. 2, Rated, Prizes!)"
Bushra_Alkhder,760,784,24,7641,2039,"CodeTON Round 9 (Div. 1 + Div. 2, Rated, Prizes!)"
krishna7777,741,844,103,7641,2039,"CodeTON Round 9 (Div. 1 + Div. 2, Rated, Prizes!)"
Muhammad-Shahzaib,1069,1017,-52,7641,2039,"CodeTON Round 9 (Div. 1 + Div. 2, Rated, Prizes!)"
creazydiamond,0,397,397,7641,2039,"CodeTON Round 9 (Div. 1 + Div. 2, Rated, Prizes!)"
priyan17singh,962,933,-29,7641,2039,"CodeTON Round 9 (Div. 1 + Div. 2, Rated, Prizes!)"
Gopta,815,823,8,7641,2039,"CodeTON Round 9 (Div. 1 + Div. 2, Rated, Prizes!)"
ph2nkhang,960,932,-28,7641,2039,"CodeTON Round 9 (Div. 1 + Div. 2, Rated, Prizes!)"
mmm1212,418,669,251,7641,2039,"CodeTON Round 9 (Div. 1 + Div. 2, Rated, Prizes!)"
manishkujur,707,748,41,7641,2039,"CodeTON Round 9 (Div. 1 + Div. 2, Rated, Prizes!)"
Fifiliko_213,1001,963,-38,7641,2039,"CodeTON Round 9 (Div. 1 + Div. 2, Rated, Prizes!)"
MehulBhundiya,355,617,262,7641,2039,"CodeTON Round 9 (Div. 1 + Div. 2, Rated, Prizes!)"
greninjaa,798,890,92,7641,2039,"CodeTON Round 9 (Div. 1 + Div. 2, Rated, Prizes!)"
mahmudul99,898,884,-14,7641,2039,"CodeTON Round 9 (Div. 1 + Div. 2, Rated, Prizes!)"
ZioCecio,1141,1115,-26,7641,2039,"CodeTON Round 9 (Div. 1 + Div. 2, Rated, Prizes!)"
Tratoplay,948,1011,63,7641,2039,"CodeTON Round 9 (Div. 1 + Div. 2, Rated, Prizes!)"
Asad_Jafri,968,938,-30,7641,2039,"CodeTON Round 9 (Div. 1 + Div. 2, Rated, Prizes!)"
maurya_deepak,678,845,167,7641,2039,"CodeTON Round 9 (Div. 1 + Div. 2, Rated, Prizes!)"
nguyenbui2009,977,945,-32,7641,2039,"CodeTON Round 9 (Div. 1 + Div. 2, Rated, Prizes!)"
ratatatata,0,397,397,7641,2039,"CodeTON Round 9 (Div. 1 + Div. 2, Rated, Prizes!)"
return_aikansh,812,821,9,7641,2039,"CodeTON Round 9 (Div. 1 + Div. 2, Rated, Prizes!)"
_sari,422,672,250,7641,2039,"CodeTON Round 9 (Div. 1 + Div. 2, Rated, Prizes!)"
prit_zalavadiya,912,933,21,7641,2039,"CodeTON Round 9 (Div. 1 + Div. 2, Rated, Prizes!)"
dsr369,868,861,-7,7641,2039,"CodeTON Round 9 (Div. 1 + Div. 2, Rated, Prizes!)"
nniinnaa,866,860,-6,7641,2039,"CodeTON Round 9 (Div. 1 + Div. 2, Rated, Prizes!)"
MeatyCousin,1000,1032,32,7641,2039,"CodeTON Round 9 (Div. 1 + Div. 2, Rated, Prizes!)"
Sakura__YAMAUCHI,906,890,-16,7641,2039,"CodeTON Round 9 (Div. 1 + Div. 2, Rated, Prizes!)"
salvation_1,588,772,184,7641,2039,"CodeTON Round 9 (Div. 1 + Div. 2, Rated, Prizes!)"
BuryTheLight,886,875,-11,7641,2039,"CodeTON Round 9 (Div. 1 + Div. 2, Rated, Prizes!)"
tohar_papa,1039,1033,-6,7641,2039,"CodeTON Round 9 (Div. 1 + Div. 2, Rated, Prizes!)"
splitcabbage,840,842,2,7641,2039,"CodeTON Round 9 (Div. 1 + Div. 2, Rated, Prizes!)"
scutxdx,774,871,97,7641,2039,"CodeTON Round 9 (Div. 1 + Div. 2, Rated, Prizes!)"
etaw_salai_na,658,716,58,7641,2039,"CodeTON Round 9 (Div. 1 + Div. 2, Rated, Prizes!)"
fek34mig,424,673,249,7641,2039,"CodeTON Round 9 (Div. 1 + Div. 2, Rated, Prizes!)"
_Sinwaar,390,646,256,7641,2039,"CodeTON Round 9 (Div. 1 + Div. 2, Rated, Prizes!)"
woodghost,590,774,184,7641,2039,"CodeTON Round 9 (Div. 1 + Div. 2, Rated, Prizes!)"
prvnaidu,982,1017,35,7641,2039,"CodeTON Round 9 (Div. 1 + Div. 2, Rated, Prizes!)"
codeNaru,389,556,167,7641,2039,"CodeTON Round 9 (Div. 1 + Div. 2, Rated, Prizes!)"
qminh1908,749,902,153,7690,2039,"CodeTON Round 9 (Div. 1 + Div. 2, Rated, Prizes!)"
obyazan,898,950,52,7690,2039,"CodeTON Round 9 (Div. 1 + Div. 2, Rated, Prizes!)"
the_sergeant,0,397,397,7690,2039,"CodeTON Round 9 (Div. 1 + Div. 2, Rated, Prizes!)"
mamine27,665,719,54,7690,2039,"CodeTON Round 9 (Div. 1 + Div. 2, Rated, Prizes!)"
tefo_,0,397,397,7690,2039,"CodeTON Round 9 (Div. 1 + Div. 2, Rated, Prizes!)"
harshitupreti18,896,881,-15,7690,2039,"CodeTON Round 9 (Div. 1 + Div. 2, Rated, Prizes!)"
cbcbcb,1201,1122,-79,7690,2039,"CodeTON Round 9 (Div. 1 + Div. 2, Rated, Prizes!)"
SiamArif,1182,1107,-75,7690,2039,"CodeTON Round 9 (Div. 1 + Div. 2, Rated, Prizes!)"
hstrop,838,838,0,7690,2039,"CodeTON Round 9 (Div. 1 + Div. 2, Rated, Prizes!)"
ssalat,661,831,170,7690,2039,"CodeTON Round 9 (Div. 1 + Div. 2, Rated, Prizes!)"
bye_bye,583,767,184,7690,2039,"CodeTON Round 9 (Div. 1 + Div. 2, Rated, Prizes!)"
SHUBH_101,832,834,2,7690,2039,"CodeTON Round 9 (Div. 1 + Div. 2, Rated, Prizes!)"
OPEC,863,856,-7,7690,2039,"CodeTON Round 9 (Div. 1 + Div. 2, Rated, Prizes!)"
p_2626,0,397,397,7690,2039,"CodeTON Round 9 (Div. 1 + Div. 2, Rated, Prizes!)"
malakksalah,720,756,36,7690,2039,"CodeTON Round 9 (Div. 1 + Div. 2, Rated, Prizes!)"
keye,960,999,39,7690,2039,"CodeTON Round 9 (Div. 1 + Div. 2, Rated, Prizes!)"
munnibadnamhui,760,783,23,7690,2039,"CodeTON Round 9 (Div. 1 + Div. 2, Rated, Prizes!)"
azam_78,679,846,167,7690,2039,"CodeTON Round 9 (Div. 1 + Div. 2, Rated, Prizes!)"
sparsh_15,794,807,13,7690,2039,"CodeTON Round 9 (Div. 1 + Div. 2, Rated, Prizes!)"
sabbir2.0,841,841,0,7690,2039,"CodeTON Round 9 (Div. 1 + Div. 2, Rated, Prizes!)"
notTraitor,0,397,397,7690,2039,"CodeTON Round 9 (Div. 1 + Div. 2, Rated, Prizes!)"
Beevee,358,619,261,7690,2039,"CodeTON Round 9 (Div. 1 + Div. 2, Rated, Prizes!)"
wangzihan1026,1120,1057,-63,7690,2039,"CodeTON Round 9 (Div. 1 + Div. 2, Rated, Prizes!)"
ehtesam75,952,924,-28,7690,2039,"CodeTON Round 9 (Div. 1 + Div. 2, Rated, Prizes!)"
sriram6132,1007,967,-40,7690,2039,"CodeTON Round 9 (Div. 1 + Div. 2, Rated, Prizes!)"
Abduhamid_1,1014,1012,-2,7690,2039,"CodeTON Round 9 (Div. 1 + Div. 2, Rated, Prizes!)"
TechWizard23,820,907,87,7690,2039,"CodeTON Round 9 (Div. 1 + Div. 2, Rated, Prizes!)"
Afaz,759,782,23,7690,2039,"CodeTON Round 9 (Div. 1 + Div. 2, Rated, Prizes!)"
mihh,1047,998,-49,7690,2039,"CodeTON Round 9 (Div. 1 + Div. 2, Rated, Prizes!)"
nicobh12,668,836,168,7719,2039,"CodeTON Round 9 (Div. 1 + Div. 2, Rated, Prizes!)"
ujjwaltwitx,1030,984,-46,7719,2039,"CodeTON Round 9 (Div. 1 + Div. 2, Rated, Prizes!)"
xuanquanna,349,611,262,7719,2039,"CodeTON Round 9 (Div. 1 + Div. 2, Rated, Prizes!)"
Adam_04,1018,1067,49,7719,2039,"CodeTON Round 9 (Div. 1 + Div. 2, Rated, Prizes!)"
TaffyACE,1119,1055,-64,7719,2039,"CodeTON Round 9 (Div. 1 + Div. 2, Rated, Prizes!)"
Suix,0,396,396,7719,2039,"CodeTON Round 9 (Div. 1 + Div. 2, Rated, Prizes!)"
abhi2509,949,921,-28,7719,2039,"CodeTON Round 9 (Div. 1 + Div. 2, Rated, Prizes!)"
pushpendra_2028,920,899,-21,7719,2039,"CodeTON Round 9 (Div. 1 + Div. 2, Rated, Prizes!)"
abhilashreddy45,971,938,-33,7719,2039,"CodeTON Round 9 (Div. 1 + Div. 2, Rated, Prizes!)"
_Kost,0,396,396,7719,2039,"CodeTON Round 9 (Div. 1 + Div. 2, Rated, Prizes!)"
Munir__,675,724,49,7719,2039,"CodeTON Round 9 (Div. 1 + Div. 2, Rated, Prizes!)"
oxxxyporotist,0,396,396,7719,2039,"CodeTON Round 9 (Div. 1 + Div. 2, Rated, Prizes!)"
uvii,700,740,40,7719,2039,"CodeTON Round 9 (Div. 1 + Div. 2, Rated, Prizes!)"
anas_pro,1045,996,-49,7719,2039,"CodeTON Round 9 (Div. 1 + Div. 2, Rated, Prizes!)"
Dragon521,994,1048,54,7719,2039,"CodeTON Round 9 (Div. 1 + Div. 2, Rated, Prizes!)"
Hasan22_1,864,856,-8,7719,2039,"CodeTON Round 9 (Div. 1 + Div. 2, Rated, Prizes!)"
christian.barry,0,396,396,7719,2039,"CodeTON Round 9 (Div. 1 + Div. 2, Rated, Prizes!)"
Mohamed5027,946,987,41,7719,2039,"CodeTON Round 9 (Div. 1 + Div. 2, Rated, Prizes!)"
KIING,746,772,26,7719,2039,"CodeTON Round 9 (Div. 1 + Div. 2, Rated, Prizes!)"
cl_2,389,644,255,7719,2039,"CodeTON Round 9 (Div. 1 + Div. 2, Rated, Prizes!)"
ghifyzz,0,396,396,7719,2039,"CodeTON Round 9 (Div. 1 + Div. 2, Rated, Prizes!)"
Aka_sh_,883,870,-13,7719,2039,"CodeTON Round 9 (Div. 1 + Div. 2, Rated, Prizes!)"
dashk11,821,825,4,7719,2039,"CodeTON Round 9 (Div. 1 + Div. 2, Rated, Prizes!)"
Cheater_,807,815,8,7719,2039,"CodeTON Round 9 (Div. 1 + Div. 2, Rated, Prizes!)"
Abhikansh,0,396,396,7719,2039,"CodeTON Round 9 (Div. 1 + Div. 2, Rated, Prizes!)"
gde_papa,889,875,-14,7719,2039,"CodeTON Round 9 (Div. 1 + Div. 2, Rated, Prizes!)"
velyadu,399,652,253,7719,2039,"CodeTON Round 9 (Div. 1 + Div. 2, Rated, Prizes!)"
arinmishra,693,736,43,7719,2039,"CodeTON Round 9 (Div. 1 + Div. 2, Rated, Prizes!)"
_GANGSTER_2024,916,896,-20,7719,2039,"CodeTON Round 9 (Div. 1 + Div. 2, Rated, Prizes!)"
jenyafross,910,890,-20,7748,2039,"CodeTON Round 9 (Div. 1 + Div. 2, Rated, Prizes!)"
leatrix,0,395,395,7748,2039,"CodeTON Round 9 (Div. 1 + Div. 2, Rated, Prizes!)"
Xhita,644,815,171,7748,2039,"CodeTON Round 9 (Div. 1 + Div. 2, Rated, Prizes!)"
arunimadeb050,892,876,-16,7748,2039,"CodeTON Round 9 (Div. 1 + Div. 2, Rated, Prizes!)"
nguyennhat182006,979,1012,33,7748,2039,"CodeTON Round 9 (Div. 1 + Div. 2, Rated, Prizes!)"
ATEF_GH,1141,1072,-69,7748,2039,"CodeTON Round 9 (Div. 1 + Div. 2, Rated, Prizes!)"
mr_krish__324,349,610,261,7748,2039,"CodeTON Round 9 (Div. 1 + Div. 2, Rated, Prizes!)"
dreamfighter.baby,0,395,395,7748,2039,"CodeTON Round 9 (Div. 1 + Div. 2, Rated, Prizes!)"
foobren21,676,723,47,7748,2039,"CodeTON Round 9 (Div. 1 + Div. 2, Rated, Prizes!)"
dikshantbadawadagi,925,901,-24,7748,2039,"CodeTON Round 9 (Div. 1 + Div. 2, Rated, Prizes!)"
ranjit.choudhary0123,809,815,6,7748,2039,"CodeTON Round 9 (Div. 1 + Div. 2, Rated, Prizes!)"
Younikron,839,837,-2,7748,2039,"CodeTON Round 9 (Div. 1 + Div. 2, Rated, Prizes!)"
hades453,1009,967,-42,7748,2039,"CodeTON Round 9 (Div. 1 + Div. 2, Rated, Prizes!)"
LinusTorvalds_gnu,995,956,-39,7748,2039,"CodeTON Round 9 (Div. 1 + Div. 2, Rated, Prizes!)"
I-Nobody,725,756,31,7748,2039,"CodeTON Round 9 (Div. 1 + Div. 2, Rated, Prizes!)"
DummDank,0,395,395,7748,2039,"CodeTON Round 9 (Div. 1 + Div. 2, Rated, Prizes!)"
Mrkimedo,913,892,-21,7748,2039,"CodeTON Round 9 (Div. 1 + Div. 2, Rated, Prizes!)"
krypton5246,763,859,96,7748,2039,"CodeTON Round 9 (Div. 1 + Div. 2, Rated, Prizes!)"
yoaky,393,646,253,7748,2039,"CodeTON Round 9 (Div. 1 + Div. 2, Rated, Prizes!)"
DarkAngelu,1307,1208,-99,7748,2039,"CodeTON Round 9 (Div. 1 + Div. 2, Rated, Prizes!)"
Abhishektwts,844,840,-4,7748,2039,"CodeTON Round 9 (Div. 1 + Div. 2, Rated, Prizes!)"
ggarabs,1110,1119,9,7748,2039,"CodeTON Round 9 (Div. 1 + Div. 2, Rated, Prizes!)"
parkermaya1,891,914,23,7748,2039,"CodeTON Round 9 (Div. 1 + Div. 2, Rated, Prizes!)"
GreyWoodPigeonInUsst,389,643,254,7748,2039,"CodeTON Round 9 (Div. 1 + Div. 2, Rated, Prizes!)"
rakesh_1620,833,832,-1,7748,2039,"CodeTON Round 9 (Div. 1 + Div. 2, Rated, Prizes!)"
Leadd,1144,1075,-69,7748,2039,"CodeTON Round 9 (Div. 1 + Div. 2, Rated, Prizes!)"
Alif_rashid,941,914,-27,7748,2039,"CodeTON Round 9 (Div. 1 + Div. 2, Rated, Prizes!)"
Viking_coder,903,884,-19,7748,2039,"CodeTON Round 9 (Div. 1 + Div. 2, Rated, Prizes!)"
hhdqirui,985,947,-38,7748,2039,"CodeTON Round 9 (Div. 1 + Div. 2, Rated, Prizes!)"
Dauoo,0,395,395,7748,2039,"CodeTON Round 9 (Div. 1 + Div. 2, Rated, Prizes!)"
Und3rCov3r,1285,1189,-96,7778,2039,"CodeTON Round 9 (Div. 1 + Div. 2, Rated, Prizes!)"
Hungezezez,587,768,181,7778,2039,"CodeTON Round 9 (Div. 1 + Div. 2, Rated, Prizes!)"
zyc_ovo,0,394,394,7778,2039,"CodeTON Round 9 (Div. 1 + Div. 2, Rated, Prizes!)"
urs_satyam,943,953,10,7778,2039,"CodeTON Round 9 (Div. 1 + Div. 2, Rated, Prizes!)"
shawon0055,0,394,394,7778,2039,"CodeTON Round 9 (Div. 1 + Div. 2, Rated, Prizes!)"
Niaze_negative_33,651,706,55,7778,2039,"CodeTON Round 9 (Div. 1 + Div. 2, Rated, Prizes!)"
Siddharth61,913,891,-22,7778,2039,"CodeTON Round 9 (Div. 1 + Div. 2, Rated, Prizes!)"
phnmihducctin,1398,1281,-117,7778,2039,"CodeTON Round 9 (Div. 1 + Div. 2, Rated, Prizes!)"
harshitdohare,901,882,-19,7778,2039,"CodeTON Round 9 (Div. 1 + Div. 2, Rated, Prizes!)"
dima_gorobets,950,919,-31,7778,2039,"CodeTON Round 9 (Div. 1 + Div. 2, Rated, Prizes!)"
HuoKec,711,869,158,7778,2039,"CodeTON Round 9 (Div. 1 + Div. 2, Rated, Prizes!)"
shenmi666,807,812,5,7778,2039,"CodeTON Round 9 (Div. 1 + Div. 2, Rated, Prizes!)"
nk--3,818,820,2,7778,2039,"CodeTON Round 9 (Div. 1 + Div. 2, Rated, Prizes!)"
mkasiam,732,834,102,7778,2039,"CodeTON Round 9 (Div. 1 + Div. 2, Rated, Prizes!)"
wuyou18268683423,637,697,60,7778,2039,"CodeTON Round 9 (Div. 1 + Div. 2, Rated, Prizes!)"
bietyeu10nguoi,967,1024,57,7778,2039,"CodeTON Round 9 (Div. 1 + Div. 2, Rated, Prizes!)"
m_shahin,1061,1007,-54,7778,2039,"CodeTON Round 9 (Div. 1 + Div. 2, Rated, Prizes!)"
JereGod,1012,968,-44,7778,2039,"CodeTON Round 9 (Div. 1 + Div. 2, Rated, Prizes!)"
satyammthakur,1007,1057,50,7778,2039,"CodeTON Round 9 (Div. 1 + Div. 2, Rated, Prizes!)"
arifin_fuad_kashfy,775,790,15,7778,2039,"CodeTON Round 9 (Div. 1 + Div. 2, Rated, Prizes!)"
crazykills,626,800,174,7778,2039,"CodeTON Round 9 (Div. 1 + Div. 2, Rated, Prizes!)"
Mohamad_Ahmad_taieb,915,892,-23,7799,2039,"CodeTON Round 9 (Div. 1 + Div. 2, Rated, Prizes!)"
7calculus,349,609,260,7799,2039,"CodeTON Round 9 (Div. 1 + Div. 2, Rated, Prizes!)"
Harikaran14,870,858,-12,7799,2039,"CodeTON Round 9 (Div. 1 + Div. 2, Rated, Prizes!)"
harsha4p28,765,859,94,7799,2039,"CodeTON Round 9 (Div. 1 + Div. 2, Rated, Prizes!)"
kalattar040,582,763,181,7799,2039,"CodeTON Round 9 (Div. 1 + Div. 2, Rated, Prizes!)"
vusal,978,1010,32,7799,2039,"CodeTON Round 9 (Div. 1 + Div. 2, Rated, Prizes!)"
odenzberg,686,848,162,7799,2039,"CodeTON Round 9 (Div. 1 + Div. 2, Rated, Prizes!)"
RitikaBaliyan8,352,611,259,7799,2039,"CodeTON Round 9 (Div. 1 + Div. 2, Rated, Prizes!)"
peakyPirate,0,394,394,7799,2039,"CodeTON Round 9 (Div. 1 + Div. 2, Rated, Prizes!)"
RUTHVIK0811,760,855,95,7799,2039,"CodeTON Round 9 (Div. 1 + Div. 2, Rated, Prizes!)"
siddharthchandrakar007,949,918,-31,7799,2039,"CodeTON Round 9 (Div. 1 + Div. 2, Rated, Prizes!)"
pushkaryadav,1059,1045,-14,7799,2039,"CodeTON Round 9 (Div. 1 + Div. 2, Rated, Prizes!)"
Hantur,597,670,73,7799,2039,"CodeTON Round 9 (Div. 1 + Div. 2, Rated, Prizes!)"
COME___BACK,1268,1174,-94,7799,2039,"CodeTON Round 9 (Div. 1 + Div. 2, Rated, Prizes!)"
WallHero,797,804,7,7799,2039,"CodeTON Round 9 (Div. 1 + Div. 2, Rated, Prizes!)"
VRADASH,902,882,-20,7799,2039,"CodeTON Round 9 (Div. 1 + Div. 2, Rated, Prizes!)"
HailStorm---,377,632,255,7799,2039,"CodeTON Round 9 (Div. 1 + Div. 2, Rated, Prizes!)"
Adriano4fk,925,900,-25,7799,2039,"CodeTON Round 9 (Div. 1 + Div. 2, Rated, Prizes!)"
Aliswiftla,395,647,252,7799,2039,"CodeTON Round 9 (Div. 1 + Div. 2, Rated, Prizes!)"
FromPluto,1037,987,-50,7799,2039,"CodeTON Round 9 (Div. 1 + Div. 2, Rated, Prizes!)"
Zhang_tianxing,0,394,394,7799,2039,"CodeTON Round 9 (Div. 1 + Div. 2, Rated, Prizes!)"
MMuch,0,394,394,7799,2039,"CodeTON Round 9 (Div. 1 + Div. 2, Rated, Prizes!)"
HubaIt,401,652,251,7799,2039,"CodeTON Round 9 (Div. 1 + Div. 2, Rated, Prizes!)"
BadLinn,0,394,394,7799,2039,"CodeTON Round 9 (Div. 1 + Div. 2, Rated, Prizes!)"
agr_im09,0,394,394,7799,2039,"CodeTON Round 9 (Div. 1 + Div. 2, Rated, Prizes!)"
WayzzJr,1300,1201,-99,7799,2039,"CodeTON Round 9 (Div. 1 + Div. 2, Rated, Prizes!)"
awasthi_suryansh,1002,959,-43,7799,2039,"CodeTON Round 9 (Div. 1 + Div. 2, Rated, Prizes!)"
Nightmares_saber,1027,978,-49,7826,2039,"CodeTON Round 9 (Div. 1 + Div. 2, Rated, Prizes!)"
isratjahan0244,1090,1028,-62,7826,2039,"CodeTON Round 9 (Div. 1 + Div. 2, Rated, Prizes!)"
ohi_cse,818,855,37,7826,2039,"CodeTON Round 9 (Div. 1 + Div. 2, Rated, Prizes!)"
02HarshRawat,1038,987,-51,7826,2039,"CodeTON Round 9 (Div. 1 + Div. 2, Rated, Prizes!)"
sharmaankit9089,890,872,-18,7826,2039,"CodeTON Round 9 (Div. 1 + Div. 2, Rated, Prizes!)"
PriashisG,976,1008,32,7826,2039,"CodeTON Round 9 (Div. 1 + Div. 2, Rated, Prizes!)"
Is_R_at,881,865,-16,7826,2039,"CodeTON Round 9 (Div. 1 + Div. 2, Rated, Prizes!)"
Gautam_90,942,912,-30,7826,2039,"CodeTON Round 9 (Div. 1 + Div. 2, Rated, Prizes!)"
akif078,852,843,-9,7826,2039,"CodeTON Round 9 (Div. 1 + Div. 2, Rated, Prizes!)"
XoXoDipti,935,906,-29,7826,2039,"CodeTON Round 9 (Div. 1 + Div. 2, Rated, Prizes!)"
loganwick.jr,798,804,6,7826,2039,"CodeTON Round 9 (Div. 1 + Div. 2, Rated, Prizes!)"
I.am.Moana.Of.Motunui,594,666,72,7826,2039,"CodeTON Round 9 (Div. 1 + Div. 2, Rated, Prizes!)"
RobertoArcieri,439,682,243,7826,2039,"CodeTON Round 9 (Div. 1 + Div. 2, Rated, Prizes!)"
priyansh2552,1079,1020,-59,7826,2039,"CodeTON Round 9 (Div. 1 + Div. 2, Rated, Prizes!)"
_aviralsingh61103,1146,1074,-72,7826,2039,"CodeTON Round 9 (Div. 1 + Div. 2, Rated, Prizes!)"
abderrahmen_zaway,372,627,255,7826,2039,"CodeTON Round 9 (Div. 1 + Div. 2, Rated, Prizes!)"
witch524,0,393,393,7826,2039,"CodeTON Round 9 (Div. 1 + Div. 2, Rated, Prizes!)"
player1028,770,863,93,7826,2039,"CodeTON Round 9 (Div. 1 + Div. 2, Rated, Prizes!)"
_MMU_,977,939,-38,7826,2039,"CodeTON Round 9 (Div. 1 + Div. 2, Rated, Prizes!)"
Twir,0,393,393,7826,2039,"CodeTON Round 9 (Div. 1 + Div. 2, Rated, Prizes!)"
bitcoder_74,781,791,10,7826,2039,"CodeTON Round 9 (Div. 1 + Div. 2, Rated, Prizes!)"
Mr_X_69,363,620,257,7826,2039,"CodeTON Round 9 (Div. 1 + Div. 2, Rated, Prizes!)"
algo_aspirant,0,393,393,7826,2039,"CodeTON Round 9 (Div. 1 + Div. 2, Rated, Prizes!)"
vaibhav108d,963,928,-35,7826,2039,"CodeTON Round 9 (Div. 1 + Div. 2, Rated, Prizes!)"
RizzFarmer,816,899,83,7826,2039,"CodeTON Round 9 (Div. 1 + Div. 2, Rated, Prizes!)"
alirezabayat6,0,393,393,7826,2039,"CodeTON Round 9 (Div. 1 + Div. 2, Rated, Prizes!)"
Kutmanali,486,600,114,7852,2039,"CodeTON Round 9 (Div. 1 + Div. 2, Rated, Prizes!)"
F.J,2102,1848,-254,7852,2039,"CodeTON Round 9 (Div. 1 + Div. 2, Rated, Prizes!)"
sachink13y,967,930,-37,7852,2039,"CodeTON Round 9 (Div. 1 + Div. 2, Rated, Prizes!)"
basanaboyinadanush,762,777,15,7852,2039,"CodeTON Round 9 (Div. 1 + Div. 2, Rated, Prizes!)"
tamdesu,990,948,-42,7852,2039,"CodeTON Round 9 (Div. 1 + Div. 2, Rated, Prizes!)"
Argon_18,0,393,393,7852,2039,"CodeTON Round 9 (Div. 1 + Div. 2, Rated, Prizes!)"
abhiguptaofficial30,617,791,174,7852,2039,"CodeTON Round 9 (Div. 1 + Div. 2, Rated, Prizes!)"
danger_06,793,799,6,7852,2039,"CodeTON Round 9 (Div. 1 + Div. 2, Rated, Prizes!)"
FirstImpression,883,954,71,7852,2039,"CodeTON Round 9 (Div. 1 + Div. 2, Rated, Prizes!)"
nandalsahil023,686,847,161,7852,2039,"CodeTON Round 9 (Div. 1 + Div. 2, Rated, Prizes!)"
JUN4Y3D,688,726,38,7852,2039,"CodeTON Round 9 (Div. 1 + Div. 2, Rated, Prizes!)"
AwH-24,802,888,86,7852,2039,"CodeTON Round 9 (Div. 1 + Div. 2, Rated, Prizes!)"
Aditya_Anmol,353,611,258,7852,2039,"CodeTON Round 9 (Div. 1 + Div. 2, Rated, Prizes!)"
XIhs_aj,0,393,393,7852,2039,"CodeTON Round 9 (Div. 1 + Div. 2, Rated, Prizes!)"
Hemanth_202003,1047,1065,18,7852,2039,"CodeTON Round 9 (Div. 1 + Div. 2, Rated, Prizes!)"
forevermei,1023,1014,-9,7852,2039,"CodeTON Round 9 (Div. 1 + Div. 2, Rated, Prizes!)"
jaunecitron,940,909,-31,7852,2039,"CodeTON Round 9 (Div. 1 + Div. 2, Rated, Prizes!)"
chapstick,1147,1074,-73,7852,2039,"CodeTON Round 9 (Div. 1 + Div. 2, Rated, Prizes!)"
sahilkk0135,0,393,393,7852,2039,"CodeTON Round 9 (Div. 1 + Div. 2, Rated, Prizes!)"
keshavrairai2004,767,859,92,7871,2039,"CodeTON Round 9 (Div. 1 + Div. 2, Rated, Prizes!)"
prideKun,1032,981,-51,7871,2039,"CodeTON Round 9 (Div. 1 + Div. 2, Rated, Prizes!)"
Hoach,403,652,249,7871,2039,"CodeTON Round 9 (Div. 1 + Div. 2, Rated, Prizes!)"
Pa_tien_ce,1039,986,-53,7871,2039,"CodeTON Round 9 (Div. 1 + Div. 2, Rated, Prizes!)"
galibhaskar,423,668,245,7871,2039,"CodeTON Round 9 (Div. 1 + Div. 2, Rated, Prizes!)"
kelenjo,638,807,169,7871,2039,"CodeTON Round 9 (Div. 1 + Div. 2, Rated, Prizes!)"
Pial0101,632,688,56,7871,2039,"CodeTON Round 9 (Div. 1 + Div. 2, Rated, Prizes!)"
CatsAndTea,0,392,392,7871,2039,"CodeTON Round 9 (Div. 1 + Div. 2, Rated, Prizes!)"
h.lafkih,636,806,170,7871,2039,"CodeTON Round 9 (Div. 1 + Div. 2, Rated, Prizes!)"
ayush62,0,392,392,7871,2039,"CodeTON Round 9 (Div. 1 + Div. 2, Rated, Prizes!)"
raetaylor,750,768,18,7871,2039,"CodeTON Round 9 (Div. 1 + Div. 2, Rated, Prizes!)"
Neonty,964,1020,56,7871,2039,"CodeTON Round 9 (Div. 1 + Div. 2, Rated, Prizes!)"
Dru.-_-,812,812,0,7871,2039,"CodeTON Round 9 (Div. 1 + Div. 2, Rated, Prizes!)"
tuturuturu,791,797,6,7871,2039,"CodeTON Round 9 (Div. 1 + Div. 2, Rated, Prizes!)"
Zihan13,816,814,-2,7871,2039,"CodeTON Round 9 (Div. 1 + Div. 2, Rated, Prizes!)"
DhvanitVaghani,749,844,95,7871,2039,"CodeTON Round 9 (Div. 1 + Div. 2, Rated, Prizes!)"
JN4YD,908,884,-24,7871,2039,"CodeTON Round 9 (Div. 1 + Div. 2, Rated, Prizes!)"
aakashk1905,1034,1054,20,7871,2039,"CodeTON Round 9 (Div. 1 + Div. 2, Rated, Prizes!)"
kokozzz,589,767,178,7871,2039,"CodeTON Round 9 (Div. 1 + Div. 2, Rated, Prizes!)"
Ksheetiz,0,392,392,7890,2039,"CodeTON Round 9 (Div. 1 + Div. 2, Rated, Prizes!)"
aves_chan,1009,1002,-7,7890,2039,"CodeTON Round 9 (Div. 1 + Div. 2, Rated, Prizes!)"
Jes124,870,997,127,7890,2039,"CodeTON Round 9 (Div. 1 + Div. 2, Rated, Prizes!)"
Ord1Nary,1162,1086,-76,7890,2039,"CodeTON Round 9 (Div. 1 + Div. 2, Rated, Prizes!)"
aditya.aparadh,1039,986,-53,7890,2039,"CodeTON Round 9 (Div. 1 + Div. 2, Rated, Prizes!)"
L_rakib,582,761,179,7890,2039,"CodeTON Round 9 (Div. 1 + Div. 2, Rated, Prizes!)"
Shahiduzzaman81,536,627,91,7890,2039,"CodeTON Round 9 (Div. 1 + Div. 2, Rated, Prizes!)"
amanpatel04,730,753,23,7890,2039,"CodeTON Round 9 (Div. 1 + Div. 2, Rated, Prizes!)"
VVarn_2005,848,838,-10,7890,2039,"CodeTON Round 9 (Div. 1 + Div. 2, Rated, Prizes!)"
Pyrawn,897,875,-22,7890,2039,"CodeTON Round 9 (Div. 1 + Div. 2, Rated, Prizes!)"
Eldeeb_,1314,1210,-104,7890,2039,"CodeTON Round 9 (Div. 1 + Div. 2, Rated, Prizes!)"
gjit515,788,793,5,7890,2039,"CodeTON Round 9 (Div. 1 + Div. 2, Rated, Prizes!)"
darkMoon15,1193,1111,-82,7890,2039,"CodeTON Round 9 (Div. 1 + Div. 2, Rated, Prizes!)"
Mohaimen_Hridoy,765,778,13,7890,2039,"CodeTON Round 9 (Div. 1 + Div. 2, Rated, Prizes!)"
wemby,602,777,175,7890,2039,"CodeTON Round 9 (Div. 1 + Div. 2, Rated, Prizes!)"
Terr,0,392,392,7890,2039,"CodeTON Round 9 (Div. 1 + Div. 2, Rated, Prizes!)"
EusoufCSE12,833,826,-7,7906,2039,"CodeTON Round 9 (Div. 1 + Div. 2, Rated, Prizes!)"
Srm__,657,702,45,7906,2039,"CodeTON Round 9 (Div. 1 + Div. 2, Rated, Prizes!)"
thiagochan,836,893,57,7906,2039,"CodeTON Round 9 (Div. 1 + Div. 2, Rated, Prizes!)"
Ismail2184,729,751,22,7906,2039,"CodeTON Round 9 (Div. 1 + Div. 2, Rated, Prizes!)"
dyor,907,972,65,7906,2039,"CodeTON Round 9 (Div. 1 + Div. 2, Rated, Prizes!)"
ZeldaandLink,1283,1185,-98,7906,2039,"CodeTON Round 9 (Div. 1 + Div. 2, Rated, Prizes!)"
xf519ffi77,387,638,251,7906,2039,"CodeTON Round 9 (Div. 1 + Div. 2, Rated, Prizes!)"
ben7bkya0xEssam,0,391,391,7906,2039,"CodeTON Round 9 (Div. 1 + Div. 2, Rated, Prizes!)"
Rokun,999,954,-45,7906,2039,"CodeTON Round 9 (Div. 1 + Div. 2, Rated, Prizes!)"
Mr_Noob_Coder,1059,1001,-58,7906,2039,"CodeTON Round 9 (Div. 1 + Div. 2, Rated, Prizes!)"
yungchie,0,391,391,7906,2039,"CodeTON Round 9 (Div. 1 + Div. 2, Rated, Prizes!)"
venusmars2004,491,598,107,7906,2039,"CodeTON Round 9 (Div. 1 + Div. 2, Rated, Prizes!)"
Farid_7,812,810,-2,7906,2039,"CodeTON Round 9 (Div. 1 + Div. 2, Rated, Prizes!)"
Rana106,663,706,43,7906,2039,"CodeTON Round 9 (Div. 1 + Div. 2, Rated, Prizes!)"
frozen_king,1165,1087,-78,7906,2039,"CodeTON Round 9 (Div. 1 + Div. 2, Rated, Prizes!)"
M0untainKing,776,784,8,7906,2039,"CodeTON Round 9 (Div. 1 + Div. 2, Rated, Prizes!)"
datelong,804,804,0,7906,2039,"CodeTON Round 9 (Div. 1 + Div. 2, Rated, Prizes!)"
cpmcksjfkd,0,391,391,7906,2039,"CodeTON Round 9 (Div. 1 + Div. 2, Rated, Prizes!)"
ansh__05,665,707,42,7906,2039,"CodeTON Round 9 (Div. 1 + Div. 2, Rated, Prizes!)"
Hadi_hh,995,950,-45,7906,2039,"CodeTON Round 9 (Div. 1 + Div. 2, Rated, Prizes!)"
manindersinghjaat11,801,802,1,7906,2039,"CodeTON Round 9 (Div. 1 + Div. 2, Rated, Prizes!)"
Tadepalli_Ganesh,726,748,22,7906,2039,"CodeTON Round 9 (Div. 1 + Div. 2, Rated, Prizes!)"
Roperie,897,874,-23,7906,2039,"CodeTON Round 9 (Div. 1 + Div. 2, Rated, Prizes!)"
shaurya_0211,707,863,156,7906,2039,"CodeTON Round 9 (Div. 1 + Div. 2, Rated, Prizes!)"
karanveerksb,634,802,168,7930,2039,"CodeTON Round 9 (Div. 1 + Div. 2, Rated, Prizes!)"
issolanki025,608,781,173,7930,2039,"CodeTON Round 9 (Div. 1 + Div. 2, Rated, Prizes!)"
ww16,394,643,249,7930,2039,"CodeTON Round 9 (Div. 1 + Div. 2, Rated, Prizes!)"
satyajitkhuntia,0,391,391,7930,2039,"CodeTON Round 9 (Div. 1 + Div. 2, Rated, Prizes!)"
manish0710,0,391,391,7930,2039,"CodeTON Round 9 (Div. 1 + Div. 2, Rated, Prizes!)"
Pratham_math,1019,1040,21,7930,2039,"CodeTON Round 9 (Div. 1 + Div. 2, Rated, Prizes!)"
Anhquantran,768,777,9,7930,2039,"CodeTON Round 9 (Div. 1 + Div. 2, Rated, Prizes!)"
nhan0123456,846,834,-12,7930,2039,"CodeTON Round 9 (Div. 1 + Div. 2, Rated, Prizes!)"
GM_alien11115,1062,1003,-59,7930,2039,"CodeTON Round 9 (Div. 1 + Div. 2, Rated, Prizes!)"
Madu,944,909,-35,7930,2039,"CodeTON Round 9 (Div. 1 + Div. 2, Rated, Prizes!)"
Anas45,1058,1000,-58,7930,2039,"CodeTON Round 9 (Div. 1 + Div. 2, Rated, Prizes!)"
zhz_vite,1011,962,-49,7930,2039,"CodeTON Round 9 (Div. 1 + Div. 2, Rated, Prizes!)"
matintavakoli,935,903,-32,7930,2039,"CodeTON Round 9 (Div. 1 + Div. 2, Rated, Prizes!)"
nabeelqureshi,834,891,57,7930,2039,"CodeTON Round 9 (Div. 1 + Div. 2, Rated, Prizes!)"
NTihomirov,1013,1003,-10,7930,2039,"CodeTON Round 9 (Div. 1 + Div. 2, Rated, Prizes!)"
nobody98,971,930,-41,7930,2039,"CodeTON Round 9 (Div. 1 + Div. 2, Rated, Prizes!)"
Fl4mingo,774,844,70,7930,2039,"CodeTON Round 9 (Div. 1 + Div. 2, Rated, Prizes!)"
eileenahmadkhan8,921,891,-30,7930,2039,"CodeTON Round 9 (Div. 1 + Div. 2, Rated, Prizes!)"
llcxmn,1264,1168,-96,7930,2039,"CodeTON Round 9 (Div. 1 + Div. 2, Rated, Prizes!)"
lithiumpilled,1272,1174,-98,7930,2039,"CodeTON Round 9 (Div. 1 + Div. 2, Rated, Prizes!)"
ShanC,1105,1037,-68,7950,2039,"CodeTON Round 9 (Div. 1 + Div. 2, Rated, Prizes!)"
Ali-Sul22,0,391,391,7950,2039,"CodeTON Round 9 (Div. 1 + Div. 2, Rated, Prizes!)"
o_elyas,641,808,167,7950,2039,"CodeTON Round 9 (Div. 1 + Div. 2, Rated, Prizes!)"
Osalotioman,731,750,19,7950,2039,"CodeTON Round 9 (Div. 1 + Div. 2, Rated, Prizes!)"
Tagen,479,589,110,7950,2039,"CodeTON Round 9 (Div. 1 + Div. 2, Rated, Prizes!)"
proro,759,770,11,7950,2039,"CodeTON Round 9 (Div. 1 + Div. 2, Rated, Prizes!)"
Chaice731,0,391,391,7950,2039,"CodeTON Round 9 (Div. 1 + Div. 2, Rated, Prizes!)"
A_A_Jubair,878,925,47,7950,2039,"CodeTON Round 9 (Div. 1 + Div. 2, Rated, Prizes!)"
mosaab2011,837,827,-10,7950,2039,"CodeTON Round 9 (Div. 1 + Div. 2, Rated, Prizes!)"
Mephiston,379,630,251,7950,2039,"CodeTON Round 9 (Div. 1 + Div. 2, Rated, Prizes!)"
WhiteBread,890,867,-23,7950,2039,"CodeTON Round 9 (Div. 1 + Div. 2, Rated, Prizes!)"
_Randooom_,864,847,-17,7950,2039,"CodeTON Round 9 (Div. 1 + Div. 2, Rated, Prizes!)"
raghavjeyan,0,391,391,7950,2039,"CodeTON Round 9 (Div. 1 + Div. 2, Rated, Prizes!)"
wjl2023,1097,1030,-67,7950,2039,"CodeTON Round 9 (Div. 1 + Div. 2, Rated, Prizes!)"
DodgyYet,628,797,169,7950,2039,"CodeTON Round 9 (Div. 1 + Div. 2, Rated, Prizes!)"
RMolanoD7,0,391,391,7950,2039,"CodeTON Round 9 (Div. 1 + Div. 2, Rated, Prizes!)"
WillOfHeaven,1073,1011,-62,7950,2039,"CodeTON Round 9 (Div. 1 + Div. 2, Rated, Prizes!)"
KrishRox,589,765,176,7950,2039,"CodeTON Round 9 (Div. 1 + Div. 2, Rated, Prizes!)"
Zulkar_Jahin_Nizu,896,872,-24,7950,2039,"CodeTON Round 9 (Div. 1 + Div. 2, Rated, Prizes!)"
Nightout,858,842,-16,7969,2039,"CodeTON Round 9 (Div. 1 + Div. 2, Rated, Prizes!)"
ah686634,734,751,17,7969,2039,"CodeTON Round 9 (Div. 1 + Div. 2, Rated, Prizes!)"
Bahrom0311,0,390,390,7969,2039,"CodeTON Round 9 (Div. 1 + Div. 2, Rated, Prizes!)"
K-Marjona,832,822,-10,7969,2039,"CodeTON Round 9 (Div. 1 + Div. 2, Rated, Prizes!)"
Vheath,840,915,75,7969,2039,"CodeTON Round 9 (Div. 1 + Div. 2, Rated, Prizes!)"
Delication,1093,1100,7,7969,2039,"CodeTON Round 9 (Div. 1 + Div. 2, Rated, Prizes!)"
neil2A,648,813,165,7969,2039,"CodeTON Round 9 (Div. 1 + Div. 2, Rated, Prizes!)"
boom_is_art,0,390,390,7969,2039,"CodeTON Round 9 (Div. 1 + Div. 2, Rated, Prizes!)"
k0ur05h,1158,1080,-78,7969,2039,"CodeTON Round 9 (Div. 1 + Div. 2, Rated, Prizes!)"
Sori_VN,748,822,74,7969,2039,"CodeTON Round 9 (Div. 1 + Div. 2, Rated, Prizes!)"
jnnie,857,929,72,7969,2039,"CodeTON Round 9 (Div. 1 + Div. 2, Rated, Prizes!)"
NegiPriyanka,0,390,390,7969,2039,"CodeTON Round 9 (Div. 1 + Div. 2, Rated, Prizes!)"
dan_1310,0,390,390,7969,2039,"CodeTON Round 9 (Div. 1 + Div. 2, Rated, Prizes!)"
Mr.Robot147,941,906,-35,7969,2039,"CodeTON Round 9 (Div. 1 + Div. 2, Rated, Prizes!)"
cgpa,607,779,172,7969,2039,"CodeTON Round 9 (Div. 1 + Div. 2, Rated, Prizes!)"
Aniket_Gupta_8828,823,901,78,7969,2039,"CodeTON Round 9 (Div. 1 + Div. 2, Rated, Prizes!)"
XieShangZhi,834,823,-11,7969,2039,"CodeTON Round 9 (Div. 1 + Div. 2, Rated, Prizes!)"
samriddhi.agrawal_cs23,745,759,14,7969,2039,"CodeTON Round 9 (Div. 1 + Div. 2, Rated, Prizes!)"
Badast,389,637,248,7969,2039,"CodeTON Round 9 (Div. 1 + Div. 2, Rated, Prizes!)"
rishi_5906,585,761,176,7969,2039,"CodeTON Round 9 (Div. 1 + Div. 2, Rated, Prizes!)"
w_c_an,981,937,-44,7969,2039,"CodeTON Round 9 (Div. 1 + Div. 2, Rated, Prizes!)"
016-Batyrzhan-A-2027,787,852,65,7969,2039,"CodeTON Round 9 (Div. 1 + Div. 2, Rated, Prizes!)"
ilikeeggs,889,865,-24,7969,2039,"CodeTON Round 9 (Div. 1 + Div. 2, Rated, Prizes!)"
ignacio_benq,1043,987,-56,7969,2039,"CodeTON Round 9 (Div. 1 + Div. 2, Rated, Prizes!)"
wael241224,0,390,390,7969,2039,"CodeTON Round 9 (Div. 1 + Div. 2, Rated, Prizes!)"
Farzzii,738,753,15,7994,2039,"CodeTON Round 9 (Div. 1 + Div. 2, Rated, Prizes!)"
tekka_ity,881,926,45,7994,2039,"CodeTON Round 9 (Div. 1 + Div. 2, Rated, Prizes!)"
Tasnia_Maha,835,823,-12,7994,2039,"CodeTON Round 9 (Div. 1 + Div. 2, Rated, Prizes!)"
FikreyohanesAbera,0,390,390,7994,2039,"CodeTON Round 9 (Div. 1 + Div. 2, Rated, Prizes!)"
sc2.serral,0,390,390,7994,2039,"CodeTON Round 9 (Div. 1 + Div. 2, Rated, Prizes!)"
osmangani1osm,953,914,-39,7994,2039,"CodeTON Round 9 (Div. 1 + Div. 2, Rated, Prizes!)"
Kuroneko_CIHL,1031,976,-55,7994,2039,"CodeTON Round 9 (Div. 1 + Div. 2, Rated, Prizes!)"
anandjha38506,897,871,-26,7994,2039,"CodeTON Round 9 (Div. 1 + Div. 2, Rated, Prizes!)"
RomasZ09,824,815,-9,7994,2039,"CodeTON Round 9 (Div. 1 + Div. 2, Rated, Prizes!)"
vaibhav22556,793,793,0,7994,2039,"CodeTON Round 9 (Div. 1 + Div. 2, Rated, Prizes!)"
lotus_pjl,1103,1075,-28,7994,2039,"CodeTON Round 9 (Div. 1 + Div. 2, Rated, Prizes!)"
Tayyib_Mubeen,972,929,-43,7994,2039,"CodeTON Round 9 (Div. 1 + Div. 2, Rated, Prizes!)"
game-money,778,864,86,7994,2039,"CodeTON Round 9 (Div. 1 + Div. 2, Rated, Prizes!)"
duongpham_2027,622,791,169,7994,2039,"CodeTON Round 9 (Div. 1 + Div. 2, Rated, Prizes!)"
mikrokosmos,970,927,-43,7994,2039,"CodeTON Round 9 (Div. 1 + Div. 2, Rated, Prizes!)"
pwwddx,858,841,-17,7994,2039,"CodeTON Round 9 (Div. 1 + Div. 2, Rated, Prizes!)"
Jannat_chugh,793,791,-2,8010,2039,"CodeTON Round 9 (Div. 1 + Div. 2, Rated, Prizes!)"
Geekie213_,735,829,94,8010,2039,"CodeTON Round 9 (Div. 1 + Div. 2, Rated, Prizes!)"
STGWinteam,895,937,42,8010,2039,"CodeTON Round 9 (Div. 1 + Div. 2, Rated, Prizes!)"
pgb1311,0,389,389,8010,2039,"CodeTON Round 9 (Div. 1 + Div. 2, Rated, Prizes!)"
noshin_tamanna,892,866,-26,8010,2039,"CodeTON Round 9 (Div. 1 + Div. 2, Rated, Prizes!)"
Qusay_Eed04,0,389,389,8010,2039,"CodeTON Round 9 (Div. 1 + Div. 2, Rated, Prizes!)"
msr11,814,807,-7,8010,2039,"CodeTON Round 9 (Div. 1 + Div. 2, Rated, Prizes!)"
steve2382,0,389,389,8010,2039,"CodeTON Round 9 (Div. 1 + Div. 2, Rated, Prizes!)"
Seaple,0,389,389,8010,2039,"CodeTON Round 9 (Div. 1 + Div. 2, Rated, Prizes!)"
irfanhbhy,1206,1118,-88,8010,2039,"CodeTON Round 9 (Div. 1 + Div. 2, Rated, Prizes!)"
yuxyn,409,653,244,8010,2039,"CodeTON Round 9 (Div. 1 + Div. 2, Rated, Prizes!)"
Nisarg_Patel,620,672,52,8010,2039,"CodeTON Round 9 (Div. 1 + Div. 2, Rated, Prizes!)"
Sourav.VK18,1218,1129,-89,8010,2039,"CodeTON Round 9 (Div. 1 + Div. 2, Rated, Prizes!)"
risav68111,747,758,11,8010,2039,"CodeTON Round 9 (Div. 1 + Div. 2, Rated, Prizes!)"
TFS_here,824,814,-10,8010,2039,"CodeTON Round 9 (Div. 1 + Div. 2, Rated, Prizes!)"
engineerXtreme,856,838,-18,8010,2039,"CodeTON Round 9 (Div. 1 + Div. 2, Rated, Prizes!)"
Priyanshu___812___,916,885,-31,8010,2039,"CodeTON Round 9 (Div. 1 + Div. 2, Rated, Prizes!)"
jatin_saini,1112,1041,-71,8010,2039,"CodeTON Round 9 (Div. 1 + Div. 2, Rated, Prizes!)"
zzzz_zzzzzzz,0,389,389,8010,2039,"CodeTON Round 9 (Div. 1 + Div. 2, Rated, Prizes!)"
michaelx,0,389,389,8010,2039,"CodeTON Round 9 (Div. 1 + Div. 2, Rated, Prizes!)"
Tntlr09,0,389,389,8010,2039,"CodeTON Round 9 (Div. 1 + Div. 2, Rated, Prizes!)"
Atri_Nagisa,0,389,389,8010,2039,"CodeTON Round 9 (Div. 1 + Div. 2, Rated, Prizes!)"
syzy_111xx,772,858,86,8010,2039,"CodeTON Round 9 (Div. 1 + Div. 2, Rated, Prizes!)"
omvrat969663,684,841,157,8010,2039,"CodeTON Round 9 (Div. 1 + Div. 2, Rated, Prizes!)"
Devesh_06,814,872,58,8010,2039,"CodeTON Round 9 (Div. 1 + Div. 2, Rated, Prizes!)"
venketeswar99,0,389,389,8010,2039,"CodeTON Round 9 (Div. 1 + Div. 2, Rated, Prizes!)"
test2023,830,906,76,8010,2039,"CodeTON Round 9 (Div. 1 + Div. 2, Rated, Prizes!)"
urminhirpara,993,945,-48,8010,2039,"CodeTON Round 9 (Div. 1 + Div. 2, Rated, Prizes!)"
askm,1006,1026,20,8038,2039,"CodeTON Round 9 (Div. 1 + Div. 2, Rated, Prizes!)"
mdarafat1819,955,914,-41,8038,2039,"CodeTON Round 9 (Div. 1 + Div. 2, Rated, Prizes!)"
ishraq,605,661,56,8038,2039,"CodeTON Round 9 (Div. 1 + Div. 2, Rated, Prizes!)"
ceouetav,688,716,28,8038,2039,"CodeTON Round 9 (Div. 1 + Div. 2, Rated, Prizes!)"
Prashant_thakur77,944,906,-38,8038,2039,"CodeTON Round 9 (Div. 1 + Div. 2, Rated, Prizes!)"
oscarspk,1195,1109,-86,8038,2039,"CodeTON Round 9 (Div. 1 + Div. 2, Rated, Prizes!)"
Naim077,850,833,-17,8038,2039,"CodeTON Round 9 (Div. 1 + Div. 2, Rated, Prizes!)"
Pkm6805,801,797,-4,8038,2039,"CodeTON Round 9 (Div. 1 + Div. 2, Rated, Prizes!)"
Ashraful305,1138,1062,-76,8038,2039,"CodeTON Round 9 (Div. 1 + Div. 2, Rated, Prizes!)"
BooMeR1OP,0,389,389,8038,2039,"CodeTON Round 9 (Div. 1 + Div. 2, Rated, Prizes!)"
Siabul_Hassan_Siyam,977,932,-45,8038,2039,"CodeTON Round 9 (Div. 1 + Div. 2, Rated, Prizes!)"
kirtinasha999,660,698,38,8038,2039,"CodeTON Round 9 (Div. 1 + Div. 2, Rated, Prizes!)"
mishkatul.ferdousi,905,875,-30,8038,2039,"CodeTON Round 9 (Div. 1 + Div. 2, Rated, Prizes!)"
pedrocas,1179,1096,-83,8038,2039,"CodeTON Round 9 (Div. 1 + Div. 2, Rated, Prizes!)"
cutebali,0,389,389,8038,2039,"CodeTON Round 9 (Div. 1 + Div. 2, Rated, Prizes!)"
tonny.mmu23,412,655,243,8053,2039,"CodeTON Round 9 (Div. 1 + Div. 2, Rated, Prizes!)"
ORION2020,349,603,254,8053,2039,"CodeTON Round 9 (Div. 1 + Div. 2, Rated, Prizes!)"
Pixelneer,1098,1029,-69,8053,2039,"CodeTON Round 9 (Div. 1 + Div. 2, Rated, Prizes!)"
Hershel,1106,1035,-71,8053,2039,"CodeTON Round 9 (Div. 1 + Div. 2, Rated, Prizes!)"
sunajit,870,938,68,8053,2039,"CodeTON Round 9 (Div. 1 + Div. 2, Rated, Prizes!)"
Riff_sr,885,859,-26,8053,2039,"CodeTON Round 9 (Div. 1 + Div. 2, Rated, Prizes!)"
XX_taha_,899,909,10,8053,2039,"CodeTON Round 9 (Div. 1 + Div. 2, Rated, Prizes!)"
yihsunphys,463,697,234,8053,2039,"CodeTON Round 9 (Div. 1 + Div. 2, Rated, Prizes!)"
harshchaubey_23,983,936,-47,8053,2039,"CodeTON Round 9 (Div. 1 + Div. 2, Rated, Prizes!)"
Mike_HXW,885,859,-26,8053,2039,"CodeTON Round 9 (Div. 1 + Div. 2, Rated, Prizes!)"
Matin005,852,834,-18,8053,2039,"CodeTON Round 9 (Div. 1 + Div. 2, Rated, Prizes!)"
anirudh13,390,637,247,8053,2039,"CodeTON Round 9 (Div. 1 + Div. 2, Rated, Prizes!)"
mayiyuzhe,0,388,388,8065,2039,"CodeTON Round 9 (Div. 1 + Div. 2, Rated, Prizes!)"
namasteforcesfromyogesh,872,848,-24,8065,2039,"CodeTON Round 9 (Div. 1 + Div. 2, Rated, Prizes!)"
MuqsitAli,718,735,17,8065,2039,"CodeTON Round 9 (Div. 1 + Div. 2, Rated, Prizes!)"
Kushal2773,300,479,179,8065,2039,"CodeTON Round 9 (Div. 1 + Div. 2, Rated, Prizes!)"
Bennjay_mygo,1293,1230,-63,8065,2039,"CodeTON Round 9 (Div. 1 + Div. 2, Rated, Prizes!)"
Laiba07,871,847,-24,8065,2039,"CodeTON Round 9 (Div. 1 + Div. 2, Rated, Prizes!)"
ojalkumar7,988,939,-49,8065,2039,"CodeTON Round 9 (Div. 1 + Div. 2, Rated, Prizes!)"
_Hieren,1049,988,-61,8065,2039,"CodeTON Round 9 (Div. 1 + Div. 2, Rated, Prizes!)"
AzeTurk810,961,957,-4,8065,2039,"CodeTON Round 9 (Div. 1 + Div. 2, Rated, Prizes!)"
NSR_55,971,925,-46,8065,2039,"CodeTON Round 9 (Div. 1 + Div. 2, Rated, Prizes!)"
Anikdey,809,800,-9,8065,2039,"CodeTON Round 9 (Div. 1 + Div. 2, Rated, Prizes!)"
dharmendra23101,900,869,-31,8065,2039,"CodeTON Round 9 (Div. 1 + Div. 2, Rated, Prizes!)"
limengchao,642,805,163,8065,2039,"CodeTON Round 9 (Div. 1 + Div. 2, Rated, Prizes!)"
Sayedzahur,995,945,-50,8065,2039,"CodeTON Round 9 (Div. 1 + Div. 2, Rated, Prizes!)"
julianschiebener,408,651,243,8065,2039,"CodeTON Round 9 (Div. 1 + Div. 2, Rated, Prizes!)"
_pheoniX,0,388,388,8065,2039,"CodeTON Round 9 (Div. 1 + Div. 2, Rated, Prizes!)"
rasheed_ashen_one,868,845,-23,8065,2039,"CodeTON Round 9 (Div. 1 + Div. 2, Rated, Prizes!)"
InderjeetSingh,1098,1028,-70,8065,2039,"CodeTON Round 9 (Div. 1 + Div. 2, Rated, Prizes!)"
Nihat_07,826,879,53,8065,2039,"CodeTON Round 9 (Div. 1 + Div. 2, Rated, Prizes!)"
FlappyBob,0,388,388,8065,2039,"CodeTON Round 9 (Div. 1 + Div. 2, Rated, Prizes!)"
Runneso,1035,1050,15,8065,2039,"CodeTON Round 9 (Div. 1 + Div. 2, Rated, Prizes!)"
Priyanshu_07_,931,894,-37,8065,2039,"CodeTON Round 9 (Div. 1 + Div. 2, Rated, Prizes!)"
UriyDorofeev2024,380,628,248,8087,2039,"CodeTON Round 9 (Div. 1 + Div. 2, Rated, Prizes!)"
Laboratory,1201,1113,-88,8087,2039,"CodeTON Round 9 (Div. 1 + Div. 2, Rated, Prizes!)"
ameenshafi717,362,613,251,8087,2039,"CodeTON Round 9 (Div. 1 + Div. 2, Rated, Prizes!)"
shahipeasant,712,808,96,8087,2039,"CodeTON Round 9 (Div. 1 + Div. 2, Rated, Prizes!)"
irshadsiddi,832,817,-15,8087,2039,"CodeTON Round 9 (Div. 1 + Div. 2, Rated, Prizes!)"
AcrSahil,751,758,7,8087,2039,"CodeTON Round 9 (Div. 1 + Div. 2, Rated, Prizes!)"
dermale,895,865,-30,8087,2039,"CodeTON Round 9 (Div. 1 + Div. 2, Rated, Prizes!)"
hitanshu326,680,708,28,8087,2039,"CodeTON Round 9 (Div. 1 + Div. 2, Rated, Prizes!)"
Lakshay122006,718,735,17,8087,2039,"CodeTON Round 9 (Div. 1 + Div. 2, Rated, Prizes!)"
Jubayed5604,801,794,-7,8087,2039,"CodeTON Round 9 (Div. 1 + Div. 2, Rated, Prizes!)"
pcoder376,831,883,52,8097,2039,"CodeTON Round 9 (Div. 1 + Div. 2, Rated, Prizes!)"
KKT-awa,0,387,387,8097,2039,"CodeTON Round 9 (Div. 1 + Div. 2, Rated, Prizes!)"
Ronja7,731,743,12,8097,2039,"CodeTON Round 9 (Div. 1 + Div. 2, Rated, Prizes!)"
Firewall_Rebels,780,778,-2,8097,2039,"CodeTON Round 9 (Div. 1 + Div. 2, Rated, Prizes!)"
hacker117,387,633,246,8097,2039,"CodeTON Round 9 (Div. 1 + Div. 2, Rated, Prizes!)"
HackHarbinger,787,868,81,8097,2039,"CodeTON Round 9 (Div. 1 + Div. 2, Rated, Prizes!)"
NSTNur1s,0,387,387,8097,2039,"CodeTON Round 9 (Div. 1 + Div. 2, Rated, Prizes!)"
_abbdullah,906,873,-33,8097,2039,"CodeTON Round 9 (Div. 1 + Div. 2, Rated, Prizes!)"
Rustic_22,648,810,162,8097,2039,"CodeTON Round 9 (Div. 1 + Div. 2, Rated, Prizes!)"
FradBro,984,935,-49,8097,2039,"CodeTON Round 9 (Div. 1 + Div. 2, Rated, Prizes!)"
tvimal002,1089,1020,-69,8107,2039,"CodeTON Round 9 (Div. 1 + Div. 2, Rated, Prizes!)"
hoaicaochi,370,619,249,8107,2039,"CodeTON Round 9 (Div. 1 + Div. 2, Rated, Prizes!)"
heniex,601,771,170,8107,2039,"CodeTON Round 9 (Div. 1 + Div. 2, Rated, Prizes!)"
lic-a,657,817,160,8107,2039,"CodeTON Round 9 (Div. 1 + Div. 2, Rated, Prizes!)"
Aries_Casper_175,1035,976,-59,8107,2039,"CodeTON Round 9 (Div. 1 + Div. 2, Rated, Prizes!)"
AkshatOP,1037,978,-59,8107,2039,"CodeTON Round 9 (Div. 1 + Div. 2, Rated, Prizes!)"
cdlake,401,644,243,8107,2039,"CodeTON Round 9 (Div. 1 + Div. 2, Rated, Prizes!)"
saianudra,826,878,52,8107,2039,"CodeTON Round 9 (Div. 1 + Div. 2, Rated, Prizes!)"
rras,728,740,12,8107,2039,"CodeTON Round 9 (Div. 1 + Div. 2, Rated, Prizes!)"
k.i.t,725,738,13,8107,2039,"CodeTON Round 9 (Div. 1 + Div. 2, Rated, Prizes!)"
AkshatJain481,857,835,-22,8107,2039,"CodeTON Round 9 (Div. 1 + Div. 2, Rated, Prizes!)"
sumitaj556,1051,988,-63,8118,2039,"CodeTON Round 9 (Div. 1 + Div. 2, Rated, Prizes!)"
Arshia_Rzv,607,775,168,8118,2039,"CodeTON Round 9 (Div. 1 + Div. 2, Rated, Prizes!)"
rohansarkar888,701,720,19,8118,2039,"CodeTON Round 9 (Div. 1 + Div. 2, Rated, Prizes!)"
fatema1010,730,741,11,8118,2039,"CodeTON Round 9 (Div. 1 + Div. 2, Rated, Prizes!)"
Yashasvi09,857,834,-23,8118,2039,"CodeTON Round 9 (Div. 1 + Div. 2, Rated, Prizes!)"
amitommiter,805,794,-11,8118,2039,"CodeTON Round 9 (Div. 1 + Div. 2, Rated, Prizes!)"
hieungao288,0,387,387,8118,2039,"CodeTON Round 9 (Div. 1 + Div. 2, Rated, Prizes!)"
ashutoshmishra61679,909,874,-35,8118,2039,"CodeTON Round 9 (Div. 1 + Div. 2, Rated, Prizes!)"
Anshverma598,981,931,-50,8118,2039,"CodeTON Round 9 (Div. 1 + Div. 2, Rated, Prizes!)"
setayesh.malakooti,838,820,-18,8118,2039,"CodeTON Round 9 (Div. 1 + Div. 2, Rated, Prizes!)"
shah99,852,831,-21,8118,2039,"CodeTON Round 9 (Div. 1 + Div. 2, Rated, Prizes!)"
3omdaughh,1004,950,-54,8118,2039,"CodeTON Round 9 (Div. 1 + Div. 2, Rated, Prizes!)"
cmurarita,929,890,-39,8118,2039,"CodeTON Round 9 (Div. 1 + Div. 2, Rated, Prizes!)"
BLWxHardikk,1116,1041,-75,8118,2039,"CodeTON Round 9 (Div. 1 + Div. 2, Rated, Prizes!)"
Robin-Sajeb,765,765,0,8118,2039,"CodeTON Round 9 (Div. 1 + Div. 2, Rated, Prizes!)"
haspeem,960,1010,50,8118,2039,"CodeTON Round 9 (Div. 1 + Div. 2, Rated, Prizes!)"
plato_001,922,885,-37,8118,2039,"CodeTON Round 9 (Div. 1 + Div. 2, Rated, Prizes!)"
Datta2006,0,387,387,8118,2039,"CodeTON Round 9 (Div. 1 + Div. 2, Rated, Prizes!)"
aabb0721,399,643,244,8118,2039,"CodeTON Round 9 (Div. 1 + Div. 2, Rated, Prizes!)"
vector_r7,800,791,-9,8118,2039,"CodeTON Round 9 (Div. 1 + Div. 2, Rated, Prizes!)"
Adijain149,914,917,3,8138,2039,"CodeTON Round 9 (Div. 1 + Div. 2, Rated, Prizes!)"
samir981,952,1003,51,8138,2039,"CodeTON Round 9 (Div. 1 + Div. 2, Rated, Prizes!)"
SaQrHack,858,835,-23,8138,2039,"CodeTON Round 9 (Div. 1 + Div. 2, Rated, Prizes!)"
pokemon.ayush,886,856,-30,8138,2039,"CodeTON Round 9 (Div. 1 + Div. 2, Rated, Prizes!)"
TLsyc47,591,761,170,8138,2039,"CodeTON Round 9 (Div. 1 + Div. 2, Rated, Prizes!)"
Ganesh07,596,766,170,8138,2039,"CodeTON Round 9 (Div. 1 + Div. 2, Rated, Prizes!)"
pyarajanglijanwar,849,895,46,8138,2039,"CodeTON Round 9 (Div. 1 + Div. 2, Rated, Prizes!)"
salwabaki0017,788,868,80,8138,2039,"CodeTON Round 9 (Div. 1 + Div. 2, Rated, Prizes!)"
rudra_826,667,696,29,8138,2039,"CodeTON Round 9 (Div. 1 + Div. 2, Rated, Prizes!)"
VBStudi0s,0,386,386,8138,2039,"CodeTON Round 9 (Div. 1 + Div. 2, Rated, Prizes!)"
Final_Meet,0,386,386,8138,2039,"CodeTON Round 9 (Div. 1 + Div. 2, Rated, Prizes!)"
anurag_ck,588,759,171,8149,2039,"CodeTON Round 9 (Div. 1 + Div. 2, Rated, Prizes!)"
Candy-an,361,610,249,8149,2039,"CodeTON Round 9 (Div. 1 + Div. 2, Rated, Prizes!)"
lynu,335,589,254,8149,2039,"CodeTON Round 9 (Div. 1 + Div. 2, Rated, Prizes!)"
pratik.patil9113,849,827,-22,8149,2039,"CodeTON Round 9 (Div. 1 + Div. 2, Rated, Prizes!)"
husbaki,711,860,149,8149,2039,"CodeTON Round 9 (Div. 1 + Div. 2, Rated, Prizes!)"
rtx_its_on,0,386,386,8149,2039,"CodeTON Round 9 (Div. 1 + Div. 2, Rated, Prizes!)"
chandandutt44,351,602,251,8149,2039,"CodeTON Round 9 (Div. 1 + Div. 2, Rated, Prizes!)"
SaikatHossain,622,787,165,8149,2039,"CodeTON Round 9 (Div. 1 + Div. 2, Rated, Prizes!)"
priyanshu_kumar01,832,904,72,8149,2039,"CodeTON Round 9 (Div. 1 + Div. 2, Rated, Prizes!)"
chetan3327,1150,1068,-82,8149,2039,"CodeTON Round 9 (Div. 1 + Div. 2, Rated, Prizes!)"
ratul49,349,601,252,8149,2039,"CodeTON Round 9 (Div. 1 + Div. 2, Rated, Prizes!)"
Sir_A_Rafay_Pow_Infinity,652,685,33,8149,2039,"CodeTON Round 9 (Div. 1 + Div. 2, Rated, Prizes!)"
Di_Lorenzo.,853,830,-23,8149,2039,"CodeTON Round 9 (Div. 1 + Div. 2, Rated, Prizes!)"
quangthenpc,896,863,-33,8149,2039,"CodeTON Round 9 (Div. 1 + Div. 2, Rated, Prizes!)"
SixPackPenguin,548,617,69,8149,2039,"CodeTON Round 9 (Div. 1 + Div. 2, Rated, Prizes!)"
liuyuning,0,386,386,8149,2039,"CodeTON Round 9 (Div. 1 + Div. 2, Rated, Prizes!)"
__agakishiyev_,838,909,71,8149,2039,"CodeTON Round 9 (Div. 1 + Div. 2, Rated, Prizes!)"
GrAyy,844,823,-21,8166,2039,"CodeTON Round 9 (Div. 1 + Div. 2, Rated, Prizes!)"
tsnX_7,1075,1006,-69,8166,2039,"CodeTON Round 9 (Div. 1 + Div. 2, Rated, Prizes!)"
xlct,853,898,45,8166,2039,"CodeTON Round 9 (Div. 1 + Div. 2, Rated, Prizes!)"
Alexandr,1066,999,-67,8166,2039,"CodeTON Round 9 (Div. 1 + Div. 2, Rated, Prizes!)"
Mr_Aaka,0,386,386,8166,2039,"CodeTON Round 9 (Div. 1 + Div. 2, Rated, Prizes!)"
mmmmen,0,386,386,8166,2039,"CodeTON Round 9 (Div. 1 + Div. 2, Rated, Prizes!)"
Ankitsahu564,847,893,46,8166,2039,"CodeTON Round 9 (Div. 1 + Div. 2, Rated, Prizes!)"
likerun,1195,1147,-48,8166,2039,"CodeTON Round 9 (Div. 1 + Div. 2, Rated, Prizes!)"
Saad_Nabil_Rimeh,809,796,-13,8166,2039,"CodeTON Round 9 (Div. 1 + Div. 2, Rated, Prizes!)"
Proxyy,921,882,-39,8166,2039,"CodeTON Round 9 (Div. 1 + Div. 2, Rated, Prizes!)"
keshob016,826,809,-17,8176,2039,"CodeTON Round 9 (Div. 1 + Div. 2, Rated, Prizes!)"
Eggyf,954,980,26,8176,2039,"CodeTON Round 9 (Div. 1 + Div. 2, Rated, Prizes!)"
yosora,0,386,386,8176,2039,"CodeTON Round 9 (Div. 1 + Div. 2, Rated, Prizes!)"
jiangqvweihuan,349,600,251,8176,2039,"CodeTON Round 9 (Div. 1 + Div. 2, Rated, Prizes!)"
a_neuron,782,862,80,8176,2039,"CodeTON Round 9 (Div. 1 + Div. 2, Rated, Prizes!)"
buhsan,667,694,27,8176,2039,"CodeTON Round 9 (Div. 1 + Div. 2, Rated, Prizes!)"
PixelCode01,622,663,41,8176,2039,"CodeTON Round 9 (Div. 1 + Div. 2, Rated, Prizes!)"
suryansh0_0,680,835,155,8176,2039,"CodeTON Round 9 (Div. 1 + Div. 2, Rated, Prizes!)"
GeoffreyTodd,754,792,38,8176,2039,"CodeTON Round 9 (Div. 1 + Div. 2, Rated, Prizes!)"
skipped_,1124,1046,-78,8185,2039,"CodeTON Round 9 (Div. 1 + Div. 2, Rated, Prizes!)"
NISHKRIYO,0,385,385,8185,2039,"CodeTON Round 9 (Div. 1 + Div. 2, Rated, Prizes!)"
MoCkZeTa,1122,1044,-78,8185,2039,"CodeTON Round 9 (Div. 1 + Div. 2, Rated, Prizes!)"
reishika,770,766,-4,8185,2039,"CodeTON Round 9 (Div. 1 + Div. 2, Rated, Prizes!)"
ThinkAlone,0,385,385,8185,2039,"CodeTON Round 9 (Div. 1 + Div. 2, Rated, Prizes!)"
Watson_TP,1110,1034,-76,8185,2039,"CodeTON Round 9 (Div. 1 + Div. 2, Rated, Prizes!)"
Herbert_lyw,736,880,144,8185,2039,"CodeTON Round 9 (Div. 1 + Div. 2, Rated, Prizes!)"
nosleep1,967,958,-9,8185,2039,"CodeTON Round 9 (Div. 1 + Div. 2, Rated, Prizes!)"
arpanpal92,931,889,-42,8185,2039,"CodeTON Round 9 (Div. 1 + Div. 2, Rated, Prizes!)"
surjayan_kar,1254,1154,-100,8185,2039,"CodeTON Round 9 (Div. 1 + Div. 2, Rated, Prizes!)"
Toslim_Aman,929,887,-42,8185,2039,"CodeTON Round 9 (Div. 1 + Div. 2, Rated, Prizes!)"
Md.Shorif_mia,953,907,-46,8185,2039,"CodeTON Round 9 (Div. 1 + Div. 2, Rated, Prizes!)"
anonymous_2605,1106,1031,-75,8185,2039,"CodeTON Round 9 (Div. 1 + Div. 2, Rated, Prizes!)"
locphanthanh488,918,879,-39,8198,2039,"CodeTON Round 9 (Div. 1 + Div. 2, Rated, Prizes!)"
algosupport,0,385,385,8198,2039,"CodeTON Round 9 (Div. 1 + Div. 2, Rated, Prizes!)"
dangduycvak32,0,385,385,8200,2039,"CodeTON Round 9 (Div. 1 + Div. 2, Rated, Prizes!)"
bsse1510,0,385,385,8200,2039,"CodeTON Round 9 (Div. 1 + Div. 2, Rated, Prizes!)"
bhargava_ram,917,948,31,8200,2039,"CodeTON Round 9 (Div. 1 + Div. 2, Rated, Prizes!)"
saurabh_16,728,735,7,8200,2039,"CodeTON Round 9 (Div. 1 + Div. 2, Rated, Prizes!)"
Lets_Do_CP,591,760,169,8200,2039,"CodeTON Round 9 (Div. 1 + Div. 2, Rated, Prizes!)"
Marean,992,1011,19,8200,2039,"CodeTON Round 9 (Div. 1 + Div. 2, Rated, Prizes!)"
2PuNCheez,1217,1123,-94,8200,2039,"CodeTON Round 9 (Div. 1 + Div. 2, Rated, Prizes!)"
MarvinJohnson,757,793,36,8200,2039,"CodeTON Round 9 (Div. 1 + Div. 2, Rated, Prizes!)"
Moiz_khan,745,831,86,8200,2039,"CodeTON Round 9 (Div. 1 + Div. 2, Rated, Prizes!)"
Gathvik,616,657,41,8209,2039,"CodeTON Round 9 (Div. 1 + Div. 2, Rated, Prizes!)"
nishant_mj,864,929,65,8209,2039,"CodeTON Round 9 (Div. 1 + Div. 2, Rated, Prizes!)"
JeffreyWaites,740,780,40,8209,2039,"CodeTON Round 9 (Div. 1 + Div. 2, Rated, Prizes!)"
Noalkomi,1079,1008,-71,8209,2039,"CodeTON Round 9 (Div. 1 + Div. 2, Rated, Prizes!)"
QHhee,1019,1057,38,8209,2039,"CodeTON Round 9 (Div. 1 + Div. 2, Rated, Prizes!)"
Dark_Hourse,967,918,-49,8209,2039,"CodeTON Round 9 (Div. 1 + Div. 2, Rated, Prizes!)"
FuturisticCoder,582,752,170,8209,2039,"CodeTON Round 9 (Div. 1 + Div. 2, Rated, Prizes!)"
RSOjhy,0,385,385,8209,2039,"CodeTON Round 9 (Div. 1 + Div. 2, Rated, Prizes!)"
znss,0,384,384,8217,2039,"CodeTON Round 9 (Div. 1 + Div. 2, Rated, Prizes!)"
GeraldMorales,754,789,35,8217,2039,"CodeTON Round 9 (Div. 1 + Div. 2, Rated, Prizes!)"
DAKSHB405,0,384,384,8217,2039,"CodeTON Round 9 (Div. 1 + Div. 2, Rated, Prizes!)"
Cavee,921,880,-41,8217,2039,"CodeTON Round 9 (Div. 1 + Div. 2, Rated, Prizes!)"
Detroy,0,384,384,8217,2039,"CodeTON Round 9 (Div. 1 + Div. 2, Rated, Prizes!)"
RobertDu,756,791,35,8217,2039,"CodeTON Round 9 (Div. 1 + Div. 2, Rated, Prizes!)"
gojoAraAra,915,875,-40,8217,2039,"CodeTON Round 9 (Div. 1 + Div. 2, Rated, Prizes!)"
ssssgoku,771,851,80,8217,2039,"CodeTON Round 9 (Div. 1 + Div. 2, Rated, Prizes!)"
talhaatif573,841,818,-23,8217,2039,"CodeTON Round 9 (Div. 1 + Div. 2, Rated, Prizes!)"
sponge.bob_,0,384,384,8217,2039,"CodeTON Round 9 (Div. 1 + Div. 2, Rated, Prizes!)"
unknown_junayed,1084,1012,-72,8217,2039,"CodeTON Round 9 (Div. 1 + Div. 2, Rated, Prizes!)"
mirziyobm1,719,865,146,8217,2039,"CodeTON Round 9 (Div. 1 + Div. 2, Rated, Prizes!)"
Tamimur_Rahman009,856,829,-27,8217,2039,"CodeTON Round 9 (Div. 1 + Div. 2, Rated, Prizes!)"
jojo33,597,764,167,8217,2039,"CodeTON Round 9 (Div. 1 + Div. 2, Rated, Prizes!)"
kidieu000,406,646,240,8217,2039,"CodeTON Round 9 (Div. 1 + Div. 2, Rated, Prizes!)"
imitrix,889,854,-35,8217,2039,"CodeTON Round 9 (Div. 1 + Div. 2, Rated, Prizes!)"
Adii,968,917,-51,8217,2039,"CodeTON Round 9 (Div. 1 + Div. 2, Rated, Prizes!)"
guptaknights1820,1133,1052,-81,8217,2039,"CodeTON Round 9 (Div. 1 + Div. 2, Rated, Prizes!)"
Cooldude8646,0,384,384,8217,2039,"CodeTON Round 9 (Div. 1 + Div. 2, Rated, Prizes!)"
Andy_FG,846,890,44,8217,2039,"CodeTON Round 9 (Div. 1 + Div. 2, Rated, Prizes!)"
fzzz03,909,942,33,8217,2039,"CodeTON Round 9 (Div. 1 + Div. 2, Rated, Prizes!)"
123xc,1177,1089,-88,8238,2039,"CodeTON Round 9 (Div. 1 + Div. 2, Rated, Prizes!)"
dhruvgupta3307,1154,1069,-85,8238,2039,"CodeTON Round 9 (Div. 1 + Div. 2, Rated, Prizes!)"
ictburhan709,377,622,245,8240,2039,"CodeTON Round 9 (Div. 1 + Div. 2, Rated, Prizes!)"
Aryanwastaken,422,659,237,8240,2039,"CodeTON Round 9 (Div. 1 + Div. 2, Rated, Prizes!)"
Magical-Cat-Man,356,604,248,8240,2039,"CodeTON Round 9 (Div. 1 + Div. 2, Rated, Prizes!)"
ElmerMcCain,757,792,35,8240,2039,"CodeTON Round 9 (Div. 1 + Div. 2, Rated, Prizes!)"
Noor_here,1158,1073,-85,8240,2039,"CodeTON Round 9 (Div. 1 + Div. 2, Rated, Prizes!)"
saidaaa,805,857,52,8240,2039,"CodeTON Round 9 (Div. 1 + Div. 2, Rated, Prizes!)"
rubiat,668,691,23,8240,2039,"CodeTON Round 9 (Div. 1 + Div. 2, Rated, Prizes!)"
Ashab_Raiyan,742,827,85,8247,2039,"CodeTON Round 9 (Div. 1 + Div. 2, Rated, Prizes!)"
amitsabnis2004,764,759,-5,8247,2039,"CodeTON Round 9 (Div. 1 + Div. 2, Rated, Prizes!)"
Xx2happy2xX,923,977,54,8247,2039,"CodeTON Round 9 (Div. 1 + Div. 2, Rated, Prizes!)"
SharafatKarim,895,858,-37,8247,2039,"CodeTON Round 9 (Div. 1 + Div. 2, Rated, Prizes!)"
neev586,0,384,384,8247,2039,"CodeTON Round 9 (Div. 1 + Div. 2, Rated, Prizes!)"
Groud,806,857,51,8247,2039,"CodeTON Round 9 (Div. 1 + Div. 2, Rated, Prizes!)"
sk_rakib,921,878,-43,8253,2039,"CodeTON Round 9 (Div. 1 + Div. 2, Rated, Prizes!)"
Iftikhar_Shams_Niloy,401,641,240,8253,2039,"CodeTON Round 9 (Div. 1 + Div. 2, Rated, Prizes!)"
GreenT2,0,384,384,8253,2039,"CodeTON Round 9 (Div. 1 + Div. 2, Rated, Prizes!)"
alikansoh856,398,639,241,8253,2039,"CodeTON Round 9 (Div. 1 + Div. 2, Rated, Prizes!)"
encodeworld,349,598,249,8253,2039,"CodeTON Round 9 (Div. 1 + Div. 2, Rated, Prizes!)"
5y3b,388,631,243,8253,2039,"CodeTON Round 9 (Div. 1 + Div. 2, Rated, Prizes!)"
boliyin,0,384,384,8253,2039,"CodeTON Round 9 (Div. 1 + Div. 2, Rated, Prizes!)"
kut_man,705,796,91,8253,2039,"CodeTON Round 9 (Div. 1 + Div. 2, Rated, Prizes!)"
Rahat48,896,859,-37,8253,2039,"CodeTON Round 9 (Div. 1 + Div. 2, Rated, Prizes!)"
GrimReaper27,1105,1028,-77,8253,2039,"CodeTON Round 9 (Div. 1 + Div. 2, Rated, Prizes!)"
MuhammadJon_SundarStem,839,815,-24,8253,2039,"CodeTON Round 9 (Div. 1 + Div. 2, Rated, Prizes!)"
markapuramakhil,0,384,384,8253,2039,"CodeTON Round 9 (Div. 1 + Div. 2, Rated, Prizes!)"
intermin,0,384,384,8253,2039,"CodeTON Round 9 (Div. 1 + Div. 2, Rated, Prizes!)"
songsuijie,365,611,246,8266,2039,"CodeTON Round 9 (Div. 1 + Div. 2, Rated, Prizes!)"
Z_E_R_O_0,0,384,384,8267,2039,"CodeTON Round 9 (Div. 1 + Div. 2, Rated, Prizes!)"
brisbane,670,824,154,8267,2039,"CodeTON Round 9 (Div. 1 + Div. 2, Rated, Prizes!)"
SpongeCodes,993,936,-57,8267,2039,"CodeTON Round 9 (Div. 1 + Div. 2, Rated, Prizes!)"
Rigle,1069,998,-71,8267,2039,"CodeTON Round 9 (Div. 1 + Div. 2, Rated, Prizes!)"
Wallfl0wer,953,976,23,8267,2039,"CodeTON Round 9 (Div. 1 + Div. 2, Rated, Prizes!)"
AlanMartinez,754,788,34,8267,2039,"CodeTON Round 9 (Div. 1 + Div. 2, Rated, Prizes!)"
016-Yergulan-M-2027,799,784,-15,8267,2039,"CodeTON Round 9 (Div. 1 + Div. 2, Rated, Prizes!)"
Antonvishnar,369,615,246,8267,2039,"CodeTON Round 9 (Div. 1 + Div. 2, Rated, Prizes!)"
tryeasy,910,909,-1,8267,2039,"CodeTON Round 9 (Div. 1 + Div. 2, Rated, Prizes!)"
YashKambaria777,395,636,241,8267,2039,"CodeTON Round 9 (Div. 1 + Div. 2, Rated, Prizes!)"
fnellen,353,601,248,8267,2039,"CodeTON Round 9 (Div. 1 + Div. 2, Rated, Prizes!)"
BIG_old_guy,0,383,383,8278,2039,"CodeTON Round 9 (Div. 1 + Div. 2, Rated, Prizes!)"
Arjun_UiU,800,784,-16,8278,2039,"CodeTON Round 9 (Div. 1 + Div. 2, Rated, Prizes!)"
Error40404,645,803,158,8278,2039,"CodeTON Round 9 (Div. 1 + Div. 2, Rated, Prizes!)"
ZebraJet,585,632,47,8278,2039,"CodeTON Round 9 (Div. 1 + Div. 2, Rated, Prizes!)"
deenmdatif0210,817,797,-20,8278,2039,"CodeTON Round 9 (Div. 1 + Div. 2, Rated, Prizes!)"
LawrenceNoriega,756,788,32,8278,2039,"CodeTON Round 9 (Div. 1 + Div. 2, Rated, Prizes!)"
cfpl6,608,772,164,8278,2039,"CodeTON Round 9 (Div. 1 + Div. 2, Rated, Prizes!)"
Vladelets_Vselennoy,640,798,158,8278,2039,"CodeTON Round 9 (Div. 1 + Div. 2, Rated, Prizes!)"
Kilua,981,999,18,8278,2039,"CodeTON Round 9 (Div. 1 + Div. 2, Rated, Prizes!)"
Loser_life,575,626,51,8278,2039,"CodeTON Round 9 (Div. 1 + Div. 2, Rated, Prizes!)"
WagOne,751,747,-4,8278,2039,"CodeTON Round 9 (Div. 1 + Div. 2, Rated, Prizes!)"
Clover.hzy,0,383,383,8278,2039,"CodeTON Round 9 (Div. 1 + Div. 2, Rated, Prizes!)"
santGom05,924,880,-44,8290,2039,"CodeTON Round 9 (Div. 1 + Div. 2, Rated, Prizes!)"
ngc2727,0,383,383,8290,2039,"CodeTON Round 9 (Div. 1 + Div. 2, Rated, Prizes!)"
dggcrypt,385,627,242,8290,2039,"CodeTON Round 9 (Div. 1 + Div. 2, Rated, Prizes!)"
krishnasai1,1062,991,-71,8290,2039,"CodeTON Round 9 (Div. 1 + Div. 2, Rated, Prizes!)"
OscarStansel,757,788,31,8290,2039,"CodeTON Round 9 (Div. 1 + Div. 2, Rated, Prizes!)"
tfgkk,826,803,-23,8290,2039,"CodeTON Round 9 (Div. 1 + Div. 2, Rated, Prizes!)"
jafarbekyusupov,1093,1092,-1,8290,2039,"CodeTON Round 9 (Div. 1 + Div. 2, Rated, Prizes!)"
rachitbit,927,882,-45,8290,2039,"CodeTON Round 9 (Div. 1 + Div. 2, Rated, Prizes!)"
JessePinkman__,735,735,0,8290,2039,"CodeTON Round 9 (Div. 1 + Div. 2, Rated, Prizes!)"
Turb0cyb0rg,1017,955,-62,8299,2039,"CodeTON Round 9 (Div. 1 + Div. 2, Rated, Prizes!)"
gao_,358,605,247,8299,2039,"CodeTON Round 9 (Div. 1 + Div. 2, Rated, Prizes!)"
Kinder_1,1014,952,-62,8299,2039,"CodeTON Round 9 (Div. 1 + Div. 2, Rated, Prizes!)"
SaiDharahas,808,789,-19,8299,2039,"CodeTON Round 9 (Div. 1 + Div. 2, Rated, Prizes!)"
swaraj0,816,834,18,8299,2039,"CodeTON Round 9 (Div. 1 + Div. 2, Rated, Prizes!)"
slowslowslowT0T,977,922,-55,8299,2039,"CodeTON Round 9 (Div. 1 + Div. 2, Rated, Prizes!)"
belema_007,735,734,-1,8299,2039,"CodeTON Round 9 (Div. 1 + Div. 2, Rated, Prizes!)"
GSG2604,0,383,383,8306,2039,"CodeTON Round 9 (Div. 1 + Div. 2, Rated, Prizes!)"
phib,646,803,157,8306,2039,"CodeTON Round 9 (Div. 1 + Div. 2, Rated, Prizes!)"
Fahad06,1316,1203,-113,8306,2039,"CodeTON Round 9 (Div. 1 + Div. 2, Rated, Prizes!)"
Complexity_MR_01,895,856,-39,8306,2039,"CodeTON Round 9 (Div. 1 + Div. 2, Rated, Prizes!)"
SM61,825,801,-24,8306,2039,"CodeTON Round 9 (Div. 1 + Div. 2, Rated, Prizes!)"
A_a_s_h_u_,872,838,-34,8306,2039,"CodeTON Round 9 (Div. 1 + Div. 2, Rated, Prizes!)"
chengche,368,613,245,8306,2039,"CodeTON Round 9 (Div. 1 + Div. 2, Rated, Prizes!)"
_abdullah.790_,410,648,238,8306,2039,"CodeTON Round 9 (Div. 1 + Div. 2, Rated, Prizes!)"
Saksham_Garg48,1010,948,-62,8306,2039,"CodeTON Round 9 (Div. 1 + Div. 2, Rated, Prizes!)"
WayneOrtiz,787,772,-15,8306,2039,"CodeTON Round 9 (Div. 1 + Div. 2, Rated, Prizes!)"
ACE_DX3906,0,383,383,8306,2039,"CodeTON Round 9 (Div. 1 + Div. 2, Rated, Prizes!)"
razog,670,823,153,8306,2039,"CodeTON Round 9 (Div. 1 + Div. 2, Rated, Prizes!)"
nursultanO6,370,614,244,8318,2039,"CodeTON Round 9 (Div. 1 + Div. 2, Rated, Prizes!)"
rohan2210,670,822,152,8318,2039,"CodeTON Round 9 (Div. 1 + Div. 2, Rated, Prizes!)"
smartymayank777,708,714,6,8318,2039,"CodeTON Round 9 (Div. 1 + Div. 2, Rated, Prizes!)"
Aryan_Sandal2517,993,1008,15,8318,2039,"CodeTON Round 9 (Div. 1 + Div. 2, Rated, Prizes!)"
Lakshya29J,929,883,-46,8318,2039,"CodeTON Round 9 (Div. 1 + Div. 2, Rated, Prizes!)"
Kiana423,843,884,41,8318,2039,"CodeTON Round 9 (Div. 1 + Div. 2, Rated, Prizes!)"
yuanhen...,885,848,-37,8324,2039,"CodeTON Round 9 (Div. 1 + Div. 2, Rated, Prizes!)"
S_I_Tanvir,353,599,246,8325,2039,"CodeTON Round 9 (Div. 1 + Div. 2, Rated, Prizes!)"
GaurangRanjan,771,759,-12,8325,2039,"CodeTON Round 9 (Div. 1 + Div. 2, Rated, Prizes!)"
Imran71,900,931,31,8325,2039,"CodeTON Round 9 (Div. 1 + Div. 2, Rated, Prizes!)"
Onicito,395,634,239,8325,2039,"CodeTON Round 9 (Div. 1 + Div. 2, Rated, Prizes!)"
namanxashish,839,851,12,8325,2039,"CodeTON Round 9 (Div. 1 + Div. 2, Rated, Prizes!)"
Suraj0710,392,632,240,8325,2039,"CodeTON Round 9 (Div. 1 + Div. 2, Rated, Prizes!)"
mad571,656,810,154,8325,2039,"CodeTON Round 9 (Div. 1 + Div. 2, Rated, Prizes!)"
JoeWebster,786,771,-15,8325,2039,"CodeTON Round 9 (Div. 1 + Div. 2, Rated, Prizes!)"
KetanSaini,830,804,-26,8325,2039,"CodeTON Round 9 (Div. 1 + Div. 2, Rated, Prizes!)"
sajjad_,870,875,5,8334,2039,"CodeTON Round 9 (Div. 1 + Div. 2, Rated, Prizes!)"
LH3223chen,0,382,382,8334,2039,"CodeTON Round 9 (Div. 1 + Div. 2, Rated, Prizes!)"
aksa001,911,908,-3,8334,2039,"CodeTON Round 9 (Div. 1 + Div. 2, Rated, Prizes!)"
wuwuu-555,614,775,161,8334,2039,"CodeTON Round 9 (Div. 1 + Div. 2, Rated, Prizes!)"
mohitraikk,0,382,382,8334,2039,"CodeTON Round 9 (Div. 1 + Div. 2, Rated, Prizes!)"
MAieshAdnan,384,625,241,8334,2039,"CodeTON Round 9 (Div. 1 + Div. 2, Rated, Prizes!)"
YC_J,0,382,382,8334,2039,"CodeTON Round 9 (Div. 1 + Div. 2, Rated, Prizes!)"
Zeeshan-Haider,0,382,382,8334,2039,"CodeTON Round 9 (Div. 1 + Div. 2, Rated, Prizes!)"
R3make,589,755,166,8334,2039,"CodeTON Round 9 (Div. 1 + Div. 2, Rated, Prizes!)"
GermanGladkikh,977,921,-56,8334,2039,"CodeTON Round 9 (Div. 1 + Div. 2, Rated, Prizes!)"
Esanov,0,382,382,8344,2039,"CodeTON Round 9 (Div. 1 + Div. 2, Rated, Prizes!)"
SuperBrainy007,1014,951,-63,8344,2039,"CodeTON Round 9 (Div. 1 + Div. 2, Rated, Prizes!)"
zzzjjjyyy,1042,973,-69,8344,2039,"CodeTON Round 9 (Div. 1 + Div. 2, Rated, Prizes!)"
mateeee,720,720,0,8344,2039,"CodeTON Round 9 (Div. 1 + Div. 2, Rated, Prizes!)"
JohnSammons,806,785,-21,8344,2039,"CodeTON Round 9 (Div. 1 + Div. 2, Rated, Prizes!)"
pigheart,0,382,382,8344,2039,"CodeTON Round 9 (Div. 1 + Div. 2, Rated, Prizes!)"
caiyajie2024,0,382,382,8344,2039,"CodeTON Round 9 (Div. 1 + Div. 2, Rated, Prizes!)"
v_r_86,1096,1059,-37,8344,2039,"CodeTON Round 9 (Div. 1 + Div. 2, Rated, Prizes!)"
one-of-the-coders,651,805,154,8344,2039,"CodeTON Round 9 (Div. 1 + Div. 2, Rated, Prizes!)"
mahedi_04,869,874,5,8344,2039,"CodeTON Round 9 (Div. 1 + Div. 2, Rated, Prizes!)"
bielmandelli,358,603,245,8344,2039,"CodeTON Round 9 (Div. 1 + Div. 2, Rated, Prizes!)"
dragonslaye1324,0,382,382,8344,2039,"CodeTON Round 9 (Div. 1 + Div. 2, Rated, Prizes!)"
LEGEND_LONE_WOLF,576,743,167,8344,2039,"CodeTON Round 9 (Div. 1 + Div. 2, Rated, Prizes!)"
iiser.ayush,911,867,-44,8344,2039,"CodeTON Round 9 (Div. 1 + Div. 2, Rated, Prizes!)"
sujal777,0,382,382,8358,2039,"CodeTON Round 9 (Div. 1 + Div. 2, Rated, Prizes!)"
RingedRocket392,364,608,244,8358,2039,"CodeTON Round 9 (Div. 1 + Div. 2, Rated, Prizes!)"
chrisnortiya,639,796,157,8358,2039,"CodeTON Round 9 (Div. 1 + Div. 2, Rated, Prizes!)"
arifcse2,711,714,3,8358,2039,"CodeTON Round 9 (Div. 1 + Div. 2, Rated, Prizes!)"
Trung_NR,896,854,-42,8358,2039,"CodeTON Round 9 (Div. 1 + Div. 2, Rated, Prizes!)"
deemployed,0,382,382,8358,2039,"CodeTON Round 9 (Div. 1 + Div. 2, Rated, Prizes!)"
JamesEndo,928,880,-48,8358,2039,"CodeTON Round 9 (Div. 1 + Div. 2, Rated, Prizes!)"
soham_1817,1048,1020,-28,8365,2039,"CodeTON Round 9 (Div. 1 + Div. 2, Rated, Prizes!)"
adityajha15052,1093,1015,-78,8365,2039,"CodeTON Round 9 (Div. 1 + Div. 2, Rated, Prizes!)"
iamReza.,923,917,-6,8365,2039,"CodeTON Round 9 (Div. 1 + Div. 2, Rated, Prizes!)"
JefferyWeathers,809,787,-22,8365,2039,"CodeTON Round 9 (Div. 1 + Div. 2, Rated, Prizes!)"
mjaiswal,1167,1077,-90,8365,2039,"CodeTON Round 9 (Div. 1 + Div. 2, Rated, Prizes!)"
FelipeKirby,818,793,-25,8365,2039,"CodeTON Round 9 (Div. 1 + Div. 2, Rated, Prizes!)"
Hossain_Ahmed,1038,970,-68,8365,2039,"CodeTON Round 9 (Div. 1 + Div. 2, Rated, Prizes!)"
bajigarkumar,570,737,167,8372,2039,"CodeTON Round 9 (Div. 1 + Div. 2, Rated, Prizes!)"
blackbinary,746,738,-8,8372,2039,"CodeTON Round 9 (Div. 1 + Div. 2, Rated, Prizes!)"
S_Vishy13,0,381,381,8372,2039,"CodeTON Round 9 (Div. 1 + Div. 2, Rated, Prizes!)"
YouKnowLog1e7,894,852,-42,8372,2039,"CodeTON Round 9 (Div. 1 + Div. 2, Rated, Prizes!)"
AR219,401,639,238,8372,2039,"CodeTON Round 9 (Div. 1 + Div. 2, Rated, Prizes!)"
NeckitKA,1037,1010,-27,8372,2039,"CodeTON Round 9 (Div. 1 + Div. 2, Rated, Prizes!)"
liaoz123,2188,1912,-276,8372,2039,"CodeTON Round 9 (Div. 1 + Div. 2, Rated, Prizes!)"
SkTasnimUrRahman,817,792,-25,8372,2039,"CodeTON Round 9 (Div. 1 + Div. 2, Rated, Prizes!)"
devansh_codes,0,381,381,8372,2039,"CodeTON Round 9 (Div. 1 + Div. 2, Rated, Prizes!)"
vedantdhole04,871,905,34,8372,2039,"CodeTON Round 9 (Div. 1 + Div. 2, Rated, Prizes!)"
shivansh1078,861,922,61,8372,2039,"CodeTON Round 9 (Div. 1 + Div. 2, Rated, Prizes!)"
Teja_dayana,733,728,-5,8372,2039,"CodeTON Round 9 (Div. 1 + Div. 2, Rated, Prizes!)"
Yerassyl12,366,609,243,8372,2039,"CodeTON Round 9 (Div. 1 + Div. 2, Rated, Prizes!)"
newspeak,992,931,-61,8372,2039,"CodeTON Round 9 (Div. 1 + Div. 2, Rated, Prizes!)"
Diamond_in_the_rough,685,693,8,8386,2039,"CodeTON Round 9 (Div. 1 + Div. 2, Rated, Prizes!)"
masonhuang0320,751,829,78,8386,2039,"CodeTON Round 9 (Div. 1 + Div. 2, Rated, Prizes!)"
manhstr208,1064,990,-74,8388,2039,"CodeTON Round 9 (Div. 1 + Div. 2, Rated, Prizes!)"
PrachiJha_23,862,827,-35,8388,2039,"CodeTON Round 9 (Div. 1 + Div. 2, Rated, Prizes!)"
BOT_GIAN,976,918,-58,8388,2039,"CodeTON Round 9 (Div. 1 + Div. 2, Rated, Prizes!)"
DawlyRajput_24,814,789,-25,8388,2039,"CodeTON Round 9 (Div. 1 + Div. 2, Rated, Prizes!)"
luoxingzhi,0,381,381,8392,2039,"CodeTON Round 9 (Div. 1 + Div. 2, Rated, Prizes!)"
Frendem,839,808,-31,8392,2039,"CodeTON Round 9 (Div. 1 + Div. 2, Rated, Prizes!)"
shradheyasoni1,946,992,46,8392,2039,"CodeTON Round 9 (Div. 1 + Div. 2, Rated, Prizes!)"
Devasis11,356,600,244,8392,2039,"CodeTON Round 9 (Div. 1 + Div. 2, Rated, Prizes!)"
Sandeep_Tiwari_09,965,909,-56,8392,2039,"CodeTON Round 9 (Div. 1 + Div. 2, Rated, Prizes!)"
Rey_Springfield,898,855,-43,8392,2039,"CodeTON Round 9 (Div. 1 + Div. 2, Rated, Prizes!)"
Ethanhunt032,918,871,-47,8392,2039,"CodeTON Round 9 (Div. 1 + Div. 2, Rated, Prizes!)"
mosaab_elouaryarhli2011,347,479,132,8399,2039,"CodeTON Round 9 (Div. 1 + Div. 2, Rated, Prizes!)"
kragon11,376,617,241,8399,2039,"CodeTON Round 9 (Div. 1 + Div. 2, Rated, Prizes!)"
Pulkit_Aggarwal,0,381,381,8399,2039,"CodeTON Round 9 (Div. 1 + Div. 2, Rated, Prizes!)"
mayank.mikki18,1095,1016,-79,8399,2039,"CodeTON Round 9 (Div. 1 + Div. 2, Rated, Prizes!)"
Md_R_Umar_Farooq,0,381,381,8403,2039,"CodeTON Round 9 (Div. 1 + Div. 2, Rated, Prizes!)"
pratik_kulkarni,877,838,-39,8404,2039,"CodeTON Round 9 (Div. 1 + Div. 2, Rated, Prizes!)"
Bilal-Hassan-Goku,620,648,28,8404,2039,"CodeTON Round 9 (Div. 1 + Div. 2, Rated, Prizes!)"
Ziad_ayman22,590,754,164,8404,2039,"CodeTON Round 9 (Div. 1 + Div. 2, Rated, Prizes!)"
bot_nobita,1005,941,-64,8404,2039,"CodeTON Round 9 (Div. 1 + Div. 2, Rated, Prizes!)"
raj1729,0,381,381,8404,2039,"CodeTON Round 9 (Div. 1 + Div. 2, Rated, Prizes!)"
uP_faLL,0,381,381,8404,2039,"CodeTON Round 9 (Div. 1 + Div. 2, Rated, Prizes!)"
prayag2,395,633,238,8410,2039,"CodeTON Round 9 (Div. 1 + Div. 2, Rated, Prizes!)"
ALPHA_004,846,813,-33,8410,2039,"CodeTON Round 9 (Div. 1 + Div. 2, Rated, Prizes!)"
chao.x,1064,990,-74,8410,2039,"CodeTON Round 9 (Div. 1 + Div. 2, Rated, Prizes!)"
ShirnkenlKuzniy,0,381,381,8410,2039,"CodeTON Round 9 (Div. 1 + Div. 2, Rated, Prizes!)"
BanPian_ZhiQian,617,776,159,8410,2039,"CodeTON Round 9 (Div. 1 + Div. 2, Rated, Prizes!)"
Abka1rino,856,821,-35,8410,2039,"CodeTON Round 9 (Div. 1 + Div. 2, Rated, Prizes!)"
Lenneo,734,727,-7,8416,2039,"CodeTON Round 9 (Div. 1 + Div. 2, Rated, Prizes!)"
CTV,592,754,162,8416,2039,"CodeTON Round 9 (Div. 1 + Div. 2, Rated, Prizes!)"
pikkisitra,598,759,161,8416,2039,"CodeTON Round 9 (Div. 1 + Div. 2, Rated, Prizes!)"
Tagizade,892,849,-43,8416,2039,"CodeTON Round 9 (Div. 1 + Div. 2, Rated, Prizes!)"
Kenniene,882,841,-41,8416,2039,"CodeTON Round 9 (Div. 1 + Div. 2, Rated, Prizes!)"
IljinS,906,859,-47,8416,2039,"CodeTON Round 9 (Div. 1 + Div. 2, Rated, Prizes!)"
RED_CODER123,700,702,2,8416,2039,"CodeTON Round 9 (Div. 1 + Div. 2, Rated, Prizes!)"
shahriarrafsun,991,929,-62,8416,2039,"CodeTON Round 9 (Div. 1 + Div. 2, Rated, Prizes!)"
0623szs,1241,1137,-104,8416,2039,"CodeTON Round 9 (Div. 1 + Div. 2, Rated, Prizes!)"
Test11111d,837,876,39,8416,2039,"CodeTON Round 9 (Div. 1 + Div. 2, Rated, Prizes!)"
iotaaaaaaaaa,737,816,79,8416,2039,"CodeTON Round 9 (Div. 1 + Div. 2, Rated, Prizes!)"
CoderLuc,871,929,58,8416,2039,"CodeTON Round 9 (Div. 1 + Div. 2, Rated, Prizes!)"
yangmingchang,0,380,380,8416,2039,"CodeTON Round 9 (Div. 1 + Div. 2, Rated, Prizes!)"
BitFlipper,1043,972,-71,8416,2039,"CodeTON Round 9 (Div. 1 + Div. 2, Rated, Prizes!)"
M2724CP,819,791,-28,8430,2039,"CodeTON Round 9 (Div. 1 + Div. 2, Rated, Prizes!)"
Sarav_24,817,790,-27,8430,2039,"CodeTON Round 9 (Div. 1 + Div. 2, Rated, Prizes!)"
greenLine_065,542,594,52,8432,2039,"CodeTON Round 9 (Div. 1 + Div. 2, Rated, Prizes!)"
Uncle_Fed,700,701,1,8432,2039,"CodeTON Round 9 (Div. 1 + Div. 2, Rated, Prizes!)"
mohamed_el_mostafi,950,969,19,8432,2039,"CodeTON Round 9 (Div. 1 + Div. 2, Rated, Prizes!)"
KedaarK,735,874,139,8432,2039,"CodeTON Round 9 (Div. 1 + Div. 2, Rated, Prizes!)"
P4checo,0,380,380,8432,2039,"CodeTON Round 9 (Div. 1 + Div. 2, Rated, Prizes!)"
borabora,598,759,161,8432,2039,"CodeTON Round 9 (Div. 1 + Div. 2, Rated, Prizes!)"
musicalmegugu,632,788,156,8432,2039,"CodeTON Round 9 (Div. 1 + Div. 2, Rated, Prizes!)"
small-swallow,0,380,380,8432,2039,"CodeTON Round 9 (Div. 1 + Div. 2, Rated, Prizes!)"
nancysun0415,346,591,245,8432,2039,"CodeTON Round 9 (Div. 1 + Div. 2, Rated, Prizes!)"
kartikrana,963,946,-17,8441,2039,"CodeTON Round 9 (Div. 1 + Div. 2, Rated, Prizes!)"
lazerbean,779,760,-19,8441,2039,"CodeTON Round 9 (Div. 1 + Div. 2, Rated, Prizes!)"
skaran_1911,594,756,162,8441,2039,"CodeTON Round 9 (Div. 1 + Div. 2, Rated, Prizes!)"
kkrish901290,0,380,380,8441,2039,"CodeTON Round 9 (Div. 1 + Div. 2, Rated, Prizes!)"
Sibayan_mitra,721,803,82,8441,2039,"CodeTON Round 9 (Div. 1 + Div. 2, Rated, Prizes!)"
Nightwing,936,883,-53,8446,2039,"CodeTON Round 9 (Div. 1 + Div. 2, Rated, Prizes!)"
Shakib_Ahmed,676,684,8,8446,2039,"CodeTON Round 9 (Div. 1 + Div. 2, Rated, Prizes!)"
MinhajHasan,858,821,-37,8448,2039,"CodeTON Round 9 (Div. 1 + Div. 2, Rated, Prizes!)"
MyriadQ_,836,804,-32,8448,2039,"CodeTON Round 9 (Div. 1 + Div. 2, Rated, Prizes!)"
Wamiq.27,741,730,-11,8448,2039,"CodeTON Round 9 (Div. 1 + Div. 2, Rated, Prizes!)"
logic_w,872,832,-40,8448,2039,"CodeTON Round 9 (Div. 1 + Div. 2, Rated, Prizes!)"
shanco7,844,808,-36,8452,2039,"CodeTON Round 9 (Div. 1 + Div. 2, Rated, Prizes!)"
faisal.ab.67,965,906,-59,8452,2039,"CodeTON Round 9 (Div. 1 + Div. 2, Rated, Prizes!)"
alitarek1,844,905,61,8452,2039,"CodeTON Round 9 (Div. 1 + Div. 2, Rated, Prizes!)"
ms999,356,599,243,8452,2039,"CodeTON Round 9 (Div. 1 + Div. 2, Rated, Prizes!)"
Abu-Saeed,965,947,-18,8452,2039,"CodeTON Round 9 (Div. 1 + Div. 2, Rated, Prizes!)"
nematov1548,964,947,-17,8452,2039,"CodeTON Round 9 (Div. 1 + Div. 2, Rated, Prizes!)"
abir_just_cse,356,599,243,8452,2039,"CodeTON Round 9 (Div. 1 + Div. 2, Rated, Prizes!)"
Octopus9417,824,793,-31,8452,2039,"CodeTON Round 9 (Div. 1 + Div. 2, Rated, Prizes!)"
sarthakkharka808,655,806,151,8452,2039,"CodeTON Round 9 (Div. 1 + Div. 2, Rated, Prizes!)"
omar_15,406,641,235,8452,2039,"CodeTON Round 9 (Div. 1 + Div. 2, Rated, Prizes!)"
SoyEtiago,368,609,241,8452,2039,"CodeTON Round 9 (Div. 1 + Div. 2, Rated, Prizes!)"
Gaurav_Rathod,750,826,76,8452,2039,"CodeTON Round 9 (Div. 1 + Div. 2, Rated, Prizes!)"
medha_j,857,819,-38,8452,2039,"CodeTON Round 9 (Div. 1 + Div. 2, Rated, Prizes!)"
Abdullah1008,773,754,-19,8452,2039,"CodeTON Round 9 (Div. 1 + Div. 2, Rated, Prizes!)"
ishfak_akbar,942,887,-55,8452,2039,"CodeTON Round 9 (Div. 1 + Div. 2, Rated, Prizes!)"
kl_zju24,0,379,379,8467,2039,"CodeTON Round 9 (Div. 1 + Div. 2, Rated, Prizes!)"
anchalsingh810,977,957,-20,8467,2039,"CodeTON Round 9 (Div. 1 + Div. 2, Rated, Prizes!)"
AnChii33,779,851,72,8467,2039,"CodeTON Round 9 (Div. 1 + Div. 2, Rated, Prizes!)"
funa4i,1011,943,-68,8470,2039,"CodeTON Round 9 (Div. 1 + Div. 2, Rated, Prizes!)"
fiee2,0,379,379,8470,2039,"CodeTON Round 9 (Div. 1 + Div. 2, Rated, Prizes!)"
_RedemptionArc_,866,825,-41,8470,2039,"CodeTON Round 9 (Div. 1 + Div. 2, Rated, Prizes!)"
Mahfuz2411,1029,958,-71,8470,2039,"CodeTON Round 9 (Div. 1 + Div. 2, Rated, Prizes!)"
rampkroctzzcc,710,852,142,8470,2039,"CodeTON Round 9 (Div. 1 + Div. 2, Rated, Prizes!)"
Pulkeshin,979,917,-62,8475,2039,"CodeTON Round 9 (Div. 1 + Div. 2, Rated, Prizes!)"
JigSaW__,1094,1012,-82,8476,2039,"CodeTON Round 9 (Div. 1 + Div. 2, Rated, Prizes!)"
elysia_miao,648,800,152,8476,2039,"CodeTON Round 9 (Div. 1 + Div. 2, Rated, Prizes!)"
Denis06F,971,951,-20,8476,2039,"CodeTON Round 9 (Div. 1 + Div. 2, Rated, Prizes!)"
Mo_yasser11,0,379,379,8476,2039,"CodeTON Round 9 (Div. 1 + Div. 2, Rated, Prizes!)"
farhanlabibahan,839,875,36,8476,2039,"CodeTON Round 9 (Div. 1 + Div. 2, Rated, Prizes!)"
AtlaSalmon,793,862,69,8476,2039,"CodeTON Round 9 (Div. 1 + Div. 2, Rated, Prizes!)"
BlackFlag313,687,689,2,8476,2039,"CodeTON Round 9 (Div. 1 + Div. 2, Rated, Prizes!)"
SahilH,696,695,-1,8476,2039,"CodeTON Round 9 (Div. 1 + Div. 2, Rated, Prizes!)"
manav2031,803,775,-28,8484,2039,"CodeTON Round 9 (Div. 1 + Div. 2, Rated, Prizes!)"
myself,751,736,-15,8484,2039,"CodeTON Round 9 (Div. 1 + Div. 2, Rated, Prizes!)"
stardustlove,1082,1002,-80,8484,2039,"CodeTON Round 9 (Div. 1 + Div. 2, Rated, Prizes!)"
ruslanovaselbi18,761,782,21,8487,2039,"CodeTON Round 9 (Div. 1 + Div. 2, Rated, Prizes!)"
siegreich,797,771,-26,8487,2039,"CodeTON Round 9 (Div. 1 + Div. 2, Rated, Prizes!)"
nsudhir,694,693,-1,8487,2039,"CodeTON Round 9 (Div. 1 + Div. 2, Rated, Prizes!)"
liamTang,825,793,-32,8490,2039,"CodeTON Round 9 (Div. 1 + Div. 2, Rated, Prizes!)"
Damon_123,852,814,-38,8491,2039,"CodeTON Round 9 (Div. 1 + Div. 2, Rated, Prizes!)"
vivekchandwani7,1000,934,-66,8491,2039,"CodeTON Round 9 (Div. 1 + Div. 2, Rated, Prizes!)"
mohansaisankar,665,814,149,8491,2039,"CodeTON Round 9 (Div. 1 + Div. 2, Rated, Prizes!)"
zezohaiderh,768,840,72,8494,2039,"CodeTON Round 9 (Div. 1 + Div. 2, Rated, Prizes!)"
knightofthe7kingdoms,401,636,235,8494,2039,"CodeTON Round 9 (Div. 1 + Div. 2, Rated, Prizes!)"
fggggsdf,821,789,-32,8496,2039,"CodeTON Round 9 (Div. 1 + Div. 2, Rated, Prizes!)"
Romzik,859,891,32,8496,2039,"CodeTON Round 9 (Div. 1 + Div. 2, Rated, Prizes!)"
igrqb,0,379,379,8496,2039,"CodeTON Round 9 (Div. 1 + Div. 2, Rated, Prizes!)"
tarunguyen.tnh,610,768,158,8496,2039,"CodeTON Round 9 (Div. 1 + Div. 2, Rated, Prizes!)"
Asif-Khan,805,776,-29,8496,2039,"CodeTON Round 9 (Div. 1 + Div. 2, Rated, Prizes!)"
fast_run,0,379,379,8496,2039,"CodeTON Round 9 (Div. 1 + Div. 2, Rated, Prizes!)"
CF_Kate,362,603,241,8496,2039,"CodeTON Round 9 (Div. 1 + Div. 2, Rated, Prizes!)"
AC_or_WA000,0,379,379,8496,2039,"CodeTON Round 9 (Div. 1 + Div. 2, Rated, Prizes!)"
vadlamudinithinnaidu,1058,982,-76,8504,2039,"CodeTON Round 9 (Div. 1 + Div. 2, Rated, Prizes!)"
dizoMania,943,886,-57,8504,2039,"CodeTON Round 9 (Div. 1 + Div. 2, Rated, Prizes!)"
JaiShivShankar,643,795,152,8506,2039,"CodeTON Round 9 (Div. 1 + Div. 2, Rated, Prizes!)"
srinidhi_12345,0,378,378,8506,2039,"CodeTON Round 9 (Div. 1 + Div. 2, Rated, Prizes!)"
bvv_ramaraju,880,908,28,8506,2039,"CodeTON Round 9 (Div. 1 + Div. 2, Rated, Prizes!)"
khanhanoccho,998,1007,9,8506,2039,"CodeTON Round 9 (Div. 1 + Div. 2, Rated, Prizes!)"
fedi.benothmen3,0,378,378,8506,2039,"CodeTON Round 9 (Div. 1 + Div. 2, Rated, Prizes!)"
Mohamed-Moemen-Masry,873,829,-44,8511,2039,"CodeTON Round 9 (Div. 1 + Div. 2, Rated, Prizes!)"
olyahmed_680,372,611,239,8511,2039,"CodeTON Round 9 (Div. 1 + Div. 2, Rated, Prizes!)"
Raising_Heaven,349,592,243,8511,2039,"CodeTON Round 9 (Div. 1 + Div. 2, Rated, Prizes!)"
YZNing,0,378,378,8511,2039,"CodeTON Round 9 (Div. 1 + Div. 2, Rated, Prizes!)"
aesopW,0,378,378,8515,2039,"CodeTON Round 9 (Div. 1 + Div. 2, Rated, Prizes!)"
pratham_2502,991,925,-66,8515,2039,"CodeTON Round 9 (Div. 1 + Div. 2, Rated, Prizes!)"
ugly_parrot,0,378,378,8515,2039,"CodeTON Round 9 (Div. 1 + Div. 2, Rated, Prizes!)"
PlanetEarth,938,882,-56,8515,2039,"CodeTON Round 9 (Div. 1 + Div. 2, Rated, Prizes!)"
zh2023,789,764,-25,8515,2039,"CodeTON Round 9 (Div. 1 + Div. 2, Rated, Prizes!)"
pavithrareddy_123,601,759,158,8520,2039,"CodeTON Round 9 (Div. 1 + Div. 2, Rated, Prizes!)"
tushardogra19,746,730,-16,8520,2039,"CodeTON Round 9 (Div. 1 + Div. 2, Rated, Prizes!)"
ayush_8840,0,378,378,8520,2039,"CodeTON Round 9 (Div. 1 + Div. 2, Rated, Prizes!)"
alvyne,819,786,-33,8520,2039,"CodeTON Round 9 (Div. 1 + Div. 2, Rated, Prizes!)"
Andis2CF,838,873,35,8520,2039,"CodeTON Round 9 (Div. 1 + Div. 2, Rated, Prizes!)"
vanisthebest,349,592,243,8525,2039,"CodeTON Round 9 (Div. 1 + Div. 2, Rated, Prizes!)"
Spondon_ABC,844,846,2,8525,2039,"CodeTON Round 9 (Div. 1 + Div. 2, Rated, Prizes!)"
_JINX_,823,789,-34,8525,2039,"CodeTON Round 9 (Div. 1 + Div. 2, Rated, Prizes!)"
Eric.092,896,847,-49,8525,2039,"CodeTON Round 9 (Div. 1 + Div. 2, Rated, Prizes!)"
Shahbaz001,978,956,-22,8525,2039,"CodeTON Round 9 (Div. 1 + Div. 2, Rated, Prizes!)"
Sanya2,736,721,-15,8530,2039,"CodeTON Round 9 (Div. 1 + Div. 2, Rated, Prizes!)"
mqrnKNOetoNOOB,873,828,-45,8530,2039,"CodeTON Round 9 (Div. 1 + Div. 2, Rated, Prizes!)"
Faiyaz_10,0,378,378,8530,2039,"CodeTON Round 9 (Div. 1 + Div. 2, Rated, Prizes!)"
jf.jui,838,800,-38,8530,2039,"CodeTON Round 9 (Div. 1 + Div. 2, Rated, Prizes!)"
Iceberg.,778,754,-24,8530,2039,"CodeTON Round 9 (Div. 1 + Div. 2, Rated, Prizes!)"
OM_11,1001,933,-68,8535,2039,"CodeTON Round 9 (Div. 1 + Div. 2, Rated, Prizes!)"
jjasperruby,934,878,-56,8535,2039,"CodeTON Round 9 (Div. 1 + Div. 2, Rated, Prizes!)"
mhh3H,964,944,-20,8535,2039,"CodeTON Round 9 (Div. 1 + Div. 2, Rated, Prizes!)"
mby,754,827,73,8538,2039,"CodeTON Round 9 (Div. 1 + Div. 2, Rated, Prizes!)"
Hazemkisuke,0,378,378,8538,2039,"CodeTON Round 9 (Div. 1 + Div. 2, Rated, Prizes!)"
SamShah,790,857,67,8538,2039,"CodeTON Round 9 (Div. 1 + Div. 2, Rated, Prizes!)"
RahimAshraf,759,739,-20,8538,2039,"CodeTON Round 9 (Div. 1 + Div. 2, Rated, Prizes!)"
chill_guy_chimtu,401,635,234,8542,2039,"CodeTON Round 9 (Div. 1 + Div. 2, Rated, Prizes!)"
gRaine,951,932,-19,8542,2039,"CodeTON Round 9 (Div. 1 + Div. 2, Rated, Prizes!)"
sandeepOG,793,765,-28,8542,2039,"CodeTON Round 9 (Div. 1 + Div. 2, Rated, Prizes!)"
rahulrathod,638,650,12,8545,2039,"CodeTON Round 9 (Div. 1 + Div. 2, Rated, Prizes!)"
non_newtonian,0,378,378,8545,2039,"CodeTON Round 9 (Div. 1 + Div. 2, Rated, Prizes!)"
ultimateLoser,354,595,241,8545,2039,"CodeTON Round 9 (Div. 1 + Div. 2, Rated, Prizes!)"
coolgamersandeep,1138,1048,-90,8545,2039,"CodeTON Round 9 (Div. 1 + Div. 2, Rated, Prizes!)"
noob_rahim,609,629,20,8545,2039,"CodeTON Round 9 (Div. 1 + Div. 2, Rated, Prizes!)"
ishmam259,868,824,-44,8550,2039,"CodeTON Round 9 (Div. 1 + Div. 2, Rated, Prizes!)"
anand_2703,783,796,13,8550,2039,"CodeTON Round 9 (Div. 1 + Div. 2, Rated, Prizes!)"
chenyanhan,918,864,-54,8550,2039,"CodeTON Round 9 (Div. 1 + Div. 2, Rated, Prizes!)"
CF_hack,0,377,377,8553,2039,"CodeTON Round 9 (Div. 1 + Div. 2, Rated, Prizes!)"
Akshay_987,0,377,377,8553,2039,"CodeTON Round 9 (Div. 1 + Div. 2, Rated, Prizes!)"
username_0789,0,377,377,8553,2039,"CodeTON Round 9 (Div. 1 + Div. 2, Rated, Prizes!)"
BaranGh,827,791,-36,8553,2039,"CodeTON Round 9 (Div. 1 + Div. 2, Rated, Prizes!)"
chuichuifeng,909,856,-53,8553,2039,"CodeTON Round 9 (Div. 1 + Div. 2, Rated, Prizes!)"
zeaman,569,731,162,8553,2039,"CodeTON Round 9 (Div. 1 + Div. 2, Rated, Prizes!)"
plumb,859,915,56,8553,2039,"CodeTON Round 9 (Div. 1 + Div. 2, Rated, Prizes!)"
TanbirHasan01,906,928,22,8553,2039,"CodeTON Round 9 (Div. 1 + Div. 2, Rated, Prizes!)"
MateArevadze,1011,941,-70,8561,2039,"CodeTON Round 9 (Div. 1 + Div. 2, Rated, Prizes!)"
mustafaansari,631,783,152,8561,2039,"CodeTON Round 9 (Div. 1 + Div. 2, Rated, Prizes!)"
AKOvinno,803,772,-31,8561,2039,"CodeTON Round 9 (Div. 1 + Div. 2, Rated, Prizes!)"
piyushkhattar14,1028,954,-74,8561,2039,"CodeTON Round 9 (Div. 1 + Div. 2, Rated, Prizes!)"
ramya62,726,803,77,8561,2039,"CodeTON Round 9 (Div. 1 + Div. 2, Rated, Prizes!)"
Windows__XP,927,870,-57,8566,2039,"CodeTON Round 9 (Div. 1 + Div. 2, Rated, Prizes!)"
dhruv.kaushal166,864,820,-44,8566,2039,"CodeTON Round 9 (Div. 1 + Div. 2, Rated, Prizes!)"
cjtnacl,0,377,377,8568,2039,"CodeTON Round 9 (Div. 1 + Div. 2, Rated, Prizes!)"
m0j0j0j0,0,377,377,8568,2039,"CodeTON Round 9 (Div. 1 + Div. 2, Rated, Prizes!)"
kudo_shin73,403,636,233,8568,2039,"CodeTON Round 9 (Div. 1 + Div. 2, Rated, Prizes!)"
aakhu_bansal,765,742,-23,8571,2039,"CodeTON Round 9 (Div. 1 + Div. 2, Rated, Prizes!)"
anirban2005,945,927,-18,8571,2039,"CodeTON Round 9 (Div. 1 + Div. 2, Rated, Prizes!)"
Sir-Muhammad-Aayan,699,691,-8,8571,2039,"CodeTON Round 9 (Div. 1 + Div. 2, Rated, Prizes!)"
doppelganger1729,1465,1320,-145,8571,2039,"CodeTON Round 9 (Div. 1 + Div. 2, Rated, Prizes!)"
999dgml,356,596,240,8571,2039,"CodeTON Round 9 (Div. 1 + Div. 2, Rated, Prizes!)"
AI_Arafat118,893,917,24,8571,2039,"CodeTON Round 9 (Div. 1 + Div. 2, Rated, Prizes!)"
nour__eldien,1104,1018,-86,8571,2039,"CodeTON Round 9 (Div. 1 + Div. 2, Rated, Prizes!)"
assaduzzaman,759,806,47,8578,2039,"CodeTON Round 9 (Div. 1 + Div. 2, Rated, Prizes!)"
nefrttUnknown,755,734,-21,8578,2039,"CodeTON Round 9 (Div. 1 + Div. 2, Rated, Prizes!)"
TanvirArif,844,843,-1,8578,2039,"CodeTON Round 9 (Div. 1 + Div. 2, Rated, Prizes!)"
shahdtheabat,365,604,239,8578,2039,"CodeTON Round 9 (Div. 1 + Div. 2, Rated, Prizes!)"
Shafeen_code4ever,0,376,376,8578,2039,"CodeTON Round 9 (Div. 1 + Div. 2, Rated, Prizes!)"
HelpMeeeeeeeee,798,862,64,8578,2039,"CodeTON Round 9 (Div. 1 + Div. 2, Rated, Prizes!)"
chu1423,0,376,376,8578,2039,"CodeTON Round 9 (Div. 1 + Div. 2, Rated, Prizes!)"
mbh_013,912,899,-13,8578,2039,"CodeTON Round 9 (Div. 1 + Div. 2, Rated, Prizes!)"
Rexx31,586,610,24,8586,2039,"CodeTON Round 9 (Div. 1 + Div. 2, Rated, Prizes!)"
Ankita_13,910,856,-54,8586,2039,"CodeTON Round 9 (Div. 1 + Div. 2, Rated, Prizes!)"
mavlonbekxolnazarov,1024,950,-74,8586,2039,"CodeTON Round 9 (Div. 1 + Div. 2, Rated, Prizes!)"
mmfz,0,377,377,8589,2039,"CodeTON Round 9 (Div. 1 + Div. 2, Rated, Prizes!)"
zyxabcd,694,836,142,8589,2039,"CodeTON Round 9 (Div. 1 + Div. 2, Rated, Prizes!)"
Jinash26,930,947,17,8591,2039,"CodeTON Round 9 (Div. 1 + Div. 2, Rated, Prizes!)"
fzy1139950253,1089,1047,-42,8591,2039,"CodeTON Round 9 (Div. 1 + Div. 2, Rated, Prizes!)"
minimoh,355,595,240,8591,2039,"CodeTON Round 9 (Div. 1 + Div. 2, Rated, Prizes!)"
is_accepted,699,690,-9,8591,2039,"CodeTON Round 9 (Div. 1 + Div. 2, Rated, Prizes!)"
QAQzzj,408,640,232,8591,2039,"CodeTON Round 9 (Div. 1 + Div. 2, Rated, Prizes!)"
UAD,360,599,239,8596,2039,"CodeTON Round 9 (Div. 1 + Div. 2, Rated, Prizes!)"
rawhi01,0,376,376,8596,2039,"CodeTON Round 9 (Div. 1 + Div. 2, Rated, Prizes!)"
VivekSahu,429,657,228,8596,2039,"CodeTON Round 9 (Div. 1 + Div. 2, Rated, Prizes!)"
amitkumar4104,0,376,376,8596,2039,"CodeTON Round 9 (Div. 1 + Div. 2, Rated, Prizes!)"
cvd1,1486,1410,-76,8596,2039,"CodeTON Round 9 (Div. 1 + Div. 2, Rated, Prizes!)"
VSS240100330_AbdurRehman,351,592,241,8596,2039,"CodeTON Round 9 (Div. 1 + Div. 2, Rated, Prizes!)"
_Aniruddhan_,737,872,135,8596,2039,"CodeTON Round 9 (Div. 1 + Div. 2, Rated, Prizes!)"
STRANGER_001,655,658,3,8596,2039,"CodeTON Round 9 (Div. 1 + Div. 2, Rated, Prizes!)"
zhao1219,0,376,376,8604,2039,"CodeTON Round 9 (Div. 1 + Div. 2, Rated, Prizes!)"
519A,826,787,-39,8605,2039,"CodeTON Round 9 (Div. 1 + Div. 2, Rated, Prizes!)"
letinma,0,376,376,8605,2039,"CodeTON Round 9 (Div. 1 + Div. 2, Rated, Prizes!)"
sakethreddy168,965,900,-65,8605,2039,"CodeTON Round 9 (Div. 1 + Div. 2, Rated, Prizes!)"
Heavenlysorrow27,0,376,376,8605,2039,"CodeTON Round 9 (Div. 1 + Div. 2, Rated, Prizes!)"
mdtahmidrahman,818,781,-37,8605,2039,"CodeTON Round 9 (Div. 1 + Div. 2, Rated, Prizes!)"
chandu420,817,780,-37,8610,2039,"CodeTON Round 9 (Div. 1 + Div. 2, Rated, Prizes!)"
ADIB3883,966,901,-65,8610,2039,"CodeTON Round 9 (Div. 1 + Div. 2, Rated, Prizes!)"
SamMartin1110,760,891,131,8610,2039,"CodeTON Round 9 (Div. 1 + Div. 2, Rated, Prizes!)"
elmir_aga,746,725,-21,8613,2039,"CodeTON Round 9 (Div. 1 + Div. 2, Rated, Prizes!)"
Ahbbxjaiq,0,376,376,8613,2039,"CodeTON Round 9 (Div. 1 + Div. 2, Rated, Prizes!)"
towsifsami525,0,376,376,8613,2039,"CodeTON Round 9 (Div. 1 + Div. 2, Rated, Prizes!)"
IshrakChowdhury,874,866,-8,8613,2039,"CodeTON Round 9 (Div. 1 + Div. 2, Rated, Prizes!)"
ikun-_-666,0,376,376,8613,2039,"CodeTON Round 9 (Div. 1 + Div. 2, Rated, Prizes!)"
bakedoreo45,1078,995,-83,8613,2039,"CodeTON Round 9 (Div. 1 + Div. 2, Rated, Prizes!)"
Shoyo_Deb,708,696,-12,8613,2039,"CodeTON Round 9 (Div. 1 + Div. 2, Rated, Prizes!)"
daredevil123pass,0,376,376,8613,2039,"CodeTON Round 9 (Div. 1 + Div. 2, Rated, Prizes!)"
subado,905,850,-55,8621,2039,"CodeTON Round 9 (Div. 1 + Div. 2, Rated, Prizes!)"
santhosshi,0,376,376,8621,2039,"CodeTON Round 9 (Div. 1 + Div. 2, Rated, Prizes!)"
pree_tomb,911,855,-56,8623,2039,"CodeTON Round 9 (Div. 1 + Div. 2, Rated, Prizes!)"
Avid.Angler,844,801,-43,8623,2039,"CodeTON Round 9 (Div. 1 + Div. 2, Rated, Prizes!)"
fufuaifufu,371,608,237,8623,2039,"CodeTON Round 9 (Div. 1 + Div. 2, Rated, Prizes!)"
LLlXXxYYy,629,780,151,8626,2039,"CodeTON Round 9 (Div. 1 + Div. 2, Rated, Prizes!)"
kyrie_future,634,784,150,8627,2039,"CodeTON Round 9 (Div. 1 + Div. 2, Rated, Prizes!)"
nahid56564456,0,376,376,8628,2039,"CodeTON Round 9 (Div. 1 + Div. 2, Rated, Prizes!)"
funend,0,376,376,8628,2039,"CodeTON Round 9 (Div. 1 + Div. 2, Rated, Prizes!)"
Anik_071,664,663,-1,8628,2039,"CodeTON Round 9 (Div. 1 + Div. 2, Rated, Prizes!)"
Amigo79,1231,1124,-107,8628,2039,"CodeTON Round 9 (Div. 1 + Div. 2, Rated, Prizes!)"
manikanta_01,812,775,-37,8632,2039,"CodeTON Round 9 (Div. 1 + Div. 2, Rated, Prizes!)"
vismay__yerunkar,869,821,-48,8632,2039,"CodeTON Round 9 (Div. 1 + Div. 2, Rated, Prizes!)"
d1nku,0,376,376,8632,2039,"CodeTON Round 9 (Div. 1 + Div. 2, Rated, Prizes!)"
fidachyo,858,853,-5,8635,2039,"CodeTON Round 9 (Div. 1 + Div. 2, Rated, Prizes!)"
zipill,0,376,376,8635,2039,"CodeTON Round 9 (Div. 1 + Div. 2, Rated, Prizes!)"
hamzaahmadkhan_24,726,709,-17,8635,2039,"CodeTON Round 9 (Div. 1 + Div. 2, Rated, Prizes!)"
Harshit_Shubh,877,827,-50,8638,2039,"CodeTON Round 9 (Div. 1 + Div. 2, Rated, Prizes!)"
hy-kun,0,375,375,8638,2039,"CodeTON Round 9 (Div. 1 + Div. 2, Rated, Prizes!)"
Toukennn,380,615,235,8638,2039,"CodeTON Round 9 (Div. 1 + Div. 2, Rated, Prizes!)"
Goryuten_metsu,356,595,239,8638,2039,"CodeTON Round 9 (Div. 1 + Div. 2, Rated, Prizes!)"
suryanshubansal,355,594,239,8638,2039,"CodeTON Round 9 (Div. 1 + Div. 2, Rated, Prizes!)"
ARIBA_HASAN,0,375,375,8643,2039,"CodeTON Round 9 (Div. 1 + Div. 2, Rated, Prizes!)"
saaad,756,731,-25,8644,2039,"CodeTON Round 9 (Div. 1 + Div. 2, Rated, Prizes!)"
None_Po,1063,981,-82,8644,2039,"CodeTON Round 9 (Div. 1 + Div. 2, Rated, Prizes!)"
Zain_2009,0,375,375,8644,2039,"CodeTON Round 9 (Div. 1 + Div. 2, Rated, Prizes!)"
08_Osman,826,786,-40,8644,2039,"CodeTON Round 9 (Div. 1 + Div. 2, Rated, Prizes!)"
olwesel,720,795,75,8648,2039,"CodeTON Round 9 (Div. 1 + Div. 2, Rated, Prizes!)"
Rezwan_Molla,0,376,376,8648,2039,"CodeTON Round 9 (Div. 1 + Div. 2, Rated, Prizes!)"
stillcyb3rnaut,860,813,-47,8648,2039,"CodeTON Round 9 (Div. 1 + Div. 2, Rated, Prizes!)"
Mahesh_coder_01,897,945,48,8648,2039,"CodeTON Round 9 (Div. 1 + Div. 2, Rated, Prizes!)"
windlights33,0,375,375,8652,2039,"CodeTON Round 9 (Div. 1 + Div. 2, Rated, Prizes!)"
Dev_ouR,1043,964,-79,8652,2039,"CodeTON Round 9 (Div. 1 + Div. 2, Rated, Prizes!)"
hammam_77,985,915,-70,8652,2039,"CodeTON Round 9 (Div. 1 + Div. 2, Rated, Prizes!)"
sa.tahaa,822,782,-40,8655,2039,"CodeTON Round 9 (Div. 1 + Div. 2, Rated, Prizes!)"
Radsteel,868,819,-49,8655,2039,"CodeTON Round 9 (Div. 1 + Div. 2, Rated, Prizes!)"
abhishekbainsla190,0,375,375,8655,2039,"CodeTON Round 9 (Div. 1 + Div. 2, Rated, Prizes!)"
shuvo_ahammed,753,728,-25,8655,2039,"CodeTON Round 9 (Div. 1 + Div. 2, Rated, Prizes!)"
Korticz,1065,1025,-40,8655,2039,"CodeTON Round 9 (Div. 1 + Div. 2, Rated, Prizes!)"
jutonium,975,907,-68,8655,2039,"CodeTON Round 9 (Div. 1 + Div. 2, Rated, Prizes!)"
moh57810053,0,375,375,8655,2039,"CodeTON Round 9 (Div. 1 + Div. 2, Rated, Prizes!)"
satyam070,805,840,35,8662,2039,"CodeTON Round 9 (Div. 1 + Div. 2, Rated, Prizes!)"
one_any_01,0,375,375,8662,2039,"CodeTON Round 9 (Div. 1 + Div. 2, Rated, Prizes!)"
neptunns,1116,1103,-13,8664,2039,"CodeTON Round 9 (Div. 1 + Div. 2, Rated, Prizes!)"
Sathwika_25,350,590,240,8664,2039,"CodeTON Round 9 (Div. 1 + Div. 2, Rated, Prizes!)"
sofialimon,870,820,-50,8666,2039,"CodeTON Round 9 (Div. 1 + Div. 2, Rated, Prizes!)"
BISWAJIT,775,745,-30,8667,2039,"CodeTON Round 9 (Div. 1 + Div. 2, Rated, Prizes!)"
SafarovX1,390,623,233,8667,2039,"CodeTON Round 9 (Div. 1 + Div. 2, Rated, Prizes!)"
yangyanming,389,622,233,8667,2039,"CodeTON Round 9 (Div. 1 + Div. 2, Rated, Prizes!)"
Satyam__07,674,667,-7,8670,2039,"CodeTON Round 9 (Div. 1 + Div. 2, Rated, Prizes!)"
juruoyige,0,374,374,8670,2039,"CodeTON Round 9 (Div. 1 + Div. 2, Rated, Prizes!)"
the_hokage,982,912,-70,8670,2039,"CodeTON Round 9 (Div. 1 + Div. 2, Rated, Prizes!)"
Saiful1234,744,721,-23,8670,2039,"CodeTON Round 9 (Div. 1 + Div. 2, Rated, Prizes!)"
devanshmishra123,715,698,-17,8670,2039,"CodeTON Round 9 (Div. 1 + Div. 2, Rated, Prizes!)"
ShakifNiaz,896,916,20,8675,2039,"CodeTON Round 9 (Div. 1 + Div. 2, Rated, Prizes!)"
Dima357,1118,1027,-91,8675,2039,"CodeTON Round 9 (Div. 1 + Div. 2, Rated, Prizes!)"
litch07,0,375,375,8675,2039,"CodeTON Round 9 (Div. 1 + Div. 2, Rated, Prizes!)"
Dd-g,0,375,375,8678,2039,"CodeTON Round 9 (Div. 1 + Div. 2, Rated, Prizes!)"
qu-ngx,626,776,150,8678,2039,"CodeTON Round 9 (Div. 1 + Div. 2, Rated, Prizes!)"
omegaaaaaaaaa,0,375,375,8678,2039,"CodeTON Round 9 (Div. 1 + Div. 2, Rated, Prizes!)"
IDKAnyThingAnyWays,0,375,375,8678,2039,"CodeTON Round 9 (Div. 1 + Div. 2, Rated, Prizes!)"
Bhanuman,798,762,-36,8682,2039,"CodeTON Round 9 (Div. 1 + Div. 2, Rated, Prizes!)"
am_percent,0,375,375,8683,2039,"CodeTON Round 9 (Div. 1 + Div. 2, Rated, Prizes!)"
Raj_1_,430,657,227,8684,2039,"CodeTON Round 9 (Div. 1 + Div. 2, Rated, Prizes!)"
talha_muammar,629,779,150,8684,2039,"CodeTON Round 9 (Div. 1 + Div. 2, Rated, Prizes!)"
nabajitboro777,0,374,374,8686,2039,"CodeTON Round 9 (Div. 1 + Div. 2, Rated, Prizes!)"
codemaster___7,867,817,-50,8686,2039,"CodeTON Round 9 (Div. 1 + Div. 2, Rated, Prizes!)"
_TheGoat_,1078,993,-85,8688,2039,"CodeTON Round 9 (Div. 1 + Div. 2, Rated, Prizes!)"
L9G9ND,809,770,-39,8689,2039,"CodeTON Round 9 (Div. 1 + Div. 2, Rated, Prizes!)"
roman0102,864,815,-49,8690,2039,"CodeTON Round 9 (Div. 1 + Div. 2, Rated, Prizes!)"
24qry,0,374,374,8691,2039,"CodeTON Round 9 (Div. 1 + Div. 2, Rated, Prizes!)"
mansi_saxena_coder,346,586,240,8691,2039,"CodeTON Round 9 (Div. 1 + Div. 2, Rated, Prizes!)"
mednour844,0,374,374,8691,2039,"CodeTON Round 9 (Div. 1 + Div. 2, Rated, Prizes!)"
yasnaj_,791,828,37,8694,2039,"CodeTON Round 9 (Div. 1 + Div. 2, Rated, Prizes!)"
memotr22,356,594,238,8694,2039,"CodeTON Round 9 (Div. 1 + Div. 2, Rated, Prizes!)"
Cherycherry,1154,1057,-97,8694,2039,"CodeTON Round 9 (Div. 1 + Div. 2, Rated, Prizes!)"
phamhuy050407,673,665,-8,8694,2039,"CodeTON Round 9 (Div. 1 + Div. 2, Rated, Prizes!)"
XT_Error406,515,555,40,8698,2039,"CodeTON Round 9 (Div. 1 + Div. 2, Rated, Prizes!)"
jeff_ton,0,374,374,8698,2039,"CodeTON Round 9 (Div. 1 + Div. 2, Rated, Prizes!)"
sah45,620,771,151,8700,2039,"CodeTON Round 9 (Div. 1 + Div. 2, Rated, Prizes!)"
Sheker_20,795,758,-37,8700,2039,"CodeTON Round 9 (Div. 1 + Div. 2, Rated, Prizes!)"
Ui_Umi,754,727,-27,8700,2039,"CodeTON Round 9 (Div. 1 + Div. 2, Rated, Prizes!)"
phamnguyentoan,431,657,226,8700,2039,"CodeTON Round 9 (Div. 1 + Div. 2, Rated, Prizes!)"
mohibulJesan,789,754,-35,8704,2039,"CodeTON Round 9 (Div. 1 + Div. 2, Rated, Prizes!)"
jin_kazama01,0,374,374,8705,2039,"CodeTON Round 9 (Div. 1 + Div. 2, Rated, Prizes!)"
benyamin_mehrizi,846,800,-46,8706,2039,"CodeTON Round 9 (Div. 1 + Div. 2, Rated, Prizes!)"
Khadija_Saeed,0,374,374,8707,2039,"CodeTON Round 9 (Div. 1 + Div. 2, Rated, Prizes!)"
jabirstain3,722,770,48,8707,2039,"CodeTON Round 9 (Div. 1 + Div. 2, Rated, Prizes!)"
priyanshdhurwey512,780,818,38,8709,2039,"CodeTON Round 9 (Div. 1 + Div. 2, Rated, Prizes!)"
Limon4ick5667,718,699,-19,8709,2039,"CodeTON Round 9 (Div. 1 + Div. 2, Rated, Prizes!)"
tsmftxnikhil1434,0,374,374,8709,2039,"CodeTON Round 9 (Div. 1 + Div. 2, Rated, Prizes!)"
tahastem00,0,374,374,8712,2039,"CodeTON Round 9 (Div. 1 + Div. 2, Rated, Prizes!)"
_Mohammad_Akeel_Kayyali_,589,744,155,8712,2039,"CodeTON Round 9 (Div. 1 + Div. 2, Rated, Prizes!)"
Gerarcod,796,759,-37,8712,2039,"CodeTON Round 9 (Div. 1 + Div. 2, Rated, Prizes!)"
Arafat1000,953,887,-66,8715,2039,"CodeTON Round 9 (Div. 1 + Div. 2, Rated, Prizes!)"
beautifulman,1083,996,-87,8716,2039,"CodeTON Round 9 (Div. 1 + Div. 2, Rated, Prizes!)"
Syncali,662,806,144,8716,2039,"CodeTON Round 9 (Div. 1 + Div. 2, Rated, Prizes!)"
asmitj0009,0,373,373,8716,2039,"CodeTON Round 9 (Div. 1 + Div. 2, Rated, Prizes!)"
Gopal,1100,1011,-89,8716,2039,"CodeTON Round 9 (Div. 1 + Div. 2, Rated, Prizes!)"
dehnavi,0,373,373,8716,2039,"CodeTON Round 9 (Div. 1 + Div. 2, Rated, Prizes!)"
anuj_huehue,568,589,21,8721,2039,"CodeTON Round 9 (Div. 1 + Div. 2, Rated, Prizes!)"
gotcha101,928,866,-62,8721,2039,"CodeTON Round 9 (Div. 1 + Div. 2, Rated, Prizes!)"
ldga,898,841,-57,8721,2039,"CodeTON Round 9 (Div. 1 + Div. 2, Rated, Prizes!)"
esTeY,632,781,149,8724,2039,"CodeTON Round 9 (Div. 1 + Div. 2, Rated, Prizes!)"
blazor,0,374,374,8724,2039,"CodeTON Round 9 (Div. 1 + Div. 2, Rated, Prizes!)"
BowTamer,359,596,237,8726,2039,"CodeTON Round 9 (Div. 1 + Div. 2, Rated, Prizes!)"
KaSo06,680,821,141,8726,2039,"CodeTON Round 9 (Div. 1 + Div. 2, Rated, Prizes!)"
Lizaanwar40,730,801,71,8726,2039,"CodeTON Round 9 (Div. 1 + Div. 2, Rated, Prizes!)"
smandanial4,574,731,157,8726,2039,"CodeTON Round 9 (Div. 1 + Div. 2, Rated, Prizes!)"
surya45,680,821,141,8730,2039,"CodeTON Round 9 (Div. 1 + Div. 2, Rated, Prizes!)"
AbhijeetRaj,879,825,-54,8730,2039,"CodeTON Round 9 (Div. 1 + Div. 2, Rated, Prizes!)"
sahedbatman,770,809,39,8730,2039,"CodeTON Round 9 (Div. 1 + Div. 2, Rated, Prizes!)"
Theon_n,652,798,146,8730,2039,"CodeTON Round 9 (Div. 1 + Div. 2, Rated, Prizes!)"
CMRIT25_21R01A66E5,1083,996,-87,8734,2039,"CodeTON Round 9 (Div. 1 + Div. 2, Rated, Prizes!)"
todh_dunga_podh_dunga,800,761,-39,8734,2039,"CodeTON Round 9 (Div. 1 + Div. 2, Rated, Prizes!)"
Joyboy45,850,801,-49,8736,2039,"CodeTON Round 9 (Div. 1 + Div. 2, Rated, Prizes!)"
ZY8693,0,373,373,8736,2039,"CodeTON Round 9 (Div. 1 + Div. 2, Rated, Prizes!)"
dreckiez,787,751,-36,8738,2039,"CodeTON Round 9 (Div. 1 + Div. 2, Rated, Prizes!)"
Shakyawal_S,898,916,18,8738,2039,"CodeTON Round 9 (Div. 1 + Div. 2, Rated, Prizes!)"
error0000,949,882,-67,8740,2039,"CodeTON Round 9 (Div. 1 + Div. 2, Rated, Prizes!)"
adnaanonline,335,575,240,8741,2039,"CodeTON Round 9 (Div. 1 + Div. 2, Rated, Prizes!)"
Noborita,1285,1167,-118,8741,2039,"CodeTON Round 9 (Div. 1 + Div. 2, Rated, Prizes!)"
045-Arys.BIL-Erdau-2027,622,624,2,8741,2039,"CodeTON Round 9 (Div. 1 + Div. 2, Rated, Prizes!)"
004dpn,903,844,-59,8741,2039,"CodeTON Round 9 (Div. 1 + Div. 2, Rated, Prizes!)"
laober,0,373,373,8741,2039,"CodeTON Round 9 (Div. 1 + Div. 2, Rated, Prizes!)"
DNCoding2112,581,736,155,8746,2039,"CodeTON Round 9 (Div. 1 + Div. 2, Rated, Prizes!)"
Anupj_mmmut,482,529,47,8746,2039,"CodeTON Round 9 (Div. 1 + Div. 2, Rated, Prizes!)"
dipto_008,759,728,-31,8746,2039,"CodeTON Round 9 (Div. 1 + Div. 2, Rated, Prizes!)"
xcrown,885,870,-15,8746,2039,"CodeTON Round 9 (Div. 1 + Div. 2, Rated, Prizes!)"
veyis_112,889,908,19,8750,2039,"CodeTON Round 9 (Div. 1 + Div. 2, Rated, Prizes!)"
lehwleh,413,641,228,8751,2039,"CodeTON Round 9 (Div. 1 + Div. 2, Rated, Prizes!)"
lit2023007,860,883,23,8751,2039,"CodeTON Round 9 (Div. 1 + Div. 2, Rated, Prizes!)"
luck_xxkp,0,373,373,8753,2039,"CodeTON Round 9 (Div. 1 + Div. 2, Rated, Prizes!)"
Abhishek733,0,373,373,8753,2039,"CodeTON Round 9 (Div. 1 + Div. 2, Rated, Prizes!)"
BLUR_DEVIL,1036,955,-81,8755,2039,"CodeTON Round 9 (Div. 1 + Div. 2, Rated, Prizes!)"
soyorinO-o,639,786,147,8756,2039,"CodeTON Round 9 (Div. 1 + Div. 2, Rated, Prizes!)"
Arefin_Mahim,922,859,-63,8756,2039,"CodeTON Round 9 (Div. 1 + Div. 2, Rated, Prizes!)"
logicalerrorinmind0,786,748,-38,8758,2039,"CodeTON Round 9 (Div. 1 + Div. 2, Rated, Prizes!)"
dharmaajay2222,353,590,237,8758,2039,"CodeTON Round 9 (Div. 1 + Div. 2, Rated, Prizes!)"
Jack_L,646,791,145,8760,2039,"CodeTON Round 9 (Div. 1 + Div. 2, Rated, Prizes!)"
codeAxe7839,692,675,-17,8761,2039,"CodeTON Round 9 (Div. 1 + Div. 2, Rated, Prizes!)"
youngboy12th11,0,373,373,8761,2039,"CodeTON Round 9 (Div. 1 + Div. 2, Rated, Prizes!)"
lord_vinayak,877,897,20,8761,2039,"CodeTON Round 9 (Div. 1 + Div. 2, Rated, Prizes!)"
Salah_aldeen_alqadri,980,908,-72,8764,2039,"CodeTON Round 9 (Div. 1 + Div. 2, Rated, Prizes!)"
ZeeshanHaider,694,677,-17,8764,2039,"CodeTON Round 9 (Div. 1 + Div. 2, Rated, Prizes!)"
Maha_D_Rahman,556,576,20,8766,2039,"CodeTON Round 9 (Div. 1 + Div. 2, Rated, Prizes!)"
naman_9045,711,690,-21,8766,2039,"CodeTON Round 9 (Div. 1 + Div. 2, Rated, Prizes!)"
Saiful241,927,863,-64,8766,2039,"CodeTON Round 9 (Div. 1 + Div. 2, Rated, Prizes!)"
shyam_darapu,357,593,236,8766,2039,"CodeTON Round 9 (Div. 1 + Div. 2, Rated, Prizes!)"
arjodeep,788,749,-39,8770,2039,"CodeTON Round 9 (Div. 1 + Div. 2, Rated, Prizes!)"
4jat5hatru,645,790,145,8771,2039,"CodeTON Round 9 (Div. 1 + Div. 2, Rated, Prizes!)"
alpamis,797,829,32,8771,2039,"CodeTON Round 9 (Div. 1 + Div. 2, Rated, Prizes!)"
codervipul,369,603,234,8771,2039,"CodeTON Round 9 (Div. 1 + Div. 2, Rated, Prizes!)"
jirimon3,786,847,61,8774,2039,"CodeTON Round 9 (Div. 1 + Div. 2, Rated, Prizes!)"
Sreeja203,628,776,148,8774,2039,"CodeTON Round 9 (Div. 1 + Div. 2, Rated, Prizes!)"
Mriamk2012,740,711,-29,8774,2039,"CodeTON Round 9 (Div. 1 + Div. 2, Rated, Prizes!)"
Guidecoder,0,373,373,8774,2039,"CodeTON Round 9 (Div. 1 + Div. 2, Rated, Prizes!)"
Crocubott01,790,823,33,8778,2039,"CodeTON Round 9 (Div. 1 + Div. 2, Rated, Prizes!)"
gorunovila82,0,372,372,8779,2039,"CodeTON Round 9 (Div. 1 + Div. 2, Rated, Prizes!)"
aishwarya_37,622,770,148,8779,2039,"CodeTON Round 9 (Div. 1 + Div. 2, Rated, Prizes!)"
yashthegr8,569,725,156,8781,2039,"CodeTON Round 9 (Div. 1 + Div. 2, Rated, Prizes!)"
yourretromoon,615,764,149,8781,2039,"CodeTON Round 9 (Div. 1 + Div. 2, Rated, Prizes!)"
Mo_3leem,936,870,-66,8783,2039,"CodeTON Round 9 (Div. 1 + Div. 2, Rated, Prizes!)"
yi100887,0,372,372,8784,2039,"CodeTON Round 9 (Div. 1 + Div. 2, Rated, Prizes!)"
ayush_rr7,825,852,27,8784,2039,"CodeTON Round 9 (Div. 1 + Div. 2, Rated, Prizes!)"
Shayan-To,1266,1150,-116,8786,2039,"CodeTON Round 9 (Div. 1 + Div. 2, Rated, Prizes!)"
Eigen_Value,723,698,-25,8787,2039,"CodeTON Round 9 (Div. 1 + Div. 2, Rated, Prizes!)"
pilar_,356,592,236,8788,2039,"CodeTON Round 9 (Div. 1 + Div. 2, Rated, Prizes!)"
nazmulcp17,794,753,-41,8789,2039,"CodeTON Round 9 (Div. 1 + Div. 2, Rated, Prizes!)"
krishgarg,859,806,-53,8790,2039,"CodeTON Round 9 (Div. 1 + Div. 2, Rated, Prizes!)"
Defined1,1059,1017,-42,8791,2039,"CodeTON Round 9 (Div. 1 + Div. 2, Rated, Prizes!)"
parth_0007,0,372,372,8792,2039,"CodeTON Round 9 (Div. 1 + Div. 2, Rated, Prizes!)"
EyeCatcher,798,857,59,8792,2039,"CodeTON Round 9 (Div. 1 + Div. 2, Rated, Prizes!)"
DAKThang,0,372,372,8794,2039,"CodeTON Round 9 (Div. 1 + Div. 2, Rated, Prizes!)"
manyadx777,910,889,-21,8794,2039,"CodeTON Round 9 (Div. 1 + Div. 2, Rated, Prizes!)"
ehanayaz,1061,1053,-8,8796,2039,"CodeTON Round 9 (Div. 1 + Div. 2, Rated, Prizes!)"
Parthtaneja,840,790,-50,8796,2039,"CodeTON Round 9 (Div. 1 + Div. 2, Rated, Prizes!)"
Mohanedx123,1015,936,-79,8796,2039,"CodeTON Round 9 (Div. 1 + Div. 2, Rated, Prizes!)"
Programming23,855,878,23,8799,2039,"CodeTON Round 9 (Div. 1 + Div. 2, Rated, Prizes!)"
manish_soni03,1109,1016,-93,8799,2039,"CodeTON Round 9 (Div. 1 + Div. 2, Rated, Prizes!)"
amilion,0,372,372,8801,2039,"CodeTON Round 9 (Div. 1 + Div. 2, Rated, Prizes!)"
khageshwar,731,703,-28,8802,2039,"CodeTON Round 9 (Div. 1 + Div. 2, Rated, Prizes!)"
Antarkarati,579,733,154,8803,2039,"CodeTON Round 9 (Div. 1 + Div. 2, Rated, Prizes!)"
Rahi_PUC,784,844,60,8804,2039,"CodeTON Round 9 (Div. 1 + Div. 2, Rated, Prizes!)"
Shah.eer,969,897,-72,8805,2039,"CodeTON Round 9 (Div. 1 + Div. 2, Rated, Prizes!)"
shuchita318,676,660,-16,8806,2039,"CodeTON Round 9 (Div. 1 + Div. 2, Rated, Prizes!)"
seuristic,444,666,222,8807,2039,"CodeTON Round 9 (Div. 1 + Div. 2, Rated, Prizes!)"
Ansh_Yadav,866,810,-56,8808,2039,"CodeTON Round 9 (Div. 1 + Div. 2, Rated, Prizes!)"
kstbyev,335,573,238,8808,2039,"CodeTON Round 9 (Div. 1 + Div. 2, Rated, Prizes!)"
nawal_cp,793,751,-42,8810,2039,"CodeTON Round 9 (Div. 1 + Div. 2, Rated, Prizes!)"
Findsol,640,632,-8,8811,2039,"CodeTON Round 9 (Div. 1 + Div. 2, Rated, Prizes!)"
robiulahamed,595,599,4,8812,2039,"CodeTON Round 9 (Div. 1 + Div. 2, Rated, Prizes!)"
shiyu66666666,754,720,-34,8813,2039,"CodeTON Round 9 (Div. 1 + Div. 2, Rated, Prizes!)"
roushankr200,391,621,230,8814,2039,"CodeTON Round 9 (Div. 1 + Div. 2, Rated, Prizes!)"
ankitranjan10may,801,757,-44,8815,2039,"CodeTON Round 9 (Div. 1 + Div. 2, Rated, Prizes!)"
vevoz,0,353,353,8816,2039,"CodeTON Round 9 (Div. 1 + Div. 2, Rated, Prizes!)"
fardinkamal62,570,702,132,8816,2039,"CodeTON Round 9 (Div. 1 + Div. 2, Rated, Prizes!)"
yurocky,0,353,353,8816,2039,"CodeTON Round 9 (Div. 1 + Div. 2, Rated, Prizes!)"
Gaomer,1811,1587,-224,8816,2039,"CodeTON Round 9 (Div. 1 + Div. 2, Rated, Prizes!)"
Musfirat,583,714,131,8816,2039,"CodeTON Round 9 (Div. 1 + Div. 2, Rated, Prizes!)"
Arthur1448,902,890,-12,8816,2039,"CodeTON Round 9 (Div. 1 + Div. 2, Rated, Prizes!)"
mayank0_3,980,874,-106,8816,2039,"CodeTON Round 9 (Div. 1 + Div. 2, Rated, Prizes!)"
ADDICTED_MAN,941,838,-103,8816,2039,"CodeTON Round 9 (Div. 1 + Div. 2, Rated, Prizes!)"
Sree_Shivani,731,771,40,8816,2039,"CodeTON Round 9 (Div. 1 + Div. 2, Rated, Prizes!)"
Rathi__1307,808,760,-48,8816,2039,"CodeTON Round 9 (Div. 1 + Div. 2, Rated, Prizes!)"
abhishek325,566,481,-85,8816,2039,"CodeTON Round 9 (Div. 1 + Div. 2, Rated, Prizes!)"
A7med_667,803,708,-95,8816,2039,"CodeTON Round 9 (Div. 1 + Div. 2, Rated, Prizes!)"
zxyyyy,0,353,353,8816,2039,"CodeTON Round 9 (Div. 1 + Div. 2, Rated, Prizes!)"
prosenjit_mondol,880,781,-99,8816,2039,"CodeTON Round 9 (Div. 1 + Div. 2, Rated, Prizes!)"
Hasaaan,488,405,-83,8816,2039,"CodeTON Round 9 (Div. 1 + Div. 2, Rated, Prizes!)"
Wali05,915,902,-13,8816,2039,"CodeTON Round 9 (Div. 1 + Div. 2, Rated, Prizes!)"
tareque101,779,733,-46,8816,2039,"CodeTON Round 9 (Div. 1 + Div. 2, Rated, Prizes!)"
Oaqader4,755,663,-92,8816,2039,"CodeTON Round 9 (Div. 1 + Div. 2, Rated, Prizes!)"
lokeshreddy_mallela,0,353,353,8816,2039,"CodeTON Round 9 (Div. 1 + Div. 2, Rated, Prizes!)"
aiconq,824,776,-48,8816,2039,"CodeTON Round 9 (Div. 1 + Div. 2, Rated, Prizes!)"
Fenil412,902,802,-100,8816,2039,"CodeTON Round 9 (Div. 1 + Div. 2, Rated, Prizes!)"
20050808Ff,650,562,-88,8816,2039,"CodeTON Round 9 (Div. 1 + Div. 2, Rated, Prizes!)"
ayesha800,814,719,-95,8816,2039,"CodeTON Round 9 (Div. 1 + Div. 2, Rated, Prizes!)"
omar_naji_alh,0,353,353,8816,2039,"CodeTON Round 9 (Div. 1 + Div. 2, Rated, Prizes!)"
rajeshkumarjashti,0,353,353,8816,2039,"CodeTON Round 9 (Div. 1 + Div. 2, Rated, Prizes!)"
Runtime_Right,589,719,130,8816,2039,"CodeTON Round 9 (Div. 1 + Div. 2, Rated, Prizes!)"
shweta_44,763,800,37,8816,2039,"CodeTON Round 9 (Div. 1 + Div. 2, Rated, Prizes!)"
sujaldarla,356,573,217,8816,2039,"CodeTON Round 9 (Div. 1 + Div. 2, Rated, Prizes!)"
AjunaPrasad,0,353,353,8816,2039,"CodeTON Round 9 (Div. 1 + Div. 2, Rated, Prizes!)"
linhkarma,830,734,-96,8816,2039,"CodeTON Round 9 (Div. 1 + Div. 2, Rated, Prizes!)"
tanjill,670,582,-88,8816,2039,"CodeTON Round 9 (Div. 1 + Div. 2, Rated, Prizes!)"
afsinnarpiii,740,697,-43,8816,2039,"CodeTON Round 9 (Div. 1 + Div. 2, Rated, Prizes!)"
yasaswini_12,593,722,129,8816,2039,"CodeTON Round 9 (Div. 1 + Div. 2, Rated, Prizes!)"
PaRsHvMeShIyA,751,659,-92,8816,2039,"CodeTON Round 9 (Div. 1 + Div. 2, Rated, Prizes!)"
samihanishat19,784,690,-94,8816,2039,"CodeTON Round 9 (Div. 1 + Div. 2, Rated, Prizes!)"
subratadas,1014,905,-109,8816,2039,"CodeTON Round 9 (Div. 1 + Div. 2, Rated, Prizes!)"
anibubi12,-31,-30,1,8816,2039,"CodeTON Round 9 (Div. 1 + Div. 2, Rated, Prizes!)"
RIT03,595,725,130,8816,2039,"CodeTON Round 9 (Div. 1 + Div. 2, Rated, Prizes!)"
_To_Ma_To_,749,705,-44,8816,2039,"CodeTON Round 9 (Div. 1 + Div. 2, Rated, Prizes!)"
ANOnymou5,0,353,353,8816,2039,"CodeTON Round 9 (Div. 1 + Div. 2, Rated, Prizes!)"
adi_rg,985,878,-107,8816,2039,"CodeTON Round 9 (Div. 1 + Div. 2, Rated, Prizes!)"
yasmina09,366,582,216,8816,2039,"CodeTON Round 9 (Div. 1 + Div. 2, Rated, Prizes!)"
krishnagupta79658,0,353,353,8816,2039,"CodeTON Round 9 (Div. 1 + Div. 2, Rated, Prizes!)"
ShivamG93,1136,1016,-120,8816,2039,"CodeTON Round 9 (Div. 1 + Div. 2, Rated, Prizes!)"
22y71a0514,366,582,216,8816,2039,"CodeTON Round 9 (Div. 1 + Div. 2, Rated, Prizes!)"
ZainUlHaq,734,643,-91,8816,2039,"CodeTON Round 9 (Div. 1 + Div. 2, Rated, Prizes!)"
feiyu05,0,353,353,8816,2039,"CodeTON Round 9 (Div. 1 + Div. 2, Rated, Prizes!)"
Abdunur-T-003-28,373,589,216,8816,2039,"CodeTON Round 9 (Div. 1 + Div. 2, Rated, Prizes!)"
_unknown_guy,1002,895,-107,8816,2039,"CodeTON Round 9 (Div. 1 + Div. 2, Rated, Prizes!)"
22211a6631,815,720,-95,8816,2039,"CodeTON Round 9 (Div. 1 + Div. 2, Rated, Prizes!)"
blengebre2121,0,353,353,8816,2039,"CodeTON Round 9 (Div. 1 + Div. 2, Rated, Prizes!)"
rakor,0,353,353,8816,2039,"CodeTON Round 9 (Div. 1 + Div. 2, Rated, Prizes!)"
utks18,1030,920,-110,8816,2039,"CodeTON Round 9 (Div. 1 + Div. 2, Rated, Prizes!)"
Jagritee_0103,0,353,353,8816,2039,"CodeTON Round 9 (Div. 1 + Div. 2, Rated, Prizes!)"
Abdulrahman_12_,383,597,214,8816,2039,"CodeTON Round 9 (Div. 1 + Div. 2, Rated, Prizes!)"
Kartavya_181710,823,818,-5,8816,2039,"CodeTON Round 9 (Div. 1 + Div. 2, Rated, Prizes!)"
harman9898,0,353,353,8816,2039,"CodeTON Round 9 (Div. 1 + Div. 2, Rated, Prizes!)"
_epsilon_003,351,569,218,8816,2039,"CodeTON Round 9 (Div. 1 + Div. 2, Rated, Prizes!)"
Calc2,984,924,-60,8816,2039,"CodeTON Round 9 (Div. 1 + Div. 2, Rated, Prizes!)"
I-Love-Algorithmes,754,662,-92,8816,2039,"CodeTON Round 9 (Div. 1 + Div. 2, Rated, Prizes!)"
jacinto5940304,0,353,353,8816,2039,"CodeTON Round 9 (Div. 1 + Div. 2, Rated, Prizes!)"
devanshu005,784,781,-3,8816,2039,"CodeTON Round 9 (Div. 1 + Div. 2, Rated, Prizes!)"
Andrew_sun,747,656,-91,8816,2039,"CodeTON Round 9 (Div. 1 + Div. 2, Rated, Prizes!)"
SabrinaSakander,902,802,-100,8816,2039,"CodeTON Round 9 (Div. 1 + Div. 2, Rated, Prizes!)"
Subodh_yadav,781,688,-93,8816,2039,"CodeTON Round 9 (Div. 1 + Div. 2, Rated, Prizes!)"
22r01a67a5,718,759,41,8816,2039,"CodeTON Round 9 (Div. 1 + Div. 2, Rated, Prizes!)"
vineetvadrevu,783,819,36,8816,2039,"CodeTON Round 9 (Div. 1 + Div. 2, Rated, Prizes!)"
yugb2804,741,742,1,8816,2039,"CodeTON Round 9 (Div. 1 + Div. 2, Rated, Prizes!)"
sam_Ag,0,353,353,8816,2039,"CodeTON Round 9 (Div. 1 + Div. 2, Rated, Prizes!)"
MultiplyGoxus,1162,1123,-39,8816,2039,"CodeTON Round 9 (Div. 1 + Div. 2, Rated, Prizes!)"
x_dcode,0,353,353,8816,2039,"CodeTON Round 9 (Div. 1 + Div. 2, Rated, Prizes!)"
Shandilya09,764,671,-93,8816,2039,"CodeTON Round 9 (Div. 1 + Div. 2, Rated, Prizes!)"
VSS201592_AbdulRahmanM,570,702,132,8816,2039,"CodeTON Round 9 (Div. 1 + Div. 2, Rated, Prizes!)"
Samiajannat,807,759,-48,8816,2039,"CodeTON Round 9 (Div. 1 + Div. 2, Rated, Prizes!)"
nurmohammod,568,700,132,8816,2039,"CodeTON Round 9 (Div. 1 + Div. 2, Rated, Prizes!)"
Raad1,801,754,-47,8816,2039,"CodeTON Round 9 (Div. 1 + Div. 2, Rated, Prizes!)"
George_Joseph,898,845,-53,8816,2039,"CodeTON Round 9 (Div. 1 + Div. 2, Rated, Prizes!)"
fuckkkk2,689,808,119,8816,2039,"CodeTON Round 9 (Div. 1 + Div. 2, Rated, Prizes!)"
nihisiva25,645,558,-87,8816,2039,"CodeTON Round 9 (Div. 1 + Div. 2, Rated, Prizes!)"
Ayush9120,907,996,89,8816,2039,"CodeTON Round 9 (Div. 1 + Div. 2, Rated, Prizes!)"
NHVKhang,1280,1144,-136,8816,2039,"CodeTON Round 9 (Div. 1 + Div. 2, Rated, Prizes!)"
mdanas8200,356,573,217,8816,2039,"CodeTON Round 9 (Div. 1 + Div. 2, Rated, Prizes!)"
yuviking04,354,572,218,8816,2039,"CodeTON Round 9 (Div. 1 + Div. 2, Rated, Prizes!)"
ParadoxJunior,848,840,-8,8816,2039,"CodeTON Round 9 (Div. 1 + Div. 2, Rated, Prizes!)"
GoD_Arceus,0,353,353,8816,2039,"CodeTON Round 9 (Div. 1 + Div. 2, Rated, Prizes!)"
TAZDIK_HOSSAIN,600,729,129,8816,2039,"CodeTON Round 9 (Div. 1 + Div. 2, Rated, Prizes!)"
Rishitha7,618,532,-86,8816,2039,"CodeTON Round 9 (Div. 1 + Div. 2, Rated, Prizes!)"
Prapta222,0,353,353,8816,2039,"CodeTON Round 9 (Div. 1 + Div. 2, Rated, Prizes!)"
praveenya923,755,793,38,8816,2039,"CodeTON Round 9 (Div. 1 + Div. 2, Rated, Prizes!)"
happy0000,1043,932,-111,8816,2039,"CodeTON Round 9 (Div. 1 + Div. 2, Rated, Prizes!)"
Half_Gojo,811,844,33,8816,2039,"CodeTON Round 9 (Div. 1 + Div. 2, Rated, Prizes!)"
banothujamuna1,0,353,353,8816,2039,"CodeTON Round 9 (Div. 1 + Div. 2, Rated, Prizes!)"
__TenZzz__,879,780,-99,8816,2039,"CodeTON Round 9 (Div. 1 + Div. 2, Rated, Prizes!)"
ErtungaYusuf,0,353,353,8816,2039,"CodeTON Round 9 (Div. 1 + Div. 2, Rated, Prizes!)"
whatashort178,859,762,-97,8816,2039,"CodeTON Round 9 (Div. 1 + Div. 2, Rated, Prizes!)"
Manikiran1818,614,741,127,8816,2039,"CodeTON Round 9 (Div. 1 + Div. 2, Rated, Prizes!)"
JahidemonHaSan,353,570,217,8816,2039,"CodeTON Round 9 (Div. 1 + Div. 2, Rated, Prizes!)"
latha_k12,698,609,-89,8816,2039,"CodeTON Round 9 (Div. 1 + Div. 2, Rated, Prizes!)"
defvoid,679,799,120,8816,2039,"CodeTON Round 9 (Div. 1 + Div. 2, Rated, Prizes!)"
shreyash0815,0,353,353,8816,2039,"CodeTON Round 9 (Div. 1 + Div. 2, Rated, Prizes!)"
JA_Tech,826,777,-49,8816,2039,"CodeTON Round 9 (Div. 1 + Div. 2, Rated, Prizes!)"
Ahmad_Kurbonov,0,353,353,8816,2039,"CodeTON Round 9 (Div. 1 + Div. 2, Rated, Prizes!)"
code_cracker15,0,353,353,8816,2039,"CodeTON Round 9 (Div. 1 + Div. 2, Rated, Prizes!)"
FOYSAL_sm,0,353,353,8816,2039,"CodeTON Round 9 (Div. 1 + Div. 2, Rated, Prizes!)"
krishnag78,632,545,-87,8816,2039,"CodeTON Round 9 (Div. 1 + Div. 2, Rated, Prizes!)"
244chentian,750,788,38,8816,2039,"CodeTON Round 9 (Div. 1 + Div. 2, Rated, Prizes!)"
yadubir12,954,850,-104,8816,2039,"CodeTON Round 9 (Div. 1 + Div. 2, Rated, Prizes!)"
gayathri_895,0,353,353,8816,2039,"CodeTON Round 9 (Div. 1 + Div. 2, Rated, Prizes!)"
chrisl,797,831,34,8816,2039,"CodeTON Round 9 (Div. 1 + Div. 2, Rated, Prizes!)"
Fadak-14,335,555,220,8816,2039,"CodeTON Round 9 (Div. 1 + Div. 2, Rated, Prizes!)"
prasadjoshi,0,353,353,8816,2039,"CodeTON Round 9 (Div. 1 + Div. 2, Rated, Prizes!)"
Ideserveall,0,353,353,8816,2039,"CodeTON Round 9 (Div. 1 + Div. 2, Rated, Prizes!)"
ASDRKB,844,748,-96,8816,2039,"CodeTON Round 9 (Div. 1 + Div. 2, Rated, Prizes!)"
Ali_Haider___,0,353,353,8816,2039,"CodeTON Round 9 (Div. 1 + Div. 2, Rated, Prizes!)"
ashadujjaman2617,829,733,-96,8816,2039,"CodeTON Round 9 (Div. 1 + Div. 2, Rated, Prizes!)"
Sigmarule,0,353,353,8816,2039,"CodeTON Round 9 (Div. 1 + Div. 2, Rated, Prizes!)"
srujanavallakati,769,805,36,8816,2039,"CodeTON Round 9 (Div. 1 + Div. 2, Rated, Prizes!)"
vedapriya17,370,586,216,8816,2039,"CodeTON Round 9 (Div. 1 + Div. 2, Rated, Prizes!)"
Ollys_OGGY,498,415,-83,8816,2039,"CodeTON Round 9 (Div. 1 + Div. 2, Rated, Prizes!)"
Hiisokaa,132,56,-76,8816,2039,"CodeTON Round 9 (Div. 1 + Div. 2, Rated, Prizes!)"
1ISLAM1i,733,773,40,8816,2039,"CodeTON Round 9 (Div. 1 + Div. 2, Rated, Prizes!)"
ruski,0,353,353,8816,2039,"CodeTON Round 9 (Div. 1 + Div. 2, Rated, Prizes!)"
happy.rishi2004,0,353,353,8816,2039,"CodeTON Round 9 (Div. 1 + Div. 2, Rated, Prizes!)"
Ab_IrOverflows,383,597,214,8816,2039,"CodeTON Round 9 (Div. 1 + Div. 2, Rated, Prizes!)"
gazi_shahtaz,850,753,-97,8816,2039,"CodeTON Round 9 (Div. 1 + Div. 2, Rated, Prizes!)"
sakib75,900,800,-100,8816,2039,"CodeTON Round 9 (Div. 1 + Div. 2, Rated, Prizes!)"
tan_inverse,931,829,-102,8816,2039,"CodeTON Round 9 (Div. 1 + Div. 2, Rated, Prizes!)"
NamanSinghRana,360,577,217,8816,2039,"CodeTON Round 9 (Div. 1 + Div. 2, Rated, Prizes!)"
ta815587,838,742,-96,8816,2039,"CodeTON Round 9 (Div. 1 + Div. 2, Rated, Prizes!)"
ritamjana_16,0,353,353,8816,2039,"CodeTON Round 9 (Div. 1 + Div. 2, Rated, Prizes!)"
anandumbb,0,353,353,8816,2039,"CodeTON Round 9 (Div. 1 + Div. 2, Rated, Prizes!)"
Chaitu521456,632,757,125,8816,2039,"CodeTON Round 9 (Div. 1 + Div. 2, Rated, Prizes!)"
Mohamed__Gamal,379,593,214,8816,2039,"CodeTON Round 9 (Div. 1 + Div. 2, Rated, Prizes!)"
akheroes,349,567,218,8816,2039,"CodeTON Round 9 (Div. 1 + Div. 2, Rated, Prizes!)"
Kashvi_Agarwal,921,942,21,8816,2039,"CodeTON Round 9 (Div. 1 + Div. 2, Rated, Prizes!)"
mohityadaviitb,1013,905,-108,8816,2039,"CodeTON Round 9 (Div. 1 + Div. 2, Rated, Prizes!)"
suman077,0,353,353,8816,2039,"CodeTON Round 9 (Div. 1 + Div. 2, Rated, Prizes!)"
Tigrel,580,711,131,8816,2039,"CodeTON Round 9 (Div. 1 + Div. 2, Rated, Prizes!)"
stuck_behind,700,611,-89,8816,2039,"CodeTON Round 9 (Div. 1 + Div. 2, Rated, Prizes!)"
Rinkeshkumarsinha,724,634,-90,8816,2039,"CodeTON Round 9 (Div. 1 + Div. 2, Rated, Prizes!)"
Chuba,361,578,217,8816,2039,"CodeTON Round 9 (Div. 1 + Div. 2, Rated, Prizes!)"
Big_Mash,814,720,-94,8816,2039,"CodeTON Round 9 (Div. 1 + Div. 2, Rated, Prizes!)"
AmirDarawsha,752,790,38,8816,2039,"CodeTON Round 9 (Div. 1 + Div. 2, Rated, Prizes!)"
NRBL21,724,765,41,8816,2039,"CodeTON Round 9 (Div. 1 + Div. 2, Rated, Prizes!)"
mennatullah.wahba,885,874,-11,8816,2039,"CodeTON Round 9 (Div. 1 + Div. 2, Rated, Prizes!)"
2200030289cseh,716,626,-90,8816,2039,"CodeTON Round 9 (Div. 1 + Div. 2, Rated, Prizes!)"
asik456,0,353,353,8816,2039,"CodeTON Round 9 (Div. 1 + Div. 2, Rated, Prizes!)"
rahul810050,832,736,-96,8816,2039,"CodeTON Round 9 (Div. 1 + Div. 2, Rated, Prizes!)"
sakshithyadav,422,631,209,8816,2039,"CodeTON Round 9 (Div. 1 + Div. 2, Rated, Prizes!)"
Zukhriddinovic,387,601,214,8816,2039,"CodeTON Round 9 (Div. 1 + Div. 2, Rated, Prizes!)"
yasinarafat1396,600,729,129,8816,2039,"CodeTON Round 9 (Div. 1 + Div. 2, Rated, Prizes!)"
Siddharth_777,972,867,-105,8816,2039,"CodeTON Round 9 (Div. 1 + Div. 2, Rated, Prizes!)"
rawat_shivx48,619,533,-86,8816,2039,"CodeTON Round 9 (Div. 1 + Div. 2, Rated, Prizes!)"
notgodfather,397,609,212,8816,2039,"CodeTON Round 9 (Div. 1 + Div. 2, Rated, Prizes!)"
d4vl1k,768,805,37,8816,2039,"CodeTON Round 9 (Div. 1 + Div. 2, Rated, Prizes!)"
vovanarh29,0,353,353,8816,2039,"CodeTON Round 9 (Div. 1 + Div. 2, Rated, Prizes!)"
B_Jez,801,797,-4,8816,2039,"CodeTON Round 9 (Div. 1 + Div. 2, Rated, Prizes!)"
Only_Up_Official,645,769,124,8816,2039,"CodeTON Round 9 (Div. 1 + Div. 2, Rated, Prizes!)"
tudor_holota,662,784,122,8816,2039,"CodeTON Round 9 (Div. 1 + Div. 2, Rated, Prizes!)"
DMinh296,638,763,125,8816,2039,"CodeTON Round 9 (Div. 1 + Div. 2, Rated, Prizes!)"
amysteriousbeaver,346,564,218,8816,2039,"CodeTON Round 9 (Div. 1 + Div. 2, Rated, Prizes!)"
Rufuz,0,353,353,8816,2039,"CodeTON Round 9 (Div. 1 + Div. 2, Rated, Prizes!)"
Jesiya,0,353,353,8816,2039,"CodeTON Round 9 (Div. 1 + Div. 2, Rated, Prizes!)"
bsdsf22a025,389,603,214,8816,2039,"CodeTON Round 9 (Div. 1 + Div. 2, Rated, Prizes!)"
Mahadi_Alam,349,567,218,8816,2039,"CodeTON Round 9 (Div. 1 + Div. 2, Rated, Prizes!)"
prudhvi_18,735,644,-91,8816,2039,"CodeTON Round 9 (Div. 1 + Div. 2, Rated, Prizes!)"
Heisenberg_313,568,483,-85,8816,2039,"CodeTON Round 9 (Div. 1 + Div. 2, Rated, Prizes!)"
Aditya_Patki,0,353,353,8816,2039,"CodeTON Round 9 (Div. 1 + Div. 2, Rated, Prizes!)"
xSloOoOm_2003,364,580,216,8816,2039,"CodeTON Round 9 (Div. 1 + Div. 2, Rated, Prizes!)"
Sushanth_Goud,795,829,34,8816,2039,"CodeTON Round 9 (Div. 1 + Div. 2, Rated, Prizes!)"
sufyanali__,0,353,353,8816,2039,"CodeTON Round 9 (Div. 1 + Div. 2, Rated, Prizes!)"
2210030128_Sohan,795,701,-94,8816,2039,"CodeTON Round 9 (Div. 1 + Div. 2, Rated, Prizes!)"
arif10001,0,353,353,8816,2039,"CodeTON Round 9 (Div. 1 + Div. 2, Rated, Prizes!)"
Bhuvan_S,353,570,217,8816,2039,"CodeTON Round 9 (Div. 1 + Div. 2, Rated, Prizes!)"
code-r123,471,390,-81,8816,2039,"CodeTON Round 9 (Div. 1 + Div. 2, Rated, Prizes!)"
msaadsbr,1049,938,-111,8816,2039,"CodeTON Round 9 (Div. 1 + Div. 2, Rated, Prizes!)"
anil905,0,353,353,8816,2039,"CodeTON Round 9 (Div. 1 + Div. 2, Rated, Prizes!)"
HackHustlerKartik,757,868,111,8816,2039,"CodeTON Round 9 (Div. 1 + Div. 2, Rated, Prizes!)"
abenabu389,828,822,-6,8816,2039,"CodeTON Round 9 (Div. 1 + Div. 2, Rated, Prizes!)"
Mistakenn,0,353,353,8816,2039,"CodeTON Round 9 (Div. 1 + Div. 2, Rated, Prizes!)"
V357163,0,353,353,8816,2039,"CodeTON Round 9 (Div. 1 + Div. 2, Rated, Prizes!)"
aakshayjoshi892,627,754,127,8816,2039,"CodeTON Round 9 (Div. 1 + Div. 2, Rated, Prizes!)"
soul_of_darkness,695,606,-89,8816,2039,"CodeTON Round 9 (Div. 1 + Div. 2, Rated, Prizes!)"
_soulmate,786,783,-3,8816,2039,"CodeTON Round 9 (Div. 1 + Div. 2, Rated, Prizes!)"
Mirae_09,0,353,353,8816,2039,"CodeTON Round 9 (Div. 1 + Div. 2, Rated, Prizes!)"
Kklu,927,825,-102,8816,2039,"CodeTON Round 9 (Div. 1 + Div. 2, Rated, Prizes!)"
ZERO111,0,353,353,8816,2039,"CodeTON Round 9 (Div. 1 + Div. 2, Rated, Prizes!)"
amreeneusra03,877,825,-52,8816,2039,"CodeTON Round 9 (Div. 1 + Div. 2, Rated, Prizes!)"
Monstiez,0,353,353,8816,2039,"CodeTON Round 9 (Div. 1 + Div. 2, Rated, Prizes!)"
12211039cse,0,353,353,8816,2039,"CodeTON Round 9 (Div. 1 + Div. 2, Rated, Prizes!)"
fane,750,659,-91,8816,2039,"CodeTON Round 9 (Div. 1 + Div. 2, Rated, Prizes!)"
souravpalit,781,816,35,8816,2039,"CodeTON Round 9 (Div. 1 + Div. 2, Rated, Prizes!)"
kruthika_reddy7,0,353,353,8816,2039,"CodeTON Round 9 (Div. 1 + Div. 2, Rated, Prizes!)"
dedboi,0,353,353,8816,2039,"CodeTON Round 9 (Div. 1 + Div. 2, Rated, Prizes!)"
Arju_,840,791,-49,8816,2039,"CodeTON Round 9 (Div. 1 + Div. 2, Rated, Prizes!)"
Zero_Kelvin,817,722,-95,8816,2039,"CodeTON Round 9 (Div. 1 + Div. 2, Rated, Prizes!)"
Akshihasaada,0,353,353,8816,2039,"CodeTON Round 9 (Div. 1 + Div. 2, Rated, Prizes!)"
VSS201492_NoorFatima,0,353,353,8816,2039,"CodeTON Round 9 (Div. 1 + Div. 2, Rated, Prizes!)"
sathwik34,630,756,126,8816,2039,"CodeTON Round 9 (Div. 1 + Div. 2, Rated, Prizes!)"
thezer0,365,581,216,8816,2039,"CodeTON Round 9 (Div. 1 + Div. 2, Rated, Prizes!)"
yogeshbora7,1019,910,-109,8816,2039,"CodeTON Round 9 (Div. 1 + Div. 2, Rated, Prizes!)"
Ritam137,0,353,353,8816,2039,"CodeTON Round 9 (Div. 1 + Div. 2, Rated, Prizes!)"
maryam.hosseini_,0,353,353,8816,2039,"CodeTON Round 9 (Div. 1 + Div. 2, Rated, Prizes!)"
rajibmandal43,0,353,353,8816,2039,"CodeTON Round 9 (Div. 1 + Div. 2, Rated, Prizes!)"
raihan127,754,662,-92,8816,2039,"CodeTON Round 9 (Div. 1 + Div. 2, Rated, Prizes!)"
Ziyovuddin_Unarov,0,353,353,8816,2039,"CodeTON Round 9 (Div. 1 + Div. 2, Rated, Prizes!)"
aastha.mewar2801,451,369,-82,8816,2039,"CodeTON Round 9 (Div. 1 + Div. 2, Rated, Prizes!)"
shreifmohamed,779,815,36,8816,2039,"CodeTON Round 9 (Div. 1 + Div. 2, Rated, Prizes!)"
sad_duan,582,713,131,8816,2039,"CodeTON Round 9 (Div. 1 + Div. 2, Rated, Prizes!)"
Cydra_36,775,682,-93,8816,2039,"CodeTON Round 9 (Div. 1 + Div. 2, Rated, Prizes!)"
bobobor,0,353,353,8816,2039,"CodeTON Round 9 (Div. 1 + Div. 2, Rated, Prizes!)"
priyanka_rao,753,661,-92,8816,2039,"CodeTON Round 9 (Div. 1 + Div. 2, Rated, Prizes!)"
Rahul_2005,351,569,218,8816,2039,"CodeTON Round 9 (Div. 1 + Div. 2, Rated, Prizes!)"
zouhair_toufani,870,772,-98,8816,2039,"CodeTON Round 9 (Div. 1 + Div. 2, Rated, Prizes!)"
ku1hua,373,589,216,8816,2039,"CodeTON Round 9 (Div. 1 + Div. 2, Rated, Prizes!)"
durgamvinay43,781,779,-2,8816,2039,"CodeTON Round 9 (Div. 1 + Div. 2, Rated, Prizes!)"
srineel_9,574,705,131,8816,2039,"CodeTON Round 9 (Div. 1 + Div. 2, Rated, Prizes!)"
matija13795,668,789,121,8816,2039,"CodeTON Round 9 (Div. 1 + Div. 2, Rated, Prizes!)"
SAIHAN.,0,353,353,8816,2039,"CodeTON Round 9 (Div. 1 + Div. 2, Rated, Prizes!)"
xxxwenhhh_,566,698,132,8816,2039,"CodeTON Round 9 (Div. 1 + Div. 2, Rated, Prizes!)"
Dhrumil_Patel,0,353,353,8816,2039,"CodeTON Round 9 (Div. 1 + Div. 2, Rated, Prizes!)"
mritesh108,789,695,-94,8816,2039,"CodeTON Round 9 (Div. 1 + Div. 2, Rated, Prizes!)"
Misbah2019,561,694,133,8816,2039,"CodeTON Round 9 (Div. 1 + Div. 2, Rated, Prizes!)"
-Romeo,351,569,218,8816,2039,"CodeTON Round 9 (Div. 1 + Div. 2, Rated, Prizes!)"
Thanmai_S,847,797,-50,8816,2039,"CodeTON Round 9 (Div. 1 + Div. 2, Rated, Prizes!)"
227r1a05f9,570,485,-85,8816,2039,"CodeTON Round 9 (Div. 1 + Div. 2, Rated, Prizes!)"
aashnamathias,335,554,219,8816,2039,"CodeTON Round 9 (Div. 1 + Div. 2, Rated, Prizes!)"
Antukanu,805,710,-95,8816,2039,"CodeTON Round 9 (Div. 1 + Div. 2, Rated, Prizes!)"
Rakobay,1174,1050,-124,8816,2039,"CodeTON Round 9 (Div. 1 + Div. 2, Rated, Prizes!)"
rkebgdf345,0,353,353,8816,2039,"CodeTON Round 9 (Div. 1 + Div. 2, Rated, Prizes!)"
Jyothirmayee_ch,544,460,-84,8816,2039,"CodeTON Round 9 (Div. 1 + Div. 2, Rated, Prizes!)"
yccc0530,356,573,217,8816,2039,"CodeTON Round 9 (Div. 1 + Div. 2, Rated, Prizes!)"
Aftab_Ahmed_Fahim,398,610,212,8816,2039,"CodeTON Round 9 (Div. 1 + Div. 2, Rated, Prizes!)"
who_kaushlendra,0,353,353,8816,2039,"CodeTON Round 9 (Div. 1 + Div. 2, Rated, Prizes!)"
fine2006,0,353,353,8816,2039,"CodeTON Round 9 (Div. 1 + Div. 2, Rated, Prizes!)"
JohnFarrellwww,1033,923,-110,8816,2039,"CodeTON Round 9 (Div. 1 + Div. 2, Rated, Prizes!)"
SMTYON,0,353,353,8816,2039,"CodeTON Round 9 (Div. 1 + Div. 2, Rated, Prizes!)"
langphamdng,699,817,118,8816,2039,"CodeTON Round 9 (Div. 1 + Div. 2, Rated, Prizes!)"
leonhardriema,349,567,218,8816,2039,"CodeTON Round 9 (Div. 1 + Div. 2, Rated, Prizes!)"
divyasrujana_.15,715,756,41,8816,2039,"CodeTON Round 9 (Div. 1 + Div. 2, Rated, Prizes!)"
hongzhenbo,391,604,213,8816,2039,"CodeTON Round 9 (Div. 1 + Div. 2, Rated, Prizes!)"
bdy01,0,353,353,8816,2039,"CodeTON Round 9 (Div. 1 + Div. 2, Rated, Prizes!)"
VSS102262_EshalAsad,0,353,353,8816,2039,"CodeTON Round 9 (Div. 1 + Div. 2, Rated, Prizes!)"
coder_arindam,595,510,-85,8816,2039,"CodeTON Round 9 (Div. 1 + Div. 2, Rated, Prizes!)"
ariv_l.,875,776,-99,8816,2039,"CodeTON Round 9 (Div. 1 + Div. 2, Rated, Prizes!)"
ylt_23wh5a0413,680,592,-88,8816,2039,"CodeTON Round 9 (Div. 1 + Div. 2, Rated, Prizes!)"
gidov10556,397,609,212,8816,2039,"CodeTON Round 9 (Div. 1 + Div. 2, Rated, Prizes!)"
WebGhost02,383,597,214,8816,2039,"CodeTON Round 9 (Div. 1 + Div. 2, Rated, Prizes!)"
Aashish_Jha,846,749,-97,8816,2039,"CodeTON Round 9 (Div. 1 + Div. 2, Rated, Prizes!)"
GecePanteri,0,353,353,8816,2039,"CodeTON Round 9 (Div. 1 + Div. 2, Rated, Prizes!)"
Ciriya,736,645,-91,8816,2039,"CodeTON Round 9 (Div. 1 + Div. 2, Rated, Prizes!)"
Ahmedhossam10,0,353,353,8816,2039,"CodeTON Round 9 (Div. 1 + Div. 2, Rated, Prizes!)"
georgopolgoregopal1,0,353,353,8816,2039,"CodeTON Round 9 (Div. 1 + Div. 2, Rated, Prizes!)"
ChuVanKhanh,643,556,-87,8816,2039,"CodeTON Round 9 (Div. 1 + Div. 2, Rated, Prizes!)"
Arif275m,761,799,38,8816,2039,"CodeTON Round 9 (Div. 1 + Div. 2, Rated, Prizes!)"
237r1a05b4,781,778,-3,8816,2039,"CodeTON Round 9 (Div. 1 + Div. 2, Rated, Prizes!)"
rishabhsharma2207,719,629,-90,8816,2039,"CodeTON Round 9 (Div. 1 + Div. 2, Rated, Prizes!)"
TurjoyTushar,551,685,134,8816,2039,"CodeTON Round 9 (Div. 1 + Div. 2, Rated, Prizes!)"
LiGHTiNiNG_BOT,0,353,353,8816,2039,"CodeTON Round 9 (Div. 1 + Div. 2, Rated, Prizes!)"
238r1a05bf,367,583,216,8816,2039,"CodeTON Round 9 (Div. 1 + Div. 2, Rated, Prizes!)"
saragassanomari.2005,839,743,-96,8816,2039,"CodeTON Round 9 (Div. 1 + Div. 2, Rated, Prizes!)"
tharun19,0,353,353,8816,2039,"CodeTON Round 9 (Div. 1 + Div. 2, Rated, Prizes!)"
VSS105610_MuhammadAhmad,0,353,353,8816,2039,"CodeTON Round 9 (Div. 1 + Div. 2, Rated, Prizes!)"
bakr01,800,796,-4,8816,2039,"CodeTON Round 9 (Div. 1 + Div. 2, Rated, Prizes!)"
kowsickk,625,538,-87,8816,2039,"CodeTON Round 9 (Div. 1 + Div. 2, Rated, Prizes!)"
khan.kaka,981,875,-106,8816,2039,"CodeTON Round 9 (Div. 1 + Div. 2, Rated, Prizes!)"
Sweet_array345,392,605,213,8816,2039,"CodeTON Round 9 (Div. 1 + Div. 2, Rated, Prizes!)"
AndreyZyryanov2024,396,608,212,8816,2039,"CodeTON Round 9 (Div. 1 + Div. 2, Rated, Prizes!)"
mominul643,586,716,130,8816,2039,"CodeTON Round 9 (Div. 1 + Div. 2, Rated, Prizes!)"
_Syss_,1179,1137,-42,8816,2039,"CodeTON Round 9 (Div. 1 + Div. 2, Rated, Prizes!)"
klu-2200032913,396,608,212,8816,2039,"CodeTON Round 9 (Div. 1 + Div. 2, Rated, Prizes!)"
R_pavithra,568,483,-85,8816,2039,"CodeTON Round 9 (Div. 1 + Div. 2, Rated, Prizes!)"
VSS101266_MHaroon,619,746,127,8816,2039,"CodeTON Round 9 (Div. 1 + Div. 2, Rated, Prizes!)"
atharv_more3,0,353,353,8816,2039,"CodeTON Round 9 (Div. 1 + Div. 2, Rated, Prizes!)"
22r01a7346,0,353,353,8816,2039,"CodeTON Round 9 (Div. 1 + Div. 2, Rated, Prizes!)"
ZolpiE,586,501,-85,8816,2039,"CodeTON Round 9 (Div. 1 + Div. 2, Rated, Prizes!)"
Anshu04,0,353,353,8816,2039,"CodeTON Round 9 (Div. 1 + Div. 2, Rated, Prizes!)"
Hank0924,795,829,34,8816,2039,"CodeTON Round 9 (Div. 1 + Div. 2, Rated, Prizes!)"
youjun_0619,0,353,353,8816,2039,"CodeTON Round 9 (Div. 1 + Div. 2, Rated, Prizes!)"
HoangLan,356,573,217,8816,2039,"CodeTON Round 9 (Div. 1 + Div. 2, Rated, Prizes!)"
Mody_mo975,0,353,353,8816,2039,"CodeTON Round 9 (Div. 1 + Div. 2, Rated, Prizes!)"
bhavani1505,335,555,220,8816,2039,"CodeTON Round 9 (Div. 1 + Div. 2, Rated, Prizes!)"
VSS100603_DuaFatima,0,353,353,8816,2039,"CodeTON Round 9 (Div. 1 + Div. 2, Rated, Prizes!)"
ajmorbi,335,555,220,8816,2039,"CodeTON Round 9 (Div. 1 + Div. 2, Rated, Prizes!)"
pH-XD_ToRn,838,788,-50,8816,2039,"CodeTON Round 9 (Div. 1 + Div. 2, Rated, Prizes!)"
T3554R4CT,1060,947,-113,8816,2039,"CodeTON Round 9 (Div. 1 + Div. 2, Rated, Prizes!)"
HansDieter,0,353,353,8816,2039,"CodeTON Round 9 (Div. 1 + Div. 2, Rated, Prizes!)"
alamin20cse,559,475,-84,8816,2039,"CodeTON Round 9 (Div. 1 + Div. 2, Rated, Prizes!)"
anandarao,349,567,218,8816,2039,"CodeTON Round 9 (Div. 1 + Div. 2, Rated, Prizes!)"
moriom_c,666,579,-87,8816,2039,"CodeTON Round 9 (Div. 1 + Div. 2, Rated, Prizes!)"
pro_digi,744,652,-92,8816,2039,"CodeTON Round 9 (Div. 1 + Div. 2, Rated, Prizes!)"
AsifJishan,720,630,-90,8816,2039,"CodeTON Round 9 (Div. 1 + Div. 2, Rated, Prizes!)"
Mohamed_Azoz,0,353,353,8816,2039,"CodeTON Round 9 (Div. 1 + Div. 2, Rated, Prizes!)"
mtemp9898,1104,988,-116,8816,2039,"CodeTON Round 9 (Div. 1 + Div. 2, Rated, Prizes!)"
Kavazaki,1079,965,-114,8816,2039,"CodeTON Round 9 (Div. 1 + Div. 2, Rated, Prizes!)"
asimafirdous3,969,910,-59,8816,2039,"CodeTON Round 9 (Div. 1 + Div. 2, Rated, Prizes!)"
VEER_DODIYA,561,694,133,8816,2039,"CodeTON Round 9 (Div. 1 + Div. 2, Rated, Prizes!)"
Shjaber,0,353,353,8816,2039,"CodeTON Round 9 (Div. 1 + Div. 2, Rated, Prizes!)"
Vinayaka_nirati,894,841,-53,8816,2039,"CodeTON Round 9 (Div. 1 + Div. 2, Rated, Prizes!)"
vampire93,801,835,34,8816,2039,"CodeTON Round 9 (Div. 1 + Div. 2, Rated, Prizes!)"
I_Love_Balym,398,610,212,8816,2039,"CodeTON Round 9 (Div. 1 + Div. 2, Rated, Prizes!)"
Nurain,793,699,-94,8816,2039,"CodeTON Round 9 (Div. 1 + Div. 2, Rated, Prizes!)"
imran_islam12,927,825,-102,8816,2039,"CodeTON Round 9 (Div. 1 + Div. 2, Rated, Prizes!)"
prashanth2124,853,756,-97,8816,2039,"CodeTON Round 9 (Div. 1 + Div. 2, Rated, Prizes!)"
klahari,373,589,216,8816,2039,"CodeTON Round 9 (Div. 1 + Div. 2, Rated, Prizes!)"
eyosiace,0,353,353,8816,2039,"CodeTON Round 9 (Div. 1 + Div. 2, Rated, Prizes!)"
hungcubuso1vn,318,239,-79,8816,2039,"CodeTON Round 9 (Div. 1 + Div. 2, Rated, Prizes!)"
237r1a0579,0,353,353,8816,2039,"CodeTON Round 9 (Div. 1 + Div. 2, Rated, Prizes!)"
Intelligence10,596,511,-85,8816,2039,"CodeTON Round 9 (Div. 1 + Div. 2, Rated, Prizes!)"
codeforces.ai,988,968,-20,8816,2039,"CodeTON Round 9 (Div. 1 + Div. 2, Rated, Prizes!)"
apst666,0,353,353,8816,2039,"CodeTON Round 9 (Div. 1 + Div. 2, Rated, Prizes!)"
VSS203523_Ayesha,335,555,220,8816,2039,"CodeTON Round 9 (Div. 1 + Div. 2, Rated, Prizes!)"
kamran_11b,949,845,-104,8816,2039,"CodeTON Round 9 (Div. 1 + Div. 2, Rated, Prizes!)"
preetiyadav7850,0,353,353,8816,2039,"CodeTON Round 9 (Div. 1 + Div. 2, Rated, Prizes!)"
amen_meb,607,735,128,8816,2039,"CodeTON Round 9 (Div. 1 + Div. 2, Rated, Prizes!)"
alimullah1765,0,353,353,8816,2039,"CodeTON Round 9 (Div. 1 + Div. 2, Rated, Prizes!)"
2210040093,759,667,-92,8816,2039,"CodeTON Round 9 (Div. 1 + Div. 2, Rated, Prizes!)"
shreyaprakash,0,353,353,8816,2039,"CodeTON Round 9 (Div. 1 + Div. 2, Rated, Prizes!)"
Do_or_Die_07,764,672,-92,8816,2039,"CodeTON Round 9 (Div. 1 + Div. 2, Rated, Prizes!)"
robotOne,0,353,353,8816,2039,"CodeTON Round 9 (Div. 1 + Div. 2, Rated, Prizes!)"
VSS200844_MAyyanali321,0,353,353,8816,2039,"CodeTON Round 9 (Div. 1 + Div. 2, Rated, Prizes!)"
Prakash_Kumar7782,864,767,-97,8816,2039,"CodeTON Round 9 (Div. 1 + Div. 2, Rated, Prizes!)"
praneethkatukuri,335,555,220,8816,2039,"CodeTON Round 9 (Div. 1 + Div. 2, Rated, Prizes!)"
Isa2011,870,861,-9,8816,2039,"CodeTON Round 9 (Div. 1 + Div. 2, Rated, Prizes!)"
altfoxie,659,782,123,8816,2039,"CodeTON Round 9 (Div. 1 + Div. 2, Rated, Prizes!)"
VC17_22,730,770,40,8816,2039,"CodeTON Round 9 (Div. 1 + Div. 2, Rated, Prizes!)"
GowthamG04,648,561,-87,8816,2039,"CodeTON Round 9 (Div. 1 + Div. 2, Rated, Prizes!)"
segmentation_coder,993,886,-107,8816,2039,"CodeTON Round 9 (Div. 1 + Div. 2, Rated, Prizes!)"
Harshitha_Yallamati,0,353,353,8816,2039,"CodeTON Round 9 (Div. 1 + Div. 2, Rated, Prizes!)"
ElectroBoy,0,353,353,8816,2039,"CodeTON Round 9 (Div. 1 + Div. 2, Rated, Prizes!)"
LYZZYX,1000,1012,12,8816,2039,"CodeTON Round 9 (Div. 1 + Div. 2, Rated, Prizes!)"
parthiv_karangiya,0,353,353,8816,2039,"CodeTON Round 9 (Div. 1 + Div. 2, Rated, Prizes!)"
22R01A7345,625,539,-86,8816,2039,"CodeTON Round 9 (Div. 1 + Div. 2, Rated, Prizes!)"
shadowstorm43,0,353,353,8816,2039,"CodeTON Round 9 (Div. 1 + Div. 2, Rated, Prizes!)"
kemz_1,576,707,131,8816,2039,"CodeTON Round 9 (Div. 1 + Div. 2, Rated, Prizes!)"
Ekhwan42,715,626,-89,8816,2039,"CodeTON Round 9 (Div. 1 + Div. 2, Rated, Prizes!)"
justaninternetuser,335,554,219,8816,2039,"CodeTON Round 9 (Div. 1 + Div. 2, Rated, Prizes!)"
koushik2k04kkc,814,767,-47,8816,2039,"CodeTON Round 9 (Div. 1 + Div. 2, Rated, Prizes!)"
Asraful-Alam,0,353,353,8816,2039,"CodeTON Round 9 (Div. 1 + Div. 2, Rated, Prizes!)"
a.nabilfri,356,573,217,8816,2039,"CodeTON Round 9 (Div. 1 + Div. 2, Rated, Prizes!)"
omarBat,599,728,129,8816,2039,"CodeTON Round 9 (Div. 1 + Div. 2, Rated, Prizes!)"
Foysal_001,727,767,40,8816,2039,"CodeTON Round 9 (Div. 1 + Div. 2, Rated, Prizes!)"
theroar,841,745,-96,8816,2039,"CodeTON Round 9 (Div. 1 + Div. 2, Rated, Prizes!)"
srimaha_28,0,353,353,8816,2039,"CodeTON Round 9 (Div. 1 + Div. 2, Rated, Prizes!)"
Jahid_122,358,575,217,8816,2039,"CodeTON Round 9 (Div. 1 + Div. 2, Rated, Prizes!)"
MahabubHasanMahin,773,771,-2,8816,2039,"CodeTON Round 9 (Div. 1 + Div. 2, Rated, Prizes!)"
-robby-,793,699,-94,8816,2039,"CodeTON Round 9 (Div. 1 + Div. 2, Rated, Prizes!)"
sindhus,0,353,353,8816,2039,"CodeTON Round 9 (Div. 1 + Div. 2, Rated, Prizes!)"
aruzanturgalieva107,606,734,128,8816,2039,"CodeTON Round 9 (Div. 1 + Div. 2, Rated, Prizes!)"
19862829529,661,784,123,8816,2039,"CodeTON Round 9 (Div. 1 + Div. 2, Rated, Prizes!)"
sourabh__2001,351,569,218,8816,2039,"CodeTON Round 9 (Div. 1 + Div. 2, Rated, Prizes!)"
27Zain.Khalid,837,787,-50,8816,2039,"CodeTON Round 9 (Div. 1 + Div. 2, Rated, Prizes!)"
Samruddhibg108,764,672,-92,8816,2039,"CodeTON Round 9 (Div. 1 + Div. 2, Rated, Prizes!)"
XG123321,1543,1368,-175,8816,2039,"CodeTON Round 9 (Div. 1 + Div. 2, Rated, Prizes!)"
morshaline_1,817,722,-95,8816,2039,"CodeTON Round 9 (Div. 1 + Div. 2, Rated, Prizes!)"
3li_mo7sn,1039,928,-111,8816,2039,"CodeTON Round 9 (Div. 1 + Div. 2, Rated, Prizes!)"
Sergey18,822,817,-5,8816,2039,"CodeTON Round 9 (Div. 1 + Div. 2, Rated, Prizes!)"
Mr_tbk,760,798,38,8816,2039,"CodeTON Round 9 (Div. 1 + Div. 2, Rated, Prizes!)"
mahin661,1124,1005,-119,8816,2039,"CodeTON Round 9 (Div. 1 + Div. 2, Rated, Prizes!)"
dreniveliu2005,0,353,353,8816,2039,"CodeTON Round 9 (Div. 1 + Div. 2, Rated, Prizes!)"
vijaypavan34,780,687,-93,8816,2039,"CodeTON Round 9 (Div. 1 + Div. 2, Rated, Prizes!)"
Abhijith.kore,842,835,-7,8816,2039,"CodeTON Round 9 (Div. 1 + Div. 2, Rated, Prizes!)"
linrunxinnn,379,593,214,8816,2039,"CodeTON Round 9 (Div. 1 + Div. 2, Rated, Prizes!)"
Mohamed_Bb17,17,-6,-23,8816,2039,"CodeTON Round 9 (Div. 1 + Div. 2, Rated, Prizes!)"
meherankitkumar,0,353,353,8816,2039,"CodeTON Round 9 (Div. 1 + Div. 2, Rated, Prizes!)"
amadeuss,356,573,217,8816,2039,"CodeTON Round 9 (Div. 1 + Div. 2, Rated, Prizes!)"
GT0SRT,768,676,-92,8816,2039,"CodeTON Round 9 (Div. 1 + Div. 2, Rated, Prizes!)"
iamshafin121,875,777,-98,8816,2039,"CodeTON Round 9 (Div. 1 + Div. 2, Rated, Prizes!)"
NEXUS018,355,572,217,8816,2039,"CodeTON Round 9 (Div. 1 + Div. 2, Rated, Prizes!)"
Sarayu06,821,816,-5,8816,2039,"CodeTON Round 9 (Div. 1 + Div. 2, Rated, Prizes!)"
Abdalazeez44,0,353,353,8816,2039,"CodeTON Round 9 (Div. 1 + Div. 2, Rated, Prizes!)"
katezoye,0,353,353,8816,2039,"CodeTON Round 9 (Div. 1 + Div. 2, Rated, Prizes!)"
aryankmr7906,573,705,132,8816,2039,"CodeTON Round 9 (Div. 1 + Div. 2, Rated, Prizes!)"
gaurang_69_sharma,0,353,353,8816,2039,"CodeTON Round 9 (Div. 1 + Div. 2, Rated, Prizes!)"
MHIR__,974,868,-106,8816,2039,"CodeTON Round 9 (Div. 1 + Div. 2, Rated, Prizes!)"
Saloni22,771,679,-92,8816,2039,"CodeTON Round 9 (Div. 1 + Div. 2, Rated, Prizes!)"
aviO7,924,868,-56,8816,2039,"CodeTON Round 9 (Div. 1 + Div. 2, Rated, Prizes!)"
Azmain_999,757,795,38,8816,2039,"CodeTON Round 9 (Div. 1 + Div. 2, Rated, Prizes!)"
malware2101,0,353,353,8816,2039,"CodeTON Round 9 (Div. 1 + Div. 2, Rated, Prizes!)"
ABDULRAHMANHERAFI,711,622,-89,8816,2039,"CodeTON Round 9 (Div. 1 + Div. 2, Rated, Prizes!)"
D.nilesh,360,577,217,8816,2039,"CodeTON Round 9 (Div. 1 + Div. 2, Rated, Prizes!)"
Fardin2.0,0,353,353,8816,2039,"CodeTON Round 9 (Div. 1 + Div. 2, Rated, Prizes!)"
himanshukrdev007,346,564,218,8816,2039,"CodeTON Round 9 (Div. 1 + Div. 2, Rated, Prizes!)"
Aurora_12,872,863,-9,8816,2039,"CodeTON Round 9 (Div. 1 + Div. 2, Rated, Prizes!)"
emklaus,904,803,-101,8816,2039,"CodeTON Round 9 (Div. 1 + Div. 2, Rated, Prizes!)"
SpreadSheets600,0,353,353,8816,2039,"CodeTON Round 9 (Div. 1 + Div. 2, Rated, Prizes!)"
Ravikanth27,349,567,218,8816,2039,"CodeTON Round 9 (Div. 1 + Div. 2, Rated, Prizes!)"
dzfvbdfvvfdfv,0,353,353,8816,2039,"CodeTON Round 9 (Div. 1 + Div. 2, Rated, Prizes!)"
SAMI1595,585,716,131,8816,2039,"CodeTON Round 9 (Div. 1 + Div. 2, Rated, Prizes!)"
shashankjukuri,1088,973,-115,8816,2039,"CodeTON Round 9 (Div. 1 + Div. 2, Rated, Prizes!)"
swathi.yadav,803,756,-47,8816,2039,"CodeTON Round 9 (Div. 1 + Div. 2, Rated, Prizes!)"
TacticalTaco,1021,912,-109,8816,2039,"CodeTON Round 9 (Div. 1 + Div. 2, Rated, Prizes!)"
anhdung040709,393,605,212,8816,2039,"CodeTON Round 9 (Div. 1 + Div. 2, Rated, Prizes!)"
liuguan1111,0,353,353,8816,2039,"CodeTON Round 9 (Div. 1 + Div. 2, Rated, Prizes!)"
nony.cu66,0,353,353,8816,2039,"CodeTON Round 9 (Div. 1 + Div. 2, Rated, Prizes!)"
aa0ede0bed,615,743,128,8816,2039,"CodeTON Round 9 (Div. 1 + Div. 2, Rated, Prizes!)"
ankadalaroopa,564,696,132,8816,2039,"CodeTON Round 9 (Div. 1 + Div. 2, Rated, Prizes!)"
nazmul_fiz,0,353,353,8816,2039,"CodeTON Round 9 (Div. 1 + Div. 2, Rated, Prizes!)"
c4mdax,0,353,353,8816,2039,"CodeTON Round 9 (Div. 1 + Div. 2, Rated, Prizes!)"
iam2mhs,792,826,34,8816,2039,"CodeTON Round 9 (Div. 1 + Div. 2, Rated, Prizes!)"
jeanlvcandiii,1067,999,-68,8816,2039,"CodeTON Round 9 (Div. 1 + Div. 2, Rated, Prizes!)"
zhsraD,0,353,353,8816,2039,"CodeTON Round 9 (Div. 1 + Div. 2, Rated, Prizes!)"
Hossam_turki10,0,353,353,8816,2039,"CodeTON Round 9 (Div. 1 + Div. 2, Rated, Prizes!)"
cheems_die,717,627,-90,8816,2039,"CodeTON Round 9 (Div. 1 + Div. 2, Rated, Prizes!)"
Ameer.Mialeh,391,604,213,8816,2039,"CodeTON Round 9 (Div. 1 + Div. 2, Rated, Prizes!)"
abhiailen,829,733,-96,8816,2039,"CodeTON Round 9 (Div. 1 + Div. 2, Rated, Prizes!)"
mizida,1064,951,-113,8816,2039,"CodeTON Round 9 (Div. 1 + Div. 2, Rated, Prizes!)"
joshiravi,0,353,353,8816,2039,"CodeTON Round 9 (Div. 1 + Div. 2, Rated, Prizes!)"
Big_Chungus_yo,890,837,-53,8816,2039,"CodeTON Round 9 (Div. 1 + Div. 2, Rated, Prizes!)"
thaibeo123,1636,1445,-191,8816,2039,"CodeTON Round 9 (Div. 1 + Div. 2, Rated, Prizes!)"
mohamed7070,627,541,-86,8816,2039,"CodeTON Round 9 (Div. 1 + Div. 2, Rated, Prizes!)"
mdbadshasheikh2022,584,715,131,8816,2039,"CodeTON Round 9 (Div. 1 + Div. 2, Rated, Prizes!)"
Meirbek-009-28,702,745,43,8816,2039,"CodeTON Round 9 (Div. 1 + Div. 2, Rated, Prizes!)"
Kattanavya04,605,734,129,8816,2039,"CodeTON Round 9 (Div. 1 + Div. 2, Rated, Prizes!)"
Mehran_usb,683,594,-89,8816,2039,"CodeTON Round 9 (Div. 1 + Div. 2, Rated, Prizes!)"
magdalenaf,785,692,-93,8816,2039,"CodeTON Round 9 (Div. 1 + Div. 2, Rated, Prizes!)"
Kayrat_Ospanov,351,569,218,8816,2039,"CodeTON Round 9 (Div. 1 + Div. 2, Rated, Prizes!)"
HiddenAce,353,570,217,8816,2039,"CodeTON Round 9 (Div. 1 + Div. 2, Rated, Prizes!)"
_PRO_CHALLENGER,788,695,-93,8816,2039,"CodeTON Round 9 (Div. 1 + Div. 2, Rated, Prizes!)"
freakadi,0,353,353,8816,2039,"CodeTON Round 9 (Div. 1 + Div. 2, Rated, Prizes!)"
XingDian,0,353,353,8816,2039,"CodeTON Round 9 (Div. 1 + Div. 2, Rated, Prizes!)"
codex108,910,856,-54,8816,2039,"CodeTON Round 9 (Div. 1 + Div. 2, Rated, Prizes!)"
VSS100373_MIbrahim,0,353,353,8816,2039,"CodeTON Round 9 (Div. 1 + Div. 2, Rated, Prizes!)"
pleasebugmenot.dev,0,353,353,8816,2039,"CodeTON Round 9 (Div. 1 + Div. 2, Rated, Prizes!)"
Moyeenul_Islam,577,493,-84,8816,2039,"CodeTON Round 9 (Div. 1 + Div. 2, Rated, Prizes!)"
makaka_2012,383,597,214,8816,2039,"CodeTON Round 9 (Div. 1 + Div. 2, Rated, Prizes!)"
Punit.chaurasia,356,573,217,8816,2039,"CodeTON Round 9 (Div. 1 + Div. 2, Rated, Prizes!)"
tahmid.haque,439,358,-81,8816,2039,"CodeTON Round 9 (Div. 1 + Div. 2, Rated, Prizes!)"
Pillutla_Chaitanya,697,608,-89,8816,2039,"CodeTON Round 9 (Div. 1 + Div. 2, Rated, Prizes!)"
dapaoyou,0,353,353,8816,2039,"CodeTON Round 9 (Div. 1 + Div. 2, Rated, Prizes!)"
iftekhar11,808,761,-47,8816,2039,"CodeTON Round 9 (Div. 1 + Div. 2, Rated, Prizes!)"
051-adilet-s-2028,601,730,129,8816,2039,"CodeTON Round 9 (Div. 1 + Div. 2, Rated, Prizes!)"
moneysky,0,353,353,8816,2039,"CodeTON Round 9 (Div. 1 + Div. 2, Rated, Prizes!)"
czxsguhyb,0,353,353,8816,2039,"CodeTON Round 9 (Div. 1 + Div. 2, Rated, Prizes!)"
Shamkhalil,885,786,-99,8816,2039,"CodeTON Round 9 (Div. 1 + Div. 2, Rated, Prizes!)"
nybchen,0,353,353,8816,2039,"CodeTON Round 9 (Div. 1 + Div. 2, Rated, Prizes!)"
sabbir04,751,659,-92,8816,2039,"CodeTON Round 9 (Div. 1 + Div. 2, Rated, Prizes!)"
GafuroV_IsmoiL,711,622,-89,8816,2039,"CodeTON Round 9 (Div. 1 + Div. 2, Rated, Prizes!)"
Jay9874,711,752,41,8816,2039,"CodeTON Round 9 (Div. 1 + Div. 2, Rated, Prizes!)"
KingofCSES,911,810,-101,8816,2039,"CodeTON Round 9 (Div. 1 + Div. 2, Rated, Prizes!)"
rohiee_,353,570,217,8816,2039,"CodeTON Round 9 (Div. 1 + Div. 2, Rated, Prizes!)"
raghuveera,586,716,130,8816,2039,"CodeTON Round 9 (Div. 1 + Div. 2, Rated, Prizes!)"
Suryacoder,0,353,353,8816,2039,"CodeTON Round 9 (Div. 1 + Div. 2, Rated, Prizes!)"
Ashadul_islam6156,0,353,353,8816,2039,"CodeTON Round 9 (Div. 1 + Div. 2, Rated, Prizes!)"
prayangshuuu,973,868,-105,8816,2039,"CodeTON Round 9 (Div. 1 + Div. 2, Rated, Prizes!)"
joy55,878,868,-10,8816,2039,"CodeTON Round 9 (Div. 1 + Div. 2, Rated, Prizes!)"
Dipta78,740,779,39,8816,2039,"CodeTON Round 9 (Div. 1 + Div. 2, Rated, Prizes!)"
Oditi_Ritchil,782,689,-93,8816,2039,"CodeTON Round 9 (Div. 1 + Div. 2, Rated, Prizes!)"
Balerion_The_II,751,707,-44,8816,2039,"CodeTON Round 9 (Div. 1 + Div. 2, Rated, Prizes!)"
VSS201187_Hadia_N.c,0,353,353,8816,2039,"CodeTON Round 9 (Div. 1 + Div. 2, Rated, Prizes!)"
ION32,634,759,125,8816,2039,"CodeTON Round 9 (Div. 1 + Div. 2, Rated, Prizes!)"
dindina05,0,353,353,8816,2039,"CodeTON Round 9 (Div. 1 + Div. 2, Rated, Prizes!)"
Joy_Boyy,613,740,127,8816,2039,"CodeTON Round 9 (Div. 1 + Div. 2, Rated, Prizes!)"
shivabalajipatel,863,765,-98,8816,2039,"CodeTON Round 9 (Div. 1 + Div. 2, Rated, Prizes!)"
VSS204108_MShaheerAbd,0,353,353,8816,2039,"CodeTON Round 9 (Div. 1 + Div. 2, Rated, Prizes!)"
galactus1,929,827,-102,8816,2039,"CodeTON Round 9 (Div. 1 + Div. 2, Rated, Prizes!)"
na0x3,662,784,122,8816,2039,"CodeTON Round 9 (Div. 1 + Div. 2, Rated, Prizes!)"
Nirnita724,963,905,-58,8816,2039,"CodeTON Round 9 (Div. 1 + Div. 2, Rated, Prizes!)"
abu_abdullah,0,353,353,8816,2039,"CodeTON Round 9 (Div. 1 + Div. 2, Rated, Prizes!)"
jakaria92,569,484,-85,8816,2039,"CodeTON Round 9 (Div. 1 + Div. 2, Rated, Prizes!)"
javohir_192,944,841,-103,8816,2039,"CodeTON Round 9 (Div. 1 + Div. 2, Rated, Prizes!)"
Abhiaero,0,353,353,8816,2039,"CodeTON Round 9 (Div. 1 + Div. 2, Rated, Prizes!)"
dwip_nandi,777,684,-93,8816,2039,"CodeTON Round 9 (Div. 1 + Div. 2, Rated, Prizes!)"
adi115181,958,854,-104,8816,2039,"CodeTON Round 9 (Div. 1 + Div. 2, Rated, Prizes!)"
patel26meet,849,841,-8,8816,2039,"CodeTON Round 9 (Div. 1 + Div. 2, Rated, Prizes!)"
4ams_mostafa,0,353,353,8816,2039,"CodeTON Round 9 (Div. 1 + Div. 2, Rated, Prizes!)"
Samarthpd21,833,737,-96,8816,2039,"CodeTON Round 9 (Div. 1 + Div. 2, Rated, Prizes!)"
_NotGarbage_,0,353,353,8816,2039,"CodeTON Round 9 (Div. 1 + Div. 2, Rated, Prizes!)"
madrid1832,640,765,125,8816,2039,"CodeTON Round 9 (Div. 1 + Div. 2, Rated, Prizes!)"
Sanjos,0,353,353,8816,2039,"CodeTON Round 9 (Div. 1 + Div. 2, Rated, Prizes!)"
narendardadi17,591,721,130,8816,2039,"CodeTON Round 9 (Div. 1 + Div. 2, Rated, Prizes!)"
mache,0,353,353,8816,2039,"CodeTON Round 9 (Div. 1 + Div. 2, Rated, Prizes!)"
GarudShah,1006,898,-108,8816,2039,"CodeTON Round 9 (Div. 1 + Div. 2, Rated, Prizes!)"
sri-here,760,668,-92,8816,2039,"CodeTON Round 9 (Div. 1 + Div. 2, Rated, Prizes!)"
jaggudixit686,1188,1063,-125,8816,2039,"CodeTON Round 9 (Div. 1 + Div. 2, Rated, Prizes!)"
sarthak03052005,0,353,353,8816,2039,"CodeTON Round 9 (Div. 1 + Div. 2, Rated, Prizes!)"
Sandeep_chithaluri,688,600,-88,8816,2039,"CodeTON Round 9 (Div. 1 + Div. 2, Rated, Prizes!)"
kurubasai2005,387,601,214,8816,2039,"CodeTON Round 9 (Div. 1 + Div. 2, Rated, Prizes!)"
Tr.Hieu,974,914,-60,8816,2039,"CodeTON Round 9 (Div. 1 + Div. 2, Rated, Prizes!)"
I_will_back_,1510,1341,-169,8816,2039,"CodeTON Round 9 (Div. 1 + Div. 2, Rated, Prizes!)"
WindyYuFeng,0,353,353,8816,2039,"CodeTON Round 9 (Div. 1 + Div. 2, Rated, Prizes!)"
Samay10,944,841,-103,8816,2039,"CodeTON Round 9 (Div. 1 + Div. 2, Rated, Prizes!)"
SKPal2024,706,748,42,8816,2039,"CodeTON Round 9 (Div. 1 + Div. 2, Rated, Prizes!)"
aditya.kkmj,601,730,129,8816,2039,"CodeTON Round 9 (Div. 1 + Div. 2, Rated, Prizes!)"
crawmacncheese,0,353,353,8816,2039,"CodeTON Round 9 (Div. 1 + Div. 2, Rated, Prizes!)"
divyanshuraj607,799,705,-94,8816,2039,"CodeTON Round 9 (Div. 1 + Div. 2, Rated, Prizes!)"
ricardofilho,405,616,211,8816,2039,"CodeTON Round 9 (Div. 1 + Div. 2, Rated, Prizes!)"
FNBarisha,567,699,132,8816,2039,"CodeTON Round 9 (Div. 1 + Div. 2, Rated, Prizes!)"
ZhannurM,821,816,-5,8816,2039,"CodeTON Round 9 (Div. 1 + Div. 2, Rated, Prizes!)"
2210030326,923,821,-102,8816,2039,"CodeTON Round 9 (Div. 1 + Div. 2, Rated, Prizes!)"
farmmm,274,196,-78,8816,2039,"CodeTON Round 9 (Div. 1 + Div. 2, Rated, Prizes!)"
Osman_112,1088,973,-115,8816,2039,"CodeTON Round 9 (Div. 1 + Div. 2, Rated, Prizes!)"
dks05,0,353,353,8816,2039,"CodeTON Round 9 (Div. 1 + Div. 2, Rated, Prizes!)"
sbpalash,630,756,126,8816,2039,"CodeTON Round 9 (Div. 1 + Div. 2, Rated, Prizes!)"
Md.Solaiman,550,467,-83,8816,2039,"CodeTON Round 9 (Div. 1 + Div. 2, Rated, Prizes!)"
rainboy,2232,1935,-297,8816,2039,"CodeTON Round 9 (Div. 1 + Div. 2, Rated, Prizes!)"
rishabhkrpandey,647,771,124,8816,2039,"CodeTON Round 9 (Div. 1 + Div. 2, Rated, Prizes!)"
SV_Coder,516,434,-82,8816,2039,"CodeTON Round 9 (Div. 1 + Div. 2, Rated, Prizes!)"
IvanT23,919,818,-101,8816,2039,"CodeTON Round 9 (Div. 1 + Div. 2, Rated, Prizes!)"
AboMatar,883,784,-99,8816,2039,"CodeTON Round 9 (Div. 1 + Div. 2, Rated, Prizes!)"
insaider1000,570,702,132,8816,2039,"CodeTON Round 9 (Div. 1 + Div. 2, Rated, Prizes!)"
abrokib_16,0,353,353,8816,2039,"CodeTON Round 9 (Div. 1 + Div. 2, Rated, Prizes!)"
kunal_8931,948,845,-103,8816,2039,"CodeTON Round 9 (Div. 1 + Div. 2, Rated, Prizes!)"
manikjain28july,361,577,216,8816,2039,"CodeTON Round 9 (Div. 1 + Div. 2, Rated, Prizes!)"
naveenkumar27204,581,712,131,8816,2039,"CodeTON Round 9 (Div. 1 + Div. 2, Rated, Prizes!)"
krishagrawal,621,748,127,8816,2039,"CodeTON Round 9 (Div. 1 + Div. 2, Rated, Prizes!)"
anter_nath,566,698,132,8816,2039,"CodeTON Round 9 (Div. 1 + Div. 2, Rated, Prizes!)"
gaurav_khivasara,778,776,-2,8816,2039,"CodeTON Round 9 (Div. 1 + Div. 2, Rated, Prizes!)"
jhrifat10,0,353,353,8816,2039,"CodeTON Round 9 (Div. 1 + Div. 2, Rated, Prizes!)"
A_._._A,0,353,353,8816,2039,"CodeTON Round 9 (Div. 1 + Div. 2, Rated, Prizes!)"
abhi29,887,788,-99,8816,2039,"CodeTON Round 9 (Div. 1 + Div. 2, Rated, Prizes!)"
arsalan_0024,379,593,214,8816,2039,"CodeTON Round 9 (Div. 1 + Div. 2, Rated, Prizes!)"
Hieptrau,0,353,353,8816,2039,"CodeTON Round 9 (Div. 1 + Div. 2, Rated, Prizes!)"
dAn13,356,573,217,8816,2039,"CodeTON Round 9 (Div. 1 + Div. 2, Rated, Prizes!)"
abishekn.ymc2022,654,777,123,8816,2039,"CodeTON Round 9 (Div. 1 + Div. 2, Rated, Prizes!)"
Talin69,627,754,127,8816,2039,"CodeTON Round 9 (Div. 1 + Div. 2, Rated, Prizes!)"
Mohana_Geethika,0,353,353,8816,2039,"CodeTON Round 9 (Div. 1 + Div. 2, Rated, Prizes!)"
sakethbainagari,396,608,212,8816,2039,"CodeTON Round 9 (Div. 1 + Div. 2, Rated, Prizes!)"
rajaryan619,814,847,33,8816,2039,"CodeTON Round 9 (Div. 1 + Div. 2, Rated, Prizes!)"
_essam_sami_,509,427,-82,8816,2039,"CodeTON Round 9 (Div. 1 + Div. 2, Rated, Prizes!)"
Slamaa,859,761,-98,8816,2039,"CodeTON Round 9 (Div. 1 + Div. 2, Rated, Prizes!)"
AmalHemi,0,353,353,8816,2039,"CodeTON Round 9 (Div. 1 + Div. 2, Rated, Prizes!)"
dombaleumadevi,721,762,41,8816,2039,"CodeTON Round 9 (Div. 1 + Div. 2, Rated, Prizes!)"
sai_pallavi08,730,770,40,8816,2039,"CodeTON Round 9 (Div. 1 + Div. 2, Rated, Prizes!)"
Kavish_Vachheta_01,0,353,353,8816,2039,"CodeTON Round 9 (Div. 1 + Div. 2, Rated, Prizes!)"
file1997,0,353,353,8816,2039,"CodeTON Round 9 (Div. 1 + Div. 2, Rated, Prizes!)"
anki_29,335,555,220,8816,2039,"CodeTON Round 9 (Div. 1 + Div. 2, Rated, Prizes!)"
belarus777,0,353,353,8816,2039,"CodeTON Round 9 (Div. 1 + Div. 2, Rated, Prizes!)"
Vansh042006,0,353,353,8816,2039,"CodeTON Round 9 (Div. 1 + Div. 2, Rated, Prizes!)"
kuluk_2.0,1070,957,-113,8816,2039,"CodeTON Round 9 (Div. 1 + Div. 2, Rated, Prizes!)"
khanhquan10,789,824,35,8816,2039,"CodeTON Round 9 (Div. 1 + Div. 2, Rated, Prizes!)"
Whitel0ne,335,555,220,8816,2039,"CodeTON Round 9 (Div. 1 + Div. 2, Rated, Prizes!)"
jamal1223124,584,714,130,8816,2039,"CodeTON Round 9 (Div. 1 + Div. 2, Rated, Prizes!)"
Jalik_2010,0,353,353,8816,2039,"CodeTON Round 9 (Div. 1 + Div. 2, Rated, Prizes!)"
The_Black_Bird,590,505,-85,8816,2039,"CodeTON Round 9 (Div. 1 + Div. 2, Rated, Prizes!)"
SubhilloVorukh,0,353,353,8816,2039,"CodeTON Round 9 (Div. 1 + Div. 2, Rated, Prizes!)"
shivam999876,354,572,218,8816,2039,"CodeTON Round 9 (Div. 1 + Div. 2, Rated, Prizes!)"
genegene,0,353,353,8816,2039,"CodeTON Round 9 (Div. 1 + Div. 2, Rated, Prizes!)"
salama305,948,932,-16,8816,2039,"CodeTON Round 9 (Div. 1 + Div. 2, Rated, Prizes!)"
jon_abraham56,626,752,126,8816,2039,"CodeTON Round 9 (Div. 1 + Div. 2, Rated, Prizes!)"
rishabh_jawade,0,353,353,8816,2039,"CodeTON Round 9 (Div. 1 + Div. 2, Rated, Prizes!)"
w3bob,773,771,-2,8816,2039,"CodeTON Round 9 (Div. 1 + Div. 2, Rated, Prizes!)"
VSS201672_Khawar,0,353,353,8816,2039,"CodeTON Round 9 (Div. 1 + Div. 2, Rated, Prizes!)"
chakaponi,0,353,353,8816,2039,"CodeTON Round 9 (Div. 1 + Div. 2, Rated, Prizes!)"
Anupam_Mahato,0,353,353,8816,2039,"CodeTON Round 9 (Div. 1 + Div. 2, Rated, Prizes!)"
Aminul_Islam_Tayef,427,636,209,8816,2039,"CodeTON Round 9 (Div. 1 + Div. 2, Rated, Prizes!)"
wahidrock,800,796,-4,8816,2039,"CodeTON Round 9 (Div. 1 + Div. 2, Rated, Prizes!)"
pankajbind,0,353,353,8816,2039,"CodeTON Round 9 (Div. 1 + Div. 2, Rated, Prizes!)"
Slay_Manity7,878,868,-10,8816,2039,"CodeTON Round 9 (Div. 1 + Div. 2, Rated, Prizes!)"
raptorlake,615,743,128,8816,2039,"CodeTON Round 9 (Div. 1 + Div. 2, Rated, Prizes!)"
sumku,0,353,353,8816,2039,"CodeTON Round 9 (Div. 1 + Div. 2, Rated, Prizes!)"
cCyuanshen,0,353,353,8816,2039,"CodeTON Round 9 (Div. 1 + Div. 2, Rated, Prizes!)"
Krish_Dobariya,841,745,-96,8816,2039,"CodeTON Round 9 (Div. 1 + Div. 2, Rated, Prizes!)"
suryaja29,723,633,-90,8816,2039,"CodeTON Round 9 (Div. 1 + Div. 2, Rated, Prizes!)"
kalapatihemanth2006,0,353,353,8816,2039,"CodeTON Round 9 (Div. 1 + Div. 2, Rated, Prizes!)"
rahulk.ug22.cs,746,785,39,8816,2039,"CodeTON Round 9 (Div. 1 + Div. 2, Rated, Prizes!)"
solitaryMan,832,736,-96,8816,2039,"CodeTON Round 9 (Div. 1 + Div. 2, Rated, Prizes!)"
dazai05,932,830,-102,8816,2039,"CodeTON Round 9 (Div. 1 + Div. 2, Rated, Prizes!)"
ani_r,767,765,-2,8816,2039,"CodeTON Round 9 (Div. 1 + Div. 2, Rated, Prizes!)"
sowmya_0410,274,196,-78,8816,2039,"CodeTON Round 9 (Div. 1 + Div. 2, Rated, Prizes!)"
DoDo05,1060,948,-112,8816,2039,"CodeTON Round 9 (Div. 1 + Div. 2, Rated, Prizes!)"
mrpolite,820,815,-5,8816,2039,"CodeTON Round 9 (Div. 1 + Div. 2, Rated, Prizes!)"
Droid210,0,353,353,8816,2039,"CodeTON Round 9 (Div. 1 + Div. 2, Rated, Prizes!)"
bharathh30,952,935,-17,8816,2039,"CodeTON Round 9 (Div. 1 + Div. 2, Rated, Prizes!)"
mnamratha05,700,743,43,8816,2039,"CodeTON Round 9 (Div. 1 + Div. 2, Rated, Prizes!)"
K_Badsha,644,768,124,8816,2039,"CodeTON Round 9 (Div. 1 + Div. 2, Rated, Prizes!)"
tarachandjakhar,751,751,0,8816,2039,"CodeTON Round 9 (Div. 1 + Div. 2, Rated, Prizes!)"
Zholdybaevaa,356,573,217,8816,2039,"CodeTON Round 9 (Div. 1 + Div. 2, Rated, Prizes!)"
shamunur,464,384,-80,8816,2039,"CodeTON Round 9 (Div. 1 + Div. 2, Rated, Prizes!)"
belal_azam,1049,937,-112,8816,2039,"CodeTON Round 9 (Div. 1 + Div. 2, Rated, Prizes!)"
0om_mo2,374,589,215,8816,2039,"CodeTON Round 9 (Div. 1 + Div. 2, Rated, Prizes!)"
p_jatt,1237,1106,-131,8816,2039,"CodeTON Round 9 (Div. 1 + Div. 2, Rated, Prizes!)"
Bayan_3,549,465,-84,8816,2039,"CodeTON Round 9 (Div. 1 + Div. 2, Rated, Prizes!)"
PA1MA,0,353,353,8816,2039,"CodeTON Round 9 (Div. 1 + Div. 2, Rated, Prizes!)"
CloudLeopard,961,944,-17,8816,2039,"CodeTON Round 9 (Div. 1 + Div. 2, Rated, Prizes!)"
Naeem34245,1044,978,-66,8816,2039,"CodeTON Round 9 (Div. 1 + Div. 2, Rated, Prizes!)"
abduvahhob_011,387,600,213,8816,2039,"CodeTON Round 9 (Div. 1 + Div. 2, Rated, Prizes!)"
sn0vvl4nd3r,486,686,200,8816,2039,"CodeTON Round 9 (Div. 1 + Div. 2, Rated, Prizes!)"
ssahas,374,589,215,8816,2039,"CodeTON Round 9 (Div. 1 + Div. 2, Rated, Prizes!)"
mayankdk605,921,908,-13,8816,2039,"CodeTON Round 9 (Div. 1 + Div. 2, Rated, Prizes!)"
kagenojitsuryokusha,0,353,353,8816,2039,"CodeTON Round 9 (Div. 1 + Div. 2, Rated, Prizes!)"
veertejani101,861,763,-98,8816,2039,"CodeTON Round 9 (Div. 1 + Div. 2, Rated, Prizes!)"
edisonxiong23,821,726,-95,8816,2039,"CodeTON Round 9 (Div. 1 + Div. 2, Rated, Prizes!)"
mouhanned2750,961,944,-17,8816,2039,"CodeTON Round 9 (Div. 1 + Div. 2, Rated, Prizes!)"
dm6288,358,575,217,8816,2039,"CodeTON Round 9 (Div. 1 + Div. 2, Rated, Prizes!)"
Darkerkiller,854,803,-51,8816,2039,"CodeTON Round 9 (Div. 1 + Div. 2, Rated, Prizes!)"
Samiya123,827,821,-6,8816,2039,"CodeTON Round 9 (Div. 1 + Div. 2, Rated, Prizes!)"
19856645473,0,353,353,8816,2039,"CodeTON Round 9 (Div. 1 + Div. 2, Rated, Prizes!)"
anadi25,671,583,-88,8816,2039,"CodeTON Round 9 (Div. 1 + Div. 2, Rated, Prizes!)"
Arafat0012,632,545,-87,8816,2039,"CodeTON Round 9 (Div. 1 + Div. 2, Rated, Prizes!)"
Shubham_Yaadav,0,353,353,8816,2039,"CodeTON Round 9 (Div. 1 + Div. 2, Rated, Prizes!)"
VSS100772_MArhamAli,0,353,353,8816,2039,"CodeTON Round 9 (Div. 1 + Div. 2, Rated, Prizes!)"
ShubinEgor,0,353,353,8816,2039,"CodeTON Round 9 (Div. 1 + Div. 2, Rated, Prizes!)"
Rit_123,0,353,353,8816,2039,"CodeTON Round 9 (Div. 1 + Div. 2, Rated, Prizes!)"
givemebalenciaga,910,809,-101,8816,2039,"CodeTON Round 9 (Div. 1 + Div. 2, Rated, Prizes!)"
AVenetsky,0,353,353,8816,2039,"CodeTON Round 9 (Div. 1 + Div. 2, Rated, Prizes!)"
shabab_sa,819,724,-95,8816,2039,"CodeTON Round 9 (Div. 1 + Div. 2, Rated, Prizes!)"
vishva34,775,774,-1,8816,2039,"CodeTON Round 9 (Div. 1 + Div. 2, Rated, Prizes!)"
Rapidfire395,0,353,353,8816,2039,"CodeTON Round 9 (Div. 1 + Div. 2, Rated, Prizes!)"
suro_2605,0,353,353,8816,2039,"CodeTON Round 9 (Div. 1 + Div. 2, Rated, Prizes!)"
Sagarrr,570,702,132,8816,2039,"CodeTON Round 9 (Div. 1 + Div. 2, Rated, Prizes!)"
kaminomahoutukai,1018,909,-109,8816,2039,"CodeTON Round 9 (Div. 1 + Div. 2, Rated, Prizes!)"
alsaim199,875,776,-99,8816,2039,"CodeTON Round 9 (Div. 1 + Div. 2, Rated, Prizes!)"
wOo_oOw,0,353,353,8816,2039,"CodeTON Round 9 (Div. 1 + Div. 2, Rated, Prizes!)"
ComradeZero,797,704,-93,8816,2039,"CodeTON Round 9 (Div. 1 + Div. 2, Rated, Prizes!)"
Dcoder19,0,353,353,8816,2039,"CodeTON Round 9 (Div. 1 + Div. 2, Rated, Prizes!)"
abdallah_atef18,588,718,130,8816,2039,"CodeTON Round 9 (Div. 1 + Div. 2, Rated, Prizes!)"
Mahdi_Proch,0,353,353,8816,2039,"CodeTON Round 9 (Div. 1 + Div. 2, Rated, Prizes!)"
shafin117,784,781,-3,8816,2039,"CodeTON Round 9 (Div. 1 + Div. 2, Rated, Prizes!)"
Nameis_Abedin,734,774,40,8816,2039,"CodeTON Round 9 (Div. 1 + Div. 2, Rated, Prizes!)"
kamleshbaheti_,924,910,-14,8816,2039,"CodeTON Round 9 (Div. 1 + Div. 2, Rated, Prizes!)"
22wh1a1233,584,715,131,8816,2039,"CodeTON Round 9 (Div. 1 + Div. 2, Rated, Prizes!)"
mohitxshrivastava,349,567,218,8816,2039,"CodeTON Round 9 (Div. 1 + Div. 2, Rated, Prizes!)"
VSS200843_AbeeraSab-,0,353,353,8816,2039,"CodeTON Round 9 (Div. 1 + Div. 2, Rated, Prizes!)"
Read-Islam2024,0,353,353,8816,2039,"CodeTON Round 9 (Div. 1 + Div. 2, Rated, Prizes!)"
simmarahul,385,599,214,8816,2039,"CodeTON Round 9 (Div. 1 + Div. 2, Rated, Prizes!)"
Farhan34,500,417,-83,8816,2039,"CodeTON Round 9 (Div. 1 + Div. 2, Rated, Prizes!)"
akhila678,379,593,214,8816,2039,"CodeTON Round 9 (Div. 1 + Div. 2, Rated, Prizes!)"
Abhyansh,580,711,131,8816,2039,"CodeTON Round 9 (Div. 1 + Div. 2, Rated, Prizes!)"
Leonid_Konovalov,0,353,353,8816,2039,"CodeTON Round 9 (Div. 1 + Div. 2, Rated, Prizes!)"
dinmohammadtoufik,335,554,219,8816,2039,"CodeTON Round 9 (Div. 1 + Div. 2, Rated, Prizes!)"
chennuharshini07,786,692,-94,8816,2039,"CodeTON Round 9 (Div. 1 + Div. 2, Rated, Prizes!)"
zpzbbj79,356,573,217,8816,2039,"CodeTON Round 9 (Div. 1 + Div. 2, Rated, Prizes!)"
GAARA_,0,353,353,8816,2039,"CodeTON Round 9 (Div. 1 + Div. 2, Rated, Prizes!)"
Spaindiace,778,776,-2,8816,2039,"CodeTON Round 9 (Div. 1 + Div. 2, Rated, Prizes!)"
athulvnr,837,741,-96,8816,2039,"CodeTON Round 9 (Div. 1 + Div. 2, Rated, Prizes!)"
iavar,0,353,353,8816,2039,"CodeTON Round 9 (Div. 1 + Div. 2, Rated, Prizes!)"
nosochek8098,0,353,353,8816,2039,"CodeTON Round 9 (Div. 1 + Div. 2, Rated, Prizes!)"
shivam325,0,353,353,8816,2039,"CodeTON Round 9 (Div. 1 + Div. 2, Rated, Prizes!)"
PaRaDoX_CSTU,728,638,-90,8816,2039,"CodeTON Round 9 (Div. 1 + Div. 2, Rated, Prizes!)"
akilhossain400,622,536,-86,8816,2039,"CodeTON Round 9 (Div. 1 + Div. 2, Rated, Prizes!)"
VuttaradhiGhayini,353,570,217,8816,2039,"CodeTON Round 9 (Div. 1 + Div. 2, Rated, Prizes!)"
ratul_cse18,723,763,40,8816,2039,"CodeTON Round 9 (Div. 1 + Div. 2, Rated, Prizes!)"
Shiv_1_am,831,825,-6,8816,2039,"CodeTON Round 9 (Div. 1 + Div. 2, Rated, Prizes!)"
5782,0,353,353,8816,2039,"CodeTON Round 9 (Div. 1 + Div. 2, Rated, Prizes!)"
rahulstudy1000,1006,944,-62,8816,2039,"CodeTON Round 9 (Div. 1 + Div. 2, Rated, Prizes!)"
Newbie2025,368,584,216,8816,2039,"CodeTON Round 9 (Div. 1 + Div. 2, Rated, Prizes!)"
farhazulmullick99,0,353,353,8816,2039,"CodeTON Round 9 (Div. 1 + Div. 2, Rated, Prizes!)"
Snigdho1978,1460,1299,-161,8816,2039,"CodeTON Round 9 (Div. 1 + Div. 2, Rated, Prizes!)"
Mohith_1,724,765,41,8816,2039,"CodeTON Round 9 (Div. 1 + Div. 2, Rated, Prizes!)"
PainKiller,0,353,353,8816,2039,"CodeTON Round 9 (Div. 1 + Div. 2, Rated, Prizes!)"
Ardak-3010,0,353,353,8816,2039,"CodeTON Round 9 (Div. 1 + Div. 2, Rated, Prizes!)"
SHANKS_17,1022,913,-109,8816,2039,"CodeTON Round 9 (Div. 1 + Div. 2, Rated, Prizes!)"
suppriyansh,0,353,353,8816,2039,"CodeTON Round 9 (Div. 1 + Div. 2, Rated, Prizes!)"
VSS106633_AhmedAliChohan,0,353,353,8816,2039,"CodeTON Round 9 (Div. 1 + Div. 2, Rated, Prizes!)"
versionbd,912,811,-101,8816,2039,"CodeTON Round 9 (Div. 1 + Div. 2, Rated, Prizes!)"
indu_madapathi2323,799,795,-4,8816,2039,"CodeTON Round 9 (Div. 1 + Div. 2, Rated, Prizes!)"
tirthankar_03,356,573,217,8816,2039,"CodeTON Round 9 (Div. 1 + Div. 2, Rated, Prizes!)"
AA2155,0,353,353,8816,2039,"CodeTON Round 9 (Div. 1 + Div. 2, Rated, Prizes!)"
Anshu0052,0,353,353,8816,2039,"CodeTON Round 9 (Div. 1 + Div. 2, Rated, Prizes!)"
kl2200032267,602,731,129,8816,2039,"CodeTON Round 9 (Div. 1 + Div. 2, Rated, Prizes!)"
VTSemicolon,704,822,118,8816,2039,"CodeTON Round 9 (Div. 1 + Div. 2, Rated, Prizes!)"
mohitprajapati2444,0,353,353,8816,2039,"CodeTON Round 9 (Div. 1 + Div. 2, Rated, Prizes!)"
Kunal_HV_Jadhav,0,353,353,8816,2039,"CodeTON Round 9 (Div. 1 + Div. 2, Rated, Prizes!)"
R-I-T-Z,586,716,130,8816,2039,"CodeTON Round 9 (Div. 1 + Div. 2, Rated, Prizes!)"
schnehowebking01,780,778,-2,8816,2039,"CodeTON Round 9 (Div. 1 + Div. 2, Rated, Prizes!)"
alexcoder0309,0,353,353,8816,2039,"CodeTON Round 9 (Div. 1 + Div. 2, Rated, Prizes!)"
Charan_sai7,571,703,132,8816,2039,"CodeTON Round 9 (Div. 1 + Div. 2, Rated, Prizes!)"
Noobie909,349,567,218,8816,2039,"CodeTON Round 9 (Div. 1 + Div. 2, Rated, Prizes!)"
LASRI_Abderrahmane,0,353,353,8816,2039,"CodeTON Round 9 (Div. 1 + Div. 2, Rated, Prizes!)"
sachkim957,594,723,129,8816,2039,"CodeTON Round 9 (Div. 1 + Div. 2, Rated, Prizes!)"
habebo,773,809,36,8816,2039,"CodeTON Round 9 (Div. 1 + Div. 2, Rated, Prizes!)"
Orucov,735,691,-44,8816,2039,"CodeTON Round 9 (Div. 1 + Div. 2, Rated, Prizes!)"
Cyber_Flare,847,840,-7,8816,2039,"CodeTON Round 9 (Div. 1 + Div. 2, Rated, Prizes!)"
khadijaruma3456,792,698,-94,8816,2039,"CodeTON Round 9 (Div. 1 + Div. 2, Rated, Prizes!)"
mdbd644,695,606,-89,8816,2039,"CodeTON Round 9 (Div. 1 + Div. 2, Rated, Prizes!)"
vignesh190904,0,353,353,8816,2039,"CodeTON Round 9 (Div. 1 + Div. 2, Rated, Prizes!)"
Najmul_Hasan,471,674,203,8816,2039,"CodeTON Round 9 (Div. 1 + Div. 2, Rated, Prizes!)"
Its_afridi,907,806,-101,8816,2039,"CodeTON Round 9 (Div. 1 + Div. 2, Rated, Prizes!)"
Mohit-Kumar,947,931,-16,8816,2039,"CodeTON Round 9 (Div. 1 + Div. 2, Rated, Prizes!)"
muhammadumarsarfraz2010,0,353,353,8816,2039,"CodeTON Round 9 (Div. 1 + Div. 2, Rated, Prizes!)"
zarintasnimripti07,350,568,218,8816,2039,"CodeTON Round 9 (Div. 1 + Div. 2, Rated, Prizes!)"
nguyenkhangninh99,1653,1459,-194,8816,2039,"CodeTON Round 9 (Div. 1 + Div. 2, Rated, Prizes!)"
sriharshach,388,601,213,8816,2039,"CodeTON Round 9 (Div. 1 + Div. 2, Rated, Prizes!)"
Labantch,0,353,353,8816,2039,"CodeTON Round 9 (Div. 1 + Div. 2, Rated, Prizes!)"
Code_Client,385,599,214,8816,2039,"CodeTON Round 9 (Div. 1 + Div. 2, Rated, Prizes!)"
plant_trees,1632,1441,-191,8816,2039,"CodeTON Round 9 (Div. 1 + Div. 2, Rated, Prizes!)"
stoz,683,727,44,8816,2039,"CodeTON Round 9 (Div. 1 + Div. 2, Rated, Prizes!)"
Shivam_Yadav11,578,710,132,8816,2039,"CodeTON Round 9 (Div. 1 + Div. 2, Rated, Prizes!)"
ektropia,0,353,353,8816,2039,"CodeTON Round 9 (Div. 1 + Div. 2, Rated, Prizes!)"
Omarcse26,718,759,41,8816,2039,"CodeTON Round 9 (Div. 1 + Div. 2, Rated, Prizes!)"
Shuvo73,639,552,-87,8816,2039,"CodeTON Round 9 (Div. 1 + Div. 2, Rated, Prizes!)"
one_minus_one,601,730,129,8816,2039,"CodeTON Round 9 (Div. 1 + Div. 2, Rated, Prizes!)"
fuhadh,794,829,35,8816,2039,"CodeTON Round 9 (Div. 1 + Div. 2, Rated, Prizes!)"
jokeeee,804,710,-94,8816,2039,"CodeTON Round 9 (Div. 1 + Div. 2, Rated, Prizes!)"
w1rdz,0,353,353,8816,2039,"CodeTON Round 9 (Div. 1 + Div. 2, Rated, Prizes!)"
Nurai_serdaliqyzy05,0,353,353,8816,2039,"CodeTON Round 9 (Div. 1 + Div. 2, Rated, Prizes!)"
Vyshnavi_Velaga,0,353,353,8816,2039,"CodeTON Round 9 (Div. 1 + Div. 2, Rated, Prizes!)"
Galileo_22,455,373,-82,8816,2039,"CodeTON Round 9 (Div. 1 + Div. 2, Rated, Prizes!)"
S0MS0MM1dA,681,593,-88,8816,2039,"CodeTON Round 9 (Div. 1 + Div. 2, Rated, Prizes!)"
abdelfatah11,432,640,208,8816,2039,"CodeTON Round 9 (Div. 1 + Div. 2, Rated, Prizes!)"
ayoayoagboola,777,813,36,8816,2039,"CodeTON Round 9 (Div. 1 + Div. 2, Rated, Prizes!)"
null_value,1033,923,-110,8816,2039,"CodeTON Round 9 (Div. 1 + Div. 2, Rated, Prizes!)"
Bhushan_20,583,714,131,8816,2039,"CodeTON Round 9 (Div. 1 + Div. 2, Rated, Prizes!)"
mdeasintuha,1180,1056,-124,8816,2039,"CodeTON Round 9 (Div. 1 + Div. 2, Rated, Prizes!)"
abdiko,359,576,217,8816,2039,"CodeTON Round 9 (Div. 1 + Div. 2, Rated, Prizes!)"
nic2032cf,356,573,217,8816,2039,"CodeTON Round 9 (Div. 1 + Div. 2, Rated, Prizes!)"
AryanRanavat,0,353,353,8816,2039,"CodeTON Round 9 (Div. 1 + Div. 2, Rated, Prizes!)"
Byte_Forge,996,975,-21,8816,2039,"CodeTON Round 9 (Div. 1 + Div. 2, Rated, Prizes!)"
alexljw,813,718,-95,8816,2039,"CodeTON Round 9 (Div. 1 + Div. 2, Rated, Prizes!)"
brute_force08,976,871,-105,8816,2039,"CodeTON Round 9 (Div. 1 + Div. 2, Rated, Prizes!)"
Nikulin1000,570,702,132,8816,2039,"CodeTON Round 9 (Div. 1 + Div. 2, Rated, Prizes!)"
yujue,850,842,-8,8816,2039,"CodeTON Round 9 (Div. 1 + Div. 2, Rated, Prizes!)"
Shesir,865,767,-98,8816,2039,"CodeTON Round 9 (Div. 1 + Div. 2, Rated, Prizes!)"
qwerty8173,793,790,-3,8816,2039,"CodeTON Round 9 (Div. 1 + Div. 2, Rated, Prizes!)"
dummysassy00,596,725,129,8816,2039,"CodeTON Round 9 (Div. 1 + Div. 2, Rated, Prizes!)"
satyasrivemana2,792,698,-94,8816,2039,"CodeTON Round 9 (Div. 1 + Div. 2, Rated, Prizes!)"
GauravPawarR,960,856,-104,8816,2039,"CodeTON Round 9 (Div. 1 + Div. 2, Rated, Prizes!)"
238r1a05f7,792,698,-94,8816,2039,"CodeTON Round 9 (Div. 1 + Div. 2, Rated, Prizes!)"
milk81,1253,1120,-133,8816,2039,"CodeTON Round 9 (Div. 1 + Div. 2, Rated, Prizes!)"
kauvva_biryani,419,628,209,8816,2039,"CodeTON Round 9 (Div. 1 + Div. 2, Rated, Prizes!)"
Ahmed_Aasim,765,673,-92,8816,2039,"CodeTON Round 9 (Div. 1 + Div. 2, Rated, Prizes!)"
date_3.0,717,627,-90,8816,2039,"CodeTON Round 9 (Div. 1 + Div. 2, Rated, Prizes!)"
sachin_bhe,900,800,-100,8816,2039,"CodeTON Round 9 (Div. 1 + Div. 2, Rated, Prizes!)"
YellowSnowMan,868,770,-98,8816,2039,"CodeTON Round 9 (Div. 1 + Div. 2, Rated, Prizes!)"
NIXININE,0,353,353,8816,2039,"CodeTON Round 9 (Div. 1 + Div. 2, Rated, Prizes!)"
aditi75432,797,703,-94,8816,2039,"CodeTON Round 9 (Div. 1 + Div. 2, Rated, Prizes!)"
abdmalla1996,601,730,129,8816,2039,"CodeTON Round 9 (Div. 1 + Div. 2, Rated, Prizes!)"
-Nothridoy-,840,743,-97,8816,2039,"CodeTON Round 9 (Div. 1 + Div. 2, Rated, Prizes!)"
Gabriel_Santoso,723,763,40,8816,2039,"CodeTON Round 9 (Div. 1 + Div. 2, Rated, Prizes!)"
Apurba_21,734,774,40,8816,2039,"CodeTON Round 9 (Div. 1 + Div. 2, Rated, Prizes!)"
MJbhai,820,922,102,8816,2039,"CodeTON Round 9 (Div. 1 + Div. 2, Rated, Prizes!)"
S0A0D,884,874,-10,8816,2039,"CodeTON Round 9 (Div. 1 + Div. 2, Rated, Prizes!)"
CasperTwin05,566,698,132,8816,2039,"CodeTON Round 9 (Div. 1 + Div. 2, Rated, Prizes!)"
stubborn_2002,0,353,353,8816,2039,"CodeTON Round 9 (Div. 1 + Div. 2, Rated, Prizes!)"
Omer2710,0,353,353,8816,2039,"CodeTON Round 9 (Div. 1 + Div. 2, Rated, Prizes!)"
Ishu_Agrawal,0,353,353,8816,2039,"CodeTON Round 9 (Div. 1 + Div. 2, Rated, Prizes!)"
tdima123456,570,702,132,8816,2039,"CodeTON Round 9 (Div. 1 + Div. 2, Rated, Prizes!)"
chocoscoding,0,353,353,8816,2039,"CodeTON Round 9 (Div. 1 + Div. 2, Rated, Prizes!)"
Oier_GzsJAY,818,850,32,8816,2039,"CodeTON Round 9 (Div. 1 + Div. 2, Rated, Prizes!)"
ksindusree,724,764,40,8816,2039,"CodeTON Round 9 (Div. 1 + Div. 2, Rated, Prizes!)"
Zhanik369,0,353,353,8816,2039,"CodeTON Round 9 (Div. 1 + Div. 2, Rated, Prizes!)"
JDChian,630,756,126,8816,2039,"CodeTON Round 9 (Div. 1 + Div. 2, Rated, Prizes!)"
guptasamarth200,353,570,217,8816,2039,"CodeTON Round 9 (Div. 1 + Div. 2, Rated, Prizes!)"
Ahmad.Salaheldin,849,752,-97,8816,2039,"CodeTON Round 9 (Div. 1 + Div. 2, Rated, Prizes!)"
afia_ema,777,684,-93,8816,2039,"CodeTON Round 9 (Div. 1 + Div. 2, Rated, Prizes!)"
farhan_mugdho,362,578,216,8816,2039,"CodeTON Round 9 (Div. 1 + Div. 2, Rated, Prizes!)"
Shoking_End,805,838,33,8816,2039,"CodeTON Round 9 (Div. 1 + Div. 2, Rated, Prizes!)"
Princeton911,381,596,215,8816,2039,"CodeTON Round 9 (Div. 1 + Div. 2, Rated, Prizes!)"
acars123,394,607,213,8816,2039,"CodeTON Round 9 (Div. 1 + Div. 2, Rated, Prizes!)"
MecShablaw,389,603,214,8816,2039,"CodeTON Round 9 (Div. 1 + Div. 2, Rated, Prizes!)"
Coffee.toffee,618,532,-86,8816,2039,"CodeTON Round 9 (Div. 1 + Div. 2, Rated, Prizes!)"
Dmiitry,0,353,353,8816,2039,"CodeTON Round 9 (Div. 1 + Div. 2, Rated, Prizes!)"
_MUH_84,730,639,-91,8816,2039,"CodeTON Round 9 (Div. 1 + Div. 2, Rated, Prizes!)"
sowrab55,546,462,-84,8816,2039,"CodeTON Round 9 (Div. 1 + Div. 2, Rated, Prizes!)"
zpxd123,799,705,-94,8816,2039,"CodeTON Round 9 (Div. 1 + Div. 2, Rated, Prizes!)"
jashwanthkishor05,0,353,353,8816,2039,"CodeTON Round 9 (Div. 1 + Div. 2, Rated, Prizes!)"
adi.tya_57,929,873,-56,8816,2039,"CodeTON Round 9 (Div. 1 + Div. 2, Rated, Prizes!)"
l.alzahrani04,721,631,-90,8816,2039,"CodeTON Round 9 (Div. 1 + Div. 2, Rated, Prizes!)"
faraz_,580,711,131,8816,2039,"CodeTON Round 9 (Div. 1 + Div. 2, Rated, Prizes!)"
Firetruck,605,733,128,8816,2039,"CodeTON Round 9 (Div. 1 + Div. 2, Rated, Prizes!)"
krishi1112,0,353,353,8816,2039,"CodeTON Round 9 (Div. 1 + Div. 2, Rated, Prizes!)"
md_nayeemuddin,711,621,-90,8816,2039,"CodeTON Round 9 (Div. 1 + Div. 2, Rated, Prizes!)"
2200030434,754,792,38,8816,2039,"CodeTON Round 9 (Div. 1 + Div. 2, Rated, Prizes!)"
0xkafkaa,685,804,119,8816,2039,"CodeTON Round 9 (Div. 1 + Div. 2, Rated, Prizes!)"
Vyom_2811,758,796,38,8816,2039,"CodeTON Round 9 (Div. 1 + Div. 2, Rated, Prizes!)"
ruminator_143,572,704,132,8816,2039,"CodeTON Round 9 (Div. 1 + Div. 2, Rated, Prizes!)"
SenoWaheed,365,581,216,8816,2039,"CodeTON Round 9 (Div. 1 + Div. 2, Rated, Prizes!)"
Nitish23,0,353,353,8816,2039,"CodeTON Round 9 (Div. 1 + Div. 2, Rated, Prizes!)"
sidbo_t,595,725,130,8816,2039,"CodeTON Round 9 (Div. 1 + Div. 2, Rated, Prizes!)"
rejbe32,807,712,-95,8816,2039,"CodeTON Round 9 (Div. 1 + Div. 2, Rated, Prizes!)"
ahmad.eskhan,643,556,-87,8816,2039,"CodeTON Round 9 (Div. 1 + Div. 2, Rated, Prizes!)"
Nov12th_PhanTanLong,0,353,353,8816,2039,"CodeTON Round 9 (Div. 1 + Div. 2, Rated, Prizes!)"
LonerBoy,592,722,130,8816,2039,"CodeTON Round 9 (Div. 1 + Div. 2, Rated, Prizes!)"
salim007,924,822,-102,8816,2039,"CodeTON Round 9 (Div. 1 + Div. 2, Rated, Prizes!)"
TTTT_TTTT,713,623,-90,8816,2039,"CodeTON Round 9 (Div. 1 + Div. 2, Rated, Prizes!)"
duttamarisha66,0,353,353,8816,2039,"CodeTON Round 9 (Div. 1 + Div. 2, Rated, Prizes!)"
vaishnavi465,386,599,213,8816,2039,"CodeTON Round 9 (Div. 1 + Div. 2, Rated, Prizes!)"
Vyshnavi.V,0,353,353,8816,2039,"CodeTON Round 9 (Div. 1 + Div. 2, Rated, Prizes!)"
77translate,0,353,353,8816,2039,"CodeTON Round 9 (Div. 1 + Div. 2, Rated, Prizes!)"
gatlapriyanka,596,725,129,8816,2039,"CodeTON Round 9 (Div. 1 + Div. 2, Rated, Prizes!)"
JrMelloXOmega,725,766,41,8816,2039,"CodeTON Round 9 (Div. 1 + Div. 2, Rated, Prizes!)"
babubhai22,0,353,353,8816,2039,"CodeTON Round 9 (Div. 1 + Div. 2, Rated, Prizes!)"
avaneeshb,0,353,353,8816,2039,"CodeTON Round 9 (Div. 1 + Div. 2, Rated, Prizes!)"
deep_0504,741,742,1,8816,2039,"CodeTON Round 9 (Div. 1 + Div. 2, Rated, Prizes!)"
kushsaraf,595,725,130,8816,2039,"CodeTON Round 9 (Div. 1 + Div. 2, Rated, Prizes!)"
Raju_kr,634,759,125,8816,2039,"CodeTON Round 9 (Div. 1 + Div. 2, Rated, Prizes!)"
harikesht845tri,0,353,353,8816,2039,"CodeTON Round 9 (Div. 1 + Div. 2, Rated, Prizes!)"
JifX96,630,756,126,8816,2039,"CodeTON Round 9 (Div. 1 + Div. 2, Rated, Prizes!)"
Harishikesh,735,775,40,8816,2039,"CodeTON Round 9 (Div. 1 + Div. 2, Rated, Prizes!)"
_U_Turn_,782,736,-46,8816,2039,"CodeTON Round 9 (Div. 1 + Div. 2, Rated, Prizes!)"
naitik.pandey2024,349,567,218,8816,2039,"CodeTON Round 9 (Div. 1 + Div. 2, Rated, Prizes!)"
mdsajjad,590,720,130,8816,2039,"CodeTON Round 9 (Div. 1 + Div. 2, Rated, Prizes!)"
fuchsia_wn,917,815,-102,8816,2039,"CodeTON Round 9 (Div. 1 + Div. 2, Rated, Prizes!)"
mohityadaviitbombay,843,747,-96,8816,2039,"CodeTON Round 9 (Div. 1 + Div. 2, Rated, Prizes!)"
Kr.Anurag,0,353,353,8816,2039,"CodeTON Round 9 (Div. 1 + Div. 2, Rated, Prizes!)"
galanoski,951,847,-104,8816,2039,"CodeTON Round 9 (Div. 1 + Div. 2, Rated, Prizes!)"
5f5u5c5k5,1152,1031,-121,8816,2039,"CodeTON Round 9 (Div. 1 + Div. 2, Rated, Prizes!)"
ahmad_S_S_S_,0,353,353,8816,2039,"CodeTON Round 9 (Div. 1 + Div. 2, Rated, Prizes!)"
mrfaster9999,0,353,353,8816,2039,"CodeTON Round 9 (Div. 1 + Div. 2, Rated, Prizes!)"
anshumansingh7333,1044,979,-65,8816,2039,"CodeTON Round 9 (Div. 1 + Div. 2, Rated, Prizes!)"
Md_Shah_Newaz,366,582,216,8816,2039,"CodeTON Round 9 (Div. 1 + Div. 2, Rated, Prizes!)"
Ajith2307,0,353,353,8816,2039,"CodeTON Round 9 (Div. 1 + Div. 2, Rated, Prizes!)"
tiny_pixel,564,697,133,8816,2039,"CodeTON Round 9 (Div. 1 + Div. 2, Rated, Prizes!)"
nazerinKabir,0,353,353,8816,2039,"CodeTON Round 9 (Div. 1 + Div. 2, Rated, Prizes!)"
Khandeh_h,636,762,126,8816,2039,"CodeTON Round 9 (Div. 1 + Div. 2, Rated, Prizes!)"
Ribal21,851,880,29,8816,2039,"CodeTON Round 9 (Div. 1 + Div. 2, Rated, Prizes!)"
H4B1B,682,593,-89,8816,2039,"CodeTON Round 9 (Div. 1 + Div. 2, Rated, Prizes!)"
issahil404,864,767,-97,8816,2039,"CodeTON Round 9 (Div. 1 + Div. 2, Rated, Prizes!)"
unsigned_char,765,673,-92,8816,2039,"CodeTON Round 9 (Div. 1 + Div. 2, Rated, Prizes!)"
Pahlavonov,358,575,217,8816,2039,"CodeTON Round 9 (Div. 1 + Div. 2, Rated, Prizes!)"
GJLH5,0,353,353,8816,2039,"CodeTON Round 9 (Div. 1 + Div. 2, Rated, Prizes!)"
Sajib_20,818,850,32,8816,2039,"CodeTON Round 9 (Div. 1 + Div. 2, Rated, Prizes!)"
TemoTech,576,707,131,8816,2039,"CodeTON Round 9 (Div. 1 + Div. 2, Rated, Prizes!)"
3Smileee,367,583,216,8816,2039,"CodeTON Round 9 (Div. 1 + Div. 2, Rated, Prizes!)"
antiquark007,700,610,-90,8816,2039,"CodeTON Round 9 (Div. 1 + Div. 2, Rated, Prizes!)"
jef_22_12,712,622,-90,8816,2039,"CodeTON Round 9 (Div. 1 + Div. 2, Rated, Prizes!)"
polar_api,393,605,212,8816,2039,"CodeTON Round 9 (Div. 1 + Div. 2, Rated, Prizes!)"
Cloudy_Sky_,939,837,-102,8816,2039,"CodeTON Round 9 (Div. 1 + Div. 2, Rated, Prizes!)"
vss200938_HamzaFarooq,363,579,216,8816,2039,"CodeTON Round 9 (Div. 1 + Div. 2, Rated, Prizes!)"
Gpmr5,0,353,353,8816,2039,"CodeTON Round 9 (Div. 1 + Div. 2, Rated, Prizes!)"
abdelrahmamsobhy244,646,559,-87,8816,2039,"CodeTON Round 9 (Div. 1 + Div. 2, Rated, Prizes!)"
Lucky04,0,353,353,8816,2039,"CodeTON Round 9 (Div. 1 + Div. 2, Rated, Prizes!)"
MariaAngelica,835,866,31,8816,2039,"CodeTON Round 9 (Div. 1 + Div. 2, Rated, Prizes!)"
bolem_26,0,353,353,8816,2039,"CodeTON Round 9 (Div. 1 + Div. 2, Rated, Prizes!)"
Abhinay_2005,378,592,214,8816,2039,"CodeTON Round 9 (Div. 1 + Div. 2, Rated, Prizes!)"
big_hongbao,1313,1173,-140,8816,2039,"CodeTON Round 9 (Div. 1 + Div. 2, Rated, Prizes!)"
akshaykumarbandi2,0,353,353,8816,2039,"CodeTON Round 9 (Div. 1 + Div. 2, Rated, Prizes!)"
23h51a66x8Lakshmi,598,727,129,8816,2039,"CodeTON Round 9 (Div. 1 + Div. 2, Rated, Prizes!)"
sangamsiddharth05,779,686,-93,8816,2039,"CodeTON Round 9 (Div. 1 + Div. 2, Rated, Prizes!)"
codernirob307,853,756,-97,8816,2039,"CodeTON Round 9 (Div. 1 + Div. 2, Rated, Prizes!)"
aliostraa,379,594,215,8816,2039,"CodeTON Round 9 (Div. 1 + Div. 2, Rated, Prizes!)"
youngo,353,570,217,8816,2039,"CodeTON Round 9 (Div. 1 + Div. 2, Rated, Prizes!)"
ai.Pranto,772,770,-2,8816,2039,"CodeTON Round 9 (Div. 1 + Div. 2, Rated, Prizes!)"
Tanjil_1151,0,353,353,8816,2039,"CodeTON Round 9 (Div. 1 + Div. 2, Rated, Prizes!)"
finister101,346,565,219,8816,2039,"CodeTON Round 9 (Div. 1 + Div. 2, Rated, Prizes!)"
TalhaWillDie,0,353,353,8816,2039,"CodeTON Round 9 (Div. 1 + Div. 2, Rated, Prizes!)"
Dinara.Amangeldina,356,573,217,8816,2039,"CodeTON Round 9 (Div. 1 + Div. 2, Rated, Prizes!)"
samanwoy28,765,802,37,8816,2039,"CodeTON Round 9 (Div. 1 + Div. 2, Rated, Prizes!)"
herunze,961,902,-59,8816,2039,"CodeTON Round 9 (Div. 1 + Div. 2, Rated, Prizes!)"
Phoenix_AJ_43,490,690,200,8816,2039,"CodeTON Round 9 (Div. 1 + Div. 2, Rated, Prizes!)"
shivam811,957,853,-104,8816,2039,"CodeTON Round 9 (Div. 1 + Div. 2, Rated, Prizes!)"
hamimsiddiq915,0,353,353,8816,2039,"CodeTON Round 9 (Div. 1 + Div. 2, Rated, Prizes!)"
hasanmahin025,342,262,-80,8816,2039,"CodeTON Round 9 (Div. 1 + Div. 2, Rated, Prizes!)"
sangishettysaicharan,0,353,353,8816,2039,"CodeTON Round 9 (Div. 1 + Div. 2, Rated, Prizes!)"
pankaj4152,797,832,35,8816,2039,"CodeTON Round 9 (Div. 1 + Div. 2, Rated, Prizes!)"
Codemaster06,869,771,-98,8816,2039,"CodeTON Round 9 (Div. 1 + Div. 2, Rated, Prizes!)"
shivagya101,463,666,203,8816,2039,"CodeTON Round 9 (Div. 1 + Div. 2, Rated, Prizes!)"
taha2002,832,736,-96,8816,2039,"CodeTON Round 9 (Div. 1 + Div. 2, Rated, Prizes!)"
Abdullah_Jubayer,632,757,125,8816,2039,"CodeTON Round 9 (Div. 1 + Div. 2, Rated, Prizes!)"
_yo_boii,1131,1012,-119,8816,2039,"CodeTON Round 9 (Div. 1 + Div. 2, Rated, Prizes!)"
Ryan0306,396,608,212,8816,2039,"CodeTON Round 9 (Div. 1 + Div. 2, Rated, Prizes!)"
mahinhussain1201,987,880,-107,8816,2039,"CodeTON Round 9 (Div. 1 + Div. 2, Rated, Prizes!)"
Yuriko,906,852,-54,8816,2039,"CodeTON Round 9 (Div. 1 + Div. 2, Rated, Prizes!)"
nafi_cse0123,375,590,215,8816,2039,"CodeTON Round 9 (Div. 1 + Div. 2, Rated, Prizes!)"
VSS203970_AbdullahHammad,737,777,40,8816,2039,"CodeTON Round 9 (Div. 1 + Div. 2, Rated, Prizes!)"
infantslayer9402,0,353,353,8816,2039,"CodeTON Round 9 (Div. 1 + Div. 2, Rated, Prizes!)"
jm8hit,929,874,-55,8816,2039,"CodeTON Round 9 (Div. 1 + Div. 2, Rated, Prizes!)"
pinkiphogat317,354,572,218,8816,2039,"CodeTON Round 9 (Div. 1 + Div. 2, Rated, Prizes!)"
dreaploud49854,768,805,37,8816,2039,"CodeTON Round 9 (Div. 1 + Div. 2, Rated, Prizes!)"
Twila,566,698,132,8816,2039,"CodeTON Round 9 (Div. 1 + Div. 2, Rated, Prizes!)"
hanmantyadav93,0,353,353,8816,2039,"CodeTON Round 9 (Div. 1 + Div. 2, Rated, Prizes!)"
DAMNmike,501,418,-83,9668,2039,"CodeTON Round 9 (Div. 1 + Div. 2, Rated, Prizes!)"
