submission_id,user_handle,problem_name,verdict,language,creation_time
315975489,vaibhavagarwal277,Make Majority,WRONG_ANSWER,C++20 (GCC 13-64),1744901115
315973868,jack1011,Split the Multiset,WRONG_ANSWER,C++17 (GCC 7-32),1744900383
315970747,jack1011,Make Majority,OK,C++17 (GCC 7-32),1744898940
315969078,jack1011,Make Majority,WRONG_ANSWER,C++17 (GCC 7-32),1744898143
315968911,jack1011,Make Majority,WRONG_ANSWER,C++17 (GCC 7-32),1744898075
315968395,jack1011,Make Majority,WRONG_ANSWER,C++17 (GCC 7-32),1744897832
315968152,CUSTzhang,Make Majority,OK,C++20 (GCC 13-64),1744897721
315967994,Juliano1,Increasing Sequence with Fixed OR,OK,C++17 (GCC 7-32),1744897649
315967822,Juliano1,Increasing Sequence with Fixed OR,OK,C++17 (GCC 7-32),1744897573
315967606,Juliano1,Increasing Sequence with Fixed OR,WRONG_ANSWER,C++17 (GCC 7-32),1744897483
315967391,Juliano1,Increasing Sequence with Fixed OR,WRONG_ANSWER,C++17 (GCC 7-32),1744897392
315961516,yyy_2024,Make Majority,TIME_LIMIT_EXCEEDED,C++17 (GCC 7-32),1744894992
315958744,yyy_2024,Split the Multiset,OK,C++17 (GCC 7-32),1744893820
315957781,DeexantBharti,Split the Multiset,COMPILATION_ERROR,C++17 (GCC 7-32),1744893395
315953077,Ui_Umi,Increasing Sequence with Fixed OR,OK,"C++23 (GCC 14-64, msys2)",1744891319
315952820,Ui_Umi,Increasing Sequence with Fixed OR,WRONG_ANSWER,"C++23 (GCC 14-64, msys2)",1744891214
315942736,Juliano1,Make Majority,OK,C++17 (GCC 7-32),1744886323
315941802,jack1011,Make Majority,WRONG_ANSWER,C++17 (GCC 7-32),1744885754
315941010,jack1011,Make Majority,WRONG_ANSWER,C++17 (GCC 7-32),1744885292
315940419,jack1011,Make Majority,WRONG_ANSWER,C++17 (GCC 7-32),1744884938
315938567,devesh95,The Omnipotent Monster Killer,OK,C++20 (GCC 13-64),1744883911
315930111,dlrshaze03,Increasing Sequence with Fixed OR,OK,Java 21,1744879269
315928978,dlrshaze03,Increasing Sequence with Fixed OR,WRONG_ANSWER,Java 21,1744878599
315928452,dlrshaze03,Increasing Sequence with Fixed OR,RUNTIME_ERROR,Java 21,1744878288
315927894,atik_uwu,Make Majority,OK,"C++23 (GCC 14-64, msys2)",1744877957
315927843,atik_uwu,Make Majority,WRONG_ANSWER,"C++23 (GCC 14-64, msys2)",1744877926
315927560,woonder,The Omnipotent Monster Killer,OK,"C++23 (GCC 14-64, msys2)",1744877746
315927551,atik_uwu,Make Majority,WRONG_ANSWER,"C++23 (GCC 14-64, msys2)",1744877739
315925857,woonder,The Omnipotent Monster Killer,WRONG_ANSWER,"C++23 (GCC 14-64, msys2)",1744876662
315925826,atik_uwu,Split the Multiset,OK,PyPy 3-64,1744876642
315925780,woonder,The Omnipotent Monster Killer,WRONG_ANSWER,"C++23 (GCC 14-64, msys2)",1744876613
315925697,woonder,The Omnipotent Monster Killer,TIME_LIMIT_EXCEEDED,"C++23 (GCC 14-64, msys2)",1744876569
315925691,atik_uwu,Split the Multiset,WRONG_ANSWER,"C++23 (GCC 14-64, msys2)",1744876564
315925451,atik_uwu,Split the Multiset,WRONG_ANSWER,"C++23 (GCC 14-64, msys2)",1744876421
315925162,atik_uwu,Split the Multiset,WRONG_ANSWER,"C++23 (GCC 14-64, msys2)",1744876246
315925092,woonder,The Omnipotent Monster Killer,WRONG_ANSWER,"C++23 (GCC 14-64, msys2)",1744876200
315924159,woonder,The Omnipotent Monster Killer,WRONG_ANSWER,"C++23 (GCC 14-64, msys2)",1744875589
315921022,biniaiah,Make Majority,OK,PyPy 3-64,1744873645
315920858,biniaiah,Make Majority,WRONG_ANSWER,PyPy 3-64,1744873546
315920544,Juliano1,Split the Multiset,OK,C++17 (GCC 7-32),1744873367
315908305,loohith,Increasing Sequence with Fixed OR,OK,C++20 (GCC 13-64),1744863872
315874355,shuvro2000,Make Majority,OK,C++17 (GCC 7-32),1744827527
315874294,shuvro2000,Make Majority,WRONG_ANSWER,C++17 (GCC 7-32),1744827497
315872241,shin_nNn,Split the Multiset,OK,Java 21,1744826361
315870169,shin_nNn,Split the Multiset,WRONG_ANSWER,Java 21,1744825344
315870148,yarraguntadhanush0852,Make Majority,OK,C++17 (GCC 7-32),1744825336
315867877,shuvro2000,Make Majority,WRONG_ANSWER,C++17 (GCC 7-32),1744824252
315867677,shuvro2000,Make Majority,COMPILATION_ERROR,C++17 (GCC 7-32),1744824152
315866642,shuvro2000,Make Majority,WRONG_ANSWER,C++17 (GCC 7-32),1744823638
315866297,DeNNazaVR,Range Minimum Sum,OK,"C++23 (GCC 14-64, msys2)",1744823477
315866272,shuvro2000,Make Majority,WRONG_ANSWER,C++17 (GCC 7-32),1744823465
315858768,seuristic,Make Majority,OK,C++17 (GCC 7-32),1744820006
315856817,shin_nNn,Split the Multiset,WRONG_ANSWER,Java 21,1744819188
315852955,Anurag.srivastava04,Split the Multiset,OK,C++17 (GCC 7-32),1744817569
315851789,Abdul_momit,Split the Multiset,OK,C++17 (GCC 7-32),1744817041
315851145,vigneshwaran2110609,Split the Multiset,WRONG_ANSWER,Python 3,1744816770
315847822,The-Dreamer,Make Majority,OK,"C++23 (GCC 14-64, msys2)",1744815226
315843772,Jayesh_Waghmare,Make Majority,OK,"C++23 (GCC 14-64, msys2)",1744813226
315843476,gamerid0fsk,Split the Multiset,OK,C++17 (GCC 7-32),1744813102
315842863,gamerid0fsk,Split the Multiset,WRONG_ANSWER,C++17 (GCC 7-32),1744812844
315839390,gamerid0fsk,Make Majority,OK,C++17 (GCC 7-32),1744811335
315836699,Apeiron_24,Split the Multiset,OK,"C++23 (GCC 14-64, msys2)",1744810176
315836645,Apeiron_24,Split the Multiset,OK,"C++23 (GCC 14-64, msys2)",1744810156
315836311,Apeiron_24,Split the Multiset,WRONG_ANSWER,"C++23 (GCC 14-64, msys2)",1744810001
315836038,DaniloLMD,Split the Multiset,OK,C++20 (GCC 13-64),1744809881
315831360,guptavasudev,Make Majority,OK,C++17 (GCC 7-32),1744807623
315826666,CoDeLikeShubham,Increasing Sequence with Fixed OR,OK,C++17 (GCC 7-32),1744805315
315824947,yarraguntadhanush0852,Split the Multiset,OK,C++17 (GCC 7-32),1744804495
315824363,yarraguntadhanush0852,Split the Multiset,WRONG_ANSWER,C++17 (GCC 7-32),1744804170
315823040,a_usual,Make Majority,OK,"C++23 (GCC 14-64, msys2)",1744803469
315822632,I_am_BackTrack,Increasing Sequence with Fixed OR,OK,C++17 (GCC 7-32),1744803236
315822612,rcht,Increasing Sequence with Fixed OR,OK,"C++23 (GCC 14-64, msys2)",1744803223
315822510,rcht,Increasing Sequence with Fixed OR,WRONG_ANSWER,"C++23 (GCC 14-64, msys2)",1744803162
315821244,I_am_BackTrack,Increasing Sequence with Fixed OR,OK,C++17 (GCC 7-32),1744802430
315820901,a_usual,Split the Multiset,OK,"C++23 (GCC 14-64, msys2)",1744802230
315819895,vigneshwaran2110609,Split the Multiset,WRONG_ANSWER,Python 3,1744801648
315819881,I_am_BackTrack,Increasing Sequence with Fixed OR,WRONG_ANSWER,C++17 (GCC 7-32),1744801640
315819589,I_am_BackTrack,Increasing Sequence with Fixed OR,WRONG_ANSWER,C++17 (GCC 7-32),1744801468
315818515,Z3SCN,Split the Multiset,OK,C++17 (GCC 7-32),1744800836
315817669,Z3SCN,Split the Multiset,WRONG_ANSWER,C++17 (GCC 7-32),1744800308
315816625,RoninMello,Increasing Sequence with Fixed OR,OK,"C++23 (GCC 14-64, msys2)",1744799610
315810858,vigneshwaran2110609,Split the Multiset,WRONG_ANSWER,Python 3,1744795580
315809872,vigneshwaran2110609,Split the Multiset,WRONG_ANSWER,Python 3,1744794993
315809841,vivek.2004sing,Increasing Sequence with Fixed OR,OK,"C++23 (GCC 14-64, msys2)",1744794977
315808763,vivek.2004sing,Increasing Sequence with Fixed OR,WRONG_ANSWER,"C++23 (GCC 14-64, msys2)",1744794305
315808434,vivek.2004sing,Increasing Sequence with Fixed OR,WRONG_ANSWER,"C++23 (GCC 14-64, msys2)",1744794102
315797758,Wlin,Make Majority,WRONG_ANSWER,C++17 (GCC 7-32),1744786845
315795528,V3k0r,The Omnipotent Monster Killer,OK,C++20 (GCC 13-64),1744785330
315795415,V3k0r,The Omnipotent Monster Killer,COMPILATION_ERROR,C++20 (GCC 13-64),1744785255
315794761,V3k0r,The Omnipotent Monster Killer,WRONG_ANSWER,C++20 (GCC 13-64),1744784774
315794692,V3k0r,The Omnipotent Monster Killer,COMPILATION_ERROR,C++20 (GCC 13-64),1744784710
315794150,V3k0r,The Omnipotent Monster Killer,TIME_LIMIT_EXCEEDED,PyPy 3-64,1744784321
315793773,V3k0r,The Omnipotent Monster Killer,TIME_LIMIT_EXCEEDED,PyPy 3-64,1744784054
315793232,ankonroy,Increasing Sequence with Fixed OR,OK,C++20 (GCC 13-64),1744783631
315793107,ankonroy,Increasing Sequence with Fixed OR,WRONG_ANSWER,C++20 (GCC 13-64),1744783537
315790487,V3k0r,The Omnipotent Monster Killer,WRONG_ANSWER,PyPy 3-64,1744781256
315789454,V3k0r,The Omnipotent Monster Killer,WRONG_ANSWER,PyPy 3-64,1744780484
315789195,Hoopoe404,Increasing Sequence with Fixed OR,OK,C++20 (GCC 13-64),1744780267
315789081,Hoopoe404,Increasing Sequence with Fixed OR,WRONG_ANSWER,C++20 (GCC 13-64),1744780163
315782224,Saif_Bhuiyan,Split the Multiset,WRONG_ANSWER,GNU C11,1744772974
315782152,Saif_Bhuiyan,Split the Multiset,WRONG_ANSWER,GNU C11,1744772877
315767076,asdasdqwer,The Omnipotent Monster Killer,OK,C++20 (GCC 13-64),1744750604
315765893,TheMushirAli,Increasing Sequence with Fixed OR,OK,"C++23 (GCC 14-64, msys2)",1744749499
315765697,TheMushirAli,Increasing Sequence with Fixed OR,WRONG_ANSWER,"C++23 (GCC 14-64, msys2)",1744749326
315765663,TheMushirAli,Increasing Sequence with Fixed OR,WRONG_ANSWER,"C++23 (GCC 14-64, msys2)",1744749294
315765051,TheMushirAli,Increasing Sequence with Fixed OR,WRONG_ANSWER,"C++23 (GCC 14-64, msys2)",1744748753
315764984,TheMushirAli,Increasing Sequence with Fixed OR,WRONG_ANSWER,"C++23 (GCC 14-64, msys2)",1744748687
315764915,TheMushirAli,Increasing Sequence with Fixed OR,WRONG_ANSWER,"C++23 (GCC 14-64, msys2)",1744748639
315761631,mayankagrwl_13,The Omnipotent Monster Killer,OK,"C++23 (GCC 14-64, msys2)",1744745985
315752878,muntakim_lamim,Split the Multiset,OK,C++20 (GCC 13-64),1744740843
315751086,stringgg,Split the Multiset,OK,C++17 (GCC 7-32),1744739977
315750997,stringgg,Split the Multiset,WRONG_ANSWER,C++17 (GCC 7-32),1744739942
315750395,stringgg,Split the Multiset,WRONG_ANSWER,C++17 (GCC 7-32),1744739648
315748758,HaRsH_sHUKlA-,Increasing Sequence with Fixed OR,OK,C++20 (GCC 13-64),1744738946
315748525,HaRsH_sHUKlA-,Increasing Sequence with Fixed OR,WRONG_ANSWER,C++20 (GCC 13-64),1744738841
315748328,HaRsH_sHUKlA-,Increasing Sequence with Fixed OR,WRONG_ANSWER,C++20 (GCC 13-64),1744738749
315747915,HaRsH_sHUKlA-,Increasing Sequence with Fixed OR,WRONG_ANSWER,C++20 (GCC 13-64),1744738574
315743873,424479543,Heartbeat,OK,"C++23 (GCC 14-64, msys2)",1744736645
315739609,424479543,Heartbeat,OK,"C++23 (GCC 14-64, msys2)",1744734777
315739338,424479543,Heartbeat,OK,"C++23 (GCC 14-64, msys2)",1744734678
315738855,424479543,Heartbeat,OK,"C++23 (GCC 14-64, msys2)",1744734484
315738392,424479543,Heartbeat,OK,"C++23 (GCC 14-64, msys2)",1744734304
315738263,424479543,Heartbeat,OK,"C++23 (GCC 14-64, msys2)",1744734248
315737548,akshanshpawar120,Make Majority,OK,"C++23 (GCC 14-64, msys2)",1744733969
315737461,manyadx777,Split the Multiset,OK,C++17 (GCC 7-32),1744733940
315735796,424479543,Heartbeat,OK,"C++23 (GCC 14-64, msys2)",1744733316
315735623,424479543,Heartbeat,OK,"C++23 (GCC 14-64, msys2)",1744733252
315735465,424479543,Heartbeat,OK,"C++23 (GCC 14-64, msys2)",1744733187
315735403,424479543,Heartbeat,OK,"C++23 (GCC 14-64, msys2)",1744733161
315735326,424479543,Heartbeat,OK,"C++23 (GCC 14-64, msys2)",1744733132
315735259,424479543,Heartbeat,TIME_LIMIT_EXCEEDED,"C++23 (GCC 14-64, msys2)",1744733102
315735048,424479543,Heartbeat,OK,"C++23 (GCC 14-64, msys2)",1744733020
315734833,akshanshpawar120,Make Majority,WRONG_ANSWER,"C++23 (GCC 14-64, msys2)",1744732935
315734480,424479543,Heartbeat,OK,"C++23 (GCC 14-64, msys2)",1744732793
315734118,manyadx777,Split the Multiset,WRONG_ANSWER,C++17 (GCC 7-32),1744732647
315733553,424479543,Heartbeat,OK,"C++23 (GCC 14-64, msys2)",1744732424
315733483,424479543,Heartbeat,OK,"C++23 (GCC 14-64, msys2)",1744732392
315733442,manyadx777,Split the Multiset,WRONG_ANSWER,C++17 (GCC 7-32),1744732380
315733189,424479543,Heartbeat,OK,"C++23 (GCC 14-64, msys2)",1744732279
315730457,424479543,Heartbeat,OK,"C++23 (GCC 14-64, msys2)",1744731207
315729980,akshanshpawar120,Make Majority,WRONG_ANSWER,"C++23 (GCC 14-64, msys2)",1744731029
315729907,manyadx777,Split the Multiset,WRONG_ANSWER,C++17 (GCC 7-32),1744730997
315729656,manyadx777,Split the Multiset,WRONG_ANSWER,C++17 (GCC 7-32),1744730911
315729419,manyadx777,Split the Multiset,WRONG_ANSWER,C++17 (GCC 7-32),1744730821
315729021,manyadx777,Split the Multiset,WRONG_ANSWER,C++17 (GCC 7-32),1744730669
315728423,akshanshpawar120,Split the Multiset,OK,"C++23 (GCC 14-64, msys2)",1744730453
315724285,Ui_Umi,Make Majority,OK,"C++23 (GCC 14-64, msys2)",1744728920
315723937,GnuhHung,Increasing Sequence with Fixed OR,OK,"C++23 (GCC 14-64, msys2)",1744728780
315709935,qazwsxedcrfvsbsbsb,Split the Multiset,OK,C++20 (GCC 13-64),1744722712
315709888,ChenZHIyU,Split the Multiset,OK,"C++23 (GCC 14-64, msys2)",1744722687
315698930,Faog,Increasing Sequence with Fixed OR,OK,"C++23 (GCC 14-64, msys2)",1744717115
315698886,Faog,Increasing Sequence with Fixed OR,WRONG_ANSWER,"C++23 (GCC 14-64, msys2)",1744717089
315698677,Faog,Increasing Sequence with Fixed OR,OK,"C++23 (GCC 14-64, msys2)",1744716982
315698519,Faog,Increasing Sequence with Fixed OR,WRONG_ANSWER,"C++23 (GCC 14-64, msys2)",1744716911
315697469,Fastergood,Increasing Sequence with Fixed OR,OK,C++20 (GCC 13-64),1744716391
315696870,Fastergood,Increasing Sequence with Fixed OR,WRONG_ANSWER,C++20 (GCC 13-64),1744716083
315696810,Fastergood,Increasing Sequence with Fixed OR,COMPILATION_ERROR,C++20 (GCC 13-64),1744716043
315696261,Fastergood,Increasing Sequence with Fixed OR,WRONG_ANSWER,C++20 (GCC 13-64),1744715749
315694919,Fastergood,Increasing Sequence with Fixed OR,WRONG_ANSWER,C++20 (GCC 13-64),1744715046
315694615,ChenZHIyU,Make Majority,OK,"C++23 (GCC 14-64, msys2)",1744714862
315691059,AliberA,Make Majority,OK,C++20 (GCC 13-64),1744712957
315690199,AliberA,Make Majority,WRONG_ANSWER,C++20 (GCC 13-64),1744712447
315682731,AboodProggram,Make Majority,WRONG_ANSWER,"C++23 (GCC 14-64, msys2)",1744708342
315682370,AboodProggram,Make Majority,WRONG_ANSWER,"C++23 (GCC 14-64, msys2)",1744708138
315677882,wuyuqian,The Omnipotent Monster Killer,OK,"C++23 (GCC 14-64, msys2)",1744705976
315675673,parteekoncode,Increasing Sequence with Fixed OR,OK,"C++23 (GCC 14-64, msys2)",1744704966
315674320,wuyuqian,The Omnipotent Monster Killer,WRONG_ANSWER,"C++23 (GCC 14-64, msys2)",1744704331
315673736,I_am_BackTrack,Make Majority,OK,C++17 (GCC 7-32),1744704059
315672712,wuyuqian,Split the Multiset,OK,"C++23 (GCC 14-64, msys2)",1744703482
315670096,monkey_monk,Split the Multiset,RUNTIME_ERROR,C++20 (GCC 13-64),1744701838
315669719,wuyuqian,Split the Multiset,WRONG_ANSWER,"C++23 (GCC 14-64, msys2)",1744701586
315669319,wuyuqian,Increasing Sequence with Fixed OR,OK,"C++23 (GCC 14-64, msys2)",1744701337
315668773,wuyuqian,Increasing Sequence with Fixed OR,WRONG_ANSWER,"C++23 (GCC 14-64, msys2)",1744700989
315668759,wuyuqian,Make Majority,OK,"C++23 (GCC 14-64, msys2)",1744700977
315668741,wuyuqian,Split the Multiset,WRONG_ANSWER,"C++23 (GCC 14-64, msys2)",1744700966
315656696,manaotian,Make Majority,OK,PyPy 3,1744692549
315655996,AkShukla,Split the Multiset,OK,"C++23 (GCC 14-64, msys2)",1744692016
315655704,AkShukla,Split the Multiset,WRONG_ANSWER,"C++23 (GCC 14-64, msys2)",1744691744
315655230,AkShukla,The Omnipotent Monster Killer,WRONG_ANSWER,"C++23 (GCC 14-64, msys2)",1744691294
315655089,AkShukla,The Omnipotent Monster Killer,WRONG_ANSWER,"C++23 (GCC 14-64, msys2)",1744691183
315654664,AkShukla,The Omnipotent Monster Killer,WRONG_ANSWER,"C++23 (GCC 14-64, msys2)",1744690809
315654232,AkShukla,The Omnipotent Monster Killer,WRONG_ANSWER,"C++23 (GCC 14-64, msys2)",1744690514
315654108,AkShukla,The Omnipotent Monster Killer,WRONG_ANSWER,"C++23 (GCC 14-64, msys2)",1744690394
315646826,qwyz,The Omnipotent Monster Killer,OK,"C++23 (GCC 14-64, msys2)",1744682184
315645340,qwyz,The Omnipotent Monster Killer,WRONG_ANSWER,"C++23 (GCC 14-64, msys2)",1744680288
315644945,xigua666,Increasing Sequence with Fixed OR,OK,"C++23 (GCC 14-64, msys2)",1744679801
315644829,xigua666,Increasing Sequence with Fixed OR,WRONG_ANSWER,"C++23 (GCC 14-64, msys2)",1744679684
315637123,Angel_Franco,Split the Multiset,WRONG_ANSWER,"C++23 (GCC 14-64, msys2)",1744667803
315628592,parteekoncode,Increasing Sequence with Fixed OR,WRONG_ANSWER,"C++23 (GCC 14-64, msys2)",1744660826
315627749,parteekoncode,Increasing Sequence with Fixed OR,WRONG_ANSWER,"C++23 (GCC 14-64, msys2)",1744660297
315627616,7oDA_ERROR,Split the Multiset,OK,C++17 (GCC 7-32),1744660220
315627234,7oDA_ERROR,Split the Multiset,WRONG_ANSWER,C++17 (GCC 7-32),1744660008
315623969,parlerler,Make Majority,OK,"C++23 (GCC 14-64, msys2)",1744658148
315615056,CUSTzhang,Split the Multiset,OK,C++20 (GCC 13-64),1744653844
315614916,CUSTzhang,Split the Multiset,OK,C++20 (GCC 13-64),1744653805
315613882,CUSTzhang,Split the Multiset,TIME_LIMIT_EXCEEDED,C++20 (GCC 13-64),1744653301
315613786,CUSTzhang,Split the Multiset,TIME_LIMIT_EXCEEDED,C++20 (GCC 13-64),1744653251
315613161,AliberA,Split the Multiset,OK,C++20 (GCC 13-64),1744652974
315608697,DawlyRajput_24,Increasing Sequence with Fixed OR,OK,C++20 (GCC 13-64),1744650883
315602266,Angel_Franco,Split the Multiset,WRONG_ANSWER,"C++23 (GCC 14-64, msys2)",1744648002
315599277,Pinakthummar,Make Majority,OK,C++20 (GCC 13-64),1744646674
315597346,Brep_Master,Split the Multiset,OK,C++17 (GCC 7-32),1744646009
315594698,dekisuki91,Increasing Sequence with Fixed OR,OK,C++17 (GCC 7-32),1744645043
315594495,Brep_Master,Make Majority,OK,C++17 (GCC 7-32),1744644967
315585660,Viper2454,Make Majority,TIME_LIMIT_EXCEEDED,C++17 (GCC 7-32),1744641212
315584668,CodeWizParth,Split the Multiset,OK,"C++23 (GCC 14-64, msys2)",1744640714
315581529,CodeWizParth,Split the Multiset,WRONG_ANSWER,"C++23 (GCC 14-64, msys2)",1744639240
315580204,Viper2454,Make Majority,TIME_LIMIT_EXCEEDED,C++17 (GCC 7-32),1744638511
315576307,Vinayk2003,Make Majority,OK,Python 3,1744635657
315576093,shridhar0707,Make Majority,OK,Python 3,1744635505
315572825,S.Shukla23,Make Majority,OK,C++17 (GCC 7-32),1744632651
315572815,Fastergood,Increasing Sequence with Fixed OR,WRONG_ANSWER,C++20 (GCC 13-64),1744632642
315572285,Fastergood,Increasing Sequence with Fixed OR,WRONG_ANSWER,C++20 (GCC 13-64),1744632252
315571093,CodeWizParth,Split the Multiset,WRONG_ANSWER,"C++23 (GCC 14-64, msys2)",1744631440
315570919,aditya.wairkar123,The Omnipotent Monster Killer,WRONG_ANSWER,C++17 (GCC 7-32),1744631329
315570174,aditya.wairkar123,The Omnipotent Monster Killer,WRONG_ANSWER,C++17 (GCC 7-32),1744630915
315569864,Wlin,Split the Multiset,OK,C++17 (GCC 7-32),1744630752
315569479,aditya.wairkar123,The Omnipotent Monster Killer,WRONG_ANSWER,C++17 (GCC 7-32),1744630542
315568676,aditya.wairkar123,The Omnipotent Monster Killer,WRONG_ANSWER,C++17 (GCC 7-32),1744630142
315567517,aditya.wairkar123,The Omnipotent Monster Killer,WRONG_ANSWER,C++17 (GCC 7-32),1744629520
315567154,isma,The Omnipotent Monster Killer,OK,"C++23 (GCC 14-64, msys2)",1744629299
315565400,aditya.wairkar123,Increasing Sequence with Fixed OR,OK,C++17 (GCC 7-32),1744628308
315563679,Daozhin1,Increasing Sequence with Fixed OR,OK,"C++23 (GCC 14-64, msys2)",1744627155
315563318,Daozhin1,Increasing Sequence with Fixed OR,OK,"C++23 (GCC 14-64, msys2)",1744626913
315561931,aditya.wairkar123,Make Majority,OK,C++17 (GCC 7-32),1744626016
315561149,aditya.wairkar123,Split the Multiset,OK,C++17 (GCC 7-32),1744625532
315558493,kumardasshankit973,Increasing Sequence with Fixed OR,OK,C++17 (GCC 7-32),1744623636
315557069,kumardasshankit973,Increasing Sequence with Fixed OR,WRONG_ANSWER,C++17 (GCC 7-32),1744622567
315554053,shuvro2000,Make Majority,WRONG_ANSWER,C++17 (GCC 7-32),1744620057
315538173,pinkfloyed,Split the Multiset,OK,"C++23 (GCC 14-64, msys2)",1744610550
315537272,pinkfloyed,Split the Multiset,WRONG_ANSWER,"C++23 (GCC 14-64, msys2)",1744610020
315536783,pinkfloyed,Split the Multiset,WRONG_ANSWER,"C++23 (GCC 14-64, msys2)",1744609746
315535303,pinkfloyed,Make Majority,OK,"C++23 (GCC 14-64, msys2)",1744608858
315534974,pinkfloyed,Make Majority,WRONG_ANSWER,"C++23 (GCC 14-64, msys2)",1744608664
315534295,pinkfloyed,Make Majority,WRONG_ANSWER,"C++23 (GCC 14-64, msys2)",1744608262
315531920,turjo_hasnat,Split the Multiset,OK,C++20 (GCC 13-64),1744606827
315530732,pinkfloyed,Make Majority,WRONG_ANSWER,"C++23 (GCC 14-64, msys2)",1744606091
315529763,turjo_hasnat,Split the Multiset,WRONG_ANSWER,C++20 (GCC 13-64),1744605463
315516886,Daozhin1,Make Majority,OK,"C++23 (GCC 14-64, msys2)",1744591326
315516854,Daozhin1,Make Majority,OK,"C++23 (GCC 14-64, msys2)",1744591290
315515253,Sami-Mezghani23,Increasing Sequence with Fixed OR,OK,"C++23 (GCC 14-64, msys2)",1744588547
315511274,omtej1607,Make Majority,OK,C++20 (GCC 13-64),1744582144
315504653,dragon_emper0r,Increasing Sequence with Fixed OR,OK,C++20 (GCC 13-64),1744576376
315495601,gerar123,Split the Multiset,OK,C++17 (GCC 7-32),1744571134
315491547,gerar123,Split the Multiset,WRONG_ANSWER,C++17 (GCC 7-32),1744569289
315491233,gerar123,Split the Multiset,WRONG_ANSWER,C++17 (GCC 7-32),1744569150
315419474,Imran_Raza,Make Majority,OK,C++20 (GCC 13-64),1744562460
315305931,vididvidid,Split the Multiset,OK,C++20 (GCC 13-64),1744556886
315302123,dekisuki91,Make Majority,OK,C++17 (GCC 7-32),1744555022
315296958,vididvidid,Split the Multiset,WRONG_ANSWER,C++20 (GCC 13-64),1744552483
315296203,vididvidid,Split the Multiset,WRONG_ANSWER,C++20 (GCC 13-64),1744552097
315294111,Fastergood,Increasing Sequence with Fixed OR,OK,C++20 (GCC 13-64),1744551066
315294039,vididvidid,Make Majority,OK,C++20 (GCC 13-64),1744551027
315293593,Fastergood,Increasing Sequence with Fixed OR,OK,C++20 (GCC 13-64),1744550810
315293460,vididvidid,Make Majority,WRONG_ANSWER,C++20 (GCC 13-64),1744550731
315293021,Fastergood,Increasing Sequence with Fixed OR,WRONG_ANSWER,C++20 (GCC 13-64),1744550492
315292791,Fastergood,Increasing Sequence with Fixed OR,WRONG_ANSWER,C++20 (GCC 13-64),1744550367
315291322,Fastergood,Increasing Sequence with Fixed OR,WRONG_ANSWER,C++20 (GCC 13-64),1744549566
315291029,Fastergood,Increasing Sequence with Fixed OR,WRONG_ANSWER,C++20 (GCC 13-64),1744549391
315289880,Fastergood,Increasing Sequence with Fixed OR,WRONG_ANSWER,C++20 (GCC 13-64),1744548817
315282560,Fastergood,Make Majority,OK,C++20 (GCC 13-64),1744544926
315282479,Fastergood,Make Majority,OK,C++20 (GCC 13-64),1744544878
315282370,Fastergood,Make Majority,WRONG_ANSWER,C++20 (GCC 13-64),1744544820
315282197,Fastergood,Make Majority,WRONG_ANSWER,C++20 (GCC 13-64),1744544743
315275338,noMathematician1729,Split the Multiset,OK,C++20 (GCC 13-64),1744541224
315262280,Rohan_7,Split the Multiset,OK,C++17 (GCC 7-32),1744535470
315253527,primex_moose,Increasing Sequence with Fixed OR,OK,"C++23 (GCC 14-64, msys2)",1744530996
315251253,primex_moose,Make Majority,OK,"C++23 (GCC 14-64, msys2)",1744529764
315250343,nayo0513,The Omnipotent Monster Killer,OK,Rust 2021,1744529224
315250252,primex_moose,Split the Multiset,OK,"C++23 (GCC 14-64, msys2)",1744529172
315249224,primex_moose,Split the Multiset,WRONG_ANSWER,"C++23 (GCC 14-64, msys2)",1744528607
315238968,gerar123,Make Majority,OK,C++17 (GCC 7-32),1744522635
315236722,himanshuiitg27,Split the Multiset,OK,C++17 (GCC 7-32),1744521046
315236136,himanshuiitg27,Split the Multiset,WRONG_ANSWER,C++17 (GCC 7-32),1744520597
315234202,emper0r_24,Make Majority,OK,C++20 (GCC 13-64),1744519032
315234171,Dhinakarans,Make Majority,OK,"C++23 (GCC 14-64, msys2)",1744518997
315233310,ShlokAgrahari,Increasing Sequence with Fixed OR,OK,C++17 (GCC 7-32),1744518203
315232444,ShlokAgrahari,Increasing Sequence with Fixed OR,WRONG_ANSWER,C++17 (GCC 7-32),1744517304
315232395,ShlokAgrahari,Increasing Sequence with Fixed OR,COMPILATION_ERROR,C++17 (GCC 7-32),1744517255
315223401,VoidRunner,Make Majority,OK,C++20 (GCC 13-64),1744503928
315222320,glowbigger,Increasing Sequence with Fixed OR,WRONG_ANSWER,"C++23 (GCC 14-64, msys2)",1744501130
315221633,10m4y,Make Majority,OK,"C++23 (GCC 14-64, msys2)",1744499555
315220040,mlinear,Increasing Sequence with Fixed OR,OK,Java 21,1744496946
315214418,_ALSHR3,Increasing Sequence with Fixed OR,WRONG_ANSWER,C++20 (GCC 13-64),1744490874
315213804,_ALSHR3,Increasing Sequence with Fixed OR,WRONG_ANSWER,C++20 (GCC 13-64),1744490514
315213496,_ALSHR3,Increasing Sequence with Fixed OR,WRONG_ANSWER,C++20 (GCC 13-64),1744490299
315213374,_ALSHR3,Increasing Sequence with Fixed OR,WRONG_ANSWER,C++20 (GCC 13-64),1744490204
315212184,fadyscube,Increasing Sequence with Fixed OR,OK,C++17 (GCC 7-32),1744489360
315210821,h.wajih,Split the Multiset,OK,C++17 (GCC 7-32),1744488520
315210547,fadyscube,Increasing Sequence with Fixed OR,WRONG_ANSWER,C++17 (GCC 7-32),1744488352
315210370,fadyscube,Increasing Sequence with Fixed OR,WRONG_ANSWER,C++17 (GCC 7-32),1744488244
315208879,so_long,The Omnipotent Monster Killer,WRONG_ANSWER,C++20 (GCC 13-64),1744487330
315208267,so_long,The Omnipotent Monster Killer,TIME_LIMIT_EXCEEDED,C++20 (GCC 13-64),1744486968
315207429,AKashit_125,Make Majority,OK,C++20 (GCC 13-64),1744486511
315206790,AKashit_125,Make Majority,MEMORY_LIMIT_EXCEEDED,C++20 (GCC 13-64),1744486154
315205911,lam_put,Make Majority,OK,C++17 (GCC 7-32),1744485697
315205816,so_long,The Omnipotent Monster Killer,WRONG_ANSWER,C++20 (GCC 13-64),1744485649
315205415,so_long,The Omnipotent Monster Killer,WRONG_ANSWER,C++20 (GCC 13-64),1744485452
315205315,MashrafeBoss,Split the Multiset,OK,C++17 (GCC 7-32),1744485397
315204893,so_long,The Omnipotent Monster Killer,TIME_LIMIT_EXCEEDED,C++20 (GCC 13-64),1744485174
315204691,lam_put,Make Majority,WRONG_ANSWER,C++17 (GCC 7-32),1744485071
315204610,so_long,The Omnipotent Monster Killer,TIME_LIMIT_EXCEEDED,C++20 (GCC 13-64),1744485025
315204380,so_long,The Omnipotent Monster Killer,TIME_LIMIT_EXCEEDED,C++20 (GCC 13-64),1744484907
315203950,lam_put,Make Majority,WRONG_ANSWER,C++17 (GCC 7-32),1744484678
315203013,renegade1050,The Omnipotent Monster Killer,WRONG_ANSWER,C++17 (GCC 7-32),1744484178
315202072,renegade1050,Increasing Sequence with Fixed OR,OK,C++17 (GCC 7-32),1744483664
315201171,Tensonn,The Omnipotent Monster Killer,WRONG_ANSWER,"C++23 (GCC 14-64, msys2)",1744483199
315200940,himanshuiitg27,Split the Multiset,WRONG_ANSWER,C++17 (GCC 7-32),1744483071
315200517,Tensonn,The Omnipotent Monster Killer,WRONG_ANSWER,"C++23 (GCC 14-64, msys2)",1744482861
315199374,renegade1050,Make Majority,OK,C++17 (GCC 7-32),1744482273
315198971,harshchaubey_23,Split the Multiset,OK,C++17 (GCC 7-32),1744482091
315198594,Tensonn,The Omnipotent Monster Killer,WRONG_ANSWER,"C++23 (GCC 14-64, msys2)",1744481932
315197915,renegade1050,Split the Multiset,OK,C++17 (GCC 7-32),1744481611
315196042,DawlyRajput_24,Split the Multiset,OK,C++20 (GCC 13-64),1744480696
315195136,DawlyRajput_24,Split the Multiset,WRONG_ANSWER,C++20 (GCC 13-64),1744480261
315194713,ahmed_elshabasy7,Make Majority,OK,C++20 (GCC 13-64),1744480069
315194540,ahmed_elshabasy7,Make Majority,WRONG_ANSWER,C++20 (GCC 13-64),1744479980
315191166,DawlyRajput_24,Make Majority,OK,C++20 (GCC 13-64),1744478482
315190413,vasireddyvenu,Increasing Sequence with Fixed OR,OK,C++17 (GCC 7-32),1744478136
315189302,being_mysterious,The Omnipotent Monster Killer,OK,C++20 (GCC 13-64),1744477680
315184851,vasireddyvenu,Make Majority,OK,C++17 (GCC 7-32),1744476360
315183494,vasireddyvenu,Split the Multiset,OK,C++17 (GCC 7-32),1744475850
315174521,himanshuiitg27,Make Majority,OK,C++17 (GCC 7-32),1744472944
315171761,himanshuiitg27,Make Majority,WRONG_ANSWER,C++17 (GCC 7-32),1744472079
315169648,himanshuiitg27,Make Majority,WRONG_ANSWER,C++17 (GCC 7-32),1744471320
315168251,himanshuiitg27,Make Majority,WRONG_ANSWER,C++17 (GCC 7-32),1744470840
315168189,cq__2436,The Omnipotent Monster Killer,WRONG_ANSWER,C++20 (GCC 13-64),1744470817
315165844,jisanAgain,Increasing Sequence with Fixed OR,OK,C++20 (GCC 13-64),1744470197
315165498,cq__2436,The Omnipotent Monster Killer,WRONG_ANSWER,C++20 (GCC 13-64),1744470083
315165370,cq__2436,The Omnipotent Monster Killer,WRONG_ANSWER,C++20 (GCC 13-64),1744470041
315163294,cq__2436,The Omnipotent Monster Killer,WRONG_ANSWER,C++20 (GCC 13-64),1744469299
315163185,cq__2436,The Omnipotent Monster Killer,WRONG_ANSWER,C++20 (GCC 13-64),1744469263
315162815,cq__2436,The Omnipotent Monster Killer,WRONG_ANSWER,C++20 (GCC 13-64),1744469129
315161222,cq__2436,Increasing Sequence with Fixed OR,OK,C++20 (GCC 13-64),1744468581
315161066,cq__2436,Increasing Sequence with Fixed OR,WRONG_ANSWER,C++20 (GCC 13-64),1744468529
315160733,cq__2436,Increasing Sequence with Fixed OR,WRONG_ANSWER,C++20 (GCC 13-64),1744468421
315157715,journeyCowsHu,Split the Multiset,OK,"C++23 (GCC 14-64, msys2)",1744467348
315157106,dekisuki91,Split the Multiset,OK,C++17 (GCC 7-32),1744467134
315156460,cq__2436,Make Majority,OK,C++20 (GCC 13-64),1744466917
315155231,cq__2436,Split the Multiset,OK,C++20 (GCC 13-64),1744466454
315153082,Neeraj_Sharma_28,Make Majority,OK,C++20 (GCC 13-64),1744465655
315151242,mysticTB,Increasing Sequence with Fixed OR,OK,C++17 (GCC 7-32),1744464940
315151180,mysticTB,Increasing Sequence with Fixed OR,COMPILATION_ERROR,C++17 (GCC 7-32),1744464911
315150753,mysticTB,Increasing Sequence with Fixed OR,WRONG_ANSWER,C++17 (GCC 7-32),1744464733
315150705,mysticTB,Increasing Sequence with Fixed OR,WRONG_ANSWER,C++17 (GCC 7-32),1744464712
315150391,mysticTB,Increasing Sequence with Fixed OR,WRONG_ANSWER,C++17 (GCC 7-32),1744464583
315150232,Neeraj_Sharma_28,Make Majority,WRONG_ANSWER,C++20 (GCC 13-64),1744464521
315148709,Neeraj_Sharma_28,Make Majority,WRONG_ANSWER,C++20 (GCC 13-64),1744463813
315147626,so_long,The Omnipotent Monster Killer,WRONG_ANSWER,C++20 (GCC 13-64),1744463294
315140435,postpone,Range Minimum Sum,OK,"C++23 (GCC 14-64, msys2)",1744459978
315139757,so_long,Make Majority,OK,C++20 (GCC 13-64),1744459689
315138640,so_long,Make Majority,WRONG_ANSWER,C++20 (GCC 13-64),1744459230
315138497,manyadx777,Make Majority,OK,C++17 (GCC 7-32),1744459181
315136758,manyadx777,Make Majority,WRONG_ANSWER,C++17 (GCC 7-32),1744458578
315132876,Mafruda14,Split the Multiset,WRONG_ANSWER,PyPy 3-64,1744457057
315132860,adityasingh_23,Make Majority,WRONG_ANSWER,C++17 (GCC 7-32),1744457048
315127120,harshchaubey_23,Split the Multiset,WRONG_ANSWER,C++17 (GCC 7-32),1744454109
315126371,Balu2907,Increasing Sequence with Fixed OR,OK,Java 21,1744453773
315125877,Balu2907,Increasing Sequence with Fixed OR,WRONG_ANSWER,Java 21,1744453569
315125580,Balu2907,Increasing Sequence with Fixed OR,WRONG_ANSWER,Java 21,1744453442
315125177,Balu2907,Increasing Sequence with Fixed OR,WRONG_ANSWER,Java 21,1744453245
315125072,Balu2907,Increasing Sequence with Fixed OR,WRONG_ANSWER,Java 21,1744453203
315122857,Balu2907,Increasing Sequence with Fixed OR,WRONG_ANSWER,Java 21,1744452148
315122610,Balu2907,Increasing Sequence with Fixed OR,WRONG_ANSWER,Java 21,1744452025
315122265,Balu2907,Increasing Sequence with Fixed OR,WRONG_ANSWER,Java 21,1744451859
315111891,StarNightSnow,Split the Multiset,OK,C++20 (GCC 13-64),1744447324
315111463,Lakshya_Sachan,Split the Multiset,WRONG_ANSWER,C++17 (GCC 7-32),1744447158
315101498,nayo0513,Increasing Sequence with Fixed OR,OK,Rust 2021,1744443469
315101450,soju_,Split the Multiset,OK,C++17 (GCC 7-32),1744443450
315100614,soju_,Split the Multiset,WRONG_ANSWER,C++17 (GCC 7-32),1744443101
315089922,GuBeD,Increasing Sequence with Fixed OR,OK,C++20 (GCC 13-64),1744438829
315087820,surajmishra88266,Make Majority,WRONG_ANSWER,C++20 (GCC 13-64),1744437774
315085707,Raj_Singh,Make Majority,OK,C++20 (GCC 13-64),1744436693
315085670,ayush_garg_0729,Increasing Sequence with Fixed OR,OK,C++20 (GCC 13-64),1744436676
315085580,ayush_garg_0729,Increasing Sequence with Fixed OR,WRONG_ANSWER,C++20 (GCC 13-64),1744436629
315085349,ayush_garg_0729,Increasing Sequence with Fixed OR,WRONG_ANSWER,C++20 (GCC 13-64),1744436506
315080970,ndeynayan123,Split the Multiset,OK,"C++23 (GCC 14-64, msys2)",1744434000
315079687,ndeynayan123,Split the Multiset,WRONG_ANSWER,"C++23 (GCC 14-64, msys2)",1744432772
315070914,dhuamanio123,Increasing Sequence with Fixed OR,OK,"C++23 (GCC 14-64, msys2)",1744421261
315070581,owi8270,Increasing Sequence with Fixed OR,OK,Go,1744420587
315070494,owi8270,Increasing Sequence with Fixed OR,OK,Go,1744420398
315065665,Nikhil_Patidar687,Split the Multiset,OK,"C++23 (GCC 14-64, msys2)",1744410344
315062953,Mosab_ab,Split the Multiset,OK,C++20 (GCC 13-64),1744406962
315061923,Mosab_ab,Split the Multiset,WRONG_ANSWER,C++20 (GCC 13-64),1744405930
315061071,Mosab_ab,Split the Multiset,WRONG_ANSWER,C++20 (GCC 13-64),1744405124
315058270,laplace_daemonium,Make Majority,OK,"C++23 (GCC 14-64, msys2)",1744402974
315058196,npp4678,Increasing Sequence with Fixed OR,OK,"C++23 (GCC 14-64, msys2)",1744402919
315058163,npp4678,Increasing Sequence with Fixed OR,WRONG_ANSWER,"C++23 (GCC 14-64, msys2)",1744402893
315057830,Mosab_ab,Split the Multiset,WRONG_ANSWER,C++20 (GCC 13-64),1744402651
315057717,laplace_daemonium,Split the Multiset,OK,"C++23 (GCC 14-64, msys2)",1744402579
315057691,laplace_daemonium,Split the Multiset,COMPILATION_ERROR,"C++23 (GCC 14-64, msys2)",1744402559
315057575,Mosab_ab,Split the Multiset,WRONG_ANSWER,C++20 (GCC 13-64),1744402488
315057572,laplace_daemonium,Split the Multiset,WRONG_ANSWER,"C++23 (GCC 14-64, msys2)",1744402486
315056998,laplace_daemonium,Split the Multiset,WRONG_ANSWER,"C++23 (GCC 14-64, msys2)",1744402120
315056825,laplace_daemonium,Split the Multiset,WRONG_ANSWER,"C++23 (GCC 14-64, msys2)",1744402004
315056700,laplace_daemonium,Split the Multiset,WRONG_ANSWER,"C++23 (GCC 14-64, msys2)",1744401921
315047955,hit_7624,Increasing Sequence with Fixed OR,OK,"C++23 (GCC 14-64, msys2)",1744396470
315047538,hit_7624,Increasing Sequence with Fixed OR,WRONG_ANSWER,"C++23 (GCC 14-64, msys2)",1744396224
315047303,hit_7624,Increasing Sequence with Fixed OR,WRONG_ANSWER,"C++23 (GCC 14-64, msys2)",1744396108
315045697,yrtillw,Range Minimum Sum,TIME_LIMIT_EXCEEDED,Python 3,1744395322
315045482,MashrafeBoss,Make Majority,OK,C++17 (GCC 7-32),1744395212
315045243,yrtillw,Range Minimum Sum,TIME_LIMIT_EXCEEDED,Python 3,1744394896
315045050,hit_7624,Make Majority,OK,"C++23 (GCC 14-64, msys2)",1744394770
315044548,harshchaubey_23,Make Majority,OK,C++17 (GCC 7-32),1744394505
315044229,ArmaanRawatnsut,Split the Multiset,OK,Java 21,1744394350
315043156,shaunak81,Split the Multiset,OK,C++20 (GCC 13-64),1744393783
315042784,sadat_islam,Split the Multiset,OK,C++20 (GCC 13-64),1744393568
315041400,sadat_islam,Split the Multiset,WRONG_ANSWER,C++20 (GCC 13-64),1744392853
315041050,sadat_islam,Split the Multiset,WRONG_ANSWER,C++20 (GCC 13-64),1744392604
315040166,npp4678,Make Majority,OK,"C++23 (GCC 14-64, msys2)",1744392144
315038193,npp4678,Split the Multiset,OK,"C++23 (GCC 14-64, msys2)",1744391102
315036733,harshchaubey_23,Make Majority,WRONG_ANSWER,C++17 (GCC 7-32),1744390333
315036002,harshchaubey_23,Make Majority,WRONG_ANSWER,C++17 (GCC 7-32),1744389926
315033741,dhuamanio123,Make Majority,OK,"C++23 (GCC 14-64, msys2)",1744388713
315031331,544sourav,The Omnipotent Monster Killer,OK,C++20 (GCC 13-64),1744387470
315031082,dhuamanio123,Split the Multiset,OK,"C++23 (GCC 14-64, msys2)",1744387352
315025580,Arnav.T21,Increasing Sequence with Fixed OR,OK,C++17 (GCC 7-32),1744384731
315010814,PrachiJha_23,Increasing Sequence with Fixed OR,OK,C++20 (GCC 13-64),1744378267
315009143,PrachiJha_23,Increasing Sequence with Fixed OR,WRONG_ANSWER,C++20 (GCC 13-64),1744377491
315009061,Madhukm2050,Make Majority,OK,C++17 (GCC 7-32),1744377448
315006030,GArjun,Split the Multiset,OK,C++17 (GCC 7-32),1744375947
315004997,xyron,Increasing Sequence with Fixed OR,OK,"C++23 (GCC 14-64, msys2)",1744375430
315003735,sanjay289,Increasing Sequence with Fixed OR,OK,C++17 (GCC 7-32),1744374771
315003293,sanjay289,Increasing Sequence with Fixed OR,WRONG_ANSWER,C++17 (GCC 7-32),1744374515
315003210,sanjay289,Increasing Sequence with Fixed OR,WRONG_ANSWER,C++17 (GCC 7-32),1744374468
315002404,GArjun,Make Majority,OK,C++17 (GCC 7-32),1744374036
315001978,rawmeat21,Increasing Sequence with Fixed OR,OK,"C++23 (GCC 14-64, msys2)",1744373790
315001895,rawmeat21,Increasing Sequence with Fixed OR,WRONG_ANSWER,"C++23 (GCC 14-64, msys2)",1744373741
314999887,rawmeat21,Make Majority,OK,"C++23 (GCC 14-64, msys2)",1744372670
314998580,rawmeat21,Make Majority,WRONG_ANSWER,"C++23 (GCC 14-64, msys2)",1744371954
314997839,xyron,Increasing Sequence with Fixed OR,OK,"C++23 (GCC 14-64, msys2)",1744371542
314997326,rawmeat21,Split the Multiset,OK,"C++23 (GCC 14-64, msys2)",1744371258
314994878,sandeep_eslavath,Increasing Sequence with Fixed OR,TIME_LIMIT_EXCEEDED,"C++23 (GCC 14-64, msys2)",1744369878
314992207,PrachiJha_23,Increasing Sequence with Fixed OR,WRONG_ANSWER,C++20 (GCC 13-64),1744368242
314991847,ZengZhaoGan_124,Increasing Sequence with Fixed OR,OK,C++20 (GCC 13-64),1744368016
314991827,coldcloudv,The Omnipotent Monster Killer,OK,"C++23 (GCC 14-64, msys2)",1744368004
314991581,ZengZhaoGan_124,Increasing Sequence with Fixed OR,WRONG_ANSWER,C++20 (GCC 13-64),1744367844
314991089,ZengZhaoGan_124,Increasing Sequence with Fixed OR,WRONG_ANSWER,C++20 (GCC 13-64),1744367523
314990679,yrtillw,Heartbeat,WRONG_ANSWER,Python 3,1744367249
314988252,sandeep_eslavath,Make Majority,OK,"C++23 (GCC 14-64, msys2)",1744365855
314988102,PrachiJha_23,Increasing Sequence with Fixed OR,WRONG_ANSWER,C++20 (GCC 13-64),1744365765
314987835,PrachiJha_23,Increasing Sequence with Fixed OR,WRONG_ANSWER,C++20 (GCC 13-64),1744365614
314985434,King-T,Increasing Sequence with Fixed OR,OK,"C++23 (GCC 14-64, msys2)",1744364333
314984651,King-T,Increasing Sequence with Fixed OR,WRONG_ANSWER,"C++23 (GCC 14-64, msys2)",1744363865
314984365,King-T,Increasing Sequence with Fixed OR,WRONG_ANSWER,"C++23 (GCC 14-64, msys2)",1744363726
314984210,King-T,Increasing Sequence with Fixed OR,WRONG_ANSWER,"C++23 (GCC 14-64, msys2)",1744363654
314982605,sandeep_eslavath,Split the Multiset,OK,"C++23 (GCC 14-64, msys2)",1744362851
314981946,sandeep_eslavath,Split the Multiset,WRONG_ANSWER,"C++23 (GCC 14-64, msys2)",1744362466
314981160,Deepanshu_Pundir1709,Split the Multiset,OK,PyPy 3-64,1744362026
314980145,thorge,Increasing Sequence with Fixed OR,OK,"C++23 (GCC 14-64, msys2)",1744361434
314979849,thorge,Increasing Sequence with Fixed OR,WRONG_ANSWER,"C++23 (GCC 14-64, msys2)",1744361274
314979285,thorge,Increasing Sequence with Fixed OR,WRONG_ANSWER,"C++23 (GCC 14-64, msys2)",1744360953
314979179,thorge,Increasing Sequence with Fixed OR,WRONG_ANSWER,"C++23 (GCC 14-64, msys2)",1744360900
314977613,thorge,Increasing Sequence with Fixed OR,WRONG_ANSWER,"C++23 (GCC 14-64, msys2)",1744359916
314977457,surajmishra88266,Make Majority,WRONG_ANSWER,C++20 (GCC 13-64),1744359827
314977298,thorge,Increasing Sequence with Fixed OR,WRONG_ANSWER,C++17 (GCC 7-32),1744359730
314977182,surajmishra88266,Make Majority,WRONG_ANSWER,C++20 (GCC 13-64),1744359661
314975933,thorge,Increasing Sequence with Fixed OR,WRONG_ANSWER,C++17 (GCC 7-32),1744359512
314975615,surajmishra88266,Make Majority,WRONG_ANSWER,C++20 (GCC 13-64),1744359300
314969504,primordium,Make Majority,OK,C++20 (GCC 13-64),1744355092
314968328,Vikas_soni,Increasing Sequence with Fixed OR,OK,C++17 (GCC 7-32),1744354316
314966916,bbrave,Make Majority,OK,C++17 (GCC 7-32),1744353344
314963405,Vikas_soni,Increasing Sequence with Fixed OR,WRONG_ANSWER,C++17 (GCC 7-32),1744352260
314962909,sanidhya_ojha,Make Majority,WRONG_ANSWER,Python 3,1744351939
314962272,logicalerrorinmind0,Make Majority,OK,"C++23 (GCC 14-64, msys2)",1744351472
314962082,logicalerrorinmind0,Make Majority,WRONG_ANSWER,"C++23 (GCC 14-64, msys2)",1744351325
314962017,sanidhya_ojha,Split the Multiset,OK,Python 3,1744351279
314961804,logicalerrorinmind0,Make Majority,WRONG_ANSWER,"C++23 (GCC 14-64, msys2)",1744351111
314959794,logicalerrorinmind0,Split the Multiset,OK,"C++23 (GCC 14-64, msys2)",1744349584
314944479,joebiden999,Split the Multiset,OK,C++20 (GCC 13-64),1744329680
314944238,joebiden999,Split the Multiset,WRONG_ANSWER,C++20 (GCC 13-64),1744329095
314944207,joebiden999,Split the Multiset,WRONG_ANSWER,C++20 (GCC 13-64),1744329029
314944167,joebiden999,Split the Multiset,WRONG_ANSWER,C++20 (GCC 13-64),1744328940
314941026,ritikChandra0990,Increasing Sequence with Fixed OR,OK,"C++23 (GCC 14-64, msys2)",1744322964
314940908,Leaves333,Increasing Sequence with Fixed OR,OK,"C++23 (GCC 14-64, msys2)",1744322756
314940867,Leaves333,Increasing Sequence with Fixed OR,WRONG_ANSWER,"C++23 (GCC 14-64, msys2)",1744322696
314940816,Leaves333,Increasing Sequence with Fixed OR,WRONG_ANSWER,"C++23 (GCC 14-64, msys2)",1744322619
314933242,Divyansh1551,Increasing Sequence with Fixed OR,WRONG_ANSWER,C++20 (GCC 13-64),1744314915
314931881,Himanshu_patel13,Make Majority,WRONG_ANSWER,PyPy 3-64,1744313875
314931567,Himanshu_patel13,Make Majority,WRONG_ANSWER,PyPy 3-64,1744313672
314931506,Himanshu_patel13,Make Majority,WRONG_ANSWER,PyPy 3-64,1744313638
314931363,Himanshu_patel13,Make Majority,WRONG_ANSWER,PyPy 3-64,1744313540
314931131,Himanshu_patel13,Make Majority,WRONG_ANSWER,Node.js,1744313354
314931039,rajbir_04,Increasing Sequence with Fixed OR,OK,"C++23 (GCC 14-64, msys2)",1744313282
314931001,Himanshu_patel13,Make Majority,COMPILATION_ERROR,PyPy 3-64,1744313257
314930965,Himanshu_patel13,Make Majority,COMPILATION_ERROR,PyPy 3-64,1744313229
314930376,Himanshu_patel13,Split the Multiset,OK,PyPy 3-64,1744312841
314930297,rajbir_04,Increasing Sequence with Fixed OR,WRONG_ANSWER,"C++23 (GCC 14-64, msys2)",1744312791
314930127,Divyansh1551,Increasing Sequence with Fixed OR,WRONG_ANSWER,C++20 (GCC 13-64),1744312669
314930098,rajbir_04,Increasing Sequence with Fixed OR,WRONG_ANSWER,"C++23 (GCC 14-64, msys2)",1744312655
314930020,Divyansh1551,Increasing Sequence with Fixed OR,WRONG_ANSWER,C++20 (GCC 13-64),1744312597
314929937,Himanshu_patel13,Split the Multiset,WRONG_ANSWER,PyPy 3-64,1744312532
314929929,venom_2004,Make Majority,OK,C++17 (GCC 7-32),1744312529
314929889,Quantum67,Make Majority,OK,C++17 (GCC 7-32),1744312500
314929642,Himanshu_patel13,Split the Multiset,WRONG_ANSWER,PyPy 3-64,1744312361
314929532,Himanshu_patel13,Split the Multiset,WRONG_ANSWER,PyPy 3-64,1744312300
314929188,rajbir_04,Increasing Sequence with Fixed OR,WRONG_ANSWER,"C++23 (GCC 14-64, msys2)",1744312107
314928692,rajbir_04,Increasing Sequence with Fixed OR,WRONG_ANSWER,"C++23 (GCC 14-64, msys2)",1744311793
314928566,rajbir_04,Increasing Sequence with Fixed OR,WRONG_ANSWER,"C++23 (GCC 14-64, msys2)",1744311725
314927897,dyzhang,Increasing Sequence with Fixed OR,OK,PyPy 3-64,1744311311
314927362,Quantum67,Make Majority,WRONG_ANSWER,C++17 (GCC 7-32),1744310993
314923455,PrachiJha_23,Make Majority,OK,C++20 (GCC 13-64),1744308981
314921374,ByteMancer007,Increasing Sequence with Fixed OR,OK,C++20 (GCC 13-64),1744307800
314919307,PrachiJha_23,Split the Multiset,OK,C++20 (GCC 13-64),1744306657
314918385,silent-064,Split the Multiset,OK,"C++23 (GCC 14-64, msys2)",1744306127
314917026,silent-064,Split the Multiset,WRONG_ANSWER,"C++23 (GCC 14-64, msys2)",1744305363
314915642,PrachiJha_23,Split the Multiset,WRONG_ANSWER,C++20 (GCC 13-64),1744304631
314914326,PrachiJha_23,Split the Multiset,WRONG_ANSWER,C++20 (GCC 13-64),1744303939
314904924,yrtillw,Range Minimum Sum,WRONG_ANSWER,Python 3,1744299293
314904189,ahmedmahero,Split the Multiset,OK,"C++23 (GCC 14-64, msys2)",1744298966
314903965,Krokenbush,Split the Multiset,OK,"C++23 (GCC 14-64, msys2)",1744298881
314892641,a.nabilfri,Increasing Sequence with Fixed OR,OK,C++20 (GCC 13-64),1744293785
314888939,sodayo,Increasing Sequence with Fixed OR,OK,"C++23 (GCC 14-64, msys2)",1744292246
314887150,heiyue316,Split the Multiset,OK,"C++23 (GCC 14-64, msys2)",1744291481
314885750,michi330,Split the Multiset,OK,Python 3,1744290899
314884516,lifenghei,Increasing Sequence with Fixed OR,OK,"C++23 (GCC 14-64, msys2)",1744290347
314884138,key_anemoi,Increasing Sequence with Fixed OR,OK,C++20 (GCC 13-64),1744290174
314883205,key_anemoi,Increasing Sequence with Fixed OR,WRONG_ANSWER,C++20 (GCC 13-64),1744289750
314883113,a.nabilfri,Make Majority,OK,C++20 (GCC 13-64),1744289709
314882952,mina330,Split the Multiset,OK,Python 3,1744289646
314881972,Qupermer,Split the Multiset,WRONG_ANSWER,C++17 (GCC 7-32),1744289230
314881550,Qupermer,Split the Multiset,WRONG_ANSWER,C++17 (GCC 7-32),1744289038
314880875,Qupermer,Split the Multiset,WRONG_ANSWER,C++17 (GCC 7-32),1744288740
314880177,Qupermer,Split the Multiset,WRONG_ANSWER,C++17 (GCC 7-32),1744288414
314879932,Qupermer,Split the Multiset,WRONG_ANSWER,C++17 (GCC 7-32),1744288313
314879830,JSMxHALBERD,Increasing Sequence with Fixed OR,OK,"C++23 (GCC 14-64, msys2)",1744288268
314879466,JSMxHALBERD,Increasing Sequence with Fixed OR,WRONG_ANSWER,"C++23 (GCC 14-64, msys2)",1744288093
314879218,Qupermer,Split the Multiset,RUNTIME_ERROR,C++17 (GCC 7-32),1744287979
314878859,JSMxHALBERD,Increasing Sequence with Fixed OR,WRONG_ANSWER,"C++23 (GCC 14-64, msys2)",1744287809
314878708,JSMxHALBERD,Increasing Sequence with Fixed OR,WRONG_ANSWER,"C++23 (GCC 14-64, msys2)",1744287733
314878575,JSMxHALBERD,Increasing Sequence with Fixed OR,WRONG_ANSWER,"C++23 (GCC 14-64, msys2)",1744287667
314878389,JSMxHALBERD,Increasing Sequence with Fixed OR,WRONG_ANSWER,"C++23 (GCC 14-64, msys2)",1744287572
314877480,Daozhin1,Split the Multiset,OK,"C++23 (GCC 14-64, msys2)",1744287125
314877319,Daozhin1,Split the Multiset,OK,"C++23 (GCC 14-64, msys2)",1744287041
314876793,Daozhin1,Split the Multiset,WRONG_ANSWER,"C++23 (GCC 14-64, msys2)",1744286791
314876322,Faog,Make Majority,OK,"C++23 (GCC 14-64, msys2)",1744286571
314876184,Faog,Make Majority,OK,"C++23 (GCC 14-64, msys2)",1744286506
314875842,Faog,Make Majority,WRONG_ANSWER,"C++23 (GCC 14-64, msys2)",1744286347
314875475,Qupermer,Split the Multiset,WRONG_ANSWER,C++17 (GCC 7-32),1744286178
314874372,Soubai,Increasing Sequence with Fixed OR,OK,"C++23 (GCC 14-64, msys2)",1744285633
314871845,JSMxHALBERD,Increasing Sequence with Fixed OR,WRONG_ANSWER,"C++23 (GCC 14-64, msys2)",1744284467
314871613,JSMxHALBERD,Increasing Sequence with Fixed OR,WRONG_ANSWER,"C++23 (GCC 14-64, msys2)",1744284350
314871585,mekrishna006,Increasing Sequence with Fixed OR,OK,"C++23 (GCC 14-64, msys2)",1744284332
314870348,key_anemoi,Make Majority,OK,C++20 (GCC 13-64),1744283740
314869901,Soubai,Make Majority,OK,"C++23 (GCC 14-64, msys2)",1744283510
314869494,Faog,Split the Multiset,OK,"C++23 (GCC 14-64, msys2)",1744283296
314869415,Faog,Split the Multiset,OK,"C++23 (GCC 14-64, msys2)",1744283259
314868680,JSMxHALBERD,Increasing Sequence with Fixed OR,WRONG_ANSWER,"C++23 (GCC 14-64, msys2)",1744282854
314868591,n_asar,Make Majority,OK,C++17 (GCC 7-32),1744282800
314867971,Soubai,Split the Multiset,OK,"C++23 (GCC 14-64, msys2)",1744282459
314867847,ankitkumar9155343303,Split the Multiset,OK,C++17 (GCC 7-32),1744282392
314867009,n_asar,Make Majority,WRONG_ANSWER,C++17 (GCC 7-32),1744281942
314857381,AravVasudeva,Make Majority,OK,"C++23 (GCC 14-64, msys2)",1744276737
314856929,AravVasudeva,Make Majority,WRONG_ANSWER,"C++23 (GCC 14-64, msys2)",1744276508
314856265,AravVasudeva,Split the Multiset,OK,"C++23 (GCC 14-64, msys2)",1744276145
314855337,AravVasudeva,Split the Multiset,WRONG_ANSWER,"C++23 (GCC 14-64, msys2)",1744275642
314854044,EmptyHole,Range Minimum Sum,OK,"C++23 (GCC 14-64, msys2)",1744274956
314853839,yrtillw,Range Minimum Sum,WRONG_ANSWER,Python 3,1744274853
314853405,EmptyHole,Range Minimum Sum,TIME_LIMIT_EXCEEDED,"C++23 (GCC 14-64, msys2)",1744274623
314853098,EmptyHole,Range Minimum Sum,WRONG_ANSWER,"C++23 (GCC 14-64, msys2)",1744274459
314852970,EmptyHole,Range Minimum Sum,WRONG_ANSWER,"C++23 (GCC 14-64, msys2)",1744274392
314852598,2949767807qwer,Range Minimum Sum,OK,C++20 (GCC 13-64),1744274182
314851668,xiapali,Range Minimum Sum,OK,C++20 (GCC 13-64),1744273670
314851592,xiapali,Range Minimum Sum,WRONG_ANSWER,C++20 (GCC 13-64),1744273624
314850393,xiapali,Range Minimum Sum,TIME_LIMIT_EXCEEDED,C++20 (GCC 13-64),1744272899
314842444,yrtillw,Make Majority,OK,Python 3,1744268311
314841685,yrtillw,Make Majority,WRONG_ANSWER,Python 3,1744267885
314841250,yrtillw,Make Majority,TIME_LIMIT_EXCEEDED,Python 3,1744267675
314838599,Sagar_TH_45,Split the Multiset,WRONG_ANSWER,"C++23 (GCC 14-64, msys2)",1744266251
314837754,HIGGIGIGgugig,The Omnipotent Monster Killer,OK,C++17 (GCC 7-32),1744265743
314837444,N8_HAWK,Make Majority,OK,"C++23 (GCC 14-64, msys2)",1744265534
314834795,HIGGIGIGgugig,The Omnipotent Monster Killer,WRONG_ANSWER,C++17 (GCC 7-32),1744263831
314833561,HIGGIGIGgugig,The Omnipotent Monster Killer,WRONG_ANSWER,C++17 (GCC 7-32),1744262961
314828099,a.nabilfri,Split the Multiset,OK,C++20 (GCC 13-64),1744258579
314826148,_Robi,Increasing Sequence with Fixed OR,OK,"C++23 (GCC 14-64, msys2)",1744256447
314826089,_Robi,Increasing Sequence with Fixed OR,WRONG_ANSWER,"C++23 (GCC 14-64, msys2)",1744256372
314824199,Aderose_yr,Range Minimum Sum,OK,C++20 (GCC 13-64),1744253866
314824091,Aderose_yr,Range Minimum Sum,WRONG_ANSWER,C++20 (GCC 13-64),1744253727
314822962,MetaphorInc,Increasing Sequence with Fixed OR,OK,"C++23 (GCC 14-64, msys2)",1744252127
314820044,virgiliojaz_28,Make Majority,OK,C++17 (GCC 7-32),1744247401
314818524,shironox,The Omnipotent Monster Killer,OK,"C++23 (GCC 14-64, msys2)",1744244794
314817592,Mayank_111,Increasing Sequence with Fixed OR,OK,C++20 (GCC 13-64),1744242708
314817517,Mayank_111,Increasing Sequence with Fixed OR,WRONG_ANSWER,C++20 (GCC 13-64),1744242557
314817449,Mayank_111,Increasing Sequence with Fixed OR,WRONG_ANSWER,C++20 (GCC 13-64),1744242399
314816081,virgiliojaz_28,Make Majority,WRONG_ANSWER,C++17 (GCC 7-32),1744239678
314815086,virgiliojaz_28,Make Majority,WRONG_ANSWER,C++17 (GCC 7-32),1744237986
314814494,yrtillw,Split the Multiset,OK,Python 3,1744236982
314811548,shironox,The Omnipotent Monster Killer,WRONG_ANSWER,"C++23 (GCC 14-64, msys2)",1744233031
314809062,xiapali,Range Minimum Sum,TIME_LIMIT_EXCEEDED,C++20 (GCC 13-64),1744230472
314807468,Himanshu_patel13,Split the Multiset,WRONG_ANSWER,PyPy 3-64,1744229107
314807285,Himanshu_patel13,Split the Multiset,WRONG_ANSWER,PyPy 3-64,1744228965
314807070,Himanshu_patel13,Split the Multiset,WRONG_ANSWER,PyPy 3-64,1744228812
314804239,thorge,Make Majority,OK,C++17 (GCC 7-32),1744227148
314802149,xiapali,The Omnipotent Monster Killer,OK,C++20 (GCC 13-64),1744225664
314800492,thorge,Split the Multiset,OK,C++17 (GCC 7-32),1744224535
314798876,Krishank,Make Majority,OK,PyPy 3-64,1744223575
314797877,Krishank,Make Majority,OK,PyPy 3-64,1744223027
314797660,Krishank,Make Majority,WRONG_ANSWER,PyPy 3-64,1744222904
314796607,Krishank,Make Majority,WRONG_ANSWER,PyPy 3-64,1744222343
314796523,Krishank,Make Majority,WRONG_ANSWER,PyPy 3-64,1744222300
314794668,Krishank,Make Majority,WRONG_ANSWER,PyPy 3-64,1744221311
314794585,nikhilsinghh59,Increasing Sequence with Fixed OR,OK,C++17 (GCC 7-32),1744221275
314788027,lam_put,Make Majority,WRONG_ANSWER,C++17 (GCC 7-32),1744217968
314786622,KathirSrivathsan.S,Increasing Sequence with Fixed OR,OK,"C++23 (GCC 14-64, msys2)",1744217291
314785306,Dev777,Increasing Sequence with Fixed OR,OK,C++20 (GCC 13-64),1744216632
314784950,Dev777,Increasing Sequence with Fixed OR,WRONG_ANSWER,C++20 (GCC 13-64),1744216451
314784433,Dev777,Increasing Sequence with Fixed OR,WRONG_ANSWER,C++20 (GCC 13-64),1744216203
314783417,Dev777,Increasing Sequence with Fixed OR,WRONG_ANSWER,C++20 (GCC 13-64),1744216126
314782340,Dev777,Increasing Sequence with Fixed OR,WRONG_ANSWER,C++20 (GCC 13-64),1744215600
314779902,RoninMello,Split the Multiset,OK,"C++23 (GCC 14-64, msys2)",1744214308
314779137,RoninMello,Split the Multiset,WRONG_ANSWER,"C++23 (GCC 14-64, msys2)",1744213882
314778922,2949767807qwer,The Omnipotent Monster Killer,OK,C++20 (GCC 13-64),1744213773
314777499,puravjn,Make Majority,OK,C++17 (GCC 7-32),1744213023
314777353,puravjn,Make Majority,WRONG_ANSWER,C++17 (GCC 7-32),1744212938
314777131,puravjn,Make Majority,WRONG_ANSWER,C++17 (GCC 7-32),1744212837
314776502,farhafeha,Make Majority,WRONG_ANSWER,C++20 (GCC 13-64),1744212509
314776266,farhafeha,Make Majority,WRONG_ANSWER,C++20 (GCC 13-64),1744212388
314776206,2949767807qwer,The Omnipotent Monster Killer,WRONG_ANSWER,C++20 (GCC 13-64),1744212356
314774001,Rana_Azka,Split the Multiset,OK,C++20 (GCC 13-64),1744211236
314773953,2949767807qwer,The Omnipotent Monster Killer,WRONG_ANSWER,C++20 (GCC 13-64),1744211210
314772814,2949767807qwer,Increasing Sequence with Fixed OR,OK,C++20 (GCC 13-64),1744210658
314772732,typehead,Make Majority,OK,C++17 (GCC 7-32),1744210618
314772540,2949767807qwer,Increasing Sequence with Fixed OR,WRONG_ANSWER,C++20 (GCC 13-64),1744210533
314772259,2949767807qwer,Increasing Sequence with Fixed OR,WRONG_ANSWER,C++20 (GCC 13-64),1744210402
314770668,2949767807qwer,Make Majority,OK,C++20 (GCC 13-64),1744209699
314770354,Ui_Umi,Split the Multiset,OK,"C++23 (GCC 14-64, msys2)",1744209557
314770103,2949767807qwer,Split the Multiset,OK,C++20 (GCC 13-64),1744209433
314770021,Nafisa_Noor,Split the Multiset,OK,C++20 (GCC 13-64),1744209397
314768832,Qupermer,Split the Multiset,WRONG_ANSWER,C++17 (GCC 7-32),1744208865
314766613,Nafisa_Noor,Split the Multiset,WRONG_ANSWER,C++20 (GCC 13-64),1744207911
314764686,Ui_Umi,Split the Multiset,WRONG_ANSWER,"C++23 (GCC 14-64, msys2)",1744207097
314764343,Ui_Umi,Split the Multiset,WRONG_ANSWER,"C++23 (GCC 14-64, msys2)",1744206946
314762724,Arpit063,Make Majority,OK,C++20 (GCC 13-64),1744206265
314757693,sodayo,Increasing Sequence with Fixed OR,OK,C++20 (GCC 13-64),1744204088
314747709,sodayo,Increasing Sequence with Fixed OR,OK,"C++23 (GCC 14-64, msys2)",1744200053
314747285,sodayo,Increasing Sequence with Fixed OR,WRONG_ANSWER,"C++23 (GCC 14-64, msys2)",1744199874
314746871,sodayo,Increasing Sequence with Fixed OR,RUNTIME_ERROR,"C++23 (GCC 14-64, msys2)",1744199721
314746817,hanmingxi,Split the Multiset,OK,C++17 (GCC 7-32),1744199698
314746714,sodayo,Increasing Sequence with Fixed OR,COMPILATION_ERROR,"C++23 (GCC 14-64, msys2)",1744199660
314746677,hanmingxi,Split the Multiset,WRONG_ANSWER,C++17 (GCC 7-32),1744199645
314743977,hanmingxi,Split the Multiset,WRONG_ANSWER,C++17 (GCC 7-32),1744198520
314743729,hanmingxi,Split the Multiset,WRONG_ANSWER,C++17 (GCC 7-32),1744198412
314742311,shivamkanala,Split the Multiset,OK,C++17 (GCC 7-32),1744197759
314741701,key_anemoi,Split the Multiset,OK,C++20 (GCC 13-64),1744197500
314737580,Viper2454,Split the Multiset,OK,C++17 (GCC 7-32),1744195785
314733156,ANSH12PREM,Increasing Sequence with Fixed OR,WRONG_ANSWER,C++20 (GCC 13-64),1744193842
314732720,ANSH12PREM,Increasing Sequence with Fixed OR,WRONG_ANSWER,C++20 (GCC 13-64),1744193629
314732103,ANSH12PREM,Increasing Sequence with Fixed OR,WRONG_ANSWER,C++20 (GCC 13-64),1744193337
314731023,ANSH12PREM,Increasing Sequence with Fixed OR,WRONG_ANSWER,C++20 (GCC 13-64),1744192828
314728680,ilobindia,Make Majority,OK,Java 21,1744191544
314727788,ilobindia,Make Majority,WRONG_ANSWER,Java 21,1744190920
314726825,Schrodinger21,Split the Multiset,TIME_LIMIT_EXCEEDED,C++20 (GCC 13-64),1744190256
314725145,Schrodinger21,Split the Multiset,WRONG_ANSWER,C++20 (GCC 13-64),1744189093
314720170,Kon_Den_2025,Increasing Sequence with Fixed OR,OK,PyPy 3-64,1744185439
314715938,primordium,Make Majority,WRONG_ANSWER,C++20 (GCC 13-64),1744182252
314715876,primordium,Make Majority,WRONG_ANSWER,C++20 (GCC 13-64),1744182193
314715465,Gorden_Ungu,Split the Multiset,OK,C++17 (GCC 7-32),1744181869
314714094,NeafirmisanI,Increasing Sequence with Fixed OR,OK,Python 3,1744180863
314710467,primordium,Split the Multiset,OK,C++20 (GCC 13-64),1744177938
314709235,yash_parmar15,Split the Multiset,OK,C++17 (GCC 7-32),1744177110
314704849,siuhou,Make Majority,WRONG_ANSWER,C++20 (GCC 13-64),1744174495
314703709,Borshon20,Make Majority,WRONG_ANSWER,C++17 (GCC 7-32),1744173592
314703357,Borshon20,Make Majority,WRONG_ANSWER,C++17 (GCC 7-32),1744173248
314699823,xtcofficial,Range Minimum Sum,OK,C++20 (GCC 13-64),1744170153
314695776,sodayo,Make Majority,OK,"C++23 (GCC 14-64, msys2)",1744165901
314695731,sodayo,Make Majority,OK,C++20 (GCC 13-64),1744165855
314691417,jeesoo,Split the Multiset,OK,Java 21,1744159909
314690968,sua_tuoi_dau,Split the Multiset,OK,C++20 (GCC 13-64),1744159211
314676376,zouhairmh43,Split the Multiset,WRONG_ANSWER,C++17 (GCC 7-32),1744141006
314676297,zouhairmh43,Split the Multiset,WRONG_ANSWER,C++17 (GCC 7-32),1744140951
314676247,zouhairmh43,Split the Multiset,COMPILATION_ERROR,C++17 (GCC 7-32),1744140904
314661105,shivamkanala,Split the Multiset,WRONG_ANSWER,C++17 (GCC 7-32),1744133608
314656843,ayushsuman,Increasing Sequence with Fixed OR,OK,C++20 (GCC 13-64),1744132142
314655474,ayushsuman,Increasing Sequence with Fixed OR,WRONG_ANSWER,C++20 (GCC 13-64),1744131760
314496064,Arpit063,Split the Multiset,OK,C++20 (GCC 13-64),1744119121
314494783,PrasanthkReddy,Increasing Sequence with Fixed OR,OK,C++17 (GCC 7-32),1744118555
314492753,typehead,Split the Multiset,OK,C++17 (GCC 7-32),1744117664
314491065,Fastergood,Split the Multiset,OK,C++20 (GCC 13-64),1744116863
314489315,PACMAN0510,Split the Multiset,OK,C++17 (GCC 7-32),1744116002
314488986,orange_lov_gouzi,Split the Multiset,OK,"C++23 (GCC 14-64, msys2)",1744115848
314488764,orange_lov_gouzi,Split the Multiset,OK,"C++23 (GCC 14-64, msys2)",1744115725
314488692,sodayo,Split the Multiset,OK,C++20 (GCC 13-64),1744115690
314488637,sodayo,Split the Multiset,OK,C++20 (GCC 13-64),1744115659
314488536,key_anemoi,Split the Multiset,WRONG_ANSWER,C++20 (GCC 13-64),1744115605
314487437,PACMAN0510,Make Majority,OK,C++17 (GCC 7-32),1744115012
314486822,manaotian,Split the Multiset,OK,"C++23 (GCC 14-64, msys2)",1744114696
314486486,orange_lov_gouzi,Split the Multiset,WRONG_ANSWER,"C++23 (GCC 14-64, msys2)",1744114530
314485725,PACMAN0510,Make Majority,WRONG_ANSWER,C++17 (GCC 7-32),1744114135
314475387,coldcloudv,The Omnipotent Monster Killer,WRONG_ANSWER,"C++23 (GCC 14-64, msys2)",1744108361
314473819,coldcloudv,The Omnipotent Monster Killer,WRONG_ANSWER,"C++23 (GCC 14-64, msys2)",1744107313
314471463,coldcloudv,The Omnipotent Monster Killer,WRONG_ANSWER,"C++23 (GCC 14-64, msys2)",1744105911
314470497,coldcloudv,The Omnipotent Monster Killer,WRONG_ANSWER,"C++23 (GCC 14-64, msys2)",1744105372
314469777,Nevll,Range Minimum Sum,OK,C++17 (GCC 7-32),1744104955
314468567,coldcloudv,Increasing Sequence with Fixed OR,OK,"C++23 (GCC 14-64, msys2)",1744104289
314464392,coldcloudv,Make Majority,OK,"C++23 (GCC 14-64, msys2)",1744101765
314463696,coldcloudv,Split the Multiset,OK,"C++23 (GCC 14-64, msys2)",1744101312
314444592,DE4d_B0dy,Increasing Sequence with Fixed OR,OK,C++20 (GCC 13-64),1744088170
314436096,ntcnng_,The Omnipotent Monster Killer,OK,C++17 (GCC 7-32),1744078830
314436045,ntcnng_,The Omnipotent Monster Killer,WRONG_ANSWER,C++17 (GCC 7-32),1744078783
314429364,virginMohito,The Omnipotent Monster Killer,WRONG_ANSWER,C++20 (GCC 13-64),1744066708
314426315,Shoyo_7681,Split the Multiset,OK,C++17 (GCC 7-32),1744062064
314422301,Krokenbush,Make Majority,OK,"C++23 (GCC 14-64, msys2)",1744058047
314420832,yaio.abc,Increasing Sequence with Fixed OR,TIME_LIMIT_EXCEEDED,"C++23 (GCC 14-64, msys2)",1744056709
314418639,yaio.abc,Increasing Sequence with Fixed OR,TIME_LIMIT_EXCEEDED,"C++23 (GCC 14-64, msys2)",1744055044
314418557,yaio.abc,Increasing Sequence with Fixed OR,WRONG_ANSWER,"C++23 (GCC 14-64, msys2)",1744054983
314418375,yaio.abc,Increasing Sequence with Fixed OR,WRONG_ANSWER,"C++23 (GCC 14-64, msys2)",1744054861
314413927,ascil.chtioui,Make Majority,OK,PyPy 3,1744051889
314410477,Shaurya003,Split the Multiset,OK,"C++23 (GCC 14-64, msys2)",1744050015
314410131,Shaurya003,Split the Multiset,WRONG_ANSWER,"C++23 (GCC 14-64, msys2)",1744049845
314407898,ascil.chtioui,Make Majority,WRONG_ANSWER,PyPy 3,1744048680
314398645,Imran_Raza,Split the Multiset,OK,C++20 (GCC 13-64),1744044631
314397739,Imran_Raza,Split the Multiset,WRONG_ANSWER,C++20 (GCC 13-64),1744044270
314397687,Imran_Raza,Split the Multiset,WRONG_ANSWER,C++20 (GCC 13-64),1744044250
314397490,Imran_Raza,Split the Multiset,WRONG_ANSWER,C++20 (GCC 13-64),1744044170
314387210,aritra_chy,Make Majority,OK,C++17 (GCC 7-32),1744040199
314384588,aritra_chy,Make Majority,WRONG_ANSWER,C++17 (GCC 7-32),1744039287
314381830,AsifOlindo,Split the Multiset,OK,"C++23 (GCC 14-64, msys2)",1744038367
314381025,namelesscat,The Omnipotent Monster Killer,OK,C++20 (GCC 13-64),1744038113
314380417,namelesscat,The Omnipotent Monster Killer,WRONG_ANSWER,C++20 (GCC 13-64),1744037937
314379241,AsifOlindo,Split the Multiset,WRONG_ANSWER,"C++23 (GCC 14-64, msys2)",1744037588
314369793,NoobEternal,Increasing Sequence with Fixed OR,OK,C++20 (GCC 13-64),1744033925
314360595,saurabh_codes,Increasing Sequence with Fixed OR,OK,"C++23 (GCC 14-64, msys2)",1744029650
314359812,DE4d_B0dy,Increasing Sequence with Fixed OR,WRONG_ANSWER,C++20 (GCC 13-64),1744029258
314359119,DE4d_B0dy,Increasing Sequence with Fixed OR,WRONG_ANSWER,C++20 (GCC 13-64),1744028949
314356859,SahaPacific,Split the Multiset,WRONG_ANSWER,C++20 (GCC 13-64),1744027883
314356505,DE4d_B0dy,Make Majority,OK,C++20 (GCC 13-64),1744027716
314355252,DE4d_B0dy,Split the Multiset,OK,C++20 (GCC 13-64),1744027155
314346024,Cz.20173557592,The Omnipotent Monster Killer,WRONG_ANSWER,"C++23 (GCC 14-64, msys2)",1744022283
314345702,Cz.20173557592,The Omnipotent Monster Killer,WRONG_ANSWER,"C++23 (GCC 14-64, msys2)",1744022088
314339698,Cz.20173557592,Increasing Sequence with Fixed OR,OK,"C++23 (GCC 14-64, msys2)",1744018598
314337251,timluhongbo,Increasing Sequence with Fixed OR,OK,C++17 (GCC 7-32),1744017091
314336563,aibarsnurr__,Split the Multiset,WRONG_ANSWER,C++20 (GCC 13-64),1744016685
314336109,Suryxnshu,Make Majority,OK,"C++23 (GCC 14-64, msys2)",1744016418
314334891,jiangn,Range Minimum Sum,OK,"C++23 (GCC 14-64, msys2)",1744015669
314333182,GUGULOTHU_VENU,Increasing Sequence with Fixed OR,WRONG_ANSWER,"C++23 (GCC 14-64, msys2)",1744014606
314333087,GUGULOTHU_VENU,Make Majority,WRONG_ANSWER,"C++23 (GCC 14-64, msys2)",1744014535
314333027,GUGULOTHU_VENU,Make Majority,WRONG_ANSWER,"C++23 (GCC 14-64, msys2)",1744014488
314332898,GUGULOTHU_VENU,Split the Multiset,WRONG_ANSWER,"C++23 (GCC 14-64, msys2)",1744014396
314332846,GUGULOTHU_VENU,Split the Multiset,COMPILATION_ERROR,"C++23 (GCC 14-64, msys2)",1744014358
314332723,GUGULOTHU_VENU,Increasing Sequence with Fixed OR,WRONG_ANSWER,"C++23 (GCC 14-64, msys2)",1744014276
314332462,GUGULOTHU_VENU,Split the Multiset,WRONG_ANSWER,"C++23 (GCC 14-64, msys2)",1744014120
314332350,GUGULOTHU_VENU,Split the Multiset,WRONG_ANSWER,"C++23 (GCC 14-64, msys2)",1744014055
314332252,GUGULOTHU_VENU,Split the Multiset,TIME_LIMIT_EXCEEDED,"C++23 (GCC 14-64, msys2)",1744013996
314331378,202401457,Make Majority,OK,C++17 (GCC 7-32),1744013470
314329609,202401457,Make Majority,WRONG_ANSWER,C++17 (GCC 7-32),1744012331
314328529,SahaPacific,Split the Multiset,WRONG_ANSWER,C++20 (GCC 13-64),1744011534
314327078,SahaPacific,Split the Multiset,WRONG_ANSWER,C++20 (GCC 13-64),1744010443
314326618,SahaPacific,Split the Multiset,WRONG_ANSWER,C++20 (GCC 13-64),1744010096
314325944,SahaPacific,Split the Multiset,WRONG_ANSWER,C++20 (GCC 13-64),1744009628
314325608,SahaPacific,Split the Multiset,WRONG_ANSWER,C++20 (GCC 13-64),1744009373
314324498,SahaPacific,Split the Multiset,WRONG_ANSWER,C++20 (GCC 13-64),1744008622
314323810,SahaPacific,Split the Multiset,WRONG_ANSWER,C++20 (GCC 13-64),1744008130
314323438,SahaPacific,Split the Multiset,WRONG_ANSWER,C++20 (GCC 13-64),1744007855
314321052,Ronakeshu3000,Increasing Sequence with Fixed OR,OK,"C++23 (GCC 14-64, msys2)",1744006060
314320937,Ronakeshu3000,Increasing Sequence with Fixed OR,TIME_LIMIT_EXCEEDED,"C++23 (GCC 14-64, msys2)",1744005943
314320809,Ronakeshu3000,Increasing Sequence with Fixed OR,WRONG_ANSWER,"C++23 (GCC 14-64, msys2)",1744005799
314319890,Ronakeshu3000,Increasing Sequence with Fixed OR,TIME_LIMIT_EXCEEDED,"C++23 (GCC 14-64, msys2)",1744005061
314319800,Ronakeshu3000,Increasing Sequence with Fixed OR,TIME_LIMIT_EXCEEDED,"C++23 (GCC 14-64, msys2)",1744004982
314319757,Ronakeshu3000,Increasing Sequence with Fixed OR,WRONG_ANSWER,"C++23 (GCC 14-64, msys2)",1744004938
314315498,dugawaarun,Make Majority,OK,"C++23 (GCC 14-64, msys2)",1744001145
314315256,Romelai28,Make Majority,OK,C++20 (GCC 13-64),1744000897
314310653,Cz.20173557592,Make Majority,OK,"C++23 (GCC 14-64, msys2)",1743995167
314308737,Cz.20173557592,Split the Multiset,OK,"C++23 (GCC 14-64, msys2)",1743992535
314299007,3delsaker940,Split the Multiset,OK,C++17 (GCC 7-32),1743974733
314297244,X__jd_ndbxii_cfjdnxjj,Make Majority,OK,C++17 (GCC 7-32),1743972899
314297190,X__jd_ndbxii_cfjdnxjj,Make Majority,WRONG_ANSWER,C++17 (GCC 7-32),1743972839
314295627,X__jd_ndbxii_cfjdnxjj,Make Majority,TIME_LIMIT_EXCEEDED,C++17 (GCC 7-32),1743971518
314295431,3delsaker940,Split the Multiset,WRONG_ANSWER,C++17 (GCC 7-32),1743971357
314295363,3delsaker940,Split the Multiset,WRONG_ANSWER,C++17 (GCC 7-32),1743971290
314295225,3delsaker940,Split the Multiset,WRONG_ANSWER,C++17 (GCC 7-32),1743971186
314295142,X__jd_ndbxii_cfjdnxjj,Make Majority,TIME_LIMIT_EXCEEDED,C++17 (GCC 7-32),1743971117
314295050,X__jd_ndbxii_cfjdnxjj,Make Majority,TIME_LIMIT_EXCEEDED,C++17 (GCC 7-32),1743971039
314294996,X__jd_ndbxii_cfjdnxjj,Make Majority,TIME_LIMIT_EXCEEDED,C++17 (GCC 7-32),1743970977
314294903,X__jd_ndbxii_cfjdnxjj,Make Majority,TIME_LIMIT_EXCEEDED,C++17 (GCC 7-32),1743970902
314292115,yaio.abc,Split the Multiset,OK,"C++23 (GCC 14-64, msys2)",1743968641
314291607,yaio.abc,Split the Multiset,WRONG_ANSWER,"C++23 (GCC 14-64, msys2)",1743968242
314290668,yaio.abc,Split the Multiset,WRONG_ANSWER,"C++23 (GCC 14-64, msys2)",1743967565
314289853,yaio.abc,Make Majority,OK,"C++23 (GCC 14-64, msys2)",1743967021
314287272,preetham_vk18,Increasing Sequence with Fixed OR,OK,C++17 (GCC 7-32),1743965312
314287229,__Moatz__,Split the Multiset,OK,"C++23 (GCC 14-64, msys2)",1743965280
314286743,_satoshi_0016,Make Majority,OK,"C++23 (GCC 14-64, msys2)",1743965004
314286227,__Moatz__,Split the Multiset,WRONG_ANSWER,"C++23 (GCC 14-64, msys2)",1743964690
314285816,_satoshi_0016,Make Majority,WRONG_ANSWER,"C++23 (GCC 14-64, msys2)",1743964446
314282644,saminabdullah123,Increasing Sequence with Fixed OR,OK,C++17 (GCC 7-32),1743962687
314278381,_satoshi_0016,Make Majority,RUNTIME_ERROR,"C++23 (GCC 14-64, msys2)",1743960256
314278103,GOJO_SATURO12,Make Majority,OK,"C++23 (GCC 14-64, msys2)",1743960102
314277296,kiyoya_123,Increasing Sequence with Fixed OR,OK,C++17 (GCC 7-32),1743959637
314277101,kiyoya_123,Increasing Sequence with Fixed OR,WRONG_ANSWER,C++17 (GCC 7-32),1743959538
314276938,kiyoya_123,Increasing Sequence with Fixed OR,WRONG_ANSWER,C++17 (GCC 7-32),1743959444
314276811,kiyoya_123,Increasing Sequence with Fixed OR,WRONG_ANSWER,C++17 (GCC 7-32),1743959374
314276555,kiyoya_123,Increasing Sequence with Fixed OR,WRONG_ANSWER,C++17 (GCC 7-32),1743959219
314276341,kiyoya_123,Increasing Sequence with Fixed OR,WRONG_ANSWER,C++17 (GCC 7-32),1743959088
314276253,kiyoya_123,Increasing Sequence with Fixed OR,TIME_LIMIT_EXCEEDED,C++17 (GCC 7-32),1743959029
314275766,GOJO_SATURO12,Make Majority,WRONG_ANSWER,"C++23 (GCC 14-64, msys2)",1743958731
314275658,GOJO_SATURO12,Make Majority,WRONG_ANSWER,"C++23 (GCC 14-64, msys2)",1743958668
314275120,kiyoya_123,Increasing Sequence with Fixed OR,MEMORY_LIMIT_EXCEEDED,C++17 (GCC 7-32),1743958337
314274785,GOJO_SATURO12,Make Majority,WRONG_ANSWER,"C++23 (GCC 14-64, msys2)",1743958128
314273873,__Moatz__,Make Majority,OK,"C++23 (GCC 14-64, msys2)",1743957595
314272683,__Moatz__,Make Majority,WRONG_ANSWER,"C++23 (GCC 14-64, msys2)",1743956837
314272474,randomcookiesss,The Omnipotent Monster Killer,OK,"C++23 (GCC 14-64, msys2)",1743956713
314272415,youssef97_,Split the Multiset,OK,C++20 (GCC 13-64),1743956682
314271987,GOJO_SATURO12,Split the Multiset,OK,"C++23 (GCC 14-64, msys2)",1743956427
314271482,__Moatz__,Make Majority,WRONG_ANSWER,"C++23 (GCC 14-64, msys2)",1743956107
314271395,randomcookiesss,Increasing Sequence with Fixed OR,OK,PyPy 3-64,1743956055
314271078,randomcookiesss,Increasing Sequence with Fixed OR,WRONG_ANSWER,"C++23 (GCC 14-64, msys2)",1743955845
314270160,youssef97_,Split the Multiset,WRONG_ANSWER,C++20 (GCC 13-64),1743955294
314267847,randomcookiesss,Make Majority,OK,"C++23 (GCC 14-64, msys2)",1743954044
314267257,randomcookiesss,Split the Multiset,OK,"C++23 (GCC 14-64, msys2)",1743953703
314267080,randomcookiesss,Split the Multiset,WRONG_ANSWER,"C++23 (GCC 14-64, msys2)",1743953606
314267029,randomcookiesss,Split the Multiset,WRONG_ANSWER,"C++23 (GCC 14-64, msys2)",1743953577
314266569,randomcookiesss,Split the Multiset,WRONG_ANSWER,"C++23 (GCC 14-64, msys2)",1743953332
314266534,randomcookiesss,Split the Multiset,WRONG_ANSWER,"C++23 (GCC 14-64, msys2)",1743953313
314265827,MEhs313,Split the Multiset,OK,C++17 (GCC 7-32),1743952933
314259257,mathsdevil,Increasing Sequence with Fixed OR,OK,"C++23 (GCC 14-64, msys2)",1743949807
314255167,saminabdullah123,Make Majority,OK,C++17 (GCC 7-32),1743947822
314255089,MEhs313,Split the Multiset,WRONG_ANSWER,C++17 (GCC 7-32),1743947780
314253117,MEhs313,Make Majority,OK,C++17 (GCC 7-32),1743946836
314251976,jiangn,The Omnipotent Monster Killer,OK,"C++23 (GCC 14-64, msys2)",1743946283
314241888,tanmayaawal,Make Majority,OK,C++17 (GCC 7-32),1743941039
314240015,Shivayan09,Make Majority,WRONG_ANSWER,Java 21,1743940040
314238669,shrishtidubey,Increasing Sequence with Fixed OR,OK,C++17 (GCC 7-32),1743939297
314231958,mickeymouse0,Split the Multiset,OK,PyPy 3-64,1743935652
314229462,mathsdevil,Increasing Sequence with Fixed OR,WRONG_ANSWER,"C++23 (GCC 14-64, msys2)",1743934468
314217073,BlazinFiree,Make Majority,OK,C++17 (GCC 7-32),1743927854
314215359,BlazinFiree,Split the Multiset,OK,C++17 (GCC 7-32),1743926926
314212820,ilobindia,Split the Multiset,OK,Java 21,1743925606
314209382,CYLNT-RAIN,Make Majority,OK,C++20 (GCC 13-64),1743923751
314206535,ilobindia,Split the Multiset,WRONG_ANSWER,Java 21,1743922216
314202132,sgg118,Increasing Sequence with Fixed OR,OK,C++20 (GCC 13-64),1743919881
314200948,rhbo,Make Majority,OK,C++20 (GCC 13-64),1743919205
314200764,12crack_head,Make Majority,TIME_LIMIT_EXCEEDED,C++17 (GCC 7-32),1743919075
314200617,rohanbot12,Split the Multiset,OK,C++20 (GCC 13-64),1743918977
314199993,rhbo,Split the Multiset,OK,C++20 (GCC 13-64),1743918581
314199982,rohanbot12,Split the Multiset,WRONG_ANSWER,C++20 (GCC 13-64),1743918576
314199915,rohanbot12,Split the Multiset,WRONG_ANSWER,C++20 (GCC 13-64),1743918538
314199348,rohanbot12,Split the Multiset,WRONG_ANSWER,C++20 (GCC 13-64),1743918214
314194026,AdiPandeyjii,Split the Multiset,WRONG_ANSWER,"C++23 (GCC 14-64, msys2)",1743914270
314192337,Asim,The Omnipotent Monster Killer,WRONG_ANSWER,C++20 (GCC 13-64),1743912688
314184939,18073827926,Increasing Sequence with Fixed OR,OK,C++20 (GCC 13-64),1743903850
314168990,AdiPandeyjii,Split the Multiset,WRONG_ANSWER,"C++23 (GCC 14-64, msys2)",1743883588
314168703,AdiPandeyjii,Split the Multiset,WRONG_ANSWER,"C++23 (GCC 14-64, msys2)",1743883378
314167614,niloy09,Split the Multiset,OK,C++17 (GCC 7-32),1743882654
314165716,ishikarathore,Make Majority,OK,C++17 (GCC 7-32),1743881429
314162728,Jain_Harshit,Increasing Sequence with Fixed OR,OK,C++17 (GCC 7-32),1743879665
314162261,Jain_Harshit,Increasing Sequence with Fixed OR,OK,C++17 (GCC 7-32),1743879413
314160072,niloy09,Split the Multiset,WRONG_ANSWER,C++17 (GCC 7-32),1743878375
314157478,Jain_Harshit,Make Majority,OK,C++17 (GCC 7-32),1743876432
314155352,Jain_Harshit,Split the Multiset,OK,C++17 (GCC 7-32),1743874706
314151942,rajeev21862,Make Majority,OK,C++17 (GCC 7-32),1743873993
314148786,rajeev21862,Make Majority,WRONG_ANSWER,C++17 (GCC 7-32),1743873315
314148718,AmeyPatil,Increasing Sequence with Fixed OR,OK,C++20 (GCC 13-64),1743873300
314148392,rajeev21862,Make Majority,WRONG_ANSWER,C++17 (GCC 7-32),1743873229
314147983,AmeyPatil,Increasing Sequence with Fixed OR,WRONG_ANSWER,C++20 (GCC 13-64),1743873151
314146669,AmeyPatil,Increasing Sequence with Fixed OR,WRONG_ANSWER,C++20 (GCC 13-64),1743872889
314146135,AmeyPatil,Increasing Sequence with Fixed OR,WRONG_ANSWER,C++20 (GCC 13-64),1743872778
314145857,AmeyPatil,Increasing Sequence with Fixed OR,WRONG_ANSWER,C++20 (GCC 13-64),1743872720
314145300,ninja1301,Split the Multiset,OK,C++17 (GCC 7-32),1743872618
314138394,i240510,Make Majority,OK,C++17 (GCC 7-32),1743871320
314128143,Satyam1310,Split the Multiset,OK,C++17 (GCC 7-32),1743869669
314125768,Sfarshi,Split the Multiset,OK,C++17 (GCC 7-32),1743869339
314121144,Meeadul_alam,Make Majority,OK,C++17 (GCC 7-32),1743868701
314120430,Meeadul_alam,Make Majority,OK,C++17 (GCC 7-32),1743868606
314069205,jp5222347,Make Majority,OK,C++20 (GCC 13-64),1743863509
314068749,jiangn,Increasing Sequence with Fixed OR,OK,"C++23 (GCC 14-64, msys2)",1743863259
314066847,Penguin02,Increasing Sequence with Fixed OR,TIME_LIMIT_EXCEEDED,C++17 (GCC 7-32),1743862167
314066532,jiangn,Make Majority,OK,"C++23 (GCC 14-64, msys2)",1743861993
314063345,tima368,Make Majority,OK,C++20 (GCC 13-64),1743860230
314063149,P3rp3tu4l,Increasing Sequence with Fixed OR,OK,"C++23 (GCC 14-64, msys2)",1743860125
314058812,savaliya_prince_m,Split the Multiset,OK,C++17 (GCC 7-32),1743857689
314058485,savaliya_prince_m,Split the Multiset,WRONG_ANSWER,C++17 (GCC 7-32),1743857513
314056267,savaliya_prince_m,Make Majority,WRONG_ANSWER,C++17 (GCC 7-32),1743856212
314040673,stsm,Make Majority,WRONG_ANSWER,C++17 (GCC 7-32),1743848259
314034368,soltice,The Omnipotent Monster Killer,OK,"C++23 (GCC 14-64, msys2)",1743845677
314033538,madhav_gupta,Split the Multiset,WRONG_ANSWER,C++17 (GCC 7-32),1743845329
314030761,djsksbrbf,The Omnipotent Monster Killer,OK,C++17 (GCC 7-32),1743844194
314030531,Marchell_Hii,The Omnipotent Monster Killer,OK,"C++23 (GCC 14-64, msys2)",1743844110
314018312,Pi213,Split the Multiset,OK,PyPy 3-64,1743838724
314015541,Pi213,Split the Multiset,WRONG_ANSWER,PyPy 3-64,1743837564
314009570,jha_divyanshu,Split the Multiset,OK,C++17 (GCC 7-32),1743835147
314007071,robokun,Increasing Sequence with Fixed OR,WRONG_ANSWER,C++17 (GCC 7-32),1743834098
314004690,Pi213,Make Majority,OK,PyPy 3-64,1743832930
314004614,robokun,Increasing Sequence with Fixed OR,WRONG_ANSWER,C++17 (GCC 7-32),1743832889
314004601,Pi213,Make Majority,WRONG_ANSWER,PyPy 3-64,1743832883
314003014,mohibulJesan,Increasing Sequence with Fixed OR,OK,C++20 (GCC 13-64),1743832040
314002007,robokun,Make Majority,OK,C++17 (GCC 7-32),1743831466
314001828,jha_divyanshu,Split the Multiset,WRONG_ANSWER,C++17 (GCC 7-32),1743831361
314001177,Pi213,Increasing Sequence with Fixed OR,OK,PyPy 3-64,1743830974
313999591,mohibulJesan,Increasing Sequence with Fixed OR,OK,C++20 (GCC 13-64),1743830007
313998575,robokun,Split the Multiset,OK,C++17 (GCC 7-32),1743829398
313997197,N0.ONE,The Omnipotent Monster Killer,OK,"C++23 (GCC 14-64, msys2)",1743828428
313996420,N0.ONE,The Omnipotent Monster Killer,WRONG_ANSWER,"C++23 (GCC 14-64, msys2)",1743827820
313995836,N0.ONE,The Omnipotent Monster Killer,TIME_LIMIT_EXCEEDED,"C++23 (GCC 14-64, msys2)",1743827360
313994563,ananthak,The Omnipotent Monster Killer,OK,"C++23 (GCC 14-64, msys2)",1743826298
313993211,ananthak,The Omnipotent Monster Killer,TIME_LIMIT_EXCEEDED,"C++23 (GCC 14-64, msys2)",1743824999
313989369,tmz09,Split the Multiset,OK,"C++23 (GCC 14-64, msys2)",1743820672
313984799,ishisahu17,Make Majority,OK,C++17 (GCC 7-32),1743814729
313984762,drreader,Make Majority,OK,"C++23 (GCC 14-64, msys2)",1743814662
313984729,ishisahu17,Make Majority,RUNTIME_ERROR,C++17 (GCC 7-32),1743814597
313984660,ishisahu17,Make Majority,RUNTIME_ERROR,C++17 (GCC 7-32),1743814494
313975380,legend17vikram,Split the Multiset,OK,"C++23 (GCC 14-64, msys2)",1743800482
313975114,legend17vikram,Split the Multiset,RUNTIME_ERROR,"C++23 (GCC 14-64, msys2)",1743800220
313975054,legend17vikram,Split the Multiset,RUNTIME_ERROR,"C++23 (GCC 14-64, msys2)",1743800163
313974943,real_Parallelism,Make Majority,WRONG_ANSWER,C++17 (GCC 7-32),1743800073
313974942,Real_Reasoning_Model,Increasing Sequence with Fixed OR,WRONG_ANSWER,C++17 (GCC 7-32),1743800073
313973634,num3,The Omnipotent Monster Killer,WRONG_ANSWER,C++17 (GCC 7-32),1743799167
313973611,Real_Reasoning_Model,Range Minimum Sum,TIME_LIMIT_EXCEEDED,C++17 (GCC 7-32),1743799151
313973520,1000_H100,Make Majority,WRONG_ANSWER,C++17 (GCC 7-32),1743799081
313973424,WorldShine02,Heartbeat,TIME_LIMIT_EXCEEDED,C++17 (GCC 7-32),1743799019
313973299,real_Parallelism,Split the Multiset,OK,C++17 (GCC 7-32),1743798943
313973181,num6,Increasing Sequence with Fixed OR,WRONG_ANSWER,C++17 (GCC 7-32),1743798864
313962718,lazy_abhay,Make Majority,OK,C++20 (GCC 13-64),1743792251
313960999,ankit24,Split the Multiset,OK,Java 8,1743791348
313956000,Ayush1307,Make Majority,OK,C++20 (GCC 13-64),1743789002
313953749,ankit24,Make Majority,OK,Java 8,1743787941
313953281,ankit24,Make Majority,WRONG_ANSWER,Java 8,1743787690
313951104,ankit24,Make Majority,WRONG_ANSWER,Java 8,1743786633
313948859,HetB1809,Increasing Sequence with Fixed OR,OK,"C++23 (GCC 14-64, msys2)",1743785576
313947121,ethanjonesfb0,Make Majority,OK,C++20 (GCC 13-64),1743784767
313946477,HetB1809,Increasing Sequence with Fixed OR,WRONG_ANSWER,"C++23 (GCC 14-64, msys2)",1743784471
313945124,Kazuuu,Split the Multiset,WRONG_ANSWER,Java 8,1743783885
313944943,Kazuuu,Split the Multiset,WRONG_ANSWER,Java 8,1743783811
313928454,Arryav_,Increasing Sequence with Fixed OR,OK,C++17 (GCC 7-32),1743777548
313926506,Arryav_,Increasing Sequence with Fixed OR,WRONG_ANSWER,C++17 (GCC 7-32),1743776690
313926014,Arryav_,Increasing Sequence with Fixed OR,WRONG_ANSWER,C++17 (GCC 7-32),1743776446
313925318,SumayaSiddika,Make Majority,WRONG_ANSWER,C++20 (GCC 13-64),1743776111
313924831,SumayaSiddika,Make Majority,WRONG_ANSWER,C++20 (GCC 13-64),1743775877
313924426,ayush.dwivedi2327,Make Majority,OK,C++17 (GCC 7-32),1743775680
313924329,SumayaSiddika,Make Majority,WRONG_ANSWER,C++20 (GCC 13-64),1743775632
313922444,Meeadul_alam,Make Majority,WRONG_ANSWER,C++17 (GCC 7-32),1743774767
313920567,Meeadul_alam,Make Majority,WRONG_ANSWER,C++17 (GCC 7-32),1743773939
313919219,Meeadul_alam,Make Majority,WRONG_ANSWER,C++17 (GCC 7-32),1743773359
313915360,Meeadul_alam,Make Majority,WRONG_ANSWER,C++17 (GCC 7-32),1743771594
313910980,vikgeniX,Split the Multiset,OK,PyPy 3-64,1743769347
313902161,MithilAdepu,Increasing Sequence with Fixed OR,OK,"C++23 (GCC 14-64, msys2)",1743764562
313900609,subho_29,Make Majority,OK,C++20 (GCC 13-64),1743763571
313890588,llO_Oll,Make Majority,WRONG_ANSWER,C++20 (GCC 13-64),1743757266
313888296,panzian,Increasing Sequence with Fixed OR,WRONG_ANSWER,C++17 (GCC 7-32),1743755891
313880939,future_Lgm_5,Split the Multiset,OK,"C++23 (GCC 14-64, msys2)",1743751259
313876993,MithilAdepu,Increasing Sequence with Fixed OR,RUNTIME_ERROR,"C++23 (GCC 14-64, msys2)",1743748673
313876619,MithilAdepu,Increasing Sequence with Fixed OR,RUNTIME_ERROR,"C++23 (GCC 14-64, msys2)",1743748418
313876053,MithilAdepu,Increasing Sequence with Fixed OR,RUNTIME_ERROR,"C++23 (GCC 14-64, msys2)",1743748036
313869696,zheng_zijian,The Omnipotent Monster Killer,OK,"C++23 (GCC 14-64, msys2)",1743742897
313867938,zheng_zijian,The Omnipotent Monster Killer,WRONG_ANSWER,"C++23 (GCC 14-64, msys2)",1743741548
313866895,MithilAdepu,Split the Multiset,OK,"C++23 (GCC 14-64, msys2)",1743740517
313866840,MithilAdepu,Make Majority,OK,"C++23 (GCC 14-64, msys2)",1743740457
313863923,PVM15,Increasing Sequence with Fixed OR,OK,C++17 (GCC 7-32),1743737783
313863870,PVM15,Increasing Sequence with Fixed OR,WRONG_ANSWER,C++17 (GCC 7-32),1743737724
313863682,PVM15,Increasing Sequence with Fixed OR,WRONG_ANSWER,C++17 (GCC 7-32),1743737532
313858759,usedchang,Increasing Sequence with Fixed OR,OK,C++20 (GCC 13-64),1743731614
313858716,usedchang,Increasing Sequence with Fixed OR,WRONG_ANSWER,C++20 (GCC 13-64),1743731554
313858537,usedchang,Increasing Sequence with Fixed OR,WRONG_ANSWER,C++20 (GCC 13-64),1743731307
313855877,Watson_TP,Increasing Sequence with Fixed OR,OK,"C++23 (GCC 14-64, msys2)",1743727022
313855789,Watson_TP,Increasing Sequence with Fixed OR,WRONG_ANSWER,"C++23 (GCC 14-64, msys2)",1743726864
313855730,Watson_TP,Increasing Sequence with Fixed OR,WRONG_ANSWER,"C++23 (GCC 14-64, msys2)",1743726758
313831208,parmartushar8122,Make Majority,OK,C++17 (GCC 7-32),1743702598
313830931,parmartushar8122,Make Majority,WRONG_ANSWER,C++17 (GCC 7-32),1743702451
313732952,Satyam1310,Split the Multiset,WRONG_ANSWER,C++17 (GCC 7-32),1743684953
313732655,Satyam1310,Split the Multiset,WRONG_ANSWER,C++17 (GCC 7-32),1743684810
313732415,Satyam1310,Split the Multiset,WRONG_ANSWER,C++17 (GCC 7-32),1743684680
313732364,HuckleBerryFlim,Make Majority,OK,C++17 (GCC 7-32),1743684655
313730380,rnx0w2,Split the Multiset,OK,Java 21,1743683576
313730099,rnx0w2,Split the Multiset,WRONG_ANSWER,Java 21,1743683410
313729919,rnx0w2,Split the Multiset,WRONG_ANSWER,Java 21,1743683297
313729151,HuckleBerryFlim,Split the Multiset,OK,C++17 (GCC 7-32),1743682847
313728855,Eduardo.Rocha,The Omnipotent Monster Killer,WRONG_ANSWER,C++20 (GCC 13-64),1743682684
313728389,Eduardo.Rocha,The Omnipotent Monster Killer,WRONG_ANSWER,C++20 (GCC 13-64),1743682415
313725244,ankushtyagi96070,Split the Multiset,OK,Java 21,1743680583
313724989,ankushtyagi96070,Split the Multiset,WRONG_ANSWER,Java 21,1743680422
313724833,ankushtyagi96070,Split the Multiset,WRONG_ANSWER,Java 21,1743680329
313724745,ankushtyagi96070,Split the Multiset,COMPILATION_ERROR,Kotlin 1.7,1743680279
313713073,Krish_6969,Split the Multiset,OK,"C++23 (GCC 14-64, msys2)",1743673056
313695253,lazy_abhay,Split the Multiset,OK,C++20 (GCC 13-64),1743661991
313691416,ZainUlHaq,Make Majority,WRONG_ANSWER,"C++23 (GCC 14-64, msys2)",1743659570
313690969,Abhi6645,The Omnipotent Monster Killer,OK,"C++23 (GCC 14-64, msys2)",1743659236
313690352,cin_om,Make Majority,OK,C++17 (GCC 7-32),1743658767
313690072,cin_om,Make Majority,WRONG_ANSWER,C++17 (GCC 7-32),1743658552
313688589,wordyJarvis,Make Majority,OK,C++17 (GCC 7-32),1743657339
313686567,nim_,Make Majority,OK,C++17 (GCC 7-32),1743655884
313683995,nim_,Make Majority,WRONG_ANSWER,C++17 (GCC 7-32),1743653823
313680607,akiten,Increasing Sequence with Fixed OR,OK,"C++23 (GCC 14-64, msys2)",1743650586
313680135,simplyjoke,Increasing Sequence with Fixed OR,OK,C++17 (GCC 7-32),1743650005
313680085,simplyjoke,Increasing Sequence with Fixed OR,WRONG_ANSWER,C++17 (GCC 7-32),1743649947
313678981,shash4321,The Omnipotent Monster Killer,TIME_LIMIT_EXCEEDED,PyPy 3-64,1743648615
313677130,espacio,Increasing Sequence with Fixed OR,OK,"C++23 (GCC 14-64, msys2)",1743646267
313677092,espacio,Increasing Sequence with Fixed OR,WRONG_ANSWER,"C++23 (GCC 14-64, msys2)",1743646220
313677073,amityadav2311,Make Majority,OK,C++20 (GCC 13-64),1743646198
313677005,espacio,Increasing Sequence with Fixed OR,WRONG_ANSWER,"C++23 (GCC 14-64, msys2)",1743646113
313676985,amityadav2311,Make Majority,OK,Python 3,1743646088
313676271,espacio,Make Majority,OK,"C++23 (GCC 14-64, msys2)",1743645138
313676143,simplyjoke,Increasing Sequence with Fixed OR,WRONG_ANSWER,C++17 (GCC 7-32),1743644957
313676022,espacio,Split the Multiset,OK,"C++23 (GCC 14-64, msys2)",1743644813
313675816,shash4321,The Omnipotent Monster Killer,WRONG_ANSWER,PyPy 3-64,1743644552
313675743,simplyjoke,Make Majority,OK,C++17 (GCC 7-32),1743644462
313674579,AsianJS,The Omnipotent Monster Killer,TIME_LIMIT_EXCEEDED,C++17 (GCC 7-32),1743642682
313671510,AsianJS,Increasing Sequence with Fixed OR,OK,C++17 (GCC 7-32),1743637282
313671483,AsianJS,Increasing Sequence with Fixed OR,WRONG_ANSWER,C++17 (GCC 7-32),1743637234
313668582,AsianJS,Increasing Sequence with Fixed OR,OK,C++17 (GCC 7-32),1743631974
313668544,AsianJS,Increasing Sequence with Fixed OR,WRONG_ANSWER,C++17 (GCC 7-32),1743631910
313668480,AsianJS,Increasing Sequence with Fixed OR,OK,C++17 (GCC 7-32),1743631806
313668456,AsianJS,Increasing Sequence with Fixed OR,WRONG_ANSWER,C++17 (GCC 7-32),1743631757
313668078,Zeta_function,Split the Multiset,OK,C++20 (GCC 13-64),1743631240
313668041,Zeta_function,Split the Multiset,WRONG_ANSWER,C++20 (GCC 13-64),1743631173
313668006,AsianJS,Increasing Sequence with Fixed OR,WRONG_ANSWER,C++17 (GCC 7-32),1743631125
313667953,AsianJS,Increasing Sequence with Fixed OR,WRONG_ANSWER,C++17 (GCC 7-32),1743631061
313667755,rnx0w2,Split the Multiset,WRONG_ANSWER,Java 21,1743630788
313667672,Danch575,Range Minimum Sum,OK,C++17 (GCC 7-32),1743630681
313667606,Danch575,Range Minimum Sum,WRONG_ANSWER,C++17 (GCC 7-32),1743630598
313666187,AbdAlrhman_QarahBolad,Make Majority,OK,C++17 (GCC 7-32),1743628845
313666156,aksharpathak897,Increasing Sequence with Fixed OR,OK,"C++23 (GCC 14-64, msys2)",1743628815
313666122,aksharpathak897,Increasing Sequence with Fixed OR,WRONG_ANSWER,"C++23 (GCC 14-64, msys2)",1743628774
313665894,AsianJS,Increasing Sequence with Fixed OR,WRONG_ANSWER,C++17 (GCC 7-32),1743628467
313664458,AsianJS,Make Majority,OK,C++17 (GCC 7-32),1743626905
313664026,AsianJS,Split the Multiset,OK,C++17 (GCC 7-32),1743626520
313661070,Danch575,The Omnipotent Monster Killer,OK,C++17 (GCC 7-32),1743623730
313660663,Danch575,The Omnipotent Monster Killer,COMPILATION_ERROR,C++17 (GCC 7-32),1743623394
313660250,aAj_style,Split the Multiset,OK,C++20 (GCC 13-64),1743623067
313660209,Danch575,The Omnipotent Monster Killer,WRONG_ANSWER,C++17 (GCC 7-32),1743623038
313659603,rishabh_ch22,Increasing Sequence with Fixed OR,OK,C++20 (GCC 13-64),1743622584
313659550,Danch575,The Omnipotent Monster Killer,WRONG_ANSWER,C++17 (GCC 7-32),1743622532
313657672,num7,Split the Multiset,WRONG_ANSWER,C++17 (GCC 7-32),1743621253
313657494,transformer123,Increasing Sequence with Fixed OR,WRONG_ANSWER,C++17 (GCC 7-32),1743621150
313657475,num5,Split the Multiset,OK,C++17 (GCC 7-32),1743621138
313657352,num6,Heartbeat,COMPILATION_ERROR,C++17 (GCC 7-32),1743621076
313657286,1000_H100,Make Majority,WRONG_ANSWER,C++17 (GCC 7-32),1743621047
313657039,1000_H100,Make Majority,WRONG_ANSWER,C++17 (GCC 7-32),1743620915
313656938,transformer123,Increasing Sequence with Fixed OR,OK,C++17 (GCC 7-32),1743620870
313656929,mix233,Split the Multiset,OK,C++17 (GCC 7-32),1743620862
313656909,Real_Reasoning_Model,Split the Multiset,WRONG_ANSWER,C++17 (GCC 7-32),1743620852
313656778,1000_H100,Range Minimum Sum,WRONG_ANSWER,C++17 (GCC 7-32),1743620785
313656690,Real_Reasoning_Model,The Omnipotent Monster Killer,WRONG_ANSWER,C++17 (GCC 7-32),1743620745
313656586,num3,Make Majority,WRONG_ANSWER,C++17 (GCC 7-32),1743620685
313656461,mix233,Heartbeat,WRONG_ANSWER,C++17 (GCC 7-32),1743620616
313656263,num7,Increasing Sequence with Fixed OR,TIME_LIMIT_EXCEEDED,C++17 (GCC 7-32),1743620522
313656253,1000_H100,Split the Multiset,OK,C++17 (GCC 7-32),1743620517
313655725,num3,The Omnipotent Monster Killer,WRONG_ANSWER,C++17 (GCC 7-32),1743620243
313655586,1000_H100,Increasing Sequence with Fixed OR,TIME_LIMIT_EXCEEDED,C++17 (GCC 7-32),1743620167
313655537,never_use_tpu,Range Minimum Sum,TIME_LIMIT_EXCEEDED,C++17 (GCC 7-32),1743620139
313655426,num6,Split the Multiset,WRONG_ANSWER,C++17 (GCC 7-32),1743620082
313655139,num7,Heartbeat,MEMORY_LIMIT_EXCEEDED,C++17 (GCC 7-32),1743619930
313655022,num7,Range Minimum Sum,WRONG_ANSWER,C++17 (GCC 7-32),1743619867
313654593,aAj_style,Make Majority,OK,C++20 (GCC 13-64),1743619631
313654379,WorldShine01,Increasing Sequence with Fixed OR,WRONG_ANSWER,C++17 (GCC 7-32),1743619528
313654357,never_use_tpu,Split the Multiset,OK,C++17 (GCC 7-32),1743619517
313654314,never_use_tpu,The Omnipotent Monster Killer,WRONG_ANSWER,C++17 (GCC 7-32),1743619489
313654277,Real_Reasoning_Model,Range Minimum Sum,WRONG_ANSWER,C++17 (GCC 7-32),1743619465
313654123,WorldShine02,Heartbeat,COMPILATION_ERROR,C++17 (GCC 7-32),1743619384
313654077,transformer123,Make Majority,WRONG_ANSWER,C++17 (GCC 7-32),1743619360
313653834,WorldShine01,Increasing Sequence with Fixed OR,OK,C++17 (GCC 7-32),1743619231
313653796,mix233,Make Majority,WRONG_ANSWER,C++17 (GCC 7-32),1743619215
313653772,num3,Split the Multiset,WRONG_ANSWER,C++17 (GCC 7-32),1743619200
313653722,num6,Split the Multiset,OK,C++17 (GCC 7-32),1743619179
313653425,Danch575,The Omnipotent Monster Killer,WRONG_ANSWER,C++17 (GCC 7-32),1743619005
313652956,shanman,Make Majority,OK,C++17 (GCC 7-32),1743618731
313652306,Danch575,Increasing Sequence with Fixed OR,OK,C++17 (GCC 7-32),1743618376
313652279,Manikanta420,Increasing Sequence with Fixed OR,OK,C++20 (GCC 13-64),1743618363
313652204,aAj_style,Make Majority,WRONG_ANSWER,C++20 (GCC 13-64),1743618327
313651928,Danch575,Increasing Sequence with Fixed OR,WRONG_ANSWER,C++17 (GCC 7-32),1743618194
313651332,devansh_arora,Increasing Sequence with Fixed OR,OK,"C++23 (GCC 14-64, msys2)",1743617905
313650231,Danch575,Make Majority,OK,C++17 (GCC 7-32),1743617347
313649102,Danch575,Split the Multiset,OK,C++17 (GCC 7-32),1743616805
313647565,rajeev21862,Split the Multiset,OK,C++17 (GCC 7-32),1743616057
313645843,rajeev21862,Split the Multiset,WRONG_ANSWER,C++17 (GCC 7-32),1743615240
313641730,scar027,Split the Multiset,OK,C++20 (GCC 13-64),1743613155
313641029,simplyjoke,Make Majority,WRONG_ANSWER,C++17 (GCC 7-32),1743612740
313641017,lxllxs,Range Minimum Sum,OK,C++20 (GCC 13-64),1743612730
313641002,hack_highlander,Increasing Sequence with Fixed OR,OK,"C++23 (GCC 14-64, msys2)",1743612724
313639896,simplyjoke,Make Majority,WRONG_ANSWER,C++17 (GCC 7-32),1743612058
313639377,CodeWizParth,Make Majority,WRONG_ANSWER,"C++23 (GCC 14-64, msys2)",1743611800
313638190,Crocubott01,Split the Multiset,OK,C++17 (GCC 7-32),1743611153
313637867,CodeWizParth,Make Majority,RUNTIME_ERROR,"C++23 (GCC 14-64, msys2)",1743610957
313636684,twosquares,Range Minimum Sum,COMPILATION_ERROR,C++20 (GCC 13-64),1743610249
313635193,simplyjoke,Split the Multiset,OK,C++17 (GCC 7-32),1743609379
313632154,simplyjoke,Split the Multiset,WRONG_ANSWER,C++17 (GCC 7-32),1743607015
313626801,Chuba,Split the Multiset,OK,Python 3,1743604447
313625816,Zen_Nets,Increasing Sequence with Fixed OR,OK,"C++23 (GCC 14-64, msys2)",1743603998
313625463,Zen_Nets,Increasing Sequence with Fixed OR,WRONG_ANSWER,"C++23 (GCC 14-64, msys2)",1743603844
313623524,Zen_Nets,Increasing Sequence with Fixed OR,WRONG_ANSWER,"C++23 (GCC 14-64, msys2)",1743602886
313619529,Chuba,Split the Multiset,WRONG_ANSWER,Python 3,1743601122
313616319,Adarsh1805,Increasing Sequence with Fixed OR,OK,"C++23 (GCC 14-64, msys2)",1743599694
313616230,Adarsh1805,Increasing Sequence with Fixed OR,WRONG_ANSWER,"C++23 (GCC 14-64, msys2)",1743599651
313615894,Adarsh1805,Increasing Sequence with Fixed OR,WRONG_ANSWER,"C++23 (GCC 14-64, msys2)",1743599523
313615725,Adarsh1805,Increasing Sequence with Fixed OR,WRONG_ANSWER,"C++23 (GCC 14-64, msys2)",1743599435
313615564,Adarsh1805,Increasing Sequence with Fixed OR,WRONG_ANSWER,"C++23 (GCC 14-64, msys2)",1743599360
313612307,postpone,Range Minimum Sum,OK,"C++23 (GCC 14-64, msys2)",1743597980
313609305,jenny-qd,The Omnipotent Monster Killer,OK,C++20 (GCC 13-64),1743596675
313604789,postpone,Range Minimum Sum,OK,"C++23 (GCC 14-64, msys2)",1743594564
313596890,swam_in,Make Majority,OK,C++20 (GCC 13-64),1743590174
313596204,blhxsdzjr,The Omnipotent Monster Killer,OK,"C++23 (GCC 14-64, msys2)",1743589612
313595721,MrKisame,The Omnipotent Monster Killer,OK,C++20 (GCC 13-64),1743589198
313595550,blhxsdzjr,The Omnipotent Monster Killer,OK,"C++23 (GCC 14-64, msys2)",1743589064
313595492,MrKisame,The Omnipotent Monster Killer,OK,C++20 (GCC 13-64),1743588998
313595302,MrKisame,The Omnipotent Monster Killer,WRONG_ANSWER,C++20 (GCC 13-64),1743588885
313595172,MrKisame,The Omnipotent Monster Killer,WRONG_ANSWER,C++20 (GCC 13-64),1743588827
313595052,blhxsdzjr,The Omnipotent Monster Killer,OK,"C++23 (GCC 14-64, msys2)",1743588759
313594917,blhxsdzjr,The Omnipotent Monster Killer,OK,"C++23 (GCC 14-64, msys2)",1743588689
313594689,blhxsdzjr,The Omnipotent Monster Killer,MEMORY_LIMIT_EXCEEDED,"C++23 (GCC 14-64, msys2)",1743588557
313594546,nishant_10002,Range Minimum Sum,OK,"C++23 (GCC 14-64, msys2)",1743588465
313594511,nishant_10002,The Omnipotent Monster Killer,OK,"C++23 (GCC 14-64, msys2)",1743588448
313594464,nishant_10002,Increasing Sequence with Fixed OR,OK,Python 3,1743588423
313594428,nishant_10002,Make Majority,OK,Python 3,1743588406
313594374,nishant_10002,Split the Multiset,OK,Python 3,1743588383
313594288,nishant_10002,Split the Multiset,RUNTIME_ERROR,PyPy 2,1743588335
313589568,kartikey10,The Omnipotent Monster Killer,RUNTIME_ERROR,"C++23 (GCC 14-64, msys2)",1743585829
313584537,vukhacminh,The Omnipotent Monster Killer,OK,"C++23 (GCC 14-64, msys2)",1743583128
313583394,vukhacminh,The Omnipotent Monster Killer,WRONG_ANSWER,"C++23 (GCC 14-64, msys2)",1743582440
313580255,Zeta_function,Increasing Sequence with Fixed OR,OK,C++20 (GCC 13-64),1743580565
313580025,Zeta_function,Increasing Sequence with Fixed OR,WRONG_ANSWER,C++20 (GCC 13-64),1743580414
313579408,Zeta_function,Make Majority,OK,C++20 (GCC 13-64),1743580041
313579206,Faiaz_Iqbal,Increasing Sequence with Fixed OR,OK,"C++23 (GCC 14-64, msys2)",1743579917
313577337,postpone,Range Minimum Sum,TIME_LIMIT_EXCEEDED,"C++23 (GCC 14-64, msys2)",1743578722
313577334,harsha_314,Increasing Sequence with Fixed OR,OK,"C++23 (GCC 14-64, msys2)",1743578721
313577279,harsha_314,Increasing Sequence with Fixed OR,WRONG_ANSWER,"C++23 (GCC 14-64, msys2)",1743578691
313577132,Faiaz_Iqbal,Increasing Sequence with Fixed OR,MEMORY_LIMIT_EXCEEDED,"C++23 (GCC 14-64, msys2)",1743578617
313577089,Faiaz_Iqbal,Increasing Sequence with Fixed OR,WRONG_ANSWER,"C++23 (GCC 14-64, msys2)",1743578589
313576993,harsha_314,Increasing Sequence with Fixed OR,WRONG_ANSWER,"C++23 (GCC 14-64, msys2)",1743578536
313576717,vukhacminh,The Omnipotent Monster Killer,WRONG_ANSWER,"C++23 (GCC 14-64, msys2)",1743578367
313576444,Faiaz_Iqbal,Increasing Sequence with Fixed OR,MEMORY_LIMIT_EXCEEDED,"C++23 (GCC 14-64, msys2)",1743578211
313576279,Faiaz_Iqbal,Increasing Sequence with Fixed OR,WRONG_ANSWER,"C++23 (GCC 14-64, msys2)",1743578108
313574493,Crocubott01,Split the Multiset,WRONG_ANSWER,C++17 (GCC 7-32),1743577087
313574248,visheshkumar18,Make Majority,OK,C++17 (GCC 7-32),1743576959
313573087,visheshkumar18,Make Majority,WRONG_ANSWER,C++17 (GCC 7-32),1743576388
313573073,prince26_,Make Majority,OK,C++17 (GCC 7-32),1743576379
313565761,Aayush1901,Split the Multiset,OK,"C++23 (GCC 14-64, msys2)",1743572211
313562499,_Trozen,Split the Multiset,OK,C++17 (GCC 7-32),1743569908
313562448,_Trozen,Split the Multiset,COMPILATION_ERROR,C++17 (GCC 7-32),1743569865
313562393,_Trozen,Split the Multiset,WRONG_ANSWER,C++17 (GCC 7-32),1743569814
313562207,_Trozen,Split the Multiset,WRONG_ANSWER,C++17 (GCC 7-32),1743569660
313562142,hustle_heart,Increasing Sequence with Fixed OR,OK,C++17 (GCC 7-32),1743569615
313562098,_Trozen,Split the Multiset,WRONG_ANSWER,C++17 (GCC 7-32),1743569592
313562037,_Trozen,Split the Multiset,WRONG_ANSWER,C++17 (GCC 7-32),1743569547
313562013,hustle_heart,Increasing Sequence with Fixed OR,WRONG_ANSWER,C++17 (GCC 7-32),1743569528
313561898,hustle_heart,Increasing Sequence with Fixed OR,WRONG_ANSWER,C++17 (GCC 7-32),1743569426
313561816,hustle_heart,Increasing Sequence with Fixed OR,WRONG_ANSWER,C++17 (GCC 7-32),1743569373
313561033,blhxsdzjr,The Omnipotent Monster Killer,WRONG_ANSWER,"C++23 (GCC 14-64, msys2)",1743568791
313559559,_Trozen,Make Majority,OK,C++17 (GCC 7-32),1743567583
313557694,AY11,Split the Multiset,WRONG_ANSWER,C++17 (GCC 7-32),1743566036
313553562,harsha_314,Increasing Sequence with Fixed OR,WRONG_ANSWER,"C++23 (GCC 14-64, msys2)",1743562274
313551726,Fantast_23,Increasing Sequence with Fixed OR,OK,C++20 (GCC 13-64),1743560187
313551672,Fantast_23,Increasing Sequence with Fixed OR,WRONG_ANSWER,C++20 (GCC 13-64),1743560122
313551618,Fantast_23,Increasing Sequence with Fixed OR,WRONG_ANSWER,C++20 (GCC 13-64),1743560050
313551551,Fantast_23,Increasing Sequence with Fixed OR,WRONG_ANSWER,C++20 (GCC 13-64),1743559937
313550160,Fantast_23,Increasing Sequence with Fixed OR,OK,C++20 (GCC 13-64),1743557986
313549552,Fantast_23,Increasing Sequence with Fixed OR,OK,C++20 (GCC 13-64),1743557091
313548836,bangan,Range Minimum Sum,OK,C++20 (GCC 13-64),1743556266
313548368,bangan,Range Minimum Sum,COMPILATION_ERROR,C++20 (GCC 13-64),1743555747
313548175,zhangfangming,Increasing Sequence with Fixed OR,OK,"C++23 (GCC 14-64, msys2)",1743555498
313548048,zhangfangming,Increasing Sequence with Fixed OR,WRONG_ANSWER,"C++23 (GCC 14-64, msys2)",1743555322
313547678,bangan,Range Minimum Sum,TIME_LIMIT_EXCEEDED,C++20 (GCC 13-64),1743554820
313547635,g1ance,Split the Multiset,OK,C++17 (GCC 7-32),1743554757
313545056,bangan,The Omnipotent Monster Killer,OK,C++20 (GCC 13-64),1743550607
313543443,bangan,Increasing Sequence with Fixed OR,OK,C++20 (GCC 13-64),1743547859
313542752,bangan,Make Majority,OK,C++20 (GCC 13-64),1743546805
313542119,bangan,Split the Multiset,OK,C++20 (GCC 13-64),1743545885
313541598,ENIGMAH,Increasing Sequence with Fixed OR,OK,C++20 (GCC 13-64),1743545232
313541583,ENIGMAH,Increasing Sequence with Fixed OR,OK,C++20 (GCC 13-64),1743545212
313541537,ENIGMAH,Increasing Sequence with Fixed OR,WRONG_ANSWER,C++20 (GCC 13-64),1743545137
313541217,ANSH12PREM,Increasing Sequence with Fixed OR,WRONG_ANSWER,C++20 (GCC 13-64),1743544710
313541165,ENIGMAH,Increasing Sequence with Fixed OR,WRONG_ANSWER,C++20 (GCC 13-64),1743544647
313541135,ANSH12PREM,Increasing Sequence with Fixed OR,WRONG_ANSWER,C++20 (GCC 13-64),1743544604
313541112,ANSH12PREM,Increasing Sequence with Fixed OR,WRONG_ANSWER,C++20 (GCC 13-64),1743544571
313541104,ENIGMAH,Increasing Sequence with Fixed OR,WRONG_ANSWER,C++20 (GCC 13-64),1743544563
313541031,ANSH12PREM,Increasing Sequence with Fixed OR,WRONG_ANSWER,C++20 (GCC 13-64),1743544481
313540995,unizalm89,Split the Multiset,OK,C++17 (GCC 7-32),1743544438
313540940,ANSH12PREM,Increasing Sequence with Fixed OR,WRONG_ANSWER,C++20 (GCC 13-64),1743544369
313540496,ENIGMAH,Increasing Sequence with Fixed OR,WRONG_ANSWER,C++20 (GCC 13-64),1743543847
313540397,ENIGMAH,Increasing Sequence with Fixed OR,WRONG_ANSWER,C++20 (GCC 13-64),1743543707
313534823,MrSadariya,Increasing Sequence with Fixed OR,OK,C++20 (GCC 13-64),1743538530
313534629,MrSadariya,Increasing Sequence with Fixed OR,WRONG_ANSWER,C++20 (GCC 13-64),1743538380
313534575,MrSadariya,Increasing Sequence with Fixed OR,WRONG_ANSWER,C++20 (GCC 13-64),1743538345
313523834,not_mohith,Increasing Sequence with Fixed OR,OK,C++17 (GCC 7-32),1743532159
313523683,not_mohith,Increasing Sequence with Fixed OR,WRONG_ANSWER,C++17 (GCC 7-32),1743532090
313520030,Sfarshi,Make Majority,OK,Python 3,1743530563
313519999,Tier_3_failure,The Omnipotent Monster Killer,TIME_LIMIT_EXCEEDED,Java 21,1743530556
313517310,labibshahriar9997,Split the Multiset,OK,Python 3,1743529527
313517055,kea_2406,Split the Multiset,OK,C++17 (GCC 7-32),1743529427
313516968,adi.k,Split the Multiset,OK,C++17 (GCC 7-32),1743529390
313516425,abhay_25,Make Majority,OK,C++17 (GCC 7-32),1743529186
313516337,adi.k,Split the Multiset,WRONG_ANSWER,C++17 (GCC 7-32),1743529150
313513745,justmega2510,Increasing Sequence with Fixed OR,OK,PyPy 3-64,1743528195
313513365,saifwitty,Increasing Sequence with Fixed OR,WRONG_ANSWER,"C++23 (GCC 14-64, msys2)",1743528051
313511778,Yaichi,Increasing Sequence with Fixed OR,OK,"C++23 (GCC 14-64, msys2)",1743527465
313506047,Ashraful_Alam,Increasing Sequence with Fixed OR,OK,"C++23 (GCC 14-64, msys2)",1743525658
313453071,raetaylor,Split the Multiset,WRONG_ANSWER,C++17 (GCC 7-32),1743522052
313424375,768prnv,The Omnipotent Monster Killer,WRONG_ANSWER,C++20 (GCC 13-64),1743520518
313392924,Yaichi,Increasing Sequence with Fixed OR,WRONG_ANSWER,"C++23 (GCC 14-64, msys2)",1743518586
313386441,rnx0w2,Make Majority,OK,Java 21,1743518297
313381238,labibshahriar9997,Make Majority,OK,Python 3,1743517833
313381151,blhxsdzjr,Increasing Sequence with Fixed OR,OK,"C++23 (GCC 14-64, msys2)",1743517795
313379449,wvvw,The Omnipotent Monster Killer,OK,C++17 (GCC 7-32),1743517177
313379227,wvvw,The Omnipotent Monster Killer,OK,C++17 (GCC 7-32),1743517082
313378879,wvvw,The Omnipotent Monster Killer,TIME_LIMIT_EXCEEDED,C++17 (GCC 7-32),1743516920
313372200,swam_in,Split the Multiset,OK,C++20 (GCC 13-64),1743514225
313372071,swam_in,Split the Multiset,WRONG_ANSWER,C++20 (GCC 13-64),1743514170
313371261,MrSovushka,Split the Multiset,OK,Python 3,1743513839
313371027,Aayush1901,Split the Multiset,TIME_LIMIT_EXCEEDED,"C++23 (GCC 14-64, msys2)",1743513749
313370528,Tiantian2021,Range Minimum Sum,OK,C++20 (GCC 13-64),1743513574
313369394,blhxsdzjr,Range Minimum Sum,OK,"C++23 (GCC 14-64, msys2)",1743513133
313366110,qiuqianrou,The Omnipotent Monster Killer,OK,"C++23 (GCC 14-64, msys2)",1743511840
313362416,rnx0w2,Make Majority,OK,Java 21,1743510320
313360253,Tiantian2021,The Omnipotent Monster Killer,OK,C++20 (GCC 13-64),1743509385
313359929,Tiantian2021,The Omnipotent Monster Killer,WRONG_ANSWER,C++20 (GCC 13-64),1743509243
313359801,Tiantian2021,The Omnipotent Monster Killer,MEMORY_LIMIT_EXCEEDED,C++20 (GCC 13-64),1743509187
313358757,LioHein,Split the Multiset,OK,C++20 (GCC 13-64),1743508736
313358565,Robin_islam,Make Majority,OK,"C++23 (GCC 14-64, msys2)",1743508644
313358504,_arslanova_nafisa_,Make Majority,OK,PyPy 3-64,1743508621
313353341,Mazen_Ghourab,Split the Multiset,OK,"C++23 (GCC 14-64, msys2)",1743506135
313352698,g1ance,Split the Multiset,WRONG_ANSWER,C++17 (GCC 7-32),1743505810
313350754,Mazen_Ghourab,Make Majority,WRONG_ANSWER,"C++23 (GCC 14-64, msys2)",1743504792
313340180,swam_in,Split the Multiset,WRONG_ANSWER,C++20 (GCC 13-64),1743498941
313337019,Akik04,Increasing Sequence with Fixed OR,OK,"C++23 (GCC 14-64, msys2)",1743497296
313334605,Om_patel123,Make Majority,OK,C++17 (GCC 7-32),1743495931
313334580,Akik04,Increasing Sequence with Fixed OR,WRONG_ANSWER,"C++23 (GCC 14-64, msys2)",1743495912
313334414,Akik04,Increasing Sequence with Fixed OR,WRONG_ANSWER,"C++23 (GCC 14-64, msys2)",1743495812
313334028,Om_patel123,Make Majority,WRONG_ANSWER,C++17 (GCC 7-32),1743495575
313333740,Om_patel123,Make Majority,WRONG_ANSWER,C++17 (GCC 7-32),1743495393
313329792,mominul643,Make Majority,WRONG_ANSWER,"C++23 (GCC 14-64, msys2)",1743493115
313329623,mominul643,Make Majority,WRONG_ANSWER,"C++23 (GCC 14-64, msys2)",1743493017
313329386,mominul643,Split the Multiset,WRONG_ANSWER,"C++23 (GCC 14-64, msys2)",1743492869
313329291,MehulGupta19,Split the Multiset,WRONG_ANSWER,"C++23 (GCC 14-64, msys2)",1743492811
313329165,moumitaghose,Split the Multiset,OK,"C++23 (GCC 14-64, msys2)",1743492732
313328901,mominul643,Make Majority,WRONG_ANSWER,"C++23 (GCC 14-64, msys2)",1743492568
313328604,red222,Split the Multiset,WRONG_ANSWER,C++17 (GCC 7-32),1743492368
313328492,red222,Split the Multiset,WRONG_ANSWER,C++17 (GCC 7-32),1743492297
313328047,moumitaghose,Split the Multiset,WRONG_ANSWER,"C++23 (GCC 14-64, msys2)",1743492044
313327987,red222,Split the Multiset,WRONG_ANSWER,C++17 (GCC 7-32),1743492009
313327851,red222,Split the Multiset,WRONG_ANSWER,C++17 (GCC 7-32),1743491934
313327815,red222,Split the Multiset,RUNTIME_ERROR,C++17 (GCC 7-32),1743491915
313326772,Ashraful_Alam,Increasing Sequence with Fixed OR,WRONG_ANSWER,"C++23 (GCC 14-64, msys2)",1743491307
313326646,Ashraful_Alam,Increasing Sequence with Fixed OR,WRONG_ANSWER,"C++23 (GCC 14-64, msys2)",1743491222
313323495,chosenone7,Increasing Sequence with Fixed OR,OK,C++17 (GCC 7-32),1743489442
313323247,blhxsdzjr,Range Minimum Sum,OK,"C++23 (GCC 14-64, msys2)",1743489299
313322954,Ashraful_Alam,Make Majority,OK,"C++23 (GCC 14-64, msys2)",1743489109
313321139,Ashraful_Alam,Split the Multiset,OK,"C++23 (GCC 14-64, msys2)",1743488012
313318552,haruomi_chan,The Omnipotent Monster Killer,OK,C++17 (GCC 7-32),1743486360
313318427,haruomi_chan,The Omnipotent Monster Killer,WRONG_ANSWER,C++17 (GCC 7-32),1743486274
313318197,haruomi_chan,The Omnipotent Monster Killer,TIME_LIMIT_EXCEEDED,C++17 (GCC 7-32),1743486134
313316791,3.14,The Omnipotent Monster Killer,OK,C++17 (GCC 7-32),1743485132
313315417,haruomi_chan,The Omnipotent Monster Killer,WRONG_ANSWER,C++17 (GCC 7-32),1743484195
313314115,3.14,The Omnipotent Monster Killer,WRONG_ANSWER,C++17 (GCC 7-32),1743483151
313313076,3.14,The Omnipotent Monster Killer,WRONG_ANSWER,C++17 (GCC 7-32),1743482201
313312953,3.14,The Omnipotent Monster Killer,WRONG_ANSWER,C++17 (GCC 7-32),1743482073
313307253,maryam_abdelhady_,Increasing Sequence with Fixed OR,OK,"C++23 (GCC 14-64, msys2)",1743476327
313305785,maryam_abdelhady_,Increasing Sequence with Fixed OR,WRONG_ANSWER,"C++23 (GCC 14-64, msys2)",1743474640
313305708,maryam_abdelhady_,Increasing Sequence with Fixed OR,WRONG_ANSWER,"C++23 (GCC 14-64, msys2)",1743474553
313305332,maryam_abdelhady_,Increasing Sequence with Fixed OR,WRONG_ANSWER,"C++23 (GCC 14-64, msys2)",1743474138
313305290,maryam_abdelhady_,Increasing Sequence with Fixed OR,WRONG_ANSWER,"C++23 (GCC 14-64, msys2)",1743474100
313305283,devisaac,Split the Multiset,OK,C++20 (GCC 13-64),1743474086
313305171,maryam_abdelhady_,Increasing Sequence with Fixed OR,WRONG_ANSWER,"C++23 (GCC 14-64, msys2)",1743473978
313301740,maryam_abdelhady_,Make Majority,OK,"C++23 (GCC 14-64, msys2)",1743469497
313301383,maryam_abdelhady_,Split the Multiset,OK,"C++23 (GCC 14-64, msys2)",1743468898
313296709,VeiledVirtue,Increasing Sequence with Fixed OR,OK,C++17 (GCC 7-32),1743458548
313296642,VeiledVirtue,Increasing Sequence with Fixed OR,WRONG_ANSWER,C++17 (GCC 7-32),1743458427
313294970,Soumil_Patria,Make Majority,OK,"C++23 (GCC 14-64, msys2)",1743455702
313290128,Adi.gain,Split the Multiset,OK,C++17 (GCC 7-32),1743450371
313289487,Adi.gain,Make Majority,OK,C++17 (GCC 7-32),1743449812
313287530,kuntesh035,Split the Multiset,OK,"C++23 (GCC 14-64, msys2)",1743448178
313285288,kuntesh035,Split the Multiset,WRONG_ANSWER,"C++23 (GCC 14-64, msys2)",1743446495
313284491,vaibhavpal675,Increasing Sequence with Fixed OR,OK,C++20 (GCC 13-64),1743445976
313283502,vaibhavpal675,Increasing Sequence with Fixed OR,WRONG_ANSWER,C++20 (GCC 13-64),1743445413
313282009,HarshitChowdhury,Increasing Sequence with Fixed OR,OK,"C++23 (GCC 14-64, msys2)",1743444524
313281738,HarshitChowdhury,Increasing Sequence with Fixed OR,MEMORY_LIMIT_EXCEEDED,"C++23 (GCC 14-64, msys2)",1743444366
313281525,HarshitChowdhury,Increasing Sequence with Fixed OR,WRONG_ANSWER,"C++23 (GCC 14-64, msys2)",1743444247
313277502,HarshitChowdhury,Increasing Sequence with Fixed OR,OK,PyPy 3-64,1743441944
313270461,kartikey10,The Omnipotent Monster Killer,WRONG_ANSWER,"C++23 (GCC 14-64, msys2)",1743437962
313270377,kartikey10,The Omnipotent Monster Killer,WRONG_ANSWER,"C++23 (GCC 14-64, msys2)",1743437916
313270315,kartikey10,The Omnipotent Monster Killer,WRONG_ANSWER,"C++23 (GCC 14-64, msys2)",1743437883
313269954,kartikey10,The Omnipotent Monster Killer,WRONG_ANSWER,"C++23 (GCC 14-64, msys2)",1743437672
313268394,kartikey10,The Omnipotent Monster Killer,WRONG_ANSWER,"C++23 (GCC 14-64, msys2)",1743436826
313265119,kuntesh035,Make Majority,OK,"C++23 (GCC 14-64, msys2)",1743435065
313255053,isha_raj,Make Majority,OK,C++17 (GCC 7-32),1743430282
313253401,JatinSai,Increasing Sequence with Fixed OR,OK,C++20 (GCC 13-64),1743429578
313253246,JatinSai,Increasing Sequence with Fixed OR,WRONG_ANSWER,C++20 (GCC 13-64),1743429511
313246386,srivastavaswasti7,Split the Multiset,OK,"C++23 (GCC 14-64, msys2)",1743426432
313243012,yadavkr66,Split the Multiset,OK,"C++23 (GCC 14-64, msys2)",1743424653
313242335,Badmos,Split the Multiset,OK,C++20 (GCC 13-64),1743424310
313237702,Chetan_21,Split the Multiset,OK,C++20 (GCC 13-64),1743421944
313237612,Chetan_21,Split the Multiset,TIME_LIMIT_EXCEEDED,C++20 (GCC 13-64),1743421901
313237145,_arslanova_nafisa_,Split the Multiset,OK,PyPy 3-64,1743421679
313235972,shahaprog,Increasing Sequence with Fixed OR,OK,PyPy 3-64,1743421077
313235867,shahaprog,Increasing Sequence with Fixed OR,WRONG_ANSWER,PyPy 3-64,1743421022
313235784,shahaprog,Increasing Sequence with Fixed OR,WRONG_ANSWER,PyPy 3-64,1743420978
313235702,shahaprog,Increasing Sequence with Fixed OR,WRONG_ANSWER,PyPy 3-64,1743420934
313235611,shahaprog,Increasing Sequence with Fixed OR,WRONG_ANSWER,PyPy 3-64,1743420888
313235290,shahaprog,Increasing Sequence with Fixed OR,WRONG_ANSWER,PyPy 3-64,1743420722
313235284,shahaprog,Increasing Sequence with Fixed OR,WRONG_ANSWER,PyPy 3-64,1743420716
313234902,shahaprog,Increasing Sequence with Fixed OR,RUNTIME_ERROR,PyPy 3-64,1743420525
313233858,shahaprog,Increasing Sequence with Fixed OR,RUNTIME_ERROR,PyPy 3-64,1743419995
313233460,shahaprog,Increasing Sequence with Fixed OR,RUNTIME_ERROR,PyPy 3-64,1743419769
313233367,shahaprog,Increasing Sequence with Fixed OR,RUNTIME_ERROR,PyPy 3-64,1743419715
313233277,shahaprog,Increasing Sequence with Fixed OR,WRONG_ANSWER,PyPy 3-64,1743419674
313233201,shahaprog,Increasing Sequence with Fixed OR,WRONG_ANSWER,PyPy 3-64,1743419630
313233175,shahaprog,Increasing Sequence with Fixed OR,WRONG_ANSWER,PyPy 3-64,1743419608
313230968,caijianhong,Heartbeat,OK,C++20 (GCC 13-64),1743418389
313230612,caijianhong,Heartbeat,MEMORY_LIMIT_EXCEEDED,C++20 (GCC 13-64),1743418170
313222839,sjain1131,Increasing Sequence with Fixed OR,OK,C++17 (GCC 7-32),1743413680
313217928,isha_raj,Make Majority,TIME_LIMIT_EXCEEDED,C++17 (GCC 7-32),1743410723
313217023,False0099,Range Minimum Sum,WRONG_ANSWER,"C++23 (GCC 14-64, msys2)",1743410157
313216352,postpone,Range Minimum Sum,TIME_LIMIT_EXCEEDED,"C++23 (GCC 14-64, msys2)",1743409727
313215597,postpone,Range Minimum Sum,RUNTIME_ERROR,"C++23 (GCC 14-64, msys2)",1743409226
313215462,postpone,Range Minimum Sum,RUNTIME_ERROR,"C++23 (GCC 14-64, msys2)",1743409133
313214109,hjxzq,The Omnipotent Monster Killer,OK,"C++23 (GCC 14-64, msys2)",1743408251
313214046,hjxzq,The Omnipotent Monster Killer,RUNTIME_ERROR,"C++23 (GCC 14-64, msys2)",1743408212
313213977,hjxzq,The Omnipotent Monster Killer,WRONG_ANSWER,"C++23 (GCC 14-64, msys2)",1743408162
313209187,Chaitanya_Kalme,Split the Multiset,OK,C++17 (GCC 7-32),1743404913
313207893,Chaitanya_Kalme,Split the Multiset,WRONG_ANSWER,C++17 (GCC 7-32),1743404098
313206999,Chaitanya_Kalme,Make Majority,OK,C++17 (GCC 7-32),1743403592
313205834,SHIV_R11,Split the Multiset,WRONG_ANSWER,C++20 (GCC 13-64),1743402848
313205394,Chaitanya_Kalme,Make Majority,WRONG_ANSWER,C++17 (GCC 7-32),1743402554
313204221,SHIV_R11,Split the Multiset,WRONG_ANSWER,C++20 (GCC 13-64),1743401753
313203655,ashutosh_84,Increasing Sequence with Fixed OR,OK,"C++23 (GCC 14-64, msys2)",1743401340
313203470,ashutosh_84,Increasing Sequence with Fixed OR,WRONG_ANSWER,"C++23 (GCC 14-64, msys2)",1743401213
313202830,ashutosh_84,Increasing Sequence with Fixed OR,WRONG_ANSWER,"C++23 (GCC 14-64, msys2)",1743400739
313202089,ashutosh_84,Increasing Sequence with Fixed OR,WRONG_ANSWER,"C++23 (GCC 14-64, msys2)",1743400147
313200812,SHIV_R11,Split the Multiset,WRONG_ANSWER,C++20 (GCC 13-64),1743399137
313200043,ndeynayan123,Make Majority,OK,"C++23 (GCC 14-64, msys2)",1743398497
313199563,SunsetGlow95,Heartbeat,OK,C++20 (GCC 13-64),1743398104
313199428,SunsetGlow95,Heartbeat,MEMORY_LIMIT_EXCEEDED,C++20 (GCC 13-64),1743397982
313197989,g1ance,Make Majority,OK,C++17 (GCC 7-32),1743396703
313194061,ERin_cy,Increasing Sequence with Fixed OR,OK,"C++23 (GCC 14-64, msys2)",1743392296
313193750,ERin_cy,Increasing Sequence with Fixed OR,WRONG_ANSWER,"C++23 (GCC 14-64, msys2)",1743391879
313193637,praconlyaccount,Make Majority,OK,"C++23 (GCC 14-64, msys2)",1743391734
313193237,praconlyaccount,Make Majority,WRONG_ANSWER,"C++23 (GCC 14-64, msys2)",1743391257
313193033,praconlyaccount,Make Majority,WRONG_ANSWER,"C++23 (GCC 14-64, msys2)",1743391013
313192995,praconlyaccount,Make Majority,WRONG_ANSWER,"C++23 (GCC 14-64, msys2)",1743390969
313192894,praconlyaccount,Make Majority,WRONG_ANSWER,"C++23 (GCC 14-64, msys2)",1743390841
313192750,praconlyaccount,Make Majority,WRONG_ANSWER,"C++23 (GCC 14-64, msys2)",1743390650
313192346,praconlyaccount,Make Majority,WRONG_ANSWER,"C++23 (GCC 14-64, msys2)",1743390110
313192328,praconlyaccount,Make Majority,COMPILATION_ERROR,"C++23 (GCC 14-64, msys2)",1743390089
313192259,praconlyaccount,Make Majority,WRONG_ANSWER,"C++23 (GCC 14-64, msys2)",1743389984
313192133,Pratik_Magdum,Increasing Sequence with Fixed OR,OK,C++20 (GCC 13-64),1743389835
313181378,moralsoul48,Make Majority,OK,"C++23 (GCC 14-64, msys2)",1743370391
313176743,out_of_the_Circle,Increasing Sequence with Fixed OR,OK,C++17 (GCC 7-32),1743365540
313176413,out_of_the_Circle,Increasing Sequence with Fixed OR,WRONG_ANSWER,C++17 (GCC 7-32),1743365260
313169910,vishc1,Make Majority,OK,Python 3,1743360140
313169365,vishc1,Make Majority,TIME_LIMIT_EXCEEDED,Python 3,1743359742
313168581,sushantsangwan2006,Split the Multiset,OK,"C++23 (GCC 14-64, msys2)",1743359210
313168261,sushantsangwan2006,Split the Multiset,WRONG_ANSWER,"C++23 (GCC 14-64, msys2)",1743359011
313166991,sushantsangwan2006,Split the Multiset,OK,"C++23 (GCC 14-64, msys2)",1743358225
313166552,Mr_Diabolical,Split the Multiset,OK,C++20 (GCC 13-64),1743357943
313165663,sushantsangwan2006,Split the Multiset,WRONG_ANSWER,"C++23 (GCC 14-64, msys2)",1743357313
313165263,sushantsangwan2006,Split the Multiset,WRONG_ANSWER,"C++23 (GCC 14-64, msys2)",1743357036
313159414,B1naryKn1ght,Make Majority,OK,C++20 (GCC 13-64),1743353589
313159335,B1naryKn1ght,Make Majority,WRONG_ANSWER,C++20 (GCC 13-64),1743353547
313147804,ERin_cy,Increasing Sequence with Fixed OR,OK,"C++23 (GCC 14-64, msys2)",1743348756
313147380,ERin_cy,Increasing Sequence with Fixed OR,WRONG_ANSWER,"C++23 (GCC 14-64, msys2)",1743348548
313142728,ERin_cy,Make Majority,OK,"C++23 (GCC 14-64, msys2)",1743346169
313142194,ERin_cy,Split the Multiset,OK,"C++23 (GCC 14-64, msys2)",1743345870
313141869,ERin_cy,Split the Multiset,OK,"C++23 (GCC 14-64, msys2)",1743345703
313141225,ERin_cy,Split the Multiset,WRONG_ANSWER,"C++23 (GCC 14-64, msys2)",1743345344
313140860,ERin_cy,Split the Multiset,WRONG_ANSWER,"C++23 (GCC 14-64, msys2)",1743345120
313140839,ERin_cy,Split the Multiset,COMPILATION_ERROR,GNU C11,1743345108
313139520,sachinpro14,Increasing Sequence with Fixed OR,OK,C++17 (GCC 7-32),1743344364
313138842,sachinpro14,Increasing Sequence with Fixed OR,WRONG_ANSWER,C++17 (GCC 7-32),1743344008
313138711,sachinpro14,Increasing Sequence with Fixed OR,WRONG_ANSWER,C++17 (GCC 7-32),1743343935
313135165,LioHein,Split the Multiset,OK,C++20 (GCC 13-64),1743341978
313133950,_thirdusername,Increasing Sequence with Fixed OR,OK,C++17 (GCC 7-32),1743341356
313133793,mohamedxx0,Split the Multiset,OK,"C++23 (GCC 14-64, msys2)",1743341266
313133704,mohamedxx0,Split the Multiset,WRONG_ANSWER,"C++23 (GCC 14-64, msys2)",1743341222
313133466,mohamedxx0,Make Majority,OK,"C++23 (GCC 14-64, msys2)",1743341097
313133457,lakshyasinghal006,The Omnipotent Monster Killer,OK,C++20 (GCC 13-64),1743341090
313130902,456niketkumar,Increasing Sequence with Fixed OR,OK,C++20 (GCC 13-64),1743339705
313129935,456niketkumar,Increasing Sequence with Fixed OR,WRONG_ANSWER,C++20 (GCC 13-64),1743339225
313129674,456niketkumar,Increasing Sequence with Fixed OR,WRONG_ANSWER,C++20 (GCC 13-64),1743339093
313124871,JaxLiu,Make Majority,OK,Java 21,1743336378
313124205,JaxLiu,Make Majority,WRONG_ANSWER,Java 21,1743335995
313120700,gambler2.O,Increasing Sequence with Fixed OR,OK,"C++23 (GCC 14-64, msys2)",1743334338
313120486,gambler2.O,Increasing Sequence with Fixed OR,WRONG_ANSWER,"C++23 (GCC 14-64, msys2)",1743334232
313120274,gambler2.O,Increasing Sequence with Fixed OR,WRONG_ANSWER,"C++23 (GCC 14-64, msys2)",1743334136
313120124,ep22btech,Make Majority,OK,C++17 (GCC 7-32),1743334062
313120107,gambler2.O,Increasing Sequence with Fixed OR,WRONG_ANSWER,"C++23 (GCC 14-64, msys2)",1743334053
313119126,pehchankon11,Increasing Sequence with Fixed OR,OK,C++17 (GCC 7-32),1743333588
313118673,Phenix07,Increasing Sequence with Fixed OR,OK,C++17 (GCC 7-32),1743333382
313118233,Dhinakarans,Split the Multiset,OK,"C++23 (GCC 14-64, msys2)",1743333188
313117804,ep22btech,Make Majority,WRONG_ANSWER,C++17 (GCC 7-32),1743333000
313117276,ep22btech,Make Majority,WRONG_ANSWER,C++17 (GCC 7-32),1743332770
313115226,pehchankon11,Increasing Sequence with Fixed OR,WRONG_ANSWER,C++17 (GCC 7-32),1743332013
313114907,pehchankon11,Increasing Sequence with Fixed OR,WRONG_ANSWER,C++17 (GCC 7-32),1743331871
313114766,Phenix07,Increasing Sequence with Fixed OR,WRONG_ANSWER,C++17 (GCC 7-32),1743331802
313110847,pehchankon11,Increasing Sequence with Fixed OR,WRONG_ANSWER,C++17 (GCC 7-32),1743330374
313109308,pehchankon11,Increasing Sequence with Fixed OR,WRONG_ANSWER,C++17 (GCC 7-32),1743329688
313109074,pehchankon11,Increasing Sequence with Fixed OR,WRONG_ANSWER,C++17 (GCC 7-32),1743329595
313108902,pehchankon11,Increasing Sequence with Fixed OR,WRONG_ANSWER,C++17 (GCC 7-32),1743329528
313097632,Abdul_Da,Split the Multiset,OK,C++17 (GCC 7-32),1743324435
313094707,Abdul_Da,Split the Multiset,WRONG_ANSWER,C++17 (GCC 7-32),1743322898
313089352,himanshu12102004,Increasing Sequence with Fixed OR,OK,C++17 (GCC 7-32),1743319827
313085389,lazylettuce,The Omnipotent Monster Killer,WRONG_ANSWER,"C++23 (GCC 14-64, msys2)",1743317718
313080968,agnivkar178,Split the Multiset,OK,C++17 (GCC 7-32),1743315276
313078165,ridim99,The Omnipotent Monster Killer,OK,C++17 (GCC 7-32),1743313517
313077795,ridim99,The Omnipotent Monster Killer,WRONG_ANSWER,C++17 (GCC 7-32),1743313269
313077654,ridim99,The Omnipotent Monster Killer,WRONG_ANSWER,C++17 (GCC 7-32),1743313172
313073430,agnivkar178,Make Majority,OK,C++17 (GCC 7-32),1743309988
313069553,The_tortoice11,Make Majority,OK,C++17 (GCC 7-32),1743305972
313065904,koishichan,Increasing Sequence with Fixed OR,OK,"C++23 (GCC 14-64, msys2)",1743301978
313065831,koishichan,Increasing Sequence with Fixed OR,WRONG_ANSWER,"C++23 (GCC 14-64, msys2)",1743301884
313064135,moumitaghose,Make Majority,OK,"C++23 (GCC 14-64, msys2)",1743299864
313063757,moumitaghose,Make Majority,RUNTIME_ERROR,"C++23 (GCC 14-64, msys2)",1743299383
313058076,guperman,The Omnipotent Monster Killer,OK,"C++23 (GCC 14-64, msys2)",1743289993
313058036,guperman,The Omnipotent Monster Killer,RUNTIME_ERROR,"C++23 (GCC 14-64, msys2)",1743289921
313057847,guperman,The Omnipotent Monster Killer,TIME_LIMIT_EXCEEDED,"C++23 (GCC 14-64, msys2)",1743289614
313057431,guperman,The Omnipotent Monster Killer,WRONG_ANSWER,"C++23 (GCC 14-64, msys2)",1743288963
313043338,_Jahongir_,The Omnipotent Monster Killer,OK,C++20 (GCC 13-64),1743275439
313043054,ramit018,Split the Multiset,OK,C++17 (GCC 7-32),1743275263
313042490,_Jahongir_,The Omnipotent Monster Killer,WRONG_ANSWER,C++20 (GCC 13-64),1743274882
313042269,_Jahongir_,The Omnipotent Monster Killer,WRONG_ANSWER,C++20 (GCC 13-64),1743274731
313042223,_Jahongir_,The Omnipotent Monster Killer,WRONG_ANSWER,C++20 (GCC 13-64),1743274701
313042069,ramit018,Split the Multiset,WRONG_ANSWER,C++17 (GCC 7-32),1743274599
313038616,Ficapro,Split the Multiset,OK,C++20 (GCC 13-64),1743272527
313029073,thibautblanc,Increasing Sequence with Fixed OR,OK,"C++23 (GCC 14-64, msys2)",1743266927
313023744,thibautblanc,Make Majority,OK,"C++23 (GCC 14-64, msys2)",1743265670
313019829,thibautblanc,Split the Multiset,OK,"C++23 (GCC 14-64, msys2)",1743265214
312983607,hhsaffar,Make Majority,OK,C# 10,1743261343
312946054,zhirok,Split the Multiset,OK,"C++23 (GCC 14-64, msys2)",1743257214
312944110,zhirok,Split the Multiset,WRONG_ANSWER,"C++23 (GCC 14-64, msys2)",1743256037
312944025,zhirok,Split the Multiset,WRONG_ANSWER,"C++23 (GCC 14-64, msys2)",1743255987
312943556,zhirok,Make Majority,OK,"C++23 (GCC 14-64, msys2)",1743255737
312937713,koishichan,Make Majority,OK,"C++23 (GCC 14-64, msys2)",1743252543
312936294,koishichan,Split the Multiset,OK,"C++23 (GCC 14-64, msys2)",1743251822
312930200,KrishSingla14,Split the Multiset,OK,C++20 (GCC 13-64),1743248717
312929297,KrishSingla14,Split the Multiset,WRONG_ANSWER,C++20 (GCC 13-64),1743248242
312925869,scar027,Make Majority,OK,C++20 (GCC 13-64),1743246460
312925198,Sajid_Z,Split the Multiset,WRONG_ANSWER,C++20 (GCC 13-64),1743246115
312924084,gondaliyaronak78,Increasing Sequence with Fixed OR,OK,Java 21,1743245529
312923966,gondaliyaronak78,Increasing Sequence with Fixed OR,WRONG_ANSWER,Java 21,1743245470
312923839,a.out,Range Minimum Sum,OK,"C++23 (GCC 14-64, msys2)",1743245398
312922099,PKC17,Split the Multiset,OK,PyPy 3-64,1743244491
312919004,gondaliyaronak78,Split the Multiset,OK,Java 21,1743242941
312913826,tempo79,The Omnipotent Monster Killer,OK,C++20 (GCC 13-64),1743240366
312913546,lakshyasinghal006,The Omnipotent Monster Killer,WRONG_ANSWER,C++20 (GCC 13-64),1743240236
312913446,PKC17,Make Majority,OK,PyPy 3-64,1743240189
312912937,lakshyasinghal006,The Omnipotent Monster Killer,WRONG_ANSWER,C++20 (GCC 13-64),1743239925
312903242,doomer27,Split the Multiset,OK,"C++23 (GCC 14-64, msys2)",1743235605
312889758,tempo79,The Omnipotent Monster Killer,WRONG_ANSWER,C++20 (GCC 13-64),1743229731
312887970,tempo79,The Omnipotent Monster Killer,WRONG_ANSWER,C++20 (GCC 13-64),1743228945
312887057,tempo79,The Omnipotent Monster Killer,WRONG_ANSWER,C++20 (GCC 13-64),1743228472
312868258,nharif_01733,Split the Multiset,OK,"C++23 (GCC 14-64, msys2)",1743211269
312867945,nharif_01733,Split the Multiset,OK,"C++23 (GCC 14-64, msys2)",1743210864
312860128,bomakhamchha,Make Majority,OK,Java 21,1743199166
312858372,tnwrshubham52,Increasing Sequence with Fixed OR,OK,"C++23 (GCC 14-64, msys2)",1743197571
312858151,tnwrshubham52,Increasing Sequence with Fixed OR,WRONG_ANSWER,"C++23 (GCC 14-64, msys2)",1743197391
312858071,funableforces,Increasing Sequence with Fixed OR,OK,C++17 (GCC 7-32),1743197329
312857934,tnwrshubham52,Increasing Sequence with Fixed OR,WRONG_ANSWER,"C++23 (GCC 14-64, msys2)",1743197198
312857877,tnwrshubham52,Increasing Sequence with Fixed OR,RUNTIME_ERROR,"C++23 (GCC 14-64, msys2)",1743197146
312857783,tnwrshubham52,Increasing Sequence with Fixed OR,RUNTIME_ERROR,"C++23 (GCC 14-64, msys2)",1743197067
312857677,funableforces,Increasing Sequence with Fixed OR,WRONG_ANSWER,C++17 (GCC 7-32),1743196973
312857573,funableforces,Increasing Sequence with Fixed OR,MEMORY_LIMIT_EXCEEDED,C++17 (GCC 7-32),1743196880
312852185,squid_suraj,Increasing Sequence with Fixed OR,OK,C++17 (GCC 7-32),1743193197
312851960,Aditya_Masne,Increasing Sequence with Fixed OR,OK,C++17 (GCC 7-32),1743193076
312851660,Aditya_Masne,Increasing Sequence with Fixed OR,WRONG_ANSWER,C++17 (GCC 7-32),1743192912
312850400,Aditya_Masne,Increasing Sequence with Fixed OR,WRONG_ANSWER,C++17 (GCC 7-32),1743192131
312846049,rheetiksharma603,Increasing Sequence with Fixed OR,OK,Java 21,1743189398
312846016,Aditya_Masne,Increasing Sequence with Fixed OR,WRONG_ANSWER,C++17 (GCC 7-32),1743189375
312845242,Aditya_Masne,Increasing Sequence with Fixed OR,WRONG_ANSWER,C++17 (GCC 7-32),1743188960
312844554,rheetiksharma603,Increasing Sequence with Fixed OR,OK,Java 21,1743188577
312841778,Darundaddy,Increasing Sequence with Fixed OR,WRONG_ANSWER,Java 21,1743186491
312841104,Aditya_Masne,Increasing Sequence with Fixed OR,WRONG_ANSWER,C++17 (GCC 7-32),1743186026
312836166,sujal-17,Split the Multiset,OK,Java 21,1743183169
312836065,sujal-17,Split the Multiset,WRONG_ANSWER,Java 21,1743183108
312832454,CyberEnigma,Make Majority,WRONG_ANSWER,C++20 (GCC 13-64),1743181147
312828814,kamrulsaad,Make Majority,OK,C++17 (GCC 7-32),1743179164
312820626,darper,Make Majority,OK,C++20 (GCC 13-64),1743174914
312819797,Quintillions,Increasing Sequence with Fixed OR,OK,"C++23 (GCC 14-64, msys2)",1743174492
312819548,Quintillions,Increasing Sequence with Fixed OR,WRONG_ANSWER,"C++23 (GCC 14-64, msys2)",1743174363
312819242,Quintillions,Increasing Sequence with Fixed OR,MEMORY_LIMIT_EXCEEDED,"C++23 (GCC 14-64, msys2)",1743174207
312818496,Quintillions,Increasing Sequence with Fixed OR,WRONG_ANSWER,"C++23 (GCC 14-64, msys2)",1743173847
312818132,Quintillions,Increasing Sequence with Fixed OR,WRONG_ANSWER,"C++23 (GCC 14-64, msys2)",1743173679
312813624,KrishSingla14,Split the Multiset,WRONG_ANSWER,C++20 (GCC 13-64),1743171560
312812002,KrishSingla14,Split the Multiset,WRONG_ANSWER,C++20 (GCC 13-64),1743170750
312810831,KrishSingla14,Split the Multiset,WRONG_ANSWER,C++20 (GCC 13-64),1743170266
312810176,KrishSingla14,Split the Multiset,WRONG_ANSWER,C++20 (GCC 13-64),1743169984
312808293,SIAM_809,Make Majority,OK,C++20 (GCC 13-64),1743169146
312803043,RainShield,Heartbeat,OK,"C++23 (GCC 14-64, msys2)",1743166944
312802605,RainShield,Heartbeat,WRONG_ANSWER,"C++23 (GCC 14-64, msys2)",1743166727
312799828,IamYessir,Split the Multiset,OK,PyPy 3-64,1743165412
312795758,SIAM_809,Make Majority,WRONG_ANSWER,C++20 (GCC 13-64),1743163499
312795465,SIAM_809,Make Majority,WRONG_ANSWER,C++20 (GCC 13-64),1743163363
312784865,rishi_sahu,The Omnipotent Monster Killer,OK,C++20 (GCC 13-64),1743158664
312780231,white_wolff_223,Increasing Sequence with Fixed OR,OK,C++17 (GCC 7-32),1743156229
312766568,wt20,Heartbeat,OK,C++20 (GCC 13-64),1743149196
312764416,SiddharthVarma,Make Majority,OK,C++17 (GCC 7-32),1743147861
312755597,white_wolff_223,Increasing Sequence with Fixed OR,WRONG_ANSWER,C++17 (GCC 7-32),1743142842
312749917,JatinSai,Split the Multiset,OK,C++20 (GCC 13-64),1743139619
312742380,xixi0106,The Omnipotent Monster Killer,OK,"C++23 (GCC 14-64, msys2)",1743135342
312742227,AY11,Make Majority,OK,C++17 (GCC 7-32),1743135212
312742081,xixi0106,The Omnipotent Monster Killer,OK,"C++23 (GCC 14-64, msys2)",1743135083
312741972,AY11,Make Majority,OK,C++17 (GCC 7-32),1743134989
312741964,Py_thagoras,Make Majority,OK,Python 3,1743134983
312741937,AY11,Make Majority,TIME_LIMIT_EXCEEDED,C++17 (GCC 7-32),1743134956
312741908,AY11,Make Majority,TIME_LIMIT_EXCEEDED,C++17 (GCC 7-32),1743134921
312741359,xixi0106,The Omnipotent Monster Killer,WRONG_ANSWER,"C++23 (GCC 14-64, msys2)",1743134433
312736993,Rychao,Range Minimum Sum,OK,C++17 (GCC 7-32),1743130159
312735850,Rychao,Range Minimum Sum,OK,C++17 (GCC 7-32),1743128760
312735774,Rychao,Range Minimum Sum,WRONG_ANSWER,C++17 (GCC 7-32),1743128666
312735745,Rychao,Range Minimum Sum,WRONG_ANSWER,C++17 (GCC 7-32),1743128635
312735676,Rychao,Range Minimum Sum,WRONG_ANSWER,C++17 (GCC 7-32),1743128558
312735459,Rychao,Range Minimum Sum,WRONG_ANSWER,C++17 (GCC 7-32),1743128295
312735327,Rychao,Range Minimum Sum,TIME_LIMIT_EXCEEDED,C++17 (GCC 7-32),1743128130
312735144,Rychao,Range Minimum Sum,TIME_LIMIT_EXCEEDED,C++17 (GCC 7-32),1743127906
312734995,Rychao,Range Minimum Sum,TIME_LIMIT_EXCEEDED,C++17 (GCC 7-32),1743127722
312734897,sdlywt,The Omnipotent Monster Killer,WRONG_ANSWER,PyPy 3-64,1743127608
312732007,sdlywt,Increasing Sequence with Fixed OR,OK,PyPy 3-64,1743123906
312731910,sdlywt,Increasing Sequence with Fixed OR,WRONG_ANSWER,PyPy 3-64,1743123795
312722902,Mohammed_Aborz,Split the Multiset,OK,"C++23 (GCC 14-64, msys2)",1743111937
312722325,Mohammed_Aborz,Make Majority,OK,"C++23 (GCC 14-64, msys2)",1743111373
312721452,Mohammed_Aborz,Make Majority,WRONG_ANSWER,"C++23 (GCC 14-64, msys2)",1743110253
312721148,Mohammed_Aborz,Make Majority,WRONG_ANSWER,"C++23 (GCC 14-64, msys2)",1743109926
312720608,lomienyeet,Increasing Sequence with Fixed OR,OK,"C++23 (GCC 14-64, msys2)",1743109441
312720590,lomienyeet,Increasing Sequence with Fixed OR,COMPILATION_ERROR,"C++23 (GCC 14-64, msys2)",1743109425
312720550,lomienyeet,Increasing Sequence with Fixed OR,WRONG_ANSWER,"C++23 (GCC 14-64, msys2)",1743109398
312720452,lomienyeet,Increasing Sequence with Fixed OR,WRONG_ANSWER,"C++23 (GCC 14-64, msys2)",1743109313
312720439,lomienyeet,Range Minimum Sum,WRONG_ANSWER,"C++23 (GCC 14-64, msys2)",1743109301
312720105,lomienyeet,Increasing Sequence with Fixed OR,WRONG_ANSWER,"C++23 (GCC 14-64, msys2)",1743108977
312720058,lomienyeet,Increasing Sequence with Fixed OR,COMPILATION_ERROR,"C++23 (GCC 14-64, msys2)",1743108942
312719866,Mohammed_Aborz,Split the Multiset,WRONG_ANSWER,"C++23 (GCC 14-64, msys2)",1743108794
312717801,enamulhoqmunna,Make Majority,OK,C++17 (GCC 7-32),1743107215
312711609,iwillgo,Increasing Sequence with Fixed OR,OK,PyPy 3-64,1743101708
312710683,purushottam_123,Make Majority,OK,C++17 (GCC 7-32),1743100454
312710540,iwillgo,Increasing Sequence with Fixed OR,OK,PyPy 3-64,1743100269
312710513,geekygavesh,Split the Multiset,OK,C++20 (GCC 13-64),1743100186
312710495,iwillgo,Increasing Sequence with Fixed OR,OK,PyPy 3-64,1743100173
312710148,geekygavesh,Split the Multiset,WRONG_ANSWER,C++20 (GCC 13-64),1743099770
312710136,konika07,Make Majority,OK,C++20 (GCC 13-64),1743099749
312710089,iwillgo,Increasing Sequence with Fixed OR,WRONG_ANSWER,PyPy 3-64,1743099687
312709595,hackers007,The Omnipotent Monster Killer,OK,C++17 (GCC 7-32),1743099185
312707131,konika07,Make Majority,OK,C++20 (GCC 13-64),1743097318
312706918,ashuy.1303,Split the Multiset,OK,C++17 (GCC 7-32),1743097084
312704790,sujal-17,Split the Multiset,RUNTIME_ERROR,Java 21,1743094728
312702033,rishi_sahu,The Omnipotent Monster Killer,TIME_LIMIT_EXCEEDED,C++20 (GCC 13-64),1743091576
312700615,abhay_25,Make Majority,WRONG_ANSWER,C++17 (GCC 7-32),1743090195
312700050,chandan_gupta_PEC,Make Majority,WRONG_ANSWER,"C++23 (GCC 14-64, msys2)",1743089627
312697464,tareq_monowar,Split the Multiset,OK,C++20 (GCC 13-64),1743087009
312696843,JatinSai,Split the Multiset,WRONG_ANSWER,C++20 (GCC 13-64),1743086410
312693488,sujal-17,Split the Multiset,WRONG_ANSWER,Java 21,1743080512
312692490,_Hamed,Split the Multiset,OK,C++17 (GCC 7-32),1743079604
312691747,Rychao,Range Minimum Sum,WRONG_ANSWER,C++17 (GCC 7-32),1743078981
312691547,Rychao,Range Minimum Sum,WRONG_ANSWER,C++17 (GCC 7-32),1743078819
312691454,Gold14526,Range Minimum Sum,OK,"C++23 (GCC 14-64, msys2)",1743078726
312689468,pseudo404,Increasing Sequence with Fixed OR,OK,C++17 (GCC 7-32),1743077097
312688735,pseudo404,Increasing Sequence with Fixed OR,WRONG_ANSWER,C++17 (GCC 7-32),1743076623
312687946,Mr.Kartik,Make Majority,OK,PyPy 3-64,1743076243
312685416,Mr.Kartik,Make Majority,TIME_LIMIT_EXCEEDED,PyPy 3-64,1743074972
312684326,weebyes,The Omnipotent Monster Killer,OK,C++17 (GCC 7-32),1743074409
312683144,ishaanster,Make Majority,WRONG_ANSWER,C++17 (GCC 7-32),1743073767
312682787,weebyes,The Omnipotent Monster Killer,WRONG_ANSWER,C++17 (GCC 7-32),1743073585
312678894,weebyes,The Omnipotent Monster Killer,WRONG_ANSWER,C++17 (GCC 7-32),1743071289
312678811,weebyes,The Omnipotent Monster Killer,WRONG_ANSWER,C++17 (GCC 7-32),1743071239
312678782,Mr.Kartik,Make Majority,WRONG_ANSWER,PyPy 3-64,1743071220
312677354,Mr.Kartik,Make Majority,WRONG_ANSWER,PyPy 3-64,1743070414
312676177,dudozer_maks,Increasing Sequence with Fixed OR,OK,C++17 (GCC 7-32),1743069716
312675985,dudozer_maks,Increasing Sequence with Fixed OR,MEMORY_LIMIT_EXCEEDED,C++17 (GCC 7-32),1743069607
312675712,dudozer_maks,Increasing Sequence with Fixed OR,MEMORY_LIMIT_EXCEEDED,C++17 (GCC 7-32),1743069456
312675583,dudozer_maks,Increasing Sequence with Fixed OR,MEMORY_LIMIT_EXCEEDED,C++17 (GCC 7-32),1743069384
312675280,dudozer_maks,Increasing Sequence with Fixed OR,MEMORY_LIMIT_EXCEEDED,C++17 (GCC 7-32),1743069204
312672000,rgnerdplayer,Increasing Sequence with Fixed OR,OK,"C++23 (GCC 14-64, msys2)",1743067464
312671645,rgnerdplayer,Make Majority,OK,"C++23 (GCC 14-64, msys2)",1743067284
312671350,rgnerdplayer,Split the Multiset,OK,"C++23 (GCC 14-64, msys2)",1743067139
312670569,violentpenguin,Split the Multiset,OK,C++17 (GCC 7-32),1743066751
312665368,distortedcipher,Split the Multiset,OK,"C++23 (GCC 14-64, msys2)",1743063972
312665027,Goutham_Kundeti,Split the Multiset,OK,Java 21,1743063771
312664476,Mr.Kartik,Make Majority,TIME_LIMIT_EXCEEDED,PyPy 3-64,1743063463
312660766,violentpenguin,Split the Multiset,TIME_LIMIT_EXCEEDED,C++17 (GCC 7-32),1743061258
312660323,white_wolff_223,Increasing Sequence with Fixed OR,WRONG_ANSWER,C++17 (GCC 7-32),1743061034
312658874,mihir_malve,Make Majority,OK,C++20 (GCC 13-64),1743060265
312658857,dugawaarun,Split the Multiset,OK,"C++23 (GCC 14-64, msys2)",1743060255
312657528,violentpenguin,Split the Multiset,WRONG_ANSWER,C++17 (GCC 7-32),1743059560
312656957,mihir_malve,Make Majority,WRONG_ANSWER,C++20 (GCC 13-64),1743059261
312655851,violentpenguin,Split the Multiset,WRONG_ANSWER,C++17 (GCC 7-32),1743058668
312651603,IamYessir,Make Majority,OK,PyPy 3-64,1743056214
312648648,anikateagrawal,Make Majority,OK,Java 21,1743054038
312641535,ishant_32,Increasing Sequence with Fixed OR,OK,"C++23 (GCC 14-64, msys2)",1743047557
312640835,3FrenchOmelettes,The Omnipotent Monster Killer,WRONG_ANSWER,C++17 (GCC 7-32),1743046841
312640565,3FrenchOmelettes,The Omnipotent Monster Killer,WRONG_ANSWER,C++17 (GCC 7-32),1743046613
312640339,3FrenchOmelettes,The Omnipotent Monster Killer,WRONG_ANSWER,C++17 (GCC 7-32),1743046345
312639866,-MenG-,The Omnipotent Monster Killer,OK,"C++23 (GCC 14-64, msys2)",1743045847
312639608,3FrenchOmelettes,The Omnipotent Monster Killer,WRONG_ANSWER,C++17 (GCC 7-32),1743045526
312638498,-MenG-,The Omnipotent Monster Killer,OK,"C++23 (GCC 14-64, msys2)",1743043966
312635896,Minh999,Make Majority,OK,C++17 (GCC 7-32),1743040218
312632348,3FrenchOmelettes,The Omnipotent Monster Killer,TIME_LIMIT_EXCEEDED,C++17 (GCC 7-32),1743034518
312631820,helicopto,Increasing Sequence with Fixed OR,OK,"C++23 (GCC 14-64, msys2)",1743033685
312631736,3FrenchOmelettes,The Omnipotent Monster Killer,WRONG_ANSWER,C++17 (GCC 7-32),1743033555
312629582,devansh_arora,Make Majority,WRONG_ANSWER,"C++23 (GCC 14-64, msys2)",1743029904
312629390,devansh_arora,Split the Multiset,OK,"C++23 (GCC 14-64, msys2)",1743029619
312625824,nafismahamudshahin,Increasing Sequence with Fixed OR,OK,"C++23 (GCC 14-64, msys2)",1743024889
312620626,trs3,Split the Multiset,OK,"C++23 (GCC 14-64, msys2)",1743020126
312620218,hackers007,Increasing Sequence with Fixed OR,OK,C++17 (GCC 7-32),1743019781
312619332,hackers007,Make Majority,OK,C++17 (GCC 7-32),1743019049
312618458,ishant_32,Make Majority,OK,"C++23 (GCC 14-64, msys2)",1743018355
312618322,ishant_32,Make Majority,WRONG_ANSWER,"C++23 (GCC 14-64, msys2)",1743018262
312617470,ishant_32,Make Majority,WRONG_ANSWER,"C++23 (GCC 14-64, msys2)",1743017673
312617369,Nazmul99,Make Majority,OK,C++17 (GCC 7-32),1743017605
312617241,ishant_32,Make Majority,WRONG_ANSWER,"C++23 (GCC 14-64, msys2)",1743017515
312616937,Nazmul99,Make Majority,OK,C++17 (GCC 7-32),1743017331
312616372,ishant_32,Make Majority,WRONG_ANSWER,"C++23 (GCC 14-64, msys2)",1743016944
312612034,AKulhin,Split the Multiset,OK,C++17 (GCC 7-32),1743014026
312610886,ramit018,Split the Multiset,WRONG_ANSWER,C++17 (GCC 7-32),1743013320
312610842,ramit018,Split the Multiset,WRONG_ANSWER,C++17 (GCC 7-32),1743013292
312599736,Goutham_Kundeti,Split the Multiset,WRONG_ANSWER,Java 21,1743007124
312599553,Goutham_Kundeti,Split the Multiset,WRONG_ANSWER,Java 21,1743007038
312599389,Goutham_Kundeti,Split the Multiset,WRONG_ANSWER,Java 21,1743006941
312582932,Goutham_Kundeti,Split the Multiset,WRONG_ANSWER,Java 21,1742999381
312582775,Goutham_Kundeti,Split the Multiset,WRONG_ANSWER,Java 21,1742999304
312582456,Goutham_Kundeti,Split the Multiset,WRONG_ANSWER,Java 21,1742999147
312580857,manas_1406,Make Majority,OK,C++20 (GCC 13-64),1742998425
312580772,surjocse,Split the Multiset,OK,"C++23 (GCC 14-64, msys2)",1742998385
312573955,surjocse,Split the Multiset,WRONG_ANSWER,"C++23 (GCC 14-64, msys2)",1742995499
312573262,surjocse,Split the Multiset,WRONG_ANSWER,"C++23 (GCC 14-64, msys2)",1742995220
312572755,surjocse,Split the Multiset,WRONG_ANSWER,"C++23 (GCC 14-64, msys2)",1742995003
312571025,violentpenguin,Make Majority,OK,C++17 (GCC 7-32),1742994225
312570985,JatinSai,Make Majority,OK,C++20 (GCC 13-64),1742994210
312570184,violentpenguin,Make Majority,WRONG_ANSWER,C++17 (GCC 7-32),1742993819
312569752,JatinSai,Make Majority,WRONG_ANSWER,C++20 (GCC 13-64),1742993639
312569692,violentpenguin,Make Majority,WRONG_ANSWER,C++17 (GCC 7-32),1742993611
312568682,violentpenguin,Make Majority,WRONG_ANSWER,C++17 (GCC 7-32),1742993152
312567715,alextherunner,The Omnipotent Monster Killer,WRONG_ANSWER,C++20 (GCC 13-64),1742992700
312566627,violentpenguin,Make Majority,WRONG_ANSWER,C++17 (GCC 7-32),1742992200
312564381,violentpenguin,Make Majority,WRONG_ANSWER,C++17 (GCC 7-32),1742991204
312553035,The_masseteR,Increasing Sequence with Fixed OR,OK,C++17 (GCC 7-32),1742986097
312552891,The_masseteR,Increasing Sequence with Fixed OR,OK,C++17 (GCC 7-32),1742986028
312550560,The_masseteR,Increasing Sequence with Fixed OR,WRONG_ANSWER,C++17 (GCC 7-32),1742984802
312550059,The_masseteR,Increasing Sequence with Fixed OR,WRONG_ANSWER,C++17 (GCC 7-32),1742984560
312547816,anshuman_dubey,Increasing Sequence with Fixed OR,OK,C++17 (GCC 7-32),1742983407
312546690,jiangfengjiang,The Omnipotent Monster Killer,OK,C++17 (GCC 7-32),1742982857
312546319,jiangfengjiang,The Omnipotent Monster Killer,WRONG_ANSWER,C++17 (GCC 7-32),1742982700
312546203,jiangfengjiang,The Omnipotent Monster Killer,WRONG_ANSWER,C++17 (GCC 7-32),1742982632
312544286,anshuman_dubey,Make Majority,OK,C++17 (GCC 7-32),1742981417
312543366,jiangfengjiang,The Omnipotent Monster Killer,WRONG_ANSWER,C++17 (GCC 7-32),1742980891
312543064,atharva96.1,Make Majority,OK,"C++23 (GCC 14-64, msys2)",1742980691
312542963,-MenG-,The Omnipotent Monster Killer,WRONG_ANSWER,"C++23 (GCC 14-64, msys2)",1742980625
312542583,anshuman_dubey,Make Majority,WRONG_ANSWER,C++17 (GCC 7-32),1742980353
312541529,-MenG-,The Omnipotent Monster Killer,WRONG_ANSWER,"C++23 (GCC 14-64, msys2)",1742979691
312540591,-MenG-,The Omnipotent Monster Killer,WRONG_ANSWER,"C++23 (GCC 14-64, msys2)",1742979164
312539694,anshuman_dubey,Split the Multiset,OK,C++17 (GCC 7-32),1742978585
312539509,HKR_Yukino,Increasing Sequence with Fixed OR,OK,C++20 (GCC 13-64),1742978438
312539430,jiangfengjiang,Increasing Sequence with Fixed OR,OK,C++17 (GCC 7-32),1742978380
312538980,jiangfengjiang,Increasing Sequence with Fixed OR,RUNTIME_ERROR,C++17 (GCC 7-32),1742978070
312538818,hhsaffar,Split the Multiset,OK,C# 10,1742977967
312538308,Insightcoder,Split the Multiset,OK,"C++23 (GCC 14-64, msys2)",1742977625
312537892,Ake_Sakiko,The Omnipotent Monster Killer,WRONG_ANSWER,"C++23 (GCC 14-64, msys2)",1742977346
312537538,Ake_Sakiko,The Omnipotent Monster Killer,WRONG_ANSWER,"C++23 (GCC 14-64, msys2)",1742977121
312537189,Insightcoder,Make Majority,OK,"C++23 (GCC 14-64, msys2)",1742976924
312536934,anshuman_dubey,Split the Multiset,WRONG_ANSWER,C++17 (GCC 7-32),1742976739
312536854,Insightcoder,Make Majority,WRONG_ANSWER,"C++23 (GCC 14-64, msys2)",1742976686
312536700,anshuman_dubey,Split the Multiset,WRONG_ANSWER,C++17 (GCC 7-32),1742976552
312536096,wwsanket,Increasing Sequence with Fixed OR,OK,C++20 (GCC 13-64),1742976157
312534532,xorya,Make Majority,OK,PyPy 3-64,1742975026
312533744,RichaMishra,Make Majority,OK,C++17 (GCC 7-32),1742974445
312532939,wwsanket,Make Majority,OK,C++20 (GCC 13-64),1742973942
312532885,wwsanket,Make Majority,WRONG_ANSWER,C++20 (GCC 13-64),1742973899
312531977,wwsanket,Make Majority,WRONG_ANSWER,C++20 (GCC 13-64),1742973285
312531824,xorya,Split the Multiset,OK,PyPy 3-64,1742973176
312531499,-MenG-,The Omnipotent Monster Killer,WRONG_ANSWER,"C++23 (GCC 14-64, msys2)",1742972950
312531379,Noob_er_Bacca,Increasing Sequence with Fixed OR,WRONG_ANSWER,C++17 (GCC 7-32),1742972854
312531276,Noob_er_Bacca,Increasing Sequence with Fixed OR,WRONG_ANSWER,C++17 (GCC 7-32),1742972789
312531214,Noob_er_Bacca,Increasing Sequence with Fixed OR,WRONG_ANSWER,C++17 (GCC 7-32),1742972747
312531065,Noob_er_Bacca,Increasing Sequence with Fixed OR,WRONG_ANSWER,C++17 (GCC 7-32),1742972664
312531015,Noob_er_Bacca,Increasing Sequence with Fixed OR,WRONG_ANSWER,C++17 (GCC 7-32),1742972630
312530832,Noob_er_Bacca,Increasing Sequence with Fixed OR,OK,C++17 (GCC 7-32),1742972507
312529111,wwsanket,Split the Multiset,OK,C++20 (GCC 13-64),1742971328
312528274,-MenG-,The Omnipotent Monster Killer,WRONG_ANSWER,"C++23 (GCC 14-64, msys2)",1742970623
312521755,ATAUR_103,Increasing Sequence with Fixed OR,OK,C++20 (GCC 13-64),1742966007
312518633,jiangfengjiang,Make Majority,OK,C++17 (GCC 7-32),1742963677
312517215,_BILIEVE_,Increasing Sequence with Fixed OR,OK,C++17 (GCC 7-32),1742962462
312517056,_BILIEVE_,Increasing Sequence with Fixed OR,WRONG_ANSWER,C++17 (GCC 7-32),1742962341
312517038,jiangfengjiang,Split the Multiset,OK,C++17 (GCC 7-32),1742962327
312516881,_BILIEVE_,Increasing Sequence with Fixed OR,WRONG_ANSWER,C++17 (GCC 7-32),1742962176
312516835,jiangfengjiang,Split the Multiset,WRONG_ANSWER,C++17 (GCC 7-32),1742962142
312516793,jiangfengjiang,Split the Multiset,WRONG_ANSWER,C++17 (GCC 7-32),1742962097
312516661,_BILIEVE_,Increasing Sequence with Fixed OR,WRONG_ANSWER,C++17 (GCC 7-32),1742961983
312512950,Elaina0326,Increasing Sequence with Fixed OR,OK,C++17 (GCC 7-32),1742958369
312512062,shafiahnaf3412,Split the Multiset,WRONG_ANSWER,"C++23 (GCC 14-64, msys2)",1742957462
312511662,Elaina0326,Make Majority,OK,C++17 (GCC 7-32),1742956989
312511646,Elaina1017,Make Majority,OK,C++17 (GCC 7-32),1742956974
312511394,Elaina1017,Make Majority,WRONG_ANSWER,C++17 (GCC 7-32),1742956702
312511326,Elaina1017,Make Majority,WRONG_ANSWER,C++17 (GCC 7-32),1742956629
312510445,Elaina0326,Split the Multiset,OK,C++17 (GCC 7-32),1742955654
312506242,shafiahnaf3412,Make Majority,OK,"C++23 (GCC 14-64, msys2)",1742950439
312506120,shafiahnaf3412,Make Majority,WRONG_ANSWER,"C++23 (GCC 14-64, msys2)",1742950280
312505946,shafiahnaf3412,Make Majority,WRONG_ANSWER,"C++23 (GCC 14-64, msys2)",1742950096
312504407,wusixuan,The Omnipotent Monster Killer,OK,C++17 (GCC 7-32),1742948534
312501591,shafiahnaf3412,Make Majority,TIME_LIMIT_EXCEEDED,Python 3,1742945217
312499929,NARESH_SIHAG,Increasing Sequence with Fixed OR,OK,C++17 (GCC 7-32),1742942641
312498574,farhan_azad,Increasing Sequence with Fixed OR,OK,"C++23 (GCC 14-64, msys2)",1742940769
312498541,farhan_azad,Increasing Sequence with Fixed OR,WRONG_ANSWER,"C++23 (GCC 14-64, msys2)",1742940733
312498012,farhan_azad,Increasing Sequence with Fixed OR,WRONG_ANSWER,"C++23 (GCC 14-64, msys2)",1742940133
312497888,farhan_azad,Increasing Sequence with Fixed OR,WRONG_ANSWER,"C++23 (GCC 14-64, msys2)",1742939987
312496172,sujal-17,Make Majority,OK,Java 21,1742938212
312495601,sujal-17,Make Majority,WRONG_ANSWER,Java 21,1742937696
312495561,sujal-17,Make Majority,WRONG_ANSWER,Java 21,1742937654
312495408,sujal-17,Make Majority,WRONG_ANSWER,Java 21,1742937539
312489856,Jasia05,Split the Multiset,OK,C++17 (GCC 7-32),1742933211
312473786,priyanshs.exe,Make Majority,OK,"C++23 (GCC 14-64, msys2)",1742923717
312350919,Moatsm_,Make Majority,OK,"C++23 (GCC 14-64, msys2)",1742914116
312337193,Moatsm_,Split the Multiset,OK,"C++23 (GCC 14-64, msys2)",1742913602
312332291,mohamedxx0,Make Majority,WRONG_ANSWER,"C++23 (GCC 14-64, msys2)",1742912199
312331468,mohamedxx0,Make Majority,WRONG_ANSWER,"C++23 (GCC 14-64, msys2)",1742911817
312328637,Ritika_1911,Split the Multiset,OK,"C++23 (GCC 14-64, msys2)",1742910533
312328518,Ritika_1911,Split the Multiset,WRONG_ANSWER,"C++23 (GCC 14-64, msys2)",1742910485
312328447,Ritika_1911,Split the Multiset,OK,"C++23 (GCC 14-64, msys2)",1742910457
312327923,Ritika_1911,Split the Multiset,WRONG_ANSWER,"C++23 (GCC 14-64, msys2)",1742910246
312327428,LeoPro,Heartbeat,OK,C++20 (GCC 13-64),1742910051
312327317,LeoPro,Heartbeat,RUNTIME_ERROR,C++20 (GCC 13-64),1742909991
312327273,LeoPro,Heartbeat,WRONG_ANSWER,C++20 (GCC 13-64),1742909967
312326884,Ritika_1911,Split the Multiset,WRONG_ANSWER,"C++23 (GCC 14-64, msys2)",1742909818
312326647,Light000,Split the Multiset,OK,C++20 (GCC 13-64),1742909716
312326399,Light000,Split the Multiset,WRONG_ANSWER,C++20 (GCC 13-64),1742909612
312325016,LeoPro,Heartbeat,TIME_LIMIT_EXCEEDED,C++20 (GCC 13-64),1742909041
312324732,surajmishra88266,Split the Multiset,OK,C++20 (GCC 13-64),1742908921
312324356,LeoPro,Heartbeat,TIME_LIMIT_EXCEEDED,C++20 (GCC 13-64),1742908767
312324124,surajmishra88266,Split the Multiset,WRONG_ANSWER,C++20 (GCC 13-64),1742908670
312323348,surajmishra88266,Split the Multiset,WRONG_ANSWER,C++20 (GCC 13-64),1742908273
312317233,zhangfangming,Increasing Sequence with Fixed OR,OK,"C++23 (GCC 14-64, msys2)",1742905346
312317123,Light000,Make Majority,OK,C++20 (GCC 13-64),1742905291
312311309,zhangfangming,Make Majority,OK,"C++23 (GCC 14-64, msys2)",1742902484
312310081,zhangfangming,Split the Multiset,OK,"C++23 (GCC 14-64, msys2)",1742901884
312307291,Akshit.kr.Singh,Increasing Sequence with Fixed OR,OK,C++17 (GCC 7-32),1742900442
312305492,Akshit.kr.Singh,Increasing Sequence with Fixed OR,WRONG_ANSWER,C++17 (GCC 7-32),1742899445
312305384,Akshit.kr.Singh,Increasing Sequence with Fixed OR,WRONG_ANSWER,C++17 (GCC 7-32),1742899381
312305235,Akshit.kr.Singh,Increasing Sequence with Fixed OR,WRONG_ANSWER,C++17 (GCC 7-32),1742899304
312304602,Akshit.kr.Singh,Increasing Sequence with Fixed OR,WRONG_ANSWER,C++17 (GCC 7-32),1742898942
312304468,Akshit.kr.Singh,Increasing Sequence with Fixed OR,WRONG_ANSWER,C++17 (GCC 7-32),1742898861
312300629,Gods_child_tanish,Split the Multiset,WRONG_ANSWER,C++17 (GCC 7-32),1742896630
312300185,Gods_child_tanish,Split the Multiset,WRONG_ANSWER,C++17 (GCC 7-32),1742896370
312292617,kaizen_01,Split the Multiset,WRONG_ANSWER,C++20 (GCC 13-64),1742892110
312292399,kaizen_01,Split the Multiset,WRONG_ANSWER,C++20 (GCC 13-64),1742891993
312292070,anshul_agarwal1,Make Majority,OK,C++17 (GCC 7-32),1742891819
312291502,Aariba109,Make Majority,OK,C++17 (GCC 7-32),1742891515
312291317,kaizen_01,Split the Multiset,TIME_LIMIT_EXCEEDED,C++20 (GCC 13-64),1742891427
312290912,Aariba109,Make Majority,WRONG_ANSWER,C++17 (GCC 7-32),1742891176
312286289,losXxh,Split the Multiset,OK,C++17 (GCC 7-32),1742888051
312286277,shashwatanand021,Make Majority,OK,C++20 (GCC 13-64),1742888042
312284374,shashwatanand021,Make Majority,WRONG_ANSWER,C++20 (GCC 13-64),1742886813
312282947,VoidRunner,Split the Multiset,OK,C++17 (GCC 7-32),1742885855
312282720,VoidRunner,Split the Multiset,OK,C++17 (GCC 7-32),1742885693
312282601,VoidRunner,Split the Multiset,WRONG_ANSWER,C++17 (GCC 7-32),1742885615
312282047,The-One-Above-All,Increasing Sequence with Fixed OR,OK,C++17 (GCC 7-32),1742885255
312282019,The-One-Above-All,Increasing Sequence with Fixed OR,WRONG_ANSWER,C++17 (GCC 7-32),1742885230
312281660,The-One-Above-All,Increasing Sequence with Fixed OR,WRONG_ANSWER,C++17 (GCC 7-32),1742884960
312281508,The-One-Above-All,Increasing Sequence with Fixed OR,WRONG_ANSWER,C++17 (GCC 7-32),1742884858
312281208,neelkheni19,Split the Multiset,OK,Python 3,1742884658
312275036,curco,Split the Multiset,OK,C++17 (GCC 7-32),1742879592
312264947,balabala666,Split the Multiset,OK,C++17 (GCC 7-32),1742869131
312263730,Jasia05,Split the Multiset,WRONG_ANSWER,C++17 (GCC 7-32),1742867313
312263398,Jasia05,Split the Multiset,WRONG_ANSWER,C++17 (GCC 7-32),1742866827
312262119,Jasia05,Split the Multiset,WRONG_ANSWER,C++17 (GCC 7-32),1742864819
312261730,Jasia05,Split the Multiset,WRONG_ANSWER,C++17 (GCC 7-32),1742864251
312261319,Jasia05,Split the Multiset,WRONG_ANSWER,C++17 (GCC 7-32),1742863601
312260050,Jasia05,Split the Multiset,WRONG_ANSWER,C++17 (GCC 7-32),1742861633
312259955,Jasia05,Split the Multiset,WRONG_ANSWER,C++17 (GCC 7-32),1742861503
312257564,TTNihat,Split the Multiset,OK,C++20 (GCC 13-64),1742857455
312257210,tiagopio,Split the Multiset,OK,C++20 (GCC 13-64),1742856878
312257048,tiagopio,Split the Multiset,WRONG_ANSWER,C++20 (GCC 13-64),1742856640
312255002,Jasia05,Make Majority,OK,C++17 (GCC 7-32),1742854092
312242653,Noob_er_Bacca,Increasing Sequence with Fixed OR,WRONG_ANSWER,C++17 (GCC 7-32),1742844671
312242574,Noob_er_Bacca,Increasing Sequence with Fixed OR,WRONG_ANSWER,C++17 (GCC 7-32),1742844615
312241433,prac_croxx,Increasing Sequence with Fixed OR,OK,C++20 (GCC 13-64),1742843897
312233499,Rakshit_Kaintura,Make Majority,OK,Java 21,1742839506
312233278,stack_69,Increasing Sequence with Fixed OR,OK,"C++23 (GCC 14-64, msys2)",1742839388
312233165,stack_69,Increasing Sequence with Fixed OR,WRONG_ANSWER,"C++23 (GCC 14-64, msys2)",1742839324
312233063,stack_69,Increasing Sequence with Fixed OR,WRONG_ANSWER,"C++23 (GCC 14-64, msys2)",1742839272
312230239,DAleksa,Range Minimum Sum,OK,"C++23 (GCC 14-64, msys2)",1742837872
312229107,Rakshit_Kaintura,Make Majority,WRONG_ANSWER,Java 21,1742837359
312228762,mj_1048,Split the Multiset,WRONG_ANSWER,C++17 (GCC 7-32),1742837193
312226502,mj_1048,Split the Multiset,WRONG_ANSWER,C++17 (GCC 7-32),1742836162
312225256,Hades504,Increasing Sequence with Fixed OR,WRONG_ANSWER,C++17 (GCC 7-32),1742835561
312225120,Hades504,Increasing Sequence with Fixed OR,WRONG_ANSWER,C++17 (GCC 7-32),1742835487
312224690,DrSid,Split the Multiset,OK,"C++23 (GCC 14-64, msys2)",1742835285
312221888,Rohit_Kumar_07,Split the Multiset,OK,C++17 (GCC 7-32),1742833845
312221575,Rohit_Kumar_07,Split the Multiset,WRONG_ANSWER,C++17 (GCC 7-32),1742833682
312221070,Rohit_Kumar_07,Split the Multiset,WRONG_ANSWER,C++17 (GCC 7-32),1742833405
312220507,Calcifer077,Split the Multiset,OK,Java 21,1742833114
312209990,Swastik1729,Increasing Sequence with Fixed OR,OK,C++17 (GCC 7-32),1742828182
312209325,Swastik1729,Increasing Sequence with Fixed OR,WRONG_ANSWER,C++17 (GCC 7-32),1742827887
312209054,adityap22,Increasing Sequence with Fixed OR,OK,C++20 (GCC 13-64),1742827751
312208885,lgxsx,Split the Multiset,WRONG_ANSWER,C++17 (GCC 7-32),1742827672
312208842,lgxsx,Split the Multiset,OK,C++17 (GCC 7-32),1742827653
312207293,adityap22,Increasing Sequence with Fixed OR,OK,C++20 (GCC 13-64),1742826985
312207135,lgxsx,Split the Multiset,WRONG_ANSWER,C++17 (GCC 7-32),1742826915
312205538,akshux_cp,Split the Multiset,OK,C++17 (GCC 7-32),1742826200
312205232,akshux_cp,Split the Multiset,WRONG_ANSWER,C++17 (GCC 7-32),1742826067
312204422,adityap22,Increasing Sequence with Fixed OR,WRONG_ANSWER,C++20 (GCC 13-64),1742825737
312204084,adityap22,Increasing Sequence with Fixed OR,WRONG_ANSWER,C++20 (GCC 13-64),1742825584
312202631,lgxsx,Split the Multiset,WRONG_ANSWER,C++17 (GCC 7-32),1742824964
312200708,rnaini,Make Majority,OK,C++17 (GCC 7-32),1742824147
312200588,rnaini,Make Majority,WRONG_ANSWER,C++17 (GCC 7-32),1742824099
312200512,rnaini,Make Majority,WRONG_ANSWER,C++17 (GCC 7-32),1742824071
312196709,TANIM67,Increasing Sequence with Fixed OR,OK,C++17 (GCC 7-32),1742822584
312195993,TANIM67,Increasing Sequence with Fixed OR,WRONG_ANSWER,C++17 (GCC 7-32),1742822280
312194991,yadavkr66,Make Majority,OK,"C++23 (GCC 14-64, msys2)",1742821839
312186898,fengminglai52,Make Majority,OK,C++17 (GCC 7-32),1742818109
312186687,Karthik1812,Increasing Sequence with Fixed OR,OK,C++20 (GCC 13-64),1742818022
312186153,Karthik1812,Increasing Sequence with Fixed OR,WRONG_ANSWER,C++20 (GCC 13-64),1742817786
312185961,TANIM67,Increasing Sequence with Fixed OR,WRONG_ANSWER,C++17 (GCC 7-32),1742817699
312185890,TANIM67,Increasing Sequence with Fixed OR,WRONG_ANSWER,C++17 (GCC 7-32),1742817663
312182330,rahulgupta952005,Make Majority,OK,"C++23 (GCC 14-64, msys2)",1742815888
312182095,rahulgupta952005,Make Majority,WRONG_ANSWER,"C++23 (GCC 14-64, msys2)",1742815776
312179744,DivyanshShred,Make Majority,OK,"C++23 (GCC 14-64, msys2)",1742814624
312179311,DivyanshShred,Make Majority,WRONG_ANSWER,"C++23 (GCC 14-64, msys2)",1742814396
312179131,DivyanshShred,Make Majority,WRONG_ANSWER,"C++23 (GCC 14-64, msys2)",1742814295
312178327,DivyanshShred,Make Majority,WRONG_ANSWER,"C++23 (GCC 14-64, msys2)",1742813831
312178301,rahulgupta952005,Make Majority,WRONG_ANSWER,"C++23 (GCC 14-64, msys2)",1742813816
312177940,rahulgupta952005,Make Majority,WRONG_ANSWER,"C++23 (GCC 14-64, msys2)",1742813616
312177854,Aayush1901,Make Majority,OK,"C++23 (GCC 14-64, msys2)",1742813566
312174694,Alvaro_Quispe,Increasing Sequence with Fixed OR,OK,Python 3,1742811748
312163726,zhichenlin,Range Minimum Sum,OK,C++20 (GCC 13-64),1742805493
312160893,tawkir,Increasing Sequence with Fixed OR,OK,C++17 (GCC 7-32),1742803803
312160489,tawkir,Increasing Sequence with Fixed OR,WRONG_ANSWER,C++17 (GCC 7-32),1742803584
312160332,tawkir,Increasing Sequence with Fixed OR,WRONG_ANSWER,C++17 (GCC 7-32),1742803486
312160109,1G1U4E5S1T4,Heartbeat,OK,"C++23 (GCC 14-64, msys2)",1742803349
312156856,Swastik1729,Split the Multiset,OK,C++17 (GCC 7-32),1742801158
312156697,Swastik1729,Split the Multiset,WRONG_ANSWER,C++17 (GCC 7-32),1742801055
312155367,tawkir,Make Majority,OK,C++17 (GCC 7-32),1742800261
312154244,tawkir,Split the Multiset,OK,C++17 (GCC 7-32),1742799576
312150242,zhichenlin,Make Majority,OK,C++20 (GCC 13-64),1742797104
312150142,zhichenlin,Make Majority,RUNTIME_ERROR,C++20 (GCC 13-64),1742797051
312149211,zhichenlin,The Omnipotent Monster Killer,OK,C++20 (GCC 13-64),1742796456
312149125,zhichenlin,The Omnipotent Monster Killer,TIME_LIMIT_EXCEEDED,C++20 (GCC 13-64),1742796402
312146704,zhichenlin,Increasing Sequence with Fixed OR,OK,C++20 (GCC 13-64),1742794660
312145206,zhichenlin,Split the Multiset,OK,C++20 (GCC 13-64),1742793481
312143208,abhaygarg354,Make Majority,OK,C++17 (GCC 7-32),1742791731
312141342,CoderSadanand,Increasing Sequence with Fixed OR,OK,"C++23 (GCC 14-64, msys2)",1742789701
312139892,abhaygarg354,Increasing Sequence with Fixed OR,OK,C++17 (GCC 7-32),1742788022
312138884,-Bidhan-,Make Majority,OK,C++20 (GCC 13-64),1742786948
312137955,_evenc,Increasing Sequence with Fixed OR,OK,"C++23 (GCC 14-64, msys2)",1742785986
312137146,_evenc,Increasing Sequence with Fixed OR,OK,"C++23 (GCC 14-64, msys2)",1742785080
312136045,BandWidth_03,Increasing Sequence with Fixed OR,OK,C++17 (GCC 7-32),1742783744
312133208,Aurora14526,Range Minimum Sum,OK,"C++23 (GCC 14-64, msys2)",1742780321
312121306,Swastik1729,Split the Multiset,WRONG_ANSWER,C++17 (GCC 7-32),1742763752
312115622,omarkhaled1812,Increasing Sequence with Fixed OR,OK,C++20 (GCC 13-64),1742759030
312115595,ok777777788,Increasing Sequence with Fixed OR,OK,C++20 (GCC 13-64),1742759011
312115549,ok777777788,Increasing Sequence with Fixed OR,WRONG_ANSWER,C++20 (GCC 13-64),1742758974
312115527,ok777777788,Increasing Sequence with Fixed OR,WRONG_ANSWER,C++17 (GCC 7-32),1742758961
312115317,ok777777788,Increasing Sequence with Fixed OR,WRONG_ANSWER,C++17 (GCC 7-32),1742758811
312115044,ok777777788,Increasing Sequence with Fixed OR,WRONG_ANSWER,C++17 (GCC 7-32),1742758616
312115006,ok777777788,Increasing Sequence with Fixed OR,COMPILATION_ERROR,C++17 (GCC 7-32),1742758592
312114954,ok777777788,Increasing Sequence with Fixed OR,OK,C++17 (GCC 7-32),1742758555
312114873,Noob_er_Bacca,Increasing Sequence with Fixed OR,WRONG_ANSWER,C++17 (GCC 7-32),1742758484
312114790,ok777777788,Increasing Sequence with Fixed OR,WRONG_ANSWER,C++17 (GCC 7-32),1742758435
312114762,Noob_er_Bacca,Increasing Sequence with Fixed OR,WRONG_ANSWER,C++17 (GCC 7-32),1742758418
312114712,ok777777788,Increasing Sequence with Fixed OR,WRONG_ANSWER,C++17 (GCC 7-32),1742758378
312114532,ok777777788,Increasing Sequence with Fixed OR,WRONG_ANSWER,C++17 (GCC 7-32),1742758236
312114512,Noob_er_Bacca,Increasing Sequence with Fixed OR,WRONG_ANSWER,C++17 (GCC 7-32),1742758219
312114387,Noob_er_Bacca,Increasing Sequence with Fixed OR,WRONG_ANSWER,C++17 (GCC 7-32),1742758125
312114361,ok777777788,Increasing Sequence with Fixed OR,WRONG_ANSWER,C++17 (GCC 7-32),1742758105
312114277,ok777777788,Increasing Sequence with Fixed OR,WRONG_ANSWER,C++17 (GCC 7-32),1742758059
312114120,omarkhaled1812,Increasing Sequence with Fixed OR,WRONG_ANSWER,C++20 (GCC 13-64),1742757957
312107594,abhaygarg354,Make Majority,WRONG_ANSWER,C++17 (GCC 7-32),1742753820
312107356,abhaygarg354,Make Majority,WRONG_ANSWER,C++17 (GCC 7-32),1742753649
312101778,Robin_islam,Make Majority,WRONG_ANSWER,PyPy 3-64,1742750432
312096137,Mhd9011,Increasing Sequence with Fixed OR,OK,C++17 (GCC 7-32),1742746935
312095941,abhaygarg354,Split the Multiset,OK,C++17 (GCC 7-32),1742746810
312095806,Mhd9011,Increasing Sequence with Fixed OR,WRONG_ANSWER,C++17 (GCC 7-32),1742746729
312095781,abhaygarg354,Split the Multiset,WRONG_ANSWER,C++17 (GCC 7-32),1742746715
312095627,Mhd9011,Increasing Sequence with Fixed OR,WRONG_ANSWER,C++17 (GCC 7-32),1742746623
312095549,abhaygarg354,Split the Multiset,WRONG_ANSWER,C++17 (GCC 7-32),1742746577
312095520,Mhd9011,Increasing Sequence with Fixed OR,WRONG_ANSWER,C++17 (GCC 7-32),1742746561
312087420,Plavac52431,Make Majority,OK,"C++23 (GCC 14-64, msys2)",1742741927
312084554,Plavac52431,Make Majority,OK,"C++23 (GCC 14-64, msys2)",1742740532
312075023,winter_soldier_,Split the Multiset,OK,C++17 (GCC 7-32),1742735980
312073654,xxTaHaxx,Make Majority,OK,GNU C11,1742735331
312072764,xxTaHaxx,Make Majority,WRONG_ANSWER,GNU C11,1742734885
312066775,shiocan,Increasing Sequence with Fixed OR,OK,C++17 (GCC 7-32),1742731882
312066711,shiocan,Increasing Sequence with Fixed OR,WRONG_ANSWER,C++17 (GCC 7-32),1742731855
312066649,shiocan,Increasing Sequence with Fixed OR,WRONG_ANSWER,C++17 (GCC 7-32),1742731825
312060555,Infinite_Loop0406,Increasing Sequence with Fixed OR,OK,C++20 (GCC 13-64),1742728936
312059469,Infinite_Loop0406,Increasing Sequence with Fixed OR,WRONG_ANSWER,C++20 (GCC 13-64),1742728478
312059149,manas59,Make Majority,OK,C++17 (GCC 7-32),1742728333
312058610,manas59,Make Majority,WRONG_ANSWER,C++17 (GCC 7-32),1742728112
312057715,manas59,Make Majority,WRONG_ANSWER,C++17 (GCC 7-32),1742727732
312056304,manas59,Make Majority,WRONG_ANSWER,C++17 (GCC 7-32),1742727152
312055875,manas59,Make Majority,WRONG_ANSWER,C++17 (GCC 7-32),1742726979
312055306,shiocan,The Omnipotent Monster Killer,OK,C++17 (GCC 7-32),1742726731
312053474,Lara_Croft1996_r34,Range Minimum Sum,OK,"C++23 (GCC 14-64, msys2)",1742725954
312053355,Lara_Croft1996_r34,Range Minimum Sum,RUNTIME_ERROR,"C++23 (GCC 14-64, msys2)",1742725898
312053237,Lara_Croft1996_r34,Range Minimum Sum,RUNTIME_ERROR,"C++23 (GCC 14-64, msys2)",1742725851
312053097,MEXanick,Range Minimum Sum,RUNTIME_ERROR,"C++23 (GCC 14-64, msys2)",1742725799
312050690,vivid_stareium,Make Majority,OK,"C++23 (GCC 14-64, msys2)",1742724774
312049942,vivid_stareium,Split the Multiset,OK,"C++23 (GCC 14-64, msys2)",1742724454
312048478,shiocan,The Omnipotent Monster Killer,WRONG_ANSWER,C++17 (GCC 7-32),1742723842
312047619,shiocan,The Omnipotent Monster Killer,WRONG_ANSWER,C++17 (GCC 7-32),1742723508
312047501,nagar007sachin,Increasing Sequence with Fixed OR,OK,C++17 (GCC 7-32),1742723464
312047362,nagar007sachin,Increasing Sequence with Fixed OR,WRONG_ANSWER,C++17 (GCC 7-32),1742723411
312045023,C47KIKI,Increasing Sequence with Fixed OR,OK,"C++23 (GCC 14-64, msys2)",1742722436
312044982,C47KIKI,Increasing Sequence with Fixed OR,TIME_LIMIT_EXCEEDED,"C++23 (GCC 14-64, msys2)",1742722419
312044885,C47KIKI,Increasing Sequence with Fixed OR,TIME_LIMIT_EXCEEDED,"C++23 (GCC 14-64, msys2)",1742722383
312044749,C47KIKI,Increasing Sequence with Fixed OR,TIME_LIMIT_EXCEEDED,"C++23 (GCC 14-64, msys2)",1742722327
312044412,Lara_Croft1996_r34,The Omnipotent Monster Killer,OK,"C++23 (GCC 14-64, msys2)",1742722193
312042667,shiocan,The Omnipotent Monster Killer,WRONG_ANSWER,C++17 (GCC 7-32),1742721493
312041777,MEXanick,The Omnipotent Monster Killer,WRONG_ANSWER,"C++23 (GCC 14-64, msys2)",1742721155
312041653,Lara_Croft1996_r34,The Omnipotent Monster Killer,WRONG_ANSWER,"C++23 (GCC 14-64, msys2)",1742721104
312040208,doomer27,Make Majority,OK,"C++23 (GCC 14-64, msys2)",1742720561
312038100,rahulN29,Make Majority,OK,C++17 (GCC 7-32),1742719840
312037571,Lara_Croft1996_r34,Increasing Sequence with Fixed OR,OK,"C++23 (GCC 14-64, msys2)",1742719653
312037509,Lara_Croft1996_r34,Increasing Sequence with Fixed OR,WRONG_ANSWER,"C++23 (GCC 14-64, msys2)",1742719632
312037256,Lara_Croft1996_r34,Increasing Sequence with Fixed OR,WRONG_ANSWER,"C++23 (GCC 14-64, msys2)",1742719550
312037073,Lara_Croft1996_r34,Increasing Sequence with Fixed OR,WRONG_ANSWER,"C++23 (GCC 14-64, msys2)",1742719489
312036977,Lara_Croft1996_r34,Make Majority,RUNTIME_ERROR,"C++23 (GCC 14-64, msys2)",1742719465
312033286,Lara_Croft1996_r34,Make Majority,OK,"C++23 (GCC 14-64, msys2)",1742717651
312032857,Lara_Croft1996_r34,Split the Multiset,OK,"C++23 (GCC 14-64, msys2)",1742717322
312032587,Lara_Croft1996_r34,Split the Multiset,WRONG_ANSWER,"C++23 (GCC 14-64, msys2)",1742717140
312025737,C47KIKI,Increasing Sequence with Fixed OR,WRONG_ANSWER,"C++23 (GCC 14-64, msys2)",1742716230
312025105,C47KIKI,Increasing Sequence with Fixed OR,WRONG_ANSWER,"C++23 (GCC 14-64, msys2)",1742716133
312024639,C47KIKI,Increasing Sequence with Fixed OR,WRONG_ANSWER,"C++23 (GCC 14-64, msys2)",1742716056
311960486,202401457,Split the Multiset,OK,C++17 (GCC 7-32),1742708212
311958750,202401457,Split the Multiset,WRONG_ANSWER,C++17 (GCC 7-32),1742707298
311958189,202401457,Split the Multiset,WRONG_ANSWER,C++17 (GCC 7-32),1742706982
311937362,__RS__,Increasing Sequence with Fixed OR,OK,C++17 (GCC 7-32),1742684064
311916497,Flash0432,Split the Multiset,OK,C++17 (GCC 7-32),1742671857
311911692,VaibhavRajDwivedi,Split the Multiset,WRONG_ANSWER,"C++23 (GCC 14-64, msys2)",1742669262
311908666,gondaliyaronak78,Make Majority,OK,Java 21,1742667718
311907653,gondaliyaronak78,Make Majority,WRONG_ANSWER,Java 21,1742667228
311907082,-egoist-,Increasing Sequence with Fixed OR,OK,"C++23 (GCC 14-64, msys2)",1742666970
311906984,-egoist-,Increasing Sequence with Fixed OR,WRONG_ANSWER,"C++23 (GCC 14-64, msys2)",1742666927
311839358,Suhani2205,Split the Multiset,OK,C++17 (GCC 7-32),1742656311
311832462,Destined_One,Make Majority,OK,"C++23 (GCC 14-64, msys2)",1742655858
311806353,mohao.zarya,Make Majority,OK,"C++23 (GCC 14-64, msys2)",1742653749
311803971,mohao.zarya,Split the Multiset,OK,"C++23 (GCC 14-64, msys2)",1742652639
311803768,mohao.zarya,Split the Multiset,WRONG_ANSWER,"C++23 (GCC 14-64, msys2)",1742652552
311803669,mohao.zarya,Split the Multiset,WRONG_ANSWER,"C++23 (GCC 14-64, msys2)",1742652510
311803434,Mrqx,Make Majority,OK,"C++23 (GCC 14-64, msys2)",1742652418
311802429,Mrqx,Make Majority,WRONG_ANSWER,"C++23 (GCC 14-64, msys2)",1742651973
311801434,Mrqx,Make Majority,WRONG_ANSWER,"C++23 (GCC 14-64, msys2)",1742651507
311800558,jawhardaoudi,Make Majority,WRONG_ANSWER,"C++23 (GCC 14-64, msys2)",1742651106
311800176,Mrqx,Increasing Sequence with Fixed OR,OK,"C++23 (GCC 14-64, msys2)",1742650933
311799443,Mrqx,Increasing Sequence with Fixed OR,WRONG_ANSWER,"C++23 (GCC 14-64, msys2)",1742650648
311799319,Mrqx,Increasing Sequence with Fixed OR,WRONG_ANSWER,"C++23 (GCC 14-64, msys2)",1742650596
311798362,Mrqx,Increasing Sequence with Fixed OR,WRONG_ANSWER,"C++23 (GCC 14-64, msys2)",1742650200
311797096,xxTaHaxx,Make Majority,WRONG_ANSWER,GNU C11,1742649618
311796828,kotadiyameet173,Increasing Sequence with Fixed OR,OK,C++17 (GCC 7-32),1742649502
311796489,kotadiyameet173,Increasing Sequence with Fixed OR,WRONG_ANSWER,C++17 (GCC 7-32),1742649341
311796218,kotadiyameet173,Increasing Sequence with Fixed OR,WRONG_ANSWER,C++17 (GCC 7-32),1742649223
311795654,kotadiyameet173,Increasing Sequence with Fixed OR,WRONG_ANSWER,C++17 (GCC 7-32),1742648960
311793826,xxTaHaxx,Make Majority,WRONG_ANSWER,GNU C11,1742648034
311793620,xxTaHaxx,Make Majority,RUNTIME_ERROR,GNU C11,1742647919
311793123,anujnarnoli,Make Majority,OK,"C++23 (GCC 14-64, msys2)",1742647649
311792732,xxTaHaxx,Make Majority,RUNTIME_ERROR,GNU C11,1742647425
311786964,ZeoDraxyl,Split the Multiset,OK,C++17 (GCC 7-32),1742644246
311785861,ZeoDraxyl,Split the Multiset,WRONG_ANSWER,C++17 (GCC 7-32),1742643647
311772473,Yyb_04,The Omnipotent Monster Killer,OK,C++20 (GCC 13-64),1742636733
311765866,eric0410,Heartbeat,OK,C++20 (GCC 13-64),1742633729
311764780,aditya.sharma_ug23,Increasing Sequence with Fixed OR,WRONG_ANSWER,C++17 (GCC 7-32),1742633263
311763049,PlayerOM,Increasing Sequence with Fixed OR,OK,"C++23 (GCC 14-64, msys2)",1742632523
311762913,OmkarGaddi,Increasing Sequence with Fixed OR,OK,"C++23 (GCC 14-64, msys2)",1742632468
311762581,eric0410,Heartbeat,TIME_LIMIT_EXCEEDED,C++17 (GCC 7-32),1742632305
311762512,OmkarGaddi,Increasing Sequence with Fixed OR,WRONG_ANSWER,"C++23 (GCC 14-64, msys2)",1742632277
311762339,OmkarGaddi,Increasing Sequence with Fixed OR,WRONG_ANSWER,"C++23 (GCC 14-64, msys2)",1742632196
311746325,alwaysAsk,Make Majority,OK,C++17 (GCC 7-32),1742624970
311741061,hfygrtfrgdtgftgftgdthj,Increasing Sequence with Fixed OR,OK,C++17 (GCC 7-32),1742622294
311738444,jajos,Split the Multiset,TIME_LIMIT_EXCEEDED,PyPy 3-64,1742620681
311738304,jajos,Split the Multiset,TIME_LIMIT_EXCEEDED,PyPy 3-64,1742620598
311738001,jajos,Split the Multiset,TIME_LIMIT_EXCEEDED,PyPy 3-64,1742620405
311737974,EmPeroR97,Split the Multiset,OK,"C++23 (GCC 14-64, msys2)",1742620388
311737770,EmPeroR97,Split the Multiset,WRONG_ANSWER,"C++23 (GCC 14-64, msys2)",1742620250
311737232,hfygrtfrgdtgftgftgdthj,Increasing Sequence with Fixed OR,WRONG_ANSWER,C++17 (GCC 7-32),1742619844
311737128,hfygrtfrgdtgftgftgdthj,Increasing Sequence with Fixed OR,WRONG_ANSWER,C++17 (GCC 7-32),1742619771
311737100,hfygrtfrgdtgftgftgdthj,Increasing Sequence with Fixed OR,WRONG_ANSWER,C++17 (GCC 7-32),1742619751
311737066,jajos,Make Majority,OK,PyPy 3-64,1742619724
311737023,EmPeroR97,Split the Multiset,WRONG_ANSWER,"C++23 (GCC 14-64, msys2)",1742619687
311735519,EmPeroR97,Split the Multiset,WRONG_ANSWER,"C++23 (GCC 14-64, msys2)",1742618739
311735197,5am__Arpit,Increasing Sequence with Fixed OR,OK,C++20 (GCC 13-64),1742618484
311735157,balabala666,Split the Multiset,OK,C++17 (GCC 7-32),1742618448
311734299,Mohammed_Rabei,Increasing Sequence with Fixed OR,OK,"C++23 (GCC 14-64, msys2)",1742617560
311731496,zfqyyyyy,Increasing Sequence with Fixed OR,OK,PyPy 3-64,1742614512
311713601,konika07,Make Majority,WRONG_ANSWER,C++20 (GCC 13-64),1742591452
311713103,konika07,Make Majority,WRONG_ANSWER,C++20 (GCC 13-64),1742591105
311709941,konika07,Make Majority,WRONG_ANSWER,C++20 (GCC 13-64),1742589242
311708656,konika07,Make Majority,WRONG_ANSWER,C++20 (GCC 13-64),1742588397
311708012,Bruce_wayne24,Make Majority,OK,"C++23 (GCC 14-64, msys2)",1742588011
311706980,Junaed99,Make Majority,OK,C++17 (GCC 7-32),1742587393
311706687,Paradox404,Make Majority,OK,C++17 (GCC 7-32),1742587202
311706418,Bruce_wayne24,Make Majority,WRONG_ANSWER,"C++23 (GCC 14-64, msys2)",1742587046
311706163,Bruce_wayne24,Make Majority,WRONG_ANSWER,"C++23 (GCC 14-64, msys2)",1742586891
311705438,Bruce_wayne24,Make Majority,WRONG_ANSWER,"C++23 (GCC 14-64, msys2)",1742586442
311705310,konika07,Make Majority,WRONG_ANSWER,C++20 (GCC 13-64),1742586352
311704889,Haidara_GTR,Split the Multiset,OK,C++17 (GCC 7-32),1742586106
311704548,__abbu__,Increasing Sequence with Fixed OR,OK,"C++23 (GCC 14-64, msys2)",1742585896
311704305,Haidara_GTR,Split the Multiset,WRONG_ANSWER,C++17 (GCC 7-32),1742585756
311704259,__abbu__,Increasing Sequence with Fixed OR,WRONG_ANSWER,"C++23 (GCC 14-64, msys2)",1742585716
311704111,__abbu__,Increasing Sequence with Fixed OR,WRONG_ANSWER,"C++23 (GCC 14-64, msys2)",1742585613
311704029,__abbu__,Increasing Sequence with Fixed OR,WRONG_ANSWER,"C++23 (GCC 14-64, msys2)",1742585556
311703947,__abbu__,Increasing Sequence with Fixed OR,WRONG_ANSWER,"C++23 (GCC 14-64, msys2)",1742585503
311703613,Haidara_GTR,Split the Multiset,WRONG_ANSWER,C++17 (GCC 7-32),1742585276
311702293,Haidara_GTR,Make Majority,OK,C++17 (GCC 7-32),1742584455
311702056,Haidara_GTR,Make Majority,WRONG_ANSWER,C++17 (GCC 7-32),1742584315
311701555,Haidara_GTR,Make Majority,WRONG_ANSWER,C++17 (GCC 7-32),1742583988
311701334,Haidara_GTR,Make Majority,WRONG_ANSWER,C++17 (GCC 7-32),1742583863
311701206,Haidara_GTR,Make Majority,WRONG_ANSWER,C++17 (GCC 7-32),1742583775
311699769,ShubhamKumar29,Increasing Sequence with Fixed OR,OK,C++17 (GCC 7-32),1742582891
311699716,Shu-ham29,Increasing Sequence with Fixed OR,OK,C++20 (GCC 13-64),1742582860
311698554,Junaed99,Split the Multiset,OK,C++17 (GCC 7-32),1742582161
311698418,Paradox404,Split the Multiset,OK,C++17 (GCC 7-32),1742582074
311698317,Shu-ham29,Increasing Sequence with Fixed OR,WRONG_ANSWER,C++20 (GCC 13-64),1742582014
311697692,Shu-ham29,Increasing Sequence with Fixed OR,WRONG_ANSWER,C++20 (GCC 13-64),1742581663
311697569,Shu-ham29,Increasing Sequence with Fixed OR,WRONG_ANSWER,C++20 (GCC 13-64),1742581605
311697147,Shu-ham29,Increasing Sequence with Fixed OR,WRONG_ANSWER,C++20 (GCC 13-64),1742581386
311696931,Shu-ham29,Increasing Sequence with Fixed OR,TIME_LIMIT_EXCEEDED,C++20 (GCC 13-64),1742581292
311696374,Shu-ham29,Increasing Sequence with Fixed OR,WRONG_ANSWER,C++20 (GCC 13-64),1742580982
311695848,Shu-ham29,Increasing Sequence with Fixed OR,WRONG_ANSWER,C++20 (GCC 13-64),1742580688
311693473,Taimur_sakib,Split the Multiset,OK,C++17 (GCC 7-32),1742579465
311692123,ashuy.1303,Make Majority,OK,C++17 (GCC 7-32),1742578725
311691365,Taimur_sakib,Split the Multiset,WRONG_ANSWER,C++17 (GCC 7-32),1742578348
311690715,Ayush_ag,The Omnipotent Monster Killer,OK,C++17 (GCC 7-32),1742578006
311689564,Taimur_sakib,Make Majority,OK,C++17 (GCC 7-32),1742577441
311687251,ZeoDraxyl,Make Majority,OK,C++17 (GCC 7-32),1742576185
311686597,ZeoDraxyl,Make Majority,WRONG_ANSWER,C++17 (GCC 7-32),1742575857
311685919,kaizen_01,Make Majority,OK,C++20 (GCC 13-64),1742575483
311684575,kaizen_01,Make Majority,WRONG_ANSWER,C++20 (GCC 13-64),1742574718
311684390,kaizen_01,Make Majority,WRONG_ANSWER,C++20 (GCC 13-64),1742574611
311683473,kaizen_01,Make Majority,WRONG_ANSWER,C++20 (GCC 13-64),1742574184
311683238,kaizen_01,Make Majority,COMPILATION_ERROR,C++20 (GCC 13-64),1742574072
311683045,kaizen_01,Make Majority,WRONG_ANSWER,C++20 (GCC 13-64),1742573988
311682757,kaizen_01,Make Majority,WRONG_ANSWER,C++20 (GCC 13-64),1742573847
311681933,marufhussain745,Increasing Sequence with Fixed OR,OK,"C++23 (GCC 14-64, msys2)",1742573471
311681879,kaizen_01,Make Majority,WRONG_ANSWER,C++20 (GCC 13-64),1742573435
311680937,marufhussain745,Increasing Sequence with Fixed OR,WRONG_ANSWER,"C++23 (GCC 14-64, msys2)",1742572896
311680581,kaizen_01,Make Majority,WRONG_ANSWER,C++20 (GCC 13-64),1742572722
311680166,kaizen_01,Make Majority,WRONG_ANSWER,C++20 (GCC 13-64),1742572545
311679986,kaizen_01,Make Majority,WRONG_ANSWER,C++20 (GCC 13-64),1742572468
311679779,kaizen_01,Make Majority,WRONG_ANSWER,C++20 (GCC 13-64),1742572375
311679569,kaizen_01,Make Majority,WRONG_ANSWER,C++20 (GCC 13-64),1742572294
311679486,kaizen_01,Make Majority,COMPILATION_ERROR,C++20 (GCC 13-64),1742572265
311679347,kaizen_01,Make Majority,COMPILATION_ERROR,C++20 (GCC 13-64),1742572210
311679038,kaizen_01,Make Majority,WRONG_ANSWER,C++20 (GCC 13-64),1742572090
311672748,Tarek_Ware,Increasing Sequence with Fixed OR,OK,C++17 (GCC 7-32),1742569412
311672604,Tarek_Ware,Increasing Sequence with Fixed OR,WRONG_ANSWER,C++17 (GCC 7-32),1742569353
311672502,Tarek_Ware,Increasing Sequence with Fixed OR,WRONG_ANSWER,C++17 (GCC 7-32),1742569301
311669082,SamarMahfooz,Split the Multiset,WRONG_ANSWER,"C++23 (GCC 14-64, msys2)",1742567778
311668246,Tarek_Ware,Increasing Sequence with Fixed OR,OK,C++17 (GCC 7-32),1742567384
311666453,marufhussain745,Increasing Sequence with Fixed OR,RUNTIME_ERROR,"C++23 (GCC 14-64, msys2)",1742566545
311665751,Tarek_Ware,Increasing Sequence with Fixed OR,TIME_LIMIT_EXCEEDED,C++17 (GCC 7-32),1742566231
311665576,Tarek_Ware,Increasing Sequence with Fixed OR,WRONG_ANSWER,C++17 (GCC 7-32),1742566152
311662149,cpnoob999,Split the Multiset,OK,Java 8,1742564700
311661016,Burleque,Split the Multiset,OK,PyPy 3-64,1742564241
311659899,shanto33,Split the Multiset,OK,C++17 (GCC 7-32),1742563802
311659782,shanto33,Make Majority,TIME_LIMIT_EXCEEDED,C++17 (GCC 7-32),1742563758
311658787,qianshuln,The Omnipotent Monster Killer,OK,C++20 (GCC 13-64),1742563266
311656536,RadientRaven,Increasing Sequence with Fixed OR,RUNTIME_ERROR,PyPy 3-64,1742561838
311656360,RadientRaven,Increasing Sequence with Fixed OR,OK,PyPy 3-64,1742561739
311656231,kaizen_01,Make Majority,WRONG_ANSWER,C++20 (GCC 13-64),1742561665
311649993,RadientRaven,Make Majority,OK,PyPy 3-64,1742558681
311649931,RadientRaven,Make Majority,WRONG_ANSWER,PyPy 3-64,1742558647
311648691,RadientRaven,Make Majority,WRONG_ANSWER,PyPy 3-64,1742558070
311648431,RadientRaven,Make Majority,WRONG_ANSWER,PyPy 3-64,1742557957
311648198,RadientRaven,Make Majority,WRONG_ANSWER,PyPy 3-64,1742557856
311646966,pranabmishra2602,Increasing Sequence with Fixed OR,OK,C++17 (GCC 7-32),1742557317
311646810,EatClenTrenHard,Make Majority,OK,C++20 (GCC 13-64),1742557247
311646472,pranabmishra2602,Increasing Sequence with Fixed OR,WRONG_ANSWER,C++17 (GCC 7-32),1742557093
311645636,Amangely.Balausa,Split the Multiset,WRONG_ANSWER,PyPy 3-64,1742556690
311645390,RadientRaven,Split the Multiset,OK,PyPy 3-64,1742556543
311645019,Amangely.Balausa,Split the Multiset,WRONG_ANSWER,PyPy 3-64,1742556361
311644679,Amangely.Balausa,Split the Multiset,WRONG_ANSWER,PyPy 3-64,1742556206
311639624,cpnoob999,Split the Multiset,WRONG_ANSWER,Java 8,1742553576
311639083,cpnoob999,Split the Multiset,WRONG_ANSWER,Java 8,1742553245
311635662,jdsb06,Make Majority,OK,"C++23 (GCC 14-64, msys2)",1742551260
311635073,jdsb06,Make Majority,WRONG_ANSWER,"C++23 (GCC 14-64, msys2)",1742550916
311634830,Prabhatkrdprr24,Split the Multiset,OK,"C++23 (GCC 14-64, msys2)",1742550763
311633671,Prabhatkrdprr24,Split the Multiset,OK,"C++23 (GCC 14-64, msys2)",1742550092
311633008,Prabhatkrdprr24,Split the Multiset,WRONG_ANSWER,"C++23 (GCC 14-64, msys2)",1742549661
311632640,Prabhatkrdprr24,Split the Multiset,WRONG_ANSWER,"C++23 (GCC 14-64, msys2)",1742549403
311631484,_Palestine_,Make Majority,OK,C++17 (GCC 7-32),1742548451
311629418,zzuqy,The Omnipotent Monster Killer,OK,C++17 (GCC 7-32),1742544517
311628993,zzuqy,The Omnipotent Monster Killer,WRONG_ANSWER,C++17 (GCC 7-32),1742544238
311628537,zzuqy,The Omnipotent Monster Killer,WRONG_ANSWER,C++17 (GCC 7-32),1742543954
311628472,zzuqy,The Omnipotent Monster Killer,RUNTIME_ERROR,C++17 (GCC 7-32),1742543914
311626200,qianshuln,Increasing Sequence with Fixed OR,OK,C++20 (GCC 13-64),1742542245
311626160,qianshuln,Increasing Sequence with Fixed OR,WRONG_ANSWER,C++20 (GCC 13-64),1742542220
311626085,qianshuln,Increasing Sequence with Fixed OR,OK,C++20 (GCC 13-64),1742542168
311626063,qianshuln,Increasing Sequence with Fixed OR,WRONG_ANSWER,C++20 (GCC 13-64),1742542155
311626008,qianshuln,Increasing Sequence with Fixed OR,WRONG_ANSWER,C++20 (GCC 13-64),1742542110
311625965,qianshuln,Increasing Sequence with Fixed OR,WRONG_ANSWER,C++20 (GCC 13-64),1742542082
311625793,qianshuln,Increasing Sequence with Fixed OR,OK,C++20 (GCC 13-64),1742541962
311625130,qianshuln,Increasing Sequence with Fixed OR,WRONG_ANSWER,C++20 (GCC 13-64),1742541462
311624635,qianshuln,Increasing Sequence with Fixed OR,WRONG_ANSWER,C++20 (GCC 13-64),1742541121
311624294,qianshuln,Increasing Sequence with Fixed OR,WRONG_ANSWER,C++20 (GCC 13-64),1742540899
311623356,Prabhatkrdprr24,Make Majority,OK,"C++23 (GCC 14-64, msys2)",1742540274
311622357,qianshuln,Increasing Sequence with Fixed OR,WRONG_ANSWER,C++20 (GCC 13-64),1742539563
311620695,_YHL,Split the Multiset,OK,C++17 (GCC 7-32),1742538477
311620644,qianshuln,Make Majority,OK,C++20 (GCC 13-64),1742538439
311619749,qianshuln,Split the Multiset,OK,C++20 (GCC 13-64),1742537843
311616796,AdamRh,Make Majority,OK,PyPy 3-64,1742535423
311616302,AdamRh,Split the Multiset,OK,PyPy 3-64,1742534988
311611833,ommehta16,Increasing Sequence with Fixed OR,OK,C++17 (GCC 7-32),1742530630
311609339,Milkcat2009,Range Minimum Sum,OK,C++20 (GCC 13-64),1742527928
311606076,UltraMad,Make Majority,OK,"C++23 (GCC 14-64, msys2)",1742524052
311600732,502BadGateway,Make Majority,OK,PyPy 3-64,1742515553
311598639,-DONNIE-,Make Majority,OK,C++17 (GCC 7-32),1742512316
311597715,ber4awi,Increasing Sequence with Fixed OR,OK,"C++23 (GCC 14-64, msys2)",1742510992
311597681,ber4awi,Increasing Sequence with Fixed OR,WRONG_ANSWER,"C++23 (GCC 14-64, msys2)",1742510952
311593369,Haidara_GTR,Make Majority,WRONG_ANSWER,C++17 (GCC 7-32),1742506166
311591162,Haidara_GTR,Make Majority,WRONG_ANSWER,C++17 (GCC 7-32),1742504436
311590822,Rami___________________,Make Majority,OK,C++17 (GCC 7-32),1742504213
311574721,yoda_daddy,Make Majority,OK,C++17 (GCC 7-32),1742494705
311571016,KenanEhmed,Increasing Sequence with Fixed OR,OK,C++17 (GCC 7-32),1742492830
311570453,fini_keksi,Increasing Sequence with Fixed OR,OK,"C++23 (GCC 14-64, msys2)",1742492563
311570424,paritoshsharma2020,Make Majority,OK,PyPy 3-64,1742492548
311566610,Ganesh_iiit,Increasing Sequence with Fixed OR,OK,Java 21,1742490763
311565403,harsshukla,Split the Multiset,OK,C++20 (GCC 13-64),1742490201
311564400,howler692,Make Majority,OK,"C++23 (GCC 14-64, msys2)",1742489725
311564166,yoda_daddy,Make Majority,WRONG_ANSWER,C++17 (GCC 7-32),1742489616
311563478,1G1U4E5S1T4,Range Minimum Sum,OK,"C++23 (GCC 14-64, msys2)",1742489299
311562795,yoda_daddy,Make Majority,WRONG_ANSWER,C++17 (GCC 7-32),1742488973
311561744,1G1U4E5S1T4,Range Minimum Sum,WRONG_ANSWER,"C++23 (GCC 14-64, msys2)",1742488499
311559803,howler692,Split the Multiset,OK,"C++23 (GCC 14-64, msys2)",1742487666
311559073,1G1U4E5S1T4,The Omnipotent Monster Killer,OK,"C++23 (GCC 14-64, msys2)",1742487331
311558979,howler692,Split the Multiset,WRONG_ANSWER,"C++23 (GCC 14-64, msys2)",1742487288
311558615,BrotherCall,Increasing Sequence with Fixed OR,OK,C++20 (GCC 13-64),1742487127
311558282,KisuraOP,The Omnipotent Monster Killer,OK,C++20 (GCC 13-64),1742486983
311555056,1G1U4E5S1T4,Increasing Sequence with Fixed OR,OK,"C++23 (GCC 14-64, msys2)",1742485574
311554580,KisuraOP,Range Minimum Sum,OK,C++20 (GCC 13-64),1742485376
311554516,Drakkon,The Omnipotent Monster Killer,OK,C++20 (GCC 13-64),1742485352
311554216,Drakkon,The Omnipotent Monster Killer,OK,"C++23 (GCC 14-64, msys2)",1742485223
311553816,Hoga909,The Omnipotent Monster Killer,OK,PyPy 3-64,1742485039
311553607,Drakkon,The Omnipotent Monster Killer,OK,"C++23 (GCC 14-64, msys2)",1742484935
311553344,Drakkon,The Omnipotent Monster Killer,TIME_LIMIT_EXCEEDED,"C++23 (GCC 14-64, msys2)",1742484817
311552853,Drakkon,The Omnipotent Monster Killer,OK,"C++23 (GCC 14-64, msys2)",1742484585
311552831,Hoga909,The Omnipotent Monster Killer,OK,PyPy 3-64,1742484572
311552786,Hoga909,The Omnipotent Monster Killer,RUNTIME_ERROR,PyPy 3-64,1742484553
311552378,Drakkon,The Omnipotent Monster Killer,TIME_LIMIT_EXCEEDED,"C++23 (GCC 14-64, msys2)",1742484360
311552305,Drakkon,The Omnipotent Monster Killer,WRONG_ANSWER,"C++23 (GCC 14-64, msys2)",1742484330
311552251,Hoga909,The Omnipotent Monster Killer,RUNTIME_ERROR,PyPy 3-64,1742484306
311552085,Hoga909,The Omnipotent Monster Killer,OK,PyPy 3-64,1742484227
311552028,Hoga909,The Omnipotent Monster Killer,TIME_LIMIT_EXCEEDED,Python 3,1742484202
311551906,Drakkon,The Omnipotent Monster Killer,TIME_LIMIT_EXCEEDED,"C++23 (GCC 14-64, msys2)",1742484143
311551802,1G1U4E5S1T4,Make Majority,OK,"C++23 (GCC 14-64, msys2)",1742484103
311551472,Drakkon,The Omnipotent Monster Killer,OK,"C++23 (GCC 14-64, msys2)",1742483963
311551401,Drakkon,The Omnipotent Monster Killer,WRONG_ANSWER,"C++23 (GCC 14-64, msys2)",1742483933
311551341,1G1U4E5S1T4,Split the Multiset,OK,"C++23 (GCC 14-64, msys2)",1742483908
311551300,Drakkon,The Omnipotent Monster Killer,WRONG_ANSWER,"C++23 (GCC 14-64, msys2)",1742483891
311551228,Drakkon,The Omnipotent Monster Killer,TIME_LIMIT_EXCEEDED,"C++23 (GCC 14-64, msys2)",1742483856
311551035,Drakkon,The Omnipotent Monster Killer,TIME_LIMIT_EXCEEDED,C++20 (GCC 13-64),1742483760
311550812,Hoga909,The Omnipotent Monster Killer,RUNTIME_ERROR,Python 3,1742483656
311550482,Hoga909,The Omnipotent Monster Killer,RUNTIME_ERROR,Python 3,1742483509
311547552,1G1U4E5S1T4,Split the Multiset,WRONG_ANSWER,"C++23 (GCC 14-64, msys2)",1742482262
311547474,1G1U4E5S1T4,Split the Multiset,WRONG_ANSWER,"C++23 (GCC 14-64, msys2)",1742482231
311547157,1G1U4E5S1T4,Split the Multiset,WRONG_ANSWER,"C++23 (GCC 14-64, msys2)",1742482106
311546847,Hoga909,The Omnipotent Monster Killer,TIME_LIMIT_EXCEEDED,Python 3,1742481980
311546832,1G1U4E5S1T4,Split the Multiset,WRONG_ANSWER,"C++23 (GCC 14-64, msys2)",1742481977
311545869,Hoga909,The Omnipotent Monster Killer,WRONG_ANSWER,Python 3,1742481570
311544953,Hoga909,The Omnipotent Monster Killer,TIME_LIMIT_EXCEEDED,Python 3,1742481175
311544417,AlgoAlchemist,Make Majority,OK,C++20 (GCC 13-64),1742480951
311542115,Shred_Arif,Increasing Sequence with Fixed OR,OK,C++20 (GCC 13-64),1742480000
311541984,Shred_Arif,Increasing Sequence with Fixed OR,WRONG_ANSWER,C++20 (GCC 13-64),1742479949
311534003,fatima_adiga,Increasing Sequence with Fixed OR,OK,C++20 (GCC 13-64),1742476492
311532630,admouse,Make Majority,OK,PyPy 3-64,1742475910
311524065,meow25,Increasing Sequence with Fixed OR,OK,"C++23 (GCC 14-64, msys2)",1742471924
311523944,meow25,Increasing Sequence with Fixed OR,COMPILATION_ERROR,"C++23 (GCC 14-64, msys2)",1742471872
311523813,meow25,Increasing Sequence with Fixed OR,WRONG_ANSWER,"C++23 (GCC 14-64, msys2)",1742471820
311522923,kayS,Make Majority,OK,C++20 (GCC 13-64),1742471417
311518024,fatima_adiga,Increasing Sequence with Fixed OR,WRONG_ANSWER,C++20 (GCC 13-64),1742469324
311514501,fatima_adiga,Increasing Sequence with Fixed OR,WRONG_ANSWER,C++20 (GCC 13-64),1742467638
311514100,fatima_adiga,Increasing Sequence with Fixed OR,WRONG_ANSWER,C++20 (GCC 13-64),1742467432
311513342,fatima_adiga,Increasing Sequence with Fixed OR,WRONG_ANSWER,C++20 (GCC 13-64),1742467045
311511641,fatima_adiga,Increasing Sequence with Fixed OR,WRONG_ANSWER,C++20 (GCC 13-64),1742466122
311511449,fatima_adiga,Increasing Sequence with Fixed OR,WRONG_ANSWER,C++17 (GCC 7-32),1742466032
311511068,fatima_adiga,Increasing Sequence with Fixed OR,WRONG_ANSWER,C++17 (GCC 7-32),1742465815
311510953,fatima_adiga,Increasing Sequence with Fixed OR,WRONG_ANSWER,C++17 (GCC 7-32),1742465752
311510403,fatima_adiga,Increasing Sequence with Fixed OR,WRONG_ANSWER,C++17 (GCC 7-32),1742465458
311509857,Tech_Explorer,Increasing Sequence with Fixed OR,OK,C++20 (GCC 13-64),1742465141
311509747,Tech_Explorer,Increasing Sequence with Fixed OR,COMPILATION_ERROR,C++20 (GCC 13-64),1742465075
311509402,fatima_adiga,Increasing Sequence with Fixed OR,WRONG_ANSWER,C++17 (GCC 7-32),1742464884
311508756,fatima_adiga,Increasing Sequence with Fixed OR,WRONG_ANSWER,C++17 (GCC 7-32),1742464521
311499126,SoGoodPerson,Increasing Sequence with Fixed OR,OK,C++17 (GCC 7-32),1742459275
311498787,SoGoodPerson,Increasing Sequence with Fixed OR,WRONG_ANSWER,C++17 (GCC 7-32),1742459078
311498555,SoGoodPerson,Increasing Sequence with Fixed OR,WRONG_ANSWER,C++17 (GCC 7-32),1742458950
311498154,SoGoodPerson,Increasing Sequence with Fixed OR,WRONG_ANSWER,C++17 (GCC 7-32),1742458719
311496093,SoGoodPerson,Increasing Sequence with Fixed OR,WRONG_ANSWER,C++17 (GCC 7-32),1742457481
311488977,Aka_sh_,Split the Multiset,OK,"C++23 (GCC 14-64, msys2)",1742453330
311487697,Aka_sh_,Make Majority,OK,"C++23 (GCC 14-64, msys2)",1742452571
311487348,muntazirali,Make Majority,OK,C++20 (GCC 13-64),1742452345
311486872,AlgoAlchemist,Make Majority,WRONG_ANSWER,C++20 (GCC 13-64),1742452052
311486514,Aka_sh_,Make Majority,OK,"C++23 (GCC 14-64, msys2)",1742451835
311481804,Pramod67,Make Majority,OK,Java 21,1742448488
311478055,AlgoAlchemist,Split the Multiset,OK,C++20 (GCC 13-64),1742445483
311469463,gshahrouzi,Make Majority,OK,C++20 (GCC 13-64),1742436169
311469355,gshahrouzi,Make Majority,WRONG_ANSWER,C++20 (GCC 13-64),1742436024
311469282,gshahrouzi,Make Majority,WRONG_ANSWER,C++20 (GCC 13-64),1742435928
311468770,gshahrouzi,Make Majority,WRONG_ANSWER,C++20 (GCC 13-64),1742435150
311468744,gshahrouzi,Make Majority,WRONG_ANSWER,C++20 (GCC 13-64),1742435109
311452134,akkafakka,Split the Multiset,OK,"C++23 (GCC 14-64, msys2)",1742412286
311451888,akkafakka,Make Majority,OK,"C++23 (GCC 14-64, msys2)",1742412122
311451647,akkafakka,Increasing Sequence with Fixed OR,OK,"C++23 (GCC 14-64, msys2)",1742411966
311451528,akkafakka,Increasing Sequence with Fixed OR,WRONG_ANSWER,"C++23 (GCC 14-64, msys2)",1742411900
311451141,akkafakka,Range Minimum Sum,OK,"C++23 (GCC 14-64, msys2)",1742411650
311451041,akkafakka,Range Minimum Sum,OK,"C++23 (GCC 14-64, msys2)",1742411592
311450098,namish--shankar,Make Majority,OK,C++17 (GCC 7-32),1742411012
311447593,sethiyaharshal,Increasing Sequence with Fixed OR,OK,C++17 (GCC 7-32),1742409472
311447353,sharique2004,Increasing Sequence with Fixed OR,OK,C++17 (GCC 7-32),1742409327
311447237,sethiyaharshal,Increasing Sequence with Fixed OR,WRONG_ANSWER,C++17 (GCC 7-32),1742409260
311446961,sharique2004,Increasing Sequence with Fixed OR,OK,C++17 (GCC 7-32),1742409094
311446125,sharique2004,Increasing Sequence with Fixed OR,WRONG_ANSWER,C++17 (GCC 7-32),1742408607
311445698,sharique2004,Increasing Sequence with Fixed OR,WRONG_ANSWER,C++17 (GCC 7-32),1742408377
311445481,sharique2004,Increasing Sequence with Fixed OR,WRONG_ANSWER,C++17 (GCC 7-32),1742408262
311445251,sharique2004,Increasing Sequence with Fixed OR,WRONG_ANSWER,C++17 (GCC 7-32),1742408147
311444932,sharique2004,Increasing Sequence with Fixed OR,WRONG_ANSWER,C++17 (GCC 7-32),1742407980
311444198,sandeshkarmare,Split the Multiset,OK,C++20 (GCC 13-64),1742407597
311441538,akkafakka,The Omnipotent Monster Killer,OK,"C++23 (GCC 14-64, msys2)",1742406269
311441413,akkafakka,The Omnipotent Monster Killer,TIME_LIMIT_EXCEEDED,"C++23 (GCC 14-64, msys2)",1742406206
311431530,angryshark,The Omnipotent Monster Killer,OK,C++17 (GCC 7-32),1742401380
311430896,angryshark,The Omnipotent Monster Killer,WRONG_ANSWER,C++17 (GCC 7-32),1742401050
311428311,Iktear,Make Majority,OK,C++20 (GCC 13-64),1742399658
311426754,Gabbar365,Split the Multiset,OK,C++20 (GCC 13-64),1742398838
311425359,manas59,Split the Multiset,OK,C++17 (GCC 7-32),1742398090
311424594,manas59,Split the Multiset,WRONG_ANSWER,C++17 (GCC 7-32),1742397688
311423652,manas59,Split the Multiset,WRONG_ANSWER,C++17 (GCC 7-32),1742397200
311423581,manas59,Split the Multiset,COMPILATION_ERROR,C++17 (GCC 7-32),1742397165
311422631,manas59,Split the Multiset,WRONG_ANSWER,C++17 (GCC 7-32),1742396641
311422538,Mahtab_here,Increasing Sequence with Fixed OR,WRONG_ANSWER,C++17 (GCC 7-32),1742396599
311422125,Mahtab_here,Increasing Sequence with Fixed OR,WRONG_ANSWER,C++17 (GCC 7-32),1742396390
311421485,mandiskind,Make Majority,OK,C++17 (GCC 7-32),1742396068
311417927,yoii18,Split the Multiset,OK,PyPy 3-64,1742394340
311414922,Mahtab_here,Make Majority,OK,C++17 (GCC 7-32),1742392989
311414624,Mahtab_here,Make Majority,WRONG_ANSWER,C++17 (GCC 7-32),1742392852
311414246,Mahtab_here,Make Majority,WRONG_ANSWER,C++17 (GCC 7-32),1742392707
311409577,dhruvbansal_thapar,Increasing Sequence with Fixed OR,OK,C++17 (GCC 7-32),1742390723
311409133,dhruvbansal_thapar,Increasing Sequence with Fixed OR,WRONG_ANSWER,C++17 (GCC 7-32),1742390535
311408914,dhruvbansal_thapar,Increasing Sequence with Fixed OR,WRONG_ANSWER,C++17 (GCC 7-32),1742390450
311408577,sad12,Make Majority,OK,"C++23 (GCC 14-64, msys2)",1742390312
311408261,lawragatidu,Split the Multiset,OK,C++17 (GCC 7-32),1742390181
311402261,lawragatidu,Make Majority,OK,PyPy 3-64,1742387833
311401830,lawragatidu,Make Majority,TIME_LIMIT_EXCEEDED,PyPy 3-64,1742387650
311387369,chenao0000,Make Majority,OK,"C++23 (GCC 14-64, msys2)",1742380559
311381483,vks_1210,Split the Multiset,WRONG_ANSWER,C++20 (GCC 13-64),1742377347
311381285,vks_1210,Split the Multiset,WRONG_ANSWER,C++20 (GCC 13-64),1742377250
311380864,vks_1210,Split the Multiset,WRONG_ANSWER,C++20 (GCC 13-64),1742377024
311380472,vks_1210,Split the Multiset,WRONG_ANSWER,C++20 (GCC 13-64),1742376819
311380064,vks_1210,Split the Multiset,TIME_LIMIT_EXCEEDED,C++20 (GCC 13-64),1742376591
311379934,givemeajob,Increasing Sequence with Fixed OR,WRONG_ANSWER,C++20 (GCC 13-64),1742376537
311379553,givemeajob,Increasing Sequence with Fixed OR,WRONG_ANSWER,C++20 (GCC 13-64),1742376339
311379259,givemeajob,Increasing Sequence with Fixed OR,WRONG_ANSWER,C++20 (GCC 13-64),1742376181
311379048,Xujj,The Omnipotent Monster Killer,OK,"C++23 (GCC 14-64, msys2)",1742376065
311377659,warlordd,Split the Multiset,OK,"C++23 (GCC 14-64, msys2)",1742375347
311377050,Xujj,The Omnipotent Monster Killer,WRONG_ANSWER,"C++23 (GCC 14-64, msys2)",1742375028
311376514,givemeajob,Make Majority,WRONG_ANSWER,C++20 (GCC 13-64),1742374737
311376125,warlordd,Split the Multiset,WRONG_ANSWER,"C++23 (GCC 14-64, msys2)",1742374535
311375919,warlordd,Split the Multiset,WRONG_ANSWER,"C++23 (GCC 14-64, msys2)",1742374420
311375289,warlordd,Split the Multiset,WRONG_ANSWER,"C++23 (GCC 14-64, msys2)",1742374106
311373866,caterpillow,The Omnipotent Monster Killer,OK,C++17 (GCC 7-32),1742373373
311373710,givemeajob,Split the Multiset,OK,C++20 (GCC 13-64),1742373292
311373594,Iam_BJ,Increasing Sequence with Fixed OR,OK,"C++23 (GCC 14-64, msys2)",1742373223
311373009,sztcodeforces,Range Minimum Sum,OK,C++20 (GCC 13-64),1742372914
311372191,Xujj,Increasing Sequence with Fixed OR,OK,"C++23 (GCC 14-64, msys2)",1742372452
311371936,Mokshu_ISM,Increasing Sequence with Fixed OR,OK,"C++23 (GCC 14-64, msys2)",1742372325
311371838,subham_3009,Increasing Sequence with Fixed OR,OK,Python 3,1742372269
311371790,Mokshu_ISM,Increasing Sequence with Fixed OR,WRONG_ANSWER,"C++23 (GCC 14-64, msys2)",1742372240
311371645,subham_3009,Increasing Sequence with Fixed OR,WRONG_ANSWER,Python 3,1742372170
311371527,Mokshu_ISM,Increasing Sequence with Fixed OR,WRONG_ANSWER,"C++23 (GCC 14-64, msys2)",1742372112
311370990,Mokshu_ISM,Increasing Sequence with Fixed OR,WRONG_ANSWER,"C++23 (GCC 14-64, msys2)",1742371828
311370567,Xujj,Make Majority,OK,"C++23 (GCC 14-64, msys2)",1742371577
311370033,Xujj,Split the Multiset,OK,"C++23 (GCC 14-64, msys2)",1742371268
311364834,Davud_Thinkz1,Make Majority,OK,C++20 (GCC 13-64),1742368278
311363318,subham_3009,Make Majority,OK,Python 3,1742367441
311361954,Rana_Azka,Make Majority,OK,C++20 (GCC 13-64),1742366661
311361504,shashank.shekhar0331,Make Majority,WRONG_ANSWER,Java 21,1742366406
311361145,shashank.shekhar0331,Make Majority,WRONG_ANSWER,Java 21,1742366214
311360726,shashank.shekhar0331,Make Majority,WRONG_ANSWER,Python 3,1742365981
311360484,shashank.shekhar0331,Make Majority,WRONG_ANSWER,Java 21,1742365839
311360208,shashank.shekhar0331,Make Majority,WRONG_ANSWER,Java 21,1742365687
311359839,shashank.shekhar0331,Make Majority,WRONG_ANSWER,Java 21,1742365494
311359593,shashank.shekhar0331,Make Majority,WRONG_ANSWER,Java 21,1742365346
311359218,shashank.shekhar0331,Make Majority,WRONG_ANSWER,Java 21,1742365118
311354514,anuragkr24,Increasing Sequence with Fixed OR,OK,C++17 (GCC 7-32),1742361693
311351408,jigyasu_kalyan,Increasing Sequence with Fixed OR,OK,"C++23 (GCC 14-64, msys2)",1742359188
311351233,jigyasu_kalyan,Increasing Sequence with Fixed OR,WRONG_ANSWER,"C++23 (GCC 14-64, msys2)",1742359038
311345788,alla_sak,Make Majority,OK,"C++23 (GCC 14-64, msys2)",1742353512
311345229,alla_sak,Make Majority,WRONG_ANSWER,"C++23 (GCC 14-64, msys2)",1742352828
311344853,anuragkr24,Increasing Sequence with Fixed OR,WRONG_ANSWER,C++17 (GCC 7-32),1742352423
311344333,anuragkr24,Increasing Sequence with Fixed OR,WRONG_ANSWER,C++17 (GCC 7-32),1742351847
311343810,anuragkr24,Increasing Sequence with Fixed OR,WRONG_ANSWER,C++17 (GCC 7-32),1742351314
311341857,RapidRise,Make Majority,OK,C++20 (GCC 13-64),1742348910
311328848,ritchie_s,Make Majority,OK,"C++23 (GCC 14-64, msys2)",1742332125
311328505,AdamRh,Increasing Sequence with Fixed OR,OK,PyPy 3-64,1742331795
311328331,AdamRh,Increasing Sequence with Fixed OR,WRONG_ANSWER,PyPy 3-64,1742331634
311328242,AdamRh,Increasing Sequence with Fixed OR,WRONG_ANSWER,PyPy 3-64,1742331567
311326648,thercstk,Make Majority,WRONG_ANSWER,C++17 (GCC 7-32),1742330298
311326312,thercstk,Make Majority,WRONG_ANSWER,C++17 (GCC 7-32),1742330024
311326106,thercstk,Make Majority,WRONG_ANSWER,C++17 (GCC 7-32),1742329867
311325770,thercstk,Make Majority,WRONG_ANSWER,C++17 (GCC 7-32),1742329611
311323526,thercstk,Make Majority,WRONG_ANSWER,C++17 (GCC 7-32),1742328006
311323270,angryshark,The Omnipotent Monster Killer,WRONG_ANSWER,C++17 (GCC 7-32),1742327818
311323142,angryshark,The Omnipotent Monster Killer,WRONG_ANSWER,C++17 (GCC 7-32),1742327715
311323140,thercstk,Make Majority,WRONG_ANSWER,C++17 (GCC 7-32),1742327715
311321946,thercstk,Split the Multiset,OK,C++17 (GCC 7-32),1742326873
311315040,warlordd,Split the Multiset,WRONG_ANSWER,"C++23 (GCC 14-64, msys2)",1742322596
311312866,warlordd,Split the Multiset,WRONG_ANSWER,"C++23 (GCC 14-64, msys2)",1742321493
311312663,warlordd,Split the Multiset,WRONG_ANSWER,"C++23 (GCC 14-64, msys2)",1742321388
311309189,MOH_LazyCoder_HSN,Increasing Sequence with Fixed OR,OK,C++20 (GCC 13-64),1742319724
311308961,MOH_LazyCoder_HSN,Increasing Sequence with Fixed OR,WRONG_ANSWER,C++20 (GCC 13-64),1742319619
311308916,MOH_LazyCoder_HSN,Increasing Sequence with Fixed OR,WRONG_ANSWER,C++20 (GCC 13-64),1742319590
311308711,MOH_LazyCoder_HSN,Increasing Sequence with Fixed OR,WRONG_ANSWER,C++20 (GCC 13-64),1742319495
311304232,luckkk,The Omnipotent Monster Killer,WRONG_ANSWER,C++17 (GCC 7-32),1742317534
311303609,luckkk,The Omnipotent Monster Killer,WRONG_ANSWER,C++17 (GCC 7-32),1742317266
311302711,ofoz,Increasing Sequence with Fixed OR,OK,PyPy 3-64,1742316913
311302213,shoury_07,Increasing Sequence with Fixed OR,OK,C++17 (GCC 7-32),1742316700
311301997,luckkk,The Omnipotent Monster Killer,WRONG_ANSWER,C++17 (GCC 7-32),1742316607
311301879,haxin,Increasing Sequence with Fixed OR,OK,C++20 (GCC 13-64),1742316563
311301443,shoury_07,Increasing Sequence with Fixed OR,WRONG_ANSWER,C++17 (GCC 7-32),1742316381
311301101,haxin,Increasing Sequence with Fixed OR,WRONG_ANSWER,C++20 (GCC 13-64),1742316229
311300240,angryshark,The Omnipotent Monster Killer,WRONG_ANSWER,C++17 (GCC 7-32),1742315855
311299168,RIchie2006,Increasing Sequence with Fixed OR,OK,C++17 (GCC 7-32),1742315436
311299029,RIchie2006,Increasing Sequence with Fixed OR,COMPILATION_ERROR,C++17 (GCC 7-32),1742315384
311297327,angryshark,The Omnipotent Monster Killer,WRONG_ANSWER,C++17 (GCC 7-32),1742314748
311297067,RIchie2006,Increasing Sequence with Fixed OR,WRONG_ANSWER,C++17 (GCC 7-32),1742314650
311297045,angryshark,The Omnipotent Monster Killer,TIME_LIMIT_EXCEEDED,C++17 (GCC 7-32),1742314642
311296752,manueljfc,Increasing Sequence with Fixed OR,OK,C++20 (GCC 13-64),1742314531
311291155,Abhinandanporwal,Increasing Sequence with Fixed OR,OK,"C++23 (GCC 14-64, msys2)",1742312411
311290088,Mortis_Rex,Split the Multiset,OK,C++17 (GCC 7-32),1742312024
311289855,Abhinandanporwal,Increasing Sequence with Fixed OR,WRONG_ANSWER,"C++23 (GCC 14-64, msys2)",1742311944
311289703,Mortis_Rex,Split the Multiset,WRONG_ANSWER,C++17 (GCC 7-32),1742311897
311289688,Abhinandanporwal,Increasing Sequence with Fixed OR,RUNTIME_ERROR,"C++23 (GCC 14-64, msys2)",1742311890
311289430,Abhinandanporwal,Increasing Sequence with Fixed OR,WRONG_ANSWER,"C++23 (GCC 14-64, msys2)",1742311807
311289014,Mortis_Rex,Split the Multiset,WRONG_ANSWER,C++17 (GCC 7-32),1742311650
311282776,anuragkr24,Make Majority,OK,C++17 (GCC 7-32),1742310009
311281268,abhaysingh7390,Split the Multiset,OK,Java 8,1742309463
311278515,anuragkr24,Split the Multiset,OK,C++17 (GCC 7-32),1742308468
311274698,ean020920,Range Minimum Sum,OK,"C++23 (GCC 14-64, msys2)",1742307132
311273122,raa29,Split the Multiset,WRONG_ANSWER,"C++23 (GCC 14-64, msys2)",1742306577
311267474,xzhnb666,Increasing Sequence with Fixed OR,OK,C++17 (GCC 7-32),1742304910
311267261,xzhnb666,Increasing Sequence with Fixed OR,WRONG_ANSWER,C++17 (GCC 7-32),1742304850
311266849,R.M99,Increasing Sequence with Fixed OR,OK,C++17 (GCC 7-32),1742304733
311266366,R.M99,Increasing Sequence with Fixed OR,WRONG_ANSWER,C++17 (GCC 7-32),1742304604
311266242,kaslana-k423,Make Majority,OK,C++17 (GCC 7-32),1742304565
311265968,kaslana-k423,Split the Multiset,OK,C++17 (GCC 7-32),1742304496
311265473,kaslana-k423,Split the Multiset,WRONG_ANSWER,C++17 (GCC 7-32),1742304363
311263630,ean020920,The Omnipotent Monster Killer,OK,"C++23 (GCC 14-64, msys2)",1742303781
311263091,kaslana-k423,Make Majority,WRONG_ANSWER,C++17 (GCC 7-32),1742303567
311260608,ean020920,The Omnipotent Monster Killer,WRONG_ANSWER,"C++23 (GCC 14-64, msys2)",1742302571
311260534,ean020920,The Omnipotent Monster Killer,COMPILATION_ERROR,C++17 (GCC 7-32),1742302548
311259875,ean020920,The Omnipotent Monster Killer,WRONG_ANSWER,C++17 (GCC 7-32),1742302289
311259825,xzhnb666,Make Majority,OK,C++17 (GCC 7-32),1742302271
311257922,ean020920,The Omnipotent Monster Killer,WRONG_ANSWER,C++17 (GCC 7-32),1742301520
311257027,xzhnb666,Split the Multiset,OK,C++17 (GCC 7-32),1742301140
311256283,ean020920,Increasing Sequence with Fixed OR,OK,C++17 (GCC 7-32),1742300825
311255832,ean020920,Increasing Sequence with Fixed OR,WRONG_ANSWER,C++17 (GCC 7-32),1742300626
311255528,ean020920,Increasing Sequence with Fixed OR,WRONG_ANSWER,C++17 (GCC 7-32),1742300507
311255344,siddhant139,Increasing Sequence with Fixed OR,OK,C++20 (GCC 13-64),1742300420
311254182,ean020920,Make Majority,OK,C++17 (GCC 7-32),1742299921
311253640,siddhant139,Increasing Sequence with Fixed OR,WRONG_ANSWER,C++20 (GCC 13-64),1742299706
311253569,ean020920,Split the Multiset,OK,C++17 (GCC 7-32),1742299684
311251080,Chen246,Make Majority,OK,C++20 (GCC 13-64),1742298807
311249923,siddhant139,Make Majority,OK,C++20 (GCC 13-64),1742298459
311249034,siddhant139,Split the Multiset,OK,C++20 (GCC 13-64),1742298192
311242006,sminix,Split the Multiset,OK,C++20 (GCC 13-64),1742295815
311241934,sminix,Split the Multiset,COMPILATION_ERROR,C++20 (GCC 13-64),1742295790
311238990,RapidRise,Split the Multiset,OK,C++20 (GCC 13-64),1742294685
311238623,RapidRise,Split the Multiset,WRONG_ANSWER,C++20 (GCC 13-64),1742294538
311238600,sminix,Make Majority,OK,C++20 (GCC 13-64),1742294532
311238540,sminix,Make Majority,COMPILATION_ERROR,C++20 (GCC 13-64),1742294506
311238165,Alstonton,Increasing Sequence with Fixed OR,OK,C++20 (GCC 13-64),1742294354
311237835,Alstonton,Increasing Sequence with Fixed OR,RUNTIME_ERROR,C++20 (GCC 13-64),1742294227
311237720,Alstonton,Increasing Sequence with Fixed OR,RUNTIME_ERROR,C++20 (GCC 13-64),1742294179
311236875,thegreaisthis,Increasing Sequence with Fixed OR,WRONG_ANSWER,"C++23 (GCC 14-64, msys2)",1742293850
311236782,Alstonton,Increasing Sequence with Fixed OR,WRONG_ANSWER,C++20 (GCC 13-64),1742293813
311236035,Alstonton,Increasing Sequence with Fixed OR,WRONG_ANSWER,C++20 (GCC 13-64),1742293498
311233865,Alstonton,Split the Multiset,OK,C++20 (GCC 13-64),1742292612
311232982,Alstonton,Split the Multiset,WRONG_ANSWER,C++20 (GCC 13-64),1742292303
311232113,Alstonton,Split the Multiset,WRONG_ANSWER,C++20 (GCC 13-64),1742291939
311230959,Alstonton,Split the Multiset,WRONG_ANSWER,C++20 (GCC 13-64),1742291511
311229733,Mortis_Rex,Make Majority,OK,C++17 (GCC 7-32),1742291032
311229547,zZzahin13,Split the Multiset,OK,"C++23 (GCC 14-64, msys2)",1742290958
311226684,jasbe,Split the Multiset,OK,C++17 (GCC 7-32),1742289825
311226145,TheLastBattle,Split the Multiset,OK,"C++23 (GCC 14-64, msys2)",1742289609
311226036,TheLastBattle,Split the Multiset,TIME_LIMIT_EXCEEDED,"C++23 (GCC 14-64, msys2)",1742289572
311225849,TheLastBattle,Split the Multiset,TIME_LIMIT_EXCEEDED,"C++23 (GCC 14-64, msys2)",1742289506
311221475,Price_Less,Make Majority,OK,"C++23 (GCC 14-64, msys2)",1742287717
311221364,Price_Less,Make Majority,OK,C++17 (GCC 7-32),1742287673
311221213,ltmh,The Omnipotent Monster Killer,OK,C++20 (GCC 13-64),1742287610
311220987,ltmh,The Omnipotent Monster Killer,WRONG_ANSWER,C++20 (GCC 13-64),1742287516
311220542,Price_Less,Make Majority,WRONG_ANSWER,C++17 (GCC 7-32),1742287330
311219554,Price_Less,Make Majority,WRONG_ANSWER,C++17 (GCC 7-32),1742286894
311207758,Kushagra123,Split the Multiset,OK,C++17 (GCC 7-32),1742280968
311206717,Kushagra123,Split the Multiset,OK,C++17 (GCC 7-32),1742280320
311206582,Adel_Nasyf,Range Minimum Sum,WRONG_ANSWER,PyPy 3-64,1742280241
311206185,Kushagra123,Split the Multiset,WRONG_ANSWER,C++17 (GCC 7-32),1742279981
311205923,Kushagra123,Split the Multiset,WRONG_ANSWER,C++17 (GCC 7-32),1742279785
311205600,Dr.C_XOR,Increasing Sequence with Fixed OR,OK,"C++23 (GCC 14-64, msys2)",1742279537
311204952,Dr.C_XOR,Increasing Sequence with Fixed OR,WRONG_ANSWER,"C++23 (GCC 14-64, msys2)",1742279063
311204347,dipeshsaroj,Split the Multiset,OK,"C++23 (GCC 14-64, msys2)",1742278600
311203519,dipeshsaroj,Split the Multiset,WRONG_ANSWER,"C++23 (GCC 14-64, msys2)",1742277992
311203351,dipeshsaroj,Split the Multiset,WRONG_ANSWER,"C++23 (GCC 14-64, msys2)",1742277858
311203090,dipeshsaroj,Split the Multiset,WRONG_ANSWER,"C++23 (GCC 14-64, msys2)",1742277665
311201407,cysunn,Increasing Sequence with Fixed OR,OK,C++17 (GCC 7-32),1742276069
311199080,Dr.C_XOR,Increasing Sequence with Fixed OR,TIME_LIMIT_EXCEEDED,"C++23 (GCC 14-64, msys2)",1742274006
311198095,Shariful_Islam89,Split the Multiset,OK,C++17 (GCC 7-32),1742273197
311196878,TheLastBattle,Split the Multiset,WRONG_ANSWER,"C++23 (GCC 14-64, msys2)",1742272071
311192061,cysunn,Increasing Sequence with Fixed OR,WRONG_ANSWER,C++17 (GCC 7-32),1742267354
311191878,shanman,Split the Multiset,OK,C++17 (GCC 7-32),1742267173
311188419,GAME_LORD,Increasing Sequence with Fixed OR,OK,C++17 (GCC 7-32),1742263577
311168789,Mweglowski,Split the Multiset,OK,C++17 (GCC 7-32),1742242475
311158445,dipeshsaroj,Make Majority,OK,"C++23 (GCC 14-64, msys2)",1742236177
311152844,jasbe,Make Majority,OK,C++17 (GCC 7-32),1742233516
311152518,AyushDubey23,Split the Multiset,COMPILATION_ERROR,C++20 (GCC 13-64),1742233371
311152134,mursalinabu89,Make Majority,OK,C++17 (GCC 7-32),1742233201
311148031,_Shihab37,Make Majority,OK,"C++23 (GCC 14-64, msys2)",1742231550
311147515,_Shihab37,Make Majority,WRONG_ANSWER,"C++23 (GCC 14-64, msys2)",1742231387
311147249,_Shihab37,Make Majority,WRONG_ANSWER,"C++23 (GCC 14-64, msys2)",1742231303
311119592,ST..,Split the Multiset,OK,"C++23 (GCC 14-64, msys2)",1742227561
311082290,sadias,Split the Multiset,OK,"C++23 (GCC 14-64, msys2)",1742224715
311039551,kamrulsaad,Split the Multiset,OK,C++17 (GCC 7-32),1742221855
311038445,sadias,Split the Multiset,WRONG_ANSWER,"C++23 (GCC 14-64, msys2)",1742221316
311038090,sadias,Split the Multiset,WRONG_ANSWER,"C++23 (GCC 14-64, msys2)",1742221150
311037787,sadias,Split the Multiset,WRONG_ANSWER,"C++23 (GCC 14-64, msys2)",1742221010
311034451,ep22btech,Split the Multiset,OK,C++17 (GCC 7-32),1742219346
311032929,stankzxy,Split the Multiset,WRONG_ANSWER,"C++23 (GCC 14-64, msys2)",1742218635
311030720,arsen1y,Increasing Sequence with Fixed OR,OK,C++20 (GCC 13-64),1742217630
311028228,Aditya.59,Split the Multiset,OK,C++17 (GCC 7-32),1742216516
311027947,sakka09,Increasing Sequence with Fixed OR,OK,C++20 (GCC 13-64),1742216385
311027324,mohitdmark,Split the Multiset,OK,C++20 (GCC 13-64),1742216090
311026538,Aditya.59,Split the Multiset,WRONG_ANSWER,C++17 (GCC 7-32),1742215729
311025054,S13837568048,Increasing Sequence with Fixed OR,OK,C++20 (GCC 13-64),1742215016
311024441,S13837568048,Increasing Sequence with Fixed OR,WRONG_ANSWER,C++20 (GCC 13-64),1742214704
311023240,S13837568048,Increasing Sequence with Fixed OR,WRONG_ANSWER,C++20 (GCC 13-64),1742214120
311022920,S13837568048,Increasing Sequence with Fixed OR,WRONG_ANSWER,C++20 (GCC 13-64),1742213976
311022386,suzziahar,Increasing Sequence with Fixed OR,OK,C++17 (GCC 7-32),1742213703
311022373,S13837568048,Increasing Sequence with Fixed OR,WRONG_ANSWER,C++20 (GCC 13-64),1742213698
311022103,suzziahar,Increasing Sequence with Fixed OR,WRONG_ANSWER,C++17 (GCC 7-32),1742213578
311021482,akula_1411,Split the Multiset,OK,PyPy 3-64,1742213292
311020487,akula_1411,Make Majority,OK,PyPy 3-64,1742212829
311019930,akula_1411,Make Majority,TIME_LIMIT_EXCEEDED,PyPy 3-64,1742212565
311019601,akula_1411,Make Majority,TIME_LIMIT_EXCEEDED,PyPy 3-64,1742212413
311016314,prit_zalavadiya,Split the Multiset,OK,"C++23 (GCC 14-64, msys2)",1742210836
311015354,Om_Prakash416,Increasing Sequence with Fixed OR,OK,C++17 (GCC 7-32),1742210333
311015323,Om_Prakash416,Increasing Sequence with Fixed OR,WRONG_ANSWER,C++17 (GCC 7-32),1742210316
311015217,mellowsky,Split the Multiset,OK,"C++23 (GCC 14-64, msys2)",1742210269
311014436,prit_zalavadiya,Split the Multiset,WRONG_ANSWER,"C++23 (GCC 14-64, msys2)",1742209850
311013970,Shuvro1,Split the Multiset,OK,"C++23 (GCC 14-64, msys2)",1742209625
311012903,Shuvro1,Split the Multiset,WRONG_ANSWER,"C++23 (GCC 14-64, msys2)",1742209032
311012474,Shuvro1,Split the Multiset,WRONG_ANSWER,"C++23 (GCC 14-64, msys2)",1742208792
311010768,jasbe,Make Majority,WRONG_ANSWER,C++17 (GCC 7-32),1742207860
311009947,jasbe,Make Majority,WRONG_ANSWER,C++17 (GCC 7-32),1742207329
311009356,jasbe,Make Majority,WRONG_ANSWER,C++17 (GCC 7-32),1742206938
311007029,born_to_sun,Heartbeat,OK,C++20 (GCC 13-64),1742205503
311007008,born_to_sun,Heartbeat,COMPILATION_ERROR,C++20 (GCC 13-64),1742205489
311006851,born_to_sun,Heartbeat,OK,C++20 (GCC 13-64),1742205405
311006525,born_to_sun,Heartbeat,OK,C++20 (GCC 13-64),1742205210
311004622,_Lingyin,Range Minimum Sum,OK,C++17 (GCC 7-32),1742204008
311004406,_Lingyin,Range Minimum Sum,TIME_LIMIT_EXCEEDED,C++17 (GCC 7-32),1742203886
311002514,DeexantBharti,Make Majority,OK,C++17 (GCC 7-32),1742202843
311002396,DeexantBharti,Make Majority,COMPILATION_ERROR,C++17 (GCC 7-32),1742202774
311001947,_Lingyin,Range Minimum Sum,TIME_LIMIT_EXCEEDED,C++17 (GCC 7-32),1742202510
311000953,_Lingyin,Range Minimum Sum,TIME_LIMIT_EXCEEDED,C++17 (GCC 7-32),1742201998
310998938,haruomi_chan,Increasing Sequence with Fixed OR,OK,C++17 (GCC 7-32),1742200979
310998639,haruomi_chan,Increasing Sequence with Fixed OR,WRONG_ANSWER,C++17 (GCC 7-32),1742200812
310997420,_for_cp_,Make Majority,WRONG_ANSWER,C++17 (GCC 7-32),1742200159
310995598,komite,The Omnipotent Monster Killer,OK,C++20 (GCC 13-64),1742199143
310994771,maxK99,Range Minimum Sum,OK,C++20 (GCC 13-64),1742198700
310994555,maxK99,Range Minimum Sum,TIME_LIMIT_EXCEEDED,C++20 (GCC 13-64),1742198579
310991455,juten,The Omnipotent Monster Killer,MEMORY_LIMIT_EXCEEDED,PyPy 3-64,1742196700
310991371,juten,The Omnipotent Monster Killer,MEMORY_LIMIT_EXCEEDED,PyPy 3-64,1742196640
310991220,juten,The Omnipotent Monster Killer,TIME_LIMIT_EXCEEDED,Python 3,1742196504
310991144,juten,The Omnipotent Monster Killer,TIME_LIMIT_EXCEEDED,Python 3,1742196451
310990260,haruomi_chan,Increasing Sequence with Fixed OR,WRONG_ANSWER,C++17 (GCC 7-32),1742195899
310990090,haruomi_chan,Increasing Sequence with Fixed OR,WRONG_ANSWER,C++17 (GCC 7-32),1742195793
310989905,haruomi_chan,Increasing Sequence with Fixed OR,WRONG_ANSWER,C++17 (GCC 7-32),1742195675
310986236,Abhiroop_11,Make Majority,WRONG_ANSWER,Java 8,1742193424
310985997,Iroha_3856,The Omnipotent Monster Killer,OK,"C++23 (GCC 14-64, msys2)",1742193290
310985784,komite,The Omnipotent Monster Killer,OK,C++20 (GCC 13-64),1742193156
310985627,komite,The Omnipotent Monster Killer,OK,C++20 (GCC 13-64),1742193046
310985439,Go2Hell,The Omnipotent Monster Killer,OK,"C++23 (GCC 14-64, msys2)",1742192898
310984305,komite,The Omnipotent Monster Killer,TIME_LIMIT_EXCEEDED,C++20 (GCC 13-64),1742192115
310983581,Abhiroop_11,Split the Multiset,OK,Java 8,1742191651
310983319,komite,The Omnipotent Monster Killer,TIME_LIMIT_EXCEEDED,C++20 (GCC 13-64),1742191463
310982921,komite,The Omnipotent Monster Killer,TIME_LIMIT_EXCEEDED,C++20 (GCC 13-64),1742191179
310982819,komite,The Omnipotent Monster Killer,TIME_LIMIT_EXCEEDED,C++20 (GCC 13-64),1742191098
310982266,champignondayo,The Omnipotent Monster Killer,WRONG_ANSWER,"C++23 (GCC 14-64, msys2)",1742190683
310981727,Iroha_3856,The Omnipotent Monster Killer,WRONG_ANSWER,"C++23 (GCC 14-64, msys2)",1742190257
310981644,Kushagra123,Make Majority,OK,C++17 (GCC 7-32),1742190191
310981205,AaryanSriram,Increasing Sequence with Fixed OR,OK,"C++23 (GCC 14-64, msys2)",1742189834
310981173,champignondayo,Increasing Sequence with Fixed OR,OK,"C++23 (GCC 14-64, msys2)",1742189809
310980793,komite,The Omnipotent Monster Killer,WRONG_ANSWER,C++20 (GCC 13-64),1742189552
310980534,komite,The Omnipotent Monster Killer,WRONG_ANSWER,C++20 (GCC 13-64),1742189371
310980261,Iroha_3856,The Omnipotent Monster Killer,WRONG_ANSWER,"C++23 (GCC 14-64, msys2)",1742189169
310979958,Kushagra123,Make Majority,WRONG_ANSWER,C++17 (GCC 7-32),1742188931
310978592,komite,Increasing Sequence with Fixed OR,OK,C++20 (GCC 13-64),1742187959
310978185,champignondayo,Increasing Sequence with Fixed OR,WRONG_ANSWER,"C++23 (GCC 14-64, msys2)",1742187648
310977610,komite,Make Majority,OK,C++20 (GCC 13-64),1742187171
310977405,Iroha_3856,Increasing Sequence with Fixed OR,OK,"C++23 (GCC 14-64, msys2)",1742186982
310977319,Iroha_3856,Increasing Sequence with Fixed OR,WRONG_ANSWER,"C++23 (GCC 14-64, msys2)",1742186914
310977087,komite,Split the Multiset,OK,C++20 (GCC 13-64),1742186737
310976783,champignondayo,Make Majority,OK,"C++23 (GCC 14-64, msys2)",1742186524
310976561,Iroha_3856,Make Majority,OK,"C++23 (GCC 14-64, msys2)",1742186355
310976311,champignondayo,Split the Multiset,OK,"C++23 (GCC 14-64, msys2)",1742186139
310976117,Iroha_3856,Split the Multiset,OK,"C++23 (GCC 14-64, msys2)",1742185998
310974325,haruomi_chan,Make Majority,OK,C++17 (GCC 7-32),1742184247
310970546,haruomi_chan,Split the Multiset,OK,C++17 (GCC 7-32),1742180087
310970190,haruomi_chan,Split the Multiset,OK,C++17 (GCC 7-32),1742179694
310965714,ozziethemonke,Increasing Sequence with Fixed OR,OK,C++17 (GCC 7-32),1742173922
310965677,ozziethemonke,Increasing Sequence with Fixed OR,WRONG_ANSWER,C++17 (GCC 7-32),1742173871
310965655,ozziethemonke,Increasing Sequence with Fixed OR,WRONG_ANSWER,C++17 (GCC 7-32),1742173838
310965575,ozziethemonke,Increasing Sequence with Fixed OR,WRONG_ANSWER,C++17 (GCC 7-32),1742173693
310964011,maxK99,Range Minimum Sum,TIME_LIMIT_EXCEEDED,C++20 (GCC 13-64),1742171495
310963869,maxK99,Range Minimum Sum,TIME_LIMIT_EXCEEDED,C++20 (GCC 13-64),1742171289
310959906,lxz20071231,The Omnipotent Monster Killer,WRONG_ANSWER,C++20 (GCC 13-64),1742166069
310959870,lxz20071231,The Omnipotent Monster Killer,TIME_LIMIT_EXCEEDED,C++20 (GCC 13-64),1742166026
310945765,Rami___________________,Split the Multiset,OK,C++17 (GCC 7-32),1742154722
310942698,cpguy12433cu,Split the Multiset,OK,C++17 (GCC 7-32),1742152674
310942361,upperlimit,Make Majority,OK,C++17 (GCC 7-32),1742152482
310942331,cpguy12433cu,Make Majority,OK,C++17 (GCC 7-32),1742152463
310942086,upperlimit,Make Majority,WRONG_ANSWER,C++17 (GCC 7-32),1742152298
310941451,KishoreKarthick89,Make Majority,WRONG_ANSWER,PyPy 3,1742151903
310940440,KishoreKarthick89,Split the Multiset,OK,PyPy 3,1742151261
310938727,upperlimit,Make Majority,WRONG_ANSWER,C++17 (GCC 7-32),1742150262
310936382,The_Batman99,Make Majority,OK,C++20 (GCC 13-64),1742148894
310936337,KishoreKarthick89,Split the Multiset,WRONG_ANSWER,C++20 (GCC 13-64),1742148872
310936198,KishoreKarthick89,Split the Multiset,WRONG_ANSWER,C++20 (GCC 13-64),1742148796
310934103,791shivamsingh,Increasing Sequence with Fixed OR,OK,C++17 (GCC 7-32),1742147653
310933763,791shivamsingh,Increasing Sequence with Fixed OR,WRONG_ANSWER,C++17 (GCC 7-32),1742147494
310933625,791shivamsingh,Increasing Sequence with Fixed OR,WRONG_ANSWER,C++17 (GCC 7-32),1742147431
310933016,791shivamsingh,Increasing Sequence with Fixed OR,WRONG_ANSWER,C++17 (GCC 7-32),1742147164
310932123,The_Batman99,Make Majority,WRONG_ANSWER,C++20 (GCC 13-64),1742146745
310929074,_Shihab37,Split the Multiset,OK,"C++23 (GCC 14-64, msys2)",1742145384
310921126,GiganticTiger,The Omnipotent Monster Killer,WRONG_ANSWER,C++17 (GCC 7-32),1742142018
310919592,GiganticTiger,The Omnipotent Monster Killer,WRONG_ANSWER,C++17 (GCC 7-32),1742141159
310918728,GiganticTiger,The Omnipotent Monster Killer,WRONG_ANSWER,C++17 (GCC 7-32),1742140694
310915328,tyrannosaurus__,Make Majority,OK,C++17 (GCC 7-32),1742138981
310904157,Hacker33,Increasing Sequence with Fixed OR,OK,C++20 (GCC 13-64),1742133627
310903896,Hacker33,Increasing Sequence with Fixed OR,WRONG_ANSWER,C++20 (GCC 13-64),1742133514
310903703,Hacker33,Increasing Sequence with Fixed OR,WRONG_ANSWER,C++20 (GCC 13-64),1742133422
310903427,tyrannosaurus__,Split the Multiset,OK,C++17 (GCC 7-32),1742133289
310901601,tyrannosaurus__,Split the Multiset,WRONG_ANSWER,C++17 (GCC 7-32),1742132436
310882098,godAngryOver,Split the Multiset,OK,Java 8,1742122510
310881482,godAngryOver,Split the Multiset,WRONG_ANSWER,Java 8,1742122215
310881153,godAngryOver,Split the Multiset,TIME_LIMIT_EXCEEDED,Java 8,1742122053
310866017,ViceCityBhai,Make Majority,OK,"C++23 (GCC 14-64, msys2)",1742116099
310865360,ViceCityBhai,Make Majority,OK,"C++23 (GCC 14-64, msys2)",1742115814
310864329,01hcaijiahao,The Omnipotent Monster Killer,OK,C++20 (GCC 13-64),1742115412
310863943,01hcaijiahao,The Omnipotent Monster Killer,OK,C++20 (GCC 13-64),1742115245
310863263,01hcaijiahao,The Omnipotent Monster Killer,RUNTIME_ERROR,C++20 (GCC 13-64),1742114943
310862581,01hcaijiahao,The Omnipotent Monster Killer,OK,C++20 (GCC 13-64),1742114673
310861206,01hcaijiahao,The Omnipotent Monster Killer,OK,C++20 (GCC 13-64),1742114129
310860653,01hcaijiahao,The Omnipotent Monster Killer,OK,C++20 (GCC 13-64),1742113912
310860478,01hcaijiahao,The Omnipotent Monster Killer,OK,C++20 (GCC 13-64),1742113845
310860393,01hcaijiahao,The Omnipotent Monster Killer,MEMORY_LIMIT_EXCEEDED,C++20 (GCC 13-64),1742113814
310859375,01hcaijiahao,The Omnipotent Monster Killer,WRONG_ANSWER,C++20 (GCC 13-64),1742113416
310859239,convnet,Split the Multiset,OK,C++17 (GCC 7-32),1742113360
310859174,01hcaijiahao,The Omnipotent Monster Killer,WRONG_ANSWER,C++20 (GCC 13-64),1742113333
310855147,Dikshith_200,Split the Multiset,OK,C++17 (GCC 7-32),1742112144
310852942,Dikshith_200,Split the Multiset,WRONG_ANSWER,C++17 (GCC 7-32),1742111722
310852849,OmarAboutaleb78,Split the Multiset,OK,C++20 (GCC 13-64),1742111691
310852775,NoMatchesFound,Split the Multiset,OK,"C++23 (GCC 14-64, msys2)",1742111655
310852729,01hcaijiahao,The Omnipotent Monster Killer,MEMORY_LIMIT_EXCEEDED,C++20 (GCC 13-64),1742111634
310852710,Dikshith_200,Split the Multiset,WRONG_ANSWER,C++17 (GCC 7-32),1742111626
310852170,01hcaijiahao,The Omnipotent Monster Killer,MEMORY_LIMIT_EXCEEDED,C++20 (GCC 13-64),1742111409
310850537,NoMatchesFound,Split the Multiset,WRONG_ANSWER,"C++23 (GCC 14-64, msys2)",1742110627
310849637,convnet,Split the Multiset,WRONG_ANSWER,C++17 (GCC 7-32),1742110201
310848454,convnet,Split the Multiset,WRONG_ANSWER,C++17 (GCC 7-32),1742109638
310847945,Dikshith_200,Make Majority,OK,C++17 (GCC 7-32),1742109419
310847698,Dikshith_200,Make Majority,WRONG_ANSWER,C++17 (GCC 7-32),1742109307
310847351,NoMatchesFound,Split the Multiset,WRONG_ANSWER,"C++23 (GCC 14-64, msys2)",1742109152
310847185,DarkestBlader,Split the Multiset,WRONG_ANSWER,C++20 (GCC 13-64),1742109075
310845675,AlRntn,The Omnipotent Monster Killer,OK,C++17 (GCC 7-32),1742108389
310837294,Shreyas_Shetty2604,Make Majority,OK,C++17 (GCC 7-32),1742104488
310833027,godAngryOver,Make Majority,OK,Java 8,1742102014
310825593,16gn,Increasing Sequence with Fixed OR,OK,C++20 (GCC 13-64),1742095181
310813393,01hcaijiahao,The Omnipotent Monster Killer,MEMORY_LIMIT_EXCEEDED,C++20 (GCC 13-64),1742088559
310806981,ImCurseDD,Increasing Sequence with Fixed OR,OK,C++17 (GCC 7-32),1742079933
310806740,ImCurseDD,Increasing Sequence with Fixed OR,WRONG_ANSWER,C++17 (GCC 7-32),1742079720
310781027,balaji.nani12345,Split the Multiset,WRONG_ANSWER,C++17 (GCC 7-32),1742062996
310765511,Little_Giant,Increasing Sequence with Fixed OR,WRONG_ANSWER,C++17 (GCC 7-32),1742056688
310763453,Shreyas_Shetty2604,Make Majority,WRONG_ANSWER,C++17 (GCC 7-32),1742056019
310763350,Little_Giant,Increasing Sequence with Fixed OR,WRONG_ANSWER,C++17 (GCC 7-32),1742055986
310762458,Little_Giant,Increasing Sequence with Fixed OR,WRONG_ANSWER,C++17 (GCC 7-32),1742055706
310762160,Little_Giant,Increasing Sequence with Fixed OR,WRONG_ANSWER,C++17 (GCC 7-32),1742055627
310761741,Little_Giant,Increasing Sequence with Fixed OR,WRONG_ANSWER,C++17 (GCC 7-32),1742055493
310761493,Little_Giant,Increasing Sequence with Fixed OR,WRONG_ANSWER,C++17 (GCC 7-32),1742055422
310745529,Forbearance,The Omnipotent Monster Killer,WRONG_ANSWER,"C++23 (GCC 14-64, msys2)",1742051862
310745142,Forbearance,The Omnipotent Monster Killer,WRONG_ANSWER,"C++23 (GCC 14-64, msys2)",1742051793
310745069,ijcsml,Range Minimum Sum,OK,C++20 (GCC 13-64),1742051783
310737978,faishal_053,Make Majority,MEMORY_LIMIT_EXCEEDED,C++20 (GCC 13-64),1742050515
310737753,gayathrip,Make Majority,WRONG_ANSWER,C++17 (GCC 7-32),1742050478
310736166,Forbearance,Increasing Sequence with Fixed OR,OK,"C++23 (GCC 14-64, msys2)",1742050159
310735632,Forbearance,Increasing Sequence with Fixed OR,RUNTIME_ERROR,"C++23 (GCC 14-64, msys2)",1742050054
310735283,Forbearance,Increasing Sequence with Fixed OR,RUNTIME_ERROR,"C++23 (GCC 14-64, msys2)",1742049978
310730633,Forbearance,Increasing Sequence with Fixed OR,WRONG_ANSWER,"C++23 (GCC 14-64, msys2)",1742049111
310730407,Forbearance,Increasing Sequence with Fixed OR,WRONG_ANSWER,"C++23 (GCC 14-64, msys2)",1742049002
310730279,Forbearance,Increasing Sequence with Fixed OR,WRONG_ANSWER,"C++23 (GCC 14-64, msys2)",1742048939
310730099,Forbearance,Increasing Sequence with Fixed OR,COMPILATION_ERROR,"C++23 (GCC 14-64, msys2)",1742048842
310729245,balaji.nani12345,Make Majority,OK,C++17 (GCC 7-32),1742048388
310727298,gayathrip,Make Majority,WRONG_ANSWER,C++17 (GCC 7-32),1742047442
310722629,Forbearance,Make Majority,OK,"C++23 (GCC 14-64, msys2)",1742045225
310722453,DawnFall119,Split the Multiset,OK,GNU C11,1742045150
310720948,Forbearance,Split the Multiset,OK,"C++23 (GCC 14-64, msys2)",1742044464
310713654,Hz___,Increasing Sequence with Fixed OR,OK,"C++23 (GCC 14-64, msys2)",1742041050
310713235,Hz___,Increasing Sequence with Fixed OR,WRONG_ANSWER,"C++23 (GCC 14-64, msys2)",1742040850
310713076,Hz___,Increasing Sequence with Fixed OR,WRONG_ANSWER,"C++23 (GCC 14-64, msys2)",1742040765
310712288,NHDR233,The Omnipotent Monster Killer,OK,C++17 (GCC 7-32),1742040361
310708966,Hz___,Make Majority,OK,"C++23 (GCC 14-64, msys2)",1742038763
310708804,manhaoxuan,The Omnipotent Monster Killer,OK,C++20 (GCC 13-64),1742038682
310708730,manhaoxuan,The Omnipotent Monster Killer,WRONG_ANSWER,C++20 (GCC 13-64),1742038645
310708216,Hz___,Make Majority,WRONG_ANSWER,"C++23 (GCC 14-64, msys2)",1742038413
310708040,Hz___,Make Majority,WRONG_ANSWER,"C++23 (GCC 14-64, msys2)",1742038334
310707967,Hz___,Make Majority,WRONG_ANSWER,"C++23 (GCC 14-64, msys2)",1742038302
310706251,Hz___,Split the Multiset,OK,"C++23 (GCC 14-64, msys2)",1742037503
310695331,alwaysAsk,Split the Multiset,OK,C++17 (GCC 7-32),1742032449
310692358,shawon,Increasing Sequence with Fixed OR,OK,C++17 (GCC 7-32),1742031209
310691908,shawon,Increasing Sequence with Fixed OR,WRONG_ANSWER,C++17 (GCC 7-32),1742031034
310691789,shawon,Increasing Sequence with Fixed OR,WRONG_ANSWER,C++17 (GCC 7-32),1742030985
310683107,01hcaijiahao,The Omnipotent Monster Killer,WRONG_ANSWER,C++20 (GCC 13-64),1742027357
310673000,kumarp149,Increasing Sequence with Fixed OR,OK,C++17 (GCC 7-32),1742023258
310672581,kumarp149,Increasing Sequence with Fixed OR,WRONG_ANSWER,C++17 (GCC 7-32),1742023154
310672155,kumarp149,Increasing Sequence with Fixed OR,WRONG_ANSWER,C++17 (GCC 7-32),1742022992
310670083,kumarp149,Increasing Sequence with Fixed OR,WRONG_ANSWER,C++17 (GCC 7-32),1742022133
310669850,kartik__sethi,Range Minimum Sum,OK,Java 8,1742022030
310669534,kartik__sethi,Range Minimum Sum,OK,Java 8,1742021892
310667583,somnath910,Increasing Sequence with Fixed OR,OK,"C++23 (GCC 14-64, msys2)",1742021057
310666366,kartik__sethi,Range Minimum Sum,WRONG_ANSWER,Java 8,1742020472
310665492,kartik__sethi,Range Minimum Sum,RUNTIME_ERROR,Java 8,1742020041
310661147,kartik__sethi,Range Minimum Sum,RUNTIME_ERROR,Java 8,1742018264
310660964,kartik__sethi,Range Minimum Sum,RUNTIME_ERROR,Java 8,1742018128
310660858,wywy13,Increasing Sequence with Fixed OR,OK,C++17 (GCC 7-32),1742018068
310660644,wywy13,Increasing Sequence with Fixed OR,COMPILATION_ERROR,C++17 (GCC 7-32),1742017925
310660557,wywy13,Increasing Sequence with Fixed OR,RUNTIME_ERROR,C++17 (GCC 7-32),1742017859
310660549,kartik__sethi,Range Minimum Sum,RUNTIME_ERROR,Java 8,1742017853
310658053,wywy13,Increasing Sequence with Fixed OR,RUNTIME_ERROR,C++17 (GCC 7-32),1742016506
310657860,wywy13,Increasing Sequence with Fixed OR,MEMORY_LIMIT_EXCEEDED,C++17 (GCC 7-32),1742016350
310657697,sahil_24,Split the Multiset,OK,"C++23 (GCC 14-64, msys2)",1742016227
310657183,sahil_24,Split the Multiset,TIME_LIMIT_EXCEEDED,"C++23 (GCC 14-64, msys2)",1742015794
310656967,Rayyan_Khalil,Make Majority,OK,"C++23 (GCC 14-64, msys2)",1742015610
310656200,virgiliojaz_28,Split the Multiset,OK,C++17 (GCC 7-32),1742014934
310655501,Rayyan_Khalil,Make Majority,WRONG_ANSWER,"C++23 (GCC 14-64, msys2)",1742014230
310655109,Rayyan_Khalil,Make Majority,WRONG_ANSWER,"C++23 (GCC 14-64, msys2)",1742013858
310653489,Rayyan_Khalil,Split the Multiset,OK,"C++23 (GCC 14-64, msys2)",1742012245
310653382,Ishaan_Tripathi,The Omnipotent Monster Killer,WRONG_ANSWER,C++20 (GCC 13-64),1742012128
310651631,hao7dtta,Split the Multiset,OK,C++17 (GCC 7-32),1742010551
310650806,hao7dtta,Make Majority,OK,C++17 (GCC 7-32),1742009813
310648506,16gn,Make Majority,OK,C++20 (GCC 13-64),1742007595
310648100,virgiliojaz_28,Split the Multiset,WRONG_ANSWER,C++17 (GCC 7-32),1742007157
310647959,virgiliojaz_28,Split the Multiset,WRONG_ANSWER,C++17 (GCC 7-32),1742007018
310647638,virgiliojaz_28,Split the Multiset,WRONG_ANSWER,C++17 (GCC 7-32),1742006724
310647383,Nandan1436,Increasing Sequence with Fixed OR,OK,C++17 (GCC 7-32),1742006478
310647297,Nandan1436,Increasing Sequence with Fixed OR,WRONG_ANSWER,C++17 (GCC 7-32),1742006387
310646857,Nandan1436,Increasing Sequence with Fixed OR,WRONG_ANSWER,C++17 (GCC 7-32),1742005926
310645380,16gn,Split the Multiset,OK,C++20 (GCC 13-64),1742004380
310640711,basharalhalbi,Make Majority,OK,PyPy 3,1741999344
310640698,basharalhalbi,Make Majority,RUNTIME_ERROR,Python 2,1741999330
310640687,basharalhalbi,Make Majority,COMPILATION_ERROR,C++17 (GCC 7-32),1741999319
310640025,foray,Split the Multiset,WRONG_ANSWER,Java 21,1741998472
310639816,SaddamHasanov,Split the Multiset,OK,C++17 (GCC 7-32),1741998196
310639409,rumike,Range Minimum Sum,OK,"C++23 (GCC 14-64, msys2)",1741997609
310636700,SaddamHasanov,Make Majority,OK,C++17 (GCC 7-32),1741994002
310634830,SaddamHasanov,Make Majority,OK,C++17 (GCC 7-32),1741991990
310628617,mohdfaiz.72,Make Majority,OK,"C++23 (GCC 14-64, msys2)",1741987029
310620907,spigi,Make Majority,OK,"C++23 (GCC 14-64, msys2)",1741982716
310619914,ugemt,Split the Multiset,OK,C++17 (GCC 7-32),1741982167
310619225,My_LastGoodbye,The Omnipotent Monster Killer,OK,"C++23 (GCC 14-64, msys2)",1741981786
310619189,My_LastGoodbye,The Omnipotent Monster Killer,WRONG_ANSWER,"C++23 (GCC 14-64, msys2)",1741981765
310619129,My_LastGoodbye,The Omnipotent Monster Killer,WRONG_ANSWER,"C++23 (GCC 14-64, msys2)",1741981734
310619059,My_LastGoodbye,The Omnipotent Monster Killer,OK,"C++23 (GCC 14-64, msys2)",1741981702
310618961,My_LastGoodbye,The Omnipotent Monster Killer,OK,"C++23 (GCC 14-64, msys2)",1741981642
310618908,My_LastGoodbye,The Omnipotent Monster Killer,OK,"C++23 (GCC 14-64, msys2)",1741981617
310618814,My_LastGoodbye,The Omnipotent Monster Killer,OK,"C++23 (GCC 14-64, msys2)",1741981566
310618743,My_LastGoodbye,The Omnipotent Monster Killer,MEMORY_LIMIT_EXCEEDED,"C++23 (GCC 14-64, msys2)",1741981533
310617952,My_LastGoodbye,The Omnipotent Monster Killer,MEMORY_LIMIT_EXCEEDED,"C++23 (GCC 14-64, msys2)",1741981082
310617905,My_LastGoodbye,The Omnipotent Monster Killer,MEMORY_LIMIT_EXCEEDED,"C++23 (GCC 14-64, msys2)",1741981051
310617806,My_LastGoodbye,The Omnipotent Monster Killer,MEMORY_LIMIT_EXCEEDED,"C++23 (GCC 14-64, msys2)",1741980995
310617740,My_LastGoodbye,The Omnipotent Monster Killer,MEMORY_LIMIT_EXCEEDED,"C++23 (GCC 14-64, msys2)",1741980960
310613871,sahil_24,Make Majority,OK,"C++23 (GCC 14-64, msys2)",1741978766
310612942,shivacharani16,Split the Multiset,OK,C++20 (GCC 13-64),1741978262
310612684,kenpegrasia,Split the Multiset,WRONG_ANSWER,C++20 (GCC 13-64),1741978111
310612299,Ishaan_Tripathi,Increasing Sequence with Fixed OR,WRONG_ANSWER,C++20 (GCC 13-64),1741977897
310612101,Ishaan_Tripathi,Increasing Sequence with Fixed OR,OK,Python 3,1741977784
310611920,Ishaan_Tripathi,Increasing Sequence with Fixed OR,WRONG_ANSWER,C++20 (GCC 13-64),1741977688
310610049,coderRebooted,Make Majority,OK,PyPy 3-64,1741976822
310609623,sahil_24,Make Majority,WRONG_ANSWER,"C++23 (GCC 14-64, msys2)",1741976612
310609563,psyre,Make Majority,OK,"C++23 (GCC 14-64, msys2)",1741976578
310609391,coderRebooted,Make Majority,WRONG_ANSWER,PyPy 3-64,1741976492
310608832,psyre,Split the Multiset,OK,"C++23 (GCC 14-64, msys2)",1741976214
310608741,psyre,Split the Multiset,WRONG_ANSWER,"C++23 (GCC 14-64, msys2)",1741976164
310602318,upperlimit,Split the Multiset,OK,C++17 (GCC 7-32),1741973224
310601036,upperlimit,Split the Multiset,WRONG_ANSWER,C++17 (GCC 7-32),1741972650
310596774,abdul2062,Make Majority,RUNTIME_ERROR,C++17 (GCC 7-32),1741970678
310594624,abdul2062,Make Majority,WRONG_ANSWER,C++17 (GCC 7-32),1741969702
310589110,Dharmik_Solanki,Split the Multiset,OK,"C++23 (GCC 14-64, msys2)",1741967107
310588835,SolDha2003,Split the Multiset,OK,"C++23 (GCC 14-64, msys2)",1741966996
310583654,abdul2062,Make Majority,RUNTIME_ERROR,C++17 (GCC 7-32),1741964952
310583152,Yansoon,Increasing Sequence with Fixed OR,OK,C++20 (GCC 13-64),1741964738
310582877,Yansoon,Increasing Sequence with Fixed OR,WRONG_ANSWER,C++20 (GCC 13-64),1741964630
310582741,Yansoon,Increasing Sequence with Fixed OR,WRONG_ANSWER,C++20 (GCC 13-64),1741964577
310582309,Yansoon,Increasing Sequence with Fixed OR,WRONG_ANSWER,C++20 (GCC 13-64),1741964403
310582063,Yansoon,Increasing Sequence with Fixed OR,WRONG_ANSWER,C++20 (GCC 13-64),1741964310
310581867,Yansoon,Increasing Sequence with Fixed OR,WRONG_ANSWER,C++20 (GCC 13-64),1741964234
310581712,Sutanu_19,The Omnipotent Monster Killer,OK,"C++23 (GCC 14-64, msys2)",1741964176
310581402,Sutanu_19,The Omnipotent Monster Killer,TIME_LIMIT_EXCEEDED,"C++23 (GCC 14-64, msys2)",1741964050
310575278,AhmedMohamed_25,Make Majority,OK,C++17 (GCC 7-32),1741961576
310569088,JULEEEEE,Make Majority,OK,"C++23 (GCC 14-64, msys2)",1741958916
310568689,JULEEEEE,Make Majority,WRONG_ANSWER,"C++23 (GCC 14-64, msys2)",1741958739
310567274,JULEEEEE,Make Majority,WRONG_ANSWER,"C++23 (GCC 14-64, msys2)",1741958095
310563943,JULEEEEE,Make Majority,WRONG_ANSWER,"C++23 (GCC 14-64, msys2)",1741956589
310560888,JULEEEEE,Make Majority,WRONG_ANSWER,"C++23 (GCC 14-64, msys2)",1741955317
310555590,JULEEEEE,Make Majority,WRONG_ANSWER,"C++23 (GCC 14-64, msys2)",1741953016
310553090,rakshit2611,The Omnipotent Monster Killer,OK,Java 21,1741951935
310553066,rakshit2611,The Omnipotent Monster Killer,TIME_LIMIT_EXCEEDED,Java 21,1741951926
310552887,rakshit2611,The Omnipotent Monster Killer,TIME_LIMIT_EXCEEDED,Java 21,1741951855
310552800,rakshit2611,The Omnipotent Monster Killer,TIME_LIMIT_EXCEEDED,Java 21,1741951815
310552511,rakshit2611,The Omnipotent Monster Killer,WRONG_ANSWER,Java 21,1741951699
310548856,satya12345678,Increasing Sequence with Fixed OR,OK,C++17 (GCC 7-32),1741950013
310548785,satya123456789,Increasing Sequence with Fixed OR,OK,C++17 (GCC 7-32),1741949976
310547725,Anna_131,Increasing Sequence with Fixed OR,OK,C++20 (GCC 13-64),1741949456
310547392,Anna_131,Increasing Sequence with Fixed OR,WRONG_ANSWER,C++20 (GCC 13-64),1741949299
310546563,satya123456789,Increasing Sequence with Fixed OR,WRONG_ANSWER,C++17 (GCC 7-32),1741948878
310546392,sardor_sayfullayev,Split the Multiset,OK,Python 3,1741948784
310546185,satya123456789,Increasing Sequence with Fixed OR,WRONG_ANSWER,C++17 (GCC 7-32),1741948678
310545648,ZainUlHaq,Split the Multiset,OK,C++20 (GCC 13-64),1741948420
310545546,satya123456789,Increasing Sequence with Fixed OR,MEMORY_LIMIT_EXCEEDED,C++17 (GCC 7-32),1741948365
310544913,satya123456789,Increasing Sequence with Fixed OR,WRONG_ANSWER,C++17 (GCC 7-32),1741948072
310544784,satya123456789,Increasing Sequence with Fixed OR,WRONG_ANSWER,C++17 (GCC 7-32),1741948008
310539750,hafizr283,Split the Multiset,OK,C++17 (GCC 7-32),1741945701
310538746,Suhrit.g,Increasing Sequence with Fixed OR,OK,"C++23 (GCC 14-64, msys2)",1741945233
310538643,Suhrit.g,Increasing Sequence with Fixed OR,OK,"C++23 (GCC 14-64, msys2)",1741945187
310538378,Suhrit.g,Increasing Sequence with Fixed OR,WRONG_ANSWER,"C++23 (GCC 14-64, msys2)",1741945079
310537114,Suhrit.g,Increasing Sequence with Fixed OR,WRONG_ANSWER,"C++23 (GCC 14-64, msys2)",1741944503
310535776,revant.sinha,Split the Multiset,WRONG_ANSWER,C++20 (GCC 13-64),1741943969
310535167,revant.sinha,Split the Multiset,WRONG_ANSWER,C++20 (GCC 13-64),1741943706
310532661,Wicked_Steel,Make Majority,OK,"C++23 (GCC 14-64, msys2)",1741942541
310530316,Wicked_Steel,Make Majority,WRONG_ANSWER,"C++23 (GCC 14-64, msys2)",1741941334
310528271,Lumino,Split the Multiset,OK,"C++23 (GCC 14-64, msys2)",1741940214
310522844,Suhrit.g,Increasing Sequence with Fixed OR,WRONG_ANSWER,"C++23 (GCC 14-64, msys2)",1741936921
310522275,ShreyGupta1060,Increasing Sequence with Fixed OR,OK,"C++23 (GCC 14-64, msys2)",1741936561
310521764,ShreyGupta1060,The Omnipotent Monster Killer,WRONG_ANSWER,"C++23 (GCC 14-64, msys2)",1741936255
310519235,ShreyGupta1060,Increasing Sequence with Fixed OR,WRONG_ANSWER,"C++23 (GCC 14-64, msys2)",1741934729
310518544,mayank94,Make Majority,OK,C++17 (GCC 7-32),1741934281
310518509,ysq1,Make Majority,OK,C++17 (GCC 7-32),1741934257
310518249,ShreyGupta1060,Make Majority,OK,"C++23 (GCC 14-64, msys2)",1741934086
310518105,Suhrit.g,Increasing Sequence with Fixed OR,TIME_LIMIT_EXCEEDED,"C++23 (GCC 14-64, msys2)",1741933990
310517848,Suhrit.g,Increasing Sequence with Fixed OR,TIME_LIMIT_EXCEEDED,"C++23 (GCC 14-64, msys2)",1741933835
310517688,ShreyGupta1060,Split the Multiset,OK,"C++23 (GCC 14-64, msys2)",1741933737
310517503,ShreyGupta1060,Split the Multiset,WRONG_ANSWER,"C++23 (GCC 14-64, msys2)",1741933619
310517194,priyansh_63,Make Majority,WRONG_ANSWER,C++20 (GCC 13-64),1741933431
310517135,priyansh_63,Make Majority,COMPILATION_ERROR,C++20 (GCC 13-64),1741933388
310516569,priyansh_63,Make Majority,WRONG_ANSWER,C++20 (GCC 13-64),1741933010
310516500,priyansh_63,Make Majority,COMPILATION_ERROR,C++20 (GCC 13-64),1741932963
310515713,Sam_Jiang,The Omnipotent Monster Killer,OK,C++20 (GCC 13-64),1741932459
310515498,dzq11,Make Majority,OK,"C++23 (GCC 14-64, msys2)",1741932325
310512216,Suhrit.g,Split the Multiset,OK,"C++23 (GCC 14-64, msys2)",1741929940
310510480,Adya2198,Increasing Sequence with Fixed OR,OK,"C++23 (GCC 14-64, msys2)",1741928534
310509460,Minh999,Split the Multiset,OK,C++17 (GCC 7-32),1741927540
310509165,Suhrit.g,Make Majority,OK,"C++23 (GCC 14-64, msys2)",1741927253
310508976,Adya2198,Increasing Sequence with Fixed OR,WRONG_ANSWER,"C++23 (GCC 14-64, msys2)",1741927064
310508666,Adya2198,Increasing Sequence with Fixed OR,WRONG_ANSWER,"C++23 (GCC 14-64, msys2)",1741926758
310508375,Suhrit.g,Make Majority,WRONG_ANSWER,"C++23 (GCC 14-64, msys2)",1741926438
310506600,Suhrit.g,Split the Multiset,WRONG_ANSWER,"C++23 (GCC 14-64, msys2)",1741924667
310506198,Suhrit.g,Split the Multiset,WRONG_ANSWER,"C++23 (GCC 14-64, msys2)",1741924287
310505890,Ayush7Repswal,Split the Multiset,OK,C++17 (GCC 7-32),1741924006
310505502,Ayush7Repswal,Split the Multiset,TIME_LIMIT_EXCEEDED,C++17 (GCC 7-32),1741923690
310505328,Minh999,Split the Multiset,WRONG_ANSWER,C++17 (GCC 7-32),1741923536
310504498,Minh999,Split the Multiset,WRONG_ANSWER,C++17 (GCC 7-32),1741922856
310504372,Minh999,Split the Multiset,WRONG_ANSWER,C++17 (GCC 7-32),1741922762
310501161,burga97,Range Minimum Sum,TIME_LIMIT_EXCEEDED,C++20 (GCC 13-64),1741918935
310501096,virgiliojaz_28,Make Majority,WRONG_ANSWER,C++17 (GCC 7-32),1741918855
310501053,acTiOn_kAmeN__,Range Minimum Sum,TIME_LIMIT_EXCEEDED,C++20 (GCC 13-64),1741918791
310500756,Mainak132Saha,Split the Multiset,OK,C++17 (GCC 7-32),1741918343
310500750,virgiliojaz_28,Make Majority,WRONG_ANSWER,C++17 (GCC 7-32),1741918336
310500530,faishal_052,Range Minimum Sum,TIME_LIMIT_EXCEEDED,C++20 (GCC 13-64),1741918040
310497670,Mainak132Saha,Split the Multiset,WRONG_ANSWER,C++17 (GCC 7-32),1741915258
310495139,abanoub_atef12,Split the Multiset,WRONG_ANSWER,Python 3,1741912353
310495035,abanoub_atef12,Split the Multiset,WRONG_ANSWER,Python 3,1741912232
310484536,mhtea1678.,Heartbeat,WRONG_ANSWER,"C++23 (GCC 14-64, msys2)",1741902230
310484531,yro710.,Heartbeat,COMPILATION_ERROR,"C++23 (GCC 14-64, msys2)",1741902227
310484528,mjohn1134.,Heartbeat,COMPILATION_ERROR,"C++23 (GCC 14-64, msys2)",1741902226
310484487,c945.,Heartbeat,COMPILATION_ERROR,"C++23 (GCC 14-64, msys2)",1741902201
310484433,gno847.,Heartbeat,WRONG_ANSWER,"C++23 (GCC 14-64, msys2)",1741902163
310484399,lowbornintezr,Heartbeat,WRONG_ANSWER,"C++23 (GCC 14-64, msys2)",1741902135
310484398,s582.,Heartbeat,COMPILATION_ERROR,"C++23 (GCC 14-64, msys2)",1741902134
310484394,f976.,Range Minimum Sum,TIME_LIMIT_EXCEEDED,"C++23 (GCC 14-64, msys2)",1741902132
310484390,gra54.,Range Minimum Sum,TIME_LIMIT_EXCEEDED,"C++23 (GCC 14-64, msys2)",1741902130
310484389,p1310.,Range Minimum Sum,TIME_LIMIT_EXCEEDED,"C++23 (GCC 14-64, msys2)",1741902128
310484387,br1008.,Range Minimum Sum,TIME_LIMIT_EXCEEDED,"C++23 (GCC 14-64, msys2)",1741902127
310484384,rodolfocanela717,Range Minimum Sum,TIME_LIMIT_EXCEEDED,"C++23 (GCC 14-64, msys2)",1741902124
310484380,wfu1190.,Range Minimum Sum,TIME_LIMIT_EXCEEDED,"C++23 (GCC 14-64, msys2)",1741902123
310484376,ric556.,Range Minimum Sum,WRONG_ANSWER,"C++23 (GCC 14-64, msys2)",1741902121
310484372,low919.,Range Minimum Sum,WRONG_ANSWER,"C++23 (GCC 14-64, msys2)",1741902118
310484367,e1642.,The Omnipotent Monster Killer,WRONG_ANSWER,"C++23 (GCC 14-64, msys2)",1741902117
310484365,1518.,The Omnipotent Monster Killer,WRONG_ANSWER,"C++23 (GCC 14-64, msys2)",1741902115
310484364,h541.,The Omnipotent Monster Killer,WRONG_ANSWER,"C++23 (GCC 14-64, msys2)",1741902114
310484359,fw445.,The Omnipotent Monster Killer,WRONG_ANSWER,"C++23 (GCC 14-64, msys2)",1741902112
310484358,v1413.,The Omnipotent Monster Killer,WRONG_ANSWER,"C++23 (GCC 14-64, msys2)",1741902109
310484356,k931.,The Omnipotent Monster Killer,WRONG_ANSWER,"C++23 (GCC 14-64, msys2)",1741902107
310484354,1032.,The Omnipotent Monster Killer,WRONG_ANSWER,"C++23 (GCC 14-64, msys2)",1741902106
310484300,la1325.,The Omnipotent Monster Killer,WRONG_ANSWER,"C++23 (GCC 14-64, msys2)",1741902073
310484258,luzuwv1821.,Increasing Sequence with Fixed OR,WRONG_ANSWER,"C++23 (GCC 14-64, msys2)",1741902035
310484254,wsa1596.,Increasing Sequence with Fixed OR,TIME_LIMIT_EXCEEDED,"C++23 (GCC 14-64, msys2)",1741902033
310484223,whi1229.,Increasing Sequence with Fixed OR,MEMORY_LIMIT_EXCEEDED,"C++23 (GCC 14-64, msys2)",1741902008
310484220,f1783.,Increasing Sequence with Fixed OR,WRONG_ANSWER,"C++23 (GCC 14-64, msys2)",1741902006
310484216,511.,Increasing Sequence with Fixed OR,WRONG_ANSWER,"C++23 (GCC 14-64, msys2)",1741902005
310484213,dor403.,Increasing Sequence with Fixed OR,WRONG_ANSWER,"C++23 (GCC 14-64, msys2)",1741902005
310484208,315.,Increasing Sequence with Fixed OR,WRONG_ANSWER,"C++23 (GCC 14-64, msys2)",1741902001
310484204,geor1826.,Increasing Sequence with Fixed OR,MEMORY_LIMIT_EXCEEDED,"C++23 (GCC 14-64, msys2)",1741901998
310484201,542.,Make Majority,WRONG_ANSWER,"C++23 (GCC 14-64, msys2)",1741901996
310484199,kper1143.,Make Majority,WRONG_ANSWER,"C++23 (GCC 14-64, msys2)",1741901994
310484197,b59.,Make Majority,WRONG_ANSWER,"C++23 (GCC 14-64, msys2)",1741901994
310484193,b965.,Make Majority,WRONG_ANSWER,"C++23 (GCC 14-64, msys2)",1741901990
310484189,a0.,Make Majority,WRONG_ANSWER,"C++23 (GCC 14-64, msys2)",1741901989
310484186,wfu1190.,Make Majority,WRONG_ANSWER,"C++23 (GCC 14-64, msys2)",1741901988
310484180,metapfaff9,Make Majority,WRONG_ANSWER,"C++23 (GCC 14-64, msys2)",1741901985
310484176,1298.,Make Majority,WRONG_ANSWER,"C++23 (GCC 14-64, msys2)",1741901983
310484156,k931.,Split the Multiset,WRONG_ANSWER,"C++23 (GCC 14-64, msys2)",1741901970
310484129,yro710.,Split the Multiset,WRONG_ANSWER,"C++23 (GCC 14-64, msys2)",1741901956
310484124,gr1355.,Split the Multiset,WRONG_ANSWER,"C++23 (GCC 14-64, msys2)",1741901954
310484123,898.,Split the Multiset,WRONG_ANSWER,"C++23 (GCC 14-64, msys2)",1741901953
310484049,bec1344.,Split the Multiset,WRONG_ANSWER,"C++23 (GCC 14-64, msys2)",1741901907
310484041,1183.,Split the Multiset,TIME_LIMIT_EXCEEDED,"C++23 (GCC 14-64, msys2)",1741901905
310484010,mi289.,Split the Multiset,WRONG_ANSWER,"C++23 (GCC 14-64, msys2)",1741901880
310484005,1189.,Split the Multiset,WRONG_ANSWER,"C++23 (GCC 14-64, msys2)",1741901878
310471489,miss_take,Increasing Sequence with Fixed OR,OK,C++17 (GCC 7-32),1741895030
310465769,Adya2198,Increasing Sequence with Fixed OR,WRONG_ANSWER,"C++23 (GCC 14-64, msys2)",1741892134
310464688,Adya2198,Increasing Sequence with Fixed OR,WRONG_ANSWER,"C++23 (GCC 14-64, msys2)",1741891612
310464544,Adya2198,Increasing Sequence with Fixed OR,COMPILATION_ERROR,"C++23 (GCC 14-64, msys2)",1741891540
310463638,Adya2198,Increasing Sequence with Fixed OR,WRONG_ANSWER,"C++23 (GCC 14-64, msys2)",1741891101
310463460,Adya2198,Increasing Sequence with Fixed OR,WRONG_ANSWER,"C++23 (GCC 14-64, msys2)",1741891017
310463338,Adya2198,Increasing Sequence with Fixed OR,WRONG_ANSWER,"C++23 (GCC 14-64, msys2)",1741890959
310462036,Adya2198,Increasing Sequence with Fixed OR,WRONG_ANSWER,"C++23 (GCC 14-64, msys2)",1741890364
310461869,Adya2198,Increasing Sequence with Fixed OR,WRONG_ANSWER,"C++23 (GCC 14-64, msys2)",1741890302
310460981,israatumeh9,Split the Multiset,OK,"C++23 (GCC 14-64, msys2)",1741889885
310460388,Adya2198,Increasing Sequence with Fixed OR,WRONG_ANSWER,"C++23 (GCC 14-64, msys2)",1741889616
310459142,Dipta_bar,Increasing Sequence with Fixed OR,OK,C++17 (GCC 7-32),1741889038
310458970,Dipta_bar,Increasing Sequence with Fixed OR,WRONG_ANSWER,C++17 (GCC 7-32),1741888953
310458692,Dipta_bar,Increasing Sequence with Fixed OR,WRONG_ANSWER,C++17 (GCC 7-32),1741888830
310458636,Dipta_bar,Increasing Sequence with Fixed OR,WRONG_ANSWER,C++17 (GCC 7-32),1741888799
310458606,Mayank987,Split the Multiset,OK,C++17 (GCC 7-32),1741888783
310458528,Mayank987,Split the Multiset,WRONG_ANSWER,C++17 (GCC 7-32),1741888739
310458432,Mayank987,Split the Multiset,COMPILATION_ERROR,Python 3,1741888693
310456808,israatumeh9,Make Majority,OK,"C++23 (GCC 14-64, msys2)",1741887991
310456287,Nakul_069,Split the Multiset,OK,C++17 (GCC 7-32),1741887756
310456156,kraken_1706,Split the Multiset,RUNTIME_ERROR,C++20 (GCC 13-64),1741887702
310455942,kraken_1706,Split the Multiset,TIME_LIMIT_EXCEEDED,C++20 (GCC 13-64),1741887615
310455847,Mayank987,Split the Multiset,WRONG_ANSWER,C++17 (GCC 7-32),1741887582
310454532,Adya2198,Make Majority,OK,"C++23 (GCC 14-64, msys2)",1741887031
310454516,saurabh_codes,Split the Multiset,OK,"C++23 (GCC 14-64, msys2)",1741887022
310453143,Adya2198,Split the Multiset,OK,"C++23 (GCC 14-64, msys2)",1741886443
310453120,Mayank987,Make Majority,OK,C++17 (GCC 7-32),1741886431
310452770,Adya2198,Split the Multiset,WRONG_ANSWER,"C++23 (GCC 14-64, msys2)",1741886286
310452304,Adya2198,Split the Multiset,WRONG_ANSWER,"C++23 (GCC 14-64, msys2)",1741886102
310451863,hemavardhan.g,Split the Multiset,OK,"C++23 (GCC 14-64, msys2)",1741885923
310443324,PzzZ,Split the Multiset,OK,"C++23 (GCC 14-64, msys2)",1741882279
310438479,_Break_The_Limits_,Split the Multiset,OK,C++20 (GCC 13-64),1741880314
310435533,_Break_The_Limits_,Split the Multiset,WRONG_ANSWER,C++20 (GCC 13-64),1741879191
310435319,_Break_The_Limits_,Split the Multiset,WRONG_ANSWER,C++20 (GCC 13-64),1741879121
310435034,_Break_The_Limits_,Split the Multiset,WRONG_ANSWER,C++20 (GCC 13-64),1741879013
310432085,Ahad,Increasing Sequence with Fixed OR,OK,C++17 (GCC 7-32),1741878046
310431509,Ahad,Increasing Sequence with Fixed OR,WRONG_ANSWER,C++17 (GCC 7-32),1741877861
310422065,c1348.,Heartbeat,COMPILATION_ERROR,"C++23 (GCC 14-64, msys2)",1741874494
310422050,ke1776.,Heartbeat,WRONG_ANSWER,"C++23 (GCC 14-64, msys2)",1741874489
310422046,d691.,Heartbeat,COMPILATION_ERROR,"C++23 (GCC 14-64, msys2)",1741874487
310422042,pgr1387.,Heartbeat,COMPILATION_ERROR,"C++23 (GCC 14-64, msys2)",1741874483
310421897,fontainef586,Heartbeat,WRONG_ANSWER,"C++23 (GCC 14-64, msys2)",1741874434
310421889,im828.,Range Minimum Sum,WRONG_ANSWER,"C++23 (GCC 14-64, msys2)",1741874431
310421887,shortyn885.,Heartbeat,COMPILATION_ERROR,"C++23 (GCC 14-64, msys2)",1741874430
310421884,c1698.,Range Minimum Sum,WRONG_ANSWER,"C++23 (GCC 14-64, msys2)",1741874430
310421873,de1654.,Heartbeat,COMPILATION_ERROR,"C++23 (GCC 14-64, msys2)",1741874425
310421782,brya22.,Range Minimum Sum,WRONG_ANSWER,"C++23 (GCC 14-64, msys2)",1741874388
310421739,grego605.,Range Minimum Sum,COMPILATION_ERROR,"C++23 (GCC 14-64, msys2)",1741874374
310421734,m1462.,Range Minimum Sum,WRONG_ANSWER,"C++23 (GCC 14-64, msys2)",1741874371
310421725,1037.,Range Minimum Sum,RUNTIME_ERROR,"C++23 (GCC 14-64, msys2)",1741874369
310421704,zlo1125.,Range Minimum Sum,RUNTIME_ERROR,"C++23 (GCC 14-64, msys2)",1741874362
310421700,goof1165.,The Omnipotent Monster Killer,WRONG_ANSWER,"C++23 (GCC 14-64, msys2)",1741874360
310421699,corvettopasteegguk,The Omnipotent Monster Killer,WRONG_ANSWER,"C++23 (GCC 14-64, msys2)",1741874359
310421692,kels1376.,The Omnipotent Monster Killer,WRONG_ANSWER,"C++23 (GCC 14-64, msys2)",1741874357
310421686,ab236.,The Omnipotent Monster Killer,WRONG_ANSWER,"C++23 (GCC 14-64, msys2)",1741874356
310421683,w773.,Increasing Sequence with Fixed OR,WRONG_ANSWER,"C++23 (GCC 14-64, msys2)",1741874355
310421675,frsvc1670.,Increasing Sequence with Fixed OR,COMPILATION_ERROR,"C++23 (GCC 14-64, msys2)",1741874354
310421667,kleo562.,The Omnipotent Monster Killer,WRONG_ANSWER,"C++23 (GCC 14-64, msys2)",1741874352
310421656,ye888.,The Omnipotent Monster Killer,WRONG_ANSWER,"C++23 (GCC 14-64, msys2)",1741874350
310421652,j1664.,The Omnipotent Monster Killer,WRONG_ANSWER,"C++23 (GCC 14-64, msys2)",1741874349
310421647,1814.,The Omnipotent Monster Killer,WRONG_ANSWER,"C++23 (GCC 14-64, msys2)",1741874347
310421575,rh1334.,Make Majority,WRONG_ANSWER,"C++23 (GCC 14-64, msys2)",1741874316
310421559,li1590.,Make Majority,WRONG_ANSWER,"C++23 (GCC 14-64, msys2)",1741874307
310421555,1149.,Increasing Sequence with Fixed OR,WRONG_ANSWER,"C++23 (GCC 14-64, msys2)",1741874307
310421548,ewil868.,Make Majority,WRONG_ANSWER,"C++23 (GCC 14-64, msys2)",1741874305
310421535,1754.,Make Majority,COMPILATION_ERROR,"C++23 (GCC 14-64, msys2)",1741874301
310421298,calde360.,Make Majority,WRONG_ANSWER,"C++23 (GCC 14-64, msys2)",1741874231
310421271,1409.,Split the Multiset,OK,PyPy 3-64,1741874222
310421249,cou591.,Make Majority,WRONG_ANSWER,"C++23 (GCC 14-64, msys2)",1741874214
310421244,1659.,Split the Multiset,OK,PyPy 3-64,1741874210
310421242,j1841.,Split the Multiset,OK,PyPy 3-64,1741874208
310421235,ro450.,Split the Multiset,OK,PyPy 3-64,1741874207
310421231,1129.,Split the Multiset,OK,"C++23 (GCC 14-64, msys2)",1741874205
310421223,ma351.,Split the Multiset,OK,"C++23 (GCC 14-64, msys2)",1741874204
310421209,h1794.,Split the Multiset,OK,PyPy 3-64,1741874201
310421205,150.,Split the Multiset,OK,"C++23 (GCC 14-64, msys2)",1741874200
310417709,SJCHSKY,The Omnipotent Monster Killer,OK,C++17 (GCC 7-32),1741872935
310417409,ALANDQQ,The Omnipotent Monster Killer,OK,C++17 (GCC 7-32),1741872817
310417052,_masha,The Omnipotent Monster Killer,OK,C++20 (GCC 13-64),1741872683
310415548,bnsczr,The Omnipotent Monster Killer,OK,"C++23 (GCC 14-64, msys2)",1741872116
310414729,choudharyanshul,Increasing Sequence with Fixed OR,OK,C++20 (GCC 13-64),1741871811
310414114,choudharyanshul,Increasing Sequence with Fixed OR,WRONG_ANSWER,C++20 (GCC 13-64),1741871583
310412339,bnsczr,The Omnipotent Monster Killer,WRONG_ANSWER,"C++23 (GCC 14-64, msys2)",1741870914
310411244,bnsczr,The Omnipotent Monster Killer,WRONG_ANSWER,"C++23 (GCC 14-64, msys2)",1741870510
310409068,bnsczr,The Omnipotent Monster Killer,WRONG_ANSWER,"C++23 (GCC 14-64, msys2)",1741869715
310408921,Pratywarrior,Increasing Sequence with Fixed OR,OK,C++17 (GCC 7-32),1741869660
310407605,bnsczr,The Omnipotent Monster Killer,WRONG_ANSWER,"C++23 (GCC 14-64, msys2)",1741869195
310404968,aman_bhargav7665,Increasing Sequence with Fixed OR,OK,"C++23 (GCC 14-64, msys2)",1741868172
310401783,so_close_,Increasing Sequence with Fixed OR,OK,C++17 (GCC 7-32),1741866959
310400789,ninjaHattori1,The Omnipotent Monster Killer,OK,"C++23 (GCC 14-64, msys2)",1741866592
310400412,ninjaHattori1,The Omnipotent Monster Killer,WRONG_ANSWER,"C++23 (GCC 14-64, msys2)",1741866458
310399972,ninjaHattori1,The Omnipotent Monster Killer,WRONG_ANSWER,"C++23 (GCC 14-64, msys2)",1741866305
310398045,WaterWang-001,Increasing Sequence with Fixed OR,OK,PyPy 3-64,1741865573
310397993,zhangzr,Split the Multiset,OK,C++17 (GCC 7-32),1741865552
310397492,zhangzr,Split the Multiset,WRONG_ANSWER,C++17 (GCC 7-32),1741865352
310396887,fx_tourist,Increasing Sequence with Fixed OR,OK,C++20 (GCC 13-64),1741865113
310396652,fx_tourist,Increasing Sequence with Fixed OR,WRONG_ANSWER,C++20 (GCC 13-64),1741865029
310396018,fx_tourist,Increasing Sequence with Fixed OR,TIME_LIMIT_EXCEEDED,C++20 (GCC 13-64),1741864777
310395340,Parthprajapat_2005,Split the Multiset,OK,C++20 (GCC 13-64),1741864507
310395162,Parthprajapat_2005,Split the Multiset,WRONG_ANSWER,C++20 (GCC 13-64),1741864447
310394779,Parthprajapat_2005,Increasing Sequence with Fixed OR,OK,C++20 (GCC 13-64),1741864298
310394261,fx_tourist,Make Majority,OK,C++20 (GCC 13-64),1741864099
310394220,Parthprajapat_2005,Increasing Sequence with Fixed OR,WRONG_ANSWER,C++20 (GCC 13-64),1741864084
310393969,Parthprajapat_2005,Increasing Sequence with Fixed OR,WRONG_ANSWER,C++20 (GCC 13-64),1741863980
310392108,fx_tourist,Split the Multiset,OK,C++20 (GCC 13-64),1741863229
310391112,fx_tourist,Split the Multiset,WRONG_ANSWER,C++20 (GCC 13-64),1741862824
310391024,Hardik_2003,The Omnipotent Monster Killer,WRONG_ANSWER,C++20 (GCC 13-64),1741862794
310388547,Parthprajapat_2005,Make Majority,OK,C++20 (GCC 13-64),1741861816
310386851,Parthprajapat_2005,Split the Multiset,WRONG_ANSWER,C++20 (GCC 13-64),1741861146
310386817,Hardik_2003,Increasing Sequence with Fixed OR,OK,C++20 (GCC 13-64),1741861127
310385836,Parthprajapat_2005,Split the Multiset,WRONG_ANSWER,C++20 (GCC 13-64),1741860718
310384236,-archit-,The Omnipotent Monster Killer,WRONG_ANSWER,C++20 (GCC 13-64),1741860112
310384122,Hardik_2003,Make Majority,OK,C++20 (GCC 13-64),1741860070
310383098,Hardik_2003,Split the Multiset,OK,C++20 (GCC 13-64),1741859638
310383025,-archit-,Increasing Sequence with Fixed OR,OK,C++20 (GCC 13-64),1741859612
310382991,-archit-,Make Majority,WRONG_ANSWER,C++20 (GCC 13-64),1741859600
310382749,-archit-,Increasing Sequence with Fixed OR,WRONG_ANSWER,C++20 (GCC 13-64),1741859502
310381282,-archit-,Make Majority,OK,C++20 (GCC 13-64),1741858889
310381201,RE_ght,Increasing Sequence with Fixed OR,OK,C++20 (GCC 13-64),1741858851
310381003,-archit-,Make Majority,WRONG_ANSWER,C++20 (GCC 13-64),1741858767
310380703,RE_ght,Increasing Sequence with Fixed OR,WRONG_ANSWER,C++20 (GCC 13-64),1741858643
310380648,RE_ght,Increasing Sequence with Fixed OR,WRONG_ANSWER,C++20 (GCC 13-64),1741858619
310380256,-archit-,Split the Multiset,OK,C++20 (GCC 13-64),1741858449
310380200,RE_ght,Increasing Sequence with Fixed OR,WRONG_ANSWER,C++20 (GCC 13-64),1741858425
310379973,RE_ght,Increasing Sequence with Fixed OR,WRONG_ANSWER,C++20 (GCC 13-64),1741858328
310377539,RE_ght,Increasing Sequence with Fixed OR,WRONG_ANSWER,C++20 (GCC 13-64),1741857283
310377144,RE_ght,Increasing Sequence with Fixed OR,WRONG_ANSWER,C++20 (GCC 13-64),1741857115
310377088,The_Skoof,The Omnipotent Monster Killer,OK,"C++23 (GCC 14-64, msys2)",1741857089
310376703,RE_ght,Increasing Sequence with Fixed OR,WRONG_ANSWER,C++20 (GCC 13-64),1741856918
310376400,315.,Range Minimum Sum,WRONG_ANSWER,"C++23 (GCC 14-64, msys2)",1741856775
310376398,ke1776.,Range Minimum Sum,COMPILATION_ERROR,"C++23 (GCC 14-64, msys2)",1741856774
310376396,je1719.,Range Minimum Sum,COMPILATION_ERROR,"C++23 (GCC 14-64, msys2)",1741856773
310376389,1241.,The Omnipotent Monster Killer,WRONG_ANSWER,"C++23 (GCC 14-64, msys2)",1741856771
310376379,j1664.,The Omnipotent Monster Killer,WRONG_ANSWER,"C++23 (GCC 14-64, msys2)",1741856767
310376377,sbr605.,The Omnipotent Monster Killer,WRONG_ANSWER,"C++23 (GCC 14-64, msys2)",1741856766
310376372,d1103.,The Omnipotent Monster Killer,WRONG_ANSWER,"C++23 (GCC 14-64, msys2)",1741856763
310376370,eli1109.,The Omnipotent Monster Killer,WRONG_ANSWER,"C++23 (GCC 14-64, msys2)",1741856763
310376367,254.,The Omnipotent Monster Killer,WRONG_ANSWER,"C++23 (GCC 14-64, msys2)",1741856761
310376360,whi1229.,Increasing Sequence with Fixed OR,WRONG_ANSWER,"C++23 (GCC 14-64, msys2)",1741856759
310376332,per1816.,Make Majority,WRONG_ANSWER,"C++23 (GCC 14-64, msys2)",1741856744
310376174,RE_ght,Increasing Sequence with Fixed OR,WRONG_ANSWER,C++20 (GCC 13-64),1741856668
310376170,kper1143.,Split the Multiset,OK,PyPy 3-64,1741856665
310376167,niculescumitica355,Split the Multiset,OK,"C++23 (GCC 14-64, msys2)",1741856664
310376159,vme190.,Make Majority,WRONG_ANSWER,PyPy 3-64,1741856661
310376157,z41.,Split the Multiset,OK,"C++23 (GCC 14-64, msys2)",1741856660
310376135,mar679.,Split the Multiset,OK,PyPy 3-64,1741856653
310376133,h378.,Split the Multiset,WRONG_ANSWER,PyPy 3-64,1741856652
310376124,1069.,Split the Multiset,OK,"C++23 (GCC 14-64, msys2)",1741856649
310376123,1681.,Split the Multiset,OK,PyPy 3-64,1741856649
310376065,RE_ght,Increasing Sequence with Fixed OR,RUNTIME_ERROR,C++20 (GCC 13-64),1741856624
310376023,Ayush7Repswal,Make Majority,OK,C++17 (GCC 7-32),1741856609
310375948,RE_ght,Increasing Sequence with Fixed OR,WRONG_ANSWER,C++20 (GCC 13-64),1741856581
310373802,Mehedi____,Split the Multiset,OK,"C++23 (GCC 14-64, msys2)",1741855576
310372934,memaytuyetlam,Make Majority,WRONG_ANSWER,C++20 (GCC 13-64),1741855178
310371889,memaytuyetlam,Make Majority,WRONG_ANSWER,C++20 (GCC 13-64),1741854704
310370854,memaytuyetlam,Make Majority,WRONG_ANSWER,C++20 (GCC 13-64),1741854211
310370120,memaytuyetlam,Make Majority,WRONG_ANSWER,C++20 (GCC 13-64),1741853849
310367249,RE_ght,Make Majority,OK,C++20 (GCC 13-64),1741852447
310367191,RE_ght,Make Majority,OK,C++20 (GCC 13-64),1741852421
310365856,144hz,Make Majority,OK,C++17 (GCC 7-32),1741851751
310365837,RE_ght,Split the Multiset,OK,C++20 (GCC 13-64),1741851745
310365638,RE_ght,Split the Multiset,WRONG_ANSWER,C++20 (GCC 13-64),1741851643
310365395,ssurge1598,Increasing Sequence with Fixed OR,OK,C++20 (GCC 13-64),1741851520
310365130,144hz,Make Majority,WRONG_ANSWER,C++17 (GCC 7-32),1741851399
310364655,ssurge1598,Increasing Sequence with Fixed OR,MEMORY_LIMIT_EXCEEDED,C++20 (GCC 13-64),1741851176
310361844,mehul1512,Increasing Sequence with Fixed OR,OK,C++17 (GCC 7-32),1741849813
310355420,ritu.kansal456,Split the Multiset,OK,C++17 (GCC 7-32),1741846562
310350541,Euphoriababy,Range Minimum Sum,OK,"C++23 (GCC 14-64, msys2)",1741843690
310345911,Euphoriababy,The Omnipotent Monster Killer,OK,"C++23 (GCC 14-64, msys2)",1741840137
310344760,Light-L,Split the Multiset,OK,GNU C11,1741839138
310339830,ssurge1598,Make Majority,OK,C++20 (GCC 13-64),1741834403
310339391,ssurge1598,Make Majority,WRONG_ANSWER,C++20 (GCC 13-64),1741833941
310337026,ssurge1598,Split the Multiset,OK,C++20 (GCC 13-64),1741831356
310314052,Pagode_Paiva,Range Minimum Sum,OK,C++17 (GCC 7-32),1741810251
310308747,Asmaatomeh,Split the Multiset,OK,"C++23 (GCC 14-64, msys2)",1741807258
310305569,Asmaatomeh,Make Majority,OK,"C++23 (GCC 14-64, msys2)",1741805690
310305149,damdam_CC,Increasing Sequence with Fixed OR,OK,PyPy 3-64,1741805500
310304847,damdam_CC,Increasing Sequence with Fixed OR,WRONG_ANSWER,PyPy 3-64,1741805350
310303300,tvimal002,Increasing Sequence with Fixed OR,OK,C++17 (GCC 7-32),1741804541
310303051,tvimal002,Increasing Sequence with Fixed OR,WRONG_ANSWER,C++17 (GCC 7-32),1741804405
310299546,Asmaatomeh,Make Majority,WRONG_ANSWER,"C++23 (GCC 14-64, msys2)",1741802896
310296646,Light-L,Split the Multiset,WRONG_ANSWER,GNU C11,1741801563
310292599,CacheMeIfYouCan,Make Majority,WRONG_ANSWER,C++20 (GCC 13-64),1741799862
310291682,CacheMeIfYouCan,Split the Multiset,OK,C++20 (GCC 13-64),1741799487
310289480,Light-L,Split the Multiset,WRONG_ANSWER,GNU C11,1741798510
310289064,Light-L,Split the Multiset,WRONG_ANSWER,GNU C11,1741798322
310288672,rizowanrafi71,Split the Multiset,OK,C++17 (GCC 7-32),1741798143
310286683,rizowanrafi71,Split the Multiset,WRONG_ANSWER,C++17 (GCC 7-32),1741797242
310284434,rizowanrafi71,Split the Multiset,WRONG_ANSWER,C++17 (GCC 7-32),1741796196
310284265,PzzZ,Make Majority,OK,"C++23 (GCC 14-64, msys2)",1741796116
310284156,PzzZ,Make Majority,COMPILATION_ERROR,"C++23 (GCC 14-64, msys2)",1741796059
310284034,aleC_aleC,Split the Multiset,OK,C++20 (GCC 13-64),1741796003
310283912,kadirov_10_01,Split the Multiset,OK,Python 3,1741795952
310283856,aleC_aleC,Split the Multiset,COMPILATION_ERROR,C++20 (GCC 13-64),1741795924
310283824,Light-L,Make Majority,OK,GNU C11,1741795906
310283619,rizowanrafi71,Split the Multiset,WRONG_ANSWER,C++17 (GCC 7-32),1741795804
310282957,Wahidddd,Split the Multiset,OK,C++17 (GCC 7-32),1741795484
310282681,Wahidddd,Split the Multiset,WRONG_ANSWER,C++17 (GCC 7-32),1741795355
310278157,HK_Sharma,Split the Multiset,WRONG_ANSWER,C++17 (GCC 7-32),1741793494
310264356,rahulgupta952005,Make Majority,WRONG_ANSWER,"C++23 (GCC 14-64, msys2)",1741788129
310263599,Euphoriababy,Increasing Sequence with Fixed OR,OK,"C++23 (GCC 14-64, msys2)",1741787829
310263155,Euphoriababy,Increasing Sequence with Fixed OR,OK,"C++23 (GCC 14-64, msys2)",1741787647
310262373,Euphoriababy,Increasing Sequence with Fixed OR,WRONG_ANSWER,"C++23 (GCC 14-64, msys2)",1741787337
310261181,aleC_aleC,Make Majority,OK,C++20 (GCC 13-64),1741786872
310260142,aleC_aleC,Make Majority,WRONG_ANSWER,C++20 (GCC 13-64),1741786465
310258185,rahulgupta952005,Make Majority,WRONG_ANSWER,"C++23 (GCC 14-64, msys2)",1741785725
310257844,Euphoriababy,Make Majority,OK,"C++23 (GCC 14-64, msys2)",1741785591
310257717,rahulgupta952005,Make Majority,WRONG_ANSWER,"C++23 (GCC 14-64, msys2)",1741785532
310256868,Euphoriababy,Split the Multiset,OK,"C++23 (GCC 14-64, msys2)",1741785092
310256475,Euphoriababy,Split the Multiset,RUNTIME_ERROR,"C++23 (GCC 14-64, msys2)",1741784887
310254890,037-Aizere-A-2028,Split the Multiset,OK,"C++23 (GCC 14-64, msys2)",1741784079
310254568,037-Aizere-A-2028,Split the Multiset,WRONG_ANSWER,"C++23 (GCC 14-64, msys2)",1741783924
310254193,037-Aizere-A-2028,Split the Multiset,WRONG_ANSWER,"C++23 (GCC 14-64, msys2)",1741783717
310253245,rahulgupta952005,Make Majority,WRONG_ANSWER,"C++23 (GCC 14-64, msys2)",1741783236
310249076,rahulgupta952005,Make Majority,WRONG_ANSWER,"C++23 (GCC 14-64, msys2)",1741781005
310246977,aash8a9,The Omnipotent Monster Killer,OK,C++17 (GCC 7-32),1741779907
310246042,mdnrkn,Split the Multiset,OK,"C++23 (GCC 14-64, msys2)",1741779430
310245209,Tirth_Patel_9978,Split the Multiset,OK,C++17 (GCC 7-32),1741779014
310245179,sachin_I_,Make Majority,WRONG_ANSWER,C++17 (GCC 7-32),1741778994
310244868,LightZz,Range Minimum Sum,OK,"C++23 (GCC 14-64, msys2)",1741778840
310244680,sachin_I_,Make Majority,WRONG_ANSWER,C++17 (GCC 7-32),1741778739
310244631,__ikun__horro__,Range Minimum Sum,OK,C++17 (GCC 7-32),1741778710
310244237,The_Skoof,The Omnipotent Monster Killer,WRONG_ANSWER,"C++23 (GCC 14-64, msys2)",1741778487
310243798,xrf123,Split the Multiset,OK,C++17 (GCC 7-32),1741778259
310243232,xrf123,Make Majority,OK,C++17 (GCC 7-32),1741777968
310242725,9Siam138,Make Majority,OK,C++17 (GCC 7-32),1741777730
310242580,dineshreddy25,Make Majority,OK,C++17 (GCC 7-32),1741777658
310241776,faishal_052,Make Majority,WRONG_ANSWER,C++17 (GCC 7-32),1741777250
310241459,xerlixx,Increasing Sequence with Fixed OR,OK,C++17 (GCC 7-32),1741777060
310241297,bkifhr9,Make Majority,WRONG_ANSWER,C++17 (GCC 7-32),1741776972
310241103,xerlixx,Increasing Sequence with Fixed OR,WRONG_ANSWER,C++17 (GCC 7-32),1741776869
310240128,Hasan_34,Split the Multiset,OK,C++17 (GCC 7-32),1741776335
310239405,xerlixx,Increasing Sequence with Fixed OR,WRONG_ANSWER,C++17 (GCC 7-32),1741775872
310238493,Hasan_34,Split the Multiset,WRONG_ANSWER,C++17 (GCC 7-32),1741775315
310238026,16gn,Split the Multiset,WRONG_ANSWER,C++20 (GCC 13-64),1741775033
310231186,Mohammad_Almstafa,Increasing Sequence with Fixed OR,OK,C++17 (GCC 7-32),1741771119
310229420,Mohammad_Almstafa,Increasing Sequence with Fixed OR,WRONG_ANSWER,C++17 (GCC 7-32),1741770328
310223208,16gn,Split the Multiset,WRONG_ANSWER,C++20 (GCC 13-64),1741767040
310221937,xrf123,Split the Multiset,WRONG_ANSWER,C++17 (GCC 7-32),1741766392
310221235,xrf123,Split the Multiset,WRONG_ANSWER,C++17 (GCC 7-32),1741765976
310221044,xrf123,Split the Multiset,COMPILATION_ERROR,GNU C11,1741765880
310218955,16gn,Split the Multiset,WRONG_ANSWER,C++20 (GCC 13-64),1741764692
310213395,Gianamtong0502,Increasing Sequence with Fixed OR,WRONG_ANSWER,C++17 (GCC 7-32),1741762243
310210660,N.14159,Make Majority,OK,C++20 (GCC 13-64),1741760915
310210014,Parth1636,Increasing Sequence with Fixed OR,OK,"C++23 (GCC 14-64, msys2)",1741760605
310209875,Parth1636,Increasing Sequence with Fixed OR,WRONG_ANSWER,"C++23 (GCC 14-64, msys2)",1741760539
310209694,vijayendra_ch,Make Majority,OK,C++17 (GCC 7-32),1741760447
310209115,LightZz,The Omnipotent Monster Killer,OK,"C++23 (GCC 14-64, msys2)",1741760170
310208145,N.14159,Make Majority,WRONG_ANSWER,C++20 (GCC 13-64),1741759728
310207825,LightZz,The Omnipotent Monster Killer,WRONG_ANSWER,"C++23 (GCC 14-64, msys2)",1741759566
310207735,LightZz,The Omnipotent Monster Killer,OK,"C++23 (GCC 14-64, msys2)",1741759517
310207309,Parth1636,Split the Multiset,OK,"C++23 (GCC 14-64, msys2)",1741759298
310206697,Parth1636,Split the Multiset,WRONG_ANSWER,"C++23 (GCC 14-64, msys2)",1741758963
310202655,kar_theeke,Split the Multiset,OK,"C++23 (GCC 14-64, msys2)",1741756620
310201192,kar_theeke,Make Majority,OK,"C++23 (GCC 14-64, msys2)",1741755678
310197794,manansanghani1972,Make Majority,OK,"C++23 (GCC 14-64, msys2)",1741753191
310197155,manansanghani1972,Make Majority,OK,"C++23 (GCC 14-64, msys2)",1741752665
310196478,gitker,Heartbeat,WRONG_ANSWER,Python 3,1741752125
310196150,gitker,Heartbeat,WRONG_ANSWER,C++17 (GCC 7-32),1741751857
310196101,vijayendra_ch,Split the Multiset,WRONG_ANSWER,C++17 (GCC 7-32),1741751825
310196039,LightZz,The Omnipotent Monster Killer,OK,"C++23 (GCC 14-64, msys2)",1741751768
310195907,LightZz,The Omnipotent Monster Killer,MEMORY_LIMIT_EXCEEDED,"C++23 (GCC 14-64, msys2)",1741751654
310194403,LightZz,The Omnipotent Monster Killer,WRONG_ANSWER,"C++23 (GCC 14-64, msys2)",1741750360
310194022,LightZz,The Omnipotent Monster Killer,WRONG_ANSWER,"C++23 (GCC 14-64, msys2)",1741750057
310193894,vijayendra_ch,Split the Multiset,WRONG_ANSWER,C++17 (GCC 7-32),1741749951
310193455,LightZz,The Omnipotent Monster Killer,WRONG_ANSWER,"C++23 (GCC 14-64, msys2)",1741749620
310193224,vijayendra_ch,Split the Multiset,WRONG_ANSWER,C++17 (GCC 7-32),1741749422
310192999,vijayendra_ch,Split the Multiset,WRONG_ANSWER,C++17 (GCC 7-32),1741749191
310192652,LightZz,Increasing Sequence with Fixed OR,OK,"C++23 (GCC 14-64, msys2)",1741748871
310191748,LightZz,Make Majority,OK,"C++23 (GCC 14-64, msys2)",1741747913
310191523,vijayendra_ch,Split the Multiset,WRONG_ANSWER,C++17 (GCC 7-32),1741747689
310191088,dineshreddy25,The Omnipotent Monster Killer,OK,"C++23 (GCC 14-64, msys2)",1741747262
310190988,LightZz,Split the Multiset,OK,"C++23 (GCC 14-64, msys2)",1741747166
310190960,LightZz,Split the Multiset,COMPILATION_ERROR,GNU C11,1741747141
310190216,bkifhr6,The Omnipotent Monster Killer,OK,C++17 (GCC 7-32),1741746363
310190188,imraquibe,The Omnipotent Monster Killer,TIME_LIMIT_EXCEEDED,C++17 (GCC 7-32),1741746320
310182914,goodnightm,The Omnipotent Monster Killer,OK,C++17 (GCC 7-32),1741738131
310182782,goodnightm,Split the Multiset,OK,C++17 (GCC 7-32),1741737958
310181834,bao-alan,Heartbeat,OK,"C++23 (GCC 14-64, msys2)",1741736723
310177048,Ahmed_Hassan_Amin,Heartbeat,OK,"C++23 (GCC 14-64, msys2)",1741730822
310176657,Ahmed_Amin_Hassan,Heartbeat,OK,"C++23 (GCC 14-64, msys2)",1741730406
310176454,Ahmed_Hassan_Amin,Heartbeat,OK,"C++23 (GCC 14-64, msys2)",1741730216
310176295,Ahmed_Hassan_Amin,Heartbeat,OK,"C++23 (GCC 14-64, msys2)",1741730061
310173860,wxhtzdy,Range Minimum Sum,OK,C++20 (GCC 13-64),1741727743
310173816,nonglen,Increasing Sequence with Fixed OR,OK,C++17 (GCC 7-32),1741727704
310173799,wxhtzdy,Range Minimum Sum,RUNTIME_ERROR,C++20 (GCC 13-64),1741727689
310163050,Simurdiera_MAC,Make Majority,OK,"C++23 (GCC 14-64, msys2)",1741720089
310162686,amigo123,Make Majority,WRONG_ANSWER,C++20 (GCC 13-64),1741719871
310162617,Simurdiera_MAC,Make Majority,WRONG_ANSWER,"C++23 (GCC 14-64, msys2)",1741719826
310161922,Simurdiera_MAC,Split the Multiset,OK,"C++23 (GCC 14-64, msys2)",1741719426
310161738,Simurdiera_MAC,Split the Multiset,WRONG_ANSWER,"C++23 (GCC 14-64, msys2)",1741719312
310158733,jha_divyanshu,Split the Multiset,WRONG_ANSWER,C++17 (GCC 7-32),1741717689
310156785,jha_divyanshu,Make Majority,OK,C++17 (GCC 7-32),1741716852
310156592,maciek2,Increasing Sequence with Fixed OR,OK,C++17 (GCC 7-32),1741716774
310156343,23._.qurbanov,Split the Multiset,OK,Python 3,1741716658
310156177,maciek2,Increasing Sequence with Fixed OR,WRONG_ANSWER,C++17 (GCC 7-32),1741716592
310149823,iyedoo,Increasing Sequence with Fixed OR,OK,C++20 (GCC 13-64),1741714259
310125415,Shahriyar_Joy,Split the Multiset,OK,"C++23 (GCC 14-64, msys2)",1741710669
310042317,katherapally.jayanth,Increasing Sequence with Fixed OR,WRONG_ANSWER,PyPy 3-64,1741705379
310039226,katherapally.jayanth,Make Majority,WRONG_ANSWER,PyPy 3-64,1741705253
310037187,katherapally.jayanth,Split the Multiset,WRONG_ANSWER,PyPy 3-64,1741705169
309982153,Md_Arzu,Make Majority,OK,C++17 (GCC 7-32),1741700364
309982105,graidy_011888,The Omnipotent Monster Killer,OK,C++17 (GCC 7-32),1741700340
309981649,DawnFall119,Make Majority,OK,C++17 (GCC 7-32),1741700155
309981625,rzyyyy,The Omnipotent Monster Killer,OK,C++20 (GCC 13-64),1741700148
309979650,sameersingh8848,Split the Multiset,OK,"C++23 (GCC 14-64, msys2)",1741699256
309979408,graidy_011888,Split the Multiset,WRONG_ANSWER,"C++23 (GCC 14-64, msys2)",1741699142
309977890,zlxhh666,Split the Multiset,OK,C++17 (GCC 7-32),1741698472
309977033,zlxhh666,Split the Multiset,WRONG_ANSWER,C++17 (GCC 7-32),1741698132
309976644,zlxhh666,Split the Multiset,WRONG_ANSWER,C++17 (GCC 7-32),1741697949
309976458,zlxhh666,Split the Multiset,WRONG_ANSWER,C++17 (GCC 7-32),1741697879
309976373,zlxhh666,Make Majority,WRONG_ANSWER,C++17 (GCC 7-32),1741697849
309975865,16gn,Split the Multiset,WRONG_ANSWER,C++20 (GCC 13-64),1741697672
309974945,mishrajitesh23,Split the Multiset,WRONG_ANSWER,"C++23 (GCC 14-64, msys2)",1741697333
309972553,mishrajitesh23,Split the Multiset,WRONG_ANSWER,"C++23 (GCC 14-64, msys2)",1741696451
309967649,Shahriyar_Joy,Split the Multiset,WRONG_ANSWER,"C++23 (GCC 14-64, msys2)",1741694580
309962998,Shahriyar_Joy,Split the Multiset,WRONG_ANSWER,"C++23 (GCC 14-64, msys2)",1741692840
309962347,Shahriyar_Joy,Make Majority,OK,"C++23 (GCC 14-64, msys2)",1741692597
309961178,Shahriyar_Joy,Split the Multiset,WRONG_ANSWER,"C++23 (GCC 14-64, msys2)",1741692155
309960225,Shahriyar_Joy,Split the Multiset,WRONG_ANSWER,"C++23 (GCC 14-64, msys2)",1741691781
309955557,Queue69,Increasing Sequence with Fixed OR,OK,C++17 (GCC 7-32),1741689777
309955385,LHaoooo,Make Majority,WRONG_ANSWER,C++17 (GCC 7-32),1741689700
309952816,Shahriyar_Joy,Split the Multiset,WRONG_ANSWER,"C++23 (GCC 14-64, msys2)",1741688508
309952331,Tanzim_32,Make Majority,WRONG_ANSWER,"C++23 (GCC 14-64, msys2)",1741688285
309951038,Tanzim_32,Make Majority,WRONG_ANSWER,"C++23 (GCC 14-64, msys2)",1741687727
309948875,graidy_011888,Make Majority,WRONG_ANSWER,C++17 (GCC 7-32),1741686723
309947980,Alien___X,Make Majority,WRONG_ANSWER,C++17 (GCC 7-32),1741686345
309947818,faishal_053,Make Majority,WRONG_ANSWER,C++17 (GCC 7-32),1741686269
309936482,9217,Range Minimum Sum,OK,C++20 (GCC 13-64),1741681172
309936303,9217,Range Minimum Sum,TIME_LIMIT_EXCEEDED,C++20 (GCC 13-64),1741681096
309936169,9217,Range Minimum Sum,WRONG_ANSWER,C++20 (GCC 13-64),1741681037
309934216,9217,Range Minimum Sum,WRONG_ANSWER,C++17 (GCC 7-32),1741680080
309928523,MonishVinay,Increasing Sequence with Fixed OR,OK,"C++23 (GCC 14-64, msys2)",1741677124
309928459,MonishVinay,Increasing Sequence with Fixed OR,TIME_LIMIT_EXCEEDED,"C++23 (GCC 14-64, msys2)",1741677092
309928317,MonishVinay,Increasing Sequence with Fixed OR,WRONG_ANSWER,"C++23 (GCC 14-64, msys2)",1741677024
309927824,palsaksham025,Increasing Sequence with Fixed OR,TIME_LIMIT_EXCEEDED,"C++23 (GCC 14-64, msys2)",1741676748
309927822,MonishVinay,Increasing Sequence with Fixed OR,WRONG_ANSWER,"C++23 (GCC 14-64, msys2)",1741676747
309926782,MonishVinay,Increasing Sequence with Fixed OR,WRONG_ANSWER,"C++23 (GCC 14-64, msys2)",1741676172
309924503,harsh007_,Make Majority,WRONG_ANSWER,C++20 (GCC 13-64),1741675036
309924339,harsh007_,Make Majority,WRONG_ANSWER,C++20 (GCC 13-64),1741674958
309922208,harsh007_,Make Majority,WRONG_ANSWER,C++20 (GCC 13-64),1741673799
309920834,harsh007_,Make Majority,WRONG_ANSWER,C++20 (GCC 13-64),1741673036
309920749,harsh007_,Make Majority,COMPILATION_ERROR,C++20 (GCC 13-64),1741672984
309919637,Khaled_moham3d,Split the Multiset,OK,"C++23 (GCC 14-64, msys2)",1741672353
309919484,Khaled_moham3d,Split the Multiset,WRONG_ANSWER,"C++23 (GCC 14-64, msys2)",1741672261
309919274,Khaled_moham3d,Split the Multiset,WRONG_ANSWER,"C++23 (GCC 14-64, msys2)",1741672121
309918743,Khaled_moham3d,Split the Multiset,WRONG_ANSWER,"C++23 (GCC 14-64, msys2)",1741671799
309915174,ishutiku,Make Majority,WRONG_ANSWER,Python 3,1741669548
309915058,mimimimiku,Make Majority,WRONG_ANSWER,PyPy 3-64,1741669473
309913776,ishutiku,Split the Multiset,WRONG_ANSWER,Python 3,1741668567
309913361,zhxbz,Increasing Sequence with Fixed OR,OK,C++20 (GCC 13-64),1741668250
309913233,zhxbz,Increasing Sequence with Fixed OR,WRONG_ANSWER,C++20 (GCC 13-64),1741668159
309913136,zhxbz,Increasing Sequence with Fixed OR,WRONG_ANSWER,C++20 (GCC 13-64),1741668086
309912871,zhxbz,Increasing Sequence with Fixed OR,WRONG_ANSWER,C++20 (GCC 13-64),1741667872
309912686,zhxbz,Increasing Sequence with Fixed OR,OK,C++20 (GCC 13-64),1741667741
309912633,zhxbz,Increasing Sequence with Fixed OR,COMPILATION_ERROR,C++20 (GCC 13-64),1741667702
309912399,zhxbz,Increasing Sequence with Fixed OR,RUNTIME_ERROR,C++20 (GCC 13-64),1741667502
309912128,zhxbz,Increasing Sequence with Fixed OR,RUNTIME_ERROR,C++20 (GCC 13-64),1741667295
309911985,zhxbz,Increasing Sequence with Fixed OR,WRONG_ANSWER,C++20 (GCC 13-64),1741667188
309911597,dewidar1001,Split the Multiset,OK,C++17 (GCC 7-32),1741666878
309911536,zhxbz,Increasing Sequence with Fixed OR,WRONG_ANSWER,C++20 (GCC 13-64),1741666833
309911002,zhxbz,Increasing Sequence with Fixed OR,WRONG_ANSWER,C++20 (GCC 13-64),1741666401
309910807,dewidar1001,Split the Multiset,WRONG_ANSWER,C++17 (GCC 7-32),1741666241
309910774,zhxbz,Increasing Sequence with Fixed OR,WRONG_ANSWER,C++20 (GCC 13-64),1741666208
309910651,zhxbz,Increasing Sequence with Fixed OR,WRONG_ANSWER,C++20 (GCC 13-64),1741666093
309910561,zhxbz,Increasing Sequence with Fixed OR,WRONG_ANSWER,C++20 (GCC 13-64),1741666012
309910291,zhxbz,Increasing Sequence with Fixed OR,WRONG_ANSWER,C++20 (GCC 13-64),1741665773
309910234,haha1324,Increasing Sequence with Fixed OR,OK,C++17 (GCC 7-32),1741665726
309909982,haha1324,Increasing Sequence with Fixed OR,WRONG_ANSWER,C++17 (GCC 7-32),1741665483
309899217,dineshreddy25,The Omnipotent Monster Killer,OK,C++17 (GCC 7-32),1741655070
309899196,FerLima,The Omnipotent Monster Killer,OK,"C++23 (GCC 14-64, msys2)",1741655047
309899138,FerLima,The Omnipotent Monster Killer,WRONG_ANSWER,"C++23 (GCC 14-64, msys2)",1741654993
309899076,FerLima,The Omnipotent Monster Killer,COMPILATION_ERROR,"C++23 (GCC 14-64, msys2)",1741654943
309899010,FerLima,The Omnipotent Monster Killer,OK,"C++23 (GCC 14-64, msys2)",1741654867
309898978,FerLima,The Omnipotent Monster Killer,COMPILATION_ERROR,"C++23 (GCC 14-64, msys2)",1741654836
309898794,FerLima,The Omnipotent Monster Killer,WRONG_ANSWER,"C++23 (GCC 14-64, msys2)",1741654672
309897229,FerLima,The Omnipotent Monster Killer,WRONG_ANSWER,"C++23 (GCC 14-64, msys2)",1741653037
309896943,FerLima,The Omnipotent Monster Killer,WRONG_ANSWER,"C++23 (GCC 14-64, msys2)",1741652697
309896812,FerLima,The Omnipotent Monster Killer,WRONG_ANSWER,"C++23 (GCC 14-64, msys2)",1741652537
309896778,one_eyed_king_kaneki_ken,Increasing Sequence with Fixed OR,OK,"C++23 (GCC 14-64, msys2)",1741652495
309896755,FerLima,The Omnipotent Monster Killer,WRONG_ANSWER,"C++23 (GCC 14-64, msys2)",1741652475
309896700,faishal_053,The Omnipotent Monster Killer,WRONG_ANSWER,C++17 (GCC 7-32),1741652403
309883105,Necromancer_74,Make Majority,OK,C++17 (GCC 7-32),1741639726
309864886,TamimBhai,Increasing Sequence with Fixed OR,OK,C++17 (GCC 7-32),1741629822
309839112,YLNarasimha1711,Increasing Sequence with Fixed OR,OK,C++17 (GCC 7-32),1741623652
309836147,YLNarasimha1711,Increasing Sequence with Fixed OR,WRONG_ANSWER,C++17 (GCC 7-32),1741623244
309834842,YLNarasimha1711,Increasing Sequence with Fixed OR,WRONG_ANSWER,C++17 (GCC 7-32),1741623082
309801890,shishu0601,Split the Multiset,OK,C++17 (GCC 7-32),1741619848
309790094,V1yom,Make Majority,WRONG_ANSWER,C++20 (GCC 13-64),1741619101
309785702,ANITHARAJESWARINULU,Make Majority,RUNTIME_ERROR,Python 3,1741618832
309782989,kimk,The Omnipotent Monster Killer,OK,C++17 (GCC 7-32),1741618700
309779383,ANITHARAJESWARINULU,Split the Multiset,OK,Python 3,1741618537
309765386,xiaomi666666,The Omnipotent Monster Killer,OK,"C++23 (GCC 14-64, msys2)",1741616848
309764789,chauhan_09,Make Majority,OK,"C++23 (GCC 14-64, msys2)",1741616549
309763865,xiaomi666666,The Omnipotent Monster Killer,WRONG_ANSWER,"C++23 (GCC 14-64, msys2)",1741616171
309761475,foucs,Increasing Sequence with Fixed OR,TIME_LIMIT_EXCEEDED,C++17 (GCC 7-32),1741615100
309760917,foucs,Increasing Sequence with Fixed OR,TIME_LIMIT_EXCEEDED,C++17 (GCC 7-32),1741614850
309759706,foucs,Increasing Sequence with Fixed OR,MEMORY_LIMIT_EXCEEDED,C++17 (GCC 7-32),1741614294
309759054,foucs,Increasing Sequence with Fixed OR,MEMORY_LIMIT_EXCEEDED,C++17 (GCC 7-32),1741614010
309757468,xiaomi666666,Increasing Sequence with Fixed OR,OK,"C++23 (GCC 14-64, msys2)",1741613320
309757269,cocode_forces,The Omnipotent Monster Killer,OK,PyPy 3-64,1741613224
309757189,aftabroushad711,Split the Multiset,OK,"C++23 (GCC 14-64, msys2)",1741613187
309757054,cocode_forces,The Omnipotent Monster Killer,TIME_LIMIT_EXCEEDED,Python 3,1741613126
309757023,Thesecondgoing,Increasing Sequence with Fixed OR,OK,"C++23 (GCC 14-64, msys2)",1741613114
309756933,cocode_forces,The Omnipotent Monster Killer,RUNTIME_ERROR,PyPy 3-64,1741613071
309756912,xiaomi666666,Increasing Sequence with Fixed OR,WRONG_ANSWER,"C++23 (GCC 14-64, msys2)",1741613065
309756682,cocode_forces,The Omnipotent Monster Killer,TIME_LIMIT_EXCEEDED,PyPy 3-64,1741612966
309756584,Thesecondgoing,Increasing Sequence with Fixed OR,WRONG_ANSWER,"C++23 (GCC 14-64, msys2)",1741612921
309756556,cocode_forces,The Omnipotent Monster Killer,OK,"C++23 (GCC 14-64, msys2)",1741612902
309755174,vicc,Increasing Sequence with Fixed OR,OK,"C++23 (GCC 14-64, msys2)",1741612251
309754868,cricrazy_001,Increasing Sequence with Fixed OR,OK,C++17 (GCC 7-32),1741612085
309754739,vicc,Increasing Sequence with Fixed OR,RUNTIME_ERROR,"C++23 (GCC 14-64, msys2)",1741612031
309754385,cocode_forces,The Omnipotent Monster Killer,OK,"C++23 (GCC 14-64, msys2)",1741611860
309754269,cocode_forces,The Omnipotent Monster Killer,COMPILATION_ERROR,"C++23 (GCC 14-64, msys2)",1741611810
309754221,cocode_forces,The Omnipotent Monster Killer,COMPILATION_ERROR,C++20 (GCC 13-64),1741611787
309754122,cocode_forces,The Omnipotent Monster Killer,TIME_LIMIT_EXCEEDED,PyPy 3-64,1741611736
309753929,cocode_forces,The Omnipotent Monster Killer,TIME_LIMIT_EXCEEDED,PyPy 3-64,1741611645
309753301,cocode_forces,The Omnipotent Monster Killer,TIME_LIMIT_EXCEEDED,PyPy 3-64,1741611356
309753047,xiaomi666666,Make Majority,OK,"C++23 (GCC 14-64, msys2)",1741611247
309751851,cocode_forces,The Omnipotent Monster Killer,WRONG_ANSWER,PyPy 3-64,1741610693
309751359,cocode_forces,The Omnipotent Monster Killer,RUNTIME_ERROR,PyPy 3-64,1741610464
309751076,cocode_forces,The Omnipotent Monster Killer,TIME_LIMIT_EXCEEDED,PyPy 3-64,1741610321
309750839,cocode_forces,The Omnipotent Monster Killer,WRONG_ANSWER,PyPy 3-64,1741610202
309750623,cocode_forces,The Omnipotent Monster Killer,TIME_LIMIT_EXCEEDED,PyPy 3-64,1741610095
309750489,cocode_forces,The Omnipotent Monster Killer,TIME_LIMIT_EXCEEDED,PyPy 3-64,1741610019
309750397,cocode_forces,The Omnipotent Monster Killer,TIME_LIMIT_EXCEEDED,Python 3,1741609974
309749414,vicc,Increasing Sequence with Fixed OR,WRONG_ANSWER,"C++23 (GCC 14-64, msys2)",1741609561
309749384,goodnightm,The Omnipotent Monster Killer,RUNTIME_ERROR,C++17 (GCC 7-32),1741609548
309749022,vicc,Increasing Sequence with Fixed OR,WRONG_ANSWER,"C++23 (GCC 14-64, msys2)",1741609379
309748902,vicc,Increasing Sequence with Fixed OR,WRONG_ANSWER,"C++23 (GCC 14-64, msys2)",1741609325
309748711,vicc,Increasing Sequence with Fixed OR,WRONG_ANSWER,"C++23 (GCC 14-64, msys2)",1741609238
309748606,vicc,Increasing Sequence with Fixed OR,WRONG_ANSWER,"C++23 (GCC 14-64, msys2)",1741609188
309745459,GoAvalon,Make Majority,OK,C++17 (GCC 7-32),1741607706
309744988,Joyboy45,Make Majority,OK,"C++23 (GCC 14-64, msys2)",1741607488
309744752,xiaomi666666,Split the Multiset,OK,"C++23 (GCC 14-64, msys2)",1741607374
309744621,xiaomi666666,Split the Multiset,OK,"C++23 (GCC 14-64, msys2)",1741607319
309743523,dmajestictiger,Make Majority,OK,"C++23 (GCC 14-64, msys2)",1741606832
309742503,goodnightm,Increasing Sequence with Fixed OR,OK,C++17 (GCC 7-32),1741606344
309742310,GoAvalon,Split the Multiset,WRONG_ANSWER,C++17 (GCC 7-32),1741606247
309741162,A7Med_Ma7Moud,Split the Multiset,OK,C++17 (GCC 7-32),1741605667
309741060,goodnightm,Make Majority,OK,C++17 (GCC 7-32),1741605619
309740973,A7Med_Ma7Moud,Split the Multiset,WRONG_ANSWER,C++17 (GCC 7-32),1741605579
309740870,goodnightm,Make Majority,WRONG_ANSWER,C++17 (GCC 7-32),1741605524
309740039,yug_prajapati2,Increasing Sequence with Fixed OR,OK,C++17 (GCC 7-32),1741605093
309739119,yug_prajapati2,Increasing Sequence with Fixed OR,WRONG_ANSWER,C++17 (GCC 7-32),1741604577
309738660,cini,Split the Multiset,OK,C++17 (GCC 7-32),1741604327
309738144,A7Med_Ma7Moud,Split the Multiset,WRONG_ANSWER,C++17 (GCC 7-32),1741604031
309735544,Abdolski,Make Majority,OK,"C++23 (GCC 14-64, msys2)",1741602682
309735071,DaCode714,Increasing Sequence with Fixed OR,OK,C++20 (GCC 13-64),1741602435
309733746,DaCode714,Make Majority,OK,C++20 (GCC 13-64),1741601690
309732812,DaCode714,Split the Multiset,OK,C++20 (GCC 13-64),1741601193
309731404,xiaomi666666,Split the Multiset,OK,"C++23 (GCC 14-64, msys2)",1741600440
309728994,Najmiddin13,Make Majority,OK,"C++23 (GCC 14-64, msys2)",1741599104
309728194,sachin_I_,Make Majority,WRONG_ANSWER,C++17 (GCC 7-32),1741598662
309727803,sachin_I_,Make Majority,WRONG_ANSWER,C++17 (GCC 7-32),1741598441
309726947,Abdul_Da,Make Majority,OK,C++17 (GCC 7-32),1741598025
309726353,Abdul_Da,Make Majority,WRONG_ANSWER,C++17 (GCC 7-32),1741597745
309723436,sachin_I_,Make Majority,WRONG_ANSWER,C++17 (GCC 7-32),1741596235
309722317,sachin_I_,Make Majority,WRONG_ANSWER,C++17 (GCC 7-32),1741595538
309720628,Dulat-E-009-028,Increasing Sequence with Fixed OR,OK,C++17 (GCC 7-32),1741594567
309713540,xcjACMdxcj,Increasing Sequence with Fixed OR,OK,C++20 (GCC 13-64),1741590110
309711401,mdmishu199088,Increasing Sequence with Fixed OR,OK,"C++23 (GCC 14-64, msys2)",1741589012
309711141,mdmishu199088,Increasing Sequence with Fixed OR,WRONG_ANSWER,"C++23 (GCC 14-64, msys2)",1741588822
309710451,gu51yo,The Omnipotent Monster Killer,OK,"C++23 (GCC 14-64, msys2)",1741588314
309708856,mdmishu199088,Increasing Sequence with Fixed OR,TIME_LIMIT_EXCEEDED,"C++23 (GCC 14-64, msys2)",1741587172
309708745,mdmishu199088,Increasing Sequence with Fixed OR,TIME_LIMIT_EXCEEDED,"C++23 (GCC 14-64, msys2)",1741587099
309705098,OmarAboutaleb78,Split the Multiset,OK,"C++23 (GCC 14-64, msys2)",1741584141
309704382,kesavakarthikr,Increasing Sequence with Fixed OR,OK,C++17 (GCC 7-32),1741583564
309704282,kesavakarthikr,Increasing Sequence with Fixed OR,OK,C++17 (GCC 7-32),1741583481
309703290,kesavakarthikr,Increasing Sequence with Fixed OR,WRONG_ANSWER,C++17 (GCC 7-32),1741582641
309702977,kesavakarthikr,Increasing Sequence with Fixed OR,WRONG_ANSWER,C++17 (GCC 7-32),1741582379
309701611,bkifhr9,Split the Multiset,OK,"C++23 (GCC 14-64, msys2)",1741581172
309687713,VanLam,The Omnipotent Monster Killer,OK,C++20 (GCC 13-64),1741563292
309687652,VanLam,The Omnipotent Monster Killer,MEMORY_LIMIT_EXCEEDED,C++20 (GCC 13-64),1741563216
309682689,faishal_052,The Omnipotent Monster Killer,OK,"C++23 (GCC 14-64, msys2)",1741558340
309675895,AnjaliRajput_23,Split the Multiset,OK,C++20 (GCC 13-64),1741553107
309675668,aftabroushad711,The Omnipotent Monster Killer,OK,"C++23 (GCC 14-64, msys2)",1741552963
309674436,ETO-leaders,The Omnipotent Monster Killer,OK,"C++23 (GCC 14-64, msys2)",1741552124
309674260,pp031608,The Omnipotent Monster Killer,RUNTIME_ERROR,"C++23 (GCC 14-64, msys2)",1741552025
309674228,deudoena,The Omnipotent Monster Killer,RUNTIME_ERROR,"C++23 (GCC 14-64, msys2)",1741552000
309674181,pp031608,The Omnipotent Monster Killer,RUNTIME_ERROR,"C++23 (GCC 14-64, msys2)",1741551971
309674137,luuphucving,The Omnipotent Monster Killer,RUNTIME_ERROR,"C++23 (GCC 14-64, msys2)",1741551941
309674082,gizachew980,Make Majority,OK,PyPy 3-64,1741551910
309673896,ren435,Increasing Sequence with Fixed OR,OK,C++17 (GCC 7-32),1741551787
309673623,ren435,Increasing Sequence with Fixed OR,WRONG_ANSWER,C++17 (GCC 7-32),1741551643
309673164,ren435,Increasing Sequence with Fixed OR,WRONG_ANSWER,C++17 (GCC 7-32),1741551375
309670226,Abdul_Da,Make Majority,WRONG_ANSWER,C++17 (GCC 7-32),1741549448
309669562,aftabroushad711,The Omnipotent Monster Killer,OK,"C++23 (GCC 14-64, msys2)",1741549023
309669509,AnjaliRajput_23,Make Majority,OK,C++20 (GCC 13-64),1741548986
309668968,Abdul_Da,Make Majority,WRONG_ANSWER,C++17 (GCC 7-32),1741548643
309668874,DawnFall119,The Omnipotent Monster Killer,RUNTIME_ERROR,"C++23 (GCC 14-64, msys2)",1741548574
309668775,Koustav_Kundu,Make Majority,OK,C++20 (GCC 13-64),1741548514
309668100,Abdul_Da,Make Majority,WRONG_ANSWER,C++17 (GCC 7-32),1741548030
309667654,Abdul_Da,Make Majority,WRONG_ANSWER,C++17 (GCC 7-32),1741547742
309667613,Abdul_Da,Make Majority,WRONG_ANSWER,C++17 (GCC 7-32),1741547706
309660623,bao-alan,Heartbeat,OK,"C++23 (GCC 14-64, msys2)",1741543672
309658339,Garvit_Goyal,Split the Multiset,OK,"C++23 (GCC 14-64, msys2)",1741542408
309656893,bhuvesh23100,Split the Multiset,OK,C++17 (GCC 7-32),1741541582
309655567,ELSE_IF_TRIDIB21,Increasing Sequence with Fixed OR,OK,"C++23 (GCC 14-64, msys2)",1741540828
309655342,ELSE_IF_TRIDIB21,Increasing Sequence with Fixed OR,WRONG_ANSWER,"C++23 (GCC 14-64, msys2)",1741540692
309652171,The_Underdog.26,Split the Multiset,OK,"C++23 (GCC 14-64, msys2)",1741538866
309648225,pp031608,Split the Multiset,OK,C++20 (GCC 13-64),1741536196
309647826,dineshreddy25,Split the Multiset,WRONG_ANSWER,C++20 (GCC 13-64),1741535909
309647315,rezaul7081,Split the Multiset,WRONG_ANSWER,C++20 (GCC 13-64),1741535590
309647083,bkifhr7,Split the Multiset,WRONG_ANSWER,C++20 (GCC 13-64),1741535460
309646766,shobhit_jha,Make Majority,OK,"C++23 (GCC 14-64, msys2)",1741535260
309646342,Shreyas_Shetty2604,Make Majority,WRONG_ANSWER,C++17 (GCC 7-32),1741535014
309645082,shishu0601,Make Majority,OK,C++17 (GCC 7-32),1741534317
309644865,sam.wlh.ds,Increasing Sequence with Fixed OR,OK,"C++23 (GCC 14-64, msys2)",1741534179
309644746,shishu0601,Make Majority,WRONG_ANSWER,C++17 (GCC 7-32),1741534105
309644736,shobhit_jha,Split the Multiset,OK,"C++23 (GCC 14-64, msys2)",1741534100
309643615,Shreyas_Shetty2604,Make Majority,WRONG_ANSWER,C++17 (GCC 7-32),1741533502
309643595,sam.wlh.ds,Increasing Sequence with Fixed OR,WRONG_ANSWER,"C++23 (GCC 14-64, msys2)",1741533494
309642906,sam.wlh.ds,Increasing Sequence with Fixed OR,WRONG_ANSWER,"C++23 (GCC 14-64, msys2)",1741533105
309642570,The_Underdog.26,Make Majority,OK,"C++23 (GCC 14-64, msys2)",1741532936
309642337,adityabanik,Make Majority,OK,"C++23 (GCC 14-64, msys2)",1741532793
309642080,shobhit_jha,Split the Multiset,WRONG_ANSWER,"C++23 (GCC 14-64, msys2)",1741532650
309641881,shobhit_jha,Split the Multiset,WRONG_ANSWER,"C++23 (GCC 14-64, msys2)",1741532537
309640927,shobhit_jha,Split the Multiset,WRONG_ANSWER,"C++23 (GCC 14-64, msys2)",1741532047
309640879,bkifhr6,Split the Multiset,OK,C++20 (GCC 13-64),1741532027
309639951,rohitjazz199955,The Omnipotent Monster Killer,OK,"C++23 (GCC 14-64, msys2)",1741531531
309639632,shobhit_jha,Increasing Sequence with Fixed OR,OK,"C++23 (GCC 14-64, msys2)",1741531334
309637384,rohitjazz199955,The Omnipotent Monster Killer,WRONG_ANSWER,"C++23 (GCC 14-64, msys2)",1741530247
309635404,rohitjazz199955,The Omnipotent Monster Killer,WRONG_ANSWER,"C++23 (GCC 14-64, msys2)",1741529203
309634412,rohitjazz199955,The Omnipotent Monster Killer,WRONG_ANSWER,"C++23 (GCC 14-64, msys2)",1741528670
309632923,rohitjazz199955,The Omnipotent Monster Killer,WRONG_ANSWER,"C++23 (GCC 14-64, msys2)",1741527805
309630971,losXxh,Make Majority,OK,C++17 (GCC 7-32),1741526694
309630008,rohitjazz199955,The Omnipotent Monster Killer,WRONG_ANSWER,"C++23 (GCC 14-64, msys2)",1741526166
309628579,dineshreddy25,Split the Multiset,OK,C++20 (GCC 13-64),1741525401
309625146,linyisu,Split the Multiset,OK,"C++23 (GCC 14-64, msys2)",1741523479
309622820,linyisu,Split the Multiset,WRONG_ANSWER,"C++23 (GCC 14-64, msys2)",1741522204
309622401,Thunder_Dragon,Split the Multiset,OK,C++17 (GCC 7-32),1741521977
309621326,Thunder_Dragon,Split the Multiset,WRONG_ANSWER,C++17 (GCC 7-32),1741521405
309620974,mengh04,Split the Multiset,OK,"C++23 (GCC 14-64, msys2)",1741521204
309619360,Abdelrahman_Mounir,Split the Multiset,WRONG_ANSWER,C++20 (GCC 13-64),1741520301
309618119,Thunder_Dragon,Split the Multiset,WRONG_ANSWER,C++17 (GCC 7-32),1741519634
309617262,TheVenator09,Split the Multiset,WRONG_ANSWER,"C++23 (GCC 14-64, msys2)",1741519160
309617136,TheVenator09,Split the Multiset,WRONG_ANSWER,"C++23 (GCC 14-64, msys2)",1741519103
309616978,apex,Increasing Sequence with Fixed OR,OK,PyPy 3-64,1741519007
309616713,apex,Increasing Sequence with Fixed OR,WRONG_ANSWER,PyPy 3-64,1741518844
309615224,Thunder_Dragon,Make Majority,OK,C++17 (GCC 7-32),1741518020
309614733,systempkey,Increasing Sequence with Fixed OR,OK,"C++23 (GCC 14-64, msys2)",1741517752
309614672,systempkey,Increasing Sequence with Fixed OR,WRONG_ANSWER,"C++23 (GCC 14-64, msys2)",1741517723
309613708,systempkey,Make Majority,OK,"C++23 (GCC 14-64, msys2)",1741517172
309613684,Aachman_224,Split the Multiset,OK,"C++23 (GCC 14-64, msys2)",1741517159
309613599,Aachman_224,Split the Multiset,WRONG_ANSWER,"C++23 (GCC 14-64, msys2)",1741517114
309613403,pranavpanmandpsp7,Make Majority,OK,C++20 (GCC 13-64),1741517008
309613127,Mweglowski,Make Majority,OK,C++17 (GCC 7-32),1741516845
309613076,Mweglowski,Make Majority,WRONG_ANSWER,C++17 (GCC 7-32),1741516820
309612946,systempkey,Split the Multiset,OK,"C++23 (GCC 14-64, msys2)",1741516761
309604932,superbestfriend,Increasing Sequence with Fixed OR,OK,C++20 (GCC 13-64),1741512367
309602798,tusharb_25,Increasing Sequence with Fixed OR,OK,C++17 (GCC 7-32),1741511256
309602653,tusharb_25,Increasing Sequence with Fixed OR,RUNTIME_ERROR,C++17 (GCC 7-32),1741511180
309598859,Joyboy45,Split the Multiset,OK,"C++23 (GCC 14-64, msys2)",1741509356
309597422,Yuossef_azzat,Split the Multiset,WRONG_ANSWER,C++20 (GCC 13-64),1741508702
309596672,un_kind,Make Majority,OK,Python 3,1741508371
309596618,halym2008,Split the Multiset,WRONG_ANSWER,C++20 (GCC 13-64),1741508345
309596595,Aachman_224,Split the Multiset,WRONG_ANSWER,"C++23 (GCC 14-64, msys2)",1741508333
309596235,bkifhr7,Split the Multiset,WRONG_ANSWER,C++20 (GCC 13-64),1741508170
309595909,SilverTwilights,Split the Multiset,WRONG_ANSWER,C++20 (GCC 13-64),1741508017
309595688,Codernikkk,Split the Multiset,WRONG_ANSWER,C++20 (GCC 13-64),1741507914
309595191,un_kind,Split the Multiset,OK,C++17 (GCC 7-32),1741507655
309594242,pranavpanmandpsp7,Make Majority,WRONG_ANSWER,C++20 (GCC 13-64),1741507188
309592240,Yuossef_azzat,Split the Multiset,OK,C++17 (GCC 7-32),1741506300
309592213,faded_AM,Increasing Sequence with Fixed OR,OK,C++20 (GCC 13-64),1741506288
309590544,CodeMonsterChu,Split the Multiset,OK,"C++23 (GCC 14-64, msys2)",1741505449
309589487,abhishek1502.al,Increasing Sequence with Fixed OR,OK,C++17 (GCC 7-32),1741504847
309589155,abhishek1502.al,Increasing Sequence with Fixed OR,WRONG_ANSWER,C++17 (GCC 7-32),1741504654
309588295,Aachman_224,Split the Multiset,WRONG_ANSWER,"C++23 (GCC 14-64, msys2)",1741504151
309587532,graidy_011888,Split the Multiset,WRONG_ANSWER,"C++23 (GCC 14-64, msys2)",1741503715
309587368,Aachman_224,Split the Multiset,WRONG_ANSWER,"C++23 (GCC 14-64, msys2)",1741503628
309587168,Aachman_224,Split the Multiset,WRONG_ANSWER,"C++23 (GCC 14-64, msys2)",1741503520
309584431,Aachman_224,Split the Multiset,WRONG_ANSWER,"C++23 (GCC 14-64, msys2)",1741501980
309578842,Aachman_224,Make Majority,OK,"C++23 (GCC 14-64, msys2)",1741498315
309571435,glee_lily_,Split the Multiset,WRONG_ANSWER,"C++23 (GCC 14-64, msys2)",1741491061
309571328,glee_lily_,Split the Multiset,WRONG_ANSWER,"C++23 (GCC 14-64, msys2)",1741490935
309570539,glee_lily_,Split the Multiset,WRONG_ANSWER,"C++23 (GCC 14-64, msys2)",1741490027
309570458,glee_lily_,Split the Multiset,WRONG_ANSWER,"C++23 (GCC 14-64, msys2)",1741489914
309569380,glee_lily_,Make Majority,OK,"C++23 (GCC 14-64, msys2)",1741488528
309567941,WhySoSerious16,The Omnipotent Monster Killer,OK,C++20 (GCC 13-64),1741486697
309567744,WhySoSerious16,The Omnipotent Monster Killer,WRONG_ANSWER,C++20 (GCC 13-64),1741486480
309566888,blbtioey,Split the Multiset,OK,C++17 (GCC 7-32),1741485227
309566529,WhySoSerious16,The Omnipotent Monster Killer,WRONG_ANSWER,C++20 (GCC 13-64),1741484666
309566069,blbtioey,Make Majority,OK,C++17 (GCC 7-32),1741483884
309564969,arghodatta,Make Majority,OK,C++17 (GCC 7-32),1741482107
309550329,Rafiul2001,Make Majority,OK,C++17 (GCC 7-32),1741466176
309549113,abeot,The Omnipotent Monster Killer,OK,C++17 (GCC 7-32),1741465406
309548223,abeot,The Omnipotent Monster Killer,TIME_LIMIT_EXCEEDED,C++17 (GCC 7-32),1741464794
309548151,PetrificusTotalus,The Omnipotent Monster Killer,OK,"C++23 (GCC 14-64, msys2)",1741464748
309543957,PetrificusTotalus,The Omnipotent Monster Killer,TIME_LIMIT_EXCEEDED,"C++23 (GCC 14-64, msys2)",1741461925
309543887,PetrificusTotalus,The Omnipotent Monster Killer,TIME_LIMIT_EXCEEDED,"C++23 (GCC 14-64, msys2)",1741461880
309543726,PetrificusTotalus,The Omnipotent Monster Killer,WRONG_ANSWER,"C++23 (GCC 14-64, msys2)",1741461780
309540665,Fretted9209,The Omnipotent Monster Killer,WRONG_ANSWER,C++20 (GCC 13-64),1741460004
309540651,riturajgope1,Increasing Sequence with Fixed OR,OK,C++20 (GCC 13-64),1741459994
309540342,Fretted9209,The Omnipotent Monster Killer,WRONG_ANSWER,C++20 (GCC 13-64),1741459790
309540310,riturajgope1,Increasing Sequence with Fixed OR,WRONG_ANSWER,C++20 (GCC 13-64),1741459770
309539068,himank10rise,Split the Multiset,OK,C++17 (GCC 7-32),1741459097
309536990,Abdullah_78,Increasing Sequence with Fixed OR,OK,C++17 (GCC 7-32),1741457971
309529821,maile123,Increasing Sequence with Fixed OR,OK,C++20 (GCC 13-64),1741454753
309528289,arghodatta,Make Majority,WRONG_ANSWER,C++17 (GCC 7-32),1741454072
309527919,maile123,Increasing Sequence with Fixed OR,WRONG_ANSWER,C++20 (GCC 13-64),1741453924
309527276,maile123,Make Majority,OK,C++20 (GCC 13-64),1741453664
309527126,maile123,Make Majority,WRONG_ANSWER,C++20 (GCC 13-64),1741453600
309524895,maile123,Split the Multiset,OK,C++20 (GCC 13-64),1741452591
309521797,abeot,The Omnipotent Monster Killer,WRONG_ANSWER,C++17 (GCC 7-32),1741450968
309520348,darper,Split the Multiset,WRONG_ANSWER,C++20 (GCC 13-64),1741450199
309520157,Dhruv_576,Make Majority,OK,"C++23 (GCC 14-64, msys2)",1741450096
309519787,Dhruv_576,Make Majority,WRONG_ANSWER,"C++23 (GCC 14-64, msys2)",1741449889
309519279,darper,Split the Multiset,WRONG_ANSWER,C++20 (GCC 13-64),1741449621
309519257,Dhruv_576,Make Majority,RUNTIME_ERROR,"C++23 (GCC 14-64, msys2)",1741449610
309518277,darper,Split the Multiset,WRONG_ANSWER,C++20 (GCC 13-64),1741449092
309515973,VanLam,Increasing Sequence with Fixed OR,OK,C++20 (GCC 13-64),1741447922
309514468,Dhruv_576,Make Majority,WRONG_ANSWER,"C++23 (GCC 14-64, msys2)",1741447251
309512175,Dhruv_576,Split the Multiset,OK,"C++23 (GCC 14-64, msys2)",1741446183
309511446,VanLam,Make Majority,OK,C++20 (GCC 13-64),1741445828
309510365,VanLam,Make Majority,WRONG_ANSWER,C++20 (GCC 13-64),1741445311
309509807,Dhruv_576,Split the Multiset,WRONG_ANSWER,"C++23 (GCC 14-64, msys2)",1741445049
309509795,VanLam,Split the Multiset,OK,C++20 (GCC 13-64),1741445045
309509512,Dhruv_576,Split the Multiset,WRONG_ANSWER,"C++23 (GCC 14-64, msys2)",1741444900
309502868,GreyIcesea,Split the Multiset,OK,C++17 (GCC 7-32),1741441753
309502603,LHaoooo,The Omnipotent Monster Killer,OK,"C++23 (GCC 14-64, msys2)",1741441620
309501743,goodluck_2077,Split the Multiset,OK,"C++23 (GCC 14-64, msys2)",1741441231
309501685,bkifhr8,Split the Multiset,OK,C++17 (GCC 7-32),1741441200
309501179,OmarAboutaleb78,Make Majority,OK,"C++23 (GCC 14-64, msys2)",1741440953
309499780,graidy_011888,Make Majority,OK,C++17 (GCC 7-32),1741440347
309499611,we_114514,Make Majority,WRONG_ANSWER,C++17 (GCC 7-32),1741440296
309494603,himank10rise,Make Majority,OK,C++17 (GCC 7-32),1741437830
309490011,PetrificusTotalus,The Omnipotent Monster Killer,WRONG_ANSWER,"C++23 (GCC 14-64, msys2)",1741435441
309489731,PetrificusTotalus,The Omnipotent Monster Killer,TIME_LIMIT_EXCEEDED,"C++23 (GCC 14-64, msys2)",1741435298
309486575,naruto77,Increasing Sequence with Fixed OR,WRONG_ANSWER,C++17 (GCC 7-32),1741433707
309484371,Abdullah_78,Increasing Sequence with Fixed OR,RUNTIME_ERROR,C++17 (GCC 7-32),1741432565
309483564,bbtbb,The Omnipotent Monster Killer,OK,"C++23 (GCC 14-64, msys2)",1741432120
309483439,bbtbb,The Omnipotent Monster Killer,WRONG_ANSWER,"C++23 (GCC 14-64, msys2)",1741432054
309482475,Abdullah_78,Increasing Sequence with Fixed OR,WRONG_ANSWER,C++17 (GCC 7-32),1741431538
309482130,Joyboy45,Make Majority,WRONG_ANSWER,"C++23 (GCC 14-64, msys2)",1741431381
309481727,bbtbb,The Omnipotent Monster Killer,WRONG_ANSWER,"C++23 (GCC 14-64, msys2)",1741431170
309481401,Joyboy45,Make Majority,WRONG_ANSWER,"C++23 (GCC 14-64, msys2)",1741430987
309481090,bbtbb,The Omnipotent Monster Killer,WRONG_ANSWER,"C++23 (GCC 14-64, msys2)",1741430807
309480983,bbtbb,The Omnipotent Monster Killer,RUNTIME_ERROR,"C++23 (GCC 14-64, msys2)",1741430746
309479493,Yuanyin26,Split the Multiset,OK,"C++23 (GCC 14-64, msys2)",1741429925
309478873,Yuanyin26,Split the Multiset,WRONG_ANSWER,"C++23 (GCC 14-64, msys2)",1741429589
309475013,abhishekkkk,Increasing Sequence with Fixed OR,OK,C++17 (GCC 7-32),1741427807
309474711,abhishekkkk,Increasing Sequence with Fixed OR,WRONG_ANSWER,C++17 (GCC 7-32),1741427662
309474208,Snowmanm,Make Majority,OK,C++17 (GCC 7-32),1741427404
309474004,SoumyadeepTus12345,Increasing Sequence with Fixed OR,OK,"C++23 (GCC 14-64, msys2)",1741427287
309473716,SoumyadeepTus12345,Increasing Sequence with Fixed OR,WRONG_ANSWER,"C++23 (GCC 14-64, msys2)",1741427136
309473459,SoumyadeepTus12345,Increasing Sequence with Fixed OR,WRONG_ANSWER,"C++23 (GCC 14-64, msys2)",1741427000
309473284,Snowmanm,Make Majority,WRONG_ANSWER,C++17 (GCC 7-32),1741426908
309473150,SoumyadeepTus12345,Increasing Sequence with Fixed OR,WRONG_ANSWER,"C++23 (GCC 14-64, msys2)",1741426847
309472780,SoumyadeepTus12345,Increasing Sequence with Fixed OR,WRONG_ANSWER,"C++23 (GCC 14-64, msys2)",1741426660
309472300,SoumyadeepTus12345,Increasing Sequence with Fixed OR,WRONG_ANSWER,"C++23 (GCC 14-64, msys2)",1741426416
309472102,lunarcoder,Increasing Sequence with Fixed OR,OK,"C++23 (GCC 14-64, msys2)",1741426322
309471511,Fretted9209,The Omnipotent Monster Killer,TIME_LIMIT_EXCEEDED,C++20 (GCC 13-64),1741426005
309471410,Rahul_620,Increasing Sequence with Fixed OR,OK,C++17 (GCC 7-32),1741425951
309469284,Rahul_620,Increasing Sequence with Fixed OR,WRONG_ANSWER,C++17 (GCC 7-32),1741424892
309463060,lunarcoder,Split the Multiset,WRONG_ANSWER,"C++23 (GCC 14-64, msys2)",1741422076
309462549,lunarcoder,Split the Multiset,WRONG_ANSWER,"C++23 (GCC 14-64, msys2)",1741421828
309461502,lunarcoder,Increasing Sequence with Fixed OR,WRONG_ANSWER,"C++23 (GCC 14-64, msys2)",1741421315
309460444,lunarcoder,Increasing Sequence with Fixed OR,WRONG_ANSWER,"C++23 (GCC 14-64, msys2)",1741420825
309460201,lunarcoder,Increasing Sequence with Fixed OR,WRONG_ANSWER,"C++23 (GCC 14-64, msys2)",1741420707
309459912,lunarcoder,Increasing Sequence with Fixed OR,WRONG_ANSWER,"C++23 (GCC 14-64, msys2)",1741420572
309459761,lunarcoder,Increasing Sequence with Fixed OR,WRONG_ANSWER,"C++23 (GCC 14-64, msys2)",1741420500
309459745,muntasirmuhammad555,Split the Multiset,WRONG_ANSWER,C++17 (GCC 7-32),1741420493
309454634,pranav.rathod11,Make Majority,OK,C++20 (GCC 13-64),1741418116
309452905,sparsh.dawra,Split the Multiset,OK,C++20 (GCC 13-64),1741417326
309452859,lunarcoder,Split the Multiset,WRONG_ANSWER,"C++23 (GCC 14-64, msys2)",1741417309
309452149,sparsh.dawra,Increasing Sequence with Fixed OR,OK,C++20 (GCC 13-64),1741416968
309451813,sparsh.dawra,Increasing Sequence with Fixed OR,WRONG_ANSWER,C++20 (GCC 13-64),1741416825
309451658,pranav.rathod11,Split the Multiset,OK,C++20 (GCC 13-64),1741416757
309451531,sparsh.dawra,Increasing Sequence with Fixed OR,WRONG_ANSWER,C++20 (GCC 13-64),1741416695
309449799,sparsh.dawra,Make Majority,OK,C++20 (GCC 13-64),1741415927
309447737,sparsh.dawra,Make Majority,WRONG_ANSWER,C++20 (GCC 13-64),1741415073
309441625,rl948.,Heartbeat,WRONG_ANSWER,"C++23 (GCC 14-64, msys2)",1741411846
309441620,a0.,Heartbeat,WRONG_ANSWER,"C++23 (GCC 14-64, msys2)",1741411843
309441617,jaso851.,Range Minimum Sum,COMPILATION_ERROR,"C++23 (GCC 14-64, msys2)",1741411842
309441610,58.,The Omnipotent Monster Killer,COMPILATION_ERROR,"C++23 (GCC 14-64, msys2)",1741411839
309441605,1719.,The Omnipotent Monster Killer,WRONG_ANSWER,"C++23 (GCC 14-64, msys2)",1741411837
309441599,1888.,The Omnipotent Monster Killer,MEMORY_LIMIT_EXCEEDED,"C++23 (GCC 14-64, msys2)",1741411833
309441579,1845.,The Omnipotent Monster Killer,WRONG_ANSWER,"C++23 (GCC 14-64, msys2)",1741411824
309441577,kris1016.,The Omnipotent Monster Killer,WRONG_ANSWER,"C++23 (GCC 14-64, msys2)",1741411823
309441572,mic1651.,Make Majority,WRONG_ANSWER,"C++23 (GCC 14-64, msys2)",1741411820
309441569,gobtcx1376.,Make Majority,WRONG_ANSWER,"C++23 (GCC 14-64, msys2)",1741411819
309441566,1416.,Split the Multiset,OK,PyPy 3-64,1741411817
309441561,m637.,Split the Multiset,OK,"C++23 (GCC 14-64, msys2)",1741411815
309441558,k1246.,Split the Multiset,OK,PyPy 3-64,1741411814
309441554,bma252.,Split the Multiset,OK,"C++23 (GCC 14-64, msys2)",1741411810
309441512,329.,Split the Multiset,OK,"C++23 (GCC 14-64, msys2)",1741411778
309441507,1485.,Split the Multiset,OK,"C++23 (GCC 14-64, msys2)",1741411775
309441466,c1573.,Split the Multiset,OK,"C++23 (GCC 14-64, msys2)",1741411742
309439542,Hanuman01,Increasing Sequence with Fixed OR,OK,C++20 (GCC 13-64),1741410353
309439303,Hanuman01,Increasing Sequence with Fixed OR,WRONG_ANSWER,C++20 (GCC 13-64),1741410172
309439224,Hanuman01,Increasing Sequence with Fixed OR,WRONG_ANSWER,C++20 (GCC 13-64),1741410103
309439119,Hanuman01,Increasing Sequence with Fixed OR,WRONG_ANSWER,C++20 (GCC 13-64),1741410024
309436496,zillur_rahman_hstu,Make Majority,RUNTIME_ERROR,C++17 (GCC 7-32),1741408041
309436079,zillur_rahman_hstu,Make Majority,WRONG_ANSWER,C++17 (GCC 7-32),1741407613
309435514,ShahariarIslan,The Omnipotent Monster Killer,OK,"C++23 (GCC 14-64, msys2)",1741407064
309435465,k_chima,The Omnipotent Monster Killer,OK,C++20 (GCC 13-64),1741407032
309435113,k_chima,The Omnipotent Monster Killer,WRONG_ANSWER,C++20 (GCC 13-64),1741406684
309434792,k_chima,The Omnipotent Monster Killer,WRONG_ANSWER,C++20 (GCC 13-64),1741406360
309430404,k_chima,The Omnipotent Monster Killer,TIME_LIMIT_EXCEEDED,C++20 (GCC 13-64),1741401721
309429122,ltghung24,Make Majority,OK,"C++23 (GCC 14-64, msys2)",1741400414
309428414,ltghung24,Make Majority,WRONG_ANSWER,"C++23 (GCC 14-64, msys2)",1741399659
309428396,burga97,The Omnipotent Monster Killer,OK,C++17 (GCC 7-32),1741399639
309428358,po_rag526,The Omnipotent Monster Killer,WRONG_ANSWER,C++17 (GCC 7-32),1741399607
309428187,k_chima,The Omnipotent Monster Killer,TIME_LIMIT_EXCEEDED,C++20 (GCC 13-64),1741399397
309428150,ltghung24,Make Majority,WRONG_ANSWER,"C++23 (GCC 14-64, msys2)",1741399347
309427868,kohlaaaa,The Omnipotent Monster Killer,TIME_LIMIT_EXCEEDED,"C++23 (GCC 14-64, msys2)",1741399059
309405819,rushilrmalode,Split the Multiset,OK,C++17 (GCC 7-32),1741378933
309401708,rushilrmalode,Split the Multiset,OK,C++17 (GCC 7-32),1741376815
309401325,rushilrmalode,Split the Multiset,WRONG_ANSWER,C++17 (GCC 7-32),1741376601
309398119,Aronyo_27,Make Majority,RUNTIME_ERROR,"C++23 (GCC 14-64, msys2)",1741374905
309396812,aniketghosh,Increasing Sequence with Fixed OR,OK,"C++23 (GCC 14-64, msys2)",1741374175
309396733,venkatkudapa,Increasing Sequence with Fixed OR,OK,"C++23 (GCC 14-64, msys2)",1741374127
309396593,aniketghosh,Increasing Sequence with Fixed OR,WRONG_ANSWER,"C++23 (GCC 14-64, msys2)",1741374049
309396329,rushilrmalode,Make Majority,OK,C++17 (GCC 7-32),1741373895
309396247,venkatkudapa,Increasing Sequence with Fixed OR,MEMORY_LIMIT_EXCEEDED,"C++23 (GCC 14-64, msys2)",1741373841
309396083,venkatkudapa,Increasing Sequence with Fixed OR,MEMORY_LIMIT_EXCEEDED,"C++23 (GCC 14-64, msys2)",1741373759
309395947,rushilrmalode,Make Majority,WRONG_ANSWER,C++17 (GCC 7-32),1741373688
309395782,venkatkudapa,Increasing Sequence with Fixed OR,WRONG_ANSWER,"C++23 (GCC 14-64, msys2)",1741373607
309395326,rushilrmalode,Make Majority,WRONG_ANSWER,C++17 (GCC 7-32),1741373353
309395261,rushilrmalode,Make Majority,COMPILATION_ERROR,C++17 (GCC 7-32),1741373317
309394888,venkatkudapa,Increasing Sequence with Fixed OR,WRONG_ANSWER,"C++23 (GCC 14-64, msys2)",1741373104
309391835,piyush4434,Make Majority,OK,C++20 (GCC 13-64),1741371766
309391336,piyush4434,Make Majority,WRONG_ANSWER,C++20 (GCC 13-64),1741371535
309389702,Hafsah_Khalid,Make Majority,OK,"C++23 (GCC 14-64, msys2)",1741370923
309389010,Sohel_khowash,Split the Multiset,OK,C++20 (GCC 13-64),1741370641
309383853,Kulshreshtha_Singh_,Make Majority,OK,C++20 (GCC 13-64),1741368218
309383438,lakkshyag,The Omnipotent Monster Killer,OK,C++17 (GCC 7-32),1741368014
309381031,lakkshyag,The Omnipotent Monster Killer,OK,C++17 (GCC 7-32),1741366782
309379489,lakkshyag,The Omnipotent Monster Killer,OK,C++17 (GCC 7-32),1741365925
309378645,lakkshyag,The Omnipotent Monster Killer,TIME_LIMIT_EXCEEDED,C++17 (GCC 7-32),1741365430
309375791,tony4875,The Omnipotent Monster Killer,OK,C++20 (GCC 13-64),1741363894
309372331,farica,Range Minimum Sum,WRONG_ANSWER,C++20 (GCC 13-64),1741362397
309372150,farica,Range Minimum Sum,WRONG_ANSWER,C++20 (GCC 13-64),1741362319
309369254,__hemang__,Heartbeat,OK,"C++23 (GCC 14-64, msys2)",1741361094
309361894,Tiny_Coder69,Make Majority,OK,"C++23 (GCC 14-64, msys2)",1741357962
309360362,Tiny_Coder69,Make Majority,WRONG_ANSWER,"C++23 (GCC 14-64, msys2)",1741357269
309359656,Tiny_Coder69,Make Majority,WRONG_ANSWER,"C++23 (GCC 14-64, msys2)",1741356969
309358765,i_just_need_a_hug,The Omnipotent Monster Killer,OK,C++20 (GCC 13-64),1741356592
309358758,Tiny_Coder69,Make Majority,WRONG_ANSWER,"C++23 (GCC 14-64, msys2)",1741356590
309353767,i_just_need_a_hug,The Omnipotent Monster Killer,TIME_LIMIT_EXCEEDED,C++20 (GCC 13-64),1741354476
309353428,i_just_need_a_hug,The Omnipotent Monster Killer,WRONG_ANSWER,C++20 (GCC 13-64),1741354330
309352990,tony4875,The Omnipotent Monster Killer,WRONG_ANSWER,C++20 (GCC 13-64),1741354152
309352848,tony4875,The Omnipotent Monster Killer,WRONG_ANSWER,C++20 (GCC 13-64),1741354091
309352764,tony4875,The Omnipotent Monster Killer,WRONG_ANSWER,C++20 (GCC 13-64),1741354059
309348720,jeelmalaviya03,Increasing Sequence with Fixed OR,OK,"C++23 (GCC 14-64, msys2)",1741352330
309348596,jeelmalaviya03,Increasing Sequence with Fixed OR,OK,"C++23 (GCC 14-64, msys2)",1741352276
309346915,bao-alan,Heartbeat,OK,"C++23 (GCC 14-64, msys2)",1741351934
309341724,bbyyd,The Omnipotent Monster Killer,OK,C++20 (GCC 13-64),1741350347
309341559,jeelmalaviya03,Increasing Sequence with Fixed OR,TIME_LIMIT_EXCEEDED,"C++23 (GCC 14-64, msys2)",1741350274
309340586,jeelmalaviya03,Increasing Sequence with Fixed OR,MEMORY_LIMIT_EXCEEDED,"C++23 (GCC 14-64, msys2)",1741349809
309340031,tony4875,The Omnipotent Monster Killer,WRONG_ANSWER,C++20 (GCC 13-64),1741349562
309339931,bbyyd,The Omnipotent Monster Killer,WRONG_ANSWER,C++20 (GCC 13-64),1741349514
309339874,bbyyd,The Omnipotent Monster Killer,RUNTIME_ERROR,C++20 (GCC 13-64),1741349491
309336514,tony4875,Increasing Sequence with Fixed OR,OK,C++20 (GCC 13-64),1741347927
309335830,tony4875,Increasing Sequence with Fixed OR,OK,C++20 (GCC 13-64),1741347613
309335515,NaraFluorine,The Omnipotent Monster Killer,OK,C++20 (GCC 13-64),1741347466
309335489,cocoli,Increasing Sequence with Fixed OR,OK,C++20 (GCC 13-64),1741347454
309335454,tony4875,Increasing Sequence with Fixed OR,WRONG_ANSWER,C++20 (GCC 13-64),1741347435
309335386,NaraFluorine,The Omnipotent Monster Killer,TIME_LIMIT_EXCEEDED,C++20 (GCC 13-64),1741347408
309333804,cocoli,Increasing Sequence with Fixed OR,WRONG_ANSWER,C++20 (GCC 13-64),1741346631
309333460,ketan_kamboj,Make Majority,OK,C++17 (GCC 7-32),1741346465
309331423,cocoli,Make Majority,OK,C++20 (GCC 13-64),1741345374
309330444,Abdolski,Split the Multiset,OK,PyPy 3-64,1741344764
309330430,Abdolski,Split the Multiset,COMPILATION_ERROR,C++20 (GCC 13-64),1741344753
309329619,cocoli,Split the Multiset,OK,C++20 (GCC 13-64),1741344248
309328287,cocoli,Split the Multiset,WRONG_ANSWER,C++20 (GCC 13-64),1741343488
309327513,theharshit.v,Split the Multiset,OK,C++17 (GCC 7-32),1741343039
309327247,superbestfriend,Increasing Sequence with Fixed OR,WRONG_ANSWER,C++20 (GCC 13-64),1741342875
309327122,superbestfriend,Increasing Sequence with Fixed OR,WRONG_ANSWER,C++20 (GCC 13-64),1741342812
309327095,superbestfriend,Increasing Sequence with Fixed OR,COMPILATION_ERROR,C++20 (GCC 13-64),1741342801
309326970,superbestfriend,Increasing Sequence with Fixed OR,WRONG_ANSWER,C++20 (GCC 13-64),1741342737
309326795,superbestfriend,Increasing Sequence with Fixed OR,WRONG_ANSWER,C++20 (GCC 13-64),1741342646
309322631,farica,The Omnipotent Monster Killer,OK,C++20 (GCC 13-64),1741340357
309322235,farica,The Omnipotent Monster Killer,TIME_LIMIT_EXCEEDED,C++20 (GCC 13-64),1741340132
309322099,farica,The Omnipotent Monster Killer,TIME_LIMIT_EXCEEDED,C++20 (GCC 13-64),1741340063
309321713,_kaysar07,Increasing Sequence with Fixed OR,OK,"C++23 (GCC 14-64, msys2)",1741339869
309318612,NaraFluorine,The Omnipotent Monster Killer,WRONG_ANSWER,C++20 (GCC 13-64),1741338142
309315657,tony4875,Split the Multiset,OK,C++20 (GCC 13-64),1741336589
309315559,tony4875,Split the Multiset,OK,C++20 (GCC 13-64),1741336536
309315030,Ahsanul_Imam,Increasing Sequence with Fixed OR,OK,C++17 (GCC 7-32),1741336276
309314854,Ahsanul_Imam,Increasing Sequence with Fixed OR,WRONG_ANSWER,C++17 (GCC 7-32),1741336173
309314171,tony4875,Make Majority,OK,C++20 (GCC 13-64),1741335768
309313416,meghasheshadri,Make Majority,OK,C++17 (GCC 7-32),1741335320
309313078,meghasheshadri,Make Majority,WRONG_ANSWER,C++17 (GCC 7-32),1741335112
309312219,farica,Increasing Sequence with Fixed OR,OK,C++20 (GCC 13-64),1741334579
309311992,farica,Increasing Sequence with Fixed OR,WRONG_ANSWER,C++20 (GCC 13-64),1741334422
309311906,farica,Increasing Sequence with Fixed OR,WRONG_ANSWER,C++20 (GCC 13-64),1741334370
309310548,farica,Make Majority,OK,C++20 (GCC 13-64),1741333523
309310449,mngan,Make Majority,OK,C++20 (GCC 13-64),1741333459
309309391,farica,Split the Multiset,OK,C++20 (GCC 13-64),1741332780
309309211,farica,Split the Multiset,WRONG_ANSWER,C++20 (GCC 13-64),1741332674
309309154,farica,Split the Multiset,WRONG_ANSWER,C++20 (GCC 13-64),1741332643
309308954,farica,Split the Multiset,RUNTIME_ERROR,C++20 (GCC 13-64),1741332520
309308372,farica,Split the Multiset,WRONG_ANSWER,C++20 (GCC 13-64),1741332164
309308272,superbestfriend,Make Majority,OK,C++20 (GCC 13-64),1741332104
309307850,superbestfriend,Make Majority,WRONG_ANSWER,C++20 (GCC 13-64),1741331830
309307173,tony4875,Split the Multiset,WRONG_ANSWER,C++20 (GCC 13-64),1741331373
309304755,losXxh,Increasing Sequence with Fixed OR,OK,C++17 (GCC 7-32),1741329730
309304309,zillur_rahman_hstu,Make Majority,RUNTIME_ERROR,C++17 (GCC 7-32),1741329406
309304173,zillur_rahman_hstu,Make Majority,RUNTIME_ERROR,C++17 (GCC 7-32),1741329304
309302630,sif_69,Make Majority,OK,C++17 (GCC 7-32),1741328194
309301326,rsingh2003,Increasing Sequence with Fixed OR,OK,C++17 (GCC 7-32),1741327237
309299316,shubhayandas2004,Make Majority,OK,GNU C11,1741325577
309296281,Taotao040520,Split the Multiset,OK,C++17 (GCC 7-32),1741322900
309295823,zillur_rahman_hstu,Make Majority,RUNTIME_ERROR,C++17 (GCC 7-32),1741322520
309290898,lijunyi,Heartbeat,OK,"C++23 (GCC 14-64, msys2)",1741317281
309289128,i_just_need_a_hug,The Omnipotent Monster Killer,WRONG_ANSWER,C++20 (GCC 13-64),1741314853
309286199,print01,Split the Multiset,WRONG_ANSWER,C++20 (GCC 13-64),1741310574
309285329,print01,Split the Multiset,WRONG_ANSWER,C++20 (GCC 13-64),1741309419
309282622,kimk,The Omnipotent Monster Killer,TIME_LIMIT_EXCEEDED,C++17 (GCC 7-32),1741305936
309282319,KareemHartem,The Omnipotent Monster Killer,TIME_LIMIT_EXCEEDED,C++17 (GCC 7-32),1741305434
309281705,Ignacio36,Make Majority,OK,C++17 (GCC 7-32),1741304611
309280157,aeldaly1,Make Majority,OK,Python 3,1741302635
309276498,aeldaly1,Split the Multiset,OK,Python 3,1741298555
309275284,aeldaly1,Split the Multiset,TIME_LIMIT_EXCEEDED,Python 3,1741297559
309270069,nafismahamudshahin,Increasing Sequence with Fixed OR,OK,"C++23 (GCC 14-64, msys2)",1741294268
309269443,nafismahamudshahin,Increasing Sequence with Fixed OR,WRONG_ANSWER,"C++23 (GCC 14-64, msys2)",1741293927
309264279,Badar_019,Split the Multiset,OK,"C++23 (GCC 14-64, msys2)",1741291451
309264078,Badar_019,Split the Multiset,OK,"C++23 (GCC 14-64, msys2)",1741291374
309258693,theheatcoder,Increasing Sequence with Fixed OR,OK,C++20 (GCC 13-64),1741288453
309258417,theheatcoder,Increasing Sequence with Fixed OR,WRONG_ANSWER,C++20 (GCC 13-64),1741288294
309258348,theheatcoder,Increasing Sequence with Fixed OR,WRONG_ANSWER,C++20 (GCC 13-64),1741288254
309258140,theheatcoder,Increasing Sequence with Fixed OR,WRONG_ANSWER,C++20 (GCC 13-64),1741288134
309258047,theheatcoder,Increasing Sequence with Fixed OR,WRONG_ANSWER,C++20 (GCC 13-64),1741288078
309251544,Badar_019,Make Majority,OK,"C++23 (GCC 14-64, msys2)",1741284523
309251263,Badar_019,Make Majority,WRONG_ANSWER,"C++23 (GCC 14-64, msys2)",1741284393
309250067,Joyboy45,Make Majority,WRONG_ANSWER,"C++23 (GCC 14-64, msys2)",1741283805
309249816,Badar_019,Make Majority,WRONG_ANSWER,"C++23 (GCC 14-64, msys2)",1741283669
309249389,Badar_019,Make Majority,WRONG_ANSWER,"C++23 (GCC 14-64, msys2)",1741283458
309249176,170zhiyixi,Increasing Sequence with Fixed OR,OK,C++20 (GCC 13-64),1741283346
309248937,170zhiyixi,Increasing Sequence with Fixed OR,WRONG_ANSWER,C++20 (GCC 13-64),1741283230
309248114,170zhiyixi,Increasing Sequence with Fixed OR,WRONG_ANSWER,C++20 (GCC 13-64),1741282792
309247959,170zhiyixi,Increasing Sequence with Fixed OR,WRONG_ANSWER,C++20 (GCC 13-64),1741282726
309244632,SLEMAN_MISSES_BERI,Split the Multiset,WRONG_ANSWER,C++20 (GCC 13-64),1741281195
309244143,_kaysar07,Make Majority,OK,"C++23 (GCC 14-64, msys2)",1741280965
309239822,aj_0070261,Increasing Sequence with Fixed OR,OK,"C++23 (GCC 14-64, msys2)",1741278876
309239534,aj_0070261,Increasing Sequence with Fixed OR,WRONG_ANSWER,"C++23 (GCC 14-64, msys2)",1741278738
309239215,aj_0070261,Increasing Sequence with Fixed OR,WRONG_ANSWER,"C++23 (GCC 14-64, msys2)",1741278607
309239024,aj_0070261,Increasing Sequence with Fixed OR,WRONG_ANSWER,"C++23 (GCC 14-64, msys2)",1741278527
309238655,aj_0070261,Increasing Sequence with Fixed OR,WRONG_ANSWER,"C++23 (GCC 14-64, msys2)",1741278358
309238314,Badar_019,Make Majority,WRONG_ANSWER,"C++23 (GCC 14-64, msys2)",1741278208
309238162,smoll_brain,Split the Multiset,OK,"C++23 (GCC 14-64, msys2)",1741278136
309237505,Badar_019,Make Majority,WRONG_ANSWER,"C++23 (GCC 14-64, msys2)",1741277862
309235625,smoll_brain,Split the Multiset,WRONG_ANSWER,"C++23 (GCC 14-64, msys2)",1741276937
309234242,Artem_Pugash,The Omnipotent Monster Killer,TIME_LIMIT_EXCEEDED,GNU C11,1741276265
309231252,rahul1020,Increasing Sequence with Fixed OR,OK,C++20 (GCC 13-64),1741274914
309229877,_kaysar07,Split the Multiset,OK,"C++23 (GCC 14-64, msys2)",1741274322
309224479,Joyboy45,Make Majority,WRONG_ANSWER,"C++23 (GCC 14-64, msys2)",1741272041
309223831,Joyboy45,Make Majority,WRONG_ANSWER,"C++23 (GCC 14-64, msys2)",1741271762
309221773,Joyboy45,Make Majority,WRONG_ANSWER,"C++23 (GCC 14-64, msys2)",1741270878
309211539,superbestfriend,Split the Multiset,OK,C++20 (GCC 13-64),1741266781
309207498,alwaysBelieve,The Omnipotent Monster Killer,OK,"C++23 (GCC 14-64, msys2)",1741265217
309206236,hardikk,Increasing Sequence with Fixed OR,OK,"C++23 (GCC 14-64, msys2)",1741264717
309205536,hardikk,Increasing Sequence with Fixed OR,WRONG_ANSWER,"C++23 (GCC 14-64, msys2)",1741264394
309205135,hardikk,Increasing Sequence with Fixed OR,WRONG_ANSWER,"C++23 (GCC 14-64, msys2)",1741264223
309200963,Martin_BB,Make Majority,OK,C++20 (GCC 13-64),1741262474
309199069,Martin_BB,Make Majority,WRONG_ANSWER,C++20 (GCC 13-64),1741261684
309197747,fantasy9663,Increasing Sequence with Fixed OR,OK,"C++23 (GCC 14-64, msys2)",1741261112
309196635,Harshuu_007,Increasing Sequence with Fixed OR,OK,"C++23 (GCC 14-64, msys2)",1741260639
309195330,Harshuu_007,Increasing Sequence with Fixed OR,WRONG_ANSWER,"C++23 (GCC 14-64, msys2)",1741260049
309195155,Harshuu_007,Increasing Sequence with Fixed OR,WRONG_ANSWER,"C++23 (GCC 14-64, msys2)",1741259956
309194962,Harshuu_007,Increasing Sequence with Fixed OR,WRONG_ANSWER,"C++23 (GCC 14-64, msys2)",1741259864
309191566,__hemang__,Heartbeat,OK,"C++23 (GCC 14-64, msys2)",1741258096
309190779,__hemang__,Heartbeat,OK,"C++23 (GCC 14-64, msys2)",1741257706
309189940,hk_2007,Split the Multiset,OK,C++17 (GCC 7-32),1741257286
309189817,yumingsk,Range Minimum Sum,OK,C++20 (GCC 13-64),1741257222
309189673,yumingsk,Range Minimum Sum,COMPILATION_ERROR,C++20 (GCC 13-64),1741257142
309189671,Martin_BB,Split the Multiset,OK,C++20 (GCC 13-64),1741257140
309189587,Martin_BB,Split the Multiset,WRONG_ANSWER,C++20 (GCC 13-64),1741257099
309189518,yumingsk,Range Minimum Sum,WRONG_ANSWER,C++20 (GCC 13-64),1741257071
309189415,MaximusAurelius,Split the Multiset,OK,"C++23 (GCC 14-64, msys2)",1741257009
309188787,Martin_BB,Split the Multiset,WRONG_ANSWER,C++20 (GCC 13-64),1741256643
309183051,fantasy9663,Increasing Sequence with Fixed OR,WRONG_ANSWER,"C++23 (GCC 14-64, msys2)",1741253416
309172914,SakuraHaha,Split the Multiset,OK,C++17 (GCC 7-32),1741248140
309165461,LYYWDL,The Omnipotent Monster Killer,OK,C++20 (GCC 13-64),1741243471
309159027,LYYWDL,Increasing Sequence with Fixed OR,OK,C++20 (GCC 13-64),1741239352
309153332,karthikeya775,Increasing Sequence with Fixed OR,OK,C++17 (GCC 7-32),1741234510
309153067,karthikeya775,Increasing Sequence with Fixed OR,WRONG_ANSWER,C++17 (GCC 7-32),1741234291
309152990,karthikeya775,Increasing Sequence with Fixed OR,WRONG_ANSWER,C++17 (GCC 7-32),1741234222
309150226,ScaredQiu,Increasing Sequence with Fixed OR,OK,C++17 (GCC 7-32),1741231222
309150154,chunzDing,Increasing Sequence with Fixed OR,OK,"C++23 (GCC 14-64, msys2)",1741231147
309150126,ScaredQiu,Increasing Sequence with Fixed OR,WRONG_ANSWER,C++17 (GCC 7-32),1741231113
309149979,Angel_Franco,Make Majority,OK,"C++23 (GCC 14-64, msys2)",1741230922
309148228,unizalm89,Make Majority,OK,C++17 (GCC 7-32),1741228791
309144427,nishad_uzzaman,Split the Multiset,OK,GNU C11,1741224093
309136890,burga97,The Omnipotent Monster Killer,WRONG_ANSWER,C++20 (GCC 13-64),1741214666
309127452,Jayant08,Split the Multiset,OK,"C++23 (GCC 14-64, msys2)",1741207136
309118833,Codernikkk,Make Majority,WRONG_ANSWER,"C++23 (GCC 14-64, msys2)",1741202076
309117926,siddarthevvs,Increasing Sequence with Fixed OR,OK,"C++23 (GCC 14-64, msys2)",1741201578
309117511,siddarthevvs,Increasing Sequence with Fixed OR,WRONG_ANSWER,"C++23 (GCC 14-64, msys2)",1741201349
309117478,hardikNam19,Split the Multiset,OK,"C++23 (GCC 14-64, msys2)",1741201328
309117450,nader__7,Split the Multiset,OK,"C++23 (GCC 14-64, msys2)",1741201308
309116118,hardikNam19,Make Majority,OK,"C++23 (GCC 14-64, msys2)",1741200466
309114900,SJCHSKY,Make Majority,OK,"C++23 (GCC 14-64, msys2)",1741199768
309112274,Jayant08,Increasing Sequence with Fixed OR,WRONG_ANSWER,"C++23 (GCC 14-64, msys2)",1741198356
309111947,acTiOn_kAmeN__,The Omnipotent Monster Killer,WRONG_ANSWER,C++20 (GCC 13-64),1741198170
309111488,Jayant08,Increasing Sequence with Fixed OR,OK,"C++23 (GCC 14-64, msys2)",1741197938
309110484,Radhe03,Split the Multiset,WRONG_ANSWER,C++17 (GCC 7-32),1741197468
309109590,Jayant08,Increasing Sequence with Fixed OR,WRONG_ANSWER,"C++23 (GCC 14-64, msys2)",1741197033
309108882,Jayant08,Increasing Sequence with Fixed OR,WRONG_ANSWER,"C++23 (GCC 14-64, msys2)",1741196697
309105907,Jayant08,Increasing Sequence with Fixed OR,WRONG_ANSWER,"C++23 (GCC 14-64, msys2)",1741195189
309105566,Jayant08,Increasing Sequence with Fixed OR,WRONG_ANSWER,"C++23 (GCC 14-64, msys2)",1741195049
309104852,Jayant08,Increasing Sequence with Fixed OR,WRONG_ANSWER,"C++23 (GCC 14-64, msys2)",1741194717
309102152,arpit900shukla,Increasing Sequence with Fixed OR,OK,C++17 (GCC 7-32),1741193329
309101173,bkifhr10,Increasing Sequence with Fixed OR,OK,"C++23 (GCC 14-64, msys2)",1741192772
309101137,ShahariarIslan,Increasing Sequence with Fixed OR,OK,C++20 (GCC 13-64),1741192751
309101031,arpit900shukla,Increasing Sequence with Fixed OR,WRONG_ANSWER,C++17 (GCC 7-32),1741192688
309100383,arpit900shukla,Increasing Sequence with Fixed OR,WRONG_ANSWER,C++17 (GCC 7-32),1741192298
309099745,mamut-rahal,Increasing Sequence with Fixed OR,OK,PyPy 3-64,1741191964
309097050,fggg,Increasing Sequence with Fixed OR,WRONG_ANSWER,C++20 (GCC 13-64),1741190513
309096169,mamut-rahal,Make Majority,OK,"C++23 (GCC 14-64, msys2)",1741190048
309095405,mamut-rahal,Split the Multiset,OK,"C++23 (GCC 14-64, msys2)",1741189646
309095098,mamut-rahal,Split the Multiset,WRONG_ANSWER,"C++23 (GCC 14-64, msys2)",1741189507
309093787,olzhas1,Split the Multiset,OK,C++20 (GCC 13-64),1741188856
309092806,believer_71,Make Majority,OK,C++17 (GCC 7-32),1741188447
309092709,believer_71,Make Majority,WRONG_ANSWER,C++17 (GCC 7-32),1741188403
309092086,believer_71,Make Majority,WRONG_ANSWER,C++17 (GCC 7-32),1741188133
309090076,prasad009,Split the Multiset,OK,PyPy 3-64,1741187217
309089792,believer_71,Make Majority,WRONG_ANSWER,C++17 (GCC 7-32),1741187104
309083541,FangYifan,Range Minimum Sum,OK,"C++23 (GCC 14-64, msys2)",1741186197
309067423,CodeMonsterChu,Increasing Sequence with Fixed OR,OK,"C++23 (GCC 14-64, msys2)",1741179243
309067039,goodluck_2077,Increasing Sequence with Fixed OR,WRONG_ANSWER,"C++23 (GCC 14-64, msys2)",1741179060
309065238,lakkshyag,The Omnipotent Monster Killer,WRONG_ANSWER,C++17 (GCC 7-32),1741178249
309064968,lakkshyag,The Omnipotent Monster Killer,WRONG_ANSWER,C++17 (GCC 7-32),1741178118
309064485,algohary,Increasing Sequence with Fixed OR,OK,C++20 (GCC 13-64),1741177921
309058319,MaximusAurelius,Split the Multiset,WRONG_ANSWER,"C++23 (GCC 14-64, msys2)",1741175059
309052814,nbu236004120,Increasing Sequence with Fixed OR,OK,C++17 (GCC 7-32),1741172450
309052460,nbu236004120,Increasing Sequence with Fixed OR,WRONG_ANSWER,C++17 (GCC 7-32),1741172281
309050218,MaximusAurelius,Split the Multiset,WRONG_ANSWER,"C++23 (GCC 14-64, msys2)",1741171112
309047392,losXxh,Range Minimum Sum,OK,"C++23 (GCC 14-64, msys2)",1741169619
309045568,aminjon__,The Omnipotent Monster Killer,OK,C++17 (GCC 7-32),1741168629
309044783,donquixote_2shar,Increasing Sequence with Fixed OR,OK,C++17 (GCC 7-32),1741168181
309044624,donquixote_2shar,Increasing Sequence with Fixed OR,WRONG_ANSWER,C++17 (GCC 7-32),1741168090
309044270,donquixote_2shar,Increasing Sequence with Fixed OR,WRONG_ANSWER,C++17 (GCC 7-32),1741167898
309039719,aminjon__,The Omnipotent Monster Killer,WRONG_ANSWER,C++17 (GCC 7-32),1741165479
309039508,aminjon__,The Omnipotent Monster Killer,WRONG_ANSWER,C++17 (GCC 7-32),1741165367
309038530,aminjon__,The Omnipotent Monster Killer,TIME_LIMIT_EXCEEDED,C++17 (GCC 7-32),1741164873
309038308,nafismahamudshahin,Increasing Sequence with Fixed OR,TIME_LIMIT_EXCEEDED,"C++23 (GCC 14-64, msys2)",1741164753
309038003,aminjon__,The Omnipotent Monster Killer,WRONG_ANSWER,C++17 (GCC 7-32),1741164594
309037753,aminjon__,The Omnipotent Monster Killer,WRONG_ANSWER,C++17 (GCC 7-32),1741164449
309037715,aminjon__,The Omnipotent Monster Killer,COMPILATION_ERROR,C++17 (GCC 7-32),1741164427
309036609,nafismahamudshahin,Increasing Sequence with Fixed OR,WRONG_ANSWER,"C++23 (GCC 14-64, msys2)",1741163937
309035855,LYYWDL,Increasing Sequence with Fixed OR,WRONG_ANSWER,C++20 (GCC 13-64),1741163507
309035467,LYYWDL,Increasing Sequence with Fixed OR,WRONG_ANSWER,C++20 (GCC 13-64),1741163318
309033581,losXxh,The Omnipotent Monster Killer,OK,"C++23 (GCC 14-64, msys2)",1741162276
309032922,LYYWDL,Make Majority,OK,C++20 (GCC 13-64),1741161876
309032855,LYYWDL,Make Majority,RUNTIME_ERROR,C++20 (GCC 13-64),1741161840
309031666,LYYWDL,Split the Multiset,OK,C++20 (GCC 13-64),1741161166
309030501,Wind_Leaves_ShaDow,Make Majority,OK,C++17 (GCC 7-32),1741160475
309030404,Wind_Leaves_ShaDow,Split the Multiset,OK,C++17 (GCC 7-32),1741160417
309029887,gevak,Increasing Sequence with Fixed OR,OK,C++17 (GCC 7-32),1741160160
309028563,ldytxdy,The Omnipotent Monster Killer,OK,C++17 (GCC 7-32),1741159397
309025296,ldytxdy,Increasing Sequence with Fixed OR,OK,C++17 (GCC 7-32),1741157389
309025072,ldytxdy,Increasing Sequence with Fixed OR,WRONG_ANSWER,C++17 (GCC 7-32),1741157244
309024800,ldytxdy,Increasing Sequence with Fixed OR,WRONG_ANSWER,C++17 (GCC 7-32),1741157065
309024685,ldytxdy,Increasing Sequence with Fixed OR,WRONG_ANSWER,C++17 (GCC 7-32),1741156990
309023539,ldytxdy,Make Majority,OK,C++17 (GCC 7-32),1741156346
309022415,ldytxdy,Split the Multiset,OK,C++17 (GCC 7-32),1741155660
309020808,losXxh,Split the Multiset,WRONG_ANSWER,C++17 (GCC 7-32),1741154597
309020700,losXxh,Split the Multiset,WRONG_ANSWER,C++17 (GCC 7-32),1741154517
309020476,i_went_to_cmu,The Omnipotent Monster Killer,OK,C++17 (GCC 7-32),1741154334
309019417,losXxh,Split the Multiset,WRONG_ANSWER,C++17 (GCC 7-32),1741153531
309019281,i_went_to_cmu,The Omnipotent Monster Killer,TIME_LIMIT_EXCEEDED,C++17 (GCC 7-32),1741153413
309019147,i_went_to_cmu,The Omnipotent Monster Killer,TIME_LIMIT_EXCEEDED,C++17 (GCC 7-32),1741153306
309018904,i_went_to_cmu,The Omnipotent Monster Killer,WRONG_ANSWER,C++17 (GCC 7-32),1741153107
309018534,i_went_to_cmu,The Omnipotent Monster Killer,WRONG_ANSWER,C++17 (GCC 7-32),1741152795
309016328,__abbu__,Split the Multiset,OK,"C++23 (GCC 14-64, msys2)",1741150974
309013461,aujasvit,Split the Multiset,OK,C++20 (GCC 13-64),1741148171
309013232,ayushsuman,Split the Multiset,OK,C++20 (GCC 13-64),1741147912
309013151,International_River,Range Minimum Sum,OK,"C++23 (GCC 14-64, msys2)",1741147825
309010696,Meirbek-009-28,Make Majority,OK,"C++23 (GCC 14-64, msys2)",1741145153
309007604,H370,Increasing Sequence with Fixed OR,OK,C++20 (GCC 13-64),1741141287
309006549,H370,Make Majority,OK,C++20 (GCC 13-64),1741139874
309005771,Gus_Grimly,Increasing Sequence with Fixed OR,OK,C++17 (GCC 7-32),1741138949
309005741,H370,Split the Multiset,OK,C++20 (GCC 13-64),1741138923
309001741,minhaj48,Split the Multiset,OK,"C++23 (GCC 14-64, msys2)",1741133991
309001232,minhaj48,Split the Multiset,WRONG_ANSWER,"C++23 (GCC 14-64, msys2)",1741133193
309001105,minhaj48,Split the Multiset,WRONG_ANSWER,"C++23 (GCC 14-64, msys2)",1741133016
309001033,minhaj48,Split the Multiset,WRONG_ANSWER,"C++23 (GCC 14-64, msys2)",1741132928
309000650,minhaj48,Split the Multiset,WRONG_ANSWER,"C++23 (GCC 14-64, msys2)",1741132373
309000319,minhaj48,Split the Multiset,WRONG_ANSWER,"C++23 (GCC 14-64, msys2)",1741131875
309000199,minhaj48,Split the Multiset,WRONG_ANSWER,"C++23 (GCC 14-64, msys2)",1741131711
309000075,minhaj48,Split the Multiset,WRONG_ANSWER,"C++23 (GCC 14-64, msys2)",1741131540
308984679,sandeshkarmare,Make Majority,OK,C++20 (GCC 13-64),1741118557
308981958,goodluck_2077,The Omnipotent Monster Killer,RUNTIME_ERROR,GNU C11,1741116950
308978440,Vegeta909,Make Majority,OK,C++20 (GCC 13-64),1741114973
308975135,atul9081,Split the Multiset,OK,C++17 (GCC 7-32),1741113194
308972113,ayushsuman,Make Majority,OK,C++20 (GCC 13-64),1741111726
308970424,paritoshsharma2020,Make Majority,WRONG_ANSWER,"C++23 (GCC 14-64, msys2)",1741110896
308963266,Mohaimen_Hridoy,Split the Multiset,OK,"C++23 (GCC 14-64, msys2)",1741107605
308962336,danken,Split the Multiset,OK,"C++23 (GCC 14-64, msys2)",1741107143
308960776,Mohaimen_Hridoy,Split the Multiset,WRONG_ANSWER,"C++23 (GCC 14-64, msys2)",1741106435
308960424,Shallowdusty,Split the Multiset,TIME_LIMIT_EXCEEDED,C++17 (GCC 7-32),1741106263
308959496,Shallowdusty,Split the Multiset,WRONG_ANSWER,C++17 (GCC 7-32),1741105804
308958814,Shallowdusty,Split the Multiset,WRONG_ANSWER,C++17 (GCC 7-32),1741105396
308956498,zqh_040606,Split the Multiset,OK,C++17 (GCC 7-32),1741104053
308956495,four_not123,Increasing Sequence with Fixed OR,OK,C++17 (GCC 7-32),1741104052
308946577,Shallowdusty,Split the Multiset,OK,C++17 (GCC 7-32),1741099750
308945860,Shallowdusty,Split the Multiset,WRONG_ANSWER,C++17 (GCC 7-32),1741099462
308943151,Shallowdusty,Split the Multiset,WRONG_ANSWER,C++17 (GCC 7-32),1741098326
308943073,Shallowdusty,Split the Multiset,WRONG_ANSWER,C++17 (GCC 7-32),1741098294
308942835,Shallowdusty,Split the Multiset,WRONG_ANSWER,C++17 (GCC 7-32),1741098191
308942715,Shallowdusty,Split the Multiset,WRONG_ANSWER,C++17 (GCC 7-32),1741098140
308941502,bhuvesh23100,Make Majority,OK,C++17 (GCC 7-32),1741097611
308941224,aftabroushad711,The Omnipotent Monster Killer,OK,"C++23 (GCC 14-64, msys2)",1741097479
308941100,bhuvesh23100,Make Majority,RUNTIME_ERROR,C++17 (GCC 7-32),1741097422
308941025,Sadman_Ishtiaks,The Omnipotent Monster Killer,COMPILATION_ERROR,"C++23 (GCC 14-64, msys2)",1741097392
308940880,SilverTwilights,The Omnipotent Monster Killer,OK,"C++23 (GCC 14-64, msys2)",1741097339
308940027,Shallowdusty,Split the Multiset,WRONG_ANSWER,C++17 (GCC 7-32),1741097006
308939640,Shallowdusty,Split the Multiset,WRONG_ANSWER,C++17 (GCC 7-32),1741096840
308939472,Shallowdusty,Split the Multiset,WRONG_ANSWER,C++17 (GCC 7-32),1741096778
308938581,Shallowdusty,Split the Multiset,WRONG_ANSWER,C++17 (GCC 7-32),1741096414
308937716,Shallowdusty,Split the Multiset,WRONG_ANSWER,C++17 (GCC 7-32),1741096071
308937280,Shallowdusty,Split the Multiset,WRONG_ANSWER,C++17 (GCC 7-32),1741095875
308936014,Shallowdusty,Split the Multiset,WRONG_ANSWER,C++17 (GCC 7-32),1741095351
308935864,Shallowdusty,Split the Multiset,WRONG_ANSWER,C++17 (GCC 7-32),1741095291
308935333,codinsayan,Make Majority,OK,C++20 (GCC 13-64),1741095078
308935048,Shallowdusty,Split the Multiset,WRONG_ANSWER,C++17 (GCC 7-32),1741094961
308934555,atul9081,Make Majority,OK,C++17 (GCC 7-32),1741094765
308934196,Shallowdusty,Split the Multiset,WRONG_ANSWER,C++17 (GCC 7-32),1741094626
308925484,Aniyadream,Increasing Sequence with Fixed OR,OK,C++20 (GCC 13-64),1741091125
308924544,Meirbek-009-28,Split the Multiset,OK,"C++23 (GCC 14-64, msys2)",1741090694
308923981,Aries_24,Increasing Sequence with Fixed OR,OK,C++20 (GCC 13-64),1741090447
308923014,Aries_24,Increasing Sequence with Fixed OR,WRONG_ANSWER,C++20 (GCC 13-64),1741090028
308922926,Aries_24,Increasing Sequence with Fixed OR,WRONG_ANSWER,C++20 (GCC 13-64),1741089995
308922648,Aries_24,Increasing Sequence with Fixed OR,WRONG_ANSWER,C++20 (GCC 13-64),1741089875
308922319,Aries_24,Increasing Sequence with Fixed OR,WRONG_ANSWER,C++20 (GCC 13-64),1741089743
308920660,Aries_24,Increasing Sequence with Fixed OR,WRONG_ANSWER,C++20 (GCC 13-64),1741089025
308920477,Aries_24,Increasing Sequence with Fixed OR,WRONG_ANSWER,C++20 (GCC 13-64),1741088950
308920030,zhxbz,Increasing Sequence with Fixed OR,WRONG_ANSWER,C++20 (GCC 13-64),1741088731
308919690,sadias,Make Majority,OK,"C++23 (GCC 14-64, msys2)",1741088574
308917182,Gus_Grimly,Increasing Sequence with Fixed OR,WRONG_ANSWER,C++17 (GCC 7-32),1741087330
308915065,Gus_Grimly,Increasing Sequence with Fixed OR,WRONG_ANSWER,C++17 (GCC 7-32),1741086225
308914724,ethereal.02dl,Increasing Sequence with Fixed OR,OK,"C++23 (GCC 14-64, msys2)",1741086049
308914503,Gus_Grimly,Increasing Sequence with Fixed OR,WRONG_ANSWER,C++17 (GCC 7-32),1741085948
308914420,sadias,Make Majority,WRONG_ANSWER,"C++23 (GCC 14-64, msys2)",1741085903
308914206,Gus_Grimly,Increasing Sequence with Fixed OR,WRONG_ANSWER,C++17 (GCC 7-32),1741085789
308914135,Gus_Grimly,Increasing Sequence with Fixed OR,WRONG_ANSWER,C++17 (GCC 7-32),1741085741
308913987,Gus_Grimly,Increasing Sequence with Fixed OR,WRONG_ANSWER,C++17 (GCC 7-32),1741085672
308913954,sadias,Make Majority,WRONG_ANSWER,"C++23 (GCC 14-64, msys2)",1741085660
308913497,Gus_Grimly,Increasing Sequence with Fixed OR,WRONG_ANSWER,C++17 (GCC 7-32),1741085424
308913407,Gus_Grimly,Increasing Sequence with Fixed OR,WRONG_ANSWER,C++17 (GCC 7-32),1741085378
308912874,Gus_Grimly,Increasing Sequence with Fixed OR,WRONG_ANSWER,C++17 (GCC 7-32),1741085092
308912820,sadias,Make Majority,WRONG_ANSWER,"C++23 (GCC 14-64, msys2)",1741085070
308912665,Gus_Grimly,Increasing Sequence with Fixed OR,WRONG_ANSWER,C++17 (GCC 7-32),1741084995
308912540,sadias,Make Majority,WRONG_ANSWER,"C++23 (GCC 14-64, msys2)",1741084940
308912152,Gus_Grimly,Increasing Sequence with Fixed OR,WRONG_ANSWER,C++17 (GCC 7-32),1741084750
308908906,Mr_Diabolical,Make Majority,OK,C++20 (GCC 13-64),1741083088
308907115,RuthvikRohan,Split the Multiset,OK,C++17 (GCC 7-32),1741082215
308907001,RuthvikRohan,Split the Multiset,WRONG_ANSWER,C++17 (GCC 7-32),1741082158
308906778,RuthvikRohan,Split the Multiset,WRONG_ANSWER,C++17 (GCC 7-32),1741082051
308906529,RuthvikRohan,Split the Multiset,WRONG_ANSWER,C++17 (GCC 7-32),1741081917
308906326,nvc2k8,Increasing Sequence with Fixed OR,OK,C++20 (GCC 13-64),1741081829
308906014,nvc2k8,Increasing Sequence with Fixed OR,WRONG_ANSWER,C++20 (GCC 13-64),1741081650
308905971,vinayakverma290605,The Omnipotent Monster Killer,OK,C++20 (GCC 13-64),1741081626
308905769,vinayakverma290605,The Omnipotent Monster Killer,WRONG_ANSWER,C++20 (GCC 13-64),1741081503
308905686,nvc2k8,Increasing Sequence with Fixed OR,WRONG_ANSWER,C++20 (GCC 13-64),1741081457
308905520,vinayakverma290605,The Omnipotent Monster Killer,WRONG_ANSWER,C++20 (GCC 13-64),1741081366
308905489,nvc2k8,Increasing Sequence with Fixed OR,WRONG_ANSWER,C++20 (GCC 13-64),1741081345
308905371,vinayakverma290605,The Omnipotent Monster Killer,WRONG_ANSWER,C++20 (GCC 13-64),1741081278
308905229,vinayakverma290605,The Omnipotent Monster Killer,WRONG_ANSWER,C++20 (GCC 13-64),1741081208
308900877,vinayakverma290605,The Omnipotent Monster Killer,OK,C++20 (GCC 13-64),1741078975
308893590,Aronyo_27,Make Majority,OK,"C++23 (GCC 14-64, msys2)",1741075307
308893076,Aronyo_27,Make Majority,OK,"C++23 (GCC 14-64, msys2)",1741075023
308892309,Aronyo_27,Make Majority,WRONG_ANSWER,"C++23 (GCC 14-64, msys2)",1741074566
308892226,Aronyo_27,Make Majority,WRONG_ANSWER,"C++23 (GCC 14-64, msys2)",1741074516
308889179,mayoswsad,Increasing Sequence with Fixed OR,OK,"C++23 (GCC 14-64, msys2)",1741072735
308888849,mayoswsad,Increasing Sequence with Fixed OR,WRONG_ANSWER,"C++23 (GCC 14-64, msys2)",1741072514
308888482,Davud_Thinkz1,Split the Multiset,OK,C++20 (GCC 13-64),1741072298
308888469,mayoswsad,Increasing Sequence with Fixed OR,WRONG_ANSWER,"C++23 (GCC 14-64, msys2)",1741072292
308888097,mayoswsad,Increasing Sequence with Fixed OR,WRONG_ANSWER,"C++23 (GCC 14-64, msys2)",1741072086
308887395,mayoswsad,Increasing Sequence with Fixed OR,TIME_LIMIT_EXCEEDED,"C++23 (GCC 14-64, msys2)",1741071704
308887304,mayoswsad,Increasing Sequence with Fixed OR,WRONG_ANSWER,"C++23 (GCC 14-64, msys2)",1741071658
308886608,mayoswsad,Increasing Sequence with Fixed OR,WRONG_ANSWER,"C++23 (GCC 14-64, msys2)",1741071270
308886159,mayoswsad,Increasing Sequence with Fixed OR,MEMORY_LIMIT_EXCEEDED,"C++23 (GCC 14-64, msys2)",1741071027
308885828,mayoswsad,Increasing Sequence with Fixed OR,MEMORY_LIMIT_EXCEEDED,"C++23 (GCC 14-64, msys2)",1741070847
308883896,bkifhr10,Split the Multiset,WRONG_ANSWER,"C++23 (GCC 14-64, msys2)",1741069680
308883372,bkifhr10,Split the Multiset,WRONG_ANSWER,"C++23 (GCC 14-64, msys2)",1741069352
308883338,LHaoooo,Split the Multiset,COMPILATION_ERROR,"C++23 (GCC 14-64, msys2)",1741069326
308881278,mithila_nowshad,Split the Multiset,OK,C++20 (GCC 13-64),1741067959
308879670,Cryomenase,The Omnipotent Monster Killer,OK,"C++23 (GCC 14-64, msys2)",1741066800
308879073,deudoena,The Omnipotent Monster Killer,WRONG_ANSWER,"C++23 (GCC 14-64, msys2)",1741066314
308878978,halym2008,The Omnipotent Monster Killer,OK,"C++23 (GCC 14-64, msys2)",1741066211
308878756,LHaoooo,The Omnipotent Monster Killer,OK,"C++23 (GCC 14-64, msys2)",1741066027
308878726,Sadman_Ishtiaks,The Omnipotent Monster Killer,WRONG_ANSWER,"C++23 (GCC 14-64, msys2)",1741066003
308878076,graidy_011888,The Omnipotent Monster Killer,OK,"C++23 (GCC 14-64, msys2)",1741065434
308877998,DarkestBlader,The Omnipotent Monster Killer,COMPILATION_ERROR,"C++23 (GCC 14-64, msys2)",1741065364
308877936,kenpegrasia,The Omnipotent Monster Killer,OK,C++20 (GCC 13-64),1741065314
308877894,yanrs1019,The Omnipotent Monster Killer,OK,C++20 (GCC 13-64),1741065277
308877771,acTiOn_kAmeN__,The Omnipotent Monster Killer,OK,"C++23 (GCC 14-64, msys2)",1741065160
308877744,goodluck_2077,The Omnipotent Monster Killer,OK,C++20 (GCC 13-64),1741065132
308877699,yanrs1019,The Omnipotent Monster Killer,OK,C++20 (GCC 13-64),1741065099
308877543,yanrs1019,The Omnipotent Monster Killer,WRONG_ANSWER,C++20 (GCC 13-64),1741064941
308877214,po_rag526,The Omnipotent Monster Killer,OK,"C++23 (GCC 14-64, msys2)",1741064651
308877172,bkifhr10,The Omnipotent Monster Killer,OK,"C++23 (GCC 14-64, msys2)",1741064615
308877152,ShahariarIslan,The Omnipotent Monster Killer,WRONG_ANSWER,"C++23 (GCC 14-64, msys2)",1741064592
308876905,luuphucving,The Omnipotent Monster Killer,OK,"C++23 (GCC 14-64, msys2)",1741064385
308876669,acTiOn_kAmeN__,The Omnipotent Monster Killer,OK,"C++23 (GCC 14-64, msys2)",1741064150
308876633,bkifhr8,The Omnipotent Monster Killer,WRONG_ANSWER,"C++23 (GCC 14-64, msys2)",1741064121
308876547,kenpegrasia,The Omnipotent Monster Killer,WRONG_ANSWER,"C++23 (GCC 14-64, msys2)",1741064041
308876503,ETO-leaders,The Omnipotent Monster Killer,OK,"C++23 (GCC 14-64, msys2)",1741063998
308876447,halym2008,The Omnipotent Monster Killer,WRONG_ANSWER,"C++23 (GCC 14-64, msys2)",1741063939
308876392,Serendipity23,The Omnipotent Monster Killer,WRONG_ANSWER,"C++23 (GCC 14-64, msys2)",1741063891
308876340,Yuossef_azzat,The Omnipotent Monster Killer,WRONG_ANSWER,"C++23 (GCC 14-64, msys2)",1741063839
308876313,bkifhr10,The Omnipotent Monster Killer,COMPILATION_ERROR,"C++23 (GCC 14-64, msys2)",1741063805
308876263,Ajudiya_kashyaps,The Omnipotent Monster Killer,COMPILATION_ERROR,"C++23 (GCC 14-64, msys2)",1741063760
308876027,bkifhr7,The Omnipotent Monster Killer,OK,"C++23 (GCC 14-64, msys2)",1741063518
308875769,OmarAboutaleb78,The Omnipotent Monster Killer,OK,"C++23 (GCC 14-64, msys2)",1741063241
308875721,mpl_peaches,The Omnipotent Monster Killer,WRONG_ANSWER,"C++23 (GCC 14-64, msys2)",1741063195
308875555,janlitwim,The Omnipotent Monster Killer,MEMORY_LIMIT_EXCEEDED,"C++23 (GCC 14-64, msys2)",1741063013
308870907,zshssf01,Split the Multiset,OK,C++20 (GCC 13-64),1741057629
308870745,zshssf01,Make Majority,OK,C++20 (GCC 13-64),1741057433
308868955,GTNewHorizons,Split the Multiset,OK,C++17 (GCC 7-32),1741055434
308867805,GTNewHorizons,Split the Multiset,WRONG_ANSWER,C++17 (GCC 7-32),1741054063
308867042,GTNewHorizons,Split the Multiset,WRONG_ANSWER,C++17 (GCC 7-32),1741053177
308866723,GTNewHorizons,Split the Multiset,WRONG_ANSWER,C++17 (GCC 7-32),1741052750
308854112,3bha,Increasing Sequence with Fixed OR,OK,C++17 (GCC 7-32),1741038184
308849047,3bha,Make Majority,OK,C++17 (GCC 7-32),1741034851
308848955,3bha,Make Majority,WRONG_ANSWER,C++17 (GCC 7-32),1741034793
308848291,Necromancer_74,Make Majority,WRONG_ANSWER,C++17 (GCC 7-32),1741034392
308848241,MaximusAurelius,Make Majority,OK,"C++23 (GCC 14-64, msys2)",1741034361
308848154,3bha,Split the Multiset,OK,C++17 (GCC 7-32),1741034295
308844094,vg290605,The Omnipotent Monster Killer,WRONG_ANSWER,C++20 (GCC 13-64),1741032009
308844038,vg290605,The Omnipotent Monster Killer,WRONG_ANSWER,C++20 (GCC 13-64),1741031971
308842643,betaboomer,Make Majority,WRONG_ANSWER,"C++23 (GCC 14-64, msys2)",1741031117
308842569,betaboomer,Make Majority,WRONG_ANSWER,"C++23 (GCC 14-64, msys2)",1741031070
308842380,betaboomer,Make Majority,WRONG_ANSWER,"C++23 (GCC 14-64, msys2)",1741030944
308842331,betaboomer,Make Majority,WRONG_ANSWER,"C++23 (GCC 14-64, msys2)",1741030917
308841187,vg290605,The Omnipotent Monster Killer,WRONG_ANSWER,C++20 (GCC 13-64),1741030243
308841002,vg290605,The Omnipotent Monster Killer,WRONG_ANSWER,C++20 (GCC 13-64),1741030134
308839334,moonknight007,Split the Multiset,OK,C++17 (GCC 7-32),1741029125
308839036,vinayakverma290605,The Omnipotent Monster Killer,WRONG_ANSWER,C++20 (GCC 13-64),1741028948
308837382,bhuvesh23100,Make Majority,TIME_LIMIT_EXCEEDED,C++17 (GCC 7-32),1741027979
308833696,alpha_pandey,Increasing Sequence with Fixed OR,OK,C++17 (GCC 7-32),1741026128
308831046,kill-pr0cess_int,Increasing Sequence with Fixed OR,OK,"C++23 (GCC 14-64, msys2)",1741024790
308830221,alpha_pandey,Increasing Sequence with Fixed OR,WRONG_ANSWER,C++17 (GCC 7-32),1741024374
308830158,Oskr6128,Increasing Sequence with Fixed OR,OK,C++20 (GCC 13-64),1741024341
308830059,Oskr6128,Increasing Sequence with Fixed OR,WRONG_ANSWER,C++20 (GCC 13-64),1741024286
308829948,twmnh195,Increasing Sequence with Fixed OR,OK,C++20 (GCC 13-64),1741024236
308829121,Ni_dhi03,Split the Multiset,OK,"C++23 (GCC 14-64, msys2)",1741023866
308826355,DevKankaani,The Omnipotent Monster Killer,WRONG_ANSWER,PyPy 3-64,1741022565
308825639,HazelVoyage,Increasing Sequence with Fixed OR,OK,"C++23 (GCC 14-64, msys2)",1741022247
308821987,codinsayan,Make Majority,OK,C++20 (GCC 13-64),1741020539
308821370,codinsayan,Make Majority,WRONG_ANSWER,C++20 (GCC 13-64),1741020213
308820926,codinsayan,Make Majority,WRONG_ANSWER,C++20 (GCC 13-64),1741019998
308819760,codinsayan,Make Majority,WRONG_ANSWER,C++20 (GCC 13-64),1741019433
308816718,anonymous072,Make Majority,OK,C++17 (GCC 7-32),1741017960
308816639,codinsayan,Make Majority,WRONG_ANSWER,C++20 (GCC 13-64),1741017929
308816557,faishal_053,The Omnipotent Monster Killer,WRONG_ANSWER,C++17 (GCC 7-32),1741017901
308816531,rank_vram,Split the Multiset,OK,"C++23 (GCC 14-64, msys2)",1741017888
308815732,anonymous072,Split the Multiset,OK,C++17 (GCC 7-32),1741017503
308815490,kenpegrasia,The Omnipotent Monster Killer,OK,C++17 (GCC 7-32),1741017391
308815189,Magola,The Omnipotent Monster Killer,OK,C++17 (GCC 7-32),1741017260
308814982,Magola,The Omnipotent Monster Killer,WRONG_ANSWER,C++17 (GCC 7-32),1741017170
308814449,Magola,The Omnipotent Monster Killer,WRONG_ANSWER,C++17 (GCC 7-32),1741016927
308813598,bkifhr9,The Omnipotent Monster Killer,WRONG_ANSWER,C++17 (GCC 7-32),1741016560
308809125,Codernikkk,The Omnipotent Monster Killer,WRONG_ANSWER,C++17 (GCC 7-32),1741014652
308806492,Mohaimen_Hridoy,Make Majority,OK,"C++23 (GCC 14-64, msys2)",1741013509
308806377,kill-pr0cess_int,Increasing Sequence with Fixed OR,WRONG_ANSWER,"C++23 (GCC 14-64, msys2)",1741013456
308805694,kill-pr0cess_int,Increasing Sequence with Fixed OR,WRONG_ANSWER,"C++23 (GCC 14-64, msys2)",1741013178
308805266,kill-pr0cess_int,Increasing Sequence with Fixed OR,WRONG_ANSWER,"C++23 (GCC 14-64, msys2)",1741012992
308805083,fsssdsns,Increasing Sequence with Fixed OR,OK,"C++23 (GCC 14-64, msys2)",1741012917
308804778,CYK147,The Omnipotent Monster Killer,OK,C++17 (GCC 7-32),1741012797
308804723,acTiOn_kAmeN__,The Omnipotent Monster Killer,WRONG_ANSWER,C++17 (GCC 7-32),1741012774
308804464,CYK147,The Omnipotent Monster Killer,TIME_LIMIT_EXCEEDED,C++17 (GCC 7-32),1741012657
308804289,CYK147,The Omnipotent Monster Killer,WRONG_ANSWER,C++17 (GCC 7-32),1741012583
308804206,kill-pr0cess_int,Increasing Sequence with Fixed OR,WRONG_ANSWER,"C++23 (GCC 14-64, msys2)",1741012549
308801671,CYK147,The Omnipotent Monster Killer,WRONG_ANSWER,C++17 (GCC 7-32),1741011492
308799703,SilverTwilights,The Omnipotent Monster Killer,WRONG_ANSWER,C++17 (GCC 7-32),1741010620
308796922,fsssdsns,Increasing Sequence with Fixed OR,WRONG_ANSWER,"C++23 (GCC 14-64, msys2)",1741009495
308777686,NepurnTyagi,The Omnipotent Monster Killer,OK,C++20 (GCC 13-64),1741001672
308764777,shivighngutti,Make Majority,OK,C++17 (GCC 7-32),1740994894
308760065,Abhimanyu_Kadhane,Increasing Sequence with Fixed OR,OK,C++20 (GCC 13-64),1740992559
308759722,Abhimanyu_Kadhane,Increasing Sequence with Fixed OR,WRONG_ANSWER,C++20 (GCC 13-64),1740992372
308759228,Abhimanyu_Kadhane,Increasing Sequence with Fixed OR,WRONG_ANSWER,C++20 (GCC 13-64),1740992132
308759106,Abhimanyu_Kadhane,Increasing Sequence with Fixed OR,WRONG_ANSWER,C++20 (GCC 13-64),1740992076
308758943,Abhimanyu_Kadhane,Increasing Sequence with Fixed OR,WRONG_ANSWER,C++20 (GCC 13-64),1740991996
308758689,Abhimanyu_Kadhane,Increasing Sequence with Fixed OR,WRONG_ANSWER,C++20 (GCC 13-64),1740991865
308758354,Md_rashed,Increasing Sequence with Fixed OR,OK,C++20 (GCC 13-64),1740991687
308757832,Md_rashed,Increasing Sequence with Fixed OR,WRONG_ANSWER,C++20 (GCC 13-64),1740991416
308757633,Md_rashed,Increasing Sequence with Fixed OR,WRONG_ANSWER,C++20 (GCC 13-64),1740991300
308757252,Md_rashed,Increasing Sequence with Fixed OR,WRONG_ANSWER,C++20 (GCC 13-64),1740991101
308748073,NepurnTyagi,The Omnipotent Monster Killer,WRONG_ANSWER,C++20 (GCC 13-64),1740985222
308731520,_KiMi,Increasing Sequence with Fixed OR,OK,C++17 (GCC 7-32),1740970525
308731387,_KiMi,Increasing Sequence with Fixed OR,WRONG_ANSWER,C++17 (GCC 7-32),1740970350
308726164,minhaj48,Make Majority,OK,"C++23 (GCC 14-64, msys2)",1740962973
308725447,minhaj48,Make Majority,WRONG_ANSWER,"C++23 (GCC 14-64, msys2)",1740962084
308725096,minhaj48,Make Majority,WRONG_ANSWER,"C++23 (GCC 14-64, msys2)",1740961711
308722379,omarsaifeldeen2000,Split the Multiset,OK,PyPy 3-64,1740959065
308722141,omarsaifeldeen2000,Split the Multiset,RUNTIME_ERROR,PyPy 3-64,1740958736
308717989,Saurav_31,Make Majority,OK,"C++23 (GCC 14-64, msys2)",1740953688
308715132,mustafizurrahman98e,Increasing Sequence with Fixed OR,OK,C++20 (GCC 13-64),1740951167
308711604,kx04,Increasing Sequence with Fixed OR,OK,"C++23 (GCC 14-64, msys2)",1740948801
308708524,Pouyaxanony,Increasing Sequence with Fixed OR,OK,C++20 (GCC 13-64),1740946917
308707659,Pouyaxanony,Increasing Sequence with Fixed OR,WRONG_ANSWER,C++20 (GCC 13-64),1740946454
308707230,Pouyaxanony,Increasing Sequence with Fixed OR,WRONG_ANSWER,C++20 (GCC 13-64),1740946234
308707170,Pouyaxanony,Increasing Sequence with Fixed OR,WRONG_ANSWER,C++17 (GCC 7-32),1740946204
308706988,Pouyaxanony,Increasing Sequence with Fixed OR,WRONG_ANSWER,C++17 (GCC 7-32),1740946104
308705507,Pouyaxanony,Increasing Sequence with Fixed OR,WRONG_ANSWER,C++17 (GCC 7-32),1740945640
308705363,Pouyaxanony,Increasing Sequence with Fixed OR,WRONG_ANSWER,C++17 (GCC 7-32),1740945542
308705237,Pouyaxanony,Increasing Sequence with Fixed OR,WRONG_ANSWER,C++17 (GCC 7-32),1740945459
308694384,mohitdmark,Increasing Sequence with Fixed OR,OK,"C++23 (GCC 14-64, msys2)",1740938842
308694326,bkifhr6,Increasing Sequence with Fixed OR,WRONG_ANSWER,"C++23 (GCC 14-64, msys2)",1740938794
308694195,sameersingh8848,Increasing Sequence with Fixed OR,OK,"C++23 (GCC 14-64, msys2)",1740938727
308692627,acTiOn_kAmeN__,Increasing Sequence with Fixed OR,WRONG_ANSWER,"C++23 (GCC 14-64, msys2)",1740937863
308690565,vulontrautruonglonbo,The Omnipotent Monster Killer,OK,C++17 (GCC 7-32),1740936762
308686890,Almonther,The Omnipotent Monster Killer,WRONG_ANSWER,C++20 (GCC 13-64),1740934738
308686868,Almonther,The Omnipotent Monster Killer,WRONG_ANSWER,C++20 (GCC 13-64),1740934724
308686828,Almonther,The Omnipotent Monster Killer,WRONG_ANSWER,C++20 (GCC 13-64),1740934703
308686776,Almonther,The Omnipotent Monster Killer,WRONG_ANSWER,C++20 (GCC 13-64),1740934675
308686428,Almonther,The Omnipotent Monster Killer,TIME_LIMIT_EXCEEDED,C++20 (GCC 13-64),1740934483
308686357,harsh007_,Split the Multiset,OK,C++20 (GCC 13-64),1740934442
308686234,WaterWang-001,Split the Multiset,OK,PyPy 3-64,1740934370
308686095,Almonther,The Omnipotent Monster Killer,TIME_LIMIT_EXCEEDED,C++20 (GCC 13-64),1740934300
308686079,WaterWang-001,Make Majority,OK,PyPy 3-64,1740934294
308686055,Almonther,The Omnipotent Monster Killer,COMPILATION_ERROR,C++20 (GCC 13-64),1740934277
308685832,WaterWang-001,The Omnipotent Monster Killer,RUNTIME_ERROR,PyPy 3-64,1740934162
308685825,Almonther,The Omnipotent Monster Killer,TIME_LIMIT_EXCEEDED,C++20 (GCC 13-64),1740934160
308685779,Almonther,The Omnipotent Monster Killer,WRONG_ANSWER,C++20 (GCC 13-64),1740934131
308685721,Almonther,The Omnipotent Monster Killer,WRONG_ANSWER,C++20 (GCC 13-64),1740934094
308685701,WaterWang-001,Range Minimum Sum,RUNTIME_ERROR,PyPy 3-64,1740934087
308685657,Almonther,The Omnipotent Monster Killer,TIME_LIMIT_EXCEEDED,C++20 (GCC 13-64),1740934068
308685652,Tahir98,Increasing Sequence with Fixed OR,OK,"C++23 (GCC 14-64, msys2)",1740934066
308685566,WaterWang-001,Heartbeat,RUNTIME_ERROR,PyPy 3-64,1740934019
308685469,Almonther,The Omnipotent Monster Killer,WRONG_ANSWER,C++20 (GCC 13-64),1740933964
308683388,bkifhr6,Split the Multiset,OK,"C++23 (GCC 14-64, msys2)",1740932767
308683346,Kamran212,Split the Multiset,OK,"C++23 (GCC 14-64, msys2)",1740932740
308674289,Yousef_Fawzy,Increasing Sequence with Fixed OR,OK,"C++23 (GCC 14-64, msys2)",1740929017
308673924,Zekken_,Increasing Sequence with Fixed OR,OK,"C++23 (GCC 14-64, msys2)",1740928872
308673479,DigiTalDreamar,Increasing Sequence with Fixed OR,OK,C++17 (GCC 7-32),1740928671
308673399,DigiTalDreamar,Increasing Sequence with Fixed OR,WRONG_ANSWER,C++17 (GCC 7-32),1740928634
308672548,Zekken_,Increasing Sequence with Fixed OR,OK,"C++23 (GCC 14-64, msys2)",1740928238
308672530,Zekken_,Increasing Sequence with Fixed OR,WRONG_ANSWER,"C++23 (GCC 14-64, msys2)",1740928227
308670927,Zekken_,Increasing Sequence with Fixed OR,OK,"C++23 (GCC 14-64, msys2)",1740927424
308670833,Zekken_,Increasing Sequence with Fixed OR,WRONG_ANSWER,"C++23 (GCC 14-64, msys2)",1740927380
308670679,Zekken_,Increasing Sequence with Fixed OR,COMPILATION_ERROR,"C++23 (GCC 14-64, msys2)",1740927312
308670487,Zekken_,Increasing Sequence with Fixed OR,OK,"C++23 (GCC 14-64, msys2)",1740927213
308670400,Zekken_,Increasing Sequence with Fixed OR,OK,"C++23 (GCC 14-64, msys2)",1740927167
308670250,Zekken_,Increasing Sequence with Fixed OR,OK,"C++23 (GCC 14-64, msys2)",1740927104
308670156,Zekken_,Increasing Sequence with Fixed OR,WRONG_ANSWER,"C++23 (GCC 14-64, msys2)",1740927060
308661033,Zekken_,Increasing Sequence with Fixed OR,WRONG_ANSWER,"C++23 (GCC 14-64, msys2)",1740923058
308660916,Zekken_,Increasing Sequence with Fixed OR,WRONG_ANSWER,"C++23 (GCC 14-64, msys2)",1740923012
308659612,Zekken_,Increasing Sequence with Fixed OR,WRONG_ANSWER,"C++23 (GCC 14-64, msys2)",1740922435
308659401,Zekken_,Increasing Sequence with Fixed OR,WRONG_ANSWER,"C++23 (GCC 14-64, msys2)",1740922344
308659339,Zekken_,Increasing Sequence with Fixed OR,WRONG_ANSWER,"C++23 (GCC 14-64, msys2)",1740922321
308659200,Zekken_,Increasing Sequence with Fixed OR,WRONG_ANSWER,"C++23 (GCC 14-64, msys2)",1740922264
308659013,Zekken_,Increasing Sequence with Fixed OR,WRONG_ANSWER,"C++23 (GCC 14-64, msys2)",1740922183
308654901,twmnh195,Increasing Sequence with Fixed OR,WRONG_ANSWER,C++20 (GCC 13-64),1740920482
308653678,twmnh195,Increasing Sequence with Fixed OR,WRONG_ANSWER,C++20 (GCC 13-64),1740919957
308643265,quangminh98,Split the Multiset,OK,C++17 (GCC 7-32),1740915377
308642981,quangminh98,Split the Multiset,WRONG_ANSWER,C++17 (GCC 7-32),1740915266
308642918,quangminh98,Split the Multiset,COMPILATION_ERROR,GNU C11,1740915250
308628770,Icarus___,Increasing Sequence with Fixed OR,OK,C++20 (GCC 13-64),1740908684
308628632,Icarus___,Increasing Sequence with Fixed OR,WRONG_ANSWER,C++20 (GCC 13-64),1740908618
308628480,Whitel0ne,Make Majority,WRONG_ANSWER,C++20 (GCC 13-64),1740908541
308627979,Whitel0ne,Make Majority,WRONG_ANSWER,C++20 (GCC 13-64),1740908311
308627794,Priya_Bisht10,Split the Multiset,OK,C++20 (GCC 13-64),1740908218
308627373,Icarus___,Increasing Sequence with Fixed OR,WRONG_ANSWER,C++20 (GCC 13-64),1740908003
308627259,we_114514,Make Majority,OK,"C++23 (GCC 14-64, msys2)",1740907948
308627238,shahadat_01,Make Majority,OK,C++17 (GCC 7-32),1740907939
308627198,Kamran212,Make Majority,OK,"C++23 (GCC 14-64, msys2)",1740907914
308627088,Whitel0ne,Make Majority,WRONG_ANSWER,C++20 (GCC 13-64),1740907859
308625917,Kamran212,Make Majority,WRONG_ANSWER,"C++23 (GCC 14-64, msys2)",1740907264
308620645,Icarus___,Increasing Sequence with Fixed OR,WRONG_ANSWER,C++20 (GCC 13-64),1740904825
308619586,Kamran212,Make Majority,WRONG_ANSWER,"C++23 (GCC 14-64, msys2)",1740904312
308616069,George_Joseph,Increasing Sequence with Fixed OR,OK,"C++23 (GCC 14-64, msys2)",1740902397
308616025,Icarus___,Make Majority,OK,C++20 (GCC 13-64),1740902377
308615625,tr25,Make Majority,OK,C++17 (GCC 7-32),1740902154
308614994,C47KIKI,Split the Multiset,OK,"C++23 (GCC 14-64, msys2)",1740901826
308614432,Icarus___,Split the Multiset,OK,C++20 (GCC 13-64),1740901517
308614397,George_Joseph,Increasing Sequence with Fixed OR,WRONG_ANSWER,"C++23 (GCC 14-64, msys2)",1740901496
308614238,George_Joseph,Increasing Sequence with Fixed OR,WRONG_ANSWER,"C++23 (GCC 14-64, msys2)",1740901414
308612161,tr25,Split the Multiset,OK,C++17 (GCC 7-32),1740900398
308611863,tr25,Split the Multiset,WRONG_ANSWER,C++17 (GCC 7-32),1740900248
308605171,tr25,Split the Multiset,WRONG_ANSWER,C++17 (GCC 7-32),1740896684
308604843,tr25,Split the Multiset,WRONG_ANSWER,C++17 (GCC 7-32),1740896496
308599076,flexagons_,Split the Multiset,OK,C++20 (GCC 13-64),1740892911
308599050,flexagons_,Split the Multiset,OK,C++20 (GCC 13-64),1740892892
308598040,rohithdarlanka,Increasing Sequence with Fixed OR,WRONG_ANSWER,C++17 (GCC 7-32),1740892118
308597764,rohithdarlanka,Increasing Sequence with Fixed OR,OK,C++17 (GCC 7-32),1740891899
308596778,rohithdarlanka,Increasing Sequence with Fixed OR,WRONG_ANSWER,C++17 (GCC 7-32),1740890910
308586503,glowbigger,Increasing Sequence with Fixed OR,OK,"C++23 (GCC 14-64, msys2)",1740878377
308586473,glowbigger,Increasing Sequence with Fixed OR,OK,"C++23 (GCC 14-64, msys2)",1740878334
308586427,glowbigger,Increasing Sequence with Fixed OR,WRONG_ANSWER,"C++23 (GCC 14-64, msys2)",1740878261
308586367,glowbigger,Increasing Sequence with Fixed OR,WRONG_ANSWER,"C++23 (GCC 14-64, msys2)",1740878154
308586341,glowbigger,Increasing Sequence with Fixed OR,WRONG_ANSWER,"C++23 (GCC 14-64, msys2)",1740878116
308585063,cvsj,Increasing Sequence with Fixed OR,OK,C++20 (GCC 13-64),1740876108
308585003,cvsj,Increasing Sequence with Fixed OR,WRONG_ANSWER,C++20 (GCC 13-64),1740876034
308584043,cvsj,Make Majority,OK,C++20 (GCC 13-64),1740874573
308579711,Ryei,The Omnipotent Monster Killer,OK,"C++23 (GCC 14-64, msys2)",1740868842
308575320,__Hussein__,Make Majority,OK,"C++23 (GCC 14-64, msys2)",1740865023
308574505,__Hussein__,Split the Multiset,OK,"C++23 (GCC 14-64, msys2)",1740864385
308572884,MarkelOff,Split the Multiset,WRONG_ANSWER,C++20 (GCC 13-64),1740863111
308572298,MarkelOff,Split the Multiset,WRONG_ANSWER,C++20 (GCC 13-64),1740862726
308570926,MarkelOff,Split the Multiset,WRONG_ANSWER,C++20 (GCC 13-64),1740861712
308562224,maratov539,Split the Multiset,OK,C++17 (GCC 7-32),1740856447
308557327,maratov539,Make Majority,OK,C++17 (GCC 7-32),1740853924
308557113,maratov539,Make Majority,WRONG_ANSWER,C++17 (GCC 7-32),1740853824
308556033,harsh007_,Make Majority,MEMORY_LIMIT_EXCEEDED,C++20 (GCC 13-64),1740853362
308544093,worthNothing,Increasing Sequence with Fixed OR,OK,"C++23 (GCC 14-64, msys2)",1740849832
308542457,C47KIKI,Make Majority,OK,"C++23 (GCC 14-64, msys2)",1740849210
308541006,C47KIKI,Make Majority,WRONG_ANSWER,"C++23 (GCC 14-64, msys2)",1740848632
308539632,graidy_011888,The Omnipotent Monster Killer,OK,"C++23 (GCC 14-64, msys2)",1740848026
308539534,graidy_011888,The Omnipotent Monster Killer,WRONG_ANSWER,"C++23 (GCC 14-64, msys2)",1740847977
308539459,sameersingh8848,The Omnipotent Monster Killer,WRONG_ANSWER,"C++23 (GCC 14-64, msys2)",1740847943
308538002,C47KIKI,Make Majority,WRONG_ANSWER,"C++23 (GCC 14-64, msys2)",1740847336
308537434,C47KIKI,Make Majority,WRONG_ANSWER,"C++23 (GCC 14-64, msys2)",1740847085
308526087,vulontrautruonglonbo,The Omnipotent Monster Killer,WRONG_ANSWER,C++17 (GCC 7-32),1740842495
308525559,vulontrautruonglonbo,The Omnipotent Monster Killer,WRONG_ANSWER,C++17 (GCC 7-32),1740842279
308525012,vulontrautruonglonbo,The Omnipotent Monster Killer,WRONG_ANSWER,C++17 (GCC 7-32),1740842048
308523961,vulontrautruonglonbo,The Omnipotent Monster Killer,WRONG_ANSWER,C++17 (GCC 7-32),1740841626
308523714,vulontrautruonglonbo,The Omnipotent Monster Killer,WRONG_ANSWER,C++17 (GCC 7-32),1740841527
308520935,vulontrautruonglonbo,The Omnipotent Monster Killer,RUNTIME_ERROR,C++17 (GCC 7-32),1740840581
308515826,milk81,Make Majority,COMPILATION_ERROR,C++20 (GCC 13-64),1740838436
308515308,smso,Split the Multiset,WRONG_ANSWER,"C++23 (GCC 14-64, msys2)",1740838190
308514370,C47KIKI,Make Majority,COMPILATION_ERROR,GNU C11,1740837744
308504605,adipun,Split the Multiset,OK,C++17 (GCC 7-32),1740832867
308502578,QQya,Make Majority,OK,C++20 (GCC 13-64),1740831932
308502526,ScorpioDaggar,Make Majority,OK,C++20 (GCC 13-64),1740831907
308499803,MadhavBhatt,Split the Multiset,OK,C++20 (GCC 13-64),1740830627
308496157,MadhavBhatt,Split the Multiset,WRONG_ANSWER,C++20 (GCC 13-64),1740828978
308494464,atharvsanjay.naik,Split the Multiset,OK,C++17 (GCC 7-32),1740828265
308494294,atharvsanjay.naik,Split the Multiset,WRONG_ANSWER,C++17 (GCC 7-32),1740828183
308494293,faishal_053,Split the Multiset,WRONG_ANSWER,C++17 (GCC 7-32),1740828182
308494174,DarkestBlader,Split the Multiset,WRONG_ANSWER,C++17 (GCC 7-32),1740828132
308493702,atharvsanjay.naik,Split the Multiset,WRONG_ANSWER,C++17 (GCC 7-32),1740827922
308493561,atharvsanjay.naik,Split the Multiset,WRONG_ANSWER,C++17 (GCC 7-32),1740827862
308491808,Serendipity23,Split the Multiset,WRONG_ANSWER,C++17 (GCC 7-32),1740827060
308483654,moonknight007,Split the Multiset,WRONG_ANSWER,C++17 (GCC 7-32),1740823251
308476814,asitis,The Omnipotent Monster Killer,WRONG_ANSWER,C++20 (GCC 13-64),1740820244
308475717,mohitdmark,Make Majority,WRONG_ANSWER,"C++23 (GCC 14-64, msys2)",1740819768
308474595,lyj2012vip,The Omnipotent Monster Killer,WRONG_ANSWER,C++17 (GCC 7-32),1740819296
308474413,lyj2012vip,The Omnipotent Monster Killer,WRONG_ANSWER,C++17 (GCC 7-32),1740819211
308474167,Goldan_Respy,The Omnipotent Monster Killer,COMPILATION_ERROR,C++20 (GCC 13-64),1740819108
308473186,MadhavBhatt,Make Majority,OK,C++20 (GCC 13-64),1740818675
308471354,asitis,The Omnipotent Monster Killer,WRONG_ANSWER,C++20 (GCC 13-64),1740817898
308466017,asitis,Increasing Sequence with Fixed OR,OK,C++20 (GCC 13-64),1740815583
308465407,zqh_040606,Split the Multiset,OK,C++17 (GCC 7-32),1740815306
308463328,NP_1110,Increasing Sequence with Fixed OR,OK,C++20 (GCC 13-64),1740814427
308462011,asitis,Make Majority,OK,C++20 (GCC 13-64),1740813919
308461751,smso,Split the Multiset,WRONG_ANSWER,"C++23 (GCC 14-64, msys2)",1740813809
308460424,asitis,Split the Multiset,OK,C++20 (GCC 13-64),1740813257
308458425,kulkarnichaitanya665,Increasing Sequence with Fixed OR,OK,C++17 (GCC 7-32),1740812404
308448038,Tamas,Increasing Sequence with Fixed OR,OK,"C++23 (GCC 14-64, msys2)",1740807859
308448034,B1naryKn1ght,Split the Multiset,OK,C++20 (GCC 13-64),1740807858
308446675,Tamas,Increasing Sequence with Fixed OR,WRONG_ANSWER,"C++23 (GCC 14-64, msys2)",1740807180
308446566,Tamas,Increasing Sequence with Fixed OR,WRONG_ANSWER,"C++23 (GCC 14-64, msys2)",1740807120
308443540,countless,Split the Multiset,OK,C++17 (GCC 7-32),1740805437
308443433,countless,Split the Multiset,WRONG_ANSWER,C++17 (GCC 7-32),1740805369
308442824,Rakib731,Increasing Sequence with Fixed OR,OK,Python 3,1740804953
308442422,edvidarez,Increasing Sequence with Fixed OR,OK,"C++23 (GCC 14-64, msys2)",1740804664
308442366,edvidarez,Increasing Sequence with Fixed OR,WRONG_ANSWER,"C++23 (GCC 14-64, msys2)",1740804619
308442235,edvidarez,Increasing Sequence with Fixed OR,WRONG_ANSWER,"C++23 (GCC 14-64, msys2)",1740804520
308442050,edvidarez,Increasing Sequence with Fixed OR,WRONG_ANSWER,"C++23 (GCC 14-64, msys2)",1740804389
308441946,edvidarez,Increasing Sequence with Fixed OR,WRONG_ANSWER,"C++23 (GCC 14-64, msys2)",1740804329
308436115,mazharulhaque94721,Make Majority,OK,GNU C11,1740799867
308428245,mazharulhaque94721,Make Majority,RUNTIME_ERROR,GNU C11,1740793275
308428172,mazharulhaque94721,Make Majority,COMPILATION_ERROR,GNU C11,1740793205
308427929,mazharulhaque94721,Make Majority,COMPILATION_ERROR,GNU C11,1740792932
308427806,mazharulhaque94721,Make Majority,COMPILATION_ERROR,GNU C11,1740792765
308423137,Serendipity23,The Omnipotent Monster Killer,OK,"C++23 (GCC 14-64, msys2)",1740786349
308422999,luuphucving,The Omnipotent Monster Killer,OK,"C++23 (GCC 14-64, msys2)",1740786164
308421034,recebimentodelixo,The Omnipotent Monster Killer,OK,"C++23 (GCC 14-64, msys2)",1740783643
308420875,recebimentodelixo,The Omnipotent Monster Killer,WRONG_ANSWER,"C++23 (GCC 14-64, msys2)",1740783443
308420842,recebimentodelixo,The Omnipotent Monster Killer,WRONG_ANSWER,"C++23 (GCC 14-64, msys2)",1740783412
308420793,recebimentodelixo,The Omnipotent Monster Killer,WRONG_ANSWER,"C++23 (GCC 14-64, msys2)",1740783363
308420748,recebimentodelixo,The Omnipotent Monster Killer,WRONG_ANSWER,"C++23 (GCC 14-64, msys2)",1740783299
308420709,recebimentodelixo,The Omnipotent Monster Killer,WRONG_ANSWER,"C++23 (GCC 14-64, msys2)",1740783246
308420506,Aditya.,Split the Multiset,OK,C++17 (GCC 7-32),1740782996
308420423,Aditya.,Split the Multiset,WRONG_ANSWER,C++17 (GCC 7-32),1740782886
308420310,Aditya.,Split the Multiset,WRONG_ANSWER,C++17 (GCC 7-32),1740782733
308419577,matheus_silver,The Omnipotent Monster Killer,OK,C++17 (GCC 7-32),1740782021
308419527,matheus_silver,The Omnipotent Monster Killer,WRONG_ANSWER,C++17 (GCC 7-32),1740781951
308419404,matheus_silver,The Omnipotent Monster Killer,WRONG_ANSWER,C++17 (GCC 7-32),1740781814
308419117,Aditya.,Split the Multiset,WRONG_ANSWER,C++17 (GCC 7-32),1740781538
308418918,ETO-leaders,The Omnipotent Monster Killer,WRONG_ANSWER,C++17 (GCC 7-32),1740781334
308418144,Aditya.,Split the Multiset,WRONG_ANSWER,C++17 (GCC 7-32),1740780519
308402795,Koustav_Kundu,Split the Multiset,OK,C++20 (GCC 13-64),1740770790
308401538,jubayeribnsaif98,Split the Multiset,WRONG_ANSWER,C++17 (GCC 7-32),1740770081
308397041,r_b2006,Make Majority,OK,C++17 (GCC 7-32),1740767683
308395466,r_b2006,Split the Multiset,OK,C++17 (GCC 7-32),1740766899
308395183,PeteMitchell7,Split the Multiset,OK,"C++23 (GCC 14-64, msys2)",1740766775
308394971,PeteMitchell7,Split the Multiset,WRONG_ANSWER,"C++23 (GCC 14-64, msys2)",1740766691
308393384,PeteMitchell7,Split the Multiset,WRONG_ANSWER,"C++23 (GCC 14-64, msys2)",1740765941
308392980,PeteMitchell7,Split the Multiset,WRONG_ANSWER,"C++23 (GCC 14-64, msys2)",1740765760
308390761,PeteMitchell7,Split the Multiset,WRONG_ANSWER,"C++23 (GCC 14-64, msys2)",1740764809
308390501,Satvik_Raj,Increasing Sequence with Fixed OR,OK,C++17 (GCC 7-32),1740764712
308390139,Satvik_Raj,Increasing Sequence with Fixed OR,WRONG_ANSWER,C++17 (GCC 7-32),1740764562
308390034,Satvik_Raj,Increasing Sequence with Fixed OR,WRONG_ANSWER,C++17 (GCC 7-32),1740764528
308389697,Satvik_Raj,Increasing Sequence with Fixed OR,WRONG_ANSWER,C++17 (GCC 7-32),1740764378
308389501,surankande23,Split the Multiset,OK,"C++23 (GCC 14-64, msys2)",1740764308
308388152,goodluck_2077,Make Majority,WRONG_ANSWER,"C++23 (GCC 14-64, msys2)",1740763787
308387610,PeteMitchell7,Make Majority,OK,"C++23 (GCC 14-64, msys2)",1740763597
308350670,jubayeribnsaif98,Split the Multiset,COMPILATION_ERROR,GNU C11,1740757003
308340452,Satvik_Raj,Increasing Sequence with Fixed OR,WRONG_ANSWER,C++17 (GCC 7-32),1740756122
308315402,Tahsin5586,Split the Multiset,OK,C++17 (GCC 7-32),1740754490
308303098,Tahsin5586,Split the Multiset,WRONG_ANSWER,C++17 (GCC 7-32),1740753867
308295368,Tahsin5586,Split the Multiset,WRONG_ANSWER,C++17 (GCC 7-32),1740753534
308292594,Tahsin5586,Split the Multiset,WRONG_ANSWER,C++17 (GCC 7-32),1740753300
308292232,SahilH,Make Majority,WRONG_ANSWER,"C++23 (GCC 14-64, msys2)",1740753128
308289829,Anwesh_16,Increasing Sequence with Fixed OR,OK,C++17 (GCC 7-32),1740752075
308289685,Anwesh_16,Increasing Sequence with Fixed OR,WRONG_ANSWER,C++17 (GCC 7-32),1740752010
308289185,krit3379,The Omnipotent Monster Killer,OK,"C++23 (GCC 14-64, msys2)",1740751819
308288804,krit3379,The Omnipotent Monster Killer,OK,"C++23 (GCC 14-64, msys2)",1740751666
308287944,Kelecyrrr,Split the Multiset,OK,"C++23 (GCC 14-64, msys2)",1740751283
308287572,Kelecyrrr,Make Majority,OK,"C++23 (GCC 14-64, msys2)",1740751128
308278772,hyakkimaruRonin,Split the Multiset,WRONG_ANSWER,C++20 (GCC 13-64),1740747508
308278453,hyakkimaruRonin,Split the Multiset,WRONG_ANSWER,C++20 (GCC 13-64),1740747362
308278127,Tahsin5586,Make Majority,OK,C++17 (GCC 7-32),1740747226
308277898,Tahsin5586,Make Majority,WRONG_ANSWER,C++17 (GCC 7-32),1740747107
308277092,hardiksinghal90775,Make Majority,OK,"C++23 (GCC 14-64, msys2)",1740746757
308276353,hyakkimaruRonin,Split the Multiset,WRONG_ANSWER,C++20 (GCC 13-64),1740746425
308276010,hardiksinghal90775,Make Majority,WRONG_ANSWER,"C++23 (GCC 14-64, msys2)",1740746276
308275751,chunzDing,The Omnipotent Monster Killer,WRONG_ANSWER,PyPy 3-64,1740746150
308274869,hyakkimaruRonin,Split the Multiset,WRONG_ANSWER,C++17 (GCC 7-32),1740745737
308270077,gaurav_pandit,Increasing Sequence with Fixed OR,OK,C++17 (GCC 7-32),1740743548
308264047,krit3379,Increasing Sequence with Fixed OR,OK,"C++23 (GCC 14-64, msys2)",1740740919
308262599,KaanPasa,Make Majority,OK,"C++23 (GCC 14-64, msys2)",1740740207
308256934,hackerman15,Split the Multiset,OK,C++17 (GCC 7-32),1740737271
308256635,hackerman15,Split the Multiset,WRONG_ANSWER,C++17 (GCC 7-32),1740737125
308256597,hackerman15,Split the Multiset,COMPILATION_ERROR,GNU C11,1740737103
308241948,lira.frts,The Omnipotent Monster Killer,OK,"C++23 (GCC 14-64, msys2)",1740729932
308240351,lira.frts,The Omnipotent Monster Killer,WRONG_ANSWER,"C++23 (GCC 14-64, msys2)",1740729042
308236932,_Badassium,Increasing Sequence with Fixed OR,OK,C++20 (GCC 13-64),1740727154
308233266,lira.frts,The Omnipotent Monster Killer,WRONG_ANSWER,"C++23 (GCC 14-64, msys2)",1740724906
308232541,Sadman_Ishtiaks,Make Majority,WRONG_ANSWER,"C++23 (GCC 14-64, msys2)",1740724375
308218192,vjudge40,Make Majority,OK,C++20 (GCC 13-64),1740711743
308218144,vjudge40,Make Majority,WRONG_ANSWER,C++20 (GCC 13-64),1740711705
308218095,vjudge40,Make Majority,COMPILATION_ERROR,C++20 (GCC 13-64),1740711662
308218049,20111019Yu,Make Majority,WRONG_ANSWER,C++20 (GCC 13-64),1740711606
308218046,vjudge40,Make Majority,COMPILATION_ERROR,C++20 (GCC 13-64),1740711603
308206743,Aronyo_27,Make Majority,WRONG_ANSWER,"C++23 (GCC 14-64, msys2)",1740694999
308206631,Aronyo_27,Make Majority,WRONG_ANSWER,"C++23 (GCC 14-64, msys2)",1740694897
308206432,Aronyo_27,Make Majority,WRONG_ANSWER,"C++23 (GCC 14-64, msys2)",1740694645
308204341,v0rtex,Increasing Sequence with Fixed OR,OK,C++17 (GCC 7-32),1740692238
308204231,newvortex,Increasing Sequence with Fixed OR,WRONG_ANSWER,C++17 (GCC 7-32),1740692136
308204198,v0rtex,Increasing Sequence with Fixed OR,WRONG_ANSWER,C++17 (GCC 7-32),1740692111
308204158,newvortex,Increasing Sequence with Fixed OR,WRONG_ANSWER,C++17 (GCC 7-32),1740692073
308204034,v0rtex,Increasing Sequence with Fixed OR,WRONG_ANSWER,C++17 (GCC 7-32),1740691943
308203858,v0rtex,Increasing Sequence with Fixed OR,WRONG_ANSWER,C++17 (GCC 7-32),1740691778
308203817,v0rtex,Increasing Sequence with Fixed OR,WRONG_ANSWER,C++17 (GCC 7-32),1740691737
308201283,Aronyo_27,Split the Multiset,OK,"C++23 (GCC 14-64, msys2)",1740689348
308200147,Aditya.,Make Majority,WRONG_ANSWER,C++17 (GCC 7-32),1740688408
308199952,Aditya.,Make Majority,WRONG_ANSWER,C++17 (GCC 7-32),1740688259
308199621,Aditya.,Make Majority,OK,C++17 (GCC 7-32),1740688003
308199477,v0rtex,Make Majority,OK,C++17 (GCC 7-32),1740687903
308199431,Aditya.,Make Majority,WRONG_ANSWER,C++17 (GCC 7-32),1740687862
308199354,Aditya.,Make Majority,WRONG_ANSWER,C++17 (GCC 7-32),1740687817
308199048,Kidilowski,Make Majority,OK,C++17 (GCC 7-32),1740687566
308198546,Aditya.,Make Majority,WRONG_ANSWER,C++17 (GCC 7-32),1740687212
308198374,v0rtex,Split the Multiset,OK,C++17 (GCC 7-32),1740687104
308197788,Aditya.,Make Majority,WRONG_ANSWER,C++17 (GCC 7-32),1740686706
308197517,Aditya.,Make Majority,WRONG_ANSWER,C++17 (GCC 7-32),1740686509
308196622,Aditya.,Make Majority,WRONG_ANSWER,C++17 (GCC 7-32),1740685863
308196459,Aditya.,Make Majority,WRONG_ANSWER,C++17 (GCC 7-32),1740685748
308195483,Aditya.,Make Majority,WRONG_ANSWER,C++17 (GCC 7-32),1740685090
308194815,Aditya.,Make Majority,WRONG_ANSWER,C++17 (GCC 7-32),1740684644
308194723,Aditya.,Make Majority,WRONG_ANSWER,C++17 (GCC 7-32),1740684583
308194516,Aditya.,Make Majority,WRONG_ANSWER,C++17 (GCC 7-32),1740684450
308185618,ManTis7,The Omnipotent Monster Killer,WRONG_ANSWER,"C++23 (GCC 14-64, msys2)",1740679497
308183022,dineshreddy25,Make Majority,OK,"C++23 (GCC 14-64, msys2)",1740678304
308180655,Wahidddd,Make Majority,OK,C++17 (GCC 7-32),1740677286
308180193,Wahidddd,Make Majority,WRONG_ANSWER,C++17 (GCC 7-32),1740677107
308178916,Wahidddd,Make Majority,WRONG_ANSWER,C++17 (GCC 7-32),1740676613
308170155,a_dityn,Split the Multiset,OK,"C++23 (GCC 14-64, msys2)",1740673944
308164183,siddharth1119sid,Make Majority,OK,C++17 (GCC 7-32),1740673183
308138916,LiZhao,Make Majority,OK,C++20 (GCC 13-64),1740670179
308136802,LiZhao,Make Majority,WRONG_ANSWER,C++20 (GCC 13-64),1740669972
308135686,LiZhao,Make Majority,TIME_LIMIT_EXCEEDED,C++20 (GCC 13-64),1740669867
308132600,LiZhao,Split the Multiset,OK,C++20 (GCC 13-64),1740669584
308091072,siddharth1119sid,Make Majority,COMPILATION_ERROR,C++17 (GCC 7-32),1740666911
308090898,siddharth1119sid,Make Majority,WRONG_ANSWER,C++17 (GCC 7-32),1740666827
308089121,verlint,Increasing Sequence with Fixed OR,OK,C++17 (GCC 7-32),1740666060
308087176,siddharth1119sid,Split the Multiset,OK,C++17 (GCC 7-32),1740665220
308085985,siddharth1119sid,Split the Multiset,WRONG_ANSWER,C++17 (GCC 7-32),1740664740
308085908,siddharth1119sid,Split the Multiset,COMPILATION_ERROR,C++17 (GCC 7-32),1740664711
308084207,CodeMonsterChu,The Omnipotent Monster Killer,WRONG_ANSWER,C++17 (GCC 7-32),1740664015
308080075,verlint,Increasing Sequence with Fixed OR,OK,C++17 (GCC 7-32),1740662469
308079768,verlint,Increasing Sequence with Fixed OR,TIME_LIMIT_EXCEEDED,C++17 (GCC 7-32),1740662336
308079343,verlint,Increasing Sequence with Fixed OR,TIME_LIMIT_EXCEEDED,C++17 (GCC 7-32),1740662161
308079078,verlint,Increasing Sequence with Fixed OR,WRONG_ANSWER,C++17 (GCC 7-32),1740662066
308079049,thunderBreathing,Split the Multiset,OK,"C++23 (GCC 14-64, msys2)",1740662055
308078250,a_dityn,Split the Multiset,WRONG_ANSWER,"C++23 (GCC 14-64, msys2)",1740661741
308077380,verlint,Increasing Sequence with Fixed OR,MEMORY_LIMIT_EXCEEDED,C++17 (GCC 7-32),1740661403
308076769,anishkhachane,Split the Multiset,OK,C++17 (GCC 7-32),1740661170
308076766,Regret7016,Increasing Sequence with Fixed OR,OK,C++20 (GCC 13-64),1740661169
308074861,anishkhachane,Split the Multiset,WRONG_ANSWER,C++17 (GCC 7-32),1740660362
308072950,verlint,Increasing Sequence with Fixed OR,WRONG_ANSWER,C++17 (GCC 7-32),1740659500
308069038,a_dityn,Make Majority,OK,"C++23 (GCC 14-64, msys2)",1740657774
308067148,a_dityn,Make Majority,WRONG_ANSWER,"C++23 (GCC 14-64, msys2)",1740656943
308066536,a_dityn,Make Majority,WRONG_ANSWER,"C++23 (GCC 14-64, msys2)",1740656667
308060834,Ibrahimfostok,The Omnipotent Monster Killer,OK,"C++23 (GCC 14-64, msys2)",1740653993
308057586,Ibrahimfostok,The Omnipotent Monster Killer,OK,"C++23 (GCC 14-64, msys2)",1740652218
308057516,Ibrahimfostok,The Omnipotent Monster Killer,WRONG_ANSWER,"C++23 (GCC 14-64, msys2)",1740652181
308057431,Ibrahimfostok,The Omnipotent Monster Killer,WRONG_ANSWER,"C++23 (GCC 14-64, msys2)",1740652134
308057348,Ibrahimfostok,The Omnipotent Monster Killer,WRONG_ANSWER,"C++23 (GCC 14-64, msys2)",1740652094
308057274,Ibrahimfostok,The Omnipotent Monster Killer,OK,"C++23 (GCC 14-64, msys2)",1740652057
308057198,Ibrahimfostok,The Omnipotent Monster Killer,OK,"C++23 (GCC 14-64, msys2)",1740652021
308056999,Ibrahimfostok,The Omnipotent Monster Killer,OK,"C++23 (GCC 14-64, msys2)",1740651909
308054308,krit3379,Make Majority,OK,"C++23 (GCC 14-64, msys2)",1740650525
308053591,krit3379,Split the Multiset,OK,"C++23 (GCC 14-64, msys2)",1740650156
308044980,Rv0,Increasing Sequence with Fixed OR,OK,"C++23 (GCC 14-64, msys2)",1740645851
308044449,Rv0,Increasing Sequence with Fixed OR,WRONG_ANSWER,"C++23 (GCC 14-64, msys2)",1740645555
308025938,Hasibur_Rahmen,The Omnipotent Monster Killer,OK,C++20 (GCC 13-64),1740634817
308024451,hyakkimaruRonin,Make Majority,OK,C++20 (GCC 13-64),1740633620
308019645,Pr1Yanshu729,Increasing Sequence with Fixed OR,OK,C++20 (GCC 13-64),1740629810
308019574,Pr1Yanshu729,Increasing Sequence with Fixed OR,OK,C++20 (GCC 13-64),1740629756
308019504,Pr1Yanshu729,Increasing Sequence with Fixed OR,OK,C++20 (GCC 13-64),1740629709
308019440,Pr1Yanshu729,Increasing Sequence with Fixed OR,WRONG_ANSWER,C++20 (GCC 13-64),1740629655
308019376,Pr1Yanshu729,Increasing Sequence with Fixed OR,WRONG_ANSWER,C++20 (GCC 13-64),1740629600
308019280,Pr1Yanshu729,Increasing Sequence with Fixed OR,WRONG_ANSWER,C++20 (GCC 13-64),1740629527
308019188,Pr1Yanshu729,Increasing Sequence with Fixed OR,WRONG_ANSWER,C++20 (GCC 13-64),1740629446
308018812,Pr1Yanshu729,Increasing Sequence with Fixed OR,WRONG_ANSWER,C++20 (GCC 13-64),1740629129
308016707,Kate_Leonova5,Heartbeat,WRONG_ANSWER,"C++23 (GCC 14-64, msys2)",1740627227
308016673,Kate_Leonova5,Heartbeat,WRONG_ANSWER,"C++23 (GCC 14-64, msys2)",1740627192
308016638,Kate_Leonova5,Heartbeat,WRONG_ANSWER,"C++23 (GCC 14-64, msys2)",1740627159
308016612,Kate_Leonova5,Heartbeat,WRONG_ANSWER,"C++23 (GCC 14-64, msys2)",1740627131
308016573,Kate_Leonova5,Heartbeat,COMPILATION_ERROR,"C++23 (GCC 14-64, msys2)",1740627092
308016549,Kate_Leonova5,Heartbeat,COMPILATION_ERROR,"C++23 (GCC 14-64, msys2)",1740627061
308016479,Kate_Leonova5,Heartbeat,WRONG_ANSWER,"C++23 (GCC 14-64, msys2)",1740626973
308016432,Kate_Leonova5,Heartbeat,WRONG_ANSWER,"C++23 (GCC 14-64, msys2)",1740626931
308016334,Kate_Leonova5,Range Minimum Sum,WRONG_ANSWER,"C++23 (GCC 14-64, msys2)",1740626823
308016287,Kate_Leonova5,Range Minimum Sum,COMPILATION_ERROR,"C++23 (GCC 14-64, msys2)",1740626772
308016254,Kate_Leonova5,Range Minimum Sum,COMPILATION_ERROR,"C++23 (GCC 14-64, msys2)",1740626734
308016228,Kate_Leonova5,Range Minimum Sum,COMPILATION_ERROR,"C++23 (GCC 14-64, msys2)",1740626700
308016189,Kate_Leonova5,Range Minimum Sum,WRONG_ANSWER,"C++23 (GCC 14-64, msys2)",1740626662
308016161,Kate_Leonova5,Range Minimum Sum,WRONG_ANSWER,"C++23 (GCC 14-64, msys2)",1740626630
308016128,Kate_Leonova5,Range Minimum Sum,COMPILATION_ERROR,"C++23 (GCC 14-64, msys2)",1740626598
308016099,Kate_Leonova5,Range Minimum Sum,COMPILATION_ERROR,"C++23 (GCC 14-64, msys2)",1740626559
308016070,Kate_Leonova5,The Omnipotent Monster Killer,WRONG_ANSWER,"C++23 (GCC 14-64, msys2)",1740626523
308016047,Kate_Leonova5,The Omnipotent Monster Killer,WRONG_ANSWER,"C++23 (GCC 14-64, msys2)",1740626488
308016018,Kate_Leonova5,The Omnipotent Monster Killer,WRONG_ANSWER,"C++23 (GCC 14-64, msys2)",1740626455
308015991,Kate_Leonova5,The Omnipotent Monster Killer,WRONG_ANSWER,"C++23 (GCC 14-64, msys2)",1740626423
308015928,Kate_Leonova5,The Omnipotent Monster Killer,WRONG_ANSWER,"C++23 (GCC 14-64, msys2)",1740626350
308015903,Kate_Leonova5,The Omnipotent Monster Killer,WRONG_ANSWER,"C++23 (GCC 14-64, msys2)",1740626317
308015860,Kate_Leonova5,The Omnipotent Monster Killer,WRONG_ANSWER,"C++23 (GCC 14-64, msys2)",1740626281
308015800,Kate_Leonova5,The Omnipotent Monster Killer,WRONG_ANSWER,"C++23 (GCC 14-64, msys2)",1740626235
308015753,Kate_Leonova5,Increasing Sequence with Fixed OR,OK,"C++23 (GCC 14-64, msys2)",1740626187
308015716,Kate_Leonova5,Increasing Sequence with Fixed OR,WRONG_ANSWER,"C++23 (GCC 14-64, msys2)",1740626153
308015676,Kate_Leonova5,Increasing Sequence with Fixed OR,WRONG_ANSWER,"C++23 (GCC 14-64, msys2)",1740626115
308015641,Kate_Leonova5,Increasing Sequence with Fixed OR,WRONG_ANSWER,"C++23 (GCC 14-64, msys2)",1740626085
308015599,Kate_Leonova5,Increasing Sequence with Fixed OR,WRONG_ANSWER,"C++23 (GCC 14-64, msys2)",1740626032
308015564,Kate_Leonova5,Increasing Sequence with Fixed OR,WRONG_ANSWER,"C++23 (GCC 14-64, msys2)",1740625998
308015417,Kate_Leonova5,Increasing Sequence with Fixed OR,MEMORY_LIMIT_EXCEEDED,"C++23 (GCC 14-64, msys2)",1740625806
308015386,Kate_Leonova5,Increasing Sequence with Fixed OR,WRONG_ANSWER,"C++23 (GCC 14-64, msys2)",1740625762
308015346,Kate_Leonova5,Make Majority,WRONG_ANSWER,"C++23 (GCC 14-64, msys2)",1740625728
308015320,Kate_Leonova5,Make Majority,WRONG_ANSWER,"C++23 (GCC 14-64, msys2)",1740625696
308015285,Kate_Leonova5,Make Majority,WRONG_ANSWER,"C++23 (GCC 14-64, msys2)",1740625662
308015263,Kate_Leonova5,Make Majority,WRONG_ANSWER,"C++23 (GCC 14-64, msys2)",1740625631
308015227,Kate_Leonova5,Make Majority,WRONG_ANSWER,"C++23 (GCC 14-64, msys2)",1740625587
308015206,Kate_Leonova5,Make Majority,WRONG_ANSWER,"C++23 (GCC 14-64, msys2)",1740625556
308015166,Kate_Leonova5,Make Majority,WRONG_ANSWER,"C++23 (GCC 14-64, msys2)",1740625498
308015101,Kate_Leonova5,Make Majority,WRONG_ANSWER,"C++23 (GCC 14-64, msys2)",1740625409
308015058,Kate_Leonova5,Split the Multiset,OK,"C++23 (GCC 14-64, msys2)",1740625347
308011865,DanilCh,The Omnipotent Monster Killer,WRONG_ANSWER,C++17 (GCC 7-32),1740621005
308011624,Ajudiya_kashyaps,The Omnipotent Monster Killer,WRONG_ANSWER,C++17 (GCC 7-32),1740620657
308007061,rezaul7081,The Omnipotent Monster Killer,WRONG_ANSWER,C++17 (GCC 7-32),1740613228
308006007,cakgok,Make Majority,OK,"C++23 (GCC 14-64, msys2)",1740611351
307995920,nik._.ali,Increasing Sequence with Fixed OR,OK,C++17 (GCC 7-32),1740601238
307995378,nik._.ali,Increasing Sequence with Fixed OR,WRONG_ANSWER,C++17 (GCC 7-32),1740600910
307992422,_lucho,Increasing Sequence with Fixed OR,OK,Java 8,1740598997
307987405,ritambasus9,Increasing Sequence with Fixed OR,OK,"C++23 (GCC 14-64, msys2)",1740597144
307986271,ritambasus9,Increasing Sequence with Fixed OR,WRONG_ANSWER,"C++23 (GCC 14-64, msys2)",1740596482
307986049,ritambasus9,Increasing Sequence with Fixed OR,WRONG_ANSWER,"C++23 (GCC 14-64, msys2)",1740596356
307985955,ritambasus9,Increasing Sequence with Fixed OR,WRONG_ANSWER,"C++23 (GCC 14-64, msys2)",1740596303
307985638,parsisor,Increasing Sequence with Fixed OR,OK,C++17 (GCC 7-32),1740596114
307982948,ritambasus9,Increasing Sequence with Fixed OR,TIME_LIMIT_EXCEEDED,"C++23 (GCC 14-64, msys2)",1740594683
307976562,MEHEDICSE13,Make Majority,OK,"C++23 (GCC 14-64, msys2)",1740592172
307975692,anshalMishra731,Split the Multiset,OK,"C++23 (GCC 14-64, msys2)",1740591927
307973051,anshalMishra731,Make Majority,OK,"C++23 (GCC 14-64, msys2)",1740590665
307971292,sparsetable,The Omnipotent Monster Killer,OK,C++20 (GCC 13-64),1740589829
307970750,sparsetable,The Omnipotent Monster Killer,RUNTIME_ERROR,C++20 (GCC 13-64),1740589591
307970187,sparsetable,The Omnipotent Monster Killer,WRONG_ANSWER,C++20 (GCC 13-64),1740589337
307969924,bkifhr9,The Omnipotent Monster Killer,OK,C++20 (GCC 13-64),1740589230
307969536,sparsetable,The Omnipotent Monster Killer,WRONG_ANSWER,C++20 (GCC 13-64),1740589042
307969500,sparsetable,The Omnipotent Monster Killer,WRONG_ANSWER,C++20 (GCC 13-64),1740589024
307969215,po_rag526,The Omnipotent Monster Killer,WRONG_ANSWER,C++20 (GCC 13-64),1740588890
307969063,sparsetable,The Omnipotent Monster Killer,WRONG_ANSWER,C++20 (GCC 13-64),1740588826
307968880,shivacharani16,The Omnipotent Monster Killer,WRONG_ANSWER,C++20 (GCC 13-64),1740588738
307968875,sparsetable,The Omnipotent Monster Killer,WRONG_ANSWER,C++20 (GCC 13-64),1740588735
307968301,dineshreddy25,The Omnipotent Monster Killer,WRONG_ANSWER,C++20 (GCC 13-64),1740588484
307967022,sparsetable,The Omnipotent Monster Killer,WRONG_ANSWER,C++20 (GCC 13-64),1740587899
307966906,sparsetable,The Omnipotent Monster Killer,WRONG_ANSWER,C++20 (GCC 13-64),1740587841
307966174,sparsetable,The Omnipotent Monster Killer,WRONG_ANSWER,C++20 (GCC 13-64),1740587512
307965883,sparsetable,The Omnipotent Monster Killer,WRONG_ANSWER,C++20 (GCC 13-64),1740587393
307965615,sparsetable,The Omnipotent Monster Killer,WRONG_ANSWER,C++20 (GCC 13-64),1740587283
307965523,rezaul7081,The Omnipotent Monster Killer,WRONG_ANSWER,C++20 (GCC 13-64),1740587247
307957894,Truck-kun,Split the Multiset,OK,"C++23 (GCC 14-64, msys2)",1740583882
307954010,Tony_wcr,The Omnipotent Monster Killer,WRONG_ANSWER,C++17 (GCC 7-32),1740582191
307951751,cxlcxlcxlcxlcxlcxl,Increasing Sequence with Fixed OR,OK,C++17 (GCC 7-32),1740581174
307946740,luuphucving,Make Majority,OK,"C++23 (GCC 14-64, msys2)",1740578900
307941128,CuteProgrammer10,Make Majority,WRONG_ANSWER,C++20 (GCC 13-64),1740576583
307932080,Raj_Rawat,Increasing Sequence with Fixed OR,OK,Java 8,1740572853
307928254,hackerboyz1616,Make Majority,WRONG_ANSWER,GNU C11,1740571269
307927794,hackerboyz1616,Make Majority,WRONG_ANSWER,GNU C11,1740571077
307926909,hackerboyz1616,Make Majority,WRONG_ANSWER,GNU C11,1740570711
307926477,hackerboyz1616,Make Majority,WRONG_ANSWER,GNU C11,1740570522
307925720,hackerboyz1616,Make Majority,WRONG_ANSWER,GNU C11,1740570205
307925110,yadzn,Increasing Sequence with Fixed OR,OK,C++20 (GCC 13-64),1740569950
307924770,yadzn,Increasing Sequence with Fixed OR,WRONG_ANSWER,C++20 (GCC 13-64),1740569814
307924548,yadzn,Increasing Sequence with Fixed OR,WRONG_ANSWER,C++20 (GCC 13-64),1740569725
307924204,yadzn,Increasing Sequence with Fixed OR,WRONG_ANSWER,C++20 (GCC 13-64),1740569588
307924041,hackerboyz1616,Make Majority,WRONG_ANSWER,GNU C11,1740569523
307923999,yadzn,Increasing Sequence with Fixed OR,WRONG_ANSWER,C++20 (GCC 13-64),1740569507
307923274,yadzn,Increasing Sequence with Fixed OR,WRONG_ANSWER,C++20 (GCC 13-64),1740569219
307922475,yadzn,Increasing Sequence with Fixed OR,WRONG_ANSWER,C++20 (GCC 13-64),1740568893
307921306,hackerboyz1616,Make Majority,WRONG_ANSWER,GNU C11,1740568426
307918466,adityabanik,Make Majority,WRONG_ANSWER,"C++23 (GCC 14-64, msys2)",1740567264
307917524,dhruvnagani,Split the Multiset,OK,"C++23 (GCC 14-64, msys2)",1740566846
307915976,not_mohith,Make Majority,OK,Java 8,1740566159
307914357,vnjain2004,The Omnipotent Monster Killer,OK,C++20 (GCC 13-64),1740565423
307913688,vnjain2004,The Omnipotent Monster Killer,MEMORY_LIMIT_EXCEEDED,C++20 (GCC 13-64),1740565121
307913613,vnjain2004,The Omnipotent Monster Killer,WRONG_ANSWER,C++20 (GCC 13-64),1740565084
307913327,vnjain2004,The Omnipotent Monster Killer,WRONG_ANSWER,C++20 (GCC 13-64),1740564947
307912944,vnjain2004,The Omnipotent Monster Killer,WRONG_ANSWER,C++20 (GCC 13-64),1740564763
307911160,umeshola07,Make Majority,OK,C++17 (GCC 7-32),1740563929
307910326,umeshola07,Make Majority,WRONG_ANSWER,C++17 (GCC 7-32),1740563558
307907730,umeshola07,Make Majority,WRONG_ANSWER,C++17 (GCC 7-32),1740562300
307905864,Surjo007,Split the Multiset,OK,C++17 (GCC 7-32),1740561149
307905805,Surjo007,Split the Multiset,WRONG_ANSWER,C++17 (GCC 7-32),1740561114
307905572,thonk,Make Majority,OK,"C++23 (GCC 14-64, msys2)",1740560964
307905537,Surjo007,Split the Multiset,TIME_LIMIT_EXCEEDED,C++17 (GCC 7-32),1740560941
307905488,Surjo007,Split the Multiset,TIME_LIMIT_EXCEEDED,C++17 (GCC 7-32),1740560910
307905195,www.com,Range Minimum Sum,OK,C++20 (GCC 13-64),1740560733
307901539,maityankan10,Increasing Sequence with Fixed OR,OK,C++17 (GCC 7-32),1740558365
307901405,maityankan10,Increasing Sequence with Fixed OR,WRONG_ANSWER,C++17 (GCC 7-32),1740558266
307901283,maityankan10,Increasing Sequence with Fixed OR,WRONG_ANSWER,C++17 (GCC 7-32),1740558173
307900995,maityankan10,Increasing Sequence with Fixed OR,WRONG_ANSWER,C++17 (GCC 7-32),1740557989
307900758,Instencial,Increasing Sequence with Fixed OR,OK,C++20 (GCC 13-64),1740557848
307899459,mjiumengm,Increasing Sequence with Fixed OR,OK,PyPy 3-64,1740556981
307898999,mjiumengm,Increasing Sequence with Fixed OR,WRONG_ANSWER,"C++23 (GCC 14-64, msys2)",1740556683
307898816,mjiumengm,Increasing Sequence with Fixed OR,WRONG_ANSWER,"C++23 (GCC 14-64, msys2)",1740556557
307898726,striverz,Make Majority,OK,C++20 (GCC 13-64),1740556485
307893264,Totato,Make Majority,OK,C++17 (GCC 7-32),1740552550
307889047,shashankskb18700,Make Majority,OK,Java 8,1740549185
307888288,muhammad__nasrulloev,Make Majority,OK,C++17 (GCC 7-32),1740548607
307879676,dreamoon_love_AA,Increasing Sequence with Fixed OR,OK,"C++23 (GCC 14-64, msys2)",1740541064
307873938,gxnu_zzy,The Omnipotent Monster Killer,OK,C++20 (GCC 13-64),1740534505
307867991,adriellymd,Split the Multiset,OK,C++20 (GCC 13-64),1740525586
307867841,adriellymd,Split the Multiset,WRONG_ANSWER,C++20 (GCC 13-64),1740525369
307867715,adriellymd,Split the Multiset,OK,C++20 (GCC 13-64),1740525164
307859051,_Ashraful_Alam,Split the Multiset,OK,C++20 (GCC 13-64),1740516025
307850324,_Puzzles,The Omnipotent Monster Killer,OK,C++20 (GCC 13-64),1740511208
307844248,Mahina070,Split the Multiset,OK,C++20 (GCC 13-64),1740508580
307834558,Zeel_Danani,Split the Multiset,OK,"C++23 (GCC 14-64, msys2)",1740505468
307816693,dhruvnagani,Split the Multiset,WRONG_ANSWER,"C++23 (GCC 14-64, msys2)",1740501688
307668397,_SharmaKunal,Make Majority,OK,C++17 (GCC 7-32),1740490879
307659325,morphinecode,The Omnipotent Monster Killer,WRONG_ANSWER,C++20 (GCC 13-64),1740487171
307655273,SGElking,The Omnipotent Monster Killer,OK,"C++23 (GCC 14-64, msys2)",1740485576
307654928,vikasdixit7905,Increasing Sequence with Fixed OR,OK,C++17 (GCC 7-32),1740485423
307652621,CBrandonCode,Increasing Sequence with Fixed OR,OK,"C++23 (GCC 14-64, msys2)",1740484442
307646634,jxjjjj,Range Minimum Sum,OK,C++20 (GCC 13-64),1740481588
307646134,jxjjjj,Range Minimum Sum,WRONG_ANSWER,C++20 (GCC 13-64),1740481320
307638860,ConvexHulllllll,Range Minimum Sum,WRONG_ANSWER,"C++23 (GCC 14-64, msys2)",1740477223
307638109,ConvexHulllllll,Range Minimum Sum,WRONG_ANSWER,"C++23 (GCC 14-64, msys2)",1740476838
307636875,Tony_wcr,Increasing Sequence with Fixed OR,OK,C++17 (GCC 7-32),1740476207
307636539,encodeworld,Increasing Sequence with Fixed OR,OK,C++17 (GCC 7-32),1740476020
307636441,Tony_wcr,Increasing Sequence with Fixed OR,WRONG_ANSWER,C++17 (GCC 7-32),1740475976
307636045,Tony_wcr,Increasing Sequence with Fixed OR,WRONG_ANSWER,C++17 (GCC 7-32),1740475768
307635888,Tony_wcr,Increasing Sequence with Fixed OR,WRONG_ANSWER,C++17 (GCC 7-32),1740475689
307635442,jxjjjj,Range Minimum Sum,WRONG_ANSWER,C++20 (GCC 13-64),1740475462
307634787,sksksksk0204,The Omnipotent Monster Killer,RUNTIME_ERROR,C++17 (GCC 7-32),1740475133
307633005,ha203811,Make Majority,OK,"C++23 (GCC 14-64, msys2)",1740474176
307631924,yltzzz,Increasing Sequence with Fixed OR,OK,"C++23 (GCC 14-64, msys2)",1740473584
307631815,yltzzz,Increasing Sequence with Fixed OR,WRONG_ANSWER,"C++23 (GCC 14-64, msys2)",1740473519
307631747,tanvimandhan,Increasing Sequence with Fixed OR,OK,C++17 (GCC 7-32),1740473481
307631314,tanvimandhan,Increasing Sequence with Fixed OR,WRONG_ANSWER,C++17 (GCC 7-32),1740473196
307630852,ha203811,Make Majority,WRONG_ANSWER,"C++23 (GCC 14-64, msys2)",1740472917
307622717,DronDron,Increasing Sequence with Fixed OR,OK,C++17 (GCC 7-32),1740467490
307622073,DronDron,Increasing Sequence with Fixed OR,WRONG_ANSWER,C++17 (GCC 7-32),1740467113
307621755,DronDron,Increasing Sequence with Fixed OR,WRONG_ANSWER,C++17 (GCC 7-32),1740466912
307616097,gentlecoder29,Increasing Sequence with Fixed OR,OK,C++17 (GCC 7-32),1740463286
307616006,gentlecoder29,Increasing Sequence with Fixed OR,WRONG_ANSWER,C++17 (GCC 7-32),1740463207
307615831,gentlecoder29,Increasing Sequence with Fixed OR,WRONG_ANSWER,C++17 (GCC 7-32),1740463077
307600444,muntasirmuhammad555,Make Majority,WRONG_ANSWER,C++17 (GCC 7-32),1740444438
307600347,muntasirmuhammad555,Make Majority,WRONG_ANSWER,C++17 (GCC 7-32),1740444305
307593914,ollelapidus,The Omnipotent Monster Killer,OK,"C++23 (GCC 14-64, msys2)",1740434090
307593850,ollelapidus,The Omnipotent Monster Killer,WRONG_ANSWER,"C++23 (GCC 14-64, msys2)",1740434012
307593626,ollelapidus,The Omnipotent Monster Killer,WRONG_ANSWER,"C++23 (GCC 14-64, msys2)",1740433786
307576265,_Puzzles,The Omnipotent Monster Killer,WRONG_ANSWER,C++20 (GCC 13-64),1740421943
307574669,nishant745618,Split the Multiset,RUNTIME_ERROR,PyPy 3-64,1740421240
307567777,tushar_raghav,Make Majority,OK,C++17 (GCC 7-32),1740418063
307566935,dhruvnagani,Make Majority,OK,"C++23 (GCC 14-64, msys2)",1740417690
307566848,dhruvnagani,Make Majority,WRONG_ANSWER,"C++23 (GCC 14-64, msys2)",1740417657
307566752,likhith_27,Split the Multiset,OK,C++17 (GCC 7-32),1740417610
307566161,likhith_27,Split the Multiset,WRONG_ANSWER,C++17 (GCC 7-32),1740417336
307565983,likhith_27,Split the Multiset,WRONG_ANSWER,C++17 (GCC 7-32),1740417254
307565352,Supti_Deb124,Split the Multiset,OK,Java 8,1740416970
307565273,Supti_Deb124,Split the Multiset,COMPILATION_ERROR,C++20 (GCC 13-64),1740416938
307564063,likhith_27,Make Majority,OK,C++17 (GCC 7-32),1740416355
307561513,-rubix-,Split the Multiset,OK,PyPy 3-64,1740415200
307560069,-rubix-,Make Majority,OK,PyPy 3-64,1740414535
307559075,ConvexHulllllll,Range Minimum Sum,OK,"C++23 (GCC 14-64, msys2)",1740414065
307558941,ConvexHulllllll,Range Minimum Sum,OK,"C++23 (GCC 14-64, msys2)",1740413998
307554992,umang_huuuu,Split the Multiset,OK,C++17 (GCC 7-32),1740412223
307554016,encodeworld,Increasing Sequence with Fixed OR,WRONG_ANSWER,C++17 (GCC 7-32),1740411788
307548889,tushar_raghav,Make Majority,TIME_LIMIT_EXCEEDED,C++17 (GCC 7-32),1740409605
307546336,rosh28,Split the Multiset,OK,C++20 (GCC 13-64),1740408425
307546102,tushar_raghav,Make Majority,RUNTIME_ERROR,C++17 (GCC 7-32),1740408327
307545626,rosh28,Split the Multiset,WRONG_ANSWER,C++20 (GCC 13-64),1740408101
307545415,rosh28,Split the Multiset,WRONG_ANSWER,C++20 (GCC 13-64),1740408002
307545003,rosh28,Split the Multiset,WRONG_ANSWER,C++20 (GCC 13-64),1740407812
307544623,rosh28,Split the Multiset,WRONG_ANSWER,C++20 (GCC 13-64),1740407667
307544188,rosh28,Split the Multiset,WRONG_ANSWER,C++20 (GCC 13-64),1740407476
307543442,inverno_yt,Make Majority,OK,C++17 (GCC 7-32),1740407153
307542182,dp04,Increasing Sequence with Fixed OR,OK,PyPy 3-64,1740406617
307532160,Butulka,Increasing Sequence with Fixed OR,OK,C++17 (GCC 7-32),1740402185
307531953,Alizhan-Rakhmetov-008-28,Increasing Sequence with Fixed OR,OK,C++17 (GCC 7-32),1740402088
307531642,Butulka,Increasing Sequence with Fixed OR,WRONG_ANSWER,C++17 (GCC 7-32),1740401946
307530823,Butulka,Increasing Sequence with Fixed OR,WRONG_ANSWER,C++17 (GCC 7-32),1740401610
307530702,Butulka,Increasing Sequence with Fixed OR,COMPILATION_ERROR,C++17 (GCC 7-32),1740401559
307529968,Butulka,Increasing Sequence with Fixed OR,RUNTIME_ERROR,C++17 (GCC 7-32),1740401244
307529878,Butulka,Increasing Sequence with Fixed OR,RUNTIME_ERROR,C++17 (GCC 7-32),1740401210
307526929,Ramprajeeth,Make Majority,OK,C++17 (GCC 7-32),1740399807
307524762,Ramprajeeth,Make Majority,TIME_LIMIT_EXCEEDED,C++17 (GCC 7-32),1740398775
307516985,maheshc1,The Omnipotent Monster Killer,WRONG_ANSWER,C++17 (GCC 7-32),1740394681
307512044,vereshchagin88,The Omnipotent Monster Killer,OK,"C++23 (GCC 14-64, msys2)",1740391605
307497592,qq2462155058,The Omnipotent Monster Killer,WRONG_ANSWER,C++17 (GCC 7-32),1740382806
307496964,secian_dip,Split the Multiset,OK,C++20 (GCC 13-64),1740382386
307495098,qq2462155058,Increasing Sequence with Fixed OR,OK,C++17 (GCC 7-32),1740381054
307494913,qq2462155058,Increasing Sequence with Fixed OR,WRONG_ANSWER,C++17 (GCC 7-32),1740380936
307494871,qq2462155058,Increasing Sequence with Fixed OR,WRONG_ANSWER,C++17 (GCC 7-32),1740380912
307494718,qq2462155058,Increasing Sequence with Fixed OR,WRONG_ANSWER,C++17 (GCC 7-32),1740380808
307494247,qq2462155058,Increasing Sequence with Fixed OR,WRONG_ANSWER,C++17 (GCC 7-32),1740380522
307463830,mannu_1,Split the Multiset,OK,"C++23 (GCC 14-64, msys2)",1740344564
307463626,mannu_1,Split the Multiset,OK,"C++23 (GCC 14-64, msys2)",1740344413
307462505,AhmedRagab_1,Split the Multiset,OK,"C++23 (GCC 14-64, msys2)",1740343533
307462027,secian_dip,Make Majority,OK,C++20 (GCC 13-64),1740343139
307461073,AhmedRagab_1,Split the Multiset,WRONG_ANSWER,"C++23 (GCC 14-64, msys2)",1740342445
307460782,AhmedRagab_1,Split the Multiset,WRONG_ANSWER,"C++23 (GCC 14-64, msys2)",1740342226
307459286,mannu_1,Make Majority,OK,"C++23 (GCC 14-64, msys2)",1740341135
307458373,mannu_1,Make Majority,WRONG_ANSWER,"C++23 (GCC 14-64, msys2)",1740340456
307456488,farhan_azad,Make Majority,OK,"C++23 (GCC 14-64, msys2)",1740339204
307455646,farhan_azad,Make Majority,OK,"C++23 (GCC 14-64, msys2)",1740338681
307455431,farhan_azad,Make Majority,WRONG_ANSWER,"C++23 (GCC 14-64, msys2)",1740338536
307454196,anshalMishra731,Split the Multiset,WRONG_ANSWER,"C++23 (GCC 14-64, msys2)",1740337722
307454082,_Puzzles,The Omnipotent Monster Killer,WRONG_ANSWER,C++20 (GCC 13-64),1740337649
307453974,anshalMishra731,Split the Multiset,WRONG_ANSWER,"C++23 (GCC 14-64, msys2)",1740337585
307453399,anshalMishra731,Split the Multiset,WRONG_ANSWER,"C++23 (GCC 14-64, msys2)",1740337231
307452455,anshalMishra731,Split the Multiset,WRONG_ANSWER,"C++23 (GCC 14-64, msys2)",1740336629
307451631,anshalMishra731,Split the Multiset,WRONG_ANSWER,"C++23 (GCC 14-64, msys2)",1740336108
307451458,_SALAMANCA_,Increasing Sequence with Fixed OR,OK,C++20 (GCC 13-64),1740336002
307451246,anshalMishra731,Split the Multiset,WRONG_ANSWER,"C++23 (GCC 14-64, msys2)",1740335864
307450618,Aslam97,Split the Multiset,WRONG_ANSWER,C++17 (GCC 7-32),1740335464
307450157,anshalMishra731,Split the Multiset,WRONG_ANSWER,"C++23 (GCC 14-64, msys2)",1740335202
307450065,Aslam97,Split the Multiset,WRONG_ANSWER,C++17 (GCC 7-32),1740335149
307449881,Aslam97,Split the Multiset,WRONG_ANSWER,C++17 (GCC 7-32),1740335038
307449177,anshalMishra731,Split the Multiset,WRONG_ANSWER,"C++23 (GCC 14-64, msys2)",1740334648
307445964,Yousef_Fawzy,Increasing Sequence with Fixed OR,OK,"C++23 (GCC 14-64, msys2)",1740333001
307434273,num5,Heartbeat,RUNTIME_ERROR,C++17 (GCC 7-32),1740326626
307431366,num2,Range Minimum Sum,WRONG_ANSWER,C++17 (GCC 7-32),1740325172
307430733,farhan_azad,Split the Multiset,OK,"C++23 (GCC 14-64, msys2)",1740324834
307420625,yetti,Split the Multiset,OK,C++17 (GCC 7-32),1740319916
307417749,we_114514,Split the Multiset,OK,C++17 (GCC 7-32),1740318487
307417652,ysq1,Split the Multiset,OK,C++17 (GCC 7-32),1740318441
307416357,uykusuz,The Omnipotent Monster Killer,OK,"C++23 (GCC 14-64, msys2)",1740317782
307415770,anshalMishra731,Split the Multiset,WRONG_ANSWER,"C++23 (GCC 14-64, msys2)",1740317507
307415641,anshalMishra731,Split the Multiset,WRONG_ANSWER,"C++23 (GCC 14-64, msys2)",1740317452
307415328,Hasibur_Rahmen,Make Majority,OK,C++17 (GCC 7-32),1740317319
307414282,rhythmrahejar,Split the Multiset,OK,C++17 (GCC 7-32),1740316820
307412257,aditi_j14,Make Majority,OK,C++17 (GCC 7-32),1740315823
307406310,Abdul_Da,Make Majority,WRONG_ANSWER,C++17 (GCC 7-32),1740312771
307405416,CodeMonsterChu,Make Majority,OK,C++20 (GCC 13-64),1740312323
307404559,julianbl,Split the Multiset,OK,C++20 (GCC 13-64),1740311875
307404539,Priyanshu95m,Make Majority,OK,C++17 (GCC 7-32),1740311866
307404465,Priyanshu95m,Split the Multiset,OK,C++17 (GCC 7-32),1740311828
307402879,julianbl,Split the Multiset,WRONG_ANSWER,C++20 (GCC 13-64),1740310963
307402405,ahmed_reda3697,Split the Multiset,WRONG_ANSWER,C++17 (GCC 7-32),1740310686
307396514,uykusuz,Increasing Sequence with Fixed OR,OK,C++17 (GCC 7-32),1740307407
307393723,uykusuz,Make Majority,OK,C++17 (GCC 7-32),1740305803
307386542,koushik79,Increasing Sequence with Fixed OR,OK,C++17 (GCC 7-32),1740301684
307385820,koushik79,Increasing Sequence with Fixed OR,WRONG_ANSWER,C++17 (GCC 7-32),1740301299
307385496,koushik79,Increasing Sequence with Fixed OR,WRONG_ANSWER,C++17 (GCC 7-32),1740301158
307385339,koushik79,Increasing Sequence with Fixed OR,WRONG_ANSWER,C++17 (GCC 7-32),1740301070
307383477,ate.codes,Split the Multiset,WRONG_ANSWER,C++20 (GCC 13-64),1740300083
307379275,ultra_viz,Increasing Sequence with Fixed OR,OK,C++20 (GCC 13-64),1740297668
307376961,ST..,Split the Multiset,OK,"C++23 (GCC 14-64, msys2)",1740296264
307375736,ultra_viz,Make Majority,OK,C++20 (GCC 13-64),1740295558
307375426,ultra_viz,Make Majority,WRONG_ANSWER,C++20 (GCC 13-64),1740295388
307374735,ultra_viz,Split the Multiset,OK,C++20 (GCC 13-64),1740294975
307374123,lakshkyada22,Increasing Sequence with Fixed OR,OK,C++17 (GCC 7-32),1740294571
307372799,lakshkyada22,Increasing Sequence with Fixed OR,WRONG_ANSWER,C++17 (GCC 7-32),1740293768
307372678,lakshkyada22,Increasing Sequence with Fixed OR,COMPILATION_ERROR,C++17 (GCC 7-32),1740293702
307370996,DM_007,Split the Multiset,OK,Python 3,1740292705
307370865,DM_007,Make Majority,OK,Python 3,1740292640
307366898,anshalMishra731,Make Majority,WRONG_ANSWER,"C++23 (GCC 14-64, msys2)",1740290102
307366602,anshalMishra731,Make Majority,WRONG_ANSWER,"C++23 (GCC 14-64, msys2)",1740289898
307366357,anshalMishra731,Make Majority,WRONG_ANSWER,"C++23 (GCC 14-64, msys2)",1740289722
307365742,anshalMishra731,Make Majority,WRONG_ANSWER,"C++23 (GCC 14-64, msys2)",1740289270
307364608,Anisa_Harun,Split the Multiset,OK,"C++23 (GCC 14-64, msys2)",1740288393
307364466,Anisa_Harun,Split the Multiset,WRONG_ANSWER,"C++23 (GCC 14-64, msys2)",1740288273
307361490,anshalMishra731,Make Majority,WRONG_ANSWER,"C++23 (GCC 14-64, msys2)",1740285399
307361243,anshalMishra731,Make Majority,WRONG_ANSWER,"C++23 (GCC 14-64, msys2)",1740285089
307359927,Khaaman,The Omnipotent Monster Killer,WRONG_ANSWER,C++17 (GCC 7-32),1740283525
307359885,Khaaman,The Omnipotent Monster Killer,WRONG_ANSWER,C++17 (GCC 7-32),1740283482
307359848,Khaaman,The Omnipotent Monster Killer,WRONG_ANSWER,C++17 (GCC 7-32),1740283440
307359552,Khaaman,The Omnipotent Monster Killer,OK,C++17 (GCC 7-32),1740283073
307359515,Khaaman,The Omnipotent Monster Killer,RUNTIME_ERROR,C++17 (GCC 7-32),1740283042
307358879,anna0088,Make Majority,OK,Python 3,1740282241
307358828,anna0088,Make Majority,WRONG_ANSWER,Python 3,1740282174
307358803,anna0088,Make Majority,RUNTIME_ERROR,Python 3,1740282131
307353670,Joshuasacc,Split the Multiset,OK,"C++23 (GCC 14-64, msys2)",1740274678
307353262,canhnam357,Split the Multiset,OK,C++17 (GCC 7-32),1740273897
307347420,dg_031,Increasing Sequence with Fixed OR,OK,C++17 (GCC 7-32),1740264375
307345717,omega,Increasing Sequence with Fixed OR,OK,C++17 (GCC 7-32),1740262352
307331599,farhan_azad,Split the Multiset,WRONG_ANSWER,"C++23 (GCC 14-64, msys2)",1740252317
307329596,num7,Range Minimum Sum,TIME_LIMIT_EXCEEDED,C++17 (GCC 7-32),1740251197
307329412,X__OR,Make Majority,OK,PyPy 3-64,1740251107
307328511,MarioMan36,Make Majority,WRONG_ANSWER,PyPy 3,1740250593
307326916,Riya_05,Split the Multiset,OK,C++17 (GCC 7-32),1740249786
307326808,num7,Heartbeat,WRONG_ANSWER,C++17 (GCC 7-32),1740249722
307318302,real_Parallelism,Range Minimum Sum,WRONG_ANSWER,C++17 (GCC 7-32),1740245793
307313949,idiot152,Increasing Sequence with Fixed OR,OK,C++20 (GCC 13-64),1740243812
307313819,num6,Range Minimum Sum,WRONG_ANSWER,C++17 (GCC 7-32),1740243743
307313469,idiot152,Increasing Sequence with Fixed OR,WRONG_ANSWER,C++20 (GCC 13-64),1740243568
307313402,anshalMishra731,Make Majority,WRONG_ANSWER,"C++23 (GCC 14-64, msys2)",1740243542
307312989,anshalMishra731,Make Majority,WRONG_ANSWER,"C++23 (GCC 14-64, msys2)",1740243339
307312834,anshalMishra731,Make Majority,COMPILATION_ERROR,"C++23 (GCC 14-64, msys2)",1740243259
307312069,anshalMishra731,Make Majority,WRONG_ANSWER,"C++23 (GCC 14-64, msys2)",1740242903
307311039,transformer123,The Omnipotent Monster Killer,WRONG_ANSWER,C++17 (GCC 7-32),1740242409
307308093,prakash_618,Increasing Sequence with Fixed OR,OK,"C++23 (GCC 14-64, msys2)",1740241030
307304419,Riya_05,Split the Multiset,WRONG_ANSWER,C++17 (GCC 7-32),1740239321
307292895,Abdul_Da,Make Majority,WRONG_ANSWER,C++17 (GCC 7-32),1740234316
307279700,bkifhr7,Split the Multiset,WRONG_ANSWER,"C++23 (GCC 14-64, msys2)",1740228487
307277752,raiyyan,Make Majority,WRONG_ANSWER,Java 21,1740227522
307277669,halym2008,Split the Multiset,WRONG_ANSWER,"C++23 (GCC 14-64, msys2)",1740227480
307277579,raiyyan,Make Majority,WRONG_ANSWER,Java 21,1740227424
307276434,raiyyan,Make Majority,WRONG_ANSWER,Java 21,1740226783
307276003,Abdul_Da,Make Majority,WRONG_ANSWER,C++17 (GCC 7-32),1740226542
307274353,ayushlodha123,Make Majority,OK,C++17 (GCC 7-32),1740225626
307267629,anuragK2204,Increasing Sequence with Fixed OR,OK,C++20 (GCC 13-64),1740222243
307267350,BFxue,Increasing Sequence with Fixed OR,OK,C++17 (GCC 7-32),1740222114
307267304,anuragK2204,Increasing Sequence with Fixed OR,WRONG_ANSWER,C++20 (GCC 13-64),1740222093
307266461,anuragK2204,Increasing Sequence with Fixed OR,WRONG_ANSWER,C++20 (GCC 13-64),1740221670
307264113,BFxue,Make Majority,OK,C++17 (GCC 7-32),1740220548
307263772,_Puzzles,The Omnipotent Monster Killer,WRONG_ANSWER,C++20 (GCC 13-64),1740220384
307263603,_Puzzles,The Omnipotent Monster Killer,WRONG_ANSWER,C++20 (GCC 13-64),1740220298
307253330,yug_lakhani,Increasing Sequence with Fixed OR,OK,C++17 (GCC 7-32),1740215604
307251575,yug_lakhani,Increasing Sequence with Fixed OR,WRONG_ANSWER,C++17 (GCC 7-32),1740214782
307247639,Aryan0001,Split the Multiset,OK,C++20 (GCC 13-64),1740213050
307244664,Aryan0001,Split the Multiset,WRONG_ANSWER,C++20 (GCC 13-64),1740211728
307244209,Aryan0001,Split the Multiset,WRONG_ANSWER,C++20 (GCC 13-64),1740211535
307241655,bkifhr8,Split the Multiset,OK,C++17 (GCC 7-32),1740210460
307241315,rhythmrahejar,Split the Multiset,WRONG_ANSWER,C++17 (GCC 7-32),1740210312
307238244,PixelPotato,Make Majority,OK,PyPy 3-64,1740209003
307236600,PixelPotato,Split the Multiset,OK,PyPy 3-64,1740208318
307223800,white-lotus,Increasing Sequence with Fixed OR,OK,C++17 (GCC 7-32),1740201860
307223623,white-lotus,Increasing Sequence with Fixed OR,WRONG_ANSWER,C++17 (GCC 7-32),1740201748
307223493,white-lotus,Increasing Sequence with Fixed OR,WRONG_ANSWER,C++17 (GCC 7-32),1740201665
307222712,Parth_L0310,Make Majority,OK,C++20 (GCC 13-64),1740201139
307221836,never_use_tpu,The Omnipotent Monster Killer,WRONG_ANSWER,C++17 (GCC 7-32),1740200484
307221606,real_Parallelism,Range Minimum Sum,WRONG_ANSWER,C++17 (GCC 7-32),1740200282
307220781,1000_H100,Heartbeat,WRONG_ANSWER,C++17 (GCC 7-32),1740199612
307220588,real_Parallelism,The Omnipotent Monster Killer,WRONG_ANSWER,C++17 (GCC 7-32),1740199436
307220584,real_Parallelism,Range Minimum Sum,WRONG_ANSWER,C++17 (GCC 7-32),1740199428
307220466,Parth_L0310,Make Majority,WRONG_ANSWER,C++20 (GCC 13-64),1740199321
307219796,num6,Range Minimum Sum,TIME_LIMIT_EXCEEDED,C++17 (GCC 7-32),1740198711
307219777,transformer123,The Omnipotent Monster Killer,WRONG_ANSWER,C++17 (GCC 7-32),1740198691
307216744,never_use_tpu,The Omnipotent Monster Killer,WRONG_ANSWER,C++17 (GCC 7-32),1740195774
307215947,num2,The Omnipotent Monster Killer,WRONG_ANSWER,C++17 (GCC 7-32),1740195033
307201039,Boushrab,Make Majority,WRONG_ANSWER,C++17 (GCC 7-32),1740174513
307199345,Boushrab,Make Majority,WRONG_ANSWER,C++17 (GCC 7-32),1740172941
307183521,Hephaestus_X,The Omnipotent Monster Killer,WRONG_ANSWER,"C++23 (GCC 14-64, msys2)",1740165592
307174018,FZ_Laabidi,Split the Multiset,OK,C++20 (GCC 13-64),1740161323
307172380,umang_huuuu,Make Majority,OK,C++17 (GCC 7-32),1740160667
307169890,FZ_Laabidi,Split the Multiset,WRONG_ANSWER,C++20 (GCC 13-64),1740159460
307169834,FZ_Laabidi,Split the Multiset,WRONG_ANSWER,C++20 (GCC 13-64),1740159433
307169752,FZ_Laabidi,Split the Multiset,WRONG_ANSWER,C++20 (GCC 13-64),1740159394
307164261,bunny57,Increasing Sequence with Fixed OR,OK,"C++23 (GCC 14-64, msys2)",1740156813
307164124,bunny57,Increasing Sequence with Fixed OR,WRONG_ANSWER,"C++23 (GCC 14-64, msys2)",1740156759
307163341,bunny57,Increasing Sequence with Fixed OR,WRONG_ANSWER,"C++23 (GCC 14-64, msys2)",1740156393
307153364,Atta246,Make Majority,OK,PyPy 3-64,1740151987
307148283,Nakul_Dhanani,Increasing Sequence with Fixed OR,OK,"C++23 (GCC 14-64, msys2)",1740149919
307147830,Nakul_Dhanani,Increasing Sequence with Fixed OR,WRONG_ANSWER,"C++23 (GCC 14-64, msys2)",1740149744
307146555,Libra_Minister,Split the Multiset,OK,C++20 (GCC 13-64),1740149216
307146488,Nakul_Dhanani,Increasing Sequence with Fixed OR,WRONG_ANSWER,"C++23 (GCC 14-64, msys2)",1740149187
307145272,XDEv11,The Omnipotent Monster Killer,OK,C++20 (GCC 13-64),1740148676
307142151,XDEv11,The Omnipotent Monster Killer,WRONG_ANSWER,C++20 (GCC 13-64),1740147414
307138691,mithila_nowshad,Make Majority,OK,C++20 (GCC 13-64),1740146015
307136801,moonknight007,Make Majority,OK,C++17 (GCC 7-32),1740145239
307121871,ishurajora_23,Split the Multiset,OK,Java 8,1740138583
307121392,ishurajora_23,Split the Multiset,WRONG_ANSWER,Java 8,1740138348
307119217,viobow,Increasing Sequence with Fixed OR,OK,C++17 (GCC 7-32),1740137266
307104172,Bool_ok,The Omnipotent Monster Killer,WRONG_ANSWER,C++20 (GCC 13-64),1740128936
307095513,Bool_ok,The Omnipotent Monster Killer,WRONG_ANSWER,C++20 (GCC 13-64),1740124206
307093976,Bool_ok,Increasing Sequence with Fixed OR,OK,C++20 (GCC 13-64),1740123242
307093333,Bool_ok,Make Majority,OK,C++20 (GCC 13-64),1740122863
307092829,Bool_ok,Split the Multiset,OK,C++20 (GCC 13-64),1740122527
307089409,benedictzir,Split the Multiset,OK,"C++23 (GCC 14-64, msys2)",1740120385
307088595,benedictzir,Split the Multiset,WRONG_ANSWER,"C++23 (GCC 14-64, msys2)",1740119909
307088214,Savitar0,Split the Multiset,OK,"C++23 (GCC 14-64, msys2)",1740119671
307084613,ankitchauhan_044,Make Majority,OK,C++17 (GCC 7-32),1740117344
307083317,ankitchauhan_044,Make Majority,TIME_LIMIT_EXCEEDED,C++17 (GCC 7-32),1740116466
307082767,Sylph1ette,The Omnipotent Monster Killer,WRONG_ANSWER,C++20 (GCC 13-64),1740116031
307076832,rhythmrahejar,Make Majority,OK,C++17 (GCC 7-32),1740110070
307076625,mpl_peaches,Make Majority,WRONG_ANSWER,C++17 (GCC 7-32),1740109801
307076317,janlitwim,Split the Multiset,OK,C++17 (GCC 7-32),1740109420
307075853,mpl_peaches,Split the Multiset,WRONG_ANSWER,C++17 (GCC 7-32),1740108886
307074977,harikotak005,Make Majority,OK,"C++23 (GCC 14-64, msys2)",1740107773
307074949,harikotak005,Make Majority,WRONG_ANSWER,"C++23 (GCC 14-64, msys2)",1740107737
307074912,harikotak005,Make Majority,WRONG_ANSWER,"C++23 (GCC 14-64, msys2)",1740107682
307070614,Jim_X,Split the Multiset,OK,PyPy 3-64,1740101218
307070587,Jim_X,Split the Multiset,OK,PyPy 3-64,1740101182
307070549,Jim_X,Split the Multiset,WRONG_ANSWER,PyPy 3-64,1740101125
307067464,SsyHow,Make Majority,OK,PyPy 3-64,1740095492
307067351,SsyHow,Make Majority,WRONG_ANSWER,PyPy 3-64,1740095280
307067283,Abhitesh,Increasing Sequence with Fixed OR,OK,PyPy 3-64,1740095177
307067247,thefressica,Increasing Sequence with Fixed OR,OK,PyPy 3-64,1740095107
307067140,thefressica,Increasing Sequence with Fixed OR,WRONG_ANSWER,PyPy 3-64,1740094911
307066722,weirdflexbutok,Range Minimum Sum,OK,C++20 (GCC 13-64),1740094241
307059776,weirdflexbutok,Range Minimum Sum,OK,C++17 (GCC 7-32),1740085675
307059052,weirdflexbutok,Range Minimum Sum,WRONG_ANSWER,C++17 (GCC 7-32),1740085054
307046952,slowpokeTLE,Make Majority,OK,C++17 (GCC 7-32),1740077385
307046254,slowpokeTLE,Make Majority,WRONG_ANSWER,C++17 (GCC 7-32),1740077001
307045629,slowpokeTLE,Make Majority,WRONG_ANSWER,C++17 (GCC 7-32),1740076660
307042933,Nagmani,Increasing Sequence with Fixed OR,OK,C++17 (GCC 7-32),1740075293
307033307,SherLocked25,The Omnipotent Monster Killer,OK,C++17 (GCC 7-32),1740070764
307033174,jdsb06,Split the Multiset,OK,"C++23 (GCC 14-64, msys2)",1740070707
307032866,Bool_ok,Increasing Sequence with Fixed OR,WRONG_ANSWER,C++20 (GCC 13-64),1740070563
307032225,jdsb06,Split the Multiset,WRONG_ANSWER,"C++23 (GCC 14-64, msys2)",1740070282
307027897,Intisar_Khan,Make Majority,WRONG_ANSWER,"C++23 (GCC 14-64, msys2)",1740068419
307027526,harikotak005,Make Majority,WRONG_ANSWER,"C++23 (GCC 14-64, msys2)",1740068261
307025248,Libra_Minister,Make Majority,OK,C++20 (GCC 13-64),1740067179
307024997,Libra_Minister,Make Majority,COMPILATION_ERROR,C++20 (GCC 13-64),1740067063
307023719,Libra_Minister,Make Majority,WRONG_ANSWER,C++20 (GCC 13-64),1740066469
307022727,islam.fataharul,Make Majority,OK,C++17 (GCC 7-32),1740066010
307018722,deb023,Make Majority,OK,C++17 (GCC 7-32),1740064144
307016288,Savitar0,Make Majority,OK,"C++23 (GCC 14-64, msys2)",1740063047
307012549,Maxduan,Range Minimum Sum,OK,C++20 (GCC 13-64),1740061471
307012394,Maxduan,Range Minimum Sum,TIME_LIMIT_EXCEEDED,C++20 (GCC 13-64),1740061403
307011672,fath999,Split the Multiset,OK,PyPy 3-64,1740061092
307011492,fath999,Split the Multiset,WRONG_ANSWER,PyPy 3-64,1740061009
307011352,fath999,Split the Multiset,WRONG_ANSWER,PyPy 3-64,1740060952
307011158,fath999,Split the Multiset,WRONG_ANSWER,PyPy 3-64,1740060872
307010640,fath999,Split the Multiset,WRONG_ANSWER,PyPy 3-64,1740060627
307010323,fath999,Split the Multiset,WRONG_ANSWER,PyPy 3-64,1740060477
307010192,fath999,Split the Multiset,WRONG_ANSWER,PyPy 3-64,1740060415
307009761,fath999,Split the Multiset,WRONG_ANSWER,PyPy 3-64,1740060198
307009647,fath999,Split the Multiset,RUNTIME_ERROR,PyPy 3-64,1740060149
307009434,fath999,Split the Multiset,WRONG_ANSWER,PyPy 3-64,1740060056
307009238,fath999,Split the Multiset,RUNTIME_ERROR,PyPy 3-64,1740059960
307008980,ishurajora_23,Make Majority,OK,Java 21,1740059847
307008692,fath999,Split the Multiset,WRONG_ANSWER,C++20 (GCC 13-64),1740059712
307008677,EswarBalaji,Split the Multiset,OK,C++17 (GCC 7-32),1740059707
307008560,fath999,Split the Multiset,WRONG_ANSWER,C++20 (GCC 13-64),1740059651
307007788,harikotak005,Split the Multiset,OK,"C++23 (GCC 14-64, msys2)",1740059292
307007625,ishurajora_23,Make Majority,WRONG_ANSWER,Java 21,1740059218
307007199,ishurajora_23,Make Majority,WRONG_ANSWER,Java 21,1740059016
307003223,EswarBalaji,Make Majority,OK,C++17 (GCC 7-32),1740057381
307002593,EswarBalaji,Make Majority,WRONG_ANSWER,C++17 (GCC 7-32),1740057071
307002132,Hana05,Split the Multiset,OK,C++20 (GCC 13-64),1740056865
307001157,EswarBalaji,Make Majority,WRONG_ANSWER,C++17 (GCC 7-32),1740056436
306995862,burga97,The Omnipotent Monster Killer,OK,"C++23 (GCC 14-64, msys2)",1740053911
306995806,Eternal_Sky,The Omnipotent Monster Killer,OK,"C++23 (GCC 14-64, msys2)",1740053881
306992330,arinz,Increasing Sequence with Fixed OR,WRONG_ANSWER,C++17 (GCC 7-32),1740052232
306992195,arinz,Increasing Sequence with Fixed OR,WRONG_ANSWER,C++17 (GCC 7-32),1740052168
306991456,__ikun__horro__,The Omnipotent Monster Killer,OK,C++17 (GCC 7-32),1740051815
306990105,Trying_2_Code,Split the Multiset,OK,C++17 (GCC 7-32),1740051159
306989930,Trying_2_Code,Split the Multiset,WRONG_ANSWER,C++17 (GCC 7-32),1740051062
306989906,Nischay_19,Make Majority,OK,C++17 (GCC 7-32),1740051053
306989623,Trying_2_Code,Split the Multiset,WRONG_ANSWER,C++17 (GCC 7-32),1740050911
306989120,Trying_2_Code,Split the Multiset,OK,C++17 (GCC 7-32),1740050652
306987473,Nischay_19,Split the Multiset,OK,C++17 (GCC 7-32),1740049736
306985393,Nischay_19,Split the Multiset,WRONG_ANSWER,C++17 (GCC 7-32),1740048784
306985106,Nischay_19,Split the Multiset,WRONG_ANSWER,C++17 (GCC 7-32),1740048636
306973428,arinz,The Omnipotent Monster Killer,OK,C++17 (GCC 7-32),1740042677
306973153,arinz,The Omnipotent Monster Killer,MEMORY_LIMIT_EXCEEDED,C++17 (GCC 7-32),1740042526
306973001,arinz,The Omnipotent Monster Killer,WRONG_ANSWER,C++17 (GCC 7-32),1740042453
306972631,arinz,The Omnipotent Monster Killer,MEMORY_LIMIT_EXCEEDED,C++17 (GCC 7-32),1740042246
306971852,onkar_somanic,The Omnipotent Monster Killer,OK,C++20 (GCC 13-64),1740041880
306971619,mpl_peaches,The Omnipotent Monster Killer,TIME_LIMIT_EXCEEDED,C++20 (GCC 13-64),1740041775
306971456,arinz,The Omnipotent Monster Killer,TIME_LIMIT_EXCEEDED,C++17 (GCC 7-32),1740041705
306971365,DarkestBlader,The Omnipotent Monster Killer,WRONG_ANSWER,C++20 (GCC 13-64),1740041662
306971015,mollasuse,The Omnipotent Monster Killer,TIME_LIMIT_EXCEEDED,C++20 (GCC 13-64),1740041476
306970839,mollasuse,The Omnipotent Monster Killer,RUNTIME_ERROR,C++20 (GCC 13-64),1740041384
306970548,deudoena,The Omnipotent Monster Killer,RUNTIME_ERROR,C++20 (GCC 13-64),1740041234
306970489,mpl_peaches,The Omnipotent Monster Killer,RUNTIME_ERROR,C++20 (GCC 13-64),1740041204
306969777,weak546,The Omnipotent Monster Killer,WRONG_ANSWER,"C++23 (GCC 14-64, msys2)",1740040801
306969709,rezaul7081,The Omnipotent Monster Killer,WRONG_ANSWER,"C++23 (GCC 14-64, msys2)",1740040766
306969616,Serendipity23,The Omnipotent Monster Killer,WRONG_ANSWER,"C++23 (GCC 14-64, msys2)",1740040720
306969499,Serendipity23,The Omnipotent Monster Killer,OK,"C++23 (GCC 14-64, msys2)",1740040660
306969364,goodluck_2077,The Omnipotent Monster Killer,OK,"C++23 (GCC 14-64, msys2)",1740040584
306969294,weak546,The Omnipotent Monster Killer,WRONG_ANSWER,"C++23 (GCC 14-64, msys2)",1740040548
306969221,mayank94,The Omnipotent Monster Killer,WRONG_ANSWER,"C++23 (GCC 14-64, msys2)",1740040504
306969044,weak546,The Omnipotent Monster Killer,WRONG_ANSWER,"C++23 (GCC 14-64, msys2)",1740040406
306969016,deudoena,The Omnipotent Monster Killer,WRONG_ANSWER,"C++23 (GCC 14-64, msys2)",1740040388
306968814,weak546,The Omnipotent Monster Killer,WRONG_ANSWER,"C++23 (GCC 14-64, msys2)",1740040285
306968748,halym2008,The Omnipotent Monster Killer,WRONG_ANSWER,"C++23 (GCC 14-64, msys2)",1740040246
306968523,weak546,The Omnipotent Monster Killer,WRONG_ANSWER,"C++23 (GCC 14-64, msys2)",1740040114
306968476,Codernikkk,The Omnipotent Monster Killer,WRONG_ANSWER,"C++23 (GCC 14-64, msys2)",1740040087
306965883,weak546,The Omnipotent Monster Killer,WRONG_ANSWER,"C++23 (GCC 14-64, msys2)",1740038571
306965812,faishal_052,The Omnipotent Monster Killer,WRONG_ANSWER,"C++23 (GCC 14-64, msys2)",1740038525
306965124,weak546,The Omnipotent Monster Killer,WRONG_ANSWER,"C++23 (GCC 14-64, msys2)",1740038137
306965029,kohlaaaa,The Omnipotent Monster Killer,WRONG_ANSWER,"C++23 (GCC 14-64, msys2)",1740038084
306964402,weak546,The Omnipotent Monster Killer,WRONG_ANSWER,"C++23 (GCC 14-64, msys2)",1740037734
306964280,bkifhr10,The Omnipotent Monster Killer,WRONG_ANSWER,"C++23 (GCC 14-64, msys2)",1740037657
306963290,DanilCh,The Omnipotent Monster Killer,WRONG_ANSWER,"C++23 (GCC 14-64, msys2)",1740037044
306962354,fuckCPp,The Omnipotent Monster Killer,WRONG_ANSWER,"C++23 (GCC 14-64, msys2)",1740036489
306961607,fuckCPp,Range Minimum Sum,WRONG_ANSWER,"C++23 (GCC 14-64, msys2)",1740036082
306961310,weak546,The Omnipotent Monster Killer,WRONG_ANSWER,"C++23 (GCC 14-64, msys2)",1740035919
306961174,MR_NoSolution,The Omnipotent Monster Killer,OK,C++20 (GCC 13-64),1740035852
306961137,Sadman_Ishtiaks,The Omnipotent Monster Killer,WRONG_ANSWER,"C++23 (GCC 14-64, msys2)",1740035833
306960994,MR_NoSolution,The Omnipotent Monster Killer,WRONG_ANSWER,C++20 (GCC 13-64),1740035742
306960481,pawan_729,Increasing Sequence with Fixed OR,OK,"C++23 (GCC 14-64, msys2)",1740035465
306960325,pawan_729,Increasing Sequence with Fixed OR,WRONG_ANSWER,"C++23 (GCC 14-64, msys2)",1740035366
306960120,fuckCPp,The Omnipotent Monster Killer,OK,"C++23 (GCC 14-64, msys2)",1740035256
306960007,MR_NoSolution,The Omnipotent Monster Killer,TIME_LIMIT_EXCEEDED,C++20 (GCC 13-64),1740035198
306959537,fuckCPp,The Omnipotent Monster Killer,OK,"C++23 (GCC 14-64, msys2)",1740034929
306959394,fuckCPp,The Omnipotent Monster Killer,TIME_LIMIT_EXCEEDED,"C++23 (GCC 14-64, msys2)",1740034847
306959246,MR_NoSolution,The Omnipotent Monster Killer,TIME_LIMIT_EXCEEDED,C++17 (GCC 7-32),1740034763
306959069,MR_NoSolution,The Omnipotent Monster Killer,TIME_LIMIT_EXCEEDED,C++17 (GCC 7-32),1740034647
306958974,MR_NoSolution,The Omnipotent Monster Killer,TIME_LIMIT_EXCEEDED,C++20 (GCC 13-64),1740034598
306958550,MR_NoSolution,The Omnipotent Monster Killer,TIME_LIMIT_EXCEEDED,C++20 (GCC 13-64),1740034358
306958018,Nischay_19,Make Majority,WRONG_ANSWER,C++17 (GCC 7-32),1740034059
306957583,fuckCPp,The Omnipotent Monster Killer,WRONG_ANSWER,"C++23 (GCC 14-64, msys2)",1740033816
306956759,Nischay_19,Split the Multiset,WRONG_ANSWER,C++17 (GCC 7-32),1740033312
306956405,jaydoshi240605,Make Majority,OK,Java 21,1740033090
306955938,FisherGo,The Omnipotent Monster Killer,OK,C++17 (GCC 7-32),1740032778
306955477,FisherGo,The Omnipotent Monster Killer,OK,C++17 (GCC 7-32),1740032486
306953085,arinz,The Omnipotent Monster Killer,WRONG_ANSWER,C++17 (GCC 7-32),1740030922
306949617,Dby2dian,Increasing Sequence with Fixed OR,OK,"C++23 (GCC 14-64, msys2)",1740028243
306949522,Dby2dian,Increasing Sequence with Fixed OR,WRONG_ANSWER,"C++23 (GCC 14-64, msys2)",1740028168
306943809,boltzmanns_bane,Split the Multiset,OK,PyPy 3-64,1740022205
306942901,Eckry,Split the Multiset,OK,C++20 (GCC 13-64),1740021023
306942622,gkshitizMj,Split the Multiset,OK,C++17 (GCC 7-32),1740020648
306942009,boltzmanns_bane,Make Majority,OK,PyPy 3-64,1740019815
306941608,3213213,Split the Multiset,OK,"C++23 (GCC 14-64, msys2)",1740019254
306941569,3213213,Split the Multiset,COMPILATION_ERROR,"C++23 (GCC 14-64, msys2)",1740019199
306937146,pravallik14,Increasing Sequence with Fixed OR,OK,Python 3,1740012232
306933734,the_stone_dawg,The Omnipotent Monster Killer,OK,C++20 (GCC 13-64),1740006682
306933711,the_stone_dawg,The Omnipotent Monster Killer,WRONG_ANSWER,C++20 (GCC 13-64),1740006644
306933693,the_stone_dawg,The Omnipotent Monster Killer,WRONG_ANSWER,C++20 (GCC 13-64),1740006613
306933326,the_stone_dawg,The Omnipotent Monster Killer,WRONG_ANSWER,C++20 (GCC 13-64),1740005958
306933305,the_stone_dawg,The Omnipotent Monster Killer,WRONG_ANSWER,C++20 (GCC 13-64),1740005933
306933243,the_stone_dawg,The Omnipotent Monster Killer,WRONG_ANSWER,C++20 (GCC 13-64),1740005853
306932461,SaltyDonut,Range Minimum Sum,OK,C++20 (GCC 13-64),1740004631
306932368,SaltyDonut,Range Minimum Sum,WRONG_ANSWER,C++20 (GCC 13-64),1740004500
306927194,mohsenKH,Split the Multiset,WRONG_ANSWER,C++20 (GCC 13-64),1739998524
306927100,mohsenKH,Split the Multiset,WRONG_ANSWER,C++20 (GCC 13-64),1739998440
306926566,Prateek_10,Make Majority,OK,C++20 (GCC 13-64),1739997976
306910472,tvimal002,Split the Multiset,OK,C++17 (GCC 7-32),1739988254
306910295,divyasonteena27,Increasing Sequence with Fixed OR,OK,Python 3,1739988168
306909914,divyasonteena27,Increasing Sequence with Fixed OR,COMPILATION_ERROR,Python 3,1739987998
306906549,alsammany,Make Majority,OK,C++20 (GCC 13-64),1739986529
306902946,luuphucving,Make Majority,TIME_LIMIT_EXCEEDED,GNU C11,1739984985
306902715,bkifhr10,Make Majority,RUNTIME_ERROR,GNU C11,1739984883
306900903,pp031608,Make Majority,RUNTIME_ERROR,GNU C11,1739984115
306881310,gagan_4656,Make Majority,OK,C++17 (GCC 7-32),1739975019
306879589,AamirRaza01,Make Majority,OK,C++17 (GCC 7-32),1739974171
306879211,Shakib2738,Split the Multiset,OK,C++17 (GCC 7-32),1739973980
306878971,AamirRaza01,Make Majority,WRONG_ANSWER,C++17 (GCC 7-32),1739973859
306878093,AamirRaza01,Make Majority,WRONG_ANSWER,C++17 (GCC 7-32),1739973434
306868341,suryansh22s,Increasing Sequence with Fixed OR,OK,C++20 (GCC 13-64),1739968735
306867782,suryansh22s,Increasing Sequence with Fixed OR,WRONG_ANSWER,C++20 (GCC 13-64),1739968433
306867634,suryansh22s,Increasing Sequence with Fixed OR,WRONG_ANSWER,C++20 (GCC 13-64),1739968364
306867212,akshatsaxena552004.ss,The Omnipotent Monster Killer,OK,Java 21,1739968139
306867189,suryansh22s,Increasing Sequence with Fixed OR,WRONG_ANSWER,C++20 (GCC 13-64),1739968125
306866461,suryansh22s,Increasing Sequence with Fixed OR,TIME_LIMIT_EXCEEDED,C++20 (GCC 13-64),1739967741
306864166,suryansh22s,Increasing Sequence with Fixed OR,WRONG_ANSWER,C++20 (GCC 13-64),1739966441
306863996,suryansh22s,Increasing Sequence with Fixed OR,WRONG_ANSWER,C++20 (GCC 13-64),1739966333
306863631,suryansh22s,Increasing Sequence with Fixed OR,WRONG_ANSWER,C++20 (GCC 13-64),1739966141
306863465,suryansh22s,Increasing Sequence with Fixed OR,WRONG_ANSWER,C++20 (GCC 13-64),1739966055
306861294,suryansh22s,Increasing Sequence with Fixed OR,WRONG_ANSWER,C++20 (GCC 13-64),1739964750
306861037,suryansh22s,Increasing Sequence with Fixed OR,WRONG_ANSWER,C++20 (GCC 13-64),1739964590
306857172,Hc_212,Split the Multiset,WRONG_ANSWER,C++17 (GCC 7-32),1739962459
306851694,Kurbonovsalmon,Increasing Sequence with Fixed OR,OK,C++17 (GCC 7-32),1739959574
306849441,chrislee001,Increasing Sequence with Fixed OR,OK,C++17 (GCC 7-32),1739958415
306849306,chrislee001,Increasing Sequence with Fixed OR,WRONG_ANSWER,C++17 (GCC 7-32),1739958338
306849130,chrislee001,Increasing Sequence with Fixed OR,WRONG_ANSWER,C++17 (GCC 7-32),1739958254
306844180,codepplop,Increasing Sequence with Fixed OR,WRONG_ANSWER,C++17 (GCC 7-32),1739955670
306843129,codepplop,Increasing Sequence with Fixed OR,WRONG_ANSWER,C++17 (GCC 7-32),1739955152
306842929,codepplop,Increasing Sequence with Fixed OR,COMPILATION_ERROR,C++17 (GCC 7-32),1739955060
306842464,codepplop,Increasing Sequence with Fixed OR,WRONG_ANSWER,C++17 (GCC 7-32),1739954849
306842285,codepplop,Increasing Sequence with Fixed OR,WRONG_ANSWER,C++17 (GCC 7-32),1739954767
306841336,propulse_7969,Make Majority,OK,"C++23 (GCC 14-64, msys2)",1739954218
306837526,shazz.3,Make Majority,OK,C++17 (GCC 7-32),1739952092
306836253,akshatsaxena552004.ss,The Omnipotent Monster Killer,WRONG_ANSWER,Java 21,1739951357
306835015,shazz.3,Make Majority,WRONG_ANSWER,C++17 (GCC 7-32),1739950640
306831635,akshatsaxena552004.ss,Increasing Sequence with Fixed OR,OK,Java 21,1739948783
306829656,Adi.gain,Increasing Sequence with Fixed OR,OK,C++17 (GCC 7-32),1739947674
306828922,desertTheatre,Increasing Sequence with Fixed OR,OK,PyPy 3-64,1739947270
306828448,Adi.gain,Increasing Sequence with Fixed OR,WRONG_ANSWER,C++17 (GCC 7-32),1739946996
306828439,desertTheatre,Increasing Sequence with Fixed OR,WRONG_ANSWER,PyPy 3-64,1739946993
306828318,Adi.gain,Increasing Sequence with Fixed OR,WRONG_ANSWER,C++17 (GCC 7-32),1739946917
306828016,Adi.gain,Increasing Sequence with Fixed OR,WRONG_ANSWER,C++17 (GCC 7-32),1739946743
306826588,gkshitizMj,Make Majority,OK,C++17 (GCC 7-32),1739945971
306826296,sumit1,Increasing Sequence with Fixed OR,OK,C++17 (GCC 7-32),1739945819
306825793,gkshitizMj,Make Majority,WRONG_ANSWER,C++17 (GCC 7-32),1739945554
306824090,vjudge131,Split the Multiset,OK,"C++23 (GCC 14-64, msys2)",1739944501
306824035,gkshitizMj,Make Majority,WRONG_ANSWER,C++17 (GCC 7-32),1739944465
306822788,MEHEDICSE13,Split the Multiset,OK,"C++23 (GCC 14-64, msys2)",1739943577
306822712,gkshitizMj,Make Majority,WRONG_ANSWER,C++17 (GCC 7-32),1739943538
306817760,Utsavgajera15,Increasing Sequence with Fixed OR,OK,C++20 (GCC 13-64),1739939646
306817634,Utsavgajera15,Increasing Sequence with Fixed OR,RUNTIME_ERROR,C++17 (GCC 7-32),1739939498
306816355,TakatsukiSpring,Increasing Sequence with Fixed OR,OK,C++17 (GCC 7-32),1739938184
306816055,TakatsukiSpring,Increasing Sequence with Fixed OR,WRONG_ANSWER,C++17 (GCC 7-32),1739937843
306813344,TakatsukiSpring,Make Majority,OK,C++17 (GCC 7-32),1739934786
306812861,TakatsukiSpring,Make Majority,WRONG_ANSWER,C++17 (GCC 7-32),1739934220
306811082,faishal_053,The Omnipotent Monster Killer,OK,C++20 (GCC 13-64),1739932260
306811069,StarvingPig,The Omnipotent Monster Killer,OK,C++20 (GCC 13-64),1739932244
306811027,StarvingPig,The Omnipotent Monster Killer,WRONG_ANSWER,C++20 (GCC 13-64),1739932204
306810860,we_114514,The Omnipotent Monster Killer,OK,C++20 (GCC 13-64),1739932050
306810827,Telsif,The Omnipotent Monster Killer,OK,"C++23 (GCC 14-64, msys2)",1739932028
306810817,StarvingPig,The Omnipotent Monster Killer,WRONG_ANSWER,C++20 (GCC 13-64),1739932020
306810807,Telsif,The Omnipotent Monster Killer,COMPILATION_ERROR,"C++23 (GCC 14-64, msys2)",1739932009
306810773,Telsif,The Omnipotent Monster Killer,COMPILATION_ERROR,"C++23 (GCC 14-64, msys2)",1739931973
306810688,Telsif,The Omnipotent Monster Killer,TIME_LIMIT_EXCEEDED,"C++23 (GCC 14-64, msys2)",1739931877
306810458,StarvingPig,The Omnipotent Monster Killer,WRONG_ANSWER,C++20 (GCC 13-64),1739931631
306810455,Joshuasacc,Make Majority,OK,"C++23 (GCC 14-64, msys2)",1739931628
306810359,StarvingPig,The Omnipotent Monster Killer,WRONG_ANSWER,C++20 (GCC 13-64),1739931516
306810314,StarvingPig,The Omnipotent Monster Killer,WRONG_ANSWER,C++20 (GCC 13-64),1739931471
306810227,StarvingPig,The Omnipotent Monster Killer,WRONG_ANSWER,C++20 (GCC 13-64),1739931370
306810130,dineshreddy25,The Omnipotent Monster Killer,WRONG_ANSWER,C++20 (GCC 13-64),1739931232
306809844,Telsif,Increasing Sequence with Fixed OR,OK,"C++23 (GCC 14-64, msys2)",1739930864
306809830,janlitwim,Increasing Sequence with Fixed OR,OK,C++20 (GCC 13-64),1739930853
306809814,Telsif,Increasing Sequence with Fixed OR,WRONG_ANSWER,"C++23 (GCC 14-64, msys2)",1739930832
306809715,Telsif,Increasing Sequence with Fixed OR,TIME_LIMIT_EXCEEDED,"C++23 (GCC 14-64, msys2)",1739930687
306809681,Codernikkk,Increasing Sequence with Fixed OR,TIME_LIMIT_EXCEEDED,C++20 (GCC 13-64),1739930644
306809653,luuphucving,Increasing Sequence with Fixed OR,OK,C++20 (GCC 13-64),1739930620
306809576,kenpegrasia,Increasing Sequence with Fixed OR,WRONG_ANSWER,C++20 (GCC 13-64),1739930519
306809519,Joshuasacc,Make Majority,WRONG_ANSWER,"C++23 (GCC 14-64, msys2)",1739930423
306809449,Joshuasacc,Make Majority,WRONG_ANSWER,"C++23 (GCC 14-64, msys2)",1739930337
306809247,DanilCh,Make Majority,OK,C++20 (GCC 13-64),1739930055
306809232,rezaul7081,Make Majority,OK,C++20 (GCC 13-64),1739930039
306809005,luuphucving,Split the Multiset,OK,C++20 (GCC 13-64),1739929759
306808802,DanilCh,Make Majority,OK,C++20 (GCC 13-64),1739929513
306808640,acTiOn_kAmeN__,Split the Multiset,OK,C++20 (GCC 13-64),1739929274
306808223,Kate_Leonova,Heartbeat,WRONG_ANSWER,"C++23 (GCC 14-64, msys2)",1739928746
306808191,Kate_Leonova,Heartbeat,WRONG_ANSWER,"C++23 (GCC 14-64, msys2)",1739928703
306808163,Kate_Leonova,Heartbeat,WRONG_ANSWER,"C++23 (GCC 14-64, msys2)",1739928664
306808085,Kate_Leonova,Range Minimum Sum,WRONG_ANSWER,"C++23 (GCC 14-64, msys2)",1739928540
306808043,Kate_Leonova,Range Minimum Sum,WRONG_ANSWER,"C++23 (GCC 14-64, msys2)",1739928497
306808013,Kate_Leonova,Range Minimum Sum,WRONG_ANSWER,"C++23 (GCC 14-64, msys2)",1739928467
306807977,Kate_Leonova,Range Minimum Sum,WRONG_ANSWER,"C++23 (GCC 14-64, msys2)",1739928429
306807921,Kate_Leonova,Range Minimum Sum,WRONG_ANSWER,"C++23 (GCC 14-64, msys2)",1739928368
306807898,Alex0x0,Increasing Sequence with Fixed OR,OK,C++20 (GCC 13-64),1739928343
306807882,Kate_Leonova,Range Minimum Sum,WRONG_ANSWER,"C++23 (GCC 14-64, msys2)",1739928325
306807845,Kate_Leonova,Split the Multiset,OK,"C++23 (GCC 14-64, msys2)",1739928273
306792092,Abn_elsayed,Increasing Sequence with Fixed OR,OK,"C++23 (GCC 14-64, msys2)",1739910594
306791970,Abn_elsayed,Increasing Sequence with Fixed OR,WRONG_ANSWER,"C++23 (GCC 14-64, msys2)",1739910503
306791825,Abn_elsayed,Increasing Sequence with Fixed OR,WRONG_ANSWER,"C++23 (GCC 14-64, msys2)",1739910403
306791021,Abn_elsayed,Increasing Sequence with Fixed OR,WRONG_ANSWER,"C++23 (GCC 14-64, msys2)",1739909804
306788687,Pro88,Increasing Sequence with Fixed OR,OK,"C++23 (GCC 14-64, msys2)",1739908307
306788095,Pro88,Increasing Sequence with Fixed OR,WRONG_ANSWER,"C++23 (GCC 14-64, msys2)",1739907934
306787733,Pro88,Increasing Sequence with Fixed OR,WRONG_ANSWER,"C++23 (GCC 14-64, msys2)",1739907708
306784181,heyglee,Make Majority,OK,C++17 (GCC 7-32),1739905723
306751457,thema_03,Make Majority,WRONG_ANSWER,C++17 (GCC 7-32),1739895500
306676566,suryansh22s,Increasing Sequence with Fixed OR,WRONG_ANSWER,C++20 (GCC 13-64),1739888693
306672581,TakatsukiSpring,Split the Multiset,OK,C++17 (GCC 7-32),1739886950
306671789,TakatsukiSpring,Split the Multiset,WRONG_ANSWER,C++17 (GCC 7-32),1739886604
306669986,Yara12,Make Majority,OK,"C++23 (GCC 14-64, msys2)",1739885799
306668802,Yara12,Make Majority,WRONG_ANSWER,"C++23 (GCC 14-64, msys2)",1739885302
306666072,smoll_brain,Make Majority,OK,"C++23 (GCC 14-64, msys2)",1739884165
306664935,RESILIENT1,Make Majority,OK,GNU C11,1739883663
306660846,knoothopian,Increasing Sequence with Fixed OR,OK,"C++23 (GCC 14-64, msys2)",1739881877
306656564,AamirRaza01,Make Majority,WRONG_ANSWER,C++17 (GCC 7-32),1739879894
306655278,AamirRaza01,Make Majority,TIME_LIMIT_EXCEEDED,C++17 (GCC 7-32),1739879275
306654963,ecco2k0rzdoer2013,Make Majority,OK,C++20 (GCC 13-64),1739879134
306654630,ecco2k0rzdoer2013,Make Majority,WRONG_ANSWER,C++20 (GCC 13-64),1739878968
306650264,BLUEJOKE,Increasing Sequence with Fixed OR,OK,C++20 (GCC 13-64),1739876745
306650076,BLUEJOKE,Increasing Sequence with Fixed OR,WRONG_ANSWER,C++20 (GCC 13-64),1739876648
306649936,BLUEJOKE,Increasing Sequence with Fixed OR,WRONG_ANSWER,C++20 (GCC 13-64),1739876579
306647591,mjk547231,Increasing Sequence with Fixed OR,OK,C++17 (GCC 7-32),1739875340
306647102,mjk547231,Increasing Sequence with Fixed OR,WRONG_ANSWER,C++17 (GCC 7-32),1739875065
306646709,mjk547231,Increasing Sequence with Fixed OR,WRONG_ANSWER,C++17 (GCC 7-32),1739874836
306643383,BLUEJOKE,Increasing Sequence with Fixed OR,WRONG_ANSWER,C++20 (GCC 13-64),1739872947
306643371,KhairyQ,Split the Multiset,OK,C++17 (GCC 7-32),1739872939
306642996,KhairyQ,Split the Multiset,WRONG_ANSWER,C++17 (GCC 7-32),1739872735
306642900,KhairyQ,Split the Multiset,WRONG_ANSWER,C++17 (GCC 7-32),1739872672
306639214,happy0000,Increasing Sequence with Fixed OR,OK,C++17 (GCC 7-32),1739870454
306638699,taylenamidarry,Increasing Sequence with Fixed OR,OK,C++17 (GCC 7-32),1739870166
306638459,happy0000,Increasing Sequence with Fixed OR,WRONG_ANSWER,C++17 (GCC 7-32),1739870028
306636252,happy0000,Increasing Sequence with Fixed OR,WRONG_ANSWER,C++17 (GCC 7-32),1739868821
306636154,taylenamidarry,Increasing Sequence with Fixed OR,WRONG_ANSWER,C++17 (GCC 7-32),1739868777
306635533,taylenamidarry,Increasing Sequence with Fixed OR,WRONG_ANSWER,C++17 (GCC 7-32),1739868474
306631940,ayush_sri_16,Split the Multiset,OK,C++17 (GCC 7-32),1739866426
306631437,sksksksk0204,Make Majority,OK,C++17 (GCC 7-32),1739866140
306625551,Howardlhhhr,Increasing Sequence with Fixed OR,OK,"C++23 (GCC 14-64, msys2)",1739862686
306621726,Kholid,Split the Multiset,OK,"C++23 (GCC 14-64, msys2)",1739860560
306621177,taylenamidarry,Increasing Sequence with Fixed OR,WRONG_ANSWER,C++17 (GCC 7-32),1739860238
306616353,dauletkiar,The Omnipotent Monster Killer,OK,"C++23 (GCC 14-64, msys2)",1739857396
306615583,KevinKerman,The Omnipotent Monster Killer,OK,C++17 (GCC 7-32),1739856838
306614217,Crocubott01,Make Majority,OK,C++17 (GCC 7-32),1739855770
306613802,The_Great_Gatsby,Make Majority,WRONG_ANSWER,"C++23 (GCC 14-64, msys2)",1739855398
306613734,ulises.hachiko,Make Majority,OK,C++17 (GCC 7-32),1739855346
306613233,The_Great_Gatsby,Make Majority,WRONG_ANSWER,"C++23 (GCC 14-64, msys2)",1739854884
306613174,ulises.hachiko,Make Majority,WRONG_ANSWER,C++17 (GCC 7-32),1739854813
306613131,X_I,Split the Multiset,OK,C++17 (GCC 7-32),1739854760
306610906,QMinh1608,Split the Multiset,OK,C++17 (GCC 7-32),1739852463
306609106,Soria.,Make Majority,OK,C++20 (GCC 13-64),1739850689
306608021,MYS158,Make Majority,OK,C++17 (GCC 7-32),1739849428
306607003,MYS158,Make Majority,WRONG_ANSWER,C++17 (GCC 7-32),1739848292
306605834,ThePwo,The Omnipotent Monster Killer,OK,C++17 (GCC 7-32),1739846876
306603567,voicon,Increasing Sequence with Fixed OR,OK,PyPy 3-64,1739843897
306598910,Kate_Leonova,Increasing Sequence with Fixed OR,WRONG_ANSWER,"C++23 (GCC 14-64, msys2)",1739836253
306598895,Kate_Leonova,Increasing Sequence with Fixed OR,WRONG_ANSWER,"C++23 (GCC 14-64, msys2)",1739836218
306598865,Kate_Leonova,Increasing Sequence with Fixed OR,WRONG_ANSWER,"C++23 (GCC 14-64, msys2)",1739836178
306598845,Kate_Leonova,Increasing Sequence with Fixed OR,WRONG_ANSWER,"C++23 (GCC 14-64, msys2)",1739836138
306598832,Kate_Leonova,Increasing Sequence with Fixed OR,WRONG_ANSWER,"C++23 (GCC 14-64, msys2)",1739836100
