submission_id,user_handle,problem_name,verdict,language,creation_time
315969287,Awayaway,QED's Favorite Permutation,OK,C++20 (GCC 13-64),1744898243
315967758,Nazmul99,A Gift From Orangutan,OK,C++17 (GCC 7-32),1744897551
315966722,Awayaway,QED's Favorite Permutation,WRONG_ANSWER,C++20 (GCC 13-64),1744897090
315964824,Awayaway,QED's Favorite Permutation,WRONG_ANSWER,C++20 (GCC 13-64),1744896336
315959678,saygex69420,Orangutan Approved Subarrays,TIME_LIMIT_EXCEEDED,PyPy 3-64,1744894238
315959259,zengjun,A TRUE Battle,OK,C++20 (GCC 13-64),1744894059
315958518,zengjun,A TRUE Battle,WRONG_ANSWER,C++20 (GCC 13-64),1744893710
315957562,no_RED_no_DEAD,Orangutan Approved Subarrays,OK,C++20 (GCC 13-64),1744893296
315956569,no_RED_no_DEAD,Orangutan Approved Subarrays,TIME_LIMIT_EXCEEDED,C++20 (GCC 13-64),1744892849
315955326,no_RED_no_DEAD,Orangutan Approved Subarrays,WRONG_ANSWER,C++20 (GCC 13-64),1744892275
315955181,kuntesh035,A TRUE Battle,OK,"C++23 (GCC 14-64, msys2)",1744892216
315955099,no_RED_no_DEAD,Orangutan Approved Subarrays,WRONG_ANSWER,C++20 (GCC 13-64),1744892178
315953652,Awayaway,A TRUE Battle,OK,C++20 (GCC 13-64),1744891557
315953332,kuntesh035,A TRUE Battle,WRONG_ANSWER,"C++23 (GCC 14-64, msys2)",1744891425
315953230,Darkmastergat,MEXimize the Score,OK,C++20 (GCC 13-64),1744891384
315953171,Awayaway,A TRUE Battle,WRONG_ANSWER,C++20 (GCC 13-64),1744891357
315952715,kuntesh035,A TRUE Battle,WRONG_ANSWER,"C++23 (GCC 14-64, msys2)",1744891165
315951382,Awayaway,A TRUE Battle,WRONG_ANSWER,C++20 (GCC 13-64),1744890592
315951242,Awayaway,A TRUE Battle,WRONG_ANSWER,C++20 (GCC 13-64),1744890541
315951193,Awayaway,A TRUE Battle,WRONG_ANSWER,C++20 (GCC 13-64),1744890521
315951158,Awayaway,Minimise Oneness,WRONG_ANSWER,C++20 (GCC 13-64),1744890506
315948825,Awayaway,Minimise Oneness,OK,C++20 (GCC 13-64),1744889465
315948753,Awayaway,Minimise Oneness,WRONG_ANSWER,C++20 (GCC 13-64),1744889432
315948726,lwiwiwi,QED's Favorite Permutation,OK,C++17 (GCC 7-32),1744889419
315948618,Awayaway,Minimise Oneness,WRONG_ANSWER,C++20 (GCC 13-64),1744889366
315948587,lwiwiwi,QED's Favorite Permutation,OK,C++17 (GCC 7-32),1744889356
315947863,Awayaway,Minimise Oneness,WRONG_ANSWER,C++20 (GCC 13-64),1744889029
315947126,Awayaway,Minimise Oneness,WRONG_ANSWER,C++20 (GCC 13-64),1744888692
315947031,lwiwiwi,QED's Favorite Permutation,WRONG_ANSWER,C++17 (GCC 7-32),1744888650
315946673,Awayaway,Minimise Oneness,WRONG_ANSWER,C++20 (GCC 13-64),1744888474
315945356,Awayaway,A TRUE Battle,WRONG_ANSWER,C++20 (GCC 13-64),1744887772
315945177,Awayaway,Minimise Oneness,WRONG_ANSWER,C++20 (GCC 13-64),1744887673
315943838,Awayaway,A Gift From Orangutan,OK,C++20 (GCC 13-64),1744886963
315942983,omarsaifeldeen2000,A TRUE Battle,OK,PyPy 3-64,1744886468
315942858,omarsaifeldeen2000,A TRUE Battle,WRONG_ANSWER,PyPy 3-64,1744886398
315942592,omarsaifeldeen2000,A TRUE Battle,WRONG_ANSWER,PyPy 3-64,1744886234
315938047,zengjun,A TRUE Battle,WRONG_ANSWER,C++20 (GCC 13-64),1744883628
315936893,zengjun,Minimise Oneness,OK,C++20 (GCC 13-64),1744882966
315934841,zengjun,A Gift From Orangutan,OK,C++20 (GCC 13-64),1744881871
315925429,CutiMeo,Orangutan Approved Subarrays,OK,"C++23 (GCC 14-64, msys2)",1744876408
315924295,Adam951413,Minimise Oneness,OK,C++17 (GCC 7-32),1744875680
315921150,This_is_Shikhar,A TRUE Battle,OK,C++17 (GCC 7-32),1744873730
315920429,This_is_Shikhar,A TRUE Battle,WRONG_ANSWER,C++17 (GCC 7-32),1744873295
315916636,moumitaghose,A TRUE Battle,OK,"C++23 (GCC 14-64, msys2)",1744871008
315916286,moumitaghose,A TRUE Battle,WRONG_ANSWER,"C++23 (GCC 14-64, msys2)",1744870784
315916126,moumitaghose,A TRUE Battle,WRONG_ANSWER,"C++23 (GCC 14-64, msys2)",1744870676
315915891,Shafi705,A TRUE Battle,OK,C++20 (GCC 13-64),1744870505
315904477,Messy_Meem,Minimise Oneness,OK,C++20 (GCC 13-64),1744859258
315902849,CutiMeo,Orangutan Approved Subarrays,TIME_LIMIT_EXCEEDED,"C++23 (GCC 14-64, msys2)",1744857459
315899677,WaifuSlayer,A TRUE Battle,WRONG_ANSWER,PyPy 3-64,1744852679
315899127,WaifuSlayer,Minimise Oneness,WRONG_ANSWER,PyPy 3-64,1744851993
315898936,WaifuSlayer,A Gift From Orangutan,OK,PyPy 3-64,1744851647
315898344,num2,The Destruction of the Universe (Hard Version),WRONG_ANSWER,C++17 (GCC 7-32),1744850601
315898111,singhkamran084,QED's Favorite Permutation,OK,"C++23 (GCC 14-64, msys2)",1744850203
315898047,HARSHdeep1234,QED's Favorite Permutation,OK,C++17 (GCC 7-32),1744850072
315897910,HARSHdeep1234,QED's Favorite Permutation,WRONG_ANSWER,C++17 (GCC 7-32),1744849778
315896829,num6,QED's Favorite Permutation,OK,C++17 (GCC 7-32),1744847500
315896705,num6,Minimise Oneness,OK,C++17 (GCC 7-32),1744847321
315896626,real_Parallelism,Orangutan Approved Subarrays,OK,C++17 (GCC 7-32),1744847212
315896539,mix233,QED's Favorite Permutation,OK,C++17 (GCC 7-32),1744847078
315896460,transformer123,The Destruction of the Universe (Easy Version),WRONG_ANSWER,C++17 (GCC 7-32),1744846972
315896203,real_Parallelism,A TRUE Battle,OK,C++17 (GCC 7-32),1744846661
315895985,num2,MEXimize the Score,OK,C++17 (GCC 7-32),1744846389
315895940,WorldShine01,A Gift From Orangutan,OK,C++17 (GCC 7-32),1744846330
315895684,transformer123,Minimise Oneness,OK,C++17 (GCC 7-32),1744846059
315893361,ashfn,A TRUE Battle,OK,C++17 (GCC 7-32),1744842274
315893255,ashfn,A TRUE Battle,WRONG_ANSWER,C++17 (GCC 7-32),1744842182
315892473,ashfn,A TRUE Battle,WRONG_ANSWER,C++17 (GCC 7-32),1744841206
315892311,ItaloLRC,Minimise Oneness,OK,C++17 (GCC 7-32),1744840989
315892247,ItaloLRC,Minimise Oneness,WRONG_ANSWER,C++17 (GCC 7-32),1744840923
315891074,ashfn,A TRUE Battle,WRONG_ANSWER,C++17 (GCC 7-32),1744839621
315889800,ashfn,A TRUE Battle,WRONG_ANSWER,C++17 (GCC 7-32),1744838487
315879572,Manoj_mk,QED's Favorite Permutation,OK,Java 8,1744830562
315879304,Manoj_mk,QED's Favorite Permutation,WRONG_ANSWER,Java 8,1744830394
315879269,1Ravi,A TRUE Battle,WRONG_ANSWER,C++17 (GCC 7-32),1744830365
315878634,Manoj_mk,QED's Favorite Permutation,WRONG_ANSWER,Java 8,1744829967
315877862,halfyy,A Gift From Orangutan,OK,"C++23 (GCC 14-64, msys2)",1744829533
315876692,Manoj_mk,QED's Favorite Permutation,WRONG_ANSWER,Java 8,1744828833
315876497,Manoj_mk,QED's Favorite Permutation,WRONG_ANSWER,Java 8,1744828716
315871102,Krit,QED's Favorite Permutation,OK,GNU C11,1744825803
315870491,Krit,QED's Favorite Permutation,WRONG_ANSWER,GNU C11,1744825495
315864410,_Trozen,A Gift From Orangutan,OK,C++17 (GCC 7-32),1744822561
315858698,Light-L,Minimise Oneness,OK,GNU C11,1744819992
315852597,nkaratopcu,QED's Favorite Permutation,OK,C++17 (GCC 7-32),1744817431
315851062,fatal-98,Minimise Oneness,OK,Java 21,1744816729
315847125,Ndot,QED's Favorite Permutation,OK,C++17 (GCC 7-32),1744814873
315844705,Ndot,QED's Favorite Permutation,WRONG_ANSWER,C++17 (GCC 7-32),1744813641
315841128,_Trozen,Minimise Oneness,OK,C++17 (GCC 7-32),1744812099
315837661,_Trozen,Minimise Oneness,WRONG_ANSWER,C++17 (GCC 7-32),1744810609
315826967,bairagi,A TRUE Battle,WRONG_ANSWER,"C++23 (GCC 14-64, msys2)",1744805461
315825592,Sam_Ram_Saraswati,A TRUE Battle,OK,"C++23 (GCC 14-64, msys2)",1744804807
315824530,Sam_Ram_Saraswati,A TRUE Battle,WRONG_ANSWER,"C++23 (GCC 14-64, msys2)",1744804261
315813555,RoninMello,A TRUE Battle,OK,"C++23 (GCC 14-64, msys2)",1744797439
315809982,clarinet_,Minimise Oneness,OK,C++17 (GCC 7-32),1744795051
315808439,Fist,A Gift From Orangutan,OK,"C++23 (GCC 14-64, msys2)",1744794106
315804266,Equilibrium_1377,Minimise Oneness,OK,"C++23 (GCC 14-64, msys2)",1744791278
315804120,clarinet_,A Gift From Orangutan,OK,C++17 (GCC 7-32),1744791182
315803584,chaiyaping,A Gift From Orangutan,OK,C++17 (GCC 7-32),1744790797
315803222,cxrkimi2012,A Gift From Orangutan,OK,C++17 (GCC 7-32),1744790543
315802919,cxrkimi2012,A Gift From Orangutan,WRONG_ANSWER,C++17 (GCC 7-32),1744790341
315802782,cxrkimi2012,A Gift From Orangutan,WRONG_ANSWER,C++17 (GCC 7-32),1744790243
315800478,Equilibrium_1377,A Gift From Orangutan,OK,"C++23 (GCC 14-64, msys2)",1744788633
315796398,22hhlin,A TRUE Battle,OK,"C++23 (GCC 14-64, msys2)",1744785930
315793920,22hhlin,A TRUE Battle,WRONG_ANSWER,"C++23 (GCC 14-64, msys2)",1744784148
315792994,Tenacious_Keshav,A TRUE Battle,OK,"C++23 (GCC 14-64, msys2)",1744783446
315774533,Actium,QED's Favorite Permutation,OK,C++17 (GCC 7-32),1744761238
315763235,deb023,A Gift From Orangutan,OK,C++17 (GCC 7-32),1744747201
315761054,eternalblue2906,Minimise Oneness,OK,C++20 (GCC 13-64),1744745540
315759675,ta_rahmaan,Minimise Oneness,OK,C++20 (GCC 13-64),1744744586
315755092,benkyochuu,A TRUE Battle,OK,"C++23 (GCC 14-64, msys2)",1744741874
315753326,ta_rahmaan,Minimise Oneness,WRONG_ANSWER,C++20 (GCC 13-64),1744741057
315750080,Hamza_Mahrous,QED's Favorite Permutation,OK,C++17 (GCC 7-32),1744739514
315732820,richi78,A Gift From Orangutan,OK,C++20 (GCC 13-64),1744732126
315732639,richi78,A Gift From Orangutan,COMPILATION_ERROR,C++20 (GCC 13-64),1744732047
315732074,Namrakachhia_04,A Gift From Orangutan,OK,"C++23 (GCC 14-64, msys2)",1744731822
315715312,BG-27,Minimise Oneness,OK,"C++23 (GCC 14-64, msys2)",1744725059
315715091,BG-27,Minimise Oneness,COMPILATION_ERROR,"C++23 (GCC 14-64, msys2)",1744724966
315706270,amansingh947667,A TRUE Battle,OK,"C++23 (GCC 14-64, msys2)",1744720397
315704603,mridulChhipa,A TRUE Battle,OK,"C++23 (GCC 14-64, msys2)",1744719618
315699803,fanhuaxingyu,A TRUE Battle,OK,"C++23 (GCC 14-64, msys2)",1744717537
315699698,fanhuaxingyu,A TRUE Battle,WRONG_ANSWER,"C++23 (GCC 14-64, msys2)",1744717489
315699455,fanhuaxingyu,A TRUE Battle,WRONG_ANSWER,"C++23 (GCC 14-64, msys2)",1744717371
315698046,amansingh947667,A TRUE Battle,WRONG_ANSWER,"C++23 (GCC 14-64, msys2)",1744716671
315695364,KietAPCS,Minimise Oneness,OK,C++17 (GCC 7-32),1744715283
315693907,KietAPCS,A Gift From Orangutan,OK,C++17 (GCC 7-32),1744714503
315692528,husrykhaled78,A TRUE Battle,OK,C++17 (GCC 7-32),1744713757
315692062,husrykhaled78,A TRUE Battle,WRONG_ANSWER,C++17 (GCC 7-32),1744713515
315691928,immortal_3T,A TRUE Battle,OK,C++20 (GCC 13-64),1744713440
315690134,lord_of_the_flies,QED's Favorite Permutation,OK,"C++23 (GCC 14-64, msys2)",1744712411
315689587,husrykhaled78,A TRUE Battle,WRONG_ANSWER,C++17 (GCC 7-32),1744712112
315689436,husrykhaled78,A TRUE Battle,WRONG_ANSWER,C++17 (GCC 7-32),1744712027
315688973,zfs732,The Destruction of the Universe (Easy Version),OK,"C++23 (GCC 14-64, msys2)",1744711763
315688643,zfs732,The Destruction of the Universe (Easy Version),TIME_LIMIT_EXCEEDED,"C++23 (GCC 14-64, msys2)",1744711575
315688483,husrykhaled78,A TRUE Battle,WRONG_ANSWER,C++17 (GCC 7-32),1744711478
315688289,AravVasudeva,A TRUE Battle,WRONG_ANSWER,"C++23 (GCC 14-64, msys2)",1744711363
315686132,zfs732,The Destruction of the Universe (Easy Version),WRONG_ANSWER,"C++23 (GCC 14-64, msys2)",1744710189
315685108,dongyinjie001,The Destruction of the Universe (Easy Version),OK,C++20 (GCC 13-64),1744709647
315680419,num5,The Destruction of the Universe (Hard Version),TIME_LIMIT_EXCEEDED,C++17 (GCC 7-32),1744707137
315680376,real_Parallelism,Orangutan Approved Subarrays,WRONG_ANSWER,C++17 (GCC 7-32),1744707117
315680068,mix233,A Gift From Orangutan,WRONG_ANSWER,C++17 (GCC 7-32),1744706976
315679729,Real_Reasoning_Model,Orangutan Approved Subarrays,WRONG_ANSWER,C++17 (GCC 7-32),1744706817
315679378,Real_Reasoning_Model,A Gift From Orangutan,OK,C++17 (GCC 7-32),1744706660
315679318,num7,QED's Favorite Permutation,TIME_LIMIT_EXCEEDED,C++17 (GCC 7-32),1744706637
315678932,WorldShine02,Minimise Oneness,OK,C++17 (GCC 7-32),1744706449
315678494,WorldShine03,QED's Favorite Permutation,OK,C++17 (GCC 7-32),1744706245
315678159,Real_Reasoning_Model,Minimise Oneness,OK,C++17 (GCC 7-32),1744706097
315677501,num7,The Destruction of the Universe (Hard Version),WRONG_ANSWER,C++17 (GCC 7-32),1744705787
315677215,zeq2022,The Destruction of the Universe (Easy Version),OK,C++20 (GCC 13-64),1744705672
315676378,never_use_tpu,MEXimize the Score,WRONG_ANSWER,C++17 (GCC 7-32),1744705305
315676367,transformer123,The Destruction of the Universe (Easy Version),WRONG_ANSWER,C++17 (GCC 7-32),1744705297
315676289,WorldShine03,A TRUE Battle,WRONG_ANSWER,C++17 (GCC 7-32),1744705255
315675784,mix233,The Destruction of the Universe (Easy Version),WRONG_ANSWER,C++17 (GCC 7-32),1744705026
315675655,num6,MEXimize the Score,WRONG_ANSWER,C++17 (GCC 7-32),1744704959
315675274,num5,A TRUE Battle,WRONG_ANSWER,C++17 (GCC 7-32),1744704783
315673386,dongyinjie001,The Destruction of the Universe (Easy Version),WRONG_ANSWER,C++20 (GCC 13-64),1744703873
315668726,tuxuanming2024,The Destruction of the Universe (Easy Version),OK,C++20 (GCC 13-64),1744700957
315668137,tuxuanming2024,The Destruction of the Universe (Easy Version),WRONG_ANSWER,C++20 (GCC 13-64),1744700588
315660662,songdachui,A TRUE Battle,OK,C++20 (GCC 13-64),1744695778
315653971,Saucyy,A Gift From Orangutan,OK,PyPy 3-64,1744690254
315649238,delysilva,A Gift From Orangutan,OK,C++20 (GCC 13-64),1744685133
315645626,richi78,Minimise Oneness,WRONG_ANSWER,C++20 (GCC 13-64),1744680589
315642574,richi78,Minimise Oneness,OK,C++20 (GCC 13-64),1744676509
315638033,richi78,Minimise Oneness,WRONG_ANSWER,C++20 (GCC 13-64),1744668930
315616858,P.srinivas,Minimise Oneness,OK,"C++23 (GCC 14-64, msys2)",1744654673
315615069,F13monster,Minimise Oneness,OK,PyPy 3-64,1744653850
315612121,norahhc,A TRUE Battle,OK,"C++23 (GCC 14-64, msys2)",1744652478
315611528,norahhc,A TRUE Battle,WRONG_ANSWER,"C++23 (GCC 14-64, msys2)",1744652201
315611173,norahhc,A TRUE Battle,WRONG_ANSWER,"C++23 (GCC 14-64, msys2)",1744652021
315610087,norahhc,A TRUE Battle,WRONG_ANSWER,"C++23 (GCC 14-64, msys2)",1744651533
315604962,4khushi,A Gift From Orangutan,OK,C++17 (GCC 7-32),1744649211
315603189,Mankirat_Singh,QED's Favorite Permutation,OK,C++17 (GCC 7-32),1744648400
315602554,Mankirat_Singh,QED's Favorite Permutation,WRONG_ANSWER,C++17 (GCC 7-32),1744648123
315601312,jannatul_jakia,Minimise Oneness,OK,C++20 (GCC 13-64),1744647592
315589695,comingsoon.cpp,A TRUE Battle,WRONG_ANSWER,C++17 (GCC 7-32),1744642849
315586131,garvitjain729,A TRUE Battle,OK,C++17 (GCC 7-32),1744641444
315586054,Hero7217,A TRUE Battle,OK,C++20 (GCC 13-64),1744641409
315579425,hks007,A TRUE Battle,OK,C++17 (GCC 7-32),1744638044
315576998,garvitjain729,Minimise Oneness,OK,C++17 (GCC 7-32),1744636302
315576306,garvitjain729,A Gift From Orangutan,OK,C++17 (GCC 7-32),1744635656
315573479,finallyhere,A TRUE Battle,OK,"C++23 (GCC 14-64, msys2)",1744633221
315572778,finallyhere,A TRUE Battle,WRONG_ANSWER,"C++23 (GCC 14-64, msys2)",1744632619
315571620,WuShF,A TRUE Battle,OK,C++20 (GCC 13-64),1744631788
315569282,vishvignair,A TRUE Battle,WRONG_ANSWER,C++17 (GCC 7-32),1744630444
315568677,Re_frain,A TRUE Battle,OK,C++20 (GCC 13-64),1744630142
315568573,Re_frain,A TRUE Battle,WRONG_ANSWER,C++20 (GCC 13-64),1744630090
315568060,Re_frain,A TRUE Battle,WRONG_ANSWER,C++20 (GCC 13-64),1744629823
315566914,immortal_3T,A TRUE Battle,WRONG_ANSWER,C++20 (GCC 13-64),1744629164
315565904,immortal_3T,A TRUE Battle,WRONG_ANSWER,C++20 (GCC 13-64),1744628620
315560184,pcheloveks,QED's Favorite Permutation,OK,C++20 (GCC 13-64),1744624846
315536258,Moxie_47,Minimise Oneness,OK,C++17 (GCC 7-32),1744609421
315532948,Re_frain,Minimise Oneness,OK,C++20 (GCC 13-64),1744607487
315518170,z_sour,QED's Favorite Permutation,OK,C++17 (GCC 7-32),1744593490
315515347,kwant,QED's Favorite Permutation,RUNTIME_ERROR,C++20 (GCC 13-64),1744588725
315515322,kwant,QED's Favorite Permutation,RUNTIME_ERROR,C++20 (GCC 13-64),1744588677
315515306,kwant,QED's Favorite Permutation,RUNTIME_ERROR,C++20 (GCC 13-64),1744588645
315515273,kwant,QED's Favorite Permutation,OK,C++20 (GCC 13-64),1744588584
315515007,kwant,QED's Favorite Permutation,OK,C++20 (GCC 13-64),1744588029
315514834,kwant,QED's Favorite Permutation,RUNTIME_ERROR,C++20 (GCC 13-64),1744587687
315514496,kwant,QED's Favorite Permutation,OK,C++20 (GCC 13-64),1744587012
315514024,kwant,QED's Favorite Permutation,OK,C++20 (GCC 13-64),1744586088
315513276,kwant,QED's Favorite Permutation,TIME_LIMIT_EXCEEDED,C++20 (GCC 13-64),1744584864
315508319,shohan241,Minimise Oneness,OK,C++20 (GCC 13-64),1744579198
315499956,kwant,Minimise Oneness,OK,C++20 (GCC 13-64),1744573363
315499787,kwant,Minimise Oneness,WRONG_ANSWER,C++20 (GCC 13-64),1744573265
315498456,kwant,A Gift From Orangutan,OK,C++20 (GCC 13-64),1744572568
315495669,Dhruv_576,A TRUE Battle,OK,"C++23 (GCC 14-64, msys2)",1744571160
315488582,shohan241,Minimise Oneness,WRONG_ANSWER,C++17 (GCC 7-32),1744568166
315472024,lmj,MEXimize the Score,OK,C++20 (GCC 13-64),1744565853
315309361,Rushil24,A TRUE Battle,OK,"C++23 (GCC 14-64, msys2)",1744558513
315299409,Rushil24,A TRUE Battle,WRONG_ANSWER,"C++23 (GCC 14-64, msys2)",1744553716
315294312,huqingchang,A Gift From Orangutan,OK,PyPy 3-64,1744551171
315293788,huqingchang,Minimise Oneness,OK,PyPy 3-64,1744550908
315291325,Ridham.,MEXimize the Score,OK,"C++23 (GCC 14-64, msys2)",1744549568
315286678,Ridham.,MEXimize the Score,WRONG_ANSWER,"C++23 (GCC 14-64, msys2)",1744547108
315286247,Kramnic,Minimise Oneness,OK,PyPy 3-64,1744546884
315286147,Kramnic,Minimise Oneness,TIME_LIMIT_EXCEEDED,PyPy 3-64,1744546836
315286001,Rushil24,A TRUE Battle,WRONG_ANSWER,"C++23 (GCC 14-64, msys2)",1744546759
315285916,Kramnic,Minimise Oneness,WRONG_ANSWER,PyPy 3-64,1744546709
315284924,mikolajsz,MEXimize the Score,OK,C++17 (GCC 7-32),1744546178
315284454,Rushil24,A TRUE Battle,WRONG_ANSWER,"C++23 (GCC 14-64, msys2)",1744545910
315283064,mikolajsz,MEXimize the Score,WRONG_ANSWER,C++17 (GCC 7-32),1744545179
315282914,Ridham.,MEXimize the Score,WRONG_ANSWER,"C++23 (GCC 14-64, msys2)",1744545101
315275930,Keval_Mori__,A TRUE Battle,OK,C++20 (GCC 13-64),1744541517
315272242,NeIsenn,A TRUE Battle,OK,"C++23 (GCC 14-64, msys2)",1744539576
315265273,shohan241,A Gift From Orangutan,OK,C++17 (GCC 7-32),1744536948
315262316,moamen_abdelrahman,Minimise Oneness,OK,C++20 (GCC 13-64),1744535494
315260118,lijunyi,The Destruction of the Universe (Easy Version),OK,"C++23 (GCC 14-64, msys2)",1744534395
315259994,lijunyi,The Destruction of the Universe (Hard Version),OK,"C++23 (GCC 14-64, msys2)",1744534323
315254974,linjunye_,MEXimize the Score,OK,C++17 (GCC 7-32),1744531747
315254733,linjunye_,MEXimize the Score,WRONG_ANSWER,C++17 (GCC 7-32),1744531635
315249713,linjunye_,Orangutan Approved Subarrays,OK,C++17 (GCC 7-32),1744528866
315249640,linjunye_,Orangutan Approved Subarrays,RUNTIME_ERROR,C++17 (GCC 7-32),1744528827
315249520,linjunye_,Orangutan Approved Subarrays,WRONG_ANSWER,C++17 (GCC 7-32),1744528772
315248544,Professor____,A TRUE Battle,OK,C++20 (GCC 13-64),1744528231
315248299,Professor____,A TRUE Battle,WRONG_ANSWER,C++20 (GCC 13-64),1744528112
315247871,Professor____,A TRUE Battle,OK,C++20 (GCC 13-64),1744527866
315247693,Professor____,A TRUE Battle,WRONG_ANSWER,C++20 (GCC 13-64),1744527755
315246539,Professor____,A TRUE Battle,WRONG_ANSWER,C++20 (GCC 13-64),1744527099
315246144,Professor____,A TRUE Battle,WRONG_ANSWER,C++20 (GCC 13-64),1744526893
315245731,Professor____,A TRUE Battle,WRONG_ANSWER,C++20 (GCC 13-64),1744526662
315245706,khush07,A TRUE Battle,OK,"C++23 (GCC 14-64, msys2)",1744526646
315245472,linjunye_,QED's Favorite Permutation,OK,C++17 (GCC 7-32),1744526496
315245318,linjunye_,QED's Favorite Permutation,WRONG_ANSWER,C++17 (GCC 7-32),1744526413
315245175,khush07,A TRUE Battle,WRONG_ANSWER,"C++23 (GCC 14-64, msys2)",1744526332
315244547,Shathi047,A Gift From Orangutan,OK,"C++23 (GCC 14-64, msys2)",1744525971
315243982,khush07,A TRUE Battle,WRONG_ANSWER,"C++23 (GCC 14-64, msys2)",1744525638
315243330,khush07,A TRUE Battle,WRONG_ANSWER,"C++23 (GCC 14-64, msys2)",1744525261
315242945,linjunye_,A TRUE Battle,OK,C++17 (GCC 7-32),1744525028
315242802,linjunye_,A TRUE Battle,WRONG_ANSWER,C++17 (GCC 7-32),1744524941
315242243,linjunye_,Minimise Oneness,OK,C++17 (GCC 7-32),1744524615
315242164,linjunye_,Minimise Oneness,WRONG_ANSWER,C++17 (GCC 7-32),1744524571
315241962,prit_zalavadiya,A TRUE Battle,OK,"C++23 (GCC 14-64, msys2)",1744524468
315241922,linjunye_,A Gift From Orangutan,OK,C++17 (GCC 7-32),1744524446
315241403,Shathi047,Minimise Oneness,OK,"C++23 (GCC 14-64, msys2)",1744524128
315241062,prit_zalavadiya,A TRUE Battle,WRONG_ANSWER,"C++23 (GCC 14-64, msys2)",1744523938
315230385,gamaxi,Orangutan Approved Subarrays,OK,"C++23 (GCC 14-64, msys2)",1744515000
315224603,justidle,QED's Favorite Permutation,OK,C++17 (GCC 7-32),1744506524
315214302,iitamansharma,The Destruction of the Universe (Easy Version),OK,"C++23 (GCC 14-64, msys2)",1744490785
315214280,iitamansharma,The Destruction of the Universe (Hard Version),OK,"C++23 (GCC 14-64, msys2)",1744490771
315211742,real_Parallelism,The Destruction of the Universe (Easy Version),WRONG_ANSWER,C++17 (GCC 7-32),1744489135
315207900,Viper2454,A Gift From Orangutan,OK,C++17 (GCC 7-32),1744486785
315204408,Keval_Mori__,A TRUE Battle,WRONG_ANSWER,C++20 (GCC 13-64),1744484920
315204159,__TAMIM,A TRUE Battle,OK,C++17 (GCC 7-32),1744484781
315203875,Keval_Mori__,A TRUE Battle,WRONG_ANSWER,C++20 (GCC 13-64),1744484635
315203538,Keval_Mori__,A TRUE Battle,WRONG_ANSWER,C++20 (GCC 13-64),1744484457
315202801,Keval_Mori__,A TRUE Battle,WRONG_ANSWER,C++20 (GCC 13-64),1744484071
315197103,MaksimXD,MEXimize the Score,OK,C++17 (GCC 7-32),1744481200
315196895,MaksimXD,MEXimize the Score,WRONG_ANSWER,C++17 (GCC 7-32),1744481102
315194567,Watrdguy,A TRUE Battle,WRONG_ANSWER,"C++23 (GCC 14-64, msys2)",1744479988
315193048,WorldShine01,A TRUE Battle,WRONG_ANSWER,C++17 (GCC 7-32),1744479271
315192251,num3,The Destruction of the Universe (Hard Version),WRONG_ANSWER,C++17 (GCC 7-32),1744478956
315192048,1000_H100,The Destruction of the Universe (Easy Version),WRONG_ANSWER,C++17 (GCC 7-32),1744478866
315190881,Real_Reasoning_Model,A TRUE Battle,WRONG_ANSWER,C++17 (GCC 7-32),1744478350
315189825,WorldShine02,Orangutan Approved Subarrays,WRONG_ANSWER,C++17 (GCC 7-32),1744477891
315188842,Kapgankagan,A TRUE Battle,WRONG_ANSWER,C++20 (GCC 13-64),1744477495
315188379,Kapgankagan,A TRUE Battle,COMPILATION_ERROR,C++20 (GCC 13-64),1744477390
315188076,transformer123,Minimise Oneness,WRONG_ANSWER,C++17 (GCC 7-32),1744477313
315187783,Real_Reasoning_Model,The Destruction of the Universe (Hard Version),WRONG_ANSWER,C++17 (GCC 7-32),1744477227
315187258,num7,A Gift From Orangutan,WRONG_ANSWER,C++17 (GCC 7-32),1744477089
315187251,WorldShine01,QED's Favorite Permutation,TIME_LIMIT_EXCEEDED,C++17 (GCC 7-32),1744477087
315186918,WorldShine01,The Destruction of the Universe (Easy Version),WRONG_ANSWER,C++17 (GCC 7-32),1744476989
315186780,num7,MEXimize the Score,WRONG_ANSWER,C++17 (GCC 7-32),1744476945
315186613,Anubhav-GEU-07,A TRUE Battle,OK,C++17 (GCC 7-32),1744476901
315186277,Anubhav-GEU-07,A TRUE Battle,WRONG_ANSWER,C++17 (GCC 7-32),1744476803
315183637,VanshRA,The Destruction of the Universe (Hard Version),OK,C++20 (GCC 13-64),1744475900
315181644,VanshRA,The Destruction of the Universe (Hard Version),WRONG_ANSWER,C++20 (GCC 13-64),1744475225
315174986,lone_wolf_22,A TRUE Battle,OK,C++17 (GCC 7-32),1744473083
315171157,lone_wolf_22,A TRUE Battle,WRONG_ANSWER,C++17 (GCC 7-32),1744471865
315156837,Sohel_rana_25,A TRUE Battle,OK,C++17 (GCC 7-32),1744467046
315153844,Sohel_rana_25,A TRUE Battle,WRONG_ANSWER,C++17 (GCC 7-32),1744465945
315145519,VanshRA,The Destruction of the Universe (Easy Version),OK,C++20 (GCC 13-64),1744462343
315139887,happiwisdom,Orangutan Approved Subarrays,OK,C++20 (GCC 13-64),1744459742
315134226,vishvignair,A TRUE Battle,WRONG_ANSWER,C++17 (GCC 7-32),1744457684
315128561,pushwindersingh,A TRUE Battle,OK,C++17 (GCC 7-32),1744454853
315128270,pushwindersingh,A TRUE Battle,WRONG_ANSWER,C++17 (GCC 7-32),1744454699
315114016,HK_27,A TRUE Battle,OK,"C++23 (GCC 14-64, msys2)",1744448200
315110764,HK_27,A TRUE Battle,WRONG_ANSWER,"C++23 (GCC 14-64, msys2)",1744446879
315108505,HK_27,A TRUE Battle,WRONG_ANSWER,"C++23 (GCC 14-64, msys2)",1744445963
315105095,MohdTahaRafi,A TRUE Battle,OK,"C++23 (GCC 14-64, msys2)",1744444682
315104937,MohdTahaRafi,A TRUE Battle,WRONG_ANSWER,"C++23 (GCC 14-64, msys2)",1744444616
315100072,MohdTahaRafi,A TRUE Battle,WRONG_ANSWER,"C++23 (GCC 14-64, msys2)",1744442890
315099862,MohdTahaRafi,A TRUE Battle,WRONG_ANSWER,"C++23 (GCC 14-64, msys2)",1744442807
315099762,MohdTahaRafi,A TRUE Battle,WRONG_ANSWER,"C++23 (GCC 14-64, msys2)",1744442767
315099575,MohdTahaRafi,A TRUE Battle,WRONG_ANSWER,"C++23 (GCC 14-64, msys2)",1744442696
315098791,MohdTahaRafi,A TRUE Battle,WRONG_ANSWER,"C++23 (GCC 14-64, msys2)",1744442385
315098589,MohdTahaRafi,A TRUE Battle,WRONG_ANSWER,"C++23 (GCC 14-64, msys2)",1744442303
315098540,lone_wolf_22,A TRUE Battle,WRONG_ANSWER,C++17 (GCC 7-32),1744442286
315097719,lone_wolf_22,A TRUE Battle,WRONG_ANSWER,C++17 (GCC 7-32),1744441978
315096300,hungcubuso1vien,QED's Favorite Permutation,OK,C++20 (GCC 13-64),1744441441
315077168,Vlad555,Minimise Oneness,WRONG_ANSWER,"C++23 (GCC 14-64, msys2)",1744429865
315077109,Vlad555,Minimise Oneness,COMPILATION_ERROR,"C++23 (GCC 14-64, msys2)",1744429781
315075701,shreyashgirdharidhakate,A TRUE Battle,OK,Java 21,1744428164
315075150,shreyashgirdharidhakate,A TRUE Battle,WRONG_ANSWER,Java 21,1744427551
315075031,shreyashgirdharidhakate,A TRUE Battle,COMPILATION_ERROR,Java 21,1744427423
315072311,rfpermen,Orangutan Approved Subarrays,OK,C++20 (GCC 13-64),1744423658
315067680,vedic86,MEXimize the Score,OK,C++20 (GCC 13-64),1744414305
315067503,vedic86,MEXimize the Score,OK,C++20 (GCC 13-64),1744413879
315067038,Ziko_Zoulati,A TRUE Battle,OK,C++17 (GCC 7-32),1744412805
315066702,Ziko_Zoulati,A TRUE Battle,WRONG_ANSWER,C++17 (GCC 7-32),1744412125
315066152,Ziko_Zoulati,A TRUE Battle,WRONG_ANSWER,C++17 (GCC 7-32),1744411141
315054470,_kaysar07,A TRUE Battle,OK,"C++23 (GCC 14-64, msys2)",1744400371
315051506,AKulhin,A TRUE Battle,OK,"C++23 (GCC 14-64, msys2)",1744398524
315049182,vididvidid,A Gift From Orangutan,OK,C++20 (GCC 13-64),1744397210
315049083,AKulhin,A Gift From Orangutan,OK,"C++23 (GCC 14-64, msys2)",1744397161
315047807,vididvidid,Minimise Oneness,OK,C++20 (GCC 13-64),1744396388
315046128,jubayeribnsaif98,Minimise Oneness,WRONG_ANSWER,C++17 (GCC 7-32),1744395533
315045865,_P_Bh,A Gift From Orangutan,OK,C++17 (GCC 7-32),1744395406
315045771,Einja,Minimise Oneness,OK,C++17 (GCC 7-32),1744395347
315045595,jubayeribnsaif98,Minimise Oneness,WRONG_ANSWER,C++17 (GCC 7-32),1744395268
315044397,AKulhin,A TRUE Battle,WRONG_ANSWER,"C++23 (GCC 14-64, msys2)",1744394436
315044379,Einja,A Gift From Orangutan,OK,C++17 (GCC 7-32),1744394425
315044082,_P_Bh,A Gift From Orangutan,WRONG_ANSWER,C++17 (GCC 7-32),1744394289
315042757,AKulhin,Minimise Oneness,OK,"C++23 (GCC 14-64, msys2)",1744393559
315042514,AKulhin,Minimise Oneness,WRONG_ANSWER,"C++23 (GCC 14-64, msys2)",1744393454
315028647,WuShF,Minimise Oneness,OK,C++20 (GCC 13-64),1744386203
315024267,WuShF,A Gift From Orangutan,OK,C++20 (GCC 13-64),1744384092
315010400,Arisudan,A TRUE Battle,OK,C++20 (GCC 13-64),1744378069
315010192,st22,A TRUE Battle,OK,"C++23 (GCC 14-64, msys2)",1744377967
315009742,st22,A TRUE Battle,WRONG_ANSWER,"C++23 (GCC 14-64, msys2)",1744377768
315009720,ezavs,A TRUE Battle,OK,"C++23 (GCC 14-64, msys2)",1744377757
315009389,st22,A TRUE Battle,WRONG_ANSWER,"C++23 (GCC 14-64, msys2)",1744377610
315008502,st22,A TRUE Battle,WRONG_ANSWER,"C++23 (GCC 14-64, msys2)",1744377184
315008256,st22,A TRUE Battle,WRONG_ANSWER,"C++23 (GCC 14-64, msys2)",1744377057
315007972,rpycf,Minimise Oneness,WRONG_ANSWER,C++20 (GCC 13-64),1744376924
315007859,rpycf,Minimise Oneness,WRONG_ANSWER,C++20 (GCC 13-64),1744376869
315007555,rpycf,Minimise Oneness,WRONG_ANSWER,C++20 (GCC 13-64),1744376726
315003587,chethanr162000,A TRUE Battle,OK,Java 21,1744374673
315003516,chethanr162000,A TRUE Battle,RUNTIME_ERROR,Java 21,1744374629
315002788,chethanr162000,A TRUE Battle,OK,Java 21,1744374250
314998876,introMANN,A TRUE Battle,WRONG_ANSWER,C++17 (GCC 7-32),1744372124
314998295,introMANN,A TRUE Battle,WRONG_ANSWER,C++17 (GCC 7-32),1744371789
314997450,Yergali,QED's Favorite Permutation,OK,PyPy 3-64,1744371331
314996610,catgirl,Minimise Oneness,OK,"C++23 (GCC 14-64, msys2)",1744370821
314991039,abhinavgangil,MEXimize the Score,OK,C++20 (GCC 13-64),1744367489
314973922,raratul15,QED's Favorite Permutation,OK,C++20 (GCC 13-64),1744358214
314970790,Harshreality,A TRUE Battle,WRONG_ANSWER,C++17 (GCC 7-32),1744355939
314970441,Mohamedisaa,A Gift From Orangutan,OK,"C++23 (GCC 14-64, msys2)",1744355687
314970171,Tech__phoenix,QED's Favorite Permutation,OK,C++17 (GCC 7-32),1744355507
314968767,Tech__phoenix,QED's Favorite Permutation,WRONG_ANSWER,C++17 (GCC 7-32),1744354611
314968244,Tech__phoenix,QED's Favorite Permutation,WRONG_ANSWER,C++17 (GCC 7-32),1744354261
314968080,Tech__phoenix,QED's Favorite Permutation,WRONG_ANSWER,C++17 (GCC 7-32),1744354160
314963912,dpisgreedy,A Gift From Orangutan,OK,C++20 (GCC 13-64),1744352600
314963553,WatSk,A Gift From Orangutan,OK,C++20 (GCC 13-64),1744352361
314959845,Arisudan,A TRUE Battle,WRONG_ANSWER,C++20 (GCC 13-64),1744349622
314946911,becastal,QED's Favorite Permutation,OK,C++20 (GCC 13-64),1744334513
314946649,becastal,QED's Favorite Permutation,WRONG_ANSWER,C++20 (GCC 13-64),1744334034
314946536,becastal,QED's Favorite Permutation,WRONG_ANSWER,C++20 (GCC 13-64),1744333838
314946445,becastal,QED's Favorite Permutation,WRONG_ANSWER,C++20 (GCC 13-64),1744333665
314946394,becastal,QED's Favorite Permutation,WRONG_ANSWER,C++20 (GCC 13-64),1744333541
314942809,maryam_abdelhady_,A TRUE Battle,OK,C++20 (GCC 13-64),1744326113
314941414,maryam_abdelhady_,A TRUE Battle,WRONG_ANSWER,C++20 (GCC 13-64),1744323578
314937751,eternalblue2906,A Gift From Orangutan,OK,C++20 (GCC 13-64),1744318769
314937721,eternalblue2906,A Gift From Orangutan,WRONG_ANSWER,C++20 (GCC 13-64),1744318735
314929886,bean4589,A TRUE Battle,COMPILATION_ERROR,C++20 (GCC 13-64),1744312499
314929762,bean4589,A TRUE Battle,WRONG_ANSWER,C++20 (GCC 13-64),1744312431
314929654,bean4589,A TRUE Battle,WRONG_ANSWER,C++20 (GCC 13-64),1744312368
314929621,bean4589,A TRUE Battle,WRONG_ANSWER,C++20 (GCC 13-64),1744312348
314929490,bean4589,A TRUE Battle,WRONG_ANSWER,C++20 (GCC 13-64),1744312279
314929470,bean4589,A TRUE Battle,WRONG_ANSWER,C++20 (GCC 13-64),1744312266
314922862,bean4589,QED's Favorite Permutation,OK,C++20 (GCC 13-64),1744308649
314922372,bean4589,QED's Favorite Permutation,WRONG_ANSWER,C++20 (GCC 13-64),1744308366
314919381,bean4589,A TRUE Battle,WRONG_ANSWER,C++20 (GCC 13-64),1744306699
314919258,bean4589,A TRUE Battle,WRONG_ANSWER,C++20 (GCC 13-64),1744306624
314919105,Afruja_Afrin,A Gift From Orangutan,OK,C++20 (GCC 13-64),1744306536
314919025,bean4589,A TRUE Battle,WRONG_ANSWER,C++20 (GCC 13-64),1744306485
314918799,bean4589,Minimise Oneness,OK,C++20 (GCC 13-64),1744306360
314916393,bean4589,Minimise Oneness,WRONG_ANSWER,C++20 (GCC 13-64),1744305007
314915959,bean4589,A Gift From Orangutan,OK,C++20 (GCC 13-64),1744304792
314911358,_kaysar07,Minimise Oneness,OK,"C++23 (GCC 14-64, msys2)",1744302366
314910584,ZHM4284,QED's Favorite Permutation,OK,C++17 (GCC 7-32),1744301980
314910294,ShaanKapoor,A TRUE Battle,OK,C++17 (GCC 7-32),1744301835
314910008,ZHM4284,QED's Favorite Permutation,WRONG_ANSWER,C++17 (GCC 7-32),1744301689
314909350,ZHM4284,QED's Favorite Permutation,WRONG_ANSWER,C++17 (GCC 7-32),1744301387
314908812,Cuber-26,QED's Favorite Permutation,OK,C++20 (GCC 13-64),1744301151
314907069,ShaanKapoor,A TRUE Battle,WRONG_ANSWER,C++17 (GCC 7-32),1744300285
314906948,Cuber-26,QED's Favorite Permutation,TIME_LIMIT_EXCEEDED,C++20 (GCC 13-64),1744300226
314906314,ZHM4284,QED's Favorite Permutation,WRONG_ANSWER,C++17 (GCC 7-32),1744299916
314903709,Cuber-26,QED's Favorite Permutation,TIME_LIMIT_EXCEEDED,C++20 (GCC 13-64),1744298765
314902223,_kaysar07,A Gift From Orangutan,OK,"C++23 (GCC 14-64, msys2)",1744298111
314901685,M.H.Jim,A Gift From Orangutan,OK,GNU C11,1744297883
314901022,ZHM4284,A TRUE Battle,OK,C++17 (GCC 7-32),1744297602
314900574,ZHM4284,A TRUE Battle,WRONG_ANSWER,C++17 (GCC 7-32),1744297405
314899347,hoangnoobpro,A TRUE Battle,OK,C++20 (GCC 13-64),1744296838
314899287,ltghung24,Minimise Oneness,OK,C++20 (GCC 13-64),1744296809
314899215,ZHM4284,A TRUE Battle,WRONG_ANSWER,C++17 (GCC 7-32),1744296777
314899071,Cuber-26,A TRUE Battle,OK,C++20 (GCC 13-64),1744296712
314899070,ltghung24,Minimise Oneness,WRONG_ANSWER,C++20 (GCC 13-64),1744296712
314898406,hoangnoobpro,A TRUE Battle,WRONG_ANSWER,C++20 (GCC 13-64),1744296426
314898016,ZHM4284,Minimise Oneness,OK,C++17 (GCC 7-32),1744296257
314897542,Cuber-26,Minimise Oneness,OK,C++20 (GCC 13-64),1744296043
314897367,ZHM4284,A Gift From Orangutan,OK,C++17 (GCC 7-32),1744295962
314897109,Cuber-26,A Gift From Orangutan,OK,C++20 (GCC 13-64),1744295853
314890909,h2mnox,A TRUE Battle,OK,C++17 (GCC 7-32),1744293074
314889913,BDN_SANS,Minimise Oneness,OK,C++20 (GCC 13-64),1744292631
314878925,The-temp,Minimise Oneness,OK,C++17 (GCC 7-32),1744287842
314870344,feblokas,MEXimize the Score,OK,C++20 (GCC 13-64),1744283737
314870290,feblokas,MEXimize the Score,RUNTIME_ERROR,C++20 (GCC 13-64),1744283704
314869997,feblokas,MEXimize the Score,RUNTIME_ERROR,C++20 (GCC 13-64),1744283562
314856043,NovusStellachan,Orangutan Approved Subarrays,OK,C++20 (GCC 13-64),1744276014
314840527,gowsalyabca07,A Gift From Orangutan,OK,"C++23 (GCC 14-64, msys2)",1744267319
314839097,Rowlet1,MEXimize the Score,OK,"C++23 (GCC 14-64, msys2)",1744266534
314833527,Just_Love_You,QED's Favorite Permutation,OK,C++20 (GCC 13-64),1744262944
314833470,Just_Love_You,QED's Favorite Permutation,TIME_LIMIT_EXCEEDED,C++20 (GCC 13-64),1744262904
314833447,Just_Love_You,QED's Favorite Permutation,RUNTIME_ERROR,C++20 (GCC 13-64),1744262886
314833403,Just_Love_You,QED's Favorite Permutation,TIME_LIMIT_EXCEEDED,C++20 (GCC 13-64),1744262852
314831502,Just_Love_You,QED's Favorite Permutation,WRONG_ANSWER,C++20 (GCC 13-64),1744261495
314831118,Just_Love_You,QED's Favorite Permutation,WRONG_ANSWER,C++20 (GCC 13-64),1744261153
314830588,atik_uwu,A TRUE Battle,OK,"C++23 (GCC 14-64, msys2)",1744260718
314830529,atik_uwu,A TRUE Battle,WRONG_ANSWER,"C++23 (GCC 14-64, msys2)",1744260663
314829486,atik_uwu,A TRUE Battle,WRONG_ANSWER,"C++23 (GCC 14-64, msys2)",1744259825
314826376,SiyamBhuiyan,Minimise Oneness,OK,C++20 (GCC 13-64),1744256680
314824043,beta-ori,A TRUE Battle,OK,C++17 (GCC 7-32),1744253659
314823619,WatSk,Minimise Oneness,OK,C++20 (GCC 13-64),1744253068
314818388,Lon-lon-Lon,MEXimize the Score,TIME_LIMIT_EXCEEDED,C++17 (GCC 7-32),1744244493
314818367,Lon-lon-Lon,MEXimize the Score,TIME_LIMIT_EXCEEDED,C++17 (GCC 7-32),1744244424
314807134,MN3M,QED's Favorite Permutation,OK,"C++23 (GCC 14-64, msys2)",1744228857
314806935,MN3M,QED's Favorite Permutation,WRONG_ANSWER,"C++23 (GCC 14-64, msys2)",1744228696
314806530,sravyareddy.k,A Gift From Orangutan,OK,C++17 (GCC 7-32),1744228363
314806482,sravyareddy.k,A Gift From Orangutan,WRONG_ANSWER,C++17 (GCC 7-32),1744228327
314806273,sravyareddy.k,A Gift From Orangutan,COMPILATION_ERROR,C++17 (GCC 7-32),1744228153
314805573,MN3M,QED's Favorite Permutation,WRONG_ANSWER,"C++23 (GCC 14-64, msys2)",1744228126
314805418,MN3M,QED's Favorite Permutation,WRONG_ANSWER,"C++23 (GCC 14-64, msys2)",1744227991
314805381,MN3M,QED's Favorite Permutation,WRONG_ANSWER,"C++23 (GCC 14-64, msys2)",1744227962
314805269,MN3M,QED's Favorite Permutation,WRONG_ANSWER,"C++23 (GCC 14-64, msys2)",1744227865
314803667,MN3M,QED's Favorite Permutation,WRONG_ANSWER,"C++23 (GCC 14-64, msys2)",1744226721
314803494,DaemonGod,A Gift From Orangutan,OK,"C++23 (GCC 14-64, msys2)",1744226612
314803396,abhinavgangil,QED's Favorite Permutation,OK,C++20 (GCC 13-64),1744226555
314801729,DaemonGod,Minimise Oneness,OK,"C++23 (GCC 14-64, msys2)",1744225384
314801350,DaemonGod,Minimise Oneness,WRONG_ANSWER,"C++23 (GCC 14-64, msys2)",1744225143
314799917,abhinavgangil,A TRUE Battle,OK,C++20 (GCC 13-64),1744224201
314799129,abhinavgangil,Minimise Oneness,OK,C++20 (GCC 13-64),1744223735
314798645,abhinavgangil,A Gift From Orangutan,OK,C++20 (GCC 13-64),1744223422
314798230,DevandCoder,A TRUE Battle,OK,"C++23 (GCC 14-64, msys2)",1744223205
314798121,DevandCoder,A TRUE Battle,WRONG_ANSWER,"C++23 (GCC 14-64, msys2)",1744223157
314797901,DevandCoder,A TRUE Battle,WRONG_ANSWER,"C++23 (GCC 14-64, msys2)",1744223040
314796792,shuvro2000,A TRUE Battle,OK,C++17 (GCC 7-32),1744222452
314795532,dillen77joe,A TRUE Battle,OK,C++17 (GCC 7-32),1744221788
314795172,wellfigureitout,Minimise Oneness,OK,"C++23 (GCC 14-64, msys2)",1744221578
314794958,wellfigureitout,A Gift From Orangutan,OK,"C++23 (GCC 14-64, msys2)",1744221450
314793785,dillen77joe,A TRUE Battle,WRONG_ANSWER,C++17 (GCC 7-32),1744220825
314786238,abhishekbachchis2781,A TRUE Battle,OK,C++17 (GCC 7-32),1744217107
314785426,abhishekbachchis2781,A TRUE Battle,WRONG_ANSWER,C++17 (GCC 7-32),1744216698
314784440,abhishekbachchis2781,A TRUE Battle,WRONG_ANSWER,C++17 (GCC 7-32),1744216208
314780743,001-nariman-m-28,A TRUE Battle,OK,"C++23 (GCC 14-64, msys2)",1744214755
314780517,001-nariman-m-28,A TRUE Battle,WRONG_ANSWER,"C++23 (GCC 14-64, msys2)",1744214644
314779459,001-nariman-m-28,A TRUE Battle,WRONG_ANSWER,"C++23 (GCC 14-64, msys2)",1744214046
314778061,Rakibun-Ateed,A TRUE Battle,OK,C++17 (GCC 7-32),1744213336
314763089,Ghostttttttttt,A Gift From Orangutan,OK,C++17 (GCC 7-32),1744206411
314748535,rishitbajaj,Minimise Oneness,OK,C++17 (GCC 7-32),1744200371
314748522,rishitbajaj,Minimise Oneness,COMPILATION_ERROR,C++17 (GCC 7-32),1744200362
314748392,rishitbajaj,Minimise Oneness,WRONG_ANSWER,C++17 (GCC 7-32),1744200316
314748252,rishitbajaj,Minimise Oneness,COMPILATION_ERROR,C++17 (GCC 7-32),1744200263
314748077,rishitbajaj,Minimise Oneness,WRONG_ANSWER,C++17 (GCC 7-32),1744200191
314747301,rishitbajaj,Minimise Oneness,WRONG_ANSWER,C++17 (GCC 7-32),1744199878
314747132,rishitbajaj,Minimise Oneness,WRONG_ANSWER,C++17 (GCC 7-32),1744199817
314745785,Gaurav_080903,A TRUE Battle,OK,C++20 (GCC 13-64),1744199321
314742621,adityakumar25005,QED's Favorite Permutation,OK,"C++23 (GCC 14-64, msys2)",1744197911
314742243,huqingchang,A TRUE Battle,OK,PyPy 3-64,1744197729
314742167,huqingchang,A TRUE Battle,WRONG_ANSWER,PyPy 3-64,1744197690
314741268,adityakumar25005,QED's Favorite Permutation,WRONG_ANSWER,"C++23 (GCC 14-64, msys2)",1744197324
314730339,Aniruddha_123,A Gift From Orangutan,OK,C++20 (GCC 13-64),1744192490
314727963,shaad5843,Minimise Oneness,OK,C++17 (GCC 7-32),1744191022
314727573,Aniruddha_123,Minimise Oneness,OK,C++20 (GCC 13-64),1744190765
314727424,Aniruddha_123,Minimise Oneness,WRONG_ANSWER,C++20 (GCC 13-64),1744190671
314727295,Aniruddha_123,Minimise Oneness,WRONG_ANSWER,C++20 (GCC 13-64),1744190583
314723577,huqingchang,A TRUE Battle,WRONG_ANSWER,PyPy 3-64,1744187999
314718331,uditsh03,QED's Favorite Permutation,OK,C++20 (GCC 13-64),1744184055
314717939,uditsh03,QED's Favorite Permutation,WRONG_ANSWER,C++20 (GCC 13-64),1744183777
314713937,CODE__INFINITY,MEXimize the Score,OK,C++20 (GCC 13-64),1744180733
314713500,sai-17,Orangutan Approved Subarrays,OK,C++20 (GCC 13-64),1744180383
314703195,abdu11ahmahm00d,A Gift From Orangutan,WRONG_ANSWER,GNU C11,1744173109
314683641,apekshit420,A Gift From Orangutan,OK,C++17 (GCC 7-32),1744147391
314682980,GAB-DivideEConserta,A Gift From Orangutan,OK,"C++23 (GCC 14-64, msys2)",1744146622
314682123,azure-,Orangutan Approved Subarrays,WRONG_ANSWER,C++20 (GCC 13-64),1744145727
314671039,mix233,The Destruction of the Universe (Hard Version),WRONG_ANSWER,C++17 (GCC 7-32),1744137834
314670669,WorldShine01,MEXimize the Score,WRONG_ANSWER,C++17 (GCC 7-32),1744137652
314670428,WorldShine02,A TRUE Battle,WRONG_ANSWER,C++17 (GCC 7-32),1744137536
314670001,1000_H100,The Destruction of the Universe (Hard Version),WRONG_ANSWER,C++17 (GCC 7-32),1744137347
314669616,transformer123,A Gift From Orangutan,WRONG_ANSWER,C++17 (GCC 7-32),1744137188
314669297,num3,The Destruction of the Universe (Hard Version),WRONG_ANSWER,C++17 (GCC 7-32),1744137053
314668082,num5,MEXimize the Score,WRONG_ANSWER,C++17 (GCC 7-32),1744136572
314668016,mix233,QED's Favorite Permutation,WRONG_ANSWER,C++17 (GCC 7-32),1744136541
314667404,WorldShine01,The Destruction of the Universe (Easy Version),TIME_LIMIT_EXCEEDED,C++17 (GCC 7-32),1744136305
314667255,fardinfaruqi,A TRUE Battle,OK,C++20 (GCC 13-64),1744136246
314667144,Real_Reasoning_Model,A TRUE Battle,WRONG_ANSWER,C++17 (GCC 7-32),1744136194
314666800,WorldShine01,Orangutan Approved Subarrays,WRONG_ANSWER,C++17 (GCC 7-32),1744136062
314666660,num2,Minimise Oneness,WRONG_ANSWER,C++17 (GCC 7-32),1744136005
314666454,Siddharth732,A TRUE Battle,OK,C++17 (GCC 7-32),1744135918
314664249,joynath,Minimise Oneness,OK,C++20 (GCC 13-64),1744134952
314586112,-Dzu-,A TRUE Battle,OK,C++20 (GCC 13-64),1744126070
314584302,-Dzu-,Minimise Oneness,OK,C++20 (GCC 13-64),1744125975
314581674,-Dzu-,A Gift From Orangutan,OK,C++20 (GCC 13-64),1744125845
314501782,Abdullah_Fathi,A Gift From Orangutan,OK,C++20 (GCC 13-64),1744121629
314497676,fclibxyz,A Gift From Orangutan,OK,Rust 2021,1744119862
314496151,abhishekbachchis2781,A TRUE Battle,WRONG_ANSWER,C++17 (GCC 7-32),1744119154
314495059,abhishekbachchis2781,A TRUE Battle,WRONG_ANSWER,C++17 (GCC 7-32),1744118681
314485802,Adi.gain,A TRUE Battle,OK,C++17 (GCC 7-32),1744114169
314484106,Adi.gain,A TRUE Battle,WRONG_ANSWER,C++17 (GCC 7-32),1744113333
314483780,jk241282,A Gift From Orangutan,OK,C++17 (GCC 7-32),1744113190
314483223,Adi.gain,A TRUE Battle,WRONG_ANSWER,C++17 (GCC 7-32),1744112907
314481669,Adi.gain,Minimise Oneness,OK,C++17 (GCC 7-32),1744112073
314481239,Adi.gain,A Gift From Orangutan,OK,C++17 (GCC 7-32),1744111829
314476207,_Baron_,A TRUE Battle,OK,C++20 (GCC 13-64),1744108887
314475832,_Baron_,A TRUE Battle,WRONG_ANSWER,C++20 (GCC 13-64),1744108635
314468988,PavelBesp,A TRUE Battle,OK,"C++23 (GCC 14-64, msys2)",1744104519
314468817,PavelBesp,A TRUE Battle,WRONG_ANSWER,"C++23 (GCC 14-64, msys2)",1744104430
314463184,czb666,QED's Favorite Permutation,OK,"C++23 (GCC 14-64, msys2)",1744100969
314463024,czb666,QED's Favorite Permutation,WRONG_ANSWER,"C++23 (GCC 14-64, msys2)",1744100855
314462443,czb666,QED's Favorite Permutation,WRONG_ANSWER,"C++23 (GCC 14-64, msys2)",1744100470
314460628,czb666,QED's Favorite Permutation,WRONG_ANSWER,"C++23 (GCC 14-64, msys2)",1744099331
314459903,czb666,QED's Favorite Permutation,WRONG_ANSWER,"C++23 (GCC 14-64, msys2)",1744098894
314451275,Dpkasd_12,MEXimize the Score,OK,Rust 2021,1744093245
314450892,Dpkasd_12,QED's Favorite Permutation,OK,Rust 2021,1744092974
314450637,Dpkasd_12,A TRUE Battle,OK,Rust 2021,1744092814
314450058,Dpkasd_12,Minimise Oneness,OK,Rust 2021,1744092445
314446647,Chenyuze24,QED's Favorite Permutation,OK,C++17 (GCC 7-32),1744089809
314437818,PurpleHanHan,A Gift From Orangutan,OK,C++20 (GCC 13-64),1744081238
314437787,PurpleHanHan,Minimise Oneness,WRONG_ANSWER,C++20 (GCC 13-64),1744081200
314437602,PurpleHanHan,Minimise Oneness,OK,C++20 (GCC 13-64),1744080963
314437473,PurpleHanHan,Minimise Oneness,WRONG_ANSWER,C++20 (GCC 13-64),1744080775
314419287,bharath671,A TRUE Battle,OK,C++20 (GCC 13-64),1744055494
314418844,bharath671,A TRUE Battle,WRONG_ANSWER,C++20 (GCC 13-64),1744055186
314412876,josesinho181,A TRUE Battle,OK,"C++23 (GCC 14-64, msys2)",1744051292
314409317,hackers007,QED's Favorite Permutation,OK,"C++23 (GCC 14-64, msys2)",1744049420
314407380,joynath,A Gift From Orangutan,OK,C++20 (GCC 13-64),1744048421
314403169,hackers007,A TRUE Battle,OK,"C++23 (GCC 14-64, msys2)",1744046472
314401825,hackers007,A TRUE Battle,WRONG_ANSWER,"C++23 (GCC 14-64, msys2)",1744045888
314401235,hackers007,A TRUE Battle,WRONG_ANSWER,"C++23 (GCC 14-64, msys2)",1744045644
314400976,hackers007,A TRUE Battle,WRONG_ANSWER,"C++23 (GCC 14-64, msys2)",1744045530
314397535,hackers007,Minimise Oneness,OK,"C++23 (GCC 14-64, msys2)",1744044189
314391044,nikkhil.theguru,A Gift From Orangutan,OK,Python 3,1744041615
314390867,nikkhil.theguru,Minimise Oneness,WRONG_ANSWER,Python 3,1744041540
314377457,plankk,QED's Favorite Permutation,OK,C++20 (GCC 13-64),1744037073
314377108,plankk,QED's Favorite Permutation,RUNTIME_ERROR,C++20 (GCC 13-64),1744036969
314356137,__severus__,A TRUE Battle,OK,Python 3,1744027545
314342480,DE4d_B0dy,A TRUE Battle,OK,C++20 (GCC 13-64),1744020248
314335313,educated,A TRUE Battle,WRONG_ANSWER,"C++23 (GCC 14-64, msys2)",1744015940
314335201,educated,Minimise Oneness,WRONG_ANSWER,"C++23 (GCC 14-64, msys2)",1744015866
314335056,educated,A Gift From Orangutan,OK,"C++23 (GCC 14-64, msys2)",1744015772
314334994,educated,A Gift From Orangutan,COMPILATION_ERROR,Kotlin 1.7,1744015736
314333266,SuryaKannan,A TRUE Battle,OK,Python 3,1744014654
314333037,SuryaKannan,A TRUE Battle,WRONG_ANSWER,Python 3,1744014495
314329194,vijayendra_ch,A TRUE Battle,OK,C++17 (GCC 7-32),1744012035
314328307,Ahish_Ragav,A TRUE Battle,OK,C++17 (GCC 7-32),1744011362
314327481,bobbavishwanth,A TRUE Battle,OK,C++17 (GCC 7-32),1744010739
314327442,bobbavishwanth,A TRUE Battle,WRONG_ANSWER,C++17 (GCC 7-32),1744010697
314326988,vijayendra_ch,A TRUE Battle,WRONG_ANSWER,C++17 (GCC 7-32),1744010367
314326467,vijayendra_ch,A TRUE Battle,WRONG_ANSWER,C++17 (GCC 7-32),1744009986
314326258,Ahish_Ragav,A TRUE Battle,WRONG_ANSWER,C++17 (GCC 7-32),1744009838
314325975,vijayendra_ch,A TRUE Battle,WRONG_ANSWER,C++17 (GCC 7-32),1744009656
314325816,bobbavishwanth,A TRUE Battle,WRONG_ANSWER,C++17 (GCC 7-32),1744009526
314325255,Ahish_Ragav,A TRUE Battle,WRONG_ANSWER,C++17 (GCC 7-32),1744009112
314325219,Infernus04,A TRUE Battle,OK,"C++23 (GCC 14-64, msys2)",1744009085
314324782,Ahish_Ragav,A TRUE Battle,WRONG_ANSWER,C++17 (GCC 7-32),1744008808
314324744,bobbavishwanth,A TRUE Battle,WRONG_ANSWER,C++17 (GCC 7-32),1744008781
314323406,bobbavishwanth,A TRUE Battle,WRONG_ANSWER,C++17 (GCC 7-32),1744007834
314320334,Aka_sh_,A TRUE Battle,OK,"C++23 (GCC 14-64, msys2)",1744005422
314320287,Aka_sh_,A TRUE Battle,WRONG_ANSWER,"C++23 (GCC 14-64, msys2)",1744005386
314320179,Aka_sh_,A TRUE Battle,WRONG_ANSWER,"C++23 (GCC 14-64, msys2)",1744005314
314319593,Aka_sh_,A TRUE Battle,WRONG_ANSWER,"C++23 (GCC 14-64, msys2)",1744004794
314319090,DE4d_B0dy,A TRUE Battle,WRONG_ANSWER,C++20 (GCC 13-64),1744004406
314318547,DE4d_B0dy,A TRUE Battle,WRONG_ANSWER,C++20 (GCC 13-64),1744003980
314318209,Hemal__404,A TRUE Battle,WRONG_ANSWER,C++17 (GCC 7-32),1744003677
314318038,DE4d_B0dy,Minimise Oneness,OK,C++20 (GCC 13-64),1744003521
314317418,DE4d_B0dy,A Gift From Orangutan,OK,C++20 (GCC 13-64),1744003010
314315489,ndeynayan123,A Gift From Orangutan,OK,"C++23 (GCC 14-64, msys2)",1744001136
314308476,Ropraite,A TRUE Battle,OK,C++17 (GCC 7-32),1743992052
314308160,fojlerabbi2829,A TRUE Battle,WRONG_ANSWER,"C++23 (GCC 14-64, msys2)",1743991540
314307854,Ropraite,A TRUE Battle,WRONG_ANSWER,C++17 (GCC 7-32),1743990989
314307815,Ropraite,A TRUE Battle,WRONG_ANSWER,C++17 (GCC 7-32),1743990923
314307750,fojlerabbi2829,A TRUE Battle,WRONG_ANSWER,"C++23 (GCC 14-64, msys2)",1743990806
314307560,fojlerabbi2829,A TRUE Battle,WRONG_ANSWER,"C++23 (GCC 14-64, msys2)",1743990440
314307272,fojlerabbi2829,A TRUE Battle,WRONG_ANSWER,"C++23 (GCC 14-64, msys2)",1743989916
314306890,lesunhan2022,Orangutan Approved Subarrays,OK,C++20 (GCC 13-64),1743989158
314306703,fojlerabbi2829,Minimise Oneness,OK,"C++23 (GCC 14-64, msys2)",1743988857
314306583,fojlerabbi2829,Minimise Oneness,WRONG_ANSWER,"C++23 (GCC 14-64, msys2)",1743988630
314306323,fojlerabbi2829,A Gift From Orangutan,OK,"C++23 (GCC 14-64, msys2)",1743988183
314296621,zapwiz22,Minimise Oneness,OK,"C++23 (GCC 14-64, msys2)",1743972344
314277902,Naomi_Mu,A Gift From Orangutan,OK,Python 3,1743959979
314273576,Ala_Kaii,A Gift From Orangutan,OK,PyPy 3-64,1743957424
314266532,BitManipulated,QED's Favorite Permutation,OK,C++17 (GCC 7-32),1743953311
314259728,fogsail,MEXimize the Score,OK,"C++23 (GCC 14-64, msys2)",1743950049
314259285,__severus__,A TRUE Battle,WRONG_ANSWER,Python 3,1743949815
314259196,fogsail,MEXimize the Score,OK,"C++23 (GCC 14-64, msys2)",1743949783
314258516,__severus__,A TRUE Battle,WRONG_ANSWER,Python 3,1743949451
314258277,Ropraite,A Gift From Orangutan,OK,C++17 (GCC 7-32),1743949342
314257385,Ropraite,Minimise Oneness,OK,C++17 (GCC 7-32),1743948895
314256808,jaiswalXKrish,QED's Favorite Permutation,OK,"C++23 (GCC 14-64, msys2)",1743948598
314256673,jaiswalXKrish,QED's Favorite Permutation,WRONG_ANSWER,"C++23 (GCC 14-64, msys2)",1743948524
314254593,jaiswalXKrish,QED's Favorite Permutation,WRONG_ANSWER,"C++23 (GCC 14-64, msys2)",1743947544
314254391,fogsail,MEXimize the Score,OK,"C++23 (GCC 14-64, msys2)",1743947461
314253577,fogsail,MEXimize the Score,WRONG_ANSWER,"C++23 (GCC 14-64, msys2)",1743947055
314250359,AayushKumarLive001,A Gift From Orangutan,OK,C++17 (GCC 7-32),1743945509
314249367,__severus__,A TRUE Battle,WRONG_ANSWER,Python 3,1743945050
314247682,tomyyf,Minimise Oneness,OK,C++17 (GCC 7-32),1743944208
314232046,lewc,MEXimize the Score,OK,"C++23 (GCC 14-64, msys2)",1743935703
314225472,Anda130249,A Gift From Orangutan,OK,"C++23 (GCC 14-64, msys2)",1743932330
314225463,SHUBHAM_SINGH_PATEL__,QED's Favorite Permutation,OK,"C++23 (GCC 14-64, msys2)",1743932326
314225413,SHUBHAM_SINGH_PATEL__,QED's Favorite Permutation,OK,"C++23 (GCC 14-64, msys2)",1743932298
314225031,SHUBHAM_SINGH_PATEL__,QED's Favorite Permutation,OK,"C++23 (GCC 14-64, msys2)",1743932086
314223562,SHUBHAM_SINGH_PATEL__,QED's Favorite Permutation,WRONG_ANSWER,"C++23 (GCC 14-64, msys2)",1743931286
314222872,SHUBHAM_SINGH_PATEL__,QED's Favorite Permutation,WRONG_ANSWER,"C++23 (GCC 14-64, msys2)",1743930924
314222247,shalu_chauhan121,A TRUE Battle,OK,C++17 (GCC 7-32),1743930583
314214279,shalu_chauhan121,A TRUE Battle,WRONG_ANSWER,C++17 (GCC 7-32),1743926387
314213023,Health.,Orangutan Approved Subarrays,OK,C++20 (GCC 13-64),1743925715
314212796,Health.,Orangutan Approved Subarrays,WRONG_ANSWER,C++20 (GCC 13-64),1743925593
314201921,Manojkumar2412,A TRUE Battle,OK,C++17 (GCC 7-32),1743919774
314194992,Manojkumar2412,A TRUE Battle,WRONG_ANSWER,C++17 (GCC 7-32),1743915155
314194175,Manojkumar2412,A TRUE Battle,WRONG_ANSWER,C++17 (GCC 7-32),1743914412
314192025,mo3az__90,Minimise Oneness,WRONG_ANSWER,C++20 (GCC 13-64),1743912358
314191833,mo3az__90,Minimise Oneness,WRONG_ANSWER,C++20 (GCC 13-64),1743912148
314191774,IAmANigga,A TRUE Battle,OK,C++17 (GCC 7-32),1743912084
314191629,tomyyf,Minimise Oneness,OK,C++17 (GCC 7-32),1743911904
314190041,Saucyy,Minimise Oneness,OK,Java 21,1743910205
314187900,renxunlin,Minimise Oneness,OK,C++20 (GCC 13-64),1743907678
314185135,TYCL,Minimise Oneness,WRONG_ANSWER,C++17 (GCC 7-32),1743904170
314185089,xiafanqi0918,Minimise Oneness,OK,C++17 (GCC 7-32),1743904095
314185059,tang.san,Minimise Oneness,OK,C++20 (GCC 13-64),1743904053
314185009,TYCL,Minimise Oneness,WRONG_ANSWER,C++17 (GCC 7-32),1743903972
314184966,guyanwu,Minimise Oneness,WRONG_ANSWER,C++17 (GCC 7-32),1743903907
314184949,guziqiao,Minimise Oneness,OK,C++17 (GCC 7-32),1743903872
314184902,tang.san,Minimise Oneness,WRONG_ANSWER,C++20 (GCC 13-64),1743903806
314184887,xiafanhao,Minimise Oneness,OK,C++20 (GCC 13-64),1743903790
314184886,MatthewLu01,Minimise Oneness,OK,C++17 (GCC 7-32),1743903790
314184879,kingjing123,Minimise Oneness,OK,C++17 (GCC 7-32),1743903779
314184794,xiafanhao,Minimise Oneness,WRONG_ANSWER,C++20 (GCC 13-64),1743903633
314184718,chensian,Minimise Oneness,OK,C++20 (GCC 13-64),1743903526
314184709,guojiayin,Minimise Oneness,OK,C++17 (GCC 7-32),1743903507
314184692,manman114,Minimise Oneness,OK,"C++23 (GCC 14-64, msys2)",1743903477
314184680,ljm150620,Minimise Oneness,OK,C++17 (GCC 7-32),1743903452
314184651,husiqi,Minimise Oneness,OK,C++17 (GCC 7-32),1743903394
314184641,Playben,Minimise Oneness,OK,C++17 (GCC 7-32),1743903372
314184634,yangx12,Minimise Oneness,OK,"C++23 (GCC 14-64, msys2)",1743903362
314161536,-Salama,A Gift From Orangutan,OK,C++17 (GCC 7-32),1743879082
314160552,-Salama,Minimise Oneness,OK,C++17 (GCC 7-32),1743878608
314157794,-Salama,Minimise Oneness,WRONG_ANSWER,C++17 (GCC 7-32),1743876758
314125138,atharva486,A TRUE Battle,OK,"C++23 (GCC 14-64, msys2)",1743869250
314121811,atharva486,A TRUE Battle,WRONG_ANSWER,"C++23 (GCC 14-64, msys2)",1743868789
314109849,TunTunMausii,A TRUE Battle,OK,C++20 (GCC 13-64),1743867311
314107164,atharva486,A TRUE Battle,WRONG_ANSWER,"C++23 (GCC 14-64, msys2)",1743866997
314104531,TunTunMausii,Minimise Oneness,OK,C++20 (GCC 13-64),1743866712
314101561,TunTunMausii,A Gift From Orangutan,OK,C++20 (GCC 13-64),1743866405
314068294,__severus__,A TRUE Battle,WRONG_ANSWER,Python 3,1743862970
314067676,__severus__,A TRUE Battle,WRONG_ANSWER,Python 3,1743862623
314066965,__severus__,A TRUE Battle,WRONG_ANSWER,Python 3,1743862227
314066561,AMANKUMAR_CS08,A TRUE Battle,OK,C++20 (GCC 13-64),1743862010
314064731,Yashasva,Minimise Oneness,OK,C++17 (GCC 7-32),1743860999
314063939,Yashasva,A TRUE Battle,OK,C++17 (GCC 7-32),1743860552
314063836,mikolajsz,Orangutan Approved Subarrays,OK,C++17 (GCC 7-32),1743860494
314063680,Yashasva,A TRUE Battle,WRONG_ANSWER,C++17 (GCC 7-32),1743860413
314063589,Yashasva,A TRUE Battle,WRONG_ANSWER,C++17 (GCC 7-32),1743860362
314063467,Yashasva,A TRUE Battle,WRONG_ANSWER,C++17 (GCC 7-32),1743860297
314063248,Yashasva,A TRUE Battle,RUNTIME_ERROR,C++17 (GCC 7-32),1743860177
314062953,Yashasva,A TRUE Battle,WRONG_ANSWER,C++17 (GCC 7-32),1743860086
314062803,Yashasva,A TRUE Battle,WRONG_ANSWER,C++17 (GCC 7-32),1743860008
314062444,Yashasva,A TRUE Battle,RUNTIME_ERROR,C++17 (GCC 7-32),1743859807
314061619,S1rajum_Mun1r,A TRUE Battle,OK,C++20 (GCC 13-64),1743859344
314061487,Yashasva,A TRUE Battle,WRONG_ANSWER,C++17 (GCC 7-32),1743859265
314061374,Yashasva,A TRUE Battle,WRONG_ANSWER,C++17 (GCC 7-32),1743859189
314061047,Yashasva,A TRUE Battle,WRONG_ANSWER,C++17 (GCC 7-32),1743859007
314060052,S1rajum_Mun1r,A TRUE Battle,WRONG_ANSWER,C++20 (GCC 13-64),1743858436
314046769,Alice486,A TRUE Battle,OK,"C++23 (GCC 14-64, msys2)",1743851139
314045272,Alice486,A TRUE Battle,WRONG_ANSWER,"C++23 (GCC 14-64, msys2)",1743850386
314038667,djsksbrbf,MEXimize the Score,OK,C++17 (GCC 7-32),1743847478
314038454,djsksbrbf,MEXimize the Score,RUNTIME_ERROR,C++17 (GCC 7-32),1743847394
314037995,djsksbrbf,MEXimize the Score,RUNTIME_ERROR,C++17 (GCC 7-32),1743847207
314037713,djsksbrbf,MEXimize the Score,RUNTIME_ERROR,C++17 (GCC 7-32),1743847084
314037466,kar_theeke,A TRUE Battle,OK,"C++23 (GCC 14-64, msys2)",1743846989
314036017,kar_theeke,A TRUE Battle,WRONG_ANSWER,"C++23 (GCC 14-64, msys2)",1743846373
314034915,kar_theeke,A TRUE Battle,WRONG_ANSWER,"C++23 (GCC 14-64, msys2)",1743845910
314034538,kar_theeke,A TRUE Battle,WRONG_ANSWER,"C++23 (GCC 14-64, msys2)",1743845743
314031315,kar_theeke,A TRUE Battle,WRONG_ANSWER,"C++23 (GCC 14-64, msys2)",1743844410
314022582,vk3601h,QED's Favorite Permutation,OK,C++17 (GCC 7-32),1743840569
314018705,tsuki_teresa,QED's Favorite Permutation,WRONG_ANSWER,C++17 (GCC 7-32),1743838887
314018390,tsuki_teresa,QED's Favorite Permutation,WRONG_ANSWER,C++17 (GCC 7-32),1743838756
314017916,tsuki_teresa,Minimise Oneness,OK,C++17 (GCC 7-32),1743838545
313996355,foxserg,A Gift From Orangutan,OK,"C++23 (GCC 14-64, msys2)",1743827761
313993193,Eccentric_shot,A TRUE Battle,OK,C++17 (GCC 7-32),1743824983
313993154,Eccentric_shot,A TRUE Battle,WRONG_ANSWER,C++17 (GCC 7-32),1743824933
313992490,Eccentric_shot,A TRUE Battle,WRONG_ANSWER,C++17 (GCC 7-32),1743824227
313988453,Jensen123,QED's Favorite Permutation,OK,C++20 (GCC 13-64),1743819698
313988385,Jensen123,QED's Favorite Permutation,WRONG_ANSWER,C++20 (GCC 13-64),1743819616
313982545,mo3az__90,Minimise Oneness,WRONG_ANSWER,C++20 (GCC 13-64),1743810115
313982525,mo3az__90,Minimise Oneness,WRONG_ANSWER,C++20 (GCC 13-64),1743810063
313982432,mo3az__90,Minimise Oneness,WRONG_ANSWER,C++20 (GCC 13-64),1743809890
313979221,Jensen123,MEXimize the Score,OK,C++20 (GCC 13-64),1743804561
313977647,mix233,The Destruction of the Universe (Hard Version),WRONG_ANSWER,C++17 (GCC 7-32),1743802461
313977619,num7,MEXimize the Score,WRONG_ANSWER,C++17 (GCC 7-32),1743802437
313976957,1000_H100,The Destruction of the Universe (Easy Version),WRONG_ANSWER,C++17 (GCC 7-32),1743801885
313976598,num2,The Destruction of the Universe (Hard Version),WRONG_ANSWER,C++17 (GCC 7-32),1743801583
313976417,WorldShine01,A Gift From Orangutan,WRONG_ANSWER,C++17 (GCC 7-32),1743801430
313976222,num3,A TRUE Battle,WRONG_ANSWER,C++17 (GCC 7-32),1743801281
313976125,mix233,Minimise Oneness,WRONG_ANSWER,C++17 (GCC 7-32),1743801197
313976089,transformer123,QED's Favorite Permutation,WRONG_ANSWER,C++17 (GCC 7-32),1743801166
313975893,never_use_tpu,Orangutan Approved Subarrays,WRONG_ANSWER,C++17 (GCC 7-32),1743800991
313972255,foxserg,Minimise Oneness,OK,"C++23 (GCC 14-64, msys2)",1743798135
313964027,tanmayaawal,A TRUE Battle,WRONG_ANSWER,C++17 (GCC 7-32),1743792975
313963582,aditya.wairkar123,A TRUE Battle,WRONG_ANSWER,C++17 (GCC 7-32),1743792725
313961489,aditya.wairkar123,A TRUE Battle,WRONG_ANSWER,C++17 (GCC 7-32),1743791595
313960574,aditya.wairkar123,Minimise Oneness,OK,C++17 (GCC 7-32),1743791131
313960163,jack69,A Gift From Orangutan,OK,"C++23 (GCC 14-64, msys2)",1743790947
313960124,aditya_robin07,A Gift From Orangutan,OK,"C++23 (GCC 14-64, msys2)",1743790935
313960087,Momin_Rifat,A TRUE Battle,OK,C++20 (GCC 13-64),1743790918
313959798,aditya.wairkar123,A Gift From Orangutan,OK,C++17 (GCC 7-32),1743790804
313958615,Momin_Rifat,A TRUE Battle,WRONG_ANSWER,C++20 (GCC 13-64),1743790249
313950869,a.out,MEXimize the Score,OK,"C++23 (GCC 14-64, msys2)",1743786509
313950591,a.out,MEXimize the Score,WRONG_ANSWER,"C++23 (GCC 14-64, msys2)",1743786371
313948160,ZhouShang0817,Orangutan Approved Subarrays,WRONG_ANSWER,C++20 (GCC 13-64),1743785245
313948065,ZhouShang0817,Orangutan Approved Subarrays,COMPILATION_ERROR,C++20 (GCC 13-64),1743785202
313933076,Veritas1,A Gift From Orangutan,OK,C++20 (GCC 13-64),1743779166
313932795,midox3d,A Gift From Orangutan,OK,C++20 (GCC 13-64),1743779064
313926453,zihaojf,A TRUE Battle,OK,C++20 (GCC 13-64),1743776664
313924868,varun2107,A TRUE Battle,WRONG_ANSWER,"C++23 (GCC 14-64, msys2)",1743775898
313924707,zihaojf,A TRUE Battle,WRONG_ANSWER,C++20 (GCC 13-64),1743775825
313923865,Ravi_kumar02,Minimise Oneness,OK,C++17 (GCC 7-32),1743775414
313923374,zihaojf,Minimise Oneness,OK,C++20 (GCC 13-64),1743775183
313922955,Ravi_kumar02,Minimise Oneness,WRONG_ANSWER,C++17 (GCC 7-32),1743774995
313922477,zihaojf,A Gift From Orangutan,OK,C++20 (GCC 13-64),1743774776
313917489,Anmol.rai,A TRUE Battle,OK,C++17 (GCC 7-32),1743772577
313917346,Anmol.rai,A TRUE Battle,WRONG_ANSWER,C++17 (GCC 7-32),1743772520
313917102,Anmol.rai,A TRUE Battle,WRONG_ANSWER,C++17 (GCC 7-32),1743772405
313916487,mr84amini,A TRUE Battle,OK,"C++23 (GCC 14-64, msys2)",1743772117
313915547,Anmol.rai,A TRUE Battle,WRONG_ANSWER,C++17 (GCC 7-32),1743771674
313915488,Anmol.rai,A TRUE Battle,WRONG_ANSWER,C++17 (GCC 7-32),1743771652
313913695,mr84amini,A TRUE Battle,WRONG_ANSWER,"C++23 (GCC 14-64, msys2)",1743770774
313913123,Anmol.rai,Minimise Oneness,OK,C++17 (GCC 7-32),1743770439
313912932,Anmol.rai,Minimise Oneness,WRONG_ANSWER,C++17 (GCC 7-32),1743770350
313912542,Anmol.rai,A Gift From Orangutan,OK,C++17 (GCC 7-32),1743770136
313912461,Anmol.rai,A Gift From Orangutan,WRONG_ANSWER,C++17 (GCC 7-32),1743770098
313895048,Lihg,MEXimize the Score,OK,C++20 (GCC 13-64),1743760017
313895013,djwhhh,A TRUE Battle,OK,"C++23 (GCC 14-64, msys2)",1743759996
313894153,djwhhh,A TRUE Battle,WRONG_ANSWER,"C++23 (GCC 14-64, msys2)",1743759463
313890516,djwhhh,A TRUE Battle,WRONG_ANSWER,"C++23 (GCC 14-64, msys2)",1743757224
313888880,djwhhh,Minimise Oneness,OK,"C++23 (GCC 14-64, msys2)",1743756213
313887714,djwhhh,A Gift From Orangutan,OK,"C++23 (GCC 14-64, msys2)",1743755565
313886649,HuckleBerryFlim,Minimise Oneness,OK,C++17 (GCC 7-32),1743754881
313886457,HuckleBerryFlim,Minimise Oneness,WRONG_ANSWER,C++17 (GCC 7-32),1743754762
313885003,Lihg,QED's Favorite Permutation,OK,C++20 (GCC 13-64),1743753902
313884531,HuckleBerryFlim,A Gift From Orangutan,OK,C++17 (GCC 7-32),1743753619
313856899,qwe12341,A TRUE Battle,OK,"C++23 (GCC 14-64, msys2)",1743728800
313856698,qwe12341,A TRUE Battle,WRONG_ANSWER,"C++23 (GCC 14-64, msys2)",1743728457
313851492,abdomagdi967,Minimise Oneness,WRONG_ANSWER,"C++23 (GCC 14-64, msys2)",1743718647
313840500,YogeshZT,QED's Favorite Permutation,OK,"C++23 (GCC 14-64, msys2)",1743708136
313840163,YogeshZT,QED's Favorite Permutation,WRONG_ANSWER,"C++23 (GCC 14-64, msys2)",1743707916
313839722,YogeshZT,QED's Favorite Permutation,WRONG_ANSWER,"C++23 (GCC 14-64, msys2)",1743707613
313834593,surajsamal00,A TRUE Battle,OK,C++17 (GCC 7-32),1743704460
313830744,mikolajsz,Orangutan Approved Subarrays,WRONG_ANSWER,C++17 (GCC 7-32),1743702346
313828639,mikolajsz,Orangutan Approved Subarrays,WRONG_ANSWER,C++17 (GCC 7-32),1743701238
313828209,mikolajsz,Orangutan Approved Subarrays,WRONG_ANSWER,C++17 (GCC 7-32),1743701008
313736280,shashwatanand021,A TRUE Battle,OK,C++20 (GCC 13-64),1743686596
313735513,shashwatanand021,A TRUE Battle,WRONG_ANSWER,C++20 (GCC 13-64),1743686237
313731060,ShekongAA,A TRUE Battle,OK,C++20 (GCC 13-64),1743683945
313729805,ShekongAA,A TRUE Battle,WRONG_ANSWER,C++20 (GCC 13-64),1743683237
313727429,ShekongAA,Minimise Oneness,OK,C++20 (GCC 13-64),1743681872
313727282,ShekongAA,Minimise Oneness,WRONG_ANSWER,C++20 (GCC 13-64),1743681796
313726308,chenjinyucy082168,Minimise Oneness,COMPILATION_ERROR,GNU C11,1743681212
313725932,xuzirui,Minimise Oneness,OK,"C++23 (GCC 14-64, msys2)",1743681007
313724113,alzimdoang,A Gift From Orangutan,OK,Python 3,1743679829
313724075,alzimdoang,A Gift From Orangutan,WRONG_ANSWER,Python 3,1743679799
313723202,Anilaaa,A Gift From Orangutan,OK,"C++23 (GCC 14-64, msys2)",1743679286
313720820,13770533014,Minimise Oneness,WRONG_ANSWER,C++20 (GCC 13-64),1743677895
313720713,13770533014,Minimise Oneness,WRONG_ANSWER,C++20 (GCC 13-64),1743677828
313720701,chenjinyucy082168,Minimise Oneness,COMPILATION_ERROR,GNU C11,1743677821
313720660,13770533014,A Gift From Orangutan,WRONG_ANSWER,C++20 (GCC 13-64),1743677798
313720648,sunny1024,Minimise Oneness,OK,C++17 (GCC 7-32),1743677793
313720630,chenjinyucy082168,Minimise Oneness,COMPILATION_ERROR,GNU C11,1743677788
313720615,cuiziwen123e,Minimise Oneness,OK,"C++23 (GCC 14-64, msys2)",1743677779
313717534,akshat5015,A TRUE Battle,OK,C++17 (GCC 7-32),1743675876
313716052,akshat5015,A TRUE Battle,WRONG_ANSWER,C++17 (GCC 7-32),1743674940
313704558,meow_tofu,Minimise Oneness,OK,C++17 (GCC 7-32),1743667981
313704481,meow_tofu,Minimise Oneness,WRONG_ANSWER,C++17 (GCC 7-32),1743667936
313696301,tonmoy77,A Gift From Orangutan,OK,C++20 (GCC 13-64),1743662667
313694426,tonmoy77,A Gift From Orangutan,WRONG_ANSWER,C++20 (GCC 13-64),1743661448
313686592,frezze,Minimise Oneness,OK,C++20 (GCC 13-64),1743655901
313680068,frezze,Minimise Oneness,WRONG_ANSWER,C++20 (GCC 13-64),1743649931
313677565,frezze,A Gift From Orangutan,OK,C++20 (GCC 13-64),1743646817
313676660,rfpermen,MEXimize the Score,OK,C++20 (GCC 13-64),1743645697
313670866,rahulstudy1000,QED's Favorite Permutation,OK,"C++23 (GCC 14-64, msys2)",1743635808
313670713,rahulstudy1000,QED's Favorite Permutation,OK,"C++23 (GCC 14-64, msys2)",1743635548
313664357,loowtide,A Gift From Orangutan,OK,C++17 (GCC 7-32),1743626812
313663250,trs3,A TRUE Battle,OK,"C++23 (GCC 14-64, msys2)",1743625782
313663081,trs3,A TRUE Battle,WRONG_ANSWER,"C++23 (GCC 14-64, msys2)",1743625612
313662236,trs3,A TRUE Battle,WRONG_ANSWER,"C++23 (GCC 14-64, msys2)",1743624826
313661964,trs3,A TRUE Battle,WRONG_ANSWER,"C++23 (GCC 14-64, msys2)",1743624544
313648481,saurabh227,A TRUE Battle,OK,C++17 (GCC 7-32),1743616516
313647436,saurabh227,A TRUE Battle,WRONG_ANSWER,C++17 (GCC 7-32),1743615996
313643756,mvsprabash,Minimise Oneness,OK,"C++23 (GCC 14-64, msys2)",1743614201
313643103,eeeVeee,QED's Favorite Permutation,OK,"C++23 (GCC 14-64, msys2)",1743613895
313642367,saurabh227,A TRUE Battle,WRONG_ANSWER,C++17 (GCC 7-32),1743613503
313641896,me230003016,A TRUE Battle,WRONG_ANSWER,C++20 (GCC 13-64),1743613244
313628685,mohitvdx,A Gift From Orangutan,OK,C++20 (GCC 13-64),1743605283
313620265,Muni_923,Minimise Oneness,WRONG_ANSWER,C++20 (GCC 13-64),1743601457
313617576,animeshr098,A TRUE Battle,OK,C++20 (GCC 13-64),1743600269
313616659,animeshr098,A TRUE Battle,WRONG_ANSWER,C++20 (GCC 13-64),1743599847
313614403,racsosabe,Minimise Oneness,OK,C++17 (GCC 7-32),1743598854
313614327,racsosabe,Minimise Oneness,WRONG_ANSWER,C++17 (GCC 7-32),1743598821
313614131,racsosabe,Minimise Oneness,WRONG_ANSWER,C++17 (GCC 7-32),1743598740
313608733,GTNewHorizons,QED's Favorite Permutation,OK,C++17 (GCC 7-32),1743596425
313603390,GauravPawarR,Minimise Oneness,OK,C++20 (GCC 13-64),1743593866
313603147,GauravPawarR,Minimise Oneness,WRONG_ANSWER,C++20 (GCC 13-64),1743593739
313602792,GauravPawarR,Minimise Oneness,WRONG_ANSWER,C++20 (GCC 13-64),1743593564
313596865,__Chandan_kr.,A TRUE Battle,OK,"C++23 (GCC 14-64, msys2)",1743590151
313596263,__Chandan_kr.,A TRUE Battle,WRONG_ANSWER,"C++23 (GCC 14-64, msys2)",1743589678
313595839,Henrique_Borges_Manzke,A Gift From Orangutan,OK,C++17 (GCC 7-32),1743589304
313592316,abhaykumarverma,A Gift From Orangutan,OK,"C++23 (GCC 14-64, msys2)",1743587335
313589398,Akshat_Ajmera,The Destruction of the Universe (Easy Version),COMPILATION_ERROR,C++17 (GCC 7-32),1743585751
313587467,ancientlaw,A TRUE Battle,WRONG_ANSWER,C++20 (GCC 13-64),1743584683
313587219,ancientlaw,A TRUE Battle,WRONG_ANSWER,C++20 (GCC 13-64),1743584556
313586787,ancientlaw,A TRUE Battle,WRONG_ANSWER,C++20 (GCC 13-64),1743584347
313586690,ancientlaw,A TRUE Battle,WRONG_ANSWER,C++20 (GCC 13-64),1743584293
313586625,ancientlaw,A TRUE Battle,COMPILATION_ERROR,C++20 (GCC 13-64),1743584262
313584095,jatin2006,Minimise Oneness,OK,C++20 (GCC 13-64),1743582881
313583773,jatin2006,Minimise Oneness,WRONG_ANSWER,C++20 (GCC 13-64),1743582675
313580526,RishabhG10,A TRUE Battle,OK,C++20 (GCC 13-64),1743580740
313580330,cubed,A Gift From Orangutan,OK,"C++23 (GCC 14-64, msys2)",1743580613
313576189,Tishow__Liuche,QED's Favorite Permutation,OK,"C++23 (GCC 14-64, msys2)",1743578051
313575383,cubed,Minimise Oneness,OK,"C++23 (GCC 14-64, msys2)",1743577593
313524767,overclocked_t,QED's Favorite Permutation,OK,C++17 (GCC 7-32),1743532608
313522882,overclocked_t,QED's Favorite Permutation,TIME_LIMIT_EXCEEDED,C++17 (GCC 7-32),1743531742
313522638,overclocked_t,QED's Favorite Permutation,TIME_LIMIT_EXCEEDED,C++17 (GCC 7-32),1743531640
313521006,souravpalit,A Gift From Orangutan,OK,C++17 (GCC 7-32),1743530953
313520955,adharsh_patel,Minimise Oneness,OK,C++20 (GCC 13-64),1743530938
313518055,vishalrathod16,A TRUE Battle,OK,C++20 (GCC 13-64),1743529812
313517746,vishalrathod16,A TRUE Battle,WRONG_ANSWER,C++20 (GCC 13-64),1743529695
313426614,bloom-in-yours,QED's Favorite Permutation,WRONG_ANSWER,C++20 (GCC 13-64),1743520662
313408310,patelaviral,A TRUE Battle,OK,Java 21,1743519457
313371217,gsj_z,Minimise Oneness,OK,C++17 (GCC 7-32),1743513823
313368138,hiJason1001,QED's Favorite Permutation,OK,"C++23 (GCC 14-64, msys2)",1743512630
313367076,hiJason1001,QED's Favorite Permutation,WRONG_ANSWER,"C++23 (GCC 14-64, msys2)",1743512234
313365830,pracpro2,A TRUE Battle,OK,PyPy 3-64,1743511724
313363077,pracpro2,A TRUE Battle,WRONG_ANSWER,PyPy 3-64,1743510590
313362639,pracpro2,A TRUE Battle,WRONG_ANSWER,PyPy 3-64,1743510405
313362277,pracpro2,A TRUE Battle,WRONG_ANSWER,PyPy 3-64,1743510264
313357302,SDTBU_WHY,A Gift From Orangutan,OK,C++17 (GCC 7-32),1743508040
313356806,SDTBU_WHY,A Gift From Orangutan,OK,C++17 (GCC 7-32),1743507823
313355711,stsm,A Gift From Orangutan,OK,C++17 (GCC 7-32),1743507280
313355441,Ichelovek,A TRUE Battle,OK,"C++23 (GCC 14-64, msys2)",1743507130
313355003,tripurari5678,QED's Favorite Permutation,OK,"C++23 (GCC 14-64, msys2)",1743506930
313354999,Abu-Saeed,A TRUE Battle,OK,C++17 (GCC 7-32),1743506928
313349623,ArmoredTitan11651,Minimise Oneness,OK,C++20 (GCC 13-64),1743504150
313345622,Dmitry345s,MEXimize the Score,WRONG_ANSWER,C++20 (GCC 13-64),1743501761
313343896,Jonty_gupta_1204,A Gift From Orangutan,OK,C++17 (GCC 7-32),1743500836
313340503,FahimAdib,QED's Favorite Permutation,OK,"C++23 (GCC 14-64, msys2)",1743499105
313339439,FahimAdib,QED's Favorite Permutation,TIME_LIMIT_EXCEEDED,"C++23 (GCC 14-64, msys2)",1743498537
313336237,oZxpnguin,A Gift From Orangutan,OK,"C++23 (GCC 14-64, msys2)",1743496875
313336201,patelaviral,A TRUE Battle,WRONG_ANSWER,Java 21,1743496860
313335627,patelaviral,A TRUE Battle,WRONG_ANSWER,Java 21,1743496552
313335323,oZxpnguin,Minimise Oneness,OK,"C++23 (GCC 14-64, msys2)",1743496372
313335069,oZxpnguin,Minimise Oneness,WRONG_ANSWER,"C++23 (GCC 14-64, msys2)",1743496224
313334032,patelaviral,A TRUE Battle,WRONG_ANSWER,Java 21,1743495576
313332074,jiangn,Orangutan Approved Subarrays,OK,C++20 (GCC 13-64),1743494463
313330771,jiangn,Orangutan Approved Subarrays,WRONG_ANSWER,C++20 (GCC 13-64),1743493714
313330421,jiangn,Orangutan Approved Subarrays,WRONG_ANSWER,C++20 (GCC 13-64),1743493514
313329875,jiangn,Orangutan Approved Subarrays,WRONG_ANSWER,C++20 (GCC 13-64),1743493173
313329228,jiangn,Orangutan Approved Subarrays,WRONG_ANSWER,C++20 (GCC 13-64),1743492769
313326165,patelaviral,A TRUE Battle,WRONG_ANSWER,Java 21,1743490998
313325373,patelaviral,A TRUE Battle,WRONG_ANSWER,Java 21,1743490550
313325093,patelaviral,A TRUE Battle,WRONG_ANSWER,Java 21,1743490395
313321223,patelaviral,A TRUE Battle,WRONG_ANSWER,Java 21,1743488076
313319265,PVSK,A TRUE Battle,OK,"C++23 (GCC 14-64, msys2)",1743486850
313318413,PVSK,A TRUE Battle,WRONG_ANSWER,"C++23 (GCC 14-64, msys2)",1743486262
313317132,Tohsaka_Sakura,A TRUE Battle,WRONG_ANSWER,"C++23 (GCC 14-64, msys2)",1743485413
313313643,ojas001,A TRUE Battle,OK,GNU C11,1743482771
313313311,ojas001,A TRUE Battle,WRONG_ANSWER,GNU C11,1743482459
313313147,ojas001,A TRUE Battle,WRONG_ANSWER,GNU C11,1743482297
313312290,ojas001,A TRUE Battle,WRONG_ANSWER,GNU C11,1743481429
313311962,ojas001,A TRUE Battle,WRONG_ANSWER,GNU C11,1743481138
313311614,ojas001,A TRUE Battle,WRONG_ANSWER,GNU C11,1743480810
313311522,ojas001,A TRUE Battle,WRONG_ANSWER,GNU C11,1743480733
313311265,ojas001,A TRUE Battle,WRONG_ANSWER,GNU C11,1743480480
313303243,rnaini,A TRUE Battle,OK,C++17 (GCC 7-32),1743471442
313286120,arpit45_8,A TRUE Battle,OK,"C++23 (GCC 14-64, msys2)",1743447083
313283237,asem4402,A TRUE Battle,OK,"C++23 (GCC 14-64, msys2)",1743445252
313283150,asem4402,A TRUE Battle,WRONG_ANSWER,"C++23 (GCC 14-64, msys2)",1743445200
313282908,arpit45_8,A TRUE Battle,WRONG_ANSWER,"C++23 (GCC 14-64, msys2)",1743445053
313282889,No_more_Alive,QED's Favorite Permutation,WRONG_ANSWER,"C++23 (GCC 14-64, msys2)",1743445043
313282820,asem4402,A TRUE Battle,WRONG_ANSWER,"C++23 (GCC 14-64, msys2)",1743444995
313282608,arpit45_8,A TRUE Battle,WRONG_ANSWER,"C++23 (GCC 14-64, msys2)",1743444859
313282074,asem4402,A TRUE Battle,WRONG_ANSWER,"C++23 (GCC 14-64, msys2)",1743444561
313281750,asem4402,A TRUE Battle,WRONG_ANSWER,"C++23 (GCC 14-64, msys2)",1743444371
313281043,arpit45_8,A TRUE Battle,WRONG_ANSWER,"C++23 (GCC 14-64, msys2)",1743443967
313277812,No_more_Alive,QED's Favorite Permutation,WRONG_ANSWER,"C++23 (GCC 14-64, msys2)",1743442134
313276009,df08.22_,QED's Favorite Permutation,OK,Python 3,1743440993
313265012,No_more_Alive,QED's Favorite Permutation,RUNTIME_ERROR,"C++23 (GCC 14-64, msys2)",1743435015
313264510,No_more_Alive,QED's Favorite Permutation,WRONG_ANSWER,"C++23 (GCC 14-64, msys2)",1743434757
313264321,No_more_Alive,QED's Favorite Permutation,WRONG_ANSWER,"C++23 (GCC 14-64, msys2)",1743434663
313263786,No_more_Alive,QED's Favorite Permutation,WRONG_ANSWER,"C++23 (GCC 14-64, msys2)",1743434379
313263463,No_more_Alive,QED's Favorite Permutation,WRONG_ANSWER,"C++23 (GCC 14-64, msys2)",1743434227
313249755,Warrior_G,QED's Favorite Permutation,OK,"C++23 (GCC 14-64, msys2)",1743428144
313247807,Janer,QED's Favorite Permutation,OK,"C++23 (GCC 14-64, msys2)",1743427176
313246210,Janer,QED's Favorite Permutation,WRONG_ANSWER,"C++23 (GCC 14-64, msys2)",1743426343
313245547,SDTBU_WHY,A Gift From Orangutan,WRONG_ANSWER,C++17 (GCC 7-32),1743426014
313245082,Janer,QED's Favorite Permutation,WRONG_ANSWER,"C++23 (GCC 14-64, msys2)",1743425773
313244011,Janer,QED's Favorite Permutation,WRONG_ANSWER,"C++23 (GCC 14-64, msys2)",1743425179
313240849,pracpro2,A TRUE Battle,WRONG_ANSWER,PyPy 3-64,1743423561
313239547,Ravi___09,A TRUE Battle,WRONG_ANSWER,C++17 (GCC 7-32),1743422908
313238695,Ravi___09,Minimise Oneness,OK,C++17 (GCC 7-32),1743422457
313237864,Ravi___09,A Gift From Orangutan,OK,C++17 (GCC 7-32),1743422029
313231595,potatoArmy,A TRUE Battle,WRONG_ANSWER,PyPy 3-64,1743418743
313231291,potatoArmy,Minimise Oneness,OK,PyPy 3-64,1743418578
313225251,tanvibansall,A TRUE Battle,OK,C++17 (GCC 7-32),1743415086
313224768,tanvibansall,A TRUE Battle,WRONG_ANSWER,C++17 (GCC 7-32),1743414801
313224216,tanvibansall,A TRUE Battle,WRONG_ANSWER,C++17 (GCC 7-32),1743414478
313223313,OUYU_NOW,QED's Favorite Permutation,OK,C++17 (GCC 7-32),1743413958
313219591,linu_x,A TRUE Battle,OK,C++17 (GCC 7-32),1743411725
313217966,wwwwc,QED's Favorite Permutation,OK,C++20 (GCC 13-64),1743410746
313217751,wwwwc,QED's Favorite Permutation,OK,C++20 (GCC 13-64),1743410618
313217347,pulkit1078,Minimise Oneness,OK,C++17 (GCC 7-32),1743410354
313205254,rudraveersingh7275467181,A TRUE Battle,WRONG_ANSWER,C++17 (GCC 7-32),1743402450
313203140,rudraveersingh7275467181,A TRUE Battle,WRONG_ANSWER,C++17 (GCC 7-32),1743401002
313201824,niket9126,A Gift From Orangutan,OK,C++20 (GCC 13-64),1743399936
313200533,rudraveersingh7275467181,A TRUE Battle,WRONG_ANSWER,C++17 (GCC 7-32),1743398906
313199651,rudraveersingh7275467181,A TRUE Battle,WRONG_ANSWER,C++17 (GCC 7-32),1743398176
313198627,rudraveersingh7275467181,A TRUE Battle,WRONG_ANSWER,C++17 (GCC 7-32),1743397271
313198080,rudraveersingh7275467181,Minimise Oneness,OK,C++17 (GCC 7-32),1743396777
313197686,rudraveersingh7275467181,A Gift From Orangutan,OK,C++17 (GCC 7-32),1743396408
313196818,aadityaRaAz,A TRUE Battle,OK,C++17 (GCC 7-32),1743395522
313196682,rnaini,A TRUE Battle,WRONG_ANSWER,C++17 (GCC 7-32),1743395360
313195375,rnaini,A TRUE Battle,WRONG_ANSWER,C++17 (GCC 7-32),1743393803
313195344,rnaini,A TRUE Battle,WRONG_ANSWER,C++17 (GCC 7-32),1743393760
313195020,rnaini,A TRUE Battle,WRONG_ANSWER,C++17 (GCC 7-32),1743393399
313194225,rnaini,A TRUE Battle,WRONG_ANSWER,C++17 (GCC 7-32),1743392496
313193779,rnaini,A TRUE Battle,WRONG_ANSWER,C++17 (GCC 7-32),1743391928
313192962,deep_chovatiya,A Gift From Orangutan,OK,C++17 (GCC 7-32),1743390920
313192706,Ayush_1407,A TRUE Battle,OK,C++17 (GCC 7-32),1743390587
313191476,rnaini,A TRUE Battle,WRONG_ANSWER,C++17 (GCC 7-32),1743388975
313191093,rnaini,A TRUE Battle,WRONG_ANSWER,C++17 (GCC 7-32),1743388471
313191073,rnaini,A TRUE Battle,WRONG_ANSWER,C++17 (GCC 7-32),1743388440
313190942,rnaini,A TRUE Battle,WRONG_ANSWER,C++17 (GCC 7-32),1743388292
313190344,justidle,QED's Favorite Permutation,OK,C++17 (GCC 7-32),1743387379
313184947,prajwal.pp7,A Gift From Orangutan,OK,C++17 (GCC 7-32),1743376642
313180362,Mohammad20041976,QED's Favorite Permutation,OK,C++17 (GCC 7-32),1743369125
313175726,CompScientist,A TRUE Battle,OK,"C++23 (GCC 14-64, msys2)",1743364602
313175209,CompScientist,A TRUE Battle,WRONG_ANSWER,"C++23 (GCC 14-64, msys2)",1743364123
313170466,divyanshi.avi,Minimise Oneness,OK,C++17 (GCC 7-32),1743360535
313169837,notagain66,A TRUE Battle,OK,C++17 (GCC 7-32),1743360088
313168614,_Divine_,Minimise Oneness,OK,"C++23 (GCC 14-64, msys2)",1743359240
313167913,notagain66,A TRUE Battle,WRONG_ANSWER,C++17 (GCC 7-32),1743358795
313167717,stevestarc16,A TRUE Battle,WRONG_ANSWER,C++17 (GCC 7-32),1743358681
313167659,notagain66,A TRUE Battle,WRONG_ANSWER,C++17 (GCC 7-32),1743358642
313165796,saurabh_codes,A TRUE Battle,OK,"C++23 (GCC 14-64, msys2)",1743357408
313165656,paponbiswas,A TRUE Battle,OK,"C++23 (GCC 14-64, msys2)",1743357303
313164178,pranabmishra2602,QED's Favorite Permutation,OK,C++17 (GCC 7-32),1743356337
313164102,0or1,A TRUE Battle,OK,C++17 (GCC 7-32),1743356298
313161838,Js1,QED's Favorite Permutation,OK,C++17 (GCC 7-32),1743354923
313161413,Priyamcodez,A Gift From Orangutan,OK,C++17 (GCC 7-32),1743354685
313160454,adt_cf,A TRUE Battle,OK,"C++23 (GCC 14-64, msys2)",1743354139
313150732,lakshkyada22,A Gift From Orangutan,OK,"C++23 (GCC 14-64, msys2)",1743350182
313142806,_Artist__,QED's Favorite Permutation,OK,"C++23 (GCC 14-64, msys2)",1743346212
313142500,_Artist__,QED's Favorite Permutation,WRONG_ANSWER,"C++23 (GCC 14-64, msys2)",1743346035
313141494,notagain66,A TRUE Battle,WRONG_ANSWER,C++17 (GCC 7-32),1743345493
313140820,_Artist__,QED's Favorite Permutation,WRONG_ANSWER,"C++23 (GCC 14-64, msys2)",1743345091
313140598,_Artist__,QED's Favorite Permutation,WRONG_ANSWER,"C++23 (GCC 14-64, msys2)",1743344973
313137622,potatoArmy,A Gift From Orangutan,OK,PyPy 3-64,1743343292
313133033,OmkarGaddi,Minimise Oneness,WRONG_ANSWER,"C++23 (GCC 14-64, msys2)",1743340865
313132090,divyanshi.avi,Minimise Oneness,WRONG_ANSWER,C++17 (GCC 7-32),1743340352
313132045,adt_cf,A TRUE Battle,WRONG_ANSWER,"C++23 (GCC 14-64, msys2)",1743340333
313131224,adt_cf,A TRUE Battle,WRONG_ANSWER,"C++23 (GCC 14-64, msys2)",1743339865
313129947,adt_cf,A TRUE Battle,WRONG_ANSWER,"C++23 (GCC 14-64, msys2)",1743339232
313126424,_Artist__,QED's Favorite Permutation,WRONG_ANSWER,"C++23 (GCC 14-64, msys2)",1743337250
313126241,pranabmishra2602,A TRUE Battle,OK,C++17 (GCC 7-32),1743337145
313126120,_Artist__,QED's Favorite Permutation,WRONG_ANSWER,"C++23 (GCC 14-64, msys2)",1743337075
313125219,_Artist__,QED's Favorite Permutation,WRONG_ANSWER,"C++23 (GCC 14-64, msys2)",1743336581
313125196,pranabmishra2602,A TRUE Battle,WRONG_ANSWER,C++17 (GCC 7-32),1743336567
313124860,_Artist__,QED's Favorite Permutation,WRONG_ANSWER,"C++23 (GCC 14-64, msys2)",1743336372
313122634,juuzousuzuya,A TRUE Battle,OK,"C++23 (GCC 14-64, msys2)",1743335268
313121462,juuzousuzuya,A TRUE Battle,WRONG_ANSWER,"C++23 (GCC 14-64, msys2)",1743334709
313117315,juuzousuzuya,A TRUE Battle,WRONG_ANSWER,"C++23 (GCC 14-64, msys2)",1743332780
313114569,juuzousuzuya,A TRUE Battle,WRONG_ANSWER,"C++23 (GCC 14-64, msys2)",1743331712
313114433,hustlerfromchamps_007,A TRUE Battle,OK,C++20 (GCC 13-64),1743331651
313114364,juuzousuzuya,A TRUE Battle,WRONG_ANSWER,"C++23 (GCC 14-64, msys2)",1743331630
313113259,juuzousuzuya,Minimise Oneness,OK,"C++23 (GCC 14-64, msys2)",1743331150
313110885,juuzousuzuya,A Gift From Orangutan,OK,"C++23 (GCC 14-64, msys2)",1743330387
313110623,hustlerfromchamps_007,A TRUE Battle,WRONG_ANSWER,C++20 (GCC 13-64),1743330276
313108465,AndrewPav,Minimise Oneness,OK,"C++23 (GCC 14-64, msys2)",1743329342
313105413,Nagorn,A Gift From Orangutan,OK,C++20 (GCC 13-64),1743328100
313100220,anishdesai,A Gift From Orangutan,OK,C++20 (GCC 13-64),1743325669
313094129,k0nrad6,A TRUE Battle,OK,C++17 (GCC 7-32),1743322569
313091072,kaslana-k423,A Gift From Orangutan,OK,C++17 (GCC 7-32),1743320868
313082214,abhay0089,A TRUE Battle,OK,C++17 (GCC 7-32),1743315958
313082096,0xZero,MEXimize the Score,OK,C++17 (GCC 7-32),1743315893
313081999,0xZero,MEXimize the Score,TIME_LIMIT_EXCEEDED,C++17 (GCC 7-32),1743315843
313072673,XCS7,Minimise Oneness,OK,C++20 (GCC 13-64),1743309309
313072518,XCS7,Minimise Oneness,OK,C++20 (GCC 13-64),1743309164
313072440,XCS7,Minimise Oneness,WRONG_ANSWER,C++20 (GCC 13-64),1743309070
313068086,shironox,MEXimize the Score,OK,"C++23 (GCC 14-64, msys2)",1743304432
313067628,shironox,MEXimize the Score,WRONG_ANSWER,"C++23 (GCC 14-64, msys2)",1743303887
313067432,shironox,MEXimize the Score,TIME_LIMIT_EXCEEDED,"C++23 (GCC 14-64, msys2)",1743303664
313062005,MdAbedin,A TRUE Battle,OK,PyPy 3-64,1743296838
313061337,MdAbedin,A TRUE Battle,WRONG_ANSWER,PyPy 3-64,1743295799
313049809,ArmoredTitan11651,A TRUE Battle,OK,C++20 (GCC 13-64),1743280227
313049000,ArmoredTitan11651,A TRUE Battle,WRONG_ANSWER,C++20 (GCC 13-64),1743279523
313048657,ArmoredTitan11651,A TRUE Battle,WRONG_ANSWER,C++20 (GCC 13-64),1743279244
313033868,VaishnavAmbilpur,Minimise Oneness,OK,"C++23 (GCC 14-64, msys2)",1743270092
313030786,Xie_Z_H,A Gift From Orangutan,OK,C++17 (GCC 7-32),1743269079
313009052,farhanasaki0,A Gift From Orangutan,WRONG_ANSWER,GNU C11,1743263950
313008275,farhanasaki0,A Gift From Orangutan,WRONG_ANSWER,GNU C11,1743263861
312948590,Imposter_21,Minimise Oneness,OK,GNU C11,1743258777
312948476,Imposter_21,Minimise Oneness,WRONG_ANSWER,GNU C11,1743258696
312948384,mohamedxx0,A Gift From Orangutan,OK,"C++23 (GCC 14-64, msys2)",1743258640
312948111,mohamedxx0,A Gift From Orangutan,WRONG_ANSWER,"C++23 (GCC 14-64, msys2)",1743258492
312947896,mohamedxx0,Minimise Oneness,OK,"C++23 (GCC 14-64, msys2)",1743258372
312947822,mohamedxx0,Minimise Oneness,WRONG_ANSWER,"C++23 (GCC 14-64, msys2)",1743258324
312946185,theweakestsilver,A Gift From Orangutan,COMPILATION_ERROR,C++17 (GCC 7-32),1743257297
312945009,jeelmalaviya03,A Gift From Orangutan,OK,"C++23 (GCC 14-64, msys2)",1743256561
312944710,jeelmalaviya03,A Gift From Orangutan,WRONG_ANSWER,"C++23 (GCC 14-64, msys2)",1743256377
312944107,jeelmalaviya03,Minimise Oneness,OK,"C++23 (GCC 14-64, msys2)",1743256036
312944004,jeelmalaviya03,Minimise Oneness,WRONG_ANSWER,"C++23 (GCC 14-64, msys2)",1743255973
312933784,kakoujt,MEXimize the Score,OK,"C++23 (GCC 14-64, msys2)",1743250527
312927507,khba,QED's Favorite Permutation,WRONG_ANSWER,"C++23 (GCC 14-64, msys2)",1743247374
312920757,ANSHp-G,A TRUE Battle,WRONG_ANSWER,C++17 (GCC 7-32),1743243815
312917635,boomfire,QED's Favorite Permutation,OK,"C++23 (GCC 14-64, msys2)",1743242259
312917456,sardor_sayfullayev,A Gift From Orangutan,OK,Python 3,1743242168
312917305,rustyBot,A TRUE Battle,OK,Java 21,1743242098
312914978,Mazen_Ghourab,A TRUE Battle,WRONG_ANSWER,"C++23 (GCC 14-64, msys2)",1743240928
312914892,Mazen_Ghourab,A TRUE Battle,WRONG_ANSWER,"C++23 (GCC 14-64, msys2)",1743240889
312906391,kakoujt,MEXimize the Score,OK,"C++23 (GCC 14-64, msys2)",1743236975
312905342,kakoujt,MEXimize the Score,WRONG_ANSWER,"C++23 (GCC 14-64, msys2)",1743236535
312904833,Zhigrrr,A Gift From Orangutan,OK,C++20 (GCC 13-64),1743236288
312898806,ag1a05d2,A Gift From Orangutan,OK,Java 21,1743233577
312898624,ag1a05d2,A Gift From Orangutan,OK,Java 21,1743233493
312889905,haribhai2.0,A TRUE Battle,WRONG_ANSWER,C++17 (GCC 7-32),1743229798
312882847,yassinearfaoui131,QED's Favorite Permutation,OK,PyPy 3-64,1743225978
312880796,Nuraman.Coder,A TRUE Battle,OK,C++20 (GCC 13-64),1743224593
312880548,asdfssr,A TRUE Battle,OK,"C++23 (GCC 14-64, msys2)",1743224396
312880096,yassinearfaoui131,QED's Favorite Permutation,WRONG_ANSWER,PyPy 3-64,1743224048
312879084,Nuraman.Coder,Minimise Oneness,OK,C++20 (GCC 13-64),1743223241
312878197,Nuraman.Coder,A Gift From Orangutan,OK,C++20 (GCC 13-64),1743222430
312878095,asdfssr,A TRUE Battle,WRONG_ANSWER,"C++23 (GCC 14-64, msys2)",1743222345
312876456,asdfssr,A TRUE Battle,WRONG_ANSWER,"C++23 (GCC 14-64, msys2)",1743220924
312874699,yassinearfaoui131,A TRUE Battle,OK,PyPy 3-64,1743219195
312873048,yassinearfaoui131,A TRUE Battle,WRONG_ANSWER,PyPy 3-64,1743217367
312872786,yassinearfaoui131,Minimise Oneness,OK,PyPy 3-64,1743217047
312872604,yassinearfaoui131,Minimise Oneness,WRONG_ANSWER,PyPy 3-64,1743216850
312872409,yassinearfaoui131,Minimise Oneness,WRONG_ANSWER,PyPy 3-64,1743216648
312872342,yassinearfaoui131,Minimise Oneness,WRONG_ANSWER,PyPy 3-64,1743216567
312871996,yassinearfaoui131,A Gift From Orangutan,OK,PyPy 3-64,1743216135
312869921,Xeqr,A Gift From Orangutan,OK,"C++23 (GCC 14-64, msys2)",1743213569
312868882,syqc,QED's Favorite Permutation,OK,C++20 (GCC 13-64),1743212139
312868401,syqc,QED's Favorite Permutation,WRONG_ANSWER,C++20 (GCC 13-64),1743211466
312863190,-egoist-,QED's Favorite Permutation,OK,C++20 (GCC 13-64),1743203021
312862528,-egoist-,QED's Favorite Permutation,WRONG_ANSWER,C++20 (GCC 13-64),1743202074
312862307,Homz,Minimise Oneness,OK,C++20 (GCC 13-64),1743201755
312862265,Homz,Minimise Oneness,WRONG_ANSWER,C++20 (GCC 13-64),1743201697
312861901,NimaNaderi,Orangutan Approved Subarrays,OK,"C++23 (GCC 14-64, msys2)",1743201186
312861803,N.N_2004,Orangutan Approved Subarrays,OK,"C++23 (GCC 14-64, msys2)",1743201043
312861032,SamSkull,A TRUE Battle,OK,C++20 (GCC 13-64),1743200185
312861025,Samin19,A TRUE Battle,OK,C++20 (GCC 13-64),1743200173
312860689,AksLolCoding,Orangutan Approved Subarrays,OK,C++17 (GCC 7-32),1743199759
312859736,N.N_2004,Orangutan Approved Subarrays,OK,"C++23 (GCC 14-64, msys2)",1743198809
312858259,7Y7T7GGF,A TRUE Battle,OK,C++17 (GCC 7-32),1743197476
312858077,SamSkull,A TRUE Battle,WRONG_ANSWER,C++20 (GCC 13-64),1743197332
312858022,7Y7T7GGF,A TRUE Battle,WRONG_ANSWER,C++17 (GCC 7-32),1743197291
312857941,7Y7T7GGF,A TRUE Battle,WRONG_ANSWER,C++17 (GCC 7-32),1743197212
312857502,7Y7T7GGF,A TRUE Battle,WRONG_ANSWER,C++17 (GCC 7-32),1743196818
312856741,7Y7T7GGF,A TRUE Battle,WRONG_ANSWER,C++17 (GCC 7-32),1743196176
312855997,-egoist-,A TRUE Battle,OK,C++20 (GCC 13-64),1743195596
312855501,7Y7T7GGF,A TRUE Battle,WRONG_ANSWER,C++17 (GCC 7-32),1743195238
312847298,bangan,A TRUE Battle,OK,C++20 (GCC 13-64),1743190194
312846754,bangan,QED's Favorite Permutation,OK,C++20 (GCC 13-64),1743189833
312846070,-egoist-,A TRUE Battle,WRONG_ANSWER,C++20 (GCC 13-64),1743189412
312845924,-egoist-,A TRUE Battle,WRONG_ANSWER,C++20 (GCC 13-64),1743189315
312844289,-egoist-,Minimise Oneness,OK,C++20 (GCC 13-64),1743188428
312844277,arafah,Minimise Oneness,OK,GNU C11,1743188423
312843613,-egoist-,Minimise Oneness,WRONG_ANSWER,C++20 (GCC 13-64),1743188000
312842988,nam_pore_dibo,A TRUE Battle,OK,C++17 (GCC 7-32),1743187519
312842478,-egoist-,A TRUE Battle,WRONG_ANSWER,C++20 (GCC 13-64),1743187067
312842356,arafah,Minimise Oneness,WRONG_ANSWER,GNU C11,1743186948
312841967,nam_pore_dibo,Minimise Oneness,OK,C++17 (GCC 7-32),1743186610
312841520,nam_pore_dibo,Minimise Oneness,WRONG_ANSWER,C++17 (GCC 7-32),1743186306
312841460,-egoist-,Minimise Oneness,WRONG_ANSWER,C++20 (GCC 13-64),1743186267
312841130,-egoist-,A Gift From Orangutan,OK,C++20 (GCC 13-64),1743186044
312841006,3.prerna,Minimise Oneness,OK,Java 8,1743185950
312840893,nam_pore_dibo,A Gift From Orangutan,OK,C++17 (GCC 7-32),1743185875
312840828,bangan,A TRUE Battle,WRONG_ANSWER,C++20 (GCC 13-64),1743185820
312840257,Vaibhavabhaysharma,Minimise Oneness,OK,Python 3,1743185484
312840251,arundhatiS,Minimise Oneness,OK,Python 3,1743185481
312839724,bangan,Minimise Oneness,OK,C++20 (GCC 13-64),1743185209
312839267,bangan,A Gift From Orangutan,OK,C++20 (GCC 13-64),1743184947
312833806,Zaitsev_Arseny,Orangutan Approved Subarrays,OK,C++20 (GCC 13-64),1743181871
312833528,Zaitsev_Arseny,Orangutan Approved Subarrays,WRONG_ANSWER,C++20 (GCC 13-64),1743181731
312831138,Re_frain,A TRUE Battle,OK,C++20 (GCC 13-64),1743180498
312830670,7Y7T7GGF,A TRUE Battle,WRONG_ANSWER,C++17 (GCC 7-32),1743180276
312830380,Re_frain,A TRUE Battle,WRONG_ANSWER,C++20 (GCC 13-64),1743179963
312825774,p_piyush,A Gift From Orangutan,OK,C++17 (GCC 7-32),1743177590
312825454,Ugsaby,A Gift From Orangutan,OK,C++17 (GCC 7-32),1743177424
312825241,7Y7T7GGF,A TRUE Battle,WRONG_ANSWER,C++17 (GCC 7-32),1743177318
312822906,h233cd-08,A Gift From Orangutan,OK,C++17 (GCC 7-32),1743176095
312822052,h233cd-08,Minimise Oneness,OK,C++17 (GCC 7-32),1743175641
312813763,anandita_raj,Minimise Oneness,OK,"C++23 (GCC 14-64, msys2)",1743171620
312809947,7Y7T7GGF,A TRUE Battle,WRONG_ANSWER,C++17 (GCC 7-32),1743169877
312809057,7Y7T7GGF,A TRUE Battle,WRONG_ANSWER,C++17 (GCC 7-32),1743169474
312805917,penguinsAreCool,QED's Favorite Permutation,OK,C++20 (GCC 13-64),1743168183
312797283,_Artist__,A TRUE Battle,OK,"C++23 (GCC 14-64, msys2)",1743164176
312795763,_Artist__,A TRUE Battle,WRONG_ANSWER,"C++23 (GCC 14-64, msys2)",1743163501
312794785,_Artist__,A TRUE Battle,WRONG_ANSWER,"C++23 (GCC 14-64, msys2)",1743163067
312793860,_Artist__,Minimise Oneness,OK,"C++23 (GCC 14-64, msys2)",1743162689
312793831,Xeqr,Minimise Oneness,OK,"C++23 (GCC 14-64, msys2)",1743162670
312793325,_Artist__,A Gift From Orangutan,OK,"C++23 (GCC 14-64, msys2)",1743162455
312782079,fevente65,A Gift From Orangutan,OK,Python 3,1743157197
312779194,S_HAWK_09,Minimise Oneness,OK,"C++23 (GCC 14-64, msys2)",1743155699
312772693,alisha3369,A Gift From Orangutan,OK,C++17 (GCC 7-32),1743152440
312770986,espacio,QED's Favorite Permutation,OK,"C++23 (GCC 14-64, msys2)",1743151603
312770926,espacio,QED's Favorite Permutation,WRONG_ANSWER,"C++23 (GCC 14-64, msys2)",1743151572
312769394,espacio,QED's Favorite Permutation,WRONG_ANSWER,"C++23 (GCC 14-64, msys2)",1743150772
312768917,espacio,QED's Favorite Permutation,WRONG_ANSWER,"C++23 (GCC 14-64, msys2)",1743150509
312768520,espacio,QED's Favorite Permutation,WRONG_ANSWER,"C++23 (GCC 14-64, msys2)",1743150296
312768394,espacio,QED's Favorite Permutation,WRONG_ANSWER,"C++23 (GCC 14-64, msys2)",1743150222
312767919,espacio,QED's Favorite Permutation,WRONG_ANSWER,"C++23 (GCC 14-64, msys2)",1743149968
312765220,Codexadi,A Gift From Orangutan,OK,C++17 (GCC 7-32),1743148374
312765148,Viky23,Minimise Oneness,OK,C++17 (GCC 7-32),1743148337
312763486,Codexadi,Minimise Oneness,OK,C++17 (GCC 7-32),1743147277
312762289,Codexadi,Minimise Oneness,WRONG_ANSWER,C++17 (GCC 7-32),1743146567
312760716,BigBlow,A TRUE Battle,OK,C++17 (GCC 7-32),1743145636
312760462,BigBlow,A TRUE Battle,WRONG_ANSWER,C++17 (GCC 7-32),1743145508
312759255,OakLandLake,A TRUE Battle,OK,Java 21,1743144788
312758363,espacio,QED's Favorite Permutation,WRONG_ANSWER,"C++23 (GCC 14-64, msys2)",1743144287
312758089,espacio,QED's Favorite Permutation,WRONG_ANSWER,"C++23 (GCC 14-64, msys2)",1743144153
312757989,Prabhatkrdprr24,A TRUE Battle,OK,"C++23 (GCC 14-64, msys2)",1743144104
312757932,dcode_me,Minimise Oneness,OK,C++17 (GCC 7-32),1743144070
312755260,Prabhatkrdprr24,A TRUE Battle,WRONG_ANSWER,"C++23 (GCC 14-64, msys2)",1743142673
312755080,Prabhatkrdprr24,A TRUE Battle,WRONG_ANSWER,"C++23 (GCC 14-64, msys2)",1743142595
312752690,Am_arKumar,A TRUE Battle,WRONG_ANSWER,C++20 (GCC 13-64),1743141327
312752540,Am_arKumar,A TRUE Battle,WRONG_ANSWER,C++20 (GCC 13-64),1743141244
312747876,BigBlow,A TRUE Battle,WRONG_ANSWER,C++17 (GCC 7-32),1743138316
312747335,Chip_69,A TRUE Battle,WRONG_ANSWER,"C++23 (GCC 14-64, msys2)",1743137951
312744596,Deep_2005,A TRUE Battle,OK,C++20 (GCC 13-64),1743137175
312743880,Deep_2005,A TRUE Battle,WRONG_ANSWER,C++20 (GCC 13-64),1743136593
312740684,a_ho,QED's Favorite Permutation,OK,"C++23 (GCC 14-64, msys2)",1743133808
312733786,xtcofficial,MEXimize the Score,OK,C++20 (GCC 13-64),1743126183
312730683,phoenix0112,QED's Favorite Permutation,OK,C++17 (GCC 7-32),1743122198
312730621,w458729769,The Destruction of the Universe (Easy Version),OK,C++20 (GCC 13-64),1743122102
312729209,kakoujt,QED's Favorite Permutation,OK,"C++23 (GCC 14-64, msys2)",1743120122
312724742,ReverseFlash081,QED's Favorite Permutation,OK,"C++23 (GCC 14-64, msys2)",1743113894
312720079,User9876,QED's Favorite Permutation,OK,C++20 (GCC 13-64),1743108953
312716131,KaSo06,QED's Favorite Permutation,OK,"C++23 (GCC 14-64, msys2)",1743106055
312715678,KaSo06,QED's Favorite Permutation,WRONG_ANSWER,"C++23 (GCC 14-64, msys2)",1743105763
312707866,tamjidniloy22,Minimise Oneness,OK,Perl,1743098149
312707595,tamjidniloy22,Minimise Oneness,OK,Perl,1743097854
312705388,rustyBot,A TRUE Battle,WRONG_ANSWER,Java 21,1743095423
312705300,rustyBot,A TRUE Battle,WRONG_ANSWER,Java 21,1743095317
312699092,S_HAWK_09,A TRUE Battle,OK,"C++23 (GCC 14-64, msys2)",1743088657
312698019,Radwa,A Gift From Orangutan,OK,C++17 (GCC 7-32),1743087557
312695774,7Y7T7GGF,A TRUE Battle,WRONG_ANSWER,C++17 (GCC 7-32),1743085380
312695218,pulkit1078,A TRUE Battle,OK,C++17 (GCC 7-32),1743084626
312692087,kakoujt,QED's Favorite Permutation,RUNTIME_ERROR,"C++23 (GCC 14-64, msys2)",1743079266
312689192,Yagami_L_,A TRUE Battle,WRONG_ANSWER,C++17 (GCC 7-32),1743076891
312688484,exccc,QED's Favorite Permutation,WRONG_ANSWER,"C++23 (GCC 14-64, msys2)",1743076486
312688361,Yagami_L_,A TRUE Battle,WRONG_ANSWER,C++17 (GCC 7-32),1743076430
312688168,exccc,QED's Favorite Permutation,WRONG_ANSWER,"C++23 (GCC 14-64, msys2)",1743076349
312688141,___S_O_H_I_D_U_L___,A Gift From Orangutan,OK,"C++23 (GCC 14-64, msys2)",1743076335
312683477,crazy_7,QED's Favorite Permutation,OK,Java 21,1743073953
312683331,crazy_7,QED's Favorite Permutation,OK,Java 21,1743073876
312681894,exccc,A TRUE Battle,OK,"C++23 (GCC 14-64, msys2)",1743073093
312681140,voicon,QED's Favorite Permutation,OK,PyPy 3-64,1743072672
312665170,lesMarguerites,Minimise Oneness,OK,C++17 (GCC 7-32),1743063848
312665074,lesMarguerites,Minimise Oneness,WRONG_ANSWER,C++17 (GCC 7-32),1743063799
312661124,cynicalcrusader,A TRUE Battle,WRONG_ANSWER,"C++23 (GCC 14-64, msys2)",1743061457
312657730,raihanmahmud10112,A TRUE Battle,OK,C++17 (GCC 7-32),1743059664
312657657,raihanmahmud10112,A TRUE Battle,WRONG_ANSWER,C++17 (GCC 7-32),1743059630
312657599,raihanmahmud10112,Minimise Oneness,OK,C++17 (GCC 7-32),1743059596
312657032,cynicalcrusader,A TRUE Battle,WRONG_ANSWER,"C++23 (GCC 14-64, msys2)",1743059304
312652287,Tian_Ming_Yo,A TRUE Battle,OK,C++17 (GCC 7-32),1743056632
312651864,Tian_Ming_Yo,A TRUE Battle,WRONG_ANSWER,C++17 (GCC 7-32),1743056366
312651032,Tian_Ming_Yo,Minimise Oneness,OK,C++17 (GCC 7-32),1743055822
312650774,Tian_Ming_Yo,A Gift From Orangutan,OK,C++17 (GCC 7-32),1743055656
312645412,exccc,A TRUE Battle,WRONG_ANSWER,"C++23 (GCC 14-64, msys2)",1743051060
312643176,orgiltsogt,QED's Favorite Permutation,OK,C++17 (GCC 7-32),1743048960
312635852,VinnySJ,A TRUE Battle,OK,C++20 (GCC 13-64),1743040151
312635729,VinnySJ,Orangutan Approved Subarrays,OK,C++20 (GCC 13-64),1743039956
312634085,exccc,Minimise Oneness,OK,"C++23 (GCC 14-64, msys2)",1743037502
312633784,VinnySJ,QED's Favorite Permutation,OK,C++20 (GCC 13-64),1743036995
312633665,exccc,A Gift From Orangutan,OK,"C++23 (GCC 14-64, msys2)",1743036768
312631460,VinnySJ,A TRUE Battle,WRONG_ANSWER,C++20 (GCC 13-64),1743033125
312630758,VinnySJ,A TRUE Battle,WRONG_ANSWER,C++20 (GCC 13-64),1743031922
312630748,VinnySJ,A TRUE Battle,WRONG_ANSWER,C++20 (GCC 13-64),1743031896
312630660,VinnySJ,A TRUE Battle,WRONG_ANSWER,C++20 (GCC 13-64),1743031731
312630548,VinnySJ,A TRUE Battle,WRONG_ANSWER,C++20 (GCC 13-64),1743031526
312630152,VinnySJ,Minimise Oneness,OK,C++20 (GCC 13-64),1743030739
312630030,VinnySJ,Minimise Oneness,WRONG_ANSWER,C++20 (GCC 13-64),1743030545
312629949,VinnySJ,A Gift From Orangutan,OK,C++20 (GCC 13-64),1743030457
312628845,Ezru1,MEXimize the Score,OK,PyPy 3-64,1743028871
312628594,Ezru1,MEXimize the Score,WRONG_ANSWER,PyPy 3-64,1743028493
312628141,Ezru1,MEXimize the Score,WRONG_ANSWER,PyPy 3-64,1743027790
312627622,Ezru1,MEXimize the Score,WRONG_ANSWER,PyPy 3-64,1743027058
312618334,OakLandLake,Minimise Oneness,OK,Java 21,1743018268
312617884,OakLandLake,Minimise Oneness,WRONG_ANSWER,Java 21,1743017936
312617687,atharv_jain20,Minimise Oneness,OK,C++17 (GCC 7-32),1743017811
312617116,OakLandLake,A Gift From Orangutan,OK,Java 21,1743017442
312613516,alamin2005,A Gift From Orangutan,OK,C++20 (GCC 13-64),1743014976
312611877,kzrobin,A TRUE Battle,OK,C++17 (GCC 7-32),1743013909
312610859,kzrobin,A TRUE Battle,OK,C++17 (GCC 7-32),1743013304
312610544,kzrobin,A TRUE Battle,WRONG_ANSWER,C++17 (GCC 7-32),1743013125
312610153,kzrobin,A TRUE Battle,WRONG_ANSWER,C++17 (GCC 7-32),1743012899
312609802,Sn0wflame,A Gift From Orangutan,OK,C++20 (GCC 13-64),1743012691
312608762,pulkit1078,A TRUE Battle,WRONG_ANSWER,C++17 (GCC 7-32),1743012071
312608744,kzrobin,A TRUE Battle,WRONG_ANSWER,C++17 (GCC 7-32),1743012059
312608508,kzrobin,A TRUE Battle,WRONG_ANSWER,C++17 (GCC 7-32),1743011899
312605065,smaf,A TRUE Battle,OK,C++20 (GCC 13-64),1743009953
312604923,smaf,A TRUE Battle,WRONG_ANSWER,C++20 (GCC 13-64),1743009870
312604096,Ezru1,QED's Favorite Permutation,OK,PyPy 3-64,1743009460
312602785,xiaodaiyang,MEXimize the Score,OK,C++20 (GCC 13-64),1743008731
312602495,eshat69,Minimise Oneness,OK,Python 3,1743008578
312600811,Ezru1,A TRUE Battle,OK,PyPy 3-64,1743007687
312600392,Ezru1,A TRUE Battle,WRONG_ANSWER,PyPy 3-64,1743007468
312599689,khakekz,A Gift From Orangutan,OK,"C++23 (GCC 14-64, msys2)",1743007103
312599432,Ezru1,A TRUE Battle,WRONG_ANSWER,PyPy 3-64,1743006964
312597814,Ezru1,A TRUE Battle,WRONG_ANSWER,PyPy 3-64,1743006148
312596873,Ezru1,Minimise Oneness,OK,PyPy 3-64,1743005716
312596194,Ezru1,A Gift From Orangutan,OK,PyPy 3-64,1743005377
312586272,alpha04,A TRUE Battle,OK,GNU C11,1743000828
312583714,ljh537ljh,A TRUE Battle,OK,C++17 (GCC 7-32),1742999758
312580415,patelabhinav92,A TRUE Battle,WRONG_ANSWER,C++17 (GCC 7-32),1742998232
312580343,ljh537ljh,A TRUE Battle,WRONG_ANSWER,C++17 (GCC 7-32),1742998195
312579955,patelabhinav92,A TRUE Battle,WRONG_ANSWER,C++17 (GCC 7-32),1742998016
312579553,patelabhinav92,A TRUE Battle,COMPILATION_ERROR,C++17 (GCC 7-32),1742997839
312577986,anandita_raj,A Gift From Orangutan,OK,"C++23 (GCC 14-64, msys2)",1742997173
312577058,takeonicky,A TRUE Battle,OK,C++20 (GCC 13-64),1742996769
312576558,anandita_raj,A Gift From Orangutan,OK,"C++23 (GCC 14-64, msys2)",1742996561
312575998,takeonicky,A TRUE Battle,WRONG_ANSWER,C++20 (GCC 13-64),1742996338
312575177,rgnerdplayer,MEXimize the Score,OK,"C++23 (GCC 14-64, msys2)",1742996011
312572000,fengling007,QED's Favorite Permutation,OK,Java 21,1742994691
312569509,rgnerdplayer,QED's Favorite Permutation,OK,"C++23 (GCC 14-64, msys2)",1742993531
312568313,rgnerdplayer,Orangutan Approved Subarrays,OK,"C++23 (GCC 14-64, msys2)",1742992990
312568198,rgnerdplayer,Orangutan Approved Subarrays,OK,"C++23 (GCC 14-64, msys2)",1742992933
312568042,rgnerdplayer,Orangutan Approved Subarrays,OK,"C++23 (GCC 14-64, msys2)",1742992862
312564596,ankushtyagi96070,A TRUE Battle,OK,Java 21,1742991294
312564333,Rahel_yb,A Gift From Orangutan,OK,Python 3,1742991180
312564036,ankushtyagi96070,A TRUE Battle,WRONG_ANSWER,Java 21,1742991048
312562822,ankushtyagi96070,Minimise Oneness,OK,Java 21,1742990544
312561043,ankushtyagi96070,A Gift From Orangutan,OK,Java 21,1742989790
312558430,ANTARBANIK,A TRUE Battle,OK,C++20 (GCC 13-64),1742988673
312557379,alpha04,A TRUE Battle,WRONG_ANSWER,GNU C11,1742988190
312557148,alpha04,A TRUE Battle,WRONG_ANSWER,GNU C11,1742988076
312556226,ANTARBANIK,A TRUE Battle,WRONG_ANSWER,C++20 (GCC 13-64),1742987663
312553774,ANTARBANIK,Minimise Oneness,OK,C++20 (GCC 13-64),1742986480
312551476,ANTARBANIK,Minimise Oneness,WRONG_ANSWER,C++20 (GCC 13-64),1742985316
312550785,ANTARBANIK,A Gift From Orangutan,OK,C++20 (GCC 13-64),1742984924
312543352,Xeqr,Minimise Oneness,WRONG_ANSWER,"C++23 (GCC 14-64, msys2)",1742980880
312524638,Sondo_2812_80,A Gift From Orangutan,OK,C++20 (GCC 13-64),1742968111
312522200,h2mnox,Minimise Oneness,OK,C++17 (GCC 7-32),1742966327
312522171,h2mnox,Minimise Oneness,COMPILATION_ERROR,C++17 (GCC 7-32),1742966298
312518612,DonChipilin,MEXimize the Score,OK,"C++23 (GCC 14-64, msys2)",1742963661
312517571,isaacliu77,MEXimize the Score,OK,"C++23 (GCC 14-64, msys2)",1742962775
312509010,Xie_Z_H,A TRUE Battle,OK,C++17 (GCC 7-32),1742953992
312508428,1000_H100,A Gift From Orangutan,OK,C++17 (GCC 7-32),1742953276
312508146,WorldShine02,A TRUE Battle,WRONG_ANSWER,C++17 (GCC 7-32),1742953000
312507975,WorldShine01,A Gift From Orangutan,OK,C++17 (GCC 7-32),1742952849
312505313,real_Parallelism,Minimise Oneness,OK,C++17 (GCC 7-32),1742949448
312505312,Real_Reasoning_Model,The Destruction of the Universe (Easy Version),WRONG_ANSWER,C++17 (GCC 7-32),1742949448
312505231,mix233,The Destruction of the Universe (Hard Version),WRONG_ANSWER,C++17 (GCC 7-32),1742949364
312504963,WorldShine02,Orangutan Approved Subarrays,TIME_LIMIT_EXCEEDED,C++17 (GCC 7-32),1742949096
312504869,WorldShine02,MEXimize the Score,OK,C++17 (GCC 7-32),1742949008
312504851,never_use_tpu,A TRUE Battle,WRONG_ANSWER,C++17 (GCC 7-32),1742948997
312504691,num5,QED's Favorite Permutation,OK,C++17 (GCC 7-32),1742948839
312504607,num6,A Gift From Orangutan,OK,C++17 (GCC 7-32),1742948732
312504427,1000_H100,Orangutan Approved Subarrays,WRONG_ANSWER,C++17 (GCC 7-32),1742948559
312504342,Real_Reasoning_Model,The Destruction of the Universe (Hard Version),WRONG_ANSWER,C++17 (GCC 7-32),1742948463
312503570,num3,MEXimize the Score,WRONG_ANSWER,C++17 (GCC 7-32),1742947705
312503364,WorldShine01,QED's Favorite Permutation,WRONG_ANSWER,C++17 (GCC 7-32),1742947484
312503124,never_use_tpu,The Destruction of the Universe (Easy Version),COMPILATION_ERROR,C++17 (GCC 7-32),1742947235
312503121,WorldShine02,Minimise Oneness,WRONG_ANSWER,C++17 (GCC 7-32),1742947233
312502764,WorldShine02,A TRUE Battle,WRONG_ANSWER,C++17 (GCC 7-32),1742946855
312502756,num3,A Gift From Orangutan,OK,C++17 (GCC 7-32),1742946843
312493656,Mohamed_Khlawy,A Gift From Orangutan,OK,C# 10,1742936126
312486179,spiderman007,A Gift From Orangutan,OK,C++17 (GCC 7-32),1742930760
312482263,10-TranHuyHoang,A Gift From Orangutan,OK,C++20 (GCC 13-64),1742928323
312474541,msaadi.abdellah,Minimise Oneness,OK,Python 3,1742924059
312474295,msaadi.abdellah,Minimise Oneness,WRONG_ANSWER,Python 3,1742923943
312402786,h2mnox,Minimise Oneness,WRONG_ANSWER,C++17 (GCC 7-32),1742916384
312334321,DipayanPro,Minimise Oneness,OK,"C++23 (GCC 14-64, msys2)",1742913153
312331867,xiaodaiyang,QED's Favorite Permutation,OK,C++20 (GCC 13-64),1742911998
312330816,zjking,A TRUE Battle,OK,C++20 (GCC 13-64),1742911521
312329748,zjking,A TRUE Battle,WRONG_ANSWER,C++20 (GCC 13-64),1742911032
312329464,zjking,A TRUE Battle,WRONG_ANSWER,C++20 (GCC 13-64),1742910897
312326358,xiaodaiyang,A TRUE Battle,OK,C++20 (GCC 13-64),1742909596
312324996,xiaodaiyang,Minimise Oneness,OK,C++20 (GCC 13-64),1742909035
312324583,espacio,A TRUE Battle,OK,"C++23 (GCC 14-64, msys2)",1742908853
312324525,xiaodaiyang,Minimise Oneness,WRONG_ANSWER,C++20 (GCC 13-64),1742908828
312324285,espacio,A TRUE Battle,WRONG_ANSWER,"C++23 (GCC 14-64, msys2)",1742908739
312324056,xiaodaiyang,A Gift From Orangutan,OK,C++20 (GCC 13-64),1742908637
312320103,Arrab,A TRUE Battle,OK,C++20 (GCC 13-64),1742906643
312318729,albfr,QED's Favorite Permutation,OK,C++20 (GCC 13-64),1742906092
312308685,sunflower80,A TRUE Battle,OK,C++20 (GCC 13-64),1742901199
312308178,sunflower80,A TRUE Battle,WRONG_ANSWER,C++20 (GCC 13-64),1742900925
312307581,sunflower80,A TRUE Battle,WRONG_ANSWER,C++20 (GCC 13-64),1742900606
312298467,DonChipilin,Orangutan Approved Subarrays,OK,"C++23 (GCC 14-64, msys2)",1742895351
312296404,Xie_Z_H,A TRUE Battle,OK,C++17 (GCC 7-32),1742894241
312296086,Xie_Z_H,A TRUE Battle,WRONG_ANSWER,C++17 (GCC 7-32),1742894052
312295043,Xie_Z_H,A TRUE Battle,WRONG_ANSWER,C++17 (GCC 7-32),1742893494
312291479,DonChipilin,QED's Favorite Permutation,OK,"C++23 (GCC 14-64, msys2)",1742891506
312290439,raghvendra98,A TRUE Battle,OK,C++17 (GCC 7-32),1742890884
312289838,Bully9999,Minimise Oneness,OK,C++17 (GCC 7-32),1742890481
312289452,DonChipilin,A TRUE Battle,OK,"C++23 (GCC 14-64, msys2)",1742890222
312288366,DonChipilin,Minimise Oneness,OK,"C++23 (GCC 14-64, msys2)",1742889504
312288092,DonChipilin,Minimise Oneness,WRONG_ANSWER,"C++23 (GCC 14-64, msys2)",1742889332
312287518,DonChipilin,A Gift From Orangutan,OK,"C++23 (GCC 14-64, msys2)",1742888942
312285712,Strawhatluffy500,Minimise Oneness,OK,C++17 (GCC 7-32),1742887658
312285427,llhh6,A TRUE Battle,OK,C++20 (GCC 13-64),1742887481
312285354,llhh6,Minimise Oneness,OK,C++20 (GCC 13-64),1742887435
312285187,Strawhatluffy500,A Gift From Orangutan,OK,C++17 (GCC 7-32),1742887338
312285023,llhh6,A Gift From Orangutan,OK,C++20 (GCC 13-64),1742887244
312281964,raghvendra98,A TRUE Battle,WRONG_ANSWER,C++17 (GCC 7-32),1742885188
312275527,VaishnavAmbilpur,A Gift From Orangutan,OK,"C++23 (GCC 14-64, msys2)",1742879999
312274263,Acin03,A TRUE Battle,OK,"C++23 (GCC 14-64, msys2)",1742878893
312273672,atharva96.1,Minimise Oneness,OK,"C++23 (GCC 14-64, msys2)",1742878379
312272920,__Martian,QED's Favorite Permutation,OK,C++17 (GCC 7-32),1742877715
312272500,__Martian,QED's Favorite Permutation,TIME_LIMIT_EXCEEDED,C++17 (GCC 7-32),1742877359
312267849,Senyao,A Gift From Orangutan,OK,C++17 (GCC 7-32),1742872559
312267575,Xie_Z_H,Minimise Oneness,OK,C++17 (GCC 7-32),1742872230
312264269,MEYSAM.pd,Minimise Oneness,OK,Python 3,1742868119
312264183,MEYSAM.pd,Minimise Oneness,WRONG_ANSWER,Python 3,1742867996
312264042,MEYSAM.pd,A TRUE Battle,OK,Python 3,1742867781
312263685,MEYSAM.pd,A TRUE Battle,WRONG_ANSWER,Python 3,1742867231
312261416,rotcar08,Orangutan Approved Subarrays,OK,C++20 (GCC 13-64),1742863749
312260741,Arrab,A TRUE Battle,WRONG_ANSWER,C++20 (GCC 13-64),1742862750
312248093,shoggy,QED's Favorite Permutation,OK,"C++23 (GCC 14-64, msys2)",1742848239
312247026,saurabh.doiphode,Minimise Oneness,OK,"C++23 (GCC 14-64, msys2)",1742847544
312244975,Arafat02,Minimise Oneness,OK,C++20 (GCC 13-64),1742846120
312237703,prakharm2004,A Gift From Orangutan,OK,C++20 (GCC 13-64),1742841685
312232974,savyshyn,QED's Favorite Permutation,OK,C++17 (GCC 7-32),1742839234
312232893,savyshyn,QED's Favorite Permutation,WRONG_ANSWER,C++17 (GCC 7-32),1742839194
312229654,tasneemfatma5222,A TRUE Battle,OK,C++17 (GCC 7-32),1742837602
312221318,Kushagra123,A Gift From Orangutan,OK,C++17 (GCC 7-32),1742833554
312218272,Kushagra123,A Gift From Orangutan,WRONG_ANSWER,C++17 (GCC 7-32),1742832026
312214679,Kushagra123,Minimise Oneness,OK,C++17 (GCC 7-32),1742830293
312205010,rajanagg_11,A TRUE Battle,OK,Java 21,1742825977
312204913,Pranav_Swaroop,A TRUE Battle,OK,C++20 (GCC 13-64),1742825943
312204880,rajanagg_11,Minimise Oneness,OK,Java 21,1742825932
312203831,rajanagg_11,A Gift From Orangutan,OK,Java 21,1742825465
312197504,Adu_Vai_404,Minimise Oneness,OK,"C++23 (GCC 14-64, msys2)",1742822898
312195139,ravikumar2016,Minimise Oneness,OK,C++17 (GCC 7-32),1742821922
312194433,ravikumar2016,A Gift From Orangutan,OK,C++17 (GCC 7-32),1742821588
312189484,anshuman_dubey,A TRUE Battle,OK,C++17 (GCC 7-32),1742819315
312188603,pabak,A TRUE Battle,OK,"C++23 (GCC 14-64, msys2)",1742818878
312185697,Dpkasd_12,A Gift From Orangutan,OK,Rust 2021,1742817570
312184565,pabak,Minimise Oneness,OK,"C++23 (GCC 14-64, msys2)",1742816994
312183453,pabak,Minimise Oneness,WRONG_ANSWER,"C++23 (GCC 14-64, msys2)",1742816438
312182644,DamnUFlicker__10,Minimise Oneness,OK,C++17 (GCC 7-32),1742816032
312181442,pabak,A Gift From Orangutan,OK,"C++23 (GCC 14-64, msys2)",1742815465
312180540,Robinfan,A Gift From Orangutan,OK,Python 3,1742815006
312174319,anshuman_dubey,Minimise Oneness,OK,C++17 (GCC 7-32),1742811496
312174172,anshuman_dubey,Minimise Oneness,WRONG_ANSWER,C++17 (GCC 7-32),1742811402
312172077,hengliao,Minimise Oneness,OK,C++20 (GCC 13-64),1742810157
312171988,hengliao,Minimise Oneness,TIME_LIMIT_EXCEEDED,C++20 (GCC 13-64),1742810104
312171411,Mehedy_Hasan_Alvee,A TRUE Battle,OK,"C++23 (GCC 14-64, msys2)",1742809772
312170970,brown_toad,Minimise Oneness,OK,"C++23 (GCC 14-64, msys2)",1742809528
312170945,hengliao,Minimise Oneness,TIME_LIMIT_EXCEEDED,C++20 (GCC 13-64),1742809518
312170908,guagua0407,Minimise Oneness,OK,"C++23 (GCC 14-64, msys2)",1742809500
312170743,iantsai0616,Minimise Oneness,OK,"C++23 (GCC 14-64, msys2)",1742809412
312170730,guagua0407,Minimise Oneness,WRONG_ANSWER,"C++23 (GCC 14-64, msys2)",1742809406
312169474,Mehedy_Hasan_Alvee,Minimise Oneness,OK,"C++23 (GCC 14-64, msys2)",1742808766
312168185,Mehedy_Hasan_Alvee,A Gift From Orangutan,OK,"C++23 (GCC 14-64, msys2)",1742808067
312167242,Gaurangg09,A TRUE Battle,OK,C++17 (GCC 7-32),1742807524
312166714,Gaurangg09,A TRUE Battle,WRONG_ANSWER,C++17 (GCC 7-32),1742807221
312162686,anshuman_dubey,A Gift From Orangutan,OK,C++17 (GCC 7-32),1742804859
312158262,espacio,A TRUE Battle,WRONG_ANSWER,"C++23 (GCC 14-64, msys2)",1742802134
312157932,mukundagarawal9,A TRUE Battle,OK,Java 8,1742801924
312151411,efrm_andra,Minimise Oneness,OK,Java 21,1742797840
312151333,efrm_andra,Minimise Oneness,OK,Java 21,1742797783
312150847,efrm_andra,Minimise Oneness,TIME_LIMIT_EXCEEDED,Java 21,1742797463
312150485,hoangnguyen09022004,MEXimize the Score,OK,C++20 (GCC 13-64),1742797259
312149197,hoangnguyen09022004,MEXimize the Score,WRONG_ANSWER,C++20 (GCC 13-64),1742796448
312147459,hoangnguyen09022004,MEXimize the Score,WRONG_ANSWER,C++20 (GCC 13-64),1742795267
312147369,hoangnguyen09022004,MEXimize the Score,WRONG_ANSWER,C++20 (GCC 13-64),1742795191
312146474,Libra_Minister,QED's Favorite Permutation,OK,C++20 (GCC 13-64),1742794474
312141627,brandnewnode,MEXimize the Score,OK,PyPy 3-64,1742790061
312141569,brandnewnode,MEXimize the Score,MEMORY_LIMIT_EXCEEDED,PyPy 3-64,1742789979
312141516,brandnewnode,MEXimize the Score,MEMORY_LIMIT_EXCEEDED,PyPy 3-64,1742789917
312130350,Fionabanana,QED's Favorite Permutation,OK,C++20 (GCC 13-64),1742776304
312124211,Tanuj_941,A TRUE Battle,OK,PyPy 3-64,1742766757
312124052,Tanuj_941,A TRUE Battle,WRONG_ANSWER,PyPy 3-64,1742766572
312122357,Tanuj_941,A TRUE Battle,WRONG_ANSWER,PyPy 3-64,1742764746
312103394,akshar_bansal,Minimise Oneness,OK,C++17 (GCC 7-32),1742751320
312101493,akshar_bansal,A Gift From Orangutan,OK,C++17 (GCC 7-32),1742750247
312101425,akshar_bansal,A Gift From Orangutan,COMPILATION_ERROR,C++17 (GCC 7-32),1742750202
312098717,m.olimovvv,A TRUE Battle,OK,Python 3,1742748636
312098230,m.olimovvv,A TRUE Battle,WRONG_ANSWER,Python 3,1742748320
312098180,m.olimovvv,A TRUE Battle,WRONG_ANSWER,Python 3,1742748281
312097996,m.olimovvv,A TRUE Battle,WRONG_ANSWER,Python 3,1742748164
312096550,FlyingCat07,Minimise Oneness,OK,Java 21,1742747190
312096464,oleg121,QED's Favorite Permutation,OK,"C++23 (GCC 14-64, msys2)",1742747139
312096360,Tanjida__,A TRUE Battle,OK,C++20 (GCC 13-64),1742747075
312096175,Tanjida__,A TRUE Battle,WRONG_ANSWER,C++20 (GCC 13-64),1742746962
312095236,Tanjida__,A TRUE Battle,WRONG_ANSWER,C++20 (GCC 13-64),1742746374
312095059,Tanjida__,A TRUE Battle,WRONG_ANSWER,C++20 (GCC 13-64),1742746257
312094985,Tanjida__,A TRUE Battle,WRONG_ANSWER,C++20 (GCC 13-64),1742746215
312091354,Tanjida__,A TRUE Battle,WRONG_ANSWER,C++20 (GCC 13-64),1742744154
312091133,Utsav_1711,A TRUE Battle,OK,"C++23 (GCC 14-64, msys2)",1742744028
312090314,Tanjida__,Minimise Oneness,OK,C++20 (GCC 13-64),1742743571
312089780,Tanjida__,A Gift From Orangutan,OK,C++20 (GCC 13-64),1742743233
312086735,tsuki_teresa,A Gift From Orangutan,OK,C++17 (GCC 7-32),1742741564
312086335,tsuki_teresa,A TRUE Battle,WRONG_ANSWER,C++17 (GCC 7-32),1742741361
312086172,tsuki_teresa,A TRUE Battle,WRONG_ANSWER,C++17 (GCC 7-32),1742741279
312085803,tsuki_teresa,A TRUE Battle,WRONG_ANSWER,C++17 (GCC 7-32),1742741107
312085650,m.olimovvv,A TRUE Battle,WRONG_ANSWER,Python 3,1742741028
312085626,tsuki_teresa,A TRUE Battle,WRONG_ANSWER,C++17 (GCC 7-32),1742741017
312084414,jamieal24,Minimise Oneness,WRONG_ANSWER,Java 21,1742740469
312075693,munkasir_haque28,A Gift From Orangutan,OK,Java 21,1742736251
312075468,munkasir_haque28,A Gift From Orangutan,WRONG_ANSWER,GNU C11,1742736157
312075170,munkasir_haque28,A Gift From Orangutan,WRONG_ANSWER,GNU C11,1742736040
312074902,Tohidul_Hridoy,Minimise Oneness,OK,C++17 (GCC 7-32),1742735923
312074584,Tohidul_Hridoy,Minimise Oneness,WRONG_ANSWER,C++17 (GCC 7-32),1742735771
312074193,Tohidul_Hridoy,Minimise Oneness,WRONG_ANSWER,C++17 (GCC 7-32),1742735592
312074022,Tohidul_Hridoy,Minimise Oneness,WRONG_ANSWER,C++17 (GCC 7-32),1742735519
312071462,doomer27,A Gift From Orangutan,OK,"C++23 (GCC 14-64, msys2)",1742734289
312071272,Pros12,Minimise Oneness,OK,Java 8,1742734191
312069365,Pros12,Minimise Oneness,WRONG_ANSWER,Java 8,1742733217
312058734,kadirov_10_01,A Gift From Orangutan,OK,Python 3,1742728162
312054981,happy.rishi2004,A TRUE Battle,OK,C++20 (GCC 13-64),1742726600
312053112,Luciefer_x,A TRUE Battle,OK,C++17 (GCC 7-32),1742725803
312046067,happy.rishi2004,A TRUE Battle,WRONG_ANSWER,C++20 (GCC 13-64),1742722889
312029893,Sapihahaha,Minimise Oneness,OK,C++17 (GCC 7-32),1742716828
312029394,Sapihahaha,Minimise Oneness,WRONG_ANSWER,C++17 (GCC 7-32),1742716762
312018816,PaceMak1r_13,Minimise Oneness,OK,C++20 (GCC 13-64),1742715118
312018709,PaceMak1r_13,Minimise Oneness,WRONG_ANSWER,C++20 (GCC 13-64),1742715102
312018596,PaceMak1r_13,Minimise Oneness,COMPILATION_ERROR,C++20 (GCC 13-64),1742715081
312018494,PaceMak1r_13,Minimise Oneness,COMPILATION_ERROR,C++20 (GCC 13-64),1742715064
312004665,pluto_is_planet,QED's Favorite Permutation,OK,C++20 (GCC 13-64),1742712881
311998007,riya.dhabuwala,A TRUE Battle,WRONG_ANSWER,C++17 (GCC 7-32),1742711926
311990244,pluto_is_planet,QED's Favorite Permutation,WRONG_ANSWER,C++20 (GCC 13-64),1742710894
311965304,munkasir_haque28,A Gift From Orangutan,WRONG_ANSWER,GNU C11,1742708487
311963740,munkasir_haque28,A Gift From Orangutan,WRONG_ANSWER,GNU C11,1742708398
311961885,munkasir_haque28,A Gift From Orangutan,WRONG_ANSWER,GNU C11,1742708303
311960543,munkasir_haque28,A Gift From Orangutan,WRONG_ANSWER,GNU C11,1742708219
311959819,kaan.akyarr,A Gift From Orangutan,OK,C++17 (GCC 7-32),1742707896
311954967,SivaPA,A TRUE Battle,OK,C++17 (GCC 7-32),1742704773
311954547,SivaPA,A TRUE Battle,WRONG_ANSWER,C++17 (GCC 7-32),1742704479
311954153,SivaPA,A TRUE Battle,WRONG_ANSWER,C++17 (GCC 7-32),1742704156
311953883,SivaPA,A TRUE Battle,WRONG_ANSWER,C++17 (GCC 7-32),1742703921
311953836,SivaPA,A TRUE Battle,COMPILATION_ERROR,C++17 (GCC 7-32),1742703886
311951435,SivaPA,A TRUE Battle,WRONG_ANSWER,C++17 (GCC 7-32),1742701824
311947732,PaceMak1r_13,QED's Favorite Permutation,OK,C++20 (GCC 13-64),1742698176
311941180,h.wajih,Minimise Oneness,OK,C++17 (GCC 7-32),1742689599
311940901,h.wajih,Minimise Oneness,WRONG_ANSWER,C++17 (GCC 7-32),1742689155
311940095,h.wajih,A Gift From Orangutan,OK,C++17 (GCC 7-32),1742687695
311924014,MirazHossain_847,A TRUE Battle,OK,C++17 (GCC 7-32),1742676348
311920198,MirazHossain_847,A TRUE Battle,WRONG_ANSWER,C++17 (GCC 7-32),1742674167
311912550,sgonur,QED's Favorite Permutation,OK,C++17 (GCC 7-32),1742669727
311911954,sgonur,QED's Favorite Permutation,WRONG_ANSWER,C++17 (GCC 7-32),1742669399
311911100,svinidla,MEXimize the Score,OK,C++20 (GCC 13-64),1742668933
311910838,svinidla,MEXimize the Score,WRONG_ANSWER,C++20 (GCC 13-64),1742668804
311910741,sgonur,QED's Favorite Permutation,WRONG_ANSWER,C++17 (GCC 7-32),1742668756
311910694,svinidla,MEXimize the Score,WRONG_ANSWER,C++20 (GCC 13-64),1742668721
311910546,svinidla,MEXimize the Score,WRONG_ANSWER,C++20 (GCC 13-64),1742668654
311910456,sgonur,QED's Favorite Permutation,WRONG_ANSWER,C++17 (GCC 7-32),1742668600
311910217,svinidla,MEXimize the Score,WRONG_ANSWER,C++20 (GCC 13-64),1742668481
311910092,sgonur,QED's Favorite Permutation,WRONG_ANSWER,C++17 (GCC 7-32),1742668425
311909809,sgonur,QED's Favorite Permutation,WRONG_ANSWER,C++17 (GCC 7-32),1742668257
311909602,Speedster1010,Minimise Oneness,OK,C++20 (GCC 13-64),1742668167
311908758,svinidla,MEXimize the Score,WRONG_ANSWER,C++20 (GCC 13-64),1742667765
311898338,arinchopra,Minimise Oneness,OK,PyPy 3-64,1742663544
311898130,arinchopra,Minimise Oneness,WRONG_ANSWER,PyPy 3-64,1742663451
311897184,arinchopra,Minimise Oneness,RUNTIME_ERROR,PyPy 3-64,1742663190
311896929,arinchopra,Minimise Oneness,WRONG_ANSWER,PyPy 3-64,1742663102
311895595,arinchopra,Minimise Oneness,RUNTIME_ERROR,PyPy 3-64,1742662324
311884268,idanl2000,A TRUE Battle,OK,C++20 (GCC 13-64),1742660318
311874190,idanl2000,A TRUE Battle,WRONG_ANSWER,C++20 (GCC 13-64),1742659233
311795969,K-Marjona,A Gift From Orangutan,OK,C++20 (GCC 13-64),1742649113
311785238,PaceMak1r_13,A TRUE Battle,OK,C++20 (GCC 13-64),1742643281
311784672,__ALBION__,A TRUE Battle,WRONG_ANSWER,"C++23 (GCC 14-64, msys2)",1742642947
311784626,__ALBION__,A TRUE Battle,WRONG_ANSWER,"C++23 (GCC 14-64, msys2)",1742642918
311782340,jamieal24,Minimise Oneness,WRONG_ANSWER,Java 21,1742641782
311782331,luck_pa_124,QED's Favorite Permutation,OK,C++17 (GCC 7-32),1742641780
311779634,jamieal24,Minimise Oneness,WRONG_ANSWER,Java 21,1742640405
311778544,luck_pa_124,QED's Favorite Permutation,WRONG_ANSWER,C++17 (GCC 7-32),1742639875
311777183,luck_pa_124,QED's Favorite Permutation,WRONG_ANSWER,C++17 (GCC 7-32),1742639140
311775801,luck_pa_124,QED's Favorite Permutation,WRONG_ANSWER,C++17 (GCC 7-32),1742638456
311775397,__ALBION__,Minimise Oneness,OK,"C++23 (GCC 14-64, msys2)",1742638230
311775304,__ALBION__,Minimise Oneness,WRONG_ANSWER,"C++23 (GCC 14-64, msys2)",1742638184
311774687,__ALBION__,Minimise Oneness,WRONG_ANSWER,"C++23 (GCC 14-64, msys2)",1742637866
311771321,Shamzid,QED's Favorite Permutation,WRONG_ANSWER,C++20 (GCC 13-64),1742636211
311769124,__ALBION__,A Gift From Orangutan,OK,"C++23 (GCC 14-64, msys2)",1742635230
311765930,luck_pa_124,QED's Favorite Permutation,WRONG_ANSWER,C++17 (GCC 7-32),1742633754
311765034,luck_pa_124,QED's Favorite Permutation,WRONG_ANSWER,C++17 (GCC 7-32),1742633369
311759709,ShubhamMate,A TRUE Battle,WRONG_ANSWER,C++17 (GCC 7-32),1742631040
311759409,ShubhamMate,A TRUE Battle,WRONG_ANSWER,C++17 (GCC 7-32),1742630904
311759401,i_love_qingyu,MEXimize the Score,OK,C++20 (GCC 13-64),1742630901
311753786,luck_pa_124,QED's Favorite Permutation,WRONG_ANSWER,C++17 (GCC 7-32),1742628344
311750565,_faisal,A TRUE Battle,OK,"C++23 (GCC 14-64, msys2)",1742626891
311749517,heisenpeak..123,Minimise Oneness,OK,C++17 (GCC 7-32),1742626411
311749269,heisenpeak..123,Minimise Oneness,WRONG_ANSWER,C++17 (GCC 7-32),1742626299
311747863,_faisal,A TRUE Battle,WRONG_ANSWER,"C++23 (GCC 14-64, msys2)",1742625658
311746717,yachit,QED's Favorite Permutation,OK,C++17 (GCC 7-32),1742625137
311746597,mvsprabash,Minimise Oneness,WRONG_ANSWER,"C++23 (GCC 14-64, msys2)",1742625087
311746244,yachit,QED's Favorite Permutation,TIME_LIMIT_EXCEEDED,C++17 (GCC 7-32),1742624941
311745100,paraffin26,A TRUE Battle,OK,C++17 (GCC 7-32),1742624437
311743140,mvsprabash,A Gift From Orangutan,OK,"C++23 (GCC 14-64, msys2)",1742623434
311742452,v32ingebv1apr,The Destruction of the Universe (Easy Version),OK,C++17 (GCC 7-32),1742623066
311742361,j9p6qsoefdg6f,The Destruction of the Universe (Easy Version),WRONG_ANSWER,PyPy 3-64,1742623008
311741919,paraffin26,A TRUE Battle,WRONG_ANSWER,C++17 (GCC 7-32),1742622752
311741891,_faisal,A TRUE Battle,WRONG_ANSWER,"C++23 (GCC 14-64, msys2)",1742622735
311740781,ShubhamMate,Minimise Oneness,OK,C++17 (GCC 7-32),1742622094
311740238,jatin2006,A Gift From Orangutan,OK,C++20 (GCC 13-64),1742621785
311737552,yachit,QED's Favorite Permutation,TIME_LIMIT_EXCEEDED,C++17 (GCC 7-32),1742620092
311737367,Devansh_011,A TRUE Battle,OK,"C++23 (GCC 14-64, msys2)",1742619942
311736761,Devansh_011,A TRUE Battle,WRONG_ANSWER,"C++23 (GCC 14-64, msys2)",1742619468
311736491,Devansh_011,A TRUE Battle,WRONG_ANSWER,"C++23 (GCC 14-64, msys2)",1742619267
311736211,ShubhamMate,A Gift From Orangutan,OK,C++17 (GCC 7-32),1742619109
311735129,eugenekoran,Minimise Oneness,OK,PyPy 3-64,1742618419
311729451,Pramag_IIITD,Minimise Oneness,OK,C++20 (GCC 13-64),1742612273
311729316,zygnb,A TRUE Battle,WRONG_ANSWER,Java 21,1742612107
311720387,Nouran33,A Gift From Orangutan,OK,C++17 (GCC 7-32),1742598918
311705659,ayaniitg27business,A Gift From Orangutan,OK,C++17 (GCC 7-32),1742586581
311704757,sarkar_rabbi,A TRUE Battle,OK,C++20 (GCC 13-64),1742586023
311703421,ayaniitg27business,Minimise Oneness,OK,C++17 (GCC 7-32),1742585151
311703161,ayaniitg27business,Minimise Oneness,TIME_LIMIT_EXCEEDED,C++17 (GCC 7-32),1742584995
311702806,ayaniitg27business,Minimise Oneness,WRONG_ANSWER,C++17 (GCC 7-32),1742584770
311701052,lcs2019061,QED's Favorite Permutation,OK,C++17 (GCC 7-32),1742583670
311700534,bobAJ,A Gift From Orangutan,OK,"C++23 (GCC 14-64, msys2)",1742583349
311700285,lcs2019061,QED's Favorite Permutation,WRONG_ANSWER,C++17 (GCC 7-32),1742583208
311699979,Unskilled_007,A TRUE Battle,OK,"C++23 (GCC 14-64, msys2)",1742583012
311699866,Unskilled_007,A TRUE Battle,WRONG_ANSWER,"C++23 (GCC 14-64, msys2)",1742582948
311699864,GNBElover,Orangutan Approved Subarrays,OK,C++17 (GCC 7-32),1742582947
311699692,Six_Seconds,A TRUE Battle,OK,C++20 (GCC 13-64),1742582847
311699541,Six_Seconds,A TRUE Battle,WRONG_ANSWER,C++20 (GCC 13-64),1742582762
311699374,GNBElover,Orangutan Approved Subarrays,WRONG_ANSWER,C++17 (GCC 7-32),1742582661
311699066,lcs2019061,QED's Favorite Permutation,WRONG_ANSWER,C++17 (GCC 7-32),1742582468
311698979,Six_Seconds,A TRUE Battle,WRONG_ANSWER,C++20 (GCC 13-64),1742582407
311698722,Unskilled_007,A TRUE Battle,WRONG_ANSWER,"C++23 (GCC 14-64, msys2)",1742582253
311698259,Unskilled_007,A TRUE Battle,WRONG_ANSWER,"C++23 (GCC 14-64, msys2)",1742581981
311697894,shubhamchaurasiaap16,A TRUE Battle,OK,"C++23 (GCC 14-64, msys2)",1742581761
311697787,gs07,QED's Favorite Permutation,OK,C++17 (GCC 7-32),1742581704
311695929,shubhamchaurasiaap16,A TRUE Battle,WRONG_ANSWER,"C++23 (GCC 14-64, msys2)",1742580747
311695437,shekharshawcoc,A TRUE Battle,OK,"C++23 (GCC 14-64, msys2)",1742580456
311695088,TechAr,A Gift From Orangutan,WRONG_ANSWER,"C++23 (GCC 14-64, msys2)",1742580274
311694660,sarkar_rabbi,A TRUE Battle,WRONG_ANSWER,C++20 (GCC 13-64),1742580052
311689389,meow_tofu,A Gift From Orangutan,OK,C++17 (GCC 7-32),1742577360
311677100,himanharsh,A TRUE Battle,OK,C++17 (GCC 7-32),1742571340
311676751,himanharsh,A TRUE Battle,WRONG_ANSWER,C++17 (GCC 7-32),1742571192
311674154,Raman1420,A Gift From Orangutan,OK,C++17 (GCC 7-32),1742570046
311673511,Luciefer_x,Minimise Oneness,OK,C++17 (GCC 7-32),1742569762
311672496,j9p6qsoefdg6f,The Destruction of the Universe (Hard Version),RUNTIME_ERROR,PyPy 3-64,1742569300
311672294,Raman1420,Minimise Oneness,OK,C++17 (GCC 7-32),1742569213
311671579,sreya_1730,A Gift From Orangutan,OK,C++17 (GCC 7-32),1742568877
311670218,Habib_2010,A Gift From Orangutan,OK,C++20 (GCC 13-64),1742568308
311667317,Yash_Savalkar,Minimise Oneness,OK,C++20 (GCC 13-64),1742566947
311662916,kumara_ivan,Minimise Oneness,OK,C++17 (GCC 7-32),1742565002
311660907,gamaxi,Orangutan Approved Subarrays,COMPILATION_ERROR,"C++23 (GCC 14-64, msys2)",1742564194
311660070,fatinnow,A Gift From Orangutan,OK,Java 21,1742563884
311655147,yachit,QED's Favorite Permutation,WRONG_ANSWER,C++17 (GCC 7-32),1742561143
311654868,yachit,QED's Favorite Permutation,WRONG_ANSWER,C++17 (GCC 7-32),1742560999
311651960,yachit,A TRUE Battle,OK,C++17 (GCC 7-32),1742559657
311648241,blitz2,QED's Favorite Permutation,OK,C++20 (GCC 13-64),1742557875
311647744,blitz2,QED's Favorite Permutation,WRONG_ANSWER,C++20 (GCC 13-64),1742557662
311645896,yachit,Minimise Oneness,OK,C++17 (GCC 7-32),1742556805
311644978,yachit,A Gift From Orangutan,OK,C++17 (GCC 7-32),1742556341
311638702,_Honoured_One,Minimise Oneness,OK,GNU C11,1742553020
311638421,blitz2,QED's Favorite Permutation,WRONG_ANSWER,C++20 (GCC 13-64),1742552867
311638115,sarkar_rabbi,Minimise Oneness,OK,C++20 (GCC 13-64),1742552708
311637996,Stup702,Minimise Oneness,OK,"C++23 (GCC 14-64, msys2)",1742552632
311637965,Stup702,Minimise Oneness,COMPILATION_ERROR,GNU C11,1742552618
311637844,Prax27,QED's Favorite Permutation,OK,"C++23 (GCC 14-64, msys2)",1742552542
311637833,Stup702,A Gift From Orangutan,OK,GNU C11,1742552536
311637682,Prax27,QED's Favorite Permutation,WRONG_ANSWER,"C++23 (GCC 14-64, msys2)",1742552454
311636190,Prax27,QED's Favorite Permutation,WRONG_ANSWER,"C++23 (GCC 14-64, msys2)",1742551551
311636148,sarkar_rabbi,A Gift From Orangutan,OK,C++20 (GCC 13-64),1742551524
311635266,YouKnowCipher,QED's Favorite Permutation,OK,"C++23 (GCC 14-64, msys2)",1742551018
311634315,Prax27,QED's Favorite Permutation,WRONG_ANSWER,"C++23 (GCC 14-64, msys2)",1742550478
311632817,Jamesthebot8787,QED's Favorite Permutation,OK,C++20 (GCC 13-64),1742549523
311632581,YouKnowCipher,QED's Favorite Permutation,WRONG_ANSWER,"C++23 (GCC 14-64, msys2)",1742549368
311632028,XchOvO,A Gift From Orangutan,OK,"C++23 (GCC 14-64, msys2)",1742548985
311631825,XchOvO,A Gift From Orangutan,WRONG_ANSWER,"C++23 (GCC 14-64, msys2)",1742548826
311631722,krunal_2006,A Gift From Orangutan,OK,C++17 (GCC 7-32),1742548757
311631635,XchOvO,A Gift From Orangutan,WRONG_ANSWER,"C++23 (GCC 14-64, msys2)",1742548705
311628475,Prax27,QED's Favorite Permutation,WRONG_ANSWER,"C++23 (GCC 14-64, msys2)",1742543917
311627823,Prax27,QED's Favorite Permutation,WRONG_ANSWER,"C++23 (GCC 14-64, msys2)",1742543439
311627660,Prax27,QED's Favorite Permutation,WRONG_ANSWER,"C++23 (GCC 14-64, msys2)",1742543324
311627440,Prax27,QED's Favorite Permutation,WRONG_ANSWER,"C++23 (GCC 14-64, msys2)",1742543163
311627258,Prax27,QED's Favorite Permutation,WRONG_ANSWER,"C++23 (GCC 14-64, msys2)",1742543033
311626565,Prax27,QED's Favorite Permutation,WRONG_ANSWER,"C++23 (GCC 14-64, msys2)",1742542516
311626427,Prax27,QED's Favorite Permutation,WRONG_ANSWER,"C++23 (GCC 14-64, msys2)",1742542420
311626307,Prax27,QED's Favorite Permutation,WRONG_ANSWER,"C++23 (GCC 14-64, msys2)",1742542330
311621342,jadect,QED's Favorite Permutation,OK,C++17 (GCC 7-32),1742538884
311621275,Jamesthebot8787,QED's Favorite Permutation,WRONG_ANSWER,C++20 (GCC 13-64),1742538850
311619665,greenblade,QED's Favorite Permutation,OK,C++20 (GCC 13-64),1742537783
311619304,apurvsardana1,A TRUE Battle,OK,"C++23 (GCC 14-64, msys2)",1742537485
311618916,Jamesthebot8787,QED's Favorite Permutation,WRONG_ANSWER,C++20 (GCC 13-64),1742537186
311618511,Jamesthebot8787,QED's Favorite Permutation,WRONG_ANSWER,C++20 (GCC 13-64),1742536868
311618185,Jamesthebot8787,QED's Favorite Permutation,WRONG_ANSWER,C++20 (GCC 13-64),1742536599
311618174,LeaZT,A TRUE Battle,OK,PyPy 3-64,1742536588
311617028,apurvsardana1,A TRUE Battle,WRONG_ANSWER,"C++23 (GCC 14-64, msys2)",1742535592
311612643,fadh.ilhm,Minimise Oneness,OK,Java 21,1742531512
311612324,fadh.ilhm,Minimise Oneness,TIME_LIMIT_EXCEEDED,Java 21,1742531186
311611904,muskan469_,A TRUE Battle,WRONG_ANSWER,"C++23 (GCC 14-64, msys2)",1742530712
311604975,XchOvO,Minimise Oneness,OK,"C++23 (GCC 14-64, msys2)",1742522285
311604936,XchOvO,Minimise Oneness,WRONG_ANSWER,"C++23 (GCC 14-64, msys2)",1742522203
311603953,Altak,A Gift From Orangutan,OK,C++20 (GCC 13-64),1742520552
311603740,coord_axis,MEXimize the Score,OK,C++17 (GCC 7-32),1742520243
311603679,coord_axis,MEXimize the Score,WRONG_ANSWER,C++17 (GCC 7-32),1742520158
311603647,coord_axis,MEXimize the Score,WRONG_ANSWER,C++17 (GCC 7-32),1742520122
311603631,anisha.dey0407,A Gift From Orangutan,OK,C++17 (GCC 7-32),1742520100
311603628,nimisha.dey,A Gift From Orangutan,OK,C++17 (GCC 7-32),1742520095
311603613,coord_axis,MEXimize the Score,WRONG_ANSWER,C++17 (GCC 7-32),1742520082
311602750,coord_axis,MEXimize the Score,WRONG_ANSWER,C++17 (GCC 7-32),1742518856
311601243,Amirben,A TRUE Battle,OK,C++20 (GCC 13-64),1742516467
311600703,YouKnowCipher,QED's Favorite Permutation,WRONG_ANSWER,"C++23 (GCC 14-64, msys2)",1742515504
311600576,blitz2,QED's Favorite Permutation,WRONG_ANSWER,C++20 (GCC 13-64),1742515293
311600070,blitz2,QED's Favorite Permutation,WRONG_ANSWER,C++20 (GCC 13-64),1742514478
311599793,blitz2,QED's Favorite Permutation,WRONG_ANSWER,C++20 (GCC 13-64),1742514010
311599429,blitz2,QED's Favorite Permutation,RUNTIME_ERROR,C++20 (GCC 13-64),1742513426
311599291,blitz2,QED's Favorite Permutation,RUNTIME_ERROR,C++20 (GCC 13-64),1742513227
311599096,blitz2,QED's Favorite Permutation,RUNTIME_ERROR,C++20 (GCC 13-64),1742512954
311594918,Ahlam_Al1,Minimise Oneness,WRONG_ANSWER,"C++23 (GCC 14-64, msys2)",1742507601
311594343,Ahlam_Al1,Minimise Oneness,WRONG_ANSWER,"C++23 (GCC 14-64, msys2)",1742507083
311589377,gerar123,A Gift From Orangutan,OK,C++17 (GCC 7-32),1742503256
311582497,yuniDev,A Gift From Orangutan,RUNTIME_ERROR,C# 10,1742499082
311581361,Sajeeb,A TRUE Battle,OK,C++17 (GCC 7-32),1742498427
311579590,AbhayBajpai,A Gift From Orangutan,OK,"C++23 (GCC 14-64, msys2)",1742497413
311579339,Sajeeb,A TRUE Battle,WRONG_ANSWER,C++17 (GCC 7-32),1742497270
311576909,Coys10Aradhya,QED's Favorite Permutation,OK,C++17 (GCC 7-32),1742495857
311575282,Sajeeb,A TRUE Battle,WRONG_ANSWER,C++17 (GCC 7-32),1742494988
311568856,23._.qurbanov,A Gift From Orangutan,OK,Python 3,1742491785
311568699,Mohamedisaa,Minimise Oneness,OK,"C++23 (GCC 14-64, msys2)",1742491715
311565337,kishan_455,Minimise Oneness,OK,C++17 (GCC 7-32),1742490174
311565185,Nik_broj1,A TRUE Battle,OK,C++17 (GCC 7-32),1742490097
311564580,Nik_broj1,A TRUE Battle,WRONG_ANSWER,C++17 (GCC 7-32),1742489811
311564530,kishan_455,Minimise Oneness,WRONG_ANSWER,C++17 (GCC 7-32),1742489787
311563666,Nik_broj1,A TRUE Battle,COMPILATION_ERROR,GNU C11,1742489384
311560666,Ronja7,Minimise Oneness,OK,"C++23 (GCC 14-64, msys2)",1742488041
311559800,Ronja7,Minimise Oneness,COMPILATION_ERROR,GNU C11,1742487666
311557967,theSaviours,A TRUE Battle,OK,C++17 (GCC 7-32),1742486839
311556180,FlyingCat07,Minimise Oneness,WRONG_ANSWER,Java 21,1742486034
311554452,GNBElover,MEXimize the Score,OK,C++17 (GCC 7-32),1742485321
311551856,AloneInLoops,A TRUE Battle,OK,C++20 (GCC 13-64),1742484120
311551372,AloneInLoops,A TRUE Battle,WRONG_ANSWER,C++20 (GCC 13-64),1742483921
311550550,AloneInLoops,A TRUE Battle,WRONG_ANSWER,C++20 (GCC 13-64),1742483544
311550326,ayushlodha123,Minimise Oneness,OK,C++17 (GCC 7-32),1742483436
311550293,AloneInLoops,A TRUE Battle,WRONG_ANSWER,C++20 (GCC 13-64),1742483420
311549749,AloneInLoops,A TRUE Battle,WRONG_ANSWER,C++20 (GCC 13-64),1742483184
311547150,tekka_ity,A TRUE Battle,OK,Java 21,1742482104
311544205,Ronja7,A Gift From Orangutan,OK,GNU C11,1742480868
311543018,opstar,QED's Favorite Permutation,OK,"C++23 (GCC 14-64, msys2)",1742480375
311542307,AloneInLoops,A TRUE Battle,WRONG_ANSWER,C++20 (GCC 13-64),1742480078
311542097,opstar,QED's Favorite Permutation,WRONG_ANSWER,"C++23 (GCC 14-64, msys2)",1742479993
311537580,rajibulalam,A Gift From Orangutan,OK,C++17 (GCC 7-32),1742478117
311537388,nimisha.dey,Minimise Oneness,OK,C++17 (GCC 7-32),1742478028
311537267,anisha.dey0407,Minimise Oneness,OK,C++17 (GCC 7-32),1742477970
311536185,rajibulalam,Minimise Oneness,OK,C++17 (GCC 7-32),1742477445
311535422,kabirmittal,Minimise Oneness,OK,"C++23 (GCC 14-64, msys2)",1742477096
311535279,kabirmittal,Minimise Oneness,WRONG_ANSWER,"C++23 (GCC 14-64, msys2)",1742477030
311521913,rajibulalam,Minimise Oneness,WRONG_ANSWER,C++17 (GCC 7-32),1742470978
311512921,toriq,A TRUE Battle,OK,"C++23 (GCC 14-64, msys2)",1742466807
311511200,Abdullah_31,A Gift From Orangutan,OK,C++17 (GCC 7-32),1742465888
311510031,Pratyaksh26,A TRUE Battle,OK,C++17 (GCC 7-32),1742465243
311509680,toriq,A TRUE Battle,WRONG_ANSWER,"C++23 (GCC 14-64, msys2)",1742465038
311509095,toriq,A TRUE Battle,WRONG_ANSWER,"C++23 (GCC 14-64, msys2)",1742464716
311509003,Pratyaksh26,A TRUE Battle,WRONG_ANSWER,C++17 (GCC 7-32),1742464660
311502717,kabirmittal,A Gift From Orangutan,OK,"C++23 (GCC 14-64, msys2)",1742461247
311502325,SeventeenStrayCats,QED's Favorite Permutation,TIME_LIMIT_EXCEEDED,C++17 (GCC 7-32),1742461044
311501884,coolkid1412,A Gift From Orangutan,OK,"C++23 (GCC 14-64, msys2)",1742460801
311498622,aniru0111,Minimise Oneness,OK,C++17 (GCC 7-32),1742458985
311498471,yashasksm,Minimise Oneness,OK,"C++23 (GCC 14-64, msys2)",1742458904
311498425,karani,Minimise Oneness,OK,C++17 (GCC 7-32),1742458879
311498207,karani,Minimise Oneness,WRONG_ANSWER,C++17 (GCC 7-32),1742458751
311496381,preksha_1207,Minimise Oneness,WRONG_ANSWER,C++17 (GCC 7-32),1742457661
311496296,preksha_1207,Minimise Oneness,OK,C++17 (GCC 7-32),1742457609
311496107,preksha_1207,Minimise Oneness,WRONG_ANSWER,C++17 (GCC 7-32),1742457492
311495888,binglengmo,QED's Favorite Permutation,OK,C++20 (GCC 13-64),1742457343
311495873,QBY,A TRUE Battle,OK,"C++23 (GCC 14-64, msys2)",1742457332
311494525,QBY,A TRUE Battle,WRONG_ANSWER,"C++23 (GCC 14-64, msys2)",1742456467
311494375,QBY,Minimise Oneness,OK,"C++23 (GCC 14-64, msys2)",1742456370
311494137,QBY,A Gift From Orangutan,OK,"C++23 (GCC 14-64, msys2)",1742456244
311492364,tekka_ity,A TRUE Battle,OK,Java 21,1742455213
311491063,tekka_ity,A TRUE Battle,WRONG_ANSWER,Java 21,1742454473
311490768,tekka_ity,A TRUE Battle,WRONG_ANSWER,Java 21,1742454323
311482097,binglengmo,A TRUE Battle,OK,C++20 (GCC 13-64),1742448724
311482054,binglengmo,A TRUE Battle,OK,C++20 (GCC 13-64),1742448686
311481892,binglengmo,A TRUE Battle,WRONG_ANSWER,C++20 (GCC 13-64),1742448561
311480118,binglengmo,A TRUE Battle,WRONG_ANSWER,C++20 (GCC 13-64),1742447135
311474720,thengoipham,QED's Favorite Permutation,OK,C++17 (GCC 7-32),1742442467
311473188,dsn_20051209,QED's Favorite Permutation,OK,C++17 (GCC 7-32),1742440921
311473130,Stup702,A Gift From Orangutan,OK,GNU C11,1742440866
311471217,binglengmo,A TRUE Battle,WRONG_ANSWER,C++20 (GCC 13-64),1742438499
311470586,amanthaband,A TRUE Battle,WRONG_ANSWER,"C++23 (GCC 14-64, msys2)",1742437769
311470536,amanthaband,A TRUE Battle,WRONG_ANSWER,"C++23 (GCC 14-64, msys2)",1742437688
311470460,binglengmo,Minimise Oneness,OK,C++20 (GCC 13-64),1742437579
311469950,binglengmo,A Gift From Orangutan,OK,C++20 (GCC 13-64),1742436914
311463805,allamrajusaiprasad0,A Gift From Orangutan,OK,C++17 (GCC 7-32),1742428090
311448939,sanchiitvijay,A TRUE Battle,OK,C++17 (GCC 7-32),1742410287
311448619,sanchiitvijay,Minimise Oneness,OK,C++17 (GCC 7-32),1742410083
311431622,ByteMancer007,A TRUE Battle,OK,C++20 (GCC 13-64),1742401425
311430153,ByteMancer007,A TRUE Battle,WRONG_ANSWER,C++20 (GCC 13-64),1742400640
311424664,dmajestictiger,A TRUE Battle,OK,"C++23 (GCC 14-64, msys2)",1742397729
311424496,dmajestictiger,A TRUE Battle,WRONG_ANSWER,"C++23 (GCC 14-64, msys2)",1742397645
311418706,kishan_455,A Gift From Orangutan,OK,C++17 (GCC 7-32),1742394691
311418221,intnamespace,A TRUE Battle,OK,C++20 (GCC 13-64),1742394466
311417434,intnamespace,A TRUE Battle,WRONG_ANSWER,C++20 (GCC 13-64),1742394095
311416611,Orca64,QED's Favorite Permutation,OK,C++20 (GCC 13-64),1742393712
311413582,jajos,A TRUE Battle,WRONG_ANSWER,PyPy 3-64,1742392436
311413174,jajos,A TRUE Battle,WRONG_ANSWER,PyPy 3-64,1742392252
311412626,sanchiitvijay,A Gift From Orangutan,OK,C++17 (GCC 7-32),1742392032
311412339,jajos,A TRUE Battle,WRONG_ANSWER,PyPy 3-64,1742391915
311411595,jajos,A TRUE Battle,WRONG_ANSWER,PyPy 3-64,1742391598
311409520,jajos,Minimise Oneness,OK,PyPy 3-64,1742390701
311408965,jajos,Minimise Oneness,WRONG_ANSWER,PyPy 3-64,1742390474
311408371,Fresca,A Gift From Orangutan,OK,Kotlin 1.9,1742390233
311408368,jajos,A Gift From Orangutan,OK,PyPy 3-64,1742390232
311406827,piyush1304kumar,A TRUE Battle,OK,C++17 (GCC 7-32),1742389574
311406599,piyush1304kumar,A TRUE Battle,WRONG_ANSWER,C++17 (GCC 7-32),1742389481
311406337,piyush1304kumar,A TRUE Battle,WRONG_ANSWER,C++17 (GCC 7-32),1742389384
311405903,Fresca,A Gift From Orangutan,OK,Kotlin 1.9,1742389203
311403802,Quan260503,MEXimize the Score,OK,C++20 (GCC 13-64),1742388527
311403006,piyush1304kumar,A TRUE Battle,WRONG_ANSWER,C++17 (GCC 7-32),1742388169
311402809,Quan260503,MEXimize the Score,WRONG_ANSWER,C++20 (GCC 13-64),1742388079
311397723,fighting.,Minimise Oneness,WRONG_ANSWER,"C++23 (GCC 14-64, msys2)",1742385945
311395653,Kairm_Zaf,Orangutan Approved Subarrays,OK,"C++23 (GCC 14-64, msys2)",1742384978
311395478,Kairm_Zaf,Orangutan Approved Subarrays,WRONG_ANSWER,"C++23 (GCC 14-64, msys2)",1742384884
311395173,Kairm_Zaf,Orangutan Approved Subarrays,WRONG_ANSWER,"C++23 (GCC 14-64, msys2)",1742384734
311394781,Kairm_Zaf,Orangutan Approved Subarrays,WRONG_ANSWER,"C++23 (GCC 14-64, msys2)",1742384573
311394680,Kairm_Zaf,Orangutan Approved Subarrays,WRONG_ANSWER,"C++23 (GCC 14-64, msys2)",1742384520
311394049,Kairm_Zaf,Orangutan Approved Subarrays,WRONG_ANSWER,"C++23 (GCC 14-64, msys2)",1742384203
311393704,Kairm_Zaf,Orangutan Approved Subarrays,WRONG_ANSWER,"C++23 (GCC 14-64, msys2)",1742384030
311390877,Unreval,QED's Favorite Permutation,OK,C++20 (GCC 13-64),1742382528
311388879,HuyA,A Gift From Orangutan,OK,"C++23 (GCC 14-64, msys2)",1742381388
311388442,pallindrome,A TRUE Battle,WRONG_ANSWER,C++17 (GCC 7-32),1742381167
311387135,Radiolaria6,A Gift From Orangutan,OK,C++17 (GCC 7-32),1742380388
311383004,ovien.YANG,A Gift From Orangutan,OK,"C++23 (GCC 14-64, msys2)",1742378111
311378314,Kairm_Zaf,MEXimize the Score,OK,"C++23 (GCC 14-64, msys2)",1742375680
311378237,Kairm_Zaf,MEXimize the Score,WRONG_ANSWER,"C++23 (GCC 14-64, msys2)",1742375635
311378120,Kairm_Zaf,MEXimize the Score,OK,"C++23 (GCC 14-64, msys2)",1742375572
311377987,mbycxkyztt,QED's Favorite Permutation,OK,C++20 (GCC 13-64),1742375517
311377918,Kairm_Zaf,MEXimize the Score,WRONG_ANSWER,"C++23 (GCC 14-64, msys2)",1742375478
311377427,Kairm_Zaf,MEXimize the Score,WRONG_ANSWER,"C++23 (GCC 14-64, msys2)",1742375236
311373538,mbycxkyztt,A TRUE Battle,OK,C++20 (GCC 13-64),1742373193
311373279,mbycxkyztt,A TRUE Battle,WRONG_ANSWER,C++20 (GCC 13-64),1742373059
311362061,Dark_Soul_06,MEXimize the Score,OK,C++17 (GCC 7-32),1742366729
311359890,Dark_Soul_06,MEXimize the Score,OK,C++17 (GCC 7-32),1742365521
311359787,Dark_Soul_06,MEXimize the Score,OK,C++17 (GCC 7-32),1742365465
311359375,Dark_Soul_06,MEXimize the Score,OK,C++17 (GCC 7-32),1742365206
311359283,Dark_Soul_06,MEXimize the Score,OK,C++17 (GCC 7-32),1742365154
311359089,Dark_Soul_06,MEXimize the Score,WRONG_ANSWER,C++17 (GCC 7-32),1742365032
311358916,Dark_Soul_06,MEXimize the Score,WRONG_ANSWER,C++17 (GCC 7-32),1742364935
311358804,Dark_Soul_06,MEXimize the Score,WRONG_ANSWER,C++17 (GCC 7-32),1742364862
311358522,MadCoder031,MEXimize the Score,OK,C++17 (GCC 7-32),1742364676
311358329,MadCoder031,MEXimize the Score,WRONG_ANSWER,C++17 (GCC 7-32),1742364538
311358193,MadCoder031,MEXimize the Score,WRONG_ANSWER,C++17 (GCC 7-32),1742364455
311358156,SardonyxX_1628,QED's Favorite Permutation,OK,"C++23 (GCC 14-64, msys2)",1742364433
311358124,MadCoder031,MEXimize the Score,WRONG_ANSWER,C++17 (GCC 7-32),1742364410
311357936,MadCoder031,MEXimize the Score,WRONG_ANSWER,C++17 (GCC 7-32),1742364288
311357743,SardonyxX_1628,QED's Favorite Permutation,WRONG_ANSWER,"C++23 (GCC 14-64, msys2)",1742364157
311357653,MadCoder031,MEXimize the Score,OK,C++17 (GCC 7-32),1742364083
311357536,MadCoder031,MEXimize the Score,WRONG_ANSWER,C++17 (GCC 7-32),1742363996
311357468,SardonyxX_1628,QED's Favorite Permutation,WRONG_ANSWER,"C++23 (GCC 14-64, msys2)",1742363938
311357428,MadCoder031,MEXimize the Score,WRONG_ANSWER,C++17 (GCC 7-32),1742363912
311357297,MadCoder031,MEXimize the Score,OK,C++17 (GCC 7-32),1742363829
311357262,MadCoder031,MEXimize the Score,OK,C++17 (GCC 7-32),1742363806
311357174,SardonyxX_1628,QED's Favorite Permutation,WRONG_ANSWER,"C++23 (GCC 14-64, msys2)",1742363725
311357089,MadCoder031,MEXimize the Score,WRONG_ANSWER,C++17 (GCC 7-32),1742363662
311356996,MadCoder031,MEXimize the Score,WRONG_ANSWER,C++17 (GCC 7-32),1742363585
311356504,MadCoder031,MEXimize the Score,OK,C++17 (GCC 7-32),1742363175
311356153,MadCoder031,MEXimize the Score,WRONG_ANSWER,C++17 (GCC 7-32),1742362895
311355986,MadCoder031,MEXimize the Score,WRONG_ANSWER,C++17 (GCC 7-32),1742362761
311355746,MadCoder031,MEXimize the Score,WRONG_ANSWER,C++17 (GCC 7-32),1742362600
311355606,MadCoder031,MEXimize the Score,WRONG_ANSWER,C++17 (GCC 7-32),1742362495
311355308,MadCoder031,MEXimize the Score,WRONG_ANSWER,C++17 (GCC 7-32),1742362271
311354875,MadCoder031,MEXimize the Score,WRONG_ANSWER,C++17 (GCC 7-32),1742361946
311354775,MadCoder031,MEXimize the Score,WRONG_ANSWER,C++17 (GCC 7-32),1742361891
311354569,Dark_Soul_06,MEXimize the Score,WRONG_ANSWER,C++17 (GCC 7-32),1742361741
311354249,Dark_Soul_06,MEXimize the Score,WRONG_ANSWER,C++17 (GCC 7-32),1742361489
311354092,Dark_Soul_06,MEXimize the Score,WRONG_ANSWER,C++17 (GCC 7-32),1742361381
311353628,Dark_Soul_06,MEXimize the Score,WRONG_ANSWER,C++17 (GCC 7-32),1742361035
311353326,Dark_Soul_06,MEXimize the Score,WRONG_ANSWER,C++17 (GCC 7-32),1742360797
311344446,LoganGD,MEXimize the Score,OK,C++17 (GCC 7-32),1742351961
311340678,fgg123456,A TRUE Battle,OK,C++20 (GCC 13-64),1742347383
311340605,fgg123456,A TRUE Battle,COMPILATION_ERROR,C++20 (GCC 13-64),1742347297
311336542,Kairm_Zaf,MEXimize the Score,TIME_LIMIT_EXCEEDED,"C++23 (GCC 14-64, msys2)",1742341591
311336445,Kairm_Zaf,MEXimize the Score,TIME_LIMIT_EXCEEDED,"C++23 (GCC 14-64, msys2)",1742341461
311325946,lthamundhra5,A TRUE Battle,WRONG_ANSWER,C++17 (GCC 7-32),1742329738
311325311,lthamundhra5,A TRUE Battle,WRONG_ANSWER,C++17 (GCC 7-32),1742329245
311325145,lthamundhra5,A TRUE Battle,WRONG_ANSWER,C++17 (GCC 7-32),1742329130
311324910,lthamundhra5,A TRUE Battle,WRONG_ANSWER,C++17 (GCC 7-32),1742328976
311322155,secian_dip,A Gift From Orangutan,OK,C++20 (GCC 13-64),1742327021
311319858,thismagic,QED's Favorite Permutation,OK,"C++23 (GCC 14-64, msys2)",1742325411
311319547,thismagic,QED's Favorite Permutation,OK,"C++23 (GCC 14-64, msys2)",1742325206
311318932,thismagic,QED's Favorite Permutation,TIME_LIMIT_EXCEEDED,"C++23 (GCC 14-64, msys2)",1742324826
311318511,thismagic,QED's Favorite Permutation,WRONG_ANSWER,"C++23 (GCC 14-64, msys2)",1742324582
311318300,thismagic,QED's Favorite Permutation,WRONG_ANSWER,"C++23 (GCC 14-64, msys2)",1742324459
311318245,thismagic,QED's Favorite Permutation,RUNTIME_ERROR,"C++23 (GCC 14-64, msys2)",1742324428
311318128,thismagic,QED's Favorite Permutation,RUNTIME_ERROR,"C++23 (GCC 14-64, msys2)",1742324360
311316543,isym444,A TRUE Battle,WRONG_ANSWER,C++20 (GCC 13-64),1742323459
311315772,isym444,A TRUE Battle,WRONG_ANSWER,C++20 (GCC 13-64),1742323018
311313254,Miske9,A TRUE Battle,OK,Python 3,1742321678
311312711,Miske9,A TRUE Battle,WRONG_ANSWER,Python 3,1742321412
311312150,Miske9,A TRUE Battle,WRONG_ANSWER,Python 3,1742321137
311312089,Miske9,A TRUE Battle,WRONG_ANSWER,Python 3,1742321109
311311832,eshat69,A TRUE Battle,OK,Python 3,1742320981
311311570,Miske9,A TRUE Battle,WRONG_ANSWER,Python 3,1742320862
311311353,Miske9,A TRUE Battle,WRONG_ANSWER,Python 3,1742320758
311310505,Miske9,A TRUE Battle,WRONG_ANSWER,Python 3,1742320363
311310394,Miske9,A TRUE Battle,WRONG_ANSWER,Python 3,1742320314
311309668,Miske9,A TRUE Battle,RUNTIME_ERROR,Python 3,1742319956
311308000,priyanka_1,Minimise Oneness,OK,C++17 (GCC 7-32),1742319188
311306724,priyanka_1,A Gift From Orangutan,OK,C++17 (GCC 7-32),1742318661
311305805,Dhrumil_Patel,A Gift From Orangutan,OK,C++17 (GCC 7-32),1742318247
311305194,Dhrumil_Patel,A Gift From Orangutan,WRONG_ANSWER,C++17 (GCC 7-32),1742317966
311303184,CodeBlazer19,A TRUE Battle,WRONG_ANSWER,PyPy 3-64,1742317097
311297418,Zoyria,A TRUE Battle,OK,C++20 (GCC 13-64),1742314782
311293886,Zoyria,A TRUE Battle,WRONG_ANSWER,C++20 (GCC 13-64),1742313393
311293351,Zoyria,A TRUE Battle,WRONG_ANSWER,C++20 (GCC 13-64),1742313189
311292657,pro-omar99,A Gift From Orangutan,WRONG_ANSWER,C++17 (GCC 7-32),1742312941
311292516,pro-omar99,A Gift From Orangutan,WRONG_ANSWER,C++17 (GCC 7-32),1742312889
311292488,mahdi_bruh,A TRUE Battle,OK,C++20 (GCC 13-64),1742312883
311292135,Zoyria,A TRUE Battle,WRONG_ANSWER,C++20 (GCC 13-64),1742312771
311290199,mahdi_bruh,A TRUE Battle,WRONG_ANSWER,C++20 (GCC 13-64),1742312071
311290063,odairclamel,Minimise Oneness,OK,C++17 (GCC 7-32),1742312015
311288685,Zoyria,Minimise Oneness,OK,C++20 (GCC 13-64),1742311533
311288525,mahdi_bruh,A TRUE Battle,WRONG_ANSWER,C++20 (GCC 13-64),1742311477
311287071,mahdi_bruh,Minimise Oneness,OK,C++20 (GCC 13-64),1742311037
311286547,mahdi_bruh,Minimise Oneness,WRONG_ANSWER,C++20 (GCC 13-64),1742310902
311286260,Zoyria,A Gift From Orangutan,OK,C++20 (GCC 13-64),1742310820
311285323,mahdi_bruh,A Gift From Orangutan,OK,C++20 (GCC 13-64),1742310585
311279870,countless,QED's Favorite Permutation,WRONG_ANSWER,"C++23 (GCC 14-64, msys2)",1742308969
311279529,countless,QED's Favorite Permutation,WRONG_ANSWER,"C++23 (GCC 14-64, msys2)",1742308840
311277987,PzzZ,A TRUE Battle,OK,"C++23 (GCC 14-64, msys2)",1742308275
311277702,countless,QED's Favorite Permutation,OK,"C++23 (GCC 14-64, msys2)",1742308175
311276147,Vatan,QED's Favorite Permutation,OK,"C++23 (GCC 14-64, msys2)",1742307640
311275760,countless,QED's Favorite Permutation,WRONG_ANSWER,"C++23 (GCC 14-64, msys2)",1742307506
311275326,PzzZ,A TRUE Battle,WRONG_ANSWER,"C++23 (GCC 14-64, msys2)",1742307353
311275144,countless,QED's Favorite Permutation,WRONG_ANSWER,"C++23 (GCC 14-64, msys2)",1742307286
311274907,countless,QED's Favorite Permutation,WRONG_ANSWER,"C++23 (GCC 14-64, msys2)",1742307209
311274880,Vatan,QED's Favorite Permutation,WRONG_ANSWER,"C++23 (GCC 14-64, msys2)",1742307199
311274241,countless,QED's Favorite Permutation,WRONG_ANSWER,"C++23 (GCC 14-64, msys2)",1742306975
311274148,countless,QED's Favorite Permutation,WRONG_ANSWER,"C++23 (GCC 14-64, msys2)",1742306946
311273926,countless,QED's Favorite Permutation,WRONG_ANSWER,"C++23 (GCC 14-64, msys2)",1742306862
311273825,countless,QED's Favorite Permutation,OK,"C++23 (GCC 14-64, msys2)",1742306826
311273493,countless,QED's Favorite Permutation,WRONG_ANSWER,"C++23 (GCC 14-64, msys2)",1742306704
311273344,countless,QED's Favorite Permutation,WRONG_ANSWER,"C++23 (GCC 14-64, msys2)",1742306657
311272985,Marchell_Hii,A Gift From Orangutan,OK,C++17 (GCC 7-32),1742306539
311271716,countless,QED's Favorite Permutation,OK,"C++23 (GCC 14-64, msys2)",1742306126
311271387,countless,QED's Favorite Permutation,WRONG_ANSWER,"C++23 (GCC 14-64, msys2)",1742306023
311270757,countless,QED's Favorite Permutation,WRONG_ANSWER,"C++23 (GCC 14-64, msys2)",1742305843
311270512,countless,QED's Favorite Permutation,WRONG_ANSWER,"C++23 (GCC 14-64, msys2)",1742305763
311269701,countless,QED's Favorite Permutation,WRONG_ANSWER,"C++23 (GCC 14-64, msys2)",1742305530
311268152,countless,QED's Favorite Permutation,WRONG_ANSWER,"C++23 (GCC 14-64, msys2)",1742305093
311267758,countless,QED's Favorite Permutation,WRONG_ANSWER,"C++23 (GCC 14-64, msys2)",1742304983
311266910,countless,QED's Favorite Permutation,WRONG_ANSWER,"C++23 (GCC 14-64, msys2)",1742304750
311266160,countless,QED's Favorite Permutation,WRONG_ANSWER,"C++23 (GCC 14-64, msys2)",1742304542
311258243,Sung.An,Orangutan Approved Subarrays,OK,C++20 (GCC 13-64),1742301636
311257993,testingbot123,A TRUE Battle,OK,PyPy 3-64,1742301549
311257919,testingbot123,A TRUE Battle,RUNTIME_ERROR,PyPy 3-64,1742301518
311257831,Unreval,QED's Favorite Permutation,OK,C++20 (GCC 13-64),1742301484
311253120,Unreval,A TRUE Battle,OK,C++20 (GCC 13-64),1742299476
311252855,Unreval,A TRUE Battle,WRONG_ANSWER,C++20 (GCC 13-64),1742299368
311252581,Unreval,A TRUE Battle,WRONG_ANSWER,C++20 (GCC 13-64),1742299237
311252342,Unreval,A TRUE Battle,WRONG_ANSWER,C++20 (GCC 13-64),1742299166
311245538,longntt,A Gift From Orangutan,OK,"C++23 (GCC 14-64, msys2)",1742297031
311244488,longntt,Minimise Oneness,OK,"C++23 (GCC 14-64, msys2)",1742296665
311244300,longntt,Minimise Oneness,WRONG_ANSWER,"C++23 (GCC 14-64, msys2)",1742296598
311242939,Ovi_07,A Gift From Orangutan,OK,C++20 (GCC 13-64),1742296139
311241688,dave_johnson,Minimise Oneness,OK,C++17 (GCC 7-32),1742295694
311237176,Poochs,Minimise Oneness,OK,C++20 (GCC 13-64),1742293968
311236954,Poochs,Minimise Oneness,WRONG_ANSWER,C++20 (GCC 13-64),1742293881
311228070,Balu2907,A TRUE Battle,OK,Java 21,1742290387
311226584,awwab,A Gift From Orangutan,OK,"C++23 (GCC 14-64, msys2)",1742289787
311225185,Balu2907,A TRUE Battle,WRONG_ANSWER,Java 21,1742289250
311224877,awwab,Minimise Oneness,OK,"C++23 (GCC 14-64, msys2)",1742289133
311224252,arhamxfarooqui,A TRUE Battle,OK,"C++23 (GCC 14-64, msys2)",1742288868
311223834,arhamxfarooqui,A TRUE Battle,COMPILATION_ERROR,"C++23 (GCC 14-64, msys2)",1742288704
311223120,arhamxfarooqui,A TRUE Battle,WRONG_ANSWER,"C++23 (GCC 14-64, msys2)",1742288425
311222781,arhamxfarooqui,A TRUE Battle,WRONG_ANSWER,"C++23 (GCC 14-64, msys2)",1742288293
311220440,Re_frain,A Gift From Orangutan,OK,C++20 (GCC 13-64),1742287284
311218711,Re_frain,Minimise Oneness,OK,C++20 (GCC 13-64),1742286504
311218315,Re_frain,Minimise Oneness,WRONG_ANSWER,C++20 (GCC 13-64),1742286326
311209284,SardonyxX_1628,QED's Favorite Permutation,RUNTIME_ERROR,"C++23 (GCC 14-64, msys2)",1742282119
311209053,SardonyxX_1628,QED's Favorite Permutation,RUNTIME_ERROR,"C++23 (GCC 14-64, msys2)",1742281978
311204746,AliberA,Minimise Oneness,OK,C++20 (GCC 13-64),1742278895
311192762,abhay0089,A TRUE Battle,WRONG_ANSWER,C++17 (GCC 7-32),1742268105
311191151,Lubesh,QED's Favorite Permutation,OK,"C++23 (GCC 14-64, msys2)",1742266354
311179938,Harry_potter96,A Gift From Orangutan,OK,C++17 (GCC 7-32),1742252555
311179825,Harry_potter96,A Gift From Orangutan,OK,C++17 (GCC 7-32),1742252391
311179808,Harry_potter96,A Gift From Orangutan,WRONG_ANSWER,C++17 (GCC 7-32),1742252370
311179710,Harry_potter96,A Gift From Orangutan,OK,C++17 (GCC 7-32),1742252242
311179537,cartesian_bearrr,MEXimize the Score,OK,C++17 (GCC 7-32),1742251993
311178238,cartesian_bearrr,MEXimize the Score,WRONG_ANSWER,C++17 (GCC 7-32),1742250328
311177579,Kriz_Wu,Orangutan Approved Subarrays,OK,C++20 (GCC 13-64),1742249537
311175362,Berxwedan,A TRUE Battle,OK,C++20 (GCC 13-64),1742247248
311174165,Berxwedan,A TRUE Battle,WRONG_ANSWER,C++20 (GCC 13-64),1742246298
311169987,codeit_123,A TRUE Battle,OK,C++20 (GCC 13-64),1742243239
311163072,sourabhlathwal1,A TRUE Battle,OK,C++17 (GCC 7-32),1742238896
311159611,sourabhlathwal1,A TRUE Battle,WRONG_ANSWER,C++17 (GCC 7-32),1742236841
311154419,imrat_67,Minimise Oneness,OK,"C++23 (GCC 14-64, msys2)",1742234239
311141518,DarkestBlader,Minimise Oneness,OK,"C++23 (GCC 14-64, msys2)",1742229745
311034680,zeemanz,MEXimize the Score,OK,C++20 (GCC 13-64),1742219460
311034584,chumeng,QED's Favorite Permutation,OK,"C++23 (GCC 14-64, msys2)",1742219409
311034419,chumeng,QED's Favorite Permutation,WRONG_ANSWER,"C++23 (GCC 14-64, msys2)",1742219335
311034038,chumeng,QED's Favorite Permutation,WRONG_ANSWER,"C++23 (GCC 14-64, msys2)",1742219158
311033882,chumeng,QED's Favorite Permutation,WRONG_ANSWER,"C++23 (GCC 14-64, msys2)",1742219081
311033789,zeemanz,MEXimize the Score,RUNTIME_ERROR,"C++23 (GCC 14-64, msys2)",1742219037
311033730,zeemanz,MEXimize the Score,OK,C++17 (GCC 7-32),1742219013
311033241,chumeng,QED's Favorite Permutation,WRONG_ANSWER,"C++23 (GCC 14-64, msys2)",1742218787
311032772,shizukaMinamoto,A TRUE Battle,OK,C++20 (GCC 13-64),1742218564
311032231,shizukaMinamoto,A TRUE Battle,WRONG_ANSWER,C++20 (GCC 13-64),1742218323
311032189,zeemanz,MEXimize the Score,RUNTIME_ERROR,C++20 (GCC 13-64),1742218297
311031855,shizukaMinamoto,A TRUE Battle,WRONG_ANSWER,C++20 (GCC 13-64),1742218136
311031685,shizukaMinamoto,A TRUE Battle,WRONG_ANSWER,C++20 (GCC 13-64),1742218062
311030902,shizukaMinamoto,A TRUE Battle,WRONG_ANSWER,C++20 (GCC 13-64),1742217708
311028579,shizukaMinamoto,A TRUE Battle,WRONG_ANSWER,C++20 (GCC 13-64),1742216668
311027310,shizukaMinamoto,A TRUE Battle,WRONG_ANSWER,C++20 (GCC 13-64),1742216082
311023749,bunny57,A TRUE Battle,OK,"C++23 (GCC 14-64, msys2)",1742214372
311020836,bunny57,A TRUE Battle,WRONG_ANSWER,"C++23 (GCC 14-64, msys2)",1742212995
311017658,krishna_verma_c,A TRUE Battle,OK,"C++23 (GCC 14-64, msys2)",1742211500
311017567,Zeph340,A TRUE Battle,OK,Java 21,1742211452
311016947,Zeph340,A TRUE Battle,WRONG_ANSWER,Java 21,1742211139
311010107,Krishna_smh,Minimise Oneness,OK,C++20 (GCC 13-64),1742207430
311005250,singh_vikas,QED's Favorite Permutation,OK,"C++23 (GCC 14-64, msys2)",1742204380
311002702,singh_vikas,QED's Favorite Permutation,WRONG_ANSWER,"C++23 (GCC 14-64, msys2)",1742202946
311002640,krishna_verma_c,A TRUE Battle,WRONG_ANSWER,"C++23 (GCC 14-64, msys2)",1742202912
311002219,singh_vikas,QED's Favorite Permutation,TIME_LIMIT_EXCEEDED,"C++23 (GCC 14-64, msys2)",1742202675
311002114,preksha_1207,A Gift From Orangutan,OK,C++17 (GCC 7-32),1742202610
310999344,imrat_67,A Gift From Orangutan,OK,"C++23 (GCC 14-64, msys2)",1742201184
310997965,FrenH,QED's Favorite Permutation,WRONG_ANSWER,"C++23 (GCC 14-64, msys2)",1742200441
310994703,ann1545.,The Destruction of the Universe (Hard Version),WRONG_ANSWER,"C++23 (GCC 14-64, msys2)",1742198659
310994688,1147.,The Destruction of the Universe (Hard Version),WRONG_ANSWER,"C++23 (GCC 14-64, msys2)",1742198653
310994675,b1578.,The Destruction of the Universe (Easy Version),WRONG_ANSWER,"C++23 (GCC 14-64, msys2)",1742198646
310994661,av1055.,The Destruction of the Universe (Easy Version),WRONG_ANSWER,"C++23 (GCC 14-64, msys2)",1742198640
310994652,gra54.,Orangutan Approved Subarrays,WRONG_ANSWER,"C++23 (GCC 14-64, msys2)",1742198633
310994640,mo1861.,Orangutan Approved Subarrays,WRONG_ANSWER,"C++23 (GCC 14-64, msys2)",1742198627
310994624,pt619.,MEXimize the Score,WRONG_ANSWER,"C++23 (GCC 14-64, msys2)",1742198619
310994611,mjohn1134.,MEXimize the Score,WRONG_ANSWER,"C++23 (GCC 14-64, msys2)",1742198613
310994605,xrod627.,QED's Favorite Permutation,WRONG_ANSWER,"C++23 (GCC 14-64, msys2)",1742198607
310994594,ol1701.,QED's Favorite Permutation,TIME_LIMIT_EXCEEDED,"C++23 (GCC 14-64, msys2)",1742198600
310994581,xp6.,A TRUE Battle,WRONG_ANSWER,"C++23 (GCC 14-64, msys2)",1742198593
310994573,de1654.,A TRUE Battle,WRONG_ANSWER,"C++23 (GCC 14-64, msys2)",1742198587
310994560,meg179.,Minimise Oneness,OK,"C++23 (GCC 14-64, msys2)",1742198581
310994547,dor403.,Minimise Oneness,OK,"C++23 (GCC 14-64, msys2)",1742198576
310994525,low919.,A Gift From Orangutan,OK,"C++23 (GCC 14-64, msys2)",1742198569
310994515,ann1545.,A Gift From Orangutan,OK,"C++23 (GCC 14-64, msys2)",1742198562
310993481,FrenH,QED's Favorite Permutation,WRONG_ANSWER,"C++23 (GCC 14-64, msys2)",1742198028
310988247,ChenZHIyU,A Gift From Orangutan,OK,"C++23 (GCC 14-64, msys2)",1742194642
310986474,Fermits,A TRUE Battle,OK,C++20 (GCC 13-64),1742193567
310984715,ChenZHIyU,Minimise Oneness,OK,"C++23 (GCC 14-64, msys2)",1742192405
310984518,CODER7677,A TRUE Battle,OK,"C++23 (GCC 14-64, msys2)",1742192255
310984226,CODER7677,A TRUE Battle,WRONG_ANSWER,"C++23 (GCC 14-64, msys2)",1742192066
310981366,Abhishek_821023,QED's Favorite Permutation,OK,"C++23 (GCC 14-64, msys2)",1742189956
310980312,hithere111,A Gift From Orangutan,OK,PyPy 3,1742189205
310978319,Tanzim411,QED's Favorite Permutation,OK,"C++23 (GCC 14-64, msys2)",1742187740
310977495,Servinas,QED's Favorite Permutation,OK,C++17 (GCC 7-32),1742187060
310976534,Tanzim411,QED's Favorite Permutation,WRONG_ANSWER,"C++23 (GCC 14-64, msys2)",1742186330
310975363,darkkcyan,MEXimize the Score,OK,Rust 2021,1742185285
310974474,Fermits,A TRUE Battle,WRONG_ANSWER,C++20 (GCC 13-64),1742184424
310974433,Phantom_R,A Gift From Orangutan,OK,C++17 (GCC 7-32),1742184370
310973759,Fermits,A TRUE Battle,WRONG_ANSWER,C++20 (GCC 13-64),1742183663
310973483,Fermits,A TRUE Battle,WRONG_ANSWER,C++20 (GCC 13-64),1742183402
310971834,Fermits,A TRUE Battle,WRONG_ANSWER,C++20 (GCC 13-64),1742181505
310971637,804.,The Destruction of the Universe (Hard Version),TIME_LIMIT_EXCEEDED,"C++23 (GCC 14-64, msys2)",1742181254
310971627,o1219.,The Destruction of the Universe (Hard Version),WRONG_ANSWER,"C++23 (GCC 14-64, msys2)",1742181243
310971614,208.,The Destruction of the Universe (Hard Version),WRONG_ANSWER,"C++23 (GCC 14-64, msys2)",1742181232
310971604,ma1200.,The Destruction of the Universe (Hard Version),TIME_LIMIT_EXCEEDED,"C++23 (GCC 14-64, msys2)",1742181220
310971591,r533.,The Destruction of the Universe (Easy Version),WRONG_ANSWER,"C++23 (GCC 14-64, msys2)",1742181210
310971576,je1210.,The Destruction of the Universe (Easy Version),WRONG_ANSWER,"C++23 (GCC 14-64, msys2)",1742181197
310971565,grego605.,The Destruction of the Universe (Easy Version),WRONG_ANSWER,"C++23 (GCC 14-64, msys2)",1742181185
310971555,da1704.,The Destruction of the Universe (Easy Version),TIME_LIMIT_EXCEEDED,"C++23 (GCC 14-64, msys2)",1742181174
310971547,a294.,Orangutan Approved Subarrays,WRONG_ANSWER,"C++23 (GCC 14-64, msys2)",1742181162
310971538,v1033.,Orangutan Approved Subarrays,WRONG_ANSWER,"C++23 (GCC 14-64, msys2)",1742181151
310971518,oxyg1208.,Orangutan Approved Subarrays,WRONG_ANSWER,"C++23 (GCC 14-64, msys2)",1742181128
310971512,303.,MEXimize the Score,WRONG_ANSWER,"C++23 (GCC 14-64, msys2)",1742181117
310971508,ma831.,MEXimize the Score,WRONG_ANSWER,"C++23 (GCC 14-64, msys2)",1742181106
310971498,s816.,MEXimize the Score,WRONG_ANSWER,"C++23 (GCC 14-64, msys2)",1742181095
310971490,x624.,MEXimize the Score,WRONG_ANSWER,"C++23 (GCC 14-64, msys2)",1742181086
310971482,ksp645.,QED's Favorite Permutation,WRONG_ANSWER,"C++23 (GCC 14-64, msys2)",1742181072
310971477,st1007.,QED's Favorite Permutation,WRONG_ANSWER,"C++23 (GCC 14-64, msys2)",1742181063
310971473,350.,QED's Favorite Permutation,TIME_LIMIT_EXCEEDED,"C++23 (GCC 14-64, msys2)",1742181055
310971463,nba1473.,QED's Favorite Permutation,OK,"C++23 (GCC 14-64, msys2)",1742181041
310971448,1772.,A TRUE Battle,WRONG_ANSWER,"C++23 (GCC 14-64, msys2)",1742181026
310971440,1345.,A TRUE Battle,WRONG_ANSWER,"C++23 (GCC 14-64, msys2)",1742181015
310971433,jime182.,A TRUE Battle,WRONG_ANSWER,"C++23 (GCC 14-64, msys2)",1742181004
310971426,mogensastrup86,A TRUE Battle,WRONG_ANSWER,"C++23 (GCC 14-64, msys2)",1742180992
310971413,her1665.,Minimise Oneness,OK,"C++23 (GCC 14-64, msys2)",1742180981
310971401,n606.,Minimise Oneness,OK,"C++23 (GCC 14-64, msys2)",1742180972
310971395,599.,Minimise Oneness,OK,"C++23 (GCC 14-64, msys2)",1742180959
310971384,612.,Minimise Oneness,OK,"C++23 (GCC 14-64, msys2)",1742180948
310971375,tr884.,A Gift From Orangutan,OK,"C++23 (GCC 14-64, msys2)",1742180935
310971368,sa909.,A Gift From Orangutan,OK,"C++23 (GCC 14-64, msys2)",1742180924
310971365,jo725.,A Gift From Orangutan,OK,"C++23 (GCC 14-64, msys2)",1742180919
310971348,per1816.,A Gift From Orangutan,OK,"C++23 (GCC 14-64, msys2)",1742180900
310971120,Fermits,Minimise Oneness,OK,C++20 (GCC 13-64),1742180649
310970705,Fermits,A Gift From Orangutan,OK,C++20 (GCC 13-64),1742180253
310967145,Fionabanana,A TRUE Battle,OK,C++20 (GCC 13-64),1742175866
310966323,Fionabanana,Minimise Oneness,OK,C++20 (GCC 13-64),1742174770
310965644,9217,Orangutan Approved Subarrays,OK,C++17 (GCC 7-32),1742173811
310965564,9217,Orangutan Approved Subarrays,WRONG_ANSWER,C++17 (GCC 7-32),1742173675
310965097,Fionabanana,A Gift From Orangutan,OK,C++20 (GCC 13-64),1742173041
310963587,9217,MEXimize the Score,OK,C++17 (GCC 7-32),1742170825
310958676,htaal,QED's Favorite Permutation,OK,C++17 (GCC 7-32),1742164636
310958639,htaal,QED's Favorite Permutation,WRONG_ANSWER,C++17 (GCC 7-32),1742164597
310958408,htaal,QED's Favorite Permutation,WRONG_ANSWER,C++17 (GCC 7-32),1742164313
310958359,htaal,QED's Favorite Permutation,WRONG_ANSWER,C++17 (GCC 7-32),1742164256
310958227,htaal,QED's Favorite Permutation,WRONG_ANSWER,C++17 (GCC 7-32),1742164106
310958124,htaal,QED's Favorite Permutation,WRONG_ANSWER,C++17 (GCC 7-32),1742163985
310957473,htaal,QED's Favorite Permutation,TIME_LIMIT_EXCEEDED,C++17 (GCC 7-32),1742163263
310957417,htaal,QED's Favorite Permutation,WRONG_ANSWER,C++17 (GCC 7-32),1742163211
310957387,htaal,QED's Favorite Permutation,WRONG_ANSWER,C++17 (GCC 7-32),1742163176
310956309,htaal,QED's Favorite Permutation,TIME_LIMIT_EXCEEDED,C++17 (GCC 7-32),1742162081
310950248,_Q.u.a.n.t.a_,A Gift From Orangutan,OK,C++20 (GCC 13-64),1742157629
310949683,_Q.u.a.n.t.a_,Minimise Oneness,OK,C++20 (GCC 13-64),1742157225
310949365,_Q.u.a.n.t.a_,Minimise Oneness,WRONG_ANSWER,C++20 (GCC 13-64),1742157016
310945811,luffy09,A TRUE Battle,OK,C++20 (GCC 13-64),1742154751
310944995,luffy09,A TRUE Battle,WRONG_ANSWER,C++20 (GCC 13-64),1742154180
310941760,momocece,Minimise Oneness,OK,C++17 (GCC 7-32),1742152111
310941604,momocece,Minimise Oneness,WRONG_ANSWER,C++17 (GCC 7-32),1742152011
310940389,AdityaDey_006,A TRUE Battle,WRONG_ANSWER,C++17 (GCC 7-32),1742151223
310939231,Dominator069,Minimise Oneness,OK,C++20 (GCC 13-64),1742150536
310938938,shaurya64,QED's Favorite Permutation,OK,C++17 (GCC 7-32),1742150380
310935571,noa233,A TRUE Battle,OK,Java 8,1742148449
310935247,3alam,QED's Favorite Permutation,OK,C++17 (GCC 7-32),1742148232
310934817,AdityaDey_006,A TRUE Battle,WRONG_ANSWER,C++17 (GCC 7-32),1742147978
310934752,3alam,QED's Favorite Permutation,WRONG_ANSWER,C++17 (GCC 7-32),1742147947
310934434,noa233,QED's Favorite Permutation,OK,Java 8,1742147811
310934387,noa233,QED's Favorite Permutation,RUNTIME_ERROR,Java 8,1742147788
310934133,noa233,QED's Favorite Permutation,OK,Java 8,1742147669
310934105,noa233,QED's Favorite Permutation,RUNTIME_ERROR,Java 8,1742147654
310933929,noa233,QED's Favorite Permutation,WRONG_ANSWER,Java 8,1742147573
310933609,noa233,QED's Favorite Permutation,WRONG_ANSWER,Java 8,1742147423
310933523,noa233,QED's Favorite Permutation,RUNTIME_ERROR,Java 8,1742147391
310932898,noa233,QED's Favorite Permutation,WRONG_ANSWER,Java 8,1742147107
310932835,noa233,QED's Favorite Permutation,RUNTIME_ERROR,Java 8,1742147078
310932503,noa233,QED's Favorite Permutation,OK,C++20 (GCC 13-64),1742146909
310932384,noa233,QED's Favorite Permutation,OK,C++20 (GCC 13-64),1742146855
310931186,noa233,QED's Favorite Permutation,OK,C++20 (GCC 13-64),1742146324
310931112,noa233,QED's Favorite Permutation,WRONG_ANSWER,Java 8,1742146289
310928964,DoanManhChi2k1,A Gift From Orangutan,OK,C++17 (GCC 7-32),1742145336
310928024,kapergagen,A TRUE Battle,OK,C++20 (GCC 13-64),1742144905
310927787,noa233,Minimise Oneness,OK,Java 8,1742144796
310927511,noa233,A Gift From Orangutan,OK,Java 21,1742144681
310927415,noa233,A Gift From Orangutan,RUNTIME_ERROR,Java 21,1742144631
310927376,noa233,A Gift From Orangutan,RUNTIME_ERROR,Java 21,1742144612
310927212,noa233,A Gift From Orangutan,RUNTIME_ERROR,Java 8,1742144530
310926654,noa233,A Gift From Orangutan,RUNTIME_ERROR,Java 21,1742144272
310925833,Plavac52431,Minimise Oneness,OK,"C++23 (GCC 14-64, msys2)",1742143866
310925621,Plavac52431,Minimise Oneness,WRONG_ANSWER,"C++23 (GCC 14-64, msys2)",1742143757
310925484,Moncho,QED's Favorite Permutation,OK,C++20 (GCC 13-64),1742143690
310925441,Monchitoo,QED's Favorite Permutation,OK,"C++23 (GCC 14-64, msys2)",1742143673
310925354,kapergagen,A TRUE Battle,WRONG_ANSWER,C++20 (GCC 13-64),1742143629
310925324,Plavac52431,Minimise Oneness,WRONG_ANSWER,"C++23 (GCC 14-64, msys2)",1742143615
310917584,luuphucving,QED's Favorite Permutation,OK,"C++23 (GCC 14-64, msys2)",1742140094
310917311,Dominator069,QED's Favorite Permutation,WRONG_ANSWER,"C++23 (GCC 14-64, msys2)",1742139967
310909078,shlokp892,A TRUE Battle,OK,C++17 (GCC 7-32),1742135983
310907417,_Honoured_One,Minimise Oneness,OK,C++20 (GCC 13-64),1742135166
310902112,wangyao,Minimise Oneness,WRONG_ANSWER,C++17 (GCC 7-32),1742132682
310901945,wangyao,Minimise Oneness,WRONG_ANSWER,C++17 (GCC 7-32),1742132601
310900176,StoneXie,Orangutan Approved Subarrays,OK,"C++23 (GCC 14-64, msys2)",1742131782
310895284,Vipattim_Jayati,Orangutan Approved Subarrays,OK,"C++23 (GCC 14-64, msys2)",1742129348
310894830,Vipattim_Jayati,Orangutan Approved Subarrays,WRONG_ANSWER,"C++23 (GCC 14-64, msys2)",1742129121
310891694,Dudu_Lai,QED's Favorite Permutation,OK,C++17 (GCC 7-32),1742127464
310891140,pro-omar99,Minimise Oneness,OK,C++17 (GCC 7-32),1742127173
310891096,StoneXie,MEXimize the Score,OK,"C++23 (GCC 14-64, msys2)",1742127151
310890938,StoneXie,MEXimize the Score,RUNTIME_ERROR,"C++23 (GCC 14-64, msys2)",1742127052
310890775,StoneXie,MEXimize the Score,RUNTIME_ERROR,"C++23 (GCC 14-64, msys2)",1742126960
310890170,SwampFire_,QED's Favorite Permutation,WRONG_ANSWER,C++20 (GCC 13-64),1742126641
310890121,StoneXie,MEXimize the Score,RUNTIME_ERROR,"C++23 (GCC 14-64, msys2)",1742126615
310888366,SwampFire_,QED's Favorite Permutation,WRONG_ANSWER,C++20 (GCC 13-64),1742125733
310887277,SwampFire_,QED's Favorite Permutation,WRONG_ANSWER,C++20 (GCC 13-64),1742125187
310879684,Vipattim_Jayati,Orangutan Approved Subarrays,TIME_LIMIT_EXCEEDED,"C++23 (GCC 14-64, msys2)",1742121384
310878967,Vipattim_Jayati,Orangutan Approved Subarrays,WRONG_ANSWER,"C++23 (GCC 14-64, msys2)",1742121041
310878713,Dostonr,A TRUE Battle,OK,"C++23 (GCC 14-64, msys2)",1742120930
310878519,Dostonr,A TRUE Battle,WRONG_ANSWER,"C++23 (GCC 14-64, msys2)",1742120845
310877898,Vipattim_Jayati,Orangutan Approved Subarrays,WRONG_ANSWER,"C++23 (GCC 14-64, msys2)",1742120567
310875155,Nish,A TRUE Battle,OK,"C++23 (GCC 14-64, msys2)",1742119841
310870556,Dostonr,A TRUE Battle,WRONG_ANSWER,"C++23 (GCC 14-64, msys2)",1742118014
310867200,StoneXie,QED's Favorite Permutation,OK,"C++23 (GCC 14-64, msys2)",1742116619
310846347,Koustav_Kundu,Minimise Oneness,OK,C++20 (GCC 13-64),1742108694
310844788,imabhishek028,Minimise Oneness,OK,"C++23 (GCC 14-64, msys2)",1742107976
310844086,Amandeep_1077,QED's Favorite Permutation,OK,C++17 (GCC 7-32),1742107664
310843268,Amandeep_1077,QED's Favorite Permutation,WRONG_ANSWER,C++17 (GCC 7-32),1742107303
310842267,shaurya64,QED's Favorite Permutation,TIME_LIMIT_EXCEEDED,C++17 (GCC 7-32),1742106872
310841979,shaurya64,QED's Favorite Permutation,WRONG_ANSWER,C++17 (GCC 7-32),1742106744
310841322,Amandeep_1077,QED's Favorite Permutation,TIME_LIMIT_EXCEEDED,C++17 (GCC 7-32),1742106426
310840814,Amandeep_1077,QED's Favorite Permutation,WRONG_ANSWER,C++17 (GCC 7-32),1742106164
310840698,shaurya64,QED's Favorite Permutation,WRONG_ANSWER,C++17 (GCC 7-32),1742106114
310840372,Amandeep_1077,QED's Favorite Permutation,WRONG_ANSWER,C++17 (GCC 7-32),1742105962
310840247,Amandeep_1077,QED's Favorite Permutation,WRONG_ANSWER,C++17 (GCC 7-32),1742105901
310840076,Amandeep_1077,QED's Favorite Permutation,WRONG_ANSWER,C++17 (GCC 7-32),1742105817
310839267,shaurya64,QED's Favorite Permutation,WRONG_ANSWER,C++17 (GCC 7-32),1742105445
310838549,OANTU,A TRUE Battle,OK,C++20 (GCC 13-64),1742105111
310837244,OmarAboutaleb78,Minimise Oneness,WRONG_ANSWER,"C++23 (GCC 14-64, msys2)",1742104462
310837103,CodeMonsterChu,Minimise Oneness,WRONG_ANSWER,C++20 (GCC 13-64),1742104384
310836876,fighter743,Minimise Oneness,OK,"C++23 (GCC 14-64, msys2)",1742104268
310835839,Codernikkk,Minimise Oneness,WRONG_ANSWER,"C++23 (GCC 14-64, msys2)",1742103725
310835215,Ajudiya_kashyaps,Minimise Oneness,WRONG_ANSWER,"C++23 (GCC 14-64, msys2)",1742103371
310834646,acTiOn_kAmeN__,Minimise Oneness,WRONG_ANSWER,"C++23 (GCC 14-64, msys2)",1742103026
310833069,CodeMonsterChu,Minimise Oneness,WRONG_ANSWER,C++17 (GCC 7-32),1742102036
310832776,OANTU,A TRUE Battle,WRONG_ANSWER,C++20 (GCC 13-64),1742101858
310831663,imraquibe,Minimise Oneness,WRONG_ANSWER,"C++23 (GCC 14-64, msys2)",1742101021
310831365,CodeMonsterChu,Minimise Oneness,OK,C++17 (GCC 7-32),1742100787
310830951,bkifhr8,Minimise Oneness,WRONG_ANSWER,"C++23 (GCC 14-64, msys2)",1742100434
310830869,Rigle,Minimise Oneness,OK,C++20 (GCC 13-64),1742100361
310830816,Rigle,Minimise Oneness,WRONG_ANSWER,C++20 (GCC 13-64),1742100314
310830764,Rigle,Minimise Oneness,WRONG_ANSWER,C++20 (GCC 13-64),1742100276
310830686,DawnFall119,Minimise Oneness,WRONG_ANSWER,C++17 (GCC 7-32),1742100205
310830618,CodeMonsterChu,Minimise Oneness,WRONG_ANSWER,C++17 (GCC 7-32),1742100144
310830591,bkifhr6,Minimise Oneness,WRONG_ANSWER,C++20 (GCC 13-64),1742100125
310830216,rhythmrahejar,Minimise Oneness,WRONG_ANSWER,C++20 (GCC 13-64),1742099763
310830213,Sadman_Ishtiaks,Minimise Oneness,WRONG_ANSWER,C++17 (GCC 7-32),1742099761
310826353,yigan_Eins,QED's Favorite Permutation,OK,C++17 (GCC 7-32),1742095946
310826278,yigan_Eins,QED's Favorite Permutation,COMPILATION_ERROR,C++17 (GCC 7-32),1742095862
310813184,dati3212,QED's Favorite Permutation,OK,"C++23 (GCC 14-64, msys2)",1742088304
310801035,NrqrN,QED's Favorite Permutation,OK,C++20 (GCC 13-64),1742074867
310801012,prathmbamne2002,Minimise Oneness,OK,"C++23 (GCC 14-64, msys2)",1742074846
310800171,prathmbamne2002,A TRUE Battle,OK,"C++23 (GCC 14-64, msys2)",1742074266
310799440,NrqrN,QED's Favorite Permutation,WRONG_ANSWER,C++20 (GCC 13-64),1742073777
310798023,NrqrN,QED's Favorite Permutation,WRONG_ANSWER,C++20 (GCC 13-64),1742072775
310797081,NrqrN,QED's Favorite Permutation,WRONG_ANSWER,C++20 (GCC 13-64),1742072128
310796282,NrqrN,QED's Favorite Permutation,WRONG_ANSWER,C++20 (GCC 13-64),1742071617
310795594,prathmbamne2002,A TRUE Battle,WRONG_ANSWER,"C++23 (GCC 14-64, msys2)",1742071146
310794708,prathmbamne2002,A TRUE Battle,WRONG_ANSWER,"C++23 (GCC 14-64, msys2)",1742070557
310794643,htaal,QED's Favorite Permutation,TIME_LIMIT_EXCEEDED,C++17 (GCC 7-32),1742070519
310793998,htaal,QED's Favorite Permutation,TIME_LIMIT_EXCEEDED,C++17 (GCC 7-32),1742070102
310793942,htaal,QED's Favorite Permutation,WRONG_ANSWER,C++17 (GCC 7-32),1742070072
310792510,NrqrN,A TRUE Battle,OK,C++20 (GCC 13-64),1742069243
310791953,NrqrN,Minimise Oneness,OK,C++20 (GCC 13-64),1742068935
310791497,NrqrN,A Gift From Orangutan,OK,C++20 (GCC 13-64),1742068677
310786846,Peti4,QED's Favorite Permutation,OK,"C++23 (GCC 14-64, msys2)",1742066015
310782453,moulendu_7,A Gift From Orangutan,OK,"C++23 (GCC 14-64, msys2)",1742063665
310776872,Amandeep_1077,A TRUE Battle,OK,C++17 (GCC 7-32),1742061072
310776638,Amandeep_1077,A TRUE Battle,WRONG_ANSWER,C++17 (GCC 7-32),1742060956
310775903,Leo_Pranav,A TRUE Battle,OK,C++17 (GCC 7-32),1742060494
310775400,Amandeep_1077,Minimise Oneness,OK,C++17 (GCC 7-32),1742060202
310774841,siugi,QED's Favorite Permutation,OK,"C++23 (GCC 14-64, msys2)",1742059975
310774599,Amandeep_1077,A Gift From Orangutan,OK,C++17 (GCC 7-32),1742059887
310767139,khaled_bnou_el_walid,A Gift From Orangutan,OK,Python 3,1742057210
310765940,khaled_bnou_el_walid,A Gift From Orangutan,WRONG_ANSWER,Python 3,1742056844
310763247,olelo,A TRUE Battle,OK,"C++23 (GCC 14-64, msys2)",1742055949
310762774,KenanEhmed,A TRUE Battle,OK,C++17 (GCC 7-32),1742055805
310757284,olelo,A TRUE Battle,WRONG_ANSWER,"C++23 (GCC 14-64, msys2)",1742054301
310755683,abhaasaggarwal,QED's Favorite Permutation,OK,"C++23 (GCC 14-64, msys2)",1742053911
310755267,marcus06,QED's Favorite Permutation,OK,C++20 (GCC 13-64),1742053821
310754804,marcus06,QED's Favorite Permutation,OK,C++20 (GCC 13-64),1742053718
310754471,abhaasaggarwal,QED's Favorite Permutation,WRONG_ANSWER,"C++23 (GCC 14-64, msys2)",1742053644
310754213,abhaasaggarwal,A TRUE Battle,OK,"C++23 (GCC 14-64, msys2)",1742053589
310753723,marcus06,QED's Favorite Permutation,WRONG_ANSWER,C++20 (GCC 13-64),1742053482
310753160,marcus06,QED's Favorite Permutation,WRONG_ANSWER,C++20 (GCC 13-64),1742053358
310752983,abhaasaggarwal,A TRUE Battle,WRONG_ANSWER,"C++23 (GCC 14-64, msys2)",1742053320
310752946,abhaasaggarwal,Minimise Oneness,OK,"C++23 (GCC 14-64, msys2)",1742053311
310752889,abhaasaggarwal,A Gift From Orangutan,OK,"C++23 (GCC 14-64, msys2)",1742053301
310752807,abhaasaggarwal,QED's Favorite Permutation,WRONG_ANSWER,"C++23 (GCC 14-64, msys2)",1742053285
310732056,ange1697.,The Destruction of the Universe (Hard Version),WRONG_ANSWER,"C++23 (GCC 14-64, msys2)",1742049705
310730447,loom,QED's Favorite Permutation,OK,C++20 (GCC 13-64),1742049024
310729673,sheriff1,Minimise Oneness,OK,"C++23 (GCC 14-64, msys2)",1742048613
310729223,h946.,The Destruction of the Universe (Hard Version),WRONG_ANSWER,"C++23 (GCC 14-64, msys2)",1742048378
310727069,jo18.,The Destruction of the Universe (Easy Version),WRONG_ANSWER,"C++23 (GCC 14-64, msys2)",1742047321
310724856,MTM_Moh,Minimise Oneness,OK,GNU C11,1742046239
310724781,MTM_Moh,Minimise Oneness,WRONG_ANSWER,GNU C11,1742046206
310723712,mka372.,The Destruction of the Universe (Easy Version),WRONG_ANSWER,"C++23 (GCC 14-64, msys2)",1742045724
310721353,juanm272.,Orangutan Approved Subarrays,WRONG_ANSWER,"C++23 (GCC 14-64, msys2)",1742044644
310721151,MTM_Moh,A Gift From Orangutan,OK,GNU C11,1742044551
310720738,Nakul_Dhanani,A TRUE Battle,WRONG_ANSWER,"C++23 (GCC 14-64, msys2)",1742044370
310719773,StoneXie,A TRUE Battle,OK,"C++23 (GCC 14-64, msys2)",1742043919
310719744,f976.,Orangutan Approved Subarrays,WRONG_ANSWER,"C++23 (GCC 14-64, msys2)",1742043902
310719497,__Cipher__,A Gift From Orangutan,OK,"C++23 (GCC 14-64, msys2)",1742043793
310719385,StoneXie,A TRUE Battle,WRONG_ANSWER,"C++23 (GCC 14-64, msys2)",1742043743
310717752,804.,MEXimize the Score,WRONG_ANSWER,"C++23 (GCC 14-64, msys2)",1742043002
310717283,StoneXie,Minimise Oneness,OK,"C++23 (GCC 14-64, msys2)",1742042771
310716846,StoneXie,A Gift From Orangutan,OK,"C++23 (GCC 14-64, msys2)",1742042568
310714379,whi1229.,MEXimize the Score,WRONG_ANSWER,"C++23 (GCC 14-64, msys2)",1742041403
310714179,ByteBlade2104,QED's Favorite Permutation,OK,C++17 (GCC 7-32),1742041304
310712082,nc1411.,QED's Favorite Permutation,WRONG_ANSWER,"C++23 (GCC 14-64, msys2)",1742040259
310711543,nithin0810,QED's Favorite Permutation,OK,C++20 (GCC 13-64),1742040003
310711287,htaal,QED's Favorite Permutation,WRONG_ANSWER,C++17 (GCC 7-32),1742039898
310711118,htaal,QED's Favorite Permutation,WRONG_ANSWER,C++17 (GCC 7-32),1742039818
310709669,ash1756.,QED's Favorite Permutation,WRONG_ANSWER,"C++23 (GCC 14-64, msys2)",1742039097
310707205,224.,A TRUE Battle,WRONG_ANSWER,"C++23 (GCC 14-64, msys2)",1742037943
310706640,ByteBlade2104,QED's Favorite Permutation,WRONG_ANSWER,C++17 (GCC 7-32),1742037675
310705789,h946.,A TRUE Battle,WRONG_ANSWER,"C++23 (GCC 14-64, msys2)",1742037294
310705431,ByteBlade2104,QED's Favorite Permutation,WRONG_ANSWER,C++17 (GCC 7-32),1742037160
310704936,Liu_Mint,A TRUE Battle,WRONG_ANSWER,"C++23 (GCC 14-64, msys2)",1742036935
310704930,ByteBlade2104,QED's Favorite Permutation,RUNTIME_ERROR,C++17 (GCC 7-32),1742036933
310703732,246.,Minimise Oneness,OK,"C++23 (GCC 14-64, msys2)",1742036368
310702689,ch1441.,Minimise Oneness,OK,"C++23 (GCC 14-64, msys2)",1742035891
310701834,walk1883.,A Gift From Orangutan,OK,"C++23 (GCC 14-64, msys2)",1742035504
310701509,EmptyHole,QED's Favorite Permutation,OK,"C++23 (GCC 14-64, msys2)",1742035366
310701278,aar780.,A Gift From Orangutan,OK,"C++23 (GCC 14-64, msys2)",1742035259
310698681,Kau_23,Minimise Oneness,OK,C++17 (GCC 7-32),1742033995
310697881,jayashbhuyar,Minimise Oneness,OK,C++17 (GCC 7-32),1742033575
310697736,jayashbhuyar,Minimise Oneness,WRONG_ANSWER,C++17 (GCC 7-32),1742033503
310696479,Dimundel,A TRUE Battle,OK,C++17 (GCC 7-32),1742032917
310696012,siddharth_kr_05,A TRUE Battle,OK,"C++23 (GCC 14-64, msys2)",1742032723
310695912,lgxsx,A TRUE Battle,OK,C++17 (GCC 7-32),1742032684
310695818,lgxsx,A TRUE Battle,WRONG_ANSWER,C++17 (GCC 7-32),1742032638
310694714,halym2008,A Gift From Orangutan,OK,C++20 (GCC 13-64),1742032189
310690349,bindepzai,QED's Favorite Permutation,OK,C++17 (GCC 7-32),1742030372
310688683,bindepzai,QED's Favorite Permutation,WRONG_ANSWER,C++17 (GCC 7-32),1742029665
310686351,robicodex18,QED's Favorite Permutation,OK,C++20 (GCC 13-64),1742028695
310685808,lgxsx,A TRUE Battle,WRONG_ANSWER,C++17 (GCC 7-32),1742028472
310683953,lgxsx,A TRUE Battle,WRONG_ANSWER,C++17 (GCC 7-32),1742027714
310683577,bindepzai,QED's Favorite Permutation,WRONG_ANSWER,C++17 (GCC 7-32),1742027557
310683210,killer651,Minimise Oneness,OK,"C++23 (GCC 14-64, msys2)",1742027396
310682455,killer651,Minimise Oneness,WRONG_ANSWER,"C++23 (GCC 14-64, msys2)",1742027112
310682248,lgxsx,A TRUE Battle,WRONG_ANSWER,C++17 (GCC 7-32),1742027036
310681175,lgxsx,A TRUE Battle,WRONG_ANSWER,C++17 (GCC 7-32),1742026638
310676946,bindepzai,QED's Favorite Permutation,WRONG_ANSWER,C++17 (GCC 7-32),1742024913
310676821,bindepzai,QED's Favorite Permutation,COMPILATION_ERROR,C++17 (GCC 7-32),1742024864
310676200,bindepzai,QED's Favorite Permutation,COMPILATION_ERROR,C++17 (GCC 7-32),1742024618
310675227,bindepzai,QED's Favorite Permutation,WRONG_ANSWER,C++17 (GCC 7-32),1742024206
310673565,sakanaka,A TRUE Battle,OK,C++20 (GCC 13-64),1742023510
310673398,sakanaka,A TRUE Battle,WRONG_ANSWER,C++20 (GCC 13-64),1742023441
310672822,boltzmanns_bane,A Gift From Orangutan,OK,PyPy 3-64,1742023186
310670780,boltzmanns_bane,Minimise Oneness,OK,PyPy 3-64,1742022418
310665865,robicodex18,QED's Favorite Permutation,WRONG_ANSWER,C++20 (GCC 13-64),1742020236
310665751,moulendu_7,A TRUE Battle,WRONG_ANSWER,"C++23 (GCC 14-64, msys2)",1742020182
310661464,robicodex18,QED's Favorite Permutation,WRONG_ANSWER,C++20 (GCC 13-64),1742019128
310653472,kaizen_01,A Gift From Orangutan,OK,C++20 (GCC 13-64),1742012222
310649438,VaishCodes,A TRUE Battle,WRONG_ANSWER,GNU C11,1742008557
310648105,ate.codes,QED's Favorite Permutation,OK,C++20 (GCC 13-64),1742007166
310647257,bkifhr7,QED's Favorite Permutation,WRONG_ANSWER,C++20 (GCC 13-64),1742006353
310646015,chuaj9801,A TRUE Battle,OK,C++17 (GCC 7-32),1742005031
310644929,yash766786,A Gift From Orangutan,OK,C++20 (GCC 13-64),1742003959
310629834,luuphucving,MEXimize the Score,OK,C++17 (GCC 7-32),1741987862
310629612,shivacharani16,MEXimize the Score,WRONG_ANSWER,C++17 (GCC 7-32),1741987710
310629489,bkifhr9,MEXimize the Score,WRONG_ANSWER,C++17 (GCC 7-32),1741987620
310629375,ScorpioDaggar,MEXimize the Score,WRONG_ANSWER,C++17 (GCC 7-32),1741987550
310618050,Burleque,Minimise Oneness,OK,C++20 (GCC 13-64),1741981145
310617917,Burleque,Minimise Oneness,WRONG_ANSWER,C++20 (GCC 13-64),1741981059
310609820,ShubhamKumar29,Minimise Oneness,OK,C++17 (GCC 7-32),1741976703
310608572,moulendu_7,A TRUE Battle,WRONG_ANSWER,"C++23 (GCC 14-64, msys2)",1741976091
310606931,GaurangRanjan,A TRUE Battle,OK,"C++23 (GCC 14-64, msys2)",1741975323
310605749,singh_vikas,QED's Favorite Permutation,OK,"C++23 (GCC 14-64, msys2)",1741974777
310605181,GaurangRanjan,Minimise Oneness,OK,"C++23 (GCC 14-64, msys2)",1741974526
310604940,GaurangRanjan,Minimise Oneness,WRONG_ANSWER,"C++23 (GCC 14-64, msys2)",1741974420
310600824,fuchsia_wn,Minimise Oneness,OK,C++20 (GCC 13-64),1741972554
310599478,Qinghao.H,QED's Favorite Permutation,OK,"C++23 (GCC 14-64, msys2)",1741971915
310590066,Clonoth_20001,A TRUE Battle,OK,C++20 (GCC 13-64),1741967515
310589416,Clonoth_20001,A TRUE Battle,WRONG_ANSWER,C++20 (GCC 13-64),1741967242
310589399,kumardasshankit973,QED's Favorite Permutation,OK,C++17 (GCC 7-32),1741967228
310586959,fuchsia_wn,A TRUE Battle,OK,C++20 (GCC 13-64),1741966214
310586560,3.14,QED's Favorite Permutation,OK,C++17 (GCC 7-32),1741966041
310585530,TouhidAhmed,QED's Favorite Permutation,OK,C++17 (GCC 7-32),1741965644
310584841,Clonoth_20001,Minimise Oneness,OK,C++20 (GCC 13-64),1741965413
310583813,kumardasshankit973,QED's Favorite Permutation,WRONG_ANSWER,C++17 (GCC 7-32),1741965017
310582798,Clonoth_20001,A Gift From Orangutan,OK,C++20 (GCC 13-64),1741964601
310579118,goats_9,QED's Favorite Permutation,OK,"C++23 (GCC 14-64, msys2)",1741963134
310578566,kyrea.aw,A Gift From Orangutan,OK,C++20 (GCC 13-64),1741962905
310575358,kohlaaaa,MEXimize the Score,OK,C++20 (GCC 13-64),1741961608
310575277,Drakkon,MEXimize the Score,OK,"C++23 (GCC 14-64, msys2)",1741961576
310575216,Drakkon,MEXimize the Score,WRONG_ANSWER,"C++23 (GCC 14-64, msys2)",1741961549
310575147,DawnFall119,MEXimize the Score,WRONG_ANSWER,C++20 (GCC 13-64),1741961518
310570843,Dimundel,QED's Favorite Permutation,OK,C++17 (GCC 7-32),1741959668
310570000,pranshu_p,A Gift From Orangutan,OK,C++17 (GCC 7-32),1741959298
310569501,tomatoSwordDupe,QED's Favorite Permutation,OK,"C++23 (GCC 14-64, msys2)",1741959090
310569397,pranshu_p,A Gift From Orangutan,WRONG_ANSWER,C++17 (GCC 7-32),1741959046
310569338,go_mu,A TRUE Battle,OK,C++20 (GCC 13-64),1741959023
310569224,mpavansrikar2007,A TRUE Battle,OK,C++17 (GCC 7-32),1741958973
310568854,namredips7,QED's Favorite Permutation,OK,C++17 (GCC 7-32),1741958825
310568826,ShlokG,Orangutan Approved Subarrays,OK,C++17 (GCC 7-32),1741958808
310568631,mpavansrikar2007,A TRUE Battle,WRONG_ANSWER,C++17 (GCC 7-32),1741958710
310568229,mpavansrikar2007,A TRUE Battle,WRONG_ANSWER,C++17 (GCC 7-32),1741958544
310567954,mpavansrikar2007,A TRUE Battle,WRONG_ANSWER,C++17 (GCC 7-32),1741958418
310567536,bbtbb,QED's Favorite Permutation,OK,C++17 (GCC 7-32),1741958219
310566994,bbtbb,QED's Favorite Permutation,OK,C++17 (GCC 7-32),1741957973
310566933,ShlokG,MEXimize the Score,OK,C++17 (GCC 7-32),1741957950
310565102,CacheMe,QED's Favorite Permutation,OK,"C++23 (GCC 14-64, msys2)",1741957127
310564955,ShlokG,QED's Favorite Permutation,OK,C++17 (GCC 7-32),1741957069
310563309,uannai,QED's Favorite Permutation,OK,"C++23 (GCC 14-64, msys2)",1741956339
310563054,DOGQI,QED's Favorite Permutation,OK,C++20 (GCC 13-64),1741956232
310562301,WYCCCCC,QED's Favorite Permutation,OK,"C++23 (GCC 14-64, msys2)",1741955915
310562176,sumitpatel,A TRUE Battle,OK,C++17 (GCC 7-32),1741955863
310562084,DOGQI,QED's Favorite Permutation,WRONG_ANSWER,C++20 (GCC 13-64),1741955827
310562042,sumitpatel,A TRUE Battle,WRONG_ANSWER,C++17 (GCC 7-32),1741955807
310561951,sumitpatel,A TRUE Battle,COMPILATION_ERROR,C++17 (GCC 7-32),1741955771
310561468,CacheMe,QED's Favorite Permutation,WRONG_ANSWER,"C++23 (GCC 14-64, msys2)",1741955569
310560307,sumitpatel,A TRUE Battle,WRONG_ANSWER,C++17 (GCC 7-32),1741955074
310559801,sumitpatel,A TRUE Battle,WRONG_ANSWER,C++17 (GCC 7-32),1741954857
310559699,PimpedButterfly,A TRUE Battle,OK,C++17 (GCC 7-32),1741954811
310559508,sumitpatel,A TRUE Battle,WRONG_ANSWER,C++17 (GCC 7-32),1741954729
310559283,WYCCCCC,QED's Favorite Permutation,WRONG_ANSWER,"C++23 (GCC 14-64, msys2)",1741954616
310558947,WYCCCCC,QED's Favorite Permutation,WRONG_ANSWER,"C++23 (GCC 14-64, msys2)",1741954463
310557815,WYCCCCC,QED's Favorite Permutation,RUNTIME_ERROR,"C++23 (GCC 14-64, msys2)",1741953963
310557701,PimpedButterfly,A TRUE Battle,WRONG_ANSWER,C++17 (GCC 7-32),1741953914
310556778,CacheMe,A TRUE Battle,OK,"C++23 (GCC 14-64, msys2)",1741953507
310556383,CacheMe,A TRUE Battle,WRONG_ANSWER,"C++23 (GCC 14-64, msys2)",1741953349
310555643,CacheMe,A TRUE Battle,WRONG_ANSWER,"C++23 (GCC 14-64, msys2)",1741953035
310555328,CacheMe,A TRUE Battle,WRONG_ANSWER,"C++23 (GCC 14-64, msys2)",1741952909
310555111,bbtbb,QED's Favorite Permutation,TIME_LIMIT_EXCEEDED,C++17 (GCC 7-32),1741952814
310555026,bbtbb,QED's Favorite Permutation,TIME_LIMIT_EXCEEDED,C++17 (GCC 7-32),1741952776
310554916,bbtbb,QED's Favorite Permutation,TIME_LIMIT_EXCEEDED,C++17 (GCC 7-32),1741952726
310554699,PimpedButterfly,A TRUE Battle,WRONG_ANSWER,C++17 (GCC 7-32),1741952631
310554371,bbtbb,QED's Favorite Permutation,WRONG_ANSWER,C++17 (GCC 7-32),1741952477
310554107,bbtbb,QED's Favorite Permutation,WRONG_ANSWER,C++17 (GCC 7-32),1741952367
310553706,CacheMe,Minimise Oneness,OK,"C++23 (GCC 14-64, msys2)",1741952200
310553231,CacheMe,A Gift From Orangutan,OK,"C++23 (GCC 14-64, msys2)",1741951991
310553206,bbtbb,QED's Favorite Permutation,TIME_LIMIT_EXCEEDED,C++17 (GCC 7-32),1741951979
310552936,giokit,QED's Favorite Permutation,OK,C++20 (GCC 13-64),1741951882
310551128,bbtbb,QED's Favorite Permutation,TIME_LIMIT_EXCEEDED,C++17 (GCC 7-32),1741951060
310550375,bbtbb,QED's Favorite Permutation,TIME_LIMIT_EXCEEDED,C++17 (GCC 7-32),1741950719
310550256,LeHoangQuan07,Minimise Oneness,OK,C++20 (GCC 13-64),1741950670
310549025,bbtbb,QED's Favorite Permutation,WRONG_ANSWER,C++17 (GCC 7-32),1741950095
310548984,bbtbb,QED's Favorite Permutation,COMPILATION_ERROR,GNU C11,1741950077
310548942,bbtbb,QED's Favorite Permutation,COMPILATION_ERROR,"C++23 (GCC 14-64, msys2)",1741950053
310548618,DOGQI,A TRUE Battle,OK,Python 3,1741949902
310548090,DOGQI,Minimise Oneness,RUNTIME_ERROR,Python 3,1741949642
310548020,DOGQI,Minimise Oneness,RUNTIME_ERROR,PyPy 3-64,1741949612
310547914,DOGQI,A TRUE Battle,COMPILATION_ERROR,C++20 (GCC 13-64),1741949557
310546573,mpavansrikar2007,Minimise Oneness,OK,C++17 (GCC 7-32),1741948883
310545907,mpavansrikar2007,Minimise Oneness,WRONG_ANSWER,C++17 (GCC 7-32),1741948547
310544498,mpavansrikar2007,Minimise Oneness,WRONG_ANSWER,C++17 (GCC 7-32),1741947872
310543325,bbtbb,A TRUE Battle,OK,"C++23 (GCC 14-64, msys2)",1741947334
310542835,bbtbb,A TRUE Battle,WRONG_ANSWER,"C++23 (GCC 14-64, msys2)",1741947118
310540777,istiak_a2i,MEXimize the Score,OK,C++20 (GCC 13-64),1741946192
310540404,bbtbb,Minimise Oneness,OK,"C++23 (GCC 14-64, msys2)",1741946029
310540350,mpavansrikar2007,A Gift From Orangutan,OK,C++17 (GCC 7-32),1741946003
310540236,istiak_a2i,MEXimize the Score,WRONG_ANSWER,C++20 (GCC 13-64),1741945943
310539849,bbtbb,Minimise Oneness,WRONG_ANSWER,"C++23 (GCC 14-64, msys2)",1741945746
310539153,bbtbb,A Gift From Orangutan,OK,"C++23 (GCC 14-64, msys2)",1741945418
310528090,hhhzzff,QED's Favorite Permutation,WRONG_ANSWER,C++17 (GCC 7-32),1741940104
310527648,hhhzzff,QED's Favorite Permutation,WRONG_ANSWER,C++17 (GCC 7-32),1741939857
310521655,hm114514,QED's Favorite Permutation,OK,"C++23 (GCC 14-64, msys2)",1741936183
310518189,22je0265,A TRUE Battle,WRONG_ANSWER,C++17 (GCC 7-32),1741934045
310517090,z0ne,Minimise Oneness,OK,C++17 (GCC 7-32),1741933354
310514469,soulfull,QED's Favorite Permutation,OK,C++17 (GCC 7-32),1741931614
310514402,soulfull,QED's Favorite Permutation,WRONG_ANSWER,C++17 (GCC 7-32),1741931570
310510971,soulfull,QED's Favorite Permutation,COMPILATION_ERROR,C++17 (GCC 7-32),1741928930
310507144,jatin_23,A Gift From Orangutan,OK,"C++23 (GCC 14-64, msys2)",1741925243
310506448,nanoblob,MEXimize the Score,OK,C++20 (GCC 13-64),1741924527
310506335,yash_sherla,A Gift From Orangutan,OK,C++20 (GCC 13-64),1741924405
310506069,nanoblob,MEXimize the Score,WRONG_ANSWER,C++20 (GCC 13-64),1741924170
310501341,hcywoi,Orangutan Approved Subarrays,OK,"C++23 (GCC 14-64, msys2)",1741919171
310497552,fh92.,The Destruction of the Universe (Hard Version),WRONG_ANSWER,"C++23 (GCC 14-64, msys2)",1741915130
310497539,ch1418.,The Destruction of the Universe (Hard Version),WRONG_ANSWER,"C++23 (GCC 14-64, msys2)",1741915116
310497537,jhu1605.,The Destruction of the Universe (Hard Version),WRONG_ANSWER,"C++23 (GCC 14-64, msys2)",1741915115
310497525,t1556.,The Destruction of the Universe (Hard Version),WRONG_ANSWER,"C++23 (GCC 14-64, msys2)",1741915101
310497519,des856.,The Destruction of the Universe (Hard Version),WRONG_ANSWER,"C++23 (GCC 14-64, msys2)",1741915095
310497494,a356.,The Destruction of the Universe (Hard Version),WRONG_ANSWER,"C++23 (GCC 14-64, msys2)",1741915055
310497493,xsmi1448.,The Destruction of the Universe (Hard Version),WRONG_ANSWER,"C++23 (GCC 14-64, msys2)",1741915054
310497492,ega859.,The Destruction of the Universe (Hard Version),WRONG_ANSWER,"C++23 (GCC 14-64, msys2)",1741915051
310497491,1625.,The Destruction of the Universe (Easy Version),WRONG_ANSWER,"C++23 (GCC 14-64, msys2)",1741915051
310497489,debr1024.,The Destruction of the Universe (Easy Version),WRONG_ANSWER,"C++23 (GCC 14-64, msys2)",1741915049
310497487,ma351.,The Destruction of the Universe (Easy Version),WRONG_ANSWER,"C++23 (GCC 14-64, msys2)",1741915048
310497486,mich1252.,The Destruction of the Universe (Easy Version),TIME_LIMIT_EXCEEDED,"C++23 (GCC 14-64, msys2)",1741915048
310497482,oc1676.,The Destruction of the Universe (Easy Version),TIME_LIMIT_EXCEEDED,"C++23 (GCC 14-64, msys2)",1741915042
310497467,wolf1005.,The Destruction of the Universe (Easy Version),WRONG_ANSWER,"C++23 (GCC 14-64, msys2)",1741915024
310497464,jime182.,The Destruction of the Universe (Easy Version),WRONG_ANSWER,"C++23 (GCC 14-64, msys2)",1741915019
310497457,ke1626.,Orangutan Approved Subarrays,WRONG_ANSWER,"C++23 (GCC 14-64, msys2)",1741915011
310497456,co1596.,Orangutan Approved Subarrays,WRONG_ANSWER,"C++23 (GCC 14-64, msys2)",1741915011
310497455,pt619.,Orangutan Approved Subarrays,WRONG_ANSWER,"C++23 (GCC 14-64, msys2)",1741915009
310497454,1754.,Orangutan Approved Subarrays,WRONG_ANSWER,"C++23 (GCC 14-64, msys2)",1741915007
310497449,goof1165.,Orangutan Approved Subarrays,WRONG_ANSWER,"C++23 (GCC 14-64, msys2)",1741915001
310497440,363.,Orangutan Approved Subarrays,WRONG_ANSWER,"C++23 (GCC 14-64, msys2)",1741914989
310497439,insta528.,Orangutan Approved Subarrays,WRONG_ANSWER,"C++23 (GCC 14-64, msys2)",1741914986
310497428,a643.,Orangutan Approved Subarrays,WRONG_ANSWER,"C++23 (GCC 14-64, msys2)",1741914973
310497424,et934.,MEXimize the Score,WRONG_ANSWER,"C++23 (GCC 14-64, msys2)",1741914969
310497394,1744.,MEXimize the Score,WRONG_ANSWER,"C++23 (GCC 14-64, msys2)",1741914933
310497391,sha838.,MEXimize the Score,RUNTIME_ERROR,"C++23 (GCC 14-64, msys2)",1741914932
310497390,jessi559.,MEXimize the Score,WRONG_ANSWER,"C++23 (GCC 14-64, msys2)",1741914930
310497377,ange1697.,MEXimize the Score,WRONG_ANSWER,"C++23 (GCC 14-64, msys2)",1741914915
310497376,v1033.,MEXimize the Score,WRONG_ANSWER,"C++23 (GCC 14-64, msys2)",1741914915
310497375,1324.,MEXimize the Score,WRONG_ANSWER,"C++23 (GCC 14-64, msys2)",1741914914
310497374,1346.,QED's Favorite Permutation,WRONG_ANSWER,"C++23 (GCC 14-64, msys2)",1741914913
310497373,j1664.,MEXimize the Score,WRONG_ANSWER,"C++23 (GCC 14-64, msys2)",1741914912
310497369,1704.,QED's Favorite Permutation,WRONG_ANSWER,"C++23 (GCC 14-64, msys2)",1741914899
310497360,h667.,QED's Favorite Permutation,WRONG_ANSWER,"C++23 (GCC 14-64, msys2)",1741914888
310497358,94.,QED's Favorite Permutation,WRONG_ANSWER,"C++23 (GCC 14-64, msys2)",1741914887
310497357,maikescholz5,QED's Favorite Permutation,WRONG_ANSWER,"C++23 (GCC 14-64, msys2)",1741914887
310497356,riv718.,QED's Favorite Permutation,WRONG_ANSWER,"C++23 (GCC 14-64, msys2)",1741914886
310497345,bb1644.,QED's Favorite Permutation,WRONG_ANSWER,"C++23 (GCC 14-64, msys2)",1741914878
310497344,terrysimon967,QED's Favorite Permutation,WRONG_ANSWER,"C++23 (GCC 14-64, msys2)",1741914877
310497341,and191.,A TRUE Battle,WRONG_ANSWER,"C++23 (GCC 14-64, msys2)",1741914872
310497340,nic1519.,A TRUE Battle,WRONG_ANSWER,"C++23 (GCC 14-64, msys2)",1741914868
310497338,s1543.,Minimise Oneness,WRONG_ANSWER,"C++23 (GCC 14-64, msys2)",1741914867
310497323,blowofffuncus,Minimise Oneness,TIME_LIMIT_EXCEEDED,"C++23 (GCC 14-64, msys2)",1741914850
310497288,on551.,Minimise Oneness,WRONG_ANSWER,"C++23 (GCC 14-64, msys2)",1741914812
310497287,aar780.,Minimise Oneness,WRONG_ANSWER,"C++23 (GCC 14-64, msys2)",1741914809
310497283,s175.,Minimise Oneness,WRONG_ANSWER,"C++23 (GCC 14-64, msys2)",1741914806
310497279,k47.,Minimise Oneness,WRONG_ANSWER,"C++23 (GCC 14-64, msys2)",1741914795
310497277,mor243.,Minimise Oneness,WRONG_ANSWER,"C++23 (GCC 14-64, msys2)",1741914793
310497270,719.,A Gift From Orangutan,WRONG_ANSWER,"C++23 (GCC 14-64, msys2)",1741914787
310497268,mjohn1134.,A Gift From Orangutan,WRONG_ANSWER,"C++23 (GCC 14-64, msys2)",1741914786
310497263,1681.,A Gift From Orangutan,WRONG_ANSWER,"C++23 (GCC 14-64, msys2)",1741914783
310497241,r597.,A Gift From Orangutan,WRONG_ANSWER,"C++23 (GCC 14-64, msys2)",1741914758
310497239,hug1047.,A Gift From Orangutan,WRONG_ANSWER,"C++23 (GCC 14-64, msys2)",1741914755
310493209,u782ey24jmcvf,The Destruction of the Universe (Easy Version),OK,C++17 (GCC 7-32),1741910153
310483153,ixquadraumm,QED's Favorite Permutation,OK,C++17 (GCC 7-32),1741901303
310478000,raulvictor822,A TRUE Battle,WRONG_ANSWER,C++17 (GCC 7-32),1741898296
310473037,kx04,A TRUE Battle,OK,"C++23 (GCC 14-64, msys2)",1741895813
310472481,m1314.,The Destruction of the Universe (Hard Version),WRONG_ANSWER,"C++23 (GCC 14-64, msys2)",1741895550
310472034,de1654.,The Destruction of the Universe (Hard Version),WRONG_ANSWER,"C++23 (GCC 14-64, msys2)",1741895310
310471914,ja503.,The Destruction of the Universe (Hard Version),TIME_LIMIT_EXCEEDED,"C++23 (GCC 14-64, msys2)",1741895252
310471804,bow330.,The Destruction of the Universe (Easy Version),WRONG_ANSWER,"C++23 (GCC 14-64, msys2)",1741895191
310471723,kx04,A TRUE Battle,WRONG_ANSWER,"C++23 (GCC 14-64, msys2)",1741895147
310471610,kx04,A TRUE Battle,WRONG_ANSWER,"C++23 (GCC 14-64, msys2)",1741895091
310471578,calde360.,The Destruction of the Universe (Easy Version),RUNTIME_ERROR,"C++23 (GCC 14-64, msys2)",1741895071
310471517,ho926.,The Destruction of the Universe (Hard Version),WRONG_ANSWER,"C++23 (GCC 14-64, msys2)",1741895043
310471342,jam799.,The Destruction of the Universe (Easy Version),WRONG_ANSWER,"C++23 (GCC 14-64, msys2)",1741894950
310471091,cald648.,The Destruction of the Universe (Easy Version),TIME_LIMIT_EXCEEDED,"C++23 (GCC 14-64, msys2)",1741894830
310470978,h1263.,Orangutan Approved Subarrays,WRONG_ANSWER,"C++23 (GCC 14-64, msys2)",1741894770
310470859,jekxyt697.,Orangutan Approved Subarrays,TIME_LIMIT_EXCEEDED,"C++23 (GCC 14-64, msys2)",1741894711
310470606,m638.,Orangutan Approved Subarrays,WRONG_ANSWER,"C++23 (GCC 14-64, msys2)",1741894591
310470459,smith571.,MEXimize the Score,WRONG_ANSWER,"C++23 (GCC 14-64, msys2)",1741894530
310470330,low919.,Orangutan Approved Subarrays,WRONG_ANSWER,"C++23 (GCC 14-64, msys2)",1741894471
310470176,vmc730.,MEXimize the Score,WRONG_ANSWER,"C++23 (GCC 14-64, msys2)",1741894411
310469894,jaso1474.,MEXimize the Score,TIME_LIMIT_EXCEEDED,"C++23 (GCC 14-64, msys2)",1741894290
310469772,an1163.,MEXimize the Score,WRONG_ANSWER,"C++23 (GCC 14-64, msys2)",1741894231
310469542,au867.,QED's Favorite Permutation,OK,"C++23 (GCC 14-64, msys2)",1741894110
310469437,qya1318.,QED's Favorite Permutation,OK,"C++23 (GCC 14-64, msys2)",1741894050
310469202,henr402.,QED's Favorite Permutation,WRONG_ANSWER,"C++23 (GCC 14-64, msys2)",1741893942
310468936,venkatkudapa,A Gift From Orangutan,OK,"C++23 (GCC 14-64, msys2)",1741893808
310468769,au867.,A TRUE Battle,OK,"C++23 (GCC 14-64, msys2)",1741893736
310468556,rac1335.,A TRUE Battle,WRONG_ANSWER,"C++23 (GCC 14-64, msys2)",1741893630
310468459,y78.,A TRUE Battle,WRONG_ANSWER,"C++23 (GCC 14-64, msys2)",1741893583
310468414,h1234.,A TRUE Battle,WRONG_ANSWER,"C++23 (GCC 14-64, msys2)",1741893560
310468207,s816.,Minimise Oneness,OK,"C++23 (GCC 14-64, msys2)",1741893450
310468108,ch1418.,Minimise Oneness,OK,"C++23 (GCC 14-64, msys2)",1741893391
310468105,311.,Minimise Oneness,OK,"C++23 (GCC 14-64, msys2)",1741893390
310468004,h405.,Minimise Oneness,OK,"C++23 (GCC 14-64, msys2)",1741893331
310467680,510.,A Gift From Orangutan,OK,"C++23 (GCC 14-64, msys2)",1741893150
310467571,antonsrosa439,A Gift From Orangutan,OK,"C++23 (GCC 14-64, msys2)",1741893091
310467564,k259.,A Gift From Orangutan,OK,"C++23 (GCC 14-64, msys2)",1741893090
310467361,v1413.,A Gift From Orangutan,OK,"C++23 (GCC 14-64, msys2)",1741892971
310452984,mart1182.,The Destruction of the Universe (Hard Version),COMPILATION_ERROR,"C++23 (GCC 14-64, msys2)",1741886375
310452965,cha819.,The Destruction of the Universe (Hard Version),WRONG_ANSWER,"C++23 (GCC 14-64, msys2)",1741886365
310452914,sama1315.,The Destruction of the Universe (Hard Version),COMPILATION_ERROR,"C++23 (GCC 14-64, msys2)",1741886344
310452911,c945.,The Destruction of the Universe (Hard Version),WRONG_ANSWER,PyPy 3-64,1741886342
310452905,427.,The Destruction of the Universe (Hard Version),COMPILATION_ERROR,"C++23 (GCC 14-64, msys2)",1741886337
310452898,fontainef586,The Destruction of the Universe (Hard Version),WRONG_ANSWER,"C++23 (GCC 14-64, msys2)",1741886335
310452892,bra595.,The Destruction of the Universe (Easy Version),WRONG_ANSWER,PyPy 3-64,1741886333
310452877,h105.,Orangutan Approved Subarrays,WRONG_ANSWER,"C++23 (GCC 14-64, msys2)",1741886327
310452853,1637.,Orangutan Approved Subarrays,WRONG_ANSWER,"C++23 (GCC 14-64, msys2)",1741886316
310452807,o1219.,Orangutan Approved Subarrays,WRONG_ANSWER,"C++23 (GCC 14-64, msys2)",1741886300
310452805,ta491.,Orangutan Approved Subarrays,WRONG_ANSWER,"C++23 (GCC 14-64, msys2)",1741886299
310452802,b1578.,Orangutan Approved Subarrays,COMPILATION_ERROR,"C++23 (GCC 14-64, msys2)",1741886297
310452758,b1339.,Orangutan Approved Subarrays,TIME_LIMIT_EXCEEDED,PyPy 3-64,1741886281
310452729,bra312.,Orangutan Approved Subarrays,RUNTIME_ERROR,"C++23 (GCC 14-64, msys2)",1741886268
310452624,ran1875.,MEXimize the Score,WRONG_ANSWER,PyPy 3-64,1741886227
310452617,v276.,MEXimize the Score,WRONG_ANSWER,PyPy 3-64,1741886225
310452613,er949.,MEXimize the Score,WRONG_ANSWER,PyPy 3-64,1741886222
310452604,le1595.,MEXimize the Score,WRONG_ANSWER,PyPy 3-64,1741886221
310452603,m1607.,MEXimize the Score,WRONG_ANSWER,PyPy 3-64,1741886221
310452588,eco1185.,QED's Favorite Permutation,WRONG_ANSWER,"C++23 (GCC 14-64, msys2)",1741886217
310452587,br1620.,QED's Favorite Permutation,WRONG_ANSWER,PyPy 3-64,1741886217
310452576,wag1291.,QED's Favorite Permutation,WRONG_ANSWER,PyPy 3-64,1741886213
310452568,epa1886.,QED's Favorite Permutation,WRONG_ANSWER,"C++23 (GCC 14-64, msys2)",1741886211
310452567,wat1520.,QED's Favorite Permutation,WRONG_ANSWER,PyPy 3-64,1741886210
310452558,j556.,QED's Favorite Permutation,WRONG_ANSWER,"C++23 (GCC 14-64, msys2)",1741886208
310452545,s136.,QED's Favorite Permutation,WRONG_ANSWER,"C++23 (GCC 14-64, msys2)",1741886203
310452534,chr797.,QED's Favorite Permutation,WRONG_ANSWER,"C++23 (GCC 14-64, msys2)",1741886196
310452482,r533.,A TRUE Battle,WRONG_ANSWER,"C++23 (GCC 14-64, msys2)",1741886177
310452480,uno758.,A TRUE Battle,WRONG_ANSWER,"C++23 (GCC 14-64, msys2)",1741886175
310452478,im828.,A TRUE Battle,WRONG_ANSWER,PyPy 3-64,1741886174
310452458,j1576.,A TRUE Battle,WRONG_ANSWER,"C++23 (GCC 14-64, msys2)",1741886168
310452433,dvan950.,A TRUE Battle,WRONG_ANSWER,"C++23 (GCC 14-64, msys2)",1741886158
310452396,zsan62.,A TRUE Battle,WRONG_ANSWER,"C++23 (GCC 14-64, msys2)",1741886141
310452394,s637.,A TRUE Battle,WRONG_ANSWER,"C++23 (GCC 14-64, msys2)",1741886141
310452313,alli1474.,Minimise Oneness,OK,"C++23 (GCC 14-64, msys2)",1741886105
310452311,ange1697.,Minimise Oneness,COMPILATION_ERROR,"C++23 (GCC 14-64, msys2)",1741886104
310452299,1083.,Minimise Oneness,OK,"C++23 (GCC 14-64, msys2)",1741886102
310452288,v1130.,Minimise Oneness,OK,PyPy 3-64,1741886097
310452284,m187.,Minimise Oneness,OK,"C++23 (GCC 14-64, msys2)",1741886096
310452279,bra1220.,Minimise Oneness,OK,"C++23 (GCC 14-64, msys2)",1741886095
310452276,151.,Minimise Oneness,OK,"C++23 (GCC 14-64, msys2)",1741886095
310452273,nor1449.,Minimise Oneness,OK,"C++23 (GCC 14-64, msys2)",1741886094
310452261,58.,A Gift From Orangutan,OK,"C++23 (GCC 14-64, msys2)",1741886090
310452259,pere170.,A Gift From Orangutan,COMPILATION_ERROR,"C++23 (GCC 14-64, msys2)",1741886090
310452225,jo1651.,A Gift From Orangutan,OK,"C++23 (GCC 14-64, msys2)",1741886074
310452202,1778.,A Gift From Orangutan,OK,"C++23 (GCC 14-64, msys2)",1741886065
310452161,hb797.,A Gift From Orangutan,OK,PyPy 3-64,1741886048
310452153,339.,A Gift From Orangutan,OK,"C++23 (GCC 14-64, msys2)",1741886044
310452147,o772.,A Gift From Orangutan,OK,"C++23 (GCC 14-64, msys2)",1741886041
310450142,PKC17,A Gift From Orangutan,OK,PyPy 3-64,1741885163
310449334,PKC17,A Gift From Orangutan,WRONG_ANSWER,PyPy 3-64,1741884826
310449219,shiva1301,A TRUE Battle,WRONG_ANSWER,"C++23 (GCC 14-64, msys2)",1741884783
310449117,shiva1301,A TRUE Battle,WRONG_ANSWER,"C++23 (GCC 14-64, msys2)",1741884743
310448380,shiva1301,A TRUE Battle,WRONG_ANSWER,"C++23 (GCC 14-64, msys2)",1741884441
310448226,shiva1301,A TRUE Battle,WRONG_ANSWER,"C++23 (GCC 14-64, msys2)",1741884382
310448141,shiva1301,A TRUE Battle,WRONG_ANSWER,"C++23 (GCC 14-64, msys2)",1741884343
310448039,shiva1301,A TRUE Battle,WRONG_ANSWER,"C++23 (GCC 14-64, msys2)",1741884302
310447983,shiva1301,A TRUE Battle,COMPILATION_ERROR,"C++23 (GCC 14-64, msys2)",1741884279
310447922,shiva1301,A TRUE Battle,WRONG_ANSWER,"C++23 (GCC 14-64, msys2)",1741884245
310447702,PKC17,Minimise Oneness,OK,PyPy 3-64,1741884150
310447411,shiva1301,A TRUE Battle,WRONG_ANSWER,"C++23 (GCC 14-64, msys2)",1741884024
310447099,shiva1301,A TRUE Battle,WRONG_ANSWER,"C++23 (GCC 14-64, msys2)",1741883894
310444962,shiva1301,A Gift From Orangutan,OK,"C++23 (GCC 14-64, msys2)",1741882976
310444902,RachitKansal,A TRUE Battle,OK,"C++23 (GCC 14-64, msys2)",1741882949
310442662,shiva1301,Minimise Oneness,OK,"C++23 (GCC 14-64, msys2)",1741882000
310442609,shiva1301,Minimise Oneness,COMPILATION_ERROR,"C++23 (GCC 14-64, msys2)",1741881977
310442276,shiva1301,Minimise Oneness,WRONG_ANSWER,"C++23 (GCC 14-64, msys2)",1741881844
310441319,secret_one,A TRUE Battle,OK,C++20 (GCC 13-64),1741881455
310438634,Fusu,QED's Favorite Permutation,OK,"C++23 (GCC 14-64, msys2)",1741880375
310438471,Fusu,QED's Favorite Permutation,OK,"C++23 (GCC 14-64, msys2)",1741880310
310435208,Real_Reasoning_Model,QED's Favorite Permutation,COMPILATION_ERROR,C++17 (GCC 7-32),1741879069
310434042,WorldShine03,The Destruction of the Universe (Easy Version),TIME_LIMIT_EXCEEDED,C++17 (GCC 7-32),1741878676
310433513,real_Parallelism,A Gift From Orangutan,TIME_LIMIT_EXCEEDED,C++17 (GCC 7-32),1741878500
310433403,num2,Orangutan Approved Subarrays,WRONG_ANSWER,C++17 (GCC 7-32),1741878471
310433169,Real_Reasoning_Model,The Destruction of the Universe (Hard Version),TIME_LIMIT_EXCEEDED,C++17 (GCC 7-32),1741878394
310432189,Real_Reasoning_Model,Minimise Oneness,WRONG_ANSWER,C++17 (GCC 7-32),1741878080
310432068,never_use_tpu,A TRUE Battle,WRONG_ANSWER,C++17 (GCC 7-32),1741878042
310431268,Real_Reasoning_Model,MEXimize the Score,WRONG_ANSWER,C++17 (GCC 7-32),1741877780
310430255,xina,MEXimize the Score,OK,C++17 (GCC 7-32),1741877425
310430252,_P_Bh,Minimise Oneness,OK,C++17 (GCC 7-32),1741877424
310428994,noname213456,A TRUE Battle,OK,C++20 (GCC 13-64),1741876980
310425515,soulfull,QED's Favorite Permutation,WRONG_ANSWER,C++17 (GCC 7-32),1741875785
310424900,soulfull,QED's Favorite Permutation,WRONG_ANSWER,C++17 (GCC 7-32),1741875555
310424741,soulfull,QED's Favorite Permutation,WRONG_ANSWER,C++17 (GCC 7-32),1741875499
310419982,hm114514,A TRUE Battle,OK,"C++23 (GCC 14-64, msys2)",1741873765
310419639,hm114514,A TRUE Battle,WRONG_ANSWER,"C++23 (GCC 14-64, msys2)",1741873625
310418952,hm114514,A TRUE Battle,WRONG_ANSWER,"C++23 (GCC 14-64, msys2)",1741873389
310417776,hm114514,A TRUE Battle,WRONG_ANSWER,"C++23 (GCC 14-64, msys2)",1741872958
310417574,hm114514,A TRUE Battle,WRONG_ANSWER,"C++23 (GCC 14-64, msys2)",1741872878
310416675,hm114514,Minimise Oneness,OK,"C++23 (GCC 14-64, msys2)",1741872539
310416251,hm114514,Minimise Oneness,WRONG_ANSWER,"C++23 (GCC 14-64, msys2)",1741872384
310415705,hm114514,A Gift From Orangutan,OK,"C++23 (GCC 14-64, msys2)",1741872178
310414191,siddheshkotwal,A TRUE Battle,OK,C++20 (GCC 13-64),1741871612
310409669,ankeshkumarchaubey,A TRUE Battle,OK,C++17 (GCC 7-32),1741869930
310407797,hyakkimaruRonin,A TRUE Battle,OK,C++20 (GCC 13-64),1741869260
310406566,spffld,MEXimize the Score,OK,"C++23 (GCC 14-64, msys2)",1741868789
310398351,iamkumarshivam,Minimise Oneness,OK,C++17 (GCC 7-32),1741865701
310394911,The_Underdog.26,Minimise Oneness,WRONG_ANSWER,"C++23 (GCC 14-64, msys2)",1741864344
310394777,RainShield,The Destruction of the Universe (Easy Version),OK,"C++23 (GCC 14-64, msys2)",1741864297
310394337,iamkumarshivam,A Gift From Orangutan,OK,C++17 (GCC 7-32),1741864126
310392904,Chaitanya_Kalme,A TRUE Battle,OK,C++17 (GCC 7-32),1741863537
310388142,jaso851.,Orangutan Approved Subarrays,WRONG_ANSWER,"C++23 (GCC 14-64, msys2)",1741861661
310388105,no1355.,QED's Favorite Permutation,TIME_LIMIT_EXCEEDED,"C++23 (GCC 14-64, msys2)",1741861643
310388104,h1234.,A TRUE Battle,WRONG_ANSWER,PyPy 3-64,1741861642
310388102,da1346.,A TRUE Battle,WRONG_ANSWER,PyPy 3-64,1741861640
310388095,o772.,A TRUE Battle,WRONG_ANSWER,"C++23 (GCC 14-64, msys2)",1741861638
310388091,jo87.,A TRUE Battle,WRONG_ANSWER,PyPy 3-64,1741861636
310388089,de1174.,A TRUE Battle,WRONG_ANSWER,"C++23 (GCC 14-64, msys2)",1741861634
310388079,baker401.,Minimise Oneness,OK,"C++23 (GCC 14-64, msys2)",1741861632
310388071,813.,Minimise Oneness,OK,"C++23 (GCC 14-64, msys2)",1741861625
310388063,c101.,Minimise Oneness,OK,"C++23 (GCC 14-64, msys2)",1741861624
310388059,wuznaq1257.,Minimise Oneness,OK,"C++23 (GCC 14-64, msys2)",1741861622
310388033,Zaphl,A Gift From Orangutan,OK,"C++23 (GCC 14-64, msys2)",1741861612
310387971,447.,Minimise Oneness,OK,"C++23 (GCC 14-64, msys2)",1741861586
310387968,v317.,Minimise Oneness,OK,"C++23 (GCC 14-64, msys2)",1741861586
310387951,Zaphl,A Gift From Orangutan,COMPILATION_ERROR,"C++23 (GCC 14-64, msys2)",1741861579
310387927,402.,Minimise Oneness,OK,"C++23 (GCC 14-64, msys2)",1741861571
310387896,bran265.,A Gift From Orangutan,OK,"C++23 (GCC 14-64, msys2)",1741861556
310387895,b1118.,A Gift From Orangutan,OK,"C++23 (GCC 14-64, msys2)",1741861555
310387867,1568.,A Gift From Orangutan,OK,"C++23 (GCC 14-64, msys2)",1741861543
310387859,260.,A Gift From Orangutan,OK,"C++23 (GCC 14-64, msys2)",1741861538
310387857,ma831.,A Gift From Orangutan,OK,"C++23 (GCC 14-64, msys2)",1741861537
310387855,1372.,A Gift From Orangutan,OK,"C++23 (GCC 14-64, msys2)",1741861536
310387851,r597.,A Gift From Orangutan,OK,"C++23 (GCC 14-64, msys2)",1741861534
310387762,j194.,A Gift From Orangutan,OK,"C++23 (GCC 14-64, msys2)",1741861497
310383513,The_Underdog.26,A Gift From Orangutan,OK,"C++23 (GCC 14-64, msys2)",1741859812
310368246,FancyBox,Orangutan Approved Subarrays,OK,C++17 (GCC 7-32),1741852923
310367333,FancyBox,Orangutan Approved Subarrays,WRONG_ANSWER,C++17 (GCC 7-32),1741852485
310361845,sayed_47,A Gift From Orangutan,OK,C++17 (GCC 7-32),1741849814
310357899,lengling,A TRUE Battle,OK,C++20 (GCC 13-64),1741847865
310355005,3403589630,QED's Favorite Permutation,OK,"C++23 (GCC 14-64, msys2)",1741846349
310354330,3403589630,QED's Favorite Permutation,WRONG_ANSWER,"C++23 (GCC 14-64, msys2)",1741845980
310353955,lengling,Minimise Oneness,OK,C++20 (GCC 13-64),1741845788
310353677,lengling,Minimise Oneness,WRONG_ANSWER,C++20 (GCC 13-64),1741845640
310351518,lengling,A Gift From Orangutan,OK,C++20 (GCC 13-64),1741844354
310344132,TheRickyZhang,MEXimize the Score,OK,"C++23 (GCC 14-64, msys2)",1741838565
310342763,Insightcoder,Minimise Oneness,OK,C++20 (GCC 13-64),1741837305
310342633,Insightcoder,Minimise Oneness,WRONG_ANSWER,C++20 (GCC 13-64),1741837183
310340831,3403589630,A TRUE Battle,OK,"C++23 (GCC 14-64, msys2)",1741835453
310339403,3403589630,A TRUE Battle,WRONG_ANSWER,"C++23 (GCC 14-64, msys2)",1741833952
310338730,3403589630,Minimise Oneness,OK,"C++23 (GCC 14-64, msys2)",1741833303
310337656,Gold14526,Orangutan Approved Subarrays,OK,C++17 (GCC 7-32),1741832132
310330735,Aurora14526,Orangutan Approved Subarrays,OK,C++17 (GCC 7-32),1741824051
310330238,Aurora14526,Orangutan Approved Subarrays,WRONG_ANSWER,C++17 (GCC 7-32),1741823466
310327328,TheRickyZhang,QED's Favorite Permutation,OK,"C++23 (GCC 14-64, msys2)",1741820037
310327210,TheRickyZhang,QED's Favorite Permutation,WRONG_ANSWER,"C++23 (GCC 14-64, msys2)",1741819887
310326929,TheRickyZhang,QED's Favorite Permutation,WRONG_ANSWER,"C++23 (GCC 14-64, msys2)",1741819550
310326890,TheRickyZhang,QED's Favorite Permutation,WRONG_ANSWER,"C++23 (GCC 14-64, msys2)",1741819499
310325120,TheRickyZhang,A TRUE Battle,OK,"C++23 (GCC 14-64, msys2)",1741817588
310324557,TheRickyZhang,A TRUE Battle,WRONG_ANSWER,"C++23 (GCC 14-64, msys2)",1741817019
310324435,TheRickyZhang,A TRUE Battle,WRONG_ANSWER,"C++23 (GCC 14-64, msys2)",1741816894
310324269,TheRickyZhang,Minimise Oneness,OK,"C++23 (GCC 14-64, msys2)",1741816756
310323641,TheRickyZhang,A Gift From Orangutan,OK,"C++23 (GCC 14-64, msys2)",1741816221
310322451,anteujcic,A TRUE Battle,OK,PyPy 3-64,1741815288
310322114,anteujcic,A TRUE Battle,WRONG_ANSWER,PyPy 3-64,1741815041
310319578,anteujcic,A TRUE Battle,WRONG_ANSWER,PyPy 3-64,1741813435
310319506,anteujcic,A TRUE Battle,WRONG_ANSWER,PyPy 3-64,1741813396
310318864,anteujcic,A TRUE Battle,WRONG_ANSWER,PyPy 3-64,1741812987
310318253,anteujcic,A TRUE Battle,WRONG_ANSWER,PyPy 3-64,1741812627
310312100,Om_Bavishi,A TRUE Battle,OK,PyPy 3-64,1741809168
310291028,Alpha92,Minimise Oneness,OK,C++20 (GCC 13-64),1741799204
310287693,Ganesh_iiit,A TRUE Battle,OK,Java 21,1741797704
310284039,Alpha92,A Gift From Orangutan,OK,C++20 (GCC 13-64),1741796004
310282696,Ganesh_iiit,Minimise Oneness,OK,Java 21,1741795359
310281785,Ganesh_iiit,Minimise Oneness,WRONG_ANSWER,Java 21,1741794953
310279138,Ganesh_iiit,A Gift From Orangutan,OK,Java 21,1741793902
310275694,sad12,Minimise Oneness,OK,"C++23 (GCC 14-64, msys2)",1741792537
310274394,sad12,Minimise Oneness,WRONG_ANSWER,"C++23 (GCC 14-64, msys2)",1741792027
310263326,thanhnkt1611,QED's Favorite Permutation,WRONG_ANSWER,C++17 (GCC 7-32),1741787718
310262153,koishichan,Minimise Oneness,OK,"C++23 (GCC 14-64, msys2)",1741787253
310261934,koishichan,Minimise Oneness,WRONG_ANSWER,"C++23 (GCC 14-64, msys2)",1741787169
310260964,koishichan,Minimise Oneness,WRONG_ANSWER,"C++23 (GCC 14-64, msys2)",1741786786
310260852,koishichan,Minimise Oneness,WRONG_ANSWER,"C++23 (GCC 14-64, msys2)",1741786741
310259890,koishichan,Minimise Oneness,WRONG_ANSWER,"C++23 (GCC 14-64, msys2)",1741786360
310257854,Denil21,A TRUE Battle,OK,C++20 (GCC 13-64),1741785596
310257092,Z_drj,MEXimize the Score,OK,"C++23 (GCC 14-64, msys2)",1741785217
310255828,ha203811,A TRUE Battle,OK,"C++23 (GCC 14-64, msys2)",1741784561
310255727,ha203811,A TRUE Battle,COMPILATION_ERROR,"C++23 (GCC 14-64, msys2)",1741784507
310255058,ha203811,A TRUE Battle,WRONG_ANSWER,"C++23 (GCC 14-64, msys2)",1741784175
310254776,ha203811,A TRUE Battle,WRONG_ANSWER,"C++23 (GCC 14-64, msys2)",1741784022
310253084,CleaR_Note,A Gift From Orangutan,OK,C++17 (GCC 7-32),1741783169
310252163,colonelSven,MEXimize the Score,OK,C++20 (GCC 13-64),1741782685
310251654,colonelSven,MEXimize the Score,RUNTIME_ERROR,C++20 (GCC 13-64),1741782414
310249918,koishichan,A Gift From Orangutan,OK,"C++23 (GCC 14-64, msys2)",1741781460
310249213,Shreyas_Chougaonkar,A TRUE Battle,WRONG_ANSWER,"C++23 (GCC 14-64, msys2)",1741781080
310249169,Shreyas_Chougaonkar,A TRUE Battle,COMPILATION_ERROR,"C++23 (GCC 14-64, msys2)",1741781056
310248998,Shreyas_Chougaonkar,A TRUE Battle,COMPILATION_ERROR,"C++23 (GCC 14-64, msys2)",1741780963
310247957,CleaR_Note,Minimise Oneness,OK,C++17 (GCC 7-32),1741780427
310247385,CleaR_Note,Minimise Oneness,WRONG_ANSWER,C++17 (GCC 7-32),1741780126
310245398,saketh06,A TRUE Battle,OK,"C++23 (GCC 14-64, msys2)",1741779107
310242913,Milkcat2009,Orangutan Approved Subarrays,OK,C++20 (GCC 13-64),1741777824
310242827,Milkcat2009,Orangutan Approved Subarrays,WRONG_ANSWER,C++20 (GCC 13-64),1741777776
310242652,Milkcat2009,Orangutan Approved Subarrays,WRONG_ANSWER,C++20 (GCC 13-64),1741777695
310242446,Milkcat2009,Orangutan Approved Subarrays,WRONG_ANSWER,C++20 (GCC 13-64),1741777592
310242065,AliberA,A Gift From Orangutan,OK,C++20 (GCC 13-64),1741777399
310234692,zlp00,QED's Favorite Permutation,OK,C++20 (GCC 13-64),1741773095
310233630,zlp00,QED's Favorite Permutation,WRONG_ANSWER,C++20 (GCC 13-64),1741772448
310230856,num6,Orangutan Approved Subarrays,COMPILATION_ERROR,C++17 (GCC 7-32),1741770946
310228937,akshat202,QED's Favorite Permutation,OK,C++17 (GCC 7-32),1741770091
310228662,akshat202,QED's Favorite Permutation,WRONG_ANSWER,C++17 (GCC 7-32),1741769955
310227246,milaaaaan,A TRUE Battle,OK,"C++23 (GCC 14-64, msys2)",1741769196
310225746,milaaaaan,A TRUE Battle,WRONG_ANSWER,"C++23 (GCC 14-64, msys2)",1741768450
310225134,milaaaaan,A TRUE Battle,WRONG_ANSWER,"C++23 (GCC 14-64, msys2)",1741768106
310224714,milaaaaan,A TRUE Battle,WRONG_ANSWER,"C++23 (GCC 14-64, msys2)",1741767851
310221964,chi_nmay,QED's Favorite Permutation,OK,C++17 (GCC 7-32),1741766406
310220802,chi_nmay,QED's Favorite Permutation,WRONG_ANSWER,C++17 (GCC 7-32),1741765746
310220152,chi_nmay,QED's Favorite Permutation,WRONG_ANSWER,C++17 (GCC 7-32),1741765381
310219413,THH123456,A Gift From Orangutan,OK,"C++23 (GCC 14-64, msys2)",1741764929
310216375,milaaaaan,A TRUE Battle,WRONG_ANSWER,"C++23 (GCC 14-64, msys2)",1741763577
310214979,mahoraga.777,Minimise Oneness,WRONG_ANSWER,PyPy 3-64,1741762955
310214040,mahoraga.777,Minimise Oneness,RUNTIME_ERROR,PyPy 3-64,1741762549
310213484,mahoraga.777,Minimise Oneness,WRONG_ANSWER,PyPy 3-64,1741762283
310213219,mahoraga.777,Minimise Oneness,RUNTIME_ERROR,PyPy 3-64,1741762166
310212811,mahoraga.777,Minimise Oneness,RUNTIME_ERROR,PyPy 3-64,1741761960
310212175,Nathan01z1,QED's Favorite Permutation,OK,C++17 (GCC 7-32),1741761647
310212104,Nathan01z1,QED's Favorite Permutation,WRONG_ANSWER,C++17 (GCC 7-32),1741761610
310211979,Nathan01z1,QED's Favorite Permutation,WRONG_ANSWER,C++17 (GCC 7-32),1741761543
310206787,waterwang002,A Gift From Orangutan,OK,PyPy 3-64,1741759008
310206716,waterwang002,Minimise Oneness,OK,PyPy 3-64,1741758972
310206649,waterwang002,A TRUE Battle,OK,PyPy 3-64,1741758936
310206601,waterwang002,QED's Favorite Permutation,WRONG_ANSWER,PyPy 3-64,1741758900
310206534,waterwang002,MEXimize the Score,RUNTIME_ERROR,PyPy 3-64,1741758862
310206471,waterwang002,Orangutan Approved Subarrays,OK,PyPy 3-64,1741758827
310206406,waterwang002,The Destruction of the Universe (Hard Version),RUNTIME_ERROR,PyPy 3-64,1741758789
310202492,xingjing,A TRUE Battle,OK,"C++23 (GCC 14-64, msys2)",1741756530
310190483,MoonNBlackCat,Minimise Oneness,OK,"C++23 (GCC 14-64, msys2)",1741746656
310190349,sztcodeforces,Orangutan Approved Subarrays,OK,C++20 (GCC 13-64),1741746513
310190347,MoonNBlackCat,Minimise Oneness,WRONG_ANSWER,"C++23 (GCC 14-64, msys2)",1741746506
310189818,sztcodeforces,Orangutan Approved Subarrays,TIME_LIMIT_EXCEEDED,C++20 (GCC 13-64),1741745908
310187732,LuminArc,QED's Favorite Permutation,OK,C++17 (GCC 7-32),1741743666
310187602,LuminArc,QED's Favorite Permutation,OK,C++17 (GCC 7-32),1741743531
310185852,Madhukm2050,A TRUE Battle,OK,C++17 (GCC 7-32),1741741474
310172768,Om_Bavishi,A TRUE Battle,WRONG_ANSWER,PyPy 3-64,1741726821
310171277,Om_Bavishi,A TRUE Battle,WRONG_ANSWER,PyPy 3-64,1741725616
310164313,tavin,A TRUE Battle,OK,C++17 (GCC 7-32),1741720841
310143672,August,A TRUE Battle,OK,C++17 (GCC 7-32),1741712609
309987074,sainath__jangewad,A Gift From Orangutan,OK,C++17 (GCC 7-32),1741702523
309979206,ShekongAA,A TRUE Battle,WRONG_ANSWER,C++20 (GCC 13-64),1741699044
309978489,danyair,Minimise Oneness,OK,C++20 (GCC 13-64),1741698738
309972942,danyair,A Gift From Orangutan,OK,C++20 (GCC 13-64),1741696608
309965938,Shree5vatsa,A TRUE Battle,OK,"C++23 (GCC 14-64, msys2)",1741693940
309964564,odairclamel,A Gift From Orangutan,OK,C++17 (GCC 7-32),1741693439
309959008,SkillZz_,MEXimize the Score,OK,"C++23 (GCC 14-64, msys2)",1741691282
309958866,SkillZz_,MEXimize the Score,WRONG_ANSWER,"C++23 (GCC 14-64, msys2)",1741691221
309957807,AS_ProFreak,A Gift From Orangutan,OK,C++20 (GCC 13-64),1741690767
309957576,AS_ProFreak,A Gift From Orangutan,WRONG_ANSWER,C++20 (GCC 13-64),1741690667
309957133,SkillZz_,MEXimize the Score,WRONG_ANSWER,"C++23 (GCC 14-64, msys2)",1741690480
309951278,Aditya_Singal,A Gift From Orangutan,OK,PyPy 3,1741687827
309950279,jatin_215,A TRUE Battle,OK,C++20 (GCC 13-64),1741687392
309948299,jatin_215,A TRUE Battle,WRONG_ANSWER,C++20 (GCC 13-64),1741686490
309942835,olid_,A TRUE Battle,OK,"C++23 (GCC 14-64, msys2)",1741684058
309941412,AdamRh,A TRUE Battle,OK,PyPy 3-64,1741683410
309935074,a699.,The Destruction of the Universe (Hard Version),RUNTIME_ERROR,"C++23 (GCC 14-64, msys2)",1741680495
309935009,olid_,A TRUE Battle,WRONG_ANSWER,"C++23 (GCC 14-64, msys2)",1741680468
309933844,romanychev,A TRUE Battle,OK,C++20 (GCC 13-64),1741679884
309933030,yid1566.,The Destruction of the Universe (Hard Version),WRONG_ANSWER,"C++23 (GCC 14-64, msys2)",1741679440
309932873,romanychev,A TRUE Battle,WRONG_ANSWER,C++20 (GCC 13-64),1741679368
309929646,j579.,The Destruction of the Universe (Easy Version),WRONG_ANSWER,"C++23 (GCC 14-64, msys2)",1741677726
309929438,rustyS4h1L,A TRUE Battle,OK,C++17 (GCC 7-32),1741677625
309928976,rustyS4h1L,A TRUE Battle,OK,C++17 (GCC 7-32),1741677374
309927354,terr1790.,The Destruction of the Universe (Easy Version),WRONG_ANSWER,"C++23 (GCC 14-64, msys2)",1741676490
309926553,rustyS4h1L,A TRUE Battle,WRONG_ANSWER,C++17 (GCC 7-32),1741676057
309924520,o1229.,Orangutan Approved Subarrays,WRONG_ANSWER,"C++23 (GCC 14-64, msys2)",1741675042
309922465,moren903.,Orangutan Approved Subarrays,WRONG_ANSWER,"C++23 (GCC 14-64, msys2)",1741673939
309920787,trob918.,MEXimize the Score,WRONG_ANSWER,"C++23 (GCC 14-64, msys2)",1741673007
309920645,RadientRaven,A TRUE Battle,OK,PyPy 3-64,1741672923
309918777,1308.,MEXimize the Score,WRONG_ANSWER,"C++23 (GCC 14-64, msys2)",1741671816
309918266,RadientRaven,A TRUE Battle,WRONG_ANSWER,PyPy 3-64,1741671492
309916379,RadientRaven,Minimise Oneness,OK,PyPy 3-64,1741670315
309915691,rustyS4h1L,A TRUE Battle,WRONG_ANSWER,C++17 (GCC 7-32),1741669874
309915566,rustyS4h1L,A TRUE Battle,WRONG_ANSWER,C++17 (GCC 7-32),1741669788
309915110,423.,QED's Favorite Permutation,WRONG_ANSWER,"C++23 (GCC 14-64, msys2)",1741669509
309913994,RadientRaven,A Gift From Orangutan,OK,PyPy 3-64,1741668741
309913761,1772.,A TRUE Battle,WRONG_ANSWER,"C++23 (GCC 14-64, msys2)",1741668553
309913092,1759.,A TRUE Battle,OK,"C++23 (GCC 14-64, msys2)",1741668044
309911490,dor403.,Minimise Oneness,OK,"C++23 (GCC 14-64, msys2)",1741666795
309911014,im828.,Minimise Oneness,OK,"C++23 (GCC 14-64, msys2)",1741666408
309910491,ma831.,A Gift From Orangutan,OK,"C++23 (GCC 14-64, msys2)",1741665944
309910102,car1753.,A Gift From Orangutan,OK,"C++23 (GCC 14-64, msys2)",1741665603
309907534,Anky1323,A TRUE Battle,OK,Python 3,1741663269
309904837,onecharmy,A TRUE Battle,OK,C++20 (GCC 13-64),1741660924
309903172,onecharmy,A TRUE Battle,WRONG_ANSWER,C++20 (GCC 13-64),1741659210
309900460,Tao_ran_ju,Minimise Oneness,OK,C++17 (GCC 7-32),1741656264
309896820,bb1644.,The Destruction of the Universe (Hard Version),WRONG_ANSWER,"C++23 (GCC 14-64, msys2)",1741652549
309895809,ip820.,The Destruction of the Universe (Hard Version),TIME_LIMIT_EXCEEDED,"C++23 (GCC 14-64, msys2)",1741651297
309895092,m1541.,The Destruction of the Universe (Easy Version),WRONG_ANSWER,"C++23 (GCC 14-64, msys2)",1741650322
309894270,stewa772.,The Destruction of the Universe (Easy Version),WRONG_ANSWER,"C++23 (GCC 14-64, msys2)",1741649215
309893219,827.,Orangutan Approved Subarrays,WRONG_ANSWER,"C++23 (GCC 14-64, msys2)",1741647970
309892369,t697.,Orangutan Approved Subarrays,WRONG_ANSWER,"C++23 (GCC 14-64, msys2)",1741647022
309891540,ki11.,MEXimize the Score,WRONG_ANSWER,"C++23 (GCC 14-64, msys2)",1741646102
309890362,co25.,MEXimize the Score,TIME_LIMIT_EXCEEDED,"C++23 (GCC 14-64, msys2)",1741645010
309890093,Ambug_Pls_Debug,QED's Favorite Permutation,OK,C++17 (GCC 7-32),1741644755
309888941,c954.,QED's Favorite Permutation,WRONG_ANSWER,"C++23 (GCC 14-64, msys2)",1741643794
309887551,Abu-Saeed,A Gift From Orangutan,OK,"C++23 (GCC 14-64, msys2)",1741642721
309887331,br1620.,QED's Favorite Permutation,WRONG_ANSWER,"C++23 (GCC 14-64, msys2)",1741642556
309887187,Abu-Saeed,A Gift From Orangutan,WRONG_ANSWER,"C++23 (GCC 14-64, msys2)",1741642445
309885507,x1418.,A TRUE Battle,WRONG_ANSWER,"C++23 (GCC 14-64, msys2)",1741641299
309884856,gizachew980,A Gift From Orangutan,OK,PyPy 3-64,1741640894
309884686,t1075.,A TRUE Battle,OK,"C++23 (GCC 14-64, msys2)",1741640779
309883434,nor1449.,Minimise Oneness,OK,"C++23 (GCC 14-64, msys2)",1741639954
309882832,wil40.,Minimise Oneness,OK,"C++23 (GCC 14-64, msys2)",1741639548
309881958,krue1626.,A Gift From Orangutan,OK,"C++23 (GCC 14-64, msys2)",1741638988
309881719,shivamp_07,QED's Favorite Permutation,OK,C++20 (GCC 13-64),1741638826
309881610,d1518.,A Gift From Orangutan,OK,"C++23 (GCC 14-64, msys2)",1741638754
309881187,shivamp_07,QED's Favorite Permutation,WRONG_ANSWER,C++20 (GCC 13-64),1741638496
309879676,shivamp_07,QED's Favorite Permutation,WRONG_ANSWER,C++20 (GCC 13-64),1741637564
309879378,shivamp_07,QED's Favorite Permutation,WRONG_ANSWER,C++20 (GCC 13-64),1741637403
309878218,shivamp_07,QED's Favorite Permutation,WRONG_ANSWER,C++20 (GCC 13-64),1741636763
309875867,Koustav_Kundu,A Gift From Orangutan,OK,C++20 (GCC 13-64),1741635410
309869978,1000_H100,Orangutan Approved Subarrays,COMPILATION_ERROR,C++17 (GCC 7-32),1741632104
309865846,Shreeyash_11D,A Gift From Orangutan,OK,C++17 (GCC 7-32),1741630203
309863552,Angel_Franco,A TRUE Battle,OK,"C++23 (GCC 14-64, msys2)",1741629142
309860575,DebugMeNot,Minimise Oneness,OK,"C++23 (GCC 14-64, msys2)",1741626993
309851583,DebugMeNot,A Gift From Orangutan,OK,"C++23 (GCC 14-64, msys2)",1741625590
309766643,Bhemarasetti.kumar,A TRUE Battle,WRONG_ANSWER,C++20 (GCC 13-64),1741617470
309766123,Yellow_93,Minimise Oneness,OK,"C++23 (GCC 14-64, msys2)",1741617204
309765743,Yellow_93,Minimise Oneness,WRONG_ANSWER,"C++23 (GCC 14-64, msys2)",1741617027
309765056,Bhemarasetti.kumar,Minimise Oneness,OK,C++20 (GCC 13-64),1741616680
309763390,Bhemarasetti.kumar,A Gift From Orangutan,OK,C++20 (GCC 13-64),1741615942
309756984,harapalkamani6,Minimise Oneness,WRONG_ANSWER,C++17 (GCC 7-32),1741613096
309756679,harapalkamani6,Minimise Oneness,WRONG_ANSWER,C++17 (GCC 7-32),1741612965
309756591,zhulexuan,The Destruction of the Universe (Hard Version),OK,"C++23 (GCC 14-64, msys2)",1741612927
309756483,zhulexuan,The Destruction of the Universe (Hard Version),OK,"C++23 (GCC 14-64, msys2)",1741612873
309754406,SakshamSaldhi123,A TRUE Battle,OK,C++20 (GCC 13-64),1741611869
309754136,vamshikrishna_v,A TRUE Battle,WRONG_ANSWER,Java 21,1741611742
309753393,vamshikrishna_v,A TRUE Battle,WRONG_ANSWER,Java 21,1741611401
309753260,vamshikrishna_v,A TRUE Battle,COMPILATION_ERROR,Java 21,1741611333
309752909,dyzzzd,QED's Favorite Permutation,OK,C++17 (GCC 7-32),1741611176
309752847,SakshamSaldhi123,A TRUE Battle,WRONG_ANSWER,C++20 (GCC 13-64),1741611141
309752660,sharmanitesh,Minimise Oneness,OK,C++20 (GCC 13-64),1741611054
309752658,SakshamSaldhi123,A TRUE Battle,WRONG_ANSWER,C++20 (GCC 13-64),1741611052
309750640,sharmanitesh,A Gift From Orangutan,OK,C++20 (GCC 13-64),1741610103
309750375,dyzzzd,QED's Favorite Permutation,WRONG_ANSWER,C++17 (GCC 7-32),1741609966
309750169,dyzzzd,QED's Favorite Permutation,WRONG_ANSWER,C++17 (GCC 7-32),1741609876
309749464,dyzzzd,QED's Favorite Permutation,WRONG_ANSWER,C++17 (GCC 7-32),1741609582
309748849,dyzzzd,QED's Favorite Permutation,WRONG_ANSWER,C++17 (GCC 7-32),1741609300
309748605,_spjy,Minimise Oneness,WRONG_ANSWER,C++20 (GCC 13-64),1741609187
309748552,SilentSpecterCode,A TRUE Battle,OK,C++17 (GCC 7-32),1741609166
309747736,zhulexuan,The Destruction of the Universe (Hard Version),WRONG_ANSWER,"C++23 (GCC 14-64, msys2)",1741608814
309747599,dyzzzd,QED's Favorite Permutation,WRONG_ANSWER,C++17 (GCC 7-32),1741608747
309747425,zhulexuan,The Destruction of the Universe (Hard Version),WRONG_ANSWER,"C++23 (GCC 14-64, msys2)",1741608656
309746638,killer651,A Gift From Orangutan,OK,"C++23 (GCC 14-64, msys2)",1741608270
309745633,_spjy,A Gift From Orangutan,OK,C++20 (GCC 13-64),1741607791
309741600,xxvwae,A TRUE Battle,OK,"C++23 (GCC 14-64, msys2)",1741605878
309739880,xxvwae,A TRUE Battle,WRONG_ANSWER,"C++23 (GCC 14-64, msys2)",1741605011
309739077,xxvwae,A TRUE Battle,WRONG_ANSWER,"C++23 (GCC 14-64, msys2)",1741604553
309736900,SuuvannAroraa,A TRUE Battle,OK,C++20 (GCC 13-64),1741603386
309736180,SuuvannAroraa,A TRUE Battle,WRONG_ANSWER,C++20 (GCC 13-64),1741603010
309735737,SuuvannAroraa,A TRUE Battle,WRONG_ANSWER,C++20 (GCC 13-64),1741602769
309735273,SuuvannAroraa,A TRUE Battle,WRONG_ANSWER,C++20 (GCC 13-64),1741602545
309734749,SuuvannAroraa,Minimise Oneness,OK,C++20 (GCC 13-64),1741602255
309734024,SuuvannAroraa,A Gift From Orangutan,OK,C++20 (GCC 13-64),1741601836
309726412,khacduy,A TRUE Battle,OK,C++17 (GCC 7-32),1741597772
309723054,zhulexuan,The Destruction of the Universe (Easy Version),OK,"C++23 (GCC 14-64, msys2)",1741596028
309722665,DAIICT_coder,A TRUE Battle,OK,Java 8,1741595762
309722618,AnshV,A TRUE Battle,WRONG_ANSWER,"C++23 (GCC 14-64, msys2)",1741595730
309721771,Tarela4ka,QED's Favorite Permutation,OK,"C++23 (GCC 14-64, msys2)",1741595208
309721664,Tarela4ka,QED's Favorite Permutation,WRONG_ANSWER,"C++23 (GCC 14-64, msys2)",1741595139
309721603,Tarela4ka,QED's Favorite Permutation,WRONG_ANSWER,"C++23 (GCC 14-64, msys2)",1741595100
309720819,AnshV,A TRUE Battle,WRONG_ANSWER,"C++23 (GCC 14-64, msys2)",1741594678
309720587,AnshV,A TRUE Battle,WRONG_ANSWER,"C++23 (GCC 14-64, msys2)",1741594545
309719062,AnshV,A TRUE Battle,WRONG_ANSWER,"C++23 (GCC 14-64, msys2)",1741593645
309718750,AnshV,A TRUE Battle,WRONG_ANSWER,"C++23 (GCC 14-64, msys2)",1741593445
309712188,AnshV,A TRUE Battle,WRONG_ANSWER,"C++23 (GCC 14-64, msys2)",1741589567
309707028,Smokie1,A Gift From Orangutan,OK,C++17 (GCC 7-32),1741585696
309703960,Angel_Franco,A TRUE Battle,WRONG_ANSWER,"C++23 (GCC 14-64, msys2)",1741583182
309699348,cakuang1,MEXimize the Score,OK,C++17 (GCC 7-32),1741578820
309697854,pikaninja123,QED's Favorite Permutation,OK,C++17 (GCC 7-32),1741576947
309695359,Xiaozl,QED's Favorite Permutation,OK,C++20 (GCC 13-64),1741573370
309694417,onkar_somanic,Orangutan Approved Subarrays,OK,"C++23 (GCC 14-64, msys2)",1741572039
309690216,runner404,A TRUE Battle,OK,C++17 (GCC 7-32),1741566197
309690189,nhanleorank,QED's Favorite Permutation,WRONG_ANSWER,Python 3,1741566157
309690147,runner404,A TRUE Battle,WRONG_ANSWER,C++17 (GCC 7-32),1741566107
309689961,nhanleorank,QED's Favorite Permutation,WRONG_ANSWER,C++20 (GCC 13-64),1741565893
309689860,nhanleorank,QED's Favorite Permutation,WRONG_ANSWER,Python 3,1741565758
309688740,runner404,A TRUE Battle,WRONG_ANSWER,C++17 (GCC 7-32),1741564397
309688558,dineshreddy25,Orangutan Approved Subarrays,OK,C++20 (GCC 13-64),1741564193
309671676,halym2008,A Gift From Orangutan,OK,C++17 (GCC 7-32),1741550447
309668534,kohlaaaa,A Gift From Orangutan,WRONG_ANSWER,C++17 (GCC 7-32),1741548326
309666206,Bool_ok,MEXimize the Score,WRONG_ANSWER,C++20 (GCC 13-64),1741546765
309657112,mzip,QED's Favorite Permutation,OK,Java 21,1741541707
309651518,hyakkimaruRonin,Minimise Oneness,OK,C++20 (GCC 13-64),1741538480
309650263,Bool_ok,QED's Favorite Permutation,OK,C++20 (GCC 13-64),1741537733
309650037,Bool_ok,A TRUE Battle,WRONG_ANSWER,C++20 (GCC 13-64),1741537575
309647611,Bool_ok,A TRUE Battle,WRONG_ANSWER,C++20 (GCC 13-64),1741535759
309647213,Bool_ok,A TRUE Battle,WRONG_ANSWER,C++20 (GCC 13-64),1741535532
309646944,Bool_ok,Minimise Oneness,OK,C++20 (GCC 13-64),1741535374
309646756,Bool_ok,A Gift From Orangutan,OK,C++20 (GCC 13-64),1741535251
309646299,hyakkimaruRonin,A Gift From Orangutan,OK,C++20 (GCC 13-64),1741534991
309642631,mhlrmj,A TRUE Battle,OK,"C++23 (GCC 14-64, msys2)",1741532968
309642574,tttfred,A TRUE Battle,WRONG_ANSWER,C++20 (GCC 13-64),1741532937
309642430,__7781,QED's Favorite Permutation,OK,C++17 (GCC 7-32),1741532837
309641570,tttfred,Minimise Oneness,OK,C++20 (GCC 13-64),1741532390
309641444,__7781,QED's Favorite Permutation,TIME_LIMIT_EXCEEDED,C++17 (GCC 7-32),1741532320
309640869,tttfred,A Gift From Orangutan,OK,C++20 (GCC 13-64),1741532021
309639933,FGoose180,A TRUE Battle,WRONG_ANSWER,PyPy 3-64,1741531524
309628552,anshul.py,A TRUE Battle,OK,C++20 (GCC 13-64),1741525388
309628213,guineapig25,Minimise Oneness,OK,C++17 (GCC 7-32),1741525216
309628205,SaiDharahas,A TRUE Battle,WRONG_ANSWER,C++17 (GCC 7-32),1741525210
309627984,guineapig25,Minimise Oneness,WRONG_ANSWER,C++17 (GCC 7-32),1741525096
309626970,anshul.py,A TRUE Battle,WRONG_ANSWER,C++20 (GCC 13-64),1741524551
309625351,YashmitSharma,A Gift From Orangutan,OK,C++20 (GCC 13-64),1741523592
309625258,huaxiamengjin,The Destruction of the Universe (Easy Version),OK,"C++23 (GCC 14-64, msys2)",1741523544
309619729,kapergagen,A TRUE Battle,WRONG_ANSWER,C++20 (GCC 13-64),1741520510
309602953,wzhjk,A TRUE Battle,OK,"C++23 (GCC 14-64, msys2)",1741511326
309601908,nihal_shenkeshi,Minimise Oneness,OK,C++20 (GCC 13-64),1741510795
309601565,nihal_shenkeshi,Minimise Oneness,WRONG_ANSWER,C++20 (GCC 13-64),1741510647
309600620,wzhjk,Minimise Oneness,OK,"C++23 (GCC 14-64, msys2)",1741510204
309600148,wzhjk,A Gift From Orangutan,OK,"C++23 (GCC 14-64, msys2)",1741509974
309598344,nihal_shenkeshi,A TRUE Battle,OK,C++20 (GCC 13-64),1741509134
309589702,akula_1411,A Gift From Orangutan,OK,Python 3,1741504964
309582315,nihal_shenkeshi,A TRUE Battle,WRONG_ANSWER,C++20 (GCC 13-64),1741500737
309582286,Ramim2219,A TRUE Battle,OK,C++17 (GCC 7-32),1741500714
309581909,hao7dtta,A Gift From Orangutan,OK,C++17 (GCC 7-32),1741500485
309581435,codechefimcooking,A TRUE Battle,RUNTIME_ERROR,"C++23 (GCC 14-64, msys2)",1741500198
309581200,codechefimcooking,A TRUE Battle,WRONG_ANSWER,"C++23 (GCC 14-64, msys2)",1741500042
309581018,codechefimcooking,A TRUE Battle,WRONG_ANSWER,"C++23 (GCC 14-64, msys2)",1741499911
309580855,codechefimcooking,A TRUE Battle,WRONG_ANSWER,"C++23 (GCC 14-64, msys2)",1741499789
309580579,codechefimcooking,Minimise Oneness,OK,"C++23 (GCC 14-64, msys2)",1741499564
309580570,Ramim2219,A TRUE Battle,WRONG_ANSWER,C++17 (GCC 7-32),1741499560
309580551,Ramim2219,A TRUE Battle,WRONG_ANSWER,C++17 (GCC 7-32),1741499543
309580457,codechefimcooking,A Gift From Orangutan,OK,"C++23 (GCC 14-64, msys2)",1741499477
309580282,codechefimcooking,Orangutan Approved Subarrays,WRONG_ANSWER,"C++23 (GCC 14-64, msys2)",1741499356
309580185,nihal_shenkeshi,A TRUE Battle,WRONG_ANSWER,C++20 (GCC 13-64),1741499290
309580012,codechefimcooking,Orangutan Approved Subarrays,WRONG_ANSWER,"C++23 (GCC 14-64, msys2)",1741499179
309579751,codechefimcooking,Orangutan Approved Subarrays,WRONG_ANSWER,"C++23 (GCC 14-64, msys2)",1741498993
309579556,codechefimcooking,Orangutan Approved Subarrays,WRONG_ANSWER,"C++23 (GCC 14-64, msys2)",1741498862
309579394,Hawk786,A Gift From Orangutan,OK,C++20 (GCC 13-64),1741498750
309579365,nectar_son,A Gift From Orangutan,OK,C++17 (GCC 7-32),1741498732
309579231,raghavgupta256,QED's Favorite Permutation,WRONG_ANSWER,C++17 (GCC 7-32),1741498636
309579171,raghavgupta256,QED's Favorite Permutation,WRONG_ANSWER,C++17 (GCC 7-32),1741498592
309578801,Hawk786,Minimise Oneness,OK,C++20 (GCC 13-64),1741498286
309577057,nectar_son,A TRUE Battle,OK,C++17 (GCC 7-32),1741496941
309576520,BlitzkreigRunner,QED's Favorite Permutation,OK,C++20 (GCC 13-64),1741496475
309569573,AlgorithmicRiyad,A TRUE Battle,OK,C++20 (GCC 13-64),1741488770
309569486,AlgorithmicRiyad,A TRUE Battle,WRONG_ANSWER,C++20 (GCC 13-64),1741488655
309569425,AlgorithmicRiyad,A TRUE Battle,WRONG_ANSWER,C++20 (GCC 13-64),1741488582
309566268,robin_friday,A TRUE Battle,OK,"C++23 (GCC 14-64, msys2)",1741484223
309565770,guineapig25,A Gift From Orangutan,OK,C++17 (GCC 7-32),1741483354
309547570,Xen_II,QED's Favorite Permutation,OK,"C++23 (GCC 14-64, msys2)",1741464348
309547371,Xen_II,QED's Favorite Permutation,WRONG_ANSWER,"C++23 (GCC 14-64, msys2)",1741464231
309538310,rds11,A TRUE Battle,OK,C++17 (GCC 7-32),1741458669
309534872,shadowstorm43,Minimise Oneness,OK,C++20 (GCC 13-64),1741456930
309534850,nectar_son,A TRUE Battle,WRONG_ANSWER,C++17 (GCC 7-32),1741456917
309534689,nectar_son,A TRUE Battle,WRONG_ANSWER,C++17 (GCC 7-32),1741456863
309533129,Arkanec,Minimise Oneness,OK,C++17 (GCC 7-32),1741456185
309531665,osmiyum,QED's Favorite Permutation,OK,C++20 (GCC 13-64),1741455548
309531617,osmiyum,QED's Favorite Permutation,COMPILATION_ERROR,Kotlin 1.7,1741455524
309528940,Ordon,Minimise Oneness,OK,C++20 (GCC 13-64),1741454346
309528418,Yasha_zaidi,Minimise Oneness,OK,PyPy 3-64,1741454120
309527987,Yasha_zaidi,Minimise Oneness,TIME_LIMIT_EXCEEDED,PyPy 3-64,1741453949
309526214,Yasha_zaidi,Minimise Oneness,WRONG_ANSWER,PyPy 3-64,1741453174
309524504,haha1324,QED's Favorite Permutation,OK,C++17 (GCC 7-32),1741452410
309524296,nectar_son,A TRUE Battle,WRONG_ANSWER,C++17 (GCC 7-32),1741452311
309522898,haha1324,QED's Favorite Permutation,WRONG_ANSWER,C++17 (GCC 7-32),1741451593
309522181,haha1324,QED's Favorite Permutation,WRONG_ANSWER,C++17 (GCC 7-32),1741451192
309519677,krit3379,Orangutan Approved Subarrays,OK,"C++23 (GCC 14-64, msys2)",1741449823
309519384,ojasrawat2072,A TRUE Battle,WRONG_ANSWER,Java 21,1741449684
309514545,M_Nishant,A Gift From Orangutan,OK,C++17 (GCC 7-32),1741447284
309514397,M_Nishant,A Gift From Orangutan,WRONG_ANSWER,C++17 (GCC 7-32),1741447214
309513702,Arindom_Niloy,Minimise Oneness,OK,C++20 (GCC 13-64),1741446896
309501934,krit3379,QED's Favorite Permutation,OK,"C++23 (GCC 14-64, msys2)",1741441317
309501518,surbhi.gaikwad,A TRUE Battle,OK,C++17 (GCC 7-32),1741441110
309501195,surbhi.gaikwad,A TRUE Battle,WRONG_ANSWER,C++17 (GCC 7-32),1741440960
309498112,Izumi_3900,A TRUE Battle,OK,C++17 (GCC 7-32),1741439610
309497275,Tushar_W,A TRUE Battle,OK,C++20 (GCC 13-64),1741439186
309496876,Tushar_W,A TRUE Battle,WRONG_ANSWER,C++20 (GCC 13-64),1741438989
309488895,shattershade,MEXimize the Score,OK,"C++23 (GCC 14-64, msys2)",1741434865
309483358,Tushar_W,A TRUE Battle,WRONG_ANSWER,C++20 (GCC 13-64),1741432016
309478900,Nanako7_ix,A TRUE Battle,WRONG_ANSWER,"C++23 (GCC 14-64, msys2)",1741429600
309478390,Chunjuan,Minimise Oneness,OK,C++20 (GCC 13-64),1741429343
309477376,krit3379,A TRUE Battle,OK,"C++23 (GCC 14-64, msys2)",1741428856
309477149,Chunjuan,Minimise Oneness,WRONG_ANSWER,C++20 (GCC 13-64),1741428739
309476271,krit3379,Minimise Oneness,OK,"C++23 (GCC 14-64, msys2)",1741428458
309476251,krit3379,Minimise Oneness,WRONG_ANSWER,"C++23 (GCC 14-64, msys2)",1741428444
309475489,Chunjuan,A Gift From Orangutan,OK,C++20 (GCC 13-64),1741428054
309475160,krit3379,A Gift From Orangutan,OK,"C++23 (GCC 14-64, msys2)",1741427882
309473081,HarshitGajera,Minimise Oneness,OK,"C++23 (GCC 14-64, msys2)",1741426813
309471842,shattershade,QED's Favorite Permutation,OK,"C++23 (GCC 14-64, msys2)",1741426183
309471063,tttho,QED's Favorite Permutation,OK,C++17 (GCC 7-32),1741425780
309470938,tttho,QED's Favorite Permutation,WRONG_ANSWER,C++17 (GCC 7-32),1741425713
309470572,tttho,QED's Favorite Permutation,WRONG_ANSWER,C++17 (GCC 7-32),1741425540
309469811,tttho,QED's Favorite Permutation,WRONG_ANSWER,C++17 (GCC 7-32),1741425166
309463477,Prerna11,Minimise Oneness,OK,C++20 (GCC 13-64),1741422256
309463070,Prerna11,Minimise Oneness,WRONG_ANSWER,C++20 (GCC 13-64),1741422078
309461724,raghavgupta256,QED's Favorite Permutation,WRONG_ANSWER,C++17 (GCC 7-32),1741421428
309461296,raghavgupta256,QED's Favorite Permutation,WRONG_ANSWER,C++17 (GCC 7-32),1741421224
309460230,raghavgupta256,QED's Favorite Permutation,WRONG_ANSWER,C++17 (GCC 7-32),1741420723
309457041,krit3379,MEXimize the Score,OK,"C++23 (GCC 14-64, msys2)",1741419243
309456952,krit3379,MEXimize the Score,OK,"C++23 (GCC 14-64, msys2)",1741419208
309455376,krit3379,MEXimize the Score,OK,"C++23 (GCC 14-64, msys2)",1741418479
309455353,coolkid1412,Minimise Oneness,OK,"C++23 (GCC 14-64, msys2)",1741418471
309453721,krit3379,MEXimize the Score,RUNTIME_ERROR,"C++23 (GCC 14-64, msys2)",1741417699
309452533,krit3379,MEXimize the Score,WRONG_ANSWER,"C++23 (GCC 14-64, msys2)",1741417161
309445906,adi893,A TRUE Battle,WRONG_ANSWER,C++17 (GCC 7-32),1741414250
309445811,adi893,A TRUE Battle,WRONG_ANSWER,C++17 (GCC 7-32),1741414204
309445674,adi893,A TRUE Battle,WRONG_ANSWER,C++17 (GCC 7-32),1741414137
309445396,adi893,A TRUE Battle,WRONG_ANSWER,C++17 (GCC 7-32),1741414002
309445316,adi893,A TRUE Battle,WRONG_ANSWER,C++17 (GCC 7-32),1741413954
309443805,adi893,A Gift From Orangutan,OK,C++17 (GCC 7-32),1741413151
309439087,ishika.agrahari,A Gift From Orangutan,OK,C++20 (GCC 13-64),1741410000
309431279,0Rbit03,A TRUE Battle,WRONG_ANSWER,C++20 (GCC 13-64),1741402630
309427367,FishNotebook,MEXimize the Score,OK,C++17 (GCC 7-32),1741398528
309427305,FishNotebook,MEXimize the Score,WRONG_ANSWER,C++17 (GCC 7-32),1741398464
309427194,FishNotebook,MEXimize the Score,WRONG_ANSWER,C++17 (GCC 7-32),1741398346
309427144,FishNotebook,MEXimize the Score,WRONG_ANSWER,C++17 (GCC 7-32),1741398292
309426967,FishNotebook,MEXimize the Score,WRONG_ANSWER,C++17 (GCC 7-32),1741398109
309425861,turneja,MEXimize the Score,OK,C++20 (GCC 13-64),1741396812
309425755,turneja,MEXimize the Score,WRONG_ANSWER,C++20 (GCC 13-64),1741396688
309425477,Moinak70937,A TRUE Battle,WRONG_ANSWER,C++17 (GCC 7-32),1741396357
309425464,turneja,MEXimize the Score,WRONG_ANSWER,C++20 (GCC 13-64),1741396341
309416810,glowbigger,Minimise Oneness,OK,"C++23 (GCC 14-64, msys2)",1741385721
309416796,glowbigger,Minimise Oneness,WRONG_ANSWER,"C++23 (GCC 14-64, msys2)",1741385708
309408652,hafizr283,A Gift From Orangutan,OK,C++17 (GCC 7-32),1741380403
309408209,Hridoyy,A TRUE Battle,OK,C++20 (GCC 13-64),1741380175
309405684,ViceCityBhai,A TRUE Battle,OK,"C++23 (GCC 14-64, msys2)",1741378863
309405275,ViceCityBhai,A TRUE Battle,WRONG_ANSWER,"C++23 (GCC 14-64, msys2)",1741378671
309405147,ViceCityBhai,A TRUE Battle,WRONG_ANSWER,"C++23 (GCC 14-64, msys2)",1741378617
309404077,Hridoyy,A TRUE Battle,WRONG_ANSWER,C++20 (GCC 13-64),1741378107
309401615,SpidyCoder,QED's Favorite Permutation,OK,C++20 (GCC 13-64),1741376776
309399542,Hridoyy,A TRUE Battle,WRONG_ANSWER,C++20 (GCC 13-64),1741375655
309391640,vikaskumar79112,A Gift From Orangutan,OK,Java 21,1741371675
309381299,Struggling_Sir,Minimise Oneness,WRONG_ANSWER,Java 21,1741366920
309380646,mummasboy23,A TRUE Battle,OK,"C++23 (GCC 14-64, msys2)",1741366571
309379083,mummasboy23,A TRUE Battle,WRONG_ANSWER,"C++23 (GCC 14-64, msys2)",1741365694
309378723,Keshavtripathi,A TRUE Battle,OK,Python 3,1741365482
309377861,ViceCityBhai,A TRUE Battle,WRONG_ANSWER,"C++23 (GCC 14-64, msys2)",1741364981
309377755,Keshavtripathi,A TRUE Battle,WRONG_ANSWER,Python 3,1741364920
309377416,Keshavtripathi,A TRUE Battle,WRONG_ANSWER,Python 3,1741364733
309377328,Keshavtripathi,A TRUE Battle,COMPILATION_ERROR,GNU C11,1741364688
309377214,ViceCityBhai,A TRUE Battle,WRONG_ANSWER,"C++23 (GCC 14-64, msys2)",1741364625
309376088,ViceCityBhai,A TRUE Battle,WRONG_ANSWER,"C++23 (GCC 14-64, msys2)",1741364031
309375147,ViceCityBhai,A TRUE Battle,WRONG_ANSWER,"C++23 (GCC 14-64, msys2)",1741363618
309372722,salma_ashraf10,Minimise Oneness,OK,C++17 (GCC 7-32),1741362575
309372450,salma_ashraf10,Minimise Oneness,WRONG_ANSWER,C++17 (GCC 7-32),1741362452
309372274,Dama_Varun,A Gift From Orangutan,OK,C++17 (GCC 7-32),1741362372
309361411,pabak,A TRUE Battle,COMPILATION_ERROR,C++17 (GCC 7-32),1741357748
309359598,qq2462155058,QED's Favorite Permutation,OK,C++17 (GCC 7-32),1741356949
309354474,krishnamdigga5,A Gift From Orangutan,OK,C++20 (GCC 13-64),1741354772
309347506,priyanshu3003,QED's Favorite Permutation,OK,Java 8,1741352179
309345435,24112006,QED's Favorite Permutation,OK,C++20 (GCC 13-64),1741351648
309344801,24112006,QED's Favorite Permutation,WRONG_ANSWER,C++20 (GCC 13-64),1741351396
309344077,24112006,QED's Favorite Permutation,WRONG_ANSWER,C++20 (GCC 13-64),1741351080
309329907,guruju_lokesh,A TRUE Battle,OK,C++17 (GCC 7-32),1741344433
309329848,BoleJoKoyal,Minimise Oneness,OK,C++17 (GCC 7-32),1741344392
309329670,BoleJoKoyal,Minimise Oneness,WRONG_ANSWER,C++17 (GCC 7-32),1741344277
309328540,guruju_lokesh,A TRUE Battle,WRONG_ANSWER,C++17 (GCC 7-32),1741343635
309328450,ff465593,A TRUE Battle,OK,C++17 (GCC 7-32),1741343583
309327523,IsKatel,A TRUE Battle,OK,C++20 (GCC 13-64),1741343047
309327325,IsKatel,A TRUE Battle,WRONG_ANSWER,C++20 (GCC 13-64),1741342923
309322621,Khaled_moham3d,Minimise Oneness,OK,C++20 (GCC 13-64),1741340353
309322481,Khaled_moham3d,Minimise Oneness,WRONG_ANSWER,C++20 (GCC 13-64),1741340277
309322125,Khaled_moham3d,Minimise Oneness,WRONG_ANSWER,C++20 (GCC 13-64),1741340079
309321840,Khaled_moham3d,A Gift From Orangutan,OK,C++20 (GCC 13-64),1741339936
309318214,Shuvo10,A Gift From Orangutan,OK,C++20 (GCC 13-64),1741337940
309315860,Manu_codeup,QED's Favorite Permutation,OK,"C++23 (GCC 14-64, msys2)",1741336691
309314961,gauravpandit,A TRUE Battle,OK,C++17 (GCC 7-32),1741336236
309312936,qq2462155058,QED's Favorite Permutation,TIME_LIMIT_EXCEEDED,C++17 (GCC 7-32),1741335029
309310508,Seferovic,MEXimize the Score,OK,"C++23 (GCC 14-64, msys2)",1741333501
309310431,qq2462155058,QED's Favorite Permutation,TIME_LIMIT_EXCEEDED,C++17 (GCC 7-32),1741333445
309308330,qq2462155058,QED's Favorite Permutation,WRONG_ANSWER,C++17 (GCC 7-32),1741332133
309307304,cbh666,Minimise Oneness,OK,C++17 (GCC 7-32),1741331463
309306908,cbh666,Minimise Oneness,WRONG_ANSWER,C++17 (GCC 7-32),1741331200
309306794,cbh666,Minimise Oneness,WRONG_ANSWER,C++17 (GCC 7-32),1741331127
309306755,cbh666,Minimise Oneness,COMPILATION_ERROR,GNU C11,1741331090
309306691,cbh666,Minimise Oneness,COMPILATION_ERROR,GNU C11,1741331047
309306359,cbh666,A Gift From Orangutan,OK,C++17 (GCC 7-32),1741330844
309306271,cbh666,A Gift From Orangutan,COMPILATION_ERROR,GNU C11,1741330791
309305807,jenny-qd,QED's Favorite Permutation,OK,C++20 (GCC 13-64),1741330463
309299208,Sam_Jiang,QED's Favorite Permutation,OK,C++20 (GCC 13-64),1741325486
309298675,ivan.v.gerasimov,A TRUE Battle,OK,"C++23 (GCC 14-64, msys2)",1741325059
309298576,ivan.v.gerasimov,A TRUE Battle,OK,"C++23 (GCC 14-64, msys2)",1741324977
309297793,ivan.v.gerasimov,A TRUE Battle,WRONG_ANSWER,"C++23 (GCC 14-64, msys2)",1741324330
309296101,1000_H100,A TRUE Battle,WRONG_ANSWER,C++17 (GCC 7-32),1741322743
309296069,num2,The Destruction of the Universe (Easy Version),WRONG_ANSWER,C++17 (GCC 7-32),1741322717
309295990,1000_H100,Minimise Oneness,OK,C++17 (GCC 7-32),1741322647
309295690,mix233,Orangutan Approved Subarrays,COMPILATION_ERROR,C++17 (GCC 7-32),1741322406
309295671,num5,Minimise Oneness,OK,C++17 (GCC 7-32),1741322392
309295502,mix233,A Gift From Orangutan,COMPILATION_ERROR,C++17 (GCC 7-32),1741322248
309295084,transformer123,The Destruction of the Universe (Hard Version),WRONG_ANSWER,C++17 (GCC 7-32),1741321869
309295057,num6,QED's Favorite Permutation,TIME_LIMIT_EXCEEDED,C++17 (GCC 7-32),1741321836
309294885,1000_H100,A TRUE Battle,WRONG_ANSWER,C++17 (GCC 7-32),1741321682
309294817,mix233,The Destruction of the Universe (Easy Version),WRONG_ANSWER,C++17 (GCC 7-32),1741321616
309294751,num5,MEXimize the Score,WRONG_ANSWER,C++17 (GCC 7-32),1741321567
309294562,real_Parallelism,Minimise Oneness,OK,C++17 (GCC 7-32),1741321381
309294454,num3,Orangutan Approved Subarrays,WRONG_ANSWER,C++17 (GCC 7-32),1741321282
309294133,num7,A Gift From Orangutan,OK,C++17 (GCC 7-32),1741321018
309293903,num3,QED's Favorite Permutation,COMPILATION_ERROR,C++17 (GCC 7-32),1741320830
309293856,num7,Orangutan Approved Subarrays,COMPILATION_ERROR,C++17 (GCC 7-32),1741320787
309293785,WorldShine02,Minimise Oneness,OK,C++17 (GCC 7-32),1741320721
309293496,num5,The Destruction of the Universe (Easy Version),WRONG_ANSWER,C++17 (GCC 7-32),1741320447
309293310,WorldShine02,A Gift From Orangutan,COMPILATION_ERROR,C++17 (GCC 7-32),1741320272
309292908,star.light,A TRUE Battle,OK,C++17 (GCC 7-32),1741319849
309289348,wuyuqian,QED's Favorite Permutation,OK,"C++23 (GCC 14-64, msys2)",1741315121
309288879,trvhung,QED's Favorite Permutation,OK,"C++23 (GCC 14-64, msys2)",1741314516
309284173,beansQ,QED's Favorite Permutation,OK,"C++23 (GCC 14-64, msys2)",1741307920
309284117,beansQ,QED's Favorite Permutation,COMPILATION_ERROR,PyPy 3-64,1741307861
309275487,24112006,QED's Favorite Permutation,TIME_LIMIT_EXCEEDED,C++20 (GCC 13-64),1741297730
309274670,24112006,QED's Favorite Permutation,WRONG_ANSWER,C++20 (GCC 13-64),1741297095
309274474,smallbrainsovamain1,Orangutan Approved Subarrays,WRONG_ANSWER,"C++23 (GCC 14-64, msys2)",1741296953
309273786,smallbrainsovamain1,Orangutan Approved Subarrays,WRONG_ANSWER,"C++23 (GCC 14-64, msys2)",1741296472
309273559,smallbrainsovamain1,Orangutan Approved Subarrays,WRONG_ANSWER,"C++23 (GCC 14-64, msys2)",1741296338
309273504,24112006,QED's Favorite Permutation,TIME_LIMIT_EXCEEDED,C++20 (GCC 13-64),1741296288
309273032,24112006,QED's Favorite Permutation,WRONG_ANSWER,C++20 (GCC 13-64),1741295996
309270902,24112006,QED's Favorite Permutation,TIME_LIMIT_EXCEEDED,C++20 (GCC 13-64),1741294748
309269914,24112006,QED's Favorite Permutation,TIME_LIMIT_EXCEEDED,C++20 (GCC 13-64),1741294186
309268971,24112006,QED's Favorite Permutation,TIME_LIMIT_EXCEEDED,C++20 (GCC 13-64),1741293658
309267143,24112006,QED's Favorite Permutation,TIME_LIMIT_EXCEEDED,C++20 (GCC 13-64),1741292739
309255865,Jubayer_Kabir,A Gift From Orangutan,OK,C++17 (GCC 7-32),1741286758
309255638,ishandeep2202,A Gift From Orangutan,OK,"C++23 (GCC 14-64, msys2)",1741286605
309251822,mdhlimonmia,A TRUE Battle,OK,"C++23 (GCC 14-64, msys2)",1741284628
309251613,mdhlimonmia,A TRUE Battle,WRONG_ANSWER,"C++23 (GCC 14-64, msys2)",1741284550
309248387,mdhlimonmia,A TRUE Battle,WRONG_ANSWER,"C++23 (GCC 14-64, msys2)",1741282942
309246138,a483.,The Destruction of the Universe (Hard Version),WRONG_ANSWER,"C++23 (GCC 14-64, msys2)",1741281877
309246078,v317.,The Destruction of the Universe (Easy Version),WRONG_ANSWER,"C++23 (GCC 14-64, msys2)",1741281841
309246067,kevi1717.,Orangutan Approved Subarrays,WRONG_ANSWER,"C++23 (GCC 14-64, msys2)",1741281835
309246064,calde360.,MEXimize the Score,WRONG_ANSWER,"C++23 (GCC 14-64, msys2)",1741281833
309246063,stewa772.,A TRUE Battle,WRONG_ANSWER,"C++23 (GCC 14-64, msys2)",1741281833
309246056,yid1566.,QED's Favorite Permutation,WRONG_ANSWER,"C++23 (GCC 14-64, msys2)",1741281831
309246049,d1753.,A Gift From Orangutan,WRONG_ANSWER,"C++23 (GCC 14-64, msys2)",1741281829
309246018,juanm272.,The Destruction of the Universe (Hard Version),WRONG_ANSWER,"C++23 (GCC 14-64, msys2)",1741281816
309246014,hgunnlaug131,The Destruction of the Universe (Easy Version),WRONG_ANSWER,"C++23 (GCC 14-64, msys2)",1741281815
309246012,valdimarsmoira6,MEXimize the Score,WRONG_ANSWER,"C++23 (GCC 14-64, msys2)",1741281814
309246009,sorren649.,Orangutan Approved Subarrays,WRONG_ANSWER,"C++23 (GCC 14-64, msys2)",1741281813
309246004,1531.,A TRUE Battle,WRONG_ANSWER,"C++23 (GCC 14-64, msys2)",1741281811
309246000,drnbrhrdt,QED's Favorite Permutation,WRONG_ANSWER,"C++23 (GCC 14-64, msys2)",1741281810
309245993,yha369.,A Gift From Orangutan,WRONG_ANSWER,"C++23 (GCC 14-64, msys2)",1741281805
309245972,br305.,The Destruction of the Universe (Hard Version),WRONG_ANSWER,"C++23 (GCC 14-64, msys2)",1741281797
309245945,1406.,The Destruction of the Universe (Easy Version),WRONG_ANSWER,"C++23 (GCC 14-64, msys2)",1741281781
309245934,1083.,Orangutan Approved Subarrays,WRONG_ANSWER,"C++23 (GCC 14-64, msys2)",1741281777
309245871,sta98.,QED's Favorite Permutation,WRONG_ANSWER,"C++23 (GCC 14-64, msys2)",1741281749
309245848,1033.,A TRUE Battle,WRONG_ANSWER,"C++23 (GCC 14-64, msys2)",1741281737
309245833,329.,Minimise Oneness,WRONG_ANSWER,"C++23 (GCC 14-64, msys2)",1741281729
309245814,k700.,The Destruction of the Universe (Hard Version),WRONG_ANSWER,"C++23 (GCC 14-64, msys2)",1741281720
309245775,z815.,Orangutan Approved Subarrays,WRONG_ANSWER,"C++23 (GCC 14-64, msys2)",1741281704
309245767,niculescumitica355,The Destruction of the Universe (Easy Version),WRONG_ANSWER,"C++23 (GCC 14-64, msys2)",1741281702
309245761,ma580.,A TRUE Battle,WRONG_ANSWER,"C++23 (GCC 14-64, msys2)",1741281699
309245755,jhu1605.,MEXimize the Score,WRONG_ANSWER,"C++23 (GCC 14-64, msys2)",1741281697
309245753,ji792.,QED's Favorite Permutation,WRONG_ANSWER,"C++23 (GCC 14-64, msys2)",1741281696
309245731,jo1168.,The Destruction of the Universe (Easy Version),WRONG_ANSWER,"C++23 (GCC 14-64, msys2)",1741281684
309245726,spenc1787.,The Destruction of the Universe (Hard Version),WRONG_ANSWER,"C++23 (GCC 14-64, msys2)",1741281682
309245718,uno758.,Orangutan Approved Subarrays,WRONG_ANSWER,"C++23 (GCC 14-64, msys2)",1741281679
309245716,g433.,MEXimize the Score,WRONG_ANSWER,"C++23 (GCC 14-64, msys2)",1741281678
309245709,tho703.,Minimise Oneness,WRONG_ANSWER,"C++23 (GCC 14-64, msys2)",1741281676
309245706,uhzeek498.,QED's Favorite Permutation,WRONG_ANSWER,"C++23 (GCC 14-64, msys2)",1741281675
309245699,arch704.,A TRUE Battle,WRONG_ANSWER,"C++23 (GCC 14-64, msys2)",1741281672
309245691,1456.,A Gift From Orangutan,OK,"C++23 (GCC 14-64, msys2)",1741281668
309245672,jam690.,The Destruction of the Universe (Hard Version),COMPILATION_ERROR,"C++23 (GCC 14-64, msys2)",1741281657
309245671,da1108.,Orangutan Approved Subarrays,WRONG_ANSWER,"C++23 (GCC 14-64, msys2)",1741281656
309245670,ho1017.,The Destruction of the Universe (Easy Version),WRONG_ANSWER,"C++23 (GCC 14-64, msys2)",1741281656
309245532,vjqnmr589.,QED's Favorite Permutation,WRONG_ANSWER,"C++23 (GCC 14-64, msys2)",1741281589
309245531,858.,A TRUE Battle,WRONG_ANSWER,"C++23 (GCC 14-64, msys2)",1741281589
309245529,eco1185.,Minimise Oneness,WRONG_ANSWER,"C++23 (GCC 14-64, msys2)",1741281586
309245495,t1470.,The Destruction of the Universe (Hard Version),WRONG_ANSWER,"C++23 (GCC 14-64, msys2)",1741281570
309245474,lop1641.,The Destruction of the Universe (Easy Version),WRONG_ANSWER,"C++23 (GCC 14-64, msys2)",1741281560
309245470,c1573.,Orangutan Approved Subarrays,WRONG_ANSWER,"C++23 (GCC 14-64, msys2)",1741281558
309245466,qjo163.,MEXimize the Score,WRONG_ANSWER,"C++23 (GCC 14-64, msys2)",1741281557
309245461,dan1006.,QED's Favorite Permutation,WRONG_ANSWER,"C++23 (GCC 14-64, msys2)",1741281555
309245448,po1762.,A TRUE Battle,WRONG_ANSWER,"C++23 (GCC 14-64, msys2)",1741281551
309245447,l1136.,Minimise Oneness,WRONG_ANSWER,"C++23 (GCC 14-64, msys2)",1741281551
309245442,sta98.,A Gift From Orangutan,OK,"C++23 (GCC 14-64, msys2)",1741281549
309245428,d91.,The Destruction of the Universe (Hard Version),WRONG_ANSWER,"C++23 (GCC 14-64, msys2)",1741281543
309245414,sharleen1080.,The Destruction of the Universe (Easy Version),WRONG_ANSWER,"C++23 (GCC 14-64, msys2)",1741281537
309245409,au867.,Orangutan Approved Subarrays,WRONG_ANSWER,"C++23 (GCC 14-64, msys2)",1741281535
309245401,896.,MEXimize the Score,WRONG_ANSWER,"C++23 (GCC 14-64, msys2)",1741281534
309245395,909.,QED's Favorite Permutation,WRONG_ANSWER,"C++23 (GCC 14-64, msys2)",1741281531
309245392,m1541.,A TRUE Battle,WRONG_ANSWER,"C++23 (GCC 14-64, msys2)",1741281531
309245391,luzuwv1821.,Minimise Oneness,WRONG_ANSWER,"C++23 (GCC 14-64, msys2)",1741281531
309245381,br1620.,A Gift From Orangutan,WRONG_ANSWER,"C++23 (GCC 14-64, msys2)",1741281525
309243677,just_existing123,A TRUE Battle,OK,"C++23 (GCC 14-64, msys2)",1741280736
309242715,BinaryKnight,A Gift From Orangutan,OK,C++17 (GCC 7-32),1741280262
309240802,real_Parallelism,A Gift From Orangutan,OK,C++17 (GCC 7-32),1741279341
309240056,WorldShine02,A TRUE Battle,WRONG_ANSWER,C++17 (GCC 7-32),1741278984
309239794,mix233,Minimise Oneness,COMPILATION_ERROR,C++17 (GCC 7-32),1741278862
309239595,transformer123,The Destruction of the Universe (Hard Version),WRONG_ANSWER,C++17 (GCC 7-32),1741278764
309239593,just_existing123,A TRUE Battle,WRONG_ANSWER,"C++23 (GCC 14-64, msys2)",1741278763
309238461,1000_H100,Orangutan Approved Subarrays,WRONG_ANSWER,C++17 (GCC 7-32),1741278271
309237705,mix233,MEXimize the Score,COMPILATION_ERROR,C++17 (GCC 7-32),1741277932
309237225,num3,QED's Favorite Permutation,WRONG_ANSWER,C++17 (GCC 7-32),1741277734
309235257,just_existing123,Minimise Oneness,OK,"C++23 (GCC 14-64, msys2)",1741276747
309232526,just_existing123,A Gift From Orangutan,OK,"C++23 (GCC 14-64, msys2)",1741275481
309225288,Aviansh,Orangutan Approved Subarrays,OK,C++20 (GCC 13-64),1741272402
309224503,Aviansh,Orangutan Approved Subarrays,WRONG_ANSWER,C++20 (GCC 13-64),1741272052
309223519,gurjot008,A TRUE Battle,WRONG_ANSWER,PyPy 3-64,1741271634
309223407,gurjot008,A TRUE Battle,COMPILATION_ERROR,PyPy 3-64,1741271583
309212398,wuyuqian,A TRUE Battle,OK,"C++23 (GCC 14-64, msys2)",1741267130
309211887,wuyuqian,A TRUE Battle,WRONG_ANSWER,"C++23 (GCC 14-64, msys2)",1741266925
309211530,wuyuqian,A TRUE Battle,WRONG_ANSWER,"C++23 (GCC 14-64, msys2)",1741266779
309210896,blstAr,QED's Favorite Permutation,OK,C++20 (GCC 13-64),1741266528
309210695,wuyuqian,A TRUE Battle,WRONG_ANSWER,"C++23 (GCC 14-64, msys2)",1741266447
309209303,wuyuqian,Minimise Oneness,OK,"C++23 (GCC 14-64, msys2)",1741265903
309208202,wuyuqian,A Gift From Orangutan,OK,"C++23 (GCC 14-64, msys2)",1741265474
309205298,blstAr,A TRUE Battle,OK,C++20 (GCC 13-64),1741264293
309205152,Usami_Renko,QED's Favorite Permutation,OK,C++17 (GCC 7-32),1741264229
309204698,isa-Cpp,A Gift From Orangutan,OK,C++20 (GCC 13-64),1741264029
309204623,blstAr,A TRUE Battle,WRONG_ANSWER,C++20 (GCC 13-64),1741264000
309203913,Usami_Renko,QED's Favorite Permutation,WRONG_ANSWER,C++17 (GCC 7-32),1741263721
309202854,Usami_Renko,QED's Favorite Permutation,WRONG_ANSWER,C++17 (GCC 7-32),1741263273
309202596,Usami_Renko,QED's Favorite Permutation,WRONG_ANSWER,C++17 (GCC 7-32),1741263162
309202460,blstAr,A TRUE Battle,WRONG_ANSWER,C++20 (GCC 13-64),1741263108
309202141,Usami_Renko,QED's Favorite Permutation,WRONG_ANSWER,C++17 (GCC 7-32),1741262976
309201662,Usami_Renko,QED's Favorite Permutation,WRONG_ANSWER,C++17 (GCC 7-32),1741262768
309201498,Usami_Renko,QED's Favorite Permutation,WRONG_ANSWER,C++17 (GCC 7-32),1741262698
309201354,Usami_Renko,QED's Favorite Permutation,WRONG_ANSWER,C++17 (GCC 7-32),1741262632
309201192,Usami_Renko,QED's Favorite Permutation,WRONG_ANSWER,C++17 (GCC 7-32),1741262565
309201179,mizo2277,A TRUE Battle,OK,"C++23 (GCC 14-64, msys2)",1741262559
309201021,blstAr,Minimise Oneness,OK,C++20 (GCC 13-64),1741262496
309200820,Usami_Renko,QED's Favorite Permutation,WRONG_ANSWER,C++17 (GCC 7-32),1741262407
309200450,mizo2277,A TRUE Battle,WRONG_ANSWER,"C++23 (GCC 14-64, msys2)",1741262258
309200393,Usami_Renko,QED's Favorite Permutation,WRONG_ANSWER,C++17 (GCC 7-32),1741262235
309200059,Usami_Renko,QED's Favorite Permutation,WRONG_ANSWER,C++17 (GCC 7-32),1741262108
309199899,blstAr,A Gift From Orangutan,OK,C++20 (GCC 13-64),1741262046
309199832,blstAr,A Gift From Orangutan,COMPILATION_ERROR,C++20 (GCC 13-64),1741262024
309198849,Usami_Renko,QED's Favorite Permutation,WRONG_ANSWER,C++17 (GCC 7-32),1741261594
309198129,Usami_Renko,QED's Favorite Permutation,WRONG_ANSWER,C++17 (GCC 7-32),1741261272
309197795,Usami_Renko,QED's Favorite Permutation,WRONG_ANSWER,C++17 (GCC 7-32),1741261130
309196913,Usami_Renko,QED's Favorite Permutation,WRONG_ANSWER,C++17 (GCC 7-32),1741260768
309196532,Usami_Renko,QED's Favorite Permutation,WRONG_ANSWER,C++17 (GCC 7-32),1741260598
309196464,Usami_Renko,QED's Favorite Permutation,WRONG_ANSWER,C++17 (GCC 7-32),1741260572
309196368,Usami_Renko,QED's Favorite Permutation,WRONG_ANSWER,C++17 (GCC 7-32),1741260529
309196297,Usami_Renko,QED's Favorite Permutation,WRONG_ANSWER,C++17 (GCC 7-32),1741260498
309196208,Usami_Renko,QED's Favorite Permutation,WRONG_ANSWER,C++17 (GCC 7-32),1741260454
309196041,Usami_Renko,QED's Favorite Permutation,WRONG_ANSWER,C++17 (GCC 7-32),1741260379
309193487,Usami_Renko,QED's Favorite Permutation,WRONG_ANSWER,C++17 (GCC 7-32),1741259131
309192779,Usami_Renko,QED's Favorite Permutation,WRONG_ANSWER,C++17 (GCC 7-32),1741258736
309191945,Usami_Renko,QED's Favorite Permutation,WRONG_ANSWER,C++17 (GCC 7-32),1741258293
309191481,Usami_Renko,QED's Favorite Permutation,WRONG_ANSWER,C++17 (GCC 7-32),1741258061
309190260,Usami_Renko,QED's Favorite Permutation,WRONG_ANSWER,C++17 (GCC 7-32),1741257451
309190158,Usami_Renko,QED's Favorite Permutation,WRONG_ANSWER,C++17 (GCC 7-32),1741257400
309189672,Usami_Renko,QED's Favorite Permutation,WRONG_ANSWER,C++17 (GCC 7-32),1741257140
309186143,user55,A TRUE Battle,OK,C++17 (GCC 7-32),1741255125
309186131,gurjot008,A TRUE Battle,WRONG_ANSWER,PyPy 3-64,1741255119
309185632,gurjot008,A TRUE Battle,WRONG_ANSWER,PyPy 3-64,1741254824
309184646,gurjot008,A TRUE Battle,WRONG_ANSWER,PyPy 3-64,1741254271
309183091,gurjot008,Minimise Oneness,OK,PyPy 3-64,1741253436
309182361,Usami_Renko,A TRUE Battle,OK,C++17 (GCC 7-32),1741253017
309181795,Usami_Renko,A TRUE Battle,WRONG_ANSWER,C++17 (GCC 7-32),1741252704
309178906,DeMen100ns,Minimise Oneness,OK,Python 3,1741251065
309178784,DeMen100ns,Minimise Oneness,RUNTIME_ERROR,Python 3,1741251002
309178750,DeMen100ns,Minimise Oneness,WRONG_ANSWER,Python 3,1741250979
309178611,DeMen100ns,Minimise Oneness,WRONG_ANSWER,Python 3,1741250905
309175800,Usami_Renko,Minimise Oneness,OK,C++17 (GCC 7-32),1741249964
309174469,Usami_Renko,A Gift From Orangutan,OK,C++17 (GCC 7-32),1741249149
309171993,Ahmad_827,A Gift From Orangutan,OK,C++20 (GCC 13-64),1741247535
309171082,jaduu,A TRUE Battle,WRONG_ANSWER,"C++23 (GCC 14-64, msys2)",1741246867
309169608,jaduu,A TRUE Battle,WRONG_ANSWER,"C++23 (GCC 14-64, msys2)",1741245904
309165705,Rutva_TheCoder,A TRUE Battle,OK,C++17 (GCC 7-32),1741243607
309162685,tpx-198,MEXimize the Score,OK,C++20 (GCC 13-64),1741241709
309149164,5am__Arpit,A TRUE Battle,OK,C++20 (GCC 13-64),1741229971
309149048,5am__Arpit,Minimise Oneness,OK,C++20 (GCC 13-64),1741229826
309148993,5am__Arpit,Minimise Oneness,COMPILATION_ERROR,C++20 (GCC 13-64),1741229762
309148881,5am__Arpit,Minimise Oneness,COMPILATION_ERROR,C++20 (GCC 13-64),1741229623
309141199,Ahad_18,QED's Favorite Permutation,OK,"C++23 (GCC 14-64, msys2)",1741219657
309130153,Moinak70937,A TRUE Battle,WRONG_ANSWER,C++17 (GCC 7-32),1741208986
309123569,suzziahar,A Gift From Orangutan,OK,C++17 (GCC 7-32),1741204776
309123506,X__OR,A TRUE Battle,OK,PyPy 3-64,1741204738
309118279,Moinak70937,Minimise Oneness,OK,C++17 (GCC 7-32),1741201757
309118016,Moinak70937,Minimise Oneness,WRONG_ANSWER,C++17 (GCC 7-32),1741201611
309115331,Alebn,MEXimize the Score,OK,"C++23 (GCC 14-64, msys2)",1741200006
309112209,Sujith_2193,A Gift From Orangutan,OK,PyPy 3-64,1741198326
309111809,Alebn,MEXimize the Score,WRONG_ANSWER,"C++23 (GCC 14-64, msys2)",1741198095
309108278,downfall,QED's Favorite Permutation,OK,C++17 (GCC 7-32),1741196398
309105401,Dikshith_200,A Gift From Orangutan,OK,C++17 (GCC 7-32),1741194985
309102486,RuchirSharma038,A TRUE Battle,OK,C++20 (GCC 13-64),1741193523
309101615,RuchirSharma038,A TRUE Battle,WRONG_ANSWER,C++20 (GCC 13-64),1741193019
309099392,Bluefire_4,A Gift From Orangutan,OK,C++17 (GCC 7-32),1741191779
309099370,Oskr6128,A TRUE Battle,OK,C++20 (GCC 13-64),1741191769
309098410,pattycodex,A TRUE Battle,WRONG_ANSWER,C++17 (GCC 7-32),1741191268
309093843,OGGYYY,QED's Favorite Permutation,OK,C++20 (GCC 13-64),1741188884
309093151,gurjot008,A Gift From Orangutan,OK,PyPy 3-64,1741188567
309084776,PzzZ,A Gift From Orangutan,OK,"C++23 (GCC 14-64, msys2)",1741186780
309084112,Karim_Abdelaziz,QED's Favorite Permutation,OK,"C++23 (GCC 14-64, msys2)",1741186470
309084052,Karim_Abdelaziz,QED's Favorite Permutation,WRONG_ANSWER,"C++23 (GCC 14-64, msys2)",1741186437
309083917,Karim_Abdelaziz,QED's Favorite Permutation,WRONG_ANSWER,"C++23 (GCC 14-64, msys2)",1741186370
309082087,Karim_Abdelaziz,A TRUE Battle,OK,"C++23 (GCC 14-64, msys2)",1741185518
309081603,yenugantirahul,A Gift From Orangutan,OK,Java 21,1741185300
309081475,yenugantirahul,A Gift From Orangutan,COMPILATION_ERROR,Java 21,1741185253
309078221,PzzZ,Minimise Oneness,OK,"C++23 (GCC 14-64, msys2)",1741183792
309072518,ShockerJoker,A TRUE Battle,OK,C++20 (GCC 13-64),1741181387
309072317,ShockerJoker,A TRUE Battle,WRONG_ANSWER,C++20 (GCC 13-64),1741181306
309064163,A_Nafees,MEXimize the Score,OK,C++20 (GCC 13-64),1741177797
309063854,R_ider,A TRUE Battle,OK,C++20 (GCC 13-64),1741177680
309063660,R_ider,A TRUE Battle,OK,C++20 (GCC 13-64),1741177595
309063174,R_ider,A TRUE Battle,WRONG_ANSWER,C++20 (GCC 13-64),1741177393
309062294,rt2195355,Minimise Oneness,OK,C++17 (GCC 7-32),1741177034
309061958,R_ider,A TRUE Battle,WRONG_ANSWER,C++20 (GCC 13-64),1741176907
309061940,rt2195355,Minimise Oneness,WRONG_ANSWER,C++17 (GCC 7-32),1741176900
309061643,R_ider,A TRUE Battle,WRONG_ANSWER,C++20 (GCC 13-64),1741176788
309061276,Whizzo_Mo1kai,A TRUE Battle,OK,C++17 (GCC 7-32),1741176650
309057372,R_ider,A TRUE Battle,WRONG_ANSWER,C++20 (GCC 13-64),1741174634
309055493,R_ider,A TRUE Battle,WRONG_ANSWER,C++20 (GCC 13-64),1741173818
309047225,Code_messiah16,A TRUE Battle,OK,C++17 (GCC 7-32),1741169527
309047158,Tuhinreza2002,A TRUE Battle,WRONG_ANSWER,C++17 (GCC 7-32),1741169497
309045480,Code_messiah16,A TRUE Battle,WRONG_ANSWER,C++17 (GCC 7-32),1741168577
309044827,Tuhinreza2002,A TRUE Battle,WRONG_ANSWER,C++17 (GCC 7-32),1741168206
309040651,Coder_Sumeet,A TRUE Battle,OK,C++17 (GCC 7-32),1741165968
309039782,harsh_bisht_,A Gift From Orangutan,OK,"C++23 (GCC 14-64, msys2)",1741165511
309036670,xrf123,A TRUE Battle,WRONG_ANSWER,C++17 (GCC 7-32),1741163965
309035581,xrf123,A TRUE Battle,WRONG_ANSWER,C++17 (GCC 7-32),1741163372
309035381,xrf123,A TRUE Battle,WRONG_ANSWER,C++17 (GCC 7-32),1741163270
309034574,xrf123,A TRUE Battle,WRONG_ANSWER,C++17 (GCC 7-32),1741162831
309033386,xrf123,Minimise Oneness,OK,C++17 (GCC 7-32),1741162167
309032942,xrf123,Minimise Oneness,WRONG_ANSWER,C++17 (GCC 7-32),1741161887
309032710,noob_guy_2033,A TRUE Battle,OK,"C++23 (GCC 14-64, msys2)",1741161749
309031717,Sohaib.Huzaifa,A TRUE Battle,OK,"C++23 (GCC 14-64, msys2)",1741161196
309031292,xrf123,A Gift From Orangutan,OK,C++17 (GCC 7-32),1741160933
309030957,Sohaib.Huzaifa,A TRUE Battle,COMPILATION_ERROR,"C++23 (GCC 14-64, msys2)",1741160755
309028175,suanfaking,A TRUE Battle,OK,"C++23 (GCC 14-64, msys2)",1741159148
309027987,suanfaking,A TRUE Battle,WRONG_ANSWER,"C++23 (GCC 14-64, msys2)",1741159024
309027532,not_MAHIM,Minimise Oneness,OK,C++20 (GCC 13-64),1741158736
309027421,Xenon130205,A TRUE Battle,OK,C++20 (GCC 13-64),1741158675
309027279,not_MAHIM,Minimise Oneness,WRONG_ANSWER,C++20 (GCC 13-64),1741158579
309026694,suanfaking,A TRUE Battle,WRONG_ANSWER,"C++23 (GCC 14-64, msys2)",1741158274
309026065,Entropy.,QED's Favorite Permutation,OK,C++20 (GCC 13-64),1741157862
309026015,suanfaking,A TRUE Battle,WRONG_ANSWER,"C++23 (GCC 14-64, msys2)",1741157836
309023185,RuchirSharma038,A TRUE Battle,WRONG_ANSWER,C++20 (GCC 13-64),1741156114
309022352,alla_sak,A Gift From Orangutan,OK,"C++23 (GCC 14-64, msys2)",1741155621
309020968,alla_sak,A Gift From Orangutan,WRONG_ANSWER,"C++23 (GCC 14-64, msys2)",1741154710
309020365,alla_sak,A Gift From Orangutan,WRONG_ANSWER,"C++23 (GCC 14-64, msys2)",1741154255
309019837,RuchirSharma038,A TRUE Battle,WRONG_ANSWER,C++20 (GCC 13-64),1741153860
309019758,alla_sak,A Gift From Orangutan,WRONG_ANSWER,"C++23 (GCC 14-64, msys2)",1741153807
309016598,suanfaking,QED's Favorite Permutation,OK,"C++23 (GCC 14-64, msys2)",1741151218
309015528,DMit96,A TRUE Battle,OK,C++17 (GCC 7-32),1741150244
309015387,DMit96,A TRUE Battle,WRONG_ANSWER,C++17 (GCC 7-32),1741150124
309015074,Entropy.,A TRUE Battle,OK,C++20 (GCC 13-64),1741149842
309014249,DMit96,A TRUE Battle,WRONG_ANSWER,C++17 (GCC 7-32),1741148990
309014214,Entropy.,A TRUE Battle,WRONG_ANSWER,C++20 (GCC 13-64),1741148951
309013607,Entropy.,Minimise Oneness,OK,C++20 (GCC 13-64),1741148341
309013472,Entropy.,A Gift From Orangutan,OK,C++20 (GCC 13-64),1741148186
309013409,kimmy20,A Gift From Orangutan,OK,"C++23 (GCC 14-64, msys2)",1741148118
308995037,Karim_Abdelaziz,Minimise Oneness,OK,"C++23 (GCC 14-64, msys2)",1741125595
308993915,Karim_Abdelaziz,A Gift From Orangutan,OK,"C++23 (GCC 14-64, msys2)",1741124583
308979621,worlearn,A Gift From Orangutan,OK,Java 21,1741115592
308978079,TLESlayer,A Gift From Orangutan,OK,C++17 (GCC 7-32),1741114772
308972570,Sagittarius_Astar,Minimise Oneness,OK,C++17 (GCC 7-32),1741111906
308968589,Mafruda14,A Gift From Orangutan,OK,PyPy 3-64,1741110097
308967314,__Moatz__,A TRUE Battle,OK,"C++23 (GCC 14-64, msys2)",1741109558
308967229,yse,QED's Favorite Permutation,OK,C++20 (GCC 13-64),1741109520
308966968,yse,QED's Favorite Permutation,WRONG_ANSWER,C++20 (GCC 13-64),1741109401
308966771,yse,QED's Favorite Permutation,WRONG_ANSWER,C++20 (GCC 13-64),1741109299
308965644,pixel_pirate,A TRUE Battle,OK,C++17 (GCC 7-32),1741108797
308965406,Mafruda14,Minimise Oneness,WRONG_ANSWER,PyPy 3-64,1741108595
308964226,pixel_pirate,A TRUE Battle,WRONG_ANSWER,C++17 (GCC 7-32),1741108082
308963603,pixel_pirate,A TRUE Battle,WRONG_ANSWER,C++17 (GCC 7-32),1741107763
308956704,kiruthees5,A TRUE Battle,OK,"C++23 (GCC 14-64, msys2)",1741104163
308955570,LinGu,A Gift From Orangutan,OK,"C++23 (GCC 14-64, msys2)",1741103602
308948235,kiruthees5,A TRUE Battle,WRONG_ANSWER,"C++23 (GCC 14-64, msys2)",1741100437
308943250,BFxue,QED's Favorite Permutation,OK,C++17 (GCC 7-32),1741098369
308941968,BFxue,QED's Favorite Permutation,WRONG_ANSWER,C++17 (GCC 7-32),1741097811
308941631,jyzhen,QED's Favorite Permutation,OK,C++20 (GCC 13-64),1741097668
308941363,jyzhen,QED's Favorite Permutation,OK,C++20 (GCC 13-64),1741097539
308938869,Whizzo_Mo1kai,A TRUE Battle,WRONG_ANSWER,C++17 (GCC 7-32),1741096525
308937420,Whizzo_Mo1kai,A TRUE Battle,WRONG_ANSWER,C++17 (GCC 7-32),1741095937
308937190,Whizzo_Mo1kai,A TRUE Battle,WRONG_ANSWER,C++17 (GCC 7-32),1741095837
308936655,Whizzo_Mo1kai,A TRUE Battle,WRONG_ANSWER,C++17 (GCC 7-32),1741095585
308936185,git_refresh,A TRUE Battle,OK,C++20 (GCC 13-64),1741095421
308935442,Whizzo_Mo1kai,A TRUE Battle,WRONG_ANSWER,C++17 (GCC 7-32),1741095115
308932596,ZyadH1,A TRUE Battle,OK,C++17 (GCC 7-32),1741094007
308930946,tonmoy197,A TRUE Battle,OK,C++17 (GCC 7-32),1741093366
308930318,git_refresh,Minimise Oneness,OK,C++20 (GCC 13-64),1741093115
308928731,git_refresh,A Gift From Orangutan,OK,C++20 (GCC 13-64),1741092485
308924690,EfeG,QED's Favorite Permutation,OK,C++17 (GCC 7-32),1741090761
308924091,EfeG,QED's Favorite Permutation,OK,C++17 (GCC 7-32),1741090493
308923773,EfeG,QED's Favorite Permutation,WRONG_ANSWER,C++17 (GCC 7-32),1741090360
308923275,EfeG,QED's Favorite Permutation,WRONG_ANSWER,C++17 (GCC 7-32),1741090151
308922133,AdamRh,Minimise Oneness,OK,PyPy 3-64,1741089669
308922016,AdamRh,Minimise Oneness,WRONG_ANSWER,PyPy 3-64,1741089621
308921991,EfeG,QED's Favorite Permutation,WRONG_ANSWER,C++17 (GCC 7-32),1741089613
308921628,EfeG,QED's Favorite Permutation,WRONG_ANSWER,C++17 (GCC 7-32),1741089461
308921165,EfeG,QED's Favorite Permutation,WRONG_ANSWER,C++17 (GCC 7-32),1741089258
308920905,EfeG,QED's Favorite Permutation,WRONG_ANSWER,C++17 (GCC 7-32),1741089139
308920368,EfeG,QED's Favorite Permutation,WRONG_ANSWER,C++17 (GCC 7-32),1741088905
308919346,Tensonn,QED's Favorite Permutation,OK,C++20 (GCC 13-64),1741088414
308919260,Tensonn,QED's Favorite Permutation,WRONG_ANSWER,C++20 (GCC 13-64),1741088370
308919021,Tensonn,QED's Favorite Permutation,WRONG_ANSWER,C++20 (GCC 13-64),1741088253
308918921,Tensonn,QED's Favorite Permutation,WRONG_ANSWER,C++20 (GCC 13-64),1741088195
308918697,S.Md.Aadil,A TRUE Battle,WRONG_ANSWER,"C++23 (GCC 14-64, msys2)",1741088093
308918192,AdamRh,Minimise Oneness,WRONG_ANSWER,PyPy 3-64,1741087827
308917913,EfeG,QED's Favorite Permutation,WRONG_ANSWER,C++17 (GCC 7-32),1741087680
308917162,EfeG,QED's Favorite Permutation,WRONG_ANSWER,C++17 (GCC 7-32),1741087322
308916668,EfeG,QED's Favorite Permutation,WRONG_ANSWER,C++17 (GCC 7-32),1741087072
308916249,EfeG,QED's Favorite Permutation,WRONG_ANSWER,C++17 (GCC 7-32),1741086875
308914941,aryan_lohia,A TRUE Battle,WRONG_ANSWER,C++17 (GCC 7-32),1741086160
308914463,AdamRh,A Gift From Orangutan,OK,PyPy 3-64,1741085925
308908958,jyzhen,MEXimize the Score,OK,C++20 (GCC 13-64),1741083115
308908661,jyzhen,MEXimize the Score,TIME_LIMIT_EXCEEDED,C++20 (GCC 13-64),1741082957
308908279,jyzhen,MEXimize the Score,WRONG_ANSWER,C++20 (GCC 13-64),1741082773
308905731,Shreeya_sriv12,Minimise Oneness,OK,C++17 (GCC 7-32),1741081481
308905696,Shreeya_sriv12,Minimise Oneness,WRONG_ANSWER,C++17 (GCC 7-32),1741081464
308904951,Shreeya_sriv12,Minimise Oneness,WRONG_ANSWER,C++17 (GCC 7-32),1741081067
308904836,jyzhen,MEXimize the Score,WRONG_ANSWER,C++20 (GCC 13-64),1741081011
308904593,jyzhen,MEXimize the Score,MEMORY_LIMIT_EXCEEDED,C++20 (GCC 13-64),1741080883
308900875,jyzhen,MEXimize the Score,OK,C++20 (GCC 13-64),1741078974
308896821,vansh268p,QED's Favorite Permutation,OK,"C++23 (GCC 14-64, msys2)",1741077008
308896438,vansh268p,QED's Favorite Permutation,WRONG_ANSWER,"C++23 (GCC 14-64, msys2)",1741076801
308896161,Hunter_Bug,Minimise Oneness,OK,C++20 (GCC 13-64),1741076696
308895693,Hunter_Bug,Minimise Oneness,WRONG_ANSWER,C++20 (GCC 13-64),1741076437
308895585,Hunter_Bug,Minimise Oneness,WRONG_ANSWER,C++20 (GCC 13-64),1741076385
308895499,Hunter_Bug,Minimise Oneness,WRONG_ANSWER,C++20 (GCC 13-64),1741076335
308894790,Hunter_Bug,Minimise Oneness,WRONG_ANSWER,C++20 (GCC 13-64),1741075969
308894740,Hunter_Bug,Minimise Oneness,WRONG_ANSWER,C++20 (GCC 13-64),1741075940
308894679,Hunter_Bug,Minimise Oneness,WRONG_ANSWER,C++20 (GCC 13-64),1741075907
308894304,Manya_1112,A TRUE Battle,OK,C++17 (GCC 7-32),1741075699
308894264,Hunter_Bug,Minimise Oneness,WRONG_ANSWER,C++20 (GCC 13-64),1741075682
308894145,Manya_1112,A TRUE Battle,WRONG_ANSWER,C++17 (GCC 7-32),1741075617
308893936,Manya_1112,A TRUE Battle,WRONG_ANSWER,C++17 (GCC 7-32),1741075509
308893897,Kelecyrrr,QED's Favorite Permutation,OK,"C++23 (GCC 14-64, msys2)",1741075479
308893817,Kelecyrrr,QED's Favorite Permutation,RUNTIME_ERROR,"C++23 (GCC 14-64, msys2)",1741075440
308892632,Manya_1112,A TRUE Battle,WRONG_ANSWER,C++17 (GCC 7-32),1741074746
308891884,Manya_1112,Minimise Oneness,OK,C++17 (GCC 7-32),1741074323
308891347,Iman_Wazaifi,A TRUE Battle,OK,C++20 (GCC 13-64),1741074009
308891037,Manya_1112,A Gift From Orangutan,OK,C++17 (GCC 7-32),1741073817
308884978,doWhileLoop,A TRUE Battle,OK,C++17 (GCC 7-32),1741070383
308884518,doWhileLoop,A TRUE Battle,WRONG_ANSWER,C++17 (GCC 7-32),1741070059
308880399,tonmoy197,A TRUE Battle,WRONG_ANSWER,C++17 (GCC 7-32),1741067313
308880357,Mafruda14,A Gift From Orangutan,WRONG_ANSWER,PyPy 3-64,1741067287
308879260,tonmoy197,A TRUE Battle,WRONG_ANSWER,C++17 (GCC 7-32),1741066478
308878619,tonmoy197,A TRUE Battle,WRONG_ANSWER,C++17 (GCC 7-32),1741065920
308876907,xk0vo,A TRUE Battle,OK,C++20 (GCC 13-64),1741064388
308871157,jyzhen,QED's Favorite Permutation,OK,C++20 (GCC 13-64),1741057893
308870891,jyzhen,QED's Favorite Permutation,WRONG_ANSWER,C++20 (GCC 13-64),1741057618
308867146,jyzhen,A TRUE Battle,OK,C++20 (GCC 13-64),1741053319
308866625,jyzhen,Minimise Oneness,OK,C++20 (GCC 13-64),1741052603
308866365,jyzhen,A Gift From Orangutan,OK,C++20 (GCC 13-64),1741052281
308865227,classic,QED's Favorite Permutation,OK,C++17 (GCC 7-32),1741050806
308857110,xy.man,A TRUE Battle,OK,C++20 (GCC 13-64),1741040672
308849930,xy.man,A TRUE Battle,WRONG_ANSWER,C++20 (GCC 13-64),1741035437
308845232,_Puzzles,QED's Favorite Permutation,OK,C++20 (GCC 13-64),1741032657
308839352,sir_melon,A TRUE Battle,OK,C++20 (GCC 13-64),1741029134
308837298,Vpinx,A TRUE Battle,OK,"C++23 (GCC 14-64, msys2)",1741027926
308836697,Lemon_demon,A Gift From Orangutan,OK,PyPy 3-64,1741027601
308836460,Vpinx,A TRUE Battle,WRONG_ANSWER,"C++23 (GCC 14-64, msys2)",1741027496
308836130,Vpinx,A TRUE Battle,WRONG_ANSWER,"C++23 (GCC 14-64, msys2)",1741027313
308836122,Lemon_demon,Minimise Oneness,OK,PyPy 3-64,1741027309
308835950,Lemon_demon,Minimise Oneness,WRONG_ANSWER,PyPy 3-64,1741027227
308835921,Vpinx,A TRUE Battle,WRONG_ANSWER,"C++23 (GCC 14-64, msys2)",1741027214
308833287,shekharshawcoc,A TRUE Battle,WRONG_ANSWER,"C++23 (GCC 14-64, msys2)",1741025936
308832208,akshat202,A TRUE Battle,OK,C++17 (GCC 7-32),1741025380
308826655,Bona_Boss,A TRUE Battle,WRONG_ANSWER,C++17 (GCC 7-32),1741022711
308826520,YashSarvaiya,A TRUE Battle,OK,C++17 (GCC 7-32),1741022646
308825819,Tesla89,A TRUE Battle,OK,C++17 (GCC 7-32),1741022329
308823943,Abdullah_Mahmoud,A TRUE Battle,OK,C++20 (GCC 13-64),1741021469
308823872,YashSarvaiya,A TRUE Battle,WRONG_ANSWER,C++17 (GCC 7-32),1741021434
308823042,Abdullah_Mahmoud,A TRUE Battle,WRONG_ANSWER,C++20 (GCC 13-64),1741021054
308822112,Dikshith_200,Minimise Oneness,OK,C++17 (GCC 7-32),1741020593
308822028,Abdullah_Mahmoud,A Gift From Orangutan,OK,C++20 (GCC 13-64),1741020558
308821177,homelanderwithoutv,A TRUE Battle,OK,C++20 (GCC 13-64),1741020119
308810715,testtest111ksjfrdvn,A TRUE Battle,OK,Java 21,1741015334
308809474,testtest111ksjfrdvn,A TRUE Battle,WRONG_ANSWER,Java 21,1741014806
308809263,testtest111ksjfrdvn,A TRUE Battle,WRONG_ANSWER,Java 21,1741014719
308808936,testtest111ksjfrdvn,A TRUE Battle,WRONG_ANSWER,Java 21,1741014563
308807595,testtest111ksjfrdvn,A TRUE Battle,WRONG_ANSWER,Java 21,1741013985
308806529,testtest111ksjfrdvn,A TRUE Battle,WRONG_ANSWER,Java 21,1741013527
308806156,testtest111ksjfrdvn,A TRUE Battle,WRONG_ANSWER,Java 21,1741013362
308802697,YashSarvaiya,Minimise Oneness,OK,C++17 (GCC 7-32),1741011913
308802357,inverno_yt,Minimise Oneness,OK,C++17 (GCC 7-32),1741011779
308798423,YashSarvaiya,A Gift From Orangutan,OK,C++17 (GCC 7-32),1741010118
308795918,elizar_khloptcev,QED's Favorite Permutation,WRONG_ANSWER,"C++23 (GCC 14-64, msys2)",1741009101
308795589,atharvsanjay.naik,Minimise Oneness,OK,C++17 (GCC 7-32),1741008975
308795532,elizar_khloptcev,QED's Favorite Permutation,WRONG_ANSWER,"C++23 (GCC 14-64, msys2)",1741008951
308795077,atharvsanjay.naik,Minimise Oneness,RUNTIME_ERROR,C++17 (GCC 7-32),1741008770
308793729,atharvsanjay.naik,A Gift From Orangutan,OK,C++17 (GCC 7-32),1741008199
308789342,Asmaatomeh,A TRUE Battle,OK,"C++23 (GCC 14-64, msys2)",1741006443
308787531,veljaodi,Orangutan Approved Subarrays,OK,C++20 (GCC 13-64),1741005676
308787316,veljaodi,Orangutan Approved Subarrays,WRONG_ANSWER,C++20 (GCC 13-64),1741005592
308786215,veljaodi,Orangutan Approved Subarrays,WRONG_ANSWER,C++20 (GCC 13-64),1741005171
308784974,veljaodi,Orangutan Approved Subarrays,WRONG_ANSWER,C++20 (GCC 13-64),1741004680
308784419,yyyssstttaaaccc,A TRUE Battle,OK,"C++23 (GCC 14-64, msys2)",1741004462
308784235,alex.rozhkov.by,QED's Favorite Permutation,OK,"C++23 (GCC 14-64, msys2)",1741004392
308783808,alex.rozhkov.by,QED's Favorite Permutation,OK,"C++23 (GCC 14-64, msys2)",1741004227
308783533,alex.rozhkov.by,QED's Favorite Permutation,OK,"C++23 (GCC 14-64, msys2)",1741004115
308783478,alex.rozhkov.by,QED's Favorite Permutation,COMPILATION_ERROR,"C++23 (GCC 14-64, msys2)",1741004090
308782928,alex.rozhkov.by,QED's Favorite Permutation,WRONG_ANSWER,"C++23 (GCC 14-64, msys2)",1741003868
308782224,alex.rozhkov.by,QED's Favorite Permutation,WRONG_ANSWER,"C++23 (GCC 14-64, msys2)",1741003576
308781458,Egor.T,QED's Favorite Permutation,OK,"C++23 (GCC 14-64, msys2)",1741003262
308781161,alex.rozhkov.by,QED's Favorite Permutation,WRONG_ANSWER,"C++23 (GCC 14-64, msys2)",1741003147
308780973,ha_hacker,QED's Favorite Permutation,OK,"C++23 (GCC 14-64, msys2)",1741003076
308780675,alex.rozhkov.by,QED's Favorite Permutation,WRONG_ANSWER,"C++23 (GCC 14-64, msys2)",1741002950
308780420,alex.rozhkov.by,QED's Favorite Permutation,OK,"C++23 (GCC 14-64, msys2)",1741002850
308780364,alex.rozhkov.by,QED's Favorite Permutation,WRONG_ANSWER,"C++23 (GCC 14-64, msys2)",1741002825
308779809,alex.rozhkov.by,QED's Favorite Permutation,WRONG_ANSWER,"C++23 (GCC 14-64, msys2)",1741002595
308779615,ha_hacker,QED's Favorite Permutation,WRONG_ANSWER,"C++23 (GCC 14-64, msys2)",1741002518
308779162,anamika09,A Gift From Orangutan,OK,C++17 (GCC 7-32),1741002311
308778541,alex.rozhkov.by,QED's Favorite Permutation,WRONG_ANSWER,"C++23 (GCC 14-64, msys2)",1741002036
308777132,ha_hacker,QED's Favorite Permutation,WRONG_ANSWER,"C++23 (GCC 14-64, msys2)",1741001431
308776460,veljaodi,QED's Favorite Permutation,OK,C++20 (GCC 13-64),1741001145
308775734,ha_hacker,QED's Favorite Permutation,WRONG_ANSWER,"C++23 (GCC 14-64, msys2)",1741000793
308775497,veljaodi,A TRUE Battle,OK,C++20 (GCC 13-64),1741000688
308775380,veljaodi,A TRUE Battle,WRONG_ANSWER,C++20 (GCC 13-64),1741000639
308774865,ha_hacker,QED's Favorite Permutation,WRONG_ANSWER,"C++23 (GCC 14-64, msys2)",1741000397
308774775,ha_hacker,QED's Favorite Permutation,WRONG_ANSWER,"C++23 (GCC 14-64, msys2)",1741000354
308774714,veljaodi,A TRUE Battle,WRONG_ANSWER,C++20 (GCC 13-64),1741000332
308774480,ha_hacker,QED's Favorite Permutation,WRONG_ANSWER,"C++23 (GCC 14-64, msys2)",1741000214
308774218,ha_hacker,QED's Favorite Permutation,WRONG_ANSWER,"C++23 (GCC 14-64, msys2)",1741000098
308773971,veljaodi,A TRUE Battle,WRONG_ANSWER,C++20 (GCC 13-64),1740999979
308773940,veljaodi,A TRUE Battle,WRONG_ANSWER,C++20 (GCC 13-64),1740999968
308773823,ha_hacker,QED's Favorite Permutation,WRONG_ANSWER,"C++23 (GCC 14-64, msys2)",1740999901
308772532,veljaodi,Minimise Oneness,OK,C++20 (GCC 13-64),1740999163
308772190,veljaodi,A Gift From Orangutan,OK,C++20 (GCC 13-64),1740998968
308771139,harsh_bisht_,Minimise Oneness,OK,"C++23 (GCC 14-64, msys2)",1740998392
308770992,A7Med_Ma7Moud,A Gift From Orangutan,OK,C++17 (GCC 7-32),1740998324
308770025,bigdamdam,QED's Favorite Permutation,OK,PyPy 3-64,1740997811
308769973,bigdamdam,QED's Favorite Permutation,COMPILATION_ERROR,PyPy 3-64,1740997772
308769607,bigdamdam,QED's Favorite Permutation,TIME_LIMIT_EXCEEDED,PyPy 3-64,1740997572
308769102,cb_mariserla,Minimise Oneness,OK,C++17 (GCC 7-32),1740997266
308753122,StrangerbonD,A TRUE Battle,OK,C++17 (GCC 7-32),1740988533
308750297,StrangerbonD,Minimise Oneness,OK,C++17 (GCC 7-32),1740986782
308749593,StrangerbonD,Minimise Oneness,WRONG_ANSWER,C++17 (GCC 7-32),1740986285
308749013,StrangerbonD,A Gift From Orangutan,OK,C++17 (GCC 7-32),1740985881
308746229,Muhammed_Ibrahim,Minimise Oneness,OK,"C++23 (GCC 14-64, msys2)",1740983955
308745336,sr_saad,A Gift From Orangutan,OK,C++17 (GCC 7-32),1740983309
308734355,mix233,A TRUE Battle,WRONG_ANSWER,C++17 (GCC 7-32),1740973663
308734353,num7,Orangutan Approved Subarrays,TIME_LIMIT_EXCEEDED,C++17 (GCC 7-32),1740973660
308734137,never_use_tpu,Minimise Oneness,OK,C++17 (GCC 7-32),1740973464
308733734,num6,MEXimize the Score,WRONG_ANSWER,C++17 (GCC 7-32),1740973149
308733458,num2,The Destruction of the Universe (Easy Version),TIME_LIMIT_EXCEEDED,C++17 (GCC 7-32),1740972910
308733456,WorldShine01,QED's Favorite Permutation,TIME_LIMIT_EXCEEDED,C++17 (GCC 7-32),1740972910
308733291,num3,A Gift From Orangutan,OK,C++17 (GCC 7-32),1740972769
308732778,never_use_tpu,The Destruction of the Universe (Hard Version),TIME_LIMIT_EXCEEDED,C++17 (GCC 7-32),1740972222
308732652,burga97,A Gift From Orangutan,OK,C++20 (GCC 13-64),1740972095
308727264,Droby,The Destruction of the Universe (Easy Version),COMPILATION_ERROR,"C++23 (GCC 14-64, msys2)",1740964440
308726943,ZrasQi,A TRUE Battle,OK,"C++23 (GCC 14-64, msys2)",1740963990
308722239,Juaquin_Remon,QED's Favorite Permutation,OK,C++20 (GCC 13-64),1740958882
308721718,Lever,QED's Favorite Permutation,OK,C++20 (GCC 13-64),1740958170
308712853,who_shivamanand,A TRUE Battle,OK,"C++23 (GCC 14-64, msys2)",1740949587
308707276,kirku,A TRUE Battle,WRONG_ANSWER,C++17 (GCC 7-32),1740946256
308706586,kirku,A TRUE Battle,WRONG_ANSWER,C++17 (GCC 7-32),1740945926
308704764,iamowayes,A TRUE Battle,OK,Python 3,1740945094
308704115,iamowayes,A TRUE Battle,WRONG_ANSWER,Python 3,1740944697
308703887,iamowayes,A TRUE Battle,WRONG_ANSWER,Python 3,1740944557
308695322,prabhatyadav60,A TRUE Battle,OK,"C++23 (GCC 14-64, msys2)",1740939354
308695067,prabhatyadav60,A TRUE Battle,WRONG_ANSWER,"C++23 (GCC 14-64, msys2)",1740939212
308694305,prabhatyadav60,A TRUE Battle,WRONG_ANSWER,"C++23 (GCC 14-64, msys2)",1740938783
308694034,prabhatyadav60,A TRUE Battle,WRONG_ANSWER,"C++23 (GCC 14-64, msys2)",1740938637
308692717,prabhatyadav60,A TRUE Battle,WRONG_ANSWER,"C++23 (GCC 14-64, msys2)",1740937908
308687100,app6,Minimise Oneness,OK,C++17 (GCC 7-32),1740934853
308680414,Tahmid.bd,A TRUE Battle,OK,C++17 (GCC 7-32),1740931018
308668971,Renukaradhya,A Gift From Orangutan,OK,C++17 (GCC 7-32),1740926499
308668734,Renukaradhya,A Gift From Orangutan,OK,C++17 (GCC 7-32),1740926400
308667932,Renukaradhya,A Gift From Orangutan,OK,Python 3,1740926051
308663103,Renukaradhya,Minimise Oneness,OK,Python 3,1740923912
308662561,Renukaradhya,Minimise Oneness,OK,Python 3,1740923690
308662508,Renukaradhya,Minimise Oneness,COMPILATION_ERROR,C++17 (GCC 7-32),1740923671
308662267,Renukaradhya,Minimise Oneness,OK,C++17 (GCC 7-32),1740923570
308661903,DedaKapa,QED's Favorite Permutation,OK,C++20 (GCC 13-64),1740923434
308652948,shivamx18,A TRUE Battle,OK,"C++23 (GCC 14-64, msys2)",1740919651
308651437,Diluccc,QED's Favorite Permutation,OK,C++17 (GCC 7-32),1740918925
308651027,bkifhr6,A TRUE Battle,OK,C++20 (GCC 13-64),1740918720
308650593,Abdullah_Fathi,Minimise Oneness,OK,C++20 (GCC 13-64),1740918518
308650452,mpl_peaches,A TRUE Battle,WRONG_ANSWER,C++20 (GCC 13-64),1740918454
308650307,pp031608,A TRUE Battle,WRONG_ANSWER,C++20 (GCC 13-64),1740918379
308650229,ETO-leaders,A TRUE Battle,WRONG_ANSWER,C++20 (GCC 13-64),1740918338
308650167,burga97,A TRUE Battle,OK,C++17 (GCC 7-32),1740918310
308649859,Ajudiya_kashyaps,A TRUE Battle,WRONG_ANSWER,C++17 (GCC 7-32),1740918166
308649727,bkifhr9,A TRUE Battle,WRONG_ANSWER,C++17 (GCC 7-32),1740918091
308649650,dineshreddy25,A TRUE Battle,WRONG_ANSWER,C++17 (GCC 7-32),1740918054
308649621,Abdullah_Fathi,Minimise Oneness,OK,C++20 (GCC 13-64),1740918043
308649596,ate.codes,A TRUE Battle,WRONG_ANSWER,C++20 (GCC 13-64),1740918033
308649300,luuphucving,A TRUE Battle,WRONG_ANSWER,C++20 (GCC 13-64),1740917871
308649099,rhythmrahejar,A TRUE Battle,OK,"C++23 (GCC 14-64, msys2)",1740917768
308649035,luuphucving,A TRUE Battle,OK,"C++23 (GCC 14-64, msys2)",1740917736
308649026,mayank94,A TRUE Battle,WRONG_ANSWER,C++17 (GCC 7-32),1740917733
308648667,pp031608,A TRUE Battle,WRONG_ANSWER,"C++23 (GCC 14-64, msys2)",1740917583
308648539,Abdullah_Fathi,Minimise Oneness,WRONG_ANSWER,C++20 (GCC 13-64),1740917527
308648524,halym2008,A TRUE Battle,WRONG_ANSWER,"C++23 (GCC 14-64, msys2)",1740917520
308648492,mpl_peaches,A TRUE Battle,WRONG_ANSWER,"C++23 (GCC 14-64, msys2)",1740917506
308648343,ETO-leaders,A TRUE Battle,WRONG_ANSWER,"C++23 (GCC 14-64, msys2)",1740917443
308648326,ShahariarIslan,A TRUE Battle,WRONG_ANSWER,"C++23 (GCC 14-64, msys2)",1740917438
308648245,ShahariarIslan,A TRUE Battle,COMPILATION_ERROR,"C++23 (GCC 14-64, msys2)",1740917404
308648221,SilverTwilights,A TRUE Battle,WRONG_ANSWER,"C++23 (GCC 14-64, msys2)",1740917392
308647943,burga97,A TRUE Battle,WRONG_ANSWER,"C++23 (GCC 14-64, msys2)",1740917275
308647208,DarkestBlader,A TRUE Battle,WRONG_ANSWER,"C++23 (GCC 14-64, msys2)",1740916950
308645066,imraquibe,A TRUE Battle,WRONG_ANSWER,C++20 (GCC 13-64),1740916071
308643686,Yahya_Abdelmajeed.,Minimise Oneness,OK,C++20 (GCC 13-64),1740915540
308643304,Yahya_Abdelmajeed.,Minimise Oneness,WRONG_ANSWER,C++20 (GCC 13-64),1740915390
308639317,v27j1104,QED's Favorite Permutation,WRONG_ANSWER,C++20 (GCC 13-64),1740913866
308637995,v27j1104,QED's Favorite Permutation,WRONG_ANSWER,C++20 (GCC 13-64),1740913355
308637626,v27j1104,QED's Favorite Permutation,WRONG_ANSWER,C++20 (GCC 13-64),1740913214
308637535,v27j1104,QED's Favorite Permutation,WRONG_ANSWER,C++20 (GCC 13-64),1740913179
308636136,demongod_cf,QED's Favorite Permutation,OK,"C++23 (GCC 14-64, msys2)",1740912607
308635736,demongod_cf,QED's Favorite Permutation,WRONG_ANSWER,"C++23 (GCC 14-64, msys2)",1740912451
308633292,v27j1104,A TRUE Battle,OK,C++20 (GCC 13-64),1740911131
308633084,v27j1104,A TRUE Battle,WRONG_ANSWER,C++20 (GCC 13-64),1740911016
308632540,who_shivamanand,Minimise Oneness,OK,"C++23 (GCC 14-64, msys2)",1740910690
308626447,shivacharani16,A Gift From Orangutan,OK,C++17 (GCC 7-32),1740907531
308626346,janlitwim,A Gift From Orangutan,OK,GNU C11,1740907480
308626314,onkar_somanic,A Gift From Orangutan,OK,GNU C11,1740907465
308626140,rezaul7081,A Gift From Orangutan,WRONG_ANSWER,C++17 (GCC 7-32),1740907390
308625875,sameersingh8848,A Gift From Orangutan,WRONG_ANSWER,GNU C11,1740907241
308625152,ShahariarIslan,A Gift From Orangutan,OK,C++17 (GCC 7-32),1740906894
308622772,luuphucving,A Gift From Orangutan,OK,C++17 (GCC 7-32),1740905747
308622327,shivacharani16,A Gift From Orangutan,WRONG_ANSWER,C++17 (GCC 7-32),1740905550
308621948,rezaul7081,A Gift From Orangutan,OK,GNU C11,1740905391
308619611,infi9itea,A TRUE Battle,WRONG_ANSWER,"C++23 (GCC 14-64, msys2)",1740904329
308618573,2004zzy,QED's Favorite Permutation,OK,C++17 (GCC 7-32),1740903748
308618306,2004zzy,QED's Favorite Permutation,WRONG_ANSWER,C++17 (GCC 7-32),1740903608
308617849,kevat_patel,A TRUE Battle,OK,"C++23 (GCC 14-64, msys2)",1740903350
308617374,kevat_patel,A TRUE Battle,WRONG_ANSWER,"C++23 (GCC 14-64, msys2)",1740903101
308616485,Ajudiya_kashyaps,Minimise Oneness,WRONG_ANSWER,C++20 (GCC 13-64),1740902620
308616298,burga97,A Gift From Orangutan,OK,GNU C11,1740902520
308613927,rezaul7081,A Gift From Orangutan,OK,GNU C11,1740901234
308613157,Sadman_Ishtiaks,A Gift From Orangutan,OK,GNU C11,1740900848
308611034,janlitwim,A Gift From Orangutan,OK,C++20 (GCC 13-64),1740899820
308610706,caterpillow,A TRUE Battle,OK,PyPy 3-64,1740899630
308610646,caterpillow,A TRUE Battle,OK,C++17 (GCC 7-32),1740899599
308610515,caterpillow,A TRUE Battle,WRONG_ANSWER,C++17 (GCC 7-32),1740899531
308609766,aftabroushad711,A Gift From Orangutan,WRONG_ANSWER,C++20 (GCC 13-64),1740899141
308607194,Hasibur_Rahmen,A Gift From Orangutan,OK,C++17 (GCC 7-32),1740897770
308597789,graidy_011888,A Gift From Orangutan,OK,C++17 (GCC 7-32),1740891918
308594421,nhatvpm,QED's Favorite Permutation,OK,C++17 (GCC 7-32),1740888462
308581102,Ruuuumi,A Gift From Orangutan,OK,C++17 (GCC 7-32),1740870570
308575407,isomorphictogod,A Gift From Orangutan,OK,C++17 (GCC 7-32),1740865101
308572421,chalish_ma,QED's Favorite Permutation,OK,C++20 (GCC 13-64),1740862826
308568766,num5,The Destruction of the Universe (Hard Version),TIME_LIMIT_EXCEEDED,C++17 (GCC 7-32),1740860213
308567894,num3,MEXimize the Score,WRONG_ANSWER,C++17 (GCC 7-32),1740859607
308567214,num3,Orangutan Approved Subarrays,WRONG_ANSWER,C++17 (GCC 7-32),1740859157
308567046,num2,The Destruction of the Universe (Easy Version),TIME_LIMIT_EXCEEDED,C++17 (GCC 7-32),1740859063
308565872,basalov_yurij,Minimise Oneness,OK,C++20 (GCC 13-64),1740858368
308565709,basalov_yurij,Minimise Oneness,WRONG_ANSWER,C++20 (GCC 13-64),1740858281
308565528,basalov_yurij,A Gift From Orangutan,OK,C++20 (GCC 13-64),1740858174
308565410,limabeans,Minimise Oneness,OK,C++17 (GCC 7-32),1740858109
308564198,limabeans,A Gift From Orangutan,OK,C++17 (GCC 7-32),1740857434
308564151,num7,The Destruction of the Universe (Hard Version),WRONG_ANSWER,C++17 (GCC 7-32),1740857399
308564048,1000_H100,QED's Favorite Permutation,WRONG_ANSWER,C++17 (GCC 7-32),1740857357
308563592,1000_H100,A TRUE Battle,WRONG_ANSWER,C++17 (GCC 7-32),1740857133
308563381,num2,A Gift From Orangutan,OK,C++17 (GCC 7-32),1740857027
308562992,isomorphictogod,Minimise Oneness,OK,C++17 (GCC 7-32),1740856831
308562922,1000_H100,Minimise Oneness,WRONG_ANSWER,C++17 (GCC 7-32),1740856800
308561213,num5,QED's Favorite Permutation,WRONG_ANSWER,C++17 (GCC 7-32),1740855913
308561209,num7,A TRUE Battle,WRONG_ANSWER,C++17 (GCC 7-32),1740855911
308561162,num6,A Gift From Orangutan,OK,C++17 (GCC 7-32),1740855887
308561135,num2,The Destruction of the Universe (Hard Version),WRONG_ANSWER,C++17 (GCC 7-32),1740855875
308561097,num5,Minimise Oneness,WRONG_ANSWER,C++17 (GCC 7-32),1740855857
308553382,anandnakum11,A TRUE Battle,OK,"C++23 (GCC 14-64, msys2)",1740852148
308552255,anandnakum11,A TRUE Battle,WRONG_ANSWER,"C++23 (GCC 14-64, msys2)",1740852085
308552199,num2,The Destruction of the Universe (Easy Version),WRONG_ANSWER,C++17 (GCC 7-32),1740852062
308551955,anandnakum11,A TRUE Battle,WRONG_ANSWER,"C++23 (GCC 14-64, msys2)",1740851957
308551589,anandnakum11,A TRUE Battle,WRONG_ANSWER,"C++23 (GCC 14-64, msys2)",1740851807
308548901,1000_H100,Orangutan Approved Subarrays,WRONG_ANSWER,C++17 (GCC 7-32),1740851487
308547419,1000_H100,MEXimize the Score,WRONG_ANSWER,C++17 (GCC 7-32),1740851251
308546477,num3,Orangutan Approved Subarrays,WRONG_ANSWER,C++17 (GCC 7-32),1740850807
308546161,1000_H100,The Destruction of the Universe (Easy Version),WRONG_ANSWER,C++17 (GCC 7-32),1740850677
308545614,1000_H100,MEXimize the Score,WRONG_ANSWER,C++17 (GCC 7-32),1740850446
308545329,num7,A TRUE Battle,WRONG_ANSWER,C++17 (GCC 7-32),1740850325
308543805,num5,A Gift From Orangutan,OK,C++17 (GCC 7-32),1740849718
308543773,never_use_tpu,QED's Favorite Permutation,WRONG_ANSWER,C++17 (GCC 7-32),1740849707
308543566,devan_modhavadiya,A TRUE Battle,OK,C++20 (GCC 13-64),1740849642
308543311,num7,Minimise Oneness,WRONG_ANSWER,C++17 (GCC 7-32),1740849538
308542082,MrBarHat,A Gift From Orangutan,OK,C++17 (GCC 7-32),1740849072
308537596,dileeprathore1405,A TRUE Battle,WRONG_ANSWER,"C++23 (GCC 14-64, msys2)",1740847157
308528102,QDJenny,QED's Favorite Permutation,OK,C++20 (GCC 13-64),1740843236
308522525,newplayer27,A TRUE Battle,OK,"C++23 (GCC 14-64, msys2)",1740841112
308519126,newplayer27,A TRUE Battle,WRONG_ANSWER,"C++23 (GCC 14-64, msys2)",1740839862
308518881,newplayer27,A TRUE Battle,WRONG_ANSWER,"C++23 (GCC 14-64, msys2)",1740839773
308518162,newplayer27,A TRUE Battle,WRONG_ANSWER,"C++23 (GCC 14-64, msys2)",1740839515
308518060,newplayer27,A TRUE Battle,WRONG_ANSWER,"C++23 (GCC 14-64, msys2)",1740839463
308517385,newplayer27,A TRUE Battle,WRONG_ANSWER,"C++23 (GCC 14-64, msys2)",1740839160
308514473,harshit_T,A TRUE Battle,OK,C++17 (GCC 7-32),1740837792
308514361,harshu_30,A TRUE Battle,OK,C++17 (GCC 7-32),1740837740
308514195,harshu_30,A TRUE Battle,WRONG_ANSWER,C++17 (GCC 7-32),1740837668
308514091,harshu_30,A TRUE Battle,WRONG_ANSWER,C++17 (GCC 7-32),1740837619
308512108,harshu_30,A TRUE Battle,WRONG_ANSWER,C++17 (GCC 7-32),1740836701
308510637,Delication,QED's Favorite Permutation,OK,C++20 (GCC 13-64),1740835991
308504889,Codelearner_C,Minimise Oneness,OK,"C++23 (GCC 14-64, msys2)",1740833004
308500581,Delication,A TRUE Battle,OK,C++20 (GCC 13-64),1740831004
308500459,Delication,A TRUE Battle,WRONG_ANSWER,C++20 (GCC 13-64),1740830947
308499340,Delication,A TRUE Battle,WRONG_ANSWER,C++20 (GCC 13-64),1740830385
308496465,ring_chips,QED's Favorite Permutation,OK,C++20 (GCC 13-64),1740829121
308493086,Delication,Minimise Oneness,OK,C++20 (GCC 13-64),1740827634
308491224,cpguy12433cu,A TRUE Battle,OK,C++17 (GCC 7-32),1740826803
308490940,cpguy12433cu,A TRUE Battle,WRONG_ANSWER,C++17 (GCC 7-32),1740826671
308490720,DebugTitan,Minimise Oneness,OK,C++20 (GCC 13-64),1740826572
308490551,cpguy12433cu,A TRUE Battle,WRONG_ANSWER,C++17 (GCC 7-32),1740826491
308487870,cpguy12433cu,Minimise Oneness,OK,C++17 (GCC 7-32),1740825217
308486920,Delication,Minimise Oneness,WRONG_ANSWER,C++20 (GCC 13-64),1740824797
308486712,Delication,A Gift From Orangutan,OK,C++20 (GCC 13-64),1740824701
308468376,shahnewaj_00,A Gift From Orangutan,OK,C++17 (GCC 7-32),1740816609
308460968,SAFY-2006,A Gift From Orangutan,OK,C++17 (GCC 7-32),1740813496
308446573,Faiaz_Iqbal,Minimise Oneness,WRONG_ANSWER,"C++23 (GCC 14-64, msys2)",1740807123
308445982,Totato,A TRUE Battle,OK,C++17 (GCC 7-32),1740806798
308436524,ppap3rr,A TRUE Battle,OK,C++20 (GCC 13-64),1740800171
308436382,Rinker,A TRUE Battle,OK,C++17 (GCC 7-32),1740800065
308436089,ppap3rr,A TRUE Battle,WRONG_ANSWER,C++20 (GCC 13-64),1740799847
308424528,Kate_Leonova5,The Destruction of the Universe (Hard Version),WRONG_ANSWER,"C++23 (GCC 14-64, msys2)",1740788445
308424501,Kate_Leonova5,The Destruction of the Universe (Hard Version),WRONG_ANSWER,"C++23 (GCC 14-64, msys2)",1740788412
308424487,Kate_Leonova5,The Destruction of the Universe (Hard Version),WRONG_ANSWER,"C++23 (GCC 14-64, msys2)",1740788378
308424469,Kate_Leonova5,The Destruction of the Universe (Hard Version),WRONG_ANSWER,"C++23 (GCC 14-64, msys2)",1740788349
308424437,Kate_Leonova5,The Destruction of the Universe (Hard Version),WRONG_ANSWER,"C++23 (GCC 14-64, msys2)",1740788317
308424410,Kate_Leonova5,The Destruction of the Universe (Hard Version),WRONG_ANSWER,"C++23 (GCC 14-64, msys2)",1740788281
308424387,Kate_Leonova5,The Destruction of the Universe (Hard Version),WRONG_ANSWER,"C++23 (GCC 14-64, msys2)",1740788251
308424364,Kate_Leonova5,The Destruction of the Universe (Hard Version),WRONG_ANSWER,"C++23 (GCC 14-64, msys2)",1740788212
308424339,Kate_Leonova5,The Destruction of the Universe (Easy Version),COMPILATION_ERROR,"C++23 (GCC 14-64, msys2)",1740788175
308424325,Kate_Leonova5,The Destruction of the Universe (Easy Version),COMPILATION_ERROR,"C++23 (GCC 14-64, msys2)",1740788140
308424298,Kate_Leonova5,The Destruction of the Universe (Easy Version),WRONG_ANSWER,"C++23 (GCC 14-64, msys2)",1740788097
308424259,Kate_Leonova5,The Destruction of the Universe (Easy Version),WRONG_ANSWER,"C++23 (GCC 14-64, msys2)",1740788051
308424234,Kate_Leonova5,The Destruction of the Universe (Easy Version),WRONG_ANSWER,"C++23 (GCC 14-64, msys2)",1740788020
308424212,Kate_Leonova5,The Destruction of the Universe (Easy Version),COMPILATION_ERROR,"C++23 (GCC 14-64, msys2)",1740787991
308424193,Kate_Leonova5,The Destruction of the Universe (Easy Version),COMPILATION_ERROR,"C++23 (GCC 14-64, msys2)",1740787961
308424092,Kate_Leonova5,The Destruction of the Universe (Easy Version),WRONG_ANSWER,"C++23 (GCC 14-64, msys2)",1740787799
308424053,Kate_Leonova5,Orangutan Approved Subarrays,COMPILATION_ERROR,"C++23 (GCC 14-64, msys2)",1740787754
308424034,Kate_Leonova5,Orangutan Approved Subarrays,WRONG_ANSWER,"C++23 (GCC 14-64, msys2)",1740787723
308423994,Kate_Leonova5,Orangutan Approved Subarrays,TIME_LIMIT_EXCEEDED,"C++23 (GCC 14-64, msys2)",1740787673
308423958,Kate_Leonova5,Orangutan Approved Subarrays,WRONG_ANSWER,"C++23 (GCC 14-64, msys2)",1740787625
308423881,Kate_Leonova5,Orangutan Approved Subarrays,WRONG_ANSWER,"C++23 (GCC 14-64, msys2)",1740787487
308423839,Kate_Leonova5,Orangutan Approved Subarrays,COMPILATION_ERROR,"C++23 (GCC 14-64, msys2)",1740787431
308423818,Kate_Leonova5,Orangutan Approved Subarrays,WRONG_ANSWER,"C++23 (GCC 14-64, msys2)",1740787397
308423723,Kate_Leonova5,Orangutan Approved Subarrays,WRONG_ANSWER,"C++23 (GCC 14-64, msys2)",1740787241
308423706,Kate_Leonova5,MEXimize the Score,WRONG_ANSWER,"C++23 (GCC 14-64, msys2)",1740787210
308423297,Kate_Leonova5,MEXimize the Score,WRONG_ANSWER,"C++23 (GCC 14-64, msys2)",1740786579
308423273,Kate_Leonova5,MEXimize the Score,WRONG_ANSWER,"C++23 (GCC 14-64, msys2)",1740786543
308423238,Kate_Leonova5,MEXimize the Score,WRONG_ANSWER,"C++23 (GCC 14-64, msys2)",1740786501
308423215,Kate_Leonova5,MEXimize the Score,WRONG_ANSWER,"C++23 (GCC 14-64, msys2)",1740786463
308423186,Kate_Leonova5,MEXimize the Score,WRONG_ANSWER,"C++23 (GCC 14-64, msys2)",1740786424
308423169,Kate_Leonova5,MEXimize the Score,COMPILATION_ERROR,"C++23 (GCC 14-64, msys2)",1740786395
308423116,Kate_Leonova5,MEXimize the Score,WRONG_ANSWER,"C++23 (GCC 14-64, msys2)",1740786317
308423097,Kate_Leonova5,QED's Favorite Permutation,WRONG_ANSWER,"C++23 (GCC 14-64, msys2)",1740786288
308423057,Kate_Leonova5,QED's Favorite Permutation,WRONG_ANSWER,"C++23 (GCC 14-64, msys2)",1740786245
308423034,Kate_Leonova5,QED's Favorite Permutation,COMPILATION_ERROR,"C++23 (GCC 14-64, msys2)",1740786205
308423007,Kate_Leonova5,QED's Favorite Permutation,WRONG_ANSWER,"C++23 (GCC 14-64, msys2)",1740786174
308422983,Kate_Leonova5,QED's Favorite Permutation,WRONG_ANSWER,"C++23 (GCC 14-64, msys2)",1740786140
308422957,Kate_Leonova5,QED's Favorite Permutation,WRONG_ANSWER,"C++23 (GCC 14-64, msys2)",1740786097
308422932,Kate_Leonova5,QED's Favorite Permutation,WRONG_ANSWER,"C++23 (GCC 14-64, msys2)",1740786062
308422909,Kate_Leonova5,QED's Favorite Permutation,WRONG_ANSWER,"C++23 (GCC 14-64, msys2)",1740786022
308422875,Kate_Leonova5,A TRUE Battle,OK,"C++23 (GCC 14-64, msys2)",1740785966
308422830,Kate_Leonova5,A TRUE Battle,WRONG_ANSWER,"C++23 (GCC 14-64, msys2)",1740785917
308422798,Kate_Leonova5,A TRUE Battle,WRONG_ANSWER,"C++23 (GCC 14-64, msys2)",1740785872
308422764,Kate_Leonova5,A TRUE Battle,WRONG_ANSWER,"C++23 (GCC 14-64, msys2)",1740785834
308422744,Kate_Leonova5,A TRUE Battle,WRONG_ANSWER,"C++23 (GCC 14-64, msys2)",1740785801
308422712,Kate_Leonova5,A TRUE Battle,WRONG_ANSWER,"C++23 (GCC 14-64, msys2)",1740785768
308422688,Kate_Leonova5,Minimise Oneness,OK,"C++23 (GCC 14-64, msys2)",1740785729
308422652,Kate_Leonova5,A Gift From Orangutan,OK,"C++23 (GCC 14-64, msys2)",1740785688
308422620,M_Nishant,Minimise Oneness,OK,C++17 (GCC 7-32),1740785644
308419190,HashKing,Minimise Oneness,OK,C++20 (GCC 13-64),1740781607
308418777,HashKing,Minimise Oneness,WRONG_ANSWER,C++20 (GCC 13-64),1740781174
308418745,HashKing,Minimise Oneness,WRONG_ANSWER,C++20 (GCC 13-64),1740781131
308417938,HashKing,A Gift From Orangutan,OK,C++20 (GCC 13-64),1740780324
308417005,HashKing,A TRUE Battle,OK,C++20 (GCC 13-64),1740779474
308416964,HashKing,A TRUE Battle,COMPILATION_ERROR,C++20 (GCC 13-64),1740779443
308415483,sdlywt,A TRUE Battle,WRONG_ANSWER,PyPy 3-64,1740778272
308414353,em4ma2,A TRUE Battle,OK,C++20 (GCC 13-64),1740777464
308413942,sdlywt,Minimise Oneness,OK,PyPy 3-64,1740777138
308413702,sdlywt,Minimise Oneness,TIME_LIMIT_EXCEEDED,PyPy 3-64,1740776966
308413517,sdlywt,Minimise Oneness,TIME_LIMIT_EXCEEDED,PyPy 3-64,1740776832
308410637,M_Nishant,A TRUE Battle,OK,C++17 (GCC 7-32),1740775073
308410398,M_Nishant,A TRUE Battle,WRONG_ANSWER,C++17 (GCC 7-32),1740774938
308404766,HashKing,A TRUE Battle,WRONG_ANSWER,C++20 (GCC 13-64),1740771894
308290916,abdinabiev1,A TRUE Battle,OK,"C++23 (GCC 14-64, msys2)",1740752555
308290784,abdinabiev1,A TRUE Battle,COMPILATION_ERROR,"C++23 (GCC 14-64, msys2)",1740752498
308290656,abdinabiev1,A TRUE Battle,COMPILATION_ERROR,"C++23 (GCC 14-64, msys2)",1740752434
308290180,abdinabiev1,Minimise Oneness,OK,"C++23 (GCC 14-64, msys2)",1740752220
308289652,abdinabiev1,A Gift From Orangutan,OK,"C++23 (GCC 14-64, msys2)",1740751997
308286146,Sindhu11,A TRUE Battle,WRONG_ANSWER,C++17 (GCC 7-32),1740750569
308284350,asdasdqwer,QED's Favorite Permutation,OK,C++17 (GCC 7-32),1740749904
308280409,chenao0000,A Gift From Orangutan,OK,"C++23 (GCC 14-64, msys2)",1740748228
308279240,chenao0000,Minimise Oneness,OK,"C++23 (GCC 14-64, msys2)",1740747708
308274663,Yudiao_Vicky,QED's Favorite Permutation,OK,C++17 (GCC 7-32),1740745642
308274541,Yudiao_Vicky,QED's Favorite Permutation,MEMORY_LIMIT_EXCEEDED,C++17 (GCC 7-32),1740745590
308264966,WaterWang-001,A Gift From Orangutan,OK,PyPy 3-64,1740741368
308264858,WaterWang-001,Minimise Oneness,OK,PyPy 3-64,1740741314
308264728,WaterWang-001,A TRUE Battle,OK,PyPy 3-64,1740741260
308264603,WaterWang-001,QED's Favorite Permutation,TIME_LIMIT_EXCEEDED,PyPy 3-64,1740741206
308264544,WaterWang-001,MEXimize the Score,OK,PyPy 3-64,1740741171
308264467,WaterWang-001,Orangutan Approved Subarrays,OK,PyPy 3-64,1740741136
308264401,WaterWang-001,The Destruction of the Universe (Hard Version),RUNTIME_ERROR,PyPy 3-64,1740741101
308263837,TheNameIs_ROY,A TRUE Battle,OK,C++20 (GCC 13-64),1740740819
308263639,TheNameIs_ROY,A TRUE Battle,WRONG_ANSWER,C++20 (GCC 13-64),1740740715
308259784,bkifhr7,A Gift From Orangutan,OK,C++17 (GCC 7-32),1740738763
308253853,ja-twe,A TRUE Battle,OK,C++20 (GCC 13-64),1740735694
308252095,ja-twe,A TRUE Battle,WRONG_ANSWER,C++20 (GCC 13-64),1740734815
308250721,ja-twe,A TRUE Battle,WRONG_ANSWER,C++20 (GCC 13-64),1740734174
308236161,piiles,A TRUE Battle,OK,"C++23 (GCC 14-64, msys2)",1740726729
308234731,piiles,A TRUE Battle,WRONG_ANSWER,"C++23 (GCC 14-64, msys2)",1740725948
308232624,piiles,A TRUE Battle,WRONG_ANSWER,"C++23 (GCC 14-64, msys2)",1740724448
308232208,piiles,A TRUE Battle,WRONG_ANSWER,"C++23 (GCC 14-64, msys2)",1740724146
308231715,debyet,QED's Favorite Permutation,OK,"C++23 (GCC 14-64, msys2)",1740723797
308231253,piiles,Minimise Oneness,OK,"C++23 (GCC 14-64, msys2)",1740723445
308230770,piiles,A Gift From Orangutan,OK,"C++23 (GCC 14-64, msys2)",1740723107
308230487,Akshatkumar1640,Minimise Oneness,OK,PyPy 3-64,1740722913
308229765,Shreyas_Shetty2604,Minimise Oneness,OK,C++17 (GCC 7-32),1740722313
308229675,Shreyas_Shetty2604,Minimise Oneness,WRONG_ANSWER,C++17 (GCC 7-32),1740722232
308223752,satturn80,MEXimize the Score,OK,C++20 (GCC 13-64),1740717295
308223724,satturn80,MEXimize the Score,WRONG_ANSWER,C++20 (GCC 13-64),1740717275
308223240,xiaole520,QED's Favorite Permutation,OK,"C++23 (GCC 14-64, msys2)",1740716812
308222880,xiaole520,QED's Favorite Permutation,WRONG_ANSWER,"C++23 (GCC 14-64, msys2)",1740716499
308221166,satturn80,MEXimize the Score,WRONG_ANSWER,C++20 (GCC 13-64),1740714766
308220693,satturn80,MEXimize the Score,WRONG_ANSWER,C++20 (GCC 13-64),1740714292
308220650,__builtin_gjr,A Gift From Orangutan,OK,C++20 (GCC 13-64),1740714250
308220420,satturn80,MEXimize the Score,WRONG_ANSWER,C++20 (GCC 13-64),1740714007
308220401,satturn80,MEXimize the Score,WRONG_ANSWER,C++20 (GCC 13-64),1740713984
308220235,saklan,A Gift From Orangutan,OK,"C++23 (GCC 14-64, msys2)",1740713813
308220234,satturn80,MEXimize the Score,WRONG_ANSWER,C++20 (GCC 13-64),1740713812
308216518,satturn80,QED's Favorite Permutation,OK,C++20 (GCC 13-64),1740709860
308215977,satturn80,QED's Favorite Permutation,WRONG_ANSWER,C++20 (GCC 13-64),1740709164
308214894,satturn80,A TRUE Battle,OK,C++20 (GCC 13-64),1740707560
308214619,satturn80,Minimise Oneness,OK,C++20 (GCC 13-64),1740707183
308214420,satturn80,A Gift From Orangutan,OK,C++20 (GCC 13-64),1740706901
308209529,msasama,Minimise Oneness,OK,C++20 (GCC 13-64),1740698915
308203073,HelloFromMars,QED's Favorite Permutation,OK,C++17 (GCC 7-32),1740690978
308201086,Dmitriy10,Minimise Oneness,OK,C++20 (GCC 13-64),1740689183
308199514,Dmitriy10,A Gift From Orangutan,OK,C++20 (GCC 13-64),1740687928
308198406,julia_08,QED's Favorite Permutation,OK,C++17 (GCC 7-32),1740687120
308198228,gentleman.1,QED's Favorite Permutation,OK,C++17 (GCC 7-32),1740686994
308196044,ascil.chtioui,Minimise Oneness,OK,PyPy 3-64,1740685433
308195926,Oparv12,A Gift From Orangutan,OK,Python 3,1740685364
308195895,Oparv12,Minimise Oneness,RUNTIME_ERROR,Python 3,1740685336
308190283,gentleman.1,QED's Favorite Permutation,WRONG_ANSWER,C++17 (GCC 7-32),1740681967
308189156,Sagen19,A TRUE Battle,OK,Java 21,1740681286
308189073,gentleman.1,A TRUE Battle,OK,C++17 (GCC 7-32),1740681245
308188978,gentleman.1,A TRUE Battle,WRONG_ANSWER,C++17 (GCC 7-32),1740681173
308188196,gentleman.1,A TRUE Battle,WRONG_ANSWER,C++17 (GCC 7-32),1740680764
308188060,gentleman.1,A TRUE Battle,WRONG_ANSWER,C++17 (GCC 7-32),1740680698
308187468,souravbiswas35,Minimise Oneness,OK,C++17 (GCC 7-32),1740680415
308187248,gentleman.1,Minimise Oneness,OK,C++17 (GCC 7-32),1740680313
308186923,gentleman.1,Minimise Oneness,WRONG_ANSWER,C++17 (GCC 7-32),1740680154
308186236,gentleman.1,A Gift From Orangutan,OK,C++17 (GCC 7-32),1740679797
308184607,graidy_011888,Minimise Oneness,WRONG_ANSWER,"C++23 (GCC 14-64, msys2)",1740678993
308184325,rhythmrahejar,Minimise Oneness,WRONG_ANSWER,"C++23 (GCC 14-64, msys2)",1740678864
308184024,luuphucving,Minimise Oneness,WRONG_ANSWER,"C++23 (GCC 14-64, msys2)",1740678732
308178853,Gideon_Chandra_956,A TRUE Battle,OK,C++20 (GCC 13-64),1740676596
308178040,lnsuyn,Orangutan Approved Subarrays,OK,"C++23 (GCC 14-64, msys2)",1740676276
308177935,Gideon_Chandra_956,A TRUE Battle,WRONG_ANSWER,C++20 (GCC 13-64),1740676237
308177672,Gideon_Chandra_956,A TRUE Battle,WRONG_ANSWER,C++20 (GCC 13-64),1740676127
308176046,Gideon_Chandra_956,A TRUE Battle,WRONG_ANSWER,C++20 (GCC 13-64),1740675509
308175777,Gideon_Chandra_956,A TRUE Battle,WRONG_ANSWER,C++20 (GCC 13-64),1740675409
308175541,Gideon_Chandra_956,A TRUE Battle,WRONG_ANSWER,C++20 (GCC 13-64),1740675330
308174355,Gideon_Chandra_956,A TRUE Battle,WRONG_ANSWER,C++20 (GCC 13-64),1740674938
308172218,Maniac_xx,Minimise Oneness,OK,"C++23 (GCC 14-64, msys2)",1740674342
308172077,HarshitGajera,A Gift From Orangutan,OK,"C++23 (GCC 14-64, msys2)",1740674313
308171959,Maniac_xx,Minimise Oneness,WRONG_ANSWER,"C++23 (GCC 14-64, msys2)",1740674253
308162324,KumareshRamachandran,QED's Favorite Permutation,OK,C++17 (GCC 7-32),1740672940
308138486,KathirSrivathsan.S,A TRUE Battle,OK,"C++23 (GCC 14-64, msys2)",1740670136
308137409,KathirSrivathsan.S,A TRUE Battle,WRONG_ANSWER,"C++23 (GCC 14-64, msys2)",1740670027
308087402,lnsuyn,Orangutan Approved Subarrays,WRONG_ANSWER,"C++23 (GCC 14-64, msys2)",1740665335
308083743,jived1224,A TRUE Battle,OK,C++17 (GCC 7-32),1740663830
308076700,Rinker,Minimise Oneness,OK,C++17 (GCC 7-32),1740661137
308075772,DRAGONITE_17,Minimise Oneness,OK,C++20 (GCC 13-64),1740660757
308075612,barkamol_shavkatbekov,QED's Favorite Permutation,OK,C++17 (GCC 7-32),1740660687
308075610,DRAGONITE_17,Minimise Oneness,WRONG_ANSWER,C++20 (GCC 13-64),1740660685
308073289,Rinker,A Gift From Orangutan,OK,C++17 (GCC 7-32),1740659651
308071289,weebs_in_,QED's Favorite Permutation,OK,"C++23 (GCC 14-64, msys2)",1740658771
308070968,weebs_in_,QED's Favorite Permutation,OK,"C++23 (GCC 14-64, msys2)",1740658642
308070815,weebs_in_,QED's Favorite Permutation,COMPILATION_ERROR,"C++23 (GCC 14-64, msys2)",1740658575
308070773,weebs_in_,QED's Favorite Permutation,WRONG_ANSWER,"C++23 (GCC 14-64, msys2)",1740658555
308070438,weebs_in_,QED's Favorite Permutation,WRONG_ANSWER,"C++23 (GCC 14-64, msys2)",1740658408
308070310,weebs_in_,QED's Favorite Permutation,WRONG_ANSWER,"C++23 (GCC 14-64, msys2)",1740658343
308069359,jived1224,Minimise Oneness,OK,C++17 (GCC 7-32),1740657909
308066423,jived1224,A Gift From Orangutan,OK,C++17 (GCC 7-32),1740656616
308065816,weebs_in_,A TRUE Battle,OK,"C++23 (GCC 14-64, msys2)",1740656353
308065467,cout___,A TRUE Battle,WRONG_ANSWER,C++20 (GCC 13-64),1740656190
308065160,weebs_in_,A TRUE Battle,RUNTIME_ERROR,"C++23 (GCC 14-64, msys2)",1740656041
308065069,weebs_in_,A TRUE Battle,COMPILATION_ERROR,"C++23 (GCC 14-64, msys2)",1740656004
308065018,weebs_in_,A TRUE Battle,WRONG_ANSWER,"C++23 (GCC 14-64, msys2)",1740655984
308064605,weebs_in_,A TRUE Battle,WRONG_ANSWER,"C++23 (GCC 14-64, msys2)",1740655793
308063055,weebs_in_,Minimise Oneness,OK,"C++23 (GCC 14-64, msys2)",1740655073
308062846,weebs_in_,Minimise Oneness,WRONG_ANSWER,"C++23 (GCC 14-64, msys2)",1740654970
308062476,weebs_in_,A Gift From Orangutan,OK,"C++23 (GCC 14-64, msys2)",1740654796
308040282,roycelang24,QED's Favorite Permutation,OK,C++17 (GCC 7-32),1740643191
308039820,roycelang24,QED's Favorite Permutation,WRONG_ANSWER,C++17 (GCC 7-32),1740642942
308039783,ikayesm,A Gift From Orangutan,WRONG_ANSWER,C++17 (GCC 7-32),1740642926
308037646,roycelang24,QED's Favorite Permutation,OK,C++17 (GCC 7-32),1740641662
308028352,devans,Orangutan Approved Subarrays,OK,C++17 (GCC 7-32),1740636577
308024869,devans,Orangutan Approved Subarrays,WRONG_ANSWER,C++17 (GCC 7-32),1740633940
308022895,devans,Orangutan Approved Subarrays,RUNTIME_ERROR,C++17 (GCC 7-32),1740632347
308022570,devans,Orangutan Approved Subarrays,RUNTIME_ERROR,C++17 (GCC 7-32),1740632123
308020167,roycelang24,A TRUE Battle,OK,C++17 (GCC 7-32),1740630219
308018814,Hamza_28,A TRUE Battle,OK,"C++23 (GCC 14-64, msys2)",1740629130
308018126,roycelang24,A TRUE Battle,WRONG_ANSWER,C++17 (GCC 7-32),1740628552
308017867,roycelang24,A TRUE Battle,WRONG_ANSWER,C++17 (GCC 7-32),1740628368
308016327,roycelang24,Minimise Oneness,OK,C++17 (GCC 7-32),1740626815
308016325,Adu_Vai_404,A Gift From Orangutan,OK,"C++23 (GCC 14-64, msys2)",1740626814
308015873,roycelang24,A Gift From Orangutan,OK,C++17 (GCC 7-32),1740626289
308015505,IcanTouchMyToe,A Gift From Orangutan,OK,C++20 (GCC 13-64),1740625933
308015076,shivamofficialsp13,A TRUE Battle,OK,C++17 (GCC 7-32),1740625373
308014997,shivamofficialsp13,A TRUE Battle,WRONG_ANSWER,C++17 (GCC 7-32),1740625278
308012900,shivamofficialsp13,A TRUE Battle,WRONG_ANSWER,C++17 (GCC 7-32),1740622615
308000282,The_Binary_Brawler,A Gift From Orangutan,OK,C++20 (GCC 13-64),1740604683
307993862,draid,A TRUE Battle,OK,C++20 (GCC 13-64),1740599878
307993196,draid,A TRUE Battle,WRONG_ANSWER,C++20 (GCC 13-64),1740599472
307992308,vjudge131,Minimise Oneness,OK,"C++23 (GCC 14-64, msys2)",1740598917
307989640,Akulyat,MEXimize the Score,OK,"C++23 (GCC 14-64, msys2)",1740598368
307981464,InfinityX51,Minimise Oneness,OK,"C++23 (GCC 14-64, msys2)",1740593982
307980019,Maxematics,Minimise Oneness,OK,Python 3,1740593287
307979875,Maxematics,Minimise Oneness,WRONG_ANSWER,Python 3,1740593227
307974685,shyambhuva,Minimise Oneness,OK,C++20 (GCC 13-64),1740591442
307974517,xyron,A TRUE Battle,OK,"C++23 (GCC 14-64, msys2)",1740591364
307969364,shyambhuva,Minimise Oneness,WRONG_ANSWER,C++20 (GCC 13-64),1740588957
307969264,ankadalaroopa,A Gift From Orangutan,OK,"C++23 (GCC 14-64, msys2)",1740588912
307967856,singh_vikas,A Gift From Orangutan,OK,Python 3,1740588279
307963851,B1naryKn1ght,A TRUE Battle,OK,C++20 (GCC 13-64),1740586453
307963527,B1naryKn1ght,A Gift From Orangutan,OK,C++20 (GCC 13-64),1740586308
307961868,Goldan_Respy,Minimise Oneness,WRONG_ANSWER,C++20 (GCC 13-64),1740585570
307959503,__dattebayo__,A TRUE Battle,OK,"C++23 (GCC 14-64, msys2)",1740584564
307959074,__dattebayo__,A TRUE Battle,WRONG_ANSWER,"C++23 (GCC 14-64, msys2)",1740584374
307956139,Mikoa,A TRUE Battle,OK,"C++23 (GCC 14-64, msys2)",1740583173
307949000,Aviansh,MEXimize the Score,OK,C++20 (GCC 13-64),1740579943
307948381,Aviansh,MEXimize the Score,WRONG_ANSWER,C++20 (GCC 13-64),1740579687
307948137,Aviansh,MEXimize the Score,WRONG_ANSWER,C++20 (GCC 13-64),1740579586
307947035,bkifhr10,A Gift From Orangutan,OK,C++17 (GCC 7-32),1740579040
307946820,Aviansh,MEXimize the Score,WRONG_ANSWER,C++20 (GCC 13-64),1740578939
307940253,deudoena,A Gift From Orangutan,OK,C++17 (GCC 7-32),1740576260
307937224,Totato,Minimise Oneness,OK,C++17 (GCC 7-32),1740575008
307937006,Totato,Minimise Oneness,WRONG_ANSWER,C++17 (GCC 7-32),1740574911
307926190,Meirbek-009-28,A Gift From Orangutan,OK,C++20 (GCC 13-64),1740570397
307921889,Meirbek-009-28,Minimise Oneness,OK,C++20 (GCC 13-64),1740568662
307908133,yutt,QED's Favorite Permutation,OK,C++17 (GCC 7-32),1740562550
307905108,wusixuan,QED's Favorite Permutation,OK,C++20 (GCC 13-64),1740560696
307905038,wusixuan,QED's Favorite Permutation,COMPILATION_ERROR,C++20 (GCC 13-64),1740560649
307904742,wusixuan,QED's Favorite Permutation,COMPILATION_ERROR,C++20 (GCC 13-64),1740560465
307901881,Totato,A Gift From Orangutan,OK,C++17 (GCC 7-32),1740558576
307897373,Lionel_code,QED's Favorite Permutation,OK,C++20 (GCC 13-64),1740555539
307895956,yutt,QED's Favorite Permutation,WRONG_ANSWER,C++17 (GCC 7-32),1740554545
307895302,yutt,QED's Favorite Permutation,WRONG_ANSWER,C++17 (GCC 7-32),1740554046
307892693,yutt,QED's Favorite Permutation,WRONG_ANSWER,C++17 (GCC 7-32),1740552135
307891620,Harry_TM,Minimise Oneness,OK,"C++23 (GCC 14-64, msys2)",1740551337
307891373,Harry_TM,Minimise Oneness,WRONG_ANSWER,"C++23 (GCC 14-64, msys2)",1740551140
307887224,pajaz77,A TRUE Battle,OK,"C++23 (GCC 14-64, msys2)",1740547836
307886763,pajaz77,A TRUE Battle,WRONG_ANSWER,"C++23 (GCC 14-64, msys2)",1740547517
307886542,pajaz77,A TRUE Battle,WRONG_ANSWER,"C++23 (GCC 14-64, msys2)",1740547344
307884599,rikul,QED's Favorite Permutation,TIME_LIMIT_EXCEEDED,"C++23 (GCC 14-64, msys2)",1740545907
307883059,ScorpioDaggar,Minimise Oneness,WRONG_ANSWER,C++20 (GCC 13-64),1740544498
307880517,Rychao,MEXimize the Score,OK,C++17 (GCC 7-32),1740541921
307880469,Rychao,MEXimize the Score,WRONG_ANSWER,C++17 (GCC 7-32),1740541867
307880439,Rychao,MEXimize the Score,WRONG_ANSWER,C++17 (GCC 7-32),1740541840
307879979,Rychao,MEXimize the Score,WRONG_ANSWER,C++17 (GCC 7-32),1740541383
307879863,Rychao,MEXimize the Score,RUNTIME_ERROR,C++17 (GCC 7-32),1740541256
307867391,AleTaf,A TRUE Battle,OK,C++20 (GCC 13-64),1740524591
307864088,laplace_daemonium,A TRUE Battle,OK,"C++23 (GCC 14-64, msys2)",1740520314
307857250,Slow-Res,A Gift From Orangutan,OK,Java 21,1740514742
307857200,Acid12,QED's Favorite Permutation,OK,C++20 (GCC 13-64),1740514711
307857150,Fake_Acid,QED's Favorite Permutation,OK,C++20 (GCC 13-64),1740514678
307855507,Fake_Acid,QED's Favorite Permutation,WRONG_ANSWER,C++20 (GCC 13-64),1740513643
307854086,Fake_Acid,QED's Favorite Permutation,TIME_LIMIT_EXCEEDED,C++20 (GCC 13-64),1740513001
307842591,restoring_101,Minimise Oneness,OK,C++17 (GCC 7-32),1740507979
307805276,B1naryKn1ght,Minimise Oneness,OK,C++20 (GCC 13-64),1740500760
307804489,B1naryKn1ght,Minimise Oneness,WRONG_ANSWER,C++20 (GCC 13-64),1740500698
307717448,alaa_samir..,Minimise Oneness,WRONG_ANSWER,C++17 (GCC 7-32),1740495663
307672708,bkifhr10,A Gift From Orangutan,OK,C++17 (GCC 7-32),1740492773
307672636,Kanhaiya.KG,Minimise Oneness,OK,"C++23 (GCC 14-64, msys2)",1740492739
307672537,Azad_Yadav,A TRUE Battle,OK,"C++23 (GCC 14-64, msys2)",1740492694
307672384,Kanhaiya.KG,Minimise Oneness,WRONG_ANSWER,"C++23 (GCC 14-64, msys2)",1740492637
307671191,Kanhaiya.KG,A Gift From Orangutan,OK,"C++23 (GCC 14-64, msys2)",1740492143
307670435,arklTsye,A Gift From Orangutan,OK,C++17 (GCC 7-32),1740491825
307665292,Serendipity23,A Gift From Orangutan,OK,C++17 (GCC 7-32),1740489550
307658340,Shubham-V,QED's Favorite Permutation,OK,C++20 (GCC 13-64),1740486775
307658061,kHarsh3715,MEXimize the Score,OK,C++20 (GCC 13-64),1740486662
307656832,SilverTwilights,QED's Favorite Permutation,OK,C++17 (GCC 7-32),1740486190
307656400,SyaOtiLan,QED's Favorite Permutation,OK,C++17 (GCC 7-32),1740486014
307656062,SyaOtiLan,QED's Favorite Permutation,COMPILATION_ERROR,C++17 (GCC 7-32),1740485889
307654328,ishandeep2202,Minimise Oneness,OK,"C++23 (GCC 14-64, msys2)",1740485179
307653604,ishandeep2202,Minimise Oneness,WRONG_ANSWER,"C++23 (GCC 14-64, msys2)",1740484854
307650791,Fake_Acid,QED's Favorite Permutation,WRONG_ANSWER,C++20 (GCC 13-64),1740483632
307650722,KKrishnaA,QED's Favorite Permutation,OK,"C++23 (GCC 14-64, msys2)",1740483603
307650620,KKrishnaA,QED's Favorite Permutation,WRONG_ANSWER,"C++23 (GCC 14-64, msys2)",1740483560
307648777,H_a_r_M_i_t,QED's Favorite Permutation,OK,C++17 (GCC 7-32),1740482661
307648497,H_a_r_M_i_t,QED's Favorite Permutation,WRONG_ANSWER,C++17 (GCC 7-32),1740482528
307647644,Fake_Acid,QED's Favorite Permutation,WRONG_ANSWER,C++20 (GCC 13-64),1740482089
307646718,Fake_Acid,QED's Favorite Permutation,WRONG_ANSWER,C++20 (GCC 13-64),1740481631
307646157,Fake_Acid,QED's Favorite Permutation,WRONG_ANSWER,C++20 (GCC 13-64),1740481328
307646106,Fake_Acid,QED's Favorite Permutation,WRONG_ANSWER,C++20 (GCC 13-64),1740481303
307646001,Fake_Acid,QED's Favorite Permutation,COMPILATION_ERROR,C++20 (GCC 13-64),1740481249
307645962,Fake_Acid,QED's Favorite Permutation,COMPILATION_ERROR,C++20 (GCC 13-64),1740481228
307645866,Fake_Acid,QED's Favorite Permutation,COMPILATION_ERROR,C++20 (GCC 13-64),1740481178
307645573,Fake_Acid,QED's Favorite Permutation,WRONG_ANSWER,C++20 (GCC 13-64),1740481030
307644895,Fake_Acid,QED's Favorite Permutation,WRONG_ANSWER,C++20 (GCC 13-64),1740480654
307644798,Fake_Acid,QED's Favorite Permutation,WRONG_ANSWER,C++20 (GCC 13-64),1740480601
307644298,Fake_Acid,QED's Favorite Permutation,WRONG_ANSWER,C++20 (GCC 13-64),1740480306
307644190,Fake_Acid,QED's Favorite Permutation,WRONG_ANSWER,C++20 (GCC 13-64),1740480246
307644101,Shubham-V,Minimise Oneness,OK,C++20 (GCC 13-64),1740480181
307643725,Fake_Acid,QED's Favorite Permutation,TIME_LIMIT_EXCEEDED,C++20 (GCC 13-64),1740479973
307643491,Fake_Acid,QED's Favorite Permutation,TIME_LIMIT_EXCEEDED,C++20 (GCC 13-64),1740479824
307643438,Shubham-V,A Gift From Orangutan,OK,C++20 (GCC 13-64),1740479793
307642863,Acid12,QED's Favorite Permutation,TIME_LIMIT_EXCEEDED,C++20 (GCC 13-64),1740479443
307642130,Acid12,QED's Favorite Permutation,TIME_LIMIT_EXCEEDED,C++20 (GCC 13-64),1740478987
307641893,siddarthevvs,A TRUE Battle,OK,"C++23 (GCC 14-64, msys2)",1740478839
307641860,siddarthevvs,A TRUE Battle,WRONG_ANSWER,"C++23 (GCC 14-64, msys2)",1740478813
307641531,Fake_Acid,QED's Favorite Permutation,TIME_LIMIT_EXCEEDED,C++20 (GCC 13-64),1740478619
307641217,Fake_Acid,QED's Favorite Permutation,COMPILATION_ERROR,C++20 (GCC 13-64),1740478453
307641121,Acid12,QED's Favorite Permutation,TIME_LIMIT_EXCEEDED,C++20 (GCC 13-64),1740478403
307641076,Fake_Acid,QED's Favorite Permutation,TIME_LIMIT_EXCEEDED,C++20 (GCC 13-64),1740478382
307640969,Fake_Acid,QED's Favorite Permutation,WRONG_ANSWER,C++20 (GCC 13-64),1740478333
307639807,siddarthevvs,A TRUE Battle,WRONG_ANSWER,"C++23 (GCC 14-64, msys2)",1740477721
307637330,The-Winner,Orangutan Approved Subarrays,OK,"C++23 (GCC 14-64, msys2)",1740476445
307636520,Fake_Acid,QED's Favorite Permutation,WRONG_ANSWER,C++20 (GCC 13-64),1740476013
307636481,Fake_Acid,QED's Favorite Permutation,WRONG_ANSWER,C++20 (GCC 13-64),1740475993
307636333,Fake_Acid,QED's Favorite Permutation,WRONG_ANSWER,C++20 (GCC 13-64),1740475918
307636315,Fake_Acid,QED's Favorite Permutation,WRONG_ANSWER,C++20 (GCC 13-64),1740475906
307636145,akshat5015,A Gift From Orangutan,OK,C++17 (GCC 7-32),1740475819
307635845,akshat5015,A Gift From Orangutan,WRONG_ANSWER,C++17 (GCC 7-32),1740475673
307635751,Fake_Acid,QED's Favorite Permutation,WRONG_ANSWER,C++20 (GCC 13-64),1740475625
307635337,Fake_Acid,QED's Favorite Permutation,WRONG_ANSWER,C++20 (GCC 13-64),1740475417
307635121,akshat5015,Minimise Oneness,OK,C++17 (GCC 7-32),1740475299
307634884,Fake_Acid,QED's Favorite Permutation,WRONG_ANSWER,C++20 (GCC 13-64),1740475190
307634806,akshat5015,Minimise Oneness,WRONG_ANSWER,C++17 (GCC 7-32),1740475147
307634510,akshat5015,Minimise Oneness,WRONG_ANSWER,PyPy 3,1740474978
307634366,Sadman_Ishtiaks,A Gift From Orangutan,OK,Java 8,1740474908
307634238,akshat5015,Minimise Oneness,WRONG_ANSWER,C++17 (GCC 7-32),1740474851
307633405,Lenisel,Minimise Oneness,OK,C++20 (GCC 13-64),1740474399
307632594,sminix,A TRUE Battle,OK,C++20 (GCC 13-64),1740473949
307630861,Lenisel,A TRUE Battle,WRONG_ANSWER,C++20 (GCC 13-64),1740472923
307630592,Lenisel,A TRUE Battle,WRONG_ANSWER,C++20 (GCC 13-64),1740472751
307629795,equal_quartz,A Gift From Orangutan,OK,"C++23 (GCC 14-64, msys2)",1740472242
307625574,Hasibur_Rahmen,A Gift From Orangutan,OK,C++17 (GCC 7-32),1740469414
307625104,cqbzhwj,Orangutan Approved Subarrays,OK,C++20 (GCC 13-64),1740469074
307622129,HabilMehtizade,A Gift From Orangutan,OK,C++20 (GCC 13-64),1740467143
307622050,maketheworldbetter,A Gift From Orangutan,OK,C++17 (GCC 7-32),1740467096
307619291,sminix,A TRUE Battle,WRONG_ANSWER,C++20 (GCC 13-64),1740465365
307618489,Fake_Acid,QED's Favorite Permutation,WRONG_ANSWER,C++20 (GCC 13-64),1740464852
307617472,Acid12,QED's Favorite Permutation,WRONG_ANSWER,C++20 (GCC 13-64),1740464247
307616751,atik2610,A TRUE Battle,OK,C++20 (GCC 13-64),1740463730
307615534,Fake_Acid,QED's Favorite Permutation,WRONG_ANSWER,C++20 (GCC 13-64),1740462856
307615067,Ridham_,A Gift From Orangutan,OK,Python 3,1740462475
307614681,Acid12,QED's Favorite Permutation,WRONG_ANSWER,C++20 (GCC 13-64),1740462169
307614541,Fake_Acid,QED's Favorite Permutation,WRONG_ANSWER,C++20 (GCC 13-64),1740462021
307613687,MoxiYuan,A TRUE Battle,OK,"C++23 (GCC 14-64, msys2)",1740461291
307613180,edvidarez,A TRUE Battle,OK,"C++23 (GCC 14-64, msys2)",1740460852
307613058,MoxiYuan,A TRUE Battle,WRONG_ANSWER,"C++23 (GCC 14-64, msys2)",1740460745
307612816,MoxiYuan,Minimise Oneness,OK,"C++23 (GCC 14-64, msys2)",1740460517
307612378,MoxiYuan,A Gift From Orangutan,OK,"C++23 (GCC 14-64, msys2)",1740460022
307612345,edvidarez,A TRUE Battle,WRONG_ANSWER,"C++23 (GCC 14-64, msys2)",1740459995
307612278,OganessonIsland,QED's Favorite Permutation,OK,C++20 (GCC 13-64),1740459926
307612260,edvidarez,A TRUE Battle,WRONG_ANSWER,"C++23 (GCC 14-64, msys2)",1740459912
307610452,OganessonIsland,QED's Favorite Permutation,RUNTIME_ERROR,C++20 (GCC 13-64),1740458091
307610134,OganessonIsland,QED's Favorite Permutation,MEMORY_LIMIT_EXCEEDED,C++17 (GCC 7-32),1740457771
307609986,iss_,QED's Favorite Permutation,OK,C++17 (GCC 7-32),1740457601
307609953,OganessonIsland,QED's Favorite Permutation,RUNTIME_ERROR,C++17 (GCC 7-32),1740457559
307609337,OganessonIsland,QED's Favorite Permutation,RUNTIME_ERROR,C++17 (GCC 7-32),1740456804
307607919,OganessonIsland,QED's Favorite Permutation,RUNTIME_ERROR,C++20 (GCC 13-64),1740455107
307605725,nicowilliams,A TRUE Battle,OK,C++20 (GCC 13-64),1740452283
307605229,nicowilliams,A TRUE Battle,WRONG_ANSWER,C++20 (GCC 13-64),1740451625
307604420,nicowilliams,Minimise Oneness,OK,C++20 (GCC 13-64),1740450630
307604307,nicowilliams,Minimise Oneness,WRONG_ANSWER,C++20 (GCC 13-64),1740450494
307604155,nicowilliams,A Gift From Orangutan,OK,C++20 (GCC 13-64),1740450279
307600893,Gideon_Chandra_956,A TRUE Battle,WRONG_ANSWER,C++20 (GCC 13-64),1740445232
307595757,leoamb,A TRUE Battle,WRONG_ANSWER,Python 3,1740436451
307595442,Fake_Acid,QED's Favorite Permutation,WRONG_ANSWER,C++20 (GCC 13-64),1740436030
307593558,darper,A Gift From Orangutan,OK,C++20 (GCC 13-64),1740433713
307589478,Acid12,QED's Favorite Permutation,TIME_LIMIT_EXCEEDED,C++20 (GCC 13-64),1740430077
307589411,Fake_Acid,QED's Favorite Permutation,TIME_LIMIT_EXCEEDED,C++20 (GCC 13-64),1740430024
307588879,CodeGuy,A Gift From Orangutan,OK,C++20 (GCC 13-64),1740429615
307576232,g237182,QED's Favorite Permutation,OK,C++20 (GCC 13-64),1740421929
307570636,g237182,A TRUE Battle,OK,C++20 (GCC 13-64),1740419353
307569523,Tashdik_RK29,A TRUE Battle,OK,C++20 (GCC 13-64),1740418852
307569228,singh_vikas,Minimise Oneness,OK,Python 2,1740418716
307566956,onepersonintheuniverse,QED's Favorite Permutation,OK,"C++23 (GCC 14-64, msys2)",1740417704
307566124,pm_2,QED's Favorite Permutation,OK,C++20 (GCC 13-64),1740417317
307564158,dinosaur7,MEXimize the Score,OK,C++20 (GCC 13-64),1740416397
307563564,kevin,The Destruction of the Universe (Easy Version),OK,"C++23 (GCC 14-64, msys2)",1740416103
307562062,g237182,Minimise Oneness,OK,C++20 (GCC 13-64),1740415443
307560771,g237182,A Gift From Orangutan,OK,C++20 (GCC 13-64),1740414842
307556993,RG_Ab,A TRUE Battle,OK,C++17 (GCC 7-32),1740413077
307555699,RG_Ab,A TRUE Battle,WRONG_ANSWER,C++17 (GCC 7-32),1740412524
307553404,Okinawa,Minimise Oneness,WRONG_ANSWER,Python 3,1740411507
307552619,Snowmanm,Minimise Oneness,OK,C++17 (GCC 7-32),1740411183
307552466,Snowmanm,Minimise Oneness,WRONG_ANSWER,C++17 (GCC 7-32),1740411117
307552459,liujingwen,QED's Favorite Permutation,OK,"C++23 (GCC 14-64, msys2)",1740411114
307552129,Tashdik_RK29,A TRUE Battle,WRONG_ANSWER,C++20 (GCC 13-64),1740410979
307550891,NobitaNoobie_,A TRUE Battle,OK,C++17 (GCC 7-32),1740410454
307550187,liujingwen,QED's Favorite Permutation,WRONG_ANSWER,"C++23 (GCC 14-64, msys2)",1740410158
307549432,Azad_Yadav,Minimise Oneness,OK,"C++23 (GCC 14-64, msys2)",1740409845
307548241,leoamb,A TRUE Battle,WRONG_ANSWER,Python 3,1740409308
307547590,vish_man,A TRUE Battle,OK,"C++23 (GCC 14-64, msys2)",1740408997
307546204,we_114514,A Gift From Orangutan,OK,C++17 (GCC 7-32),1740408370
307546185,equal_quartz,A Gift From Orangutan,OK,"C++23 (GCC 14-64, msys2)",1740408362
307545736,leoamb,Minimise Oneness,OK,Python 3,1740408153
307544563,dinosaur7,QED's Favorite Permutation,OK,C++20 (GCC 13-64),1740407644
307544298,dinosaur7,QED's Favorite Permutation,WRONG_ANSWER,C++20 (GCC 13-64),1740407528
307543997,leoamb,A Gift From Orangutan,OK,Python 3,1740407401
307542263,dinosaur7,A TRUE Battle,OK,C++20 (GCC 13-64),1740406653
307541666,vish_man,A TRUE Battle,WRONG_ANSWER,"C++23 (GCC 14-64, msys2)",1740406405
307541221,dinosaur7,Minimise Oneness,OK,C++20 (GCC 13-64),1740406201
307539529,CG__HeavenHealer,A TRUE Battle,OK,C++17 (GCC 7-32),1740405438
307538628,dinosaur7,A Gift From Orangutan,OK,C++20 (GCC 13-64),1740405035
307536404,SJCHSKY,A Gift From Orangutan,OK,C++17 (GCC 7-32),1740404066
307534095,Youzarsiff,A Gift From Orangutan,OK,"C++23 (GCC 14-64, msys2)",1740403055
307533343,Youzarsiff,A Gift From Orangutan,WRONG_ANSWER,"C++23 (GCC 14-64, msys2)",1740402738
307528395,finister101,A TRUE Battle,WRONG_ANSWER,C++17 (GCC 7-32),1740400524
307527958,Caikun_chen,QED's Favorite Permutation,OK,C++20 (GCC 13-64),1740400322
307523803,KARANPAL_lalka,QED's Favorite Permutation,OK,C++20 (GCC 13-64),1740398299
307523660,lalka_22,QED's Favorite Permutation,OK,C++20 (GCC 13-64),1740398234
307523534,ETO-leaders,A Gift From Orangutan,OK,"C++23 (GCC 14-64, msys2)",1740398171
307522884,lalka_22,QED's Favorite Permutation,TIME_LIMIT_EXCEEDED,C++20 (GCC 13-64),1740397836
307522460,lalka_22,QED's Favorite Permutation,TIME_LIMIT_EXCEEDED,C++20 (GCC 13-64),1740397626
307522210,lalka_22,QED's Favorite Permutation,WRONG_ANSWER,C++20 (GCC 13-64),1740397497
307520796,vaishnavi1720tripathi,A TRUE Battle,WRONG_ANSWER,C++17 (GCC 7-32),1740396729
307519615,lalka_22,QED's Favorite Permutation,WRONG_ANSWER,C++20 (GCC 13-64),1740396125
307519158,iss_,QED's Favorite Permutation,OK,C++17 (GCC 7-32),1740395875
307517060,lalka_22,QED's Favorite Permutation,WRONG_ANSWER,C++20 (GCC 13-64),1740394722
307511313,vivek.2004sing,A TRUE Battle,OK,"C++23 (GCC 14-64, msys2)",1740391090
307508134,rezaul7081,A Gift From Orangutan,OK,C++17 (GCC 7-32),1740389056
307503387,lalka_22,QED's Favorite Permutation,WRONG_ANSWER,C++20 (GCC 13-64),1740386853
307503196,PownShanYu,QED's Favorite Permutation,OK,C++20 (GCC 13-64),1740386737
307502643,lalka_22,QED's Favorite Permutation,WRONG_ANSWER,C++20 (GCC 13-64),1740386377
307501362,KARANPAL_lalka,QED's Favorite Permutation,WRONG_ANSWER,C++20 (GCC 13-64),1740385482
307501040,KARANPAL_lalka,QED's Favorite Permutation,WRONG_ANSWER,C++20 (GCC 13-64),1740385257
307500929,KARANPAL_lalka,QED's Favorite Permutation,WRONG_ANSWER,C++20 (GCC 13-64),1740385179
307500682,KARANPAL_lalka,QED's Favorite Permutation,WRONG_ANSWER,C++20 (GCC 13-64),1740384997
307493813,shah99,A Gift From Orangutan,OK,"C++23 (GCC 14-64, msys2)",1740380222
307492803,dttbinh13hcm,A TRUE Battle,OK,"C++23 (GCC 14-64, msys2)",1740379515
307491677,tyrannosaurus__,Minimise Oneness,OK,C++17 (GCC 7-32),1740378716
307490520,imraquibe,A Gift From Orangutan,OK,"C++23 (GCC 14-64, msys2)",1740377939
307490489,Chen-01,A Gift From Orangutan,OK,"C++23 (GCC 14-64, msys2)",1740377924
307489821,misturi,A Gift From Orangutan,OK,Python 3,1740377400
307484413,kevindeng677,A Gift From Orangutan,OK,C++20 (GCC 13-64),1740372626
307484088,kevindeng677,A Gift From Orangutan,OK,C++20 (GCC 13-64),1740372324
307483364,joyoht,A TRUE Battle,OK,C++17 (GCC 7-32),1740371616
307483207,kevindeng677,Minimise Oneness,OK,C++20 (GCC 13-64),1740371465
307482860,foucs,A TRUE Battle,OK,C++17 (GCC 7-32),1740371220
307482484,joyoht,A TRUE Battle,WRONG_ANSWER,C++17 (GCC 7-32),1740370813
307480058,--Guddu--,A TRUE Battle,OK,C++20 (GCC 13-64),1740368224
307479972,Mostafa_Moin,A TRUE Battle,OK,C++20 (GCC 13-64),1740368127
307476639,Goldan_Respy,A TRUE Battle,OK,C++20 (GCC 13-64),1740363629
307476128,Yuossef_azzat,A TRUE Battle,WRONG_ANSWER,C++20 (GCC 13-64),1740362869
307475628,never_use_tpu,MEXimize the Score,WRONG_ANSWER,C++17 (GCC 7-32),1740362100
307475519,num3,The Destruction of the Universe (Easy Version),WRONG_ANSWER,C++17 (GCC 7-32),1740361944
307475253,1000_H100,The Destruction of the Universe (Hard Version),WRONG_ANSWER,C++17 (GCC 7-32),1740361565
307473165,baixuejava,A Gift From Orangutan,OK,Java 8,1740357646
307470395,maestro_karin,A TRUE Battle,OK,C++17 (GCC 7-32),1740351934
307469849,Gideon_Chandra_956,Minimise Oneness,OK,C++17 (GCC 7-32),1740351163
307467032,Maho28,A Gift From Orangutan,OK,C++20 (GCC 13-64),1740347613
307457456,Sajid4,A TRUE Battle,OK,C++17 (GCC 7-32),1740339848
307456893,Sajid4,A TRUE Battle,WRONG_ANSWER,C++17 (GCC 7-32),1740339495
307455874,nicatshaliyev200922,Minimise Oneness,OK,"C++23 (GCC 14-64, msys2)",1740338819
307455626,nicatshaliyev200922,Minimise Oneness,WRONG_ANSWER,"C++23 (GCC 14-64, msys2)",1740338668
307455615,Sajid4,A TRUE Battle,WRONG_ANSWER,C++17 (GCC 7-32),1740338659
307452961,Arvi_saleque,A TRUE Battle,WRONG_ANSWER,C++20 (GCC 13-64),1740336949
307448756,sunn01,A TRUE Battle,OK,C++17 (GCC 7-32),1740334429
307443943,rakshith.s2004,A TRUE Battle,OK,C++17 (GCC 7-32),1740331953
307443395,rakshith.s2004,A TRUE Battle,WRONG_ANSWER,C++17 (GCC 7-32),1740331638
307441636,rakshith.s2004,A TRUE Battle,WRONG_ANSWER,C++17 (GCC 7-32),1740330681
307441620,Rittin_Sehgal,MEXimize the Score,OK,C++17 (GCC 7-32),1740330674
307441392,rakshith.s2004,A TRUE Battle,WRONG_ANSWER,C++17 (GCC 7-32),1740330542
307440447,rakshith.s2004,A TRUE Battle,TIME_LIMIT_EXCEEDED,C++17 (GCC 7-32),1740330019
307437874,foucs,A TRUE Battle,WRONG_ANSWER,C++17 (GCC 7-32),1740328625
307434775,num2,A Gift From Orangutan,WRONG_ANSWER,C++17 (GCC 7-32),1740326891
307430449,-rs-,QED's Favorite Permutation,OK,Rust 2021,1740324683
307430111,1000_H100,QED's Favorite Permutation,WRONG_ANSWER,C++17 (GCC 7-32),1740324504
307429019,real_Parallelism,Orangutan Approved Subarrays,WRONG_ANSWER,C++17 (GCC 7-32),1740323979
307428226,num6,MEXimize the Score,TIME_LIMIT_EXCEEDED,C++17 (GCC 7-32),1740323573
307424696,Kshitij62,A TRUE Battle,OK,C++20 (GCC 13-64),1740321897
307423040,KIRT4N,Minimise Oneness,OK,C++17 (GCC 7-32),1740321106
307421216,rhbo,A Gift From Orangutan,OK,C++17 (GCC 7-32),1740320223
307420491,uykusuz,Orangutan Approved Subarrays,OK,"C++23 (GCC 14-64, msys2)",1740319844
307419654,LHaoooo,A Gift From Orangutan,WRONG_ANSWER,C++17 (GCC 7-32),1740319431
307417893,fragadmsc,QED's Favorite Permutation,OK,"C++23 (GCC 14-64, msys2)",1740318555
307417195,fragadmsc,QED's Favorite Permutation,WRONG_ANSWER,"C++23 (GCC 14-64, msys2)",1740318210
307416484,Vir__,A TRUE Battle,WRONG_ANSWER,C++17 (GCC 7-32),1740317849
307412536,Elaheh..1,Minimise Oneness,WRONG_ANSWER,C++17 (GCC 7-32),1740315978
307412454,alberdjuniawan,A TRUE Battle,WRONG_ANSWER,C++17 (GCC 7-32),1740315939
307409730,gamma_yas,A TRUE Battle,OK,C++17 (GCC 7-32),1740314518
307408922,Jakub_Woxniak,QED's Favorite Permutation,OK,C++20 (GCC 13-64),1740314115
307407755,efficient_code23,A Gift From Orangutan,OK,C++17 (GCC 7-32),1740313520
307407524,Jakub_Woxniak,A TRUE Battle,OK,C++20 (GCC 13-64),1740313401
307406912,Jakub_Woxniak,Minimise Oneness,OK,C++20 (GCC 13-64),1740313078
307406551,Jakub_Woxniak,A Gift From Orangutan,OK,C++20 (GCC 13-64),1740312902
307405586,gamma_yas,A TRUE Battle,WRONG_ANSWER,C++17 (GCC 7-32),1740312409
307401627,sunn01,A TRUE Battle,WRONG_ANSWER,C++17 (GCC 7-32),1740310260
307401407,sunn01,A TRUE Battle,WRONG_ANSWER,C++17 (GCC 7-32),1740310141
307400301,alberdjuniawan,A TRUE Battle,WRONG_ANSWER,C++17 (GCC 7-32),1740309520
307399966,mohit_jaiswal,A TRUE Battle,OK,"C++23 (GCC 14-64, msys2)",1740309337
307398949,alberdjuniawan,A TRUE Battle,WRONG_ANSWER,C++17 (GCC 7-32),1740308756
307396560,shah99,Minimise Oneness,OK,"C++23 (GCC 14-64, msys2)",1740307429
307396443,uykusuz,A TRUE Battle,OK,C++17 (GCC 7-32),1740307366
307394792,Werdnight,QED's Favorite Permutation,OK,"C++23 (GCC 14-64, msys2)",1740306398
307394166,Tusan4ik,A TRUE Battle,OK,"C++23 (GCC 14-64, msys2)",1740306050
307393829,Tusan4ik,A TRUE Battle,WRONG_ANSWER,"C++23 (GCC 14-64, msys2)",1740305859
307393677,Tusan4ik,A TRUE Battle,WRONG_ANSWER,"C++23 (GCC 14-64, msys2)",1740305786
307393403,uykusuz,Minimise Oneness,OK,C++17 (GCC 7-32),1740305638
307393327,Tusan4ik,A TRUE Battle,WRONG_ANSWER,"C++23 (GCC 14-64, msys2)",1740305602
307392675,uykusuz,A Gift From Orangutan,OK,C++17 (GCC 7-32),1740305226
307384692,arshdeepcodes,A Gift From Orangutan,OK,C++17 (GCC 7-32),1740300755
307381884,ye..,QED's Favorite Permutation,OK,C++20 (GCC 13-64),1740299201
307381491,Yuyas1736,QED's Favorite Permutation,OK,"C++23 (GCC 14-64, msys2)",1740298950
307379967,ye..,QED's Favorite Permutation,WRONG_ANSWER,C++20 (GCC 13-64),1740298047
307379352,ye..,QED's Favorite Permutation,WRONG_ANSWER,C++20 (GCC 13-64),1740297714
307379256,ye..,QED's Favorite Permutation,WRONG_ANSWER,C++20 (GCC 13-64),1740297655
307378919,cocoli,A TRUE Battle,OK,C++20 (GCC 13-64),1740297452
307378834,Yuyas1736,QED's Favorite Permutation,TIME_LIMIT_EXCEEDED,"C++23 (GCC 14-64, msys2)",1740297401
307377443,cocoli,Minimise Oneness,OK,C++20 (GCC 13-64),1740296571
307377108,Yuyas1736,QED's Favorite Permutation,WRONG_ANSWER,"C++23 (GCC 14-64, msys2)",1740296355
307376477,cocoli,A Gift From Orangutan,OK,C++20 (GCC 13-64),1740295994
307376124,ARIBA_HASAN,A Gift From Orangutan,OK,C++17 (GCC 7-32),1740295792
307374792,Yuyas1736,QED's Favorite Permutation,WRONG_ANSWER,"C++23 (GCC 14-64, msys2)",1740295014
307374599,Yuyas1736,QED's Favorite Permutation,WRONG_ANSWER,"C++23 (GCC 14-64, msys2)",1740294886
307374436,Abhi.9av,A TRUE Battle,WRONG_ANSWER,C++20 (GCC 13-64),1740294772
307374363,ritambasus9,Minimise Oneness,OK,"C++23 (GCC 14-64, msys2)",1740294727
307374280,ritambasus9,Minimise Oneness,TIME_LIMIT_EXCEEDED,C++17 (GCC 7-32),1740294675
307374013,ritambasus9,Minimise Oneness,TIME_LIMIT_EXCEEDED,C++17 (GCC 7-32),1740294502
307373628,Yuyas1736,QED's Favorite Permutation,WRONG_ANSWER,"C++23 (GCC 14-64, msys2)",1740294282
307373468,Soham_ju25,Minimise Oneness,OK,"C++23 (GCC 14-64, msys2)",1740294187
307373120,PownShanYu,A TRUE Battle,OK,C++20 (GCC 13-64),1740293961
307372288,Yuyas1736,QED's Favorite Permutation,WRONG_ANSWER,"C++23 (GCC 14-64, msys2)",1740293453
307372145,Soham_ju25,Minimise Oneness,WRONG_ANSWER,"C++23 (GCC 14-64, msys2)",1740293374
307371957,Soham_ju25,Minimise Oneness,WRONG_ANSWER,"C++23 (GCC 14-64, msys2)",1740293253
307371005,Kanata18,QED's Favorite Permutation,OK,"C++23 (GCC 14-64, msys2)",1740292709
307370343,Kanata18,QED's Favorite Permutation,WRONG_ANSWER,"C++23 (GCC 14-64, msys2)",1740292346
307370041,ritambasus9,A Gift From Orangutan,OK,C++17 (GCC 7-32),1740292163
307369908,Soham_ju25,A Gift From Orangutan,OK,"C++23 (GCC 14-64, msys2)",1740292086
307369641,Kanata18,QED's Favorite Permutation,WRONG_ANSWER,"C++23 (GCC 14-64, msys2)",1740291926
307369512,PownShanYu,A TRUE Battle,WRONG_ANSWER,C++20 (GCC 13-64),1740291849
307368296,PownShanYu,Minimise Oneness,OK,C++20 (GCC 13-64),1740291087
307367351,PownShanYu,A Gift From Orangutan,OK,C++20 (GCC 13-64),1740290412
307364835,Suni9977,A TRUE Battle,OK,C++20 (GCC 13-64),1740288575
307364576,Suni9977,A TRUE Battle,WRONG_ANSWER,C++20 (GCC 13-64),1740288355
307364293,Suni9977,A TRUE Battle,WRONG_ANSWER,C++20 (GCC 13-64),1740288131
307364062,Youssefh,A Gift From Orangutan,OK,Python 3,1740287934
307363022,enigma79,A Gift From Orangutan,COMPILATION_ERROR,C++17 (GCC 7-32),1740287025
307358250,venus2006,A Gift From Orangutan,OK,Java 21,1740281441
307354743,ImNoob0550,A TRUE Battle,OK,"C++23 (GCC 14-64, msys2)",1740276679
307354578,ImNoob0550,A TRUE Battle,WRONG_ANSWER,"C++23 (GCC 14-64, msys2)",1740276437
307343844,vishal2045ks,QED's Favorite Permutation,OK,C++17 (GCC 7-32),1740260497
307337846,vishal2045ks,A TRUE Battle,OK,C++17 (GCC 7-32),1740255956
307334631,vishal2045ks,A TRUE Battle,WRONG_ANSWER,C++17 (GCC 7-32),1740253976
307333555,sanjay289,QED's Favorite Permutation,OK,C++17 (GCC 7-32),1740253396
307333484,sanjay289,QED's Favorite Permutation,OK,C++17 (GCC 7-32),1740253345
307332931,num7,A TRUE Battle,COMPILATION_ERROR,C++17 (GCC 7-32),1740253029
307332664,vishal2045ks,Minimise Oneness,OK,C++17 (GCC 7-32),1740252870
307331603,sanjay289,QED's Favorite Permutation,WRONG_ANSWER,C++17 (GCC 7-32),1740252319
307330852,vishal2045ks,A Gift From Orangutan,OK,C++17 (GCC 7-32),1740251918
307330444,sanjay289,QED's Favorite Permutation,WRONG_ANSWER,C++17 (GCC 7-32),1740251686
307329992,sanjay289,QED's Favorite Permutation,WRONG_ANSWER,C++17 (GCC 7-32),1740251416
307328920,sanjay289,QED's Favorite Permutation,WRONG_ANSWER,C++17 (GCC 7-32),1740250838
307324899,num3,A TRUE Battle,WRONG_ANSWER,C++17 (GCC 7-32),1740248821
307324134,___S_O_H_I_D_U_L___,A TRUE Battle,OK,"C++23 (GCC 14-64, msys2)",1740248444
307324121,num3,The Destruction of the Universe (Easy Version),COMPILATION_ERROR,C++17 (GCC 7-32),1740248437
307323923,num7,MEXimize the Score,COMPILATION_ERROR,C++17 (GCC 7-32),1740248340
307323777,___S_O_H_I_D_U_L___,A TRUE Battle,WRONG_ANSWER,"C++23 (GCC 14-64, msys2)",1740248278
307323000,ujjwalchhablani98,Minimise Oneness,OK,"C++23 (GCC 14-64, msys2)",1740247891
307322798,___S_O_H_I_D_U_L___,A TRUE Battle,WRONG_ANSWER,"C++23 (GCC 14-64, msys2)",1740247787
307322359,kirku,A TRUE Battle,WRONG_ANSWER,C++17 (GCC 7-32),1740247582
307322215,kirku,A TRUE Battle,WRONG_ANSWER,C++17 (GCC 7-32),1740247523
307322119,real_Parallelism,The Destruction of the Universe (Easy Version),TIME_LIMIT_EXCEEDED,C++17 (GCC 7-32),1740247476
307321847,num2,Minimise Oneness,OK,C++17 (GCC 7-32),1740247356
307321647,num2,Orangutan Approved Subarrays,TIME_LIMIT_EXCEEDED,C++17 (GCC 7-32),1740247275
307320020,num2,A Gift From Orangutan,OK,C++17 (GCC 7-32),1740246578
307319885,num2,Orangutan Approved Subarrays,WRONG_ANSWER,C++17 (GCC 7-32),1740246511
307319182,NaifH,A TRUE Battle,OK,C++17 (GCC 7-32),1740246204
307317769,num5,QED's Favorite Permutation,TIME_LIMIT_EXCEEDED,C++17 (GCC 7-32),1740245534
307316377,Sajid_Z,A Gift From Orangutan,OK,C++17 (GCC 7-32),1740244887
307315237,NaifH,A TRUE Battle,WRONG_ANSWER,C++17 (GCC 7-32),1740244395
307315125,1000_H100,Orangutan Approved Subarrays,WRONG_ANSWER,C++17 (GCC 7-32),1740244341
307315081,real_Parallelism,The Destruction of the Universe (Easy Version),WRONG_ANSWER,C++17 (GCC 7-32),1740244323
307314971,never_use_tpu,MEXimize the Score,WRONG_ANSWER,C++17 (GCC 7-32),1740244275
307314917,sanjay289,A TRUE Battle,OK,C++17 (GCC 7-32),1740244252
307312800,never_use_tpu,Minimise Oneness,WRONG_ANSWER,C++17 (GCC 7-32),1740243244
307312344,sanjay289,A TRUE Battle,WRONG_ANSWER,C++17 (GCC 7-32),1740243019
307311499,transformer123,QED's Favorite Permutation,WRONG_ANSWER,C++17 (GCC 7-32),1740242636
307311472,transformer123,A Gift From Orangutan,WRONG_ANSWER,C++17 (GCC 7-32),1740242621
307311414,num5,Minimise Oneness,WRONG_ANSWER,C++17 (GCC 7-32),1740242586
307311345,num2,A TRUE Battle,WRONG_ANSWER,C++17 (GCC 7-32),1740242551
307311191,num7,QED's Favorite Permutation,WRONG_ANSWER,C++17 (GCC 7-32),1740242479
307311089,num7,Orangutan Approved Subarrays,WRONG_ANSWER,C++17 (GCC 7-32),1740242435
307311049,Youssefh,Minimise Oneness,WRONG_ANSWER,Python 3,1740242414
307310911,num6,MEXimize the Score,WRONG_ANSWER,C++17 (GCC 7-32),1740242350
307310871,never_use_tpu,The Destruction of the Universe (Easy Version),WRONG_ANSWER,C++17 (GCC 7-32),1740242331
307310080,transformer123,A TRUE Battle,WRONG_ANSWER,C++17 (GCC 7-32),1740241972
307309612,sanjay289,A TRUE Battle,WRONG_ANSWER,C++17 (GCC 7-32),1740241748
307309591,transformer123,A Gift From Orangutan,OK,C++17 (GCC 7-32),1740241738
307309394,num7,Minimise Oneness,OK,C++17 (GCC 7-32),1740241649
307308552,1000_H100,MEXimize the Score,MEMORY_LIMIT_EXCEEDED,C++17 (GCC 7-32),1740241260
307306849,Yuyas1736,A TRUE Battle,OK,"C++23 (GCC 14-64, msys2)",1740240434
307306694,Yuyas1736,A TRUE Battle,OK,"C++23 (GCC 14-64, msys2)",1740240357
307306540,Yuyas1736,A TRUE Battle,WRONG_ANSWER,"C++23 (GCC 14-64, msys2)",1740240284
307305712,Yuyas1736,A TRUE Battle,WRONG_ANSWER,"C++23 (GCC 14-64, msys2)",1740239903
307305363,Yuyas1736,A TRUE Battle,WRONG_ANSWER,"C++23 (GCC 14-64, msys2)",1740239753
307305031,Ankita_13,Minimise Oneness,OK,C++20 (GCC 13-64),1740239606
307303034,Yuyas1736,A TRUE Battle,WRONG_ANSWER,"C++23 (GCC 14-64, msys2)",1740238713
307302808,Ankita_13,A Gift From Orangutan,OK,C++20 (GCC 13-64),1740238609
307298912,Yuyas1736,Minimise Oneness,OK,"C++23 (GCC 14-64, msys2)",1740236917
307298513,Yuyas1736,Minimise Oneness,WRONG_ANSWER,"C++23 (GCC 14-64, msys2)",1740236747
307297595,Yuyas1736,Minimise Oneness,WRONG_ANSWER,"C++23 (GCC 14-64, msys2)",1740236349
307294437,maryamabubakr,Minimise Oneness,WRONG_ANSWER,C++20 (GCC 13-64),1740234994
307293581,Yuyas1736,Minimise Oneness,WRONG_ANSWER,"C++23 (GCC 14-64, msys2)",1740234627
307292542,Yuyas1736,A Gift From Orangutan,OK,"C++23 (GCC 14-64, msys2)",1740234167
307288882,sanjay289,Minimise Oneness,OK,C++17 (GCC 7-32),1740232537
307284561,qiuyu0_0,A TRUE Battle,OK,"C++23 (GCC 14-64, msys2)",1740230670
307284457,sanjay289,A Gift From Orangutan,OK,C++17 (GCC 7-32),1740230626
307275899,___.....___,QED's Favorite Permutation,OK,"C++23 (GCC 14-64, msys2)",1740226479
307274757,qiuyu0_0,Minimise Oneness,OK,"C++23 (GCC 14-64, msys2)",1740225837
307274244,qiuyu0_0,Minimise Oneness,WRONG_ANSWER,"C++23 (GCC 14-64, msys2)",1740225569
307273848,g_l_z,A TRUE Battle,WRONG_ANSWER,C++17 (GCC 7-32),1740225370
307272015,PeruvianCartel,Minimise Oneness,COMPILATION_ERROR,C++17 (GCC 7-32),1740224415
307269866,___.....___,QED's Favorite Permutation,WRONG_ANSWER,"C++23 (GCC 14-64, msys2)",1740223328
307268117,iamronaldo,A Gift From Orangutan,OK,"C++23 (GCC 14-64, msys2)",1740222492
307265581,DawnFall119,Minimise Oneness,OK,C++17 (GCC 7-32),1740221233
307265265,Sohail_Kasmani,QED's Favorite Permutation,OK,C++20 (GCC 13-64),1740221079
307264341,Green_Viper,QED's Favorite Permutation,OK,C++17 (GCC 7-32),1740220652
307261962,qiuyu0_0,A Gift From Orangutan,OK,"C++23 (GCC 14-64, msys2)",1740219501
307261813,het_patel485,A TRUE Battle,OK,Java 21,1740219423
307261654,Zhalgas-T-027-7,Minimise Oneness,OK,C# 8,1740219346
307255953,ALIF__eSFT7,A Gift From Orangutan,OK,C++17 (GCC 7-32),1740216838
307255789,coco_12,A TRUE Battle,OK,C++20 (GCC 13-64),1740216754
307246016,Pinakaa,A TRUE Battle,OK,C++17 (GCC 7-32),1740212381
307245110,Pinakaa,A TRUE Battle,WRONG_ANSWER,C++17 (GCC 7-32),1740211925
307244025,Pinakaa,A TRUE Battle,WRONG_ANSWER,C++17 (GCC 7-32),1740211452
307240693,RajdeepSingh_23,A TRUE Battle,OK,C++20 (GCC 13-64),1740210033
307239705,hashMa_1176,QED's Favorite Permutation,OK,C++20 (GCC 13-64),1740209636
307239103,SilverTwilights,QED's Favorite Permutation,OK,"C++23 (GCC 14-64, msys2)",1740209372
307237797,acTiOn_kAmeN__,QED's Favorite Permutation,WRONG_ANSWER,"C++23 (GCC 14-64, msys2)",1740208823
307237170,OmarAboutaleb78,QED's Favorite Permutation,WRONG_ANSWER,"C++23 (GCC 14-64, msys2)",1740208583
307236228,RajdeepSingh_23,A TRUE Battle,WRONG_ANSWER,C++20 (GCC 13-64),1740208137
307233418,RezaBalooch,A TRUE Battle,OK,C++17 (GCC 7-32),1740206879
307233366,RezaBalooch,Minimise Oneness,OK,C++17 (GCC 7-32),1740206857
307233286,RezaBalooch,A Gift From Orangutan,OK,C++17 (GCC 7-32),1740206823
307228863,dreamoon_love_AA,Minimise Oneness,OK,"C++23 (GCC 14-64, msys2)",1740204789
307226097,iampranav,A Gift From Orangutan,OK,C++20 (GCC 13-64),1740203270
307226038,pranavpanmandpsp7,A Gift From Orangutan,OK,C++20 (GCC 13-64),1740203237
307225962,Rafid_407,A TRUE Battle,OK,"C++23 (GCC 14-64, msys2)",1740203186
307224674,w458729769,MEXimize the Score,OK,C++20 (GCC 13-64),1740202395
307223746,num6,The Destruction of the Universe (Easy Version),WRONG_ANSWER,C++17 (GCC 7-32),1740201822
307223641,never_use_tpu,Minimise Oneness,WRONG_ANSWER,C++17 (GCC 7-32),1740201760
307223168,transformer123,QED's Favorite Permutation,WRONG_ANSWER,C++17 (GCC 7-32),1740201446
307221874,Rafid_407,A TRUE Battle,WRONG_ANSWER,"C++23 (GCC 14-64, msys2)",1740200512
307219201,transformer123,MEXimize the Score,WRONG_ANSWER,C++17 (GCC 7-32),1740198141
307219171,1000_H100,The Destruction of the Universe (Easy Version),WRONG_ANSWER,C++17 (GCC 7-32),1740198114
307219168,num5,Orangutan Approved Subarrays,WRONG_ANSWER,C++17 (GCC 7-32),1740198113
307218417,1000_H100,A Gift From Orangutan,WRONG_ANSWER,C++17 (GCC 7-32),1740197410
307218114,JamesQin,MEXimize the Score,OK,C++17 (GCC 7-32),1740197127
307217544,umeshola07,A TRUE Battle,OK,C++17 (GCC 7-32),1740196547
307217495,num2,The Destruction of the Universe (Easy Version),WRONG_ANSWER,C++17 (GCC 7-32),1740196506
307217483,num5,MEXimize the Score,WRONG_ANSWER,C++17 (GCC 7-32),1740196496
307217421,num5,Orangutan Approved Subarrays,WRONG_ANSWER,C++17 (GCC 7-32),1740196439
307217418,JamesQin,MEXimize the Score,WRONG_ANSWER,C++17 (GCC 7-32),1740196438
307216892,JamesQin,MEXimize the Score,WRONG_ANSWER,C++17 (GCC 7-32),1740195914
307216616,shristi40,QED's Favorite Permutation,OK,C++17 (GCC 7-32),1740195639
307216548,shristi40,A TRUE Battle,OK,C++17 (GCC 7-32),1740195573
307216530,num6,QED's Favorite Permutation,WRONG_ANSWER,C++17 (GCC 7-32),1740195560
307216474,1000_H100,A TRUE Battle,WRONG_ANSWER,C++17 (GCC 7-32),1740195517
307216455,transformer123,A Gift From Orangutan,OK,C++17 (GCC 7-32),1740195501
307216367,never_use_tpu,A TRUE Battle,WRONG_ANSWER,C++17 (GCC 7-32),1740195410
307216360,transformer123,Minimise Oneness,WRONG_ANSWER,C++17 (GCC 7-32),1740195402
307216172,shristi40,A Gift From Orangutan,OK,C++17 (GCC 7-32),1740195232
307215931,num5,A Gift From Orangutan,OK,C++17 (GCC 7-32),1740195017
307215888,num6,Minimise Oneness,OK,C++17 (GCC 7-32),1740194979
307215847,num5,QED's Favorite Permutation,WRONG_ANSWER,C++17 (GCC 7-32),1740194935
307215826,real_Parallelism,A TRUE Battle,WRONG_ANSWER,C++17 (GCC 7-32),1740194915
307205031,Icannottakethisanymore,A TRUE Battle,OK,PyPy 3-64,1740179745
307204638,Lemonewaa,Minimise Oneness,OK,C++17 (GCC 7-32),1740179139
307204507,Lemonewaa,Minimise Oneness,WRONG_ANSWER,C++17 (GCC 7-32),1740178946
307203180,ivandimitrov0705,A Gift From Orangutan,OK,C++17 (GCC 7-32),1740177052
307203035,ivandimitrov0705,A Gift From Orangutan,WRONG_ANSWER,C++17 (GCC 7-32),1740176878
307189696,Atreya.007,Minimise Oneness,OK,C++20 (GCC 13-64),1740167522
307189345,vinay_124,QED's Favorite Permutation,OK,C++17 (GCC 7-32),1740167405
307188388,Atreya.007,A TRUE Battle,OK,C++20 (GCC 13-64),1740167083
307177226,prashant81556,A TRUE Battle,OK,"C++23 (GCC 14-64, msys2)",1740162645
307173220,_raaghav_09,A Gift From Orangutan,OK,Python 3,1740161008
307166700,vandit_1121,A TRUE Battle,OK,C++17 (GCC 7-32),1740157911
307166435,shamima_ananna,A TRUE Battle,OK,C++20 (GCC 13-64),1740157788
307166331,vandit_1121,A TRUE Battle,WRONG_ANSWER,C++17 (GCC 7-32),1740157739
307166136,blazor,A TRUE Battle,OK,"C++23 (GCC 14-64, msys2)",1740157657
307165183,vandit_1121,A TRUE Battle,WRONG_ANSWER,C++17 (GCC 7-32),1740157219
307164834,skeletonemoji,A Gift From Orangutan,OK,C++17 (GCC 7-32),1740157058
307164279,ff465593,A TRUE Battle,WRONG_ANSWER,C++17 (GCC 7-32),1740156821
307164258,blazor,A TRUE Battle,WRONG_ANSWER,"C++23 (GCC 14-64, msys2)",1740156811
307163055,Hamza_28,A TRUE Battle,WRONG_ANSWER,"C++23 (GCC 14-64, msys2)",1740156271
307162715,Aman_bhardwaj,A Gift From Orangutan,OK,C++17 (GCC 7-32),1740156118
307162042,DES-TROYER,A TRUE Battle,OK,C++17 (GCC 7-32),1740155813
307160335,Muhammad_Osama_Fahim,A TRUE Battle,OK,"C++23 (GCC 14-64, msys2)",1740155010
307156401,Aman_bhardwaj,Minimise Oneness,OK,C++17 (GCC 7-32),1740153251
307155335,ntcnng_,Orangutan Approved Subarrays,OK,C++20 (GCC 13-64),1740152800
307153474,Bogeyman_,A TRUE Battle,OK,"C++23 (GCC 14-64, msys2)",1740152030
307153400,Bogeyman_,A TRUE Battle,WRONG_ANSWER,"C++23 (GCC 14-64, msys2)",1740152000
307153051,Bogeyman_,A TRUE Battle,WRONG_ANSWER,"C++23 (GCC 14-64, msys2)",1740151867
307152140,Bogeyman_,A TRUE Battle,WRONG_ANSWER,"C++23 (GCC 14-64, msys2)",1740151503
307151716,Bogeyman_,A TRUE Battle,WRONG_ANSWER,"C++23 (GCC 14-64, msys2)",1740151324
307150669,Rafid_407,A TRUE Battle,WRONG_ANSWER,"C++23 (GCC 14-64, msys2)",1740150901
307150645,Dangerous_Coder01,Minimise Oneness,OK,PyPy 3-64,1740150893
307149982,Rafid_407,A TRUE Battle,WRONG_ANSWER,"C++23 (GCC 14-64, msys2)",1740150600
307149474,rudra_826,A Gift From Orangutan,OK,C++20 (GCC 13-64),1740150388
307142674,Chilnosu,A Gift From Orangutan,OK,C++20 (GCC 13-64),1740147637
307140296,xieyijie,MEXimize the Score,OK,C++17 (GCC 7-32),1740146657
307139978,xieyijie,MEXimize the Score,WRONG_ANSWER,C++17 (GCC 7-32),1740146545
307139666,xieyijie,MEXimize the Score,WRONG_ANSWER,C++17 (GCC 7-32),1740146416
307139593,xieyijie,MEXimize the Score,WRONG_ANSWER,C++17 (GCC 7-32),1740146383
307134478,chenzhishuo2012,A TRUE Battle,OK,C++17 (GCC 7-32),1740144268
307134251,_.anonymous._,Minimise Oneness,OK,C++20 (GCC 13-64),1740144175
307134017,Aman_bhardwaj,Minimise Oneness,WRONG_ANSWER,C++17 (GCC 7-32),1740144079
307132335,chenzhishuo2012,A TRUE Battle,WRONG_ANSWER,C++17 (GCC 7-32),1740143340
307132092,Mo7amedAbady,A Gift From Orangutan,OK,C++17 (GCC 7-32),1740143238
307131082,Mo7amedAbady,Minimise Oneness,OK,C++17 (GCC 7-32),1740142842
307130433,KathirSrivathsan.S,A TRUE Battle,WRONG_ANSWER,"C++23 (GCC 14-64, msys2)",1740142565
307129309,Mo7amedAbady,Minimise Oneness,WRONG_ANSWER,C++17 (GCC 7-32),1740142097
307125223,VARKALA_THOMA,A TRUE Battle,OK,PyPy 3-64,1740140227
307123756,Torikul_Islam,Minimise Oneness,OK,C++17 (GCC 7-32),1740139514
307122765,VARKALA_THOMA,A TRUE Battle,WRONG_ANSWER,PyPy 3-64,1740139032
307122735,VARKALA_THOMA,A TRUE Battle,WRONG_ANSWER,PyPy 3-64,1740139017
307122546,Rafid_407,A TRUE Battle,WRONG_ANSWER,"C++23 (GCC 14-64, msys2)",1740138909
307122102,white_wolff_223,A TRUE Battle,OK,C++17 (GCC 7-32),1740138706
307121035,faishal_052,A TRUE Battle,OK,"C++23 (GCC 14-64, msys2)",1740138164
307120980,wuyou18268683423,A TRUE Battle,OK,C++20 (GCC 13-64),1740138145
307120224,dineshreddy25,A TRUE Battle,WRONG_ANSWER,"C++23 (GCC 14-64, msys2)",1740137758
307118664,Hossain_Ahmed,A TRUE Battle,OK,"C++23 (GCC 14-64, msys2)",1740136991
307118161,guptavasudev,A Gift From Orangutan,OK,C++17 (GCC 7-32),1740136741
307117753,sameersingh8848,Minimise Oneness,OK,"C++23 (GCC 14-64, msys2)",1740136544
307117650,wuyou18268683423,Minimise Oneness,OK,C++20 (GCC 13-64),1740136493
307116686,guptavasudev,Minimise Oneness,OK,C++17 (GCC 7-32),1740135948
307115730,guptavasudev,Minimise Oneness,WRONG_ANSWER,C++17 (GCC 7-32),1740135384
307114048,NGC6543,A Gift From Orangutan,OK,GNU C11,1740134378
307113335,kerui,Minimise Oneness,WRONG_ANSWER,C++17 (GCC 7-32),1740133961
307113142,Hossain_Ahmed,A TRUE Battle,WRONG_ANSWER,"C++23 (GCC 14-64, msys2)",1740133854
307111746,NGC6543,A TRUE Battle,OK,GNU C11,1740133037
307111525,NGC6543,A TRUE Battle,RUNTIME_ERROR,GNU C11,1740132907
307111321,N0.ONE,QED's Favorite Permutation,OK,"C++23 (GCC 14-64, msys2)",1740132781
307111118,het_patel485,A TRUE Battle,WRONG_ANSWER,Java 21,1740132670
307110328,NGC6543,A TRUE Battle,WRONG_ANSWER,GNU C11,1740132246
307109627,HiJ1m,A Gift From Orangutan,OK,C++17 (GCC 7-32),1740131837
307109323,NGC6543,A TRUE Battle,WRONG_ANSWER,GNU C11,1740131666
307105020,OmarAboutaleb78,The Destruction of the Universe (Hard Version),OK,C++17 (GCC 7-32),1740129365
307104968,imraquibe,The Destruction of the Universe (Easy Version),OK,C++17 (GCC 7-32),1740129345
307104929,dineshreddy25,MEXimize the Score,OK,C++20 (GCC 13-64),1740129328
307104900,bkifhr8,Orangutan Approved Subarrays,OK,C++17 (GCC 7-32),1740129315
307104871,imraquibe,Orangutan Approved Subarrays,WRONG_ANSWER,C++20 (GCC 13-64),1740129297
307104865,Hasibur_Rahmen,MEXimize the Score,OK,C++17 (GCC 7-32),1740129295
307104715,dineshreddy25,Orangutan Approved Subarrays,OK,C++20 (GCC 13-64),1740129217
307104682,po_rag526,The Destruction of the Universe (Hard Version),OK,C++20 (GCC 13-64),1740129200
307104649,rezaul7081,The Destruction of the Universe (Easy Version),OK,C++20 (GCC 13-64),1740129182
307104561,sameersingh8848,QED's Favorite Permutation,OK,C++17 (GCC 7-32),1740129135
307104403,liu_yi,QED's Favorite Permutation,OK,"C++23 (GCC 14-64, msys2)",1740129046
307103592,liu_yi,QED's Favorite Permutation,TIME_LIMIT_EXCEEDED,"C++23 (GCC 14-64, msys2)",1740128656
307101534,liu_yi,QED's Favorite Permutation,WRONG_ANSWER,"C++23 (GCC 14-64, msys2)",1740127729
307101233,parthsaini2004,A TRUE Battle,OK,C++17 (GCC 7-32),1740127578
307100152,liu_yi,QED's Favorite Permutation,WRONG_ANSWER,"C++23 (GCC 14-64, msys2)",1740127050
307100084,liu_yi,QED's Favorite Permutation,WRONG_ANSWER,"C++23 (GCC 14-64, msys2)",1740127012
307099832,hu33,A Gift From Orangutan,OK,C++17 (GCC 7-32),1740126869
307099221,halym2008,Orangutan Approved Subarrays,OK,C++20 (GCC 13-64),1740126566
307098751,mayank94,QED's Favorite Permutation,OK,C++20 (GCC 13-64),1740126293
307098724,StarvingPig,QED's Favorite Permutation,OK,C++20 (GCC 13-64),1740126277
307098340,kenpegrasia,Orangutan Approved Subarrays,OK,C++20 (GCC 13-64),1740126023
307098242,deudoena,Orangutan Approved Subarrays,OK,C++20 (GCC 13-64),1740125961
307097322,po_rag526,Orangutan Approved Subarrays,WRONG_ANSWER,C++20 (GCC 13-64),1740125365
307097301,hu33,Minimise Oneness,OK,C++17 (GCC 7-32),1740125355
307097119,hu33,Minimise Oneness,WRONG_ANSWER,C++17 (GCC 7-32),1740125249
307094784,Cryomenase,A TRUE Battle,OK,C++17 (GCC 7-32),1740123725
307094751,liu_yi,A TRUE Battle,OK,"C++23 (GCC 14-64, msys2)",1740123705
307094442,halym2008,A TRUE Battle,OK,C++20 (GCC 13-64),1740123522
307094349,StarvingPig,A TRUE Battle,OK,C++20 (GCC 13-64),1740123462
307094159,StarvingPig,A TRUE Battle,WRONG_ANSWER,C++20 (GCC 13-64),1740123356
307094031,ETO-leaders,Minimise Oneness,OK,C++17 (GCC 7-32),1740123277
307093960,liu_yi,Minimise Oneness,OK,"C++23 (GCC 14-64, msys2)",1740123233
307093951,StarvingPig,A TRUE Battle,WRONG_ANSWER,C++20 (GCC 13-64),1740123229
307093873,liu_yi,Minimise Oneness,WRONG_ANSWER,"C++23 (GCC 14-64, msys2)",1740123184
307093379,sameersingh8848,Minimise Oneness,OK,C++20 (GCC 13-64),1740122892
307093361,bkifhr8,A Gift From Orangutan,OK,C++17 (GCC 7-32),1740122881
307093342,StarvingPig,Minimise Oneness,OK,C++20 (GCC 13-64),1740122870
307093328,liu_yi,A Gift From Orangutan,OK,"C++23 (GCC 14-64, msys2)",1740122862
307093287,StarvingPig,Minimise Oneness,WRONG_ANSWER,C++20 (GCC 13-64),1740122831
307093208,DanilCh,Minimise Oneness,WRONG_ANSWER,C++20 (GCC 13-64),1740122777
307093059,bkifhr7,A Gift From Orangutan,OK,C++20 (GCC 13-64),1740122684
307091661,huangsibo001,QED's Favorite Permutation,OK,C++17 (GCC 7-32),1740121778
307091638,huangsibo001,QED's Favorite Permutation,OK,C++17 (GCC 7-32),1740121759
307089885,huangsibo001,QED's Favorite Permutation,WRONG_ANSWER,C++17 (GCC 7-32),1740120658
307089666,huangsibo001,QED's Favorite Permutation,WRONG_ANSWER,C++17 (GCC 7-32),1740120542
307088249,huangsibo001,QED's Favorite Permutation,WRONG_ANSWER,C++17 (GCC 7-32),1740119697
307087805,Grey_TNT,A Gift From Orangutan,OK,C++17 (GCC 7-32),1740119411
307086508,huangsibo001,QED's Favorite Permutation,WRONG_ANSWER,C++17 (GCC 7-32),1740118627
307086154,Grey_TNT,Minimise Oneness,OK,C++17 (GCC 7-32),1740118412
307086088,huangsibo001,QED's Favorite Permutation,WRONG_ANSWER,C++17 (GCC 7-32),1740118365
307085719,huangsibo001,QED's Favorite Permutation,WRONG_ANSWER,C++17 (GCC 7-32),1740118113
307084988,DES-TROYER,A TRUE Battle,WRONG_ANSWER,C++17 (GCC 7-32),1740117587
307084641,DES-TROYER,A TRUE Battle,WRONG_ANSWER,C++17 (GCC 7-32),1740117360
307083075,bharathn97,A TRUE Battle,OK,"C++23 (GCC 14-64, msys2)",1740116278
307082663,bharathn97,A TRUE Battle,WRONG_ANSWER,"C++23 (GCC 14-64, msys2)",1740115952
307081243,1000_H100,The Destruction of the Universe (Hard Version),TIME_LIMIT_EXCEEDED,C++17 (GCC 7-32),1740114851
307079846,liumingzhuo,Orangutan Approved Subarrays,OK,"C++23 (GCC 14-64, msys2)",1740113530
307079526,liumingzhuo,Orangutan Approved Subarrays,WRONG_ANSWER,"C++23 (GCC 14-64, msys2)",1740113238
307079474,liumingzhuo,Orangutan Approved Subarrays,WRONG_ANSWER,"C++23 (GCC 14-64, msys2)",1740113181
307079307,liumingzhuo,Orangutan Approved Subarrays,WRONG_ANSWER,"C++23 (GCC 14-64, msys2)",1740113001
307077403,Green_Viper,A TRUE Battle,OK,C++17 (GCC 7-32),1740110794
307076664,Green_Viper,Minimise Oneness,OK,C++17 (GCC 7-32),1740109849
307076238,Green_Viper,A Gift From Orangutan,OK,C++17 (GCC 7-32),1740109326
307075080,anuragkr24,A TRUE Battle,OK,C++17 (GCC 7-32),1740107881
307075000,Y_XT,QED's Favorite Permutation,OK,C++17 (GCC 7-32),1740107804
307074367,Y_XT,QED's Favorite Permutation,WRONG_ANSWER,C++17 (GCC 7-32),1740106924
307072296,anuragkr24,A TRUE Battle,WRONG_ANSWER,C++17 (GCC 7-32),1740104042
307072189,anuragkr24,A TRUE Battle,WRONG_ANSWER,C++17 (GCC 7-32),1740103896
307070576,kokomo,A Gift From Orangutan,OK,"C++23 (GCC 14-64, msys2)",1740101169
307069922,Dewan_Abir_Mahmud,A TRUE Battle,OK,C++20 (GCC 13-64),1740100163
307069494,eysbutno,Orangutan Approved Subarrays,OK,C++20 (GCC 13-64),1740099386
307058951,I_SavyaSachi,A TRUE Battle,OK,C++17 (GCC 7-32),1740084970
307058596,Icannottakethisanymore,A TRUE Battle,WRONG_ANSWER,PyPy 3-64,1740084666
307058469,Icannottakethisanymore,A TRUE Battle,WRONG_ANSWER,PyPy 3-64,1740084563
307057336,real_Parallelism,The Destruction of the Universe (Hard Version),COMPILATION_ERROR,C++17 (GCC 7-32),1740083692
307055098,rahulkundu191,QED's Favorite Permutation,OK,C++17 (GCC 7-32),1740082214
307051212,vNathan,A TRUE Battle,WRONG_ANSWER,PyPy 3-64,1740079816
307050701,num5,The Destruction of the Universe (Hard Version),TIME_LIMIT_EXCEEDED,C++17 (GCC 7-32),1740079530
307050393,vNathan,A TRUE Battle,WRONG_ANSWER,PyPy 3-64,1740079358
307049943,never_use_tpu,The Destruction of the Universe (Hard Version),WRONG_ANSWER,C++17 (GCC 7-32),1740079083
307049653,parthsaini2004,A TRUE Battle,WRONG_ANSWER,C++17 (GCC 7-32),1740078932
307044709,8pm_Nuri,A TRUE Battle,WRONG_ANSWER,C++17 (GCC 7-32),1740076150
307041688,Tarner_exe,A Gift From Orangutan,OK,C++17 (GCC 7-32),1740074701
307040553,2300520100118,A TRUE Battle,OK,C++17 (GCC 7-32),1740074147
307040329,SinghMayank,A TRUE Battle,WRONG_ANSWER,C++17 (GCC 7-32),1740074066
307035838,The-Madara-uchiha,A TRUE Battle,OK,C++20 (GCC 13-64),1740071938
307033378,kkwwaa,A TRUE Battle,OK,C++20 (GCC 13-64),1740070794
307033079,kkwwaa,A TRUE Battle,WRONG_ANSWER,C++20 (GCC 13-64),1740070665
307032949,kkwwaa,A TRUE Battle,WRONG_ANSWER,C++20 (GCC 13-64),1740070604
307031830,kkwwaa,A TRUE Battle,WRONG_ANSWER,C++20 (GCC 13-64),1740070110
307028696,_reaper,A Gift From Orangutan,OK,C++17 (GCC 7-32),1740068768
307028507,_reaper,A Gift From Orangutan,COMPILATION_ERROR,C++17 (GCC 7-32),1740068682
307028402,kkwwaa,A TRUE Battle,WRONG_ANSWER,C++20 (GCC 13-64),1740068638
307026196,Glebyuuka777,A Gift From Orangutan,OK,C++20 (GCC 13-64),1740067632
307020940,vishh_all,QED's Favorite Permutation,OK,C++17 (GCC 7-32),1740065170
307019987,vishh_all,QED's Favorite Permutation,WRONG_ANSWER,C++17 (GCC 7-32),1740064721
307019684,-739397,A TRUE Battle,OK,"C++23 (GCC 14-64, msys2)",1740064598
307007947,LovelyStar,MEXimize the Score,OK,C++20 (GCC 13-64),1740059363
307007632,I_love_Khanh_Dan,MEXimize the Score,OK,C++20 (GCC 13-64),1740059221
307005022,oioiio,QED's Favorite Permutation,OK,C++17 (GCC 7-32),1740058123
307002896,liumingzhuo,MEXimize the Score,OK,"C++23 (GCC 14-64, msys2)",1740057226
307002318,liumingzhuo,MEXimize the Score,WRONG_ANSWER,"C++23 (GCC 14-64, msys2)",1740056934
306999477,rahulkundu191,QED's Favorite Permutation,WRONG_ANSWER,C++17 (GCC 7-32),1740055684
306999311,rahulkundu191,QED's Favorite Permutation,WRONG_ANSWER,C++17 (GCC 7-32),1740055612
306996724,rahulkundu191,QED's Favorite Permutation,WRONG_ANSWER,C++17 (GCC 7-32),1740054393
306996205,halym2008,A Gift From Orangutan,OK,C++17 (GCC 7-32),1740054058
306993155,CodeWarrior_32,A Gift From Orangutan,OK,"C++23 (GCC 14-64, msys2)",1740052641
306989747,jup_slice,A TRUE Battle,OK,C++17 (GCC 7-32),1740050973
306987738,Andrei_Kiselyov,Minimise Oneness,OK,"C++23 (GCC 14-64, msys2)",1740049868
306987703,Andrei_Kiselyov,Minimise Oneness,COMPILATION_ERROR,"C++23 (GCC 14-64, msys2)",1740049840
306986736,jup_slice,A TRUE Battle,WRONG_ANSWER,C++17 (GCC 7-32),1740049436
306984514,Andrei_Kiselyov,A Gift From Orangutan,OK,"C++23 (GCC 14-64, msys2)",1740048357
306980878,ManojkumarPatanik,A Gift From Orangutan,OK,PyPy 3-64,1740046512
306970822,xjh_090509,Orangutan Approved Subarrays,OK,"C++23 (GCC 14-64, msys2)",1740041377
306970146,xjh_090509,Orangutan Approved Subarrays,TIME_LIMIT_EXCEEDED,"C++23 (GCC 14-64, msys2)",1740041026
306970053,xjh_090509,Orangutan Approved Subarrays,MEMORY_LIMIT_EXCEEDED,"C++23 (GCC 14-64, msys2)",1740040975
306969926,xjh_090509,Orangutan Approved Subarrays,TIME_LIMIT_EXCEEDED,"C++23 (GCC 14-64, msys2)",1740040898
306969509,bkifhr6,Orangutan Approved Subarrays,OK,C++17 (GCC 7-32),1740040665
306969348,cyx,Orangutan Approved Subarrays,OK,C++17 (GCC 7-32),1740040576
306967637,xjh_090509,Orangutan Approved Subarrays,WRONG_ANSWER,"C++23 (GCC 14-64, msys2)",1740039610
306967581,xjh_090509,Orangutan Approved Subarrays,WRONG_ANSWER,"C++23 (GCC 14-64, msys2)",1740039579
306966814,xjh_090509,Orangutan Approved Subarrays,WRONG_ANSWER,"C++23 (GCC 14-64, msys2)",1740039121
306966538,xjh_090509,Orangutan Approved Subarrays,WRONG_ANSWER,"C++23 (GCC 14-64, msys2)",1740038963
306965247,xjh_090509,Orangutan Approved Subarrays,WRONG_ANSWER,"C++23 (GCC 14-64, msys2)",1740038206
306961565,xjh_090509,Orangutan Approved Subarrays,WRONG_ANSWER,"C++23 (GCC 14-64, msys2)",1740036054
306961284,xjh_090509,Orangutan Approved Subarrays,WRONG_ANSWER,"C++23 (GCC 14-64, msys2)",1740035903
306958701,Mid9Rain,A TRUE Battle,OK,"C++23 (GCC 14-64, msys2)",1740034446
306958578,Mid9Rain,A TRUE Battle,WRONG_ANSWER,"C++23 (GCC 14-64, msys2)",1740034376
306958246,Mid9Rain,A TRUE Battle,WRONG_ANSWER,"C++23 (GCC 14-64, msys2)",1740034186
306957508,Mid9Rain,A TRUE Battle,WRONG_ANSWER,"C++23 (GCC 14-64, msys2)",1740033776
306955379,awqssl,A TRUE Battle,OK,C++20 (GCC 13-64),1740032416
306954795,cococactus,QED's Favorite Permutation,OK,C++17 (GCC 7-32),1740032045
306954766,pandeyaryann,QED's Favorite Permutation,OK,C++17 (GCC 7-32),1740032022
306954763,Mid9Rain,Minimise Oneness,OK,"C++23 (GCC 14-64, msys2)",1740032021
306954381,Unrestricted_grammar,A Gift From Orangutan,OK,C++17 (GCC 7-32),1740031781
306953897,pandeyaryann,QED's Favorite Permutation,WRONG_ANSWER,C++17 (GCC 7-32),1740031478
306953826,Ifty_283,A TRUE Battle,OK,C++20 (GCC 13-64),1740031434
306953568,cococactus,QED's Favorite Permutation,WRONG_ANSWER,C++17 (GCC 7-32),1740031249
306952406,Mid9Rain,A Gift From Orangutan,OK,"C++23 (GCC 14-64, msys2)",1740030449
306950441,Ifty_283,A TRUE Battle,WRONG_ANSWER,C++20 (GCC 13-64),1740028891
306949867,arstag,QED's Favorite Permutation,OK,C++20 (GCC 13-64),1740028444
306947977,Raising_Heaven,A TRUE Battle,OK,"C++23 (GCC 14-64, msys2)",1740026699
306942568,shy_robot_No8,A TRUE Battle,OK,"C++23 (GCC 14-64, msys2)",1740020568
306942525,shy_robot_No8,A TRUE Battle,WRONG_ANSWER,"C++23 (GCC 14-64, msys2)",1740020496
306937190,shervin18,A Gift From Orangutan,OK,PyPy 3-64,1740012298
306936681,shervin18,A Gift From Orangutan,OK,PyPy 3-64,1740011505
306929400,El-Shamy,A Gift From Orangutan,OK,"C++23 (GCC 14-64, msys2)",1740000818
306929246,El-Shamy,A Gift From Orangutan,WRONG_ANSWER,"C++23 (GCC 14-64, msys2)",1740000676
306923232,big_foot05,A TRUE Battle,OK,C++17 (GCC 7-32),1739995333
306919066,The-Madara-uchiha,A TRUE Battle,WRONG_ANSWER,C++20 (GCC 13-64),1739992836
306918750,The-Madara-uchiha,A TRUE Battle,WRONG_ANSWER,C++20 (GCC 13-64),1739992651
306917215,code_hacker777,A Gift From Orangutan,OK,C++17 (GCC 7-32),1739991721
306917125,shashanksinghyadav,A TRUE Battle,WRONG_ANSWER,C++17 (GCC 7-32),1739991673
306916301,code_hacker777,A TRUE Battle,OK,C++17 (GCC 7-32),1739991183
306915902,shashanksinghyadav,Minimise Oneness,OK,C++17 (GCC 7-32),1739990959
306915165,shashanksinghyadav,A Gift From Orangutan,OK,C++17 (GCC 7-32),1739990573
306914312,code_hacker777,A TRUE Battle,WRONG_ANSWER,C++17 (GCC 7-32),1739990166
306912731,singhanjesh2005,A TRUE Battle,OK,Java 21,1739989370
306912228,ldorado534,A TRUE Battle,WRONG_ANSWER,C++20 (GCC 13-64),1739989131
306912120,aarkin_237,A TRUE Battle,OK,C++17 (GCC 7-32),1739989083
306909300,The-Madara-uchiha,A TRUE Battle,WRONG_ANSWER,C++20 (GCC 13-64),1739987727
306901178,liumingzhuo,MEXimize the Score,WRONG_ANSWER,"C++23 (GCC 14-64, msys2)",1739984219
306899033,code_hacker777,A TRUE Battle,WRONG_ANSWER,C++17 (GCC 7-32),1739983302
306898238,code_hacker777,A TRUE Battle,WRONG_ANSWER,C++17 (GCC 7-32),1739982976
306897582,liumingzhuo,MEXimize the Score,WRONG_ANSWER,"C++23 (GCC 14-64, msys2)",1739982706
306896827,liumingzhuo,MEXimize the Score,WRONG_ANSWER,"C++23 (GCC 14-64, msys2)",1739982383
306896081,liumingzhuo,MEXimize the Score,WRONG_ANSWER,"C++23 (GCC 14-64, msys2)",1739982038
306895612,liumingzhuo,MEXimize the Score,WRONG_ANSWER,"C++23 (GCC 14-64, msys2)",1739981836
306895601,Dalia_Osama_Marei,A TRUE Battle,OK,C++17 (GCC 7-32),1739981831
306895179,liumingzhuo,MEXimize the Score,TIME_LIMIT_EXCEEDED,"C++23 (GCC 14-64, msys2)",1739981643
306895103,Dalia_Osama_Marei,A TRUE Battle,WRONG_ANSWER,C++17 (GCC 7-32),1739981607
306895091,liumingzhuo,MEXimize the Score,MEMORY_LIMIT_EXCEEDED,"C++23 (GCC 14-64, msys2)",1739981604
306891979,tydkz,A TRUE Battle,OK,C++20 (GCC 13-64),1739980168
306891695,tydkz,A TRUE Battle,WRONG_ANSWER,C++20 (GCC 13-64),1739980040
306891447,tydkz,A TRUE Battle,TIME_LIMIT_EXCEEDED,C++20 (GCC 13-64),1739979939
306891177,tydkz,A TRUE Battle,TIME_LIMIT_EXCEEDED,C++20 (GCC 13-64),1739979805
306891060,Code_X-444,A Gift From Orangutan,OK,C++17 (GCC 7-32),1739979741
306890740,KevinKerman,MEXimize the Score,OK,C++17 (GCC 7-32),1739979579
306890656,KevinKerman,MEXimize the Score,WRONG_ANSWER,C++17 (GCC 7-32),1739979539
306889810,Na_Me_Le_Ss,A TRUE Battle,OK,"C++23 (GCC 14-64, msys2)",1739979143
306889123,sadias,A Gift From Orangutan,OK,"C++23 (GCC 14-64, msys2)",1739978811
306886423,Na_Me_Le_Ss,Minimise Oneness,OK,"C++23 (GCC 14-64, msys2)",1739977645
306884890,Na_Me_Le_Ss,A Gift From Orangutan,OK,"C++23 (GCC 14-64, msys2)",1739976890
306884812,hando_Taiya,A TRUE Battle,OK,C++20 (GCC 13-64),1739976852
306884340,KevinKerman,MEXimize the Score,WRONG_ANSWER,C++17 (GCC 7-32),1739976583
306881312,KevinKerman,MEXimize the Score,WRONG_ANSWER,C++17 (GCC 7-32),1739975019
306879044,Sutanu_19,A TRUE Battle,OK,"C++23 (GCC 14-64, msys2)",1739973897
306878917,Sutanu_19,A TRUE Battle,WRONG_ANSWER,"C++23 (GCC 14-64, msys2)",1739973832
306878907,wang.senyuan,QED's Favorite Permutation,OK,Go,1739973827
306878722,Sutanu_19,A TRUE Battle,WRONG_ANSWER,"C++23 (GCC 14-64, msys2)",1739973740
306875796,ksauravjet,QED's Favorite Permutation,OK,C++17 (GCC 7-32),1739972369
306873365,sum_IT_,A TRUE Battle,OK,C++17 (GCC 7-32),1739971196
306872990,Code_hunter16,A Gift From Orangutan,OK,C++17 (GCC 7-32),1739971015
306872961,sum_IT_,A TRUE Battle,WRONG_ANSWER,C++17 (GCC 7-32),1739971003
306869974,Jahnavi_08,Minimise Oneness,WRONG_ANSWER,Python 3,1739969584
306863744,0x3FF,Minimise Oneness,OK,C++17 (GCC 7-32),1739966203
306863408,0x3FF,A Gift From Orangutan,OK,C++17 (GCC 7-32),1739966025
306863030,dord,QED's Favorite Permutation,OK,"C++23 (GCC 14-64, msys2)",1739965806
306862911,lyingOvO,MEXimize the Score,OK,"C++23 (GCC 14-64, msys2)",1739965718
306861170,lyingOvO,MEXimize the Score,WRONG_ANSWER,"C++23 (GCC 14-64, msys2)",1739964677
306860936,lyingOvO,MEXimize the Score,WRONG_ANSWER,"C++23 (GCC 14-64, msys2)",1739964540
306859168,saivikassingamsetty,A Gift From Orangutan,OK,Node.js,1739963560
306857216,ayush_dixit_iit_bhu,A Gift From Orangutan,OK,Java 21,1739962479
306857073,saivikassingamsetty,Minimise Oneness,OK,Node.js,1739962411
306855756,__VOLCANO__,A TRUE Battle,OK,"C++23 (GCC 14-64, msys2)",1739961723
306855527,ayush_dixit_iit_bhu,A Gift From Orangutan,WRONG_ANSWER,Java 21,1739961607
306855033,KevinKerman,QED's Favorite Permutation,OK,C++17 (GCC 7-32),1739961351
306853932,__VOLCANO__,A TRUE Battle,WRONG_ANSWER,"C++23 (GCC 14-64, msys2)",1739960792
306853534,__VOLCANO__,A TRUE Battle,WRONG_ANSWER,"C++23 (GCC 14-64, msys2)",1739960570
306853315,__VOLCANO__,A TRUE Battle,WRONG_ANSWER,"C++23 (GCC 14-64, msys2)",1739960455
306851623,KevinKerman,A TRUE Battle,OK,C++17 (GCC 7-32),1739959541
306849233,AGcodes,A TRUE Battle,OK,C++20 (GCC 13-64),1739958306
306848981,deudoena,A TRUE Battle,OK,C++20 (GCC 13-64),1739958170
306848287,__VOLCANO__,Minimise Oneness,OK,"C++23 (GCC 14-64, msys2)",1739957760
306847838,__VOLCANO__,Minimise Oneness,WRONG_ANSWER,"C++23 (GCC 14-64, msys2)",1739957498
306847690,__VOLCANO__,Minimise Oneness,WRONG_ANSWER,"C++23 (GCC 14-64, msys2)",1739957414
306846573,__VOLCANO__,Minimise Oneness,WRONG_ANSWER,"C++23 (GCC 14-64, msys2)",1739956819
306845859,__VOLCANO__,A Gift From Orangutan,OK,"C++23 (GCC 14-64, msys2)",1739956493
306844619,Jahnavi_08,A Gift From Orangutan,WRONG_ANSWER,Python 3,1739955872
306843760,bkifhr7,A TRUE Battle,WRONG_ANSWER,C++20 (GCC 13-64),1739955466
306841812,ShahariarIslan,A TRUE Battle,WRONG_ANSWER,C++20 (GCC 13-64),1739954484
306841467,bkifhr9,A TRUE Battle,WRONG_ANSWER,C++20 (GCC 13-64),1739954291
306841102,ShahariarIslan,A TRUE Battle,WRONG_ANSWER,C++20 (GCC 13-64),1739954071
306837626,liumingzhuo,QED's Favorite Permutation,OK,"C++23 (GCC 14-64, msys2)",1739952154
306834490,piaoyun,Orangutan Approved Subarrays,OK,C++20 (GCC 13-64),1739950351
306832368,liumingzhuo,A TRUE Battle,OK,"C++23 (GCC 14-64, msys2)",1739949154
306831202,liumingzhuo,Minimise Oneness,OK,"C++23 (GCC 14-64, msys2)",1739948529
306830534,liumingzhuo,A Gift From Orangutan,OK,"C++23 (GCC 14-64, msys2)",1739948158
306829585,bulbasour,Minimise Oneness,OK,"C++23 (GCC 14-64, msys2)",1739947632
306829108,bulbasour,A Gift From Orangutan,OK,"C++23 (GCC 14-64, msys2)",1739947379
306823571,Viraj_Patil_092,A TRUE Battle,OK,"C++23 (GCC 14-64, msys2)",1739944147
306823550,onkar_somanic,A TRUE Battle,OK,C++20 (GCC 13-64),1739944134
306822925,Viraj_Patil_092,A TRUE Battle,WRONG_ANSWER,"C++23 (GCC 14-64, msys2)",1739943702
306822581,imraquibe,A TRUE Battle,OK,"C++23 (GCC 14-64, msys2)",1739943405
306822218,ShahariarIslan,A TRUE Battle,WRONG_ANSWER,"C++23 (GCC 14-64, msys2)",1739943150
306822182,Viraj_Patil_092,A TRUE Battle,WRONG_ANSWER,"C++23 (GCC 14-64, msys2)",1739943114
306822049,mangos194,QED's Favorite Permutation,OK,Java 21,1739943026
306820834,mangos194,QED's Favorite Permutation,WRONG_ANSWER,Java 21,1739942009
306820550,luuphucving,A TRUE Battle,OK,C++17 (GCC 7-32),1739941792
306820528,ziyad_alharbi09,A TRUE Battle,OK,C++17 (GCC 7-32),1739941778
306815607,lady__hunter,QED's Favorite Permutation,OK,C++20 (GCC 13-64),1739937376
306804030,dem9716,A TRUE Battle,OK,PyPy 3,1739922372
306803977,Kate_Leonova2,Orangutan Approved Subarrays,COMPILATION_ERROR,"C++23 (GCC 14-64, msys2)",1739922277
306803949,Kate_Leonova2,Orangutan Approved Subarrays,WRONG_ANSWER,"C++23 (GCC 14-64, msys2)",1739922239
306803929,Kate_Leonova2,Orangutan Approved Subarrays,RUNTIME_ERROR,"C++23 (GCC 14-64, msys2)",1739922210
306803907,Kate_Leonova2,Orangutan Approved Subarrays,WRONG_ANSWER,"C++23 (GCC 14-64, msys2)",1739922174
306803888,Kate_Leonova2,Orangutan Approved Subarrays,WRONG_ANSWER,"C++23 (GCC 14-64, msys2)",1739922137
306803870,Kate_Leonova2,Orangutan Approved Subarrays,COMPILATION_ERROR,"C++23 (GCC 14-64, msys2)",1739922106
306803853,Kate_Leonova2,Orangutan Approved Subarrays,COMPILATION_ERROR,"C++23 (GCC 14-64, msys2)",1739922074
306803813,Kate_Leonova2,Orangutan Approved Subarrays,WRONG_ANSWER,"C++23 (GCC 14-64, msys2)",1739922023
306803768,Kate_Leonova2,The Destruction of the Universe (Hard Version),WRONG_ANSWER,"C++23 (GCC 14-64, msys2)",1739921966
306803744,Kate_Leonova2,The Destruction of the Universe (Hard Version),COMPILATION_ERROR,"C++23 (GCC 14-64, msys2)",1739921931
306803728,Kate_Leonova2,The Destruction of the Universe (Hard Version),WRONG_ANSWER,"C++23 (GCC 14-64, msys2)",1739921898
306803703,Kate_Leonova2,The Destruction of the Universe (Hard Version),WRONG_ANSWER,"C++23 (GCC 14-64, msys2)",1739921864
306803673,Kate_Leonova2,The Destruction of the Universe (Hard Version),WRONG_ANSWER,"C++23 (GCC 14-64, msys2)",1739921812
306803649,Kate_Leonova2,The Destruction of the Universe (Hard Version),WRONG_ANSWER,"C++23 (GCC 14-64, msys2)",1739921778
306803623,Kate_Leonova2,A Gift From Orangutan,OK,"C++23 (GCC 14-64, msys2)",1739921735
306803591,Kate_Leonova2,The Destruction of the Universe (Easy Version),WRONG_ANSWER,"C++23 (GCC 14-64, msys2)",1739921680
306803557,Kate_Leonova2,The Destruction of the Universe (Easy Version),WRONG_ANSWER,"C++23 (GCC 14-64, msys2)",1739921596
306803530,Kate_Leonova2,The Destruction of the Universe (Easy Version),WRONG_ANSWER,"C++23 (GCC 14-64, msys2)",1739921558
306803507,Kate_Leonova2,The Destruction of the Universe (Easy Version),MEMORY_LIMIT_EXCEEDED,"C++23 (GCC 14-64, msys2)",1739921521
306803490,Kate_Leonova2,The Destruction of the Universe (Easy Version),WRONG_ANSWER,"C++23 (GCC 14-64, msys2)",1739921493
306803467,Kate_Leonova2,QED's Favorite Permutation,WRONG_ANSWER,"C++23 (GCC 14-64, msys2)",1739921454
306803447,Kate_Leonova2,QED's Favorite Permutation,WRONG_ANSWER,"C++23 (GCC 14-64, msys2)",1739921420
306803435,Kate_Leonova2,QED's Favorite Permutation,WRONG_ANSWER,"C++23 (GCC 14-64, msys2)",1739921384
306803415,Kate_Leonova2,QED's Favorite Permutation,WRONG_ANSWER,"C++23 (GCC 14-64, msys2)",1739921348
306803406,Kate_Leonova2,QED's Favorite Permutation,WRONG_ANSWER,"C++23 (GCC 14-64, msys2)",1739921317
306803390,Kate_Leonova2,QED's Favorite Permutation,WRONG_ANSWER,"C++23 (GCC 14-64, msys2)",1739921283
306803357,Kate_Leonova2,QED's Favorite Permutation,WRONG_ANSWER,"C++23 (GCC 14-64, msys2)",1739921247
306803333,Kate_Leonova2,QED's Favorite Permutation,WRONG_ANSWER,"C++23 (GCC 14-64, msys2)",1739921207
306803307,Kate_Leonova2,Minimise Oneness,OK,"C++23 (GCC 14-64, msys2)",1739921165
306803283,Kate_Leonova2,MEXimize the Score,WRONG_ANSWER,"C++23 (GCC 14-64, msys2)",1739921123
306803264,Kate_Leonova2,MEXimize the Score,COMPILATION_ERROR,"C++23 (GCC 14-64, msys2)",1739921091
306803240,Kate_Leonova2,MEXimize the Score,WRONG_ANSWER,"C++23 (GCC 14-64, msys2)",1739921049
306803226,Kate_Leonova2,MEXimize the Score,TIME_LIMIT_EXCEEDED,"C++23 (GCC 14-64, msys2)",1739921016
306803203,Kate_Leonova2,MEXimize the Score,WRONG_ANSWER,"C++23 (GCC 14-64, msys2)",1739920980
306803171,Kate_Leonova2,MEXimize the Score,WRONG_ANSWER,"C++23 (GCC 14-64, msys2)",1739920942
306803153,Kate_Leonova2,MEXimize the Score,WRONG_ANSWER,"C++23 (GCC 14-64, msys2)",1739920906
306803124,Kate_Leonova2,MEXimize the Score,WRONG_ANSWER,"C++23 (GCC 14-64, msys2)",1739920866
306803104,Kate_Leonova2,A TRUE Battle,WRONG_ANSWER,"C++23 (GCC 14-64, msys2)",1739920833
306803079,Kate_Leonova2,A TRUE Battle,WRONG_ANSWER,"C++23 (GCC 14-64, msys2)",1739920804
306803053,Kate_Leonova2,A TRUE Battle,WRONG_ANSWER,"C++23 (GCC 14-64, msys2)",1739920750
306803033,Kate_Leonova2,A TRUE Battle,WRONG_ANSWER,"C++23 (GCC 14-64, msys2)",1739920721
306803015,Kate_Leonova2,A TRUE Battle,WRONG_ANSWER,"C++23 (GCC 14-64, msys2)",1739920690
306802988,Kate_Leonova2,A TRUE Battle,WRONG_ANSWER,"C++23 (GCC 14-64, msys2)",1739920653
306802967,Kate_Leonova2,A TRUE Battle,WRONG_ANSWER,"C++23 (GCC 14-64, msys2)",1739920620
306802942,Kate_Leonova2,A TRUE Battle,WRONG_ANSWER,"C++23 (GCC 14-64, msys2)",1739920584
306801773,Sam3,A TRUE Battle,OK,C++17 (GCC 7-32),1739918891
306801352,Sam3,A TRUE Battle,WRONG_ANSWER,C++17 (GCC 7-32),1739918334
306798255,ashok4,QED's Favorite Permutation,OK,C++17 (GCC 7-32),1739915080
306790775,zlen07,Minimise Oneness,OK,C++17 (GCC 7-32),1739909637
306790645,umairanwar,A TRUE Battle,WRONG_ANSWER,C++17 (GCC 7-32),1739909554
306790124,HiddenEye,QED's Favorite Permutation,OK,"C++23 (GCC 14-64, msys2)",1739909199
306787507,shervin18,A Gift From Orangutan,OK,PyPy 3-64,1739907572
306785446,Parth1510,A TRUE Battle,OK,C++17 (GCC 7-32),1739906398
306785127,Parth1510,A TRUE Battle,WRONG_ANSWER,C++17 (GCC 7-32),1739906235
306783504,shervin18,A Gift From Orangutan,OK,PyPy 3-64,1739905350
306766466,Amin5555,QED's Favorite Permutation,OK,"C++23 (GCC 14-64, msys2)",1739898114
306766137,Amin5555,QED's Favorite Permutation,COMPILATION_ERROR,"C++23 (GCC 14-64, msys2)",1739898002
306761395,DanilCh,A TRUE Battle,OK,C++20 (GCC 13-64),1739896610
306761300,em4ma2,A TRUE Battle,WRONG_ANSWER,C++20 (GCC 13-64),1739896543
306756178,1006_Brishti,A Gift From Orangutan,OK,C++17 (GCC 7-32),1739896033
306737343,tripathianiket_05,A TRUE Battle,OK,"C++23 (GCC 14-64, msys2)",1739893955
306730880,KevinKerman,Minimise Oneness,OK,C++17 (GCC 7-32),1739893299
306710473,KevinKerman,A Gift From Orangutan,OK,C++17 (GCC 7-32),1739891470
306703884,Arindom_Niloy,A TRUE Battle,OK,C++20 (GCC 13-64),1739890961
306674873,ETO-leaders,A TRUE Battle,OK,"C++23 (GCC 14-64, msys2)",1739887947
306674800,Has2008,A TRUE Battle,OK,"C++23 (GCC 14-64, msys2)",1739887918
306674601,Has2008,A TRUE Battle,WRONG_ANSWER,"C++23 (GCC 14-64, msys2)",1739887848
306674516,taras_2_2,Minimise Oneness,OK,PyPy 3-64,1739887816
306674325,Has2008,A TRUE Battle,WRONG_ANSWER,"C++23 (GCC 14-64, msys2)",1739887742
306673987,shivacharani16,A TRUE Battle,WRONG_ANSWER,"C++23 (GCC 14-64, msys2)",1739887597
306673777,lyingOvO,MEXimize the Score,WRONG_ANSWER,"C++23 (GCC 14-64, msys2)",1739887500
306672682,kenpegrasia,A TRUE Battle,OK,"C++23 (GCC 14-64, msys2)",1739886998
306672610,Guymmk,A TRUE Battle,OK,C++17 (GCC 7-32),1739886963
306672369,Guymmk,A TRUE Battle,WRONG_ANSWER,C++17 (GCC 7-32),1739886857
306672070,Guymmk,A TRUE Battle,WRONG_ANSWER,C++17 (GCC 7-32),1739886730
306671983,halym2008,A TRUE Battle,WRONG_ANSWER,"C++23 (GCC 14-64, msys2)",1739886693
306669681,janlitwim,A TRUE Battle,OK,"C++23 (GCC 14-64, msys2)",1739885659
306669631,Ali.m.yousef,A TRUE Battle,OK,"C++23 (GCC 14-64, msys2)",1739885638
306669334,Ali.m.yousef,A TRUE Battle,WRONG_ANSWER,"C++23 (GCC 14-64, msys2)",1739885516
306669236,Sadman_Ishtiaks,A TRUE Battle,WRONG_ANSWER,"C++23 (GCC 14-64, msys2)",1739885479
306668233,rahul_patil_30,A TRUE Battle,WRONG_ANSWER,C++17 (GCC 7-32),1739885070
306666126,Ajudiya_kashyaps,A TRUE Battle,OK,"C++23 (GCC 14-64, msys2)",1739884187
306661366,Wangsss,Minimise Oneness,OK,C++20 (GCC 13-64),1739882121
306661014,RRRRRRRRRRRRRR,Minimise Oneness,OK,"C++23 (GCC 14-64, msys2)",1739881955
306660991,Wangsss,A Gift From Orangutan,OK,C++20 (GCC 13-64),1739881944
306660439,Wangsss,Minimise Oneness,WRONG_ANSWER,C++20 (GCC 13-64),1739881680
306659149,RRRRRRRRRRRRRR,A Gift From Orangutan,OK,"C++23 (GCC 14-64, msys2)",1739881102
306659097,RRRRRRRRRRRRRR,A Gift From Orangutan,WRONG_ANSWER,"C++23 (GCC 14-64, msys2)",1739881074
306657685,ruo_zhi_er_tong,A TRUE Battle,OK,C++20 (GCC 13-64),1739880434
306655818,ruo_zhi_er_tong,A TRUE Battle,WRONG_ANSWER,C++20 (GCC 13-64),1739879548
306655687,ruo_zhi_er_tong,A TRUE Battle,WRONG_ANSWER,C++20 (GCC 13-64),1739879479
306654945,4rn4vg,QED's Favorite Permutation,WRONG_ANSWER,C++20 (GCC 13-64),1739879125
306653325,lokesh_s_2k6,A TRUE Battle,OK,C++17 (GCC 7-32),1739878269
306653241,SJCHSKY,A TRUE Battle,OK,"C++23 (GCC 14-64, msys2)",1739878223
306651117,bkifhr7,A TRUE Battle,OK,"C++23 (GCC 14-64, msys2)",1739877165
306651070,HishamAlshehri1,A TRUE Battle,OK,"C++23 (GCC 14-64, msys2)",1739877144
306649017,HishamAlshehri1,A TRUE Battle,WRONG_ANSWER,"C++23 (GCC 14-64, msys2)",1739876104
306648748,oleg121,A TRUE Battle,OK,"C++23 (GCC 14-64, msys2)",1739875984
306648622,HishamAlshehri1,A TRUE Battle,WRONG_ANSWER,"C++23 (GCC 14-64, msys2)",1739875926
306648284,SJCHSKY,A TRUE Battle,WRONG_ANSWER,"C++23 (GCC 14-64, msys2)",1739875748
306646220,luuphucving,A TRUE Battle,OK,"C++23 (GCC 14-64, msys2)",1739874560
306646166,kasdo,A TRUE Battle,OK,"C++23 (GCC 14-64, msys2)",1739874536
306646027,kasdo,A TRUE Battle,WRONG_ANSWER,"C++23 (GCC 14-64, msys2)",1739874449
306645413,ian_HLX,The Destruction of the Universe (Hard Version),OK,C++20 (GCC 13-64),1739874096
306645308,ian_HLX,The Destruction of the Universe (Hard Version),WRONG_ANSWER,C++20 (GCC 13-64),1739874042
306644547,ian_HLX,The Destruction of the Universe (Hard Version),WRONG_ANSWER,C++20 (GCC 13-64),1739873623
306644323,ian_HLX,The Destruction of the Universe (Hard Version),WRONG_ANSWER,C++20 (GCC 13-64),1739873503
306642280,Shuvashish.sarker,A Gift From Orangutan,OK,C++17 (GCC 7-32),1739872309
306641222,BLACKCOFFEE-420,QED's Favorite Permutation,OK,C++20 (GCC 13-64),1739871695
306640870,oleg121,Minimise Oneness,OK,"C++23 (GCC 14-64, msys2)",1739871483
306638520,DarkestBlader,MEXimize the Score,OK,C++20 (GCC 13-64),1739870060
306637208,iss_,Minimise Oneness,OK,C++17 (GCC 7-32),1739869305
306636807,oleg121,A Gift From Orangutan,OK,"C++23 (GCC 14-64, msys2)",1739869101
306635714,AbrorjonNamPm,QED's Favorite Permutation,OK,"C++23 (GCC 14-64, msys2)",1739868555
306634841,ETO-leaders,A TRUE Battle,WRONG_ANSWER,C++20 (GCC 13-64),1739868101
306634553,kasdo,A TRUE Battle,WRONG_ANSWER,"C++23 (GCC 14-64, msys2)",1739867958
306632670,Viper2454,Minimise Oneness,WRONG_ANSWER,C++17 (GCC 7-32),1739866851
306632563,Viper2454,Minimise Oneness,OK,C++17 (GCC 7-32),1739866782
306631784,deudoena,A TRUE Battle,OK,"C++23 (GCC 14-64, msys2)",1739866341
306631755,m5588ohammed,A TRUE Battle,OK,C++20 (GCC 13-64),1739866325
306628677,Enthusiast_Ad,A TRUE Battle,OK,C++20 (GCC 13-64),1739864589
306626500,ian_HLX,The Destruction of the Universe (Easy Version),OK,C++20 (GCC 13-64),1739863253
306626259,Enthusiast_Ad,A TRUE Battle,OK,C++20 (GCC 13-64),1739863098
306624493,Kholid,A TRUE Battle,OK,"C++23 (GCC 14-64, msys2)",1739862112
306622504,Enthusiast_Ad,A TRUE Battle,WRONG_ANSWER,C++20 (GCC 13-64),1739861029
306620830,keshavbhalotia149,A TRUE Battle,COMPILATION_ERROR,C++17 (GCC 7-32),1739860046
306617575,venus2006,Minimise Oneness,OK,Java 21,1739858150
306616147,Sagittarius_Astar,A TRUE Battle,OK,C++17 (GCC 7-32),1739857263
306616120,Laniakea_27,A TRUE Battle,OK,C++17 (GCC 7-32),1739857239
306615363,ian_HLX,The Destruction of the Universe (Easy Version),WRONG_ANSWER,C++20 (GCC 13-64),1739856661
306613844,Laniakea_27,A TRUE Battle,WRONG_ANSWER,C++17 (GCC 7-32),1739855434
306612018,aman_bhargav7665,A TRUE Battle,OK,"C++23 (GCC 14-64, msys2)",1739853585
306610812,aman_bhargav7665,A TRUE Battle,WRONG_ANSWER,"C++23 (GCC 14-64, msys2)",1739852384
306609766,HUYHDUVE,QED's Favorite Permutation,OK,C++17 (GCC 7-32),1739851416
306606946,ruo_zhi_er_tong,A TRUE Battle,WRONG_ANSWER,C++20 (GCC 13-64),1739848207
306606248,ruo_zhi_er_tong,A TRUE Battle,WRONG_ANSWER,C++20 (GCC 13-64),1739847385
306605047,kokomo,Minimise Oneness,OK,"C++23 (GCC 14-64, msys2)",1739845935
306604954,kokomo,Minimise Oneness,WRONG_ANSWER,"C++23 (GCC 14-64, msys2)",1739845825
306604952,pengpeng_fudan,The Destruction of the Universe (Easy Version),OK,"C++23 (GCC 14-64, msys2)",1739845820
306604911,pengpeng_fudan,The Destruction of the Universe (Hard Version),OK,"C++23 (GCC 14-64, msys2)",1739845764
306588687,mostafa_abdalshafy1,A TRUE Battle,OK,C++17 (GCC 7-32),1739824059
306587535,mostafa_abdalshafy1,A TRUE Battle,WRONG_ANSWER,C++17 (GCC 7-32),1739823237
306581732,fbhklasfdcs,Orangutan Approved Subarrays,OK,C++17 (GCC 7-32),1739819529
306574778,Taimur_sakib,A Gift From Orangutan,OK,C++17 (GCC 7-32),1739815992
306574201,akshatsingh23072004,A Gift From Orangutan,OK,C++20 (GCC 13-64),1739815747
306573154,Sfarshi,A Gift From Orangutan,OK,C++17 (GCC 7-32),1739815285
306572070,maestroDaVinci,A TRUE Battle,OK,"C++23 (GCC 14-64, msys2)",1739814815
306571663,Sfarshi,A Gift From Orangutan,WRONG_ANSWER,C++17 (GCC 7-32),1739814633
306568704,maestroDaVinci,A TRUE Battle,WRONG_ANSWER,"C++23 (GCC 14-64, msys2)",1739813267
306566057,Chanakya_01,QED's Favorite Permutation,OK,C++20 (GCC 13-64),1739812132
306565805,Chanakya_01,QED's Favorite Permutation,WRONG_ANSWER,C++20 (GCC 13-64),1739812025
306564618,ywb_x,QED's Favorite Permutation,OK,"C++23 (GCC 14-64, msys2)",1739811551
306563662,ywb_x,QED's Favorite Permutation,TIME_LIMIT_EXCEEDED,"C++23 (GCC 14-64, msys2)",1739811158
306563552,ywb_x,QED's Favorite Permutation,WRONG_ANSWER,"C++23 (GCC 14-64, msys2)",1739811122
306561755,ywb_x,A TRUE Battle,OK,"C++23 (GCC 14-64, msys2)",1739810384
306561165,ywb_x,QED's Favorite Permutation,WRONG_ANSWER,"C++23 (GCC 14-64, msys2)",1739810130
306558457,ywb_x,A TRUE Battle,WRONG_ANSWER,"C++23 (GCC 14-64, msys2)",1739808693
306556169,ywb_x,A TRUE Battle,WRONG_ANSWER,"C++23 (GCC 14-64, msys2)",1739807476
306554824,ywb_x,Minimise Oneness,OK,"C++23 (GCC 14-64, msys2)",1739806874
306553960,ywb_x,A Gift From Orangutan,OK,"C++23 (GCC 14-64, msys2)",1739806549
306553549,akshatsingh23072004,Minimise Oneness,OK,C++20 (GCC 13-64),1739806368
306548533,iss_,A TRUE Battle,OK,C++20 (GCC 13-64),1739804245
306546666,iss_,A TRUE Battle,WRONG_ANSWER,C++20 (GCC 13-64),1739803481
306544669,iss_,Minimise Oneness,OK,C++17 (GCC 7-32),1739802668
306543492,iss_,A Gift From Orangutan,OK,C++20 (GCC 13-64),1739802191
306540390,betvoi,Orangutan Approved Subarrays,OK,"C++23 (GCC 14-64, msys2)",1739800977
306539054,maestroDaVinci,A TRUE Battle,WRONG_ANSWER,"C++23 (GCC 14-64, msys2)",1739800452
306531613,TeletubiGaim33,QED's Favorite Permutation,OK,"C++23 (GCC 14-64, msys2)",1739797555
306530988,TeletubiGaim33,QED's Favorite Permutation,WRONG_ANSWER,"C++23 (GCC 14-64, msys2)",1739797313
306527066,pengpeng_fudan,Orangutan Approved Subarrays,OK,"C++23 (GCC 14-64, msys2)",1739795609
306522489,pengpeng_fudan,MEXimize the Score,OK,"C++23 (GCC 14-64, msys2)",1739793380
306522308,pengpeng_fudan,MEXimize the Score,WRONG_ANSWER,"C++23 (GCC 14-64, msys2)",1739793274
306522237,pengpeng_fudan,MEXimize the Score,WRONG_ANSWER,"C++23 (GCC 14-64, msys2)",1739793231
306519830,OsamaNassar,QED's Favorite Permutation,OK,"C++23 (GCC 14-64, msys2)",1739791986
306519829,HK_27,A TRUE Battle,WRONG_ANSWER,"C++23 (GCC 14-64, msys2)",1739791986
306519582,OsamaNassar,QED's Favorite Permutation,WRONG_ANSWER,"C++23 (GCC 14-64, msys2)",1739791862
306519313,OsamaNassar,QED's Favorite Permutation,WRONG_ANSWER,"C++23 (GCC 14-64, msys2)",1739791725
306519079,seifeldinhamdy,QED's Favorite Permutation,WRONG_ANSWER,"C++23 (GCC 14-64, msys2)",1739791613
306518599,seifeldinhamdy,QED's Favorite Permutation,WRONG_ANSWER,"C++23 (GCC 14-64, msys2)",1739791386
306517381,OsamaNassar,QED's Favorite Permutation,WRONG_ANSWER,"C++23 (GCC 14-64, msys2)",1739790790
306516449,seifeldinhamdy,QED's Favorite Permutation,WRONG_ANSWER,"C++23 (GCC 14-64, msys2)",1739790371
306516376,OsamaNassar,QED's Favorite Permutation,WRONG_ANSWER,"C++23 (GCC 14-64, msys2)",1739790334
306516048,pengpeng_fudan,QED's Favorite Permutation,OK,"C++23 (GCC 14-64, msys2)",1739790154
306515552,OsamaNassar,QED's Favorite Permutation,WRONG_ANSWER,"C++23 (GCC 14-64, msys2)",1739789892
306515512,anishdesai,Minimise Oneness,WRONG_ANSWER,C++20 (GCC 13-64),1739789865
306514996,pengpeng_fudan,A TRUE Battle,OK,"C++23 (GCC 14-64, msys2)",1739789588
306514848,OsamaNassar,QED's Favorite Permutation,WRONG_ANSWER,"C++23 (GCC 14-64, msys2)",1739789492
306514709,VARKALA_THOMA,Minimise Oneness,OK,PyPy 3-64,1739789400
306514401,OsamaNassar,QED's Favorite Permutation,WRONG_ANSWER,"C++23 (GCC 14-64, msys2)",1739789200
306514337,pengpeng_fudan,Minimise Oneness,OK,"C++23 (GCC 14-64, msys2)",1739789161
306513955,pengpeng_fudan,Minimise Oneness,WRONG_ANSWER,"C++23 (GCC 14-64, msys2)",1739788944
306513660,pengpeng_fudan,A Gift From Orangutan,OK,"C++23 (GCC 14-64, msys2)",1739788769
306513622,rheetiksharma603,A TRUE Battle,OK,Java 21,1739788748
306513198,OsamaNassar,QED's Favorite Permutation,RUNTIME_ERROR,"C++23 (GCC 14-64, msys2)",1739788503
306512487,OsamaNassar,QED's Favorite Permutation,RUNTIME_ERROR,"C++23 (GCC 14-64, msys2)",1739788091
306512215,inifnite_307,QED's Favorite Permutation,OK,C++20 (GCC 13-64),1739787928
306512134,nivid_8,QED's Favorite Permutation,WRONG_ANSWER,"C++23 (GCC 14-64, msys2)",1739787884
306511762,VARKALA_THOMA,A Gift From Orangutan,OK,PyPy 3-64,1739787675
306511284,nivid_8,QED's Favorite Permutation,OK,"C++23 (GCC 14-64, msys2)",1739787396
306511270,Dominator069,QED's Favorite Permutation,OK,C++20 (GCC 13-64),1739787384
306510694,OsamaNassar,QED's Favorite Permutation,WRONG_ANSWER,"C++23 (GCC 14-64, msys2)",1739787076
306507071,OsamaNassar,A TRUE Battle,OK,"C++23 (GCC 14-64, msys2)",1739785038
306506109,OsamaNassar,Minimise Oneness,OK,"C++23 (GCC 14-64, msys2)",1739784501
306505813,OsamaNassar,Minimise Oneness,WRONG_ANSWER,"C++23 (GCC 14-64, msys2)",1739784336
306505478,OsamaNassar,A Gift From Orangutan,OK,"C++23 (GCC 14-64, msys2)",1739784157
306505131,shazz.3,A Gift From Orangutan,OK,C++17 (GCC 7-32),1739783984
306504860,srujan_bunny,Orangutan Approved Subarrays,OK,"C++23 (GCC 14-64, msys2)",1739783831
306504738,srujan_bunny,Orangutan Approved Subarrays,RUNTIME_ERROR,Java 21,1739783765
306504611,srujan_bunny,Orangutan Approved Subarrays,RUNTIME_ERROR,Java 21,1739783693
306504528,srujan_bunny,Orangutan Approved Subarrays,COMPILATION_ERROR,Java 21,1739783633
306503543,Harchit,Orangutan Approved Subarrays,WRONG_ANSWER,Python 3,1739783101
306495818,Goldan_Respy,A TRUE Battle,OK,C++20 (GCC 13-64),1739778609
306495460,ate.codes,Orangutan Approved Subarrays,OK,C++20 (GCC 13-64),1739778370
306495412,liuenci,Orangutan Approved Subarrays,OK,"C++23 (GCC 14-64, msys2)",1739778345
306495341,liuenci,Orangutan Approved Subarrays,TIME_LIMIT_EXCEEDED,"C++23 (GCC 14-64, msys2)",1739778300
306495146,liuenci,Orangutan Approved Subarrays,TIME_LIMIT_EXCEEDED,"C++23 (GCC 14-64, msys2)",1739778177
306494991,DanilCh,A TRUE Battle,WRONG_ANSWER,C++20 (GCC 13-64),1739778074
306494219,lalith_5700,A Gift From Orangutan,OK,C++17 (GCC 7-32),1739777597
306493884,lalith_5700,A Gift From Orangutan,WRONG_ANSWER,C++17 (GCC 7-32),1739777394
306492913,Hasibur_Rahmen,Minimise Oneness,OK,C++20 (GCC 13-64),1739776809
306492412,LHaoooo,Minimise Oneness,WRONG_ANSWER,C++20 (GCC 13-64),1739776517
306491638,dineshreddy25,A Gift From Orangutan,OK,C++20 (GCC 13-64),1739776046
306484818,Ahmed_Ahmed1379,Minimise Oneness,OK,C# 10,1739771814
306484379,Ahmed_Ahmed1379,Minimise Oneness,WRONG_ANSWER,C# 10,1739771486
306477001,hxano,MEXimize the Score,OK,C++17 (GCC 7-32),1739765425
306472989,hxano,QED's Favorite Permutation,OK,C++17 (GCC 7-32),1739761302
306472742,Son_Of_Geb,A TRUE Battle,OK,C++20 (GCC 13-64),1739761057
306472717,Apedemak,A TRUE Battle,OK,C++20 (GCC 13-64),1739761028
306472450,po_rag526,Orangutan Approved Subarrays,OK,C++20 (GCC 13-64),1739760730
306472420,zjbtyy,Orangutan Approved Subarrays,OK,"C++23 (GCC 14-64, msys2)",1739760696
306472307,zjbtyy,Orangutan Approved Subarrays,WRONG_ANSWER,"C++23 (GCC 14-64, msys2)",1739760581
306472090,Son_Of_Geb,A TRUE Battle,WRONG_ANSWER,C++20 (GCC 13-64),1739760361
306472057,Son_Of_Geb,A TRUE Battle,WRONG_ANSWER,C++20 (GCC 13-64),1739760324
306471993,Son_Of_Geb,A TRUE Battle,WRONG_ANSWER,C++20 (GCC 13-64),1739760248
306471853,hxano,A TRUE Battle,OK,C++17 (GCC 7-32),1739760075
306471627,hxano,A TRUE Battle,WRONG_ANSWER,C++17 (GCC 7-32),1739759809
306471226,hxano,Minimise Oneness,OK,C++17 (GCC 7-32),1739759322
306471170,Son_Of_Geb,Minimise Oneness,OK,C++20 (GCC 13-64),1739759243
306471128,Son_Of_Geb,Minimise Oneness,WRONG_ANSWER,C++20 (GCC 13-64),1739759192
306471046,hxano,A Gift From Orangutan,OK,C++17 (GCC 7-32),1739759098
306470733,Son_Of_Geb,A Gift From Orangutan,OK,C++20 (GCC 13-64),1739758725
306463982,nadahamdy13,A Gift From Orangutan,OK,C++20 (GCC 13-64),1739747339
306460277,Eyad_2005113,A Gift From Orangutan,OK,"C++23 (GCC 14-64, msys2)",1739742316
306457906,Calypsoo,QED's Favorite Permutation,OK,"C++23 (GCC 14-64, msys2)",1739739965
306457607,Calypsoo,A TRUE Battle,RUNTIME_ERROR,"C++23 (GCC 14-64, msys2)",1739739692
306454789,Sfarshi,Minimise Oneness,OK,C++17 (GCC 7-32),1739737456
306454364,Sfarshi,Minimise Oneness,WRONG_ANSWER,C++17 (GCC 7-32),1739737155
306452942,Calypsoo,A TRUE Battle,OK,"C++23 (GCC 14-64, msys2)",1739736093
306452205,Calypsoo,Minimise Oneness,OK,"C++23 (GCC 14-64, msys2)",1739735560
306451530,Calypsoo,A Gift From Orangutan,OK,"C++23 (GCC 14-64, msys2)",1739735116
306448382,Radsteel,A TRUE Battle,OK,"C++23 (GCC 14-64, msys2)",1739733082
306448314,Radsteel,A TRUE Battle,COMPILATION_ERROR,"C++23 (GCC 14-64, msys2)",1739733047
306447777,Radsteel,Minimise Oneness,OK,"C++23 (GCC 14-64, msys2)",1739732717
306446366,omega,QED's Favorite Permutation,OK,C++17 (GCC 7-32),1739731952
306445854,xerlixx,A TRUE Battle,WRONG_ANSWER,C++17 (GCC 7-32),1739731678
306445209,xerlixx,A TRUE Battle,WRONG_ANSWER,C++17 (GCC 7-32),1739731328
306444509,prem_d_xd,A Gift From Orangutan,OK,Python 3,1739730952
306443979,xerlixx,Minimise Oneness,OK,C++17 (GCC 7-32),1739730680
306442296,xerlixx,Minimise Oneness,WRONG_ANSWER,C++17 (GCC 7-32),1739729909
306441660,xerlixx,A Gift From Orangutan,OK,C++17 (GCC 7-32),1739729634
306429789,mertokilla,QED's Favorite Permutation,OK,"C++23 (GCC 14-64, msys2)",1739724022
306367266,surajmishra,A TRUE Battle,OK,"C++23 (GCC 14-64, msys2)",1739717979
306362413,ashutoshsaxena703,A TRUE Battle,WRONG_ANSWER,C++20 (GCC 13-64),1739717673
306358576,ashutoshsaxena703,A TRUE Battle,WRONG_ANSWER,C++20 (GCC 13-64),1739717431
306357764,ashutoshsaxena703,A TRUE Battle,COMPILATION_ERROR,C++20 (GCC 13-64),1739717380
306355840,ashutoshsaxena703,A TRUE Battle,WRONG_ANSWER,C++20 (GCC 13-64),1739717256
306348646,prem_d_xd,A Gift From Orangutan,WRONG_ANSWER,Python 3,1739716845
306341728,surajmishra,A TRUE Battle,WRONG_ANSWER,"C++23 (GCC 14-64, msys2)",1739715244
306341597,surajmishra,A TRUE Battle,WRONG_ANSWER,"C++23 (GCC 14-64, msys2)",1739715182
306340850,surajmishra,A TRUE Battle,WRONG_ANSWER,"C++23 (GCC 14-64, msys2)",1739714803
306339254,mathworker21,QED's Favorite Permutation,OK,C++20 (GCC 13-64),1739714037
306336118,fromYtoY,A Gift From Orangutan,OK,C++20 (GCC 13-64),1739712616
306335328,YASH-OZ,A Gift From Orangutan,OK,"C++23 (GCC 14-64, msys2)",1739712256
306333638,aamhim,A TRUE Battle,OK,C++17 (GCC 7-32),1739711502
306333526,aamhim,A TRUE Battle,WRONG_ANSWER,C++17 (GCC 7-32),1739711450
306328702,cq__2436,Minimise Oneness,OK,C++20 (GCC 13-64),1739709058
306328129,cq__2436,A Gift From Orangutan,OK,C++20 (GCC 13-64),1739708777
306326592,xili_ytl,A TRUE Battle,OK,"C++23 (GCC 14-64, msys2)",1739707932
306324368,order_rabbit,QED's Favorite Permutation,OK,C++17 (GCC 7-32),1739706796
306319276,pustoi,A TRUE Battle,OK,"C++23 (GCC 14-64, msys2)",1739704111
306318586,pustoi,A TRUE Battle,WRONG_ANSWER,"C++23 (GCC 14-64, msys2)",1739703768
306316630,pustoi,A TRUE Battle,WRONG_ANSWER,"C++23 (GCC 14-64, msys2)",1739702808
306316469,_.anonymous._,A Gift From Orangutan,OK,C++20 (GCC 13-64),1739702714
306316282,_.anonymous._,A Gift From Orangutan,OK,C++20 (GCC 13-64),1739702612
306316207,_.anonymous._,A Gift From Orangutan,WRONG_ANSWER,C++20 (GCC 13-64),1739702570
306311311,tanmuling0429,Orangutan Approved Subarrays,OK,C++17 (GCC 7-32),1739699905
306310944,tanmuling0429,Orangutan Approved Subarrays,WRONG_ANSWER,C++17 (GCC 7-32),1739699723
306310679,xili_ytl,Minimise Oneness,OK,"C++23 (GCC 14-64, msys2)",1739699583
306310545,xili_ytl,Minimise Oneness,WRONG_ANSWER,"C++23 (GCC 14-64, msys2)",1739699518
306310346,Slim_Shady_773,Minimise Oneness,OK,C++17 (GCC 7-32),1739699424
306309715,xili_ytl,A Gift From Orangutan,OK,"C++23 (GCC 14-64, msys2)",1739699098
306308556,Slim_Shady_773,A Gift From Orangutan,OK,C++17 (GCC 7-32),1739698462
306308225,to_bad,QED's Favorite Permutation,OK,"C++23 (GCC 14-64, msys2)",1739698317
306307797,to_bad,QED's Favorite Permutation,WRONG_ANSWER,"C++23 (GCC 14-64, msys2)",1739698106
306307418,to_bad,QED's Favorite Permutation,WRONG_ANSWER,"C++23 (GCC 14-64, msys2)",1739697922
306305397,rohitkumawat062002,A TRUE Battle,OK,C++17 (GCC 7-32),1739696828
306305059,systempkey,QED's Favorite Permutation,OK,"C++23 (GCC 14-64, msys2)",1739696633
306302854,systempkey,QED's Favorite Permutation,OK,"C++23 (GCC 14-64, msys2)",1739695480
306302529,ChosenPlant,A TRUE Battle,OK,PyPy 3-64,1739695306
306302407,ChosenPlant,A TRUE Battle,WRONG_ANSWER,PyPy 3-64,1739695230
306302299,ChosenPlant,A TRUE Battle,WRONG_ANSWER,PyPy 3-64,1739695177
306302044,ChosenPlant,A TRUE Battle,WRONG_ANSWER,PyPy 3-64,1739695042
306301826,ChosenPlant,A TRUE Battle,WRONG_ANSWER,PyPy 3-64,1739694920
306301732,ChosenPlant,A TRUE Battle,COMPILATION_ERROR,PyPy 3-64,1739694879
306301557,ChosenPlant,A TRUE Battle,WRONG_ANSWER,PyPy 3-64,1739694797
306298459,mukundagarawal9,A TRUE Battle,OK,Java 8,1739693145
306297596,ChosenPlant,Minimise Oneness,OK,PyPy 3-64,1739692641
306297451,mukundagarawal9,A TRUE Battle,WRONG_ANSWER,Java 8,1739692558
306296921,ChosenPlant,A Gift From Orangutan,OK,PyPy 3-64,1739692239
306295905,Codernikkk,A TRUE Battle,RUNTIME_ERROR,C++17 (GCC 7-32),1739691647
306294228,Hongruizhao,Orangutan Approved Subarrays,OK,C++17 (GCC 7-32),1739690646
306287414,darsh_sodani007,A TRUE Battle,WRONG_ANSWER,C++17 (GCC 7-32),1739686141
306286518,darsh_sodani007,Minimise Oneness,OK,C++17 (GCC 7-32),1739685491
306286412,darsh_sodani007,Minimise Oneness,WRONG_ANSWER,C++17 (GCC 7-32),1739685408
306286187,darsh_sodani007,A Gift From Orangutan,OK,C++17 (GCC 7-32),1739685226
306285200,rezaul7081,A TRUE Battle,OK,C++17 (GCC 7-32),1739684404
306283509,aryandagar,A TRUE Battle,OK,C++17 (GCC 7-32),1739682978
306282700,tharun,A TRUE Battle,OK,C++17 (GCC 7-32),1739682168
306282068,tharun,Minimise Oneness,OK,C++17 (GCC 7-32),1739681491
306281945,practitioners2,Minimise Oneness,OK,C++17 (GCC 7-32),1739681363
306281332,tharun,A Gift From Orangutan,OK,C++17 (GCC 7-32),1739680624
306280984,Artem_Pugash,A TRUE Battle,OK,C++17 (GCC 7-32),1739680209
306280907,Artem_Pugash,A TRUE Battle,WRONG_ANSWER,C++17 (GCC 7-32),1739680117
306280104,mygr,MEXimize the Score,OK,"C++23 (GCC 14-64, msys2)",1739679061
306279760,MIDOU_AAA,A TRUE Battle,WRONG_ANSWER,C++17 (GCC 7-32),1739678557
306279731,MIDOU_AAA,A TRUE Battle,COMPILATION_ERROR,C++17 (GCC 7-32),1739678525
306279654,MIDOU_AAA,A TRUE Battle,WRONG_ANSWER,C++17 (GCC 7-32),1739678446
306279624,Artem_Pugash,A TRUE Battle,WRONG_ANSWER,C++17 (GCC 7-32),1739678403
306279582,Sadman_Ishtiaks,A TRUE Battle,WRONG_ANSWER,C++17 (GCC 7-32),1739678345
306279256,MIDOU_AAA,A TRUE Battle,WRONG_ANSWER,C++17 (GCC 7-32),1739677869
306278713,MIDOU_AAA,A TRUE Battle,WRONG_ANSWER,C++17 (GCC 7-32),1739677124
306278607,DanilCh,A TRUE Battle,OK,C++20 (GCC 13-64),1739676987
306278594,Qiaqia2012,A TRUE Battle,OK,C++20 (GCC 13-64),1739676969
306278561,MIDOU_AAA,A TRUE Battle,WRONG_ANSWER,C++17 (GCC 7-32),1739676914
306278494,CodeMonsterChu,A TRUE Battle,WRONG_ANSWER,C++17 (GCC 7-32),1739676832
306278401,Artem_Pugash,A TRUE Battle,WRONG_ANSWER,C++17 (GCC 7-32),1739676703
306278398,bkifhr8,Minimise Oneness,OK,C++17 (GCC 7-32),1739676698
306278338,Qiaqia2012,A TRUE Battle,WRONG_ANSWER,C++20 (GCC 13-64),1739676594
306278242,Qiaqia2012,A TRUE Battle,WRONG_ANSWER,C++20 (GCC 13-64),1739676473
306278200,jeelmalaviya03,A TRUE Battle,OK,"C++23 (GCC 14-64, msys2)",1739676411
306278103,jeelmalaviya03,A TRUE Battle,WRONG_ANSWER,"C++23 (GCC 14-64, msys2)",1739676289
306277479,Qiaqia2012,A TRUE Battle,WRONG_ANSWER,C++20 (GCC 13-64),1739675410
306277438,Qiaqia2012,A TRUE Battle,WRONG_ANSWER,C++20 (GCC 13-64),1739675328
306277384,Qiaqia2012,A TRUE Battle,WRONG_ANSWER,C++20 (GCC 13-64),1739675243
306277181,Qiaqia2012,A TRUE Battle,WRONG_ANSWER,C++20 (GCC 13-64),1739674928
306276985,Qiaqia2012,A TRUE Battle,WRONG_ANSWER,C++20 (GCC 13-64),1739674655
306276940,Qiaqia2012,A TRUE Battle,WRONG_ANSWER,C++20 (GCC 13-64),1739674584
306276037,mygr,A TRUE Battle,WRONG_ANSWER,"C++23 (GCC 14-64, msys2)",1739673070
306275987,LHaoooo,A TRUE Battle,OK,C++17 (GCC 7-32),1739672982
306275940,YQZ_QAQ,A TRUE Battle,WRONG_ANSWER,C++17 (GCC 7-32),1739672887
306275917,Hasibur_Rahmen,A TRUE Battle,WRONG_ANSWER,C++17 (GCC 7-32),1739672841
306275898,we_114514,A TRUE Battle,WRONG_ANSWER,C++17 (GCC 7-32),1739672803
306275822,mygr,QED's Favorite Permutation,OK,"C++23 (GCC 14-64, msys2)",1739672648
306275814,YQZ_QAQ,A TRUE Battle,WRONG_ANSWER,C++17 (GCC 7-32),1739672640
306275587,systempkey,A TRUE Battle,OK,"C++23 (GCC 14-64, msys2)",1739672224
306275526,systempkey,A TRUE Battle,WRONG_ANSWER,"C++23 (GCC 14-64, msys2)",1739672135
306275444,rfpermen,QED's Favorite Permutation,OK,C++20 (GCC 13-64),1739672004
306275424,systempkey,A TRUE Battle,WRONG_ANSWER,"C++23 (GCC 14-64, msys2)",1739671964
306275293,kenpegrasia,A TRUE Battle,WRONG_ANSWER,C++17 (GCC 7-32),1739671692
306275243,systempkey,Minimise Oneness,OK,"C++23 (GCC 14-64, msys2)",1739671600
306275065,systempkey,A Gift From Orangutan,OK,"C++23 (GCC 14-64, msys2)",1739671269
306274224,mygr,A TRUE Battle,WRONG_ANSWER,"C++23 (GCC 14-64, msys2)",1739669572
306274012,mygr,Minimise Oneness,OK,"C++23 (GCC 14-64, msys2)",1739669122
306273867,mygr,A Gift From Orangutan,OK,"C++23 (GCC 14-64, msys2)",1739668811
306273354,bkifhr9,A TRUE Battle,OK,C++20 (GCC 13-64),1739667548
306273234,faishal_053,Minimise Oneness,OK,C++20 (GCC 13-64),1739667278
306273123,Goldan_Respy,Minimise Oneness,WRONG_ANSWER,C++20 (GCC 13-64),1739666913
306270558,seb2001sa,A TRUE Battle,OK,C++17 (GCC 7-32),1739652493
306270370,seb2001sa,A TRUE Battle,WRONG_ANSWER,C++17 (GCC 7-32),1739652331
306269232,achechi15,Minimise Oneness,OK,C++20 (GCC 13-64),1739651432
306268606,transformer123,The Destruction of the Universe (Hard Version),WRONG_ANSWER,C++17 (GCC 7-32),1739650944
306268054,num7,The Destruction of the Universe (Hard Version),WRONG_ANSWER,C++17 (GCC 7-32),1739650566
306268010,num3,The Destruction of the Universe (Hard Version),WRONG_ANSWER,C++17 (GCC 7-32),1739650536
306267981,achechi15,A Gift From Orangutan,OK,C++20 (GCC 13-64),1739650513
306267450,num3,The Destruction of the Universe (Hard Version),TIME_LIMIT_EXCEEDED,C++17 (GCC 7-32),1739650126
306267229,num7,The Destruction of the Universe (Hard Version),WRONG_ANSWER,C++17 (GCC 7-32),1739649975
306264560,seb2001sa,A TRUE Battle,WRONG_ANSWER,C++17 (GCC 7-32),1739648090
306264384,Weddou,Minimise Oneness,OK,PyPy 3-64,1739647974
306263320,_SHAHIN,QED's Favorite Permutation,OK,C++20 (GCC 13-64),1739647277
306262368,_MANS0UR_,QED's Favorite Permutation,OK,C++20 (GCC 13-64),1739646646
306262081,_MANS0UR_,QED's Favorite Permutation,WRONG_ANSWER,C++20 (GCC 13-64),1739646473
306261754,_MANS0UR_,QED's Favorite Permutation,WRONG_ANSWER,C++20 (GCC 13-64),1739646260
306259128,_manitbansal.07,A TRUE Battle,OK,"C++23 (GCC 14-64, msys2)",1739644663
306258192,_manitbansal.07,A TRUE Battle,WRONG_ANSWER,"C++23 (GCC 14-64, msys2)",1739644184
306257823,_manitbansal.07,A TRUE Battle,WRONG_ANSWER,"C++23 (GCC 14-64, msys2)",1739644024
306257466,Sanjana_93,A Gift From Orangutan,OK,C++17 (GCC 7-32),1739643844
306254487,VIkkY7,QED's Favorite Permutation,OK,C++17 (GCC 7-32),1739642353
306247498,rajatgupta05,A TRUE Battle,OK,"C++23 (GCC 14-64, msys2)",1739638957
306246773,dashim,Minimise Oneness,WRONG_ANSWER,PyPy 3-64,1739638577
306246741,rajatgupta05,A TRUE Battle,WRONG_ANSWER,"C++23 (GCC 14-64, msys2)",1739638557
306245672,Argon_18,A TRUE Battle,WRONG_ANSWER,"C++23 (GCC 14-64, msys2)",1739638011
306245384,rajatgupta05,Minimise Oneness,OK,"C++23 (GCC 14-64, msys2)",1739637874
306244064,rajatgupta05,A Gift From Orangutan,OK,"C++23 (GCC 14-64, msys2)",1739637208
306240882,FaIn,Minimise Oneness,OK,C++17 (GCC 7-32),1739635586
306236242,Urmabaze,QED's Favorite Permutation,OK,C++17 (GCC 7-32),1739633145
306232005,aguss,A TRUE Battle,OK,C++17 (GCC 7-32),1739630914
306231797,Serendipity23,A TRUE Battle,OK,C++17 (GCC 7-32),1739630811
306231677,ZynSn02,A TRUE Battle,OK,C++17 (GCC 7-32),1739630751
306231409,NuoGry,QED's Favorite Permutation,OK,C++17 (GCC 7-32),1739630633
306229529,aguss,Minimise Oneness,OK,C++17 (GCC 7-32),1739629646
306229302,ZynSn02,A TRUE Battle,WRONG_ANSWER,C++17 (GCC 7-32),1739629527
306229202,Muaath_5,A TRUE Battle,OK,C++20 (GCC 13-64),1739629476
306228760,aguss,A Gift From Orangutan,OK,C++17 (GCC 7-32),1739629261
306228692,Dominator069,A TRUE Battle,OK,C++17 (GCC 7-32),1739629231
306228444,sudipta_mondal,A Gift From Orangutan,OK,C++20 (GCC 13-64),1739629107
306224568,faishal_052,A TRUE Battle,WRONG_ANSWER,C++17 (GCC 7-32),1739627333
306224120,dineshreddy25,A TRUE Battle,WRONG_ANSWER,C++17 (GCC 7-32),1739627114
306221655,nitin_1141,A Gift From Orangutan,OK,C++17 (GCC 7-32),1739626025
306221572,nitin_1141,A Gift From Orangutan,WRONG_ANSWER,C++17 (GCC 7-32),1739625990
306221241,NuoGry,QED's Favorite Permutation,TIME_LIMIT_EXCEEDED,C++17 (GCC 7-32),1739625825
306218000,ColobocCodeforces,The Destruction of the Universe (Hard Version),OK,C++17 (GCC 7-32),1739624244
306217420,ZynSn02,Minimise Oneness,OK,C++17 (GCC 7-32),1739623938
306216222,ZynSn02,Minimise Oneness,WRONG_ANSWER,C++17 (GCC 7-32),1739623250
306215959,Muaath_5,A TRUE Battle,WRONG_ANSWER,C++20 (GCC 13-64),1739623110
306214111,ZynSn02,A Gift From Orangutan,OK,C++17 (GCC 7-32),1739622067
306213541,ascia,QED's Favorite Permutation,OK,C++17 (GCC 7-32),1739621742
306211002,Tghica,Orangutan Approved Subarrays,OK,C++17 (GCC 7-32),1739620201
306210924,Tghica,Orangutan Approved Subarrays,OK,C++17 (GCC 7-32),1739620164
306210058,sameersingh8848,A TRUE Battle,OK,C++20 (GCC 13-64),1739619716
306206514,Urmabaze,QED's Favorite Permutation,WRONG_ANSWER,C++17 (GCC 7-32),1739617960
306204350,Abir_Hasan,A TRUE Battle,OK,"C++23 (GCC 14-64, msys2)",1739617067
306204245,Abir_Hasan,Minimise Oneness,OK,"C++23 (GCC 14-64, msys2)",1739617014
306204161,Abir_Hasan,A Gift From Orangutan,OK,"C++23 (GCC 14-64, msys2)",1739616980
306203588,0om_mo2,A TRUE Battle,OK,C++17 (GCC 7-32),1739616722
306202447,Urmabaze,QED's Favorite Permutation,WRONG_ANSWER,C++17 (GCC 7-32),1739616246
