submission_id,user_handle,problem_name,verdict,language,creation_time
315974717,khakekz,Longest Good Array,OK,"C++23 (GCC 14-64, msys2)",1744900766
315974648,paulo.pr,Sakurako's Task,WRONG_ANSWER,"C++23 (GCC 14-64, msys2)",1744900737
315974246,paulo.pr,Sakurako's Task,WRONG_ANSWER,"C++23 (GCC 14-64, msys2)",1744900582
315964777,chumeng,Sakurako's Box,OK,"C++23 (GCC 14-64, msys2)",1744896321
315960901,Rngineer,Alternating String,WRONG_ANSWER,"C++23 (GCC 14-64, msys2)",1744894747
315960555,Capt.Sam,Longest Good Array,WRONG_ANSWER,C++17 (GCC 7-32),1744894614
315960457,Capt.Sam,Longest Good Array,OK,C++17 (GCC 7-32),1744894569
315959929,Capt.Sam,Longest Good Array,WRONG_ANSWER,C++17 (GCC 7-32),1744894348
315956875,zfymylove,Sakurako's Box,OK,C++20 (GCC 13-64),1744892993
315956388,zfymylove,Sakurako's Box,WRONG_ANSWER,C++20 (GCC 13-64),1744892769
315955750,zfymylove,Sakurako's Box,WRONG_ANSWER,C++20 (GCC 13-64),1744892472
315954869,vaibtiwari.30_03,Alternating String,OK,C++17 (GCC 7-32),1744892080
315953177,vaibtiwari.30_03,Alternating String,WRONG_ANSWER,C++17 (GCC 7-32),1744891359
315949208,Rngineer,Sakurako's Box,OK,"C++23 (GCC 14-64, msys2)",1744889666
315948222,Raihan2500,Sakurako's Box,OK,"C++23 (GCC 14-64, msys2)",1744889196
315948216,Amrmahdy,Longest Good Array,OK,C++20 (GCC 13-64),1744889191
315948190,blue_eyed_demon,Sakurako's Box,OK,"C++23 (GCC 14-64, msys2)",1744889182
315944290,MagnusCarlsen321,Sakurako's Hobby,OK,"C++23 (GCC 14-64, msys2)",1744887223
315944196,cng_driver,Longest Good Array,OK,C++20 (GCC 13-64),1744887169
315938220,Medix,Sakurako's Hobby,OK,C++17 (GCC 7-32),1744883714
315938190,King678,Sakurako's Hobby,TIME_LIMIT_EXCEEDED,"C++23 (GCC 14-64, msys2)",1744883701
315937568,Medix,Sakurako's Hobby,TIME_LIMIT_EXCEEDED,C++17 (GCC 7-32),1744883349
315937460,kerimkhan,Sakurako's Exam,OK,C++20 (GCC 13-64),1744883285
315931096,idkcp,Sakurako's Task,OK,C++17 (GCC 7-32),1744879828
315921868,veehj,Sakurako's Task,WRONG_ANSWER,C++20 (GCC 13-64),1744874167
315921722,veehj,Sakurako's Task,WRONG_ANSWER,C++20 (GCC 13-64),1744874077
315917737,satvikmittal638,Sakurako's Box,OK,"C++23 (GCC 14-64, msys2)",1744871711
315917497,satvikmittal638,Sakurako's Box,WRONG_ANSWER,"C++23 (GCC 14-64, msys2)",1744871579
315917423,satvikmittal638,Sakurako's Box,WRONG_ANSWER,"C++23 (GCC 14-64, msys2)",1744871535
315917191,satvikmittal638,Sakurako's Box,WRONG_ANSWER,"C++23 (GCC 14-64, msys2)",1744871387
315917087,satvikmittal638,Sakurako's Box,WRONG_ANSWER,"C++23 (GCC 14-64, msys2)",1744871318
315917037,satvikmittal638,Sakurako's Box,WRONG_ANSWER,"C++23 (GCC 14-64, msys2)",1744871286
315915054,sherlock.beihua,Sakurako's Hobby,OK,"C++23 (GCC 14-64, msys2)",1744869910
315914721,bayana_06,Square or Not,WRONG_ANSWER,Python 3,1744869693
315913266,MagnusCarlsen321,Longest Good Array,OK,"C++23 (GCC 14-64, msys2)",1744868689
315911133,MDHANIF,Sakurako's Exam,OK,C++17 (GCC 7-32),1744866785
315910879,aleC_aleC,Sakurako's Box,OK,C++20 (GCC 13-64),1744866553
315910527,aleC_aleC,Sakurako's Box,WRONG_ANSWER,C++20 (GCC 13-64),1744866211
315910247,aleC_aleC,Sakurako's Box,WRONG_ANSWER,C++20 (GCC 13-64),1744865924
315909138,myheart123,Sakurako's Hobby,OK,"C++23 (GCC 14-64, msys2)",1744864780
315905972,ramya_2129,Sakurako's Exam,OK,PyPy 3-64,1744861115
315905835,joylintp,Square or Not,OK,C++20 (GCC 13-64),1744860946
315905412,yasoo2,Longest Good Array,OK,C++20 (GCC 13-64),1744860442
315905372,yasoo2,Longest Good Array,WRONG_ANSWER,C++20 (GCC 13-64),1744860389
315904682,myheart123,Longest Good Array,OK,"C++23 (GCC 14-64, msys2)",1744859497
315904674,yasoo2,Longest Good Array,OK,C++20 (GCC 13-64),1744859486
315904593,yasoo2,Longest Good Array,COMPILATION_ERROR,C++20 (GCC 13-64),1744859407
315904405,spar10,Sakurako's Exam,OK,"C++23 (GCC 14-64, msys2)",1744859160
315904373,spar10,Sakurako's Exam,WRONG_ANSWER,"C++23 (GCC 14-64, msys2)",1744859127
315904347,spar10,Sakurako's Exam,WRONG_ANSWER,"C++23 (GCC 14-64, msys2)",1744859100
315904191,spar10,Sakurako's Exam,WRONG_ANSWER,"C++23 (GCC 14-64, msys2)",1744858928
315903668,Aslam1994,Sakurako's Exam,OK,PyPy 3,1744858380
315903434,myheart123,Square or Not,OK,"C++23 (GCC 14-64, msys2)",1744858123
315903048,myheart123,Sakurako's Exam,OK,"C++23 (GCC 14-64, msys2)",1744857697
315902591,Kener_Castillo,Sakurako's Box,OK,C++17 (GCC 7-32),1744857160
315902556,Kener_Castillo,Sakurako's Box,WRONG_ANSWER,C++17 (GCC 7-32),1744857113
315898414,Nathan24,Sakurako's Exam,OK,Python 3,1744850690
315898184,Egora.,Sakurako's Box,OK,"C++23 (GCC 14-64, msys2)",1744850351
315898127,Egora.,Sakurako's Box,WRONG_ANSWER,"C++23 (GCC 14-64, msys2)",1744850247
315893723,Moayad30,Sakurako's Exam,OK,C++20 (GCC 13-64),1744842787
315893562,Moayad30,Sakurako's Exam,WRONG_ANSWER,C++20 (GCC 13-64),1744842553
315893166,Moayad30,Sakurako's Exam,WRONG_ANSWER,C++20 (GCC 13-64),1744842060
315892844,Moayad30,Sakurako's Exam,WRONG_ANSWER,C++20 (GCC 13-64),1744841630
315889828,aksjah,Sakurako's Exam,OK,"C++23 (GCC 14-64, msys2)",1744838509
315888923,Raihan2500,Sakurako's Box,OK,"C++23 (GCC 14-64, msys2)",1744837652
315888042,Raihan2500,Sakurako's Box,OK,"C++23 (GCC 14-64, msys2)",1744836867
315887976,Raihan2500,Sakurako's Box,WRONG_ANSWER,"C++23 (GCC 14-64, msys2)",1744836810
315887807,Raihan2500,Sakurako's Box,WRONG_ANSWER,"C++23 (GCC 14-64, msys2)",1744836660
315887735,Raihan2500,Sakurako's Box,WRONG_ANSWER,"C++23 (GCC 14-64, msys2)",1744836602
315887710,Raihan2500,Sakurako's Box,WRONG_ANSWER,"C++23 (GCC 14-64, msys2)",1744836581
315887685,Raihan2500,Sakurako's Box,WRONG_ANSWER,"C++23 (GCC 14-64, msys2)",1744836556
315883903,ashraktabdelhady,Sakurako's Exam,OK,"C++23 (GCC 14-64, msys2)",1744833776
315882608,TahrinRahman21,Longest Good Array,OK,"C++23 (GCC 14-64, msys2)",1744832784
315881336,takuzheqiuwobiedangya,Sakurako's Test,OK,C++17 (GCC 7-32),1744831833
315881051,takuzheqiuwobiedangya,Sakurako's Test,TIME_LIMIT_EXCEEDED,C++17 (GCC 7-32),1744831616
315880943,takuzheqiuwobiedangya,Sakurako's Test,TIME_LIMIT_EXCEEDED,C++17 (GCC 7-32),1744831528
315880810,takuzheqiuwobiedangya,Sakurako's Test,TIME_LIMIT_EXCEEDED,C++17 (GCC 7-32),1744831426
315880626,takuzheqiuwobiedangya,Sakurako's Test,TIME_LIMIT_EXCEEDED,C++17 (GCC 7-32),1744831296
315879006,takuzheqiuwobiedangya,Sakurako's Test,TIME_LIMIT_EXCEEDED,C++17 (GCC 7-32),1744830198
315868524,Nor1012,Sakurako's Exam,OK,C++20 (GCC 13-64),1744824566
315866886,Digvijay0709,Square or Not,OK,C++20 (GCC 13-64),1744823749
315865247,TDH10,Sakurako's Task,OK,C++20 (GCC 13-64),1744822972
315865139,TDH10,Sakurako's Task,WRONG_ANSWER,C++20 (GCC 13-64),1744822918
315864915,TDH10,Sakurako's Task,WRONG_ANSWER,C++20 (GCC 13-64),1744822815
315864863,TDH10,Sakurako's Task,WRONG_ANSWER,C++20 (GCC 13-64),1744822781
315864730,PhuDat1,Longest Good Array,OK,C++20 (GCC 13-64),1744822722
315864120,AbhayVerma2027,Sakurako's Exam,OK,Java 8,1744822410
315855284,yagamilighto,Sakurako's Exam,OK,GNU C11,1744818551
315850774,s_h_oi-sH_o_b,Square or Not,OK,C++17 (GCC 7-32),1744816587
315850597,pan__,Sakurako's Exam,OK,"C++23 (GCC 14-64, msys2)",1744816506
315850012,riteshdakshana123,Sakurako's Box,OK,C++17 (GCC 7-32),1744816236
315849982,pan__,Sakurako's Exam,WRONG_ANSWER,"C++23 (GCC 14-64, msys2)",1744816220
315849449,riteshdakshana123,Sakurako's Hobby,OK,C++17 (GCC 7-32),1744815997
315848984,Anubhav-GEU-07,Sakurako's Hobby,OK,C++17 (GCC 7-32),1744815787
315847253,prajyoth2006,Sakurako's Hobby,OK,"C++23 (GCC 14-64, msys2)",1744814930
315847224,tranminhvu.08022605,Longest Good Array,OK,"C++23 (GCC 14-64, msys2)",1744814919
315846291,prajyoth2006,Sakurako's Hobby,TIME_LIMIT_EXCEEDED,"C++23 (GCC 14-64, msys2)",1744814435
315843442,TYP_LongHD,Sakurako's Hobby,OK,C++17 (GCC 7-32),1744813090
315843124,TYP_LongHD,Sakurako's Hobby,WRONG_ANSWER,C++17 (GCC 7-32),1744812947
315842576,TYP_LongHD,Sakurako's Hobby,RUNTIME_ERROR,C++17 (GCC 7-32),1744812711
315842431,TYP_LongHD,Sakurako's Hobby,RUNTIME_ERROR,C++17 (GCC 7-32),1744812645
315842056,TYP_LongHD,Sakurako's Hobby,RUNTIME_ERROR,C++17 (GCC 7-32),1744812488
315841822,TYP_LongHD,Sakurako's Hobby,RUNTIME_ERROR,C++17 (GCC 7-32),1744812380
315841295,TYP_LongHD,Sakurako's Hobby,RUNTIME_ERROR,C++17 (GCC 7-32),1744812169
315834728,guibinrui,Alternating String,OK,C++17 (GCC 7-32),1744809231
315832690,riteshdakshana123,Sakurako's Box,WRONG_ANSWER,C++17 (GCC 7-32),1744808274
315832365,riteshdakshana123,Sakurako's Box,WRONG_ANSWER,C++17 (GCC 7-32),1744808122
315832275,riteshdakshana123,Sakurako's Box,WRONG_ANSWER,C++17 (GCC 7-32),1744808083
315830474,008-IsmailA-2029,Sakurako's Exam,OK,"C++23 (GCC 14-64, msys2)",1744807201
315829318,MasaSab,Longest Good Array,OK,C++20 (GCC 13-64),1744806637
315826802,guibinrui,Sakurako's Box,OK,C++17 (GCC 7-32),1744805377
315826743,riteshdakshana123,Sakurako's Hobby,TIME_LIMIT_EXCEEDED,C++17 (GCC 7-32),1744805346
315826349,guibinrui,Sakurako's Box,WRONG_ANSWER,C++17 (GCC 7-32),1744805161
315825952,riteshdakshana123,Sakurako's Hobby,TIME_LIMIT_EXCEEDED,C++17 (GCC 7-32),1744804970
315823434,riteshdakshana123,Longest Good Array,OK,C++17 (GCC 7-32),1744803688
315821992,riteshdakshana123,Square or Not,OK,C++17 (GCC 7-32),1744802872
315820842,riteshdakshana123,Sakurako's Exam,OK,C++17 (GCC 7-32),1744802204
315816884,shrimply,Longest Good Array,OK,C++20 (GCC 13-64),1744799778
315815687,unsung__,Sakurako's Hobby,OK,C++17 (GCC 7-32),1744798962
315811320,TheElvenKing,Sakurako's Hobby,OK,C++20 (GCC 13-64),1744795852
315810697,ViceCityBhai,Sakurako's Hobby,OK,"C++23 (GCC 14-64, msys2)",1744795480
315806914,WACEee,Sakurako's Exam,OK,C++17 (GCC 7-32),1744793185
315806163,MQuang,Longest Good Array,OK,C++17 (GCC 7-32),1744792655
315804126,VaibhavRajDwivedi,Sakurako's Box,OK,"C++23 (GCC 14-64, msys2)",1744791187
315803845,VaibhavRajDwivedi,Sakurako's Box,WRONG_ANSWER,"C++23 (GCC 14-64, msys2)",1744790979
315803713,VaibhavRajDwivedi,Sakurako's Box,WRONG_ANSWER,"C++23 (GCC 14-64, msys2)",1744790884
315796348,Vikas_soni,Sakurako's Box,WRONG_ANSWER,C++17 (GCC 7-32),1744785884
315794245,Asil12,Sakurako's Exam,OK,PyPy 3-64,1744784379
315791823,joylintp,Longest Good Array,OK,PyPy 3-64,1744782378
315789568,hayagrivan.dj,Sakurako's Task,OK,C++20 (GCC 13-64),1744780570
315789286,Enryue,Alternating String,OK,"C++23 (GCC 14-64, msys2)",1744780342
315787711,hanoi08khanh_pn,Longest Good Array,OK,C++17 (GCC 7-32),1744778810
315787566,hanoi08khanh_pn,Longest Good Array,WRONG_ANSWER,C++17 (GCC 7-32),1744778664
315785067,aryan.dagar,Longest Good Array,OK,"C++23 (GCC 14-64, msys2)",1744776130
315784269,aryan.dagar,Longest Good Array,WRONG_ANSWER,"C++23 (GCC 14-64, msys2)",1744775356
315783745,aryan.dagar,Square or Not,OK,"C++23 (GCC 14-64, msys2)",1744774854
315780910,aryan.dagar,Sakurako's Exam,OK,"C++23 (GCC 14-64, msys2)",1744771298
315780629,aryan.dagar,Sakurako's Exam,WRONG_ANSWER,"C++23 (GCC 14-64, msys2)",1744770879
315780448,aryan.dagar,Sakurako's Exam,WRONG_ANSWER,"C++23 (GCC 14-64, msys2)",1744770631
315776461,orcinus-orca,Sakurako's Task,OK,"C++23 (GCC 14-64, msys2)",1744764745
315774377,BG-27,Sakurako's Hobby,OK,"C++23 (GCC 14-64, msys2)",1744760937
315770329,GHader_Ibrahim,Sakurako's Box,OK,C++17 (GCC 7-32),1744754344
315770298,GHader_Ibrahim,Sakurako's Box,OK,C++17 (GCC 7-32),1744754289
315770213,GHader_Ibrahim,Sakurako's Box,WRONG_ANSWER,C++17 (GCC 7-32),1744754170
315770126,GHader_Ibrahim,Sakurako's Box,WRONG_ANSWER,C++17 (GCC 7-32),1744754046
315769749,GHader_Ibrahim,Sakurako's Box,WRONG_ANSWER,C++17 (GCC 7-32),1744753578
315769332,glory1978,Longest Good Array,OK,C++20 (GCC 13-64),1744753062
315769116,rustyS4h1L,Sakurako's Hobby,OK,C++17 (GCC 7-32),1744752800
315767027,rustyS4h1L,Sakurako's Hobby,TIME_LIMIT_EXCEEDED,C++17 (GCC 7-32),1744750550
315766515,tmdh,Alternating String,OK,C++20 (GCC 13-64),1744750060
315760450,dash_01,Sakurako's Hobby,OK,"C++23 (GCC 14-64, msys2)",1744745122
315755619,photosynthesis,Alternating String,OK,C++17 (GCC 7-32),1744742152
315753074,Kalyu4ka,Alternating String,WRONG_ANSWER,C++17 (GCC 7-32),1744740936
315752807,Kalyu4ka,Alternating String,TIME_LIMIT_EXCEEDED,C++17 (GCC 7-32),1744740812
315752677,nojima2006,Longest Good Array,OK,C++17 (GCC 7-32),1744740747
315752361,Kalyu4ka,Alternating String,TIME_LIMIT_EXCEEDED,PyPy 3-64,1744740588
315750489,B7AIRY,Alternating String,OK,C++17 (GCC 7-32),1744739694
315744827,IceHydra,Sakurako's Test,OK,C++20 (GCC 13-64),1744737120
315742831,Shibi_6,Square or Not,OK,"C++23 (GCC 14-64, msys2)",1744736203
315741315,pratyush_24,Sakurako's Hobby,OK,"C++23 (GCC 14-64, msys2)",1744735508
315740803,Shibi_6,Square or Not,OK,"C++23 (GCC 14-64, msys2)",1744735279
315739762,pratyush_24,Sakurako's Hobby,OK,"C++23 (GCC 14-64, msys2)",1744734836
315736596,GHader_Ibrahim,Sakurako's Box,WRONG_ANSWER,C++17 (GCC 7-32),1744733624
315736279,TahrinRahman21,Square or Not,OK,"C++23 (GCC 14-64, msys2)",1744733505
315736192,GHader_Ibrahim,Sakurako's Box,WRONG_ANSWER,C++17 (GCC 7-32),1744733475
315735320,GHader_Ibrahim,Sakurako's Box,WRONG_ANSWER,C++17 (GCC 7-32),1744733129
315730778,BG-27,Square or Not,OK,"C++23 (GCC 14-64, msys2)",1744731326
315730340,BG-27,Square or Not,WRONG_ANSWER,"C++23 (GCC 14-64, msys2)",1744731159
315727742,0mindvp,Longest Good Array,OK,"C++23 (GCC 14-64, msys2)",1744730198
315727046,fengling007,Sakurako's Task,OK,Java 21,1744729969
315726634,fengling007,Sakurako's Task,WRONG_ANSWER,Java 21,1744729819
315722528,B7AIRY,Alternating String,TIME_LIMIT_EXCEEDED,C++17 (GCC 7-32),1744728202
315722301,B7AIRY,Alternating String,TIME_LIMIT_EXCEEDED,C++17 (GCC 7-32),1744728104
315721799,B7AIRY,Alternating String,WRONG_ANSWER,C++20 (GCC 13-64),1744727916
315721462,B7AIRY,Alternating String,WRONG_ANSWER,C++20 (GCC 13-64),1744727785
315720331,milk81,Sakurako's Test,OK,C++20 (GCC 13-64),1744727279
315716942,al_aqsa,Longest Good Array,OK,C++20 (GCC 13-64),1744725731
315716361,al_aqsa,Longest Good Array,WRONG_ANSWER,C++20 (GCC 13-64),1744725514
315715187,Mariam12Gamal,Sakurako's Exam,OK,C++20 (GCC 13-64),1744725007
315714155,M.inggg,Sakurako's Hobby,OK,"C++23 (GCC 14-64, msys2)",1744724521
315713344,KagaMiku39,Sakurako's Box,OK,C++20 (GCC 13-64),1744724189
315712942,B7AIRY,Alternating String,TIME_LIMIT_EXCEEDED,C++20 (GCC 13-64),1744724025
315712780,B7AIRY,Alternating String,RUNTIME_ERROR,C++20 (GCC 13-64),1744723953
315712622,M.inggg,Longest Good Array,OK,"C++23 (GCC 14-64, msys2)",1744723888
315711676,M.inggg,Square or Not,OK,"C++23 (GCC 14-64, msys2)",1744723499
315711669,Txdat,Square or Not,OK,C++20 (GCC 13-64),1744723497
315710389,IceHydra,Sakurako's Test,OK,C++20 (GCC 13-64),1744722921
315710295,IceHydra,Sakurako's Test,OK,C++20 (GCC 13-64),1744722879
315710184,M.inggg,Sakurako's Exam,OK,"C++23 (GCC 14-64, msys2)",1744722831
315710058,Horrible120,Sakurako's Test,OK,"C++23 (GCC 14-64, msys2)",1744722775
315710052,IceHydra,Sakurako's Test,RUNTIME_ERROR,C++20 (GCC 13-64),1744722773
315709677,IceHydra,Sakurako's Test,RUNTIME_ERROR,C++20 (GCC 13-64),1744722598
315707798,KagaMiku39,Sakurako's Box,OK,C++20 (GCC 13-64),1744721090
315706434,KagaMiku39,Sakurako's Box,OK,C++20 (GCC 13-64),1744720474
315705228,Kingjie,Longest Good Array,OK,Python 3,1744719917
315703279,KagaMiku39,Sakurako's Box,WRONG_ANSWER,C++20 (GCC 13-64),1744719050
315703194,Shaalan,Sakurako's Exam,OK,C++17 (GCC 7-32),1744719018
315702428,Shaalan,Sakurako's Exam,WRONG_ANSWER,C++17 (GCC 7-32),1744718719
315701853,Shaalan,Sakurako's Exam,WRONG_ANSWER,C++17 (GCC 7-32),1744718483
315699937,KagaMiku39,Sakurako's Hobby,OK,C++20 (GCC 13-64),1744717595
315698960,KagaMiku39,Sakurako's Hobby,OK,C++20 (GCC 13-64),1744717128
315696403,wwwsddyy,Sakurako's Box,OK,"C++23 (GCC 14-64, msys2)",1744715834
315696304,wwwsddyy,Sakurako's Box,WRONG_ANSWER,"C++23 (GCC 14-64, msys2)",1744715771
315696049,wwwsddyy,Sakurako's Box,WRONG_ANSWER,"C++23 (GCC 14-64, msys2)",1744715645
315695167,wwwsddyy,Sakurako's Box,WRONG_ANSWER,"C++23 (GCC 14-64, msys2)",1744715187
315694060,squid_suraj,Alternating String,OK,C++17 (GCC 7-32),1744714575
315691848,IceHydra,Sakurako's Task,OK,C++20 (GCC 13-64),1744713402
315691453,IceHydra,Sakurako's Task,WRONG_ANSWER,"C++23 (GCC 14-64, msys2)",1744713181
315688164,RoninMello,Sakurako's Box,OK,"C++23 (GCC 14-64, msys2)",1744711298
315687985,RoninMello,Sakurako's Box,WRONG_ANSWER,"C++23 (GCC 14-64, msys2)",1744711196
315687943,RoninMello,Sakurako's Box,WRONG_ANSWER,"C++23 (GCC 14-64, msys2)",1744711170
315687817,RoninMello,Sakurako's Box,WRONG_ANSWER,"C++23 (GCC 14-64, msys2)",1744711091
315681816,Kon_Den_2025,Sakurako's Box,OK,PyPy 3-64,1744707842
315675533,KagaMiku39,Sakurako's Hobby,OK,C++20 (GCC 13-64),1744704908
315672156,VoidRunner,Sakurako's Exam,OK,C++20 (GCC 13-64),1744703150
315671706,VoidRunner,Sakurako's Exam,OK,C++20 (GCC 13-64),1744702886
315671596,xudayberganovallanazar5,Sakurako's Exam,OK,PyPy 3-64,1744702814
315671235,xudayberganovallanazar5,Sakurako's Exam,WRONG_ANSWER,PyPy 3-64,1744702604
315671111,xudayberganovallanazar5,Sakurako's Exam,WRONG_ANSWER,PyPy 3-64,1744702534
315671073,lifenghei,Sakurako's Box,WRONG_ANSWER,Python 3,1744702518
315670910,VoidRunner,Sakurako's Exam,WRONG_ANSWER,C++20 (GCC 13-64),1744702411
315670791,lifenghei,Sakurako's Box,RUNTIME_ERROR,Python 3,1744702329
315670745,lifenghei,Sakurako's Box,RUNTIME_ERROR,PyPy 3-64,1744702307
315670682,xudayberganovallanazar5,Sakurako's Exam,WRONG_ANSWER,PyPy 3-64,1744702271
315666869,Chemtioc,Longest Good Array,OK,C++17 (GCC 7-32),1744699808
315666530,Chemtioc,Longest Good Array,WRONG_ANSWER,C++17 (GCC 7-32),1744699568
315666480,Chemtioc,Longest Good Array,TIME_LIMIT_EXCEEDED,C++17 (GCC 7-32),1744699541
315663571,Adam951413,Sakurako's Hobby,OK,C++17 (GCC 7-32),1744697755
315663226,Adam951413,Sakurako's Hobby,OK,C++17 (GCC 7-32),1744697526
315662887,lifenghei,Sakurako's Box,WRONG_ANSWER,"C++23 (GCC 14-64, msys2)",1744697319
315661457,Adam951413,Sakurako's Hobby,MEMORY_LIMIT_EXCEEDED,C++17 (GCC 7-32),1744696357
315661368,Adam951413,Sakurako's Hobby,COMPILATION_ERROR,C++17 (GCC 7-32),1744696296
315661328,Adam951413,Sakurako's Hobby,COMPILATION_ERROR,C++17 (GCC 7-32),1744696268
315660660,Adam951413,Sakurako's Hobby,MEMORY_LIMIT_EXCEEDED,C++17 (GCC 7-32),1744695778
315660424,Adam951413,Sakurako's Hobby,WRONG_ANSWER,C++17 (GCC 7-32),1744695590
315660338,Adam951413,Sakurako's Hobby,MEMORY_LIMIT_EXCEEDED,C++17 (GCC 7-32),1744695519
315660064,Shaalan,Sakurako's Exam,WRONG_ANSWER,C++17 (GCC 7-32),1744695335
315659942,Adam951413,Sakurako's Hobby,MEMORY_LIMIT_EXCEEDED,C++17 (GCC 7-32),1744695233
315659876,Shaalan,Sakurako's Exam,COMPILATION_ERROR,C++17 (GCC 7-32),1744695184
315659787,Adam951413,Sakurako's Hobby,MEMORY_LIMIT_EXCEEDED,C++17 (GCC 7-32),1744695108
315659265,lifenghei,Sakurako's Box,WRONG_ANSWER,"C++23 (GCC 14-64, msys2)",1744694693
315658499,lifenghei,Sakurako's Box,RUNTIME_ERROR,"C++23 (GCC 14-64, msys2)",1744694087
315657980,lifenghei,Sakurako's Box,WRONG_ANSWER,"C++23 (GCC 14-64, msys2)",1744693633
315657664,lifenghei,Sakurako's Box,WRONG_ANSWER,"C++23 (GCC 14-64, msys2)",1744693375
315657183,Adam951413,Longest Good Array,OK,C++17 (GCC 7-32),1744692944
315656978,norahhc,Sakurako's Hobby,OK,"C++23 (GCC 14-64, msys2)",1744692766
315656910,IljinS,Longest Good Array,OK,"C++23 (GCC 14-64, msys2)",1744692724
315656668,Adam951413,Square or Not,OK,C++17 (GCC 7-32),1744692522
315655518,Adam951413,Sakurako's Exam,OK,C++17 (GCC 7-32),1744691586
315655486,Adam951413,Sakurako's Exam,COMPILATION_ERROR,GNU C11,1744691563
315652383,KagaMiku39,Sakurako's Hobby,TIME_LIMIT_EXCEEDED,C++20 (GCC 13-64),1744688642
315652371,KagaMiku39,Longest Good Array,WRONG_ANSWER,C++20 (GCC 13-64),1744688628
315651091,MothMon1468,Longest Good Array,OK,"C++23 (GCC 14-64, msys2)",1744687157
315650536,KagaMiku39,Longest Good Array,OK,C++20 (GCC 13-64),1744686544
315649802,MothMon1468,Longest Good Array,TIME_LIMIT_EXCEEDED,"C++23 (GCC 14-64, msys2)",1744685747
315648707,KagaMiku39,Square or Not,OK,C++20 (GCC 13-64),1744684567
315648254,KagaMiku39,Sakurako's Exam,OK,C++20 (GCC 13-64),1744684021
315648056,KagaMiku39,Sakurako's Exam,WRONG_ANSWER,C++20 (GCC 13-64),1744683759
315643814,zygnb,Alternating String,OK,Java 21,1744678391
315643237,kristoferfannar,Square or Not,OK,C++20 (GCC 13-64),1744677479
315640185,PhanTanTrongDat,Sakurako's Exam,OK,"C++23 (GCC 14-64, msys2)",1744672060
315638399,Katsya,Sakurako's Hobby,OK,C++20 (GCC 13-64),1744669340
315638368,Katsya,Sakurako's Hobby,OK,C++20 (GCC 13-64),1744669299
315638273,Katsya,Sakurako's Hobby,TIME_LIMIT_EXCEEDED,C++20 (GCC 13-64),1744669189
315637106,sai_pratheek,Alternating String,OK,C++17 (GCC 7-32),1744667779
315632470,Salzcity,Sakurako's Exam,OK,PyPy 3-64,1744663396
315625635,Jas167wanth,Alternating String,OK,C++17 (GCC 7-32),1744659055
315618533,cinkozzz,Sakurako's Exam,OK,Rust 2021,1744655401
315617626,cinkozzz,Sakurako's Exam,WRONG_ANSWER,Rust 2021,1744655003
315614222,-_rehankhan7_-,Sakurako's Box,OK,"C++23 (GCC 14-64, msys2)",1744653456
315613875,-_rehankhan7_-,Sakurako's Box,WRONG_ANSWER,"C++23 (GCC 14-64, msys2)",1744653298
315611831,coder__mann,Sakurako's Hobby,OK,C++20 (GCC 13-64),1744652348
315607633,saifa.io,Sakurako's Exam,WRONG_ANSWER,C++20 (GCC 13-64),1744650383
315607377,saifa.io,Sakurako's Exam,WRONG_ANSWER,C++20 (GCC 13-64),1744650261
315599891,tushar_raghav,Square or Not,OK,C++17 (GCC 7-32),1744646956
315589790,_1234567_,Sakurako's Task,OK,C++17 (GCC 7-32),1744642891
315587106,sh00t,Alternating String,OK,C++20 (GCC 13-64),1744641848
315585452,Nadosha20,Sakurako's Exam,OK,"C++23 (GCC 14-64, msys2)",1744641120
315584952,kingshivam,Alternating String,OK,C++17 (GCC 7-32),1744640868
315582514,fhocus,Longest Good Array,OK,"C++23 (GCC 14-64, msys2)",1744639740
315581049,wwwsddyy,Sakurako's Box,WRONG_ANSWER,"C++23 (GCC 14-64, msys2)",1744638980
315580705,wwwsddyy,Sakurako's Box,WRONG_ANSWER,"C++23 (GCC 14-64, msys2)",1744638793
315580655,Md_Mazid_Hussain_17,Sakurako's Exam,OK,C++20 (GCC 13-64),1744638768
315580153,Md_Mazid_Hussain_17,Sakurako's Exam,WRONG_ANSWER,C++20 (GCC 13-64),1744638478
315578870,owlliee,Sakurako's Hobby,OK,C++20 (GCC 13-64),1744637714
315577924,cyclop5,Longest Good Array,OK,Go,1744637083
315574862,wwwsddyy,Sakurako's Box,WRONG_ANSWER,"C++23 (GCC 14-64, msys2)",1744634418
315573007,chaoxuan,Square or Not,OK,C++17 (GCC 7-32),1744632809
315572166,Cherryboba,Longest Good Array,OK,GNU C11,1744632172
315566119,Darknight26,Sakurako's Box,OK,"C++23 (GCC 14-64, msys2)",1744628730
315565915,Darknight26,Sakurako's Box,WRONG_ANSWER,"C++23 (GCC 14-64, msys2)",1744628624
315565841,Darknight26,Sakurako's Box,WRONG_ANSWER,"C++23 (GCC 14-64, msys2)",1744628586
315565803,Darknight26,Sakurako's Box,WRONG_ANSWER,"C++23 (GCC 14-64, msys2)",1744628566
315564218,Darknight26,Sakurako's Box,OK,"C++23 (GCC 14-64, msys2)",1744627515
315564009,Stutya_Rai,Longest Good Array,OK,C++17 (GCC 7-32),1744627386
315563805,Darknight26,Sakurako's Box,WRONG_ANSWER,"C++23 (GCC 14-64, msys2)",1744627242
315563230,Darknight26,Sakurako's Box,WRONG_ANSWER,"C++23 (GCC 14-64, msys2)",1744626854
315562822,Darknight26,Sakurako's Box,WRONG_ANSWER,"C++23 (GCC 14-64, msys2)",1744626576
315562337,Darknight26,Sakurako's Box,WRONG_ANSWER,"C++23 (GCC 14-64, msys2)",1744626280
315562116,Darknight26,Sakurako's Box,WRONG_ANSWER,"C++23 (GCC 14-64, msys2)",1744626137
315562071,Stutya_Rai,Square or Not,OK,C++17 (GCC 7-32),1744626111
315561925,Darknight26,Sakurako's Box,WRONG_ANSWER,"C++23 (GCC 14-64, msys2)",1744626013
315561655,Darknight26,Sakurako's Box,WRONG_ANSWER,"C++23 (GCC 14-64, msys2)",1744625848
315561568,Darknight26,Sakurako's Box,WRONG_ANSWER,"C++23 (GCC 14-64, msys2)",1744625792
315561496,apekshit420,Square or Not,OK,C++17 (GCC 7-32),1744625744
315560085,Stutya_Rai,Sakurako's Exam,OK,C++17 (GCC 7-32),1744624784
315559287,Xunan21,Sakurako's Task,OK,C++20 (GCC 13-64),1744624218
315559106,Xunan21,Sakurako's Task,OK,C++20 (GCC 13-64),1744624077
315558395,dothething,Sakurako's Test,OK,C++17 (GCC 7-32),1744623565
315558351,Xunan21,Sakurako's Task,WRONG_ANSWER,C++20 (GCC 13-64),1744623539
315555438,Radha_21,Square or Not,WRONG_ANSWER,Python 3,1744621167
315553561,Nadosha20,Sakurako's Exam,WRONG_ANSWER,"C++23 (GCC 14-64, msys2)",1744619649
315551989,ApraCadabra,Sakurako's Test,OK,C++20 (GCC 13-64),1744618443
315544651,ABHISHEK_GUPTA_1234_,Longest Good Array,OK,"C++23 (GCC 14-64, msys2)",1744613691
315544527,pavanpaiallanki,Longest Good Array,OK,Java 8,1744613631
315544083,Nadosha20,Sakurako's Exam,WRONG_ANSWER,"C++23 (GCC 14-64, msys2)",1744613429
315542970,Somesh_Verma,Alternating String,OK,C++17 (GCC 7-32),1744612894
315541339,vigna123,Sakurako's Exam,COMPILATION_ERROR,Java 21,1744612101
315538820,ayukumar242004,Longest Good Array,OK,C++17 (GCC 7-32),1744610868
315536230,Dettow,Sakurako's Box,OK,C++20 (GCC 13-64),1744609406
315536080,Dettow,Sakurako's Box,WRONG_ANSWER,C++20 (GCC 13-64),1744609316
315536064,urbanetrex,Square or Not,OK,C++17 (GCC 7-32),1744609310
315535553,Dettow,Sakurako's Box,WRONG_ANSWER,C++20 (GCC 13-64),1744609023
315532888,ABHISHEK_GUPTA_1234_,Square or Not,OK,"C++23 (GCC 14-64, msys2)",1744607451
315532356,bharathn97,Sakurako's Box,OK,"C++23 (GCC 14-64, msys2)",1744607082
315529631,EmmanuelRojas,Alternating String,OK,C++20 (GCC 13-64),1744605384
315529418,EmmanuelRojas,Alternating String,WRONG_ANSWER,C++20 (GCC 13-64),1744605237
315525988,himadri765,Sakurako's Hobby,OK,C++17 (GCC 7-32),1744602526
315523289,Xunan21,Sakurako's Task,OK,"C++23 (GCC 14-64, msys2)",1744599911
315523225,Xunan21,Sakurako's Task,WRONG_ANSWER,"C++23 (GCC 14-64, msys2)",1744599834
315523157,Xunan21,Sakurako's Task,WRONG_ANSWER,"C++23 (GCC 14-64, msys2)",1744599759
315523089,Xunan21,Sakurako's Task,WRONG_ANSWER,"C++23 (GCC 14-64, msys2)",1744599669
315522961,joj00,Alternating String,OK,C++17 (GCC 7-32),1744599542
315521650,Xunan21,Sakurako's Task,WRONG_ANSWER,"C++23 (GCC 14-64, msys2)",1744598108
315521522,Xunan21,Sakurako's Task,COMPILATION_ERROR,"C++23 (GCC 14-64, msys2)",1744597983
315520907,Mobious,Sakurako's Task,OK,C++20 (GCC 13-64),1744597219
315520756,Mobious,Sakurako's Task,WRONG_ANSWER,C++20 (GCC 13-64),1744597067
315515135,_Justhere_,Sakurako's Task,OK,C++17 (GCC 7-32),1744588295
315515134,trainingycopa,Sakurako's Task,OK,C++17 (GCC 7-32),1744588293
315508623,soha_stack,Sakurako's Exam,OK,"C++23 (GCC 14-64, msys2)",1744579457
315503836,ABHISHEK_GUPTA_1234_,Sakurako's Exam,OK,"C++23 (GCC 14-64, msys2)",1744575800
315490058,Mamunuri_vishwendra,Longest Good Array,OK,C++17 (GCC 7-32),1744568695
315443214,samruddhi_09,Sakurako's Exam,OK,C++17 (GCC 7-32),1744563836
315440010,Hrishika_01,Sakurako's Exam,OK,C++17 (GCC 7-32),1744563644
315436904,samruddhi_09,Sakurako's Exam,WRONG_ANSWER,C++17 (GCC 7-32),1744563458
315352230,saurabh227,Longest Good Array,OK,C++17 (GCC 7-32),1744559702
315309204,BL4Z4R,Sakurako's Box,OK,C++20 (GCC 13-64),1744558448
315308687,McDaMia,Sakurako's Exam,WRONG_ANSWER,"C++23 (GCC 14-64, msys2)",1744558207
315307714,McDaMia,Sakurako's Exam,WRONG_ANSWER,"C++23 (GCC 14-64, msys2)",1744557767
315302748,vishal2045ks,Square or Not,OK,C++17 (GCC 7-32),1744555330
315301119,qusai.5,Sakurako's Exam,OK,C++20 (GCC 13-64),1744554516
315300764,pranavpanmandpsp7,Longest Good Array,OK,C++20 (GCC 13-64),1744554343
315300572,qusai.5,Sakurako's Exam,WRONG_ANSWER,C++20 (GCC 13-64),1744554255
315300531,tan074,Alternating String,OK,C++20 (GCC 13-64),1744554243
315300430,qusai.5,Sakurako's Exam,WRONG_ANSWER,C++20 (GCC 13-64),1744554186
315300377,qusai.5,Sakurako's Exam,WRONG_ANSWER,C++20 (GCC 13-64),1744554160
315300325,qusai.5,Sakurako's Exam,WRONG_ANSWER,C++20 (GCC 13-64),1744554132
315300119,qusai.5,Sakurako's Exam,WRONG_ANSWER,C++20 (GCC 13-64),1744554039
315299487,8899759,Alternating String,OK,PyPy 3,1744553750
315298577,samkitj,Sakurako's Hobby,OK,C++20 (GCC 13-64),1744553293
315291355,samkitj,Sakurako's Hobby,TIME_LIMIT_EXCEEDED,C++20 (GCC 13-64),1744549581
315290865,saisundhar,Sakurako's Hobby,OK,C++17 (GCC 7-32),1744549310
315290826,qusai.5,Sakurako's Exam,WRONG_ANSWER,C++20 (GCC 13-64),1744549289
315290643,qusai.5,Sakurako's Exam,WRONG_ANSWER,C++20 (GCC 13-64),1744549187
315290590,tu_to_,Sakurako's Exam,OK,"C++23 (GCC 14-64, msys2)",1744549167
315290091,tu_to_,Sakurako's Exam,WRONG_ANSWER,"C++23 (GCC 14-64, msys2)",1744548927
315289711,LoopVortex,Sakurako's Hobby,OK,"C++23 (GCC 14-64, msys2)",1744548728
315288705,kamatam.dhanush.ece23,Longest Good Array,OK,"C++23 (GCC 14-64, msys2)",1744548174
315288471,kamatam.dhanush.ece23,Longest Good Array,OK,"C++23 (GCC 14-64, msys2)",1744548045
315288327,parekh,Alternating String,OK,"C++23 (GCC 14-64, msys2)",1744547974
315287713,qusai.5,Sakurako's Exam,WRONG_ANSWER,C++20 (GCC 13-64),1744547649
315287306,qusai.5,Sakurako's Exam,WRONG_ANSWER,C++20 (GCC 13-64),1744547441
315286849,qusai.5,Sakurako's Exam,WRONG_ANSWER,C++20 (GCC 13-64),1744547195
315286109,kamatam.dhanush.ece23,Square or Not,OK,"C++23 (GCC 14-64, msys2)",1744546815
315285223,Nahidalalala,Sakurako's Box,OK,C++17 (GCC 7-32),1744546341
315285110,Nahidalalala,Sakurako's Box,WRONG_ANSWER,C++17 (GCC 7-32),1744546275
315284837,Nahidalalala,Sakurako's Box,WRONG_ANSWER,C++17 (GCC 7-32),1744546122
315284404,Akhil_09,Sakurako's Task,OK,C++20 (GCC 13-64),1744545882
315282876,adnanahmad,Alternating String,OK,C++17 (GCC 7-32),1744545081
315282820,Nishat_42,Sakurako's Exam,OK,C++20 (GCC 13-64),1744545056
315282413,lsjo,Sakurako's Hobby,OK,C++20 (GCC 13-64),1744544843
315282307,lsjo,Sakurako's Hobby,TIME_LIMIT_EXCEEDED,C++20 (GCC 13-64),1744544792
315277311,Vcoistnt,Sakurako's Task,TIME_LIMIT_EXCEEDED,"C++23 (GCC 14-64, msys2)",1744542293
315276956,Vcoistnt,Sakurako's Task,RUNTIME_ERROR,"C++23 (GCC 14-64, msys2)",1744542082
315273170,jiyasingh6870,Sakurako's Exam,OK,Java 8,1744540069
315268314,iamnextbigthingshivang,Sakurako's Task,OK,"C++23 (GCC 14-64, msys2)",1744537684
315267827,iamnextbigthingshivang,Sakurako's Task,WRONG_ANSWER,"C++23 (GCC 14-64, msys2)",1744537450
315265268,ZenithT,Sakurako's Hobby,OK,C++20 (GCC 13-64),1744536943
315263663,Vcoistnt,Sakurako's Task,OK,"C++23 (GCC 14-64, msys2)",1744536167
315263464,Vcoistnt,Sakurako's Task,OK,"C++23 (GCC 14-64, msys2)",1744536071
315263234,Vcoistnt,Sakurako's Task,OK,"C++23 (GCC 14-64, msys2)",1744535962
315263056,Vcoistnt,Sakurako's Task,WRONG_ANSWER,"C++23 (GCC 14-64, msys2)",1744535868
315262130,Vcoistnt,Sakurako's Task,WRONG_ANSWER,"C++23 (GCC 14-64, msys2)",1744535402
315261860,Vcoistnt,Sakurako's Task,WRONG_ANSWER,"C++23 (GCC 14-64, msys2)",1744535267
315261213,Vcoistnt,Sakurako's Task,WRONG_ANSWER,"C++23 (GCC 14-64, msys2)",1744534938
315261030,Dhrumil_Patel,Square or Not,OK,C++17 (GCC 7-32),1744534841
315260792,Vcoistnt,Sakurako's Task,WRONG_ANSWER,"C++23 (GCC 14-64, msys2)",1744534720
315258792,jiyasingh6870,Sakurako's Exam,WRONG_ANSWER,Java 8,1744533703
315258326,Dhrumil_Patel,Sakurako's Exam,OK,C++17 (GCC 7-32),1744533493
315256296,aleatorioguy,Square or Not,WRONG_ANSWER,C++17 (GCC 7-32),1744532444
315255134,AstraSapiens,Longest Good Array,OK,C++20 (GCC 13-64),1744531827
315254192,Taotao040520,Sakurako's Test,OK,C++17 (GCC 7-32),1744531375
315253073,saisundhar,Longest Good Array,OK,C++17 (GCC 7-32),1744530765
315251537,Vikas_soni,Sakurako's Box,WRONG_ANSWER,C++17 (GCC 7-32),1744529912
315251230,Vikas_soni,Sakurako's Box,WRONG_ANSWER,C++17 (GCC 7-32),1744529752
315250736,Vikas_soni,Sakurako's Box,WRONG_ANSWER,C++17 (GCC 7-32),1744529453
315249967,vanshgarg8683,Sakurako's Hobby,OK,C++17 (GCC 7-32),1744529006
315249006,vanshgarg8683,Sakurako's Hobby,TIME_LIMIT_EXCEEDED,C++17 (GCC 7-32),1744528488
315247861,Khushal_S,Sakurako's Box,OK,C++20 (GCC 13-64),1744527861
315247780,Khushal_S,Sakurako's Box,WRONG_ANSWER,C++20 (GCC 13-64),1744527809
315247543,Khushal_S,Sakurako's Box,WRONG_ANSWER,C++20 (GCC 13-64),1744527672
315247392,Khushal_S,Sakurako's Box,OK,C++20 (GCC 13-64),1744527574
315247335,Khushal_S,Sakurako's Box,WRONG_ANSWER,C++20 (GCC 13-64),1744527549
315246931,Khushal_S,Sakurako's Box,WRONG_ANSWER,C++20 (GCC 13-64),1744527319
315246776,saisundhar,Square or Not,OK,C++17 (GCC 7-32),1744527223
315246024,cmhasibulhasan,Sakurako's Exam,OK,C++20 (GCC 13-64),1744526817
315241388,Khushal_S,Alternating String,OK,C++20 (GCC 13-64),1744524122
315240748,kannu06,Sakurako's Hobby,OK,C++17 (GCC 7-32),1744523754
315239553,saisundhar,Sakurako's Exam,OK,C++17 (GCC 7-32),1744523025
315238933,saisundhar,Sakurako's Exam,WRONG_ANSWER,C++17 (GCC 7-32),1744522611
315238532,saisundhar,Sakurako's Exam,WRONG_ANSWER,C++17 (GCC 7-32),1744522323
315238307,saisundhar,Sakurako's Exam,WRONG_ANSWER,C++17 (GCC 7-32),1744522166
315235615,surajsamal00,Sakurako's Hobby,OK,C++20 (GCC 13-64),1744520230
315234340,adarshsingh3002,Sakurako's Box,OK,C++20 (GCC 13-64),1744519144
315233874,RAJAB,Sakurako's Hobby,OK,C++20 (GCC 13-64),1744518731
315232208,RAJAB,Longest Good Array,OK,C++20 (GCC 13-64),1744517034
315231908,RAJAB,Square or Not,OK,C++20 (GCC 13-64),1744516720
315231753,Benjamin_Jin,Sakurako's Test,OK,"C++23 (GCC 14-64, msys2)",1744516549
315230707,RAJAB,Sakurako's Exam,OK,C++20 (GCC 13-64),1744515375
315230638,RAJAB,Sakurako's Exam,WRONG_ANSWER,C++20 (GCC 13-64),1744515306
315226975,xiachi,Sakurako's Exam,OK,C++20 (GCC 13-64),1744510388
315225601,urbanetrex,Longest Good Array,OK,C++17 (GCC 7-32),1744508293
315225343,joylintp,Sakurako's Exam,OK,PyPy 3-64,1744507824
315221600,ME-CA-NICA11,Sakurako's Box,OK,C++17 (GCC 7-32),1744499486
315221566,ME-CA-NICA11,Sakurako's Box,WRONG_ANSWER,C++17 (GCC 7-32),1744499389
315221529,divyanshsharma2003,Alternating String,OK,C++20 (GCC 13-64),1744499297
315221484,divyanshsharma2003,Alternating String,WRONG_ANSWER,C++20 (GCC 13-64),1744499210
315221350,ME-CA-NICA11,Sakurako's Box,TIME_LIMIT_EXCEEDED,C++17 (GCC 7-32),1744498937
315221310,ME-CA-NICA11,Sakurako's Box,WRONG_ANSWER,C++17 (GCC 7-32),1744498843
315221274,ME-CA-NICA11,Sakurako's Box,WRONG_ANSWER,C++17 (GCC 7-32),1744498789
315221147,ME-CA-NICA11,Sakurako's Box,WRONG_ANSWER,C++17 (GCC 7-32),1744498609
315218311,_Omar_Emad,Sakurako's Box,OK,"C++23 (GCC 14-64, msys2)",1744494704
315217426,The_Batman99,Sakurako's Hobby,OK,C++20 (GCC 13-64),1744493701
315217363,The_Batman99,Sakurako's Hobby,OK,C++20 (GCC 13-64),1744493643
315217289,ME-CA-NICA11,Sakurako's Box,WRONG_ANSWER,C++17 (GCC 7-32),1744493550
315217074,aleatorioguy,Square or Not,WRONG_ANSWER,C++17 (GCC 7-32),1744493347
315210470,SabirM,Longest Good Array,OK,"C++23 (GCC 14-64, msys2)",1744488310
315206981,kamatam.dhanush.ece23,Sakurako's Exam,OK,"C++23 (GCC 14-64, msys2)",1744486252
315206627,kamatam.dhanush.ece23,Sakurako's Exam,OK,"C++23 (GCC 14-64, msys2)",1744486073
315203244,XinLiao,Sakurako's Hobby,OK,PyPy 3-64,1744484299
315203105,XinLiao,Sakurako's Hobby,OK,PyPy 3-64,1744484227
315202859,XinLiao,Sakurako's Hobby,TIME_LIMIT_EXCEEDED,PyPy 3-64,1744484107
315202022,XinLiao,Sakurako's Hobby,TIME_LIMIT_EXCEEDED,PyPy 3-64,1744483641
315198530,Abishek_1809,Longest Good Array,OK,C++17 (GCC 7-32),1744481901
315198311,XinLiao,Sakurako's Hobby,TIME_LIMIT_EXCEEDED,PyPy 3-64,1744481802
315190928,aarkin_237,Sakurako's Box,OK,"C++23 (GCC 14-64, msys2)",1744478371
315189019,ShockerJoker,Sakurako's Hobby,OK,C++20 (GCC 13-64),1744477553
315188366,ShockerJoker,Sakurako's Hobby,TIME_LIMIT_EXCEEDED,C++20 (GCC 13-64),1744477386
315188172,Vivek15Sahu,Sakurako's Box,OK,"C++23 (GCC 14-64, msys2)",1744477337
315186501,Vivek15Sahu,Sakurako's Box,WRONG_ANSWER,"C++23 (GCC 14-64, msys2)",1744476866
315183447,Vivek15Sahu,Sakurako's Box,WRONG_ANSWER,"C++23 (GCC 14-64, msys2)",1744475833
315177079,zuba37,Sakurako's Box,OK,Python 3,1744473768
315173177,saklan,Sakurako's Exam,WRONG_ANSWER,"C++23 (GCC 14-64, msys2)",1744472532
315172897,saklan,Sakurako's Exam,WRONG_ANSWER,"C++23 (GCC 14-64, msys2)",1744472449
315171027,saklan,Sakurako's Exam,WRONG_ANSWER,"C++23 (GCC 14-64, msys2)",1744471821
315169881,8899759,Sakurako's Box,OK,C++17 (GCC 7-32),1744471409
315166661,siyam35,Longest Good Array,OK,C++20 (GCC 13-64),1744470480
315162356,iliazb,Sakurako's Exam,OK,C++17 (GCC 7-32),1744468968
315162048,iliazb,Sakurako's Exam,WRONG_ANSWER,C++17 (GCC 7-32),1744468851
315160507,tienguyen3541,Sakurako's Hobby,OK,C++17 (GCC 7-32),1744468330
315159390,saurabh227,Sakurako's Exam,OK,C++17 (GCC 7-32),1744467923
315157352,BGVShiva,Sakurako's Box,OK,C++17 (GCC 7-32),1744467219
315156178,BGVShiva,Sakurako's Box,WRONG_ANSWER,C++17 (GCC 7-32),1744466804
315152441,asdasdqwer,Sakurako's Task,OK,C++20 (GCC 13-64),1744465414
315151395,hyprox,Sakurako's Test,OK,C++20 (GCC 13-64),1744465006
315149822,haykaz,Sakurako's Exam,WRONG_ANSWER,C++20 (GCC 13-64),1744464339
315149713,haykaz,Sakurako's Exam,WRONG_ANSWER,C++20 (GCC 13-64),1744464294
315144296,Kate_Youssef,Sakurako's Exam,OK,C++17 (GCC 7-32),1744461717
315142764,ydc666,Sakurako's Task,OK,"C++23 (GCC 14-64, msys2)",1744460942
315140297,Mnacakan28.2011,Sakurako's Exam,OK,C++20 (GCC 13-64),1744459921
315139336,zuba37,Sakurako's Hobby,OK,C++17 (GCC 7-32),1744459511
315138547,Mnacakan28.2011,Sakurako's Exam,WRONG_ANSWER,C++20 (GCC 13-64),1744459195
315138190,Mnacakan28.2011,Sakurako's Exam,WRONG_ANSWER,C++20 (GCC 13-64),1744459080
315137576,Mnacakan28.2011,Sakurako's Exam,WRONG_ANSWER,C++20 (GCC 13-64),1744458867
315136369,Mnacakan28.2011,Sakurako's Exam,WRONG_ANSWER,C++20 (GCC 13-64),1744458444
315136142,Mnacakan28.2011,Sakurako's Exam,WRONG_ANSWER,C++20 (GCC 13-64),1744458357
315135891,Mnacakan28.2011,Sakurako's Exam,WRONG_ANSWER,C++20 (GCC 13-64),1744458272
315133299,vididvidid,Sakurako's Exam,OK,C++20 (GCC 13-64),1744457266
315132231,vididvidid,Sakurako's Exam,WRONG_ANSWER,C++20 (GCC 13-64),1744456732
315132193,CodingPrakharKapoor,Sakurako's Exam,OK,Python 3,1744456713
315132080,CodingPrakharKapoor,Sakurako's Exam,WRONG_ANSWER,Python 3,1744456658
315132079,vididvidid,Sakurako's Exam,WRONG_ANSWER,C++20 (GCC 13-64),1744456658
315131910,CodingPrakharKapoor,Sakurako's Exam,WRONG_ANSWER,Python 3,1744456587
315131844,vididvidid,Sakurako's Exam,WRONG_ANSWER,C++20 (GCC 13-64),1744456555
315131720,vididvidid,Sakurako's Exam,WRONG_ANSWER,C++20 (GCC 13-64),1744456481
315131023,CodingPrakharKapoor,Square or Not,OK,Python 3,1744456111
315130498,vididvidid,Square or Not,OK,C++20 (GCC 13-64),1744455842
315130180,vididvidid,Square or Not,WRONG_ANSWER,C++20 (GCC 13-64),1744455677
315129236,zuba37,Sakurako's Box,OK,C++17 (GCC 7-32),1744455190
315128625,CodingPrakharKapoor,Longest Good Array,OK,Python 3,1744454883
315128543,vididvidid,Longest Good Array,OK,C++20 (GCC 13-64),1744454842
315127950,zuba37,Sakurako's Box,WRONG_ANSWER,C++17 (GCC 7-32),1744454531
315127722,CodingPrakharKapoor,Longest Good Array,TIME_LIMIT_EXCEEDED,Python 3,1744454424
315125260,eng_Marwen,Sakurako's Box,OK,C++17 (GCC 7-32),1744453283
315124947,Nabil_Sami,Longest Good Array,OK,C++20 (GCC 13-64),1744453146
315124482,eng_Marwen,Sakurako's Box,WRONG_ANSWER,C++17 (GCC 7-32),1744452929
315124426,eng_Marwen,Sakurako's Box,WRONG_ANSWER,C++17 (GCC 7-32),1744452904
315119918,Survivor45,Alternating String,OK,C++17 (GCC 7-32),1744450721
315118447,eng_Marwen,Sakurako's Hobby,OK,C++17 (GCC 7-32),1744450059
315116080,useyourbrain,Sakurako's Exam,WRONG_ANSWER,"C++23 (GCC 14-64, msys2)",1744449080
315113568,ayhamzaidd,Sakurako's Hobby,OK,C++20 (GCC 13-64),1744448004
315113228,useyourbrain,Sakurako's Exam,WRONG_ANSWER,"C++23 (GCC 14-64, msys2)",1744447859
315107818,Akshay_Adak_289,Sakurako's Task,OK,C++17 (GCC 7-32),1744445690
315107532,Akshay_Adak_289,Sakurako's Task,WRONG_ANSWER,C++17 (GCC 7-32),1744445592
315107085,Akshay_Adak_289,Sakurako's Task,WRONG_ANSWER,C++17 (GCC 7-32),1744445436
315105902,Akshay_Adak_289,Sakurako's Task,WRONG_ANSWER,C++17 (GCC 7-32),1744444975
315105871,Ravi___09,Alternating String,OK,"C++23 (GCC 14-64, msys2)",1744444959
315105769,Ravi___09,Alternating String,WRONG_ANSWER,"C++23 (GCC 14-64, msys2)",1744444920
315104735,Ravi___09,Alternating String,WRONG_ANSWER,"C++23 (GCC 14-64, msys2)",1744444551
315104268,Ravi___09,Alternating String,WRONG_ANSWER,"C++23 (GCC 14-64, msys2)",1744444400
315102980,NS_44,Longest Good Array,OK,C++20 (GCC 13-64),1744443990
315097770,Hamelinn,Sakurako's Hobby,OK,Python 3,1744441996
315096943,Gemini_test_by_wx2486,Sakurako's Box,OK,Python 3,1744441694
315096173,SIAM_809,Longest Good Array,OK,C++20 (GCC 13-64),1744441382
315094402,Ravi___09,Alternating String,TIME_LIMIT_EXCEEDED,"C++23 (GCC 14-64, msys2)",1744440656
315085923,tanshaote,Square or Not,OK,C++17 (GCC 7-32),1744436795
315078427,saxel,Sakurako's Hobby,TIME_LIMIT_EXCEEDED,PyPy 3-64,1744431375
315078374,saxel,Sakurako's Hobby,TIME_LIMIT_EXCEEDED,PyPy 3,1744431305
315073331,D1mitriik,Longest Good Array,OK,PyPy 3-64,1744425186
315070454,white-lotus,Alternating String,OK,"C++23 (GCC 14-64, msys2)",1744420323
315070220,saxel,Sakurako's Hobby,TIME_LIMIT_EXCEEDED,Java 21,1744419882
315069974,white-lotus,Alternating String,WRONG_ANSWER,"C++23 (GCC 14-64, msys2)",1744419343
315068970,maestroDaVinci,Longest Good Array,OK,"C++23 (GCC 14-64, msys2)",1744417188
315066428,beta-ori,Sakurako's Hobby,OK,C++17 (GCC 7-32),1744411632
315061950,skaran_1911,Longest Good Array,OK,C++20 (GCC 13-64),1744405956
315057658,shawon,Sakurako's Box,OK,C++17 (GCC 7-32),1744402542
315057190,shawon,Sakurako's Box,WRONG_ANSWER,C++17 (GCC 7-32),1744402253
315052631,Rohit_86624,Longest Good Array,OK,C++17 (GCC 7-32),1744399198
315052276,Rohit_86624,Longest Good Array,OK,C++17 (GCC 7-32),1744398991
315048969,Diehard,Sakurako's Hobby,OK,C++17 (GCC 7-32),1744397100
315048491,vasireddyvenu,Longest Good Array,OK,C++17 (GCC 7-32),1744396801
315047219,utsav_07,Square or Not,OK,C++20 (GCC 13-64),1744396067
315047066,YASH459,Sakurako's Exam,OK,Python 3,1744395999
315046403,noob_coder_782,Longest Good Array,OK,"C++23 (GCC 14-64, msys2)",1744395659
315042271,olelo,Alternating String,OK,"C++23 (GCC 14-64, msys2)",1744393339
315040996,Alex.25.12,Square or Not,WRONG_ANSWER,C++20 (GCC 13-64),1744392578
315040873,Alex.25.12,Square or Not,WRONG_ANSWER,C++20 (GCC 13-64),1744392515
315035308,Ahmed_ekram,Sakurako's Exam,OK,"C++23 (GCC 14-64, msys2)",1744389567
315032846,tareq_monowar,Sakurako's Hobby,OK,C++20 (GCC 13-64),1744388242
315031782,PavelBesp,Sakurako's Hobby,OK,"C++23 (GCC 14-64, msys2)",1744387724
315029842,Dominatrixx,Alternating String,OK,C++17 (GCC 7-32),1744386762
315025085,Max_Rosul,Sakurako's Task,OK,C++17 (GCC 7-32),1744384510
315024975,eng_Marwen,Longest Good Array,OK,C++17 (GCC 7-32),1744384423
315024797,for666,Sakurako's Test,OK,C++17 (GCC 7-32),1744384364
315024616,Max_Rosul,Sakurako's Task,WRONG_ANSWER,C++17 (GCC 7-32),1744384244
315023677,ZUHAYER_,Alternating String,OK,C++17 (GCC 7-32),1744383820
315023446,Max_Rosul,Sakurako's Task,WRONG_ANSWER,C++17 (GCC 7-32),1744383702
315023371,Max_Rosul,Sakurako's Task,WRONG_ANSWER,C++17 (GCC 7-32),1744383672
315023112,Max_Rosul,Sakurako's Task,WRONG_ANSWER,C++17 (GCC 7-32),1744383562
315020307,eng_Marwen,Square or Not,OK,C++17 (GCC 7-32),1744382334
315019813,eng_Marwen,Square or Not,WRONG_ANSWER,C++17 (GCC 7-32),1744382138
315019498,eng_Marwen,Square or Not,WRONG_ANSWER,C++17 (GCC 7-32),1744381999
315019138,kuzkabogdan,Sakurako's Exam,WRONG_ANSWER,C++20 (GCC 13-64),1744381848
315019097,kuzkabogdan,Sakurako's Exam,COMPILATION_ERROR,C++20 (GCC 13-64),1744381830
315017021,eng_Marwen,Square or Not,WRONG_ANSWER,C++17 (GCC 7-32),1744380983
315015589,prac_till_pert,Alternating String,OK,Java 21,1744380355
315014430,smartcodes,Sakurako's Hobby,RUNTIME_ERROR,PyPy 3,1744379875
315013274,eng_Marwen,Sakurako's Exam,OK,C++17 (GCC 7-32),1744379369
315010492,Cracker_2898,Sakurako's Box,WRONG_ANSWER,C++17 (GCC 7-32),1744378110
315009716,Rakshit_1,Sakurako's Task,OK,C++20 (GCC 13-64),1744377755
315009099,A7.mj,Sakurako's Hobby,OK,C++20 (GCC 13-64),1744377465
315003882,Mr.mayank,Sakurako's Hobby,OK,Python 3,1744374845
314995573,smartcodes,Longest Good Array,OK,PyPy 3,1744370262
314995426,A7.mj,Longest Good Array,OK,C++20 (GCC 13-64),1744370174
314992936,ZOIZOI,Longest Good Array,OK,C++17 (GCC 7-32),1744368698
314992502,smartcodes,Sakurako's Exam,OK,PyPy 3,1744368427
314988013,Fushicho,Sakurako's Exam,OK,"C++23 (GCC 14-64, msys2)",1744365716
314987857,Fushicho,Sakurako's Exam,WRONG_ANSWER,"C++23 (GCC 14-64, msys2)",1744365624
314985462,Fushicho,Square or Not,OK,"C++23 (GCC 14-64, msys2)",1744364343
314984286,tytu592c,Sakurako's Exam,WRONG_ANSWER,C++17 (GCC 7-32),1744363689
314984098,tytu592c,Sakurako's Exam,WRONG_ANSWER,C++17 (GCC 7-32),1744363591
314983717,tytu592c,Sakurako's Exam,WRONG_ANSWER,C++17 (GCC 7-32),1744363394
314982917,VoidRunner,Sakurako's Box,OK,C++20 (GCC 13-64),1744363012
314982644,VoidRunner,Sakurako's Box,OK,C++20 (GCC 13-64),1744362874
314982577,VoidRunner,Sakurako's Box,WRONG_ANSWER,C++20 (GCC 13-64),1744362835
314982504,VoidRunner,Sakurako's Box,WRONG_ANSWER,C++20 (GCC 13-64),1744362796
314982432,VoidRunner,Sakurako's Box,WRONG_ANSWER,C++20 (GCC 13-64),1744362758
314982360,VoidRunner,Sakurako's Box,WRONG_ANSWER,C++20 (GCC 13-64),1744362715
314982113,VoidRunner,Sakurako's Box,OK,C++20 (GCC 13-64),1744362566
314981723,VoidRunner,Sakurako's Box,WRONG_ANSWER,C++20 (GCC 13-64),1744362337
314981364,VoidRunner,Sakurako's Box,WRONG_ANSWER,C++20 (GCC 13-64),1744362133
314981122,VoidRunner,Sakurako's Box,TIME_LIMIT_EXCEEDED,C++20 (GCC 13-64),1744362003
314980873,VoidRunner,Sakurako's Box,WRONG_ANSWER,C++20 (GCC 13-64),1744361856
314979774,adatiitg,Longest Good Array,OK,"C++23 (GCC 14-64, msys2)",1744361244
314978857,for666,Sakurako's Test,TIME_LIMIT_EXCEEDED,C++17 (GCC 7-32),1744360698
314977660,an_oppressed_rookie,Alternating String,OK,C++17 (GCC 7-32),1744359944
314970123,Infernus04,Alternating String,WRONG_ANSWER,"C++23 (GCC 14-64, msys2)",1744355477
314968964,dpisgreedy,Sakurako's Exam,OK,C++20 (GCC 13-64),1744354750
314962869,vasireddyvenu,Square or Not,OK,C++17 (GCC 7-32),1744351920
314961947,vasireddyvenu,Sakurako's Hobby,OK,C++17 (GCC 7-32),1744351228
314961342,Anubhav-GEU-07,Square or Not,OK,C++17 (GCC 7-32),1744350761
314961130,Anubhav-GEU-07,Square or Not,COMPILATION_ERROR,C++17 (GCC 7-32),1744350626
314960737,focus_2025,Longest Good Array,OK,"C++23 (GCC 14-64, msys2)",1744350338
314960614,Anubhav-GEU-07,Square or Not,WRONG_ANSWER,C++17 (GCC 7-32),1744350256
314956880,srv_surya,Sakurako's Box,OK,C++17 (GCC 7-32),1744347050
314956742,srv_surya,Sakurako's Box,WRONG_ANSWER,C++17 (GCC 7-32),1744346923
314956536,srv_surya,Sakurako's Box,WRONG_ANSWER,C++17 (GCC 7-32),1744346745
314954814,saxel,Sakurako's Hobby,TIME_LIMIT_EXCEEDED,PyPy 3-64,1744345023
314951825,wecu,Alternating String,OK,C++17 (GCC 7-32),1744341913
314951257,wecu,Alternating String,WRONG_ANSWER,C++17 (GCC 7-32),1744341241
314947009,saxel,Longest Good Array,OK,PyPy 3-64,1744334696
314943180,fernunex,Sakurako's Exam,OK,C++17 (GCC 7-32),1744326852
314943010,kensdomain101,Square or Not,OK,"C++23 (GCC 14-64, msys2)",1744326490
314939316,adatiitg,Square or Not,OK,"C++23 (GCC 14-64, msys2)",1744320546
314936387,PotatoTurf,Square or Not,OK,C++17 (GCC 7-32),1744317490
314932325,sarvagyadwivedi,Sakurako's Exam,OK,Java 21,1744314220
314932318,stefan_313,Sakurako's Hobby,OK,C++17 (GCC 7-32),1744314216
314929698,Adrenaline_00,Alternating String,OK,"C++23 (GCC 14-64, msys2)",1744312393
314925753,adatiitg,Sakurako's Exam,OK,"C++23 (GCC 14-64, msys2)",1744310099
314924993,prac_till_pert,Alternating String,WRONG_ANSWER,Java 21,1744309732
314923900,NothingHard,Longest Good Array,OK,"C++23 (GCC 14-64, msys2)",1744309185
314923414,shalu_chauhan121,Sakurako's Box,OK,C++17 (GCC 7-32),1744308963
314923300,Omjoshi_7206,Sakurako's Hobby,OK,C++17 (GCC 7-32),1744308898
314923020,detuvoldo,Sakurako's Hobby,OK,C++20 (GCC 13-64),1744308744
314922841,alfred555,Longest Good Array,OK,C++20 (GCC 13-64),1744308642
314922830,Deepak_challa,Alternating String,OK,"C++23 (GCC 14-64, msys2)",1744308636
314922453,NothingHard,Longest Good Array,COMPILATION_ERROR,GNU C11,1744308415
314921001,shalu_chauhan121,Sakurako's Box,WRONG_ANSWER,C++17 (GCC 7-32),1744307586
314920590,alfred555,Longest Good Array,WRONG_ANSWER,C++20 (GCC 13-64),1744307352
314919647,Wiped-Out,Longest Good Array,OK,"C++23 (GCC 14-64, msys2)",1744306843
314919056,alfred555,Longest Good Array,WRONG_ANSWER,C++20 (GCC 13-64),1744306507
314918491,sjain1131,Sakurako's Box,OK,C++17 (GCC 7-32),1744306186
314918310,sjain1131,Sakurako's Box,WRONG_ANSWER,C++17 (GCC 7-32),1744306079
314918071,sjain1131,Sakurako's Box,WRONG_ANSWER,C++17 (GCC 7-32),1744305928
314918031,shalu_chauhan121,Alternating String,WRONG_ANSWER,C++17 (GCC 7-32),1744305907
314917774,sjain1131,Sakurako's Box,WRONG_ANSWER,C++17 (GCC 7-32),1744305769
314917578,jewel22,Longest Good Array,OK,C++17 (GCC 7-32),1744305664
314915732,ragheedwahab,Sakurako's Exam,OK,C++20 (GCC 13-64),1744304678
314915534,extroias,Longest Good Array,OK,C++20 (GCC 13-64),1744304572
314914960,alfred555,Longest Good Array,WRONG_ANSWER,C++20 (GCC 13-64),1744304280
314913697,khushi1000,Alternating String,OK,C++17 (GCC 7-32),1744303618
314911058,khushi1000,Sakurako's Hobby,OK,C++17 (GCC 7-32),1744302216
314910551,introMANN,Sakurako's Hobby,OK,C++17 (GCC 7-32),1744301964
314910313,introMANN,Sakurako's Hobby,OK,C++17 (GCC 7-32),1744301841
314910284,vasireddyvenu,Sakurako's Exam,OK,C++17 (GCC 7-32),1744301830
314910114,floatblue,Sakurako's Hobby,OK,C++17 (GCC 7-32),1744301744
314909723,vasireddyvenu,Sakurako's Exam,WRONG_ANSWER,C++17 (GCC 7-32),1744301552
314909651,introMANN,Sakurako's Hobby,OK,C++17 (GCC 7-32),1744301516
314909309,khushi1000,Longest Good Array,OK,C++17 (GCC 7-32),1744301369
314908518,khushi1000,Square or Not,OK,C++17 (GCC 7-32),1744301018
314908248,introMANN,Sakurako's Hobby,OK,C++17 (GCC 7-32),1744300900
314907063,khushi1000,Sakurako's Exam,OK,C++17 (GCC 7-32),1744300280
314906229,Wiped-Out,Longest Good Array,WRONG_ANSWER,"C++23 (GCC 14-64, msys2)",1744299881
314899500,VoidRunner,Square or Not,OK,C++20 (GCC 13-64),1744296915
314899047,SiyamBhuiyan,Sakurako's Exam,OK,C++20 (GCC 13-64),1744296700
314898187,SiyamBhuiyan,Sakurako's Exam,WRONG_ANSWER,C++20 (GCC 13-64),1744296328
314897796,VoidRunner,Longest Good Array,OK,C++20 (GCC 13-64),1744296161
314895531,sadiatushalima226,Sakurako's Exam,OK,"C++23 (GCC 14-64, msys2)",1744295155
314895337,CUBICq,Sakurako's Test,OK,"C++23 (GCC 14-64, msys2)",1744295075
314895008,nklazy,Sakurako's Hobby,OK,C++17 (GCC 7-32),1744294925
314892828,nklazy,Sakurako's Hobby,TIME_LIMIT_EXCEEDED,C++17 (GCC 7-32),1744293873
314892401,nklazy,Sakurako's Hobby,TIME_LIMIT_EXCEEDED,C++17 (GCC 7-32),1744293678
314892206,nklazy,Sakurako's Hobby,TIME_LIMIT_EXCEEDED,C++17 (GCC 7-32),1744293594
314891620,nklazy,Sakurako's Hobby,TIME_LIMIT_EXCEEDED,C++17 (GCC 7-32),1744293343
314890520,pushkarparakh,Sakurako's Exam,WRONG_ANSWER,"C++23 (GCC 14-64, msys2)",1744292897
314890371,pushkarparakh,Sakurako's Exam,WRONG_ANSWER,"C++23 (GCC 14-64, msys2)",1744292837
314889976,HarjeetSingh13,Sakurako's Box,OK,C++17 (GCC 7-32),1744292658
314889595,Mitpro,Sakurako's Exam,OK,C++17 (GCC 7-32),1744292502
314888498,Hasanv,Sakurako's Test,OK,C++17 (GCC 7-32),1744292075
314888032,nklazy,Sakurako's Hobby,TIME_LIMIT_EXCEEDED,C++17 (GCC 7-32),1744291867
314887869,nklazy,Sakurako's Hobby,TIME_LIMIT_EXCEEDED,C++17 (GCC 7-32),1744291808
314885965,meet_g,Square or Not,OK,C++17 (GCC 7-32),1744290989
314884722,zzzz43210,Sakurako's Box,OK,C++17 (GCC 7-32),1744290454
314879267,princeakanerd,Alternating String,OK,"C++23 (GCC 14-64, msys2)",1744288006
314878203,Zhuobai,Sakurako's Hobby,OK,"C++23 (GCC 14-64, msys2)",1744287477
314877739,Simmy_coder,Longest Good Array,OK,C++17 (GCC 7-32),1744287262
314876402,Tod,Sakurako's Box,OK,C++17 (GCC 7-32),1744286603
314876247,Tod,Sakurako's Box,WRONG_ANSWER,C++17 (GCC 7-32),1744286533
314875929,Mr_Gajera112,Square or Not,OK,C++20 (GCC 13-64),1744286390
314875616,Tom_hby,Longest Good Array,OK,Python 3,1744286241
314875444,Fir.Dream,Sakurako's Test,OK,C++17 (GCC 7-32),1744286159
314875194,Fir.Dream,Sakurako's Test,TIME_LIMIT_EXCEEDED,C++17 (GCC 7-32),1744286033
314873896,Mitpro,Sakurako's Exam,WRONG_ANSWER,C++17 (GCC 7-32),1744285507
314873844,Mitpro,Sakurako's Exam,WRONG_ANSWER,C++17 (GCC 7-32),1744285474
314873588,Mitpro,Sakurako's Exam,WRONG_ANSWER,C++17 (GCC 7-32),1744285342
314873278,Mitpro,Sakurako's Exam,WRONG_ANSWER,C++17 (GCC 7-32),1744285185
314873175,Zhuobai,Longest Good Array,OK,"C++23 (GCC 14-64, msys2)",1744285135
314873126,Zhuobai,Longest Good Array,MEMORY_LIMIT_EXCEEDED,"C++23 (GCC 14-64, msys2)",1744285110
314873094,olelo,Sakurako's Box,WRONG_ANSWER,"C++23 (GCC 14-64, msys2)",1744285095
314873083,Zhuobai,Longest Good Array,MEMORY_LIMIT_EXCEEDED,"C++23 (GCC 14-64, msys2)",1744285088
314872961,_Infinity_Leo_,Alternating String,OK,"C++23 (GCC 14-64, msys2)",1744285024
314872765,fanfly,Sakurako's Hobby,OK,C++17 (GCC 7-32),1744284939
314872378,Zhuobai,Square or Not,OK,"C++23 (GCC 14-64, msys2)",1744284742
314871696,Zhuobai,Sakurako's Exam,OK,"C++23 (GCC 14-64, msys2)",1744284396
314871403,Zhuobai,Sakurako's Exam,WRONG_ANSWER,"C++23 (GCC 14-64, msys2)",1744284243
314871225,Zhuobai,Sakurako's Exam,COMPILATION_ERROR,GNU C11,1744284166
314870996,Zhuobai,Sakurako's Exam,COMPILATION_ERROR,GNU C11,1744284061
314870947,olelo,Sakurako's Box,OK,"C++23 (GCC 14-64, msys2)",1744284039
314870821,Zhuobai,Sakurako's Exam,COMPILATION_ERROR,GNU C11,1744283975
314870281,olelo,Sakurako's Box,WRONG_ANSWER,"C++23 (GCC 14-64, msys2)",1744283699
314869906,olelo,Sakurako's Box,COMPILATION_ERROR,"C++23 (GCC 14-64, msys2)",1744283513
314869642,olelo,Sakurako's Box,WRONG_ANSWER,"C++23 (GCC 14-64, msys2)",1744283374
314869031,Tahirliyev,Sakurako's Test,OK,C++20 (GCC 13-64),1744283030
314868967,olelo,Sakurako's Box,WRONG_ANSWER,"C++23 (GCC 14-64, msys2)",1744282995
314868889,olelo,Sakurako's Box,WRONG_ANSWER,"C++23 (GCC 14-64, msys2)",1744282951
314868754,olelo,Sakurako's Box,WRONG_ANSWER,"C++23 (GCC 14-64, msys2)",1744282889
314866710,Fir.Dream,Sakurako's Test,OK,C++17 (GCC 7-32),1744281765
314866401,Fir.Dream,Sakurako's Test,TIME_LIMIT_EXCEEDED,C++17 (GCC 7-32),1744281594
314865900,Fir.Dream,Sakurako's Test,WRONG_ANSWER,C++17 (GCC 7-32),1744281323
314865655,Fir.Dream,Sakurako's Test,TIME_LIMIT_EXCEEDED,C++17 (GCC 7-32),1744281181
314865626,shubhamchaurasiaap16,Sakurako's Hobby,OK,"C++23 (GCC 14-64, msys2)",1744281165
314865137,shubhamchaurasiaap16,Sakurako's Hobby,TIME_LIMIT_EXCEEDED,"C++23 (GCC 14-64, msys2)",1744280898
314864399,Fir.Dream,Sakurako's Test,WRONG_ANSWER,C++17 (GCC 7-32),1744280488
314864397,shubhamchaurasiaap16,Sakurako's Hobby,TIME_LIMIT_EXCEEDED,"C++23 (GCC 14-64, msys2)",1744280488
314863780,Bora_OCALAN,Sakurako's Exam,WRONG_ANSWER,"C++23 (GCC 14-64, msys2)",1744280161
314863653,Fir.Dream,Sakurako's Test,WRONG_ANSWER,C++17 (GCC 7-32),1744280095
314863387,Fir.Dream,Sakurako's Test,WRONG_ANSWER,C++17 (GCC 7-32),1744279963
314863073,Bora_OCALAN,Sakurako's Exam,WRONG_ANSWER,"C++23 (GCC 14-64, msys2)",1744279786
314861966,stardust_eternalt,Longest Good Array,OK,C++17 (GCC 7-32),1744279192
314861334,SHUBHAM_SINGH_PATEL__,Sakurako's Box,OK,"C++23 (GCC 14-64, msys2)",1744278849
314861141,SHUBHAM_SINGH_PATEL__,Sakurako's Box,WRONG_ANSWER,"C++23 (GCC 14-64, msys2)",1744278728
314860671,SHUBHAM_SINGH_PATEL__,Sakurako's Box,WRONG_ANSWER,"C++23 (GCC 14-64, msys2)",1744278468
314860523,SHUBHAM_SINGH_PATEL__,Sakurako's Box,WRONG_ANSWER,"C++23 (GCC 14-64, msys2)",1744278393
314860481,YWKM,Longest Good Array,OK,"C++23 (GCC 14-64, msys2)",1744278374
314858134,MrBarHat,Square or Not,OK,C++17 (GCC 7-32),1744277114
314856850,Fir.Dream,Sakurako's Test,TIME_LIMIT_EXCEEDED,C++17 (GCC 7-32),1744276475
314856425,Fir.Dream,Sakurako's Test,TIME_LIMIT_EXCEEDED,C++17 (GCC 7-32),1744276228
314855516,Nexelle,Sakurako's Box,OK,C++20 (GCC 13-64),1744275736
314851213,lilyuan,Sakurako's Test,OK,C++20 (GCC 13-64),1744273400
314845102,jaduu,Sakurako's Box,OK,"C++23 (GCC 14-64, msys2)",1744269763
314842739,Mayura-The-Slayer,Alternating String,OK,"C++23 (GCC 14-64, msys2)",1744268469
314842404,atik_uwu,Sakurako's Hobby,OK,"C++23 (GCC 14-64, msys2)",1744268293
314839454,runawayawayaway,Longest Good Array,OK,C++17 (GCC 7-32),1744266736
314837615,Muchenxixi_,Longest Good Array,OK,C++17 (GCC 7-32),1744265651
314835627,NotFound,Sakurako's Test,OK,C++20 (GCC 13-64),1744264423
314835074,NotFound,Sakurako's Test,OK,C++20 (GCC 13-64),1744264040
314834618,NotFound,Sakurako's Test,WRONG_ANSWER,C++20 (GCC 13-64),1744263701
314832674,harrypotter1906,Sakurako's Exam,OK,C++20 (GCC 13-64),1744262338
314830608,GGodSSpeed,Sakurako's Test,OK,C++20 (GCC 13-64),1744260736
314829627,YashSarvaiya,Sakurako's Exam,OK,C++17 (GCC 7-32),1744259957
314829240,YashSarvaiya,Sakurako's Exam,WRONG_ANSWER,C++17 (GCC 7-32),1744259636
314828286,sray3000,Sakurako's Hobby,OK,"C++23 (GCC 14-64, msys2)",1744258763
314828235,ljh537ljh,Alternating String,OK,C++17 (GCC 7-32),1744258710
314823335,__ALBION__,Longest Good Array,OK,"C++23 (GCC 14-64, msys2)",1744252659
314820676,alexlikemath007,Sakurako's Test,OK,C++17 (GCC 7-32),1744248447
314818591,kensdomain101,Square or Not,OK,"C++23 (GCC 14-64, msys2)",1744244949
314818537,kensdomain101,Square or Not,WRONG_ANSWER,"C++23 (GCC 14-64, msys2)",1744244824
314818365,kensdomain101,Square or Not,WRONG_ANSWER,"C++23 (GCC 14-64, msys2)",1744244416
314818138,kensdomain101,Square or Not,WRONG_ANSWER,"C++23 (GCC 14-64, msys2)",1744243936
314818076,kensdomain101,Square or Not,WRONG_ANSWER,"C++23 (GCC 14-64, msys2)",1744243818
314818054,kensdomain101,Square or Not,WRONG_ANSWER,C++17 (GCC 7-32),1744243766
314812679,rust-eze,Sakurako's Exam,OK,C++17 (GCC 7-32),1744234404
314812656,rust-eze,Sakurako's Exam,COMPILATION_ERROR,C++17 (GCC 7-32),1744234380
314812628,The_yeager,Sakurako's Exam,OK,"C++23 (GCC 14-64, msys2)",1744234350
314809226,A7mad_Joba,Sakurako's Exam,OK,C++20 (GCC 13-64),1744230611
314808944,A7mad_Joba,Sakurako's Exam,WRONG_ANSWER,C++20 (GCC 13-64),1744230372
314806471,ta_rahmaan,Sakurako's Exam,WRONG_ANSWER,C++20 (GCC 13-64),1744228318
314805070,kumar_shubham15,Alternating String,OK,C++20 (GCC 13-64),1744227729
314804975,Mhdz.m,Alternating String,OK,C++17 (GCC 7-32),1744227669
314800485,devansh9725,Sakurako's Exam,OK,C++17 (GCC 7-32),1744224530
314798903,smittcodes,Square or Not,OK,C++20 (GCC 13-64),1744223588
314798006,devansh9725,Sakurako's Exam,WRONG_ANSWER,C++17 (GCC 7-32),1744223099
314797489,himanharsh,Sakurako's Hobby,OK,C++17 (GCC 7-32),1744222804
314797326,himanharsh,Sakurako's Hobby,OK,C++17 (GCC 7-32),1744222719
314795665,Blingblong,Sakurako's Hobby,OK,Python 3,1744221847
314794339,Blingblong,Sakurako's Hobby,TIME_LIMIT_EXCEEDED,Python 3,1744221134
314793284,anshul.py,Sakurako's Hobby,OK,"C++23 (GCC 14-64, msys2)",1744220588
314790874,menyhlas,Sakurako's Hobby,OK,C++20 (GCC 13-64),1744219410
314788225,menyhlas,Sakurako's Hobby,TIME_LIMIT_EXCEEDED,C++20 (GCC 13-64),1744218075
314783278,zqh_040606,Alternating String,OK,C++17 (GCC 7-32),1744216058
314780346,ahasan_mugdho,Longest Good Array,OK,"C++23 (GCC 14-64, msys2)",1744214557
314779591,N.14159,Sakurako's Hobby,OK,C++20 (GCC 13-64),1744214129
314769315,feiwenqiang,Alternating String,OK,"C++23 (GCC 14-64, msys2)",1744209067
314766945,Tushar_Riyat,Sakurako's Hobby,OK,PyPy 3-64,1744208056
314764868,danielliu5050,Longest Good Array,OK,"C++23 (GCC 14-64, msys2)",1744207172
314764676,agarwalpratham,Alternating String,WRONG_ANSWER,"C++23 (GCC 14-64, msys2)",1744207093
314764600,danielliu5050,Longest Good Array,WRONG_ANSWER,"C++23 (GCC 14-64, msys2)",1744207058
314764188,danielliu5050,Longest Good Array,WRONG_ANSWER,"C++23 (GCC 14-64, msys2)",1744206882
314761090,agarwalpratham,Sakurako's Box,OK,"C++23 (GCC 14-64, msys2)",1744205574
314760771,agarwalpratham,Sakurako's Box,WRONG_ANSWER,"C++23 (GCC 14-64, msys2)",1744205449
314760508,agarwalpratham,Sakurako's Box,OK,"C++23 (GCC 14-64, msys2)",1744205351
314760206,agarwalpratham,Sakurako's Box,WRONG_ANSWER,"C++23 (GCC 14-64, msys2)",1744205190
314759200,agarwalpratham,Sakurako's Box,WRONG_ANSWER,"C++23 (GCC 14-64, msys2)",1744204733
314759088,agarwalpratham,Sakurako's Box,WRONG_ANSWER,"C++23 (GCC 14-64, msys2)",1744204679
314753305,Andimeo,Sakurako's Test,OK,"C++23 (GCC 14-64, msys2)",1744202290
314752477,lem3allem,Sakurako's Exam,OK,Python 3,1744201943
314752038,lem3allem,Sakurako's Exam,WRONG_ANSWER,Python 3,1744201776
314748648,Tushar_Riyat,Sakurako's Hobby,OK,PyPy 3-64,1744200409
314747270,tan.nekimdt,Sakurako's Exam,OK,Python 3,1744199868
314747200,Andimeo,Sakurako's Test,TIME_LIMIT_EXCEEDED,"C++23 (GCC 14-64, msys2)",1744199840
314746510,Tushar_Riyat,Sakurako's Hobby,OK,PyPy 3-64,1744199583
314746417,Tushar_Riyat,Sakurako's Hobby,WRONG_ANSWER,PyPy 3-64,1744199543
314746345,Tushar_Riyat,Sakurako's Hobby,WRONG_ANSWER,PyPy 3-64,1744199516
314745888,vaibhav_dsa,Alternating String,OK,C++17 (GCC 7-32),1744199357
314745008,Andimeo,Sakurako's Task,OK,"C++23 (GCC 14-64, msys2)",1744198990
314742085,Andimeo,Sakurako's Box,OK,"C++23 (GCC 14-64, msys2)",1744197655
314740408,Andimeo,Alternating String,OK,"C++23 (GCC 14-64, msys2)",1744196971
314738104,shadow8412,Alternating String,OK,C++20 (GCC 13-64),1744195995
314737911,Andimeo,Sakurako's Hobby,OK,"C++23 (GCC 14-64, msys2)",1744195921
314736998,Andimeo,Longest Good Array,OK,"C++23 (GCC 14-64, msys2)",1744195544
314736759,Andimeo,Square or Not,OK,"C++23 (GCC 14-64, msys2)",1744195432
314735192,Andimeo,Sakurako's Exam,OK,"C++23 (GCC 14-64, msys2)",1744194785
314734064,akshnotfound404,Sakurako's Hobby,OK,"C++23 (GCC 14-64, msys2)",1744194267
314731966,idonotcare3210,Longest Good Array,OK,PyPy 3-64,1744193275
314729409,lilyuan,Alternating String,OK,C++20 (GCC 13-64),1744192051
314727182,lilyuan,Sakurako's Box,OK,C++20 (GCC 13-64),1744190508
314726264,Strangerr999,Sakurako's Task,OK,C++20 (GCC 13-64),1744189871
314724352,lilyuan,Sakurako's Hobby,OK,C++20 (GCC 13-64),1744188537
314721301,riskerggh,Sakurako's Test,OK,"C++23 (GCC 14-64, msys2)",1744186271
314721210,riskerggh,Sakurako's Test,WRONG_ANSWER,"C++23 (GCC 14-64, msys2)",1744186195
314720935,riskerggh,Sakurako's Test,WRONG_ANSWER,"C++23 (GCC 14-64, msys2)",1744185994
314720733,lilyuan,Longest Good Array,OK,C++20 (GCC 13-64),1744185859
314720622,riskerggh,Sakurako's Test,WRONG_ANSWER,"C++23 (GCC 14-64, msys2)",1744185785
314720055,lilyuan,Square or Not,OK,C++20 (GCC 13-64),1744185352
314719308,riskerggh,Sakurako's Test,TIME_LIMIT_EXCEEDED,"C++23 (GCC 14-64, msys2)",1744184802
314718996,riskerggh,Sakurako's Test,WRONG_ANSWER,"C++23 (GCC 14-64, msys2)",1744184562
314718762,YanFlerko,Longest Good Array,OK,C++20 (GCC 13-64),1744184384
314718320,riskerggh,Sakurako's Test,TIME_LIMIT_EXCEEDED,"C++23 (GCC 14-64, msys2)",1744184047
314716071,lilyuan,Sakurako's Exam,OK,C++20 (GCC 13-64),1744182350
314716027,PurpleHanHan,Sakurako's Exam,OK,C++20 (GCC 13-64),1744182315
314716005,PurpleHanHan,Square or Not,OK,C++20 (GCC 13-64),1744182304
314715985,PurpleHanHan,Longest Good Array,OK,C++20 (GCC 13-64),1744182290
314713911,utsav_07,Longest Good Array,OK,C++20 (GCC 13-64),1744180716
314709831,TempBahy,Sakurako's Box,OK,C++17 (GCC 7-32),1744177524
314709805,TempBahy,Sakurako's Box,OK,C++17 (GCC 7-32),1744177499
314709752,TempBahy,Sakurako's Box,WRONG_ANSWER,C++17 (GCC 7-32),1744177465
314709144,TempBahy,Sakurako's Box,WRONG_ANSWER,C++17 (GCC 7-32),1744177059
314708685,TempBahy,Sakurako's Box,WRONG_ANSWER,C++17 (GCC 7-32),1744176725
314708122,TempBahy,Sakurako's Box,WRONG_ANSWER,C++17 (GCC 7-32),1744176350
314698928,Ficapro,Sakurako's Exam,OK,C++20 (GCC 13-64),1744169339
314698773,raihanmahmud10112,Square or Not,WRONG_ANSWER,C++17 (GCC 7-32),1744169198
314696554,CarrotPlane,Square or Not,OK,C++17 (GCC 7-32),1744166846
314694277,khallark,Alternating String,OK,C++17 (GCC 7-32),1744163958
314693155,mohitsrinivasan,Sakurako's Exam,OK,Python 3,1744162365
314688494,Ahmed_Rabe33333333,Sakurako's Test,OK,"C++23 (GCC 14-64, msys2)",1744154588
314687913,luohaozhi,Sakurako's Exam,OK,C++20 (GCC 13-64),1744153600
314687340,Abdallah_RT,Sakurako's Test,OK,"C++23 (GCC 14-64, msys2)",1744152738
314684163,Ahmed_Rabe33333333,Sakurako's Task,OK,"C++23 (GCC 14-64, msys2)",1744148063
314684143,Ahmed_Rabe33333333,Sakurako's Task,OK,"C++23 (GCC 14-64, msys2)",1744148039
314684083,Ahmed_Rabe33333333,Sakurako's Task,WRONG_ANSWER,"C++23 (GCC 14-64, msys2)",1744147966
314683926,Ahmed_Rabe33333333,Sakurako's Task,WRONG_ANSWER,"C++23 (GCC 14-64, msys2)",1744147758
314683891,Ahmed_Rabe33333333,Sakurako's Task,WRONG_ANSWER,"C++23 (GCC 14-64, msys2)",1744147708
314683857,Ahmed_Rabe33333333,Sakurako's Task,WRONG_ANSWER,"C++23 (GCC 14-64, msys2)",1744147673
314683844,Ahmed_Rabe33333333,Sakurako's Task,WRONG_ANSWER,"C++23 (GCC 14-64, msys2)",1744147652
314682389,Ahmed_Rabe33333333,Sakurako's Task,MEMORY_LIMIT_EXCEEDED,"C++23 (GCC 14-64, msys2)",1744145983
314682293,Ahmed_Rabe33333333,Sakurako's Task,WRONG_ANSWER,"C++23 (GCC 14-64, msys2)",1744145892
314680437,Ahmed_Rabe33333333,Sakurako's Task,WRONG_ANSWER,"C++23 (GCC 14-64, msys2)",1744144066
314679999,Ahmed_Rabe33333333,Sakurako's Task,WRONG_ANSWER,"C++23 (GCC 14-64, msys2)",1744143669
314671794,Amogus82,Square or Not,OK,Python 3,1744138187
314671359,Amogus82,Square or Not,WRONG_ANSWER,Python 3,1744137980
314670570,hinabaina,Longest Good Array,OK,PyPy 3-64,1744137600
314670519,hinabaina,Longest Good Array,TIME_LIMIT_EXCEEDED,PyPy 3-64,1744137574
314670482,hinabaina,Sakurako's Exam,WRONG_ANSWER,PyPy 3-64,1744137560
314663266,Ahmed_Rabe33333333,Sakurako's Box,OK,"C++23 (GCC 14-64, msys2)",1744134499
314650997,Ark_313,Sakurako's Exam,OK,GNU C11,1744130904
314641847,Toreyah,Sakurako's Exam,OK,"C++23 (GCC 14-64, msys2)",1744130028
314641346,Toreyah,Sakurako's Exam,OK,"C++23 (GCC 14-64, msys2)",1744129981
314639470,layth2,Longest Good Array,OK,"C++23 (GCC 14-64, msys2)",1744129803
314636160,layth2,Longest Good Array,WRONG_ANSWER,"C++23 (GCC 14-64, msys2)",1744129496
314631109,layth2,Longest Good Array,WRONG_ANSWER,"C++23 (GCC 14-64, msys2)",1744129042
314609532,PareshSonagara,Sakurako's Exam,OK,C++17 (GCC 7-32),1744127436
314562250,NRBL21,Longest Good Array,OK,"C++23 (GCC 14-64, msys2)",1744124991
314544413,zeroafterzero,Sakurako's Hobby,OK,C++20 (GCC 13-64),1744124296
314503839,Abdullah_Fathi,Sakurako's Exam,OK,C++20 (GCC 13-64),1744122647
314503806,ritikChandra0990,Alternating String,WRONG_ANSWER,"C++23 (GCC 14-64, msys2)",1744122633
314503437,zeroafterzero,Sakurako's Hobby,TIME_LIMIT_EXCEEDED,C++20 (GCC 13-64),1744122444
314499239,Strangerr999,Sakurako's Task,TIME_LIMIT_EXCEEDED,C++20 (GCC 13-64),1744120521
314498891,Strangerr999,Sakurako's Task,WRONG_ANSWER,C++20 (GCC 13-64),1744120374
314498692,Strangerr999,Sakurako's Task,WRONG_ANSWER,C++20 (GCC 13-64),1744120311
314498202,Strangerr999,Sakurako's Task,WRONG_ANSWER,C++20 (GCC 13-64),1744120099
314497870,Strangerr999,Sakurako's Task,WRONG_ANSWER,C++20 (GCC 13-64),1744119945
314497732,singhabhijeet1212,Square or Not,OK,"C++23 (GCC 14-64, msys2)",1744119883
314497602,Strangerr999,Sakurako's Task,WRONG_ANSWER,C++20 (GCC 13-64),1744119825
314497344,singhabhijeet1212,Square or Not,COMPILATION_ERROR,"C++23 (GCC 14-64, msys2)",1744119726
314497279,Strangerr999,Sakurako's Task,WRONG_ANSWER,C++20 (GCC 13-64),1744119703
314497173,ritikChandra0990,Longest Good Array,OK,"C++23 (GCC 14-64, msys2)",1744119653
314497058,tiger24,Alternating String,OK,C++17 (GCC 7-32),1744119617
314496512,ritikChandra0990,Square or Not,OK,"C++23 (GCC 14-64, msys2)",1744119332
314495196,THEBLACKFYRE,Sakurako's Hobby,OK,"C++23 (GCC 14-64, msys2)",1744118736
314493426,vijayendra_ch,Sakurako's Hobby,TIME_LIMIT_EXCEEDED,C++17 (GCC 7-32),1744117989
314493421,THEBLACKFYRE,Longest Good Array,OK,"C++23 (GCC 14-64, msys2)",1744117987
314493015,ritikChandra0990,Sakurako's Exam,OK,"C++23 (GCC 14-64, msys2)",1744117803
314493009,THEBLACKFYRE,Longest Good Array,WRONG_ANSWER,"C++23 (GCC 14-64, msys2)",1744117800
314492757,vijayendra_ch,Sakurako's Hobby,TIME_LIMIT_EXCEEDED,C++17 (GCC 7-32),1744117667
314492384,Fist,Square or Not,OK,"C++23 (GCC 14-64, msys2)",1744117497
314491809,THEBLACKFYRE,Square or Not,OK,"C++23 (GCC 14-64, msys2)",1744117211
314490970,THEBLACKFYRE,Sakurako's Exam,OK,"C++23 (GCC 14-64, msys2)",1744116813
314488007,Ghost_212,Longest Good Array,WRONG_ANSWER,"C++23 (GCC 14-64, msys2)",1744115322
314487944,Ghost_212,Longest Good Array,WRONG_ANSWER,"C++23 (GCC 14-64, msys2)",1744115287
314487429,dvzl46,Sakurako's Hobby,OK,PyPy 3-64,1744115009
314485624,Ghost_212,Sakurako's Exam,OK,"C++23 (GCC 14-64, msys2)",1744114084
314484346,Noyondas290,Sakurako's Exam,OK,"C++23 (GCC 14-64, msys2)",1744113450
314483564,zeroafterzero,Longest Good Array,OK,C++20 (GCC 13-64),1744113079
314482440,kira27,Sakurako's Task,OK,C++17 (GCC 7-32),1744112495
314481921,siyam35,Sakurako's Exam,OK,C++20 (GCC 13-64),1744112210
314481455,Noyondas290,Sakurako's Exam,WRONG_ANSWER,"C++23 (GCC 14-64, msys2)",1744111950
314480890,zeroafterzero,Square or Not,OK,C++20 (GCC 13-64),1744111647
314478556,banti,Sakurako's Task,OK,C++20 (GCC 13-64),1744110350
314478549,bobbavishwanth,Sakurako's Hobby,WRONG_ANSWER,C++17 (GCC 7-32),1744110346
314477482,jiaozijia,Alternating String,OK,"C++23 (GCC 14-64, msys2)",1744109690
314477361,jiaozijia,Alternating String,WRONG_ANSWER,"C++23 (GCC 14-64, msys2)",1744109623
314476769,jiaozijia,Alternating String,TIME_LIMIT_EXCEEDED,"C++23 (GCC 14-64, msys2)",1744109247
314476577,jiaozijia,Alternating String,TIME_LIMIT_EXCEEDED,"C++23 (GCC 14-64, msys2)",1744109126
314476576,zeroafterzero,Sakurako's Exam,OK,C++20 (GCC 13-64),1744109126
314476329,educated,Alternating String,WRONG_ANSWER,"C++23 (GCC 14-64, msys2)",1744108960
314476172,educated,Alternating String,WRONG_ANSWER,"C++23 (GCC 14-64, msys2)",1744108872
314475796,shobhit_jha,Sakurako's Box,OK,"C++23 (GCC 14-64, msys2)",1744108610
314472175,educated,Sakurako's Hobby,OK,"C++23 (GCC 14-64, msys2)",1744106343
314472138,educated,Longest Good Array,RUNTIME_ERROR,"C++23 (GCC 14-64, msys2)",1744106320
314471982,RealAni,Longest Good Array,OK,"C++23 (GCC 14-64, msys2)",1744106230
314471868,RealAni,Longest Good Array,COMPILATION_ERROR,"C++23 (GCC 14-64, msys2)",1744106169
314469684,educated,Longest Good Array,OK,"C++23 (GCC 14-64, msys2)",1744104889
314469012,kira27,Alternating String,OK,C++17 (GCC 7-32),1744104537
314468577,educated,Square or Not,OK,"C++23 (GCC 14-64, msys2)",1744104295
314467746,nithin0810,Sakurako's Task,OK,C++20 (GCC 13-64),1744103813
314467616,educated,Sakurako's Exam,OK,"C++23 (GCC 14-64, msys2)",1744103733
314467387,educated,Sakurako's Exam,WRONG_ANSWER,"C++23 (GCC 14-64, msys2)",1744103616
314467369,educated,Sakurako's Exam,COMPILATION_ERROR,Kotlin 1.7,1744103606
314466913,kira27,Sakurako's Hobby,OK,C++17 (GCC 7-32),1744103316
314466579,jiaozijia,Alternating String,TIME_LIMIT_EXCEEDED,"C++23 (GCC 14-64, msys2)",1744103118
314466118,kira27,Longest Good Array,OK,C++17 (GCC 7-32),1744102840
314465993,AL2710,Sakurako's Box,OK,"C++23 (GCC 14-64, msys2)",1744102767
314465715,Alfred_124,Sakurako's Box,OK,C++20 (GCC 13-64),1744102590
314465647,Alfred_124,Sakurako's Box,OK,C++20 (GCC 13-64),1744102541
314465119,kira27,Square or Not,OK,C++17 (GCC 7-32),1744102204
314464606,AL2710,Sakurako's Box,OK,"C++23 (GCC 14-64, msys2)",1744101897
314464424,AL2710,Sakurako's Box,WRONG_ANSWER,"C++23 (GCC 14-64, msys2)",1744101787
314464371,AL2710,Sakurako's Box,WRONG_ANSWER,"C++23 (GCC 14-64, msys2)",1744101744
314464258,AL2710,Sakurako's Box,WRONG_ANSWER,"C++23 (GCC 14-64, msys2)",1744101666
314464181,AL2710,Sakurako's Box,WRONG_ANSWER,"C++23 (GCC 14-64, msys2)",1744101615
314463029,kira27,Sakurako's Exam,OK,C++17 (GCC 7-32),1744100860
314462845,kira27,Sakurako's Exam,WRONG_ANSWER,C++17 (GCC 7-32),1744100732
314459272,chicken_dev,Square or Not,OK,"C++23 (GCC 14-64, msys2)",1744098508
314459226,pawan_729,Alternating String,OK,"C++23 (GCC 14-64, msys2)",1744098477
314459025,pawan_729,Alternating String,RUNTIME_ERROR,"C++23 (GCC 14-64, msys2)",1744098361
314458171,Alfred_124,Sakurako's Box,WRONG_ANSWER,C++20 (GCC 13-64),1744097830
314457567,gkrishiv,Sakurako's Box,OK,"C++23 (GCC 14-64, msys2)",1744097486
314457367,gkrishiv,Sakurako's Box,WRONG_ANSWER,"C++23 (GCC 14-64, msys2)",1744097369
314457354,Alfred_124,Sakurako's Box,WRONG_ANSWER,C++20 (GCC 13-64),1744097363
314456691,Shashank_bhatnagar03,Alternating String,OK,C++17 (GCC 7-32),1744096979
314455513,Alfred_124,Sakurako's Box,WRONG_ANSWER,C++20 (GCC 13-64),1744096270
314455300,Alfred_124,Sakurako's Box,WRONG_ANSWER,C++20 (GCC 13-64),1744096120
314454990,Alfred_124,Sakurako's Box,WRONG_ANSWER,C++20 (GCC 13-64),1744095918
314454504,George_Joseph,Alternating String,OK,"C++23 (GCC 14-64, msys2)",1744095582
314454444,Kazi_Rasel,Sakurako's Box,OK,C++17 (GCC 7-32),1744095546
314453259,rishmish0806,Longest Good Array,OK,C++20 (GCC 13-64),1744094635
314452525,rishmish0806,Longest Good Array,WRONG_ANSWER,C++20 (GCC 13-64),1744094095
314451509,Ayaman,Alternating String,OK,C++17 (GCC 7-32),1744093404
314451192,jeelmalaviya03,Sakurako's Box,OK,"C++23 (GCC 14-64, msys2)",1744093183
314450730,jeelmalaviya03,Sakurako's Box,WRONG_ANSWER,"C++23 (GCC 14-64, msys2)",1744092872
314450463,jeelmalaviya03,Sakurako's Box,WRONG_ANSWER,"C++23 (GCC 14-64, msys2)",1744092701
314448762,jeelmalaviya03,Sakurako's Box,WRONG_ANSWER,"C++23 (GCC 14-64, msys2)",1744091538
314448275,tashib11,Sakurako's Exam,OK,C++17 (GCC 7-32),1744091150
314447529,shubham_kumar08,Sakurako's Exam,OK,C++17 (GCC 7-32),1744090549
314447406,tashib11,Sakurako's Exam,WRONG_ANSWER,C++17 (GCC 7-32),1744090466
314446046,George_Joseph,Alternating String,WRONG_ANSWER,"C++23 (GCC 14-64, msys2)",1744089275
314445446,George_Joseph,Alternating String,WRONG_ANSWER,"C++23 (GCC 14-64, msys2)",1744088813
314445166,George_Joseph,Alternating String,WRONG_ANSWER,"C++23 (GCC 14-64, msys2)",1744088623
314444096,Kavyagupta_094,Square or Not,OK,C++17 (GCC 7-32),1744087755
314443939,jeelmalaviya03,Longest Good Array,OK,"C++23 (GCC 14-64, msys2)",1744087624
314443936,Arc.,Alternating String,OK,C++17 (GCC 7-32),1744087622
314443655,X_X_PERFACTO_X_X,Sakurako's Exam,OK,PyPy 3-64,1744087346
314443473,GUFRANKHAN,Sakurako's Hobby,OK,C++17 (GCC 7-32),1744087185
314441535,jeelmalaviya03,Square or Not,OK,"C++23 (GCC 14-64, msys2)",1744085392
314440959,jeelmalaviya03,Square or Not,WRONG_ANSWER,"C++23 (GCC 14-64, msys2)",1744084782
314440316,jeelmalaviya03,Sakurako's Exam,OK,"C++23 (GCC 14-64, msys2)",1744084105
314440105,jeelmalaviya03,Sakurako's Exam,WRONG_ANSWER,"C++23 (GCC 14-64, msys2)",1744083834
314439885,layth2,Sakurako's Exam,OK,"C++23 (GCC 14-64, msys2)",1744083600
314439769,layth2,Sakurako's Exam,WRONG_ANSWER,"C++23 (GCC 14-64, msys2)",1744083465
314439475,HelloSkyy,Sakurako's Task,OK,"C++23 (GCC 14-64, msys2)",1744083132
314439460,HelloSkyy,Sakurako's Task,OK,"C++23 (GCC 14-64, msys2)",1744083116
314439421,HelloSkyy,Sakurako's Task,WRONG_ANSWER,"C++23 (GCC 14-64, msys2)",1744083076
314439210,HelloSkyy,Sakurako's Task,WRONG_ANSWER,"C++23 (GCC 14-64, msys2)",1744082813
314439035,HelloSkyy,Sakurako's Task,WRONG_ANSWER,"C++23 (GCC 14-64, msys2)",1744082606
314438886,HelloSkyy,Sakurako's Task,WRONG_ANSWER,"C++23 (GCC 14-64, msys2)",1744082461
314438747,HelloSkyy,Sakurako's Task,WRONG_ANSWER,"C++23 (GCC 14-64, msys2)",1744082302
314438557,HelloSkyy,Sakurako's Task,WRONG_ANSWER,"C++23 (GCC 14-64, msys2)",1744082095
314438366,HelloSkyy,Sakurako's Task,WRONG_ANSWER,"C++23 (GCC 14-64, msys2)",1744081910
314438232,HelloSkyy,Sakurako's Task,WRONG_ANSWER,"C++23 (GCC 14-64, msys2)",1744081756
314437786,HelloSkyy,Sakurako's Task,TIME_LIMIT_EXCEEDED,"C++23 (GCC 14-64, msys2)",1744081197
314436265,coderseaorcus,Alternating String,OK,C++20 (GCC 13-64),1744079081
314435664,Ahmed_Rabe33333333,Sakurako's Hobby,OK,"C++23 (GCC 14-64, msys2)",1744078305
314433117,enguunbayyr,Longest Good Array,WRONG_ANSWER,C++17 (GCC 7-32),1744074326
314432348,enguunbayyr,Longest Good Array,OK,C++17 (GCC 7-32),1744072829
314431381,Ahmed_Rabe33333333,Alternating String,OK,"C++23 (GCC 14-64, msys2)",1744070799
314431223,Ahmed_Rabe33333333,Alternating String,TIME_LIMIT_EXCEEDED,"C++23 (GCC 14-64, msys2)",1744070438
314431141,Ahmed_Rabe33333333,Alternating String,TIME_LIMIT_EXCEEDED,C++20 (GCC 13-64),1744070295
314431073,Ahmed_Rabe33333333,Alternating String,TIME_LIMIT_EXCEEDED,C++20 (GCC 13-64),1744070139
314430931,besher..,Longest Good Array,OK,C++20 (GCC 13-64),1744069789
314430535,besher..,Longest Good Array,TIME_LIMIT_EXCEEDED,C++20 (GCC 13-64),1744068896
314430042,besher..,Longest Good Array,TIME_LIMIT_EXCEEDED,C++20 (GCC 13-64),1744067860
314429253,aleatorioguy,Longest Good Array,OK,C++17 (GCC 7-32),1744066517
314426508,fatma_abdulwahab,Sakurako's Exam,OK,C++17 (GCC 7-32),1744062365
314426439,aleatorioguy,Square or Not,WRONG_ANSWER,C++17 (GCC 7-32),1744062249
314424761,fatma_abdulwahab,Sakurako's Exam,OK,C++17 (GCC 7-32),1744060361
314424221,Sampras_12345,Sakurako's Task,OK,C++17 (GCC 7-32),1744059909
314423163,RadinKamangarpour,Longest Good Array,OK,"C++23 (GCC 14-64, msys2)",1744058876
314421257,fatma_abdulwahab,Sakurako's Exam,WRONG_ANSWER,C++17 (GCC 7-32),1744057069
314421195,fatma_abdulwahab,Sakurako's Exam,WRONG_ANSWER,C++17 (GCC 7-32),1744057010
314420945,fatma_abdulwahab,Sakurako's Exam,WRONG_ANSWER,C++17 (GCC 7-32),1744056803
314420372,sjain1131,Alternating String,OK,C++17 (GCC 7-32),1744056339
314420340,sjain1131,Sakurako's Hobby,WRONG_ANSWER,C++17 (GCC 7-32),1744056314
314420260,sjain1131,Alternating String,WRONG_ANSWER,C++17 (GCC 7-32),1744056241
314417784,himanharsh,Sakurako's Hobby,TIME_LIMIT_EXCEEDED,C++17 (GCC 7-32),1744054412
314415730,Dhairya_Thakur,Alternating String,OK,C++17 (GCC 7-32),1744052990
314415652,Dhairya_Thakur,Sakurako's Exam,OK,C++17 (GCC 7-32),1744052945
314414842,nithin0810,Sakurako's Task,WRONG_ANSWER,C++20 (GCC 13-64),1744052405
314413782,sjain1131,Sakurako's Hobby,OK,C++17 (GCC 7-32),1744051797
314411145,Jagernaut,Square or Not,OK,C++20 (GCC 13-64),1744050338
314411010,nithin0810,Sakurako's Task,WRONG_ANSWER,C++20 (GCC 13-64),1744050276
314410557,shobhit_jha,Alternating String,OK,"C++23 (GCC 14-64, msys2)",1744050050
314409037,Jagernaut,Square or Not,WRONG_ANSWER,C++20 (GCC 13-64),1744049270
314408675,sjain1131,Longest Good Array,OK,C++17 (GCC 7-32),1744049073
314408614,TacticianTech,Square or Not,OK,"C++23 (GCC 14-64, msys2)",1744049042
314408381,sjain1131,Longest Good Array,WRONG_ANSWER,C++17 (GCC 7-32),1744048932
314408324,nithin0810,Sakurako's Box,OK,C++20 (GCC 13-64),1744048901
314408175,nithin0810,Sakurako's Box,WRONG_ANSWER,C++20 (GCC 13-64),1744048822
314407280,nithin0810,Alternating String,OK,C++20 (GCC 13-64),1744048376
314406261,Manojkumar2412,Sakurako's Hobby,OK,C++17 (GCC 7-32),1744047917
314405753,shobhit_jha,Square or Not,OK,"C++23 (GCC 14-64, msys2)",1744047683
314404836,sjain1131,Square or Not,OK,C++17 (GCC 7-32),1744047259
314404771,anuj_huehue,Longest Good Array,OK,C++17 (GCC 7-32),1744047222
314403812,sjain1131,Square or Not,WRONG_ANSWER,C++17 (GCC 7-32),1744046779
314403239,nithin0810,Sakurako's Hobby,OK,C++20 (GCC 13-64),1744046503
314402837,sjain1131,Sakurako's Exam,OK,C++17 (GCC 7-32),1744046323
314402479,nithin0810,Longest Good Array,OK,C++20 (GCC 13-64),1744046170
314402075,sjain1131,Sakurako's Exam,WRONG_ANSWER,C++17 (GCC 7-32),1744045994
314402066,nithin0810,Longest Good Array,WRONG_ANSWER,C++20 (GCC 13-64),1744045990
314401633,nithin0810,Longest Good Array,WRONG_ANSWER,C++20 (GCC 13-64),1744045811
314401166,sjain1131,Sakurako's Exam,WRONG_ANSWER,C++17 (GCC 7-32),1744045616
314400817,nithin0810,Square or Not,OK,C++20 (GCC 13-64),1744045473
314400727,nithin0810,Square or Not,WRONG_ANSWER,C++20 (GCC 13-64),1744045440
314399916,nithin0810,Sakurako's Exam,OK,C++20 (GCC 13-64),1744045123
314395082,adarshsingh3002,Alternating String,OK,C++20 (GCC 13-64),1744043222
314391084,Whitel0ne,Longest Good Array,OK,C++20 (GCC 13-64),1744041632
314390760,Whitel0ne,Longest Good Array,WRONG_ANSWER,C++20 (GCC 13-64),1744041501
314384863,ByteMancer007,Alternating String,OK,C++20 (GCC 13-64),1744039383
314382951,He_isenberg,Alternating String,OK,C++20 (GCC 13-64),1744038732
314381849,Aman_1684,Square or Not,OK,C++17 (GCC 7-32),1744038372
314380964,He_isenberg,Alternating String,WRONG_ANSWER,C++20 (GCC 13-64),1744038099
314372569,100xing,Sakurako's Box,OK,"C++23 (GCC 14-64, msys2)",1744035185
314372316,100xing,Sakurako's Box,WRONG_ANSWER,"C++23 (GCC 14-64, msys2)",1744035082
314370748,100xing,Sakurako's Hobby,OK,"C++23 (GCC 14-64, msys2)",1744034382
314370639,100xing,Sakurako's Hobby,WRONG_ANSWER,"C++23 (GCC 14-64, msys2)",1744034329
314368016,100xing,Longest Good Array,OK,"C++23 (GCC 14-64, msys2)",1744033128
314366576,100xing,Square or Not,OK,"C++23 (GCC 14-64, msys2)",1744032447
314363670,ning1ing,Sakurako's Box,OK,Java 21,1744031014
314362665,ning1ing,Sakurako's Box,WRONG_ANSWER,Java 21,1744030569
314362312,100xing,Sakurako's Exam,OK,"C++23 (GCC 14-64, msys2)",1744030420
314362248,Nishant_sh,Sakurako's Box,OK,Java 21,1744030397
314362244,GTNewHorizons,Sakurako's Test,OK,C++17 (GCC 7-32),1744030396
314361902,GTNewHorizons,Sakurako's Test,WRONG_ANSWER,C++17 (GCC 7-32),1744030242
314361652,GTNewHorizons,Sakurako's Test,WRONG_ANSWER,C++17 (GCC 7-32),1744030131
314361277,GTNewHorizons,Sakurako's Test,TIME_LIMIT_EXCEEDED,C++17 (GCC 7-32),1744029973
314359549,GTNewHorizons,Sakurako's Test,WRONG_ANSWER,C++17 (GCC 7-32),1744029137
314358598,qjyt62,Longest Good Array,OK,Python 3,1744028706
314356541,David2234,Alternating String,OK,C++20 (GCC 13-64),1744027735
314356496,David2234,Alternating String,OK,C++20 (GCC 13-64),1744027713
314356427,David2234,Alternating String,OK,C++17 (GCC 7-32),1744027678
314356282,David2234,Alternating String,COMPILATION_ERROR,C++20 (GCC 13-64),1744027609
314356188,David2234,Alternating String,COMPILATION_ERROR,C++20 (GCC 13-64),1744027565
314353946,Nishant_sh,Sakurako's Box,WRONG_ANSWER,Java 21,1744026558
314352338,Raj_Patel_7807,Longest Good Array,OK,"C++23 (GCC 14-64, msys2)",1744025804
314351363,nicksm,Sakurako's Box,OK,PyPy 3-64,1744025301
314347634,KCxuan,Sakurako's Box,OK,C++17 (GCC 7-32),1744023193
314347069,KCxuan,Sakurako's Box,WRONG_ANSWER,C++17 (GCC 7-32),1744022906
314346845,KCxuan,Sakurako's Box,WRONG_ANSWER,C++17 (GCC 7-32),1744022764
314346626,KCxuan,Sakurako's Box,WRONG_ANSWER,C++17 (GCC 7-32),1744022650
314345399,sminix,Alternating String,WRONG_ANSWER,C++20 (GCC 13-64),1744021908
314345374,sminix,Alternating String,WRONG_ANSWER,C++20 (GCC 13-64),1744021893
314341723,Godsent,Sakurako's Exam,OK,C++20 (GCC 13-64),1744019831
314341117,Godsent,Sakurako's Exam,WRONG_ANSWER,C++20 (GCC 13-64),1744019472
314340964,Godsent,Sakurako's Exam,WRONG_ANSWER,C++20 (GCC 13-64),1744019373
314337859,eldarrahimli10,Sakurako's Task,WRONG_ANSWER,"C++23 (GCC 14-64, msys2)",1744017476
314337854,jagadeesh46,Sakurako's Box,OK,C++17 (GCC 7-32),1744017475
314337687,jagadeesh46,Sakurako's Box,WRONG_ANSWER,C++17 (GCC 7-32),1744017369
314336085,echoengulf,Sakurako's Exam,OK,"C++23 (GCC 14-64, msys2)",1744016405
314334202,InDI2k,Alternating String,OK,C++20 (GCC 13-64),1744015258
314334184,starida1945,Sakurako's Task,OK,C++20 (GCC 13-64),1744015244
314332637,shobhit_jha,Sakurako's Exam,OK,"C++23 (GCC 14-64, msys2)",1744014218
314332488,Mohamed_Osama1,Longest Good Array,OK,C++20 (GCC 13-64),1744014135
314332157,KCxuan,Sakurako's Hobby,OK,C++17 (GCC 7-32),1744013943
314331295,Mohamed_Osama1,Longest Good Array,OK,C++20 (GCC 13-64),1744013427
314329949,Mohamed_Osama1,Square or Not,OK,C++20 (GCC 13-64),1744012551
314329656,KCxuan,Longest Good Array,OK,C++17 (GCC 7-32),1744012367
314329276,Mohamed_Osama1,Square or Not,OK,C++20 (GCC 13-64),1744012086
314329223,Mohamed_Osama1,Square or Not,WRONG_ANSWER,C++20 (GCC 13-64),1744012056
314327076,haxin,Square or Not,OK,C++20 (GCC 13-64),1744010442
314326835,KCxuan,Square or Not,OK,C++17 (GCC 7-32),1744010245
314326627,DYY_124,Longest Good Array,OK,"C++23 (GCC 14-64, msys2)",1744010101
314326120,Mohamed_Osama1,Square or Not,WRONG_ANSWER,C++20 (GCC 13-64),1744009749
314325204,KCxuan,Sakurako's Exam,OK,C++17 (GCC 7-32),1744009074
314324027,Mohamed_Osama1,Sakurako's Exam,OK,C++20 (GCC 13-64),1744008292
314323924,Mohamed_Osama1,Sakurako's Exam,WRONG_ANSWER,C++20 (GCC 13-64),1744008209
314323862,Mohamed_Osama1,Sakurako's Exam,WRONG_ANSWER,C++20 (GCC 13-64),1744008167
314323677,Mohamed_Osama1,Sakurako's Exam,WRONG_ANSWER,C++20 (GCC 13-64),1744008034
314323317,Mohamed_Osama1,Sakurako's Exam,WRONG_ANSWER,C++20 (GCC 13-64),1744007770
314321530,tan074,Sakurako's Box,OK,C++20 (GCC 13-64),1744006455
314315378,ChrisBotina23,Alternating String,OK,"C++23 (GCC 14-64, msys2)",1744001015
314314991,ChrisBotina23,Alternating String,TIME_LIMIT_EXCEEDED,"C++23 (GCC 14-64, msys2)",1744000651
314314847,ChrisBotina23,Alternating String,TIME_LIMIT_EXCEEDED,"C++23 (GCC 14-64, msys2)",1744000498
314314464,ChrisBotina23,Alternating String,WRONG_ANSWER,"C++23 (GCC 14-64, msys2)",1744000068
314314460,mdsaifulislamjakaria,Sakurako's Exam,OK,C++17 (GCC 7-32),1744000063
314314307,krish273,Alternating String,OK,C++17 (GCC 7-32),1743999889
314313706,ChrisBotina23,Alternating String,TIME_LIMIT_EXCEEDED,"C++23 (GCC 14-64, msys2)",1743999198
314313525,ChrisBotina23,Alternating String,TIME_LIMIT_EXCEEDED,"C++23 (GCC 14-64, msys2)",1743998956
314313498,ChrisBotina23,Alternating String,TIME_LIMIT_EXCEEDED,"C++23 (GCC 14-64, msys2)",1743998922
314313380,ChrisBotina23,Alternating String,TIME_LIMIT_EXCEEDED,"C++23 (GCC 14-64, msys2)",1743998776
314313298,ChrisBotina23,Alternating String,TIME_LIMIT_EXCEEDED,"C++23 (GCC 14-64, msys2)",1743998669
314312891,ChrisBotina23,Alternating String,TIME_LIMIT_EXCEEDED,"C++23 (GCC 14-64, msys2)",1743998072
314312670,ChrisBotina23,Alternating String,TIME_LIMIT_EXCEEDED,"C++23 (GCC 14-64, msys2)",1743997783
314312287,ChrisBotina23,Alternating String,TIME_LIMIT_EXCEEDED,"C++23 (GCC 14-64, msys2)",1743997309
314311714,ChrisBotina23,Alternating String,TIME_LIMIT_EXCEEDED,"C++23 (GCC 14-64, msys2)",1743996571
314311591,ChrisBotina23,Alternating String,TIME_LIMIT_EXCEEDED,"C++23 (GCC 14-64, msys2)",1743996393
314310616,ChrisBotina23,Alternating String,MEMORY_LIMIT_EXCEEDED,"C++23 (GCC 14-64, msys2)",1743995110
314310041,AnChangYong,Sakurako's Exam,OK,C++17 (GCC 7-32),1743994300
314309473,AnChangYong,Sakurako's Exam,WRONG_ANSWER,C++17 (GCC 7-32),1743993556
314309075,AnChangYong,Sakurako's Exam,WRONG_ANSWER,C++17 (GCC 7-32),1743993019
314307994,Jagernaut,Square or Not,WRONG_ANSWER,C++20 (GCC 13-64),1743991224
314307907,Jagernaut,Square or Not,WRONG_ANSWER,C++20 (GCC 13-64),1743991076
314307766,Jagernaut,Square or Not,WRONG_ANSWER,C++20 (GCC 13-64),1743990842
314307763,kaka757,Sakurako's Exam,WRONG_ANSWER,C++20 (GCC 13-64),1743990839
314307748,Jagernaut,Square or Not,WRONG_ANSWER,C++20 (GCC 13-64),1743990798
314307721,kaka757,Sakurako's Exam,WRONG_ANSWER,C++20 (GCC 13-64),1743990736
314307694,kaka757,Sakurako's Exam,COMPILATION_ERROR,C++20 (GCC 13-64),1743990690
314307657,Jagernaut,Square or Not,WRONG_ANSWER,C++20 (GCC 13-64),1743990617
314307482,Jagernaut,Square or Not,WRONG_ANSWER,C++20 (GCC 13-64),1743990277
314296400,brokesoul,Alternating String,OK,C++20 (GCC 13-64),1743972153
314296178,shubhamsagar2.0,Sakurako's Test,OK,C++20 (GCC 13-64),1743971968
314294383,Orxan2008,Sakurako's Task,WRONG_ANSWER,C++17 (GCC 7-32),1743970456
314294294,Orxan2008,Sakurako's Task,COMPILATION_ERROR,C++17 (GCC 7-32),1743970381
314290633,tus79101,Longest Good Array,OK,C++20 (GCC 13-64),1743967538
314290616,Suryxnshu,Longest Good Array,OK,"C++23 (GCC 14-64, msys2)",1743967524
314290438,Suryxnshu,Longest Good Array,WRONG_ANSWER,"C++23 (GCC 14-64, msys2)",1743967424
314289780,MaggiMonster,Sakurako's Hobby,OK,"C++23 (GCC 14-64, msys2)",1743966970
314289266,parshiv.kapoor,Sakurako's Box,OK,PyPy 3-64,1743966608
314288790,lazytransformer,Sakurako's Box,WRONG_ANSWER,PyPy 3-64,1743966285
314288459,Omjoshi_7206,Longest Good Array,OK,C++17 (GCC 7-32),1743966069
314287563,MaggiMonster,Longest Good Array,OK,"C++23 (GCC 14-64, msys2)",1743965492
314286693,MaggiMonster,Square or Not,OK,"C++23 (GCC 14-64, msys2)",1743964978
314284745,MaggiMonster,Sakurako's Exam,OK,"C++23 (GCC 14-64, msys2)",1743963865
314283693,Abdul_Da,Square or Not,OK,C++17 (GCC 7-32),1743963268
314283593,Abdul_Da,Square or Not,COMPILATION_ERROR,C++17 (GCC 7-32),1743963212
314283375,garvitm10,Square or Not,OK,Python 3,1743963092
314283289,garvitm10,Square or Not,WRONG_ANSWER,Python 3,1743963038
314283114,garvitm10,Square or Not,WRONG_ANSWER,Python 3,1743962952
314283059,garvitm10,Square or Not,WRONG_ANSWER,Python 3,1743962923
314280004,diyora2411,Longest Good Array,OK,C++17 (GCC 7-32),1743961175
314279201,diyora2411,Longest Good Array,WRONG_ANSWER,C++17 (GCC 7-32),1743960719
314279099,diyora2411,Longest Good Array,WRONG_ANSWER,C++17 (GCC 7-32),1743960664
314278878,diyora2411,Longest Good Array,WRONG_ANSWER,C++17 (GCC 7-32),1743960533
314278852,prithvi_zenin,Sakurako's Exam,OK,"C++23 (GCC 14-64, msys2)",1743960519
314274257,pranavpanmandpsp7,Sakurako's Exam,OK,C++20 (GCC 13-64),1743957820
314269052,Sn0wflame,Sakurako's Exam,OK,C++20 (GCC 13-64),1743954709
314264092,koishi123,Alternating String,OK,C++17 (GCC 7-32),1743951996
314261405,nerfe_d,Sakurako's Hobby,OK,"C++23 (GCC 14-64, msys2)",1743950946
314261333,wei666,Longest Good Array,OK,C++20 (GCC 13-64),1743950906
314261143,nerfe_d,Sakurako's Hobby,TIME_LIMIT_EXCEEDED,"C++23 (GCC 14-64, msys2)",1743950806
314260611,bhujbalaniket2003,Sakurako's Box,OK,"C++23 (GCC 14-64, msys2)",1743950523
314260211,CalmTempest,Sakurako's Task,OK,"C++23 (GCC 14-64, msys2)",1743950302
314260133,CalmTempest,Sakurako's Task,COMPILATION_ERROR,"C++23 (GCC 14-64, msys2)",1743950264
314260032,CalmTempest,Sakurako's Task,WRONG_ANSWER,"C++23 (GCC 14-64, msys2)",1743950217
314259103,Ekkocystem,Square or Not,OK,"C++23 (GCC 14-64, msys2)",1743949743
314259062,wei666,Square or Not,OK,C++20 (GCC 13-64),1743949725
314259059,CalmTempest,Sakurako's Task,WRONG_ANSWER,"C++23 (GCC 14-64, msys2)",1743949725
314258459,CalmTempest,Sakurako's Task,WRONG_ANSWER,"C++23 (GCC 14-64, msys2)",1743949428
314258430,Paurushh,Sakurako's Box,OK,PyPy 3-64,1743949416
314258428,nerfe_d,Longest Good Array,OK,"C++23 (GCC 14-64, msys2)",1743949415
314257439,nerfe_d,Square or Not,OK,"C++23 (GCC 14-64, msys2)",1743948914
314257018,HAJER_22,Sakurako's Box,OK,C++20 (GCC 13-64),1743948699
314256922,HAJER_22,Sakurako's Box,WRONG_ANSWER,C++20 (GCC 13-64),1743948649
314256823,HAJER_22,Sakurako's Box,WRONG_ANSWER,C++20 (GCC 13-64),1743948605
314256273,nerfe_d,Sakurako's Exam,OK,"C++23 (GCC 14-64, msys2)",1743948330
314255193,tan074,Sakurako's Box,WRONG_ANSWER,C++20 (GCC 13-64),1743947837
314254843,shahamatirtisham,Sakurako's Exam,OK,"C++23 (GCC 14-64, msys2)",1743947667
314254730,tan074,Sakurako's Box,WRONG_ANSWER,C++20 (GCC 13-64),1743947612
314251513,wei666,Sakurako's Exam,OK,C++20 (GCC 13-64),1743946056
314250968,wei666,Sakurako's Exam,WRONG_ANSWER,C++20 (GCC 13-64),1743945790
314250299,No-hand-sand-no-feet,Sakurako's Test,OK,"C++23 (GCC 14-64, msys2)",1743945481
314247279,woarmy,Longest Good Array,OK,Python 3,1743943996
314244131,0gur4ik,Alternating String,OK,C++17 (GCC 7-32),1743942292
314242431,naveenydv26,Sakurako's Exam,OK,C++17 (GCC 7-32),1743941329
314242295,rishisingh2005,Sakurako's Exam,OK,"C++23 (GCC 14-64, msys2)",1743941259
314241963,thenamelessmonster,Alternating String,OK,PyPy 3-64,1743941075
314241951,rishisingh2005,Sakurako's Exam,WRONG_ANSWER,"C++23 (GCC 14-64, msys2)",1743941070
314241552,instantregret,Alternating String,OK,C++17 (GCC 7-32),1743940862
314240625,thenamelessmonster,Alternating String,WRONG_ANSWER,PyPy 3-64,1743940336
314240446,thenamelessmonster,Alternating String,MEMORY_LIMIT_EXCEEDED,PyPy 3-64,1743940245
314240175,thenamelessmonster,Alternating String,MEMORY_LIMIT_EXCEEDED,PyPy 3-64,1743940121
314238426,IlyaG1,Sakurako's Exam,OK,Python 3,1743939159
314238010,Kate_Youssef,Longest Good Array,OK,C++17 (GCC 7-32),1743938940
314237490,soha_stack,Sakurako's Exam,WRONG_ANSWER,"C++23 (GCC 14-64, msys2)",1743938638
314237423,woarmy,Longest Good Array,WRONG_ANSWER,Python 3,1743938595
314237226,Kate_Youssef,Longest Good Array,OK,C++17 (GCC 7-32),1743938490
314237109,Kate_Youssef,Longest Good Array,RUNTIME_ERROR,C++17 (GCC 7-32),1743938430
314236915,Kate_Youssef,Longest Good Array,RUNTIME_ERROR,C++17 (GCC 7-32),1743938329
314236700,Lomtev_Matvei,Sakurako's Exam,OK,PyPy 3-64,1743938202
314236616,Kate_Youssef,Longest Good Array,OK,C++17 (GCC 7-32),1743938157
314236567,soha_stack,Sakurako's Exam,WRONG_ANSWER,"C++23 (GCC 14-64, msys2)",1743938124
314235659,Blaugranas,Sakurako's Exam,OK,"C++23 (GCC 14-64, msys2)",1743937622
314235505,Blaugranas,Sakurako's Exam,OK,"C++23 (GCC 14-64, msys2)",1743937536
314233147,shobhit_jha,Longest Good Array,OK,"C++23 (GCC 14-64, msys2)",1743936279
314231709,Shubh_Garg,Sakurako's Box,OK,C++17 (GCC 7-32),1743935511
314230884,woarmy,Longest Good Array,TIME_LIMIT_EXCEEDED,Python 3,1743935040
314230882,Shubh_Garg,Sakurako's Hobby,OK,C++17 (GCC 7-32),1743935039
314230794,woarmy,Longest Good Array,TIME_LIMIT_EXCEEDED,Python 3,1743934991
314229715,duyixuan,Alternating String,OK,C++20 (GCC 13-64),1743934612
314227402,caterpillow,Longest Good Array,OK,C++17 (GCC 7-32),1743933344
314226489,Omjoshi_7206,Square or Not,OK,C++17 (GCC 7-32),1743932858
314226141,DuyLee,Sakurako's Box,OK,C++17 (GCC 7-32),1743932687
314226058,trishan.roy0230,Sakurako's Exam,OK,C++17 (GCC 7-32),1743932647
314224649,kqs,Alternating String,OK,"C++23 (GCC 14-64, msys2)",1743931889
314223884,M4N0CH4,Sakurako's Box,OK,C++17 (GCC 7-32),1743931481
314222149,instantregret,Sakurako's Box,OK,C++17 (GCC 7-32),1743930526
314221916,instantregret,Sakurako's Box,WRONG_ANSWER,C++17 (GCC 7-32),1743930401
314221736,instantregret,Sakurako's Box,WRONG_ANSWER,C++17 (GCC 7-32),1743930294
314220162,XiaoLanZai,Longest Good Array,OK,Java 21,1743929476
314217443,Balaji_31,Sakurako's Hobby,OK,C++20 (GCC 13-64),1743928074
314216836,kqs,Alternating String,OK,"C++23 (GCC 14-64, msys2)",1743927731
314215576,InternetShogun,Sakurako's Exam,WRONG_ANSWER,C++17 (GCC 7-32),1743927037
314211076,Balaji_31,Longest Good Array,OK,C++20 (GCC 13-64),1743924656
314209892,Balaji_31,Square or Not,OK,C++20 (GCC 13-64),1743924007
314209627,anuragsikarwar,Alternating String,OK,C++20 (GCC 13-64),1743923867
314209569,AnshulGaharwal,Sakurako's Exam,OK,"C++23 (GCC 14-64, msys2)",1743923842
314209313,anuragsikarwar,Alternating String,WRONG_ANSWER,C++20 (GCC 13-64),1743923707
314207105,Balaji_31,Sakurako's Exam,OK,C++20 (GCC 13-64),1743922482
314206878,kukuk,Alternating String,OK,C++20 (GCC 13-64),1743922361
314204679,BuleVisitor,Sakurako's Task,OK,C++17 (GCC 7-32),1743921216
314203366,Nov12th_PhanTanLong,Sakurako's Exam,OK,"C++23 (GCC 14-64, msys2)",1743920524
314196591,mayankbhardwaj102005,Sakurako's Hobby,OK,"C++23 (GCC 14-64, msys2)",1743916416
314194147,FredyNC23,Sakurako's Hobby,OK,C++17 (GCC 7-32),1743914377
314188871,FredyNC23,Sakurako's Hobby,OK,C++17 (GCC 7-32),1743908856
314188269,newLife_Love,Sakurako's Exam,OK,"C++23 (GCC 14-64, msys2)",1743908137
314187411,Madhav_2023,Square or Not,OK,C++17 (GCC 7-32),1743907102
314187301,FredyNC23,Sakurako's Hobby,OK,C++17 (GCC 7-32),1743906954
314186863,senzz,Sakurako's Exam,OK,"C++23 (GCC 14-64, msys2)",1743906420
314186812,FredyNC23,Sakurako's Hobby,TIME_LIMIT_EXCEEDED,C++17 (GCC 7-32),1743906366
314186659,FredyNC23,Sakurako's Hobby,MEMORY_LIMIT_EXCEEDED,C++17 (GCC 7-32),1743906183
314180201,AnshulGaharwal,Sakurako's Exam,WRONG_ANSWER,"C++23 (GCC 14-64, msys2)",1743895799
314180187,AnshulGaharwal,Sakurako's Exam,WRONG_ANSWER,"C++23 (GCC 14-64, msys2)",1743895775
314180135,AnshulGaharwal,Sakurako's Exam,WRONG_ANSWER,"C++23 (GCC 14-64, msys2)",1743895667
314180111,RealAni,Alternating String,OK,"C++23 (GCC 14-64, msys2)",1743895624
314178476,Eyad_2005113,Square or Not,OK,"C++23 (GCC 14-64, msys2)",1743892936
314172681,Ayxan007,Sakurako's Task,OK,C++20 (GCC 13-64),1743886678
314172643,Ayxan007,Sakurako's Task,OK,C++20 (GCC 13-64),1743886639
314172616,Ayxan007,Sakurako's Task,WRONG_ANSWER,C++20 (GCC 13-64),1743886603
314172420,Ayxan007,Sakurako's Task,WRONG_ANSWER,C++20 (GCC 13-64),1743886436
314171759,Ayxan007,Sakurako's Task,WRONG_ANSWER,C++20 (GCC 13-64),1743885838
314170992,Ayxan007,Sakurako's Task,WRONG_ANSWER,C++20 (GCC 13-64),1743885195
314170811,Alex12345678,Alternating String,OK,"C++23 (GCC 14-64, msys2)",1743885028
314170580,Alex12345678,Alternating String,WRONG_ANSWER,"C++23 (GCC 14-64, msys2)",1743884844
314169690,Alex12345678,Alternating String,WRONG_ANSWER,"C++23 (GCC 14-64, msys2)",1743884141
314168494,Ayxan007,Sakurako's Task,WRONG_ANSWER,C++20 (GCC 13-64),1743883228
314168437,Ayxan007,Sakurako's Task,WRONG_ANSWER,C++20 (GCC 13-64),1743883195
314165396,walter_whitee,Sakurako's Task,OK,"C++23 (GCC 14-64, msys2)",1743881241
314165215,foxserg,Sakurako's Exam,OK,"C++23 (GCC 14-64, msys2)",1743881136
314163369,foxserg,Square or Not,OK,"C++23 (GCC 14-64, msys2)",1743880039
314162927,walter_whitee,Sakurako's Task,TIME_LIMIT_EXCEEDED,"C++23 (GCC 14-64, msys2)",1743879783
314162661,Alex12345678,Alternating String,RUNTIME_ERROR,"C++23 (GCC 14-64, msys2)",1743879629
314162509,fardinfaruqi,Square or Not,OK,C++20 (GCC 13-64),1743879540
314162477,fardinfaruqi,Sakurako's Exam,OK,C++20 (GCC 13-64),1743879526
314160897,walter_whitee,Sakurako's Task,WRONG_ANSWER,"C++23 (GCC 14-64, msys2)",1743878778
314160409,Alex12345678,Alternating String,WRONG_ANSWER,"C++23 (GCC 14-64, msys2)",1743878534
314159640,TheSentro,Sakurako's Task,OK,C++20 (GCC 13-64),1743878176
314157052,Rhythmak45,Sakurako's Box,OK,C++20 (GCC 13-64),1743876027
314155851,magic_bubbles,Sakurako's Exam,WRONG_ANSWER,Python 3,1743875095
314146562,Soham_ju25,Alternating String,OK,"C++23 (GCC 14-64, msys2)",1743872867
314121408,walter_whitee,Sakurako's Task,WRONG_ANSWER,"C++23 (GCC 14-64, msys2)",1743868734
314106727,Winsent,Sakurako's Hobby,OK,C++17 (GCC 7-32),1743866948
314098778,shanta20154,Sakurako's Exam,WRONG_ANSWER,GNU C11,1743866123
314095350,arjunaar2789,Square or Not,OK,PyPy 3-64,1743865789
314068783,foxserg,Longest Good Array,OK,"C++23 (GCC 14-64, msys2)",1743863275
314068489,foxserg,Longest Good Array,WRONG_ANSWER,"C++23 (GCC 14-64, msys2)",1743863099
314056100,hasangiyosov603,Sakurako's Exam,OK,PyPy 3-64,1743856117
314055488,hasangiyosov603,Sakurako's Exam,WRONG_ANSWER,PyPy 3-64,1743855761
314054977,hasangiyosov603,Sakurako's Exam,WRONG_ANSWER,PyPy 3-64,1743855458
314053995,Norway_,Alternating String,OK,C++20 (GCC 13-64),1743854874
314053004,pi.ku.1025,Sakurako's Exam,OK,C++17 (GCC 7-32),1743854273
314052666,mad571,Longest Good Array,OK,C++20 (GCC 13-64),1743854085
314050629,internalones,Sakurako's Box,OK,"C++23 (GCC 14-64, msys2)",1743852963
314050356,internalones,Sakurako's Box,WRONG_ANSWER,"C++23 (GCC 14-64, msys2)",1743852803
314049696,Norway_,Alternating String,WRONG_ANSWER,C++20 (GCC 13-64),1743852457
314043035,internalones,Alternating String,OK,"C++23 (GCC 14-64, msys2)",1743849297
314042106,bangeluoyue,Longest Good Array,OK,C++20 (GCC 13-64),1743848891
314041746,Aeyone,Sakurako's Hobby,OK,C++20 (GCC 13-64),1743848733
314041578,ChakriReddy,Square or Not,OK,Java 21,1743848656
314041285,Aeyone,Sakurako's Hobby,RUNTIME_ERROR,C++20 (GCC 13-64),1743848529
314041174,noobsolver24,Sakurako's Task,OK,"C++23 (GCC 14-64, msys2)",1743848482
314040002,bangeluoyue,Square or Not,OK,C++20 (GCC 13-64),1743848005
314037182,duchuan75,Alternating String,OK,"C++23 (GCC 14-64, msys2)",1743846879
314036974,zzzz43210,Alternating String,OK,C++17 (GCC 7-32),1743846788
314036840,duchuan75,Alternating String,WRONG_ANSWER,"C++23 (GCC 14-64, msys2)",1743846730
314036390,ZhaoYongHeng,Alternating String,WRONG_ANSWER,"C++23 (GCC 14-64, msys2)",1743846542
314035927,duchuan75,Alternating String,WRONG_ANSWER,"C++23 (GCC 14-64, msys2)",1743846332
314035254,duchuan75,Alternating String,WRONG_ANSWER,"C++23 (GCC 14-64, msys2)",1743846051
314034341,ZhaoYongHeng,Alternating String,WRONG_ANSWER,"C++23 (GCC 14-64, msys2)",1743845668
314034060,Fist,Longest Good Array,OK,"C++23 (GCC 14-64, msys2)",1743845548
314033199,pranjay977,Longest Good Array,OK,C++17 (GCC 7-32),1743845185
314033019,Aeyone,Longest Good Array,OK,C++20 (GCC 13-64),1743845117
314032932,Aeyone,Longest Good Array,WRONG_ANSWER,C++20 (GCC 13-64),1743845081
314032673,internalones,Sakurako's Hobby,OK,"C++23 (GCC 14-64, msys2)",1743844970
314030942,Okahak71,Sakurako's Task,OK,"C++23 (GCC 14-64, msys2)",1743844261
314029838,Aeyone,Square or Not,OK,C++20 (GCC 13-64),1743843815
314029781,athenss,Longest Good Array,COMPILATION_ERROR,GNU C11,1743843786
314029531,athenss,Longest Good Array,COMPILATION_ERROR,GNU C11,1743843686
314029234,Okahak71,Sakurako's Task,WRONG_ANSWER,"C++23 (GCC 14-64, msys2)",1743843559
314029117,athenss,Longest Good Array,COMPILATION_ERROR,GNU C11,1743843502
314028709,huwt,Sakurako's Box,OK,C++17 (GCC 7-32),1743843319
314028449,Dorilex,Sakurako's Box,OK,C++20 (GCC 13-64),1743843216
314028341,huwt,Sakurako's Box,WRONG_ANSWER,C++17 (GCC 7-32),1743843168
314028118,oxytocin,Sakurako's Box,WRONG_ANSWER,C++20 (GCC 13-64),1743843071
314027543,Aeyone,Sakurako's Exam,OK,C++20 (GCC 13-64),1743842824
314027077,bangeluoyue,Sakurako's Exam,OK,C++20 (GCC 13-64),1743842607
314027058,eva_mujica,Longest Good Array,OK,C++17 (GCC 7-32),1743842598
314026979,eva_mujica,Longest Good Array,OK,C++17 (GCC 7-32),1743842563
314026648,bangeluoyue,Sakurako's Exam,TIME_LIMIT_EXCEEDED,C++20 (GCC 13-64),1743842419
314026396,bangeluoyue,Sakurako's Exam,TIME_LIMIT_EXCEEDED,C++20 (GCC 13-64),1743842310
314026176,XiaoLanZai,Longest Good Array,OK,C++17 (GCC 7-32),1743842211
314025195,pranjay977,Square or Not,OK,C++17 (GCC 7-32),1743841745
314021709,caterpillow,Square or Not,OK,C++17 (GCC 7-32),1743840170
314020941,caterpillow,Longest Good Array,OK,C++17 (GCC 7-32),1743839875
314020752,Ayxan007,Sakurako's Task,WRONG_ANSWER,C++20 (GCC 13-64),1743839794
314018481,pranjay977,Sakurako's Exam,OK,C++17 (GCC 7-32),1743838796
314016221,BanGws,Sakurako's Hobby,OK,C++20 (GCC 13-64),1743837847
314016050,luwx,Longest Good Array,OK,"C++23 (GCC 14-64, msys2)",1743837773
314015854,pranjay977,Sakurako's Exam,WRONG_ANSWER,C++17 (GCC 7-32),1743837697
314014126,noob_coder_782,Square or Not,OK,"C++23 (GCC 14-64, msys2)",1743836952
314012616,amandevbhardwaj,Longest Good Array,OK,C++17 (GCC 7-32),1743836294
314008901,niknitt3143,Longest Good Array,OK,"C++23 (GCC 14-64, msys2)",1743834864
314008049,niknitt3143,Longest Good Array,WRONG_ANSWER,"C++23 (GCC 14-64, msys2)",1743834504
314007123,Daydreamoon,Longest Good Array,OK,"C++23 (GCC 14-64, msys2)",1743834118
314006922,JADDU_14,Alternating String,OK,C++17 (GCC 7-32),1743834033
314005991,Liu_Rui,Longest Good Array,OK,C++17 (GCC 7-32),1743833563
314005957,Liu_Rui,Longest Good Array,OK,C++17 (GCC 7-32),1743833548
314005887,zapwiz22,Square or Not,OK,"C++23 (GCC 14-64, msys2)",1743833517
314005201,Liu_Rui,Longest Good Array,WRONG_ANSWER,C++17 (GCC 7-32),1743833177
314004808,Liu_Rui,Longest Good Array,WRONG_ANSWER,C++17 (GCC 7-32),1743832985
314002810,Daydreamoon,Square or Not,OK,"C++23 (GCC 14-64, msys2)",1743831938
314001321,Daydreamoon,Sakurako's Exam,OK,"C++23 (GCC 14-64, msys2)",1743831060
314000692,madhavareddy127,Sakurako's Exam,OK,Java 21,1743830679
314000639,Daydreamoon,Sakurako's Exam,WRONG_ANSWER,"C++23 (GCC 14-64, msys2)",1743830655
314000226,gentlecoder29,Sakurako's Task,WRONG_ANSWER,C++20 (GCC 13-64),1743830402
314000154,Daydreamoon,Sakurako's Exam,WRONG_ANSWER,"C++23 (GCC 14-64, msys2)",1743830362
313999071,gentlecoder29,Sakurako's Task,WRONG_ANSWER,C++20 (GCC 13-64),1743829691
313995183,mjy121030,Sakurako's Task,OK,C++17 (GCC 7-32),1743826780
313993718,mjy121030,Sakurako's Task,WRONG_ANSWER,C++17 (GCC 7-32),1743825465
313993123,mjy121030,Sakurako's Task,WRONG_ANSWER,C++17 (GCC 7-32),1743824912
313991821,KotoriItsuka,Sakurako's Box,OK,C++20 (GCC 13-64),1743823572
313990477,thenamelessmonster,Sakurako's Box,OK,PyPy 3-64,1743821924
313987311,mjy121030,Sakurako's Task,WRONG_ANSWER,C++17 (GCC 7-32),1743818278
313987014,mjy121030,Sakurako's Task,WRONG_ANSWER,C++17 (GCC 7-32),1743817910
313986757,mjy121030,Sakurako's Task,WRONG_ANSWER,C++17 (GCC 7-32),1743817524
313985144,automac,Sakurako's Exam,OK,"C++23 (GCC 14-64, msys2)",1743815288
313979808,rodruan,Sakurako's Exam,OK,"C++23 (GCC 14-64, msys2)",1743805535
313975281,Tamandeep,Sakurako's Exam,OK,C++17 (GCC 7-32),1743800386
313975241,Tamandeep,Square or Not,OK,C++17 (GCC 7-32),1743800337
313974788,Tamandeep,Square or Not,COMPILATION_ERROR,C++17 (GCC 7-32),1743799968
313974505,Tamandeep,Square or Not,COMPILATION_ERROR,C++17 (GCC 7-32),1743799758
313973698,num5,Sakurako's Hobby,TIME_LIMIT_EXCEEDED,C++17 (GCC 7-32),1743799207
313973647,num5,Square or Not,OK,C++17 (GCC 7-32),1743799173
313973586,1000_H100,Sakurako's Exam,OK,C++17 (GCC 7-32),1743799128
313973564,num7,Sakurako's Test,TIME_LIMIT_EXCEEDED,C++17 (GCC 7-32),1743799110
313973518,Racoon2005,Sakurako's Hobby,TIME_LIMIT_EXCEEDED,C++17 (GCC 7-32),1743799081
313973484,WorldShine01,Sakurako's Box,OK,C++17 (GCC 7-32),1743799056
313973240,num3,Alternating String,TIME_LIMIT_EXCEEDED,C++17 (GCC 7-32),1743798902
313973055,WorldShine03,Longest Good Array,OK,C++17 (GCC 7-32),1743798776
313972962,real_Parallelism,Sakurako's Task,WRONG_ANSWER,C++17 (GCC 7-32),1743798706
313972332,Sampras_12345,Sakurako's Box,OK,C++17 (GCC 7-32),1743798189
313972183,Sampras_12345,Sakurako's Box,OK,C++17 (GCC 7-32),1743798077
313970285,Tamandeep,Square or Not,COMPILATION_ERROR,C++17 (GCC 7-32),1743796698
313969735,Racoon2005,Longest Good Array,OK,C++17 (GCC 7-32),1743796368
313969005,isomorphictogod,Longest Good Array,OK,C++17 (GCC 7-32),1743795927
313967533,Racoon2005,Square or Not,OK,C++17 (GCC 7-32),1743795019
313967100,rishav-goyal,Alternating String,OK,C++20 (GCC 13-64),1743794761
313966883,pdmass,Sakurako's Box,OK,C++20 (GCC 13-64),1743794634
313966502,pdmass,Sakurako's Box,WRONG_ANSWER,C++20 (GCC 13-64),1743794404
313966183,Cerritos,Longest Good Array,OK,C++17 (GCC 7-32),1743794209
313962671,Racoon2005,Sakurako's Exam,OK,C++17 (GCC 7-32),1743792220
313959110,jannatulalma,Sakurako's Exam,OK,GNU C11,1743790483
313958717,jannatulalma,Sakurako's Exam,WRONG_ANSWER,GNU C11,1743790306
313957850,Manav_Patel,Sakurako's Box,OK,C++20 (GCC 13-64),1743789872
313956962,GuilhermeKK,Longest Good Array,OK,C++17 (GCC 7-32),1743789476
313955398,shivansh_14x,Sakurako's Exam,OK,"C++23 (GCC 14-64, msys2)",1743788722
313954051,Norway_,Alternating String,WRONG_ANSWER,C++20 (GCC 13-64),1743788081
313938467,Aishcuf,Sakurako's Hobby,OK,"C++23 (GCC 14-64, msys2)",1743781140
313938134,Aishcuf,Sakurako's Hobby,RUNTIME_ERROR,"C++23 (GCC 14-64, msys2)",1743781011
313936642,Niloy_Chakraborty,Longest Good Array,OK,Java 21,1743780472
313936530,ITerymc,Longest Good Array,OK,C++20 (GCC 13-64),1743780434
313936510,Aishcuf,Longest Good Array,OK,"C++23 (GCC 14-64, msys2)",1743780427
313935197,Aishcuf,Square or Not,OK,"C++23 (GCC 14-64, msys2)",1743779942
313935184,djwhhh,Alternating String,OK,"C++23 (GCC 14-64, msys2)",1743779938
313934826,ill.soul,Sakurako's Task,OK,"C++23 (GCC 14-64, msys2)",1743779812
313934663,Aishcuf,Square or Not,WRONG_ANSWER,"C++23 (GCC 14-64, msys2)",1743779745
313934203,djwhhh,Alternating String,WRONG_ANSWER,"C++23 (GCC 14-64, msys2)",1743779578
313933951,djwhhh,Alternating String,WRONG_ANSWER,"C++23 (GCC 14-64, msys2)",1743779482
313933550,Aishcuf,Sakurako's Exam,OK,"C++23 (GCC 14-64, msys2)",1743779347
313931463,djwhhh,Alternating String,WRONG_ANSWER,"C++23 (GCC 14-64, msys2)",1743778604
313927637,djwhhh,Alternating String,WRONG_ANSWER,"C++23 (GCC 14-64, msys2)",1743777191
313926168,vietnamhoangquan,Longest Good Array,OK,C++17 (GCC 7-32),1743776518
313925980,Vishesh211,Sakurako's Box,OK,"C++23 (GCC 14-64, msys2)",1743776431
313925738,vietnamhoangquan,Longest Good Array,WRONG_ANSWER,C++17 (GCC 7-32),1743776317
313925617,khoaidetv,Longest Good Array,WRONG_ANSWER,C++17 (GCC 7-32),1743776254
313924607,ntthuha1978,Longest Good Array,OK,C++17 (GCC 7-32),1743775770
313924531,ntthuha1978,Longest Good Array,COMPILATION_ERROR,C++17 (GCC 7-32),1743775734
313921780,songlan,Longest Good Array,OK,C++20 (GCC 13-64),1743774481
313920369,khoaidetv,Longest Good Array,WRONG_ANSWER,C++17 (GCC 7-32),1743773859
313918504,thaihainam179,Longest Good Array,OK,C++17 (GCC 7-32),1743773064
313914956,NapZilla,Sakurako's Hobby,OK,C++20 (GCC 13-64),1743771391
313913485,djwhhh,Sakurako's Box,WRONG_ANSWER,"C++23 (GCC 14-64, msys2)",1743770650
313913380,djwhhh,Sakurako's Box,OK,"C++23 (GCC 14-64, msys2)",1743770607
313913181,djwhhh,Sakurako's Box,WRONG_ANSWER,"C++23 (GCC 14-64, msys2)",1743770468
313910415,geniusgalaxy2001,Longest Good Array,OK,C++17 (GCC 7-32),1743769053
313907055,Muni_923,Sakurako's Exam,OK,C++20 (GCC 13-64),1743767331
313905438,CYPHOS101,Sakurako's Hobby,OK,C++17 (GCC 7-32),1743766410
313904831,sanaklpp,Sakurako's Hobby,OK,C++17 (GCC 7-32),1743766069
313904542,09377410346,Longest Good Array,OK,C++17 (GCC 7-32),1743765915
313904463,Norway_,Square or Not,OK,C++20 (GCC 13-64),1743765864
313901831,s_b_phantom,Sakurako's Box,OK,C++17 (GCC 7-32),1743764357
313901668,s_b_phantom,Sakurako's Box,WRONG_ANSWER,C++17 (GCC 7-32),1743764255
313901469,geniusgalaxy2001,Longest Good Array,WRONG_ANSWER,C++17 (GCC 7-32),1743764113
313901461,s_b_phantom,Sakurako's Box,WRONG_ANSWER,C++17 (GCC 7-32),1743764107
313901280,s_b_phantom,Sakurako's Box,WRONG_ANSWER,C++17 (GCC 7-32),1743763990
313900570,Norway_,Sakurako's Hobby,OK,C++20 (GCC 13-64),1743763547
313900355,geniusgalaxy2001,Longest Good Array,WRONG_ANSWER,C++17 (GCC 7-32),1743763392
313900263,geniusgalaxy2001,Longest Good Array,WRONG_ANSWER,C++17 (GCC 7-32),1743763322
313900184,geniusgalaxy2001,Longest Good Array,WRONG_ANSWER,C++17 (GCC 7-32),1743763261
313900146,geniusgalaxy2001,Longest Good Array,WRONG_ANSWER,C++17 (GCC 7-32),1743763229
313899866,geniusgalaxy2001,Longest Good Array,WRONG_ANSWER,C++17 (GCC 7-32),1743763013
313899434,geniusgalaxy2001,Longest Good Array,WRONG_ANSWER,C++17 (GCC 7-32),1743762736
313897903,liuenci,Sakurako's Exam,COMPILATION_ERROR,C++20 (GCC 13-64),1743761686
313896137,hasangiyosov603,Sakurako's Exam,WRONG_ANSWER,PyPy 3-64,1743760653
313895019,Moiz08229,Sakurako's Hobby,OK,PyPy 3-64,1743759999
313894023,porkchop_yt,Sakurako's Hobby,OK,C++17 (GCC 7-32),1743759383
313893598,mayankbhardwaj102005,Sakurako's Hobby,TIME_LIMIT_EXCEEDED,"C++23 (GCC 14-64, msys2)",1743759125
313892700,seeyouzjc,Sakurako's Task,OK,C++17 (GCC 7-32),1743758596
313892044,Isolationer,Longest Good Array,OK,C++17 (GCC 7-32),1743758224
313891935,seeyouzjc,Sakurako's Task,WRONG_ANSWER,C++17 (GCC 7-32),1743758161
313891513,mayankbhardwaj102005,Sakurako's Hobby,TIME_LIMIT_EXCEEDED,"C++23 (GCC 14-64, msys2)",1743757896
313891211,Zzz_yu,Sakurako's Box,OK,"C++23 (GCC 14-64, msys2)",1743757676
313891059,Zzz_yu,Sakurako's Box,WRONG_ANSWER,"C++23 (GCC 14-64, msys2)",1743757574
313890835,Zzz_yu,Sakurako's Box,WRONG_ANSWER,"C++23 (GCC 14-64, msys2)",1743757427
313890753,mayankbhardwaj102005,Sakurako's Hobby,TIME_LIMIT_EXCEEDED,"C++23 (GCC 14-64, msys2)",1743757369
313890727,mayankbhardwaj102005,Longest Good Array,RUNTIME_ERROR,"C++23 (GCC 14-64, msys2)",1743757354
313890719,Isolationer,Square or Not,OK,C++17 (GCC 7-32),1743757351
313890590,Zzz_yu,Sakurako's Box,WRONG_ANSWER,"C++23 (GCC 14-64, msys2)",1743757267
313890177,Zzz_yu,Sakurako's Box,WRONG_ANSWER,"C++23 (GCC 14-64, msys2)",1743757014
313890001,Zzz_yu,Sakurako's Box,WRONG_ANSWER,"C++23 (GCC 14-64, msys2)",1743756890
313889903,Isolationer,Square or Not,WRONG_ANSWER,C++17 (GCC 7-32),1743756830
313889823,Zzz_yu,Sakurako's Box,WRONG_ANSWER,"C++23 (GCC 14-64, msys2)",1743756787
313889771,WhiteMayonnaise,Sakurako's Exam,OK,"C++23 (GCC 14-64, msys2)",1743756736
313889744,Zzz_yu,Sakurako's Box,WRONG_ANSWER,"C++23 (GCC 14-64, msys2)",1743756718
313889709,Zzz_yu,Sakurako's Box,WRONG_ANSWER,"C++23 (GCC 14-64, msys2)",1743756695
313889425,Zzz_yu,Sakurako's Box,WRONG_ANSWER,"C++23 (GCC 14-64, msys2)",1743756509
313888646,Zzz_yu,Sakurako's Box,WRONG_ANSWER,"C++23 (GCC 14-64, msys2)",1743756080
313888459,Tanzim411,Sakurako's Task,OK,"C++23 (GCC 14-64, msys2)",1743755982
313888423,Zzz_yu,Sakurako's Box,WRONG_ANSWER,"C++23 (GCC 14-64, msys2)",1743755960
313888317,Isolationer,Square or Not,WRONG_ANSWER,C++17 (GCC 7-32),1743755904
313888069,Zzz_yu,Sakurako's Box,WRONG_ANSWER,"C++23 (GCC 14-64, msys2)",1743755772
313887753,Zzz_yu,Sakurako's Box,WRONG_ANSWER,"C++23 (GCC 14-64, msys2)",1743755588
313887672,Zzz_yu,Sakurako's Box,WRONG_ANSWER,"C++23 (GCC 14-64, msys2)",1743755537
313887515,Zzz_yu,Sakurako's Box,WRONG_ANSWER,"C++23 (GCC 14-64, msys2)",1743755425
313887329,Zzz_yu,Sakurako's Box,WRONG_ANSWER,"C++23 (GCC 14-64, msys2)",1743755304
313887243,utsav_07,Sakurako's Exam,OK,C++20 (GCC 13-64),1743755246
313887148,Zzz_yu,Sakurako's Box,WRONG_ANSWER,"C++23 (GCC 14-64, msys2)",1743755183
313885922,Isolationer,Sakurako's Exam,OK,C++17 (GCC 7-32),1743754431
313884108,Zzz_yu,Alternating String,OK,"C++23 (GCC 14-64, msys2)",1743753350
313879224,ishurajora_23,Sakurako's Box,OK,Java 8,1743750154
313865209,cyclingle,Sakurako's Box,OK,C++17 (GCC 7-32),1743738926
313864920,cyclingle,Sakurako's Box,WRONG_ANSWER,C++17 (GCC 7-32),1743738669
313864819,ntcnng_,Sakurako's Test,OK,C++20 (GCC 13-64),1743738576
313864804,cyclingle,Sakurako's Box,RUNTIME_ERROR,C++17 (GCC 7-32),1743738569
313864741,ntcnng_,Sakurako's Test,OK,C++17 (GCC 7-32),1743738518
313864643,cyclingle,Sakurako's Box,WRONG_ANSWER,C++17 (GCC 7-32),1743738438
313864449,2023010187,Longest Good Array,OK,Python 3,1743738253
313864384,MiniWorld,Sakurako's Task,MEMORY_LIMIT_EXCEEDED,C++17 (GCC 7-32),1743738198
313864372,_Natsumi,Sakurako's Test,OK,C++20 (GCC 13-64),1743738193
313863894,ntcnng_,Sakurako's Test,TIME_LIMIT_EXCEEDED,C++20 (GCC 13-64),1743737753
313863841,Ntvg,Sakurako's Test,TIME_LIMIT_EXCEEDED,C++17 (GCC 7-32),1743737700
313863157,2023010187,Longest Good Array,TIME_LIMIT_EXCEEDED,Python 3,1743737021
313863107,cyclingle,Sakurako's Hobby,OK,C++17 (GCC 7-32),1743736973
313862487,Ntvg,Sakurako's Test,TIME_LIMIT_EXCEEDED,C++17 (GCC 7-32),1743736314
313861603,cyclingle,Longest Good Array,OK,C++17 (GCC 7-32),1743735326
313861345,cyclingle,Square or Not,OK,C++17 (GCC 7-32),1743735022
313861133,MiniWorld,Sakurako's Task,OK,C++17 (GCC 7-32),1743734724
313861037,MiniWorld,Sakurako's Task,WRONG_ANSWER,C++17 (GCC 7-32),1743734606
313860923,cyclingle,Sakurako's Exam,OK,C++17 (GCC 7-32),1743734484
313859492,ntcnng_,Sakurako's Test,TIME_LIMIT_EXCEEDED,C++20 (GCC 13-64),1743732626
313852747,EvanChun,Sakurako's Hobby,OK,Rust 2021,1743720846
313848095,worthNothing,Sakurako's Box,OK,C++17 (GCC 7-32),1743714259
313847973,worthNothing,Sakurako's Box,WRONG_ANSWER,C++17 (GCC 7-32),1743714152
313847798,worthNothing,Sakurako's Box,WRONG_ANSWER,C++17 (GCC 7-32),1743713982
313847629,worthNothing,Sakurako's Box,WRONG_ANSWER,C++17 (GCC 7-32),1743713835
313847462,worthNothing,Sakurako's Box,WRONG_ANSWER,C++17 (GCC 7-32),1743713665
313846318,EvanChun,Longest Good Array,OK,Rust 2021,1743712668
313845179,EvanChun,Square or Not,OK,Rust 2021,1743711719
313844513,marco.bonizzi,Alternating String,OK,C++20 (GCC 13-64),1743711164
313840604,shatrughan9328,Sakurako's Exam,OK,C++17 (GCC 7-32),1743708204
313840461,shatrughan9328,Sakurako's Exam,OK,C++17 (GCC 7-32),1743708115
313836306,thenamelessmonster,Alternating String,TIME_LIMIT_EXCEEDED,PyPy 3-64,1743705421
313836019,Nadosha20,Sakurako's Exam,WRONG_ANSWER,"C++23 (GCC 14-64, msys2)",1743705237
313835875,thenamelessmonster,Alternating String,RUNTIME_ERROR,PyPy 2,1743705163
313835686,thenamelessmonster,Alternating String,COMPILATION_ERROR,PyPy 2,1743705043
313835491,thenamelessmonster,Alternating String,RUNTIME_ERROR,Python 2,1743704923
313835362,thenamelessmonster,Alternating String,RUNTIME_ERROR,PyPy 2,1743704858
313835205,thenamelessmonster,Alternating String,COMPILATION_ERROR,PyPy 2,1743704776
313834913,thenamelessmonster,Alternating String,RUNTIME_ERROR,PyPy 2,1743704627
313831893,shatrughan9328,Sakurako's Exam,WRONG_ANSWER,C++17 (GCC 7-32),1743702967
313831737,harikotak005,Sakurako's Exam,WRONG_ANSWER,"C++23 (GCC 14-64, msys2)",1743702887
313824073,Alkaser_ID,Alternating String,OK,C++20 (GCC 13-64),1743699064
313819367,AleTaf,Sakurako's Box,OK,C++20 (GCC 13-64),1743697789
313818156,AleTaf,Sakurako's Box,WRONG_ANSWER,C++20 (GCC 13-64),1743697597
313816352,AleTaf,Sakurako's Box,WRONG_ANSWER,C++20 (GCC 13-64),1743697349
313815010,AleTaf,Sakurako's Box,WRONG_ANSWER,C++20 (GCC 13-64),1743697176
313761434,Codeplaysme,Longest Good Array,OK,"C++23 (GCC 14-64, msys2)",1743691653
313760715,Codeplaysme,Longest Good Array,COMPILATION_ERROR,"C++23 (GCC 14-64, msys2)",1743691596
313759241,Codeplaysme,Longest Good Array,COMPILATION_ERROR,"C++23 (GCC 14-64, msys2)",1743691481
313743240,Codeplaysme,Longest Good Array,TIME_LIMIT_EXCEEDED,"C++23 (GCC 14-64, msys2)",1743690193
313742780,Madhav_2023,Sakurako's Exam,OK,C++17 (GCC 7-32),1743689945
313742528,Codeplaysme,Longest Good Array,TIME_LIMIT_EXCEEDED,"C++23 (GCC 14-64, msys2)",1743689824
313740939,mjiumengm,Sakurako's Box,OK,"C++23 (GCC 14-64, msys2)",1743689011
313740548,Psquare31,Longest Good Array,OK,C++17 (GCC 7-32),1743688806
313740460,mjiumengm,Sakurako's Box,WRONG_ANSWER,"C++23 (GCC 14-64, msys2)",1743688760
313739871,mjiumengm,Sakurako's Box,WRONG_ANSWER,"C++23 (GCC 14-64, msys2)",1743688451
313737551,tmz09,Square or Not,OK,"C++23 (GCC 14-64, msys2)",1743687236
313735643,tmz09,Square or Not,WRONG_ANSWER,"C++23 (GCC 14-64, msys2)",1743686286
313734630,donghedd,Alternating String,OK,C++17 (GCC 7-32),1743685831
313732074,Vivaswath_2007,Longest Good Array,WRONG_ANSWER,C++17 (GCC 7-32),1743684494
313731558,HARSHdeep1234,Sakurako's Box,OK,C++17 (GCC 7-32),1743684195
313731506,HARSHdeep1234,Sakurako's Box,WRONG_ANSWER,C++17 (GCC 7-32),1743684161
313731238,HARSHdeep1234,Sakurako's Box,WRONG_ANSWER,C++17 (GCC 7-32),1743684029
313731092,HARSHdeep1234,Sakurako's Box,WRONG_ANSWER,C++17 (GCC 7-32),1743683958
313730207,Vivaswath_2007,Longest Good Array,OK,C++17 (GCC 7-32),1743683472
313725797,tanvibansall,Sakurako's Hobby,OK,C++17 (GCC 7-32),1743680929
313720751,dwijit17,Sakurako's Exam,OK,C++20 (GCC 13-64),1743677849
313719856,dwijit17,Sakurako's Exam,WRONG_ANSWER,C++20 (GCC 13-64),1743677321
313716382,Dhur_miya,Sakurako's Exam,OK,"C++23 (GCC 14-64, msys2)",1743675161
313711340,Alimnazarallar1,Sakurako's Exam,OK,C++17 (GCC 7-32),1743672066
313709021,KotoriItsuka,Sakurako's Box,WRONG_ANSWER,C++20 (GCC 13-64),1743670754
313701833,ZISAN,Sakurako's Hobby,OK,C++17 (GCC 7-32),1743666077
313701167,shivesh_kaushik,Sakurako's Box,OK,"C++23 (GCC 14-64, msys2)",1743665639
313700983,shivesh_kaushik,Sakurako's Box,WRONG_ANSWER,"C++23 (GCC 14-64, msys2)",1743665515
313699757,arjunmazumder132,Sakurako's Hobby,OK,C++20 (GCC 13-64),1743664674
313694877,coder2010,Sakurako's Exam,OK,PyPy 3-64,1743661753
313694452,huangsibo001,Sakurako's Task,WRONG_ANSWER,C++17 (GCC 7-32),1743661464
313693681,ta815587,Sakurako's Hobby,OK,C++17 (GCC 7-32),1743661003
313685067,kannu06,Sakurako's Hobby,TIME_LIMIT_EXCEEDED,C++17 (GCC 7-32),1743654669
313684179,Vedang_01,Sakurako's Exam,OK,C++17 (GCC 7-32),1743653953
313680994,anastasia_16,Sakurako's Exam,OK,C++20 (GCC 13-64),1743651036
313677182,jeesoo,Longest Good Array,OK,Java 21,1743646323
313669283,Omarhanyy,Square or Not,OK,C++17 (GCC 7-32),1743633041
313660896,whois_pc,Longest Good Array,OK,C++20 (GCC 13-64),1743623586
313657579,mix233,Sakurako's Test,WRONG_ANSWER,C++17 (GCC 7-32),1743621202
313657531,Real_Reasoning_Model,Sakurako's Exam,OK,C++17 (GCC 7-32),1743621177
313657371,num5,Sakurako's Hobby,OK,C++17 (GCC 7-32),1743621087
313657366,real_Parallelism,Sakurako's Box,WRONG_ANSWER,C++17 (GCC 7-32),1743621083
313657123,mix233,Square or Not,OK,C++17 (GCC 7-32),1743620959
313656806,Real_Reasoning_Model,Sakurako's Hobby,OK,C++17 (GCC 7-32),1743620799
313656710,WorldShine03,Square or Not,OK,C++17 (GCC 7-32),1743620749
313656617,real_Parallelism,Sakurako's Test,TIME_LIMIT_EXCEEDED,C++17 (GCC 7-32),1743620706
313656594,WorldShine03,Sakurako's Exam,OK,C++17 (GCC 7-32),1743620691
313656480,num7,Sakurako's Box,OK,C++17 (GCC 7-32),1743620625
313656009,Real_Reasoning_Model,Longest Good Array,OK,C++17 (GCC 7-32),1743620382
313655913,num3,Sakurako's Task,OK,C++17 (GCC 7-32),1743620333
313655556,Real_Reasoning_Model,Sakurako's Test,WRONG_ANSWER,C++17 (GCC 7-32),1743620148
313655553,WorldShine02,Alternating String,OK,C++17 (GCC 7-32),1743620147
313655478,num2,Sakurako's Exam,WRONG_ANSWER,C++17 (GCC 7-32),1743620110
313655252,real_Parallelism,Sakurako's Hobby,OK,C++17 (GCC 7-32),1743619987
313655130,num5,Sakurako's Hobby,OK,C++17 (GCC 7-32),1743619922
313654996,num2,Sakurako's Test,WRONG_ANSWER,C++17 (GCC 7-32),1743619850
313654571,num5,Sakurako's Test,WRONG_ANSWER,C++17 (GCC 7-32),1743619621
313654468,num5,Sakurako's Exam,OK,C++17 (GCC 7-32),1743619572
313654284,squid_suraj,Sakurako's Hobby,OK,C++17 (GCC 7-32),1743619470
313654143,mix233,Sakurako's Hobby,OK,C++17 (GCC 7-32),1743619397
313654128,num2,Sakurako's Box,WRONG_ANSWER,C++17 (GCC 7-32),1743619388
313653905,WorldShine03,Square or Not,OK,C++17 (GCC 7-32),1743619267
313653531,code_conquer,Sakurako's Exam,WRONG_ANSWER,"C++23 (GCC 14-64, msys2)",1743619064
313653257,code_conquer,Sakurako's Exam,WRONG_ANSWER,"C++23 (GCC 14-64, msys2)",1743618910
313650823,arzoobhuker09,Sakurako's Hobby,OK,C++20 (GCC 13-64),1743617646
313650487,arzoobhuker09,Sakurako's Hobby,MEMORY_LIMIT_EXCEEDED,C++20 (GCC 13-64),1743617480
313647296,n_aglaa,Sakurako's Hobby,OK,C++17 (GCC 7-32),1743615931
313641863,guangong,Sakurako's Hobby,OK,C++20 (GCC 13-64),1743613226
313640343,guangong,Sakurako's Hobby,OK,C++20 (GCC 13-64),1743612322
313639866,h233cd-08,Sakurako's Exam,OK,C++17 (GCC 7-32),1743612038
313639291,h233cd-08,Sakurako's Exam,WRONG_ANSWER,C++17 (GCC 7-32),1743611745
313638519,h233cd-08,Square or Not,OK,C++17 (GCC 7-32),1743611323
313637367,h233cd-08,Longest Good Array,OK,C++17 (GCC 7-32),1743610672
313635553,angelov,Sakurako's Box,WRONG_ANSWER,C++17 (GCC 7-32),1743609605
313635013,angelov,Sakurako's Box,WRONG_ANSWER,C++17 (GCC 7-32),1743609262
313634565,arpit900shukla,Sakurako's Box,OK,C++17 (GCC 7-32),1743609032
313634182,Never_Give_Up_07,Sakurako's Task,OK,"C++23 (GCC 14-64, msys2)",1743608141
313633712,Never_Give_Up_07,Sakurako's Task,WRONG_ANSWER,"C++23 (GCC 14-64, msys2)",1743607869
313633529,arpit900shukla,Sakurako's Box,WRONG_ANSWER,C++17 (GCC 7-32),1743607767
313632233,fanfly,Alternating String,OK,C++17 (GCC 7-32),1743607059
313631880,fanfly,Alternating String,MEMORY_LIMIT_EXCEEDED,C++17 (GCC 7-32),1743606869
313627559,mohitvdx,Sakurako's Exam,OK,C++20 (GCC 13-64),1743604744
313627253,mohitvdx,Sakurako's Exam,OK,C++20 (GCC 13-64),1743604622
313625589,curious_codist,Square or Not,OK,C++17 (GCC 7-32),1743603904
313625230,anishdesai,Longest Good Array,OK,C++20 (GCC 13-64),1743603729
313622182,Priyamcodez,Longest Good Array,OK,C++17 (GCC 7-32),1743602288
313615651,Fiftyone_fairytale,Square or Not,OK,"C++23 (GCC 14-64, msys2)",1743599401
313613116,Fiftyone_fairytale,Sakurako's Exam,OK,"C++23 (GCC 14-64, msys2)",1743598341
313606398,fanfly,Sakurako's Hobby,OK,C++17 (GCC 7-32),1743595330
313602667,supreetmaurya77,Sakurako's Task,OK,C++20 (GCC 13-64),1743593510
313602375,supreetmaurya77,Sakurako's Task,WRONG_ANSWER,C++20 (GCC 13-64),1743593355
313601199,supreetmaurya77,Sakurako's Task,WRONG_ANSWER,C++20 (GCC 13-64),1743592801
313600552,dev3456,Alternating String,OK,"C++23 (GCC 14-64, msys2)",1743592486
313599477,flowerri,Sakurako's Hobby,OK,C++20 (GCC 13-64),1743591962
313594039,flowerri,Longest Good Array,OK,C++20 (GCC 13-64),1743588204
313592924,flowerri,Square or Not,OK,C++20 (GCC 13-64),1743587642
313592843,flowerri,Square or Not,COMPILATION_ERROR,C++20 (GCC 13-64),1743587604
313591746,flowerri,Sakurako's Exam,OK,C++20 (GCC 13-64),1743587013
313589658,donghedd,Sakurako's Box,OK,C++17 (GCC 7-32),1743585879
313587317,Asilbek20100427,Sakurako's Exam,OK,PyPy 3-64,1743584606
313586684,Asilbek20100427,Sakurako's Exam,WRONG_ANSWER,PyPy 3-64,1743584291
313586482,xrqqqqq,Sakurako's Task,OK,C++20 (GCC 13-64),1743584193
313580803,miniz08,Longest Good Array,OK,C++20 (GCC 13-64),1743580899
313580373,23CS02002,Sakurako's Box,OK,"C++23 (GCC 14-64, msys2)",1743580639
313577807,miniz08,Square or Not,OK,C++20 (GCC 13-64),1743579015
313575806,Iffafh,Sakurako's Exam,OK,C++20 (GCC 13-64),1743577830
313570981,Omjoshi_7206,Sakurako's Exam,OK,C++17 (GCC 7-32),1743575251
313568556,swater01,Sakurako's Task,OK,"C++23 (GCC 14-64, msys2)",1743573947
313565117,Pratyushdumdumb,Sakurako's Exam,OK,"C++23 (GCC 14-64, msys2)",1743571799
313562502,Pratyushdumdumb,Longest Good Array,OK,"C++23 (GCC 14-64, msys2)",1743569910
313554136,saxel,Square or Not,WRONG_ANSWER,PyPy 3-64,1743562861
313553114,saxel,Square or Not,WRONG_ANSWER,PyPy 3-64,1743561834
313551818,bprk52524,Sakurako's Exam,OK,"C++23 (GCC 14-64, msys2)",1743560286
313550785,oldcatsthecat,Sakurako's Test,OK,"C++23 (GCC 14-64, msys2)",1743558858
313550700,oldcatsthecat,Sakurako's Test,TIME_LIMIT_EXCEEDED,"C++23 (GCC 14-64, msys2)",1743558738
313550556,oldcatsthecat,Sakurako's Test,TIME_LIMIT_EXCEEDED,"C++23 (GCC 14-64, msys2)",1743558548
313548764,night_boat,Sakurako's Box,OK,C++20 (GCC 13-64),1743556189
313548150,saxel,Sakurako's Exam,OK,PyPy 3-64,1743555458
313547805,night_boat,Sakurako's Box,OK,C++20 (GCC 13-64),1743554980
313547382,night_boat,Sakurako's Box,WRONG_ANSWER,C++20 (GCC 13-64),1743554376
313547318,night_boat,Sakurako's Box,WRONG_ANSWER,C++20 (GCC 13-64),1743554287
313547251,night_boat,Sakurako's Box,WRONG_ANSWER,C++20 (GCC 13-64),1743554193
313547216,night_boat,Sakurako's Box,WRONG_ANSWER,C++20 (GCC 13-64),1743554134
313547121,night_boat,Sakurako's Box,WRONG_ANSWER,C++20 (GCC 13-64),1743554000
313547070,night_boat,Sakurako's Box,WRONG_ANSWER,C++20 (GCC 13-64),1743553926
313547017,saxel,Sakurako's Exam,WRONG_ANSWER,PyPy 3-64,1743553847
313546966,night_boat,Sakurako's Box,WRONG_ANSWER,C++20 (GCC 13-64),1743553786
313546886,night_boat,Sakurako's Box,WRONG_ANSWER,C++20 (GCC 13-64),1743553653
313546837,yhyyy,Sakurako's Box,OK,C++20 (GCC 13-64),1743553580
313546810,night_boat,Sakurako's Box,WRONG_ANSWER,C++20 (GCC 13-64),1743553536
313546304,saxel,Sakurako's Exam,WRONG_ANSWER,PyPy 3-64,1743552698
313545760,saxel,Sakurako's Exam,WRONG_ANSWER,PyPy 3-64,1743551843
313544427,MINA_16,Sakurako's Exam,OK,"C++23 (GCC 14-64, msys2)",1743549470
313541968,Ubed_1701,Sakurako's Hobby,OK,C++20 (GCC 13-64),1743545692
313541903,Ubed_1701,Sakurako's Hobby,TIME_LIMIT_EXCEEDED,C++20 (GCC 13-64),1743545622
313531360,Ahmad_Arafa,Sakurako's Exam,OK,Java 21,1743536149
313529064,thenamelessmonster,Sakurako's Hobby,OK,PyPy 2,1743534789
313528057,De-Moiver,Sakurako's Exam,WRONG_ANSWER,C++17 (GCC 7-32),1743534228
313525283,Domzi1,Sakurako's Box,OK,"C++23 (GCC 14-64, msys2)",1743532850
313525157,Domzi1,Sakurako's Box,WRONG_ANSWER,"C++23 (GCC 14-64, msys2)",1743532792
313524856,Domzi1,Sakurako's Box,WRONG_ANSWER,"C++23 (GCC 14-64, msys2)",1743532656
313524661,Domzi1,Sakurako's Box,WRONG_ANSWER,"C++23 (GCC 14-64, msys2)",1743532554
313524533,Domzi1,Sakurako's Box,WRONG_ANSWER,"C++23 (GCC 14-64, msys2)",1743532503
313524408,patelaviral,Sakurako's Hobby,OK,Java 21,1743532445
313524331,Domzi1,Sakurako's Box,WRONG_ANSWER,"C++23 (GCC 14-64, msys2)",1743532406
313524173,Domzi1,Sakurako's Box,WRONG_ANSWER,"C++23 (GCC 14-64, msys2)",1743532319
313524051,Domzi1,Sakurako's Box,WRONG_ANSWER,"C++23 (GCC 14-64, msys2)",1743532255
313523913,Domzi1,Sakurako's Box,WRONG_ANSWER,"C++23 (GCC 14-64, msys2)",1743532187
313523782,patelaviral,Sakurako's Hobby,TIME_LIMIT_EXCEEDED,Java 21,1743532134
313521034,jack9915,Sakurako's Box,OK,C++17 (GCC 7-32),1743530965
313520840,smg_raza,Sakurako's Box,OK,Java 8,1743530898
313520351,smg_raza,Sakurako's Box,WRONG_ANSWER,Java 8,1743530694
313520095,jack9915,Sakurako's Box,WRONG_ANSWER,C++17 (GCC 7-32),1743530590
313518583,SuperDenis777,Square or Not,OK,C++20 (GCC 13-64),1743530020
313517147,amjadimran004,Alternating String,OK,C++20 (GCC 13-64),1743529462
313515119,jack9915,Sakurako's Box,WRONG_ANSWER,C++17 (GCC 7-32),1743528703
313511882,thenamelessmonster,Longest Good Array,OK,PyPy 2,1743527495
313511653,thenamelessmonster,Longest Good Array,WRONG_ANSWER,PyPy 2,1743527419
313511467,Dastanbekov,Longest Good Array,TIME_LIMIT_EXCEEDED,Python 3,1743527353
313508617,thenamelessmonster,Square or Not,OK,PyPy 2,1743526438
313508149,thenamelessmonster,Square or Not,COMPILATION_ERROR,PyPy 2,1743526298
313506819,thenamelessmonster,Square or Not,RUNTIME_ERROR,PyPy 2,1743525891
313486902,MINA_16,Sakurako's Exam,WRONG_ANSWER,"C++23 (GCC 14-64, msys2)",1743524139
313480735,0x97e7,Alternating String,OK,C++17 (GCC 7-32),1743523730
313467549,thenamelessmonster,Sakurako's Exam,OK,PyPy 2,1743522869
313431104,PhuDat1,Sakurako's Hobby,OK,C++20 (GCC 13-64),1743520888
313424543,verlint,Alternating String,OK,C++20 (GCC 13-64),1743520529
313378221,BinduFake,Sakurako's Box,OK,C++20 (GCC 13-64),1743516658
313377523,BinduFake,Sakurako's Box,WRONG_ANSWER,C++20 (GCC 13-64),1743516383
313375903,Fist,Sakurako's Exam,OK,"C++23 (GCC 14-64, msys2)",1743515728
313374577,Fist,Sakurako's Exam,WRONG_ANSWER,"C++23 (GCC 14-64, msys2)",1743515197
313374523,Fist,Sakurako's Exam,WRONG_ANSWER,"C++23 (GCC 14-64, msys2)",1743515172
313374219,Fist,Sakurako's Exam,WRONG_ANSWER,"C++23 (GCC 14-64, msys2)",1743515051
313373318,PrakashKumar_04,Alternating String,OK,C++20 (GCC 13-64),1743514690
313372798,PrakashKumar_04,Alternating String,WRONG_ANSWER,C++20 (GCC 13-64),1743514473
313370365,KotoriItsuka,Sakurako's Box,WRONG_ANSWER,C++20 (GCC 13-64),1743513515
313369474,glory1978,Square or Not,OK,C++20 (GCC 13-64),1743513166
313368398,BFxue,Sakurako's Box,OK,C++20 (GCC 13-64),1743512735
313367744,BFxue,Sakurako's Box,WRONG_ANSWER,C++20 (GCC 13-64),1743512491
313367219,deepanshusau,Sakurako's Test,OK,C++20 (GCC 13-64),1743512291
313367135,BFxue,Sakurako's Box,WRONG_ANSWER,C++20 (GCC 13-64),1743512259
313366016,BFxue,Sakurako's Box,WRONG_ANSWER,C++20 (GCC 13-64),1743511804
313363389,_wesstiov_,Sakurako's Box,OK,C++17 (GCC 7-32),1743510723
313363191,QuocSensei,Sakurako's Box,OK,C++20 (GCC 13-64),1743510634
313357860,deepanshusau,Sakurako's Test,WRONG_ANSWER,C++20 (GCC 13-64),1743508323
313355068,Jean7,Sakurako's Hobby,OK,"C++23 (GCC 14-64, msys2)",1743506952
313353795,Ryuuji_Nakamura,Sakurako's Box,OK,"C++23 (GCC 14-64, msys2)",1743506381
313351194,Shashi_S,Alternating String,OK,C++17 (GCC 7-32),1743505017
313345064,isagi_yaichki,Sakurako's Box,OK,C++20 (GCC 13-64),1743501466
313343203,bprk52524,Sakurako's Exam,WRONG_ANSWER,"C++23 (GCC 14-64, msys2)",1743500448
313342466,Shahriarc224,Square or Not,WRONG_ANSWER,"C++23 (GCC 14-64, msys2)",1743500069
313341449,Yudiao_Vicky,Sakurako's Box,WRONG_ANSWER,C++17 (GCC 7-32),1743499556
313341372,Yudiao_Vicky,Sakurako's Box,OK,C++17 (GCC 7-32),1743499519
313341121,Yudiao_Vicky,Sakurako's Box,WRONG_ANSWER,C++17 (GCC 7-32),1743499399
313340667,Yudiao_Vicky,Sakurako's Box,WRONG_ANSWER,C++17 (GCC 7-32),1743499187
313340455,Yudiao_Vicky,Sakurako's Box,WRONG_ANSWER,C++17 (GCC 7-32),1743499084
313340338,Yudiao_Vicky,Sakurako's Box,WRONG_ANSWER,C++17 (GCC 7-32),1743499022
313340224,Yudiao_Vicky,Sakurako's Box,WRONG_ANSWER,C++17 (GCC 7-32),1743498962
313338376,jjwawy999,Sakurako's Box,OK,"C++23 (GCC 14-64, msys2)",1743497998
313338193,jjwawy999,Sakurako's Box,WRONG_ANSWER,"C++23 (GCC 14-64, msys2)",1743497908
313337114,Yudiao_Vicky,Alternating String,OK,C++17 (GCC 7-32),1743497343
313336626,Yudiao_Vicky,Alternating String,TIME_LIMIT_EXCEEDED,C++17 (GCC 7-32),1743497094
313334546,Swastik_Mantri,Sakurako's Box,OK,"C++23 (GCC 14-64, msys2)",1743495894
313331603,RogerThatTan,Square or Not,OK,"C++23 (GCC 14-64, msys2)",1743494181
313327807,Na_Me_Le_Ss,Sakurako's Box,WRONG_ANSWER,"C++23 (GCC 14-64, msys2)",1743491912
313327750,Na_Me_Le_Ss,Sakurako's Box,OK,"C++23 (GCC 14-64, msys2)",1743491880
313327658,Na_Me_Le_Ss,Sakurako's Box,WRONG_ANSWER,"C++23 (GCC 14-64, msys2)",1743491819
313327344,Na_Me_Le_Ss,Sakurako's Box,WRONG_ANSWER,"C++23 (GCC 14-64, msys2)",1743491628
313326956,Na_Me_Le_Ss,Sakurako's Box,WRONG_ANSWER,"C++23 (GCC 14-64, msys2)",1743491413
313325155,Na_Me_Le_Ss,Alternating String,OK,"C++23 (GCC 14-64, msys2)",1743490434
313323610,Gagansinghal,Alternating String,OK,C++17 (GCC 7-32),1743489519
313323216,zzzz43210,Alternating String,OK,C++17 (GCC 7-32),1743489281
313322666,Na_Me_Le_Ss,Sakurako's Hobby,OK,"C++23 (GCC 14-64, msys2)",1743488933
313317922,Na_Me_Le_Ss,Longest Good Array,OK,"C++23 (GCC 14-64, msys2)",1743485960
313317007,Na_Me_Le_Ss,Square or Not,OK,"C++23 (GCC 14-64, msys2)",1743485298
313316315,Na_Me_Le_Ss,Square or Not,WRONG_ANSWER,"C++23 (GCC 14-64, msys2)",1743484828
313315161,Na_Me_Le_Ss,Sakurako's Exam,OK,"C++23 (GCC 14-64, msys2)",1743484005
313314997,Na_Me_Le_Ss,Sakurako's Exam,WRONG_ANSWER,"C++23 (GCC 14-64, msys2)",1743483882
313314842,Na_Me_Le_Ss,Sakurako's Exam,WRONG_ANSWER,"C++23 (GCC 14-64, msys2)",1743483754
313314430,Remgagagali727,Sakurako's Test,OK,"C++23 (GCC 14-64, msys2)",1743483416
313308661,123xc,Sakurako's Box,OK,C++20 (GCC 13-64),1743477897
313308496,123xc,Sakurako's Box,WRONG_ANSWER,C++20 (GCC 13-64),1743477743
313308173,123xc,Sakurako's Box,WRONG_ANSWER,C++20 (GCC 13-64),1743477389
313306822,Shrabani,Sakurako's Exam,OK,"C++23 (GCC 14-64, msys2)",1743475864
313306483,Shrabani,Sakurako's Exam,WRONG_ANSWER,"C++23 (GCC 14-64, msys2)",1743475450
313306377,Shrabani,Sakurako's Exam,WRONG_ANSWER,"C++23 (GCC 14-64, msys2)",1743475299
313306264,Shrabani,Sakurako's Exam,WRONG_ANSWER,"C++23 (GCC 14-64, msys2)",1743475172
313306190,Shrabani,Sakurako's Exam,WRONG_ANSWER,"C++23 (GCC 14-64, msys2)",1743475093
313306081,Shrabani,Sakurako's Exam,WRONG_ANSWER,"C++23 (GCC 14-64, msys2)",1743474975
313304039,Leo_Pranav,Alternating String,OK,C++17 (GCC 7-32),1743472496
313300925,abdinabiev1,Sakurako's Hobby,OK,"C++23 (GCC 14-64, msys2)",1743468057
313297100,SamuelLH,Sakurako's Hobby,OK,"C++23 (GCC 14-64, msys2)",1743459270
313297091,SamuelLH,Sakurako's Hobby,COMPILATION_ERROR,GNU C11,1743459255
313290863,suryansh1706,Sakurako's Box,OK,"C++23 (GCC 14-64, msys2)",1743451101
313290752,suryansh1706,Sakurako's Box,OK,"C++23 (GCC 14-64, msys2)",1743450991
313290341,suryansh1706,Sakurako's Box,WRONG_ANSWER,"C++23 (GCC 14-64, msys2)",1743450578
313290176,suryansh1706,Sakurako's Box,WRONG_ANSWER,"C++23 (GCC 14-64, msys2)",1743450422
313289977,suryansh1706,Sakurako's Box,WRONG_ANSWER,"C++23 (GCC 14-64, msys2)",1743450231
313289491,suryansh1706,Sakurako's Box,WRONG_ANSWER,"C++23 (GCC 14-64, msys2)",1743449818
313289372,suryansh1706,Sakurako's Box,WRONG_ANSWER,"C++23 (GCC 14-64, msys2)",1743449717
313286164,Priyamcodez,Sakurako's Exam,OK,C++17 (GCC 7-32),1743447117
313280516,Tethet,Sakurako's Task,OK,"C++23 (GCC 14-64, msys2)",1743443687
313280373,Tethet,Sakurako's Task,WRONG_ANSWER,"C++23 (GCC 14-64, msys2)",1743443598
313276081,SushiWithAchaar,Longest Good Array,OK,C++17 (GCC 7-32),1743441030
313275924,d15ha,Alternating String,OK,"C++23 (GCC 14-64, msys2)",1743440949
313275705,MarcosViniciusBurdzinski,Square or Not,WRONG_ANSWER,GNU C11,1743440822
313275473,MarcosViniciusBurdzinski,Square or Not,WRONG_ANSWER,GNU C11,1743440690
313275239,MarcosViniciusBurdzinski,Square or Not,WRONG_ANSWER,GNU C11,1743440562
313274910,MarcosViniciusBurdzinski,Square or Not,WRONG_ANSWER,GNU C11,1743440377
313274732,MarcosViniciusBurdzinski,Square or Not,WRONG_ANSWER,GNU C11,1743440275
313272863,mayankagrwl_13,Sakurako's Box,OK,"C++23 (GCC 14-64, msys2)",1743439273
313271040,r1su,Longest Good Array,OK,C++17 (GCC 7-32),1743438286
313270834,AdSaw05_,Alternating String,OK,C++17 (GCC 7-32),1743438172
313268907,SevenRedSuns,Sakurako's Test,OK,C++17 (GCC 7-32),1743437096
313268790,SevenRedSuns,Sakurako's Test,TIME_LIMIT_EXCEEDED,C++17 (GCC 7-32),1743437032
313267813,MarcosViniciusBurdzinski,Square or Not,WRONG_ANSWER,GNU C11,1743436508
313267739,MarcosViniciusBurdzinski,Square or Not,COMPILATION_ERROR,GNU C11,1743436458
313266728,MarcosViniciusBurdzinski,Square or Not,WRONG_ANSWER,GNU C11,1743435927
313263772,lgxsx,Sakurako's Hobby,OK,C++20 (GCC 13-64),1743434369
313263062,lgxsx,Sakurako's Hobby,MEMORY_LIMIT_EXCEEDED,C++17 (GCC 7-32),1743434010
313262320,mayankagrwl_13,Sakurako's Box,WRONG_ANSWER,"C++23 (GCC 14-64, msys2)",1743433621
313262177,educationn999,Sakurako's Box,TIME_LIMIT_EXCEEDED,C++20 (GCC 13-64),1743433547
313260945,Dibamboo,Alternating String,OK,C++20 (GCC 13-64),1743432929
313260841,Dibamboo,Alternating String,WRONG_ANSWER,C++20 (GCC 13-64),1743432885
313259977,benfraj_helmi,Alternating String,OK,C++17 (GCC 7-32),1743432449
313259591,benfraj_helmi,Alternating String,TIME_LIMIT_EXCEEDED,C++17 (GCC 7-32),1743432285
313257035,Anuj344,Sakurako's Exam,OK,C++20 (GCC 13-64),1743431126
313256897,Anuj344,Sakurako's Exam,WRONG_ANSWER,C++20 (GCC 13-64),1743431064
313256455,Quyts,Longest Good Array,OK,C++20 (GCC 13-64),1743430890
313256308,deccanValley_23,Square or Not,WRONG_ANSWER,C++17 (GCC 7-32),1743430827
313256282,Anuj344,Sakurako's Exam,WRONG_ANSWER,C++20 (GCC 13-64),1743430814
313256043,_SURAJ_0.1,Sakurako's Exam,OK,"C++23 (GCC 14-64, msys2)",1743430708
313255881,Anuj344,Sakurako's Exam,WRONG_ANSWER,C++20 (GCC 13-64),1743430638
313253274,deccanValley_23,Sakurako's Exam,WRONG_ANSWER,C++17 (GCC 7-32),1743429523
313252516,deccanValley_23,Sakurako's Exam,WRONG_ANSWER,C++17 (GCC 7-32),1743429231
313251673,deccanValley_23,Sakurako's Exam,WRONG_ANSWER,C++17 (GCC 7-32),1743428902
313251007,deccanValley_23,Sakurako's Exam,WRONG_ANSWER,C++17 (GCC 7-32),1743428642
313250504,deccanValley_23,Sakurako's Exam,WRONG_ANSWER,C++17 (GCC 7-32),1743428442
313249437,deccanValley_23,Sakurako's Exam,WRONG_ANSWER,C++17 (GCC 7-32),1743427989
313249277,mayankagrwl_13,Sakurako's Box,WRONG_ANSWER,"C++23 (GCC 14-64, msys2)",1743427909
313249081,mayankagrwl_13,Sakurako's Box,WRONG_ANSWER,"C++23 (GCC 14-64, msys2)",1743427821
313249002,mayankagrwl_13,Sakurako's Box,WRONG_ANSWER,"C++23 (GCC 14-64, msys2)",1743427787
313248295,deccanValley_23,Sakurako's Exam,WRONG_ANSWER,C++17 (GCC 7-32),1743427437
313248209,__Theo__,Longest Good Array,OK,"C++23 (GCC 14-64, msys2)",1743427396
313246314,123ducanhanhduc123,Sakurako's Exam,OK,Python 3,1743426400
313245616,Kaushal_singhal,Sakurako's Test,OK,"C++23 (GCC 14-64, msys2)",1743426048
313244837,Kaushal_singhal,Sakurako's Test,TIME_LIMIT_EXCEEDED,"C++23 (GCC 14-64, msys2)",1743425626
313243873,Kaushal_singhal,Sakurako's Test,TIME_LIMIT_EXCEEDED,"C++23 (GCC 14-64, msys2)",1743425097
313243466,123865977,Sakurako's Exam,OK,C++20 (GCC 13-64),1743424877
313243261,123865977,Sakurako's Exam,WRONG_ANSWER,C++17 (GCC 7-32),1743424773
313243078,123865977,Sakurako's Exam,WRONG_ANSWER,C++17 (GCC 7-32),1743424691
313242791,123865977,Sakurako's Exam,WRONG_ANSWER,C++17 (GCC 7-32),1743424546
313242123,Th3_Ch0sen_One,Sakurako's Box,OK,"C++23 (GCC 14-64, msys2)",1743424204
313241966,Th3_Ch0sen_One,Sakurako's Box,WRONG_ANSWER,"C++23 (GCC 14-64, msys2)",1743424120
313238896,MatinAbbasi,Sakurako's Exam,OK,"C++23 (GCC 14-64, msys2)",1743422561
313236273,Yo_brow,Sakurako's Hobby,OK,C++17 (GCC 7-32),1743421236
313229789,rustyBot,Sakurako's Hobby,OK,Java 21,1743417672
313227517,Parth1510,Alternating String,OK,C++17 (GCC 7-32),1743416438
313223474,hustlerfromchamps_007,Sakurako's Hobby,OK,C++20 (GCC 13-64),1743414050
313222987,amancore,Sakurako's Box,OK,"C++23 (GCC 14-64, msys2)",1743413759
313222189,Xujj,Square or Not,OK,C++20 (GCC 13-64),1743413303
313221196,Xujj,Sakurako's Exam,OK,C++20 (GCC 13-64),1743412719
313220426,Xujj,Sakurako's Exam,WRONG_ANSWER,C++20 (GCC 13-64),1743412225
313220258,Xujj,Sakurako's Exam,WRONG_ANSWER,C++20 (GCC 13-64),1743412126
313220046,Xujj,Sakurako's Exam,WRONG_ANSWER,C++20 (GCC 13-64),1743411989
313219865,CoDeLikeShubham,Sakurako's Hobby,OK,C++17 (GCC 7-32),1743411901
313215798,Ali-Hadi787,Sakurako's Exam,OK,"C++23 (GCC 14-64, msys2)",1743409372
313215651,Ali-Hadi787,Sakurako's Exam,WRONG_ANSWER,"C++23 (GCC 14-64, msys2)",1743409265
313215494,Ali-Hadi787,Sakurako's Exam,WRONG_ANSWER,"C++23 (GCC 14-64, msys2)",1743409163
313210393,uttam282005,Sakurako's Box,OK,"C++23 (GCC 14-64, msys2)",1743405699
313206965,Floam,Alternating String,OK,"C++23 (GCC 14-64, msys2)",1743403567
313206284,Floam,Alternating String,MEMORY_LIMIT_EXCEEDED,"C++23 (GCC 14-64, msys2)",1743403150
313206098,Floam,Alternating String,MEMORY_LIMIT_EXCEEDED,"C++23 (GCC 14-64, msys2)",1743403029
313204601,ayushpandey2411,Longest Good Array,OK,"C++23 (GCC 14-64, msys2)",1743402012
313204257,upama_09,Sakurako's Exam,OK,Java 21,1743401784
313202174,srj_42,Sakurako's Exam,OK,C++17 (GCC 7-32),1743400217
313200471,Tanmay_8,Sakurako's Exam,OK,C++17 (GCC 7-32),1743398865
313200281,Tanmay_8,Sakurako's Exam,WRONG_ANSWER,C++17 (GCC 7-32),1743398695
313198780,Tanmay_8,Longest Good Array,OK,C++17 (GCC 7-32),1743397399
313192590,SevenRedSuns,Sakurako's Task,OK,C++17 (GCC 7-32),1743390467
313192550,SevenRedSuns,Sakurako's Task,WRONG_ANSWER,C++17 (GCC 7-32),1743390403
313192099,SevenRedSuns,Sakurako's Task,TIME_LIMIT_EXCEEDED,C++17 (GCC 7-32),1743389801
313191918,SevenRedSuns,Sakurako's Task,WRONG_ANSWER,C++17 (GCC 7-32),1743389537
313189077,Ashu_5,Sakurako's Exam,OK,C++17 (GCC 7-32),1743385131
313186642,thais.almeida,Longest Good Array,OK,PyPy 3,1743380631
313184824,SevenRedSuns,Sakurako's Task,TIME_LIMIT_EXCEEDED,C++17 (GCC 7-32),1743376396
313183717,JoyKhanna,Sakurako's Box,WRONG_ANSWER,C++20 (GCC 13-64),1743374210
313183600,JoyKhanna,Sakurako's Box,WRONG_ANSWER,C++20 (GCC 13-64),1743373999
313183495,r8848_,Longest Good Array,OK,"C++23 (GCC 14-64, msys2)",1743373832
313183487,JoyKhanna,Sakurako's Box,WRONG_ANSWER,C++20 (GCC 13-64),1743373809
313183365,r8848_,Square or Not,OK,"C++23 (GCC 14-64, msys2)",1743373585
313182876,r8848_,Sakurako's Exam,OK,"C++23 (GCC 14-64, msys2)",1743372681
313181495,ayush_barney,Sakurako's Hobby,OK,C++20 (GCC 13-64),1743370557
313180565,Jynweythekxtal,Sakurako's Hobby,TIME_LIMIT_EXCEEDED,"C++23 (GCC 14-64, msys2)",1743369374
313179558,Lever,Alternating String,OK,C++20 (GCC 13-64),1743368372
313179280,theweakestsilver,Alternating String,OK,C++17 (GCC 7-32),1743368036
313179147,theweakestsilver,Alternating String,WRONG_ANSWER,C++17 (GCC 7-32),1743367901
313177280,williamzhoulin,Sakurako's Hobby,OK,C++20 (GCC 13-64),1743366040
313176587,m_kulas,Sakurako's Test,WRONG_ANSWER,C++20 (GCC 13-64),1743365400
313174994,williamzhoulin,Longest Good Array,OK,C++20 (GCC 13-64),1743363928
313174712,williamzhoulin,Square or Not,OK,C++20 (GCC 13-64),1743363682
313174455,m_kulas,Sakurako's Test,TIME_LIMIT_EXCEEDED,C++20 (GCC 13-64),1743363499
313173523,williamzhoulin,Sakurako's Exam,OK,C++20 (GCC 13-64),1743362809
313173430,williamzhoulin,Sakurako's Exam,COMPILATION_ERROR,PyPy 3-64,1743362741
313170619,_kaysar07,Sakurako's Hobby,OK,"C++23 (GCC 14-64, msys2)",1743360650
313170500,mansi_jamwal_,Sakurako's Hobby,OK,C++20 (GCC 13-64),1743360555
313170169,mansi_jamwal_,Sakurako's Hobby,RUNTIME_ERROR,C++20 (GCC 13-64),1743360337
313169337,nasser_10,Longest Good Array,OK,C++20 (GCC 13-64),1743359717
313168098,Sampras_12345,Sakurako's Hobby,OK,C++17 (GCC 7-32),1743358907
313168045,namanlp,Longest Good Array,OK,C++17 (GCC 7-32),1743358875
313166681,kolmogorov,Sakurako's Box,OK,C++17 (GCC 7-32),1743358029
313164350,mansi_jamwal_,Sakurako's Hobby,WRONG_ANSWER,C++20 (GCC 13-64),1743356440
313163155,mostoro,Square or Not,WRONG_ANSWER,C++17 (GCC 7-32),1743355680
313162567,mostoro,Square or Not,WRONG_ANSWER,C++17 (GCC 7-32),1743355332
313162375,mostoro,Square or Not,WRONG_ANSWER,C++17 (GCC 7-32),1743355219
313160319,sharipzodadovud,Sakurako's Exam,WRONG_ANSWER,"C++23 (GCC 14-64, msys2)",1743354071
313160214,sharipzodadovud,Sakurako's Exam,WRONG_ANSWER,"C++23 (GCC 14-64, msys2)",1743354011
313159582,YEAGERIST20,Sakurako's Box,OK,C++20 (GCC 13-64),1743353669
313155883,mdrozdov769,Longest Good Array,OK,C++17 (GCC 7-32),1743352924
313155349,TurjoyTushar,Longest Good Array,OK,C++17 (GCC 7-32),1743352638
313154339,_kaysar07,Longest Good Array,OK,"C++23 (GCC 14-64, msys2)",1743352126
313153808,bshah,Sakurako's Box,OK,"C++23 (GCC 14-64, msys2)",1743351817
313153333,bshah,Sakurako's Box,WRONG_ANSWER,"C++23 (GCC 14-64, msys2)",1743351560
313153216,bshah,Sakurako's Box,WRONG_ANSWER,"C++23 (GCC 14-64, msys2)",1743351490
313153144,bshah,Sakurako's Box,WRONG_ANSWER,"C++23 (GCC 14-64, msys2)",1743351448
313150425,nasser_10,Square or Not,OK,C++20 (GCC 13-64),1743350036
313148030,nasser_10,Square or Not,WRONG_ANSWER,C++20 (GCC 13-64),1743348857
313146123,_kaysar07,Square or Not,OK,"C++23 (GCC 14-64, msys2)",1743347907
313145447,nasser_10,Sakurako's Exam,OK,C++20 (GCC 13-64),1743347553
313145091,nasser_10,Sakurako's Exam,WRONG_ANSWER,C++20 (GCC 13-64),1743347387
313139032,Var_sa_33i_0,Sakurako's Hobby,OK,C++20 (GCC 13-64),1743344108
313136264,samarthrathore,Sakurako's Box,OK,"C++23 (GCC 14-64, msys2)",1743342573
313134981,samarthrathore,Sakurako's Box,WRONG_ANSWER,"C++23 (GCC 14-64, msys2)",1743341888
313134197,kujocailun,Longest Good Array,OK,C++17 (GCC 7-32),1743341477
313133697,samarthrathore,Sakurako's Box,WRONG_ANSWER,"C++23 (GCC 14-64, msys2)",1743341219
313133037,samarthrathore,Sakurako's Box,WRONG_ANSWER,"C++23 (GCC 14-64, msys2)",1743340866
313132813,samarthrathore,Sakurako's Box,WRONG_ANSWER,"C++23 (GCC 14-64, msys2)",1743340726
313130803,_kaysar07,Sakurako's Exam,OK,"C++23 (GCC 14-64, msys2)",1743339658
313125387,rcd,Sakurako's Hobby,OK,Python 3,1743336658
313125159,rcd,Sakurako's Hobby,RUNTIME_ERROR,Python 3,1743336550
313124523,AdeebBinHuda,Sakurako's Exam,OK,C++20 (GCC 13-64),1743336185
313114809,Comethru,Sakurako's Test,OK,"C++23 (GCC 14-64, msys2)",1743331826
313111017,b0b1,Longest Good Array,OK,C++17 (GCC 7-32),1743330448
313105251,prajwal311,Sakurako's Box,OK,"C++23 (GCC 14-64, msys2)",1743328038
313105120,prajwal311,Sakurako's Box,WRONG_ANSWER,"C++23 (GCC 14-64, msys2)",1743327986
313102237,Defile,Sakurako's Box,WRONG_ANSWER,C++17 (GCC 7-32),1743326744
313100920,samarthrathore,Sakurako's Hobby,OK,"C++23 (GCC 14-64, msys2)",1743326042
313099838,Shravan6398,Alternating String,WRONG_ANSWER,C++17 (GCC 7-32),1743325489
313099593,Tys0N_06,Sakurako's Hobby,TIME_LIMIT_EXCEEDED,C++17 (GCC 7-32),1743325367
313098851,Tys0N_06,Sakurako's Hobby,TIME_LIMIT_EXCEEDED,C++17 (GCC 7-32),1743325027
313098847,Abhishek_013,Alternating String,OK,C++17 (GCC 7-32),1743325027
313096986,fengyanhao,Sakurako's Task,OK,"C++23 (GCC 14-64, msys2)",1743324087
313096767,fengyanhao,Sakurako's Task,WRONG_ANSWER,"C++23 (GCC 14-64, msys2)",1743323963
313096586,Nitin4637,Longest Good Array,OK,"C++23 (GCC 14-64, msys2)",1743323867
313096155,fengyanhao,Sakurako's Task,WRONG_ANSWER,"C++23 (GCC 14-64, msys2)",1743323659
313095799,fengyanhao,Sakurako's Task,WRONG_ANSWER,"C++23 (GCC 14-64, msys2)",1743323470
313094797,Tys0N_06,Longest Good Array,OK,C++17 (GCC 7-32),1743322945
313094478,Nitin4637,Square or Not,OK,"C++23 (GCC 14-64, msys2)",1743322773
313093426,chenjun88,Sakurako's Task,WRONG_ANSWER,C++17 (GCC 7-32),1743322159
313093299,chenjun88,Sakurako's Task,WRONG_ANSWER,C++17 (GCC 7-32),1743322080
313092293,chenjun88,Sakurako's Task,WRONG_ANSWER,C++17 (GCC 7-32),1743321474
313090812,Nitin4637,Sakurako's Exam,OK,"C++23 (GCC 14-64, msys2)",1743320722
313090286,Smilee007,Longest Good Array,OK,"C++23 (GCC 14-64, msys2)",1743320395
313089324,xiaoman0907,Sakurako's Task,WRONG_ANSWER,C++17 (GCC 7-32),1743319807
313089121,xiaoman0907,Sakurako's Task,WRONG_ANSWER,C++17 (GCC 7-32),1743319681
313087799,xiaoman0907,Sakurako's Task,WRONG_ANSWER,C++17 (GCC 7-32),1743318940
313087675,ksami1831,Sakurako's Box,OK,C++20 (GCC 13-64),1743318877
313087536,ksami1831,Sakurako's Box,WRONG_ANSWER,C++20 (GCC 13-64),1743318806
313087296,marcus06,Sakurako's Box,OK,C++20 (GCC 13-64),1743318690
313084376,aujasvit,Sakurako's Hobby,OK,C++20 (GCC 13-64),1743317156
313080099,Xie_Z_H,Sakurako's Exam,OK,C++17 (GCC 7-32),1743314750
313066826,thaihainam179,Longest Good Array,OK,C++17 (GCC 7-32),1743303042
313064588,rfpermen,Sakurako's Test,OK,C++20 (GCC 13-64),1743300444
313062409,Raimond,Sakurako's Hobby,OK,C++20 (GCC 13-64),1743297500
313057020,SevenRedSuns,Sakurako's Task,WRONG_ANSWER,C++17 (GCC 7-32),1743288315
313056893,SevenRedSuns,Sakurako's Task,WRONG_ANSWER,C++17 (GCC 7-32),1743288105
313056687,SevenRedSuns,Sakurako's Task,WRONG_ANSWER,C++17 (GCC 7-32),1743287759
313056248,SevenRedSuns,Sakurako's Task,TIME_LIMIT_EXCEEDED,C++17 (GCC 7-32),1743287088
313055920,SevenRedSuns,Sakurako's Task,WRONG_ANSWER,C++17 (GCC 7-32),1743286602
313055874,victimkiddo32,Sakurako's Exam,OK,"C++23 (GCC 14-64, msys2)",1743286542
313050447,SevenRedSuns,Alternating String,OK,C++17 (GCC 7-32),1743280706
313042191,sazukil,Sakurako's Exam,OK,PyPy 3-64,1743274684
313036610,N.K.Siam,Square or Not,OK,"C++23 (GCC 14-64, msys2)",1743271367
313036423,sagor009,Sakurako's Exam,OK,C++17 (GCC 7-32),1743271266
313035488,labibshahriar9997,Sakurako's Exam,OK,Python 3,1743270815
313034051,Ziko_Zoulati,Sakurako's Box,OK,Python 3,1743270177
313031992,chef08,Square or Not,OK,"C++23 (GCC 14-64, msys2)",1743269413
313030967,AkashSingh8,Square or Not,OK,"C++23 (GCC 14-64, msys2)",1743269184
313030443,chef08,Square or Not,WRONG_ANSWER,"C++23 (GCC 14-64, msys2)",1743268524
313030130,Ziko_Zoulati,Sakurako's Box,WRONG_ANSWER,Python 3,1743268066
313029744,namanlp,Longest Good Array,WRONG_ANSWER,C++17 (GCC 7-32),1743267527
313029320,abubakar119147,Longest Good Array,OK,C++17 (GCC 7-32),1743267270
313028984,YEAGERIST20,Alternating String,OK,C++20 (GCC 13-64),1743266816
313022767,ducklings,Longest Good Array,OK,C++17 (GCC 7-32),1743265561
313006715,Tys0N_06,Longest Good Array,WRONG_ANSWER,C++17 (GCC 7-32),1743263687
312996481,Tys0N_06,Sakurako's Exam,COMPILATION_ERROR,C++17 (GCC 7-32),1743262570
312995963,Tys0N_06,Longest Good Array,WRONG_ANSWER,C++17 (GCC 7-32),1743262518
312968007,Violet.E,Longest Good Array,OK,C++20 (GCC 13-64),1743260129
312959729,Tys0N_06,Sakurako's Exam,OK,C++17 (GCC 7-32),1743259592
312945449,Quyts,Longest Good Array,COMPILATION_ERROR,C++20 (GCC 13-64),1743256829
312945115,Quyts,Square or Not,OK,C++20 (GCC 13-64),1743256628
312940711,zll0501,Alternating String,OK,C++17 (GCC 7-32),1743254196
312939849,zll0501,Alternating String,TIME_LIMIT_EXCEEDED,C++17 (GCC 7-32),1743253711
312934549,aiwkmz1,Longest Good Array,OK,C++20 (GCC 13-64),1743250915
312931708,gauravpandit,Sakurako's Box,OK,C++17 (GCC 7-32),1743249491
312929152,Mr_Ownerdidi,Longest Good Array,OK,C++20 (GCC 13-64),1743248169
312927005,FakeGodjj,Sakurako's Hobby,OK,C++17 (GCC 7-32),1743247112
312926559,samarthrathore,Longest Good Array,OK,"C++23 (GCC 14-64, msys2)",1743246855
312926319,au_au,Sakurako's Exam,OK,C++17 (GCC 7-32),1743246706
312925193,The_Yeagerist,Sakurako's Box,OK,"C++23 (GCC 14-64, msys2)",1743246110
312925161,samarthrathore,Square or Not,OK,"C++23 (GCC 14-64, msys2)",1743246094
312924843,The_Yeagerist,Sakurako's Box,WRONG_ANSWER,"C++23 (GCC 14-64, msys2)",1743245917
312924656,The_Yeagerist,Sakurako's Box,WRONG_ANSWER,"C++23 (GCC 14-64, msys2)",1743245823
312923890,gupta_vatsal,Sakurako's Hobby,OK,C++17 (GCC 7-32),1743245426
312923800,samarthrathore,Sakurako's Exam,OK,"C++23 (GCC 14-64, msys2)",1743245378
312923404,The_Yeagerist,Sakurako's Box,WRONG_ANSWER,"C++23 (GCC 14-64, msys2)",1743245171
312923311,Rimusai,Sakurako's Test,OK,C++17 (GCC 7-32),1743245128
312922568,gupta_vatsal,Sakurako's Hobby,TIME_LIMIT_EXCEEDED,C++17 (GCC 7-32),1743244728
312922564,amancore,Alternating String,WRONG_ANSWER,"C++23 (GCC 14-64, msys2)",1743244727
312922461,picoton,Sakurako's Task,OK,"C++23 (GCC 14-64, msys2)",1743244683
312920821,Priyanshu_Pandey__core,Sakurako's Box,OK,C++20 (GCC 13-64),1743243854
312920252,au_au,Sakurako's Exam,OK,C++17 (GCC 7-32),1743243555
312919220,mailsuhas.madhu,Sakurako's Exam,OK,Java 21,1743243047
312919057,mailsuhas.madhu,Sakurako's Exam,WRONG_ANSWER,Java 21,1743242965
312918525,mailsuhas.madhu,Sakurako's Exam,WRONG_ANSWER,Java 21,1743242712
312917387,gupta_vatsal,Sakurako's Box,OK,C++17 (GCC 7-32),1743242133
312917266,gauravpandit,Sakurako's Box,TIME_LIMIT_EXCEEDED,C++17 (GCC 7-32),1743242081
312917119,xfrs001,Sakurako's Exam,OK,"C++23 (GCC 14-64, msys2)",1743242011
312917099,MINA_16,Sakurako's Exam,WRONG_ANSWER,"C++23 (GCC 14-64, msys2)",1743241999
312916841,gupta_vatsal,Sakurako's Box,WRONG_ANSWER,C++17 (GCC 7-32),1743241888
312916629,gupta_vatsal,Sakurako's Box,WRONG_ANSWER,C++17 (GCC 7-32),1743241792
312915567,gupta_vatsal,Sakurako's Box,WRONG_ANSWER,C++17 (GCC 7-32),1743241241
312915147,amancore,Alternating String,WRONG_ANSWER,"C++23 (GCC 14-64, msys2)",1743241019
312914780,oZxpnguin,Longest Good Array,OK,"C++23 (GCC 14-64, msys2)",1743240842
312914686,gupta_vatsal,Sakurako's Box,WRONG_ANSWER,C++17 (GCC 7-32),1743240796
312914288,jaysatya52,Sakurako's Hobby,WRONG_ANSWER,C++17 (GCC 7-32),1743240585
312914236,Kai_keikeizuihaoya,Longest Good Array,TIME_LIMIT_EXCEEDED,C++17 (GCC 7-32),1743240565
312914192,oZxpnguin,Longest Good Array,WRONG_ANSWER,"C++23 (GCC 14-64, msys2)",1743240546
312913265,Kai_keikeizuihaoya,Longest Good Array,TIME_LIMIT_EXCEEDED,C++17 (GCC 7-32),1743240096
312913211,Priyanshu_Pandey__core,Sakurako's Box,WRONG_ANSWER,C++20 (GCC 13-64),1743240067
312912859,Priyanshu_Pandey__core,Sakurako's Box,WRONG_ANSWER,C++20 (GCC 13-64),1743239879
312911753,kapilkundu1380,Sakurako's Hobby,OK,C++20 (GCC 13-64),1743239359
312911555,Priyanshu_Pandey__core,Sakurako's Box,WRONG_ANSWER,C++20 (GCC 13-64),1743239272
312911083,Priyanshu_Pandey__core,Sakurako's Box,WRONG_ANSWER,C++20 (GCC 13-64),1743239055
312910287,Priyanshu_Pandey__core,Sakurako's Box,WRONG_ANSWER,C++20 (GCC 13-64),1743238699
312909859,Priyanshu_Pandey__core,Sakurako's Box,WRONG_ANSWER,C++20 (GCC 13-64),1743238492
312909216,Priyanshu_Pandey__core,Sakurako's Box,WRONG_ANSWER,C++20 (GCC 13-64),1743238178
312909009,Priyanshu_Pandey__core,Sakurako's Box,WRONG_ANSWER,C++20 (GCC 13-64),1743238093
312908632,Priyanshu_Pandey__core,Sakurako's Box,WRONG_ANSWER,C++20 (GCC 13-64),1743237928
312904115,handsomedeer,Longest Good Array,OK,C++17 (GCC 7-32),1743235984
312904034,handsomedeer,Longest Good Array,OK,C++17 (GCC 7-32),1743235957
312903850,jaysatya52,Longest Good Array,OK,C++17 (GCC 7-32),1743235880
312903725,jaysatya52,Longest Good Array,WRONG_ANSWER,C++17 (GCC 7-32),1743235825
312903577,huwt,Sakurako's Hobby,OK,C++17 (GCC 7-32),1743235763
312903563,zhiyu123,Longest Good Array,OK,C++17 (GCC 7-32),1743235756
312903498,Mahirosaiko-desu,Longest Good Array,OK,C++20 (GCC 13-64),1743235724
312903189,PanDa.Wo,Longest Good Array,OK,PyPy 3,1743235580
312903075,PanDa.Wo,Longest Good Array,TIME_LIMIT_EXCEEDED,Python 3,1743235523
312902718,Szymogu,Longest Good Array,OK,C++17 (GCC 7-32),1743235367
312901946,franky_314,Alternating String,OK,C++17 (GCC 7-32),1743235045
312901680,Priyanshu_Pandey__core,Alternating String,OK,C++20 (GCC 13-64),1743234934
312901489,zhiyu123,Longest Good Array,TIME_LIMIT_EXCEEDED,C++17 (GCC 7-32),1743234848
312901023,jaysatya52,Square or Not,OK,C++17 (GCC 7-32),1743234604
312900522,mu_123,Longest Good Array,OK,C++17 (GCC 7-32),1743234380
312900515,leoCoderPP,Longest Good Array,OK,C++17 (GCC 7-32),1743234377
312899952,dyerwoo,Longest Good Array,OK,C++20 (GCC 13-64),1743234107
312899861,T_1234567,Longest Good Array,OK,C++17 (GCC 7-32),1743234059
312899766,nitin_choudhary,Sakurako's Task,OK,C++20 (GCC 13-64),1743234019
312898785,Comaberenices,Longest Good Array,OK,"C++23 (GCC 14-64, msys2)",1743233568
312898784,czt123456,Longest Good Array,OK,Java 8,1743233568
312898723,jueziisyue,Longest Good Array,OK,C++20 (GCC 13-64),1743233535
312898694,drer,Longest Good Array,OK,C++17 (GCC 7-32),1743233521
312898630,a0717,Longest Good Array,OK,C++17 (GCC 7-32),1743233496
312898562,jaysatya52,Sakurako's Exam,OK,C++17 (GCC 7-32),1743233463
312898519,gamma_yas,Sakurako's Hobby,OK,C++17 (GCC 7-32),1743233440
312898388,a0717,Longest Good Array,WRONG_ANSWER,C++17 (GCC 7-32),1743233384
312898250,jueziisyue,Longest Good Array,WRONG_ANSWER,C++20 (GCC 13-64),1743233326
312897957,jueziisyue,Longest Good Array,COMPILATION_ERROR,C++20 (GCC 13-64),1743233219
312897756,dyerwoo,Longest Good Array,TIME_LIMIT_EXCEEDED,C++20 (GCC 13-64),1743233137
312897726,tieyazida,Longest Good Array,OK,C++17 (GCC 7-32),1743233127
312897572,myqvegetables,Longest Good Array,OK,PyPy 3,1743233062
312897019,lnker,Longest Good Array,OK,C++17 (GCC 7-32),1743232834
312896187,Comaberenices,Longest Good Array,WRONG_ANSWER,"C++23 (GCC 14-64, msys2)",1743232519
312895590,IVY_dlql,Longest Good Array,OK,Java 21,1743232296
312895059,CyberWraith,Alternating String,OK,"C++23 (GCC 14-64, msys2)",1743232060
312894617,convnet,Sakurako's Hobby,OK,C++17 (GCC 7-32),1743231875
312894374,penpen12345,Longest Good Array,OK,C++17 (GCC 7-32),1743231769
312893763,leoCoderPP,Longest Good Array,OK,"C++23 (GCC 14-64, msys2)",1743231520
312893695,shuhe,Longest Good Array,OK,C++20 (GCC 13-64),1743231489
312893476,Jacolp,Longest Good Array,OK,C++17 (GCC 7-32),1743231388
312891794,1D_array,Longest Good Array,OK,C++17 (GCC 7-32),1743230635
312890516,Mahirosaiko-desu,Longest Good Array,OK,C++17 (GCC 7-32),1743230066
312890060,snownight520,Longest Good Array,OK,C++17 (GCC 7-32),1743229871
312889665,tomcat11,Longest Good Array,OK,Java 21,1743229689
312884042,Alive_Dead,Sakurako's Box,OK,"C++23 (GCC 14-64, msys2)",1743226735
312883937,Alive_Dead,Sakurako's Box,OK,"C++23 (GCC 14-64, msys2)",1743226675
312883823,Alive_Dead,Sakurako's Box,WRONG_ANSWER,"C++23 (GCC 14-64, msys2)",1743226592
312883679,Alive_Dead,Sakurako's Box,WRONG_ANSWER,"C++23 (GCC 14-64, msys2)",1743226499
312883496,Alive_Dead,Sakurako's Box,WRONG_ANSWER,"C++23 (GCC 14-64, msys2)",1743226394
312883378,aibarsnurr__,Longest Good Array,WRONG_ANSWER,C++20 (GCC 13-64),1743226325
312883233,Ihsan_Tamim,Sakurako's Box,OK,"C++23 (GCC 14-64, msys2)",1743226229
312882935,Ihsan_Tamim,Sakurako's Box,WRONG_ANSWER,"C++23 (GCC 14-64, msys2)",1743226030
312882674,Ihsan_Tamim,Sakurako's Box,WRONG_ANSWER,"C++23 (GCC 14-64, msys2)",1743225877
312881569,noyon_1985,Sakurako's Exam,OK,C++17 (GCC 7-32),1743225151
312879935,202403020,Sakurako's Exam,OK,Java 21,1743223928
312878799,focustow,Sakurako's Box,OK,"C++23 (GCC 14-64, msys2)",1743222989
312878075,Cradle_,Sakurako's Box,OK,C++17 (GCC 7-32),1743222335
312877862,oZxpnguin,Square or Not,OK,"C++23 (GCC 14-64, msys2)",1743222165
312877839,Cradle_,Sakurako's Box,WRONG_ANSWER,C++17 (GCC 7-32),1743222150
312877702,Cradle_,Sakurako's Box,WRONG_ANSWER,C++17 (GCC 7-32),1743222048
312876930,trdrag,Sakurako's Box,OK,C++20 (GCC 13-64),1743221344
312876670,trdrag,Sakurako's Box,WRONG_ANSWER,C++20 (GCC 13-64),1743221129
312876567,trdrag,Sakurako's Box,WRONG_ANSWER,C++20 (GCC 13-64),1743221022
312876490,trdrag,Sakurako's Box,WRONG_ANSWER,C++20 (GCC 13-64),1743220953
312876311,trdrag,Sakurako's Box,WRONG_ANSWER,C++20 (GCC 13-64),1743220785
312876216,trdrag,Sakurako's Box,WRONG_ANSWER,C++20 (GCC 13-64),1743220707
312876131,trdrag,Sakurako's Box,WRONG_ANSWER,C++20 (GCC 13-64),1743220623
312874193,ayamoo,Longest Good Array,TIME_LIMIT_EXCEEDED,C++17 (GCC 7-32),1743218668
312873517,Jerry_07,Sakurako's Exam,WRONG_ANSWER,PyPy 3-64,1743217933
312870669,rudraveersingh7275467181,Sakurako's Hobby,OK,C++17 (GCC 7-32),1743214547
312869516,rudraveersingh7275467181,Longest Good Array,OK,C++17 (GCC 7-32),1743212975
312869413,CF2025,Sakurako's Exam,OK,C++17 (GCC 7-32),1743212827
312869125,CF2025,Sakurako's Exam,WRONG_ANSWER,C++17 (GCC 7-32),1743212457
312868933,rudraveersingh7275467181,Longest Good Array,WRONG_ANSWER,C++17 (GCC 7-32),1743212224
312868829,rudraveersingh7275467181,Longest Good Array,TIME_LIMIT_EXCEEDED,C++17 (GCC 7-32),1743212076
312868208,tuhin_biswas,Sakurako's Exam,WRONG_ANSWER,GNU C11,1743211195
312868145,tuhin_biswas,Sakurako's Exam,WRONG_ANSWER,GNU C11,1743211121
312868006,rudraveersingh7275467181,Square or Not,OK,C++17 (GCC 7-32),1743210942
312867951,rudraveersingh7275467181,Square or Not,WRONG_ANSWER,C++17 (GCC 7-32),1743210876
312867049,Amadoo,Sakurako's Exam,COMPILATION_ERROR,"C++23 (GCC 14-64, msys2)",1743209588
312866859,rudraveersingh7275467181,Sakurako's Exam,OK,C++17 (GCC 7-32),1743209280
312862422,shankardas0118,Sakurako's Exam,OK,C++17 (GCC 7-32),1743201929
312861016,shankardas0118,Sakurako's Exam,WRONG_ANSWER,C++17 (GCC 7-32),1743200164
312860782,smam,Sakurako's Box,OK,C++17 (GCC 7-32),1743199864
312860465,smam,Sakurako's Box,WRONG_ANSWER,C++17 (GCC 7-32),1743199509
312860160,smam,Sakurako's Box,WRONG_ANSWER,C++17 (GCC 7-32),1743199190
312858083,smam,Sakurako's Box,WRONG_ANSWER,C++17 (GCC 7-32),1743197338
312857891,smam,Sakurako's Box,WRONG_ANSWER,C++17 (GCC 7-32),1743197162
312857659,smam,Sakurako's Box,WRONG_ANSWER,C++17 (GCC 7-32),1743196953
312856857,rakhi__07d,Sakurako's Box,OK,C++20 (GCC 13-64),1743196288
312856752,Lunr_eclipse,Sakurako's Box,OK,C++20 (GCC 13-64),1743196186
312856662,Lunr_eclipse,Sakurako's Box,OK,C++20 (GCC 13-64),1743196129
312856595,Lunr_eclipse,Sakurako's Box,WRONG_ANSWER,C++20 (GCC 13-64),1743196076
312856364,Lunr_eclipse,Sakurako's Box,WRONG_ANSWER,C++20 (GCC 13-64),1743195889
312855271,rakhi__07d,Alternating String,OK,C++20 (GCC 13-64),1743195083
312855194,rakhi__07d,Alternating String,WRONG_ANSWER,C++20 (GCC 13-64),1743195038
312853954,tmunavver,Sakurako's Box,OK,C++20 (GCC 13-64),1743194231
312853762,tmunavver,Sakurako's Box,COMPILATION_ERROR,C++20 (GCC 13-64),1743194102
312853675,tmunavver,Sakurako's Box,WRONG_ANSWER,C++20 (GCC 13-64),1743194048
312853362,Gadi,Longest Good Array,OK,C++20 (GCC 13-64),1743193879
312853216,tmunavver,Sakurako's Box,WRONG_ANSWER,C++20 (GCC 13-64),1743193806
312852512,Abdullah444,Square or Not,OK,C++17 (GCC 7-32),1743193397
312852180,alamin2005,Square or Not,OK,C++20 (GCC 13-64),1743193195
312851706,ivan.v.gerasimov,Sakurako's Hobby,OK,"C++23 (GCC 14-64, msys2)",1743192935
312851331,ShivamKapoor23,Sakurako's Task,OK,C++20 (GCC 13-64),1743192708
312850917,eternalblue2906,Sakurako's Exam,OK,C++20 (GCC 13-64),1743192451
312850842,ShivamKapoor23,Sakurako's Task,WRONG_ANSWER,C++20 (GCC 13-64),1743192404
312850650,Beginner9297,Longest Good Array,OK,C++17 (GCC 7-32),1743192282
312850526,safaahusseinahmed597,Square or Not,WRONG_ANSWER,"C++23 (GCC 14-64, msys2)",1743192208
312850369,eternalblue2906,Sakurako's Exam,WRONG_ANSWER,C++20 (GCC 13-64),1743192107
312850194,ShivamKapoor23,Sakurako's Task,WRONG_ANSWER,C++20 (GCC 13-64),1743192005
312849816,ShivamKapoor23,Sakurako's Task,WRONG_ANSWER,C++20 (GCC 13-64),1743191773
312849555,ShivamKapoor23,Sakurako's Task,WRONG_ANSWER,C++20 (GCC 13-64),1743191591
312849507,Abdullah444,Sakurako's Exam,OK,C++17 (GCC 7-32),1743191559
312849293,ShivamKapoor23,Sakurako's Task,WRONG_ANSWER,C++20 (GCC 13-64),1743191425
312849289,Abdullah444,Sakurako's Exam,WRONG_ANSWER,C++17 (GCC 7-32),1743191423
312849112,safaahusseinahmed597,Square or Not,WRONG_ANSWER,"C++23 (GCC 14-64, msys2)",1743191307
312848946,safaahusseinahmed597,Square or Not,WRONG_ANSWER,"C++23 (GCC 14-64, msys2)",1743191203
312848519,safaahusseinahmed597,Square or Not,WRONG_ANSWER,"C++23 (GCC 14-64, msys2)",1743190922
312847553,without_aim,Sakurako's Exam,OK,C++17 (GCC 7-32),1743190341
312847206,Abdullah444,Sakurako's Exam,WRONG_ANSWER,C++17 (GCC 7-32),1743190137
312845473,alamin2005,Sakurako's Exam,OK,C++20 (GCC 13-64),1743189056
312845376,chi_nmay,Alternating String,OK,C++17 (GCC 7-32),1743189002
312843343,chi_nmay,Alternating String,RUNTIME_ERROR,C++17 (GCC 7-32),1743187798
312839104,priyav,Sakurako's Box,OK,"C++23 (GCC 14-64, msys2)",1743184847
312838535,priyav,Sakurako's Box,WRONG_ANSWER,"C++23 (GCC 14-64, msys2)",1743184528
312834364,KANG21540,Alternating String,OK,C++20 (GCC 13-64),1743182185
312834330,rishabh.fakeid,Alternating String,OK,C++20 (GCC 13-64),1743182168
312834045,prajwal311,Sakurako's Box,WRONG_ANSWER,"C++23 (GCC 14-64, msys2)",1743182012
312833888,prajwal311,Sakurako's Box,WRONG_ANSWER,"C++23 (GCC 14-64, msys2)",1743181924
312833504,chi_nmay,Alternating String,RUNTIME_ERROR,C++17 (GCC 7-32),1743181717
312833024,prajwal311,Sakurako's Box,WRONG_ANSWER,"C++23 (GCC 14-64, msys2)",1743181444
312831230,rishabh.fakeid,Alternating String,WRONG_ANSWER,C++20 (GCC 13-64),1743180556
312830887,KANG21540,Alternating String,WRONG_ANSWER,C++20 (GCC 13-64),1743180373
312830787,prajwal311,Sakurako's Hobby,OK,"C++23 (GCC 14-64, msys2)",1743180325
312828660,prajwal311,Longest Good Array,OK,"C++23 (GCC 14-64, msys2)",1743179078
312827975,prajwal311,Longest Good Array,WRONG_ANSWER,"C++23 (GCC 14-64, msys2)",1743178710
312826938,Kushagra123,Square or Not,OK,C++17 (GCC 7-32),1743178172
312826210,prajwal311,Square or Not,OK,"C++23 (GCC 14-64, msys2)",1743177796
312825955,thuha17180,Sakurako's Hobby,OK,C++20 (GCC 13-64),1743177682
312824668,prajwal311,Sakurako's Exam,OK,"C++23 (GCC 14-64, msys2)",1743177015
312824398,prajwal311,Sakurako's Exam,OK,"C++23 (GCC 14-64, msys2)",1743176886
312824350,KANG21540,Alternating String,WRONG_ANSWER,C++20 (GCC 13-64),1743176866
312824293,aarkin_237,Sakurako's Hobby,OK,C++17 (GCC 7-32),1743176833
312823223,Shtn,Alternating String,OK,"C++23 (GCC 14-64, msys2)",1743176283
312822859,Shtn,Alternating String,WRONG_ANSWER,"C++23 (GCC 14-64, msys2)",1743176071
312822344,Anninda,Sakurako's Exam,OK,GNU C11,1743175787
312817643,Pro88,Alternating String,OK,"C++23 (GCC 14-64, msys2)",1743173445
312815248,Shtn,Alternating String,WRONG_ANSWER,"C++23 (GCC 14-64, msys2)",1743172319
312815037,mohamed_elhussien,Square or Not,WRONG_ANSWER,C++17 (GCC 7-32),1743172229
312812603,ke_nas134,Square or Not,OK,PyPy 3,1743171065
312812296,helloai212,Sakurako's Exam,OK,C++17 (GCC 7-32),1743170922
312811622,tuhin_biswas,Sakurako's Exam,WRONG_ANSWER,GNU C11,1743170554
312808997,Astores,Sakurako's Exam,OK,C++17 (GCC 7-32),1743169450
312806970,ajaybaghel_05,Alternating String,OK,"C++23 (GCC 14-64, msys2)",1743168616
312806687,202403020,Square or Not,OK,Java 21,1743168498
312803217,202403020,Square or Not,WRONG_ANSWER,Java 21,1743167012
312802957,gizachew980,Longest Good Array,OK,PyPy 3-64,1743166901
312800881,102301635fushijie,Sakurako's Task,OK,C++20 (GCC 13-64),1743165937
312800408,102301635fushijie,Sakurako's Task,WRONG_ANSWER,C++20 (GCC 13-64),1743165710
312799935,102301635fushijie,Sakurako's Task,WRONG_ANSWER,C++20 (GCC 13-64),1743165467
312799861,ravoit5012,Longest Good Array,OK,"C++23 (GCC 14-64, msys2)",1743165427
312798238,ravoit5012,Square or Not,OK,"C++23 (GCC 14-64, msys2)",1743164652
312797012,202403020,Longest Good Array,OK,Java 21,1743164052
312796419,102301635fushijie,Sakurako's Task,WRONG_ANSWER,C++20 (GCC 13-64),1743163795
312795309,ravoit5012,Sakurako's Exam,OK,"C++23 (GCC 14-64, msys2)",1743163288
312795305,VaishnavAmbilpur,Sakurako's Exam,OK,"C++23 (GCC 14-64, msys2)",1743163287
312792932,jeremy0510,Sakurako's Task,WRONG_ANSWER,C++17 (GCC 7-32),1743162283
312792445,NoobEternal,Alternating String,OK,C++20 (GCC 13-64),1743162054
312790456,sethiyaharshal,Sakurako's Box,OK,C++17 (GCC 7-32),1743161147
312790014,sethiyaharshal,Sakurako's Box,WRONG_ANSWER,C++17 (GCC 7-32),1743160942
312789793,sethiyaharshal,Sakurako's Box,WRONG_ANSWER,C++17 (GCC 7-32),1743160845
312789772,yashwanthraju2006,Sakurako's Hobby,OK,C++17 (GCC 7-32),1743160834
312789699,sethiyaharshal,Sakurako's Box,WRONG_ANSWER,C++17 (GCC 7-32),1743160803
312789536,sethiyaharshal,Sakurako's Box,WRONG_ANSWER,C++17 (GCC 7-32),1743160739
312789420,sethiyaharshal,Sakurako's Box,WRONG_ANSWER,C++17 (GCC 7-32),1743160691
312786648,ckxian,Alternating String,TIME_LIMIT_EXCEEDED,C++17 (GCC 7-32),1743159482
312786357,umang_does_cp,Sakurako's Exam,OK,C++20 (GCC 13-64),1743159355
312785898,Zhenis1337,Sakurako's Exam,OK,C++20 (GCC 13-64),1743159144
312784618,mayoswsad,Sakurako's Box,OK,"C++23 (GCC 14-64, msys2)",1743158533
312782895,123456BXszd95,Sakurako's Hobby,RUNTIME_ERROR,C++20 (GCC 13-64),1743157639
312781764,123456BXszd95,Sakurako's Hobby,RUNTIME_ERROR,C++20 (GCC 13-64),1743157025
312781255,erikerciku06,Square or Not,OK,"C++23 (GCC 14-64, msys2)",1743156767
312780751,moralsoul48,Sakurako's Hobby,OK,"C++23 (GCC 14-64, msys2)",1743156502
312780384,YEAGERIST20,Sakurako's Hobby,OK,C++20 (GCC 13-64),1743156311
312779000,Zhenis1337,Square or Not,WRONG_ANSWER,C++20 (GCC 13-64),1743155597
312778457,Zhenis1337,Square or Not,WRONG_ANSWER,C++20 (GCC 13-64),1743155338
312777936,Zhenis1337,Square or Not,WRONG_ANSWER,C++20 (GCC 13-64),1743155076
312777683,anirudh0808,Longest Good Array,OK,C++17 (GCC 7-32),1743154948
312777096,anshgutpa326,Longest Good Array,OK,"C++23 (GCC 14-64, msys2)",1743154668
312776994,anshgutpa326,Longest Good Array,WRONG_ANSWER,"C++23 (GCC 14-64, msys2)",1743154619
312775788,Zhenis1337,Sakurako's Exam,WRONG_ANSWER,C++20 (GCC 13-64),1743153984
312775701,123456BXszd95,Longest Good Array,OK,C++20 (GCC 13-64),1743153940
312775215,Prabhatkrdprr24,Sakurako's Hobby,OK,"C++23 (GCC 14-64, msys2)",1743153690
312774921,frezze,Square or Not,OK,C++20 (GCC 13-64),1743153542
312774903,sachikaiitm,Sakurako's Exam,WRONG_ANSWER,C++17 (GCC 7-32),1743153533
312774507,123456BXszd95,Square or Not,OK,C++20 (GCC 13-64),1743153327
312774307,Zhenis1337,Longest Good Array,OK,C++20 (GCC 13-64),1743153227
312774123,moralsoul48,Sakurako's Hobby,OK,"C++23 (GCC 14-64, msys2)",1743153136
312773649,huwt,Alternating String,OK,C++17 (GCC 7-32),1743152899
312773321,himanshu12102004,Alternating String,OK,C++17 (GCC 7-32),1743152743
312773316,Zhenis1337,Square or Not,WRONG_ANSWER,C++20 (GCC 13-64),1743152740
312771871,Zhenis1337,Square or Not,WRONG_ANSWER,C++20 (GCC 13-64),1743152061
312771446,frezze,Sakurako's Exam,OK,C++20 (GCC 13-64),1743151862
312771303,frezze,Sakurako's Exam,WRONG_ANSWER,C++20 (GCC 13-64),1743151779
312771098,123456BXszd95,Sakurako's Exam,OK,C++20 (GCC 13-64),1743151666
312770920,frezze,Sakurako's Exam,WRONG_ANSWER,C++20 (GCC 13-64),1743151568
312770687,echo-hope,Alternating String,OK,C++20 (GCC 13-64),1743151451
312770588,Zhenis1337,Sakurako's Exam,WRONG_ANSWER,C++20 (GCC 13-64),1743151398
312769223,Zhenis1337,Sakurako's Exam,WRONG_ANSWER,C++20 (GCC 13-64),1743150683
312768539,Zhenis1337,Sakurako's Exam,WRONG_ANSWER,C++20 (GCC 13-64),1743150304
312765646,Oruc,Sakurako's Hobby,OK,C++17 (GCC 7-32),1743148644
312764808,aman_bhargav7665,Sakurako's Box,OK,C++17 (GCC 7-32),1743148122
312760615,himanshu12102004,Alternating String,TIME_LIMIT_EXCEEDED,C++17 (GCC 7-32),1743145579
312758975,himanshu12102004,Alternating String,TIME_LIMIT_EXCEEDED,C++17 (GCC 7-32),1743144629
312758557,aitieva,Sakurako's Exam,OK,Python 3,1743144391
312757938,DarkNight47Rises,Sakurako's Exam,OK,Python 3,1743144072
312757831,Abdunur-T-003-28,Sakurako's Hobby,OK,C++17 (GCC 7-32),1743144016
312757713,convnet,Sakurako's Hobby,TIME_LIMIT_EXCEEDED,C++17 (GCC 7-32),1743143961
312757475,convnet,Sakurako's Hobby,TIME_LIMIT_EXCEEDED,C++17 (GCC 7-32),1743143830
312757350,convnet,Sakurako's Hobby,TIME_LIMIT_EXCEEDED,C++17 (GCC 7-32),1743143768
312755398,solverIbrahim,Longest Good Array,OK,"C++23 (GCC 14-64, msys2)",1743142738
312753917,himanshu12102004,Alternating String,TIME_LIMIT_EXCEEDED,C++17 (GCC 7-32),1743141977
312753866,Turjya,Sakurako's Exam,WRONG_ANSWER,C++17 (GCC 7-32),1743141953
312753771,tekka_ity,Sakurako's Hobby,COMPILATION_ERROR,Java 21,1743141909
312747551,himanshu12102004,Sakurako's Box,OK,C++17 (GCC 7-32),1743138104
312747437,himanshu12102004,Sakurako's Box,OK,C++17 (GCC 7-32),1743138019
312747223,himanshu12102004,Sakurako's Box,WRONG_ANSWER,C++17 (GCC 7-32),1743137877
312744938,himanshu12102004,Sakurako's Box,WRONG_ANSWER,C++17 (GCC 7-32),1743137397
312744738,himanshu12102004,Sakurako's Box,WRONG_ANSWER,C++17 (GCC 7-32),1743137270
312744582,himanshu12102004,Sakurako's Box,WRONG_ANSWER,C++17 (GCC 7-32),1743137161
312737186,Umma_Samia,Longest Good Array,OK,C++20 (GCC 13-64),1743130381
312736042,Septemper,Sakurako's Task,OK,C++20 (GCC 13-64),1743128998
312735760,LinGu,Longest Good Array,OK,"C++23 (GCC 14-64, msys2)",1743128651
312735071,Septemper,Sakurako's Task,WRONG_ANSWER,C++20 (GCC 13-64),1743127809
312731858,faressaleh,Sakurako's Exam,OK,C++17 (GCC 7-32),1743123737
312730927,Negationist,Sakurako's Test,OK,C++20 (GCC 13-64),1743122521
312730896,awesomemaths,Sakurako's Test,OK,C++20 (GCC 13-64),1743122470
312729574,dark_horse95,Sakurako's Exam,OK,C++17 (GCC 7-32),1743120707
312719002,gerar123,Sakurako's Exam,OK,C++17 (GCC 7-32),1743108104
312716806,erinkerciku003,Sakurako's Exam,OK,"C++23 (GCC 14-64, msys2)",1743106507
312716387,Shreya__191,Alternating String,OK,"C++23 (GCC 14-64, msys2)",1743106240
312715888,SardonyxX_1628,Sakurako's Task,OK,"C++23 (GCC 14-64, msys2)",1743105902
312715693,erinkerciku003,Sakurako's Hobby,OK,"C++23 (GCC 14-64, msys2)",1743105775
312715467,erinkerciku003,Sakurako's Hobby,TIME_LIMIT_EXCEEDED,"C++23 (GCC 14-64, msys2)",1743105604
312714590,OutOfLuck,Sakurako's Hobby,OK,C++17 (GCC 7-32),1743104796
312713232,As__1,Alternating String,OK,"C++23 (GCC 14-64, msys2)",1743103488
312713022,erinkerciku003,Longest Good Array,OK,"C++23 (GCC 14-64, msys2)",1743103294
312712948,erikerciku06,Square or Not,COMPILATION_ERROR,"C++23 (GCC 14-64, msys2)",1743103210
312712676,erinkerciku003,Square or Not,OK,"C++23 (GCC 14-64, msys2)",1743102944
312712514,erikerciku06,Sakurako's Exam,OK,"C++23 (GCC 14-64, msys2)",1743102784
312712292,erikerciku06,Longest Good Array,WRONG_ANSWER,"C++23 (GCC 14-64, msys2)",1743102530
312712050,anshgutpa326,Longest Good Array,OK,"C++23 (GCC 14-64, msys2)",1743102251
312711522,erikerciku06,Square or Not,COMPILATION_ERROR,"C++23 (GCC 14-64, msys2)",1743101587
312711283,erinkerciku003,Sakurako's Exam,WRONG_ANSWER,"C++23 (GCC 14-64, msys2)",1743101234
312710817,erikerciku06,Sakurako's Exam,OK,"C++23 (GCC 14-64, msys2)",1743100618
312710103,RTE,Sakurako's Test,OK,C++20 (GCC 13-64),1743099707
312709949,mayoswsad,Sakurako's Box,WRONG_ANSWER,"C++23 (GCC 14-64, msys2)",1743099540
312707934,YEAGERIST20,Longest Good Array,OK,C++20 (GCC 13-64),1743098235
312707521,NandhiniG,Sakurako's Exam,OK,C++17 (GCC 7-32),1743097762
312707434,RTE,Sakurako's Test,OK,C++20 (GCC 13-64),1743097665
312702446,Septemper,Sakurako's Task,WRONG_ANSWER,C++20 (GCC 13-64),1743092020
312702087,Aaditya_Mishra8,Sakurako's Box,OK,C++17 (GCC 7-32),1743091628
312701258,RTE,Sakurako's Test,OK,C++20 (GCC 13-64),1743090798
312700803,oindrila_bmk1,Sakurako's Exam,OK,C++17 (GCC 7-32),1743090376
312700537,Turjya,Sakurako's Exam,WRONG_ANSWER,C++17 (GCC 7-32),1743090113
312699703,_.BIRUK._,Square or Not,OK,PyPy 3-64,1743089310
312699212,Kushagra123,Square or Not,OK,C++17 (GCC 7-32),1743088783
312698529,tekka_ity,Sakurako's Hobby,COMPILATION_ERROR,Java 21,1743088074
312697380,Pzre9,Sakurako's Box,WRONG_ANSWER,"C++23 (GCC 14-64, msys2)",1743086929
312697343,RTE,Sakurako's Test,OK,C++20 (GCC 13-64),1743086898
312697287,Valley7,Square or Not,OK,C++17 (GCC 7-32),1743086835
312696720,LinGu,Longest Good Array,OK,"C++23 (GCC 14-64, msys2)",1743086305
312696642,LinGu,Square or Not,OK,"C++23 (GCC 14-64, msys2)",1743086238
312696578,LinGu,Sakurako's Exam,OK,"C++23 (GCC 14-64, msys2)",1743086176
312695594,LinGu,Longest Good Array,TIME_LIMIT_EXCEEDED,"C++23 (GCC 14-64, msys2)",1743085256
312694873,kapilkundu1380,Sakurako's Hobby,TIME_LIMIT_EXCEEDED,C++20 (GCC 13-64),1743084240
312693493,As__1,Alternating String,COMPILATION_ERROR,"C++23 (GCC 14-64, msys2)",1743080518
312693458,Shreya__191,Alternating String,COMPILATION_ERROR,"C++23 (GCC 14-64, msys2)",1743080487
312692958,RTE,Sakurako's Test,OK,C++20 (GCC 13-64),1743080025
312690467,salah.amani2001,Longest Good Array,OK,C++17 (GCC 7-32),1743077861
312689365,SardonyxX_1628,Sakurako's Task,WRONG_ANSWER,"C++23 (GCC 14-64, msys2)",1743077006
312686864,flowergrass,Sakurako's Box,OK,"C++23 (GCC 14-64, msys2)",1743075682
312686584,flowergrass,Sakurako's Box,WRONG_ANSWER,"C++23 (GCC 14-64, msys2)",1743075554
312686161,flowergrass,Sakurako's Box,WRONG_ANSWER,"C++23 (GCC 14-64, msys2)",1743075353
312685739,flowergrass,Sakurako's Box,WRONG_ANSWER,"C++23 (GCC 14-64, msys2)",1743075128
312685612,cc150119,Alternating String,OK,C++20 (GCC 13-64),1743075067
312685575,cc150119,Sakurako's Box,OK,C++20 (GCC 13-64),1743075048
312683556,As__1,Alternating String,TIME_LIMIT_EXCEEDED,"C++23 (GCC 14-64, msys2)",1743073993
312670603,Arefin_malek,Sakurako's Hobby,OK,C++17 (GCC 7-32),1743066768
312666425,ljh537ljh,Sakurako's Hobby,OK,C++17 (GCC 7-32),1743064576
312666135,Arefin_malek,Longest Good Array,OK,C++17 (GCC 7-32),1743064430
312665349,Ak_m7uslim,Sakurako's Exam,OK,"C++23 (GCC 14-64, msys2)",1743063958
312664895,Ak_m7uslim,Longest Good Array,OK,"C++23 (GCC 14-64, msys2)",1743063712
312664436,STOFengLi,Sakurako's Test,OK,C++20 (GCC 13-64),1743063438
312658844,Siyam_Talukder,Sakurako's Box,OK,C++20 (GCC 13-64),1743060245
312658574,Siyam_Talukder,Sakurako's Box,OK,C++20 (GCC 13-64),1743060117
312657709,Siyam_Talukder,Sakurako's Box,WRONG_ANSWER,C++20 (GCC 13-64),1743059654
312652289,rrashu,Alternating String,OK,C++17 (GCC 7-32),1743056633
312649973,AntheaFlourish,Sakurako's Box,OK,C++20 (GCC 13-64),1743055071
312648856,newsboy,Sakurako's Task,OK,"C++23 (GCC 14-64, msys2)",1743054227
312643443,AntheaFlourish,Alternating String,OK,C++20 (GCC 13-64),1743049189
312639149,Sowvick_Paul,Alternating String,WRONG_ANSWER,C++20 (GCC 13-64),1743044872
312638104,86.pushkar.24,Sakurako's Hobby,OK,C++17 (GCC 7-32),1743043455
312637401,Cherryboba,Sakurako's Exam,OK,GNU C11,1743042436
312636654,Ashu_5,Square or Not,OK,C++17 (GCC 7-32),1743041351
312630104,two-seven,Alternating String,OK,"C++23 (GCC 14-64, msys2)",1743030671
312629878,ravoit5012,Alternating String,OK,"C++23 (GCC 14-64, msys2)",1743030361
312629815,ravoit5012,Alternating String,OK,"C++23 (GCC 14-64, msys2)",1743030262
312629730,ravoit5012,Alternating String,MEMORY_LIMIT_EXCEEDED,"C++23 (GCC 14-64, msys2)",1743030118
312629558,ravoit5012,Alternating String,WRONG_ANSWER,"C++23 (GCC 14-64, msys2)",1743029874
312629263,ravoit5012,Alternating String,WRONG_ANSWER,"C++23 (GCC 14-64, msys2)",1743029408
312629019,o_elyas,Square or Not,OK,C++17 (GCC 7-32),1743029114
312628455,o_elyas,Square or Not,OK,C++17 (GCC 7-32),1743028253
312627584,ravoit5012,Alternating String,TIME_LIMIT_EXCEEDED,"C++23 (GCC 14-64, msys2)",1743027005
312627471,Mehdi_arous,Sakurako's Hobby,OK,"C++23 (GCC 14-64, msys2)",1743026887
312627328,o_elyas,Sakurako's Exam,OK,C++17 (GCC 7-32),1743026685
312627248,salah.amani2001,Square or Not,OK,C++17 (GCC 7-32),1743026567
312626393,frilo,Square or Not,COMPILATION_ERROR,C++20 (GCC 13-64),1743025521
312625548,ravoit5012,Sakurako's Box,OK,"C++23 (GCC 14-64, msys2)",1743024590
312625295,two-seven,Sakurako's Box,OK,"C++23 (GCC 14-64, msys2)",1743024301
312624984,ravoit5012,Sakurako's Box,WRONG_ANSWER,"C++23 (GCC 14-64, msys2)",1743023989
312624745,Thorfin_ll,Alternating String,OK,"C++23 (GCC 14-64, msys2)",1743023744
312624695,ravoit5012,Sakurako's Box,WRONG_ANSWER,"C++23 (GCC 14-64, msys2)",1743023697
312624521,two-seven,Sakurako's Box,WRONG_ANSWER,"C++23 (GCC 14-64, msys2)",1743023529
312624476,ravoit5012,Sakurako's Box,WRONG_ANSWER,"C++23 (GCC 14-64, msys2)",1743023486
312624346,ravoit5012,Sakurako's Box,WRONG_ANSWER,"C++23 (GCC 14-64, msys2)",1743023350
312624225,salah.amani2001,Sakurako's Exam,OK,C++17 (GCC 7-32),1743023245
312624170,Mehdi_arous,Longest Good Array,OK,"C++23 (GCC 14-64, msys2)",1743023188
312624140,salah.amani2001,Sakurako's Exam,WRONG_ANSWER,C++17 (GCC 7-32),1743023160
312623567,Mauiza,Sakurako's Exam,OK,C++17 (GCC 7-32),1743022613
312623311,Mehdi_arous,Square or Not,OK,"C++23 (GCC 14-64, msys2)",1743022366
312623221,Mauiza,Sakurako's Exam,WRONG_ANSWER,C++17 (GCC 7-32),1743022265
312622769,Mehdi_arous,Square or Not,WRONG_ANSWER,"C++23 (GCC 14-64, msys2)",1743021894
312622592,salah.amani2001,Sakurako's Exam,WRONG_ANSWER,C++17 (GCC 7-32),1743021743
312622539,Mehdi_arous,Square or Not,WRONG_ANSWER,"C++23 (GCC 14-64, msys2)",1743021707
312622417,salah.amani2001,Sakurako's Exam,WRONG_ANSWER,C++17 (GCC 7-32),1743021615
312622302,salah.amani2001,Sakurako's Exam,WRONG_ANSWER,C++17 (GCC 7-32),1743021504
312621092,Mehdi_arous,Sakurako's Exam,OK,"C++23 (GCC 14-64, msys2)",1743020509
312621007,Mehdi_arous,Sakurako's Exam,WRONG_ANSWER,"C++23 (GCC 14-64, msys2)",1743020439
312619899,Shivam104V,Sakurako's Box,OK,"C++23 (GCC 14-64, msys2)",1743019527
312619575,Shivam104V,Sakurako's Box,OK,"C++23 (GCC 14-64, msys2)",1743019253
312619436,Shivam104V,Sakurako's Box,WRONG_ANSWER,"C++23 (GCC 14-64, msys2)",1743019134
312619254,shahfarhansadikl,Sakurako's Exam,OK,"C++23 (GCC 14-64, msys2)",1743018974
312619165,shahfarhansadikl,Sakurako's Exam,WRONG_ANSWER,"C++23 (GCC 14-64, msys2)",1743018903
312619034,madhavjha18,Square or Not,OK,C++17 (GCC 7-32),1743018807
312618935,Shivam104V,Sakurako's Box,WRONG_ANSWER,"C++23 (GCC 14-64, msys2)",1743018716
312618856,Shivam104V,Sakurako's Box,WRONG_ANSWER,"C++23 (GCC 14-64, msys2)",1743018657
312618629,Shivam104V,Sakurako's Box,WRONG_ANSWER,"C++23 (GCC 14-64, msys2)",1743018486
312617907,two-seven,Sakurako's Hobby,OK,"C++23 (GCC 14-64, msys2)",1743017949
312617801,Ahmed_Sieam,Sakurako's Exam,OK,C++17 (GCC 7-32),1743017881
312617670,coleYab,Longest Good Array,OK,PyPy 3-64,1743017797
312617012,Ahmed_Sieam,Sakurako's Exam,WRONG_ANSWER,C++17 (GCC 7-32),1743017384
312616384,The_challenger,Sakurako's Task,OK,"C++23 (GCC 14-64, msys2)",1743016953
312616072,The_challenger,Sakurako's Task,WRONG_ANSWER,"C++23 (GCC 14-64, msys2)",1743016703
312615434,The_challenger,Sakurako's Task,WRONG_ANSWER,"C++23 (GCC 14-64, msys2)",1743016252
312613901,Technigator,Square or Not,OK,"C++23 (GCC 14-64, msys2)",1743015217
312611504,Technigator,Sakurako's Exam,OK,"C++23 (GCC 14-64, msys2)",1743013682
312611296,namanlp,Square or Not,OK,C++17 (GCC 7-32),1743013564
312611164,CacheMe,Sakurako's Box,OK,"C++23 (GCC 14-64, msys2)",1743013484
312610695,CacheMe,Sakurako's Box,WRONG_ANSWER,"C++23 (GCC 14-64, msys2)",1743013200
312610501,a.out,Sakurako's Test,OK,"C++23 (GCC 14-64, msys2)",1743013100
312609979,CacheMe,Sakurako's Box,WRONG_ANSWER,"C++23 (GCC 14-64, msys2)",1743012809
312608371,ismayils,Longest Good Array,OK,C++20 (GCC 13-64),1743011818
312608086,ismayils,Longest Good Array,WRONG_ANSWER,C++20 (GCC 13-64),1743011660
312607981,Aaditya_Mishra8,Alternating String,OK,C++17 (GCC 7-32),1743011601
312607815,Pookie_Rookie,Sakurako's Box,OK,C++20 (GCC 13-64),1743011525
312607216,amjadimran004,Sakurako's Box,WRONG_ANSWER,C++20 (GCC 13-64),1743011181
312604825,YEAGERIST20,Square or Not,OK,C++20 (GCC 13-64),1743009815
312601306,Zpk9blm,Sakurako's Exam,OK,C++17 (GCC 7-32),1743007954
312600602,Zpk9blm,Sakurako's Exam,WRONG_ANSWER,C++17 (GCC 7-32),1743007579
312600546,Zpk9blm,Sakurako's Exam,COMPILATION_ERROR,C++17 (GCC 7-32),1743007547
312599887,Zpk9blm,Sakurako's Exam,WRONG_ANSWER,C++17 (GCC 7-32),1743007197
312598731,Zpk9blm,Sakurako's Exam,WRONG_ANSWER,C++17 (GCC 7-32),1743006625
312597545,Zpk9blm,Square or Not,OK,C++17 (GCC 7-32),1743006028
312597533,Henrique_Borges_Manzke,Square or Not,OK,C++17 (GCC 7-32),1743006023
312596808,legend17vikram,Square or Not,WRONG_ANSWER,"C++23 (GCC 14-64, msys2)",1743005680
312596686,akimzhan,Sakurako's Task,OK,"C++23 (GCC 14-64, msys2)",1743005607
312596640,akimzhan,Sakurako's Task,WRONG_ANSWER,"C++23 (GCC 14-64, msys2)",1743005586
312596581,akimzhan,Sakurako's Task,WRONG_ANSWER,"C++23 (GCC 14-64, msys2)",1743005557
312596304,legend17vikram,Square or Not,WRONG_ANSWER,"C++23 (GCC 14-64, msys2)",1743005427
312595085,akimzhan,Sakurako's Task,WRONG_ANSWER,"C++23 (GCC 14-64, msys2)",1743004841
312595032,akimzhan,Sakurako's Task,WRONG_ANSWER,"C++23 (GCC 14-64, msys2)",1743004813
312594580,akimzhan,Sakurako's Task,WRONG_ANSWER,"C++23 (GCC 14-64, msys2)",1743004603
312594413,legend17vikram,Square or Not,WRONG_ANSWER,"C++23 (GCC 14-64, msys2)",1743004524
312593472,akimzhan,Sakurako's Task,WRONG_ANSWER,"C++23 (GCC 14-64, msys2)",1743004092
312593413,akimzhan,Sakurako's Task,WRONG_ANSWER,"C++23 (GCC 14-64, msys2)",1743004066
312586937,lmijk,Sakurako's Hobby,OK,C++17 (GCC 7-32),1743001149
312586650,lmijk,Sakurako's Hobby,WRONG_ANSWER,C++17 (GCC 7-32),1743001015
312585838,utkarsh_s24,Sakurako's Box,OK,C++17 (GCC 7-32),1743000654
312585614,utkarsh_s24,Sakurako's Box,WRONG_ANSWER,C++17 (GCC 7-32),1743000543
312585306,utkarsh_s24,Sakurako's Box,WRONG_ANSWER,C++17 (GCC 7-32),1743000413
312585060,utkarsh_s24,Sakurako's Box,WRONG_ANSWER,C++17 (GCC 7-32),1743000312
312581336,akshW,Sakurako's Box,OK,"C++23 (GCC 14-64, msys2)",1742998640
312581085,akshW,Sakurako's Box,WRONG_ANSWER,"C++23 (GCC 14-64, msys2)",1742998529
312580751,akshW,Sakurako's Box,TIME_LIMIT_EXCEEDED,"C++23 (GCC 14-64, msys2)",1742998375
312580587,nknamebox,Sakurako's Hobby,OK,C++20 (GCC 13-64),1742998300
312580455,akshW,Sakurako's Box,WRONG_ANSWER,"C++23 (GCC 14-64, msys2)",1742998248
312580308,akshW,Sakurako's Box,WRONG_ANSWER,"C++23 (GCC 14-64, msys2)",1742998175
312580264,jeevanavenkatreddy,Sakurako's Exam,OK,Java 8,1742998159
312580215,akshW,Sakurako's Box,WRONG_ANSWER,"C++23 (GCC 14-64, msys2)",1742998133
312580174,akshW,Sakurako's Box,WRONG_ANSWER,"C++23 (GCC 14-64, msys2)",1742998112
312579828,Amit_Khedar,Sakurako's Box,OK,PyPy 3-64,1742997955
312578942,Kushagra123,Square or Not,OK,C++17 (GCC 7-32),1742997579
312578069,Nishu_panda1.0,Square or Not,OK,"C++23 (GCC 14-64, msys2)",1742997207
312577505,tempo79,Sakurako's Task,OK,C++20 (GCC 13-64),1742996964
312573367,muhammad_saif1000,Sakurako's Exam,OK,PyPy 3-64,1742995268
312573322,lihaochen,Sakurako's Task,OK,"C++23 (GCC 14-64, msys2)",1742995243
312573320,muhammad_saif1000,Sakurako's Exam,COMPILATION_ERROR,C++17 (GCC 7-32),1742995242
312573032,lihaochen,Sakurako's Task,WRONG_ANSWER,"C++23 (GCC 14-64, msys2)",1742995133
312568838,Xh_QwQ,Sakurako's Test,TIME_LIMIT_EXCEEDED,C++17 (GCC 7-32),1742993223
312568574,Xh_QwQ,Sakurako's Test,TIME_LIMIT_EXCEEDED,C++17 (GCC 7-32),1742993109
312567278,Xh_QwQ,Sakurako's Test,TIME_LIMIT_EXCEEDED,C++17 (GCC 7-32),1742992492
312567209,lmijk,Sakurako's Hobby,TIME_LIMIT_EXCEEDED,C++17 (GCC 7-32),1742992459
312566981,lmijk,Sakurako's Hobby,RUNTIME_ERROR,C++17 (GCC 7-32),1742992365
312566608,Xh_QwQ,Sakurako's Test,TIME_LIMIT_EXCEEDED,C++17 (GCC 7-32),1742992191
312561419,Mr_Sachin_06,Sakurako's Hobby,OK,C++20 (GCC 13-64),1742989952
312559768,ahmetaalptekin,Sakurako's Hobby,OK,C++17 (GCC 7-32),1742989275
312558570,acidLemon,Sakurako's Box,OK,C++20 (GCC 13-64),1742988742
312558325,stsm,Longest Good Array,OK,C++17 (GCC 7-32),1742988627
312557383,acidLemon,Alternating String,OK,C++20 (GCC 13-64),1742988194
312555022,akshW,Sakurako's Exam,OK,"C++23 (GCC 14-64, msys2)",1742987093
312554436,akshW,Longest Good Array,OK,"C++23 (GCC 14-64, msys2)",1742986817
312553951,akshW,Square or Not,OK,"C++23 (GCC 14-64, msys2)",1742986571
312552859,akshW,Sakurako's Exam,WRONG_ANSWER,"C++23 (GCC 14-64, msys2)",1742986011
312551733,akshW,Sakurako's Exam,WRONG_ANSWER,"C++23 (GCC 14-64, msys2)",1742985444
312550856,akshW,Sakurako's Exam,TIME_LIMIT_EXCEEDED,"C++23 (GCC 14-64, msys2)",1742984957
312550145,Iosko_Peter,Longest Good Array,OK,"C++23 (GCC 14-64, msys2)",1742984601
312546297,Shishir_11,Sakurako's Task,OK,"C++23 (GCC 14-64, msys2)",1742982691
312545046,Shishir_11,Sakurako's Task,WRONG_ANSWER,"C++23 (GCC 14-64, msys2)",1742981884
312544765,Shishir_11,Sakurako's Task,WRONG_ANSWER,"C++23 (GCC 14-64, msys2)",1742981714
312543589,Shishir_11,Sakurako's Task,TIME_LIMIT_EXCEEDED,"C++23 (GCC 14-64, msys2)",1742981041
312540090,BimoKayoba,Sakurako's Exam,COMPILATION_ERROR,C++17 (GCC 7-32),1742978869
312538552,BimoKayoba,Square or Not,OK,C++17 (GCC 7-32),1742977788
312538381,BimoKayoba,Square or Not,WRONG_ANSWER,C++17 (GCC 7-32),1742977681
312538309,BimoKayoba,Square or Not,WRONG_ANSWER,C++17 (GCC 7-32),1742977626
312537633,BimoKayoba,Square or Not,WRONG_ANSWER,C++17 (GCC 7-32),1742977179
312537416,BimoKayoba,Square or Not,WRONG_ANSWER,C++17 (GCC 7-32),1742977052
312534600,akimzhan,Sakurako's Task,WRONG_ANSWER,"C++23 (GCC 14-64, msys2)",1742975076
312534484,akimzhan,Sakurako's Task,WRONG_ANSWER,"C++23 (GCC 14-64, msys2)",1742974983
312533718,akimzhan,Sakurako's Task,WRONG_ANSWER,"C++23 (GCC 14-64, msys2)",1742974419
312532608,Crocubott01,Square or Not,OK,C++17 (GCC 7-32),1742973711
312532371,Crocubott01,Square or Not,WRONG_ANSWER,C++17 (GCC 7-32),1742973543
312532116,Nice2Cu_M,Sakurako's Box,OK,"C++23 (GCC 14-64, msys2)",1742973370
312531896,Nice2Cu_M,Sakurako's Box,WRONG_ANSWER,"C++23 (GCC 14-64, msys2)",1742973224
312530592,surendra_05,Alternating String,OK,C++17 (GCC 7-32),1742972344
312530261,surendra_05,Alternating String,WRONG_ANSWER,C++17 (GCC 7-32),1742972148
312521853,Avinnur,Longest Good Array,OK,C++20 (GCC 13-64),1742966070
312521682,Avinnur,Longest Good Array,WRONG_ANSWER,C++20 (GCC 13-64),1742965948
312521501,eugenekoran,Longest Good Array,OK,PyPy 3-64,1742965810
312515771,Riyanshi-Tomar,Longest Good Array,OK,GNU C11,1742961168
312512071,MapleLeafLover,Sakurako's Test,OK,"C++23 (GCC 14-64, msys2)",1742957472
312510191,Siyam_Talukder,Alternating String,OK,C++20 (GCC 13-64),1742955353
312508471,2251307025,Sakurako's Hobby,OK,Java 21,1742953321
312507173,Ashu_5,Longest Good Array,OK,C++17 (GCC 7-32),1742951817
312507050,Siyam_Talukder,Alternating String,WRONG_ANSWER,C++20 (GCC 13-64),1742951645
312506644,2251307025,Longest Good Array,OK,Java 21,1742951061
312506461,2251307025,Square or Not,OK,Java 21,1742950803
312505324,Siyam_Talukder,Alternating String,WRONG_ANSWER,C++20 (GCC 13-64),1742949459
312503569,ALANDQQ,Sakurako's Test,OK,C++17 (GCC 7-32),1742947704
312487881,10-TranHuyHoang,Longest Good Array,OK,C++20 (GCC 13-64),1742931840
312487287,10-TranHuyHoang,Longest Good Array,COMPILATION_ERROR,C++20 (GCC 13-64),1742931406
312483741,RXT_SKape,Sakurako's Task,OK,C++20 (GCC 13-64),1742929269
312467567,akimzhan,Sakurako's Task,WRONG_ANSWER,"C++23 (GCC 14-64, msys2)",1742921648
312452063,BNA_PCIK_gatapdev,Alternating String,OK,"C++23 (GCC 14-64, msys2)",1742919985
312451444,BNA_PCIK_gatapdev,Alternating String,TIME_LIMIT_EXCEEDED,"C++23 (GCC 14-64, msys2)",1742919921
312444685,xorya,Square or Not,OK,PyPy 3-64,1742919295
312432589,ALANDQQ,Sakurako's Test,TIME_LIMIT_EXCEEDED,C++17 (GCC 7-32),1742918290
312431733,Bogathi_SaiDeviSri,Longest Good Array,WRONG_ANSWER,Java 8,1742918225
312398935,BNA_PCIK_gatapdev,Alternating String,WRONG_ANSWER,"C++23 (GCC 14-64, msys2)",1742916181
312396549,Bogathi_SaiDeviSri,Longest Good Array,COMPILATION_ERROR,Java 8,1742916057
312393803,Bogathi_SaiDeviSri,Longest Good Array,WRONG_ANSWER,Java 8,1742915920
312371263,akimzhan,Sakurako's Task,WRONG_ANSWER,"C++23 (GCC 14-64, msys2)",1742914918
312334407,bhuvneshaggarwal12,Longest Good Array,WRONG_ANSWER,C++20 (GCC 13-64),1742913197
312333955,liuke003,Sakurako's Box,OK,"C++23 (GCC 14-64, msys2)",1742912971
312333903,liuke003,Sakurako's Box,OK,"C++23 (GCC 14-64, msys2)",1742912940
312333775,liuke003,Sakurako's Box,WRONG_ANSWER,"C++23 (GCC 14-64, msys2)",1742912879
312333408,liuke003,Sakurako's Box,WRONG_ANSWER,"C++23 (GCC 14-64, msys2)",1742912716
312333240,liuke003,Sakurako's Box,RUNTIME_ERROR,"C++23 (GCC 14-64, msys2)",1742912633
312333189,NaClk56,Sakurako's Exam,OK,C++20 (GCC 13-64),1742912607
312333131,liuke003,Sakurako's Box,WRONG_ANSWER,"C++23 (GCC 14-64, msys2)",1742912583
312333108,bhuvneshaggarwal12,Square or Not,OK,C++20 (GCC 13-64),1742912572
312331787,ayushdreams147,Sakurako's Box,OK,PyPy 3,1742911956
312331529,Siyam_Talukder,Alternating String,WRONG_ANSWER,C++20 (GCC 13-64),1742911845
312331404,bhuvneshaggarwal12,Sakurako's Exam,OK,C++20 (GCC 13-64),1742911791
312331223,shekharshawcoc,Sakurako's Hobby,OK,"C++23 (GCC 14-64, msys2)",1742911702
312331029,Deepak_7240,Sakurako's Exam,OK,C++17 (GCC 7-32),1742911599
312330920,bhuvneshaggarwal12,Sakurako's Exam,WRONG_ANSWER,C++20 (GCC 13-64),1742911565
312330261,Deepak_7240,Sakurako's Exam,OK,C++17 (GCC 7-32),1742911250
312329272,wenguangxi,Sakurako's Task,OK,C++17 (GCC 7-32),1742910817
312329052,wenguangxi,Sakurako's Task,WRONG_ANSWER,C++17 (GCC 7-32),1742910722
312328764,wenguangxi,Sakurako's Task,WRONG_ANSWER,C++17 (GCC 7-32),1742910588
312328581,Deepak_7240,Sakurako's Exam,WRONG_ANSWER,C++17 (GCC 7-32),1742910509
312328444,wenguangxi,Sakurako's Task,WRONG_ANSWER,C++17 (GCC 7-32),1742910455
312327893,ckrsln,Alternating String,OK,C++17 (GCC 7-32),1742910234
312327281,Deepak_7240,Sakurako's Exam,WRONG_ANSWER,C++17 (GCC 7-32),1742909969
312327139,two-seven,Longest Good Array,OK,"C++23 (GCC 14-64, msys2)",1742909914
312327043,Deepak_7240,Sakurako's Exam,WRONG_ANSWER,C++17 (GCC 7-32),1742909879
312326809,ayushdreams147,Sakurako's Hobby,OK,PyPy 3,1742909791
312325414,ayushdreams147,Longest Good Array,OK,PyPy 3,1742909212
312325190,elurubhanushankar,Longest Good Array,OK,C++17 (GCC 7-32),1742909112
312324945,two-seven,Square or Not,OK,"C++23 (GCC 14-64, msys2)",1742909010
312324431,ayushdreams147,Sakurako's Exam,OK,PyPy 3,1742908796
312324098,ayushdreams147,Square or Not,OK,PyPy 3,1742908660
312323539,stsm,Square or Not,WRONG_ANSWER,C++17 (GCC 7-32),1742908379
312323479,two-seven,Sakurako's Exam,OK,"C++23 (GCC 14-64, msys2)",1742908348
312323470,ayushdreams147,Sakurako's Exam,WRONG_ANSWER,PyPy 3,1742908339
312323222,zvemiw9,Alternating String,OK,C++17 (GCC 7-32),1742908209
312322705,wenguangxi,Sakurako's Task,WRONG_ANSWER,C++17 (GCC 7-32),1742907955
312322541,wenguangxi,Sakurako's Task,WRONG_ANSWER,C++17 (GCC 7-32),1742907889
312322391,2251307025,Sakurako's Exam,OK,Java 21,1742907822
312322329,Starkx07,Sakurako's Hobby,OK,C++20 (GCC 13-64),1742907802
312321358,2251307025,Sakurako's Exam,RUNTIME_ERROR,Java 21,1742907309
312318644,mehralii,Alternating String,OK,"C++23 (GCC 14-64, msys2)",1742906047
312317384,NP_1110,Sakurako's Hobby,OK,C++20 (GCC 13-64),1742905424
312316509,Starkx07,Sakurako's Hobby,TIME_LIMIT_EXCEEDED,C++20 (GCC 13-64),1742904996
312316106,Shashi_S,Sakurako's Box,OK,C++17 (GCC 7-32),1742904800
312315869,PabloEscobytes,Longest Good Array,OK,"C++23 (GCC 14-64, msys2)",1742904692
312315720,Shashi_S,Sakurako's Box,WRONG_ANSWER,C++17 (GCC 7-32),1742904627
312315623,Kushagra123,Square or Not,WRONG_ANSWER,C++17 (GCC 7-32),1742904575
312315471,Kushagra123,Square or Not,WRONG_ANSWER,C++17 (GCC 7-32),1742904502
312315426,Shashi_S,Sakurako's Box,WRONG_ANSWER,C++17 (GCC 7-32),1742904479
312315293,Shashi_S,Sakurako's Box,WRONG_ANSWER,C++17 (GCC 7-32),1742904410
312315194,Kushagra123,Square or Not,WRONG_ANSWER,C++17 (GCC 7-32),1742904356
312315115,PabloEscobytes,Longest Good Array,OK,"C++23 (GCC 14-64, msys2)",1742904329
312314627,Shashi_S,Sakurako's Box,WRONG_ANSWER,C++17 (GCC 7-32),1742904085
312314545,Shashi_S,Sakurako's Box,WRONG_ANSWER,C++17 (GCC 7-32),1742904040
312314318,Kushagra123,Square or Not,WRONG_ANSWER,C++17 (GCC 7-32),1742903925
312314228,Starkx07,Longest Good Array,OK,C++20 (GCC 13-64),1742903879
312313928,Shashi_S,Sakurako's Box,WRONG_ANSWER,C++17 (GCC 7-32),1742903730
312313525,Shashi_S,Sakurako's Box,WRONG_ANSWER,C++17 (GCC 7-32),1742903538
312313429,Shashi_S,Sakurako's Box,WRONG_ANSWER,C++17 (GCC 7-32),1742903494
312312769,Starkx07,Square or Not,OK,C++20 (GCC 13-64),1742903184
312312356,Hussein666,Sakurako's Task,OK,C++20 (GCC 13-64),1742902995
312311479,Retudal,Sakurako's Box,OK,"C++23 (GCC 14-64, msys2)",1742902562
312311162,ckrsln,Alternating String,WRONG_ANSWER,C++17 (GCC 7-32),1742902401
312310933,Retudal,Sakurako's Box,WRONG_ANSWER,"C++23 (GCC 14-64, msys2)",1742902295
312310763,Rishi_677,Alternating String,OK,"C++23 (GCC 14-64, msys2)",1742902220
312307574,Starkx07,Sakurako's Exam,OK,C++20 (GCC 13-64),1742900599
312306559,trojan1771,Sakurako's Hobby,OK,C++17 (GCC 7-32),1742900046
312305178,NP_1110,Longest Good Array,OK,C++20 (GCC 13-64),1742899276
312304360,evaumou,Sakurako's Exam,OK,PyPy 3,1742898802
312304209,NP_1110,Square or Not,OK,C++20 (GCC 13-64),1742898708
312303909,Juthi_Basak,Sakurako's Exam,OK,C++20 (GCC 13-64),1742898532
312303254,NP_1110,Sakurako's Exam,OK,C++20 (GCC 13-64),1742898133
312302671,Juthi_Basak,Sakurako's Exam,WRONG_ANSWER,C++20 (GCC 13-64),1742897803
312302235,Juthi_Basak,Sakurako's Exam,WRONG_ANSWER,C++20 (GCC 13-64),1742897555
312300218,ckrsln,Alternating String,WRONG_ANSWER,C++17 (GCC 7-32),1742896392
312299833,arun.giri2024,Longest Good Array,OK,Python 3,1742896141
312299824,_spider__,Alternating String,OK,C++17 (GCC 7-32),1742896134
312298603,lazyBook,Square or Not,OK,PyPy 3-64,1742895439
312298421,_spider__,Alternating String,MEMORY_LIMIT_EXCEEDED,C++17 (GCC 7-32),1742895325
312298041,_spider__,Alternating String,MEMORY_LIMIT_EXCEEDED,C++17 (GCC 7-32),1742895130
312295555,drakonov,Sakurako's Hobby,OK,"C++23 (GCC 14-64, msys2)",1742893723
312294046,i__am__batman,Alternating String,OK,"C++23 (GCC 14-64, msys2)",1742892931
312293449,_spider__,Alternating String,TIME_LIMIT_EXCEEDED,C++17 (GCC 7-32),1742892601
312292702,asikM,Longest Good Array,OK,"C++23 (GCC 14-64, msys2)",1742892157
312292657,asikM,Square or Not,OK,"C++23 (GCC 14-64, msys2)",1742892128
312292605,asikM,Sakurako's Exam,OK,"C++23 (GCC 14-64, msys2)",1742892101
312291989,_spider__,Alternating String,TIME_LIMIT_EXCEEDED,C++17 (GCC 7-32),1742891784
312291070,Acin03,Sakurako's Box,OK,"C++23 (GCC 14-64, msys2)",1742891273
312290891,Acin03,Sakurako's Box,WRONG_ANSWER,"C++23 (GCC 14-64, msys2)",1742891166
312287992,xorya,Square or Not,WRONG_ANSWER,PyPy 3-64,1742889260
312287661,Acin03,Alternating String,OK,"C++23 (GCC 14-64, msys2)",1742889035
312286216,xorya,Sakurako's Exam,OK,PyPy 3-64,1742887993
312286032,xorya,Sakurako's Exam,RUNTIME_ERROR,PyPy 3-64,1742887870
312279545,Muschuang123,Sakurako's Task,OK,"C++23 (GCC 14-64, msys2)",1742883450
312279514,Muschuang123,Sakurako's Task,COMPILATION_ERROR,"C++23 (GCC 14-64, msys2)",1742883424
312279489,CirnoNine,Sakurako's Test,OK,"C++23 (GCC 14-64, msys2)",1742883405
312279296,Muschuang123,Sakurako's Task,WRONG_ANSWER,"C++23 (GCC 14-64, msys2)",1742883259
312278361,Muschuang123,Sakurako's Task,WRONG_ANSWER,"C++23 (GCC 14-64, msys2)",1742882520
312277808,Muschuang123,Sakurako's Task,WRONG_ANSWER,"C++23 (GCC 14-64, msys2)",1742882064
312277623,Muschuang123,Sakurako's Task,WRONG_ANSWER,"C++23 (GCC 14-64, msys2)",1742881901
312276948,Siyam_Talukder,Alternating String,WRONG_ANSWER,C++20 (GCC 13-64),1742881298
312276831,Muschuang123,Sakurako's Task,WRONG_ANSWER,"C++23 (GCC 14-64, msys2)",1742881200
312273023,permanentnight,Square or Not,OK,C++20 (GCC 13-64),1742877812
312272891,PrianshuDhanda,Sakurako's Exam,OK,PyPy 3-64,1742877687
312272068,permanentnight,Longest Good Array,OK,C++20 (GCC 13-64),1742876932
312269761,yaoyitao,Sakurako's Box,OK,C++20 (GCC 13-64),1742874538
312269042,yaoyitao,Alternating String,OK,C++20 (GCC 13-64),1742873809
312267207,meow_tofu,Sakurako's Exam,OK,C++17 (GCC 7-32),1742871823
312267070,meow_tofu,Sakurako's Exam,WRONG_ANSWER,C++17 (GCC 7-32),1742871657
312266999,yaoyitao,Sakurako's Hobby,OK,C++20 (GCC 13-64),1742871586
312266524,yaoyitao,Longest Good Array,OK,C++20 (GCC 13-64),1742871041
312266294,yaoyitao,Square or Not,OK,C++20 (GCC 13-64),1742870773
312265845,yaoyitao,Sakurako's Exam,OK,C++20 (GCC 13-64),1742870259
312263358,r_31,Square or Not,OK,C++17 (GCC 7-32),1742866794
312262893,WhyKash,Sakurako's Box,OK,"C++23 (GCC 14-64, msys2)",1742866054
312260311,Md_Ashiqul_Islam,Sakurako's Exam,OK,C++20 (GCC 13-64),1742862037
312259989,Md_Ashiqul_Islam,Sakurako's Exam,WRONG_ANSWER,C++20 (GCC 13-64),1742861552
312259933,Md_Ashiqul_Islam,Sakurako's Exam,WRONG_ANSWER,C++20 (GCC 13-64),1742861465
312259893,elurubhanushankar,Sakurako's Exam,OK,C++17 (GCC 7-32),1742861401
312252323,XRTG074,Sakurako's Exam,OK,C++17 (GCC 7-32),1742851512
312251994,XRTG074,Sakurako's Exam,WRONG_ANSWER,C++17 (GCC 7-32),1742851228
312248316,lazyBook,Sakurako's Exam,OK,"C++23 (GCC 14-64, msys2)",1742848408
312247685,Zaid,Sakurako's Box,OK,C++20 (GCC 13-64),1742847964
312247466,Zaid,Sakurako's Box,WRONG_ANSWER,C++20 (GCC 13-64),1742847825
312245105,ordovician,Alternating String,OK,"C++23 (GCC 14-64, msys2)",1742846217
312242409,supremeace,Sakurako's Box,OK,C++17 (GCC 7-32),1742844518
312242352,supremeace,Sakurako's Box,WRONG_ANSWER,C++17 (GCC 7-32),1742844483
312240720,ccserm,Alternating String,OK,"C++23 (GCC 14-64, msys2)",1742843435
312240610,AbhayBajpai,Sakurako's Exam,OK,"C++23 (GCC 14-64, msys2)",1742843370
312240565,Aka_sh_,Sakurako's Exam,OK,"C++23 (GCC 14-64, msys2)",1742843348
312240528,AbhayBajpai,Sakurako's Exam,COMPILATION_ERROR,"C++23 (GCC 14-64, msys2)",1742843326
312240181,Aka_sh_,Sakurako's Exam,WRONG_ANSWER,"C++23 (GCC 14-64, msys2)",1742843096
312239779,Aka_sh_,Sakurako's Exam,WRONG_ANSWER,"C++23 (GCC 14-64, msys2)",1742842847
312237084,sspring094,Sakurako's Exam,OK,C++17 (GCC 7-32),1742841346
312232973,DEV_makwana,Square or Not,OK,C++20 (GCC 13-64),1742839233
312230416,adnan110,Square or Not,OK,"C++23 (GCC 14-64, msys2)",1742837955
312228469,adnan110,Square or Not,WRONG_ANSWER,"C++23 (GCC 14-64, msys2)",1742837065
312225399,singhdevansh024,Square or Not,OK,Java 21,1742835627
312220341,surendra_05,Sakurako's Hobby,OK,C++17 (GCC 7-32),1742833020
312219869,mdnrkn,Sakurako's Exam,OK,"C++23 (GCC 14-64, msys2)",1742832776
312219519,shivamkm55,Sakurako's Exam,OK,C++20 (GCC 13-64),1742832611
312213159,_faisal,Sakurako's Hobby,OK,"C++23 (GCC 14-64, msys2)",1742829596
312207699,MQuang,Square or Not,OK,C++17 (GCC 7-32),1742827156
312207388,PzzZ,Sakurako's Hobby,OK,"C++23 (GCC 14-64, msys2)",1742827022
312206240,kaslana-k423,Sakurako's Hobby,OK,C++17 (GCC 7-32),1742826503
312205994,El7abal,Sakurako's Hobby,OK,"C++23 (GCC 14-64, msys2)",1742826390
312205346,mahi_2005,Sakurako's Box,OK,C++17 (GCC 7-32),1742826113
312204635,mahi_2005,Sakurako's Box,WRONG_ANSWER,C++17 (GCC 7-32),1742825822
312203002,Adu_Vai_404,Longest Good Array,OK,"C++23 (GCC 14-64, msys2)",1742825127
312201776,kaslana-k423,Longest Good Array,OK,C++17 (GCC 7-32),1742824600
312201220,Raman1420,Sakurako's Exam,OK,C++17 (GCC 7-32),1742824370
312201060,Raman1420,Sakurako's Exam,WRONG_ANSWER,C++17 (GCC 7-32),1742824298
312199687,XMAN12321,Alternating String,OK,C++20 (GCC 13-64),1742823745
312199323,Raman1420,Sakurako's Exam,WRONG_ANSWER,C++17 (GCC 7-32),1742823620
312199164,Raman1420,Sakurako's Exam,WRONG_ANSWER,C++17 (GCC 7-32),1742823558
312198997,supremeace,Alternating String,OK,C++17 (GCC 7-32),1742823487
312198617,Raman1420,Square or Not,OK,C++17 (GCC 7-32),1742823338
312198577,kaslana-k423,Square or Not,WRONG_ANSWER,C++17 (GCC 7-32),1742823319
312198543,Raman1420,Square or Not,WRONG_ANSWER,C++17 (GCC 7-32),1742823304
312198378,Raman1420,Square or Not,WRONG_ANSWER,C++17 (GCC 7-32),1742823238
312197786,alzimdoang,Square or Not,OK,Python 3,1742823007
312195348,nsquarepart1,Sakurako's Hobby,OK,C++17 (GCC 7-32),1742822014
312194119,kaslana-k423,Square or Not,OK,C++17 (GCC 7-32),1742821446
312193800,kaslana-k423,Square or Not,WRONG_ANSWER,C++17 (GCC 7-32),1742821302
312191929,Pro88,Alternating String,WRONG_ANSWER,"C++23 (GCC 14-64, msys2)",1742820467
312191749,kabirmittal,Square or Not,OK,"C++23 (GCC 14-64, msys2)",1742820385
312191251,Pro88,Alternating String,WRONG_ANSWER,"C++23 (GCC 14-64, msys2)",1742820160
312189944,lliu487323,Longest Good Array,OK,C++20 (GCC 13-64),1742819538
312189888,derak,Sakurako's Hobby,OK,"C++23 (GCC 14-64, msys2)",1742819516
312189606,souravsaran155,Sakurako's Exam,OK,C++17 (GCC 7-32),1742819373
312189554,kabirmittal,Sakurako's Exam,OK,"C++23 (GCC 14-64, msys2)",1742819354
312189452,souravsaran155,Sakurako's Exam,WRONG_ANSWER,C++17 (GCC 7-32),1742819299
312189273,souravsaran155,Sakurako's Exam,WRONG_ANSWER,C++17 (GCC 7-32),1742819210
312189238,souravsaran155,Sakurako's Exam,COMPILATION_ERROR,C++17 (GCC 7-32),1742819183
312188930,kabirmittal,Sakurako's Exam,WRONG_ANSWER,"C++23 (GCC 14-64, msys2)",1742819034
312186725,kaslana-k423,Sakurako's Exam,OK,C++17 (GCC 7-32),1742818038
312186574,kaslana-k423,Sakurako's Exam,WRONG_ANSWER,C++17 (GCC 7-32),1742817977
312184834,xielong,Longest Good Array,OK,C++17 (GCC 7-32),1742817137
312184054,Ngo_Chi_Cuong1401,Sakurako's Hobby,OK,C++20 (GCC 13-64),1742816733
312184036,xielong,Square or Not,OK,C++17 (GCC 7-32),1742816725
312183544,wcy...,Square or Not,OK,C++17 (GCC 7-32),1742816483
312183511,wcy...,Square or Not,OK,C++17 (GCC 7-32),1742816467
312182993,Ngo_Chi_Cuong1401,Sakurako's Hobby,TIME_LIMIT_EXCEEDED,C++20 (GCC 13-64),1742816201
312182207,supremeace,Sakurako's Hobby,OK,C++17 (GCC 7-32),1742815838
312181862,shivankjha46,Longest Good Array,OK,C++17 (GCC 7-32),1742815661
312181812,fanXvirat,Alternating String,TIME_LIMIT_EXCEEDED,C++17 (GCC 7-32),1742815635
312181419,fanXvirat,Alternating String,TIME_LIMIT_EXCEEDED,C++17 (GCC 7-32),1742815458
312181153,Akash_V,Sakurako's Task,OK,"C++23 (GCC 14-64, msys2)",1742815325
312180774,shivankjha46,Square or Not,OK,C++17 (GCC 7-32),1742815123
312180183,feiwenqiang,Sakurako's Box,OK,"C++23 (GCC 14-64, msys2)",1742814838
312179887,Akash_V,Sakurako's Task,WRONG_ANSWER,"C++23 (GCC 14-64, msys2)",1742814692
312179641,shivankjha46,Sakurako's Exam,OK,C++17 (GCC 7-32),1742814569
312179482,Akash_V,Sakurako's Task,WRONG_ANSWER,"C++23 (GCC 14-64, msys2)",1742814490
312178642,jagtapritesh06,Longest Good Array,OK,C++17 (GCC 7-32),1742814007
312178286,Akash_V,Sakurako's Task,WRONG_ANSWER,"C++23 (GCC 14-64, msys2)",1742813810
312177771,Akash_V,Sakurako's Task,WRONG_ANSWER,"C++23 (GCC 14-64, msys2)",1742813516
312177404,jagtapritesh06,Square or Not,OK,C++17 (GCC 7-32),1742813313
312176884,kaslana-k423,Sakurako's Exam,WRONG_ANSWER,C++17 (GCC 7-32),1742813028
312176665,wiwoo,Longest Good Array,OK,C++17 (GCC 7-32),1742812903
312176242,jagtapritesh06,Sakurako's Exam,OK,C++17 (GCC 7-32),1742812675
312175302,Gaurangg09,Sakurako's Hobby,OK,C++17 (GCC 7-32),1742812102
312173600,HetB1809,Longest Good Array,OK,"C++23 (GCC 14-64, msys2)",1742811060
312173590,Rishi_677,Sakurako's Task,OK,"C++23 (GCC 14-64, msys2)",1742811049
312173178,khanshahnwaz,Sakurako's Exam,OK,C++20 (GCC 13-64),1742810797
312172853,HetB1809,Square or Not,OK,"C++23 (GCC 14-64, msys2)",1742810608
312172584,HetB1809,Square or Not,WRONG_ANSWER,"C++23 (GCC 14-64, msys2)",1742810454
312172048,Satyam1310,Sakurako's Exam,OK,C++17 (GCC 7-32),1742810137
312171852,atharva96.1,Sakurako's Task,OK,"C++23 (GCC 14-64, msys2)",1742810024
312171105,HetB1809,Sakurako's Exam,OK,"C++23 (GCC 14-64, msys2)",1742809599
312170645,surendra_05,Longest Good Array,OK,C++17 (GCC 7-32),1742809360
312170517,Satyam1310,Sakurako's Exam,WRONG_ANSWER,C++17 (GCC 7-32),1742809298
312170433,HetB1809,Sakurako's Exam,WRONG_ANSWER,"C++23 (GCC 14-64, msys2)",1742809247
312170372,Satyam1310,Sakurako's Exam,WRONG_ANSWER,C++17 (GCC 7-32),1742809219
312170170,Satyam1310,Sakurako's Exam,WRONG_ANSWER,C++17 (GCC 7-32),1742809124
312169928,Satyam1310,Sakurako's Exam,WRONG_ANSWER,C++17 (GCC 7-32),1742808998
312168662,surendra_05,Square or Not,OK,C++17 (GCC 7-32),1742808324
312164156,atharva96.1,Sakurako's Task,WRONG_ANSWER,"C++23 (GCC 14-64, msys2)",1742805731
312164050,atharva96.1,Sakurako's Task,WRONG_ANSWER,"C++23 (GCC 14-64, msys2)",1742805673
312163310,sfsdaf_Orz,Sakurako's Hobby,OK,C++17 (GCC 7-32),1742805215
312161361,rabbi1067,Sakurako's Exam,OK,C++20 (GCC 13-64),1742804086
312155107,gaurav_khivasara,Sakurako's Exam,OK,Java 21,1742800094
312155018,atharva96.1,Sakurako's Task,WRONG_ANSWER,"C++23 (GCC 14-64, msys2)",1742800035
312154135,atharva96.1,Sakurako's Task,WRONG_ANSWER,"C++23 (GCC 14-64, msys2)",1742799518
312153684,gaurav_khivasara,Sakurako's Exam,WRONG_ANSWER,Java 21,1742799269
312153415,gaurav_khivasara,Sakurako's Exam,WRONG_ANSWER,Java 21,1742799107
312151729,kemirs,Longest Good Array,OK,C++17 (GCC 7-32),1742798069
312149582,a_ho,Alternating String,OK,"C++23 (GCC 14-64, msys2)",1742796694
312149134,bbtbb,Sakurako's Test,OK,C++17 (GCC 7-32),1742796412
312149064,NeoReaperX,Sakurako's Task,WRONG_ANSWER,C++17 (GCC 7-32),1742796363
312148939,NeoReaperX,Sakurako's Task,OK,C++17 (GCC 7-32),1742796284
312148862,NeoReaperX,Sakurako's Task,WRONG_ANSWER,C++17 (GCC 7-32),1742796236
312148645,bbtbb,Sakurako's Test,TIME_LIMIT_EXCEEDED,C++17 (GCC 7-32),1742796106
312148321,grind_like_gm,Alternating String,OK,PyPy 3-64,1742795875
312148255,grind_like_gm,Alternating String,TIME_LIMIT_EXCEEDED,Python 3,1742795834
312148094,grind_like_gm,Alternating String,TIME_LIMIT_EXCEEDED,Python 3,1742795745
312145503,Rafi_77,Sakurako's Exam,OK,"C++23 (GCC 14-64, msys2)",1742793713
312145489,InshaAllah_Tourist,Sakurako's Exam,OK,"C++23 (GCC 14-64, msys2)",1742793699
312144665,NeoReaperX,Sakurako's Box,OK,C++17 (GCC 7-32),1742793053
312144240,grind_like_gm,Sakurako's Box,OK,Python 3,1742792701
312144163,NeoReaperX,Alternating String,OK,C++17 (GCC 7-32),1742792639
312143607,grind_like_gm,Sakurako's Hobby,OK,Python 3,1742792098
312143253,lahari_021,Longest Good Array,COMPILATION_ERROR,GNU C11,1742791772
312142244,miniz08,Square or Not,WRONG_ANSWER,C++20 (GCC 13-64),1742790816
312141994,NeoReaperX,Sakurako's Hobby,OK,C++17 (GCC 7-32),1742790531
312141703,Rafid_407,Sakurako's Hobby,OK,"C++23 (GCC 14-64, msys2)",1742790159
312141556,NeoReaperX,Longest Good Array,OK,C++17 (GCC 7-32),1742789962
312141487,grind_like_gm,Longest Good Array,OK,Python 3,1742789867
312141439,NeoReaperX,Longest Good Array,WRONG_ANSWER,C++17 (GCC 7-32),1742789820
312141228,grind_like_gm,Longest Good Array,WRONG_ANSWER,Python 3,1742789588
312141111,grind_like_gm,Longest Good Array,WRONG_ANSWER,Python 3,1742789443
312140853,grind_like_gm,Square or Not,OK,"C++23 (GCC 14-64, msys2)",1742789151
312140812,grind_like_gm,Square or Not,TIME_LIMIT_EXCEEDED,PyPy 3-64,1742789094
312140650,NeoReaperX,Square or Not,OK,C++17 (GCC 7-32),1742788921
312140436,grind_like_gm,Sakurako's Exam,OK,PyPy 3-64,1742788687
312140340,grind_like_gm,Sakurako's Exam,TIME_LIMIT_EXCEEDED,PyPy 3-64,1742788582
312140232,grind_like_gm,Sakurako's Exam,WRONG_ANSWER,PyPy 3-64,1742788459
312140220,NeoReaperX,Sakurako's Exam,OK,C++17 (GCC 7-32),1742788446
312139336,miniz08,Square or Not,WRONG_ANSWER,C++20 (GCC 13-64),1742787396
312139195,miniz08,Square or Not,WRONG_ANSWER,C++20 (GCC 13-64),1742787262
312138665,Siyam_Talukder,Alternating String,WRONG_ANSWER,C++20 (GCC 13-64),1742786736
312138342,Siyam_Talukder,Alternating String,WRONG_ANSWER,C++20 (GCC 13-64),1742786390
312137818,miniz08,Sakurako's Exam,OK,C++20 (GCC 13-64),1742785830
312137669,miniz08,Sakurako's Exam,COMPILATION_ERROR,C++20 (GCC 13-64),1742785635
312137219,miniz08,Sakurako's Exam,WRONG_ANSWER,C++20 (GCC 13-64),1742785179
312136920,Siyam_Talukder,Alternating String,WRONG_ANSWER,C++20 (GCC 13-64),1742784795
312136242,bbtbb,Sakurako's Test,TIME_LIMIT_EXCEEDED,C++17 (GCC 7-32),1742783976
312135449,bbtbb,Sakurako's Task,OK,C++17 (GCC 7-32),1742783041
312135426,bbtbb,Sakurako's Task,WRONG_ANSWER,C++17 (GCC 7-32),1742783007
312134957,bbtbb,Sakurako's Task,WRONG_ANSWER,C++17 (GCC 7-32),1742782478
312134574,M_C_2009,Sakurako's Task,OK,C++17 (GCC 7-32),1742782012
312134467,M_C_2009,Sakurako's Task,WRONG_ANSWER,C++17 (GCC 7-32),1742781853
312133131,bbtbb,Sakurako's Task,WRONG_ANSWER,C++17 (GCC 7-32),1742780214
312132733,bbtbb,Sakurako's Task,WRONG_ANSWER,C++17 (GCC 7-32),1742779643
312132461,bbtbb,Sakurako's Task,WRONG_ANSWER,C++17 (GCC 7-32),1742779270
312132056,bbtbb,Sakurako's Task,WRONG_ANSWER,C++17 (GCC 7-32),1742778722
312127248,Leonardo_Paes,Alternating String,OK,"C++23 (GCC 14-64, msys2)",1742771305
312127227,hifzur,Longest Good Array,OK,C++20 (GCC 13-64),1742771273
312127196,Leonardo_Paes,Alternating String,WRONG_ANSWER,"C++23 (GCC 14-64, msys2)",1742771208
312127159,Leonardo_Paes,Alternating String,WRONG_ANSWER,"C++23 (GCC 14-64, msys2)",1742771156
312125309,hifzur,Square or Not,OK,C++20 (GCC 13-64),1742768151
312124463,Dweep_Modi,Sakurako's Box,OK,C++20 (GCC 13-64),1742767047
312123295,hifzur,Sakurako's Exam,OK,C++20 (GCC 13-64),1742765753
312123084,hifzur,Sakurako's Exam,WRONG_ANSWER,C++20 (GCC 13-64),1742765563
312122258,jdgio2,Sakurako's Exam,WRONG_ANSWER,C++17 (GCC 7-32),1742764663
312121991,hifzur,Sakurako's Exam,WRONG_ANSWER,C++20 (GCC 13-64),1742764400
312121835,jdgio2,Sakurako's Exam,WRONG_ANSWER,C++17 (GCC 7-32),1742764261
312121144,iyosinator,Longest Good Array,OK,PyPy 3-64,1742763625
312121101,iyosinator,Sakurako's Hobby,OK,PyPy 3-64,1742763586
312121060,iyosinator,Alternating String,OK,PyPy 3-64,1742763553
312120993,iyosinator,Sakurako's Box,OK,PyPy 3-64,1742763492
312120939,iyosinator,Sakurako's Task,OK,PyPy 3-64,1742763453
312120882,iyosinator,Sakurako's Test,OK,PyPy 3-64,1742763407
312120841,iyosinator,Square or Not,OK,PyPy 3-64,1742763362
312120809,iyosinator,Sakurako's Exam,OK,PyPy 3-64,1742763333
312120704,iyosinator,Sakurako's Exam,TIME_LIMIT_EXCEEDED,PyPy 3-64,1742763227
312115662,jianjain,Sakurako's Box,OK,"C++23 (GCC 14-64, msys2)",1742759052
312115600,jianjain,Sakurako's Box,WRONG_ANSWER,"C++23 (GCC 14-64, msys2)",1742759016
312115550,jianjain,Sakurako's Box,OK,"C++23 (GCC 14-64, msys2)",1742758974
312115179,Rafid_407,Sakurako's Hobby,TIME_LIMIT_EXCEEDED,"C++23 (GCC 14-64, msys2)",1742758704
312113885,jianjain,Sakurako's Hobby,OK,"C++23 (GCC 14-64, msys2)",1742757807
312113780,jianjain,Sakurako's Hobby,MEMORY_LIMIT_EXCEEDED,"C++23 (GCC 14-64, msys2)",1742757747
312113289,jack1011,Square or Not,OK,C++17 (GCC 7-32),1742757397
312112400,jianjain,Longest Good Array,OK,"C++23 (GCC 14-64, msys2)",1742756764
312111978,jack1011,Sakurako's Exam,OK,C++17 (GCC 7-32),1742756488
312111606,jianjain,Square or Not,OK,"C++23 (GCC 14-64, msys2)",1742756256
312110063,purushottam.lal.cse23,Alternating String,OK,C++17 (GCC 7-32),1742755247
312110005,jianjain,Sakurako's Exam,OK,"C++23 (GCC 14-64, msys2)",1742755219
312109970,jianjain,Sakurako's Exam,WRONG_ANSWER,"C++23 (GCC 14-64, msys2)",1742755197
312103119,halfpast5,Sakurako's Hobby,OK,C++17 (GCC 7-32),1742751144
312103007,halfpast5,Sakurako's Hobby,TIME_LIMIT_EXCEEDED,C++17 (GCC 7-32),1742751073
312102508,halfpast5,Sakurako's Hobby,WRONG_ANSWER,C++17 (GCC 7-32),1742750819
312102309,ansh_000,Longest Good Array,OK,C++20 (GCC 13-64),1742750719
312101232,Shukrea_2005,Sakurako's Exam,OK,GNU C11,1742750075
312100613,halfpast5,Sakurako's Hobby,WRONG_ANSWER,C++17 (GCC 7-32),1742749701
312100506,halfpast5,Sakurako's Hobby,WRONG_ANSWER,C++17 (GCC 7-32),1742749644
312100312,halfpast5,Sakurako's Hobby,MEMORY_LIMIT_EXCEEDED,C++17 (GCC 7-32),1742749541
312099590,08_Osman,Longest Good Array,OK,C++17 (GCC 7-32),1742749108
312099251,Rafid_407,Sakurako's Hobby,TIME_LIMIT_EXCEEDED,"C++23 (GCC 14-64, msys2)",1742748931
312098982,ashzkd,Longest Good Array,OK,"C++23 (GCC 14-64, msys2)",1742748790
312096237,bbtbb,Alternating String,OK,C++17 (GCC 7-32),1742746994
312096151,bbtbb,Alternating String,WRONG_ANSWER,C++17 (GCC 7-32),1742746946
312096027,bbtbb,Alternating String,WRONG_ANSWER,C++17 (GCC 7-32),1742746867
312095984,Vaishnavi_Kotturi,Square or Not,OK,Java 8,1742746840
312095699,Vaishnavi_Kotturi,Longest Good Array,OK,Java 8,1742746662
312094166,Lelyte,Sakurako's Test,OK,C++20 (GCC 13-64),1742745731
312093820,Rami9620,Longest Good Array,OK,"C++23 (GCC 14-64, msys2)",1742745505
312093714,bbtbb,Sakurako's Box,OK,C++17 (GCC 7-32),1742745438
312093624,bbtbb,Sakurako's Box,WRONG_ANSWER,C++17 (GCC 7-32),1742745386
312092437,Rami9620,Sakurako's Exam,OK,"C++23 (GCC 14-64, msys2)",1742744739
312091567,akash_sudan,Alternating String,OK,C++17 (GCC 7-32),1742744263
312091564,foucs,Alternating String,OK,C++17 (GCC 7-32),1742744261
312091311,20242187,Square or Not,OK,"C++23 (GCC 14-64, msys2)",1742744128
312090987,woarmy,Sakurako's Exam,OK,Python 3,1742743944
312090951,bbtbb,Alternating String,WRONG_ANSWER,C++17 (GCC 7-32),1742743925
312090908,bbtbb,Alternating String,WRONG_ANSWER,C++17 (GCC 7-32),1742743900
312090764,woarmy,Sakurako's Exam,TIME_LIMIT_EXCEEDED,Python 3,1742743824
312090141,bbtbb,Alternating String,WRONG_ANSWER,C++17 (GCC 7-32),1742743459
312089001,bbtbb,Alternating String,WRONG_ANSWER,C++17 (GCC 7-32),1742742825
312086105,bbtbb,Sakurako's Hobby,OK,C++17 (GCC 7-32),1742741247
312085095,Kelzai,Sakurako's Exam,OK,Python 3,1742740765
312084809,bbtbb,Longest Good Array,OK,C++17 (GCC 7-32),1742740627
312084361,smso,Sakurako's Hobby,OK,"C++23 (GCC 14-64, msys2)",1742740436
312084017,bbtbb,Square or Not,OK,C++17 (GCC 7-32),1742740279
312082663,Kelzai,Sakurako's Exam,WRONG_ANSWER,Python 3,1742739636
312082598,Kelzai,Sakurako's Exam,COMPILATION_ERROR,Python 3,1742739610
312082580,bbtbb,Sakurako's Exam,OK,C++17 (GCC 7-32),1742739599
312082186,bbtbb,Sakurako's Exam,WRONG_ANSWER,C++17 (GCC 7-32),1742739383
312081629,bbtbb,Sakurako's Exam,TIME_LIMIT_EXCEEDED,C++17 (GCC 7-32),1742739110
312081505,Kelzai,Sakurako's Exam,WRONG_ANSWER,Python 3,1742739057
312081442,Kelzai,Sakurako's Exam,WRONG_ANSWER,Python 3,1742739025
312077876,malleshwari_29,Longest Good Array,OK,Python 3,1742737303
312077777,mjm_343,Sakurako's Exam,OK,C++17 (GCC 7-32),1742737253
312077626,mjm_343,Sakurako's Exam,WRONG_ANSWER,C++17 (GCC 7-32),1742737185
312077593,malleshwari_29,Longest Good Array,RUNTIME_ERROR,Python 2,1742737171
312077403,malleshwari_29,Longest Good Array,RUNTIME_ERROR,Python 3,1742737089
312077309,mjm_343,Sakurako's Exam,WRONG_ANSWER,C++17 (GCC 7-32),1742737047
312077141,mjm_343,Sakurako's Exam,WRONG_ANSWER,C++17 (GCC 7-32),1742736962
312075796,threshold7,Sakurako's Exam,OK,"C++23 (GCC 14-64, msys2)",1742736302
312074984,JJCUBER,Alternating String,OK,C++17 (GCC 7-32),1742735964
312074948,mjm_343,Longest Good Array,OK,C++17 (GCC 7-32),1742735946
312066425,tejasdharmik12,Longest Good Array,OK,Java 8,1742731719
312062898,Janer,Alternating String,OK,"C++23 (GCC 14-64, msys2)",1742730001
312062665,labibshahriar9997,Longest Good Array,TIME_LIMIT_EXCEEDED,Python 3,1742729902
312055544,labibshahriar9997,Square or Not,OK,Python 3,1742726840
312049703,MatinAbbasi,Longest Good Array,OK,PyPy 3-64,1742724348
312040479,chichichi1234,Sakurako's Task,WRONG_ANSWER,"C++23 (GCC 14-64, msys2)",1742720662
312036232,chichichi1234,Sakurako's Task,OK,"C++23 (GCC 14-64, msys2)",1742719242
312033638,chichichi1234,Sakurako's Task,OK,"C++23 (GCC 14-64, msys2)",1742717955
312033191,chichichi1234,Sakurako's Task,OK,"C++23 (GCC 14-64, msys2)",1742717595
312018797,ABANDON1234,Square or Not,OK,C++17 (GCC 7-32),1742715114
312013682,ABANDON1234,Longest Good Array,OK,C++17 (GCC 7-32),1742714279
312011076,ABANDON1234,Square or Not,OK,C++17 (GCC 7-32),1742713865
312006370,wcy...,Longest Good Array,OK,C++17 (GCC 7-32),1742713140
312005262,23wh1a12b4,Longest Good Array,OK,Java 21,1742712971
311955189,sc17,Sakurako's Task,OK,C++20 (GCC 13-64),1742704928
311954984,fcruzl44,Sakurako's Test,RUNTIME_ERROR,Go,1742704783
311952136,Ngo_Chi_Cuong1401,Sakurako's Hobby,TIME_LIMIT_EXCEEDED,C++20 (GCC 13-64),1742702446
311950291,windfallll,Alternating String,OK,"C++23 (GCC 14-64, msys2)",1742700698
311948461,WhiteMayonnaise,Sakurako's Exam,WRONG_ANSWER,"C++23 (GCC 14-64, msys2)",1742698910
311948055,eliaukkk,Longest Good Array,OK,C++17 (GCC 7-32),1742698511
311947876,WhiteMayonnaise,Sakurako's Exam,WRONG_ANSWER,"C++23 (GCC 14-64, msys2)",1742698344
311944057,convie,Sakurako's Box,OK,C++17 (GCC 7-32),1742694105
311943664,convie,Sakurako's Box,WRONG_ANSWER,C++17 (GCC 7-32),1742693597
311939736,20242187,Square or Not,WRONG_ANSWER,"C++23 (GCC 14-64, msys2)",1742687080
311930511,a_dityn,Sakurako's Exam,OK,"C++23 (GCC 14-64, msys2)",1742679707
311928273,a_dityn,Square or Not,OK,"C++23 (GCC 14-64, msys2)",1742678437
311925849,a_dityn,Longest Good Array,OK,"C++23 (GCC 14-64, msys2)",1742677163
311920600,alzimdoang,Longest Good Array,OK,Python 3,1742674409
311920507,alzimdoang,Longest Good Array,WRONG_ANSWER,Python 3,1742674353
311915464,luksonaa,Square or Not,OK,C++17 (GCC 7-32),1742671306
311915034,luksonaa,Square or Not,WRONG_ANSWER,C++17 (GCC 7-32),1742671081
311914650,luksonaa,Square or Not,WRONG_ANSWER,C++17 (GCC 7-32),1742670878
311912132,Zaid,Alternating String,OK,C++20 (GCC 13-64),1742669495
311908954,Zaid,Alternating String,OK,C++20 (GCC 13-64),1742667861
311908355,a_dityn,Longest Good Array,TIME_LIMIT_EXCEEDED,"C++23 (GCC 14-64, msys2)",1742667563
311895182,Jalendra_123,Sakurako's Exam,OK,C++17 (GCC 7-32),1742661890
311873338,Asdezx,Sakurako's Exam,OK,C++20 (GCC 13-64),1742659148
311871436,Asdezx,Sakurako's Exam,WRONG_ANSWER,C++20 (GCC 13-64),1742658960
311849826,Zaid,Alternating String,MEMORY_LIMIT_EXCEEDED,C++20 (GCC 13-64),1742657058
311844290,shohanur999,Longest Good Array,OK,C++17 (GCC 7-32),1742656656
311835210,Raising_Heaven,Sakurako's Hobby,OK,"C++23 (GCC 14-64, msys2)",1742656035
311831427,Raising_Heaven,Sakurako's Hobby,OK,"C++23 (GCC 14-64, msys2)",1742655794
311806573,Divyansh1551,Sakurako's Box,OK,C++17 (GCC 7-32),1742653846
311806303,Divyansh1551,Sakurako's Box,WRONG_ANSWER,C++17 (GCC 7-32),1742653722
311804457,Divyansh1551,Sakurako's Box,WRONG_ANSWER,C++17 (GCC 7-32),1742652868
311804369,Divyansh1551,Sakurako's Box,WRONG_ANSWER,C++17 (GCC 7-32),1742652824
311802362,reddy2354,Longest Good Array,OK,"C++23 (GCC 14-64, msys2)",1742651943
311800587,reddy2354,Square or Not,OK,"C++23 (GCC 14-64, msys2)",1742651116
311799521,shohan241,Sakurako's Hobby,OK,C++17 (GCC 7-32),1742650654
311798826,Neazi,Sakurako's Exam,OK,C++17 (GCC 7-32),1742650396
311797728,HaoYueQL,Longest Good Array,OK,C++20 (GCC 13-64),1742649912
311795902,nekrei,Sakurako's Hobby,OK,C++20 (GCC 13-64),1742649077
311795081,uttam27,Longest Good Array,OK,C++17 (GCC 7-32),1742648666
311792698,uttam27,Square or Not,OK,C++17 (GCC 7-32),1742647411
311792455,puppycant,Longest Good Array,OK,"C++23 (GCC 14-64, msys2)",1742647274
311789697,ojasrawat2072,Longest Good Array,OK,Java 21,1742645727
311789464,ojasrawat2072,Longest Good Array,WRONG_ANSWER,Java 21,1742645592
311786607,uttam27,Sakurako's Exam,OK,C++17 (GCC 7-32),1742644056
311784548,Yhayjx,Sakurako's Task,OK,C++20 (GCC 13-64),1742642874
311784311,Yhayjx,Sakurako's Task,WRONG_ANSWER,C++20 (GCC 13-64),1742642747
311781643,Raman1420,Longest Good Array,OK,C++17 (GCC 7-32),1742641444
311780712,genka.,Sakurako's Exam,OK,"C++23 (GCC 14-64, msys2)",1742640961
311779866,genka.,Longest Good Array,OK,"C++23 (GCC 14-64, msys2)",1742640525
311776562,spyro2578,Sakurako's Box,OK,C++20 (GCC 13-64),1742638829
311774132,shivamofficialsp13,Sakurako's Box,OK,C++17 (GCC 7-32),1742637544
311773473,shivamofficialsp13,Sakurako's Box,WRONG_ANSWER,C++17 (GCC 7-32),1742637229
311773368,shivamofficialsp13,Sakurako's Box,WRONG_ANSWER,C++17 (GCC 7-32),1742637171
311772988,shivamofficialsp13,Sakurako's Box,WRONG_ANSWER,C++17 (GCC 7-32),1742636984
311772756,shivamofficialsp13,Sakurako's Box,WRONG_ANSWER,C++17 (GCC 7-32),1742636878
311772454,Fluffy.burd,Alternating String,OK,C++20 (GCC 13-64),1742636722
311768376,abhipandey11,Alternating String,OK,"C++23 (GCC 14-64, msys2)",1742634879
311767995,enlighted_prani,Sakurako's Task,OK,C++17 (GCC 7-32),1742634713
311767164,enlighted_prani,Sakurako's Task,WRONG_ANSWER,C++17 (GCC 7-32),1742634298
311765322,walterwhite2k4,Sakurako's Box,OK,"C++23 (GCC 14-64, msys2)",1742633483
311758985,429d51579a491c57,Sakurako's Test,OK,C++20 (GCC 13-64),1742630706
311758017,429d51579a491c57,Sakurako's Test,WRONG_ANSWER,C++20 (GCC 13-64),1742630244
311755258,LYC_qwq,Sakurako's Box,OK,C++17 (GCC 7-32),1742628997
311752444,Abhi050705,Alternating String,OK,"C++23 (GCC 14-64, msys2)",1742627734
311751511,Fluffy.burd,Alternating String,TIME_LIMIT_EXCEEDED,C++20 (GCC 13-64),1742627322
311750808,Divyam_123,Sakurako's Exam,OK,C++20 (GCC 13-64),1742627001
311750220,sahilra07,Sakurako's Hobby,OK,C++17 (GCC 7-32),1742626735
311750129,sahilra07,Sakurako's Hobby,RUNTIME_ERROR,C++17 (GCC 7-32),1742626691
311750103,neeraj_2307,Alternating String,OK,C++17 (GCC 7-32),1742626677
311749962,sahilra07,Sakurako's Hobby,RUNTIME_ERROR,C++17 (GCC 7-32),1742626611
311749770,sahilra07,Sakurako's Hobby,COMPILATION_ERROR,C++17 (GCC 7-32),1742626522
311749434,sahilra07,Sakurako's Hobby,WRONG_ANSWER,C++17 (GCC 7-32),1742626376
311749395,sahilra07,Sakurako's Hobby,COMPILATION_ERROR,C++17 (GCC 7-32),1742626356
311747795,sahilra07,Sakurako's Hobby,WRONG_ANSWER,C++17 (GCC 7-32),1742625625
311747587,sahilra07,Sakurako's Hobby,WRONG_ANSWER,C++17 (GCC 7-32),1742625523
311747044,sahilra07,Sakurako's Hobby,WRONG_ANSWER,C++17 (GCC 7-32),1742625285
311745241,drxw,Longest Good Array,OK,C++17 (GCC 7-32),1742624506
311743852,drxw,Longest Good Array,WRONG_ANSWER,C++17 (GCC 7-32),1742623813
311740540,damar_marin,Longest Good Array,OK,"C++23 (GCC 14-64, msys2)",1742621951
311740281,damar_marin,Longest Good Array,WRONG_ANSWER,"C++23 (GCC 14-64, msys2)",1742621810
311740162,direction_,Sakurako's Exam,WRONG_ANSWER,"C++23 (GCC 14-64, msys2)",1742621747
311740131,429d51579a491c57,Sakurako's Task,OK,PyPy 3-64,1742621729
311739993,429d51579a491c57,Sakurako's Task,WRONG_ANSWER,PyPy 3-64,1742621635
311739779,Fatefly,Alternating String,OK,"C++23 (GCC 14-64, msys2)",1742621508
311739665,direction_,Sakurako's Exam,WRONG_ANSWER,"C++23 (GCC 14-64, msys2)",1742621444
311739444,direction_,Sakurako's Exam,WRONG_ANSWER,"C++23 (GCC 14-64, msys2)",1742621360
311739021,429d51579a491c57,Sakurako's Task,WRONG_ANSWER,PyPy 3-64,1742621081
311738440,429d51579a491c57,Sakurako's Task,WRONG_ANSWER,PyPy 3-64,1742620678
311735244,vivek_bhadauria,Sakurako's Hobby,OK,"C++23 (GCC 14-64, msys2)",1742618521
311735191,vivek_bhadauria,Sakurako's Hobby,OK,C++17 (GCC 7-32),1742618480
311735076,vivek_bhadauria,Sakurako's Hobby,RUNTIME_ERROR,C++17 (GCC 7-32),1742618355
311735016,vivek_bhadauria,Sakurako's Hobby,COMPILATION_ERROR,C++17 (GCC 7-32),1742618288
311735011,429d51579a491c57,Sakurako's Box,OK,PyPy 3-64,1742618279
311734940,vivek_bhadauria,Sakurako's Hobby,COMPILATION_ERROR,"C++23 (GCC 14-64, msys2)",1742618202
311734500,429d51579a491c57,Alternating String,OK,PyPy 3-64,1742617744
311734464,vivek_bhadauria,Sakurako's Hobby,OK,"C++23 (GCC 14-64, msys2)",1742617715
311733267,429d51579a491c57,Sakurako's Hobby,OK,PyPy 3-64,1742616405
311732531,tengkaifeng,Sakurako's Task,OK,C++17 (GCC 7-32),1742615625
311732497,vivek_bhadauria,Sakurako's Hobby,OK,"C++23 (GCC 14-64, msys2)",1742615589
311732469,tengkaifeng,Sakurako's Task,WRONG_ANSWER,C++17 (GCC 7-32),1742615553
311731323,tengkaifeng,Sakurako's Task,WRONG_ANSWER,C++17 (GCC 7-32),1742614317
311728913,eargle,Alternating String,OK,C++17 (GCC 7-32),1742611629
311728640,kaushikofficial1809,Sakurako's Hobby,OK,C++17 (GCC 7-32),1742611262
311728097,kaushikofficial1809,Sakurako's Hobby,OK,C++17 (GCC 7-32),1742610486
311727814,nimisha.dey,Sakurako's Exam,OK,C++17 (GCC 7-32),1742610062
311727802,anisha.dey0407,Sakurako's Exam,OK,C++17 (GCC 7-32),1742610049
311727759,nimisha.dey,Sakurako's Exam,WRONG_ANSWER,C++17 (GCC 7-32),1742609990
311727743,anisha.dey0407,Sakurako's Exam,WRONG_ANSWER,C++17 (GCC 7-32),1742609968
311727422,shironox,Sakurako's Test,OK,"C++23 (GCC 14-64, msys2)",1742609522
311721922,SergiiGolovko,Sakurako's Test,OK,C++17 (GCC 7-32),1742601851
311720418,ldyrqhtnn494,Sakurako's Test,TIME_LIMIT_EXCEEDED,PyPy 3-64,1742598979
311720402,j9p6qsoefdg6f,Sakurako's Task,WRONG_ANSWER,PyPy 3-64,1742598935
311714179,SergiiGolovko,Sakurako's Task,OK,C++17 (GCC 7-32),1742591886
311714051,DigiTalDreamar,Sakurako's Box,OK,C++17 (GCC 7-32),1742591792
311713634,SergiiGolovko,Sakurako's Task,WRONG_ANSWER,C++17 (GCC 7-32),1742591476
311713302,SergiiGolovko,Sakurako's Task,WRONG_ANSWER,C++17 (GCC 7-32),1742591240
311713254,SergiiGolovko,Sakurako's Task,WRONG_ANSWER,C++17 (GCC 7-32),1742591203
311713000,maestroDaVinci,Sakurako's Hobby,OK,"C++23 (GCC 14-64, msys2)",1742591033
311712562,DigiTalDreamar,Sakurako's Box,WRONG_ANSWER,C++17 (GCC 7-32),1742590702
311711729,SergiiGolovko,Sakurako's Box,OK,C++17 (GCC 7-32),1742590101
311711603,SergiiGolovko,Sakurako's Box,WRONG_ANSWER,C++17 (GCC 7-32),1742589995
311710331,SergiiGolovko,Alternating String,OK,C++17 (GCC 7-32),1742589506
311709323,Divyam_123,Sakurako's Exam,WRONG_ANSWER,C++20 (GCC 13-64),1742588831
311709181,Divyam_123,Sakurako's Exam,WRONG_ANSWER,C++20 (GCC 13-64),1742588731
311709027,Divyam_123,Sakurako's Exam,WRONG_ANSWER,C++20 (GCC 13-64),1742588644
311707322,SergiiGolovko,Sakurako's Hobby,OK,C++17 (GCC 7-32),1742587585
311704550,damdam_CC,Sakurako's Box,OK,PyPy 3-64,1742585896
311704421,SergiiGolovko,Longest Good Array,OK,C++17 (GCC 7-32),1742585814
311703601,SergiiGolovko,Square or Not,OK,C++17 (GCC 7-32),1742585269
311703570,SergiiGolovko,Square or Not,COMPILATION_ERROR,C++17 (GCC 7-32),1742585246
311703515,rohitjazz199955,Sakurako's Test,OK,"C++23 (GCC 14-64, msys2)",1742585212
311703094,SergiiGolovko,Sakurako's Exam,OK,C++17 (GCC 7-32),1742584955
311701851,salman_jewel,Alternating String,OK,C++20 (GCC 13-64),1742584171
311699257,lynx17,Sakurako's Hobby,OK,C++17 (GCC 7-32),1742582586
311699140,lynx17,Sakurako's Hobby,TIME_LIMIT_EXCEEDED,C++17 (GCC 7-32),1742582516
311697188,MatinAbbasi,Longest Good Array,OK,PyPy 3-64,1742581407
311696439,namanlp,Sakurako's Exam,OK,C++17 (GCC 7-32),1742581018
311696390,MatinAbbasi,Longest Good Array,OK,PyPy 3-64,1742580993
311693862,MatinAbbasi,Longest Good Array,TIME_LIMIT_EXCEEDED,Python 3,1742579679
311693801,MatinAbbasi,Longest Good Array,OK,"C++23 (GCC 14-64, msys2)",1742579642
311693767,ivaziva,Sakurako's Test,TIME_LIMIT_EXCEEDED,"C++23 (GCC 14-64, msys2)",1742579628
311693668,MatinAbbasi,Longest Good Array,OK,"C++23 (GCC 14-64, msys2)",1742579565
311692966,MatinAbbasi,Longest Good Array,OK,PyPy 3-64,1742579200
311690069,ddpigeon,Sakurako's Task,OK,"C++23 (GCC 14-64, msys2)",1742577668
311689791,ddpigeon,Sakurako's Task,WRONG_ANSWER,"C++23 (GCC 14-64, msys2)",1742577542
311685513,Jonty_gupta_1204,Longest Good Array,OK,C++17 (GCC 7-32),1742575260
311685327,brokesoul,Sakurako's Box,OK,C++17 (GCC 7-32),1742575126
311684155,Neazi,Longest Good Array,OK,C++17 (GCC 7-32),1742574496
311683915,vivek_bhadauria,Sakurako's Hobby,TIME_LIMIT_EXCEEDED,"C++23 (GCC 14-64, msys2)",1742574385
311683685,Javohir2011,Sakurako's Exam,OK,PyPy 3-64,1742574284
311683562,Javohir2011,Sakurako's Exam,RUNTIME_ERROR,PyPy 3-64,1742574223
311682728,Jonty_gupta_1204,Square or Not,OK,C++17 (GCC 7-32),1742573839
311682443,Jonty_gupta_1204,Square or Not,WRONG_ANSWER,C++17 (GCC 7-32),1742573708
311676947,ycyycc,Longest Good Array,OK,"C++23 (GCC 14-64, msys2)",1742571271
311676124,ycyycc,Square or Not,OK,"C++23 (GCC 14-64, msys2)",1742570914
311674904,ycyycc,Sakurako's Exam,OK,"C++23 (GCC 14-64, msys2)",1742570361
311674751,ycyycc,Sakurako's Exam,WRONG_ANSWER,"C++23 (GCC 14-64, msys2)",1742570295
311671421,HaykManukyan777,Sakurako's Task,OK,C++20 (GCC 13-64),1742568814
311671275,sahilra07,Longest Good Array,OK,C++17 (GCC 7-32),1742568750
311671258,shambhurajed126,Square or Not,OK,Java 21,1742568743
311670958,HaykManukyan777,Sakurako's Task,WRONG_ANSWER,C++20 (GCC 13-64),1742568613
311670664,HaykManukyan777,Sakurako's Task,WRONG_ANSWER,C++20 (GCC 13-64),1742568492
311670443,sahilra07,Square or Not,OK,C++17 (GCC 7-32),1742568407
311670312,sahilra07,Square or Not,COMPILATION_ERROR,C++17 (GCC 7-32),1742568353
311669989,HaykManukyan777,Sakurako's Task,WRONG_ANSWER,C++20 (GCC 13-64),1742568217
311669639,shambhurajed126,Square or Not,WRONG_ANSWER,Java 21,1742568053
311669502,HaykManukyan777,Sakurako's Task,WRONG_ANSWER,C++20 (GCC 13-64),1742567990
311669233,HaykManukyan777,Sakurako's Task,WRONG_ANSWER,C++20 (GCC 13-64),1742567871
311668871,HaykManukyan777,Sakurako's Task,WRONG_ANSWER,C++20 (GCC 13-64),1742567680
311667428,sahilra07,Sakurako's Exam,OK,C++17 (GCC 7-32),1742566997
311667244,saptarshikuar2003,Sakurako's Hobby,OK,C++20 (GCC 13-64),1742566915
311666843,saptarshikuar2003,Sakurako's Hobby,TIME_LIMIT_EXCEEDED,C++20 (GCC 13-64),1742566736
311666280,saptarshikuar2003,Sakurako's Hobby,TIME_LIMIT_EXCEEDED,C++20 (GCC 13-64),1742566470
311664103,Greninja08,Sakurako's Task,OK,C++20 (GCC 13-64),1742565508
311663126,Greninja08,Sakurako's Task,WRONG_ANSWER,C++20 (GCC 13-64),1742565087
311663121,nalindalal2004,Sakurako's Exam,OK,C++17 (GCC 7-32),1742565085
311662995,nalindalal2004,Sakurako's Exam,WRONG_ANSWER,C++17 (GCC 7-32),1742565035
311662957,Gopta,Sakurako's Box,OK,C++17 (GCC 7-32),1742565017
311662637,Jonty_gupta_1204,Sakurako's Exam,OK,C++17 (GCC 7-32),1742564893
311662068,Gopta,Sakurako's Box,COMPILATION_ERROR,C++17 (GCC 7-32),1742564668
311661655,Gopta,Sakurako's Box,COMPILATION_ERROR,C++17 (GCC 7-32),1742564509
311660082,Gopta,Sakurako's Box,WRONG_ANSWER,C++17 (GCC 7-32),1742563888
311658426,melissa1388,Square or Not,OK,C++20 (GCC 13-64),1742563058
311657569,Om_Bavishi,Sakurako's Hobby,OK,PyPy 3-64,1742562531
311656044,ne80klo9728gj,Sakurako's Box,OK,PyPy 3-64,1742561558
311652426,zero_0000,Sakurako's Hobby,OK,C++20 (GCC 13-64),1742559861
311652347,dashim,Sakurako's Exam,OK,PyPy 3-64,1742559828
311650532,dashim,Sakurako's Exam,WRONG_ANSWER,PyPy 3-64,1742558940
311650381,dashim,Sakurako's Exam,WRONG_ANSWER,PyPy 3-64,1742558861
311650139,kaushikofficial1809,Sakurako's Hobby,OK,PyPy 3-64,1742558748
311649975,kaushikofficial1809,Sakurako's Hobby,OK,Java 8,1742558668
311649564,kaushikofficial1809,Sakurako's Hobby,OK,Java 21,1742558469
311648414,prashant7139,Sakurako's Hobby,OK,C++20 (GCC 13-64),1742557950
311648230,kaushikofficial1809,Sakurako's Hobby,OK,C++17 (GCC 7-32),1742557871
311647939,zero_0000,Sakurako's Hobby,TIME_LIMIT_EXCEEDED,C++20 (GCC 13-64),1742557748
311647108,MatinAbbasi,Longest Good Array,TIME_LIMIT_EXCEEDED,PyPy 3-64,1742557387
311646458,sahilra07,Sakurako's Exam,WRONG_ANSWER,C++17 (GCC 7-32),1742557088
311645704,sahilra07,Sakurako's Exam,WRONG_ANSWER,C++17 (GCC 7-32),1742556719
311645125,ldyrqhtnn494,Sakurako's Task,WRONG_ANSWER,PyPy 3-64,1742556413
311645117,Pranav_Swaroop,Longest Good Array,OK,C++20 (GCC 13-64),1742556408
311643561,reddy2354,Sakurako's Exam,OK,"C++23 (GCC 14-64, msys2)",1742555667
311643101,zero_0000,Longest Good Array,OK,C++20 (GCC 13-64),1742555423
311640439,zanxuan,Longest Good Array,OK,C++17 (GCC 7-32),1742554027
311639546,ornaldo7,Sakurako's Box,OK,C++20 (GCC 13-64),1742553529
311639466,narasimhareddy,Sakurako's Hobby,OK,"C++23 (GCC 14-64, msys2)",1742553479
311639375,ornaldo7,Sakurako's Box,WRONG_ANSWER,C++20 (GCC 13-64),1742553425
311631473,rajat_24,Alternating String,OK,"C++23 (GCC 14-64, msys2)",1742548425
311631418,ayush2415,Sakurako's Hobby,OK,"C++23 (GCC 14-64, msys2)",1742548341
311630849,windfallll,Sakurako's Hobby,OK,"C++23 (GCC 14-64, msys2)",1742546716
311630815,ProfessorBD,Sakurako's Exam,OK,PyPy 3-64,1742546571
311630247,rajat_24,Alternating String,COMPILATION_ERROR,"C++23 (GCC 14-64, msys2)",1742545170
311630225,windfallll,Sakurako's Hobby,TIME_LIMIT_EXCEEDED,"C++23 (GCC 14-64, msys2)",1742545149
311630112,rajat_24,Alternating String,COMPILATION_ERROR,"C++23 (GCC 14-64, msys2)",1742545039
311629658,rajat_24,Sakurako's Box,OK,"C++23 (GCC 14-64, msys2)",1742544695
311629507,windfallll,Sakurako's Hobby,TIME_LIMIT_EXCEEDED,"C++23 (GCC 14-64, msys2)",1742544580
311626705,Akik04,Sakurako's Hobby,OK,"C++23 (GCC 14-64, msys2)",1742542622
311620368,BinaryKnight,Longest Good Array,OK,C++17 (GCC 7-32),1742538267
311618048,eissa1,Longest Good Array,OK,C++17 (GCC 7-32),1742536479
311616844,eliaukkk,Square or Not,OK,C++17 (GCC 7-32),1742535465
311616331,Than0s_op,Alternating String,OK,"C++23 (GCC 14-64, msys2)",1742535015
311615465,codovert_,Longest Good Array,OK,Python 3,1742534256
311610920,yenugantirahul,Longest Good Array,OK,Java 21,1742529691
311610771,yenugantirahul,Longest Good Array,WRONG_ANSWER,Java 21,1742529552
311609531,r_31,Longest Good Array,OK,C++17 (GCC 7-32),1742528135
311609468,r_31,Longest Good Array,WRONG_ANSWER,C++17 (GCC 7-32),1742528071
311607707,aleC_aleC,Alternating String,OK,C++20 (GCC 13-64),1742526015
311606502,Re_frain,Sakurako's Exam,OK,C++20 (GCC 13-64),1742524557
311605337,uchi89,Sakurako's Exam,OK,PyPy 3-64,1742522923
311605034,uchi89,Sakurako's Exam,TIME_LIMIT_EXCEEDED,PyPy 3-64,1742522392
311604111,xingtu,Sakurako's Box,OK,C++17 (GCC 7-32),1742520827
311604092,xingtu,Sakurako's Box,WRONG_ANSWER,C++17 (GCC 7-32),1742520787
311604054,xingtu,Sakurako's Box,WRONG_ANSWER,C++17 (GCC 7-32),1742520731
311603985,xingtu,Sakurako's Box,WRONG_ANSWER,C++17 (GCC 7-32),1742520602
311603910,xingtu,Sakurako's Box,WRONG_ANSWER,C++17 (GCC 7-32),1742520489
311603862,xingtu,Sakurako's Box,WRONG_ANSWER,C++17 (GCC 7-32),1742520423
311603208,01unp01,Alternating String,OK,"C++23 (GCC 14-64, msys2)",1742519531
311603137,Nitter,Sakurako's Box,OK,"C++23 (GCC 14-64, msys2)",1742519431
311602812,Nitter,Sakurako's Box,WRONG_ANSWER,"C++23 (GCC 14-64, msys2)",1742518938
311602604,Nitter,Sakurako's Box,WRONG_ANSWER,"C++23 (GCC 14-64, msys2)",1742518643
311602557,Nitter,Sakurako's Box,WRONG_ANSWER,"C++23 (GCC 14-64, msys2)",1742518555
311602498,Nitter,Sakurako's Box,WRONG_ANSWER,"C++23 (GCC 14-64, msys2)",1742518452
311602342,Nitter,Sakurako's Box,WRONG_ANSWER,"C++23 (GCC 14-64, msys2)",1742518246
311602274,Nitter,Sakurako's Box,WRONG_ANSWER,"C++23 (GCC 14-64, msys2)",1742518140
311602212,Nitter,Sakurako's Box,COMPILATION_ERROR,"C++23 (GCC 14-64, msys2)",1742518062
311597215,stronglion64,Sakurako's Exam,OK,C# 10,1742510313
311597079,stronglion64,Sakurako's Exam,WRONG_ANSWER,C# 10,1742510111
311596454,stronglion64,Sakurako's Exam,WRONG_ANSWER,C# 10,1742509273
311596416,stronglion64,Sakurako's Exam,WRONG_ANSWER,C# 10,1742509230
311596319,vtmc,Sakurako's Exam,OK,C++17 (GCC 7-32),1742509129
311593767,fcruzl44,Sakurako's Test,RUNTIME_ERROR,Go,1742506552
311593688,fcruzl44,Sakurako's Test,COMPILATION_ERROR,Haskell,1742506472
311593610,fcruzl44,Sakurako's Test,TIME_LIMIT_EXCEEDED,Python 3,1742506381
311592628,A00574043,Sakurako's Test,TIME_LIMIT_EXCEEDED,"C++23 (GCC 14-64, msys2)",1742505594
311592348,A00574043,Sakurako's Test,TIME_LIMIT_EXCEEDED,"C++23 (GCC 14-64, msys2)",1742505365
311592314,fcruzl44,Sakurako's Test,WRONG_ANSWER,Python 3,1742505347
311591652,A00574043,Sakurako's Test,TIME_LIMIT_EXCEEDED,C++20 (GCC 13-64),1742504807
311589165,A00571878,Sakurako's Test,WRONG_ANSWER,Python 3,1742503105
311589064,Mariam_2010,Longest Good Array,COMPILATION_ERROR,"C++23 (GCC 14-64, msys2)",1742503035
311588880,Kener_Castillo,Alternating String,OK,C++20 (GCC 13-64),1742502906
311588294,A00574043,Sakurako's Test,TIME_LIMIT_EXCEEDED,C++20 (GCC 13-64),1742502530
311587943,A00574043,Sakurako's Test,TIME_LIMIT_EXCEEDED,C++20 (GCC 13-64),1742502314
311587736,A00574043,Sakurako's Test,TIME_LIMIT_EXCEEDED,C++20 (GCC 13-64),1742502177
311587140,A00571878,Sakurako's Test,WRONG_ANSWER,Python 3,1742501829
311586526,manideepnaidugorle,Sakurako's Box,OK,"C++23 (GCC 14-64, msys2)",1742501452
311585198,A00571878,Sakurako's Test,WRONG_ANSWER,Python 3,1742500735
311584996,manideepnaidugorle,Sakurako's Box,WRONG_ANSWER,"C++23 (GCC 14-64, msys2)",1742500611
311584948,a00836774,Sakurako's Test,WRONG_ANSWER,Python 3,1742500582
311584536,manideepnaidugorle,Sakurako's Box,WRONG_ANSWER,"C++23 (GCC 14-64, msys2)",1742500329
311584007,a00836774,Sakurako's Test,WRONG_ANSWER,Python 3,1742499983
311583436,a00836774,Sakurako's Test,WRONG_ANSWER,Python 3,1742499654
311583414,Salzcity,Sakurako's Exam,OK,Python 3,1742499644
311583300,a00836774,Sakurako's Test,WRONG_ANSWER,Python 3,1742499572
311583011,manideepnaidugorle,Sakurako's Box,WRONG_ANSWER,"C++23 (GCC 14-64, msys2)",1742499384
311582787,manideepnaidugorle,Sakurako's Box,WRONG_ANSWER,"C++23 (GCC 14-64, msys2)",1742499254
311582263,manideepnaidugorle,Sakurako's Box,WRONG_ANSWER,"C++23 (GCC 14-64, msys2)",1742498938
311582097,Okinawa,Longest Good Array,OK,PyPy 3-64,1742498846
311581949,manideepnaidugorle,Sakurako's Box,WRONG_ANSWER,"C++23 (GCC 14-64, msys2)",1742498760
311580563,manideepnaidugorle,Alternating String,OK,"C++23 (GCC 14-64, msys2)",1742497983
311579433,arshia_asadi_88,Longest Good Array,OK,C++17 (GCC 7-32),1742497326
311579393,arshia_asadi_88,Longest Good Array,TIME_LIMIT_EXCEEDED,C++17 (GCC 7-32),1742497297
311579071,arshia_asadi_88,Longest Good Array,WRONG_ANSWER,C++17 (GCC 7-32),1742497105
311577322,CDH_Blight,Longest Good Array,OK,PyPy 3-64,1742496085
311576787,F7tma-abd0,Square or Not,OK,"C++23 (GCC 14-64, msys2)",1742495793
311575579,zero_0000,Square or Not,OK,C++20 (GCC 13-64),1742495142
311575553,manideepnaidugorle,Sakurako's Hobby,OK,"C++23 (GCC 14-64, msys2)",1742495126
311574373,Abhi050705,Sakurako's Box,OK,"C++23 (GCC 14-64, msys2)",1742494514
311573943,purushottam.lal.cse23,Sakurako's Box,OK,C++17 (GCC 7-32),1742494291
311573859,krakent,Sakurako's Exam,OK,"C++23 (GCC 14-64, msys2)",1742494236
311573441,manideepnaidugorle,Longest Good Array,OK,"C++23 (GCC 14-64, msys2)",1742494014
311573361,purushottam.lal.cse23,Sakurako's Box,OK,C++17 (GCC 7-32),1742493977
311572984,krakent,Sakurako's Exam,WRONG_ANSWER,"C++23 (GCC 14-64, msys2)",1742493767
311572765,manideepnaidugorle,Square or Not,OK,"C++23 (GCC 14-64, msys2)",1742493658
311572298,purushottam.lal.cse23,Sakurako's Box,WRONG_ANSWER,C++17 (GCC 7-32),1742493421
311572117,purushottam.lal.cse23,Sakurako's Box,WRONG_ANSWER,C++17 (GCC 7-32),1742493332
311572092,manideepnaidugorle,Sakurako's Exam,OK,"C++23 (GCC 14-64, msys2)",1742493321
311570698,Sujal2720,Sakurako's Hobby,OK,C++20 (GCC 13-64),1742492673
311570080,Xer0niX_,Longest Good Array,OK,"C++23 (GCC 14-64, msys2)",1742492366
311569000,agentVivek,Sakurako's Box,OK,"C++23 (GCC 14-64, msys2)",1742491858
311568909,agentVivek,Sakurako's Box,WRONG_ANSWER,C++20 (GCC 13-64),1742491815
311568521,agentVivek,Sakurako's Box,WRONG_ANSWER,C++20 (GCC 13-64),1742491622
311561812,Y_yathicha,Sakurako's Exam,WRONG_ANSWER,"C++23 (GCC 14-64, msys2)",1742488525
311560124,Y_yathicha,Sakurako's Exam,WRONG_ANSWER,"C++23 (GCC 14-64, msys2)",1742487807
311556995,Sanjida_Riti,Square or Not,OK,"C++23 (GCC 14-64, msys2)",1742486389
311556893,Sanjida_Riti,Square or Not,COMPILATION_ERROR,"C++23 (GCC 14-64, msys2)",1742486347
311553422,zero_0000,Sakurako's Exam,OK,C++20 (GCC 13-64),1742484847
311551852,orrkixx,Sakurako's Exam,OK,C++17 (GCC 7-32),1742484119
311549052,woarmy,Sakurako's Exam,WRONG_ANSWER,Python 3,1742482899
311547760,5am__Arpit,Longest Good Array,OK,C++20 (GCC 13-64),1742482350
311547400,5am__Arpit,Sakurako's Exam,OK,C++20 (GCC 13-64),1742482200
311547087,5am__Arpit,Square or Not,OK,C++20 (GCC 13-64),1742482079
311544938,eargle,Sakurako's Box,OK,C++17 (GCC 7-32),1742481169
311544490,eargle,Sakurako's Box,WRONG_ANSWER,C++17 (GCC 7-32),1742480979
311544138,eargle,Sakurako's Box,WRONG_ANSWER,C++17 (GCC 7-32),1742480840
311542859,longntt,Square or Not,OK,"C++23 (GCC 14-64, msys2)",1742480305
311542683,longntt,Sakurako's Exam,OK,"C++23 (GCC 14-64, msys2)",1742480237
311542166,Chilnosu,Longest Good Array,OK,C++20 (GCC 13-64),1742480019
311541058,Radiolaria6,Sakurako's Exam,OK,C++17 (GCC 7-32),1742479569
311540667,vtmc,Sakurako's Exam,WRONG_ANSWER,C++17 (GCC 7-32),1742479388
311540383,longntt,Square or Not,WRONG_ANSWER,"C++23 (GCC 14-64, msys2)",1742479277
311539488,vtmc,Sakurako's Exam,WRONG_ANSWER,C++17 (GCC 7-32),1742478891
311538262,longntt,Square or Not,WRONG_ANSWER,"C++23 (GCC 14-64, msys2)",1742478432
311537109,Chilnosu,Sakurako's Exam,OK,C++20 (GCC 13-64),1742477895
311536430,Chilnosu,Sakurako's Exam,WRONG_ANSWER,C++20 (GCC 13-64),1742477549
311536162,Chilnosu,Sakurako's Exam,WRONG_ANSWER,C++20 (GCC 13-64),1742477434
311535822,Chilnosu,Sakurako's Exam,WRONG_ANSWER,C++20 (GCC 13-64),1742477279
311533818,wiwoo,Sakurako's Exam,OK,C++17 (GCC 7-32),1742476415
311533344,yrtwd,Alternating String,OK,"C++23 (GCC 14-64, msys2)",1742476201
311531674,DigiTalDreamar,Sakurako's Hobby,OK,C++17 (GCC 7-32),1742475439
311530531,kushal_2504,Longest Good Array,OK,Java 21,1742474929
311529311,codovert_,Longest Good Array,TIME_LIMIT_EXCEEDED,Python 3,1742474348
311527818,codovert_,Longest Good Array,TIME_LIMIT_EXCEEDED,Python 3,1742473558
311524454,sahe4ka,Square or Not,WRONG_ANSWER,C++17 (GCC 7-32),1742472095
311524417,longntt,Longest Good Array,OK,"C++23 (GCC 14-64, msys2)",1742472076
311524308,sahe4ka,Square or Not,WRONG_ANSWER,C++17 (GCC 7-32),1742472029
311524173,sahe4ka,Square or Not,WRONG_ANSWER,C++17 (GCC 7-32),1742471971
311522785,sahe4ka,Square or Not,TIME_LIMIT_EXCEEDED,C++17 (GCC 7-32),1742471362
311522544,sahe4ka,Square or Not,WRONG_ANSWER,C++17 (GCC 7-32),1742471248
311522014,Re_frain,Square or Not,OK,C++20 (GCC 13-64),1742471022
311521871,sahe4ka,Square or Not,TIME_LIMIT_EXCEEDED,C++17 (GCC 7-32),1742470961
311520795,wjx060090,Longest Good Array,OK,"C++23 (GCC 14-64, msys2)",1742470511
311520595,AuroraL0ch,Sakurako's Exam,OK,C++17 (GCC 7-32),1742470414
311519425,AuroraL0ch,Sakurako's Exam,WRONG_ANSWER,C++17 (GCC 7-32),1742469916
311519026,Black_Duster,Sakurako's Hobby,OK,C++17 (GCC 7-32),1742469741
311518375,Re_frain,Longest Good Array,OK,C++20 (GCC 13-64),1742469475
311515609,Black_Duster,Longest Good Array,OK,C++17 (GCC 7-32),1742468256
311515321,xingtu,Sakurako's Hobby,OK,C++17 (GCC 7-32),1742468080
311513215,Black_Duster,Square or Not,OK,C++17 (GCC 7-32),1742466978
311512273,Black_Duster,Sakurako's Exam,OK,C++17 (GCC 7-32),1742466464
311511941,ZAYNAab,Sakurako's Exam,OK,"C++23 (GCC 14-64, msys2)",1742466274
311511243,mahfuzrahman,Sakurako's Hobby,OK,"C++23 (GCC 14-64, msys2)",1742465911
311510332,Dumpotat,Sakurako's Exam,OK,Java 21,1742465416
311510252,Dumpotat,Sakurako's Exam,COMPILATION_ERROR,Java 21,1742465375
311506906,the_red_hat07,Square or Not,WRONG_ANSWER,"C++23 (GCC 14-64, msys2)",1742463541
311502132,AAhaomingzi,Sakurako's Box,OK,C++20 (GCC 13-64),1742460934
311502024,AAhaomingzi,Sakurako's Box,OK,C++20 (GCC 13-64),1742460874
311501970,AAhaomingzi,Sakurako's Box,WRONG_ANSWER,C++20 (GCC 13-64),1742460850
311501838,AAhaomingzi,Sakurako's Box,WRONG_ANSWER,C++20 (GCC 13-64),1742460778
311501752,AAhaomingzi,Sakurako's Box,WRONG_ANSWER,C++20 (GCC 13-64),1742460724
311501608,AAhaomingzi,Sakurako's Box,WRONG_ANSWER,C++20 (GCC 13-64),1742460644
311501512,AAhaomingzi,Sakurako's Box,WRONG_ANSWER,C++20 (GCC 13-64),1742460591
311501063,AAhaomingzi,Sakurako's Box,WRONG_ANSWER,C++20 (GCC 13-64),1742460333
311500942,AAhaomingzi,Sakurako's Box,OK,C++20 (GCC 13-64),1742460268
311500741,AAhaomingzi,Sakurako's Box,WRONG_ANSWER,C++20 (GCC 13-64),1742460161
311500596,AAhaomingzi,Sakurako's Box,WRONG_ANSWER,C++20 (GCC 13-64),1742460087
311500489,AAhaomingzi,Sakurako's Box,OK,C++20 (GCC 13-64),1742460027
311499448,xingtu,Longest Good Array,OK,C++17 (GCC 7-32),1742459438
311499393,xingtu,Longest Good Array,COMPILATION_ERROR,C++17 (GCC 7-32),1742459408
311498887,xingtu,Square or Not,OK,C++17 (GCC 7-32),1742459144
311497806,Ronja7,Sakurako's Exam,OK,C++20 (GCC 13-64),1742458486
311497767,aakarsh-2004,Sakurako's Box,OK,"C++23 (GCC 14-64, msys2)",1742458466
311497595,aakarsh-2004,Sakurako's Box,WRONG_ANSWER,"C++23 (GCC 14-64, msys2)",1742458358
311497590,AAhaomingzi,Sakurako's Box,WRONG_ANSWER,C++20 (GCC 13-64),1742458355
311497568,aakarsh-2004,Sakurako's Box,WRONG_ANSWER,"C++23 (GCC 14-64, msys2)",1742458339
311497340,AAhaomingzi,Sakurako's Box,OK,C++20 (GCC 13-64),1742458217
311497317,AAhaomingzi,Sakurako's Box,WRONG_ANSWER,C++20 (GCC 13-64),1742458199
311497281,k0lenka,Sakurako's Exam,OK,"C++23 (GCC 14-64, msys2)",1742458182
311496992,AAhaomingzi,Sakurako's Box,WRONG_ANSWER,C++20 (GCC 13-64),1742458021
311496314,AAhaomingzi,Sakurako's Box,RUNTIME_ERROR,Python 3,1742457620
311496288,AAhaomingzi,Sakurako's Box,OK,Python 3,1742457602
311495809,AAhaomingzi,Sakurako's Box,WRONG_ANSWER,C++20 (GCC 13-64),1742457297
311495728,AAhaomingzi,Sakurako's Box,WRONG_ANSWER,C++20 (GCC 13-64),1742457243
311495580,kritika90909,Sakurako's Box,OK,C++17 (GCC 7-32),1742457151
311495500,AAhaomingzi,Sakurako's Box,WRONG_ANSWER,C++20 (GCC 13-64),1742457098
311495428,kritika90909,Sakurako's Box,WRONG_ANSWER,C++17 (GCC 7-32),1742457054
311495058,DamnUFlicker__10,Sakurako's Exam,OK,C++17 (GCC 7-32),1742456810
311494121,DamnUFlicker__10,Square or Not,OK,C++17 (GCC 7-32),1742456231
311493630,xingtu,Square or Not,COMPILATION_ERROR,C++17 (GCC 7-32),1742455955
311491879,Adu_Vai_404,Sakurako's Exam,OK,"C++23 (GCC 14-64, msys2)",1742454946
311491859,Yu_Ruyi,Sakurako's Exam,OK,C++17 (GCC 7-32),1742454935
311489106,xingtu,Sakurako's Exam,OK,C++17 (GCC 7-32),1742453398
311488206,xingtu,Sakurako's Exam,WRONG_ANSWER,C++17 (GCC 7-32),1742452885
311486294,Rassi,Sakurako's Box,OK,C++17 (GCC 7-32),1742451684
311486126,Rassi,Sakurako's Box,WRONG_ANSWER,C++17 (GCC 7-32),1742451556
311486022,Rassi,Sakurako's Box,WRONG_ANSWER,C++17 (GCC 7-32),1742451483
311485198,Rassi,Sakurako's Box,WRONG_ANSWER,C++17 (GCC 7-32),1742450978
311484742,Harshit__890,Sakurako's Exam,OK,C++17 (GCC 7-32),1742450666
311484673,Harshit__890,Sakurako's Exam,COMPILATION_ERROR,GNU C11,1742450622
311484545,mhcu,Sakurako's Exam,WRONG_ANSWER,C++20 (GCC 13-64),1742450528
311484232,mhcu,Sakurako's Exam,WRONG_ANSWER,C++20 (GCC 13-64),1742450297
311482728,ishaanster,Sakurako's Exam,OK,C++17 (GCC 7-32),1742449198
311482407,ishaanster,Sakurako's Exam,WRONG_ANSWER,C++17 (GCC 7-32),1742448975
311482205,jallu.sriharshith.mat24,Sakurako's Exam,OK,GNU C11,1742448814
311482025,jallu.sriharshith.mat24,Sakurako's Exam,WRONG_ANSWER,GNU C11,1742448662
311481684,pi.ku.1025,Sakurako's Exam,WRONG_ANSWER,C++17 (GCC 7-32),1742448383
311481446,pi.ku.1025,Sakurako's Exam,WRONG_ANSWER,C++17 (GCC 7-32),1742448199
311481073,GoBananas69,Alternating String,OK,C++17 (GCC 7-32),1742447906
311480862,GoBananas69,Alternating String,WRONG_ANSWER,C++17 (GCC 7-32),1742447752
311480666,orgiltsogt,Sakurako's Box,OK,C++17 (GCC 7-32),1742447603
311480568,pi.ku.1025,Sakurako's Exam,WRONG_ANSWER,C++17 (GCC 7-32),1742447537
311480090,ermuunshde,Sakurako's Test,TIME_LIMIT_EXCEEDED,C++17 (GCC 7-32),1742447115
311479519,orgiltsogt,Sakurako's Box,WRONG_ANSWER,C++17 (GCC 7-32),1742446603
311479350,orgiltsogt,Sakurako's Box,WRONG_ANSWER,C++17 (GCC 7-32),1742446455
311479309,orgiltsogt,Sakurako's Box,WRONG_ANSWER,C++17 (GCC 7-32),1742446409
311479099,Tohidul_Hridoy,Longest Good Array,OK,C++17 (GCC 7-32),1742446241
311479012,Tohidul_Hridoy,Longest Good Array,COMPILATION_ERROR,C++17 (GCC 7-32),1742446176
311478795,GoBananas69,Sakurako's Hobby,OK,C++17 (GCC 7-32),1742446014
311478768,GoBananas69,Sakurako's Hobby,COMPILATION_ERROR,C++17 (GCC 7-32),1742445987
311478435,TulgaJames,Sakurako's Hobby,TIME_LIMIT_EXCEEDED,C++17 (GCC 7-32),1742445756
311478357,520llj,Sakurako's Hobby,OK,C++20 (GCC 13-64),1742445690
311478287,ermuunshde,Longest Good Array,OK,C++17 (GCC 7-32),1742445645
311478027,TulgaJames,Sakurako's Hobby,TIME_LIMIT_EXCEEDED,C++17 (GCC 7-32),1742445449
311478026,orgiltsogt,Alternating String,OK,C++17 (GCC 7-32),1742445449
311477675,TulgaJames,Sakurako's Hobby,TIME_LIMIT_EXCEEDED,C++17 (GCC 7-32),1742445128
311477577,520llj,Sakurako's Hobby,OK,C++20 (GCC 13-64),1742445036
311477165,TulgaJames,Sakurako's Hobby,TIME_LIMIT_EXCEEDED,C++17 (GCC 7-32),1742444690
311476074,ermuunshde,Sakurako's Exam,WRONG_ANSWER,C++17 (GCC 7-32),1742443678
311475736,TulgaJames,Longest Good Array,OK,C++17 (GCC 7-32),1742443394
311475637,GoBananas69,Longest Good Array,OK,PyPy 3,1742443303
311475627,GoBananas69,Longest Good Array,RUNTIME_ERROR,PyPy 3,1742443292
311475532,orgiltsogt,Sakurako's Hobby,OK,C++17 (GCC 7-32),1742443196
311475385,TulgaJames,Square or Not,OK,C++17 (GCC 7-32),1742443062
311475188,GoBananas69,Square or Not,OK,PyPy 3,1742442880
311474742,TulgaJames,Square or Not,WRONG_ANSWER,C++17 (GCC 7-32),1742442487
311474708,pmaddineedi,Alternating String,OK,PyPy 3,1742442456
311474380,orgiltsogt,Longest Good Array,OK,C++17 (GCC 7-32),1742442129
311474378,TulgaJames,Square or Not,WRONG_ANSWER,C++17 (GCC 7-32),1742442126
311474244,orgiltsogt,Square or Not,OK,C++17 (GCC 7-32),1742442000
311474237,ermuunshde,Sakurako's Exam,WRONG_ANSWER,C++17 (GCC 7-32),1742441993
311474169,GoBananas69,Sakurako's Exam,OK,PyPy 3,1742441910
311474075,ermuunshde,Sakurako's Exam,WRONG_ANSWER,C++17 (GCC 7-32),1742441811
311474045,Canyonzzzzz,Sakurako's Box,OK,PyPy 3-64,1742441780
311473947,TulgaJames,Sakurako's Exam,OK,C++17 (GCC 7-32),1742441668
311473824,orgiltsogt,Sakurako's Exam,OK,C++17 (GCC 7-32),1742441543
311473622,Satyam1310,Square or Not,OK,C++17 (GCC 7-32),1742441335
311472176,Canyonzzzzz,Sakurako's Box,OK,PyPy 3-64,1742439719
311472142,Canyonzzzzz,Sakurako's Box,WRONG_ANSWER,PyPy 3-64,1742439687
311471773,ntkkdl,Square or Not,OK,C++17 (GCC 7-32),1742439249
311471371,AAhaomingzi,Sakurako's Box,WRONG_ANSWER,C++20 (GCC 13-64),1742438684
311470906,ouo_ouo_ouo,Sakurako's Exam,WRONG_ANSWER,C++17 (GCC 7-32),1742438151
311470512,huangallen,Sakurako's Exam,OK,C++20 (GCC 13-64),1742437660
311470008,Consignment,Sakurako's Box,OK,C++17 (GCC 7-32),1742437006
311469672,huangallen,Sakurako's Exam,WRONG_ANSWER,C++20 (GCC 13-64),1742436499
311469635,ouo_ouo_ouo,Sakurako's Exam,WRONG_ANSWER,C++17 (GCC 7-32),1742436445
311469633,huangallen,Sakurako's Exam,WRONG_ANSWER,C++20 (GCC 13-64),1742436444
311469614,ouo_ouo_ouo,Sakurako's Exam,WRONG_ANSWER,C++17 (GCC 7-32),1742436424
311469599,huangallen,Sakurako's Exam,WRONG_ANSWER,C++20 (GCC 13-64),1742436402
311469561,huangallen,Sakurako's Exam,WRONG_ANSWER,C++20 (GCC 13-64),1742436316
311469163,Consignment,Sakurako's Box,OK,C++17 (GCC 7-32),1742435771
311468985,Consignment,Sakurako's Box,WRONG_ANSWER,C++17 (GCC 7-32),1742435487
311468966,yaotianhao0906,Sakurako's Task,OK,C++20 (GCC 13-64),1742435462
311468921,yaotianhao0906,Sakurako's Task,COMPILATION_ERROR,C++20 (GCC 13-64),1742435404
311468050,willss,Square or Not,OK,Java 21,1742434065
311467915,willss,Square or Not,WRONG_ANSWER,Java 21,1742433889
311466884,willss,Square or Not,WRONG_ANSWER,Java 21,1742432558
311466861,willss,Square or Not,WRONG_ANSWER,Java 21,1742432528
311466583,willss,Square or Not,WRONG_ANSWER,Java 21,1742432102
311466478,willss,Square or Not,WRONG_ANSWER,Java 21,1742431908
311466465,sheriff1,Square or Not,OK,"C++23 (GCC 14-64, msys2)",1742431885
311466358,sheriff1,Longest Good Array,OK,"C++23 (GCC 14-64, msys2)",1742431723
311463175,willss,Square or Not,WRONG_ANSWER,Java 21,1742427069
311463083,willss,Square or Not,WRONG_ANSWER,Java 21,1742426907
311462914,willss,Square or Not,WRONG_ANSWER,Java 21,1742426650
311461174,chriskor1999,Sakurako's Exam,OK,PyPy 3-64,1742423774
311460190,GHOST77,Sakurako's Exam,OK,C++20 (GCC 13-64),1742422160
311460065,GHOST77,Sakurako's Exam,WRONG_ANSWER,C++20 (GCC 13-64),1742421958
311459895,GHOST77,Longest Good Array,OK,C++20 (GCC 13-64),1742421739
311459656,GHOST77,Longest Good Array,WRONG_ANSWER,C++20 (GCC 13-64),1742421415
311459576,GHOST77,Longest Good Array,COMPILATION_ERROR,C++20 (GCC 13-64),1742421310
311458433,Zaid,Sakurako's Hobby,OK,C++20 (GCC 13-64),1742419840
311457645,shie_nia,Sakurako's Exam,RUNTIME_ERROR,Python 3,1742415892
311455459,chriskor1999,Sakurako's Exam,WRONG_ANSWER,PyPy 3-64,1742414390
311455246,chriskor1999,Sakurako's Exam,WRONG_ANSWER,PyPy 3-64,1742414241
311454794,chriskor1999,Sakurako's Exam,WRONG_ANSWER,PyPy 3-64,1742413906
311454659,chriskor1999,Sakurako's Exam,WRONG_ANSWER,PyPy 3-64,1742413814
311453620,F7tma-abd0,Square or Not,WRONG_ANSWER,C++20 (GCC 13-64),1742413179
311452591,Pouyaxanony,Sakurako's Hobby,OK,C++20 (GCC 13-64),1742412581
311452358,minku2006,Sakurako's Box,WRONG_ANSWER,"C++23 (GCC 14-64, msys2)",1742412412
311452180,Ropraite,Alternating String,OK,"C++23 (GCC 14-64, msys2)",1742412309
311452120,minku2006,Sakurako's Box,OK,"C++23 (GCC 14-64, msys2)",1742412273
311451871,minku2006,Sakurako's Box,WRONG_ANSWER,"C++23 (GCC 14-64, msys2)",1742412108
311451832,Pouyaxanony,Sakurako's Hobby,TIME_LIMIT_EXCEEDED,C++20 (GCC 13-64),1742412078
311451747,harsh___mishra,Square or Not,OK,C++17 (GCC 7-32),1742412026
311451737,Pouyaxanony,Sakurako's Hobby,TIME_LIMIT_EXCEEDED,C++17 (GCC 7-32),1742412020
311451608,harsh___mishra,Longest Good Array,OK,C++17 (GCC 7-32),1742411944
311450347,Mainak9093,Longest Good Array,OK,"C++23 (GCC 14-64, msys2)",1742411175
311450269,Pouyaxanony,Sakurako's Hobby,TIME_LIMIT_EXCEEDED,C++17 (GCC 7-32),1742411127
311449925,DRY,Sakurako's Hobby,OK,"C++23 (GCC 14-64, msys2)",1742410903
311449852,DRY,Sakurako's Hobby,RUNTIME_ERROR,"C++23 (GCC 14-64, msys2)",1742410856
311449812,DRY,Sakurako's Hobby,WRONG_ANSWER,"C++23 (GCC 14-64, msys2)",1742410828
311449799,Pouyaxanony,Sakurako's Hobby,OK,C++17 (GCC 7-32),1742410819
311449733,DRY,Sakurako's Hobby,WRONG_ANSWER,"C++23 (GCC 14-64, msys2)",1742410774
311449555,Pouyaxanony,Sakurako's Hobby,TIME_LIMIT_EXCEEDED,C++17 (GCC 7-32),1742410671
311449032,priyanshutiwari12341,Longest Good Array,OK,C++20 (GCC 13-64),1742410349
311447586,Isd619,Alternating String,OK,C++17 (GCC 7-32),1742409466
311447468,Pouyaxanony,Sakurako's Hobby,TIME_LIMIT_EXCEEDED,C++17 (GCC 7-32),1742409395
311446302,Pouyaxanony,Sakurako's Hobby,TIME_LIMIT_EXCEEDED,C++17 (GCC 7-32),1742408702
311446075,_raaghav_09,Longest Good Array,OK,"C++23 (GCC 14-64, msys2)",1742408574
311445817,DRY,Longest Good Array,OK,"C++23 (GCC 14-64, msys2)",1742408446
311445630,BinaryKnight,Sakurako's Exam,OK,C++17 (GCC 7-32),1742408334
311444864,yatsykeva9,Sakurako's Hobby,OK,"C++23 (GCC 14-64, msys2)",1742407950
311444395,kratosishere,Sakurako's Box,OK,"C++23 (GCC 14-64, msys2)",1742407703
311444330,kratosishere,Sakurako's Box,WRONG_ANSWER,"C++23 (GCC 14-64, msys2)",1742407669
311444150,kratosishere,Sakurako's Box,WRONG_ANSWER,C++20 (GCC 13-64),1742407573
311442300,minku2006,Sakurako's Box,WRONG_ANSWER,"C++23 (GCC 14-64, msys2)",1742406631
311442098,jack1011,Longest Good Array,OK,C++17 (GCC 7-32),1742406532
311441003,minku2006,Sakurako's Box,COMPILATION_ERROR,"C++23 (GCC 14-64, msys2)",1742406014
311440836,kratosishere,Sakurako's Box,WRONG_ANSWER,C++20 (GCC 13-64),1742405939
311440816,kratosishere,Sakurako's Box,WRONG_ANSWER,C++20 (GCC 13-64),1742405930
311440782,kratosishere,Sakurako's Box,WRONG_ANSWER,C++20 (GCC 13-64),1742405914
311440666,kratosishere,Sakurako's Box,WRONG_ANSWER,C++20 (GCC 13-64),1742405856
311440652,IkshwakG,Sakurako's Hobby,OK,C++20 (GCC 13-64),1742405850
311439756,IkshwakG,Sakurako's Hobby,TIME_LIMIT_EXCEEDED,C++20 (GCC 13-64),1742405409
311437935,minku2006,Sakurako's Box,WRONG_ANSWER,"C++23 (GCC 14-64, msys2)",1742404549
311437806,minku2006,Sakurako's Box,WRONG_ANSWER,"C++23 (GCC 14-64, msys2)",1742404483
311436911,man_ob,Sakurako's Hobby,TIME_LIMIT_EXCEEDED,C++17 (GCC 7-32),1742404042
311434706,Kabir_hasan,Sakurako's Exam,OK,C++17 (GCC 7-32),1742402985
311434433,IkshwakG,Longest Good Array,OK,C++20 (GCC 13-64),1742402856
311433495,IkshwakG,Square or Not,OK,C++20 (GCC 13-64),1742402389
311433267,Kabir_hasan,Sakurako's Exam,OK,C++17 (GCC 7-32),1742402278
311432281,shivesh_kaushik,Sakurako's Exam,OK,"C++23 (GCC 14-64, msys2)",1742401751
311431621,IkshwakG,Sakurako's Exam,OK,C++20 (GCC 13-64),1742401424
311429588,Kabir_hasan,Sakurako's Exam,WRONG_ANSWER,C++17 (GCC 7-32),1742400335
311428441,YasmineKhameis_90278,Square or Not,OK,C++20 (GCC 13-64),1742399731
311428063,d15ha,Sakurako's Box,OK,"C++23 (GCC 14-64, msys2)",1742399531
311425967,man_ob,Longest Good Array,OK,C++17 (GCC 7-32),1742398413
311425503,AdSaw05_,Sakurako's Box,OK,C++17 (GCC 7-32),1742398161
311425485,mannu_1,Alternating String,OK,C++20 (GCC 13-64),1742398152
311425040,ANSHp-G,Longest Good Array,OK,C++17 (GCC 7-32),1742397924
311424569,mannu_1,Alternating String,OK,C++20 (GCC 13-64),1742397678
311424323,sahilgupta9891,Square or Not,OK,C++20 (GCC 13-64),1742397562
311423379,man_ob,Square or Not,OK,C++17 (GCC 7-32),1742397050
311422996,man_ob,Square or Not,WRONG_ANSWER,C++17 (GCC 7-32),1742396837
311422816,man_ob,Square or Not,WRONG_ANSWER,C++17 (GCC 7-32),1742396740
311421176,man_ob,Sakurako's Exam,OK,C++17 (GCC 7-32),1742395908
311420596,reallyDog123,Alternating String,OK,C++20 (GCC 13-64),1742395607
311419789,goodboypratyush,Sakurako's Task,OK,C++17 (GCC 7-32),1742395229
311416915,reallyDog123,Alternating String,WRONG_ANSWER,C++20 (GCC 13-64),1742393859
311416830,sheismydelight,Alternating String,OK,C++17 (GCC 7-32),1742393819
311416639,reallyDog123,Alternating String,WRONG_ANSWER,C++20 (GCC 13-64),1742393721
311415095,alzimdoang,Sakurako's Exam,OK,Python 3,1742393060
311414522,alzimdoang,Sakurako's Exam,WRONG_ANSWER,Python 3,1742392814
311414352,LYC_qwq,Alternating String,OK,C++17 (GCC 7-32),1742392748
311410611,ABO_SHA,Sakurako's Task,OK,"C++23 (GCC 14-64, msys2)",1742391158
311408591,Adi.gain,Alternating String,OK,C++17 (GCC 7-32),1742390318
311407566,ABO_SHA,Sakurako's Box,OK,"C++23 (GCC 14-64, msys2)",1742389882
311407247,ABO_SHA,Sakurako's Box,WRONG_ANSWER,"C++23 (GCC 14-64, msys2)",1742389744
311405215,ABO_SHA,Alternating String,OK,"C++23 (GCC 14-64, msys2)",1742389144
311399475,ABO_SHA,Sakurako's Hobby,OK,"C++23 (GCC 14-64, msys2)",1742386783
311398761,_biswajitpanda,Longest Good Array,OK,Java 21,1742386452
311398652,_biswajitpanda,Longest Good Array,WRONG_ANSWER,Java 21,1742386400
311398355,_biswajitpanda,Longest Good Array,WRONG_ANSWER,Java 21,1742386250
311398283,ABO_SHA,Longest Good Array,OK,"C++23 (GCC 14-64, msys2)",1742386216
311397335,ABO_SHA,Square or Not,OK,"C++23 (GCC 14-64, msys2)",1742385768
311396272,dhrubodas066,Sakurako's Exam,OK,C++17 (GCC 7-32),1742385261
311396172,ayushlodha123,Sakurako's Exam,OK,C++17 (GCC 7-32),1742385216
311395935,3017,Sakurako's Test,TIME_LIMIT_EXCEEDED,C++17 (GCC 7-32),1742385104
311395786,ayushlodha123,Sakurako's Exam,WRONG_ANSWER,C++17 (GCC 7-32),1742385030
311395473,ABO_SHA,Sakurako's Exam,OK,"C++23 (GCC 14-64, msys2)",1742384882
311395413,ayushlodha123,Sakurako's Exam,WRONG_ANSWER,C++17 (GCC 7-32),1742384855
311395071,ayushlodha123,Sakurako's Exam,WRONG_ANSWER,C++17 (GCC 7-32),1742384696
311394810,ayushlodha123,Sakurako's Exam,WRONG_ANSWER,C++17 (GCC 7-32),1742384585
311393773,VatsalParsaniya,Longest Good Array,OK,"C++23 (GCC 14-64, msys2)",1742384068
311393470,bluket,Sakurako's Box,OK,"C++23 (GCC 14-64, msys2)",1742383913
311393316,bluket,Sakurako's Box,WRONG_ANSWER,"C++23 (GCC 14-64, msys2)",1742383842
311393180,shark25361,Sakurako's Task,OK,"C++23 (GCC 14-64, msys2)",1742383774
311393014,bluket,Sakurako's Box,WRONG_ANSWER,"C++23 (GCC 14-64, msys2)",1742383688
311392911,shark25361,Sakurako's Task,MEMORY_LIMIT_EXCEEDED,"C++23 (GCC 14-64, msys2)",1742383639
311392909,bluket,Sakurako's Box,WRONG_ANSWER,"C++23 (GCC 14-64, msys2)",1742383637
311392813,bluket,Sakurako's Box,WRONG_ANSWER,"C++23 (GCC 14-64, msys2)",1742383580
311392136,shark25361,Sakurako's Task,MEMORY_LIMIT_EXCEEDED,"C++23 (GCC 14-64, msys2)",1742383216
311392088,shark25361,Sakurako's Task,MEMORY_LIMIT_EXCEEDED,C++17 (GCC 7-32),1742383191
311391512,shark25361,Sakurako's Task,TIME_LIMIT_EXCEEDED,"C++23 (GCC 14-64, msys2)",1742382892
311391317,shark25361,Sakurako's Task,MEMORY_LIMIT_EXCEEDED,"C++23 (GCC 14-64, msys2)",1742382788
311390950,shark25361,Sakurako's Task,MEMORY_LIMIT_EXCEEDED,"C++23 (GCC 14-64, msys2)",1742382571
311390594,shark25361,Sakurako's Task,WRONG_ANSWER,"C++23 (GCC 14-64, msys2)",1742382365
311389170,Kavish_Vachheta_01,Longest Good Array,OK,"C++23 (GCC 14-64, msys2)",1742381577
311388253,MeteorYe,Alternating String,OK,"C++23 (GCC 14-64, msys2)",1742381069
311387598,MeteorYe,Alternating String,WRONG_ANSWER,"C++23 (GCC 14-64, msys2)",1742380697
311382082,Dhrumil_Patel,Sakurako's Exam,WRONG_ANSWER,C++17 (GCC 7-32),1742377642
311381896,Dhrumil_Patel,Sakurako's Exam,WRONG_ANSWER,C++17 (GCC 7-32),1742377538
311379863,3017,Sakurako's Test,TIME_LIMIT_EXCEEDED,C++17 (GCC 7-32),1742376498
311379763,3017,Sakurako's Test,TIME_LIMIT_EXCEEDED,C++17 (GCC 7-32),1742376450
311379407,3017,Sakurako's Test,TIME_LIMIT_EXCEEDED,C++17 (GCC 7-32),1742376259
311379252,3017,Sakurako's Test,WRONG_ANSWER,C++17 (GCC 7-32),1742376176
311376361,tHeQuiEtWoLf,Alternating String,OK,"C++23 (GCC 14-64, msys2)",1742374655
311373299,uannai,Sakurako's Task,OK,"C++23 (GCC 14-64, msys2)",1742373069
311373029,uannai,Sakurako's Task,WRONG_ANSWER,"C++23 (GCC 14-64, msys2)",1742372926
311372798,uannai,Sakurako's Task,WRONG_ANSWER,"C++23 (GCC 14-64, msys2)",1742372787
311369270,VentiLyre,Sakurako's Box,OK,C++20 (GCC 13-64),1742370826
311364990,Ryan22oct,Sakurako's Task,OK,"C++23 (GCC 14-64, msys2)",1742368354
311364510,hanabiwomiteita,Sakurako's Exam,OK,C++17 (GCC 7-32),1742368096
311364447,hanabiwomiteita,Sakurako's Exam,WRONG_ANSWER,C++17 (GCC 7-32),1742368058
311364416,hanabiwomiteita,Sakurako's Exam,COMPILATION_ERROR,GNU C11,1742368043
311364375,hanabiwomiteita,Sakurako's Exam,COMPILATION_ERROR,GNU C11,1742368016
311364110,aaravm,Sakurako's Test,OK,"C++23 (GCC 14-64, msys2)",1742367878
311363997,suhani_garg,Sakurako's Box,OK,C++20 (GCC 13-64),1742367811
311363743,suhani_garg,Sakurako's Box,WRONG_ANSWER,C++20 (GCC 13-64),1742367663
311363727,Quantum._.Quest,Longest Good Array,OK,C++17 (GCC 7-32),1742367654
311363483,suhani_garg,Sakurako's Box,WRONG_ANSWER,C++20 (GCC 13-64),1742367533
311363297,Khushisaini7284,Longest Good Array,OK,C++17 (GCC 7-32),1742367434
311363005,hanabiwomiteita,Sakurako's Exam,WRONG_ANSWER,C++17 (GCC 7-32),1742367270
311362935,suhani_garg,Sakurako's Box,WRONG_ANSWER,C++20 (GCC 13-64),1742367230
311361515,Khushisaini7284,Square or Not,OK,C++17 (GCC 7-32),1742366413
311360231,Khushisaini7284,Sakurako's Exam,OK,C++17 (GCC 7-32),1742365701
311358787,Shahrima,Square or Not,WRONG_ANSWER,"C++23 (GCC 14-64, msys2)",1742364849
311357993,Shahrima,Square or Not,WRONG_ANSWER,"C++23 (GCC 14-64, msys2)",1742364323
311357295,XeNAf_I,Sakurako's Box,OK,"C++23 (GCC 14-64, msys2)",1742363829
311357023,XeNAf_I,Sakurako's Box,WRONG_ANSWER,"C++23 (GCC 14-64, msys2)",1742363602
311356900,XeNAf_I,Sakurako's Box,WRONG_ANSWER,"C++23 (GCC 14-64, msys2)",1742363504
311356652,Gianamtong0502,Sakurako's Box,OK,C++17 (GCC 7-32),1742363297
311351626,ignacio_benq,Alternating String,OK,C++17 (GCC 7-32),1742359363
311351350,Gianamtong0502,Sakurako's Box,WRONG_ANSWER,C++17 (GCC 7-32),1742359137
311351156,Gianamtong0502,Sakurako's Box,WRONG_ANSWER,C++17 (GCC 7-32),1742358961
311347764,Parmar__3____,Sakurako's Exam,OK,"C++23 (GCC 14-64, msys2)",1742355671
311347661,Parmar__3____,Sakurako's Exam,WRONG_ANSWER,"C++23 (GCC 14-64, msys2)",1742355547
311346202,xy.man,Sakurako's Hobby,OK,C++20 (GCC 13-64),1742353997
311344289,LoganGD,Sakurako's Test,OK,C++17 (GCC 7-32),1742351807
311340994,vazquez7086,Sakurako's Hobby,OK,PyPy 3-64,1742347769
311340888,villagraandres00,Sakurako's Hobby,OK,"C++23 (GCC 14-64, msys2)",1742347642
311340849,villagraandres00,Sakurako's Hobby,OK,"C++23 (GCC 14-64, msys2)",1742347583
311340697,villagraandres00,Sakurako's Hobby,TIME_LIMIT_EXCEEDED,"C++23 (GCC 14-64, msys2)",1742347415
311340551,villagraandres00,Sakurako's Hobby,RUNTIME_ERROR,"C++23 (GCC 14-64, msys2)",1742347224
311340255,fgg123456,Sakurako's Hobby,OK,C++20 (GCC 13-64),1742346849
311335558,Henrique_Borges_Manzke,Longest Good Array,OK,C++17 (GCC 7-32),1742340057
311335399,shashwatanand021,Longest Good Array,OK,C++20 (GCC 13-64),1742339787
311331678,Abdullah-Nuces,Square or Not,OK,"C++23 (GCC 14-64, msys2)",1742335057
311331426,Abdullah-Nuces,Sakurako's Exam,OK,"C++23 (GCC 14-64, msys2)",1742334775
311331273,Abdullah-Nuces,Sakurako's Exam,WRONG_ANSWER,"C++23 (GCC 14-64, msys2)",1742334590
311325617,prashant_1609,Sakurako's Box,OK,C++17 (GCC 7-32),1742329487
311322670,asem4402,Sakurako's Hobby,OK,C++20 (GCC 13-64),1742327362
311321860,Noura_Zaghlol,Square or Not,OK,C++20 (GCC 13-64),1742326807
311321697,Noura_Zaghlol,Square or Not,OK,C++20 (GCC 13-64),1742326698
311321471,Noura_Zaghlol,Square or Not,WRONG_ANSWER,C++20 (GCC 13-64),1742326524
311321440,Noura_Zaghlol,Square or Not,WRONG_ANSWER,C++20 (GCC 13-64),1742326498
311320715,Noura_Zaghlol,Square or Not,WRONG_ANSWER,C++20 (GCC 13-64),1742326008
311320291,shahnawaz.ahmad,Sakurako's Box,OK,C++20 (GCC 13-64),1742325698
311320111,shahnawaz.ahmad,Sakurako's Box,WRONG_ANSWER,C++20 (GCC 13-64),1742325566
311319893,shahnawaz.ahmad,Sakurako's Box,WRONG_ANSWER,C++20 (GCC 13-64),1742325435
311318467,scOut,Sakurako's Hobby,OK,"C++23 (GCC 14-64, msys2)",1742324550
311315906,Mitrax_Soni,Longest Good Array,OK,C++17 (GCC 7-32),1742323094
311315651,Mitrax_Soni,Square or Not,OK,C++17 (GCC 7-32),1742322946
311314707,Mitrax_Soni,Sakurako's Exam,OK,C++17 (GCC 7-32),1742322411
311314525,CacheMe,Alternating String,OK,"C++23 (GCC 14-64, msys2)",1742322317
311314320,Sparky_,Sakurako's Box,OK,"C++23 (GCC 14-64, msys2)",1742322206
311310909,Khakse_Coder,Longest Good Array,OK,Python 3,1742320550
311309941,luksonaa,Sakurako's Exam,WRONG_ANSWER,C++17 (GCC 7-32),1742320095
311309558,geeekyfahad,Sakurako's Exam,WRONG_ANSWER,Python 3,1742319896
311309479,luksonaa,Sakurako's Exam,WRONG_ANSWER,C++17 (GCC 7-32),1742319861
311309396,luksonaa,Sakurako's Exam,WRONG_ANSWER,C++17 (GCC 7-32),1742319821
311309371,Goddless,Square or Not,WRONG_ANSWER,C++20 (GCC 13-64),1742319811
311309344,geeekyfahad,Sakurako's Exam,WRONG_ANSWER,Python 3,1742319797
311309080,Srijani_M,Longest Good Array,OK,Java 21,1742319676
311308973,Srijani_M,Longest Good Array,WRONG_ANSWER,Java 21,1742319623
311308402,geeekyfahad,Sakurako's Exam,OK,Python 3,1742319357
311308059,geeekyfahad,Sakurako's Exam,WRONG_ANSWER,Python 3,1742319213
311307716,geeekyfahad,Sakurako's Exam,WRONG_ANSWER,Python 3,1742319073
311307404,Srijani_M,Longest Good Array,WRONG_ANSWER,Java 21,1742318949
311307403,geeekyfahad,Sakurako's Exam,WRONG_ANSWER,Python 3,1742318949
311307263,geeekyfahad,Sakurako's Exam,WRONG_ANSWER,Python 3,1742318888
311306966,geeekyfahad,Sakurako's Exam,WRONG_ANSWER,Python 3,1742318765
311306883,geeekyfahad,Sakurako's Exam,COMPILATION_ERROR,Python 3,1742318733
311305970,Goddless,Sakurako's Exam,OK,C++20 (GCC 13-64),1742318324
311305534,Goddless,Sakurako's Exam,WRONG_ANSWER,C++20 (GCC 13-64),1742318120
311304845,Goddless,Sakurako's Exam,WRONG_ANSWER,C++20 (GCC 13-64),1742317808
311303157,Goddless,Sakurako's Exam,WRONG_ANSWER,C++20 (GCC 13-64),1742317083
311299797,geeekyfahad,Square or Not,OK,Python 3,1742315664
311299564,geeekyfahad,Square or Not,WRONG_ANSWER,Python 3,1742315571
311294230,txkien11binhthuan,Longest Good Array,OK,"C++23 (GCC 14-64, msys2)",1742313516
311293808,txkien11binhthuan,Longest Good Array,WRONG_ANSWER,"C++23 (GCC 14-64, msys2)",1742313368
311293603,txkien11binhthuan,Longest Good Array,COMPILATION_ERROR,"C++23 (GCC 14-64, msys2)",1742313290
311284671,Ramim2219,Sakurako's Hobby,OK,C++17 (GCC 7-32),1742310425
311283875,JiangShenLi,Sakurako's Task,OK,C++20 (GCC 13-64),1742310251
311283258,JiangShenLi,Sakurako's Task,WRONG_ANSWER,C++20 (GCC 13-64),1742310134
311282318,suhani_garg,Sakurako's Box,WRONG_ANSWER,C++20 (GCC 13-64),1742309836
311278595,Specter_,Alternating String,OK,"C++23 (GCC 14-64, msys2)",1742308493
311270895,cmd27,Sakurako's Box,OK,C++20 (GCC 13-64),1742305885
311270838,xsr18973021388,Sakurako's Exam,OK,C++17 (GCC 7-32),1742305867
311269752,xsr18973021388,Sakurako's Exam,WRONG_ANSWER,C++17 (GCC 7-32),1742305544
311268406,xsr18973021388,Sakurako's Exam,WRONG_ANSWER,C++17 (GCC 7-32),1742305161
311268036,xsr18973021388,Sakurako's Exam,WRONG_ANSWER,C++17 (GCC 7-32),1742305055
311267420,priya_04_18,Longest Good Array,OK,C++20 (GCC 13-64),1742304894
311263819,3017,Sakurako's Test,WRONG_ANSWER,C++17 (GCC 7-32),1742303847
311263643,3017,Sakurako's Test,TIME_LIMIT_EXCEEDED,C++17 (GCC 7-32),1742303786
311263122,3017,Sakurako's Test,TIME_LIMIT_EXCEEDED,C++17 (GCC 7-32),1742303582
311262834,3017,Sakurako's Test,TIME_LIMIT_EXCEEDED,C++17 (GCC 7-32),1742303451
311261455,3017,Sakurako's Test,TIME_LIMIT_EXCEEDED,C++17 (GCC 7-32),1742302915
311260862,Drakkon,Sakurako's Test,OK,C++20 (GCC 13-64),1742302669
311259727,Zaid,Longest Good Array,OK,C++20 (GCC 13-64),1742302228
311257695,baizhoublack,Square or Not,OK,"C++23 (GCC 14-64, msys2)",1742301432
311256804,Zaid,Square or Not,OK,C++20 (GCC 13-64),1742301042
311255440,aditya_chy,Sakurako's Exam,OK,C++17 (GCC 7-32),1742300466
311252618,Ali-Hadi787,Longest Good Array,OK,"C++23 (GCC 14-64, msys2)",1742299258
311252339,nan71n1,Longest Good Array,OK,C++17 (GCC 7-32),1742299165
311252322,Ali-Hadi787,Longest Good Array,OK,"C++23 (GCC 14-64, msys2)",1742299160
311250069,Yahya_Abdelmajeed.,Longest Good Array,OK,C++20 (GCC 13-64),1742298506
311248973,Yahya_Abdelmajeed.,Longest Good Array,WRONG_ANSWER,C++20 (GCC 13-64),1742298172
311247950,Adityaroy,Longest Good Array,OK,C++17 (GCC 7-32),1742297848
311243249,kotadiyameet173,Alternating String,OK,C++17 (GCC 7-32),1742296243
311231672,awwab,Sakurako's Exam,OK,"C++23 (GCC 14-64, msys2)",1742291787
311230437,Hello_Mansur,Sakurako's Exam,OK,C++17 (GCC 7-32),1742291303
311229575,Au_Gold,Sakurako's Task,OK,C++20 (GCC 13-64),1742290970
311229116,Hello_Mansur,Sakurako's Exam,WRONG_ANSWER,C++17 (GCC 7-32),1742290787
311229073,Au_Gold,Sakurako's Task,WRONG_ANSWER,C++20 (GCC 13-64),1742290769
311223626,Ning_Yu,Sakurako's Box,OK,C++20 (GCC 13-64),1742288621
311222898,Ning_Yu,Sakurako's Box,WRONG_ANSWER,C++20 (GCC 13-64),1742288343
311222659,Ning_Yu,Sakurako's Box,WRONG_ANSWER,C++20 (GCC 13-64),1742288247
311219062,ratul_islam,Square or Not,WRONG_ANSWER,C++20 (GCC 13-64),1742286670
311212888,3017,Sakurako's Test,TIME_LIMIT_EXCEEDED,C++17 (GCC 7-32),1742283985
311210596,Patta_gobhi_,Sakurako's Test,OK,C++17 (GCC 7-32),1742282861
311209959,Subhro2002,Sakurako's Task,OK,"C++23 (GCC 14-64, msys2)",1742282511
311207244,Blackwater,Sakurako's Task,OK,"C++23 (GCC 14-64, msys2)",1742280665
311206942,Blackwater,Sakurako's Task,WRONG_ANSWER,"C++23 (GCC 14-64, msys2)",1742280475
311206691,Patta_gobhi_,Sakurako's Test,TIME_LIMIT_EXCEEDED,C++17 (GCC 7-32),1742280302
311206142,Patta_gobhi_,Sakurako's Test,TIME_LIMIT_EXCEEDED,C++17 (GCC 7-32),1742279950
311203793,ryuuko_,Sakurako's Task,OK,C++20 (GCC 13-64),1742278201
311203750,ryuuko_,Sakurako's Task,WRONG_ANSWER,C++20 (GCC 13-64),1742278166
311203675,ryuuko_,Sakurako's Task,WRONG_ANSWER,C++20 (GCC 13-64),1742278113
311203543,ryuuko_,Sakurako's Task,WRONG_ANSWER,C++20 (GCC 13-64),1742278013
311203450,Radiohead___,Sakurako's Box,OK,"C++23 (GCC 14-64, msys2)",1742277937
311202864,Radiohead___,Sakurako's Box,OK,"C++23 (GCC 14-64, msys2)",1742277476
311202803,Radiohead___,Sakurako's Box,WRONG_ANSWER,"C++23 (GCC 14-64, msys2)",1742277424
311199936,gialam,Sakurako's Exam,WRONG_ANSWER,C++20 (GCC 13-64),1742274681
311199829,gialam,Sakurako's Exam,WRONG_ANSWER,C++20 (GCC 13-64),1742274593
311199530,gialam,Sakurako's Exam,WRONG_ANSWER,C++17 (GCC 7-32),1742274352
311199334,gialam,Sakurako's Exam,WRONG_ANSWER,C++17 (GCC 7-32),1742274215
311198889,gialam,Sakurako's Exam,WRONG_ANSWER,C++17 (GCC 7-32),1742273857
311197566,PNav,Alternating String,OK,C++17 (GCC 7-32),1742272742
311196803,villagraandres00,Sakurako's Hobby,MEMORY_LIMIT_EXCEEDED,"C++23 (GCC 14-64, msys2)",1742271991
311196588,RNG_Abhi,Sakurako's Hobby,OK,C++17 (GCC 7-32),1742271794
311195132,xy.man,Sakurako's Hobby,OK,C++20 (GCC 13-64),1742270410
311193697,Zoz,Sakurako's Hobby,OK,C++20 (GCC 13-64),1742269000
311193133,ntkkdl,Longest Good Array,OK,Python 3,1742268437
311191696,Isd619,Sakurako's Hobby,OK,C++17 (GCC 7-32),1742266966
311191498,villagraandres00,Longest Good Array,OK,"C++23 (GCC 14-64, msys2)",1742266757
311190261,Isd619,Longest Good Array,OK,C++17 (GCC 7-32),1742265513
311188384,GAME_LORD,Sakurako's Exam,OK,C++17 (GCC 7-32),1742263538
311188307,GAME_LORD,Sakurako's Box,OK,C++17 (GCC 7-32),1742263458
311188255,GAME_LORD,Alternating String,OK,C++17 (GCC 7-32),1742263411
311179284,Soham_ju25,Alternating String,OK,"C++23 (GCC 14-64, msys2)",1742251646
311177816,Subhro2002,Sakurako's Task,WRONG_ANSWER,"C++23 (GCC 14-64, msys2)",1742249825
311177322,Subhro2002,Sakurako's Task,WRONG_ANSWER,"C++23 (GCC 14-64, msys2)",1742249243
311171468,Drakkon,Sakurako's Test,OK,"C++23 (GCC 14-64, msys2)",1742244279
311171416,Drakkon,Sakurako's Test,WRONG_ANSWER,"C++23 (GCC 14-64, msys2)",1742244234
311167954,yafpractice,Sakurako's Box,WRONG_ANSWER,"C++23 (GCC 14-64, msys2)",1742241980
311167841,yafpractice,Sakurako's Box,OK,"C++23 (GCC 14-64, msys2)",1742241922
311167815,yafpractice,Sakurako's Box,WRONG_ANSWER,"C++23 (GCC 14-64, msys2)",1742241907
311167711,yafpractice,Sakurako's Box,WRONG_ANSWER,"C++23 (GCC 14-64, msys2)",1742241836
311167619,yafpractice,Sakurako's Box,WRONG_ANSWER,"C++23 (GCC 14-64, msys2)",1742241783
311167540,yafpractice,Sakurako's Box,WRONG_ANSWER,"C++23 (GCC 14-64, msys2)",1742241744
311167350,yafpractice,Sakurako's Box,OK,"C++23 (GCC 14-64, msys2)",1742241643
311167111,yafpractice,Sakurako's Box,WRONG_ANSWER,"C++23 (GCC 14-64, msys2)",1742241492
311167034,yafpractice,Sakurako's Box,WRONG_ANSWER,"C++23 (GCC 14-64, msys2)",1742241441
311166849,yafpractice,Sakurako's Box,WRONG_ANSWER,C++20 (GCC 13-64),1742241338
311158657,Theoriser,Sakurako's Hobby,OK,"C++23 (GCC 14-64, msys2)",1742236307
311158557,zeyadsenpai,Sakurako's Exam,OK,"C++23 (GCC 14-64, msys2)",1742236243
311157669,zeyadsenpai,Sakurako's Exam,WRONG_ANSWER,"C++23 (GCC 14-64, msys2)",1742235784
311157646,vibranium_26,Sakurako's Exam,OK,C++20 (GCC 13-64),1742235772
311157051,rishabh2763,Sakurako's Exam,OK,C++17 (GCC 7-32),1742235484
311156698,ujjawal378,Alternating String,OK,C++17 (GCC 7-32),1742235297
311153716,vibranium_26,Longest Good Array,OK,C++20 (GCC 13-64),1742233910
311152704,abubakar119147,Sakurako's Exam,OK,C++17 (GCC 7-32),1742233455
311151060,ScorpioDaggar,Sakurako's Exam,OK,C++20 (GCC 13-64),1742232711
311150383,shivja,Sakurako's Hobby,OK,C++20 (GCC 13-64),1742232441
311144625,TanbirHasan01,Alternating String,TIME_LIMIT_EXCEEDED,"C++23 (GCC 14-64, msys2)",1742230513
311144044,TanbirHasan01,Alternating String,OK,"C++23 (GCC 14-64, msys2)",1742230360
311142123,ntkkdl,Sakurako's Exam,WRONG_ANSWER,C++17 (GCC 7-32),1742229888
311128519,tushar_raghav,Sakurako's Exam,OK,C++17 (GCC 7-32),1742228357
311118659,tushar_raghav,Sakurako's Exam,WRONG_ANSWER,C++17 (GCC 7-32),1742227485
311106335,tushar_raghav,Sakurako's Exam,WRONG_ANSWER,C++17 (GCC 7-32),1742226489
311104638,tushar_raghav,Sakurako's Exam,COMPILATION_ERROR,C++17 (GCC 7-32),1742226355
311103825,tushar_raghav,Sakurako's Exam,COMPILATION_ERROR,C++17 (GCC 7-32),1742226293
311102507,tushar_raghav,Sakurako's Exam,WRONG_ANSWER,C++17 (GCC 7-32),1742226195
311093464,chicken_dev,Sakurako's Exam,OK,"C++23 (GCC 14-64, msys2)",1742225533
311081708,Lakshmi_14,Longest Good Array,OK,Python 3,1742224674
311079691,Mrs.Bee,Sakurako's Exam,OK,C++17 (GCC 7-32),1742224541
311078457,chicken_dev,Sakurako's Exam,WRONG_ANSWER,"C++23 (GCC 14-64, msys2)",1742224462
311075731,chicken_dev,Sakurako's Exam,WRONG_ANSWER,"C++23 (GCC 14-64, msys2)",1742224285
311069624,ryuuko_,Sakurako's Task,OK,C++20 (GCC 13-64),1742223901
311041965,PeteMitchell7,Sakurako's Hobby,OK,"C++23 (GCC 14-64, msys2)",1742222349
311040795,PeteMitchell7,Sakurako's Hobby,TIME_LIMIT_EXCEEDED,"C++23 (GCC 14-64, msys2)",1742222273
311038302,ryuuko_,Sakurako's Task,WRONG_ANSWER,C++20 (GCC 13-64),1742221242
311037757,Naimul_karim,Longest Good Array,OK,C++20 (GCC 13-64),1742220995
311036276,ryuuko_,Sakurako's Task,WRONG_ANSWER,C++20 (GCC 13-64),1742220253
311036079,Arindom_Niloy,Square or Not,OK,C++20 (GCC 13-64),1742220144
311036032,ryuuko_,Sakurako's Task,WRONG_ANSWER,C++20 (GCC 13-64),1742220121
311035871,ryuuko_,Sakurako's Task,WRONG_ANSWER,C++20 (GCC 13-64),1742220047
311035414,ryuuko_,Sakurako's Task,WRONG_ANSWER,C++20 (GCC 13-64),1742219806
311035108,ryuuko_,Sakurako's Task,OK,C++20 (GCC 13-64),1742219654
311034998,Arjit_Khare,Sakurako's Box,OK,C++17 (GCC 7-32),1742219602
311034769,ryuuko_,Sakurako's Task,WRONG_ANSWER,C++20 (GCC 13-64),1742219498
311034501,prac_till_pert,Alternating String,MEMORY_LIMIT_EXCEEDED,Java 21,1742219367
311033080,sajjad.617,Square or Not,OK,C++17 (GCC 7-32),1742218705
311032446,MinasTT,Square or Not,OK,C++17 (GCC 7-32),1742218413
311027344,ryuuko_,Alternating String,OK,C++20 (GCC 13-64),1742216100
311025379,MeteorYe,Sakurako's Test,OK,"C++23 (GCC 14-64, msys2)",1742215182
311023540,Cherry_blossom_,Sakurako's Hobby,TIME_LIMIT_EXCEEDED,"C++23 (GCC 14-64, msys2)",1742214265
311022907,Cherry_blossom_,Sakurako's Hobby,TIME_LIMIT_EXCEEDED,"C++23 (GCC 14-64, msys2)",1742213969
311022543,MeteorYe,Sakurako's Test,TIME_LIMIT_EXCEEDED,"C++23 (GCC 14-64, msys2)",1742213785
311022365,MeteorYe,Sakurako's Test,TIME_LIMIT_EXCEEDED,"C++23 (GCC 14-64, msys2)",1742213695
311021789,ryuuko_,Sakurako's Hobby,OK,C++20 (GCC 13-64),1742213429
311020197,Cherry_blossom_,Sakurako's Hobby,RUNTIME_ERROR,"C++23 (GCC 14-64, msys2)",1742212696
311019686,takeonicky,Sakurako's Box,OK,C++20 (GCC 13-64),1742212454
311018970,APIfizzz,Square or Not,OK,Java 21,1742212127
311018746,sajjad.617,Sakurako's Exam,OK,C++17 (GCC 7-32),1742212017
311018520,ryuuko_,Longest Good Array,OK,C++20 (GCC 13-64),1742211908
311018227,ryuuko_,Longest Good Array,WRONG_ANSWER,C++20 (GCC 13-64),1742211762
311018050,pp031608,Sakurako's Exam,OK,C++17 (GCC 7-32),1742211686
311017996,bkifhr10,Sakurako's Exam,OK,C++17 (GCC 7-32),1742211664
311017558,ja-twe,Sakurako's Hobby,OK,C++20 (GCC 13-64),1742211447
311016958,bkifhr8,Sakurako's Exam,WRONG_ANSWER,C++17 (GCC 7-32),1742211142
311016852,ryuuko_,Square or Not,OK,C++20 (GCC 13-64),1742211094
311015335,ryuuko_,Sakurako's Exam,OK,C++20 (GCC 13-64),1742210324
311015284,Tushar_W,Sakurako's Hobby,OK,C++20 (GCC 13-64),1742210299
311014383,EfeG,Sakurako's Task,OK,C++17 (GCC 7-32),1742209820
311012362,APIfizzz,Sakurako's Exam,OK,Java 21,1742208734
311009061,trupthimantri,Longest Good Array,OK,PyPy 3-64,1742206757
311008024,trupthimantri,Longest Good Array,WRONG_ANSWER,PyPy 3-64,1742206125
311007587,trupthimantri,Longest Good Array,WRONG_ANSWER,PyPy 3-64,1742205850
311004611,Nithya1210,Longest Good Array,OK,PyPy 3-64,1742204005
311004603,NotTogawaButSakiko,Sakurako's Box,OK,C++17 (GCC 7-32),1742203997
311004570,NotTogawaButSakiko,Sakurako's Box,COMPILATION_ERROR,GNU C11,1742203979
311003511,itisdevansh,Sakurako's Task,OK,C++20 (GCC 13-64),1742203371
310997654,aibarsnurr__,Square or Not,OK,C++20 (GCC 13-64),1742200280
310997230,aibarsnurr__,Square or Not,WRONG_ANSWER,C++20 (GCC 13-64),1742200063
310996250,VarZ,Longest Good Array,OK,"C++23 (GCC 14-64, msys2)",1742199513
310995522,VarZ,Longest Good Array,WRONG_ANSWER,"C++23 (GCC 14-64, msys2)",1742199105
310989693,Ansh_Gupta_IIITB,Alternating String,OK,C++17 (GCC 7-32),1742195534
310989535,aryan2406,Longest Good Array,OK,"C++23 (GCC 14-64, msys2)",1742195438
310989008,aryan2406,Longest Good Array,WRONG_ANSWER,"C++23 (GCC 14-64, msys2)",1742195100
310986771,Dasankon,Longest Good Array,OK,C++17 (GCC 7-32),1742193733
310983688,23wh1a1247,Longest Good Array,OK,Java 8,1742191729
310983616,23wh1a1247,Longest Good Array,WRONG_ANSWER,Java 8,1742191678
310977510,Wise_Wizard,Sakurako's Box,OK,C++20 (GCC 13-64),1742187070
310977210,mathematicianlittle,Longest Good Array,OK,GNU C11,1742186829
310977100,mathematicianlittle,Longest Good Array,WRONG_ANSWER,GNU C11,1742186749
310969384,429d51579a491c57,Longest Good Array,OK,PyPy 3-64,1742178798
310968871,429d51579a491c57,Square or Not,OK,PyPy 3-64,1742178204
310968405,429d51579a491c57,Sakurako's Exam,OK,PyPy 3-64,1742177626
310968018,AlifSrSE,Sakurako's Test,TIME_LIMIT_EXCEEDED,Python 3,1742177052
310967169,villagraandres00,Sakurako's Exam,WRONG_ANSWER,"C++23 (GCC 14-64, msys2)",1742175895
310966882,villagraandres00,Sakurako's Exam,WRONG_ANSWER,"C++23 (GCC 14-64, msys2)",1742175532
310962732,haruomi_chan,Sakurako's Test,OK,C++17 (GCC 7-32),1742169793
310962619,haruomi_chan,Sakurako's Test,TIME_LIMIT_EXCEEDED,C++17 (GCC 7-32),1742169643
310962496,haruomi_chan,Sakurako's Test,TIME_LIMIT_EXCEEDED,C++17 (GCC 7-32),1742169482
310962428,haruomi_chan,Sakurako's Test,TIME_LIMIT_EXCEEDED,C++17 (GCC 7-32),1742169407
310962296,haruomi_chan,Sakurako's Test,TIME_LIMIT_EXCEEDED,C++17 (GCC 7-32),1742169258
310960011,haruomi_chan,Sakurako's Task,OK,C++17 (GCC 7-32),1742166212
310959883,haruomi_chan,Sakurako's Task,WRONG_ANSWER,C++17 (GCC 7-32),1742166052
310959152,haruomi_chan,Sakurako's Box,OK,C++17 (GCC 7-32),1742165149
310958037,haruomi_chan,Alternating String,OK,C++17 (GCC 7-32),1742163894
310957801,haruomi_chan,Alternating String,WRONG_ANSWER,C++17 (GCC 7-32),1742163607
310956197,TamimBhai,Longest Good Array,OK,C++17 (GCC 7-32),1742161986
310952233,TamimBhai,Square or Not,OK,C++17 (GCC 7-32),1742158986
310951682,goodluck_2077,Square or Not,WRONG_ANSWER,C++17 (GCC 7-32),1742158591
310951471,mayank94,Square or Not,WRONG_ANSWER,C++17 (GCC 7-32),1742158440
310950279,TamimBhai,Sakurako's Exam,OK,C++17 (GCC 7-32),1742157653
310944109,Pratham18,Sakurako's Hobby,OK,C++20 (GCC 13-64),1742153596
310941590,pranabmishra2602,Sakurako's Hobby,OK,C++17 (GCC 7-32),1742152001
310935185,Ahmad-Al-Ateek,Sakurako's Box,OK,C++17 (GCC 7-32),1742148191
310934376,Ahmad-Al-Ateek,Sakurako's Box,WRONG_ANSWER,C++17 (GCC 7-32),1742147783
310934282,fojlerabbi2829,Square or Not,OK,"C++23 (GCC 14-64, msys2)",1742147736
310933997,Ahmad-Al-Ateek,Sakurako's Box,WRONG_ANSWER,C++17 (GCC 7-32),1742147606
310933369,Ahmad-Al-Ateek,Sakurako's Box,WRONG_ANSWER,C++17 (GCC 7-32),1742147323
310933009,Ahmad-Al-Ateek,Sakurako's Box,WRONG_ANSWER,C++17 (GCC 7-32),1742147162
310932956,fojlerabbi2829,Longest Good Array,OK,"C++23 (GCC 14-64, msys2)",1742147136
310931071,AlifSrSE,Sakurako's Test,TIME_LIMIT_EXCEEDED,Python 3,1742146273
310930483,AlifSrSE,Sakurako's Test,TIME_LIMIT_EXCEEDED,Python 3,1742146006
310928303,MeteorYe,Sakurako's Task,OK,"C++23 (GCC 14-64, msys2)",1742145035
310928222,Nainika_V,Longest Good Array,OK,C++20 (GCC 13-64),1742145001
310927701,Nainika_V,Longest Good Array,WRONG_ANSWER,C++20 (GCC 13-64),1742144760
310927523,Chmel_Tolstiy,Sakurako's Test,OK,C++20 (GCC 13-64),1742144687
310927203,MeteorYe,Sakurako's Task,WRONG_ANSWER,"C++23 (GCC 14-64, msys2)",1742144525
310927106,MeteorYe,Sakurako's Task,WRONG_ANSWER,"C++23 (GCC 14-64, msys2)",1742144482
310925837,AlifSrSE,Sakurako's Test,TIME_LIMIT_EXCEEDED,Python 3,1742143867
310925590,AlifSrSE,Sakurako's Test,WRONG_ANSWER,Python 3,1742143742
310924959,Chmel_Tolstiy,Sakurako's Task,OK,Python 3,1742143413
310924938,AlifSrSE,Sakurako's Test,TIME_LIMIT_EXCEEDED,Python 3,1742143402
310924404,AlifSrSE,Sakurako's Task,OK,Python 3,1742143120
310924381,Chmel_Tolstiy,Sakurako's Task,WRONG_ANSWER,Python 3,1742143108
310924375,AlifSrSE,Alternating String,OK,Python 3,1742143105
310924338,AlifSrSE,Sakurako's Box,OK,Python 3,1742143088
310924296,AlifSrSE,Alternating String,TIME_LIMIT_EXCEEDED,Python 3,1742143066
310924249,AlifSrSE,Sakurako's Hobby,OK,Python 3,1742143039
310924211,AlifSrSE,Longest Good Array,OK,Python 3,1742143021
310924167,AlifSrSE,Square or Not,OK,Python 3,1742143005
310924140,geeekyfahad,Square or Not,WRONG_ANSWER,Python 3,1742142993
310924126,AlifSrSE,Sakurako's Exam,OK,Python 3,1742142981
310921666,geeekyfahad,Square or Not,WRONG_ANSWER,Python 3,1742142321
310921616,Pardhiv_123,Sakurako's Exam,OK,"C++23 (GCC 14-64, msys2)",1742142293
310921512,Chmel_Tolstiy,Sakurako's Box,OK,Python 3,1742142232
310921503,Pardhiv_123,Sakurako's Exam,WRONG_ANSWER,"C++23 (GCC 14-64, msys2)",1742142228
310921079,Pardhiv_123,Sakurako's Exam,WRONG_ANSWER,"C++23 (GCC 14-64, msys2)",1742141992
310918103,MeteorYe,Sakurako's Box,OK,"C++23 (GCC 14-64, msys2)",1742140370
310917820,ssvvsvs,Square or Not,OK,Python 3,1742140219
310917285,MeteorYe,Sakurako's Box,WRONG_ANSWER,"C++23 (GCC 14-64, msys2)",1742139953
310916772,Nadim249,Square or Not,WRONG_ANSWER,C++20 (GCC 13-64),1742139691
310912747,-RIFAT-,Sakurako's Box,OK,"C++23 (GCC 14-64, msys2)",1742137727
310912280,-RIFAT-,Sakurako's Box,WRONG_ANSWER,"C++23 (GCC 14-64, msys2)",1742137506
310911957,kenpegrasia,Alternating String,OK,C++17 (GCC 7-32),1742137341
310911854,-RIFAT-,Sakurako's Box,WRONG_ANSWER,"C++23 (GCC 14-64, msys2)",1742137293
310911727,-RIFAT-,Sakurako's Box,WRONG_ANSWER,"C++23 (GCC 14-64, msys2)",1742137235
310911579,Arifu01,Alternating String,OK,C++17 (GCC 7-32),1742137158
310910524,-RIFAT-,Sakurako's Box,WRONG_ANSWER,"C++23 (GCC 14-64, msys2)",1742136659
310910332,-RIFAT-,Sakurako's Box,WRONG_ANSWER,"C++23 (GCC 14-64, msys2)",1742136565
310910066,-RIFAT-,Sakurako's Box,WRONG_ANSWER,"C++23 (GCC 14-64, msys2)",1742136445
310909921,-RIFAT-,Sakurako's Box,WRONG_ANSWER,"C++23 (GCC 14-64, msys2)",1742136382
310909781,-RIFAT-,Sakurako's Box,WRONG_ANSWER,"C++23 (GCC 14-64, msys2)",1742136320
310905132,VanLam,Sakurako's Box,OK,"C++23 (GCC 14-64, msys2)",1742134096
310905007,VanLam,Sakurako's Box,COMPILATION_ERROR,"C++23 (GCC 14-64, msys2)",1742134038
310904871,VanLam,Sakurako's Box,WRONG_ANSWER,"C++23 (GCC 14-64, msys2)",1742133980
310904795,VanLam,Sakurako's Box,WRONG_ANSWER,"C++23 (GCC 14-64, msys2)",1742133943
310904586,jesusarmando121,Sakurako's Hobby,OK,C++17 (GCC 7-32),1742133849
310904544,VanLam,Sakurako's Box,WRONG_ANSWER,"C++23 (GCC 14-64, msys2)",1742133830
310902855,pp031608,Alternating String,TIME_LIMIT_EXCEEDED,PyPy 3-64,1742133017
310902251,Niloy110_RU,Sakurako's Exam,OK,C++17 (GCC 7-32),1742132747
310900371,Cowtard,Longest Good Array,OK,Python 3,1742131860
310899759,Cowtard,Longest Good Array,WRONG_ANSWER,Python 3,1742131574
310899559,Niloy110_RU,Sakurako's Exam,WRONG_ANSWER,C++17 (GCC 7-32),1742131479
310899113,Niloy110_RU,Sakurako's Exam,WRONG_ANSWER,C++17 (GCC 7-32),1742131273
310894847,Potato_chips_hh,Alternating String,OK,C++20 (GCC 13-64),1742129129
310894342,Cowtard,Longest Good Array,TIME_LIMIT_EXCEEDED,Python 3,1742128878
310894213,PremBhugraIITD,Sakurako's Box,OK,C++20 (GCC 13-64),1742128811
310894173,PremBhugraIITD,Sakurako's Box,WRONG_ANSWER,C++20 (GCC 13-64),1742128791
310894013,PremBhugraIITD,Sakurako's Box,OK,C++20 (GCC 13-64),1742128703
310893947,PremBhugraIITD,Sakurako's Box,WRONG_ANSWER,C++20 (GCC 13-64),1742128663
310893858,PremBhugraIITD,Sakurako's Box,WRONG_ANSWER,C++20 (GCC 13-64),1742128611
310893596,PremBhugraIITD,Sakurako's Box,WRONG_ANSWER,C++20 (GCC 13-64),1742128473
310892866,Cowtard,Longest Good Array,TIME_LIMIT_EXCEEDED,Python 3,1742128110
310892788,Potato_chips_hh,Alternating String,TIME_LIMIT_EXCEEDED,C++20 (GCC 13-64),1742128071
310889191,PremBhugraIITD,Sakurako's Box,WRONG_ANSWER,C++20 (GCC 13-64),1742126139
310888777,DawnFall119,Square or Not,OK,C++20 (GCC 13-64),1742125928
310886046,po_rag526,Sakurako's Exam,OK,C++20 (GCC 13-64),1742124556
310885808,KaSo06,Sakurako's Box,OK,"C++23 (GCC 14-64, msys2)",1742124443
310885293,KaSo06,Sakurako's Box,WRONG_ANSWER,"C++23 (GCC 14-64, msys2)",1742124196
310885127,KaSo06,Sakurako's Box,WRONG_ANSWER,"C++23 (GCC 14-64, msys2)",1742124112
310884337,lesunhan2022,Sakurako's Task,OK,C++20 (GCC 13-64),1742123716
310884325,Codernikkk,Longest Good Array,OK,C++20 (GCC 13-64),1742123709
310884319,EndMyMisery,Alternating String,OK,"C++23 (GCC 14-64, msys2)",1742123708
310884214,KaSo06,Sakurako's Box,WRONG_ANSWER,"C++23 (GCC 14-64, msys2)",1742123656
310884136,KaSo06,Sakurako's Box,WRONG_ANSWER,"C++23 (GCC 14-64, msys2)",1742123612
310884013,KaSo06,Sakurako's Box,WRONG_ANSWER,"C++23 (GCC 14-64, msys2)",1742123542
310883188,KaSo06,Sakurako's Box,WRONG_ANSWER,"C++23 (GCC 14-64, msys2)",1742123101
310882952,KaSo06,Sakurako's Box,WRONG_ANSWER,"C++23 (GCC 14-64, msys2)",1742122978
310882801,PremBhugraIITD,Sakurako's Box,OK,C++20 (GCC 13-64),1742122884
310880099,ZUHAYER_,Sakurako's Box,OK,C++17 (GCC 7-32),1742121571
310879643,KaSo06,Sakurako's Hobby,OK,"C++23 (GCC 14-64, msys2)",1742121367
310879614,harshithareddya,Longest Good Array,WRONG_ANSWER,Java 8,1742121355
310879257,KaSo06,Sakurako's Hobby,WRONG_ANSWER,"C++23 (GCC 14-64, msys2)",1742121173
310878086,nirant426,Alternating String,COMPILATION_ERROR,C++17 (GCC 7-32),1742120650
310877469,KaSo06,Longest Good Array,OK,"C++23 (GCC 14-64, msys2)",1742120373
310875559,KaSo06,Square or Not,OK,"C++23 (GCC 14-64, msys2)",1742119994
310875166,lcb2022022,Sakurako's Task,TIME_LIMIT_EXCEEDED,C++17 (GCC 7-32),1742119845
310875050,not_suprised__,Sakurako's Box,OK,"C++23 (GCC 14-64, msys2)",1742119798
310875009,KaSo06,Square or Not,WRONG_ANSWER,"C++23 (GCC 14-64, msys2)",1742119783
310874898,not_suprised__,Sakurako's Box,OK,"C++23 (GCC 14-64, msys2)",1742119736
310874458,KaSo06,Square or Not,WRONG_ANSWER,"C++23 (GCC 14-64, msys2)",1742119545
310873861,KaSo06,Sakurako's Exam,OK,"C++23 (GCC 14-64, msys2)",1742119308
310873455,2024040215,Longest Good Array,WRONG_ANSWER,C++20 (GCC 13-64),1742119137
310873283,2024040215,Longest Good Array,WRONG_ANSWER,C++20 (GCC 13-64),1742119061
310873168,HuangQitai,Sakurako's Exam,OK,"C++23 (GCC 14-64, msys2)",1742119013
310869990,shanu.bhadouriya,Sakurako's Task,OK,C++20 (GCC 13-64),1742117783
310864749,lgzbgz,Sakurako's Exam,OK,C++17 (GCC 7-32),1742115583
310863337,nguyenlinhchau,Longest Good Array,OK,PyPy 3-64,1742114974
310863003,lgzbgz,Sakurako's Exam,WRONG_ANSWER,C++17 (GCC 7-32),1742114842
310861781,phanbadaiphuc69,Sakurako's Exam,OK,"C++23 (GCC 14-64, msys2)",1742114361
310860747,J_SURYA,Longest Good Array,OK,C++17 (GCC 7-32),1742113945
310859550,nguyenlinhchau,Longest Good Array,TIME_LIMIT_EXCEEDED,PyPy 3-64,1742113484
310859182,dhrubodas066,Square or Not,OK,C++17 (GCC 7-32),1742113336
310858390,ER3N_Yager,Alternating String,OK,C++17 (GCC 7-32),1742112999
310857351,bkifhr6,Square or Not,OK,C++17 (GCC 7-32),1742112538
310857261,Dhrubo_CIPHER,Square or Not,OK,C++17 (GCC 7-32),1742112502
310857052,nguyenlinhchau,Longest Good Array,RUNTIME_ERROR,PyPy 3-64,1742112421
310856742,haruomi_chan,Sakurako's Hobby,OK,C++17 (GCC 7-32),1742112297
310853333,haruomi_chan,Longest Good Array,OK,C++17 (GCC 7-32),1742111903
310851265,3.14,Alternating String,OK,C++17 (GCC 7-32),1742110965
310844988,ER3N_Yager,Alternating String,WRONG_ANSWER,C++17 (GCC 7-32),1742108073
310844883,AlifSrSE,Sakurako's Test,TIME_LIMIT_EXCEEDED,Python 3,1742108018
310844296,AlifSrSE,Sakurako's Task,OK,Python 3,1742107756
310843899,ER3N_Yager,Alternating String,WRONG_ANSWER,C++17 (GCC 7-32),1742107582
310843777,AlifSrSE,Alternating String,OK,Python 3,1742107528
310843432,ER3N_Yager,Alternating String,WRONG_ANSWER,C++17 (GCC 7-32),1742107376
310843383,AlifSrSE,Alternating String,TIME_LIMIT_EXCEEDED,Python 3,1742107351
310842278,AlifSrSE,Sakurako's Box,OK,Python 3,1742106879
310841771,AlifSrSE,Sakurako's Hobby,OK,Python 3,1742106646
310841738,AlifSrSE,Longest Good Array,OK,Python 3,1742106632
310841718,AlifSrSE,Square or Not,OK,Python 3,1742106620
310841690,AlifSrSE,Sakurako's Exam,OK,Python 3,1742106609
310840635,23wh1a1286navya,Longest Good Array,OK,Python 3,1742106086
310840288,23wh1a1286navya,Longest Good Array,TIME_LIMIT_EXCEEDED,Python 3,1742105923
310839943,23wh1a1286navya,Longest Good Array,WRONG_ANSWER,Python 3,1742105764
310839826,23wh1a1286navya,Longest Good Array,WRONG_ANSWER,Python 3,1742105718
310839654,K_alpha-genZ,Square or Not,WRONG_ANSWER,PyPy 3-64,1742105629
310839569,23wh1a1286navya,Longest Good Array,WRONG_ANSWER,Python 3,1742105591
310838461,23wh1a1286navya,Longest Good Array,TIME_LIMIT_EXCEEDED,Python 3,1742105067
310838337,sathvvicksf,Alternating String,OK,C++17 (GCC 7-32),1742105009
310837742,sathvvicksf,Alternating String,WRONG_ANSWER,GNU C11,1742104715
310837575,sathvvicksf,Alternating String,WRONG_ANSWER,C++17 (GCC 7-32),1742104631
310837450,sathvvicksf,Alternating String,WRONG_ANSWER,C++17 (GCC 7-32),1742104566
310837140,sathvvicksf,Alternating String,WRONG_ANSWER,C++17 (GCC 7-32),1742104407
310835487,Absaruddin,Longest Good Array,OK,C++17 (GCC 7-32),1742103520
310834407,Absaruddin,Longest Good Array,TIME_LIMIT_EXCEEDED,C++17 (GCC 7-32),1742102873
310832867,hauyaun6,Sakurako's Hobby,OK,C++20 (GCC 13-64),1742101920
310832238,Dhrubo_CIPHER,Square or Not,WRONG_ANSWER,C++17 (GCC 7-32),1742101498
310832194,Dhrubo_CIPHER,Square or Not,WRONG_ANSWER,C++17 (GCC 7-32),1742101464
310832147,Dhrubo_CIPHER,Square or Not,WRONG_ANSWER,C++17 (GCC 7-32),1742101427
310826141,__CarPeDieM__,Longest Good Array,OK,C++17 (GCC 7-32),1742095727
310825644,danimania,Longest Good Array,OK,C++17 (GCC 7-32),1742095229
310821674,odairclamel,Sakurako's Exam,OK,C++17 (GCC 7-32),1742090683
310808042,Barakat.,Sakurako's Task,OK,C++20 (GCC 13-64),1742081133
310808024,Barakat.,Sakurako's Task,WRONG_ANSWER,C++20 (GCC 13-64),1742081105
310807984,Barakat.,Sakurako's Task,WRONG_ANSWER,C++20 (GCC 13-64),1742081046
310807943,Barakat.,Sakurako's Task,COMPILATION_ERROR,C++20 (GCC 13-64),1742081008
310807845,Barakat.,Sakurako's Task,WRONG_ANSWER,C++20 (GCC 13-64),1742080895
310807594,Barakat.,Sakurako's Task,WRONG_ANSWER,C++20 (GCC 13-64),1742080605
310807446,Barakat.,Sakurako's Task,WRONG_ANSWER,C++20 (GCC 13-64),1742080432
310807118,Barakat.,Sakurako's Task,WRONG_ANSWER,C++20 (GCC 13-64),1742080076
310807062,Barakat.,Sakurako's Task,WRONG_ANSWER,C++20 (GCC 13-64),1742080007
310800701,Zesanul_Islam,Alternating String,OK,C++20 (GCC 13-64),1742074633
310798353,Neazi,Square or Not,WRONG_ANSWER,C++17 (GCC 7-32),1742073017
310795201,asd7766zxc,Sakurako's Box,OK,"C++23 (GCC 14-64, msys2)",1742070878
310794834,RimRhymer08,Alternating String,OK,"C++23 (GCC 14-64, msys2)",1742070630
310793734,RimRhymer08,Alternating String,WRONG_ANSWER,"C++23 (GCC 14-64, msys2)",1742069962
310793121,RimRhymer08,Alternating String,WRONG_ANSWER,"C++23 (GCC 14-64, msys2)",1742069602
310793114,_Imran_,Alternating String,OK,C++17 (GCC 7-32),1742069598
310788598,__TenZzz__,Longest Good Array,OK,C++20 (GCC 13-64),1742067011
310783356,e1196.,Sakurako's Test,TIME_LIMIT_EXCEEDED,"C++23 (GCC 14-64, msys2)",1742064155
310783354,tho1349.,Sakurako's Test,WRONG_ANSWER,"C++23 (GCC 14-64, msys2)",1742064152
310783303,sny877.,Sakurako's Test,WRONG_ANSWER,"C++23 (GCC 14-64, msys2)",1742064128
310783213,pm1504.,Sakurako's Test,TIME_LIMIT_EXCEEDED,"C++23 (GCC 14-64, msys2)",1742064080
310783140,542.,Sakurako's Task,WRONG_ANSWER,"C++23 (GCC 14-64, msys2)",1742064043
310783062,m1462.,Sakurako's Task,WRONG_ANSWER,"C++23 (GCC 14-64, msys2)",1742064007
310783003,vic633.,Sakurako's Task,WRONG_ANSWER,"C++23 (GCC 14-64, msys2)",1742063972
310782992,ant887.,Sakurako's Box,OK,"C++23 (GCC 14-64, msys2)",1742063962
310782959,f976.,Sakurako's Task,WRONG_ANSWER,"C++23 (GCC 14-64, msys2)",1742063941
310782897,and191.,Alternating String,OK,"C++23 (GCC 14-64, msys2)",1742063906
310782818,m187.,Alternating String,WRONG_ANSWER,"C++23 (GCC 14-64, msys2)",1742063860
310782587,pere170.,Alternating String,COMPILATION_ERROR,"C++23 (GCC 14-64, msys2)",1742063745
310782430,vt1583.,Alternating String,OK,"C++23 (GCC 14-64, msys2)",1742063652
310782299,ca200.,Sakurako's Box,OK,"C++23 (GCC 14-64, msys2)",1742063585
310782208,br1375.,Sakurako's Box,OK,"C++23 (GCC 14-64, msys2)",1742063539
310782194,sab1414.,Sakurako's Hobby,OK,"C++23 (GCC 14-64, msys2)",1742063531
310782126,p1172.,Sakurako's Hobby,OK,"C++23 (GCC 14-64, msys2)",1742063498
310782117,602.,Sakurako's Box,OK,"C++23 (GCC 14-64, msys2)",1742063493
310782016,fh92.,Sakurako's Hobby,OK,"C++23 (GCC 14-64, msys2)",1742063444
310781993,pha1445.,Sakurako's Hobby,OK,"C++23 (GCC 14-64, msys2)",1742063433
310781981,k931.,Longest Good Array,OK,"C++23 (GCC 14-64, msys2)",1742063428
310781830,mar641.,Longest Good Array,OK,"C++23 (GCC 14-64, msys2)",1742063357
310781814,ke1483.,Longest Good Array,OK,"C++23 (GCC 14-64, msys2)",1742063347
310781773,nvsjx536.,Longest Good Array,OK,"C++23 (GCC 14-64, msys2)",1742063330
310781758,d1650.,Square or Not,OK,"C++23 (GCC 14-64, msys2)",1742063322
310781647,a294.,Square or Not,OK,"C++23 (GCC 14-64, msys2)",1742063269
310781530,ts1876.,Sakurako's Exam,OK,"C++23 (GCC 14-64, msys2)",1742063221
310781407,alo1042.,Sakurako's Exam,OK,"C++23 (GCC 14-64, msys2)",1742063171
310781365,s1543.,Square or Not,OK,"C++23 (GCC 14-64, msys2)",1742063148
310781322,709.,Sakurako's Exam,OK,"C++23 (GCC 14-64, msys2)",1742063129
310781305,me1731.,Square or Not,OK,"C++23 (GCC 14-64, msys2)",1742063121
310781091,xda1501.,Sakurako's Exam,OK,"C++23 (GCC 14-64, msys2)",1742063022
310778111,guineapig25,Square or Not,OK,C++17 (GCC 7-32),1742061581
310776493,guineapig25,Square or Not,WRONG_ANSWER,C++17 (GCC 7-32),1742060850
310773338,julixx,Sakurako's Exam,OK,Python 3,1742059415
310769869,_Imran_,Sakurako's Box,OK,C++17 (GCC 7-32),1742058142
310769319,_Imran_,Sakurako's Box,WRONG_ANSWER,C++17 (GCC 7-32),1742057944
310768932,_Imran_,Sakurako's Box,WRONG_ANSWER,C++17 (GCC 7-32),1742057807
310768331,genka.,Square or Not,OK,"C++23 (GCC 14-64, msys2)",1742057617
310764811,BerSerKeR07,Sakurako's Task,OK,C++20 (GCC 13-64),1742056454
310764142,BerSerKeR07,Sakurako's Task,WRONG_ANSWER,C++20 (GCC 13-64),1742056232
310763313,BerSerKeR07,Sakurako's Task,WRONG_ANSWER,C++20 (GCC 13-64),1742055973
310762334,BerSerKeR07,Sakurako's Task,WRONG_ANSWER,C++20 (GCC 13-64),1742055670
310760808,priyan17singh,Square or Not,OK,C++17 (GCC 7-32),1742055216
310759455,priyan17singh,Square or Not,RUNTIME_ERROR,C++17 (GCC 7-32),1742054849
310753311,not_suprised__,Alternating String,OK,"C++23 (GCC 14-64, msys2)",1742053388
310748684,Zaid,Sakurako's Exam,OK,C++20 (GCC 13-64),1742052456
310748080,HumorousWanderer,Sakurako's Hobby,TIME_LIMIT_EXCEEDED,PyPy 3-64,1742052334
310744948,Archiakzam,Sakurako's Hobby,OK,C++20 (GCC 13-64),1742051760
310740826,Zaid,Sakurako's Exam,WRONG_ANSWER,C++20 (GCC 13-64),1742051028
310737311,HumorousWanderer,Sakurako's Box,OK,PyPy 3-64,1742050391
310732572,jesusarmando121,Sakurako's Hobby,TIME_LIMIT_EXCEEDED,C++17 (GCC 7-32),1742049827
310731238,Archiakzam,Longest Good Array,OK,C++20 (GCC 13-64),1742049438
310731017,HumorousWanderer,Alternating String,OK,"C++23 (GCC 14-64, msys2)",1742049315
310729900,Archiakzam,Square or Not,OK,C++20 (GCC 13-64),1742048732
310729143,HumorousWanderer,Sakurako's Hobby,TIME_LIMIT_EXCEEDED,"C++23 (GCC 14-64, msys2)",1742048341
310728590,23wh1a1288,Longest Good Array,OK,Python 3,1742048071
310728352,adibuct,Longest Good Array,OK,C++17 (GCC 7-32),1742047949
310727443,HumorousWanderer,Sakurako's Hobby,TIME_LIMIT_EXCEEDED,"C++23 (GCC 14-64, msys2)",1742047502
310727116,Archiakzam,Sakurako's Exam,OK,C++20 (GCC 13-64),1742047349
310726859,bkifhr8,Sakurako's Hobby,OK,"C++23 (GCC 14-64, msys2)",1742047213
310726726,HumorousWanderer,Sakurako's Hobby,TIME_LIMIT_EXCEEDED,"C++23 (GCC 14-64, msys2)",1742047155
310726652,SJCHSKY,Sakurako's Hobby,OK,"C++23 (GCC 14-64, msys2)",1742047119
310726425,bkifhr6,Sakurako's Hobby,OK,C++20 (GCC 13-64),1742047007
310726380,jesusarmando121,Sakurako's Hobby,TIME_LIMIT_EXCEEDED,C++17 (GCC 7-32),1742046988
310726346,HumorousWanderer,Sakurako's Hobby,TIME_LIMIT_EXCEEDED,"C++23 (GCC 14-64, msys2)",1742046969
310726255,Hasibur_Rahmen,Sakurako's Hobby,OK,C++20 (GCC 13-64),1742046928
310726201,fayeem01,Alternating String,OK,C++20 (GCC 13-64),1742046903
310726171,hhhkai,Sakurako's Hobby,OK,"C++23 (GCC 14-64, msys2)",1742046890
310726106,jesusarmando121,Sakurako's Hobby,RUNTIME_ERROR,C++17 (GCC 7-32),1742046858
310726017,graidy_011888,Sakurako's Hobby,OK,C++17 (GCC 7-32),1742046817
310725721,jesusarmando121,Sakurako's Hobby,TIME_LIMIT_EXCEEDED,C++17 (GCC 7-32),1742046663
310725433,hhhkai,Sakurako's Exam,WRONG_ANSWER,"C++23 (GCC 14-64, msys2)",1742046525
310725188,jesusarmando121,Sakurako's Hobby,TIME_LIMIT_EXCEEDED,C++17 (GCC 7-32),1742046411
310725168,hhhkai,Sakurako's Exam,RUNTIME_ERROR,"C++23 (GCC 14-64, msys2)",1742046395
310724677,jesusarmando121,Sakurako's Hobby,TIME_LIMIT_EXCEEDED,C++17 (GCC 7-32),1742046159
310724623,bkifhr9,Alternating String,WRONG_ANSWER,C++17 (GCC 7-32),1742046138
310724594,imraquibe,Sakurako's Hobby,WRONG_ANSWER,C++17 (GCC 7-32),1742046129
310724522,Cryomenase,Sakurako's Hobby,WRONG_ANSWER,C++17 (GCC 7-32),1742046089
310724469,krishjustice,Sakurako's Hobby,OK,C++20 (GCC 13-64),1742046062
310724451,OmarAboutaleb78,Alternating String,COMPILATION_ERROR,GNU C11,1742046053
310724237,VishuKalier,Sakurako's Hobby,OK,Java 21,1742045959
310724034,VishuKalier,Sakurako's Hobby,WRONG_ANSWER,Java 21,1742045869
310724032,Ajudiya_kashyaps,Sakurako's Hobby,TIME_LIMIT_EXCEEDED,C++17 (GCC 7-32),1742045868
310723968,rhythmrahejar,Sakurako's Hobby,TIME_LIMIT_EXCEEDED,GNU C11,1742045839
310723951,po_rag526,Alternating String,COMPILATION_ERROR,GNU C11,1742045833
310723828,VishuKalier,Sakurako's Hobby,OK,Java 21,1742045775
310723802,jesusarmando121,Sakurako's Hobby,WRONG_ANSWER,C++17 (GCC 7-32),1742045766
310723637,KareemHartem,Sakurako's Hobby,TIME_LIMIT_EXCEEDED,C++17 (GCC 7-32),1742045687
310723593,HumorousWanderer,Longest Good Array,OK,"C++23 (GCC 14-64, msys2)",1742045667
310723515,KareemHartem,Sakurako's Hobby,TIME_LIMIT_EXCEEDED,C++17 (GCC 7-32),1742045638
310723143,luuphucving,Sakurako's Hobby,RUNTIME_ERROR,C++20 (GCC 13-64),1742045462
310722662,HumorousWanderer,Square or Not,OK,"C++23 (GCC 14-64, msys2)",1742045246
310722399,jesusarmando121,Sakurako's Hobby,WRONG_ANSWER,C++17 (GCC 7-32),1742045126
310722352,DarkestBlader,Sakurako's Hobby,OK,GNU C11,1742045108
310722301,jesusarmando121,Sakurako's Exam,WRONG_ANSWER,C++17 (GCC 7-32),1742045088
310722264,SJCHSKY,Sakurako's Hobby,OK,Java 21,1742045068
310722260,Codernikkk,Sakurako's Hobby,OK,GNU C11,1742045064
310722117,we_114514,Sakurako's Hobby,TIME_LIMIT_EXCEEDED,Python 3,1742045003
310722019,Aditya_Singal,Sakurako's Exam,OK,PyPy 3,1742044946
310721907,VishuKalier,Sakurako's Hobby,WRONG_ANSWER,Java 21,1742044890
310721863,HumorousWanderer,Sakurako's Exam,OK,"C++23 (GCC 14-64, msys2)",1742044873
310721761,jesusarmando121,Sakurako's Hobby,WRONG_ANSWER,C++17 (GCC 7-32),1742044825
310721204,jesusarmando121,Sakurako's Hobby,WRONG_ANSWER,C++17 (GCC 7-32),1742044581
310720952,Sadman_Ishtiaks,Sakurako's Hobby,RUNTIME_ERROR,C++17 (GCC 7-32),1742044465
310720571,sinhuc,Longest Good Array,OK,Python 3,1742044286
310720533,goodluck_2077,Sakurako's Hobby,OK,Java 21,1742044273
310720084,jesusarmando121,Sakurako's Hobby,TIME_LIMIT_EXCEEDED,C++17 (GCC 7-32),1742044061
310720023,acTiOn_kAmeN__,Sakurako's Hobby,OK,Java 21,1742044029
310720011,Goldan_Respy,Sakurako's Hobby,TIME_LIMIT_EXCEEDED,GNU C11,1742044023
310719495,pp031608,Sakurako's Hobby,TIME_LIMIT_EXCEEDED,Java 21,1742043793
310719229,jesusarmando121,Sakurako's Hobby,TIME_LIMIT_EXCEEDED,C++17 (GCC 7-32),1742043676
310719009,halym2008,Sakurako's Hobby,TIME_LIMIT_EXCEEDED,C++20 (GCC 13-64),1742043580
310718949,sinhabalabira2,Sakurako's Task,OK,C++17 (GCC 7-32),1742043545
310718692,bkifhr6,Sakurako's Hobby,TIME_LIMIT_EXCEEDED,GNU C11,1742043431
310718492,halym2008,Sakurako's Hobby,TIME_LIMIT_EXCEEDED,Java 21,1742043345
310718336,SJCHSKY,Sakurako's Hobby,RUNTIME_ERROR,C++17 (GCC 7-32),1742043272
310718278,Hasibur_Rahmen,Alternating String,WRONG_ANSWER,Python 3,1742043246
310717920,tabuashviliketevan,Sakurako's Exam,OK,C++17 (GCC 7-32),1742043079
310717783,tabuashviliketevan,Sakurako's Exam,COMPILATION_ERROR,C++17 (GCC 7-32),1742043013
310717623,mayank94,Sakurako's Hobby,WRONG_ANSWER,C++17 (GCC 7-32),1742042935
310717313,mpl_peaches,Sakurako's Hobby,OK,Python 3,1742042783
310717224,faishal_053,Sakurako's Hobby,WRONG_ANSWER,GNU C11,1742042747
310716204,Serendipity23,Sakurako's Hobby,TIME_LIMIT_EXCEEDED,"C++23 (GCC 14-64, msys2)",1742042259
310716041,Cryomenase,Sakurako's Hobby,COMPILATION_ERROR,GNU C11,1742042172
310715944,dineshreddy25,Sakurako's Hobby,MEMORY_LIMIT_EXCEEDED,GNU C11,1742042130
310715915,yash90432,Longest Good Array,OK,C++17 (GCC 7-32),1742042115
310715808,Codernikkk,Sakurako's Hobby,OK,C++17 (GCC 7-32),1742042061
310715512,bkifhr10,Sakurako's Hobby,TIME_LIMIT_EXCEEDED,GNU C11,1742041922
310715389,OmarAboutaleb78,Sakurako's Hobby,OK,C++17 (GCC 7-32),1742041861
310714919,CodeMonsterChu,Sakurako's Hobby,COMPILATION_ERROR,Python 3,1742041656
310714902,Ajudiya_kashyaps,Sakurako's Hobby,TIME_LIMIT_EXCEEDED,GNU C11,1742041650
310714803,DanilCh,Alternating String,WRONG_ANSWER,GNU C11,1742041597
310714662,ShahariarIslan,Sakurako's Hobby,OK,Python 3,1742041545
310714602,bkifhr8,Sakurako's Hobby,TIME_LIMIT_EXCEEDED,GNU C11,1742041506
310714466,bhavya_vadla,Longest Good Array,OK,Java 8,1742041438
310714353,DawnFall119,Sakurako's Hobby,WRONG_ANSWER,Python 3,1742041391
310714216,deudoena,Alternating String,TIME_LIMIT_EXCEEDED,Python 3,1742041327
310714187,Goldan_Respy,Sakurako's Exam,OK,C++17 (GCC 7-32),1742041306
310714044,bhavya_vadla,Longest Good Array,TIME_LIMIT_EXCEEDED,Java 8,1742041233
310713833,3.14,Sakurako's Task,OK,C++17 (GCC 7-32),1742041135
310713784,bkifhr9,Alternating String,TIME_LIMIT_EXCEEDED,Python 3,1742041116
310713705,imraquibe,Alternating String,WRONG_ANSWER,GNU C11,1742041074
310713681,bhavya_vadla,Longest Good Array,WRONG_ANSWER,Java 8,1742041066
310713635,goodluck_2077,Sakurako's Exam,WRONG_ANSWER,C++17 (GCC 7-32),1742041043
310713293,faishal_053,Alternating String,WRONG_ANSWER,GNU C11,1742040881
310713232,mohit_19,Longest Good Array,OK,Java 21,1742040848
310713104,VaibhavRajDwivedi,Sakurako's Exam,OK,"C++23 (GCC 14-64, msys2)",1742040781
310712604,VaibhavRajDwivedi,Sakurako's Exam,WRONG_ANSWER,"C++23 (GCC 14-64, msys2)",1742040521
310712271,dineshreddy25,Sakurako's Hobby,TIME_LIMIT_EXCEEDED,GNU C11,1742040355
310712181,mohit_19,Longest Good Array,OK,Java 21,1742040310
310712130,luuphucving,Sakurako's Hobby,TIME_LIMIT_EXCEEDED,GNU C11,1742040282
310712119,aditeya0306,Sakurako's Hobby,OK,C++17 (GCC 7-32),1742040278
310711998,deudoena,Sakurako's Hobby,WRONG_ANSWER,GNU C11,1742040221
310711694,VaibhavRajDwivedi,Square or Not,OK,"C++23 (GCC 14-64, msys2)",1742040074
310711039,Cryomenase,Sakurako's Hobby,WRONG_ANSWER,GNU C11,1742039786
310711028,acTiOn_kAmeN__,Alternating String,RUNTIME_ERROR,Java 21,1742039781
310710698,kenpegrasia,Sakurako's Hobby,TIME_LIMIT_EXCEEDED,"C++23 (GCC 14-64, msys2)",1742039615
310710587,kenpegrasia,Alternating String,WRONG_ANSWER,Java 21,1742039561
310710450,bkifhr8,Alternating String,TIME_LIMIT_EXCEEDED,Python 3,1742039489
310710255,SilverTwilights,Sakurako's Hobby,RUNTIME_ERROR,C++20 (GCC 13-64),1742039387
310710248,aibarsnurr__,Sakurako's Exam,OK,C++20 (GCC 13-64),1742039384
310710204,imraquibe,Sakurako's Hobby,TIME_LIMIT_EXCEEDED,Java 21,1742039362
310710174,luuphucving,Alternating String,COMPILATION_ERROR,Java 21,1742039350
310710003,VaibhavRajDwivedi,Longest Good Array,OK,"C++23 (GCC 14-64, msys2)",1742039269
310709889,Yuossef_azzat,Sakurako's Hobby,OK,C++17 (GCC 7-32),1742039217
310709780,DanilCh,Sakurako's Hobby,TIME_LIMIT_EXCEEDED,GNU C11,1742039161
310709317,Ajudiya_kashyaps,Sakurako's Hobby,TIME_LIMIT_EXCEEDED,Java 21,1742038937
310709301,shivacharani16,Alternating String,TIME_LIMIT_EXCEEDED,Python 3,1742038931
310709088,onkar_somanic,Sakurako's Hobby,TIME_LIMIT_EXCEEDED,Python 3,1742038825
310709073,DarkestBlader,Sakurako's Hobby,TIME_LIMIT_EXCEEDED,C++17 (GCC 7-32),1742038819
310708930,Codernikkk,Sakurako's Hobby,TIME_LIMIT_EXCEEDED,GNU C11,1742038744
310708897,goodluck_2077,Sakurako's Hobby,RUNTIME_ERROR,Python 3,1742038731
310708791,Goldan_Respy,Sakurako's Hobby,TIME_LIMIT_EXCEEDED,Python 3,1742038674
310708657,po_rag526,Sakurako's Hobby,COMPILATION_ERROR,GNU C11,1742038610
310708628,ritzo37,Alternating String,OK,C++20 (GCC 13-64),1742038598
310708515,ETO-leaders,Alternating String,TIME_LIMIT_EXCEEDED,Python 3,1742038541
310708495,shivacharani16,Sakurako's Hobby,RUNTIME_ERROR,Python 3,1742038535
310708483,pp031608,Sakurako's Hobby,OK,"C++23 (GCC 14-64, msys2)",1742038530
310708456,deudoena,Sakurako's Hobby,TIME_LIMIT_EXCEEDED,Python 3,1742038519
310708219,bkifhr10,Sakurako's Hobby,OK,Java 8,1742038415
310707987,bkifhr6,Alternating String,WRONG_ANSWER,GNU C11,1742038309
310707968,bkifhr10,Sakurako's Hobby,TIME_LIMIT_EXCEEDED,Python 3,1742038302
310707601,rhythmrahejar,Sakurako's Hobby,OK,Java 8,1742038138
310707487,Goldan_Respy,Alternating String,COMPILATION_ERROR,Ruby 3,1742038079
310707116,SJCHSKY,Alternating String,WRONG_ANSWER,GNU C11,1742037906
310707008,LHaoooo,Sakurako's Hobby,TIME_LIMIT_EXCEEDED,C++20 (GCC 13-64),1742037851
310706939,ETO-leaders,Sakurako's Hobby,OK,"C++23 (GCC 14-64, msys2)",1742037820
310706906,bkifhr6,Sakurako's Hobby,RUNTIME_ERROR,Python 3,1742037807
310706252,DarkestBlader,Sakurako's Hobby,TIME_LIMIT_EXCEEDED,Java 8,1742037503
310706003,shivacharani16,Sakurako's Hobby,TIME_LIMIT_EXCEEDED,Java 21,1742037385
310705943,bkifhr6,Sakurako's Hobby,TIME_LIMIT_EXCEEDED,"C++23 (GCC 14-64, msys2)",1742037357
310705781,Codernikkk,Alternating String,COMPILATION_ERROR,GNU C11,1742037288
310705656,DanilCh,Sakurako's Hobby,TIME_LIMIT_EXCEEDED,Java 8,1742037251
310705566,CodeMonsterChu,Sakurako's Hobby,RUNTIME_ERROR,Java 8,1742037232
310705257,secyo,Sakurako's Exam,OK,C++20 (GCC 13-64),1742037078
310705244,ScorpioDaggar,Alternating String,WRONG_ANSWER,GNU C11,1742037070
310705152,bkifhr6,Sakurako's Hobby,WRONG_ANSWER,GNU C11,1742037030
310704903,secyo,Sakurako's Exam,WRONG_ANSWER,C++20 (GCC 13-64),1742036919
310704770,Artem_Pugash,Sakurako's Hobby,TIME_LIMIT_EXCEEDED,Java 8,1742036854
310704264,Serendipity23,Alternating String,COMPILATION_ERROR,GNU C11,1742036622
310704186,secyo,Sakurako's Exam,WRONG_ANSWER,C++20 (GCC 13-64),1742036586
310703874,bkifhr9,Sakurako's Hobby,OK,Java 21,1742036440
310703822,shivacharani16,Sakurako's Hobby,TIME_LIMIT_EXCEEDED,"C++23 (GCC 14-64, msys2)",1742036414
310703631,rezaul7081,Sakurako's Hobby,TIME_LIMIT_EXCEEDED,Java 8,1742036322
310703135,imraquibe,Sakurako's Hobby,OK,C++17 (GCC 7-32),1742036095
310702862,KareemHartem,Alternating String,WRONG_ANSWER,GNU C11,1742035969
310701670,SilverTwilights,Alternating String,OK,Java 8,1742035430
310701653,shivacharani16,Alternating String,WRONG_ANSWER,Python 3,1742035424
310701619,Dduo,Alternating String,OK,Java 8,1742035410
310701343,faishal_052,Sakurako's Hobby,OK,Python 3,1742035285
310701230,Codernikkk,Sakurako's Hobby,COMPILATION_ERROR,Go,1742035235
310701180,thanhhai123,Longest Good Array,OK,PyPy 3-64,1742035206
310701108,CodeMonsterChu,Sakurako's Hobby,COMPILATION_ERROR,Go,1742035175
310701104,thanhhai123,Longest Good Array,WRONG_ANSWER,PyPy 3-64,1742035171
310700973,SJCHSKY,Alternating String,WRONG_ANSWER,Python 3,1742035116
310700740,SJCHSKY,Alternating String,WRONG_ANSWER,Python 3,1742035007
310700613,Hasibur_Rahmen,Sakurako's Hobby,WRONG_ANSWER,GNU C11,1742034948
310700574,faishal_053,Alternating String,RUNTIME_ERROR,Python 3,1742034931
310699797,DarkestBlader,Sakurako's Exam,OK,GNU C11,1742034539
310699631,kohlaaaa,Alternating String,WRONG_ANSWER,Python 3,1742034455
310699302,faishal_053,Alternating String,WRONG_ANSWER,Python 3,1742034303
310698946,bkifhr7,Alternating String,COMPILATION_ERROR,Go,1742034120
310698779,SJCHSKY,Sakurako's Hobby,OK,C++17 (GCC 7-32),1742034041
310687038,404404,Longest Good Array,OK,C++17 (GCC 7-32),1742028982
310683087,Devarshi_19,Square or Not,OK,Java 21,1742027351
310678107,star.light,Longest Good Array,OK,C++17 (GCC 7-32),1742025384
310677368,alirezabayat6,Sakurako's Exam,OK,"C++23 (GCC 14-64, msys2)",1742025084
310675318,Tian_Ming_Yo,Sakurako's Box,OK,C++17 (GCC 7-32),1742024248
310675199,Tian_Ming_Yo,Sakurako's Box,WRONG_ANSWER,C++17 (GCC 7-32),1742024195
310672376,Tian_Ming_Yo,Alternating String,OK,C++17 (GCC 7-32),1742023077
310670282,burga97,Sakurako's Exam,WRONG_ANSWER,C++17 (GCC 7-32),1742022216
310667650,Tian_Ming_Yo,Sakurako's Hobby,OK,C++17 (GCC 7-32),1742021082
310666679,Khaaman,Sakurako's Task,OK,C++17 (GCC 7-32),1742020632
310666439,Khaaman,Sakurako's Task,WRONG_ANSWER,C++17 (GCC 7-32),1742020508
310666289,Khaaman,Sakurako's Task,WRONG_ANSWER,C++17 (GCC 7-32),1742020438
310665628,2004zzy,Sakurako's Box,OK,C++17 (GCC 7-32),1742020123
310657373,Sadman_Ishtiaks,Sakurako's Hobby,OK,C++17 (GCC 7-32),1742015962
310655561,muzammil-1008,Sakurako's Box,OK,C++20 (GCC 13-64),1742014290
310655254,muzammil-1008,Sakurako's Box,WRONG_ANSWER,C++20 (GCC 13-64),1742014005
310654945,muzammil-1008,Sakurako's Box,WRONG_ANSWER,C++20 (GCC 13-64),1742013708
310654371,muzammil-1008,Sakurako's Box,WRONG_ANSWER,C++20 (GCC 13-64),1742013161
310654099,2004zzy,Sakurako's Box,WRONG_ANSWER,C++17 (GCC 7-32),1742012873
310653990,2004zzy,Sakurako's Box,WRONG_ANSWER,C++17 (GCC 7-32),1742012757
310653868,2004zzy,Sakurako's Box,WRONG_ANSWER,C++17 (GCC 7-32),1742012625
310653493,Chaitanya_Kalme,Sakurako's Hobby,OK,C++17 (GCC 7-32),1742012250
310651821,PiCmplx,Sakurako's Exam,OK,C++17 (GCC 7-32),1742010725
310650066,shattershade,Sakurako's Task,OK,"C++23 (GCC 14-64, msys2)",1742009136
310647790,Ushio-_-,Longest Good Array,OK,C++20 (GCC 13-64),1742006864
310644235,baixuejava,Sakurako's Exam,OK,Java 8,1742003299
310644180,chuaj9801,Sakurako's Exam,OK,C++17 (GCC 7-32),1742003242
310643400,isaacliu77,Sakurako's Test,OK,"C++23 (GCC 14-64, msys2)",1742002412
310637405,thomastiennnn502,Sakurako's Hobby,OK,C++17 (GCC 7-32),1741994869
310627878,muzammil-1008,Sakurako's Box,WRONG_ANSWER,C++20 (GCC 13-64),1741986520
310621499,Ororand,Longest Good Array,OK,"C++23 (GCC 14-64, msys2)",1741983028
310619162,efficient_code23,Sakurako's Exam,OK,C++17 (GCC 7-32),1741981748
310618099,efficient_code23,Sakurako's Exam,WRONG_ANSWER,C++17 (GCC 7-32),1741981171
310616509,tur939.,Sakurako's Test,TIME_LIMIT_EXCEEDED,"C++23 (GCC 14-64, msys2)",1741980268
310615456,asd7766zxc,Sakurako's Hobby,OK,"C++23 (GCC 14-64, msys2)",1741979646
310614019,v317.,Sakurako's Test,WRONG_ANSWER,"C++23 (GCC 14-64, msys2)",1741978849
310611647,geo325.,Sakurako's Task,WRONG_ANSWER,"C++23 (GCC 14-64, msys2)",1741977537
310609977,_raaghav_09,Sakurako's Exam,OK,"C++23 (GCC 14-64, msys2)",1741976788
310608905,ry1370.,Sakurako's Task,WRONG_ANSWER,"C++23 (GCC 14-64, msys2)",1741976250
310606000,551.,Sakurako's Box,WRONG_ANSWER,"C++23 (GCC 14-64, msys2)",1741974892
310605128,b532.,Sakurako's Box,OK,"C++23 (GCC 14-64, msys2)",1741974504
310604651,Javohir,Sakurako's Exam,WRONG_ANSWER,Python 3,1741974299
310604360,Javohir,Sakurako's Exam,WRONG_ANSWER,Python 3,1741974179
310604231,Javohir,Sakurako's Exam,WRONG_ANSWER,Python 3,1741974116
310603154,jatin2006,Sakurako's Exam,OK,C++20 (GCC 13-64),1741973621
310603008,58.,Alternating String,OK,"C++23 (GCC 14-64, msys2)",1741973546
310602241,shaurya010101,Sakurako's Exam,OK,C++17 (GCC 7-32),1741973188
310601603,jatin2006,Sakurako's Exam,WRONG_ANSWER,C++20 (GCC 13-64),1741972900
310600989,shaurya010101,Sakurako's Exam,WRONG_ANSWER,C++17 (GCC 7-32),1741972621
310600880,shaurya010101,Sakurako's Exam,COMPILATION_ERROR,C++17 (GCC 7-32),1741972573
310600721,shaurya010101,Sakurako's Exam,WRONG_ANSWER,C++17 (GCC 7-32),1741972503
310600678,w545.,Alternating String,OK,"C++23 (GCC 14-64, msys2)",1741972476
310600647,shaurya010101,Sakurako's Exam,WRONG_ANSWER,C++17 (GCC 7-32),1741972461
310600390,jatin2006,Sakurako's Exam,WRONG_ANSWER,C++20 (GCC 13-64),1741972344
310600324,_farhad_,Sakurako's Exam,OK,C++17 (GCC 7-32),1741972319
310599960,shaurya010101,Sakurako's Exam,WRONG_ANSWER,C++17 (GCC 7-32),1741972130
310599542,shaurya010101,Sakurako's Exam,WRONG_ANSWER,C++17 (GCC 7-32),1741971942
310599393,jatin2006,Sakurako's Exam,WRONG_ANSWER,C++20 (GCC 13-64),1741971884
310599203,shaurya010101,Sakurako's Exam,WRONG_ANSWER,C++17 (GCC 7-32),1741971782
310598920,jatin2006,Sakurako's Exam,WRONG_ANSWER,C++20 (GCC 13-64),1741971663
310598910,shaurya010101,Sakurako's Exam,WRONG_ANSWER,C++17 (GCC 7-32),1741971655
310598764,jatin2006,Sakurako's Exam,WRONG_ANSWER,C++20 (GCC 13-64),1741971598
310598022,Ayush_018,Alternating String,WRONG_ANSWER,C++20 (GCC 13-64),1741971279
310597588,Lightning_crusader,Sakurako's Hobby,OK,C++20 (GCC 13-64),1741971075
310597408,m1462.,Sakurako's Hobby,OK,"C++23 (GCC 14-64, msys2)",1741970988
310597400,Lightning_crusader,Sakurako's Hobby,TIME_LIMIT_EXCEEDED,C++20 (GCC 13-64),1741970983
310597181,shashwatanand021,Sakurako's Hobby,COMPILATION_ERROR,C++20 (GCC 13-64),1741970871
310597012,Ayush_018,Alternating String,WRONG_ANSWER,C++20 (GCC 13-64),1741970794
310596822,Ayush_018,Alternating String,TIME_LIMIT_EXCEEDED,C++20 (GCC 13-64),1741970701
310596789,Rafi_77,Sakurako's Exam,WRONG_ANSWER,"C++23 (GCC 14-64, msys2)",1741970688
310596342,zv700.,Sakurako's Hobby,OK,"C++23 (GCC 14-64, msys2)",1741970492
310595551,onkar_somanic,Sakurako's Exam,OK,GNU C11,1741970141
310595352,Stup702,Sakurako's Exam,WRONG_ANSWER,GNU C11,1741970047
310595297,animeshm,Alternating String,OK,C++17 (GCC 7-32),1741970023
310595122,je233.,Longest Good Array,OK,"C++23 (GCC 14-64, msys2)",1741969939
310594168,porgilcillian57,Longest Good Array,OK,"C++23 (GCC 14-64, msys2)",1741969464
310593189,kishan_455,Longest Good Array,OK,C++17 (GCC 7-32),1741968990
310592651,d1658.,Square or Not,OK,"C++23 (GCC 14-64, msys2)",1741968708
310592236,jo659.,Square or Not,OK,"C++23 (GCC 14-64, msys2)",1741968508
310591162,1275.,Sakurako's Exam,OK,"C++23 (GCC 14-64, msys2)",1741968023
310590346,Mohammed_Adell,Sakurako's Exam,OK,C++17 (GCC 7-32),1741967655
310590185,August,Sakurako's Hobby,OK,C++17 (GCC 7-32),1741967572
310590178,1370.,Sakurako's Exam,OK,"C++23 (GCC 14-64, msys2)",1741967568
310590023,Mohammed_Adell,Sakurako's Exam,WRONG_ANSWER,C++17 (GCC 7-32),1741967494
310589230,SomethingSober,Sakurako's Exam,OK,C++17 (GCC 7-32),1741967162
310588071,Poojitha_Gangadhari,Longest Good Array,OK,Java 8,1741966674
310587904,Poojitha_Gangadhari,Longest Good Array,WRONG_ANSWER,Java 8,1741966603
310587571,MarDeHielo,Sakurako's Test,OK,C++20 (GCC 13-64),1741966457
310581704,nguyentuyenqn.work,Sakurako's Exam,OK,"C++23 (GCC 14-64, msys2)",1741964172
310581703,shattershade,Sakurako's Test,OK,"C++23 (GCC 14-64, msys2)",1741964172
310580215,we_114514,Sakurako's Exam,WRONG_ANSWER,GNU C11,1741963569
310579383,khanal_06,Sakurako's Hobby,OK,C++20 (GCC 13-64),1741963240
310579186,khanal_06,Sakurako's Hobby,WRONG_ANSWER,C++20 (GCC 13-64),1741963163
310579159,bkifhr6,Sakurako's Exam,WRONG_ANSWER,GNU C11,1741963152
310578115,khanal_06,Sakurako's Hobby,WRONG_ANSWER,C++20 (GCC 13-64),1741962739
310577487,Ladamalina,Sakurako's Task,OK,C++20 (GCC 13-64),1741962468
310577289,Ladamalina,Sakurako's Task,WRONG_ANSWER,C++20 (GCC 13-64),1741962382
310576665,Ladamalina,Sakurako's Task,WRONG_ANSWER,C++20 (GCC 13-64),1741962138
310575055,Ladamalina,Sakurako's Task,WRONG_ANSWER,C++20 (GCC 13-64),1741961490
310575004,yenugantirahul,Sakurako's Exam,OK,Java 21,1741961464
310566264,nihar_20,Sakurako's Exam,OK,C++20 (GCC 13-64),1741957661
310564595,Huda-Yasser,Sakurako's Exam,OK,C++17 (GCC 7-32),1741956881
310563048,nihar_20,Sakurako's Exam,WRONG_ANSWER,C++20 (GCC 13-64),1741956231
310559787,BuntyBadmaas,Sakurako's Exam,OK,C++17 (GCC 7-32),1741954849
310554466,hopp_dogg,Alternating String,OK,C++17 (GCC 7-32),1741952517
310554430,BuntyBadmaas,Square or Not,OK,C++17 (GCC 7-32),1741952504
310553241,ALFarouK,Longest Good Array,OK,C++20 (GCC 13-64),1741951997
310552396,Serendipity23,Alternating String,WRONG_ANSWER,"C++23 (GCC 14-64, msys2)",1741951654
310551346,Goldan_Respy,Alternating String,WRONG_ANSWER,"C++23 (GCC 14-64, msys2)",1741951159
310549857,BuntyBadmaas,Longest Good Array,OK,C++17 (GCC 7-32),1741950493
310548488,Sadat_914,Longest Good Array,OK,"C++23 (GCC 14-64, msys2)",1741949843
310547049,killer651,Sakurako's Exam,OK,"C++23 (GCC 14-64, msys2)",1741949125
310546684,killer651,Sakurako's Exam,WRONG_ANSWER,"C++23 (GCC 14-64, msys2)",1741948933
310545382,killer651,Longest Good Array,OK,"C++23 (GCC 14-64, msys2)",1741948288
310539845,h354222857,Alternating String,OK,C++20 (GCC 13-64),1741945743
310533515,Zorenth,Sakurako's Hobby,OK,C++17 (GCC 7-32),1741942925
310525556,koukilee,Alternating String,OK,C++20 (GCC 13-64),1741938606
310525522,koukilee,Alternating String,MEMORY_LIMIT_EXCEEDED,C++20 (GCC 13-64),1741938589
310522589,Ahlam_Al1,Sakurako's Exam,OK,"C++23 (GCC 14-64, msys2)",1741936764
310522526,infiniteeee,Sakurako's Exam,OK,C++20 (GCC 13-64),1741936721
310521262,infiniteeee,Sakurako's Exam,WRONG_ANSWER,C++20 (GCC 13-64),1741935947
310519119,xiaoqiangliu,Alternating String,OK,Java 21,1741934647
310517209,siddheshkotwal,Sakurako's Hobby,OK,C++20 (GCC 13-64),1741933441
310517124,RookieUIT,Sakurako's Exam,WRONG_ANSWER,C++20 (GCC 13-64),1741933379
310515342,JNvega,Sakurako's Box,OK,C++20 (GCC 13-64),1741932235
310512083,Firdavs11,Square or Not,WRONG_ANSWER,C++20 (GCC 13-64),1741929834
310512025,Firdavs11,Square or Not,COMPILATION_ERROR,C++20 (GCC 13-64),1741929790
310511929,Firdavs11,Square or Not,WRONG_ANSWER,C++20 (GCC 13-64),1741929729
310511776,Firdavs11,Square or Not,COMPILATION_ERROR,C++20 (GCC 13-64),1741929606
310511541,GGBond21,Sakurako's Test,OK,"C++23 (GCC 14-64, msys2)",1741929414
310511134,--Xatake--,Sakurako's Exam,OK,C++17 (GCC 7-32),1741929070
310510822,tonmoy77,Longest Good Array,OK,C++20 (GCC 13-64),1741928808
310510519,Firdavs11,Sakurako's Exam,OK,C++20 (GCC 13-64),1741928566
310510190,Firdavs11,Sakurako's Exam,WRONG_ANSWER,C++20 (GCC 13-64),1741928265
310510139,itsraajjjuuuu,Alternating String,OK,C++20 (GCC 13-64),1741928220
310509190,itsraajjjuuuu,Sakurako's Hobby,OK,C++20 (GCC 13-64),1741927290
310508876,0Rbit03,Sakurako's Hobby,OK,C++20 (GCC 13-64),1741926990
310508504,itsraajjjuuuu,Longest Good Array,OK,C++20 (GCC 13-64),1741926591
310508431,ahirwarvijay7174,Sakurako's Exam,OK,C++20 (GCC 13-64),1741926510
310508309,itsraajjjuuuu,Sakurako's Exam,OK,C++20 (GCC 13-64),1741926378
310508042,itsraajjjuuuu,Square or Not,OK,C++20 (GCC 13-64),1741926102
310508018,itsraajjjuuuu,Sakurako's Test,WRONG_ANSWER,C++20 (GCC 13-64),1741926074
310507859,itsraajjjuuuu,Square or Not,WRONG_ANSWER,C++20 (GCC 13-64),1741925931
310507763,ahirwarvijay7174,Sakurako's Exam,WRONG_ANSWER,C++20 (GCC 13-64),1741925834
310507209,0Rbit03,Longest Good Array,OK,C++20 (GCC 13-64),1741925301
310507067,ahirwarvijay7174,Sakurako's Exam,COMPILATION_ERROR,C++20 (GCC 13-64),1741925155
310506946,itsraajjjuuuu,Sakurako's Exam,WRONG_ANSWER,C++20 (GCC 13-64),1741925042
310506745,ahirwarvijay7174,Sakurako's Exam,WRONG_ANSWER,C++20 (GCC 13-64),1741924815
310506736,0Rbit03,Square or Not,OK,C++20 (GCC 13-64),1741924804
310505723,0Rbit03,Sakurako's Exam,OK,C++20 (GCC 13-64),1741923876
310504398,_TZYHJ_521,Sakurako's Hobby,OK,C++20 (GCC 13-64),1741922789
310500767,RookieUIT,Sakurako's Exam,WRONG_ANSWER,C++20 (GCC 13-64),1741918357
310500648,RookieUIT,Sakurako's Exam,WRONG_ANSWER,C++20 (GCC 13-64),1741918187
310500535,guinelo_cp,Square or Not,OK,"C++23 (GCC 14-64, msys2)",1741918045
310500490,RookieUIT,Sakurako's Exam,WRONG_ANSWER,C++20 (GCC 13-64),1741917983
310500307,guinelo_cp,Sakurako's Exam,OK,"C++23 (GCC 14-64, msys2)",1741917734
310497479,hu33,Sakurako's Exam,OK,C++17 (GCC 7-32),1741915040
310497272,Mohamedisaa,Square or Not,OK,C++17 (GCC 7-32),1741914790
310497136,Oranger_,Sakurako's Test,OK,"C++23 (GCC 14-64, msys2)",1741914647
310493034,kar1266.,Sakurako's Test,WRONG_ANSWER,"C++23 (GCC 14-64, msys2)",1741909913
310493030,st1171.,Sakurako's Test,WRONG_ANSWER,"C++23 (GCC 14-64, msys2)",1741909909
310493029,sharleen1080.,Sakurako's Test,WRONG_ANSWER,"C++23 (GCC 14-64, msys2)",1741909907
310493027,457.,Sakurako's Test,WRONG_ANSWER,"C++23 (GCC 14-64, msys2)",1741909906
310493025,c827.,Sakurako's Test,WRONG_ANSWER,"C++23 (GCC 14-64, msys2)",1741909904
310493020,hgunnlaug131,Sakurako's Test,WRONG_ANSWER,"C++23 (GCC 14-64, msys2)",1741909902
310493017,ji792.,Sakurako's Test,WRONG_ANSWER,"C++23 (GCC 14-64, msys2)",1741909900
310493015,jo279.,Sakurako's Task,WRONG_ANSWER,"C++23 (GCC 14-64, msys2)",1741909898
310492978,b1381.,Sakurako's Task,WRONG_ANSWER,"C++23 (GCC 14-64, msys2)",1741909859
310492974,d1518.,Sakurako's Task,WRONG_ANSWER,"C++23 (GCC 14-64, msys2)",1741909856
310492971,s816.,Sakurako's Task,WRONG_ANSWER,"C++23 (GCC 14-64, msys2)",1741909855
310492969,n606.,Sakurako's Task,WRONG_ANSWER,"C++23 (GCC 14-64, msys2)",1741909852
310492953,1006.,Sakurako's Task,WRONG_ANSWER,"C++23 (GCC 14-64, msys2)",1741909838
310492951,ro602.,Sakurako's Task,WRONG_ANSWER,"C++23 (GCC 14-64, msys2)",1741909835
310492950,drnbrhrdt,Sakurako's Task,WRONG_ANSWER,"C++23 (GCC 14-64, msys2)",1741909834
310492949,sa973.,Sakurako's Box,TIME_LIMIT_EXCEEDED,"C++23 (GCC 14-64, msys2)",1741909832
310492948,hzjgqo1809.,Sakurako's Box,TIME_LIMIT_EXCEEDED,"C++23 (GCC 14-64, msys2)",1741909831
310492947,x196.,Sakurako's Box,TIME_LIMIT_EXCEEDED,"C++23 (GCC 14-64, msys2)",1741909829
310492940,j1576.,Sakurako's Box,TIME_LIMIT_EXCEEDED,"C++23 (GCC 14-64, msys2)",1741909825
310492938,maikescholz5,Sakurako's Box,TIME_LIMIT_EXCEEDED,"C++23 (GCC 14-64, msys2)",1741909824
310492906,fpgyz1193.,Sakurako's Box,TIME_LIMIT_EXCEEDED,"C++23 (GCC 14-64, msys2)",1741909784
310492905,eco1185.,Sakurako's Box,TIME_LIMIT_EXCEEDED,"C++23 (GCC 14-64, msys2)",1741909782
310492903,t1102.,Sakurako's Box,TIME_LIMIT_EXCEEDED,"C++23 (GCC 14-64, msys2)",1741909780
310492901,henr402.,Alternating String,WRONG_ANSWER,"C++23 (GCC 14-64, msys2)",1741909779
310492897,x1436.,Alternating String,WRONG_ANSWER,"C++23 (GCC 14-64, msys2)",1741909776
310492893,sta98.,Alternating String,WRONG_ANSWER,"C++23 (GCC 14-64, msys2)",1741909775
310492890,cher95.,Alternating String,WRONG_ANSWER,"C++23 (GCC 14-64, msys2)",1741909773
310492887,mvdqt1194.,Alternating String,WRONG_ANSWER,"C++23 (GCC 14-64, msys2)",1741909770
310492858,sun400.,Alternating String,WRONG_ANSWER,"C++23 (GCC 14-64, msys2)",1741909731
310492851,bma252.,Alternating String,COMPILATION_ERROR,"C++23 (GCC 14-64, msys2)",1741909728
310492847,1638.,Alternating String,WRONG_ANSWER,"C++23 (GCC 14-64, msys2)",1741909726
310492845,x160.,Sakurako's Hobby,TIME_LIMIT_EXCEEDED,"C++23 (GCC 14-64, msys2)",1741909725
310492835,kel1699.,Sakurako's Hobby,WRONG_ANSWER,"C++23 (GCC 14-64, msys2)",1741909710
310492834,1037.,Sakurako's Hobby,COMPILATION_ERROR,"C++23 (GCC 14-64, msys2)",1741909708
310492830,mcco1376.,Sakurako's Hobby,TIME_LIMIT_EXCEEDED,"C++23 (GCC 14-64, msys2)",1741909706
310492829,ap1348.,Sakurako's Hobby,WRONG_ANSWER,"C++23 (GCC 14-64, msys2)",1741909704
310492825,ke1776.,Sakurako's Hobby,TIME_LIMIT_EXCEEDED,"C++23 (GCC 14-64, msys2)",1741909703
310492824,sab1414.,Sakurako's Hobby,TIME_LIMIT_EXCEEDED,"C++23 (GCC 14-64, msys2)",1741909701
310492820,1363.,Longest Good Array,WRONG_ANSWER,"C++23 (GCC 14-64, msys2)",1741909699
310492813,eliza411.,Longest Good Array,TIME_LIMIT_EXCEEDED,"C++23 (GCC 14-64, msys2)",1741909696
310492786,1739.,Longest Good Array,OK,"C++23 (GCC 14-64, msys2)",1741909663
310492784,da1346.,Longest Good Array,OK,"C++23 (GCC 14-64, msys2)",1741909660
310492768,u854.,Longest Good Array,WRONG_ANSWER,"C++23 (GCC 14-64, msys2)",1741909647
310492767,h1263.,Longest Good Array,TIME_LIMIT_EXCEEDED,"C++23 (GCC 14-64, msys2)",1741909645
310492766,imenepoulin,Longest Good Array,TIME_LIMIT_EXCEEDED,"C++23 (GCC 14-64, msys2)",1741909643
310492765,galliclementina280,Longest Good Array,TIME_LIMIT_EXCEEDED,"C++23 (GCC 14-64, msys2)",1741909641
310492764,m447.,Square or Not,OK,"C++23 (GCC 14-64, msys2)",1741909639
310492762,m361.,Square or Not,WRONG_ANSWER,"C++23 (GCC 14-64, msys2)",1741909637
310492727,427.,Square or Not,OK,"C++23 (GCC 14-64, msys2)",1741909602
310492725,co757.,Square or Not,OK,"C++23 (GCC 14-64, msys2)",1741909600
310492718,mvdqt1194.,Square or Not,OK,"C++23 (GCC 14-64, msys2)",1741909598
310492714,n571.,Square or Not,OK,"C++23 (GCC 14-64, msys2)",1741909597
310492696,v1130.,Square or Not,OK,"C++23 (GCC 14-64, msys2)",1741909571
310492692,jekxyt697.,Square or Not,OK,"C++23 (GCC 14-64, msys2)",1741909570
310492690,ma521.,Sakurako's Exam,OK,"C++23 (GCC 14-64, msys2)",1741909567
310492687,ant887.,Sakurako's Exam,WRONG_ANSWER,"C++23 (GCC 14-64, msys2)",1741909565
310492683,rl948.,Sakurako's Exam,WRONG_ANSWER,"C++23 (GCC 14-64, msys2)",1741909563
310492679,338.,Sakurako's Exam,WRONG_ANSWER,"C++23 (GCC 14-64, msys2)",1741909561
310492661,kar1266.,Sakurako's Exam,WRONG_ANSWER,"C++23 (GCC 14-64, msys2)",1741909536
310492660,zsan62.,Sakurako's Exam,WRONG_ANSWER,"C++23 (GCC 14-64, msys2)",1741909534
310492656,nor1449.,Sakurako's Exam,OK,"C++23 (GCC 14-64, msys2)",1741909532
310492655,b965.,Sakurako's Exam,OK,"C++23 (GCC 14-64, msys2)",1741909530
310485695,wanshh,Sakurako's Hobby,TIME_LIMIT_EXCEEDED,C++20 (GCC 13-64),1741903081
310485531,wanshh,Sakurako's Hobby,OK,C++20 (GCC 13-64),1741902972
310484793,_Abdo_Atef_,Alternating String,OK,C++20 (GCC 13-64),1741902397
310481682,_Abdo_Atef_,Sakurako's Box,OK,C++20 (GCC 13-64),1741900345
310480849,_Abdo_Atef_,Sakurako's Box,WRONG_ANSWER,C++20 (GCC 13-64),1741899858
310479955,_Abdo_Atef_,Sakurako's Box,WRONG_ANSWER,C++20 (GCC 13-64),1741899394
310479808,_Abdo_Atef_,Sakurako's Box,WRONG_ANSWER,C++20 (GCC 13-64),1741899305
310479708,_Abdo_Atef_,Sakurako's Box,WRONG_ANSWER,C++20 (GCC 13-64),1741899247
310478111,_Abdo_Atef_,Sakurako's Hobby,OK,C++20 (GCC 13-64),1741898370
310477232,Whizzo_Mo1kai,Sakurako's Hobby,OK,C++17 (GCC 7-32),1741897891
310476029,_Abdo_Atef_,Longest Good Array,OK,C++20 (GCC 13-64),1741897293
310475580,GAB-DivideEConserta,Square or Not,OK,"C++23 (GCC 14-64, msys2)",1741897070
310475344,_Abdo_Atef_,Square or Not,OK,C++20 (GCC 13-64),1741896960
310473235,_Abdo_Atef_,Sakurako's Exam,OK,C++20 (GCC 13-64),1741895907
310472718,GAB-DivideEConserta,Sakurako's Exam,OK,"C++23 (GCC 14-64, msys2)",1741895671
310472096,leoamb,Alternating String,TIME_LIMIT_EXCEEDED,Python 3,1741895345
310472058,GAB-DivideEConserta,Sakurako's Exam,WRONG_ANSWER,"C++23 (GCC 14-64, msys2)",1741895324
310471921,KuroShina,Square or Not,OK,"C++23 (GCC 14-64, msys2)",1741895253
310471688,algoprince,Square or Not,OK,C++20 (GCC 13-64),1741895133
310471521,leoamb,Alternating String,OK,Python 3,1741895045
310470820,GAB-DivideEConserta,Sakurako's Exam,WRONG_ANSWER,"C++23 (GCC 14-64, msys2)",1741894690
310470700,GAB-DivideEConserta,Sakurako's Exam,WRONG_ANSWER,"C++23 (GCC 14-64, msys2)",1741894639
310470547,GAB-DivideEConserta,Sakurako's Exam,WRONG_ANSWER,"C++23 (GCC 14-64, msys2)",1741894563
310470254,GAB-DivideEConserta,Sakurako's Exam,WRONG_ANSWER,"C++23 (GCC 14-64, msys2)",1741894438
310466591,Axcellent,Longest Good Array,OK,PyPy 3-64,1741892545
310464906,Aditya_Singal,Longest Good Array,OK,PyPy 3,1741891719
310463619,sijan,Sakurako's Hobby,OK,"C++23 (GCC 14-64, msys2)",1741891094
310463088,ismayils,Sakurako's Exam,OK,C++20 (GCC 13-64),1741890845
310462369,ismayils,Sakurako's Exam,WRONG_ANSWER,C++20 (GCC 13-64),1741890521
310459584,alirazaidi,Longest Good Array,OK,PyPy 3-64,1741889240
310459311,alirazaidi,Longest Good Array,WRONG_ANSWER,PyPy 3-64,1741889114
310457544,Burleque,Sakurako's Hobby,OK,C++17 (GCC 7-32),1741888335
310452050,adityasd314,Sakurako's Hobby,OK,"C++23 (GCC 14-64, msys2)",1741885995
310450471,iliazb,Sakurako's Exam,WRONG_ANSWER,C++17 (GCC 7-32),1741885308
310450327,iliazb,Sakurako's Exam,WRONG_ANSWER,C++17 (GCC 7-32),1741885244
310450169,iliazb,Sakurako's Exam,WRONG_ANSWER,C++17 (GCC 7-32),1741885173
310450063,iliazb,Sakurako's Exam,WRONG_ANSWER,C++17 (GCC 7-32),1741885130
310449797,iliazb,Sakurako's Exam,WRONG_ANSWER,C++17 (GCC 7-32),1741885021
310449729,arun025_iitg,Sakurako's Hobby,OK,C++17 (GCC 7-32),1741884994
310447495,iliazb,Sakurako's Exam,WRONG_ANSWER,C++17 (GCC 7-32),1741884060
310447058,adityasd314,Longest Good Array,OK,"C++23 (GCC 14-64, msys2)",1741883877
310446749,iliazb,Sakurako's Exam,WRONG_ANSWER,C++17 (GCC 7-32),1741883753
310446515,hyt0s,Sakurako's Exam,OK,PyPy 3-64,1741883651
310446028,iliazb,Sakurako's Exam,WRONG_ANSWER,C++17 (GCC 7-32),1741883442
310446004,adityasd314,Square or Not,OK,"C++23 (GCC 14-64, msys2)",1741883430
310445766,iliazb,Sakurako's Exam,WRONG_ANSWER,C++17 (GCC 7-32),1741883327
310445494,iliazb,Sakurako's Exam,WRONG_ANSWER,C++17 (GCC 7-32),1741883219
310445234,iliazb,Sakurako's Exam,WRONG_ANSWER,C++17 (GCC 7-32),1741883109
310444521,Spookyyy,Sakurako's Hobby,OK,C++17 (GCC 7-32),1741882788
310444111,Spookyyy,Sakurako's Hobby,WRONG_ANSWER,C++17 (GCC 7-32),1741882622
310443921,Ras_Vz,Sakurako's Task,OK,"C++23 (GCC 14-64, msys2)",1741882542
310443503,Spookyyy,Sakurako's Hobby,TIME_LIMIT_EXCEEDED,C++17 (GCC 7-32),1741882352
310443267,Ras_Vz,Sakurako's Task,WRONG_ANSWER,"C++23 (GCC 14-64, msys2)",1741882259
310442822,adityasd314,Sakurako's Exam,OK,"C++23 (GCC 14-64, msys2)",1741882058
310442287,adityasd314,Sakurako's Exam,WRONG_ANSWER,"C++23 (GCC 14-64, msys2)",1741881851
310441855,Karu_111,Sakurako's Exam,OK,PyPy 3-64,1741881667
310441646,898.,Sakurako's Test,WRONG_ANSWER,PyPy 3-64,1741881579
310441639,m1737.,Sakurako's Test,TIME_LIMIT_EXCEEDED,"C++23 (GCC 14-64, msys2)",1741881578
310441628,p1649.,Sakurako's Test,COMPILATION_ERROR,"C++23 (GCC 14-64, msys2)",1741881574
310441623,b502.,Sakurako's Test,WRONG_ANSWER,PyPy 3-64,1741881571
310441617,conno626.,Sakurako's Test,COMPILATION_ERROR,"C++23 (GCC 14-64, msys2)",1741881570
310441606,riv718.,Sakurako's Test,WRONG_ANSWER,"C++23 (GCC 14-64, msys2)",1741881567
310441599,ewil868.,Sakurako's Task,WRONG_ANSWER,"C++23 (GCC 14-64, msys2)",1741881565
310441593,j556.,Sakurako's Task,WRONG_ANSWER,"C++23 (GCC 14-64, msys2)",1741881563
310441589,t1556.,Sakurako's Task,WRONG_ANSWER,"C++23 (GCC 14-64, msys2)",1741881562
310441588,1316.,Sakurako's Test,WRONG_ANSWER,PyPy 3-64,1741881562
310441553,r689.,Sakurako's Task,COMPILATION_ERROR,"C++23 (GCC 14-64, msys2)",1741881546
310441486,525.,Sakurako's Task,OK,"C++23 (GCC 14-64, msys2)",1741881520
310441465,1528.,Sakurako's Task,COMPILATION_ERROR,"C++23 (GCC 14-64, msys2)",1741881511
310441463,v1130.,Sakurako's Box,WRONG_ANSWER,"C++23 (GCC 14-64, msys2)",1741881510
310441459,t1477.,Sakurako's Box,WRONG_ANSWER,"C++23 (GCC 14-64, msys2)",1741881508
310441456,nvsjx536.,Sakurako's Box,OK,"C++23 (GCC 14-64, msys2)",1741881507
310441453,coo226.,Sakurako's Box,OK,"C++23 (GCC 14-64, msys2)",1741881506
310441446,kenn1045.,Sakurako's Box,WRONG_ANSWER,"C++23 (GCC 14-64, msys2)",1741881503
310441440,au15.,Sakurako's Box,OK,PyPy 3-64,1741881502
310441329,falcorebecca244,Alternating String,COMPILATION_ERROR,"C++23 (GCC 14-64, msys2)",1741881458
310441311,j579.,Alternating String,OK,"C++23 (GCC 14-64, msys2)",1741881452
310441306,1345.,Alternating String,COMPILATION_ERROR,"C++23 (GCC 14-64, msys2)",1741881450
310441305,1531.,Alternating String,OK,"C++23 (GCC 14-64, msys2)",1741881450
310441290,mo1861.,Alternating String,TIME_LIMIT_EXCEEDED,"C++23 (GCC 14-64, msys2)",1741881446
310441284,bma252.,Alternating String,COMPILATION_ERROR,"C++23 (GCC 14-64, msys2)",1741881445
310441279,qqgi1533.,Sakurako's Hobby,COMPILATION_ERROR,"C++23 (GCC 14-64, msys2)",1741881443
310441278,au1091.,Alternating String,COMPILATION_ERROR,"C++23 (GCC 14-64, msys2)",1741881443
310441271,kath1557.,Sakurako's Hobby,OK,"C++23 (GCC 14-64, msys2)",1741881441
310441265,e913.,Sakurako's Hobby,OK,"C++23 (GCC 14-64, msys2)",1741881438
310441245,1346.,Sakurako's Hobby,OK,"C++23 (GCC 14-64, msys2)",1741881434
310441221,721.,Sakurako's Hobby,OK,"C++23 (GCC 14-64, msys2)",1741881424
310441141,896.,Sakurako's Hobby,OK,"C++23 (GCC 14-64, msys2)",1741881395
310441124,qm1056.,Sakurako's Hobby,OK,PyPy 3-64,1741881389
310441118,d1753.,Longest Good Array,WRONG_ANSWER,"C++23 (GCC 14-64, msys2)",1741881387
310441116,ba283.,Sakurako's Hobby,OK,"C++23 (GCC 14-64, msys2)",1741881387
310441112,jaso1474.,Longest Good Array,OK,"C++23 (GCC 14-64, msys2)",1741881386
310441108,juanm272.,Longest Good Array,OK,"C++23 (GCC 14-64, msys2)",1741881384
310441104,on551.,Longest Good Array,OK,"C++23 (GCC 14-64, msys2)",1741881383
310441099,nic1519.,Longest Good Array,OK,"C++23 (GCC 14-64, msys2)",1741881382
310440982,wfu1190.,Longest Good Array,OK,"C++23 (GCC 14-64, msys2)",1741881330
310440980,s149.,Longest Good Array,WRONG_ANSWER,"C++23 (GCC 14-64, msys2)",1741881330
310440972,426.,Longest Good Array,OK,"C++23 (GCC 14-64, msys2)",1741881325
310440962,le1595.,Square or Not,OK,"C++23 (GCC 14-64, msys2)",1741881321
310440950,l1622.,Square or Not,OK,"C++23 (GCC 14-64, msys2)",1741881317
310440947,k931.,Square or Not,OK,"C++23 (GCC 14-64, msys2)",1741881316
310440937,per1816.,Square or Not,COMPILATION_ERROR,"C++23 (GCC 14-64, msys2)",1741881313
310440933,ba283.,Square or Not,OK,"C++23 (GCC 14-64, msys2)",1741881311
310440930,j1168.,Square or Not,COMPILATION_ERROR,"C++23 (GCC 14-64, msys2)",1741881310
310440922,ki11.,Square or Not,OK,"C++23 (GCC 14-64, msys2)",1741881308
310440919,lop1641.,Square or Not,OK,"C++23 (GCC 14-64, msys2)",1741881307
310440906,iben1173.,Sakurako's Exam,OK,"C++23 (GCC 14-64, msys2)",1741881303
310440831,joh495.,Sakurako's Exam,OK,"C++23 (GCC 14-64, msys2)",1741881273
310440815,j64.,Sakurako's Exam,OK,"C++23 (GCC 14-64, msys2)",1741881267
310440813,ma1200.,Sakurako's Exam,OK,"C++23 (GCC 14-64, msys2)",1741881266
310440810,abs337.,Sakurako's Exam,OK,"C++23 (GCC 14-64, msys2)",1741881265
310440806,bma252.,Sakurako's Exam,OK,"C++23 (GCC 14-64, msys2)",1741881264
310440804,e1241.,Sakurako's Exam,OK,"C++23 (GCC 14-64, msys2)",1741881264
310440800,ni1177.,Sakurako's Exam,OK,"C++23 (GCC 14-64, msys2)",1741881263
310439496,wzzd,Longest Good Array,OK,Python 3,1741880729
310439373,sakka09,Sakurako's Hobby,OK,C++20 (GCC 13-64),1741880680
310438714,Insightcoder,Square or Not,OK,C++20 (GCC 13-64),1741880405
310437218,2004zzy,Sakurako's Box,OK,C++17 (GCC 7-32),1741879834
310428678,Arjit_Khare,Alternating String,OK,C++17 (GCC 7-32),1741876873
310427488,Prerna11,Sakurako's Exam,OK,C++20 (GCC 13-64),1741876478
310426938,Prerna11,Sakurako's Exam,WRONG_ANSWER,C++20 (GCC 13-64),1741876277
310423485,Lakshya_Sachan,Sakurako's Hobby,OK,C++17 (GCC 7-32),1741875042
310422201,Zzzzqwq,Sakurako's Box,OK,C++20 (GCC 13-64),1741874539
310420568,lmijk,Longest Good Array,OK,C++17 (GCC 7-32),1741873971
310420212,lmijk,Longest Good Array,WRONG_ANSWER,C++17 (GCC 7-32),1741873854
310416259,Pranshu_kedia,Sakurako's Task,OK,C++20 (GCC 13-64),1741872386
310415562,s_h_oi-sH_o_b,Square or Not,WRONG_ANSWER,GNU C11,1741872120
310415368,Pranshu_kedia,Sakurako's Task,WRONG_ANSWER,C++20 (GCC 13-64),1741872051
310415073,bkifhr7,Square or Not,OK,C++17 (GCC 7-32),1741871936
310413864,Zzzzqwq,Sakurako's Box,OK,C++20 (GCC 13-64),1741871484
310413689,Zzzzqwq,Sakurako's Box,WRONG_ANSWER,C++20 (GCC 13-64),1741871416
310413006,Zzzzqwq,Sakurako's Box,WRONG_ANSWER,C++20 (GCC 13-64),1741871155
310412820,Zzzzqwq,Sakurako's Box,OK,C++20 (GCC 13-64),1741871095
310412428,Zzzzqwq,Sakurako's Box,WRONG_ANSWER,C++20 (GCC 13-64),1741870945
310412139,Zzzzqwq,Sakurako's Box,WRONG_ANSWER,C++20 (GCC 13-64),1741870839
310411396,Zzzzqwq,Sakurako's Box,WRONG_ANSWER,C++20 (GCC 13-64),1741870577
310411324,Zzzzqwq,Sakurako's Box,WRONG_ANSWER,C++20 (GCC 13-64),1741870543
310411037,Zzzzqwq,Sakurako's Box,WRONG_ANSWER,C++20 (GCC 13-64),1741870427
310410522,Zzzzqwq,Sakurako's Box,WRONG_ANSWER,C++20 (GCC 13-64),1741870244
310410387,Zzzzqwq,Sakurako's Box,WRONG_ANSWER,C++20 (GCC 13-64),1741870198
310410190,Zzzzqwq,Sakurako's Box,WRONG_ANSWER,C++20 (GCC 13-64),1741870121
310409818,Zzzzqwq,Sakurako's Box,WRONG_ANSWER,C++20 (GCC 13-64),1741869984
310409306,Nagmani,Sakurako's Box,OK,C++17 (GCC 7-32),1741869802
310409126,bkifhr9,Sakurako's Box,OK,C++17 (GCC 7-32),1741869737
310407888,Ajudiya_kashyaps,Alternating String,WRONG_ANSWER,"C++23 (GCC 14-64, msys2)",1741869299
310406837,Zzzzqwq,Alternating String,OK,C++20 (GCC 13-64),1741868901
310406714,Zzzzqwq,Alternating String,OK,C++20 (GCC 13-64),1741868850
310406502,Zzzzqwq,Alternating String,TIME_LIMIT_EXCEEDED,C++20 (GCC 13-64),1741868764
310406146,Zzzzqwq,Alternating String,MEMORY_LIMIT_EXCEEDED,C++20 (GCC 13-64),1741868638
310406026,Zzzzqwq,Alternating String,MEMORY_LIMIT_EXCEEDED,C++20 (GCC 13-64),1741868594
310405583,Aditya_Bansal,Alternating String,OK,C++17 (GCC 7-32),1741868420
310402313,xyvsvg,Sakurako's Test,OK,C++20 (GCC 13-64),1741867168
310402010,xyvsvg,Sakurako's Test,TIME_LIMIT_EXCEEDED,C++20 (GCC 13-64),1741867045
310401186,Pi213,Sakurako's Hobby,OK,PyPy 3-64,1741866748
310399354,Zzzzqwq,Sakurako's Hobby,OK,C++20 (GCC 13-64),1741866079
310394608,Zzzzqwq,Longest Good Array,OK,C++20 (GCC 13-64),1741864238
310386276,PranjalGupta280,Sakurako's Exam,OK,C++17 (GCC 7-32),1741860900
310385003,2024040020,Longest Good Array,OK,C++17 (GCC 7-32),1741860403
310384655,swal_hin,Sakurako's Exam,OK,"C++23 (GCC 14-64, msys2)",1741860271
310384218,swal_hin,Sakurako's Exam,WRONG_ANSWER,"C++23 (GCC 14-64, msys2)",1741860103
310384093,Lakshya_Sachan,Sakurako's Hobby,TIME_LIMIT_EXCEEDED,C++17 (GCC 7-32),1741860053
310383962,swal_hin,Sakurako's Exam,WRONG_ANSWER,"C++23 (GCC 14-64, msys2)",1741860002
310383470,gno847.,Sakurako's Task,WRONG_ANSWER,"C++23 (GCC 14-64, msys2)",1741859794
310383464,h1263.,Sakurako's Box,OK,PyPy 3-64,1741859791
310383457,murr1022.,Sakurako's Box,OK,PyPy 3-64,1741859788
310383451,kev219.,Sakurako's Box,WRONG_ANSWER,"C++23 (GCC 14-64, msys2)",1741859787
310383443,x1436.,Sakurako's Box,OK,PyPy 3-64,1741859784
310383418,1229.,Sakurako's Hobby,OK,"C++23 (GCC 14-64, msys2)",1741859771
310383385,mich1202.,Sakurako's Hobby,RUNTIME_ERROR,PyPy 3-64,1741859758
310383379,geor631.,Sakurako's Hobby,OK,"C++23 (GCC 14-64, msys2)",1741859756
310383371,gu1472.,Sakurako's Hobby,OK,"C++23 (GCC 14-64, msys2)",1741859753
310383365,ureye6.,Sakurako's Hobby,OK,PyPy 3-64,1741859750
310383361,vri793.,Sakurako's Hobby,OK,"C++23 (GCC 14-64, msys2)",1741859749
310383354,k700.,Sakurako's Hobby,OK,"C++23 (GCC 14-64, msys2)",1741859746
310383343,wya107.,Longest Good Array,OK,"C++23 (GCC 14-64, msys2)",1741859743
310383339,kyl1871.,Longest Good Array,OK,"C++23 (GCC 14-64, msys2)",1741859741
310383338,w1011.,Longest Good Array,OK,"C++23 (GCC 14-64, msys2)",1741859741
310383323,cald648.,Longest Good Array,OK,"C++23 (GCC 14-64, msys2)",1741859736
310383320,heat41.,Longest Good Array,OK,"C++23 (GCC 14-64, msys2)",1741859735
310383314,191.,Longest Good Array,OK,"C++23 (GCC 14-64, msys2)",1741859732
310383240,ba283.,Square or Not,OK,"C++23 (GCC 14-64, msys2)",1741859701
310383218,l1622.,Square or Not,OK,"C++23 (GCC 14-64, msys2)",1741859694
310383161,mck464.,Square or Not,OK,"C++23 (GCC 14-64, msys2)",1741859667
310383157,go1680.,Square or Not,OK,"C++23 (GCC 14-64, msys2)",1741859666
310383145,1659.,Square or Not,OK,"C++23 (GCC 14-64, msys2)",1741859662
310383143,tho703.,Square or Not,OK,"C++23 (GCC 14-64, msys2)",1741859661
310383135,z66.,Square or Not,WRONG_ANSWER,"C++23 (GCC 14-64, msys2)",1741859658
310383122,moren903.,Sakurako's Exam,OK,"C++23 (GCC 14-64, msys2)",1741859650
310383075,mich1202.,Sakurako's Exam,COMPILATION_ERROR,"C++23 (GCC 14-64, msys2)",1741859627
310383074,ts1876.,Sakurako's Exam,OK,"C++23 (GCC 14-64, msys2)",1741859626
310383057,ols32.,Sakurako's Exam,OK,"C++23 (GCC 14-64, msys2)",1741859623
310383053,hnea1582.,Sakurako's Exam,OK,"C++23 (GCC 14-64, msys2)",1741859621
310383049,co1407.,Sakurako's Exam,OK,"C++23 (GCC 14-64, msys2)",1741859621
310383040,la1731.,Sakurako's Exam,OK,"C++23 (GCC 14-64, msys2)",1741859617
310383033,ho1017.,Sakurako's Exam,OK,"C++23 (GCC 14-64, msys2)",1741859616
310381745,Sahiti_varma,Longest Good Array,WRONG_ANSWER,Python 3,1741859092
310379682,emiliopeju,Sakurako's Hobby,OK,Rust 2021,1741858202
310379125,xzhnb666,Sakurako's Hobby,OK,C++17 (GCC 7-32),1741857964
310374408,Tian_Ming_Yo,Longest Good Array,OK,C++17 (GCC 7-32),1741855854
310374143,23501A4261,Longest Good Array,OK,Java 8,1741855733
310374029,23501A4261,Longest Good Array,WRONG_ANSWER,Java 8,1741855671
310373898,23501A4261,Longest Good Array,COMPILATION_ERROR,Java 8,1741855625
310373843,goodluck_2077,Sakurako's Box,RUNTIME_ERROR,C++17 (GCC 7-32),1741855592
310373581,faishal_052,Sakurako's Box,RUNTIME_ERROR,C++17 (GCC 7-32),1741855482
310373532,Tian_Ming_Yo,Square or Not,OK,C++17 (GCC 7-32),1741855452
310373329,Nagmani,Sakurako's Box,RUNTIME_ERROR,C++17 (GCC 7-32),1741855368
310372959,Nagmani,Sakurako's Box,RUNTIME_ERROR,C++17 (GCC 7-32),1741855191
310372670,clerisy47,Alternating String,OK,"C++23 (GCC 14-64, msys2)",1741855046
310372408,saketh06,Sakurako's Hobby,OK,"C++23 (GCC 14-64, msys2)",1741854931
310371833,clerisy47,Alternating String,MEMORY_LIMIT_EXCEEDED,"C++23 (GCC 14-64, msys2)",1741854678
310371482,clerisy47,Alternating String,MEMORY_LIMIT_EXCEEDED,"C++23 (GCC 14-64, msys2)",1741854490
310370575,hu33,Longest Good Array,OK,C++17 (GCC 7-32),1741854072
310369954,PhoenixCoder01,Alternating String,OK,"C++23 (GCC 14-64, msys2)",1741853773
310369894,MONA_23501a4242,Longest Good Array,RUNTIME_ERROR,Java 8,1741853744
310368928,sabrina_abdullaeva,Sakurako's Exam,WRONG_ANSWER,Python 3,1741853272
310368669,Tian_Ming_Yo,Sakurako's Exam,OK,C++17 (GCC 7-32),1741853137
310368510,abhishekkkk,Sakurako's Box,OK,C++17 (GCC 7-32),1741853056
310368426,abhishekkkk,Sakurako's Box,OK,C++17 (GCC 7-32),1741853014
310368397,sabrina_abdullaeva,Sakurako's Exam,WRONG_ANSWER,Python 3,1741852998
310368164,abhishekkkk,Sakurako's Box,WRONG_ANSWER,C++17 (GCC 7-32),1741852886
310367215,abhishekkkk,Sakurako's Box,WRONG_ANSWER,C++17 (GCC 7-32),1741852431
310366714,abhishekkkk,Sakurako's Box,WRONG_ANSWER,C++17 (GCC 7-32),1741852183
310365578,abhishekkkk,Sakurako's Box,WRONG_ANSWER,C++17 (GCC 7-32),1741851615
310365275,SJCHSKY,Longest Good Array,OK,C++17 (GCC 7-32),1741851462
310365014,mayank94,Longest Good Array,WRONG_ANSWER,C++17 (GCC 7-32),1741851350
310364976,abhishekkkk,Sakurako's Box,WRONG_ANSWER,C++17 (GCC 7-32),1741851327
310363140,sameersingh8848,Longest Good Array,OK,C++17 (GCC 7-32),1741850465
310363118,gouhhmumu,Longest Good Array,OK,"C++23 (GCC 14-64, msys2)",1741850452
310363026,mohamedxx0,Longest Good Array,OK,"C++23 (GCC 14-64, msys2)",1741850399
310362129,abhishekkkk,Sakurako's Box,WRONG_ANSWER,C++17 (GCC 7-32),1741849940
310362063,killer651,Square or Not,OK,"C++23 (GCC 14-64, msys2)",1741849913
310359933,Nandini_127,Sakurako's Exam,OK,C++17 (GCC 7-32),1741848909
310359837,princeakanerd,Sakurako's Hobby,OK,C++17 (GCC 7-32),1741848858
310355443,rhythmrahejar,Sakurako's Test,OK,C++17 (GCC 7-32),1741846573
310354851,Ronakcp24,Sakurako's Hobby,OK,"C++23 (GCC 14-64, msys2)",1741846263
310353919,Ronakcp24,Sakurako's Hobby,TIME_LIMIT_EXCEEDED,"C++23 (GCC 14-64, msys2)",1741845770
310353801,Square__Head,Sakurako's Box,OK,C++17 (GCC 7-32),1741845708
310353756,Square__Head,Sakurako's Box,RUNTIME_ERROR,C++17 (GCC 7-32),1741845684
310353706,Square__Head,Sakurako's Box,WRONG_ANSWER,C++17 (GCC 7-32),1741845659
310353695,Ronakcp24,Sakurako's Hobby,TIME_LIMIT_EXCEEDED,"C++23 (GCC 14-64, msys2)",1741845654
310353653,Square__Head,Sakurako's Box,WRONG_ANSWER,C++17 (GCC 7-32),1741845626
310353382,Square__Head,Sakurako's Box,WRONG_ANSWER,C++17 (GCC 7-32),1741845469
310353291,Square__Head,Sakurako's Box,RUNTIME_ERROR,C++17 (GCC 7-32),1741845422
310353227,Square__Head,Sakurako's Box,RUNTIME_ERROR,C++17 (GCC 7-32),1741845380
310352354,Square__Head,Alternating String,OK,C++17 (GCC 7-32),1741844874
310348765,vikaskumar79112,Square or Not,OK,Java 21,1741842428
310347399,Lakshya_Sachan,Longest Good Array,OK,C++17 (GCC 7-32),1741841431
310347059,Lakshya_Sachan,Longest Good Array,WRONG_ANSWER,C++17 (GCC 7-32),1741841166
310347019,Lakshya_Sachan,Longest Good Array,WRONG_ANSWER,C++17 (GCC 7-32),1741841133
310346960,Lakshya_Sachan,Longest Good Array,WRONG_ANSWER,C++17 (GCC 7-32),1741841088
310345930,Lakshya_Sachan,Square or Not,OK,C++17 (GCC 7-32),1741840158
310344869,Lakshya_Sachan,Sakurako's Exam,OK,C++17 (GCC 7-32),1741839240
310342819,luzuwv1821.,Sakurako's Test,WRONG_ANSWER,"C++23 (GCC 14-64, msys2)",1741837364
310341669,da1138.,Sakurako's Test,TIME_LIMIT_EXCEEDED,"C++23 (GCC 14-64, msys2)",1741836257
310340880,crow_000,Longest Good Array,OK,C++17 (GCC 7-32),1741835504
310340760,Ronakcp24,Longest Good Array,OK,"C++23 (GCC 14-64, msys2)",1741835375
310340462,d1755.,Sakurako's Task,WRONG_ANSWER,"C++23 (GCC 14-64, msys2)",1741835055
310340307,pranshu_p,Sakurako's Exam,OK,C++17 (GCC 7-32),1741834895
310340125,Ronakcp24,Square or Not,OK,"C++23 (GCC 14-64, msys2)",1741834712
310339997,pranshu_p,Sakurako's Exam,WRONG_ANSWER,C++17 (GCC 7-32),1741834592
310339875,pranshu_p,Sakurako's Exam,WRONG_ANSWER,C++17 (GCC 7-32),1741834455
310339436,AlaaAfif,Sakurako's Exam,OK,"C++23 (GCC 14-64, msys2)",1741833985
310339122,1737.,Sakurako's Task,WRONG_ANSWER,"C++23 (GCC 14-64, msys2)",1741833682
310338823,AlaaAfif,Sakurako's Exam,WRONG_ANSWER,"C++23 (GCC 14-64, msys2)",1741833391
310338813,Ronakcp24,Sakurako's Exam,OK,"C++23 (GCC 14-64, msys2)",1741833379
310338773,Ronakcp24,Sakurako's Exam,WRONG_ANSWER,"C++23 (GCC 14-64, msys2)",1741833342
310338302,AlaaAfif,Sakurako's Exam,WRONG_ANSWER,"C++23 (GCC 14-64, msys2)",1741832848
310338162,AlaaAfif,Sakurako's Exam,WRONG_ANSWER,"C++23 (GCC 14-64, msys2)",1741832720
310337929,b539.,Sakurako's Box,OK,"C++23 (GCC 14-64, msys2)",1741832495
310337751,AlaaAfif,Square or Not,OK,"C++23 (GCC 14-64, msys2)",1741832245
310337726,AlaaAfif,Square or Not,WRONG_ANSWER,"C++23 (GCC 14-64, msys2)",1741832214
310337530,h667.,Sakurako's Box,OK,"C++23 (GCC 14-64, msys2)",1741831994
310337249,z1442.,Alternating String,OK,"C++23 (GCC 14-64, msys2)",1741831675
310337138,AlaaAfif,Square or Not,WRONG_ANSWER,"C++23 (GCC 14-64, msys2)",1741831527
310336323,j1813.,Alternating String,OK,"C++23 (GCC 14-64, msys2)",1741830474
310335346,j194.,Sakurako's Hobby,OK,"C++23 (GCC 14-64, msys2)",1741829282
310334995,isau340.,Sakurako's Hobby,OK,"C++23 (GCC 14-64, msys2)",1741828867
310334481,h1364.,Longest Good Array,OK,"C++23 (GCC 14-64, msys2)",1741828338
310334474,AlaaAfif,Longest Good Array,OK,"C++23 (GCC 14-64, msys2)",1741828334
310334432,AlaaAfif,Longest Good Array,WRONG_ANSWER,"C++23 (GCC 14-64, msys2)",1741828295
310333858,c1698.,Longest Good Array,OK,"C++23 (GCC 14-64, msys2)",1741827626
310333412,63.,Square or Not,OK,"C++23 (GCC 14-64, msys2)",1741827084
310332997,wil1278.,Square or Not,OK,"C++23 (GCC 14-64, msys2)",1741826597
310332743,1778.,Sakurako's Exam,OK,"C++23 (GCC 14-64, msys2)",1741826319
310332103,b1118.,Sakurako's Exam,OK,"C++23 (GCC 14-64, msys2)",1741825627
310330121,alexalvarez123,Sakurako's Box,OK,C++20 (GCC 13-64),1741823341
310330085,alexalvarez123,Sakurako's Box,WRONG_ANSWER,C++20 (GCC 13-64),1741823286
310329990,alexalvarez123,Sakurako's Box,WRONG_ANSWER,C++20 (GCC 13-64),1741823155
310325527,leoamb,Sakurako's Hobby,OK,Python 3,1741817999
310325482,chrisdelgado,Sakurako's Hobby,OK,C# 10,1741817957
310325242,leoamb,Sakurako's Hobby,OK,Python 3,1741817700
310324982,leoamb,Sakurako's Hobby,OK,Python 3,1741817440
310323222,Parth1510,Sakurako's Box,OK,C++17 (GCC 7-32),1741815867
310318177,leoamb,Longest Good Array,OK,Python 3,1741812586
310317224,leoamb,Longest Good Array,OK,Python 3,1741811996
310315976,c945.,Sakurako's Test,WRONG_ANSWER,"C++23 (GCC 14-64, msys2)",1741811280
310315953,Gabriel___,Sakurako's Box,OK,C++20 (GCC 13-64),1741811268
310315872,a895.,Sakurako's Test,TIME_LIMIT_EXCEEDED,"C++23 (GCC 14-64, msys2)",1741811229
310315860,mvdqt1194.,Sakurako's Test,TIME_LIMIT_EXCEEDED,"C++23 (GCC 14-64, msys2)",1741811220
310315549,1719.,Sakurako's Test,WRONG_ANSWER,"C++23 (GCC 14-64, msys2)",1741811050
310315398,ye888.,Sakurako's Task,WRONG_ANSWER,"C++23 (GCC 14-64, msys2)",1741810967
310315299,1487.,Sakurako's Task,WRONG_ANSWER,"C++23 (GCC 14-64, msys2)",1741810908
310315224,329.,Sakurako's Task,OK,"C++23 (GCC 14-64, msys2)",1741810867
310315098,kroupovaalzbeta72,Alternating String,WRONG_ANSWER,"C++23 (GCC 14-64, msys2)",1741810794
310314942,412.,Alternating String,OK,"C++23 (GCC 14-64, msys2)",1741810708
310314892,swippleshairstemtu,Sakurako's Task,WRONG_ANSWER,"C++23 (GCC 14-64, msys2)",1741810676
310314749,s582.,Alternating String,OK,"C++23 (GCC 14-64, msys2)",1741810610
310314622,1275.,Sakurako's Box,OK,"C++23 (GCC 14-64, msys2)",1741810546
310314597,haas304.,Alternating String,OK,"C++23 (GCC 14-64, msys2)",1741810526
310314438,b1381.,Sakurako's Box,WRONG_ANSWER,"C++23 (GCC 14-64, msys2)",1741810440
310314345,rom203.,Sakurako's Box,WRONG_ANSWER,"C++23 (GCC 14-64, msys2)",1741810397
310314204,c7.,Sakurako's Hobby,OK,"C++23 (GCC 14-64, msys2)",1741810320
310314095,mi836.,Sakurako's Box,OK,"C++23 (GCC 14-64, msys2)",1741810272
310314072,m187.,Sakurako's Hobby,OK,"C++23 (GCC 14-64, msys2)",1741810258
310314070,ma831.,Sakurako's Hobby,OK,"C++23 (GCC 14-64, msys2)",1741810257
310314043,fh92.,Sakurako's Hobby,OK,"C++23 (GCC 14-64, msys2)",1741810246
310313906,wi448.,Longest Good Array,OK,"C++23 (GCC 14-64, msys2)",1741810173
310313902,Kavon.1,Square or Not,OK,"C++23 (GCC 14-64, msys2)",1741810170
310313827,v317.,Longest Good Array,OK,"C++23 (GCC 14-64, msys2)",1741810132
310313818,n571.,Longest Good Array,OK,"C++23 (GCC 14-64, msys2)",1741810129
310313810,827.,Longest Good Array,OK,"C++23 (GCC 14-64, msys2)",1741810127
310313609,ma1200.,Square or Not,OK,"C++23 (GCC 14-64, msys2)",1741810020
310313607,kroupovaalzbeta72,Square or Not,OK,"C++23 (GCC 14-64, msys2)",1741810019
310313602,cor1636.,Square or Not,OK,"C++23 (GCC 14-64, msys2)",1741810016
310313500,o253.,Sakurako's Exam,OK,"C++23 (GCC 14-64, msys2)",1741809960
310313444,yha369.,Square or Not,OK,"C++23 (GCC 14-64, msys2)",1741809935
310313315,jo1168.,Sakurako's Exam,OK,"C++23 (GCC 14-64, msys2)",1741809866
310313270,nba1473.,Sakurako's Exam,OK,"C++23 (GCC 14-64, msys2)",1741809838
310313182,bri1387.,Sakurako's Exam,OK,"C++23 (GCC 14-64, msys2)",1741809793
310312717,Nazmul99,Sakurako's Exam,OK,C++17 (GCC 7-32),1741809541
310312208,capyVaron,Sakurako's Exam,OK,C++17 (GCC 7-32),1741809231
310311213,konstantindjorovic,Longest Good Array,OK,C++17 (GCC 7-32),1741808671
310309194,sexa_69,Sakurako's Box,WRONG_ANSWER,C++17 (GCC 7-32),1741807475
310308960,itsconfidential9078,Sakurako's Box,OK,C++17 (GCC 7-32),1741807364
310307013,itsconfidential9078,Alternating String,WRONG_ANSWER,C++17 (GCC 7-32),1741806346
310306821,itsconfidential9078,Alternating String,WRONG_ANSWER,C++17 (GCC 7-32),1741806257
310306515,ksxxi,Sakurako's Hobby,OK,"C++23 (GCC 14-64, msys2)",1741806077
310305912,RubayetRafsan,Sakurako's Exam,OK,"C++23 (GCC 14-64, msys2)",1741805806
310305530,RubayetRafsan,Sakurako's Exam,COMPILATION_ERROR,"C++23 (GCC 14-64, msys2)",1741805683
310305165,surbhi.gaikwad,Sakurako's Hobby,OK,C++17 (GCC 7-32),1741805508
310304793,itsconfidential9078,Alternating String,RUNTIME_ERROR,C++17 (GCC 7-32),1741805326
310304749,surbhi.gaikwad,Sakurako's Hobby,WRONG_ANSWER,C++17 (GCC 7-32),1741805297
310304550,leofoli,Sakurako's Exam,OK,C++20 (GCC 13-64),1741805192
310300915,dhsh1975,Sakurako's Hobby,OK,C++17 (GCC 7-32),1741803492
310300772,Arb_103,Longest Good Array,OK,C++20 (GCC 13-64),1741803431
310300372,itsconfidential9078,Sakurako's Hobby,OK,C++17 (GCC 7-32),1741803269
310298566,moulendu_7,Sakurako's Exam,OK,"C++23 (GCC 14-64, msys2)",1741802427
310297860,bharat1104,Sakurako's Exam,OK,Java 21,1741802117
310297302,bharat1104,Sakurako's Exam,WRONG_ANSWER,Java 21,1741801845
310297293,itsconfidential9078,Longest Good Array,OK,C++17 (GCC 7-32),1741801841
310296717,satviksde0403,Longest Good Array,OK,Java 21,1741801598
310296185,itsconfidential9078,Square or Not,OK,C++17 (GCC 7-32),1741801376
310296181,dhsh1975,Longest Good Array,OK,C++17 (GCC 7-32),1741801374
310295409,dhsh1975,Square or Not,OK,C++17 (GCC 7-32),1741801044
310295248,satviksde0403,Square or Not,OK,Java 21,1741800965
310295112,darsh_sodani007,Sakurako's Exam,OK,C++17 (GCC 7-32),1741800916
310294221,Nazmul99,Sakurako's Exam,WRONG_ANSWER,C++17 (GCC 7-32),1741800542
310294169,itsconfidential9078,Sakurako's Exam,OK,C++17 (GCC 7-32),1741800518
310293802,Nazmul99,Sakurako's Exam,WRONG_ANSWER,C++17 (GCC 7-32),1741800363
310293153,dhsh1975,Sakurako's Exam,OK,C++17 (GCC 7-32),1741800085
310293117,Nazmul99,Sakurako's Exam,WRONG_ANSWER,C++17 (GCC 7-32),1741800072
310291487,satviksde0403,Sakurako's Exam,OK,Java 21,1741799405
310291334,kartikraghu1c,Sakurako's Exam,OK,"C++23 (GCC 14-64, msys2)",1741799329
310291254,buzhiiqiuliang,Sakurako's Box,WRONG_ANSWER,C++17 (GCC 7-32),1741799300
310289569,pranshu_p,Sakurako's Exam,WRONG_ANSWER,C++17 (GCC 7-32),1741798555
310287174,buzhiiqiuliang,Sakurako's Hobby,OK,C++17 (GCC 7-32),1741797471
310286926,Pi213,Alternating String,OK,PyPy 3-64,1741797350
310286850,Pi213,Alternating String,WRONG_ANSWER,PyPy 3-64,1741797315
310286747,Pi213,Alternating String,WRONG_ANSWER,PyPy 3-64,1741797271
310286342,dipakpm75,Sakurako's Exam,OK,C++17 (GCC 7-32),1741797098
310285181,Pi213,Alternating String,RUNTIME_ERROR,PyPy 3-64,1741796535
310285079,Pi213,Alternating String,RUNTIME_ERROR,PyPy 3-64,1741796484
310284709,Pi213,Alternating String,RUNTIME_ERROR,PyPy 3-64,1741796316
310282111,arihantdogra,Sakurako's Test,OK,C++17 (GCC 7-32),1741795105
310281050,vaishnav_19,Square or Not,OK,Python 3,1741794661
310280967,buzhiiqiuliang,Square or Not,OK,C++17 (GCC 7-32),1741794624
310280865,_abhisheksharma_,Sakurako's Test,OK,C++17 (GCC 7-32),1741794579
310280797,_abhisheksharma_,Sakurako's Test,COMPILATION_ERROR,C++17 (GCC 7-32),1741794553
310280191,abhi9737,Sakurako's Test,OK,"C++23 (GCC 14-64, msys2)",1741794304
310280146,buzhiiqiuliang,Longest Good Array,OK,C++17 (GCC 7-32),1741794289
310278509,yigan_Eins,Sakurako's Task,OK,C++20 (GCC 13-64),1741793641
310278455,buzhiiqiuliang,Square or Not,WRONG_ANSWER,C++17 (GCC 7-32),1741793623
310277882,buzhiiqiuliang,Square or Not,WRONG_ANSWER,C++17 (GCC 7-32),1741793386
310277461,Adifa_7,Square or Not,OK,Java 21,1741793243
310275634,buzhiiqiuliang,Sakurako's Exam,OK,C++17 (GCC 7-32),1741792519
310275172,buzhiiqiuliang,Sakurako's Exam,WRONG_ANSWER,C++17 (GCC 7-32),1741792318
310273978,buzhiiqiuliang,Sakurako's Exam,WRONG_ANSWER,C++17 (GCC 7-32),1741791857
310273086,seif_karoui,Alternating String,OK,"C++23 (GCC 14-64, msys2)",1741791499
310271670,2024040020,Longest Good Array,OK,C++17 (GCC 7-32),1741790927
310270583,mahad.syed,Sakurako's Box,OK,C++20 (GCC 13-64),1741790486
310270180,mahad.syed,Sakurako's Box,WRONG_ANSWER,C++20 (GCC 13-64),1741790334
310269773,mahad.syed,Sakurako's Box,WRONG_ANSWER,C++20 (GCC 13-64),1741790167
310269591,mahad.syed,Sakurako's Box,WRONG_ANSWER,C++20 (GCC 13-64),1741790105
310268857,khakekz,Sakurako's Hobby,TIME_LIMIT_EXCEEDED,"C++23 (GCC 14-64, msys2)",1741789809
310264892,seif_karoui,Sakurako's Hobby,OK,"C++23 (GCC 14-64, msys2)",1741788366
310264753,seif_karoui,Sakurako's Hobby,TIME_LIMIT_EXCEEDED,"C++23 (GCC 14-64, msys2)",1741788311
310258083,Quintillions,Sakurako's Exam,OK,C++20 (GCC 13-64),1741785695
310257496,whiterook,Sakurako's Box,WRONG_ANSWER,"C++23 (GCC 14-64, msys2)",1741785424
310257077,whiterook,Sakurako's Box,WRONG_ANSWER,"C++23 (GCC 14-64, msys2)",1741785210
310256896,whiterook,Sakurako's Box,WRONG_ANSWER,"C++23 (GCC 14-64, msys2)",1741785110
310256658,bkifhr8,Square or Not,OK,C++17 (GCC 7-32),1741784979
310256440,Dominator069,Square or Not,OK,C++17 (GCC 7-32),1741784868
310255943,bkifhr7,Square or Not,OK,C++17 (GCC 7-32),1741784622
310255696,Sadman_Ishtiaks,Square or Not,OK,C++20 (GCC 13-64),1741784493
310255410,Codernikkk,Square or Not,OK,C++17 (GCC 7-32),1741784345
310255080,seif_karoui,Longest Good Array,OK,"C++23 (GCC 14-64, msys2)",1741784184
310254996,Supersidd,Sakurako's Task,OK,C++17 (GCC 7-32),1741784139
310254747,seif_karoui,Square or Not,OK,"C++23 (GCC 14-64, msys2)",1741784013
310254678,whiterook,Sakurako's Box,WRONG_ANSWER,"C++23 (GCC 14-64, msys2)",1741783977
310253903,seif_karoui,Sakurako's Exam,OK,"C++23 (GCC 14-64, msys2)",1741783563
310253042,luuphucving,Square or Not,RUNTIME_ERROR,C++17 (GCC 7-32),1741783145
310252592,DanilCh,Square or Not,COMPILATION_ERROR,C++17 (GCC 7-32),1741782919
310252566,Sadman_Ishtiaks,Square or Not,COMPILATION_ERROR,C++17 (GCC 7-32),1741782899
310252279,Artem_Pugash,Square or Not,RUNTIME_ERROR,C++17 (GCC 7-32),1741782749
310251454,Y_XT,Sakurako's Task,OK,C++17 (GCC 7-32),1741782293
310249836,Bl0ck_M0mb0,Square or Not,OK,C++17 (GCC 7-32),1741781417
310249608,bulgari2004,Sakurako's Exam,WRONG_ANSWER,C++17 (GCC 7-32),1741781284
310249525,dineshreddy25,Square or Not,WRONG_ANSWER,C++20 (GCC 13-64),1741781241
310248984,jenny-qd,Sakurako's Task,OK,C++20 (GCC 13-64),1741780958
310248712,Bl0ck_M0mb0,Longest Good Array,OK,C++17 (GCC 7-32),1741780818
310248295,jenny-qd,Sakurako's Task,WRONG_ANSWER,C++20 (GCC 13-64),1741780593
310245936,GHOST77,Sakurako's Exam,WRONG_ANSWER,C++20 (GCC 13-64),1741779377
310245125,ludYN109,Sakurako's Hobby,OK,C++20 (GCC 13-64),1741778971
310244759,andSitanshu,Sakurako's Exam,OK,C++20 (GCC 13-64),1741778780
310244469,good_paidaxing,Sakurako's Exam,OK,C++20 (GCC 13-64),1741778613
310243751,GreyHarp,Sakurako's Hobby,OK,C++20 (GCC 13-64),1741778233
310243417,bkifhr9,Square or Not,OK,"C++23 (GCC 14-64, msys2)",1741778050
310243020,Prerna11,Longest Good Array,OK,C++20 (GCC 13-64),1741777869
310242744,GreyHarp,Sakurako's Hobby,MEMORY_LIMIT_EXCEEDED,C++20 (GCC 13-64),1741777734
310240397,cow23,Sakurako's Box,OK,"C++23 (GCC 14-64, msys2)",1741776483
310240298,MEhs313,Sakurako's Hobby,OK,C++17 (GCC 7-32),1741776424
310239863,good_paidaxing,Sakurako's Exam,WRONG_ANSWER,C++20 (GCC 13-64),1741776187
310239280,good_paidaxing,Sakurako's Exam,WRONG_ANSWER,C++20 (GCC 13-64),1741775798
310238480,GreyHarp,Longest Good Array,OK,C++20 (GCC 13-64),1741775307
310238362,GreyHarp,Longest Good Array,WRONG_ANSWER,C++20 (GCC 13-64),1741775238
310237492,cow23,Alternating String,OK,"C++23 (GCC 14-64, msys2)",1741774737
310237103,GreyHarp,Square or Not,OK,C++20 (GCC 13-64),1741774516
310236046,MEhs313,Sakurako's Hobby,OK,Python 3,1741773897
310236042,Maddy_Great,Sakurako's Hobby,OK,"C++23 (GCC 14-64, msys2)",1741773895
310235795,Maddy_Great,Sakurako's Hobby,TIME_LIMIT_EXCEEDED,"C++23 (GCC 14-64, msys2)",1741773748
310234515,GreyHarp,Sakurako's Exam,OK,C++20 (GCC 13-64),1741772976
310234010,GreyHarp,Sakurako's Exam,WRONG_ANSWER,C++20 (GCC 13-64),1741772674
310233576,MEshooter,Sakurako's Test,OK,C++20 (GCC 13-64),1741772415
310233477,MEshooter,Sakurako's Test,WRONG_ANSWER,C++20 (GCC 13-64),1741772355
310233375,cow23,Sakurako's Hobby,OK,"C++23 (GCC 14-64, msys2)",1741772293
310232899,MEshooter,Sakurako's Test,TIME_LIMIT_EXCEEDED,C++20 (GCC 13-64),1741772040
310232180,cow23,Longest Good Array,OK,"C++23 (GCC 14-64, msys2)",1741771672
310231465,cow23,Square or Not,OK,"C++23 (GCC 14-64, msys2)",1741771275
310231390,a0ms1n,Sakurako's Hobby,OK,C++17 (GCC 7-32),1741771231
310231063,Moretti_Zaria,Alternating String,OK,C++17 (GCC 7-32),1741771069
310231017,Moretti_Zaria,Alternating String,RUNTIME_ERROR,C++17 (GCC 7-32),1741771048
310230552,cow23,Sakurako's Exam,OK,"C++23 (GCC 14-64, msys2)",1741770786
310229395,a0ms1n,Sakurako's Hobby,WRONG_ANSWER,C++17 (GCC 7-32),1741770315
310226875,IvanKushn,Sakurako's Exam,OK,Python 3,1741769067
310226033,gxd,Sakurako's Test,OK,"C++23 (GCC 14-64, msys2)",1741768607
310225967,MEshooter,Sakurako's Test,TIME_LIMIT_EXCEEDED,C++20 (GCC 13-64),1741768566
310224889,MEshooter,Sakurako's Test,WRONG_ANSWER,C++20 (GCC 13-64),1741767958
310224336,ScorpioDaggar,Sakurako's Test,OK,"C++23 (GCC 14-64, msys2)",1741767636
310224104,MEshooter,Sakurako's Test,WRONG_ANSWER,C++20 (GCC 13-64),1741767499
310223841,DarkestBlader,Sakurako's Test,WRONG_ANSWER,"C++23 (GCC 14-64, msys2)",1741767341
310222626,thhhhh,Sakurako's Test,OK,"C++23 (GCC 14-64, msys2)",1741766806
310219722,gym123456,Sakurako's Test,OK,C++17 (GCC 7-32),1741765113
310219205,singladishu815,Longest Good Array,WRONG_ANSWER,C++20 (GCC 13-64),1741764817
310218305,gym123456,Sakurako's Test,TIME_LIMIT_EXCEEDED,C++17 (GCC 7-32),1741764417
310217876,gym123456,Sakurako's Test,TIME_LIMIT_EXCEEDED,C++17 (GCC 7-32),1741764225
310217646,gym123456,Sakurako's Test,TIME_LIMIT_EXCEEDED,C++17 (GCC 7-32),1741764124
310216959,gym123456,Sakurako's Test,TIME_LIMIT_EXCEEDED,C++17 (GCC 7-32),1741763834
310216835,Viky23,Longest Good Array,OK,C++17 (GCC 7-32),1741763776
310216651,gym123456,Sakurako's Test,TIME_LIMIT_EXCEEDED,C++17 (GCC 7-32),1741763699
310216495,thhhhh,Sakurako's Test,TIME_LIMIT_EXCEEDED,"C++23 (GCC 14-64, msys2)",1741763629
310216460,singh_01,Alternating String,OK,C++17 (GCC 7-32),1741763614
310216272,gym123456,Sakurako's Test,TIME_LIMIT_EXCEEDED,C++17 (GCC 7-32),1741763531
310215843,gym123456,Sakurako's Test,TIME_LIMIT_EXCEEDED,C++17 (GCC 7-32),1741763340
310215580,gym123456,Sakurako's Test,TIME_LIMIT_EXCEEDED,C++17 (GCC 7-32),1741763222
310209864,lmx111,Sakurako's Test,OK,C++17 (GCC 7-32),1741760533
310209172,lmx111,Sakurako's Test,TIME_LIMIT_EXCEEDED,C++17 (GCC 7-32),1741760201
310207537,Priyanshu626,Alternating String,OK,C++20 (GCC 13-64),1741759424
310207397,lmx111,Sakurako's Test,TIME_LIMIT_EXCEEDED,C++17 (GCC 7-32),1741759340
310207166,lmx111,Sakurako's Test,TIME_LIMIT_EXCEEDED,C++17 (GCC 7-32),1741759226
310206630,lmx111,Sakurako's Test,WRONG_ANSWER,C++17 (GCC 7-32),1741758921
310206494,wenqizhi,Sakurako's Test,OK,C++20 (GCC 13-64),1741758842
310206380,lmx111,Sakurako's Test,WRONG_ANSWER,C++17 (GCC 7-32),1741758773
310206269,chicken_dev,Longest Good Array,OK,"C++23 (GCC 14-64, msys2)",1741758699
310206256,wenqizhi,Sakurako's Test,TIME_LIMIT_EXCEEDED,C++20 (GCC 13-64),1741758688
310205871,chicken_dev,Longest Good Array,WRONG_ANSWER,"C++23 (GCC 14-64, msys2)",1741758480
310205736,wenqizhi,Sakurako's Test,TIME_LIMIT_EXCEEDED,C++20 (GCC 13-64),1741758400
310204921,sushant16,Sakurako's Exam,OK,C++20 (GCC 13-64),1741757921
310203889,i_love_pushups,Sakurako's Exam,WRONG_ANSWER,C++17 (GCC 7-32),1741757337
310203394,eswarpesala,Square or Not,OK,Python 3,1741757041
310202110,maddy03,Alternating String,OK,"C++23 (GCC 14-64, msys2)",1741756273
310200553,i_love_pushups,Sakurako's Exam,WRONG_ANSWER,C++17 (GCC 7-32),1741755224
310199605,kayumov_muhammad,Sakurako's Task,OK,C++20 (GCC 13-64),1741754572
310196312,h354222857,Sakurako's Box,OK,C++20 (GCC 13-64),1741751990
310196128,h354222857,Sakurako's Box,WRONG_ANSWER,C++20 (GCC 13-64),1741751841
310195997,h354222857,Sakurako's Box,WRONG_ANSWER,C++20 (GCC 13-64),1741751735
310195923,h354222857,Sakurako's Box,WRONG_ANSWER,C++20 (GCC 13-64),1741751666
310195552,whx_xx,Sakurako's Hobby,OK,C++20 (GCC 13-64),1741751335
310192029,rezaul7081,Sakurako's Box,OK,C++17 (GCC 7-32),1741748208
310191960,Hasibur_Rahmen,Sakurako's Box,OK,C++17 (GCC 7-32),1741748141
310191928,halym2008,Sakurako's Box,WRONG_ANSWER,C++17 (GCC 7-32),1741748105
310191337,luuphucving,Sakurako's Box,WRONG_ANSWER,C++17 (GCC 7-32),1741747504
310190895,halym2008,Sakurako's Box,WRONG_ANSWER,C++17 (GCC 7-32),1741747091
310189075,Madhukm2050,Sakurako's Hobby,OK,C++17 (GCC 7-32),1741745134
310183826,SmollCoco,Sakurako's Box,OK,C++17 (GCC 7-32),1741739174
310183768,SmollCoco,Sakurako's Box,OK,C++17 (GCC 7-32),1741739117
310168738,NaifH,Sakurako's Hobby,OK,C++17 (GCC 7-32),1741723769
310166071,NaifH4,Sakurako's Hobby,TIME_LIMIT_EXCEEDED,C++17 (GCC 7-32),1741721912
310165906,NaifH,Sakurako's Hobby,TIME_LIMIT_EXCEEDED,C++17 (GCC 7-32),1741721803
310165720,NaifH,Sakurako's Hobby,TIME_LIMIT_EXCEEDED,C++17 (GCC 7-32),1741721681
310162335,trainingycopa,Sakurako's Hobby,OK,C++17 (GCC 7-32),1741719663
310162330,_Justhere_,Sakurako's Hobby,OK,C++17 (GCC 7-32),1741719659
310160604,Gadir_2880,Alternating String,OK,C++20 (GCC 13-64),1741718658
310159867,Radian6405,Square or Not,COMPILATION_ERROR,C++20 (GCC 13-64),1741718260
310159717,Radian6405,Longest Good Array,COMPILATION_ERROR,C++20 (GCC 13-64),1741718172
310159023,trainingycopa,Sakurako's Hobby,TIME_LIMIT_EXCEEDED,C++17 (GCC 7-32),1741717834
310159017,Ka_shah1234,Sakurako's Exam,OK,C++20 (GCC 13-64),1741717832
310158840,Mafruda14,Sakurako's Exam,WRONG_ANSWER,PyPy 3-64,1741717737
310157838,Silver_Blade,Longest Good Array,OK,Python 3,1741717296
310154221,Gl1gyster,Sakurako's Exam,OK,Python 3,1741715822
310152604,kishan_455,Sakurako's Exam,OK,C++17 (GCC 7-32),1741715222
310151676,kishan_455,Square or Not,OK,C++17 (GCC 7-32),1741714882
310146698,AlexJenious,Square or Not,OK,C++20 (GCC 13-64),1741713323
310146384,techmaster769420,Longest Good Array,OK,C++17 (GCC 7-32),1741713226
310106369,hvardan49149,Sakurako's Exam,OK,Java 21,1741708999
310102371,kaedesenpai_0,Sakurako's Exam,OK,C++17 (GCC 7-32),1741708708
310047300,LHaoooo,Sakurako's Exam,OK,"C++23 (GCC 14-64, msys2)",1741705590
310007843,Oaqader4,Sakurako's Exam,WRONG_ANSWER,PyPy 3-64,1741704167
309985921,Toslim_Aman,Square or Not,OK,"C++23 (GCC 14-64, msys2)",1741702006
309985775,Toslim_Aman,Square or Not,OK,C++20 (GCC 13-64),1741701936
309985617,shivacharani16,Sakurako's Exam,OK,"C++23 (GCC 14-64, msys2)",1741701859
309984783,Cryomenase,Sakurako's Exam,WRONG_ANSWER,"C++23 (GCC 14-64, msys2)",1741701485
309983301,Toslim_Aman,Square or Not,OK,"C++23 (GCC 14-64, msys2)",1741700836
309982542,acTiOn_kAmeN__,Sakurako's Exam,WRONG_ANSWER,"C++23 (GCC 14-64, msys2)",1741700529
309982091,Yuossef_azzat,Longest Good Array,OK,C++17 (GCC 7-32),1741700334
309982020,arabicmonimoni,Longest Good Array,OK,C++17 (GCC 7-32),1741700308
309981892,arabicmonimoni,Longest Good Array,WRONG_ANSWER,C++17 (GCC 7-32),1741700253
309981630,arabicmonimoni,Longest Good Array,WRONG_ANSWER,C++17 (GCC 7-32),1741700149
309981557,meow_tofu,Longest Good Array,OK,C++17 (GCC 7-32),1741700114
309981545,RapidRise,Sakurako's Exam,OK,C++20 (GCC 13-64),1741700109
309981516,meow_tofu,Longest Good Array,COMPILATION_ERROR,C++17 (GCC 7-32),1741700097
309981399,bkifhr6,Longest Good Array,WRONG_ANSWER,C++17 (GCC 7-32),1741700051
309981183,RapidRise,Sakurako's Exam,WRONG_ANSWER,C++20 (GCC 13-64),1741699964
309980706,SakshamSaldhi123,Alternating String,OK,C++20 (GCC 13-64),1741699726
309980465,po_rag526,Longest Good Array,OK,C++20 (GCC 13-64),1741699619
309979870,sameersingh8848,Longest Good Array,WRONG_ANSWER,C++20 (GCC 13-64),1741699350
309979814,Jibry,Square or Not,OK,C++20 (GCC 13-64),1741699327
309979695,janlitwim,Longest Good Array,COMPILATION_ERROR,C++20 (GCC 13-64),1741699287
309979546,Sayadd,Longest Good Array,OK,"C++23 (GCC 14-64, msys2)",1741699204
309979242,Jibry,Square or Not,WRONG_ANSWER,C++20 (GCC 13-64),1741699061
309979156,faishal_052,Longest Good Array,OK,"C++23 (GCC 14-64, msys2)",1741699023
309979002,graidy_011888,Longest Good Array,WRONG_ANSWER,"C++23 (GCC 14-64, msys2)",1741698966
309978979,Jibry,Square or Not,WRONG_ANSWER,C++20 (GCC 13-64),1741698956
309978845,Jibry,Square or Not,WRONG_ANSWER,C++20 (GCC 13-64),1741698896
309978482,Codernikkk,Longest Good Array,OK,"C++23 (GCC 14-64, msys2)",1741698736
309978434,jonathankw2005,Square or Not,OK,C++20 (GCC 13-64),1741698715
309978269,mhmd_karam,Sakurako's Hobby,OK,C++17 (GCC 7-32),1741698636
309978224,Ajudiya_kashyaps,Sakurako's Exam,WRONG_ANSWER,"C++23 (GCC 14-64, msys2)",1741698620
309977842,Hasibur_Rahmen,Longest Good Array,OK,"C++23 (GCC 14-64, msys2)",1741698455
309977743,OmarAboutaleb78,Longest Good Array,WRONG_ANSWER,"C++23 (GCC 14-64, msys2)",1741698397
309977536,mhmd_karam,Sakurako's Hobby,TIME_LIMIT_EXCEEDED,C++17 (GCC 7-32),1741698314
309977301,faishal_052,Sakurako's Exam,WRONG_ANSWER,"C++23 (GCC 14-64, msys2)",1741698225
309977112,HarshitaDeewan,Sakurako's Exam,OK,GNU C11,1741698158
309977019,HarshitaDeewan,Sakurako's Exam,WRONG_ANSWER,GNU C11,1741698128
309976526,ScorpioDaggar,Sakurako's Exam,WRONG_ANSWER,"C++23 (GCC 14-64, msys2)",1741697908
309976477,HarshitaDeewan,Sakurako's Exam,WRONG_ANSWER,GNU C11,1741697886
309976152,_professor-,Sakurako's Hobby,TIME_LIMIT_EXCEEDED,C++17 (GCC 7-32),1741697773
309975571,SakshamSaldhi123,Sakurako's Box,OK,C++20 (GCC 13-64),1741697558
309975462,DanilCh,Sakurako's Exam,WRONG_ANSWER,"C++23 (GCC 14-64, msys2)",1741697520
309975360,pp031608,Longest Good Array,OK,C++20 (GCC 13-64),1741697482
309975313,SakshamSaldhi123,Sakurako's Box,WRONG_ANSWER,C++20 (GCC 13-64),1741697463
309975131,SakshamSaldhi123,Sakurako's Box,WRONG_ANSWER,C++20 (GCC 13-64),1741697395
309975068,SakshamSaldhi123,Sakurako's Box,WRONG_ANSWER,C++20 (GCC 13-64),1741697377
309974997,pp031608,Sakurako's Exam,WRONG_ANSWER,"C++23 (GCC 14-64, msys2)",1741697351
309974939,kenpegrasia,Longest Good Array,WRONG_ANSWER,C++20 (GCC 13-64),1741697332
309974616,luuphucving,Sakurako's Exam,WRONG_ANSWER,"C++23 (GCC 14-64, msys2)",1741697215
309973861,ETO-leaders,Longest Good Array,OK,C++17 (GCC 7-32),1741696954
309973788,luuphucving,Longest Good Array,WRONG_ANSWER,C++20 (GCC 13-64),1741696931
309973572,janlitwim,Longest Good Array,OK,"C++23 (GCC 14-64, msys2)",1741696853
309973555,dogranmol,Longest Good Array,OK,Java 8,1741696846
309973494,Goldan_Respy,Longest Good Array,TIME_LIMIT_EXCEEDED,C++17 (GCC 7-32),1741696822
309973485,sameersingh8848,Longest Good Array,OK,"C++23 (GCC 14-64, msys2)",1741696818
309973265,pp031608,Longest Good Array,WRONG_ANSWER,"C++23 (GCC 14-64, msys2)",1741696734
309973153,onkar_somanic,Longest Good Array,WRONG_ANSWER,"C++23 (GCC 14-64, msys2)",1741696692
309973035,mayank94,Longest Good Array,WRONG_ANSWER,"C++23 (GCC 14-64, msys2)",1741696644
309972923,janlitwim,Longest Good Array,WRONG_ANSWER,C++20 (GCC 13-64),1741696600
309972764,bkifhr10,Longest Good Array,OK,C++20 (GCC 13-64),1741696530
309972563,me230003016,Sakurako's Hobby,OK,C++20 (GCC 13-64),1741696455
309972118,_professor-,Longest Good Array,OK,C++17 (GCC 7-32),1741696279
309971503,SilverTwilights,Sakurako's Exam,OK,"C++23 (GCC 14-64, msys2)",1741696030
309971160,Sayadd,Longest Good Array,OK,"C++23 (GCC 14-64, msys2)",1741695905
309971115,sameersingh8848,Longest Good Array,OK,C++20 (GCC 13-64),1741695891
309970906,pp031608,Longest Good Array,OK,"C++23 (GCC 14-64, msys2)",1741695798
309970901,Cryomenase,Longest Good Array,OK,"C++23 (GCC 14-64, msys2)",1741695796
309970843,Codernikkk,Longest Good Array,OK,"C++23 (GCC 14-64, msys2)",1741695777
309970829,bkifhr6,Longest Good Array,WRONG_ANSWER,C++20 (GCC 13-64),1741695770
309970722,bkifhr10,Sakurako's Exam,OK,C++17 (GCC 7-32),1741695730
309970615,ETO-leaders,Sakurako's Exam,WRONG_ANSWER,"C++23 (GCC 14-64, msys2)",1741695684
309970595,faishal_053,Sakurako's Exam,OK,"C++23 (GCC 14-64, msys2)",1741695680
309970591,aftabroushad711,Sakurako's Exam,OK,C++17 (GCC 7-32),1741695678
309970572,ADR64,Sakurako's Box,OK,"C++23 (GCC 14-64, msys2)",1741695671
309970369,mpl_peaches,Sakurako's Exam,OK,C++20 (GCC 13-64),1741695592
309970327,ADR64,Sakurako's Box,WRONG_ANSWER,"C++23 (GCC 14-64, msys2)",1741695574
309970194,LHaoooo,Longest Good Array,OK,"C++23 (GCC 14-64, msys2)",1741695523
309970119,faishal_053,Sakurako's Exam,OK,C++20 (GCC 13-64),1741695494
309969935,Serendipity23,Sakurako's Exam,WRONG_ANSWER,"C++23 (GCC 14-64, msys2)",1741695415
309969877,_professor-,Square or Not,OK,Python 3,1741695390
309969844,bkifhr8,Sakurako's Exam,OK,"C++23 (GCC 14-64, msys2)",1741695373
309969839,luuphucving,Sakurako's Exam,WRONG_ANSWER,C++17 (GCC 7-32),1741695372
309969818,faishal_053,Sakurako's Exam,WRONG_ANSWER,C++20 (GCC 13-64),1741695361
309969752,kenpegrasia,Sakurako's Exam,OK,C++20 (GCC 13-64),1741695335
309969740,mayank94,Sakurako's Exam,WRONG_ANSWER,"C++23 (GCC 14-64, msys2)",1741695332
309969663,ate.codes,Sakurako's Exam,OK,"C++23 (GCC 14-64, msys2)",1741695308
309969501,Yuossef_azzat,Sakurako's Exam,OK,C++17 (GCC 7-32),1741695243
309969427,deudoena,Sakurako's Exam,OK,"C++23 (GCC 14-64, msys2)",1741695212
309969371,ADR64,Sakurako's Box,WRONG_ANSWER,"C++23 (GCC 14-64, msys2)",1741695191
309969368,Aslan_Aslanli,Longest Good Array,OK,C++20 (GCC 13-64),1741695191
309969316,faishal_052,Longest Good Array,OK,C++20 (GCC 13-64),1741695170
309969060,bkifhr6,Sakurako's Exam,OK,C++20 (GCC 13-64),1741695078
309969048,_professor-,Square or Not,OK,C++17 (GCC 7-32),1741695071
309968900,we_114514,Sakurako's Exam,WRONG_ANSWER,"C++23 (GCC 14-64, msys2)",1741695019
309968729,pp031608,Sakurako's Exam,OK,C++20 (GCC 13-64),1741694961
309968720,Goldan_Respy,Sakurako's Exam,OK,"C++23 (GCC 14-64, msys2)",1741694955
309968653,we_114514,Sakurako's Exam,OK,"C++23 (GCC 14-64, msys2)",1741694932
309968649,halym2008,Sakurako's Exam,RUNTIME_ERROR,C++20 (GCC 13-64),1741694930
309968434,goodluck_2077,Sakurako's Exam,RUNTIME_ERROR,C++20 (GCC 13-64),1741694850
309968252,bkifhr7,Sakurako's Exam,OK,"C++23 (GCC 14-64, msys2)",1741694790
309967728,heisenpeak..123,Longest Good Array,OK,C++17 (GCC 7-32),1741694612
309966418,Nov12th_PhanTanLong,Sakurako's Hobby,OK,"C++23 (GCC 14-64, msys2)",1741694126
309965721,Dominator069,Sakurako's Hobby,OK,C++17 (GCC 7-32),1741693864
309965546,heisenpeak..123,Square or Not,OK,C++17 (GCC 7-32),1741693800
309965120,AS_ProFreak,Longest Good Array,OK,C++20 (GCC 13-64),1741693644
309964922,AS_ProFreak,Longest Good Array,COMPILATION_ERROR,C++20 (GCC 13-64),1741693556
309964320,AS_ProFreak,Longest Good Array,TIME_LIMIT_EXCEEDED,C++20 (GCC 13-64),1741693344
309964197,goodluck_2077,Square or Not,OK,Python 3,1741693296
309963151,AS_ProFreak,Longest Good Array,TIME_LIMIT_EXCEEDED,C++20 (GCC 13-64),1741692904
309962552,DarkestBlader,Alternating String,WRONG_ANSWER,C++17 (GCC 7-32),1741692673
309962241,kenpegrasia,Alternating String,WRONG_ANSWER,C++17 (GCC 7-32),1741692554
309961821,kashyap_2005,Alternating String,OK,C++17 (GCC 7-32),1741692400
309961790,git_refresh,Sakurako's Box,OK,C++20 (GCC 13-64),1741692383
309961717,heisenpeak..123,Sakurako's Exam,OK,C++17 (GCC 7-32),1741692358
309961209,kashyap_2005,Sakurako's Box,OK,C++17 (GCC 7-32),1741692166
309960672,imraquibe,Longest Good Array,OK,C++17 (GCC 7-32),1741691950
309960347,DarkestBlader,Longest Good Array,WRONG_ANSWER,C++17 (GCC 7-32),1741691835
309959706,heisenpeak..123,Sakurako's Exam,WRONG_ANSWER,C++17 (GCC 7-32),1741691566
309959404,heisenpeak..123,Sakurako's Exam,WRONG_ANSWER,C++17 (GCC 7-32),1741691446
309959337,_professor-,Sakurako's Exam,OK,C++17 (GCC 7-32),1741691422
309958818,_professor-,Sakurako's Exam,WRONG_ANSWER,C++17 (GCC 7-32),1741691200
309957730,_professor-,Sakurako's Exam,OK,Python 3,1741690741
309957324,_professor-,Sakurako's Exam,WRONG_ANSWER,Python 3,1741690564
309957153,_professor-,Sakurako's Exam,WRONG_ANSWER,Python 3,1741690487
309956575,Hridoyy,Sakurako's Hobby,OK,C++20 (GCC 13-64),1741690227
309956566,SUNDEEPGANGWAR,Longest Good Array,OK,Java 21,1741690223
309954035,Silver_Blade,Longest Good Array,TIME_LIMIT_EXCEEDED,Python 3,1741689085
309953835,SUNDEEPGANGWAR,Square or Not,OK,Java 21,1741688991
309950106,SUNDEEPGANGWAR,Sakurako's Exam,OK,Java 21,1741687307
309949243,mironshoh12,Sakurako's Exam,OK,"C++23 (GCC 14-64, msys2)",1741686919
309948872,stickyro,Longest Good Array,OK,Python 3,1741686722
309948607,stickyro,Longest Good Array,TIME_LIMIT_EXCEEDED,Python 3,1741686616
309948411,stickyro,Longest Good Array,TIME_LIMIT_EXCEEDED,Python 3,1741686535
309947995,stickyro,Longest Good Array,TIME_LIMIT_EXCEEDED,Python 3,1741686353
309947496,stickyro,Longest Good Array,TIME_LIMIT_EXCEEDED,Python 3,1741686123
309947077,MEhs313,Sakurako's Hobby,TIME_LIMIT_EXCEEDED,C++17 (GCC 7-32),1741685937
309947051,stickyro,Longest Good Array,WRONG_ANSWER,Python 3,1741685924
309946525,fml4d1,Alternating String,WRONG_ANSWER,C++20 (GCC 13-64),1741685712
309946227,fml4d1,Alternating String,WRONG_ANSWER,C++20 (GCC 13-64),1741685581
309946128,fml4d1,Alternating String,WRONG_ANSWER,C++20 (GCC 13-64),1741685539
309945682,fml4d1,Alternating String,WRONG_ANSWER,C++20 (GCC 13-64),1741685348
309945595,fml4d1,Alternating String,WRONG_ANSWER,C++20 (GCC 13-64),1741685312
309944907,fml4d1,Alternating String,WRONG_ANSWER,C++20 (GCC 13-64),1741685012
309944528,fml4d1,Alternating String,WRONG_ANSWER,C++20 (GCC 13-64),1741684847
