submission_id,user_handle,problem_name,verdict,language,creation_time
315977713,Lithium_7,Satyam and Counting,WRONG_ANSWER,"C++23 (GCC 14-64, msys2)",1744902095
315977592,Lithium_7,Satyam and Counting,WRONG_ANSWER,"C++23 (GCC 14-64, msys2)",1744902036
315977587,Fatema_Elzhraa,The Legend of Freya the Frog,WRONG_ANSWER,C++17 (GCC 7-32),1744902034
315974833,PlatonKovv,Minimize!,OK,PyPy 3-64,1744900820
315972953,nithinanand45,Minimize!,OK,Java 21,1744899987
315972816,Ahmad_Abo_Taljeh,Minimize!,OK,C++20 (GCC 13-64),1744899921
315972634,Ahmad_Abo_Taljeh,Minimize!,WRONG_ANSWER,C++20 (GCC 13-64),1744899830
315972442,Ahmad_Abo_Taljeh,Minimize!,COMPILATION_ERROR,C++20 (GCC 13-64),1744899740
315972269,Sultan_17,Minimize!,OK,PyPy 3-64,1744899653
315969988,Keval_Mori__,The Legend of Freya the Frog,WRONG_ANSWER,C++20 (GCC 13-64),1744898580
315969810,Keval_Mori__,The Legend of Freya the Frog,WRONG_ANSWER,C++20 (GCC 13-64),1744898493
315969557,sajol_cse,Satyam and Counting,OK,"C++23 (GCC 14-64, msys2)",1744898364
315969381,sajol_cse,Satyam and Counting,WRONG_ANSWER,"C++23 (GCC 14-64, msys2)",1744898284
315967710,abhijeet.fasate21,Klee's SUPER DUPER LARGE Array!!!,OK,C++20 (GCC 13-64),1744897526
315963429,abdoahmed_8959,Satyam and Counting,WRONG_ANSWER,C# 10,1744895769
315962702,Rishi_677,Firefly's Queries,OK,"C++23 (GCC 14-64, msys2)",1744895467
315962485,Rishi_677,Firefly's Queries,TIME_LIMIT_EXCEEDED,"C++23 (GCC 14-64, msys2)",1744895382
315961428,President_of_USA,osu!mania,OK,"C++23 (GCC 14-64, msys2)",1744894956
315961012,President_of_USA,osu!mania,WRONG_ANSWER,"C++23 (GCC 14-64, msys2)",1744894786
315960949,abdoahmed_8959,The Legend of Freya the Frog,OK,C# 10,1744894763
315960944,President_of_USA,The Legend of Freya the Frog,TIME_LIMIT_EXCEEDED,"C++23 (GCC 14-64, msys2)",1744894761
315960810,President_of_USA,osu!mania,WRONG_ANSWER,"C++23 (GCC 14-64, msys2)",1744894718
315960027,President_of_USA,Minimize!,OK,"C++23 (GCC 14-64, msys2)",1744894397
315959992,President_of_USA,osu!mania,WRONG_ANSWER,"C++23 (GCC 14-64, msys2)",1744894379
315959875,Sumitp007,Firefly's Queries,OK,"C++23 (GCC 14-64, msys2)",1744894323
315959845,gunavanth,Minimize!,OK,PyPy 3,1744894308
315959437,President_of_USA,Minimize!,WRONG_ANSWER,"C++23 (GCC 14-64, msys2)",1744894136
315956550,immortal_3T,The Legend of Freya the Frog,OK,C++20 (GCC 13-64),1744892844
315956537,fjx123,Firefly's Queries,OK,C++20 (GCC 13-64),1744892835
315955312,Xezrio,Klee's SUPER DUPER LARGE Array!!!,OK,C++20 (GCC 13-64),1744892268
315955076,Xezrio,Klee's SUPER DUPER LARGE Array!!!,WRONG_ANSWER,C++20 (GCC 13-64),1744892169
315954810,Xezrio,Klee's SUPER DUPER LARGE Array!!!,OK,C++20 (GCC 13-64),1744892056
315954629,Xezrio,Klee's SUPER DUPER LARGE Array!!!,WRONG_ANSWER,C++20 (GCC 13-64),1744891976
315954117,Xezrio,Klee's SUPER DUPER LARGE Array!!!,WRONG_ANSWER,C++20 (GCC 13-64),1744891758
315953628,Xezrio,Klee's SUPER DUPER LARGE Array!!!,WRONG_ANSWER,C++20 (GCC 13-64),1744891549
315953347,Xezrio,Klee's SUPER DUPER LARGE Array!!!,WRONG_ANSWER,C++20 (GCC 13-64),1744891431
315952608,_Rakib_,Klee's SUPER DUPER LARGE Array!!!,OK,C++17 (GCC 7-32),1744891119
315952298,veertejani101,The Legend of Freya the Frog,OK,"C++23 (GCC 14-64, msys2)",1744890985
315952022,fjx123,Klee's SUPER DUPER LARGE Array!!!,OK,C++20 (GCC 13-64),1744890869
315950864,anubhav2608,Satyam and Counting,OK,C++17 (GCC 7-32),1744890394
315950156,fjx123,Satyam and Counting,OK,C++20 (GCC 13-64),1744890097
315950068,fjx123,Satyam and Counting,TIME_LIMIT_EXCEEDED,C++20 (GCC 13-64),1744890059
315948896,Xezrio,Klee's SUPER DUPER LARGE Array!!!,WRONG_ANSWER,C++20 (GCC 13-64),1744889493
315948633,Rishi_677,Firefly's Queries,TIME_LIMIT_EXCEEDED,"C++23 (GCC 14-64, msys2)",1744889376
315947055,Xezrio,Klee's SUPER DUPER LARGE Array!!!,WRONG_ANSWER,C++20 (GCC 13-64),1744888659
315942325,rupa07667,Minimize!,OK,GNU C11,1744886064
315942324,abhi0,Firefly's Queries,OK,C++17 (GCC 7-32),1744886063
315942068,abhi0,Firefly's Queries,OK,C++17 (GCC 7-32),1744885908
315941223,mhishrak,The Legend of Freya the Frog,OK,C++17 (GCC 7-32),1744885421
315941221,HSangwaiya,Firefly's Queries,OK,"C++23 (GCC 14-64, msys2)",1744885419
315936250,Utsav_21,Satyam and Counting,OK,C++17 (GCC 7-32),1744882615
315935648,patra_k,Klee's SUPER DUPER LARGE Array!!!,OK,"C++23 (GCC 14-64, msys2)",1744882279
315935352,Utsav_21,Satyam and Counting,WRONG_ANSWER,C++17 (GCC 7-32),1744882134
315932352,AponChowdhury,Minimize!,OK,GNU C11,1744880482
315929184,SADIQ_insD,The Legend of Freya the Frog,OK,C++17 (GCC 7-32),1744878719
315928706,SADIQ_insD,The Legend of Freya the Frog,WRONG_ANSWER,C++17 (GCC 7-32),1744878430
315928436,SADIQ_insD,The Legend of Freya the Frog,WRONG_ANSWER,C++17 (GCC 7-32),1744878277
315926922,wendrlll,The Legend of Freya the Frog,WRONG_ANSWER,Python 3,1744877364
315926887,wendrlll,The Legend of Freya the Frog,WRONG_ANSWER,PyPy 3,1744877343
315926621,uditsh03,Yunli's Subarray Queries (easy version),OK,C++20 (GCC 13-64),1744877184
315925835,chennuharshini07,Firefly's Queries,OK,C++17 (GCC 7-32),1744876646
315925725,Ndot,Firefly's Queries,OK,C++17 (GCC 7-32),1744876582
315925137,patra_k,Klee's SUPER DUPER LARGE Array!!!,WRONG_ANSWER,"C++23 (GCC 14-64, msys2)",1744876229
315923085,fjx123,The Legend of Freya the Frog,OK,C++20 (GCC 13-64),1744874911
315920528,Husen_Nadirli,Klee's SUPER DUPER LARGE Array!!!,OK,C++20 (GCC 13-64),1744873358
315919796,AmartyaXphy,The Legend of Freya the Frog,OK,C++17 (GCC 7-32),1744872919
315919533,anhembadao299,Minimize!,OK,C++17 (GCC 7-32),1744872767
315919115,ACeveryproblem,Satyam and Counting,OK,C++20 (GCC 13-64),1744872498
315919022,ACeveryproblem,Satyam and Counting,WRONG_ANSWER,C++20 (GCC 13-64),1744872445
315918946,aradhyaagrawal2605,Satyam and Counting,OK,C++20 (GCC 13-64),1744872402
315917986,aradhyaagrawal2605,Satyam and Counting,WRONG_ANSWER,C++20 (GCC 13-64),1744871850
315917933,Daniel_Coder77,Minimize!,OK,C++17 (GCC 7-32),1744871819
315917848,aradhyaagrawal2605,Satyam and Counting,WRONG_ANSWER,C++20 (GCC 13-64),1744871770
315917540,nafijimtiaz,Satyam and Counting,OK,"C++23 (GCC 14-64, msys2)",1744871596
315916034,aradhyaagrawal2605,Satyam and Counting,WRONG_ANSWER,C++20 (GCC 13-64),1744870607
315914367,aradhyaagrawal2605,Satyam and Counting,WRONG_ANSWER,C++20 (GCC 13-64),1744869447
315913790,aradhyaagrawal2605,Satyam and Counting,WRONG_ANSWER,C++20 (GCC 13-64),1744869044
315913531,aradhyaagrawal2605,Satyam and Counting,TIME_LIMIT_EXCEEDED,C++20 (GCC 13-64),1744868891
315911905,Rain_YZL,Yunli's Subarray Queries (hard version),OK,C++20 (GCC 13-64),1744867508
315911887,Rain_YZL,Yunli's Subarray Queries (easy version),OK,C++20 (GCC 13-64),1744867487
315911516,Yuvrj2003,osu!mania,OK,C++17 (GCC 7-32),1744867143
315911316,Yuvrj2003,osu!mania,WRONG_ANSWER,C++17 (GCC 7-32),1744866959
315910855,Yuvrj2003,Minimize!,OK,C++17 (GCC 7-32),1744866528
315910802,Yuvrj2003,Minimize!,COMPILATION_ERROR,C++17 (GCC 7-32),1744866482
315909456,caraadi8,Yunli's Subarray Queries (hard version),RUNTIME_ERROR,C++17 (GCC 7-32),1744865078
315908924,Moiz_Ali,Klee's SUPER DUPER LARGE Array!!!,OK,C++20 (GCC 13-64),1744864571
315906552,myriad_cot1,Minimize!,OK,Python 3,1744861825
315905926,caraadi8,Yunli's Subarray Queries (hard version),TIME_LIMIT_EXCEEDED,C++17 (GCC 7-32),1744861061
315903409,shawonali1127,Minimize!,OK,C++17 (GCC 7-32),1744858091
315902558,Ritika_1911,Minimize!,OK,"C++23 (GCC 14-64, msys2)",1744857115
315899709,star_girl_20,Minimize!,OK,C++20 (GCC 13-64),1744852749
315899351,star_girl_20,Minimize!,COMPILATION_ERROR,GNU C11,1744852355
315895621,ahmad-0s,The Legend of Freya the Frog,TIME_LIMIT_EXCEEDED,"C++23 (GCC 14-64, msys2)",1744845940
315893595,gabriel88766,Yunli's Subarray Queries (easy version),OK,C++20 (GCC 13-64),1744842612
315891618,star_trope9,Firefly's Queries,OK,C++20 (GCC 13-64),1744840225
315891582,star_trope9,Firefly's Queries,WRONG_ANSWER,C++20 (GCC 13-64),1744840186
315890328,Aeyone,Klee's SUPER DUPER LARGE Array!!!,OK,C++20 (GCC 13-64),1744839005
315890191,Aeyone,Klee's SUPER DUPER LARGE Array!!!,WRONG_ANSWER,C++20 (GCC 13-64),1744838864
315887233,RaghavK04,Satyam and Counting,OK,C++20 (GCC 13-64),1744836158
315886754,star_trope9,Firefly's Queries,WRONG_ANSWER,C++20 (GCC 13-64),1744835813
315886571,star_trope9,Firefly's Queries,WRONG_ANSWER,C++20 (GCC 13-64),1744835658
315886155,caraadi10,Yunli's Subarray Queries (hard version),WRONG_ANSWER,C++17 (GCC 7-32),1744835392
315882230,TahrinRahman21,Minimize!,OK,"C++23 (GCC 14-64, msys2)",1744832502
315882078,TahrinRahman21,osu!mania,OK,"C++23 (GCC 14-64, msys2)",1744832388
315877761,hunterGatherer,osu!mania,OK,"C++23 (GCC 14-64, msys2)",1744829476
315876243,patelrahmankhan3,Satyam and Counting,OK,C++20 (GCC 13-64),1744828570
315875783,patelrahmankhan3,Satyam and Counting,TIME_LIMIT_EXCEEDED,C++20 (GCC 13-64),1744828312
315875097,UpsideBown,osu!mania,OK,"C++23 (GCC 14-64, msys2)",1744827939
315874859,UpsideBown,Minimize!,OK,"C++23 (GCC 14-64, msys2)",1744827811
315874552,Rajarshi123456789,Minimize!,OK,Java 21,1744827640
315872755,Rishi_677,Yunli's Subarray Queries (easy version),OK,"C++23 (GCC 14-64, msys2)",1744826628
315872411,Tamim_Hossain_209,Minimize!,OK,C++17 (GCC 7-32),1744826442
315870172,zubayer_al_kafi,The Legend of Freya the Frog,OK,C++17 (GCC 7-32),1744825346
315869874,auos,The Legend of Freya the Frog,OK,"C++23 (GCC 14-64, msys2)",1744825215
315869535,joudibrijawi,Minimize!,OK,"C++23 (GCC 14-64, msys2)",1744825055
315869416,joudibrijawi,Minimize!,COMPILATION_ERROR,"C++23 (GCC 14-64, msys2)",1744825000
315869052,sanjay18,The Legend of Freya the Frog,OK,C++17 (GCC 7-32),1744824824
315868986,auos,The Legend of Freya the Frog,TIME_LIMIT_EXCEEDED,"C++23 (GCC 14-64, msys2)",1744824796
315868123,bogdan10,osu!mania,OK,C++17 (GCC 7-32),1744824377
315866330,Md_ibrahim_khalil_50,osu!mania,WRONG_ANSWER,C++17 (GCC 7-32),1744823492
315866273,satanic_turtle,Klee's SUPER DUPER LARGE Array!!!,OK,C++17 (GCC 7-32),1744823465
315865624,sanjay18,The Legend of Freya the Frog,WRONG_ANSWER,C++17 (GCC 7-32),1744823154
315865538,sanjay18,The Legend of Freya the Frog,WRONG_ANSWER,C++17 (GCC 7-32),1744823114
315864612,Rishi_677,Yunli's Subarray Queries (easy version),TIME_LIMIT_EXCEEDED,"C++23 (GCC 14-64, msys2)",1744822660
315863690,subhrat,Satyam and Counting,OK,C++20 (GCC 13-64),1744822172
315863417,subhrat,Satyam and Counting,WRONG_ANSWER,C++20 (GCC 13-64),1744822034
315863146,subhrat,Satyam and Counting,WRONG_ANSWER,C++20 (GCC 13-64),1744821884
315862972,subhrat,Satyam and Counting,TIME_LIMIT_EXCEEDED,C++20 (GCC 13-64),1744821794
315862109,Rishi_677,Yunli's Subarray Queries (easy version),TIME_LIMIT_EXCEEDED,"C++23 (GCC 14-64, msys2)",1744821274
315861788,Rishi_677,Yunli's Subarray Queries (easy version),TIME_LIMIT_EXCEEDED,"C++23 (GCC 14-64, msys2)",1744821103
315861458,subhrat,Satyam and Counting,TIME_LIMIT_EXCEEDED,C++20 (GCC 13-64),1744820928
315861343,subhrat,Satyam and Counting,TIME_LIMIT_EXCEEDED,C++20 (GCC 13-64),1744820874
315860723,zzzxxxccc,The Legend of Freya the Frog,WRONG_ANSWER,C++17 (GCC 7-32),1744820553
315859782,zzzxxxccc,The Legend of Freya the Frog,WRONG_ANSWER,C++17 (GCC 7-32),1744820110
315858607,zzzxxxccc,The Legend of Freya the Frog,WRONG_ANSWER,C++17 (GCC 7-32),1744819950
315857789,joy1337,osu!mania,OK,C++20 (GCC 13-64),1744819607
315857363,tpd311009,osu!mania,OK,"C++23 (GCC 14-64, msys2)",1744819454
315856941,zzzxxxccc,The Legend of Freya the Frog,OK,C++17 (GCC 7-32),1744819248
315856921,MattSol,Klee's SUPER DUPER LARGE Array!!!,OK,"C++23 (GCC 14-64, msys2)",1744819236
315856744,zzzxxxccc,The Legend of Freya the Frog,WRONG_ANSWER,C++17 (GCC 7-32),1744819154
315856635,zzzxxxccc,The Legend of Freya the Frog,WRONG_ANSWER,C++17 (GCC 7-32),1744819104
315856626,vkp_00,osu!mania,OK,"C++23 (GCC 14-64, msys2)",1744819100
315856160,sanjay18,The Legend of Freya the Frog,WRONG_ANSWER,C++17 (GCC 7-32),1744818916
315855884,zzzxxxccc,The Legend of Freya the Frog,WRONG_ANSWER,C++17 (GCC 7-32),1744818778
315855850,UpsideBown,Minimize!,OK,"C++23 (GCC 14-64, msys2)",1744818757
315855352,vkp_00,Minimize!,OK,"C++23 (GCC 14-64, msys2)",1744818579
315855203,roM4ikkk,The Legend of Freya the Frog,WRONG_ANSWER,"C++23 (GCC 14-64, msys2)",1744818513
315855109,vkp_00,Minimize!,WRONG_ANSWER,"C++23 (GCC 14-64, msys2)",1744818470
315855056,zzzxxxccc,The Legend of Freya the Frog,WRONG_ANSWER,C++17 (GCC 7-32),1744818445
315854715,zzzxxxccc,The Legend of Freya the Frog,WRONG_ANSWER,C++17 (GCC 7-32),1744818296
315853371,zzzxxxccc,The Legend of Freya the Frog,WRONG_ANSWER,C++17 (GCC 7-32),1744817738
315853024,shukrea,Minimize!,OK,GNU C11,1744817602
315852643,andrey545454,osu!mania,OK,PyPy 3-64,1744817449
315849374,abdoahmed_8959,osu!mania,OK,C# 10,1744815968
315848427,Rishi_677,Yunli's Subarray Queries (easy version),TIME_LIMIT_EXCEEDED,"C++23 (GCC 14-64, msys2)",1744815531
315847710,abdoahmed_8959,osu!mania,WRONG_ANSWER,C# 10,1744815162
315846023,khajaba,Firefly's Queries,OK,C++20 (GCC 13-64),1744814288
315845805,khajaba,Firefly's Queries,WRONG_ANSWER,C++20 (GCC 13-64),1744814183
315845729,Rishi_677,Yunli's Subarray Queries (easy version),TIME_LIMIT_EXCEEDED,"C++23 (GCC 14-64, msys2)",1744814144
315845507,khajaba,Firefly's Queries,WRONG_ANSWER,C++20 (GCC 13-64),1744814040
315844445,abdoahmed_8959,Minimize!,OK,C# 10,1744813532
315844162,yagamilighto,Minimize!,OK,GNU C11,1744813406
315843698,khajaba,Firefly's Queries,WRONG_ANSWER,C++20 (GCC 13-64),1744813192
315843688,Hello_zoka,Firefly's Queries,OK,C++20 (GCC 13-64),1744813189
315841563,Tamzid_478,Minimize!,OK,GNU C11,1744812275
315840856,minhaj48,Minimize!,OK,C++20 (GCC 13-64),1744811985
315840398,sibalbrahim,Minimize!,OK,C++17 (GCC 7-32),1744811774
315840123,sibalbrahim,Minimize!,COMPILATION_ERROR,PyPy 3-64,1744811662
315836170,Hello_zoka,Klee's SUPER DUPER LARGE Array!!!,OK,C++20 (GCC 13-64),1744809938
315834730,Hello_zoka,Satyam and Counting,OK,C++20 (GCC 13-64),1744809233
315833778,Hello_zoka,The Legend of Freya the Frog,OK,C++20 (GCC 13-64),1744808773
315833414,Hello_zoka,osu!mania,OK,C++20 (GCC 13-64),1744808594
315833212,Hello_zoka,Minimize!,OK,C++20 (GCC 13-64),1744808498
315832981,Aziza2530,osu!mania,OK,"C++23 (GCC 14-64, msys2)",1744808393
315832503,Siddartha_Singha,Minimize!,OK,C++17 (GCC 7-32),1744808182
315832501,Aziza2530,osu!mania,WRONG_ANSWER,"C++23 (GCC 14-64, msys2)",1744808181
315832360,ludYN109,Satyam and Counting,OK,C++20 (GCC 13-64),1744808120
315831554,khajaba,Klee's SUPER DUPER LARGE Array!!!,OK,C++20 (GCC 13-64),1744807702
315831182,bujiangjiu,Satyam and Counting,OK,C++17 (GCC 7-32),1744807537
315830252,bujiangjiu,Satyam and Counting,WRONG_ANSWER,C++17 (GCC 7-32),1744807093
315830010,bujiangjiu,Satyam and Counting,RUNTIME_ERROR,C++17 (GCC 7-32),1744806959
315829026,sky1610,Firefly's Queries,OK,C++20 (GCC 13-64),1744806491
315828901,sky1610,Firefly's Queries,WRONG_ANSWER,C++20 (GCC 13-64),1744806423
315828135,seekh_rha_hu,Minimize!,OK,Python 3,1744806029
315827962,_goutam_kr._,The Legend of Freya the Frog,OK,C++20 (GCC 13-64),1744805944
315827950,bujiangjiu,Satyam and Counting,WRONG_ANSWER,C++17 (GCC 7-32),1744805939
315827903,seekh_rha_hu,Minimize!,WRONG_ANSWER,Python 3,1744805914
315827278,bujiangjiu,Satyam and Counting,WRONG_ANSWER,C++17 (GCC 7-32),1744805600
315827032,bujiangjiu,Satyam and Counting,WRONG_ANSWER,C++17 (GCC 7-32),1744805492
315826734,temporary,Klee's SUPER DUPER LARGE Array!!!,OK,"C++23 (GCC 14-64, msys2)",1744805344
315826544,bujiangjiu,Satyam and Counting,WRONG_ANSWER,C++17 (GCC 7-32),1744805260
315826233,bujiangjiu,Satyam and Counting,WRONG_ANSWER,C++17 (GCC 7-32),1744805100
315824907,Antar-Saginbek-004-2029,Minimize!,OK,C++20 (GCC 13-64),1744804469
315824331,bujiangjiu,The Legend of Freya the Frog,OK,C++17 (GCC 7-32),1744804156
315824055,bujiangjiu,The Legend of Freya the Frog,WRONG_ANSWER,C++17 (GCC 7-32),1744804007
315823569,bujiangjiu,The Legend of Freya the Frog,WRONG_ANSWER,C++17 (GCC 7-32),1744803754
315822951,Doaa2005,Minimize!,OK,C++20 (GCC 13-64),1744803423
315822570,bujiangjiu,osu!mania,OK,C++17 (GCC 7-32),1744803199
315822525,bujiangjiu,osu!mania,WRONG_ANSWER,C++17 (GCC 7-32),1744803171
315822276,Md.Solaiman,The Legend of Freya the Frog,OK,C++20 (GCC 13-64),1744803035
315821679,bujiangjiu,Minimize!,OK,C++17 (GCC 7-32),1744802677
315821462,harishpullagurla,Klee's SUPER DUPER LARGE Array!!!,OK,C++17 (GCC 7-32),1744802548
315820144,rajakumarbgs228,Minimize!,OK,C++17 (GCC 7-32),1744801796
315819936,rajakumarbgs228,Minimize!,WRONG_ANSWER,C++17 (GCC 7-32),1744801668
315818251,khajaba,Klee's SUPER DUPER LARGE Array!!!,TIME_LIMIT_EXCEEDED,C++20 (GCC 13-64),1744800695
315817772,khajaba,Satyam and Counting,OK,C++20 (GCC 13-64),1744800371
315816862,harishpullagurla,Satyam and Counting,OK,C++17 (GCC 7-32),1744799764
315816025,Rishi_677,Yunli's Subarray Queries (easy version),TIME_LIMIT_EXCEEDED,"C++23 (GCC 14-64, msys2)",1744799165
315814780,roM4ikkk,The Legend of Freya the Frog,WRONG_ANSWER,"C++23 (GCC 14-64, msys2)",1744798328
315814495,katya2010,Klee's SUPER DUPER LARGE Array!!!,OK,C++20 (GCC 13-64),1744798150
315814476,Rishi_677,Yunli's Subarray Queries (easy version),WRONG_ANSWER,"C++23 (GCC 14-64, msys2)",1744798142
315814335,roM4ikkk,The Legend of Freya the Frog,WRONG_ANSWER,"C++23 (GCC 14-64, msys2)",1744798068
315813927,Lluka,The Legend of Freya the Frog,WRONG_ANSWER,Python 3,1744797748
315813689,roM4ikkk,The Legend of Freya the Frog,WRONG_ANSWER,"C++23 (GCC 14-64, msys2)",1744797534
315812636,Lluka,The Legend of Freya the Frog,WRONG_ANSWER,Python 3,1744796806
315812411,Lluka,The Legend of Freya the Frog,WRONG_ANSWER,Python 3,1744796620
315811321,call_me_sharma,Firefly's Queries,COMPILATION_ERROR,"C++23 (GCC 14-64, msys2)",1744795854
315811121,Rain_YZL,Yunli's Subarray Queries (hard version),OK,C++20 (GCC 13-64),1744795715
315811099,Rain_YZL,Yunli's Subarray Queries (easy version),OK,C++20 (GCC 13-64),1744795703
315810702,husrykhaled78,The Legend of Freya the Frog,OK,C++17 (GCC 7-32),1744795484
315810408,Saransh_Agarwal,The Legend of Freya the Frog,OK,"C++23 (GCC 14-64, msys2)",1744795325
315810400,fanemigo,Yunli's Subarray Queries (easy version),OK,C++20 (GCC 13-64),1744795320
315810187,husrykhaled78,The Legend of Freya the Frog,WRONG_ANSWER,C++17 (GCC 7-32),1744795189
315810130,Saransh_Agarwal,The Legend of Freya the Frog,WRONG_ANSWER,"C++23 (GCC 14-64, msys2)",1744795154
315809981,husrykhaled78,The Legend of Freya the Frog,WRONG_ANSWER,C++17 (GCC 7-32),1744795051
315809393,husrykhaled78,The Legend of Freya the Frog,WRONG_ANSWER,C++17 (GCC 7-32),1744794702
315808834,husrykhaled78,The Legend of Freya the Frog,WRONG_ANSWER,C++17 (GCC 7-32),1744794336
315808195,zombie627,Satyam and Counting,OK,"C++23 (GCC 14-64, msys2)",1744793954
315807686,zombie627,Satyam and Counting,WRONG_ANSWER,"C++23 (GCC 14-64, msys2)",1744793640
315807474,ydc666,Firefly's Queries,OK,"C++23 (GCC 14-64, msys2)",1744793510
315806286,Youssef_bakrey,The Legend of Freya the Frog,OK,C++20 (GCC 13-64),1744792762
315806129,nitunkrishna,Minimize!,OK,GNU C11,1744792635
315805697,husrykhaled78,The Legend of Freya the Frog,WRONG_ANSWER,C++17 (GCC 7-32),1744792346
315805544,husrykhaled78,The Legend of Freya the Frog,WRONG_ANSWER,C++17 (GCC 7-32),1744792261
315805353,husrykhaled78,The Legend of Freya the Frog,WRONG_ANSWER,C++17 (GCC 7-32),1744792053
315805253,Daveet,Minimize!,OK,Python 3,1744791969
315805185,rawmeat21,Klee's SUPER DUPER LARGE Array!!!,WRONG_ANSWER,"C++23 (GCC 14-64, msys2)",1744791899
315805118,husrykhaled78,The Legend of Freya the Frog,WRONG_ANSWER,C++17 (GCC 7-32),1744791846
315805079,TickZhong,The Legend of Freya the Frog,OK,"C++23 (GCC 14-64, msys2)",1744791813
315804527,rawmeat21,The Legend of Freya the Frog,OK,"C++23 (GCC 14-64, msys2)",1744791458
315804442,rawmeat21,The Legend of Freya the Frog,WRONG_ANSWER,"C++23 (GCC 14-64, msys2)",1744791389
315803908,khajaba,The Legend of Freya the Frog,OK,C++20 (GCC 13-64),1744791031
315802785,Rishi_677,Yunli's Subarray Queries (easy version),RUNTIME_ERROR,"C++23 (GCC 14-64, msys2)",1744790244
315802301,Subh_1843,Firefly's Queries,OK,"C++23 (GCC 14-64, msys2)",1744789912
315801596,Stavros_Maniatogiannis,Minimize!,OK,C++20 (GCC 13-64),1744789380
315800846,Subh_1843,Firefly's Queries,WRONG_ANSWER,"C++23 (GCC 14-64, msys2)",1744788891
315800457,_end_king,osu!mania,OK,"C++23 (GCC 14-64, msys2)",1744788618
315799594,Nakib93,Minimize!,OK,GNU C11,1744788053
315798886,rawmeat21,Satyam and Counting,OK,"C++23 (GCC 14-64, msys2)",1744787599
315795754,Rishi_677,Yunli's Subarray Queries (easy version),COMPILATION_ERROR,"C++23 (GCC 14-64, msys2)",1744785464
315794931,owenz0,Minimize!,OK,C++17 (GCC 7-32),1744784903
315794850,owenz0,Minimize!,COMPILATION_ERROR,GNU C11,1744784843
315794273,zombie627,The Legend of Freya the Frog,OK,"C++23 (GCC 14-64, msys2)",1744784403
315794251,Rishi_677,Yunli's Subarray Queries (easy version),WRONG_ANSWER,"C++23 (GCC 14-64, msys2)",1744784386
315794205,zombie627,The Legend of Freya the Frog,WRONG_ANSWER,"C++23 (GCC 14-64, msys2)",1744784353
315793968,Youssefh,osu!mania,OK,Python 3,1744784188
315793480,rawmeat21,osu!mania,OK,"C++23 (GCC 14-64, msys2)",1744783834
315793347,Rishi_677,Yunli's Subarray Queries (easy version),RUNTIME_ERROR,"C++23 (GCC 14-64, msys2)",1744783731
315793270,rawmeat21,osu!mania,WRONG_ANSWER,"C++23 (GCC 14-64, msys2)",1744783665
315793009,zombie627,osu!mania,OK,"C++23 (GCC 14-64, msys2)",1744783460
315792837,zombie627,Minimize!,OK,"C++23 (GCC 14-64, msys2)",1744783313
315792564,rawmeat21,Minimize!,OK,"C++23 (GCC 14-64, msys2)",1744783063
315792455,rawmeat21,Minimize!,COMPILATION_ERROR,"C++23 (GCC 14-64, msys2)",1744782974
315791200,mhlrmj,Klee's SUPER DUPER LARGE Array!!!,OK,PyPy 3-64,1744781851
315789685,NKTsha,Minimize!,OK,PyPy 3-64,1744780653
315785218,aleC_aleC,Satyam and Counting,OK,C++20 (GCC 13-64),1744776290
315784127,Subh_1843,Klee's SUPER DUPER LARGE Array!!!,OK,"C++23 (GCC 14-64, msys2)",1744775243
315784037,Hanjiahang,Yunli's Subarray Queries (extreme version),OK,C++20 (GCC 13-64),1744775158
315782203,Hanjiahang,Yunli's Subarray Queries (hard version),OK,C++20 (GCC 13-64),1744772942
315782157,Hanjiahang,Yunli's Subarray Queries (hard version),WRONG_ANSWER,C++20 (GCC 13-64),1744772882
315779953,vithor_jr,The Legend of Freya the Frog,WRONG_ANSWER,Python 3,1744769907
315779792,a350,The Legend of Freya the Frog,OK,PyPy 3-64,1744769673
315779775,Hanjiahang,Yunli's Subarray Queries (easy version),OK,C++20 (GCC 13-64),1744769641
315779754,vithor_jr,The Legend of Freya the Frog,WRONG_ANSWER,Go,1744769609
315778158,benjamimlimaa,The Legend of Freya the Frog,WRONG_ANSWER,C++20 (GCC 13-64),1744767164
315778126,benjamimlimaa,The Legend of Freya the Frog,WRONG_ANSWER,C++20 (GCC 13-64),1744767124
315778051,benjamimlimaa,The Legend of Freya the Frog,WRONG_ANSWER,C++20 (GCC 13-64),1744767048
315777792,benjamimlimaa,The Legend of Freya the Frog,WRONG_ANSWER,C++20 (GCC 13-64),1744766755
315777721,NomadOfNowhere,Klee's SUPER DUPER LARGE Array!!!,OK,"C++23 (GCC 14-64, msys2)",1744766649
315777595,benjamimlimaa,The Legend of Freya the Frog,COMPILATION_ERROR,C++20 (GCC 13-64),1744766470
315777567,benjamimlimaa,The Legend of Freya the Frog,COMPILATION_ERROR,"C++23 (GCC 14-64, msys2)",1744766448
315777445,benjamimlimaa,The Legend of Freya the Frog,WRONG_ANSWER,C++20 (GCC 13-64),1744766288
315777436,alexandre.pereira,The Legend of Freya the Frog,OK,"C++23 (GCC 14-64, msys2)",1744766280
315776944,alexandre.pereira,The Legend of Freya the Frog,WRONG_ANSWER,"C++23 (GCC 14-64, msys2)",1744765467
315776632,alexandre.pereira,The Legend of Freya the Frog,WRONG_ANSWER,"C++23 (GCC 14-64, msys2)",1744764991
315776561,alexandre.pereira,The Legend of Freya the Frog,WRONG_ANSWER,"C++23 (GCC 14-64, msys2)",1744764899
315776419,alexandre.pereira,The Legend of Freya the Frog,WRONG_ANSWER,"C++23 (GCC 14-64, msys2)",1744764667
315776383,alexandre.pereira,The Legend of Freya the Frog,WRONG_ANSWER,"C++23 (GCC 14-64, msys2)",1744764601
315776117,alexandre.pereira,The Legend of Freya the Frog,WRONG_ANSWER,"C++23 (GCC 14-64, msys2)",1744764115
315775607,alexandre.pereira,The Legend of Freya the Frog,WRONG_ANSWER,"C++23 (GCC 14-64, msys2)",1744763186
315775451,alexandre.pereira,The Legend of Freya the Frog,TIME_LIMIT_EXCEEDED,"C++23 (GCC 14-64, msys2)",1744762896
315774851,Thomas_1,Minimize!,OK,C++17 (GCC 7-32),1744761893
315774700,Krishbansal333,Yunli's Subarray Queries (easy version),OK,"C++23 (GCC 14-64, msys2)",1744761591
315773060,QWorks123,osu!mania,OK,Java 21,1744758431
315769467,Krishbansal333,Yunli's Subarray Queries (easy version),RUNTIME_ERROR,"C++23 (GCC 14-64, msys2)",1744753241
315769153,Krishbansal333,Yunli's Subarray Queries (easy version),RUNTIME_ERROR,"C++23 (GCC 14-64, msys2)",1744752839
315768577,ExCaLiBuR_02,Satyam and Counting,OK,C++20 (GCC 13-64),1744752194
315767772,amansingh947667,The Legend of Freya the Frog,OK,"C++23 (GCC 14-64, msys2)",1744751332
315765704,MO7A_ELSAID,Minimize!,OK,"C++23 (GCC 14-64, msys2)",1744749337
315764188,TheRealKrish,Minimize!,OK,C++17 (GCC 7-32),1744747978
315763834,hanifesmail4466,Minimize!,OK,PyPy 3-64,1744747697
315763702,atom3014,osu!mania,OK,"C++23 (GCC 14-64, msys2)",1744747588
315763338,Rakibun-Ateed,The Legend of Freya the Frog,WRONG_ANSWER,C++17 (GCC 7-32),1744747278
315763205,atom3014,osu!mania,WRONG_ANSWER,"C++23 (GCC 14-64, msys2)",1744747169
315762709,Ak_m7uslim,Minimize!,OK,"C++23 (GCC 14-64, msys2)",1744746767
315762591,Ak_m7uslim,osu!mania,OK,"C++23 (GCC 14-64, msys2)",1744746690
315762208,auano,Minimize!,OK,Python 3,1744746413
315760505,auano,Minimize!,COMPILATION_ERROR,GNU C11,1744745165
315760371,auano,Minimize!,COMPILATION_ERROR,GNU C11,1744745062
315758580,Ayasafwat,Minimize!,OK,"C++23 (GCC 14-64, msys2)",1744743886
315756843,Turbo_Lelic,Minimize!,OK,C++17 (GCC 7-32),1744742830
315755254,umme96,The Legend of Freya the Frog,OK,C++20 (GCC 13-64),1744741962
315754743,khba,Firefly's Queries,OK,"C++23 (GCC 14-64, msys2)",1744741696
315754724,namanlp,osu!mania,OK,PyPy 3,1744741688
315754677,PrasannaVenkateshR,Minimize!,OK,Java 8,1744741664
315754365,PrasannaVenkateshR,Minimize!,COMPILATION_ERROR,Java 8,1744741557
315753157,umme96,osu!mania,OK,C++20 (GCC 13-64),1744740972
315752482,shridhar200525,Minimize!,OK,C++17 (GCC 7-32),1744740646
315751030,M_a_r_i_a_m,The Legend of Freya the Frog,OK,C++20 (GCC 13-64),1744739954
315750776,_Santiago_,Klee's SUPER DUPER LARGE Array!!!,OK,C++20 (GCC 13-64),1744739828
315750219,Aurora968,The Legend of Freya the Frog,OK,C++20 (GCC 13-64),1744739571
315750191,M_a_r_i_a_m,The Legend of Freya the Frog,WRONG_ANSWER,C++20 (GCC 13-64),1744739558
315749351,CoderNo.1,Minimize!,OK,C++17 (GCC 7-32),1744739207
315748944,Aurora968,The Legend of Freya the Frog,WRONG_ANSWER,C++20 (GCC 13-64),1744739032
315748703,rahi088,Klee's SUPER DUPER LARGE Array!!!,OK,"C++23 (GCC 14-64, msys2)",1744738925
315748094,SadKepler,Firefly's Queries,OK,C++17 (GCC 7-32),1744738648
315747919,SadKepler,Firefly's Queries,COMPILATION_ERROR,C++17 (GCC 7-32),1744738576
315747759,SadKepler,Firefly's Queries,COMPILATION_ERROR,C++17 (GCC 7-32),1744738507
315747527,SadKepler,Firefly's Queries,COMPILATION_ERROR,C++17 (GCC 7-32),1744738390
315747467,SadKepler,Firefly's Queries,COMPILATION_ERROR,C++17 (GCC 7-32),1744738362
315745782,thick_thigh_lover,Satyam and Counting,OK,C++20 (GCC 13-64),1744737588
315745764,reshat,osu!mania,OK,C++20 (GCC 13-64),1744737582
315745434,OM_202401238,osu!mania,OK,C++17 (GCC 7-32),1744737411
315744516,_Santiago_,Satyam and Counting,OK,C++20 (GCC 13-64),1744736968
315744364,_Santiago_,Satyam and Counting,WRONG_ANSWER,C++20 (GCC 13-64),1744736892
315744051,gizachew980,osu!mania,OK,Python 3,1744736718
315743971,ywalcab,The Legend of Freya the Frog,OK,"C++23 (GCC 14-64, msys2)",1744736684
315743071,ywalcab,The Legend of Freya the Frog,WRONG_ANSWER,"C++23 (GCC 14-64, msys2)",1744736314
315743004,ywalcab,The Legend of Freya the Frog,COMPILATION_ERROR,"C++23 (GCC 14-64, msys2)",1744736286
315742778,ywalcab,The Legend of Freya the Frog,WRONG_ANSWER,"C++23 (GCC 14-64, msys2)",1744736181
315742326,ywalcab,The Legend of Freya the Frog,WRONG_ANSWER,"C++23 (GCC 14-64, msys2)",1744735965
315742223,ywalcab,The Legend of Freya the Frog,WRONG_ANSWER,"C++23 (GCC 14-64, msys2)",1744735923
315740979,_Santiago_,The Legend of Freya the Frog,OK,C++20 (GCC 13-64),1744735357
315740652,_Santiago_,The Legend of Freya the Frog,WRONG_ANSWER,C++20 (GCC 13-64),1744735221
315740560,reshat,Minimize!,OK,C++20 (GCC 13-64),1744735185
315740087,_Santiago_,The Legend of Freya the Frog,WRONG_ANSWER,C++20 (GCC 13-64),1744734975
315738444,Istiak516,Satyam and Counting,OK,C++17 (GCC 7-32),1744734325
315738387,_Santiago_,The Legend of Freya the Frog,WRONG_ANSWER,C++20 (GCC 13-64),1744734302
315738295,Istiak516,Satyam and Counting,WRONG_ANSWER,C++17 (GCC 7-32),1744734263
315738188,amanullah1739,Minimize!,OK,C++20 (GCC 13-64),1744734220
315737338,_Santiago_,osu!mania,OK,C++20 (GCC 13-64),1744733889
315737128,manishkumarsahni256,Minimize!,OK,C++17 (GCC 7-32),1744733814
315736837,_Santiago_,Minimize!,OK,C++20 (GCC 13-64),1744733711
315736433,mmkfahmid2005,Minimize!,OK,"C++23 (GCC 14-64, msys2)",1744733563
315735853,sayem04102,The Legend of Freya the Frog,WRONG_ANSWER,C++17 (GCC 7-32),1744733337
315735338,sayem04102,The Legend of Freya the Frog,WRONG_ANSWER,C++17 (GCC 7-32),1744733137
315732760,Bilolbek2011,osu!mania,OK,C++20 (GCC 13-64),1744732099
315732714,Bilolbek2011,osu!mania,COMPILATION_ERROR,C++20 (GCC 13-64),1744732080
315732645,Bilolbek2011,osu!mania,RUNTIME_ERROR,C++20 (GCC 13-64),1744732051
315732571,thick_thigh_lover,Satyam and Counting,WRONG_ANSWER,C++20 (GCC 13-64),1744732021
315732322,thick_thigh_lover,Satyam and Counting,WRONG_ANSWER,C++20 (GCC 13-64),1744731926
315732238,Bilolbek2011,Minimize!,OK,C++20 (GCC 13-64),1744731889
315732163,Manav_Patel,Klee's SUPER DUPER LARGE Array!!!,OK,C++20 (GCC 13-64),1744731856
315732039,omarsaifeldeen2000,Yunli's Subarray Queries (easy version),WRONG_ANSWER,"C++23 (GCC 14-64, msys2)",1744731812
315731530,Man-D,Minimize!,OK,C++17 (GCC 7-32),1744731610
315725229,Sami-Mezghani23,Firefly's Queries,OK,"C++23 (GCC 14-64, msys2)",1744729295
315725073,utsho6528,Minimize!,OK,"C++23 (GCC 14-64, msys2)",1744729238
315719732,mfernandacs,Minimize!,OK,C++20 (GCC 13-64),1744727009
315716211,anastasia_16,osu!mania,OK,C++20 (GCC 13-64),1744725453
315716087,A257,osu!mania,OK,"C++23 (GCC 14-64, msys2)",1744725400
315715419,A257,osu!mania,RUNTIME_ERROR,"C++23 (GCC 14-64, msys2)",1744725118
315715296,Iam_BJ,Satyam and Counting,OK,"C++23 (GCC 14-64, msys2)",1744725053
315714216,A257,Minimize!,OK,"C++23 (GCC 14-64, msys2)",1744724554
315712173,ZengZhaoGan_124,Firefly's Queries,OK,C++20 (GCC 13-64),1744723700
315711682,ZengZhaoGan_124,Firefly's Queries,WRONG_ANSWER,C++20 (GCC 13-64),1744723500
315711427,Ilkin_M,Minimize!,WRONG_ANSWER,C++20 (GCC 13-64),1744723386
315709190,Sami-Mezghani23,Klee's SUPER DUPER LARGE Array!!!,OK,"C++23 (GCC 14-64, msys2)",1744722379
315708604,chumeng,Firefly's Queries,OK,"C++23 (GCC 14-64, msys2)",1744722131
315707872,lpankajvenkat,The Legend of Freya the Frog,WRONG_ANSWER,C++17 (GCC 7-32),1744721124
315707761,chumeng,Firefly's Queries,RUNTIME_ERROR,"C++23 (GCC 14-64, msys2)",1744721069
315707320,Lebron2005,Firefly's Queries,OK,C++20 (GCC 13-64),1744720891
315706251,Lebron2005,Klee's SUPER DUPER LARGE Array!!!,OK,C++20 (GCC 13-64),1744720388
315705578,lpankajvenkat,osu!mania,OK,C++17 (GCC 7-32),1744720074
315705341,xhphp,Klee's SUPER DUPER LARGE Array!!!,OK,"C++23 (GCC 14-64, msys2)",1744719968
315704355,lpankajvenkat,Minimize!,OK,C++17 (GCC 7-32),1744719511
315704051,tiger_potter_1,The Legend of Freya the Frog,OK,C++17 (GCC 7-32),1744719377
315703864,Lebron2005,Satyam and Counting,OK,C++20 (GCC 13-64),1744719294
315699416,Rahim_kr,Minimize!,OK,C++17 (GCC 7-32),1744717348
315699044,Biswajit_03,Minimize!,OK,C++17 (GCC 7-32),1744717168
315697968,kittydev,Minimize!,OK,C++20 (GCC 13-64),1744716636
315697880,Lebron2005,The Legend of Freya the Frog,OK,C++20 (GCC 13-64),1744716593
315697387,umme96,Minimize!,OK,C++20 (GCC 13-64),1744716347
315696686,Lebron2005,osu!mania,OK,C++20 (GCC 13-64),1744715968
315696350,Lebron2005,Minimize!,OK,C++20 (GCC 13-64),1744715803
315695761,Izumi_3900,Satyam and Counting,OK,C++17 (GCC 7-32),1744715487
315695595,Izumi_3900,Satyam and Counting,OK,C++17 (GCC 7-32),1744715402
315695558,Hemal,Firefly's Queries,OK,C++17 (GCC 7-32),1744715378
315695546,Axlin_618,Minimize!,OK,C++17 (GCC 7-32),1744715370
315693955,tiger_potter_1,The Legend of Freya the Frog,WRONG_ANSWER,C++17 (GCC 7-32),1744714525
315693247,Hemal,Satyam and Counting,OK,C++17 (GCC 7-32),1744714126
315693074,tiger_potter_1,The Legend of Freya the Frog,WRONG_ANSWER,C++17 (GCC 7-32),1744714040
315693022,tiger_potter_1,The Legend of Freya the Frog,WRONG_ANSWER,C++17 (GCC 7-32),1744714012
315692478,Hemal,Satyam and Counting,WRONG_ANSWER,C++17 (GCC 7-32),1744713733
315692059,Hemal,The Legend of Freya the Frog,OK,C++17 (GCC 7-32),1744713512
315691754,Hemal,osu!mania,OK,C++17 (GCC 7-32),1744713351
315691508,mihleonid,Firefly's Queries,OK,PyPy 3-64,1744713211
315691463,Hemal,Minimize!,OK,C++17 (GCC 7-32),1744713189
315690635,guojinrongShengriWhere,Satyam and Counting,WRONG_ANSWER,"C++23 (GCC 14-64, msys2)",1744712701
315690358,guojinrongShengriWhere,Satyam and Counting,WRONG_ANSWER,"C++23 (GCC 14-64, msys2)",1744712542
315690245,Izumi_3900,Satyam and Counting,OK,C++17 (GCC 7-32),1744712474
315689899,mihleonid,Klee's SUPER DUPER LARGE Array!!!,OK,PyPy 3-64,1744712278
315689874,Izumi_3900,Satyam and Counting,OK,C++17 (GCC 7-32),1744712269
315689294,sayem04102,The Legend of Freya the Frog,WRONG_ANSWER,C++17 (GCC 7-32),1744711948
315689066,mihleonid,Satyam and Counting,OK,PyPy 3-64,1744711807
315688785,Izumi_3900,Satyam and Counting,WRONG_ANSWER,C++17 (GCC 7-32),1744711668
315688750,sayem04102,The Legend of Freya the Frog,WRONG_ANSWER,C++17 (GCC 7-32),1744711642
315688545,mihleonid,The Legend of Freya the Frog,OK,PyPy 3-64,1744711518
315688415,mihleonid,osu!mania,OK,PyPy 3-64,1744711440
315688379,norahhc,The Legend of Freya the Frog,OK,"C++23 (GCC 14-64, msys2)",1744711415
315688346,mihleonid,osu!mania,WRONG_ANSWER,PyPy 3-64,1744711398
315688329,Izumi_3900,Satyam and Counting,WRONG_ANSWER,C++17 (GCC 7-32),1744711385
315688185,mihleonid,Minimize!,OK,PyPy 3-64,1744711313
315687115,norahhc,The Legend of Freya the Frog,TIME_LIMIT_EXCEEDED,"C++23 (GCC 14-64, msys2)",1744710700
315686688,guojinrongShengriWhere,The Legend of Freya the Frog,OK,"C++23 (GCC 14-64, msys2)",1744710491
315686218,guojinrongShengriWhere,The Legend of Freya the Frog,WRONG_ANSWER,"C++23 (GCC 14-64, msys2)",1744710233
315686029,guojinrongShengriWhere,The Legend of Freya the Frog,WRONG_ANSWER,"C++23 (GCC 14-64, msys2)",1744710140
315684307,akshayv18,The Legend of Freya the Frog,OK,C++17 (GCC 7-32),1744709199
315681226,guojinrongShengriWhere,osu!mania,OK,"C++23 (GCC 14-64, msys2)",1744707533
315679634,WYX1210,Yunli's Subarray Queries (easy version),OK,C++17 (GCC 7-32),1744706777
315678104,Black-fire,Minimize!,OK,C++17 (GCC 7-32),1744706076
315677570,shubhomoy_dey,The Legend of Freya the Frog,OK,C++17 (GCC 7-32),1744705827
315677382,shubhomoy_dey,The Legend of Freya the Frog,COMPILATION_ERROR,C++17 (GCC 7-32),1744705742
315677290,shubhomoy_dey,The Legend of Freya the Frog,COMPILATION_ERROR,C++17 (GCC 7-32),1744705702
315677137,shubhomoy_dey,The Legend of Freya the Frog,COMPILATION_ERROR,C++17 (GCC 7-32),1744705647
315676985,shubhomoy_dey,The Legend of Freya the Frog,COMPILATION_ERROR,C++17 (GCC 7-32),1744705590
315676858,shubhomoy_dey,The Legend of Freya the Frog,COMPILATION_ERROR,C++17 (GCC 7-32),1744705535
315672870,Kon_Den_2025,Satyam and Counting,OK,PyPy 3-64,1744703565
315670885,OM_202401238,osu!mania,WRONG_ANSWER,C++17 (GCC 7-32),1744702397
315666805,rustyS4h1L,The Legend of Freya the Frog,OK,C++17 (GCC 7-32),1744699765
315666443,rustyS4h1L,The Legend of Freya the Frog,WRONG_ANSWER,C++17 (GCC 7-32),1744699525
315665400,s1p3k,Satyam and Counting,WRONG_ANSWER,GNU C11,1744698863
315664296,ytanishq8,osu!mania,OK,C++17 (GCC 7-32),1744698163
315660405,samir_94,The Legend of Freya the Frog,WRONG_ANSWER,C++17 (GCC 7-32),1744695570
315660117,samir_94,The Legend of Freya the Frog,WRONG_ANSWER,C++17 (GCC 7-32),1744695378
315659542,Behram._bk,Minimize!,OK,C++20 (GCC 13-64),1744694916
315659274,samir_94,The Legend of Freya the Frog,WRONG_ANSWER,C++17 (GCC 7-32),1744694700
315658079,rastinalavi7771,Minimize!,OK,C++17 (GCC 7-32),1744693728
315657696,Kon_Den_2025,Klee's SUPER DUPER LARGE Array!!!,OK,PyPy 3-64,1744693400
315657600,Kon_Den_2025,Klee's SUPER DUPER LARGE Array!!!,WRONG_ANSWER,PyPy 3-64,1744693329
315657426,Kon_Den_2025,Klee's SUPER DUPER LARGE Array!!!,WRONG_ANSWER,PyPy 3-64,1744693167
315656574,Kon_Den_2025,Klee's SUPER DUPER LARGE Array!!!,WRONG_ANSWER,PyPy 3-64,1744692456
315656498,Kon_Den_2025,Klee's SUPER DUPER LARGE Array!!!,WRONG_ANSWER,PyPy 3-64,1744692389
315656337,Md.zuel,The Legend of Freya the Frog,OK,C++17 (GCC 7-32),1744692273
315655360,Nam_2112joj,Minimize!,WRONG_ANSWER,C++17 (GCC 7-32),1744691447
315655141,Nam_2112joj,Minimize!,WRONG_ANSWER,C++17 (GCC 7-32),1744691226
315654985,Enryue,Minimize!,OK,"C++23 (GCC 14-64, msys2)",1744691082
315654750,Kon_Den_2025,Klee's SUPER DUPER LARGE Array!!!,WRONG_ANSWER,PyPy 3-64,1744690880
315653241,pks10,Minimize!,OK,C++20 (GCC 13-64),1744689478
315653209,adityakrishna.seepana,osu!mania,OK,C++17 (GCC 7-32),1744689450
315652034,rp____2903,osu!mania,OK,"C++23 (GCC 14-64, msys2)",1744688232
315649171,bbblex,Minimize!,OK,C++17 (GCC 7-32),1744685057
315648553,bbblex,Minimize!,WRONG_ANSWER,C++17 (GCC 7-32),1744684393
315648537,bbblex,Minimize!,COMPILATION_ERROR,C++17 (GCC 7-32),1744684375
315648332,bbblex,Minimize!,WRONG_ANSWER,C++17 (GCC 7-32),1744684131
315644746,bayra,Minimize!,OK,C++17 (GCC 7-32),1744679605
315641581,Sami-Mezghani23,Satyam and Counting,OK,"C++23 (GCC 14-64, msys2)",1744674650
315641489,Sami-Mezghani23,Satyam and Counting,OK,"C++23 (GCC 14-64, msys2)",1744674484
315641276,Sami-Mezghani23,Satyam and Counting,WRONG_ANSWER,"C++23 (GCC 14-64, msys2)",1744674094
315641070,npeismyopp,osu!mania,OK,C++17 (GCC 7-32),1744673690
315640973,npeismyopp,Minimize!,OK,C++17 (GCC 7-32),1744673508
315638863,Comando_32,Minimize!,OK,GNU C11,1744669971
315638107,Amaal0,Minimize!,OK,"C++23 (GCC 14-64, msys2)",1744669011
315637962,mahad.syed,Firefly's Queries,OK,C++20 (GCC 13-64),1744668830
315636174,Sami-Mezghani23,Satyam and Counting,WRONG_ANSWER,"C++23 (GCC 14-64, msys2)",1744666715
315633727,Sami-Mezghani23,The Legend of Freya the Frog,OK,"C++23 (GCC 14-64, msys2)",1744664347
315633312,M_a_r_i_a_m,The Legend of Freya the Frog,WRONG_ANSWER,C++20 (GCC 13-64),1744664038
315633228,hardikmathur02,The Legend of Freya the Frog,WRONG_ANSWER,C++20 (GCC 13-64),1744663971
315632441,Sami-Mezghani23,osu!mania,OK,"C++23 (GCC 14-64, msys2)",1744663379
315632172,Sami-Mezghani23,Minimize!,OK,"C++23 (GCC 14-64, msys2)",1744663166
315631247,Salzcity,Minimize!,OK,PyPy 3-64,1744662497
315630943,M_a_r_i_a_m,The Legend of Freya the Frog,WRONG_ANSWER,C++20 (GCC 13-64),1744662315
315629876,premjaiswar11,osu!mania,OK,C++17 (GCC 7-32),1744661656
315629114,premjaiswar11,Minimize!,OK,C++17 (GCC 7-32),1744661173
315627100,foorhad,osu!mania,OK,C++20 (GCC 13-64),1744659937
315626431,Anas_fayez_7,Minimize!,OK,"C++23 (GCC 14-64, msys2)",1744659526
315626267,s__d,Minimize!,OK,C++17 (GCC 7-32),1744659436
315625749,Anas_fayez_7,Minimize!,WRONG_ANSWER,"C++23 (GCC 14-64, msys2)",1744659130
315625217,foorhad,Minimize!,OK,C++20 (GCC 13-64),1744658818
315621859,Shaifur,The Legend of Freya the Frog,OK,C++17 (GCC 7-32),1744657043
315620948,Quantum_Coder_HKR,Minimize!,OK,"C++23 (GCC 14-64, msys2)",1744656593
315620479,Sajjad_H_Hridoy,Minimize!,OK,C++17 (GCC 7-32),1744656366
315620210,umang_does_cp,Klee's SUPER DUPER LARGE Array!!!,OK,"C++23 (GCC 14-64, msys2)",1744656232
315619795,Zeyad_Farag,Minimize!,OK,C# 10,1744656008
315619632,Zeyad_Farag,Minimize!,OK,C# 10,1744655922
315619533,Zeyad_Farag,Minimize!,RUNTIME_ERROR,C# 10,1744655865
315619190,arq.edu345,Minimize!,OK,"C++23 (GCC 14-64, msys2)",1744655695
315618627,tawfikMohamed,Minimize!,COMPILATION_ERROR,C# 10,1744655447
315618378,ColdestKyurem,osu!mania,WRONG_ANSWER,"C++23 (GCC 14-64, msys2)",1744655337
315617772,ahmedeldemer88,Minimize!,OK,C# 10,1744655075
315617538,elmaghrabymohamed384,Minimize!,OK,C++20 (GCC 13-64),1744654969
315617408,ahmedeldemer88,Minimize!,RUNTIME_ERROR,C# 10,1744654919
315616924,nmtungthienhadenhat,Minimize!,OK,C++17 (GCC 7-32),1744654707
315616449,Jana_elhenawy,osu!mania,OK,C++17 (GCC 7-32),1744654481
315616426,nmtungthienhadenhat,Minimize!,WRONG_ANSWER,C++17 (GCC 7-32),1744654470
315615455,ytanishq8,Minimize!,OK,C++17 (GCC 7-32),1744654031
315615279,i240847,Minimize!,OK,"C++23 (GCC 14-64, msys2)",1744653960
315615047,ayushman1628,Minimize!,OK,C++20 (GCC 13-64),1744653840
315614645,rajibulalam,osu!mania,OK,C++17 (GCC 7-32),1744653682
315614518,wei666,Klee's SUPER DUPER LARGE Array!!!,TIME_LIMIT_EXCEEDED,C++17 (GCC 7-32),1744653608
315613470,ABadName1001,osu!mania,OK,C++17 (GCC 7-32),1744653106
315613275,_.Prantik._,Minimize!,OK,C++17 (GCC 7-32),1744653021
315613224,wei666,The Legend of Freya the Frog,WRONG_ANSWER,C++17 (GCC 7-32),1744652999
315612684,wei666,The Legend of Freya the Frog,WRONG_ANSWER,C++17 (GCC 7-32),1744652745
315612494,_.Prantik._,osu!mania,OK,C++17 (GCC 7-32),1744652654
315610695,blehhP,The Legend of Freya the Frog,OK,C++17 (GCC 7-32),1744651807
315607189,khajaba,osu!mania,OK,C++20 (GCC 13-64),1744650181
315607107,khajaba,osu!mania,COMPILATION_ERROR,C++20 (GCC 13-64),1744650146
315603734,Aeyone,Satyam and Counting,OK,C++20 (GCC 13-64),1744648653
315603432,Aeyone,Satyam and Counting,WRONG_ANSWER,C++20 (GCC 13-64),1744648514
315603248,khajaba,Minimize!,OK,C++20 (GCC 13-64),1744648432
315603155,thick_thigh_lover,Klee's SUPER DUPER LARGE Array!!!,OK,C++20 (GCC 13-64),1744648387
315603119,Aeyone,Satyam and Counting,WRONG_ANSWER,C++20 (GCC 13-64),1744648369
315601205,anres,Satyam and Counting,OK,PyPy 3-64,1744647544
315601084,ArmoredTitan11651,The Legend of Freya the Frog,OK,C++20 (GCC 13-64),1744647488
315601042,patra_k,Satyam and Counting,OK,"C++23 (GCC 14-64, msys2)",1744647471
315600344,wei666,The Legend of Freya the Frog,WRONG_ANSWER,C++17 (GCC 7-32),1744647185
315599584,M_a_r_i_a_m,The Legend of Freya the Frog,WRONG_ANSWER,C++20 (GCC 13-64),1744646818
315599372,Aishcuf,Firefly's Queries,OK,"C++23 (GCC 14-64, msys2)",1744646715
315599353,M_a_r_i_a_m,The Legend of Freya the Frog,WRONG_ANSWER,C++20 (GCC 13-64),1744646707
315598820,SHUBHAM_SINGH_PATEL__,Firefly's Queries,OK,"C++23 (GCC 14-64, msys2)",1744646575
315598491,SHUBHAM_SINGH_PATEL__,Firefly's Queries,OK,"C++23 (GCC 14-64, msys2)",1744646450
315598427,wei666,The Legend of Freya the Frog,WRONG_ANSWER,C++17 (GCC 7-32),1744646426
315598095,wei666,The Legend of Freya the Frog,WRONG_ANSWER,C++17 (GCC 7-32),1744646291
315597969,Amir_Elfoly,Satyam and Counting,WRONG_ANSWER,C++20 (GCC 13-64),1744646247
315597963,wei666,The Legend of Freya the Frog,WRONG_ANSWER,C++20 (GCC 13-64),1744646244
315597761,Amir_Elfoly,Satyam and Counting,COMPILATION_ERROR,C++20 (GCC 13-64),1744646170
315596272,wei666,Minimize!,WRONG_ANSWER,C++20 (GCC 13-64),1744645623
315595828,Aeyone,The Legend of Freya the Frog,OK,C++20 (GCC 13-64),1744645454
315595202,Amir_Elfoly,The Legend of Freya the Frog,OK,C++20 (GCC 13-64),1744645210
315595055,wei666,osu!mania,OK,C++20 (GCC 13-64),1744645158
315594646,Amir_Elfoly,osu!mania,RUNTIME_ERROR,C++20 (GCC 13-64),1744645024
315594476,Aeyone,The Legend of Freya the Frog,TIME_LIMIT_EXCEEDED,C++20 (GCC 13-64),1744644961
315594338,Aeyone,The Legend of Freya the Frog,COMPILATION_ERROR,C++20 (GCC 13-64),1744644918
315594312,Amir_Elfoly,The Legend of Freya the Frog,WRONG_ANSWER,C++20 (GCC 13-64),1744644908
315593522,Amir_Elfoly,The Legend of Freya the Frog,WRONG_ANSWER,C++20 (GCC 13-64),1744644553
315593079,Aeyone,osu!mania,OK,C++20 (GCC 13-64),1744644364
315592853,Amir_Elfoly,The Legend of Freya the Frog,WRONG_ANSWER,C++20 (GCC 13-64),1744644263
315592307,wei666,Minimize!,WRONG_ANSWER,C++20 (GCC 13-64),1744643998
315591998,Aeyone,Minimize!,OK,C++20 (GCC 13-64),1744643864
315591434,_.Prantik._,osu!mania,WRONG_ANSWER,C++17 (GCC 7-32),1744643619
315590975,parekh,Satyam and Counting,OK,"C++23 (GCC 14-64, msys2)",1744643411
315590720,d_vit_21ktoh,Minimize!,OK,C++20 (GCC 13-64),1744643304
315590692,Amir_Elfoly,osu!mania,OK,C++20 (GCC 13-64),1744643290
315589585,mobakry616,Satyam and Counting,WRONG_ANSWER,"C++23 (GCC 14-64, msys2)",1744642799
315589528,parekh,The Legend of Freya the Frog,OK,"C++23 (GCC 14-64, msys2)",1744642778
315589427,Amir_Elfoly,osu!mania,WRONG_ANSWER,C++20 (GCC 13-64),1744642742
315589122,parekh,The Legend of Freya the Frog,WRONG_ANSWER,"C++23 (GCC 14-64, msys2)",1744642610
315588574,parekh,The Legend of Freya the Frog,WRONG_ANSWER,"C++23 (GCC 14-64, msys2)",1744642397
315588435,mobakry616,Satyam and Counting,WRONG_ANSWER,"C++23 (GCC 14-64, msys2)",1744642338
315587901,parekh,The Legend of Freya the Frog,WRONG_ANSWER,"C++23 (GCC 14-64, msys2)",1744642143
315586100,Amir_Elfoly,osu!mania,WRONG_ANSWER,C++20 (GCC 13-64),1744641430
315585761,Amir_Elfoly,osu!mania,WRONG_ANSWER,C++20 (GCC 13-64),1744641257
315585367,Amir_Elfoly,osu!mania,WRONG_ANSWER,C++20 (GCC 13-64),1744641084
315585199,Amir_Elfoly,osu!mania,WRONG_ANSWER,C++20 (GCC 13-64),1744640999
315584942,Amir_Elfoly,Minimize!,OK,C++20 (GCC 13-64),1744640861
315583032,Md.zuel,The Legend of Freya the Frog,WRONG_ANSWER,C++17 (GCC 7-32),1744639983
315582423,M_a_r_i_a_m,Minimize!,OK,C++20 (GCC 13-64),1744639694
315582076,Md.zuel,The Legend of Freya the Frog,WRONG_ANSWER,C++17 (GCC 7-32),1744639540
315581956,M_a_r_i_a_m,osu!mania,OK,C++20 (GCC 13-64),1744639490
315578971,M_a_r_i_a_m,Minimize!,OK,C++20 (GCC 13-64),1744637779
315578481,fazlerabbi.i,osu!mania,OK,C++20 (GCC 13-64),1744637480
315578409,fazlerabbi.i,Minimize!,OK,C++20 (GCC 13-64),1744637432
315578034,mobakry616,Klee's SUPER DUPER LARGE Array!!!,OK,"C++23 (GCC 14-64, msys2)",1744637163
315577964,Amir_Elfoly,Satyam and Counting,WRONG_ANSWER,C++20 (GCC 13-64),1744637112
315577938,fazlerabbi.i,osu!mania,OK,C++20 (GCC 13-64),1744637095
315577903,Yatharth31,Minimize!,OK,C++17 (GCC 7-32),1744637068
315577422,guojinrongShengriWhere,Minimize!,OK,"C++23 (GCC 14-64, msys2)",1744636676
315577399,guojinrongShengriWhere,Minimize!,OK,"C++23 (GCC 14-64, msys2)",1744636654
315577130,guojinrongShengriWhere,osu!mania,RUNTIME_ERROR,"C++23 (GCC 14-64, msys2)",1744636427
315576222,Amir_Elfoly,The Legend of Freya the Frog,WRONG_ANSWER,C++20 (GCC 13-64),1744635595
315576053,ZengZhaoGan_124,Klee's SUPER DUPER LARGE Array!!!,OK,C++20 (GCC 13-64),1744635473
315575994,antonsj,The Legend of Freya the Frog,OK,PyPy 3-64,1744635424
315575760,fazlerabbi.i,Minimize!,OK,C++20 (GCC 13-64),1744635236
315575511,mobakry616,Klee's SUPER DUPER LARGE Array!!!,TIME_LIMIT_EXCEEDED,"C++23 (GCC 14-64, msys2)",1744635000
315574966,Amir_Elfoly,osu!mania,COMPILATION_ERROR,C++20 (GCC 13-64),1744634512
315574750,Amir_Elfoly,Minimize!,WRONG_ANSWER,C++20 (GCC 13-64),1744634320
315574707,Amir_Elfoly,Minimize!,TIME_LIMIT_EXCEEDED,C++20 (GCC 13-64),1744634288
315574488,guojinrongShengriWhere,osu!mania,WRONG_ANSWER,"C++23 (GCC 14-64, msys2)",1744634114
315574385,Amir_Elfoly,Minimize!,WRONG_ANSWER,C++20 (GCC 13-64),1744634029
315574045,Muhammed-006-2028,Minimize!,OK,C++20 (GCC 13-64),1744633728
315573820,agharaprutha,Minimize!,OK,"C++23 (GCC 14-64, msys2)",1744633525
315573814,guojinrongShengriWhere,Minimize!,OK,"C++23 (GCC 14-64, msys2)",1744633520
315573712,owlliee,The Legend of Freya the Frog,OK,C++20 (GCC 13-64),1744633440
315573678,agharaprutha,Minimize!,OK,"C++23 (GCC 14-64, msys2)",1744633409
315573053,shubhomoy_dey,The Legend of Freya the Frog,OK,C++17 (GCC 7-32),1744632852
315572532,5048,The Legend of Freya the Frog,WRONG_ANSWER,C++20 (GCC 13-64),1744632438
315572501,shubhomoy_dey,osu!mania,OK,C++17 (GCC 7-32),1744632411
315572497,Lotus_2897,Minimize!,OK,"C++23 (GCC 14-64, msys2)",1744632410
315572139,shubhomoy_dey,Minimize!,OK,C++17 (GCC 7-32),1744632141
315570999,5048,The Legend of Freya the Frog,WRONG_ANSWER,C++20 (GCC 13-64),1744631380
315570403,Enryue,Klee's SUPER DUPER LARGE Array!!!,OK,"C++23 (GCC 14-64, msys2)",1744631040
315570297,Enryue,Klee's SUPER DUPER LARGE Array!!!,WRONG_ANSWER,"C++23 (GCC 14-64, msys2)",1744630980
315570161,indian_07,The Legend of Freya the Frog,OK,Java 21,1744630905
315569851,indian_07,The Legend of Freya the Frog,WRONG_ANSWER,Java 21,1744630743
315569261,wwwsddyy,Klee's SUPER DUPER LARGE Array!!!,OK,"C++23 (GCC 14-64, msys2)",1744630437
315569039,indian_07,The Legend of Freya the Frog,WRONG_ANSWER,Java 21,1744630322
315568861,Isbaih_CS,Minimize!,OK,PyPy 3-64,1744630223
315567920,Isbaih_CS,Minimize!,RUNTIME_ERROR,PyPy 3-64,1744629747
315567471,indian_07,The Legend of Freya the Frog,TIME_LIMIT_EXCEEDED,Java 21,1744629483
315567324,Darknight26,Satyam and Counting,OK,"C++23 (GCC 14-64, msys2)",1744629390
315567153,Darknight26,Satyam and Counting,WRONG_ANSWER,"C++23 (GCC 14-64, msys2)",1744629299
315566721,indian_07,osu!mania,OK,Java 21,1744629069
315566329,preciousper,Minimize!,OK,"C++23 (GCC 14-64, msys2)",1744628843
315566230,indian_07,Minimize!,OK,Java 21,1744628791
315565992,AmanPushp,osu!mania,OK,C++20 (GCC 13-64),1744628665
315565335,preciousper,Minimize!,WRONG_ANSWER,"C++23 (GCC 14-64, msys2)",1744628269
315563905,AmanPushp,osu!mania,COMPILATION_ERROR,C++20 (GCC 13-64),1744627309
315561483,Hello-Chongzi,Minimize!,OK,C++17 (GCC 7-32),1744625737
315561310,22hhlin,The Legend of Freya the Frog,OK,"C++23 (GCC 14-64, msys2)",1744625644
315560702,-739397,The Legend of Freya the Frog,OK,"C++23 (GCC 14-64, msys2)",1744625228
315560323,-739397,The Legend of Freya the Frog,WRONG_ANSWER,"C++23 (GCC 14-64, msys2)",1744624949
315560187,shafaur_1,Minimize!,OK,C++17 (GCC 7-32),1744624852
315560003,shafaur_1,Minimize!,OK,C++17 (GCC 7-32),1744624734
315557731,-739397,The Legend of Freya the Frog,WRONG_ANSWER,"C++23 (GCC 14-64, msys2)",1744623081
315556798,Darknight26,Satyam and Counting,WRONG_ANSWER,"C++23 (GCC 14-64, msys2)",1744622364
315556313,Darknight26,Satyam and Counting,WRONG_ANSWER,"C++23 (GCC 14-64, msys2)",1744621962
315556302,Footdab,Firefly's Queries,OK,C++17 (GCC 7-32),1744621956
315554336,Duman315,Minimize!,OK,Python 3,1744620307
315554052,SARVA_DUBEY,osu!mania,OK,C++20 (GCC 13-64),1744620053
315553613,SARVA_DUBEY,osu!mania,WRONG_ANSWER,"C++23 (GCC 14-64, msys2)",1744619688
315551582,Aslam1994,Minimize!,OK,PyPy 3,1744618172
315549250,Viraj3360,The Legend of Freya the Frog,OK,C++17 (GCC 7-32),1744616672
315547523,srinjoysom11,Klee's SUPER DUPER LARGE Array!!!,OK,Python 3,1744615418
315546620,ABHISHEK_GUPTA_1234_,osu!mania,OK,"C++23 (GCC 14-64, msys2)",1744614778
315545157,ABHISHEK_GUPTA_1234_,Minimize!,OK,"C++23 (GCC 14-64, msys2)",1744613918
315544122,Shakil10945,The Legend of Freya the Frog,OK,"C++23 (GCC 14-64, msys2)",1744613448
315543665,DarkMody,Minimize!,OK,C++17 (GCC 7-32),1744613231
315542955,miftad45,Minimize!,OK,Python 3,1744612889
315542079,Shakil10945,The Legend of Freya the Frog,WRONG_ANSWER,"C++23 (GCC 14-64, msys2)",1744612464
315541235,Suha_Hasan,osu!mania,OK,Java 8,1744612052
315540707,Shakil10945,The Legend of Freya the Frog,WRONG_ANSWER,"C++23 (GCC 14-64, msys2)",1744611821
315540366,lone_wolf_22,The Legend of Freya the Frog,OK,C++17 (GCC 7-32),1744611652
315539955,lone_wolf_22,The Legend of Freya the Frog,WRONG_ANSWER,C++17 (GCC 7-32),1744611446
315539680,Shakil10945,The Legend of Freya the Frog,WRONG_ANSWER,"C++23 (GCC 14-64, msys2)",1744611311
315539577,Shakil10945,The Legend of Freya the Frog,WRONG_ANSWER,"C++23 (GCC 14-64, msys2)",1744611258
315539379,Shakil10945,The Legend of Freya the Frog,WRONG_ANSWER,"C++23 (GCC 14-64, msys2)",1744611158
315538640,VoidRunner,osu!mania,OK,C++20 (GCC 13-64),1744610783
315538186,patra_k,The Legend of Freya the Frog,OK,"C++23 (GCC 14-64, msys2)",1744610560
315538030,VoidRunner,Minimize!,OK,C++20 (GCC 13-64),1744610477
315537630,patra_k,The Legend of Freya the Frog,WRONG_ANSWER,"C++23 (GCC 14-64, msys2)",1744610231
315534676,patra_k,osu!mania,OK,"C++23 (GCC 14-64, msys2)",1744608493
315534192,patra_k,Minimize!,OK,"C++23 (GCC 14-64, msys2)",1744608202
315532517,jiangfengjiang,Yunli's Subarray Queries (hard version),OK,"C++23 (GCC 14-64, msys2)",1744607185
315532317,jiangfengjiang,Yunli's Subarray Queries (hard version),TIME_LIMIT_EXCEEDED,"C++23 (GCC 14-64, msys2)",1744607062
315531847,dpsvoyager.16,Yunli's Subarray Queries (easy version),OK,C++17 (GCC 7-32),1744606786
315531591,Rathi__1307,osu!mania,OK,C++17 (GCC 7-32),1744606630
315531589,nakul_05,Klee's SUPER DUPER LARGE Array!!!,OK,C++17 (GCC 7-32),1744606628
315531403,jiangfengjiang,Yunli's Subarray Queries (hard version),TIME_LIMIT_EXCEEDED,"C++23 (GCC 14-64, msys2)",1744606528
315531371,dpsvoyager.16,Yunli's Subarray Queries (easy version),WRONG_ANSWER,C++17 (GCC 7-32),1744606509
315531316,jiangfengjiang,Yunli's Subarray Queries (hard version),COMPILATION_ERROR,"C++23 (GCC 14-64, msys2)",1744606479
315530862,jiangfengjiang,Yunli's Subarray Queries (hard version),WRONG_ANSWER,"C++23 (GCC 14-64, msys2)",1744606177
315530746,jiangfengjiang,Yunli's Subarray Queries (hard version),TIME_LIMIT_EXCEEDED,"C++23 (GCC 14-64, msys2)",1744606098
315530343,jiangfengjiang,Yunli's Subarray Queries (hard version),RUNTIME_ERROR,"C++23 (GCC 14-64, msys2)",1744605848
315530112,jiangfengjiang,Yunli's Subarray Queries (hard version),TIME_LIMIT_EXCEEDED,"C++23 (GCC 14-64, msys2)",1744605693
315529944,jiangfengjiang,Yunli's Subarray Queries (hard version),TIME_LIMIT_EXCEEDED,"C++23 (GCC 14-64, msys2)",1744605583
315529614,jiangfengjiang,Yunli's Subarray Queries (hard version),TIME_LIMIT_EXCEEDED,"C++23 (GCC 14-64, msys2)",1744605376
315526961,Nurbergen.Abdullah201,Minimize!,OK,Python 3,1744603332
315524867,rfpermen,Yunli's Subarray Queries (extreme version),OK,C++20 (GCC 13-64),1744601508
315520114,bergson_luong,Minimize!,OK,"C++23 (GCC 14-64, msys2)",1744596240
315515545,Sangiko,Minimize!,OK,"C++23 (GCC 14-64, msys2)",1744589131
315514003,adbang,Firefly's Queries,TIME_LIMIT_EXCEEDED,C++17 (GCC 7-32),1744586044
315512012,mostafa_salama,osu!mania,OK,C++17 (GCC 7-32),1744583029
315508229,tojan,Minimize!,OK,C++20 (GCC 13-64),1744579112
315507589,TheHonestGuy,osu!mania,OK,C++20 (GCC 13-64),1744578622
315507103,akash_talukder,Minimize!,OK,GNU C11,1744578205
315506742,akash_talukder,Minimize!,WRONG_ANSWER,GNU C11,1744577900
315506614,akash_talukder,Minimize!,WRONG_ANSWER,GNU C11,1744577795
315505176,akash_talukder,Minimize!,WRONG_ANSWER,GNU C11,1744576728
315504846,akash_talukder,Minimize!,WRONG_ANSWER,GNU C11,1744576507
315504625,akash_talukder,Minimize!,WRONG_ANSWER,GNU C11,1744576353
315500460,TaymaEmad2005,osu!mania,OK,C++20 (GCC 13-64),1744573642
315492874,yagamilighto,osu!mania,OK,GNU C11,1744569868
315489475,KauaVL,Satyam and Counting,WRONG_ANSWER,C++17 (GCC 7-32),1744568502
315488911,Baren,Minimize!,OK,C++20 (GCC 13-64),1744568284
315488874,Baren,Minimize!,COMPILATION_ERROR,C++20 (GCC 13-64),1744568276
315467868,NavneetKumar123,Firefly's Queries,OK,Java 8,1744565547
315464501,NavneetKumar123,Firefly's Queries,WRONG_ANSWER,Java 8,1744565291
315449427,maimouna28,Minimize!,OK,C++20 (GCC 13-64),1744564235
315440259,shuhurat,Minimize!,OK,"C++23 (GCC 14-64, msys2)",1744563657
315438923,vengeance07,Minimize!,OK,C++17 (GCC 7-32),1744563576
315432874,shuhurat,Minimize!,OK,"C++23 (GCC 14-64, msys2)",1744563221
315409855,NavneetKumar123,Satyam and Counting,OK,Java 8,1744561968
315389727,samir_94,osu!mania,OK,C++17 (GCC 7-32),1744561065
315371706,jiangfengjiang,Yunli's Subarray Queries (easy version),OK,"C++23 (GCC 14-64, msys2)",1744560359
315316661,ghulam_murtaza,Minimize!,WRONG_ANSWER,C++17 (GCC 7-32),1744558693
315311798,jiangfengjiang,Yunli's Subarray Queries (easy version),WRONG_ANSWER,"C++23 (GCC 14-64, msys2)",1744558597
315309082,dattaraj,Minimize!,OK,"C++23 (GCC 14-64, msys2)",1744558387
315309003,dattaraj,Minimize!,WRONG_ANSWER,"C++23 (GCC 14-64, msys2)",1744558359
315308384,DaniloLMD,Minimize!,OK,C++20 (GCC 13-64),1744558072
315308156,Whencut_0706,osu!mania,OK,C++17 (GCC 7-32),1744557963
315308082,majedkh,The Legend of Freya the Frog,WRONG_ANSWER,C++17 (GCC 7-32),1744557934
315307972,bonessonlyyy,Minimize!,OK,Python 3,1744557885
315307821,bonessonlyyy,Minimize!,COMPILATION_ERROR,Python 3,1744557814
315306906,majedkh,The Legend of Freya the Frog,WRONG_ANSWER,C++17 (GCC 7-32),1744557373
315306420,majedkh,The Legend of Freya the Frog,WRONG_ANSWER,C++17 (GCC 7-32),1744557133
315306248,majedkh,The Legend of Freya the Frog,WRONG_ANSWER,C++17 (GCC 7-32),1744557051
315306215,nathsalapao,Klee's SUPER DUPER LARGE Array!!!,OK,"C++23 (GCC 14-64, msys2)",1744557034
315306207,THEBLACKFYRE,The Legend of Freya the Frog,OK,"C++23 (GCC 14-64, msys2)",1744557029
315306161,majedkh,The Legend of Freya the Frog,WRONG_ANSWER,C++17 (GCC 7-32),1744557006
315306105,majedkh,The Legend of Freya the Frog,WRONG_ANSWER,C++17 (GCC 7-32),1744556982
315306057,majedkh,The Legend of Freya the Frog,WRONG_ANSWER,C++17 (GCC 7-32),1744556951
315305767,majedkh,The Legend of Freya the Frog,WRONG_ANSWER,C++17 (GCC 7-32),1744556814
315305512,zzzxxxccc,The Legend of Freya the Frog,WRONG_ANSWER,C++17 (GCC 7-32),1744556693
315305507,majedkh,The Legend of Freya the Frog,WRONG_ANSWER,C++17 (GCC 7-32),1744556690
315305305,THEBLACKFYRE,osu!mania,OK,"C++23 (GCC 14-64, msys2)",1744556588
315304892,zzzxxxccc,The Legend of Freya the Frog,WRONG_ANSWER,C++17 (GCC 7-32),1744556385
315304776,zzzxxxccc,The Legend of Freya the Frog,COMPILATION_ERROR,C++17 (GCC 7-32),1744556331
315304573,swaymbhu,Klee's SUPER DUPER LARGE Array!!!,OK,"C++23 (GCC 14-64, msys2)",1744556228
315304473,jiang_yuxiang,The Legend of Freya the Frog,OK,C++17 (GCC 7-32),1744556178
315304154,ghulam_murtaza,Minimize!,OK,C++17 (GCC 7-32),1744556016
315303926,THEBLACKFYRE,Minimize!,OK,"C++23 (GCC 14-64, msys2)",1744555911
315303818,majedkh,osu!mania,OK,C++17 (GCC 7-32),1744555863
315303669,Rokun,The Legend of Freya the Frog,OK,"C++23 (GCC 14-64, msys2)",1744555809
315303506,razzikz,The Legend of Freya the Frog,OK,"C++23 (GCC 14-64, msys2)",1744555726
315303446,zeroafterzero,Satyam and Counting,OK,C++20 (GCC 13-64),1744555693
315303421,razzikz,The Legend of Freya the Frog,COMPILATION_ERROR,"C++23 (GCC 14-64, msys2)",1744555676
315303330,razzikz,The Legend of Freya the Frog,COMPILATION_ERROR,"C++23 (GCC 14-64, msys2)",1744555629
315303327,Rokun,The Legend of Freya the Frog,WRONG_ANSWER,"C++23 (GCC 14-64, msys2)",1744555628
315303273,jiang_yuxiang,The Legend of Freya the Frog,WRONG_ANSWER,C++17 (GCC 7-32),1744555599
315303198,VSS201592_AbdulRahmanM,osu!mania,OK,Python 3,1744555556
315303161,zzzxxxccc,The Legend of Freya the Frog,WRONG_ANSWER,C++17 (GCC 7-32),1744555542
315303138,zeroafterzero,Satyam and Counting,OK,C++20 (GCC 13-64),1744555529
315302911,majedkh,Minimize!,OK,C++17 (GCC 7-32),1744555412
315302759,Rokun,The Legend of Freya the Frog,WRONG_ANSWER,"C++23 (GCC 14-64, msys2)",1744555336
315302637,zzzxxxccc,The Legend of Freya the Frog,WRONG_ANSWER,C++17 (GCC 7-32),1744555276
315302297,zzzxxxccc,The Legend of Freya the Frog,WRONG_ANSWER,C++17 (GCC 7-32),1744555104
315302092,jiang_yuxiang,The Legend of Freya the Frog,WRONG_ANSWER,C++17 (GCC 7-32),1744555010
315301653,jiang_yuxiang,The Legend of Freya the Frog,WRONG_ANSWER,C++17 (GCC 7-32),1744554781
315301568,TwiceUpOnATime,The Legend of Freya the Frog,OK,C++20 (GCC 13-64),1744554740
315300700,Suliman.,osu!mania,OK,C++20 (GCC 13-64),1744554311
315300415,TwiceUpOnATime,osu!mania,OK,C++20 (GCC 13-64),1744554181
315299657,xmohamedx3,The Legend of Freya the Frog,OK,C++17 (GCC 7-32),1744553840
315299139,adityakrishna.seepana,Minimize!,OK,C++17 (GCC 7-32),1744553576
315299076,Suliman.,Minimize!,OK,C++20 (GCC 13-64),1744553545
315299073,TwiceUpOnATime,Minimize!,OK,C++20 (GCC 13-64),1744553542
315298481,zeroafterzero,Satyam and Counting,OK,C++20 (GCC 13-64),1744553247
315297706,zzzxxxccc,osu!mania,OK,C++17 (GCC 7-32),1744552840
315297670,ya_bezdar,Yunli's Subarray Queries (easy version),WRONG_ANSWER,"C++23 (GCC 14-64, msys2)",1744552824
315297282,zzzxxxccc,osu!mania,WRONG_ANSWER,C++17 (GCC 7-32),1744552644
315297261,heliumrextt,Minimize!,OK,C++17 (GCC 7-32),1744552636
315297195,zzzxxxccc,osu!mania,WRONG_ANSWER,C++17 (GCC 7-32),1744552603
315294377,MD_Rafi_Hasan,Minimize!,OK,C++17 (GCC 7-32),1744551203
315294316,MD_Rafi_Hasan,Minimize!,WRONG_ANSWER,C++17 (GCC 7-32),1744551173
315292815,GGboy03,Minimize!,OK,"C++23 (GCC 14-64, msys2)",1744550379
315292648,syam_praneeth,Minimize!,OK,"C++23 (GCC 14-64, msys2)",1744550285
315292215,Raj_Patel_7807,Klee's SUPER DUPER LARGE Array!!!,OK,"C++23 (GCC 14-64, msys2)",1744550053
315291269,Seif_samir,osu!mania,OK,C++17 (GCC 7-32),1744549533
315291146,yash_718,The Legend of Freya the Frog,WRONG_ANSWER,"C++23 (GCC 14-64, msys2)",1744549457
315291111,OAY71011,The Legend of Freya the Frog,OK,Python 3,1744549438
315290919,Khalid_Kamal_,Yunli's Subarray Queries (extreme version),OK,C++20 (GCC 13-64),1744549338
315290898,Seif_samir,Minimize!,OK,C++17 (GCC 7-32),1744549330
315290855,Seif_samir,Minimize!,WRONG_ANSWER,C++17 (GCC 7-32),1744549304
315290594,Khalid_Kamal_,Yunli's Subarray Queries (hard version),OK,C++20 (GCC 13-64),1744549170
315289607,OAY71011,osu!mania,OK,Python 3,1744548670
315289580,kzar_21,The Legend of Freya the Frog,OK,Java 21,1744548652
315289568,Khalid_Kamal_,Yunli's Subarray Queries (easy version),OK,C++20 (GCC 13-64),1744548642
315289307,a34mritunjaysingh,osu!mania,OK,C++17 (GCC 7-32),1744548499
315289283,Nishat_42,The Legend of Freya the Frog,OK,C++20 (GCC 13-64),1744548489
315289162,OAY71011,Minimize!,OK,Python 3,1744548422
315288893,Nishat_42,The Legend of Freya the Frog,WRONG_ANSWER,C++20 (GCC 13-64),1744548283
315287702,kzar_21,The Legend of Freya the Frog,WRONG_ANSWER,Java 21,1744547643
315287697,amish_goat_milker,osu!mania,OK,Python 3,1744547641
315287408,ananya4444,osu!mania,OK,Python 3,1744547497
315287406,devansh08,osu!mania,OK,C++17 (GCC 7-32),1744547496
315287338,Anurag_Bhushan,osu!mania,OK,"C++23 (GCC 14-64, msys2)",1744547457
315287175,kzar_21,The Legend of Freya the Frog,WRONG_ANSWER,Java 21,1744547369
315286360,Nishat_42,The Legend of Freya the Frog,WRONG_ANSWER,C++20 (GCC 13-64),1744546946
315286281,Nishat_42,The Legend of Freya the Frog,WRONG_ANSWER,C++20 (GCC 13-64),1744546902
315285620,DhruvS2209,Klee's SUPER DUPER LARGE Array!!!,OK,C++17 (GCC 7-32),1744546551
315285297,uniChronic,osu!mania,OK,PyPy 3,1744546380
315285259,Adit_K,osu!mania,OK,"C++23 (GCC 14-64, msys2)",1744546365
315285184,bibisha,osu!mania,OK,"C++23 (GCC 14-64, msys2)",1744546318
315285182,ParthTomar,Klee's SUPER DUPER LARGE Array!!!,OK,C++17 (GCC 7-32),1744546317
315284785,Divided_byZer0,osu!mania,OK,C++17 (GCC 7-32),1744546100
315284521,gaganrh,osu!mania,OK,PyPy 3-64,1744545947
315284113,Adit_K,osu!mania,WRONG_ANSWER,"C++23 (GCC 14-64, msys2)",1744545717
315284013,ShreyashSri,osu!mania,OK,PyPy 3-64,1744545668
315283819,Adit_K,osu!mania,WRONG_ANSWER,"C++23 (GCC 14-64, msys2)",1744545565
315283776,manashejmadi,osu!mania,OK,Python 3,1744545544
315283683,flux_144,osu!mania,OK,PyPy 3-64,1744545490
315283674,sarvochcha01,osu!mania,OK,"C++23 (GCC 14-64, msys2)",1744545485
315283610,harshkumargupta2023,osu!mania,OK,C++20 (GCC 13-64),1744545450
315283595,jrvanisha,osu!mania,OK,"C++23 (GCC 14-64, msys2)",1744545439
315283522,SaiCharanRV,The Legend of Freya the Frog,OK,Python 3,1744545406
315283511,slash-ex,osu!mania,OK,Go,1744545402
315283498,incy9035,osu!mania,OK,Python 3,1744545398
315283446,sarvochcha01,osu!mania,WRONG_ANSWER,"C++23 (GCC 14-64, msys2)",1744545373
315283437,ayush1009208,osu!mania,OK,C++17 (GCC 7-32),1744545367
315283400,kzar_21,The Legend of Freya the Frog,TIME_LIMIT_EXCEEDED,GNU C11,1744545341
315283286,balagpt123,osu!mania,OK,C++17 (GCC 7-32),1744545284
315283252,sarban_sah,osu!mania,OK,"C++23 (GCC 14-64, msys2)",1744545266
315283179,slash-ex,osu!mania,WRONG_ANSWER,Go,1744545226
315283154,tanmay_010,osu!mania,OK,C++17 (GCC 7-32),1744545212
315283102,kzar_21,The Legend of Freya the Frog,TIME_LIMIT_EXCEEDED,Java 21,1744545190
315283063,Aditya6548,osu!mania,OK,C++17 (GCC 7-32),1744545178
315282945,prajwal_1817,osu!mania,OK,Java 21,1744545116
315282917,slash-ex,osu!mania,WRONG_ANSWER,Go,1744545103
315282870,saniyafatima200631,osu!mania,OK,C++17 (GCC 7-32),1744545079
315282785,SaiCharanRV,osu!mania,OK,Python 3,1744545041
315282660,BL4Z4R,Satyam and Counting,OK,C++20 (GCC 13-64),1744544975
315282630,devalgupta4,osu!mania,OK,C++17 (GCC 7-32),1744544961
315282614,harshkumargupta2023,osu!mania,WRONG_ANSWER,C++20 (GCC 13-64),1744544953
315282598,ritibh0209,osu!mania,RUNTIME_ERROR,Java 8,1744544947
315282594,hemang360,osu!mania,OK,GNU C11,1744544944
315282538,kamini08,osu!mania,OK,"C++23 (GCC 14-64, msys2)",1744544913
315282531,shravan_ay,osu!mania,OK,GNU C11,1744544910
315282519,BhuvanB,osu!mania,OK,"C++23 (GCC 14-64, msys2)",1744544901
315282400,sarban_sah,Minimize!,OK,"C++23 (GCC 14-64, msys2)",1744544834
315282303,vaibhavg2004,osu!mania,OK,C++17 (GCC 7-32),1744544791
315282228,ritibh0209,osu!mania,OK,Java 8,1744544762
315282220,vaibhavg2004,osu!mania,COMPILATION_ERROR,C++17 (GCC 7-32),1744544759
315282168,alfiyafatima09,osu!mania,OK,C++17 (GCC 7-32),1744544730
315281917,Vishr,osu!mania,OK,PyPy 3-64,1744544598
315281914,Legend_07,osu!mania,OK,"C++23 (GCC 14-64, msys2)",1744544596
315281886,arnav03op,osu!mania,OK,C++20 (GCC 13-64),1744544581
315281860,umang_does_cp,Satyam and Counting,OK,C++20 (GCC 13-64),1744544571
315281846,bhoomiagrawal1212,osu!mania,OK,C++17 (GCC 7-32),1744544562
315281831,kzar_21,The Legend of Freya the Frog,WRONG_ANSWER,Java 21,1744544556
315281775,SaiCharanRV,Minimize!,OK,Python 3,1744544523
315281746,NandCodez,osu!mania,OK,C++17 (GCC 7-32),1744544506
315281710,QuirkSolver,The Legend of Freya the Frog,OK,C++20 (GCC 13-64),1744544492
315281629,zeroafterzero,Satyam and Counting,WRONG_ANSWER,C++20 (GCC 13-64),1744544447
315281604,Balaji_3000,osu!mania,OK,PyPy 3,1744544435
315281585,srivastavavaibhav499,osu!mania,OK,C++17 (GCC 7-32),1744544424
315281544,krish499,osu!mania,OK,C++17 (GCC 7-32),1744544397
315281469,samarthbellam,osu!mania,OK,"C++23 (GCC 14-64, msys2)",1744544360
315281339,Soumyadipta,osu!mania,OK,Java 8,1744544295
315281317,CharTara,osu!mania,OK,"C++23 (GCC 14-64, msys2)",1744544287
315281284,psyuktha,osu!mania,OK,Python 3,1744544267
315281251,basedBaba,osu!mania,OK,"C++23 (GCC 14-64, msys2)",1744544251
315281207,yuvraj_coder1,osu!mania,OK,"C++23 (GCC 14-64, msys2)",1744544231
315281164,shankhanilsaha,osu!mania,OK,Python 3,1744544203
315281128,04yash,osu!mania,OK,Python 3,1744544188
315281067,04yash,osu!mania,COMPILATION_ERROR,C++20 (GCC 13-64),1744544154
315281046,rb_cool,The Legend of Freya the Frog,OK,C++17 (GCC 7-32),1744544144
315280949,chetanr25,osu!mania,OK,Python 3,1744544103
315280806,SupreethC,osu!mania,OK,"C++23 (GCC 14-64, msys2)",1744544038
315280588,Y0ussef_Ma7moud,Minimize!,OK,"C++23 (GCC 14-64, msys2)",1744543937
315280340,QuirkSolver,The Legend of Freya the Frog,WRONG_ANSWER,C++20 (GCC 13-64),1744543818
315280194,rb_cool,The Legend of Freya the Frog,WRONG_ANSWER,C++17 (GCC 7-32),1744543736
315279564,tushardogra19,Minimize!,OK,C++17 (GCC 7-32),1744543414
315279022,rb_cool,osu!mania,OK,C++17 (GCC 7-32),1744543164
315278990,Divided_byZer0,Minimize!,OK,C++17 (GCC 7-32),1744543149
315278158,shricastic,The Legend of Freya the Frog,OK,C++17 (GCC 7-32),1744542746
315278055,rb_cool,Minimize!,OK,C++17 (GCC 7-32),1744542695
315278035,anubhavhajela4,Klee's SUPER DUPER LARGE Array!!!,OK,"C++23 (GCC 14-64, msys2)",1744542687
315277927,SHUBHAM_SINGH_PATEL__,Satyam and Counting,OK,"C++23 (GCC 14-64, msys2)",1744542635
315277696,SHUBHAM_SINGH_PATEL__,Satyam and Counting,WRONG_ANSWER,"C++23 (GCC 14-64, msys2)",1744542504
315277270,anubhavhajela4,Klee's SUPER DUPER LARGE Array!!!,WRONG_ANSWER,"C++23 (GCC 14-64, msys2)",1744542265
315276555,Dev_Vaghani,Satyam and Counting,WRONG_ANSWER,"C++23 (GCC 14-64, msys2)",1744541852
315275841,givensiregar858,osu!mania,RUNTIME_ERROR,C++17 (GCC 7-32),1744541476
315275542,kzar_21,The Legend of Freya the Frog,WRONG_ANSWER,Java 21,1744541326
315275112,kzar_21,The Legend of Freya the Frog,WRONG_ANSWER,Java 21,1744541120
315275081,mdmaruf3,osu!mania,OK,"C++23 (GCC 14-64, msys2)",1744541110
315274963,mdmaruf3,osu!mania,OK,"C++23 (GCC 14-64, msys2)",1744541045
315274511,aksharabhat,Klee's SUPER DUPER LARGE Array!!!,OK,"C++23 (GCC 14-64, msys2)",1744540816
315274473,Garuna-A,Minimize!,OK,C++20 (GCC 13-64),1744540796
315274395,samir_94,osu!mania,RUNTIME_ERROR,C++17 (GCC 7-32),1744540747
315274193,samir_94,osu!mania,WRONG_ANSWER,C++17 (GCC 7-32),1744540638
315274188,Aman_Part_timer,The Legend of Freya the Frog,WRONG_ANSWER,C++17 (GCC 7-32),1744540636
315274162,shricastic,osu!mania,OK,C++17 (GCC 7-32),1744540623
315273954,samir_94,osu!mania,WRONG_ANSWER,C++17 (GCC 7-32),1744540489
315273534,QuirkSolver,The Legend of Freya the Frog,WRONG_ANSWER,C++20 (GCC 13-64),1744540259
315273287,QuirkSolver,The Legend of Freya the Frog,WRONG_ANSWER,C++20 (GCC 13-64),1744540134
315272900,QuirkSolver,The Legend of Freya the Frog,WRONG_ANSWER,C++20 (GCC 13-64),1744539928
315272865,kzar_21,osu!mania,OK,Java 21,1744539911
315272482,pr_tam,Satyam and Counting,OK,"C++23 (GCC 14-64, msys2)",1744539704
315272477,shricastic,Minimize!,OK,C++17 (GCC 7-32),1744539703
315271277,kzar_21,Minimize!,OK,Java 21,1744539083
315270630,kzar_21,Minimize!,COMPILATION_ERROR,Java 21,1744538747
315270192,samir_94,Minimize!,OK,C++17 (GCC 7-32),1744538532
315270010,Daiwik_V,The Legend of Freya the Frog,WRONG_ANSWER,C++17 (GCC 7-32),1744538457
315265354,umang_does_cp,The Legend of Freya the Frog,OK,C++20 (GCC 13-64),1744536996
315265054,Thoparam_Sai_nithish,Satyam and Counting,OK,C++17 (GCC 7-32),1744536847
315265010,umang_does_cp,The Legend of Freya the Frog,WRONG_ANSWER,C++20 (GCC 13-64),1744536822
315264843,aksharabhat,Klee's SUPER DUPER LARGE Array!!!,MEMORY_LIMIT_EXCEEDED,"C++23 (GCC 14-64, msys2)",1744536731
315264653,user.2006,Klee's SUPER DUPER LARGE Array!!!,OK,C++17 (GCC 7-32),1744536628
315264546,user.2006,Satyam and Counting,WRONG_ANSWER,C++17 (GCC 7-32),1744536576
315264104,umang_does_cp,osu!mania,OK,C++20 (GCC 13-64),1744536370
315264018,user.2006,Klee's SUPER DUPER LARGE Array!!!,TIME_LIMIT_EXCEEDED,C++17 (GCC 7-32),1744536328
315263757,user.2006,Klee's SUPER DUPER LARGE Array!!!,TIME_LIMIT_EXCEEDED,C++17 (GCC 7-32),1744536206
315263321,umang_does_cp,Minimize!,OK,C++20 (GCC 13-64),1744536002
315263023,Alien___X,The Legend of Freya the Frog,OK,C++17 (GCC 7-32),1744535856
315262923,Dhur_miya,The Legend of Freya the Frog,OK,"C++23 (GCC 14-64, msys2)",1744535799
315262874,krigs,The Legend of Freya the Frog,OK,"C++23 (GCC 14-64, msys2)",1744535769
315262717,Dhur_miya,The Legend of Freya the Frog,WRONG_ANSWER,"C++23 (GCC 14-64, msys2)",1744535697
315262426,Alien___X,The Legend of Freya the Frog,WRONG_ANSWER,C++17 (GCC 7-32),1744535549
315261728,Alien___X,The Legend of Freya the Frog,WRONG_ANSWER,C++17 (GCC 7-32),1744535207
315261208,krigs,osu!mania,OK,"C++23 (GCC 14-64, msys2)",1744534936
315260354,Daiwik_V,Minimize!,OK,C++17 (GCC 7-32),1744534520
315259990,krigs,Minimize!,OK,"C++23 (GCC 14-64, msys2)",1744534318
315259844,SCrazy09,Minimize!,OK,PyPy 3-64,1744534252
315259358,swaymbhu,Satyam and Counting,OK,"C++23 (GCC 14-64, msys2)",1744534006
315258874,prtnv,The Legend of Freya the Frog,OK,C++17 (GCC 7-32),1744533748
315257192,prtnv,The Legend of Freya the Frog,WRONG_ANSWER,C++17 (GCC 7-32),1744532896
315256410,sifatulla,Satyam and Counting,OK,Python 3,1744532500
315255485,MAI_AUR_VOH,Satyam and Counting,OK,C++17 (GCC 7-32),1744532001
315254502,prince26_,Satyam and Counting,OK,C++17 (GCC 7-32),1744531530
315252401,lzn__tops,Firefly's Queries,OK,C++20 (GCC 13-64),1744530393
315251840,pr_tam,The Legend of Freya the Frog,OK,"C++23 (GCC 14-64, msys2)",1744530080
315251202,pr_tam,The Legend of Freya the Frog,WRONG_ANSWER,"C++23 (GCC 14-64, msys2)",1744529735
315251040,pr_tam,The Legend of Freya the Frog,WRONG_ANSWER,"C++23 (GCC 14-64, msys2)",1744529640
315249186,sufal.legend.77,osu!mania,OK,Python 3,1744528590
315248938,MAI_AUR_VOH,Satyam and Counting,OK,C++17 (GCC 7-32),1744528453
315248889,MAI_AUR_VOH,Satyam and Counting,WRONG_ANSWER,C++17 (GCC 7-32),1744528420
315247842,anubhavhajela4,Satyam and Counting,OK,"C++23 (GCC 14-64, msys2)",1744527851
315247743,jiyasingh6870,Minimize!,OK,Java 8,1744527786
315247556,zondon,osu!mania,OK,C++20 (GCC 13-64),1744527674
315247457,prtnv,osu!mania,OK,C++17 (GCC 7-32),1744527612
315244934,alochristo,Minimize!,OK,C++20 (GCC 13-64),1744526198
315244810,ManashGogoi,The Legend of Freya the Frog,WRONG_ANSWER,C++17 (GCC 7-32),1744526124
315243191,ManashGogoi,The Legend of Freya the Frog,OK,C++17 (GCC 7-32),1744525182
315242753,user.2006,Satyam and Counting,OK,C++17 (GCC 7-32),1744524911
315242723,ayushjadhavy15,The Legend of Freya the Frog,OK,C++17 (GCC 7-32),1744524895
315242660,user.2006,Satyam and Counting,WRONG_ANSWER,C++17 (GCC 7-32),1744524855
315242472,lzn__tops,Klee's SUPER DUPER LARGE Array!!!,OK,C++20 (GCC 13-64),1744524749
315242191,ManashGogoi,The Legend of Freya the Frog,WRONG_ANSWER,C++17 (GCC 7-32),1744524589
315242025,user.2006,Satyam and Counting,WRONG_ANSWER,C++17 (GCC 7-32),1744524494
315241807,tanya222004,Minimize!,OK,C++17 (GCC 7-32),1744524379
315240945,ayushjadhavy15,Klee's SUPER DUPER LARGE Array!!!,OK,C++17 (GCC 7-32),1744523876
315240914,user.2006,Satyam and Counting,WRONG_ANSWER,C++17 (GCC 7-32),1744523859
315240468,lzn__tops,Satyam and Counting,OK,C++20 (GCC 13-64),1744523585
315240372,khanhduyssss,Minimize!,OK,C++17 (GCC 7-32),1744523507
315240319,lzn__tops,Satyam and Counting,WRONG_ANSWER,C++20 (GCC 13-64),1744523471
315240290,khanhduyssss,Minimize!,COMPILATION_ERROR,C++17 (GCC 7-32),1744523456
315239937,ayushjadhavy15,Klee's SUPER DUPER LARGE Array!!!,COMPILATION_ERROR,C++17 (GCC 7-32),1744523292
315238538,lzn__tops,The Legend of Freya the Frog,OK,C++20 (GCC 13-64),1744522325
315238197,ManashGogoi,osu!mania,OK,C++17 (GCC 7-32),1744522087
315238098,lzn__tops,osu!mania,OK,C++20 (GCC 13-64),1744522021
315237713,lzn__tops,Minimize!,OK,C++20 (GCC 13-64),1744521743
315237326,ManashGogoi,Minimize!,OK,C++17 (GCC 7-32),1744521468
315237247,itumi,Klee's SUPER DUPER LARGE Array!!!,OK,C++20 (GCC 13-64),1744521414
315237212,Esmail0,Firefly's Queries,OK,"C++23 (GCC 14-64, msys2)",1744521387
315236335,itumi,Klee's SUPER DUPER LARGE Array!!!,WRONG_ANSWER,C++20 (GCC 13-64),1744520749
315235067,itumi,Klee's SUPER DUPER LARGE Array!!!,WRONG_ANSWER,C++20 (GCC 13-64),1744519776
315235010,user.2006,The Legend of Freya the Frog,OK,C++17 (GCC 7-32),1744519722
315234884,user.2006,The Legend of Freya the Frog,WRONG_ANSWER,C++17 (GCC 7-32),1744519614
315234661,user.2006,The Legend of Freya the Frog,WRONG_ANSWER,C++17 (GCC 7-32),1744519411
315234372,user.2006,The Legend of Freya the Frog,WRONG_ANSWER,C++17 (GCC 7-32),1744519173
315234309,zoobiedoobie,The Legend of Freya the Frog,WRONG_ANSWER,C++17 (GCC 7-32),1744519108
315234282,user.2006,The Legend of Freya the Frog,WRONG_ANSWER,C++17 (GCC 7-32),1744519089
315233727,prtnv,Minimize!,OK,C++17 (GCC 7-32),1744518589
315233643,ayushjadhavy15,osu!mania,OK,C++17 (GCC 7-32),1744518521
315233449,qusai.5,Minimize!,OK,C++20 (GCC 13-64),1744518344
315233302,user.2006,osu!mania,OK,C++17 (GCC 7-32),1744518197
315232932,ayushjadhavy15,Minimize!,OK,C++17 (GCC 7-32),1744517827
315232412,user.2006,Minimize!,OK,C++17 (GCC 7-32),1744517271
315230633,rfpermen,Yunli's Subarray Queries (hard version),OK,C++20 (GCC 13-64),1744515302
315230625,rfpermen,Yunli's Subarray Queries (easy version),OK,C++20 (GCC 13-64),1744515291
315229577,coder_neha,The Legend of Freya the Frog,WRONG_ANSWER,C++17 (GCC 7-32),1744513990
315229202,rahulshingha313,The Legend of Freya the Frog,WRONG_ANSWER,GNU C11,1744513529
315228985,rahulshingha313,Satyam and Counting,WRONG_ANSWER,GNU C11,1744513234
315228927,rahulshingha313,osu!mania,RUNTIME_ERROR,GNU C11,1744513157
315228858,rahulshingha313,Minimize!,OK,GNU C11,1744513057
315227226,shreyashgirdharidhakate,The Legend of Freya the Frog,OK,Java 21,1744510734
315226400,NoobmasterM,The Legend of Freya the Frog,OK,"C++23 (GCC 14-64, msys2)",1744509510
315226284,NoobmasterM,The Legend of Freya the Frog,WRONG_ANSWER,"C++23 (GCC 14-64, msys2)",1744509338
315224830,jitendra17dec4,The Legend of Freya the Frog,OK,C++20 (GCC 13-64),1744506944
315224309,jitendra17dec4,osu!mania,OK,C++20 (GCC 13-64),1744505969
315224190,jitendra17dec4,Minimize!,OK,C++20 (GCC 13-64),1744505733
315223847,aleC_aleC,Klee's SUPER DUPER LARGE Array!!!,OK,C++20 (GCC 13-64),1744505002
315221320,sreznick,Minimize!,OK,Go,1744498865
315220837,sailealt31,Minimize!,OK,C++20 (GCC 13-64),1744498076
315219689,yanal1234,Minimize!,OK,C++20 (GCC 13-64),1744496465
315219664,Hydro_Glimmer,Minimize!,OK,"C++23 (GCC 14-64, msys2)",1744496447
315219589,Hydro_Glimmer,Minimize!,WRONG_ANSWER,"C++23 (GCC 14-64, msys2)",1744496340
315219224,PresidentSam100,Yunli's Subarray Queries (hard version),TIME_LIMIT_EXCEEDED,"C++23 (GCC 14-64, msys2)",1744495805
315219054,PresidentSam100,Yunli's Subarray Queries (hard version),TIME_LIMIT_EXCEEDED,Java 21,1744495581
315218573,PresidentSam100,Yunli's Subarray Queries (hard version),TIME_LIMIT_EXCEEDED,Java 21,1744495000
315218321,deadscissors,Firefly's Queries,OK,"C++23 (GCC 14-64, msys2)",1744494713
315218187,PresidentSam100,Yunli's Subarray Queries (hard version),WRONG_ANSWER,Java 21,1744494558
315217867,Sharaf7,Minimize!,OK,C++17 (GCC 7-32),1744494225
315217717,PresidentSam100,Yunli's Subarray Queries (easy version),OK,Java 21,1744494060
315217333,PresidentSam100,Firefly's Queries,OK,Java 21,1744493605
315216607,PresidentSam100,Klee's SUPER DUPER LARGE Array!!!,OK,Java 21,1744492860
315216520,nasa07,Satyam and Counting,OK,PyPy 3-64,1744492772
315216475,nasa07,Satyam and Counting,WRONG_ANSWER,PyPy 3-64,1744492735
315216174,FP7317,osu!mania,OK,C++20 (GCC 13-64),1744492443
315216147,PresidentSam100,Satyam and Counting,OK,Java 21,1744492412
315216012,FP7317,Minimize!,OK,C++20 (GCC 13-64),1744492266
315215859,asem4402,The Legend of Freya the Frog,OK,"C++23 (GCC 14-64, msys2)",1744492103
315215803,PresidentSam100,The Legend of Freya the Frog,OK,Java 21,1744492058
315215795,asem4402,The Legend of Freya the Frog,RUNTIME_ERROR,"C++23 (GCC 14-64, msys2)",1744492050
315215244,PresidentSam100,osu!mania,OK,Java 21,1744491520
315215005,PresidentSam100,Minimize!,OK,Java 21,1744491347
315214282,Blaze11,Minimize!,OK,C++17 (GCC 7-32),1744490773
315214070,deadscissors,Satyam and Counting,OK,"C++23 (GCC 14-64, msys2)",1744490694
315213941,deadscissors,Klee's SUPER DUPER LARGE Array!!!,OK,"C++23 (GCC 14-64, msys2)",1744490606
315213934,MohammedHany123,The Legend of Freya the Frog,OK,"C++23 (GCC 14-64, msys2)",1744490600
315213892,MohammedHany123,The Legend of Freya the Frog,WRONG_ANSWER,"C++23 (GCC 14-64, msys2)",1744490567
315212899,MohammedHany123,The Legend of Freya the Frog,WRONG_ANSWER,"C++23 (GCC 14-64, msys2)",1744489863
315212772,MohammedHany123,The Legend of Freya the Frog,WRONG_ANSWER,"C++23 (GCC 14-64, msys2)",1744489782
315212749,MohammedHany123,The Legend of Freya the Frog,WRONG_ANSWER,"C++23 (GCC 14-64, msys2)",1744489768
315212524,shivanshks2006,The Legend of Freya the Frog,OK,C++17 (GCC 7-32),1744489596
315212256,MohammedHany123,osu!mania,OK,"C++23 (GCC 14-64, msys2)",1744489407
315211829,nasa07,Klee's SUPER DUPER LARGE Array!!!,OK,PyPy 3-64,1744489186
315211826,MohammedHany123,Minimize!,OK,"C++23 (GCC 14-64, msys2)",1744489184
315211440,shivanshks2006,The Legend of Freya the Frog,WRONG_ANSWER,C++17 (GCC 7-32),1744488929
315211171,deadscissors,Satyam and Counting,WRONG_ANSWER,"C++23 (GCC 14-64, msys2)",1744488756
315210683,shivanshks2006,The Legend of Freya the Frog,WRONG_ANSWER,C++17 (GCC 7-32),1744488436
315210008,shivanshks2006,The Legend of Freya the Frog,WRONG_ANSWER,C++17 (GCC 7-32),1744488020
315209746,anres,Satyam and Counting,OK,C++17 (GCC 7-32),1744487851
315209728,anres,Satyam and Counting,COMPILATION_ERROR,PyPy 3-64,1744487839
315209522,annak_s,Satyam and Counting,OK,"C++23 (GCC 14-64, msys2)",1744487717
315209188,deadscissors,The Legend of Freya the Frog,OK,"C++23 (GCC 14-64, msys2)",1744487523
315209077,Wanshh_Sohal,Satyam and Counting,OK,C++17 (GCC 7-32),1744487458
315209073,Klein_Thefool,osu!mania,OK,C++17 (GCC 7-32),1744487454
315208960,ItsAmirAli,Minimize!,OK,C++17 (GCC 7-32),1744487391
315208724,YuriyKap,Satyam and Counting,OK,"C++23 (GCC 14-64, msys2)",1744487232
315208614,Wanshh_Sohal,The Legend of Freya the Frog,OK,C++17 (GCC 7-32),1744487166
315208420,coder_neha,The Legend of Freya the Frog,WRONG_ANSWER,C++17 (GCC 7-32),1744487052
315208381,YuriyKap,Satyam and Counting,WRONG_ANSWER,"C++23 (GCC 14-64, msys2)",1744487032
315208288,shivanshks2006,osu!mania,OK,C++17 (GCC 7-32),1744486978
315208245,nasa07,The Legend of Freya the Frog,OK,PyPy 3-64,1744486955
315208178,Wanshh_Sohal,The Legend of Freya the Frog,WRONG_ANSWER,C++17 (GCC 7-32),1744486923
315208150,deadscissors,osu!mania,OK,"C++23 (GCC 14-64, msys2)",1744486909
315208090,adeu-21,The Legend of Freya the Frog,OK,C++17 (GCC 7-32),1744486876
315208048,coder_neha,The Legend of Freya the Frog,WRONG_ANSWER,C++17 (GCC 7-32),1744486861
315207934,Wanshh_Sohal,The Legend of Freya the Frog,WRONG_ANSWER,C++17 (GCC 7-32),1744486802
315207838,deadscissors,Minimize!,OK,"C++23 (GCC 14-64, msys2)",1744486753
315207767,RoninMello,Satyam and Counting,OK,"C++23 (GCC 14-64, msys2)",1744486711
315207700,RoninMello,Satyam and Counting,WRONG_ANSWER,"C++23 (GCC 14-64, msys2)",1744486667
315207450,nasa07,osu!mania,OK,PyPy 3-64,1744486519
315207419,Wanshh_Sohal,osu!mania,OK,C++17 (GCC 7-32),1744486504
315207229,adeu-21,The Legend of Freya the Frog,WRONG_ANSWER,C++17 (GCC 7-32),1744486398
315207193,Wanshh_Sohal,Minimize!,OK,C++17 (GCC 7-32),1744486371
315207191,shivanshks2006,Minimize!,OK,C++17 (GCC 7-32),1744486370
315207177,coder_neha,The Legend of Freya the Frog,WRONG_ANSWER,C++17 (GCC 7-32),1744486361
315206936,nasa07,Minimize!,OK,PyPy 3-64,1744486226
315206756,adeu-21,The Legend of Freya the Frog,WRONG_ANSWER,C++17 (GCC 7-32),1744486138
315206518,adeu-21,The Legend of Freya the Frog,WRONG_ANSWER,C++17 (GCC 7-32),1744486013
315205773,winner69,Klee's SUPER DUPER LARGE Array!!!,OK,C++20 (GCC 13-64),1744485632
315205762,sama1,Minimize!,OK,C++17 (GCC 7-32),1744485623
315205630,Klein_Thefool,Minimize!,OK,C++17 (GCC 7-32),1744485562
315205061,niina,Minimize!,OK,C++17 (GCC 7-32),1744485269
315204950,abdelrahmansebeha,Minimize!,OK,"C++23 (GCC 14-64, msys2)",1744485209
315204759,adeu-21,osu!mania,OK,C++17 (GCC 7-32),1744485107
315204307,Loading_Error,Minimize!,OK,C++17 (GCC 7-32),1744484866
315204297,coder_neha,Minimize!,OK,C++17 (GCC 7-32),1744484859
315203978,adeu-21,Minimize!,OK,C++17 (GCC 7-32),1744484693
315203707,An0nyMou5,Klee's SUPER DUPER LARGE Array!!!,OK,C++17 (GCC 7-32),1744484544
315203647,suryadipbanerjee6,The Legend of Freya the Frog,OK,C++17 (GCC 7-32),1744484513
315203384,itumi,Satyam and Counting,OK,C++20 (GCC 13-64),1744484377
315202769,winner69,The Legend of Freya the Frog,OK,C++20 (GCC 13-64),1744484055
315202298,winner69,osu!mania,OK,C++20 (GCC 13-64),1744483791
315201548,For_success,Minimize!,OK,"C++23 (GCC 14-64, msys2)",1744483401
315201538,winner69,Minimize!,OK,C++20 (GCC 13-64),1744483392
315200370,yansqww15,Minimize!,OK,C++17 (GCC 7-32),1744482782
315199777,alpost_06,Minimize!,OK,"C++23 (GCC 14-64, msys2)",1744482480
315199699,alpost_06,Minimize!,WRONG_ANSWER,"C++23 (GCC 14-64, msys2)",1744482443
315199618,sarthakgupta0305,Firefly's Queries,OK,"C++23 (GCC 14-64, msys2)",1744482408
315199613,alpost_06,Minimize!,COMPILATION_ERROR,"C++23 (GCC 14-64, msys2)",1744482404
315199583,Khush_Vaghela,The Legend of Freya the Frog,OK,C++17 (GCC 7-32),1744482385
315199558,alpost_06,Minimize!,COMPILATION_ERROR,"C++23 (GCC 14-64, msys2)",1744482369
315199459,Khush_Vaghela,The Legend of Freya the Frog,OK,C++17 (GCC 7-32),1744482327
315198856,GivenFortless,Minimize!,OK,C++20 (GCC 13-64),1744482040
315198607,Abishek_1809,osu!mania,OK,C++17 (GCC 7-32),1744481938
315198007,itumi,The Legend of Freya the Frog,OK,C++20 (GCC 13-64),1744481660
315196510,Ivannavi123,Firefly's Queries,OK,C++20 (GCC 13-64),1744480920
315194118,porghagres1,Minimize!,OK,C++17 (GCC 7-32),1744479770
315193586,itumi,The Legend of Freya the Frog,WRONG_ANSWER,C++20 (GCC 13-64),1744479511
315193314,Aditya024,The Legend of Freya the Frog,OK,"C++23 (GCC 14-64, msys2)",1744479381
315192386,Aditya024,The Legend of Freya the Frog,TIME_LIMIT_EXCEEDED,"C++23 (GCC 14-64, msys2)",1744479011
315192103,Aditya024,The Legend of Freya the Frog,TIME_LIMIT_EXCEEDED,"C++23 (GCC 14-64, msys2)",1744478889
315191348,Ivannavi123,Klee's SUPER DUPER LARGE Array!!!,OK,C++20 (GCC 13-64),1744478566
315190909,runn3r,Satyam and Counting,WRONG_ANSWER,C++20 (GCC 13-64),1744478364
315190425,itumi,osu!mania,OK,C++20 (GCC 13-64),1744478140
315189988,itumi,Minimize!,OK,C++20 (GCC 13-64),1744477959
315188106,vinayak23,The Legend of Freya the Frog,OK,"C++23 (GCC 14-64, msys2)",1744477322
315186743,vinayak23,The Legend of Freya the Frog,WRONG_ANSWER,"C++23 (GCC 14-64, msys2)",1744476935
315185665,udoy115,Minimize!,OK,GNU C11,1744476619
315184307,Harshitmaheshwari,The Legend of Freya the Frog,OK,C++17 (GCC 7-32),1744476156
315184078,nikhiljatale80,osu!mania,OK,C++17 (GCC 7-32),1744476069
315183556,udoy115,Minimize!,WRONG_ANSWER,GNU C11,1744475874
315183389,udoy115,Minimize!,WRONG_ANSWER,GNU C11,1744475814
315183034,udoy115,Minimize!,WRONG_ANSWER,GNU C11,1744475686
315182955,udoy115,Minimize!,COMPILATION_ERROR,GNU C11,1744475657
315182722,ShockerJoker,The Legend of Freya the Frog,OK,C++20 (GCC 13-64),1744475577
315181867,amrendratr_06,osu!mania,OK,"C++23 (GCC 14-64, msys2)",1744475295
315181529,naderbhm,osu!mania,OK,PyPy 3-64,1744475192
315181136,naderbhm,osu!mania,OK,PyPy 3-64,1744475076
315180910,SHUBHAM_SINGH_PATEL__,The Legend of Freya the Frog,OK,"C++23 (GCC 14-64, msys2)",1744475010
315180367,naderbhm,osu!mania,WRONG_ANSWER,PyPy 3-64,1744474836
315180237,naderbhm,osu!mania,WRONG_ANSWER,PyPy 3-64,1744474794
315179707,nikhiljatale80,osu!mania,WRONG_ANSWER,C++17 (GCC 7-32),1744474623
315179671,SomethingSober,Minimize!,OK,C++17 (GCC 7-32),1744474613
315179626,Hanggoash,Firefly's Queries,OK,C++17 (GCC 7-32),1744474600
315179214,Med_Anas,The Legend of Freya the Frog,OK,"C++23 (GCC 14-64, msys2)",1744474469
315179021,nicowilliams,The Legend of Freya the Frog,OK,C++20 (GCC 13-64),1744474406
315179002,Hanggoash,Firefly's Queries,WRONG_ANSWER,C++17 (GCC 7-32),1744474398
315178827,HarshitChowdhury,Klee's SUPER DUPER LARGE Array!!!,OK,"C++23 (GCC 14-64, msys2)",1744474342
315177432,pascal88,The Legend of Freya the Frog,OK,Java 21,1744473882
315176922,nikhiljatale80,Minimize!,OK,C++17 (GCC 7-32),1744473719
315174045,Tanjirul16,Minimize!,OK,C++17 (GCC 7-32),1744472793
315173872,Tanjirul16,Minimize!,TIME_LIMIT_EXCEEDED,C++17 (GCC 7-32),1744472739
315173254,HarshitChowdhury,Klee's SUPER DUPER LARGE Array!!!,WRONG_ANSWER,"C++23 (GCC 14-64, msys2)",1744472557
315173200,pascal88,The Legend of Freya the Frog,WRONG_ANSWER,Java 21,1744472540
315171627,Abhi0518,Minimize!,OK,"C++23 (GCC 14-64, msys2)",1744472031
315171124,YhuanDebeste,Minimize!,OK,Haskell,1744471854
315166421,suryadipbanerjee6,Minimize!,OK,C++17 (GCC 7-32),1744470397
315165221,SabirM,osu!mania,OK,"C++23 (GCC 14-64, msys2)",1744469986
315164943,h_abiba,The Legend of Freya the Frog,OK,"C++23 (GCC 14-64, msys2)",1744469898
315164780,iamnextbigthingshivang,Firefly's Queries,OK,"C++23 (GCC 14-64, msys2)",1744469840
315164526,h_abiba,The Legend of Freya the Frog,WRONG_ANSWER,"C++23 (GCC 14-64, msys2)",1744469740
315164105,h_abiba,The Legend of Freya the Frog,WRONG_ANSWER,"C++23 (GCC 14-64, msys2)",1744469587
315163648,SabirM,Minimize!,OK,"C++23 (GCC 14-64, msys2)",1744469426
315163373,shriwastavaaditya11,The Legend of Freya the Frog,WRONG_ANSWER,C++17 (GCC 7-32),1744469332
315162583,Equas777,osu!mania,OK,"C++23 (GCC 14-64, msys2)",1744469050
315161276,shriwastavaaditya11,osu!mania,OK,C++17 (GCC 7-32),1744468598
315160945,beka_bro_genii,Minimize!,OK,"C++23 (GCC 14-64, msys2)",1744468490
315160852,beka_bro_genii,Minimize!,COMPILATION_ERROR,"C++23 (GCC 14-64, msys2)",1744468461
315160848,Med_Anas,osu!mania,OK,"C++23 (GCC 14-64, msys2)",1744468461
315160628,ashrafulaziz9991,Minimize!,OK,C++17 (GCC 7-32),1744468375
315160553,Med_Anas,osu!mania,WRONG_ANSWER,"C++23 (GCC 14-64, msys2)",1744468345
315160357,KishoreKarthick89,Satyam and Counting,OK,C++20 (GCC 13-64),1744468274
315160182,KishoreKarthick89,Satyam and Counting,WRONG_ANSWER,C++20 (GCC 13-64),1744468212
315159656,shriwastavaaditya11,Minimize!,OK,C++17 (GCC 7-32),1744468026
315158537,sagato,osu!mania,OK,Python 3,1744467645
315158369,KishoreKarthick89,Satyam and Counting,OK,C++20 (GCC 13-64),1744467591
315158203,KishoreKarthick89,Satyam and Counting,WRONG_ANSWER,C++20 (GCC 13-64),1744467526
315158030,sifatulla,Satyam and Counting,OK,Python 3,1744467462
315157505,sifatulla,Satyam and Counting,TIME_LIMIT_EXCEEDED,Python 3,1744467267
315157079,sagato,Minimize!,OK,PyPy 3-64,1744467125
315156919,sagato,Minimize!,COMPILATION_ERROR,PyPy 3-64,1744467076
315156697,KishoreKarthick89,Satyam and Counting,OK,C++20 (GCC 13-64),1744466999
315156631,KishoreKarthick89,Satyam and Counting,WRONG_ANSWER,C++20 (GCC 13-64),1744466975
315155475,Gyanu2026,Klee's SUPER DUPER LARGE Array!!!,OK,C++17 (GCC 7-32),1744466539
315155356,GGGGSSSS,Klee's SUPER DUPER LARGE Array!!!,OK,C++17 (GCC 7-32),1744466500
315153010,AnshulGaharwal,osu!mania,OK,"C++23 (GCC 14-64, msys2)",1744465627
315150121,prajyoth2006,The Legend of Freya the Frog,OK,"C++23 (GCC 14-64, msys2)",1744464469
315149497,Saikat_Das01,Minimize!,OK,C++17 (GCC 7-32),1744464207
315149193,Riyanshi-Tomar,Minimize!,OK,GNU C11,1744464048
315148994,prajyoth2006,The Legend of Freya the Frog,WRONG_ANSWER,"C++23 (GCC 14-64, msys2)",1744463952
315147874,agastya.aman,Minimize!,OK,C++20 (GCC 13-64),1744463412
315147544,Neelesh19634,The Legend of Freya the Frog,OK,C++17 (GCC 7-32),1744463257
315147031,Neelesh19634,The Legend of Freya the Frog,WRONG_ANSWER,C++17 (GCC 7-32),1744463008
315145454,Arnav.T21,The Legend of Freya the Frog,OK,C++17 (GCC 7-32),1744462316
315144074,Neelesh19634,The Legend of Freya the Frog,WRONG_ANSWER,C++17 (GCC 7-32),1744461613
315143782,Neelesh19634,The Legend of Freya the Frog,WRONG_ANSWER,C++17 (GCC 7-32),1744461459
315143683,akashkumar121896,Minimize!,OK,Java 21,1744461404
315143675,pr17,Satyam and Counting,OK,"C++23 (GCC 14-64, msys2)",1744461400
315143586,Neelesh19634,The Legend of Freya the Frog,WRONG_ANSWER,C++17 (GCC 7-32),1744461355
315143496,pr17,Satyam and Counting,WRONG_ANSWER,"C++23 (GCC 14-64, msys2)",1744461311
315141432,khdidenroiday,Minimize!,OK,"C++23 (GCC 14-64, msys2)",1744460395
315140338,Ankit-cp,Yunli's Subarray Queries (easy version),OK,"C++23 (GCC 14-64, msys2)",1744459934
315139362,Ankit-cp,Satyam and Counting,OK,"C++23 (GCC 14-64, msys2)",1744459519
315139217,manliannb1,Minimize!,COMPILATION_ERROR,GNU C11,1744459465
315139163,Ankit-cp,Satyam and Counting,OK,"C++23 (GCC 14-64, msys2)",1744459440
315137322,vish_man,The Legend of Freya the Frog,OK,"C++23 (GCC 14-64, msys2)",1744458780
315136592,Ankit-cp,Klee's SUPER DUPER LARGE Array!!!,OK,"C++23 (GCC 14-64, msys2)",1744458515
315136365,Ankit-cp,Klee's SUPER DUPER LARGE Array!!!,OK,"C++23 (GCC 14-64, msys2)",1744458443
315135743,eycho03,The Legend of Freya the Frog,OK,C++17 (GCC 7-32),1744458222
315135298,boltzmanns_bane,Satyam and Counting,OK,PyPy 3-64,1744458066
315134580,eycho03,The Legend of Freya the Frog,WRONG_ANSWER,C++17 (GCC 7-32),1744457825
315131529,Med_Anas,Minimize!,OK,"C++23 (GCC 14-64, msys2)",1744456380
315130716,eycho03,osu!mania,OK,C++17 (GCC 7-32),1744455942
315130135,eycho03,Minimize!,OK,C++17 (GCC 7-32),1744455652
315129921,mayank.nichlani22,Klee's SUPER DUPER LARGE Array!!!,OK,"C++23 (GCC 14-64, msys2)",1744455541
315129524,celestial85,Satyam and Counting,OK,C++20 (GCC 13-64),1744455331
315129030,celestial85,Satyam and Counting,WRONG_ANSWER,C++20 (GCC 13-64),1744455089
315128050,HarshitChowdhury,Satyam and Counting,WRONG_ANSWER,PyPy 3-64,1744454582
315127631,NimishMaheshwari02,Satyam and Counting,WRONG_ANSWER,C++17 (GCC 7-32),1744454375
315127284,thisisnitintiwari,The Legend of Freya the Frog,WRONG_ANSWER,C++20 (GCC 13-64),1744454204
315127059,vish_man,Satyam and Counting,OK,"C++23 (GCC 14-64, msys2)",1744454093
315127027,Ankit-cp,The Legend of Freya the Frog,OK,"C++23 (GCC 14-64, msys2)",1744454079
315126887,HarshitChowdhury,Satyam and Counting,OK,PyPy 3-64,1744454007
315126851,NimishMaheshwari02,The Legend of Freya the Frog,OK,C++17 (GCC 7-32),1744453993
315126622,Ankit-cp,The Legend of Freya the Frog,OK,"C++23 (GCC 14-64, msys2)",1744453886
315125666,boltzmanns_bane,The Legend of Freya the Frog,OK,PyPy 3-64,1744453484
315125321,Ankit-cp,osu!mania,OK,"C++23 (GCC 14-64, msys2)",1744453313
315125223,Ankit-cp,osu!mania,OK,"C++23 (GCC 14-64, msys2)",1744453268
315124689,HarshitChowdhury,Satyam and Counting,WRONG_ANSWER,PyPy 3-64,1744453024
315124590,HarshitChowdhury,Satyam and Counting,WRONG_ANSWER,PyPy 3-64,1744452979
315124532,vididvidid,Minimize!,OK,C++20 (GCC 13-64),1744452956
315124421,CodingPrakharKapoor,Minimize!,OK,Python 3,1744452903
315124282,thisisnitintiwari,osu!mania,OK,C++20 (GCC 13-64),1744452836
315124277,vididvidid,osu!mania,OK,C++20 (GCC 13-64),1744452834
315124192,thisisnitintiwari,osu!mania,WRONG_ANSWER,C++20 (GCC 13-64),1744452787
315124187,sreevalli02,osu!mania,OK,C++17 (GCC 7-32),1744452780
315124035,CodingPrakharKapoor,osu!mania,OK,Python 3,1744452712
315123949,NimishMaheshwari02,The Legend of Freya the Frog,TIME_LIMIT_EXCEEDED,C++17 (GCC 7-32),1744452664
315123735,thisisnitintiwari,Minimize!,OK,C++20 (GCC 13-64),1744452554
315122870,NimishMaheshwari02,osu!mania,OK,C++17 (GCC 7-32),1744452156
315122869,GreatRevan,Satyam and Counting,OK,"C++23 (GCC 14-64, msys2)",1744452156
315122407,NimishMaheshwari02,Minimize!,OK,C++17 (GCC 7-32),1744451925
315122342,NimishMaheshwari02,Minimize!,COMPILATION_ERROR,C++17 (GCC 7-32),1744451896
315122254,NimishMaheshwari02,Minimize!,COMPILATION_ERROR,C++17 (GCC 7-32),1744451855
315121671,vish_man,The Legend of Freya the Frog,WRONG_ANSWER,"C++23 (GCC 14-64, msys2)",1744451578
315121486,vish_man,The Legend of Freya the Frog,WRONG_ANSWER,"C++23 (GCC 14-64, msys2)",1744451480
315119456,sreevalli02,Minimize!,OK,C++17 (GCC 7-32),1744450529
315119242,HarshitChowdhury,The Legend of Freya the Frog,OK,PyPy 3-64,1744450420
315118726,HarshitChowdhury,osu!mania,OK,PyPy 3-64,1744450192
315118613,HarshitChowdhury,osu!mania,WRONG_ANSWER,PyPy 3-64,1744450140
315117835,HarshitChowdhury,Minimize!,OK,PyPy 3-64,1744449796
315117797,HarshitChowdhury,Minimize!,COMPILATION_ERROR,"C++23 (GCC 14-64, msys2)",1744449778
315117467,DamnUFlicker__10,osu!mania,OK,C++17 (GCC 7-32),1744449642
315116603,YOUSEF_AA500,Minimize!,WRONG_ANSWER,"C++23 (GCC 14-64, msys2)",1744449300
315114989,vineetagarwal1604,The Legend of Freya the Frog,COMPILATION_ERROR,C++17 (GCC 7-32),1744448616
315114604,gemini369,Minimize!,OK,GNU C11,1744448450
315114128,rajyavanshi,The Legend of Freya the Frog,WRONG_ANSWER,C++17 (GCC 7-32),1744448253
315114040,gemini369,Minimize!,WRONG_ANSWER,GNU C11,1744448209
315112872,rajyavanshi,osu!mania,OK,C++17 (GCC 7-32),1744447718
315111511,rajyavanshi,Minimize!,OK,C++17 (GCC 7-32),1744447173
315106267,brokesoul,Klee's SUPER DUPER LARGE Array!!!,OK,"C++23 (GCC 14-64, msys2)",1744445107
315105942,Ankit-cp,Minimize!,OK,"C++23 (GCC 14-64, msys2)",1744444989
315104508,tafsir_siuu,osu!mania,OK,"C++23 (GCC 14-64, msys2)",1744444479
315104486,brokesoul,Klee's SUPER DUPER LARGE Array!!!,OK,"C++23 (GCC 14-64, msys2)",1744444473
315101042,vineetagarwal1604,osu!mania,WRONG_ANSWER,C++17 (GCC 7-32),1744443283
315100580,vineetagarwal1604,The Legend of Freya the Frog,RUNTIME_ERROR,C++17 (GCC 7-32),1744443087
315100304,vineetagarwal1604,The Legend of Freya the Frog,RUNTIME_ERROR,C++17 (GCC 7-32),1744442984
315100123,bianca_d,osu!mania,OK,C++20 (GCC 13-64),1744442907
315099817,vineetagarwal1604,The Legend of Freya the Frog,RUNTIME_ERROR,C++17 (GCC 7-32),1744442788
315099538,vineetagarwal1604,The Legend of Freya the Frog,RUNTIME_ERROR,C++17 (GCC 7-32),1744442684
315098638,tafsir_siuu,Minimize!,OK,"C++23 (GCC 14-64, msys2)",1744442325
315097545,NandaniAgrawal_23,Satyam and Counting,OK,C++17 (GCC 7-32),1744441902
315096867,vineetagarwal1604,osu!mania,WRONG_ANSWER,C++17 (GCC 7-32),1744441661
315096765,CreativeRaven,osu!mania,OK,"C++23 (GCC 14-64, msys2)",1744441623
315096710,vineetagarwal1604,osu!mania,WRONG_ANSWER,C++17 (GCC 7-32),1744441603
315096000,vineetagarwal1604,osu!mania,OK,C++17 (GCC 7-32),1744441312
315095875,vineetagarwal1604,osu!mania,COMPILATION_ERROR,C++17 (GCC 7-32),1744441253
315095255,CreativeRaven,The Legend of Freya the Frog,OK,"C++23 (GCC 14-64, msys2)",1744440993
315094973,CreativeRaven,The Legend of Freya the Frog,WRONG_ANSWER,"C++23 (GCC 14-64, msys2)",1744440878
315094880,vineetagarwal1604,osu!mania,OK,C++17 (GCC 7-32),1744440839
315094736,CreativeRaven,The Legend of Freya the Frog,WRONG_ANSWER,"C++23 (GCC 14-64, msys2)",1744440785
315094695,__praveen,Klee's SUPER DUPER LARGE Array!!!,OK,"C++23 (GCC 14-64, msys2)",1744440771
315094556,CreativeRaven,The Legend of Freya the Frog,WRONG_ANSWER,"C++23 (GCC 14-64, msys2)",1744440716
315093773,CreativeRaven,The Legend of Freya the Frog,WRONG_ANSWER,"C++23 (GCC 14-64, msys2)",1744440391
315093607,Aryaman__001,Satyam and Counting,OK,Java 21,1744440332
315093547,vineetagarwal1604,osu!mania,WRONG_ANSWER,C++17 (GCC 7-32),1744440311
315093121,Aimer131104,Klee's SUPER DUPER LARGE Array!!!,OK,"C++23 (GCC 14-64, msys2)",1744440140
315093088,CreativeRaven,The Legend of Freya the Frog,TIME_LIMIT_EXCEEDED,"C++23 (GCC 14-64, msys2)",1744440128
315092817,__praveen,Klee's SUPER DUPER LARGE Array!!!,WRONG_ANSWER,"C++23 (GCC 14-64, msys2)",1744440024
315092662,daimayuanbala,The Legend of Freya the Frog,WRONG_ANSWER,C++17 (GCC 7-32),1744439963
315091690,vineetagarwal1604,osu!mania,WRONG_ANSWER,C++17 (GCC 7-32),1744439588
315091272,vineetagarwal1604,osu!mania,TIME_LIMIT_EXCEEDED,C++17 (GCC 7-32),1744439413
315091232,balaoshi1,The Legend of Freya the Frog,WRONG_ANSWER,C++17 (GCC 7-32),1744439399
315091041,vineetagarwal1604,osu!mania,WRONG_ANSWER,C++17 (GCC 7-32),1744439318
315090622,VSS100815_MIshaq,Minimize!,OK,PyPy 3-64,1744439125
315090524,daimayuanbala,The Legend of Freya the Frog,WRONG_ANSWER,C++17 (GCC 7-32),1744439083
315090489,sifatulla,Satyam and Counting,WRONG_ANSWER,Python 3,1744439069
315090106,vineetagarwal1604,Minimize!,OK,C++17 (GCC 7-32),1744438905
315089987,sifatulla,Satyam and Counting,TIME_LIMIT_EXCEEDED,Python 3,1744438859
315088480,daimayuanhhh,The Legend of Freya the Frog,WRONG_ANSWER,C++17 (GCC 7-32),1744438112
315088218,ngp11,Firefly's Queries,OK,C++17 (GCC 7-32),1744437979
315087122,debanjon_roy,Firefly's Queries,OK,"C++23 (GCC 14-64, msys2)",1744437444
315086258,debanjon_roy,Firefly's Queries,TIME_LIMIT_EXCEEDED,"C++23 (GCC 14-64, msys2)",1744436984
315086079,_U_Turn_,Minimize!,OK,C++17 (GCC 7-32),1744436882
315085861,ngp11,Firefly's Queries,TIME_LIMIT_EXCEEDED,C++17 (GCC 7-32),1744436763
315083547,yogiraj151,Minimize!,OK,C++17 (GCC 7-32),1744435599
315083287,screen_smasher,The Legend of Freya the Frog,OK,C++17 (GCC 7-32),1744435465
315083116,sumu.cse,Minimize!,OK,"C++23 (GCC 14-64, msys2)",1744435380
315080355,ismail-eub,osu!mania,OK,C++17 (GCC 7-32),1744433443
315080143,ronykhan,The Legend of Freya the Frog,OK,C++17 (GCC 7-32),1744433238
315080104,Bappi003,osu!mania,OK,GNU C11,1744433187
315079876,Kavyagupta_094,Minimize!,OK,C++17 (GCC 7-32),1744432939
315079432,screen_smasher,The Legend of Freya the Frog,TIME_LIMIT_EXCEEDED,C++17 (GCC 7-32),1744432516
315079347,ronykhan,osu!mania,OK,C++17 (GCC 7-32),1744432422
315078647,saion7510,Minimize!,OK,GNU C11,1744431649
315078520,saion7510,Minimize!,WRONG_ANSWER,GNU C11,1744431492
315077206,sarisht_shreshth,The Legend of Freya the Frog,OK,PyPy 3-64,1744429906
315077151,sarisht_shreshth,The Legend of Freya the Frog,WRONG_ANSWER,PyPy 3-64,1744429838
315077111,sarisht_shreshth,The Legend of Freya the Frog,WRONG_ANSWER,PyPy 3-64,1744429783
315077070,sarisht_shreshth,The Legend of Freya the Frog,WRONG_ANSWER,PyPy 3-64,1744429739
315076719,screen_smasher,The Legend of Freya the Frog,WRONG_ANSWER,C++17 (GCC 7-32),1744429318
315076642,sarisht_shreshth,The Legend of Freya the Frog,WRONG_ANSWER,PyPy 3-64,1744429237
315075145,Aryaman__001,Klee's SUPER DUPER LARGE Array!!!,OK,Java 21,1744427546
315075075,Aryaman__001,Klee's SUPER DUPER LARGE Array!!!,RUNTIME_ERROR,Java 21,1744427475
315074530,ngp11,Klee's SUPER DUPER LARGE Array!!!,OK,C++17 (GCC 7-32),1744426836
315074401,qz5zDavisX,Satyam and Counting,TIME_LIMIT_EXCEEDED,C++17 (GCC 7-32),1744426667
315074330,qz5zDavisX,Satyam and Counting,WRONG_ANSWER,C++17 (GCC 7-32),1744426586
315072676,ngp11,Satyam and Counting,OK,C++17 (GCC 7-32),1744424229
315072601,ngp11,Satyam and Counting,WRONG_ANSWER,C++17 (GCC 7-32),1744424120
315072084,Aryaman__001,The Legend of Freya the Frog,OK,Java 21,1744423227
315071929,Aryaman__001,The Legend of Freya the Frog,WRONG_ANSWER,Java 21,1744422961
315071769,Aryaman__001,The Legend of Freya the Frog,TIME_LIMIT_EXCEEDED,Java 21,1744422697
315071237,caraadi10,Yunli's Subarray Queries (hard version),TIME_LIMIT_EXCEEDED,C++17 (GCC 7-32),1744421779
315071034,Aryaman__001,osu!mania,OK,Java 21,1744421465
315070892,22kangwonWHS,Klee's SUPER DUPER LARGE Array!!!,OK,"C++23 (GCC 14-64, msys2)",1744421221
315070786,Aryaman__001,Minimize!,OK,Java 21,1744420987
315070745,curz_,Yunli's Subarray Queries (easy version),OK,C++17 (GCC 7-32),1744420910
315070112,22kangwonWHS,Satyam and Counting,OK,"C++23 (GCC 14-64, msys2)",1744419637
315069528,22kangwonWHS,The Legend of Freya the Frog,OK,"C++23 (GCC 14-64, msys2)",1744418392
315069421,Goddless,Klee's SUPER DUPER LARGE Array!!!,OK,"C++23 (GCC 14-64, msys2)",1744418184
315069373,22kangwonWHS,osu!mania,OK,"C++23 (GCC 14-64, msys2)",1744418075
315069299,22kangwonWHS,Minimize!,OK,"C++23 (GCC 14-64, msys2)",1744417892
315068775,rickkcir100,Klee's SUPER DUPER LARGE Array!!!,OK,"C++23 (GCC 14-64, msys2)",1744416737
315068118,davidbyrd,Klee's SUPER DUPER LARGE Array!!!,OK,C++17 (GCC 7-32),1744415305
315067019,davidbyrd,Satyam and Counting,OK,C++17 (GCC 7-32),1744412755
315066983,davidbyrd,Satyam and Counting,WRONG_ANSWER,C++17 (GCC 7-32),1744412694
315066732,zzzxxxccc,Minimize!,OK,C++17 (GCC 7-32),1744412187
315066642,zzzxxxccc,Minimize!,OK,C++17 (GCC 7-32),1744412012
315064690,davidbyrd,The Legend of Freya the Frog,OK,C++17 (GCC 7-32),1744408947
315064660,Umvt07,The Legend of Freya the Frog,WRONG_ANSWER,C++17 (GCC 7-32),1744408902
315064263,davidbyrd,osu!mania,OK,C++17 (GCC 7-32),1744408381
315063643,ME-CA-NICA11,Satyam and Counting,OK,C++17 (GCC 7-32),1744407701
315063451,ME-CA-NICA11,Satyam and Counting,WRONG_ANSWER,C++17 (GCC 7-32),1744407488
315063402,davidbyrd,Minimize!,OK,C++17 (GCC 7-32),1744407440
315063258,Umvt07,The Legend of Freya the Frog,WRONG_ANSWER,C++17 (GCC 7-32),1744407290
315062993,Umvt07,The Legend of Freya the Frog,WRONG_ANSWER,C++17 (GCC 7-32),1744407006
315062824,ME-CA-NICA11,Satyam and Counting,WRONG_ANSWER,C++17 (GCC 7-32),1744406830
315062787,ME-CA-NICA11,Satyam and Counting,COMPILATION_ERROR,C++17 (GCC 7-32),1744406802
315062739,ME-CA-NICA11,Satyam and Counting,COMPILATION_ERROR,C++17 (GCC 7-32),1744406755
315062684,ME-CA-NICA11,Satyam and Counting,COMPILATION_ERROR,C++17 (GCC 7-32),1744406698
315061875,ME-CA-NICA11,Satyam and Counting,TIME_LIMIT_EXCEEDED,C++17 (GCC 7-32),1744405878
315061267,Mauiza,osu!mania,OK,C++17 (GCC 7-32),1744405292
315060332,TheHonestGuy,Minimize!,OK,C++20 (GCC 13-64),1744404498
315060082,gaeel_,osu!mania,OK,"C++23 (GCC 14-64, msys2)",1744404290
315059406,Rahma_Elhagary,The Legend of Freya the Frog,OK,C++17 (GCC 7-32),1744403796
315059396,TheHonestGuy,Minimize!,OK,C++20 (GCC 13-64),1744403785
315059372,Rahma_Elhagary,The Legend of Freya the Frog,OK,C++17 (GCC 7-32),1744403760
315059194,Rahma_Elhagary,The Legend of Freya the Frog,WRONG_ANSWER,C++17 (GCC 7-32),1744403623
315059071,Rahma_Elhagary,The Legend of Freya the Frog,WRONG_ANSWER,C++17 (GCC 7-32),1744403537
315059014,Rahma_Elhagary,The Legend of Freya the Frog,WRONG_ANSWER,C++17 (GCC 7-32),1744403497
315058949,Rahma_Elhagary,The Legend of Freya the Frog,WRONG_ANSWER,C++17 (GCC 7-32),1744403442
315058884,Rahma_Elhagary,The Legend of Freya the Frog,WRONG_ANSWER,C++17 (GCC 7-32),1744403395
315058844,Rahma_Elhagary,The Legend of Freya the Frog,WRONG_ANSWER,C++17 (GCC 7-32),1744403361
315058703,Rahma_Elhagary,The Legend of Freya the Frog,WRONG_ANSWER,C++17 (GCC 7-32),1744403269
315058674,Rahma_Elhagary,The Legend of Freya the Frog,WRONG_ANSWER,C++17 (GCC 7-32),1744403250
315058454,Guardianecc,Klee's SUPER DUPER LARGE Array!!!,OK,C++20 (GCC 13-64),1744403096
315058274,BitScarlett,osu!mania,OK,C++17 (GCC 7-32),1744402978
315055470,red222,osu!mania,OK,C++17 (GCC 7-32),1744401041
315055429,red222,osu!mania,WRONG_ANSWER,C++17 (GCC 7-32),1744401011
315055094,Dasio_,Minimize!,OK,"C++23 (GCC 14-64, msys2)",1744400794
315054907,Dasio_,Minimize!,WRONG_ANSWER,"C++23 (GCC 14-64, msys2)",1744400672
315054823,Abrar_Prince,Minimize!,OK,GNU C11,1744400617
315054812,Dasio_,Minimize!,WRONG_ANSWER,"C++23 (GCC 14-64, msys2)",1744400612
315054379,dareeneldeak,osu!mania,OK,PyPy 3-64,1744400304
315053626,Shreesh_125,Klee's SUPER DUPER LARGE Array!!!,OK,C++17 (GCC 7-32),1744399814
315051698,ratulllll,Minimize!,OK,C++20 (GCC 13-64),1744398644
315051526,saadislam,The Legend of Freya the Frog,OK,C++20 (GCC 13-64),1744398537
315051474,--hmzabanna--,Satyam and Counting,OK,C++20 (GCC 13-64),1744398502
315051204,saadislam,The Legend of Freya the Frog,WRONG_ANSWER,C++20 (GCC 13-64),1744398353
315050341,guptakrishiv8,Satyam and Counting,OK,Python 3,1744397869
315049359,saadislam,osu!mania,OK,C++20 (GCC 13-64),1744397309
315049192,ayanakoji_death,Yunli's Subarray Queries (easy version),OK,"C++23 (GCC 14-64, msys2)",1744397216
315049141,saadislam,osu!mania,RUNTIME_ERROR,C++20 (GCC 13-64),1744397189
315048721,w0rst0fb3st,Minimize!,OK,PyPy 3-64,1744396939
315048581,shawon,Satyam and Counting,OK,C++17 (GCC 7-32),1744396851
315048511,Drashti_varasada,Minimize!,OK,"C++23 (GCC 14-64, msys2)",1744396814
315048422,shawon,Satyam and Counting,RUNTIME_ERROR,C++17 (GCC 7-32),1744396756
315048378,--hmzabanna--,Satyam and Counting,WRONG_ANSWER,C++20 (GCC 13-64),1744396731
315047393,zero7,Minimize!,OK,C++17 (GCC 7-32),1744396152
315046795,--hmzabanna--,The Legend of Freya the Frog,OK,C++20 (GCC 13-64),1744395864
315046273,ketangoel0311,The Legend of Freya the Frog,OK,"C++23 (GCC 14-64, msys2)",1744395597
315045950,sana_masrany,Minimize!,OK,C++17 (GCC 7-32),1744395445
315045397,--hmzabanna--,The Legend of Freya the Frog,WRONG_ANSWER,C++20 (GCC 13-64),1744395169
315045028,shawon,Satyam and Counting,WRONG_ANSWER,C++17 (GCC 7-32),1744394762
315044616,--hmzabanna--,The Legend of Freya the Frog,WRONG_ANSWER,C++20 (GCC 13-64),1744394535
315044568,--hmzabanna--,The Legend of Freya the Frog,WRONG_ANSWER,C++20 (GCC 13-64),1744394511
315044497,shawon,Satyam and Counting,WRONG_ANSWER,C++17 (GCC 7-32),1744394486
315044494,curz_,Yunli's Subarray Queries (easy version),OK,C++17 (GCC 7-32),1744394485
315043824,curz_,Yunli's Subarray Queries (easy version),OK,C++17 (GCC 7-32),1744394154
315043744,__koala__,Yunli's Subarray Queries (easy version),OK,C++17 (GCC 7-32),1744394109
315043234,rate1200,The Legend of Freya the Frog,OK,"C++23 (GCC 14-64, msys2)",1744393863
315042035,FallenKnight,Minimize!,OK,"C++23 (GCC 14-64, msys2)",1744393162
315041444,Shakil10945,osu!mania,OK,"C++23 (GCC 14-64, msys2)",1744392869
315040511,curz_,Yunli's Subarray Queries (easy version),TIME_LIMIT_EXCEEDED,C++17 (GCC 7-32),1744392341
315039955,curz_,Yunli's Subarray Queries (easy version),TIME_LIMIT_EXCEEDED,C++17 (GCC 7-32),1744392024
315039923,AnkitaCH,Minimize!,OK,C++20 (GCC 13-64),1744392003
315039755,rate1200,The Legend of Freya the Frog,TIME_LIMIT_EXCEEDED,"C++23 (GCC 14-64, msys2)",1744391883
315037414,the_seal,Satyam and Counting,OK,PyPy 3,1744390692
315037350,the_seal,Satyam and Counting,TIME_LIMIT_EXCEEDED,PyPy 3,1744390657
315036861,Monster124689,The Legend of Freya the Frog,OK,C++20 (GCC 13-64),1744390402
315036728,Monster124689,The Legend of Freya the Frog,WRONG_ANSWER,C++20 (GCC 13-64),1744390330
315036647,curz_,Yunli's Subarray Queries (easy version),WRONG_ANSWER,C++17 (GCC 7-32),1744390284
315036481,Monster124689,The Legend of Freya the Frog,WRONG_ANSWER,C++20 (GCC 13-64),1744390193
315036348,the_seal,The Legend of Freya the Frog,OK,PyPy 3,1744390122
315036274,RajatxSilver,Klee's SUPER DUPER LARGE Array!!!,OK,PyPy 3-64,1744390082
315036178,THE_CODFATHER,osu!mania,OK,C++17 (GCC 7-32),1744390017
315035831,celestial85,Klee's SUPER DUPER LARGE Array!!!,OK,C++20 (GCC 13-64),1744389842
315035559,curz_,Yunli's Subarray Queries (easy version),RUNTIME_ERROR,C++17 (GCC 7-32),1744389708
315035542,Monster124689,The Legend of Freya the Frog,WRONG_ANSWER,C++20 (GCC 13-64),1744389702
315035405,Monster124689,The Legend of Freya the Frog,WRONG_ANSWER,C++20 (GCC 13-64),1744389619
315035226,the_seal,The Legend of Freya the Frog,WRONG_ANSWER,PyPy 3,1744389523
315035141,the_seal,The Legend of Freya the Frog,WRONG_ANSWER,PyPy 3,1744389477
315034376,Monster124689,osu!mania,OK,C++20 (GCC 13-64),1744389060
315034234,rifatrizvi2.o,Minimize!,OK,C++20 (GCC 13-64),1744388984
315034101,Monster124689,osu!mania,COMPILATION_ERROR,C++20 (GCC 13-64),1744388915
315033662,CoDeLikeShubham,Satyam and Counting,WRONG_ANSWER,C++17 (GCC 7-32),1744388672
315033646,animeshr098,The Legend of Freya the Frog,OK,C++20 (GCC 13-64),1744388665
315033429,Monster124689,Minimize!,OK,C++20 (GCC 13-64),1744388554
315033370,CoDeLikeShubham,Satyam and Counting,WRONG_ANSWER,C++17 (GCC 7-32),1744388521
315032780,rate1200,osu!mania,OK,"C++23 (GCC 14-64, msys2)",1744388216
315032150,rate1200,Minimize!,OK,"C++23 (GCC 14-64, msys2)",1744387916
315031779,theheatcoder,Klee's SUPER DUPER LARGE Array!!!,OK,"C++23 (GCC 14-64, msys2)",1744387723
315031692,huddd2,osu!mania,OK,C++17 (GCC 7-32),1744387671
315031274,huddd2,osu!mania,WRONG_ANSWER,C++17 (GCC 7-32),1744387444
315030126,the_seal,Satyam and Counting,WRONG_ANSWER,PyPy 3,1744386904
315029912,theheatcoder,Satyam and Counting,OK,"C++23 (GCC 14-64, msys2)",1744386801
315029725,AdeebBinHuda,The Legend of Freya the Frog,OK,C++20 (GCC 13-64),1744386704
315029213,Fake_nerd,osu!mania,OK,C++17 (GCC 7-32),1744386471
315029105,the_seal,The Legend of Freya the Frog,WRONG_ANSWER,PyPy 3,1744386419
315029042,huddd2,Minimize!,OK,C++17 (GCC 7-32),1744386392
315028937,jstn_j,The Legend of Freya the Frog,OK,C++20 (GCC 13-64),1744386349
315028671,the_seal,The Legend of Freya the Frog,WRONG_ANSWER,PyPy 3,1744386214
315028247,shawon,Klee's SUPER DUPER LARGE Array!!!,OK,C++17 (GCC 7-32),1744386019
315027995,the_seal,The Legend of Freya the Frog,WRONG_ANSWER,PyPy 3,1744385891
315027902,theheatcoder,The Legend of Freya the Frog,OK,"C++23 (GCC 14-64, msys2)",1744385850
315027629,the_seal,osu!mania,OK,PyPy 3,1744385715
315027341,the_seal,Minimize!,OK,PyPy 3,1744385588
315027329,theheatcoder,The Legend of Freya the Frog,WRONG_ANSWER,"C++23 (GCC 14-64, msys2)",1744385585
315026992,Fake_nerd,Minimize!,OK,C++17 (GCC 7-32),1744385439
315026589,theheatcoder,osu!mania,OK,"C++23 (GCC 14-64, msys2)",1744385254
315026133,theheatcoder,Minimize!,OK,"C++23 (GCC 14-64, msys2)",1744385024
315021935,Izumi_3900,Klee's SUPER DUPER LARGE Array!!!,OK,C++17 (GCC 7-32),1744383017
315020986,Izumi_3900,Klee's SUPER DUPER LARGE Array!!!,OK,C++17 (GCC 7-32),1744382611
315020665,ShubhamMate,Klee's SUPER DUPER LARGE Array!!!,OK,C++17 (GCC 7-32),1744382478
315020641,goal_setter_and_achiever,Minimize!,OK,"C++23 (GCC 14-64, msys2)",1744382471
315018385,ArafatNirob,The Legend of Freya the Frog,OK,C++17 (GCC 7-32),1744381551
315017514,clockwork,Yunli's Subarray Queries (easy version),OK,"C++23 (GCC 14-64, msys2)",1744381187
315017169,ArafatNirob,The Legend of Freya the Frog,WRONG_ANSWER,C++17 (GCC 7-32),1744381044
315016915,clockwork,Yunli's Subarray Queries (easy version),RUNTIME_ERROR,"C++23 (GCC 14-64, msys2)",1744380943
315016125,laluprasad7,Klee's SUPER DUPER LARGE Array!!!,TIME_LIMIT_EXCEEDED,C++17 (GCC 7-32),1744380589
315014693,ArafatNirob,osu!mania,OK,C++17 (GCC 7-32),1744379980
315014315,shawon,Klee's SUPER DUPER LARGE Array!!!,COMPILATION_ERROR,C++17 (GCC 7-32),1744379828
315013817,KoredeOnasanya,The Legend of Freya the Frog,OK,C++17 (GCC 7-32),1744379609
315013319,KoredeOnasanya,The Legend of Freya the Frog,OK,C++17 (GCC 7-32),1744379388
315013093,KoredeOnasanya,The Legend of Freya the Frog,WRONG_ANSWER,C++17 (GCC 7-32),1744379288
315012979,Marufa_lina,Minimize!,OK,C++17 (GCC 7-32),1744379241
315012001,Atul_Anand,Minimize!,OK,C++20 (GCC 13-64),1744378819
315011873,AmirHoseinEsmailie,Klee's SUPER DUPER LARGE Array!!!,OK,"C++23 (GCC 14-64, msys2)",1744378744
315011782,BGVShiva,Satyam and Counting,OK,C++17 (GCC 7-32),1744378702
315011772,laluprasad7,Satyam and Counting,OK,C++17 (GCC 7-32),1744378696
315010893,Atul_Anand,Minimize!,WRONG_ANSWER,C++20 (GCC 13-64),1744378303
315010702,_AhSaN_,Klee's SUPER DUPER LARGE Array!!!,OK,"C++23 (GCC 14-64, msys2)",1744378207
315010519,BGVShiva,Satyam and Counting,WRONG_ANSWER,C++17 (GCC 7-32),1744378120
315009140,laluprasad7,The Legend of Freya the Frog,OK,C++17 (GCC 7-32),1744377491
315007594,laluprasad7,osu!mania,OK,C++17 (GCC 7-32),1744376746
315007183,justkarsh,The Legend of Freya the Frog,OK,C++17 (GCC 7-32),1744376546
315006568,guptakrishiv8,Minimize!,OK,Python 3,1744376247
315006520,laluprasad7,Minimize!,OK,C++17 (GCC 7-32),1744376225
315005899,BGVShiva,Klee's SUPER DUPER LARGE Array!!!,OK,C++17 (GCC 7-32),1744375880
315005034,YinShanglong,osu!mania,OK,C++17 (GCC 7-32),1744375443
315004082,nemesh003,Minimize!,OK,C++17 (GCC 7-32),1744374951
315003599,divjotr,The Legend of Freya the Frog,OK,"C++23 (GCC 14-64, msys2)",1744374683
315003251,Cracker_2898,Satyam and Counting,OK,C++17 (GCC 7-32),1744374493
315002912,Cracker_2898,Satyam and Counting,WRONG_ANSWER,C++17 (GCC 7-32),1744374312
315001970,KCxuan,The Legend of Freya the Frog,OK,C++17 (GCC 7-32),1744373785
315001886,514Koishi514,Minimize!,OK,Python 3,1744373733
315001638,AmirHoseinEsmailie,Satyam and Counting,OK,"C++23 (GCC 14-64, msys2)",1744373595
315001107,_Vimal,Firefly's Queries,OK,C++17 (GCC 7-32),1744373316
315000738,divjotr,osu!mania,OK,"C++23 (GCC 14-64, msys2)",1744373115
315000449,KCxuan,osu!mania,OK,C++17 (GCC 7-32),1744372958
315000200,Dishank_Jha,osu!mania,OK,C++17 (GCC 7-32),1744372829
315000196,divjotr,Minimize!,OK,"C++23 (GCC 14-64, msys2)",1744372828
315000071,divjotr,Minimize!,WRONG_ANSWER,"C++23 (GCC 14-64, msys2)",1744372768
314999990,KCxuan,osu!mania,WRONG_ANSWER,C++17 (GCC 7-32),1744372727
314999553,KCxuan,Minimize!,OK,C++17 (GCC 7-32),1744372480
314999471,KCxuan,Minimize!,WRONG_ANSWER,C++17 (GCC 7-32),1744372446
314999221,KoredeOnasanya,osu!mania,OK,C++17 (GCC 7-32),1744372310
314999159,Dishank_Jha,Minimize!,OK,C++17 (GCC 7-32),1744372270
314998408,moonnmoon,osu!mania,OK,C++17 (GCC 7-32),1744371854
314998370,dammuchaitanya,Satyam and Counting,OK,C++20 (GCC 13-64),1744371825
314998322,ompatel45672,osu!mania,OK,"C++23 (GCC 14-64, msys2)",1744371800
314997763,ompatel45672,Minimize!,OK,"C++23 (GCC 14-64, msys2)",1744371499
314996234,_Vimal,Firefly's Queries,WRONG_ANSWER,C++17 (GCC 7-32),1744370613
314995484,spar10,osu!mania,OK,"C++23 (GCC 14-64, msys2)",1744370208
314993952,debanjon_roy,Klee's SUPER DUPER LARGE Array!!!,OK,"C++23 (GCC 14-64, msys2)",1744369312
314988651,siddharths0001,Satyam and Counting,OK,C++17 (GCC 7-32),1744366072
314988344,siddharths0001,Satyam and Counting,WRONG_ANSWER,C++17 (GCC 7-32),1744365900
314987974,Zeyad_Farag,osu!mania,OK,C++17 (GCC 7-32),1744365696
314987941,Zeyad_Farag,osu!mania,COMPILATION_ERROR,C++17 (GCC 7-32),1744365677
314987605,Zeyad_Farag,osu!mania,WRONG_ANSWER,C++17 (GCC 7-32),1744365483
314987548,Zeyad_Farag,osu!mania,WRONG_ANSWER,C++17 (GCC 7-32),1744365450
314987444,Zeyad_Farag,osu!mania,WRONG_ANSWER,C++17 (GCC 7-32),1744365397
314987378,Zeyad_Farag,osu!mania,WRONG_ANSWER,C++17 (GCC 7-32),1744365362
314986144,beta-ori,The Legend of Freya the Frog,OK,C++17 (GCC 7-32),1744364713
314986049,abdelrhman_s12,Minimize!,OK,C++17 (GCC 7-32),1744364663
314985662,Blue_Eyes_White_Dragon,The Legend of Freya the Frog,OK,C++17 (GCC 7-32),1744364457
314985372,NoraAbood,Minimize!,OK,C++20 (GCC 13-64),1744364296
314985264,Moibraheem12u,osu!mania,WRONG_ANSWER,C++17 (GCC 7-32),1744364218
314985259,beta-ori,The Legend of Freya the Frog,WRONG_ANSWER,C++17 (GCC 7-32),1744364216
314984817,beta-ori,The Legend of Freya the Frog,WRONG_ANSWER,C++17 (GCC 7-32),1744363960
314984613,abdulla70,Minimize!,OK,"C++23 (GCC 14-64, msys2)",1744363848
314984191,abdulla70,Minimize!,WRONG_ANSWER,"C++23 (GCC 14-64, msys2)",1744363644
314983856,siddharths0001,Satyam and Counting,WRONG_ANSWER,C++17 (GCC 7-32),1744363471
314983845,Moibraheem12u,Minimize!,OK,C++17 (GCC 7-32),1744363465
314983602,siddharths0001,Satyam and Counting,WRONG_ANSWER,C++17 (GCC 7-32),1744363349
314982941,emanimran462,Minimize!,OK,C++20 (GCC 13-64),1744363025
314982815,siddharths0001,Satyam and Counting,WRONG_ANSWER,C++17 (GCC 7-32),1744362962
314982676,Blue_Eyes_White_Dragon,osu!mania,OK,C++17 (GCC 7-32),1744362885
314982376,siddharths0001,Satyam and Counting,WRONG_ANSWER,C++17 (GCC 7-32),1744362723
314981897,ayanakoji_death,Firefly's Queries,OK,"C++23 (GCC 14-64, msys2)",1744362437
314981867,siddharths0001,Satyam and Counting,WRONG_ANSWER,C++17 (GCC 7-32),1744362418
314980457,siddharths0001,The Legend of Freya the Frog,OK,C++17 (GCC 7-32),1744361608
314980138,ahmedmohamedabdalsabour1,The Legend of Freya the Frog,TIME_LIMIT_EXCEEDED,C++17 (GCC 7-32),1744361431
314980066,siddharths0001,osu!mania,OK,C++17 (GCC 7-32),1744361397
314979882,txcan11hanoi,The Legend of Freya the Frog,OK,C++17 (GCC 7-32),1744361292
314979758,siddharths0001,osu!mania,WRONG_ANSWER,C++17 (GCC 7-32),1744361236
314979753,txcan11hanoi,The Legend of Freya the Frog,WRONG_ANSWER,C++17 (GCC 7-32),1744361232
314979719,txcan11hanoi,The Legend of Freya the Frog,WRONG_ANSWER,C++17 (GCC 7-32),1744361208
314979453,siddharths0001,Minimize!,OK,C++17 (GCC 7-32),1744361062
314979438,txcan11hanoi,The Legend of Freya the Frog,WRONG_ANSWER,C++17 (GCC 7-32),1744361055
314979333,ahmedmohamedabdalsabour1,The Legend of Freya the Frog,WRONG_ANSWER,C++17 (GCC 7-32),1744360992
314979214,txcan11hanoi,The Legend of Freya the Frog,WRONG_ANSWER,C++17 (GCC 7-32),1744360921
314978290,Ghazy11,osu!mania,OK,"C++23 (GCC 14-64, msys2)",1744360350
314978049,ahmedmohamedabdalsabour1,The Legend of Freya the Frog,WRONG_ANSWER,C++17 (GCC 7-32),1744360183
314977820,ahmedmohamedabdalsabour1,The Legend of Freya the Frog,WRONG_ANSWER,C++17 (GCC 7-32),1744360046
314975310,Ghazy11,Minimize!,OK,"C++23 (GCC 14-64, msys2)",1744359094
314975147,txcan11hanoi,osu!mania,OK,C++17 (GCC 7-32),1744358995
314974065,lovish8320,Firefly's Queries,OK,"C++23 (GCC 14-64, msys2)",1744358309
314973895,lovish8320,Firefly's Queries,OK,"C++23 (GCC 14-64, msys2)",1744358194
314973536,MariamkhaledAli,osu!mania,OK,C++17 (GCC 7-32),1744357952
314972697,MariamkhaledAli,Minimize!,OK,C++17 (GCC 7-32),1744357350
314971506,d1nku,Minimize!,OK,C++20 (GCC 13-64),1744356457
314971094,txcan11hanoi,osu!mania,WRONG_ANSWER,C++17 (GCC 7-32),1744356157
314970665,S4nViX,The Legend of Freya the Frog,OK,Python 3,1744355839
314969969,hitsuuj,Yunli's Subarray Queries (easy version),OK,"C++23 (GCC 14-64, msys2)",1744355381
314969784,txcan11hanoi,Minimize!,OK,C++17 (GCC 7-32),1744355258
314969586,S4nViX,osu!mania,OK,Python 3,1744355135
314968898,Blue_Eyes_White_Dragon,Minimize!,OK,C++17 (GCC 7-32),1744354698
314968649,pulkit1078,Minimize!,OK,"C++23 (GCC 14-64, msys2)",1744354537
314966987,pulkit1078,Minimize!,COMPILATION_ERROR,"C++23 (GCC 14-64, msys2)",1744353394
314960732,omkar_p21,The Legend of Freya the Frog,OK,C++20 (GCC 13-64),1744350334
314960488,ANTARBANIK,Satyam and Counting,OK,C++20 (GCC 13-64),1744350144
314960360,omkar_p21,osu!mania,OK,C++20 (GCC 13-64),1744350044
314960173,ANTARBANIK,Satyam and Counting,WRONG_ANSWER,C++20 (GCC 13-64),1744349894
314960079,ANTARBANIK,Satyam and Counting,WRONG_ANSWER,C++20 (GCC 13-64),1744349812
314959989,ANTARBANIK,Satyam and Counting,WRONG_ANSWER,C++20 (GCC 13-64),1744349740
314959925,omkar_p21,Minimize!,OK,C++20 (GCC 13-64),1744349698
314959865,ANTARBANIK,Satyam and Counting,WRONG_ANSWER,C++20 (GCC 13-64),1744349642
314958024,mochi-002,Klee's SUPER DUPER LARGE Array!!!,OK,"C++23 (GCC 14-64, msys2)",1744348088
314955630,ni_ra_nj_an,Minimize!,RUNTIME_ERROR,Python 3,1744345860
314955539,ni_ra_nj_an,Minimize!,RUNTIME_ERROR,Python 3,1744345770
314955316,Yashvi_09,Minimize!,OK,C++17 (GCC 7-32),1744345552
314954570,shang3133,The Legend of Freya the Frog,OK,C++17 (GCC 7-32),1744344773
314954513,toplion7,The Legend of Freya the Frog,OK,C++17 (GCC 7-32),1744344718
314954420,shang3133,The Legend of Freya the Frog,COMPILATION_ERROR,C++17 (GCC 7-32),1744344619
314953705,toplion7,The Legend of Freya the Frog,WRONG_ANSWER,C++17 (GCC 7-32),1744344107
314953267,toplion7,The Legend of Freya the Frog,WRONG_ANSWER,C++17 (GCC 7-32),1744343582
314953244,mochi-002,Satyam and Counting,OK,"C++23 (GCC 14-64, msys2)",1744343555
314953243,toplion7,The Legend of Freya the Frog,WRONG_ANSWER,C++17 (GCC 7-32),1744343554
314953054,mochi-002,Satyam and Counting,WRONG_ANSWER,"C++23 (GCC 14-64, msys2)",1744343315
314952948,1234_5678_9123,Satyam and Counting,OK,C++17 (GCC 7-32),1744343190
314952828,1234_5678_9123,Satyam and Counting,WRONG_ANSWER,C++17 (GCC 7-32),1744343049
314952767,Hamelinn,The Legend of Freya the Frog,OK,Python 3,1744342978
314952518,1234_5678_9123,Satyam and Counting,WRONG_ANSWER,C++17 (GCC 7-32),1744342647
314952230,Sagar_TH_45,Klee's SUPER DUPER LARGE Array!!!,OK,"C++23 (GCC 14-64, msys2)",1744342343
314952134,Etshh01,The Legend of Freya the Frog,WRONG_ANSWER,"C++23 (GCC 14-64, msys2)",1744342256
314950860,sunitha_parimi,Minimize!,OK,C++17 (GCC 7-32),1744340746
314950342,Troy_,Klee's SUPER DUPER LARGE Array!!!,OK,C++20 (GCC 13-64),1744340071
314950320,caraadi8,Yunli's Subarray Queries (easy version),OK,C++17 (GCC 7-32),1744340032
314949639,AlexPM_1702,The Legend of Freya the Frog,WRONG_ANSWER,C++17 (GCC 7-32),1744339028
314949618,AlexPM_1702,The Legend of Freya the Frog,COMPILATION_ERROR,C++17 (GCC 7-32),1744339007
314949414,ME-CA-NICA11,Klee's SUPER DUPER LARGE Array!!!,OK,C++17 (GCC 7-32),1744338712
314949052,AlexPM_1702,The Legend of Freya the Frog,TIME_LIMIT_EXCEEDED,C++17 (GCC 7-32),1744338091
314948726,AlexPM_1702,The Legend of Freya the Frog,WRONG_ANSWER,C++17 (GCC 7-32),1744337544
314948469,anonymous_om_,Satyam and Counting,OK,C++20 (GCC 13-64),1744337080
314948426,AlexPM_1702,The Legend of Freya the Frog,WRONG_ANSWER,C++17 (GCC 7-32),1744337007
314947303,AlexPM_1702,The Legend of Freya the Frog,WRONG_ANSWER,C++17 (GCC 7-32),1744335156
314947295,Kato_Shoko,Satyam and Counting,OK,"C++23 (GCC 14-64, msys2)",1744335142
314947294,AlexPM_1702,The Legend of Freya the Frog,COMPILATION_ERROR,C++17 (GCC 7-32),1744335141
314947185,AlexPM_1702,The Legend of Freya the Frog,WRONG_ANSWER,C++17 (GCC 7-32),1744334959
314946886,AlexPM_1702,The Legend of Freya the Frog,WRONG_ANSWER,C++17 (GCC 7-32),1744334474
314946875,AlexPM_1702,The Legend of Freya the Frog,COMPILATION_ERROR,C++17 (GCC 7-32),1744334458
314946836,Kato_Shoko,osu!mania,OK,"C++23 (GCC 14-64, msys2)",1744334393
314946751,Kato_Shoko,Minimize!,OK,"C++23 (GCC 14-64, msys2)",1744334210
314946411,AlexPM_1702,osu!mania,OK,C++17 (GCC 7-32),1744333574
314945991,AlexPM_1702,Minimize!,OK,C++17 (GCC 7-32),1744332799
314945859,harriznn,Klee's SUPER DUPER LARGE Array!!!,OK,C++20 (GCC 13-64),1744332550
314944694,dilanjuan039,The Legend of Freya the Frog,OK,C++17 (GCC 7-32),1744330180
314943813,dilanjuan039,osu!mania,OK,C++17 (GCC 7-32),1744328168
314943666,dilanjuan039,Minimize!,OK,C++17 (GCC 7-32),1744327894
314940057,yadav_iitbhu,The Legend of Freya the Frog,OK,C++17 (GCC 7-32),1744321579
314939030,NoobmasterM,osu!mania,OK,"C++23 (GCC 14-64, msys2)",1744320209
314938715,yadav_iitbhu,Satyam and Counting,OK,C++17 (GCC 7-32),1744319832
314938374,NagoyaHugh,osu!mania,OK,PyPy 3-64,1744319438
314938268,NagoyaHugh,osu!mania,WRONG_ANSWER,PyPy 3-64,1744319318
314937663,hunterGatherer,Minimize!,OK,"C++23 (GCC 14-64, msys2)",1744318677
314937571,Saumya_coder,Firefly's Queries,OK,C++20 (GCC 13-64),1744318596
314937528,Saumya_coder,Firefly's Queries,OK,C++20 (GCC 13-64),1744318553
314937291,Saumya_coder,Firefly's Queries,WRONG_ANSWER,C++20 (GCC 13-64),1744318332
314937105,Saumya_coder,Firefly's Queries,WRONG_ANSWER,C++20 (GCC 13-64),1744318164
314936907,Saumya_coder,Firefly's Queries,WRONG_ANSWER,C++20 (GCC 13-64),1744317972
314934455,jennatalia,The Legend of Freya the Frog,OK,"C++23 (GCC 14-64, msys2)",1744315888
314933936,jennatalia,The Legend of Freya the Frog,WRONG_ANSWER,"C++23 (GCC 14-64, msys2)",1744315478
314932294,Guga301104,The Legend of Freya the Frog,OK,"C++23 (GCC 14-64, msys2)",1744314197
314932235,yadav_iitbhu,The Legend of Freya the Frog,WRONG_ANSWER,C++17 (GCC 7-32),1744314157
314931856,ANTARBANIK,Satyam and Counting,WRONG_ANSWER,C++20 (GCC 13-64),1744313859
314931674,yadav_iitbhu,osu!mania,OK,C++17 (GCC 7-32),1744313739
314931516,Guga301104,The Legend of Freya the Frog,WRONG_ANSWER,"C++23 (GCC 14-64, msys2)",1744313643
314931350,ANTARBANIK,Satyam and Counting,WRONG_ANSWER,C++20 (GCC 13-64),1744313529
314931334,yadav_iitbhu,Minimize!,OK,C++17 (GCC 7-32),1744313512
314931308,Guga301104,The Legend of Freya the Frog,WRONG_ANSWER,"C++23 (GCC 14-64, msys2)",1744313493
314931213,ahmedmohamedabdalsabour1,osu!mania,OK,C++17 (GCC 7-32),1744313415
314931186,ANTARBANIK,Satyam and Counting,WRONG_ANSWER,C++20 (GCC 13-64),1744313392
314931146,Guga301104,The Legend of Freya the Frog,WRONG_ANSWER,"C++23 (GCC 14-64, msys2)",1744313363
314930181,fatmaaboelnaga55,osu!mania,OK,PyPy 3-64,1744312701
314930091,Saumya_coder,The Legend of Freya the Frog,OK,C++20 (GCC 13-64),1744312651
314929609,fatmaaboelnaga55,Minimize!,OK,PyPy 3-64,1744312341
314928140,ANTARBANIK,The Legend of Freya the Frog,OK,C++20 (GCC 13-64),1744311461
314927610,ANTARBANIK,The Legend of Freya the Frog,WRONG_ANSWER,C++20 (GCC 13-64),1744311145
314926603,Saumya_coder,osu!mania,OK,C++20 (GCC 13-64),1744310564
314926331,Saumya_coder,Minimize!,OK,C++20 (GCC 13-64),1744310424
314925881,Vedanttttt30,The Legend of Freya the Frog,OK,"C++23 (GCC 14-64, msys2)",1744310162
314925498,isagi_yaichki,Minimize!,OK,C++20 (GCC 13-64),1744309975
314924878,trishit30,Satyam and Counting,WRONG_ANSWER,C++17 (GCC 7-32),1744309682
314924318,ANTARBANIK,osu!mania,OK,C++20 (GCC 13-64),1744309388
314924030,ANTARBANIK,Minimize!,OK,C++20 (GCC 13-64),1744309251
314922265,s0ld4t1k,osu!mania,OK,Python 3,1744308307
314919168,abdelrahmansebeha,osu!mania,OK,"C++23 (GCC 14-64, msys2)",1744306572
314919018,draconix,Minimize!,OK,C++17 (GCC 7-32),1744306479
314917189,khushi1000,osu!mania,OK,C++17 (GCC 7-32),1744305456
314916880,khushi1000,Minimize!,OK,C++17 (GCC 7-32),1744305279
314915616,ayanakoji_death,Klee's SUPER DUPER LARGE Array!!!,OK,"C++23 (GCC 14-64, msys2)",1744304616
314915329,ahmedmohamedabdalsabour1,Minimize!,OK,C++17 (GCC 7-32),1744304469
314914876,Sakib_276,osu!mania,OK,C++17 (GCC 7-32),1744304234
314914807,__Chandan_kr.,The Legend of Freya the Frog,WRONG_ANSWER,"C++23 (GCC 14-64, msys2)",1744304201
314913867,pradeep_s_28,Minimize!,OK,PyPy 3,1744303707
314913477,Shtn,Firefly's Queries,OK,"C++23 (GCC 14-64, msys2)",1744303491
314912997,__Chandan_kr.,The Legend of Freya the Frog,WRONG_ANSWER,"C++23 (GCC 14-64, msys2)",1744303216
314912981,RishabhG10,The Legend of Freya the Frog,OK,C++20 (GCC 13-64),1744303201
314912464,Wanderbrok,Klee's SUPER DUPER LARGE Array!!!,OK,PyPy 3-64,1744302923
314912401,Wanderbrok,Klee's SUPER DUPER LARGE Array!!!,OK,PyPy 3-64,1744302889
314912008,dhyey_mehta,Minimize!,OK,Java 21,1744302688
314911686,Physical-Star972,Minimize!,OK,C++17 (GCC 7-32),1744302524
314910957,Shakil10945,Minimize!,OK,"C++23 (GCC 14-64, msys2)",1744302156
314910663,__Chandan_kr.,The Legend of Freya the Frog,WRONG_ANSWER,"C++23 (GCC 14-64, msys2)",1744302014
314908899,Shtn,Firefly's Queries,WRONG_ANSWER,"C++23 (GCC 14-64, msys2)",1744301186
314908383,AlgoMaster1,Klee's SUPER DUPER LARGE Array!!!,OK,C++17 (GCC 7-32),1744300963
314908275,AlgoMaster1,Klee's SUPER DUPER LARGE Array!!!,WRONG_ANSWER,C++17 (GCC 7-32),1744300910
314907706,prakkhar15,Klee's SUPER DUPER LARGE Array!!!,OK,C++20 (GCC 13-64),1744300619
314907455,Wanderbrok,Satyam and Counting,OK,PyPy 3-64,1744300492
314906999,Ffdlx,The Legend of Freya the Frog,OK,C++20 (GCC 13-64),1744300255
314906253,Ffdlx,The Legend of Freya the Frog,WRONG_ANSWER,C++20 (GCC 13-64),1744299887
314905512,saf1w,Minimize!,OK,C++17 (GCC 7-32),1744299571
314904974,Ffdlx,The Legend of Freya the Frog,WRONG_ANSWER,C++20 (GCC 13-64),1744299312
314904824,Ffdlx,The Legend of Freya the Frog,WRONG_ANSWER,C++20 (GCC 13-64),1744299247
314904565,rapelaheitor,Minimize!,OK,C++17 (GCC 7-32),1744299122
314901480,Raghad-Sabri,Minimize!,OK,"C++23 (GCC 14-64, msys2)",1744297786
314901365,Raghad-Sabri,Minimize!,WRONG_ANSWER,"C++23 (GCC 14-64, msys2)",1744297740
314900827,Ffdlx,The Legend of Freya the Frog,WRONG_ANSWER,C++20 (GCC 13-64),1744297518
314900825,PavelBesp,The Legend of Freya the Frog,OK,"C++23 (GCC 14-64, msys2)",1744297515
314900741,toffees__n__gunpowder,Minimize!,OK,C++17 (GCC 7-32),1744297475
314900159,Ffdlx,The Legend of Freya the Frog,WRONG_ANSWER,C++20 (GCC 13-64),1744297216
314897434,shang3133,osu!mania,OK,C++17 (GCC 7-32),1744295992
314896342,shang3133,Minimize!,OK,C++17 (GCC 7-32),1744295507
314896212,shang3133,Minimize!,COMPILATION_ERROR,C++17 (GCC 7-32),1744295454
314896156,shang3133,Minimize!,COMPILATION_ERROR,C++17 (GCC 7-32),1744295427
314895946,n.g.2272003,Satyam and Counting,OK,"C++23 (GCC 14-64, msys2)",1744295332
314894293,Maho28,The Legend of Freya the Frog,OK,C++20 (GCC 13-64),1744294580
314893580,Sakib_276,Minimize!,OK,C++17 (GCC 7-32),1744294231
314893227,jodcoder,Minimize!,OK,C++20 (GCC 13-64),1744294066
314892736,Maho28,The Legend of Freya the Frog,WRONG_ANSWER,C++20 (GCC 13-64),1744293827
314892011,deRGus_001,Satyam and Counting,WRONG_ANSWER,"C++23 (GCC 14-64, msys2)",1744293512
314891958,deRGus_001,Satyam and Counting,COMPILATION_ERROR,"C++23 (GCC 14-64, msys2)",1744293486
314890864,andrey545454,Minimize!,OK,C++20 (GCC 13-64),1744293054
314887666,relient_182,Klee's SUPER DUPER LARGE Array!!!,OK,C++17 (GCC 7-32),1744291721
314887333,mochi-002,The Legend of Freya the Frog,OK,"C++23 (GCC 14-64, msys2)",1744291564
314887024,prakkhar15,Firefly's Queries,OK,C++20 (GCC 13-64),1744291421
314886387,deRGus_001,The Legend of Freya the Frog,OK,"C++23 (GCC 14-64, msys2)",1744291155
314886235,deRGus_001,The Legend of Freya the Frog,WRONG_ANSWER,"C++23 (GCC 14-64, msys2)",1744291091
314884125,prakkhar15,Satyam and Counting,OK,C++20 (GCC 13-64),1744290168
314883777,Abirpal12,Klee's SUPER DUPER LARGE Array!!!,OK,Java 21,1744290000
314882654,gentlecoder29,Klee's SUPER DUPER LARGE Array!!!,OK,C++17 (GCC 7-32),1744289509
314881921,deRGus_001,osu!mania,OK,"C++23 (GCC 14-64, msys2)",1744289208
314881614,zrnnn,osu!mania,OK,C++17 (GCC 7-32),1744289064
314881260,deRGus_001,Minimize!,OK,"C++23 (GCC 14-64, msys2)",1744288907
314881076,SenoWaheed,The Legend of Freya the Frog,OK,C++20 (GCC 13-64),1744288820
314880928,qinpengfei,Firefly's Queries,OK,Java 8,1744288761
314880782,SenoWaheed,The Legend of Freya the Frog,WRONG_ANSWER,C++20 (GCC 13-64),1744288699
314880707,qinpengfei,Firefly's Queries,RUNTIME_ERROR,Java 8,1744288669
314879548,Prashant_Tak,The Legend of Freya the Frog,OK,C++20 (GCC 13-64),1744288140
314878583,shashwatanand021,The Legend of Freya the Frog,OK,C++20 (GCC 13-64),1744287669
314878130,Prashant_Tak,The Legend of Freya the Frog,WRONG_ANSWER,C++20 (GCC 13-64),1744287440
314877919,tanya222004,The Legend of Freya the Frog,OK,C++17 (GCC 7-32),1744287347
314877804,Prashant_Tak,The Legend of Freya the Frog,WRONG_ANSWER,C++20 (GCC 13-64),1744287295
314877652,boltzmanns_bane,osu!mania,OK,PyPy 3-64,1744287214
314877426,tanya222004,The Legend of Freya the Frog,WRONG_ANSWER,C++17 (GCC 7-32),1744287097
314877299,TheGoodDevil,Yunli's Subarray Queries (easy version),OK,C++20 (GCC 13-64),1744287031
314877204,TheGoodDevil,Klee's SUPER DUPER LARGE Array!!!,OK,C++20 (GCC 13-64),1744286991
314877080,TheGoodDevil,Satyam and Counting,OK,C++20 (GCC 13-64),1744286933
314876997,TheGoodDevil,The Legend of Freya the Frog,OK,C++20 (GCC 13-64),1744286892
314876939,boltzmanns_bane,Minimize!,OK,PyPy 3-64,1744286863
314875551,Prashant_Tak,The Legend of Freya the Frog,WRONG_ANSWER,C++20 (GCC 13-64),1744286212
314874071,paulo.pr,Klee's SUPER DUPER LARGE Array!!!,OK,"C++23 (GCC 14-64, msys2)",1744285586
314873356,Deepjyoti_75,Klee's SUPER DUPER LARGE Array!!!,OK,C++20 (GCC 13-64),1744285221
314873276,Tod,Satyam and Counting,OK,C++17 (GCC 7-32),1744285185
314873252,LightThatILLuminatesAll,Klee's SUPER DUPER LARGE Array!!!,OK,C++20 (GCC 13-64),1744285173
314873000,LightThatILLuminatesAll,Klee's SUPER DUPER LARGE Array!!!,WRONG_ANSWER,C++20 (GCC 13-64),1744285043
314872912,Prashant_Tak,osu!mania,OK,C++20 (GCC 13-64),1744284999
314872787,anuragsikarwar,Firefly's Queries,OK,C++20 (GCC 13-64),1744284946
314872508,Drksn,osu!mania,OK,"C++23 (GCC 14-64, msys2)",1744284813
314871672,dekisuki91,Minimize!,OK,C++17 (GCC 7-32),1744284381
314871541,Mahin_Hossain999,Minimize!,OK,C++17 (GCC 7-32),1744284309
314871116,Prashant_Tak,Minimize!,OK,C++20 (GCC 13-64),1744284112
314868397,Deepjyoti_75,Satyam and Counting,OK,C++20 (GCC 13-64),1744282695
314864343,shashwatanand021,The Legend of Freya the Frog,WRONG_ANSWER,C++20 (GCC 13-64),1744280462
314864202,kevinciang,Minimize!,OK,C++20 (GCC 13-64),1744280383
314864163,efe_kucukvardar,osu!mania,OK,"C++23 (GCC 14-64, msys2)",1744280360
314863763,SrabonAhmed,Minimize!,OK,GNU C11,1744280149
314862613,Deepjyoti_75,The Legend of Freya the Frog,WRONG_ANSWER,C++20 (GCC 13-64),1744279543
314862479,Deepjyoti_75,The Legend of Freya the Frog,OK,C++20 (GCC 13-64),1744279473
314862368,Deepjyoti_75,The Legend of Freya the Frog,WRONG_ANSWER,C++20 (GCC 13-64),1744279404
314861902,Deepjyoti_75,The Legend of Freya the Frog,WRONG_ANSWER,C++20 (GCC 13-64),1744279160
314861787,Ashtik,Minimize!,OK,Java 21,1744279104
314861578,Ashtik,Minimize!,COMPILATION_ERROR,GNU C11,1744278983
314861271,Deepjyoti_75,osu!mania,OK,C++20 (GCC 13-64),1744278807
314860967,Deepjyoti_75,Minimize!,OK,C++20 (GCC 13-64),1744278626
314860859,Tod,Klee's SUPER DUPER LARGE Array!!!,OK,C++17 (GCC 7-32),1744278572
314858854,ketangoel0311,osu!mania,OK,"C++23 (GCC 14-64, msys2)",1744277494
314857847,ketangoel0311,Minimize!,OK,"C++23 (GCC 14-64, msys2)",1744276945
314857806,dAsHy_P,Minimize!,OK,C++17 (GCC 7-32),1744276920
314857717,dAsHy_P,Minimize!,OK,C++17 (GCC 7-32),1744276872
314856639,Eren_Kurtluk,osu!mania,OK,C++20 (GCC 13-64),1744276363
314855658,specialone101,Minimize!,OK,Python 3,1744275809
314854799,Nexelle,Klee's SUPER DUPER LARGE Array!!!,OK,C++20 (GCC 13-64),1744275391
314854003,PavelBesp,The Legend of Freya the Frog,WRONG_ANSWER,"C++23 (GCC 14-64, msys2)",1744274935
314852820,_Hemlock_,Satyam and Counting,OK,"C++23 (GCC 14-64, msys2)",1744274312
314851735,Eren_Kurtluk,osu!mania,OK,C++20 (GCC 13-64),1744273703
314851125,Bora_OCALAN,osu!mania,WRONG_ANSWER,"C++23 (GCC 14-64, msys2)",1744273352
314850988,1234_5678_9123,The Legend of Freya the Frog,OK,C++17 (GCC 7-32),1744273272
314850900,Cruper1,Minimize!,OK,Python 3,1744273214
314850619,1234_5678_9123,The Legend of Freya the Frog,WRONG_ANSWER,C++17 (GCC 7-32),1744273045
314850069,1234_5678_9123,The Legend of Freya the Frog,WRONG_ANSWER,C++17 (GCC 7-32),1744272703
314849691,1234_5678_9123,The Legend of Freya the Frog,COMPILATION_ERROR,C++17 (GCC 7-32),1744272470
314849483,1234_5678_9123,The Legend of Freya the Frog,WRONG_ANSWER,C++17 (GCC 7-32),1744272356
314848703,1234_5678_9123,osu!mania,OK,C++17 (GCC 7-32),1744271893
314848361,1234_5678_9123,osu!mania,WRONG_ANSWER,C++17 (GCC 7-32),1744271703
314848313,Bora_OCALAN,osu!mania,WRONG_ANSWER,"C++23 (GCC 14-64, msys2)",1744271668
314846670,1234_5678_9123,Minimize!,OK,C++17 (GCC 7-32),1744270697
314846392,LightThatILLuminatesAll,Klee's SUPER DUPER LARGE Array!!!,TIME_LIMIT_EXCEEDED,C++20 (GCC 13-64),1744270521
314845863,LightThatILLuminatesAll,Klee's SUPER DUPER LARGE Array!!!,MEMORY_LIMIT_EXCEEDED,C++20 (GCC 13-64),1744270217
314845793,LightThatILLuminatesAll,Klee's SUPER DUPER LARGE Array!!!,MEMORY_LIMIT_EXCEEDED,C++20 (GCC 13-64),1744270165
314845054,abiwka1,Minimize!,OK,"C++23 (GCC 14-64, msys2)",1744269731
314842693,Sad_IS_Sam,Minimize!,OK,GNU C11,1744268441
314842392,KauaVL,The Legend of Freya the Frog,OK,C++17 (GCC 7-32),1744268287
314842264,KauaVL,The Legend of Freya the Frog,WRONG_ANSWER,C++17 (GCC 7-32),1744268214
314840428,krishna_Singh25,Minimize!,OK,Java 8,1744267264
314839735,sadnanislamsamin001,Minimize!,OK,GNU C11,1744266900
314839004,toni128,Minimize!,OK,C++17 (GCC 7-32),1744266477
314837405,shailesh_dhama,Minimize!,OK,C++17 (GCC 7-32),1744265511
314836479,namannirwal,Minimize!,OK,C++20 (GCC 13-64),1744264944
314836335,toni128,Minimize!,WRONG_ANSWER,C++17 (GCC 7-32),1744264846
314836122,Muchenxixi_,osu!mania,OK,C++17 (GCC 7-32),1744264722
314835409,Prattoy_00,The Legend of Freya the Frog,OK,C++20 (GCC 13-64),1744264278
314834721,vitthalnamdev,Firefly's Queries,OK,C++20 (GCC 13-64),1744263771
314834252,KauaVL,The Legend of Freya the Frog,WRONG_ANSWER,C++17 (GCC 7-32),1744263449
314834201,KauaVL,The Legend of Freya the Frog,WRONG_ANSWER,C++17 (GCC 7-32),1744263418
314833841,KauaVL,The Legend of Freya the Frog,WRONG_ANSWER,C++17 (GCC 7-32),1744263163
314833675,forinrange,Firefly's Queries,OK,C++17 (GCC 7-32),1744263043
314832530,Tom_hby,osu!mania,OK,Python 3,1744262242
314831817,YWKM,osu!mania,OK,"C++23 (GCC 14-64, msys2)",1744261742
314831371,Hei5enbr3g97,The Legend of Freya the Frog,OK,"C++23 (GCC 14-64, msys2)",1744261382
314830908,JoyKhanna,Klee's SUPER DUPER LARGE Array!!!,OK,C++20 (GCC 13-64),1744261004
314830412,fanhuaxingyu,osu!mania,WRONG_ANSWER,"C++23 (GCC 14-64, msys2)",1744260562
314829829,Alaso2333,osu!mania,OK,C++20 (GCC 13-64),1744260101
314829699,JoyKhanna,Klee's SUPER DUPER LARGE Array!!!,TIME_LIMIT_EXCEEDED,C++20 (GCC 13-64),1744260020
314828626,KauaVL,The Legend of Freya the Frog,TIME_LIMIT_EXCEEDED,C++17 (GCC 7-32),1744259088
314828497,KauaVL,The Legend of Freya the Frog,TIME_LIMIT_EXCEEDED,C++17 (GCC 7-32),1744258967
314827662,Arnami,Minimize!,OK,C++20 (GCC 13-64),1744258089
314826931,KauaVL,osu!mania,OK,C++17 (GCC 7-32),1744257319
314825310,S.R.Rahi,Minimize!,OK,GNU C11,1744255462
314825268,S.R.Rahi,Minimize!,WRONG_ANSWER,GNU C11,1744255400
314825235,S.R.Rahi,Minimize!,WRONG_ANSWER,GNU C11,1744255349
314825076,__ALBION__,osu!mania,OK,"C++23 (GCC 14-64, msys2)",1744255139
314825012,__ALBION__,osu!mania,WRONG_ANSWER,"C++23 (GCC 14-64, msys2)",1744255047
314824274,JoyKhanna,Klee's SUPER DUPER LARGE Array!!!,WRONG_ANSWER,C++20 (GCC 13-64),1744253985
314824140,JoyKhanna,Klee's SUPER DUPER LARGE Array!!!,TIME_LIMIT_EXCEEDED,C++20 (GCC 13-64),1744253793
314823337,JoyKhanna,Klee's SUPER DUPER LARGE Array!!!,TIME_LIMIT_EXCEEDED,C++20 (GCC 13-64),1744252666
314823264,__ALBION__,osu!mania,OK,"C++23 (GCC 14-64, msys2)",1744252558
314820431,G46444564,Minimize!,OK,C++20 (GCC 13-64),1744248029
314819008,MikeTheCoder2,The Legend of Freya the Frog,TIME_LIMIT_EXCEEDED,"C++23 (GCC 14-64, msys2)",1744245693
314818785,MikeTheCoder2,The Legend of Freya the Frog,TIME_LIMIT_EXCEEDED,"C++23 (GCC 14-64, msys2)",1744245280
314818683,MikeTheCoder2,The Legend of Freya the Frog,WRONG_ANSWER,"C++23 (GCC 14-64, msys2)",1744245119
314818328,AlgoMaster1,Satyam and Counting,OK,C++17 (GCC 7-32),1744244340
314818305,AlgoMaster1,Satyam and Counting,OK,C++17 (GCC 7-32),1744244289
314818240,AlgoMaster1,Satyam and Counting,WRONG_ANSWER,C++17 (GCC 7-32),1744244135
314818195,AlgoMaster1,Satyam and Counting,WRONG_ANSWER,C++17 (GCC 7-32),1744244045
314817704,AlgoMaster1,Satyam and Counting,WRONG_ANSWER,C++17 (GCC 7-32),1744242954
314817553,AlgoMaster1,Satyam and Counting,WRONG_ANSWER,C++17 (GCC 7-32),1744242619
314817466,AlgoMaster1,Satyam and Counting,WRONG_ANSWER,C++17 (GCC 7-32),1744242438
314815903,salmamuhd15,osu!mania,OK,"C++23 (GCC 14-64, msys2)",1744239363
314815744,salmamuhd15,osu!mania,RUNTIME_ERROR,"C++23 (GCC 14-64, msys2)",1744239084
314815542,salmamuhd15,Minimize!,OK,"C++23 (GCC 14-64, msys2)",1744238698
314815397,Michelle_Almazan,Minimize!,OK,C++17 (GCC 7-32),1744238489
314815105,Target_69,Minimize!,OK,"C++23 (GCC 14-64, msys2)",1744238018
314814643,Nour777,osu!mania,WRONG_ANSWER,C++17 (GCC 7-32),1744237229
314814501,Nour777,osu!mania,WRONG_ANSWER,C++17 (GCC 7-32),1744236988
314813988,Nour777,Minimize!,OK,C++17 (GCC 7-32),1744236144
314813292,bomakhamchha,osu!mania,OK,Java 21,1744235176
314813221,Awsoemio,osu!mania,OK,Python 3,1744235087
314812785,bomakhamchha,Minimize!,OK,Java 21,1744234527
314812732,kubirchik3,Minimize!,OK,C++17 (GCC 7-32),1744234463
314811037,Ahmed_AL-Jebali,The Legend of Freya the Frog,WRONG_ANSWER,"C++23 (GCC 14-64, msys2)",1744232405
314810952,Ahmed_AL-Jebali,The Legend of Freya the Frog,WRONG_ANSWER,"C++23 (GCC 14-64, msys2)",1744232303
314810731,Ahmed_AL-Jebali,The Legend of Freya the Frog,WRONG_ANSWER,"C++23 (GCC 14-64, msys2)",1744232082
314810435,Ahmed_AL-Jebali,The Legend of Freya the Frog,WRONG_ANSWER,"C++23 (GCC 14-64, msys2)",1744231784
314809836,Alpha_0707,Minimize!,OK,C++20 (GCC 13-64),1744231194
314809728,Alpha_0707,Minimize!,WRONG_ANSWER,C++20 (GCC 13-64),1744231088
314809297,Aka_sh_,The Legend of Freya the Frog,OK,"C++23 (GCC 14-64, msys2)",1744230674
314809276,Ahmed_AL-Jebali,osu!mania,OK,"C++23 (GCC 14-64, msys2)",1744230659
314809172,Ahmed_AL-Jebali,osu!mania,WRONG_ANSWER,"C++23 (GCC 14-64, msys2)",1744230563
314808935,Ahmed_AL-Jebali,Minimize!,OK,"C++23 (GCC 14-64, msys2)",1744230364
314807281,Wanderbrok,The Legend of Freya the Frog,OK,PyPy 3-64,1744228959
314807106,Wanderbrok,The Legend of Freya the Frog,WRONG_ANSWER,PyPy 3-64,1744228834
314806555,Wanderbrok,osu!mania,OK,PyPy 3-64,1744228383
314806430,Wanderbrok,Minimize!,OK,PyPy 3-64,1744228287
314804053,8899759,Klee's SUPER DUPER LARGE Array!!!,WRONG_ANSWER,C++17 (GCC 7-32),1744227001
314804037,S4nViX,Minimize!,OK,Python 3,1744226990
314803945,8899759,Klee's SUPER DUPER LARGE Array!!!,WRONG_ANSWER,C++17 (GCC 7-32),1744226912
314803673,8899759,Klee's SUPER DUPER LARGE Array!!!,WRONG_ANSWER,C++17 (GCC 7-32),1744226724
314803388,8899759,Klee's SUPER DUPER LARGE Array!!!,WRONG_ANSWER,C++17 (GCC 7-32),1744226554
314803307,8899759,Klee's SUPER DUPER LARGE Array!!!,WRONG_ANSWER,C++17 (GCC 7-32),1744226491
314803189,8899759,Klee's SUPER DUPER LARGE Array!!!,WRONG_ANSWER,C++17 (GCC 7-32),1744226413
314803128,8899759,Klee's SUPER DUPER LARGE Array!!!,COMPILATION_ERROR,C++17 (GCC 7-32),1744226380
314803057,8899759,Klee's SUPER DUPER LARGE Array!!!,COMPILATION_ERROR,C++17 (GCC 7-32),1744226343
314802646,rohitrautela3231,Minimize!,OK,"C++23 (GCC 14-64, msys2)",1744226040
314802275,sanidhya_ojha,Satyam and Counting,WRONG_ANSWER,Python 3,1744225749
314802250,husam_kh95,Minimize!,OK,C++17 (GCC 7-32),1744225733
314802215,husam_kh95,Minimize!,WRONG_ANSWER,C++17 (GCC 7-32),1744225709
314802119,sanidhya_ojha,Satyam and Counting,WRONG_ANSWER,Python 3,1744225641
314802041,sanidhya_ojha,Satyam and Counting,WRONG_ANSWER,Python 3,1744225588
314801789,husam_kh95,Minimize!,RUNTIME_ERROR,C++17 (GCC 7-32),1744225424
314801764,husam_kh95,Minimize!,RUNTIME_ERROR,C++17 (GCC 7-32),1744225409
314801212,Aka_sh_,The Legend of Freya the Frog,OK,"C++23 (GCC 14-64, msys2)",1744225038
314801196,sanidhya_ojha,The Legend of Freya the Frog,WRONG_ANSWER,Python 3,1744225026
314800904,sanidhya_ojha,The Legend of Freya the Frog,WRONG_ANSWER,Python 3,1744224814
314800886,Aka_sh_,The Legend of Freya the Frog,WRONG_ANSWER,"C++23 (GCC 14-64, msys2)",1744224799
314800545,Sadia_Hossain,Minimize!,OK,C++17 (GCC 7-32),1744224568
314800143,10-TranHuyHoang,Minimize!,OK,C++20 (GCC 13-64),1744224324
314799790,Aka_sh_,The Legend of Freya the Frog,WRONG_ANSWER,"C++23 (GCC 14-64, msys2)",1744224128
314799491,sanidhya_ojha,osu!mania,OK,Python 3,1744223951
314799223,sanidhya_ojha,Minimize!,OK,Python 3,1744223798
314798873,noproblem36,Minimize!,OK,C++20 (GCC 13-64),1744223572
314798120,trishit30,Satyam and Counting,WRONG_ANSWER,C++17 (GCC 7-32),1744223157
314798029,Aka_sh_,The Legend of Freya the Frog,WRONG_ANSWER,"C++23 (GCC 14-64, msys2)",1744223109
314796905,Aka_sh_,The Legend of Freya the Frog,WRONG_ANSWER,"C++23 (GCC 14-64, msys2)",1744222508
314793981,Sahasra_24,Minimize!,OK,Java 8,1744220923
314793830,Sahasra_24,Minimize!,OK,Java 8,1744220844
314793584,alderson054,osu!mania,OK,Kotlin 1.9,1744220736
314792897,alderson054,Minimize!,OK,Kotlin 1.9,1744220395
314792470,shyaamsundar04,Minimize!,OK,PyPy 3-64,1744220188
314791457,shubhamchaurasiaap16,The Legend of Freya the Frog,OK,"C++23 (GCC 14-64, msys2)",1744219711
314790955,shubhamchaurasiaap16,The Legend of Freya the Frog,WRONG_ANSWER,"C++23 (GCC 14-64, msys2)",1744219455
314790599,codesamuraii,Minimize!,OK,C++17 (GCC 7-32),1744219271
314790503,NeonKazuha,Minimize!,OK,PyPy 3-64,1744219217
314790430,rustyBot,Klee's SUPER DUPER LARGE Array!!!,OK,Java 21,1744219171
314788268,CRISTI_STG,osu!mania,OK,"C++23 (GCC 14-64, msys2)",1744218094
314788000,giawm,Minimize!,OK,C++20 (GCC 13-64),1744217958
314787254,arpitbhalla725,Minimize!,OK,Java 21,1744217604
314786773,SukuruAizawa,osu!mania,OK,C++17 (GCC 7-32),1744217367
314783282,Aka_sh_,The Legend of Freya the Frog,WRONG_ANSWER,"C++23 (GCC 14-64, msys2)",1744216060
314782811,738811,Minimize!,OK,C++20 (GCC 13-64),1744215848
314780238,alaa_kui,Minimize!,OK,C++17 (GCC 7-32),1744214495
314778279,anastasia_16,Minimize!,OK,C++20 (GCC 13-64),1744213453
314777447,karansinghshekhawat2110,The Legend of Freya the Frog,OK,C++20 (GCC 13-64),1744212993
314776548,Xeqr,Satyam and Counting,OK,"C++23 (GCC 14-64, msys2)",1744212534
314776435,Xeqr,Satyam and Counting,WRONG_ANSWER,"C++23 (GCC 14-64, msys2)",1744212475
314775660,Xeqr,Satyam and Counting,WRONG_ANSWER,"C++23 (GCC 14-64, msys2)",1744212069
314775567,emirhanbanan,The Legend of Freya the Frog,OK,"C++23 (GCC 14-64, msys2)",1744212029
314775563,karansinghshekhawat2110,The Legend of Freya the Frog,WRONG_ANSWER,C++20 (GCC 13-64),1744212027
314775212,Xeqr,Satyam and Counting,WRONG_ANSWER,"C++23 (GCC 14-64, msys2)",1744211842
314775000,Xeqr,Satyam and Counting,TIME_LIMIT_EXCEEDED,"C++23 (GCC 14-64, msys2)",1744211729
314774786,Xeqr,Satyam and Counting,TIME_LIMIT_EXCEEDED,"C++23 (GCC 14-64, msys2)",1744211617
314774338,spongebob12,osu!mania,OK,PyPy 3-64,1744211402
314774269,spongebob12,Minimize!,RUNTIME_ERROR,PyPy 3-64,1744211371
314774041,beta682005,osu!mania,OK,Python 3,1744211255
314773889,Ewilipsic,Yunli's Subarray Queries (easy version),OK,C++20 (GCC 13-64),1744211183
314773811,bladerunner_17,Satyam and Counting,OK,"C++23 (GCC 14-64, msys2)",1744211145
314773717,beta682005,osu!mania,WRONG_ANSWER,Python 3,1744211094
314773624,ahmed_katbi,Minimize!,OK,Python 3,1744211049
314773317,beta682005,osu!mania,RUNTIME_ERROR,Python 3,1744210895
314773057,beta682005,osu!mania,RUNTIME_ERROR,Python 3,1744210770
314772317,bladerunner_17,The Legend of Freya the Frog,OK,"C++23 (GCC 14-64, msys2)",1744210434
314771996,gsn,Minimize!,OK,C++17 (GCC 7-32),1744210286
314771944,bladerunner_17,The Legend of Freya the Frog,WRONG_ANSWER,"C++23 (GCC 14-64, msys2)",1744210262
314771092,bladerunner_17,osu!mania,OK,"C++23 (GCC 14-64, msys2)",1744209888
314770715,spongebob12,Minimize!,OK,PyPy 3-64,1744209724
314770690,beta682005,Minimize!,OK,Python 3,1744209711
314770590,bladerunner_17,Minimize!,OK,"C++23 (GCC 14-64, msys2)",1744209663
314769919,shubhamchaurasiaap16,The Legend of Freya the Frog,WRONG_ANSWER,"C++23 (GCC 14-64, msys2)",1744209345
314769334,Alaso2333,osu!mania,WRONG_ANSWER,C++20 (GCC 13-64),1744209076
314767374,Alaso2333,Minimize!,OK,C++20 (GCC 13-64),1744208233
314765660,defaltst,The Legend of Freya the Frog,OK,C++17 (GCC 7-32),1744207503
314765241,defaltst,The Legend of Freya the Frog,WRONG_ANSWER,C++17 (GCC 7-32),1744207333
314764931,aryansukhadia2511,Minimize!,OK,Python 3,1744207195
314764927,defaltst,The Legend of Freya the Frog,WRONG_ANSWER,C++17 (GCC 7-32),1744207192
314764566,Arnami,Minimize!,WRONG_ANSWER,C++20 (GCC 13-64),1744207042
314764556,zombiezoo,Minimize!,OK,Java 8,1744207039
314764151,daimayuanhhh,Minimize!,OK,C++17 (GCC 7-32),1744206867
314762101,TuBach,Minimize!,OK,PyPy 3,1744206005
314760730,moonnmoon,Minimize!,OK,C++17 (GCC 7-32),1744205432
314758358,defaltst,osu!mania,OK,C++17 (GCC 7-32),1744204380
314758357,ljccjin,Yunli's Subarray Queries (easy version),OK,"C++23 (GCC 14-64, msys2)",1744204379
314756458,defaltst,Minimize!,OK,C++17 (GCC 7-32),1744203574
314756231,agarwalpratham,Satyam and Counting,OK,"C++23 (GCC 14-64, msys2)",1744203471
314755868,sumu.cse,Minimize!,WRONG_ANSWER,"C++23 (GCC 14-64, msys2)",1744203339
314752678,forinrange,Klee's SUPER DUPER LARGE Array!!!,OK,C++17 (GCC 7-32),1744202016
314749212,forinrange,Satyam and Counting,OK,C++17 (GCC 7-32),1744200607
314748580,forinrange,Satyam and Counting,WRONG_ANSWER,C++17 (GCC 7-32),1744200387
314746903,Radiolaria6,osu!mania,OK,C++17 (GCC 7-32),1744199732
314744945,forinrange,Minimize!,OK,C++17 (GCC 7-32),1744198966
314740911,zaixiamaomaoyu,osu!mania,OK,C++17 (GCC 7-32),1744197173
314740849,zaixiamaomaoyu,osu!mania,COMPILATION_ERROR,GNU C11,1744197149
314740203,zaixiamaomaoyu,osu!mania,COMPILATION_ERROR,GNU C11,1744196883
314734527,NuclearTeddy.,Minimize!,OK,"C++23 (GCC 14-64, msys2)",1744194496
314731728,LaKurwa,Minimize!,OK,"C++23 (GCC 14-64, msys2)",1744193161
314731726,olelo,Satyam and Counting,OK,"C++23 (GCC 14-64, msys2)",1744193161
314726576,Instencial,Yunli's Subarray Queries (easy version),OK,C++20 (GCC 13-64),1744190088
314726403,Viper2454,Minimize!,OK,C++17 (GCC 7-32),1744189962
314723878,Dhruv_P,Satyam and Counting,OK,C++17 (GCC 7-32),1744188219
314723818,KhaledMahgoub,Minimize!,OK,C++17 (GCC 7-32),1744188170
314723380,Instencial,Yunli's Subarray Queries (easy version),WRONG_ANSWER,C++20 (GCC 13-64),1744187871
314722715,coolpostcard,Minimize!,OK,Python 3,1744187350
314722677,Dhruv_P,The Legend of Freya the Frog,OK,C++17 (GCC 7-32),1744187313
314722667,drk16072000,Firefly's Queries,OK,C++20 (GCC 13-64),1744187305
314722562,drk16072000,Firefly's Queries,OK,C++20 (GCC 13-64),1744187211
314722519,yash_718,osu!mania,OK,"C++23 (GCC 14-64, msys2)",1744187176
314722465,mr84amini,The Legend of Freya the Frog,OK,"C++23 (GCC 14-64, msys2)",1744187130
314722440,drk16072000,Firefly's Queries,WRONG_ANSWER,C++20 (GCC 13-64),1744187110
314722378,Dhruv_P,osu!mania,OK,C++17 (GCC 7-32),1744187057
314722208,Dhruv_P,osu!mania,WRONG_ANSWER,C++17 (GCC 7-32),1744186930
314722024,Dhruv_P,Minimize!,OK,C++17 (GCC 7-32),1744186792
314721887,drk16072000,Firefly's Queries,WRONG_ANSWER,C++20 (GCC 13-64),1744186675
314721843,drk16072000,Firefly's Queries,WRONG_ANSWER,"C++23 (GCC 14-64, msys2)",1744186650
314720542,drk16072000,Firefly's Queries,WRONG_ANSWER,"C++23 (GCC 14-64, msys2)",1744185716
314720406,drk16072000,Firefly's Queries,COMPILATION_ERROR,"C++23 (GCC 14-64, msys2)",1744185628
314718182,nemesis-lance,Minimize!,OK,PyPy 3-64,1744183949
314715974,PurpleHanHan,Minimize!,OK,C++20 (GCC 13-64),1744182276
314715957,PurpleHanHan,osu!mania,OK,C++20 (GCC 13-64),1744182265
314715677,nassjes,Klee's SUPER DUPER LARGE Array!!!,OK,C++17 (GCC 7-32),1744182030
314714503,iam_Sarthak,osu!mania,OK,"C++23 (GCC 14-64, msys2)",1744181164
314713978,iam_Sarthak,Minimize!,OK,"C++23 (GCC 14-64, msys2)",1744180770
314712549,Black-w0lf,Minimize!,OK,C++20 (GCC 13-64),1744179672
314712387,Black-w0lf,Minimize!,OK,"C++23 (GCC 14-64, msys2)",1744179537
314708964,smso,Satyam and Counting,OK,"C++23 (GCC 14-64, msys2)",1744176914
314708705,smso,Satyam and Counting,WRONG_ANSWER,"C++23 (GCC 14-64, msys2)",1744176739
314707918,ahaan_desai27,Minimize!,OK,PyPy 3-64,1744176203
314706496,smso,Satyam and Counting,WRONG_ANSWER,"C++23 (GCC 14-64, msys2)",1744175562
314706491,Raihan20,Minimize!,OK,"C++23 (GCC 14-64, msys2)",1744175561
314704709,viivie,The Legend of Freya the Frog,OK,Python 3,1744174401
314704707,lunxain,osu!mania,OK,Python 3,1744174400
314704197,lunxain,osu!mania,RUNTIME_ERROR,Python 3,1744174008
314703796,lunxain,Minimize!,OK,Python 3,1744173680
314702612,xudayberganovallanazar5,osu!mania,OK,PyPy 3-64,1744172624
314701880,iznurlan,osu!mania,OK,PyPy 3-64,1744171977
314700032,justanerd,Yunli's Subarray Queries (easy version),OK,C++20 (GCC 13-64),1744170360
314699960,justanerd,Yunli's Subarray Queries (easy version),OK,C++20 (GCC 13-64),1744170293
314699927,katakOSN,Yunli's Subarray Queries (easy version),OK,C++20 (GCC 13-64),1744170253
314698935,Jubaira10,The Legend of Freya the Frog,WRONG_ANSWER,"C++23 (GCC 14-64, msys2)",1744169347
314698846,Jubaira10,The Legend of Freya the Frog,WRONG_ANSWER,"C++23 (GCC 14-64, msys2)",1744169266
314698736,katakOSN,Yunli's Subarray Queries (easy version),TIME_LIMIT_EXCEEDED,C++20 (GCC 13-64),1744169164
314698621,katakOSN,Yunli's Subarray Queries (easy version),COMPILATION_ERROR,C++20 (GCC 13-64),1744169051
314698400,katakOSN,Yunli's Subarray Queries (easy version),TIME_LIMIT_EXCEEDED,C++20 (GCC 13-64),1744168829
314697514,smso,Satyam and Counting,TIME_LIMIT_EXCEEDED,"C++23 (GCC 14-64, msys2)",1744167945
314694925,runawayawayaway,osu!mania,OK,C++17 (GCC 7-32),1744164850
314693472,tqyyy,osu!mania,OK,"C++23 (GCC 14-64, msys2)",1744162840
314692964,tqyyy,Minimize!,OK,"C++23 (GCC 14-64, msys2)",1744162085
314692905,tqyyy,Minimize!,WRONG_ANSWER,"C++23 (GCC 14-64, msys2)",1744162010
314692807,tqyyy,Minimize!,WRONG_ANSWER,"C++23 (GCC 14-64, msys2)",1744161874
314683032,Ismail.Abboud,osu!mania,OK,C++17 (GCC 7-32),1744146689
314680035,Nishit_Luhadia,Minimize!,OK,C++17 (GCC 7-32),1744143704
314679430,nhttey,Minimize!,OK,PyPy 3-64,1744143223
314677164,pcheloveks,Firefly's Queries,OK,C++20 (GCC 13-64),1744141575
314676111,Hasan_34,Minimize!,OK,C++17 (GCC 7-32),1744140806
314675342,olelo,Klee's SUPER DUPER LARGE Array!!!,OK,"C++23 (GCC 14-64, msys2)",1744140300
314675332,SukuruAizawa,Minimize!,OK,C++17 (GCC 7-32),1744140296
314669432,dekisuki91,osu!mania,OK,C++17 (GCC 7-32),1744137110
314668230,dekisuki91,The Legend of Freya the Frog,OK,C++17 (GCC 7-32),1744136618
314667338,codesamuraii,Minimize!,WRONG_ANSWER,C++17 (GCC 7-32),1744136277
314667166,_disvid_,Minimize!,OK,PyPy 3-64,1744136208
314666887,_disvid_,Minimize!,RUNTIME_ERROR,PyPy 3-64,1744136090
314664067,Tasriba_Jerin,Minimize!,OK,GNU C11,1744134874
314663515,pranav9354,osu!mania,OK,C++17 (GCC 7-32),1744134629
314661927,udaycodeforcess,The Legend of Freya the Frog,WRONG_ANSWER,"C++23 (GCC 14-64, msys2)",1744133946
314661707,udaycodeforcess,The Legend of Freya the Frog,WRONG_ANSWER,"C++23 (GCC 14-64, msys2)",1744133852
314660473,Fadhil_006,Minimize!,OK,C++20 (GCC 13-64),1744133370
314654032,ByteMancer007,Klee's SUPER DUPER LARGE Array!!!,OK,C++20 (GCC 13-64),1744131378
314650885,JigolKa,Klee's SUPER DUPER LARGE Array!!!,OK,C++17 (GCC 7-32),1744130893
314649339,JigolKa,Klee's SUPER DUPER LARGE Array!!!,WRONG_ANSWER,C++17 (GCC 7-32),1744130765
314646868,Hanen,Minimize!,OK,C++20 (GCC 13-64),1744130526
314605669,dimsalabimmm,The Legend of Freya the Frog,OK,C++17 (GCC 7-32),1744127182
314605157,dimsalabimmm,osu!mania,OK,C++17 (GCC 7-32),1744127149
314604198,sinister033,osu!mania,OK,C++17 (GCC 7-32),1744127088
314579762,ahmadzadeelcin,osu!mania,WRONG_ANSWER,"C++23 (GCC 14-64, msys2)",1744125756
314571961,abdulmujeeb01,Minimize!,OK,Python 3,1744125397
314502219,_szzjz_,Yunli's Subarray Queries (extreme version),OK,C++20 (GCC 13-64),1744121830
314501911,ZSH_,The Legend of Freya the Frog,OK,C++17 (GCC 7-32),1744121688
314501482,diego.olivo,Minimize!,OK,Python 3,1744121497
314496887,LovelyPanda,osu!mania,OK,C++17 (GCC 7-32),1744119503
314494268,realKFCboss,The Legend of Freya the Frog,WRONG_ANSWER,"C++23 (GCC 14-64, msys2)",1744118338
314491958,agarwalpratham,Klee's SUPER DUPER LARGE Array!!!,OK,C++20 (GCC 13-64),1744117287
314489654,msaadsbr,Satyam and Counting,OK,PyPy 3-64,1744116155
314486092,fahmidsiddique,Minimize!,OK,C++17 (GCC 7-32),1744114316
314485700,AlgoMaster1,The Legend of Freya the Frog,WRONG_ANSWER,C++17 (GCC 7-32),1744114120
314485275,AlgoMaster1,The Legend of Freya the Frog,OK,C++17 (GCC 7-32),1744113913
314485172,AlgoMaster1,The Legend of Freya the Frog,WRONG_ANSWER,C++17 (GCC 7-32),1744113862
314485171,kar_theeke,The Legend of Freya the Frog,OK,"C++23 (GCC 14-64, msys2)",1744113862
314483699,AlgoMaster1,The Legend of Freya the Frog,WRONG_ANSWER,C++17 (GCC 7-32),1744113149
314482879,AlgoMaster1,The Legend of Freya the Frog,WRONG_ANSWER,C++17 (GCC 7-32),1744112734
314482872,rtrzaharin,The Legend of Freya the Frog,OK,"C++23 (GCC 14-64, msys2)",1744112730
314482766,realKFCboss,osu!mania,OK,"C++23 (GCC 14-64, msys2)",1744112669
314482219,paulo.pr,Satyam and Counting,OK,"C++23 (GCC 14-64, msys2)",1744112374
314482084,rtrzaharin,osu!mania,OK,"C++23 (GCC 14-64, msys2)",1744112298
314481813,XeCipher,Minimize!,OK,Java 21,1744112155
314481585,realKFCboss,Minimize!,OK,"C++23 (GCC 14-64, msys2)",1744112028
314481519,Ghost_212,osu!mania,OK,"C++23 (GCC 14-64, msys2)",1744111984
314481306,rtrzaharin,Minimize!,OK,"C++23 (GCC 14-64, msys2)",1744111867
314481153,AlgoMaster1,The Legend of Freya the Frog,WRONG_ANSWER,C++17 (GCC 7-32),1744111787
314480821,Ghost_212,osu!mania,WRONG_ANSWER,"C++23 (GCC 14-64, msys2)",1744111613
314479997,JOKER_huang,osu!mania,OK,Java 21,1744111171
314479915,Iguanado,The Legend of Freya the Frog,OK,C++17 (GCC 7-32),1744111123
314479552,Iguanado,The Legend of Freya the Frog,WRONG_ANSWER,C++17 (GCC 7-32),1744110920
314479208,Iguanado,The Legend of Freya the Frog,WRONG_ANSWER,C++17 (GCC 7-32),1744110725
314478731,Iguanado,The Legend of Freya the Frog,WRONG_ANSWER,C++17 (GCC 7-32),1744110450
314478534,Iguanado,The Legend of Freya the Frog,WRONG_ANSWER,C++17 (GCC 7-32),1744110337
314477797,Iguanado,osu!mania,OK,C++17 (GCC 7-32),1744109891
314477649,AlgoMaster1,osu!mania,OK,C++17 (GCC 7-32),1744109793
314476991,zubaer.mahmud31,Klee's SUPER DUPER LARGE Array!!!,OK,C++20 (GCC 13-64),1744109394
314476720,AlgoMaster1,Minimize!,OK,C++17 (GCC 7-32),1744109211
314475676,butuc_rania,Klee's SUPER DUPER LARGE Array!!!,OK,C++17 (GCC 7-32),1744108534
314475588,butuc_rania,Klee's SUPER DUPER LARGE Array!!!,COMPILATION_ERROR,C++17 (GCC 7-32),1744108485
314474934,butuc_rania,Satyam and Counting,OK,C++17 (GCC 7-32),1744108041
314474333,butuc_rania,The Legend of Freya the Frog,OK,C++17 (GCC 7-32),1744107633
314472559,Enas1,osu!mania,OK,Java 21,1744106581
314470046,awei666,Klee's SUPER DUPER LARGE Array!!!,OK,C++17 (GCC 7-32),1744105121
314467886,AmirHoseinEsmailie,The Legend of Freya the Frog,WRONG_ANSWER,"C++23 (GCC 14-64, msys2)",1744103894
314467669,AmirHoseinEsmailie,The Legend of Freya the Frog,OK,"C++23 (GCC 14-64, msys2)",1744103767
314467554,AmirHoseinEsmailie,The Legend of Freya the Frog,WRONG_ANSWER,"C++23 (GCC 14-64, msys2)",1744103708
314467179,AmirHoseinEsmailie,The Legend of Freya the Frog,WRONG_ANSWER,"C++23 (GCC 14-64, msys2)",1744103488
314466894,AmirHoseinEsmailie,The Legend of Freya the Frog,WRONG_ANSWER,"C++23 (GCC 14-64, msys2)",1744103306
314466040,awei666,Satyam and Counting,OK,C++17 (GCC 7-32),1744102799
314465921,AmirHoseinEsmailie,The Legend of Freya the Frog,WRONG_ANSWER,"C++23 (GCC 14-64, msys2)",1744102724
314465092,AmirHoseinEsmailie,The Legend of Freya the Frog,WRONG_ANSWER,"C++23 (GCC 14-64, msys2)",1744102190
314464394,awei666,The Legend of Freya the Frog,OK,C++17 (GCC 7-32),1744101768
314464245,AmirHoseinEsmailie,The Legend of Freya the Frog,WRONG_ANSWER,"C++23 (GCC 14-64, msys2)",1744101659
314463906,AmirHoseinEsmailie,The Legend of Freya the Frog,WRONG_ANSWER,"C++23 (GCC 14-64, msys2)",1744101448
314463779,awei666,osu!mania,OK,C++17 (GCC 7-32),1744101364
314463587,awei666,Minimize!,OK,C++17 (GCC 7-32),1744101239
314460172,mogulus_tt,Satyam and Counting,OK,C++17 (GCC 7-32),1744099042
314458996,CBrandonCode,Klee's SUPER DUPER LARGE Array!!!,OK,"C++23 (GCC 14-64, msys2)",1744098341
314458806,CBrandonCode,Klee's SUPER DUPER LARGE Array!!!,WRONG_ANSWER,"C++23 (GCC 14-64, msys2)",1744098214
314458694,r_31,The Legend of Freya the Frog,OK,C++17 (GCC 7-32),1744098134
314458501,CBrandonCode,Klee's SUPER DUPER LARGE Array!!!,WRONG_ANSWER,"C++23 (GCC 14-64, msys2)",1744098020
314458358,mogulus_tt,Satyam and Counting,WRONG_ANSWER,C++17 (GCC 7-32),1744097939
314458126,r_31,The Legend of Freya the Frog,WRONG_ANSWER,C++17 (GCC 7-32),1744097800
314457881,r_31,The Legend of Freya the Frog,WRONG_ANSWER,C++17 (GCC 7-32),1744097661
314457736,r_31,The Legend of Freya the Frog,WRONG_ANSWER,C++17 (GCC 7-32),1744097586
314457285,r_31,The Legend of Freya the Frog,WRONG_ANSWER,C++17 (GCC 7-32),1744097332
314455146,Thekra_Alamri,Minimize!,OK,C++17 (GCC 7-32),1744096015
314455144,Not_a_Sheep,Minimize!,OK,"C++23 (GCC 14-64, msys2)",1744096014
314452913,lifenghei,The Legend of Freya the Frog,OK,C++20 (GCC 13-64),1744094375
314451379,alihuseynverdiyev22,Minimize!,OK,"C++23 (GCC 14-64, msys2)",1744093312
314451340,siyam35,Minimize!,OK,C++20 (GCC 13-64),1744093290
314451264,alihuseynverdiyev22,Minimize!,WRONG_ANSWER,"C++23 (GCC 14-64, msys2)",1744093235
314451133,alihuseynverdiyev22,Minimize!,WRONG_ANSWER,"C++23 (GCC 14-64, msys2)",1744093140
314451028,Mervis_Merzat,Minimize!,OK,Python 3,1744093073
314450981,siyam35,osu!mania,OK,C++20 (GCC 13-64),1744093040
314447660,AtharSyed,Minimize!,OK,GNU C11,1744090654
314445130,Abhijit1135,Firefly's Queries,OK,C++20 (GCC 13-64),1744088595
314444306,lunxain,osu!mania,WRONG_ANSWER,Python 3,1744087931
314444266,lunxain,osu!mania,WRONG_ANSWER,PyPy 3-64,1744087902
314444230,lunxain,osu!mania,COMPILATION_ERROR,GNU C11,1744087873
314443668,viivie,osu!mania,OK,Python 3,1744087362
314443199,viivie,Minimize!,OK,Python 3,1744086917
314441043,CDH_Blight,Minimize!,OK,PyPy 3-64,1744084875
314436877,chaturya0937,Minimize!,OK,Python 3,1744079965
314433479,Ramos-San,osu!mania,OK,C++17 (GCC 7-32),1744074940
314432965,sandbagandtx,Klee's SUPER DUPER LARGE Array!!!,OK,C++20 (GCC 13-64),1744074035
314432785,sandbagandtx,Klee's SUPER DUPER LARGE Array!!!,WRONG_ANSWER,C++20 (GCC 13-64),1744073698
314431401,Abdelrahman_abdelhamid,Minimize!,OK,"C++23 (GCC 14-64, msys2)",1744070839
314431327,9plus10isnot19,The Legend of Freya the Frog,WRONG_ANSWER,C++20 (GCC 13-64),1744070692
314431221,Sam3,Klee's SUPER DUPER LARGE Array!!!,OK,C++20 (GCC 13-64),1744070433
314429843,apekshit420,Minimize!,OK,C++17 (GCC 7-32),1744067534
314429773,9plus10isnot19,osu!mania,OK,C++20 (GCC 13-64),1744067412
314429564,AnasAyman13,Minimize!,OK,"C++23 (GCC 14-64, msys2)",1744067057
314429468,9plus10isnot19,Minimize!,OK,C++20 (GCC 13-64),1744066890
314425845,galiver2009,osu!mania,OK,C++17 (GCC 7-32),1744061448
314423016,kumar_shubham15,Klee's SUPER DUPER LARGE Array!!!,OK,C++20 (GCC 13-64),1744058733
314420668,Imperix10,Minimize!,OK,C++20 (GCC 13-64),1744056560
314420355,Imperix10,Minimize!,WRONG_ANSWER,C++20 (GCC 13-64),1744056329
314420331,Imperix10,Minimize!,COMPILATION_ERROR,C++20 (GCC 13-64),1744056305
314418707,A.Orazberdiyev,osu!mania,OK,C++17 (GCC 7-32),1744055094
314416313,MahinMan,Klee's SUPER DUPER LARGE Array!!!,OK,"C++23 (GCC 14-64, msys2)",1744053405
314416211,MahinMan,Klee's SUPER DUPER LARGE Array!!!,COMPILATION_ERROR,"C++23 (GCC 14-64, msys2)",1744053334
314414930,Abhijit1135,Firefly's Queries,WRONG_ANSWER,C++20 (GCC 13-64),1744052457
314414794,omar_Abu_jalbosh,Minimize!,OK,C++20 (GCC 13-64),1744052376
314414526,Abhijit1135,Firefly's Queries,WRONG_ANSWER,C++20 (GCC 13-64),1744052221
314414063,sohamjoshi3011,Minimize!,OK,C++17 (GCC 7-32),1744051960
314413588,Abhijit1135,Firefly's Queries,WRONG_ANSWER,C++20 (GCC 13-64),1744051683
314412394,Simanto_,osu!mania,OK,C++17 (GCC 7-32),1744051011
314412354,Abhijit1135,Firefly's Queries,WRONG_ANSWER,C++20 (GCC 13-64),1744050985
314412323,Simanto_,osu!mania,WRONG_ANSWER,C++17 (GCC 7-32),1744050964
314412242,Peedobus01,Klee's SUPER DUPER LARGE Array!!!,OK,C++20 (GCC 13-64),1744050907
314411505,praneethchinni,Minimize!,OK,C++20 (GCC 13-64),1744050508
314409177,udaycodeforcess,The Legend of Freya the Frog,WRONG_ANSWER,"C++23 (GCC 14-64, msys2)",1744049340
314408849,Mansurbek,osu!mania,OK,PyPy 3-64,1744049173
314408801,Code-by-Uday,Klee's SUPER DUPER LARGE Array!!!,WRONG_ANSWER,"C++23 (GCC 14-64, msys2)",1744049143
314408285,trishit30,The Legend of Freya the Frog,OK,C++17 (GCC 7-32),1744048883
314408135,IdBakulin,Satyam and Counting,OK,PyPy 3-64,1744048800
314407157,avinash_09,osu!mania,OK,"C++23 (GCC 14-64, msys2)",1744048319
314406934,trishit30,The Legend of Freya the Frog,WRONG_ANSWER,C++17 (GCC 7-32),1744048213
314406690,trishit30,The Legend of Freya the Frog,WRONG_ANSWER,C++17 (GCC 7-32),1744048111
314405772,Code-by-Uday,Klee's SUPER DUPER LARGE Array!!!,WRONG_ANSWER,"C++23 (GCC 14-64, msys2)",1744047688
314405747,udaycodeforcess,The Legend of Freya the Frog,WRONG_ANSWER,"C++23 (GCC 14-64, msys2)",1744047679
314405198,trishit30,The Legend of Freya the Frog,TIME_LIMIT_EXCEEDED,C++17 (GCC 7-32),1744047425
314404343,Manojkumar2412,The Legend of Freya the Frog,OK,C++17 (GCC 7-32),1744047013
314403375,udaycodeforcess,The Legend of Freya the Frog,WRONG_ANSWER,"C++23 (GCC 14-64, msys2)",1744046556
314403320,Code-by-Uday,Klee's SUPER DUPER LARGE Array!!!,WRONG_ANSWER,"C++23 (GCC 14-64, msys2)",1744046535
314403276,MotiAbe,Minimize!,OK,PyPy 3-64,1744046521
314403202,samsp,Klee's SUPER DUPER LARGE Array!!!,OK,C++20 (GCC 13-64),1744046487
314403072,samsp,Klee's SUPER DUPER LARGE Array!!!,COMPILATION_ERROR,C++20 (GCC 13-64),1744046436
314402916,samsp,Klee's SUPER DUPER LARGE Array!!!,COMPILATION_ERROR,C++20 (GCC 13-64),1744046364
314402710,samsp,Klee's SUPER DUPER LARGE Array!!!,COMPILATION_ERROR,C++20 (GCC 13-64),1744046273
314400736,TheArcticWolf,Yunli's Subarray Queries (easy version),OK,"C++23 (GCC 14-64, msys2)",1744045445
314400449,TheArcticWolf,Yunli's Subarray Queries (easy version),TIME_LIMIT_EXCEEDED,"C++23 (GCC 14-64, msys2)",1744045336
314400445,YogeshZT,Firefly's Queries,OK,"C++23 (GCC 14-64, msys2)",1744045334
314399350,Mohuya02,The Legend of Freya the Frog,WRONG_ANSWER,C++20 (GCC 13-64),1744044916
314395177,Alisher_ZXC,osu!mania,OK,"C++23 (GCC 14-64, msys2)",1744043254
314394967,Alisher_ZXC,osu!mania,WRONG_ANSWER,"C++23 (GCC 14-64, msys2)",1744043173
314393262,nikkhil.theguru,osu!mania,OK,Python 3,1744042512
314391777,Raihan_13,Minimize!,OK,C++17 (GCC 7-32),1744041911
314388661,Zhanali0663,osu!mania,OK,PyPy 3-64,1744040729
314384771,vivuu,Minimize!,OK,C++17 (GCC 7-32),1744039352
314375089,ishan_0703,Minimize!,OK,GNU C11,1744036266
314373653,phamminhan.0107,Minimize!,OK,C++17 (GCC 7-32),1744035627
314373421,phamminhan.0107,Minimize!,WRONG_ANSWER,C++17 (GCC 7-32),1744035533
314372441,minhake,The Legend of Freya the Frog,OK,C++20 (GCC 13-64),1744035132
314371238,JUNLINE,Satyam and Counting,OK,PyPy 3-64,1744034598
314371127,minhake,The Legend of Freya the Frog,WRONG_ANSWER,C++20 (GCC 13-64),1744034549
314369683,minhake,osu!mania,OK,C++20 (GCC 13-64),1744033875
314369050,minhake,Minimize!,OK,C++20 (GCC 13-64),1744033582
314368540,ishika.agrahari,Minimize!,OK,C++20 (GCC 13-64),1744033355
314366871,MoonlitYumeFade,Minimize!,OK,"C++23 (GCC 14-64, msys2)",1744032579
314358929,Sidhu42005,Klee's SUPER DUPER LARGE Array!!!,OK,C++17 (GCC 7-32),1744028865
314356591,Hasib221,Minimize!,OK,"C++23 (GCC 14-64, msys2)",1744027760
314354856,20060724,Minimize!,COMPILATION_ERROR,C++17 (GCC 7-32),1744026977
314354129,JUNLINE,Satyam and Counting,OK,PyPy 3-64,1744026652
314353959,JUNLINE,Satyam and Counting,OK,PyPy 3-64,1744026563
314353872,JUNLINE,Satyam and Counting,COMPILATION_ERROR,PyPy 3-64,1744026532
314353536,BitManipulated,Firefly's Queries,OK,C++17 (GCC 7-32),1744026380
314352801,IamYessir,Yunli's Subarray Queries (easy version),OK,PyPy 3-64,1744026026
314352289,shivighngutti,The Legend of Freya the Frog,OK,C++17 (GCC 7-32),1744025779
314352008,BitManipulated,Firefly's Queries,WRONG_ANSWER,C++17 (GCC 7-32),1744025622
314351860,BitManipulated,Firefly's Queries,WRONG_ANSWER,C++17 (GCC 7-32),1744025551
314350575,lil_totti11,Satyam and Counting,OK,C++17 (GCC 7-32),1744024866
314350174,lil_totti11,Satyam and Counting,OK,C++17 (GCC 7-32),1744024657
314349489,lil_totti11,Satyam and Counting,WRONG_ANSWER,C++17 (GCC 7-32),1744024253
314349215,N.14159,The Legend of Freya the Frog,OK,C++20 (GCC 13-64),1744024089
314347629,Ak_m7uslim,The Legend of Freya the Frog,WRONG_ANSWER,"C++23 (GCC 14-64, msys2)",1744023190
314347427,Ak_m7uslim,The Legend of Freya the Frog,WRONG_ANSWER,"C++23 (GCC 14-64, msys2)",1744023090
314347007,rohitsedha,Satyam and Counting,OK,C++20 (GCC 13-64),1744022864
314346918,rohitsedha,Satyam and Counting,RUNTIME_ERROR,C++20 (GCC 13-64),1744022806
314346575,rohitsedha,Satyam and Counting,WRONG_ANSWER,C++20 (GCC 13-64),1744022619
314346356,rohitsedha,Satyam and Counting,RUNTIME_ERROR,C++20 (GCC 13-64),1744022479
314345860,yanshisharma,Satyam and Counting,OK,Java 8,1744022184
314345792,rohitsedha,Satyam and Counting,RUNTIME_ERROR,C++20 (GCC 13-64),1744022140
314345645,20060724,Minimize!,OK,"C++23 (GCC 14-64, msys2)",1744022057
314345611,yanshisharma,Satyam and Counting,WRONG_ANSWER,Java 8,1744022033
314345431,20060724,Minimize!,WRONG_ANSWER,"C++23 (GCC 14-64, msys2)",1744021928
314345102,20060724,Minimize!,COMPILATION_ERROR,"C++23 (GCC 14-64, msys2)",1744021732
314344122,akashkulthe101,Minimize!,OK,C++17 (GCC 7-32),1744021166
314343928,codeWithShrestha,The Legend of Freya the Frog,OK,C++17 (GCC 7-32),1744021054
314343098,N.14159,The Legend of Freya the Frog,WRONG_ANSWER,C++20 (GCC 13-64),1744020597
314343014,N.14159,The Legend of Freya the Frog,WRONG_ANSWER,C++20 (GCC 13-64),1744020542
314341552,oneGoal25,Yunli's Subarray Queries (easy version),OK,C++17 (GCC 7-32),1744019733
314340559,oneGoal25,Yunli's Subarray Queries (easy version),TIME_LIMIT_EXCEEDED,C++17 (GCC 7-32),1744019119
314340029,rohitsedha,The Legend of Freya the Frog,OK,C++20 (GCC 13-64),1744018814
314339508,yanshisharma,The Legend of Freya the Frog,OK,Java 8,1744018495
314336801,tarunguyen.tnh,Minimize!,OK,"C++23 (GCC 14-64, msys2)",1744016825
314335910,codeWithShrestha,osu!mania,OK,C++17 (GCC 7-32),1744016293
314335025,neelkheni19,The Legend of Freya the Frog,OK,Python 3,1744015754
314333815,codeWithShrestha,Minimize!,OK,C++17 (GCC 7-32),1744014986
314332518,rohitsedha,The Legend of Freya the Frog,TIME_LIMIT_EXCEEDED,C++20 (GCC 13-64),1744014153
314332382,1996_Arpo,Minimize!,OK,GNU C11,1744014074
314332289,yanshisharma,Satyam and Counting,WRONG_ANSWER,Java 8,1744014016
314331986,yanshisharma,Satyam and Counting,RUNTIME_ERROR,Java 8,1744013839
314330701,yanshisharma,The Legend of Freya the Frog,WRONG_ANSWER,Java 8,1744013069
314329818,rohitsedha,osu!mania,OK,C++20 (GCC 13-64),1744012464
314329241,ljh537ljh,Klee's SUPER DUPER LARGE Array!!!,OK,C++17 (GCC 7-32),1744012065
314329062,yanshisharma,osu!mania,OK,Java 8,1744011932
314328442,GUFRANKHAN,The Legend of Freya the Frog,WRONG_ANSWER,C++17 (GCC 7-32),1744011477
314328037,GUFRANKHAN,The Legend of Freya the Frog,WRONG_ANSWER,C++17 (GCC 7-32),1744011148
314327971,rohitsedha,Minimize!,OK,C++20 (GCC 13-64),1744011084
314327869,yanshisharma,Minimize!,OK,Java 8,1744011008
314327345,GUFRANKHAN,The Legend of Freya the Frog,OK,C++17 (GCC 7-32),1744010629
314326631,GUFRANKHAN,The Legend of Freya the Frog,WRONG_ANSWER,C++17 (GCC 7-32),1744010102
314325124,GUFRANKHAN,The Legend of Freya the Frog,WRONG_ANSWER,C++17 (GCC 7-32),1744009024
314323559,GUFRANKHAN,The Legend of Freya the Frog,WRONG_ANSWER,C++17 (GCC 7-32),1744007951
314321717,nicksm,Satyam and Counting,OK,PyPy 3-64,1744006588
314320341,karansinghrajput7712,The Legend of Freya the Frog,OK,"C++23 (GCC 14-64, msys2)",1744005425
314320129,nicksm,Klee's SUPER DUPER LARGE Array!!!,OK,PyPy 3-64,1744005280
314316510,Emre-A-006-2028,Minimize!,OK,C++20 (GCC 13-64),1744002183
314314331,i_just_need_a_hug,Yunli's Subarray Queries (hard version),OK,C++20 (GCC 13-64),1743999912
314314205,i_just_need_a_hug,Yunli's Subarray Queries (hard version),TIME_LIMIT_EXCEEDED,C++20 (GCC 13-64),1743999783
314313750,emonone2,Minimize!,OK,GNU C11,1743999266
314312811,Xer0niX_,osu!mania,OK,"C++23 (GCC 14-64, msys2)",1743997948
314310564,Zlin05,Yunli's Subarray Queries (hard version),OK,"C++23 (GCC 14-64, msys2)",1743995046
314310511,Zlin05,Yunli's Subarray Queries (hard version),OK,"C++23 (GCC 14-64, msys2)",1743994993
314310441,Zlin05,Yunli's Subarray Queries (hard version),WRONG_ANSWER,"C++23 (GCC 14-64, msys2)",1743994889
314310090,Lineares,osu!mania,OK,C++20 (GCC 13-64),1743994385
314309927,Lineares,Minimize!,OK,C++20 (GCC 13-64),1743994143
314309578,47_BOT,Minimize!,OK,C++17 (GCC 7-32),1743993687
314309497,amekawa_kanade,Firefly's Queries,OK,C++20 (GCC 13-64),1743993583
314309461,Pran2535,Minimize!,OK,C++20 (GCC 13-64),1743993539
314308838,RogersJheimy,The Legend of Freya the Frog,OK,C++17 (GCC 7-32),1743992670
314307809,RogersJheimy,osu!mania,OK,C++17 (GCC 7-32),1743990917
314307760,RogersJheimy,osu!mania,COMPILATION_ERROR,C++17 (GCC 7-32),1743990836
314307730,RogersJheimy,osu!mania,COMPILATION_ERROR,C++17 (GCC 7-32),1743990764
314307414,sandbagandtx,Klee's SUPER DUPER LARGE Array!!!,WRONG_ANSWER,C++20 (GCC 13-64),1743990149
314307075,RogersJheimy,Minimize!,OK,C++17 (GCC 7-32),1743989511
314306241,tiwari_1504,osu!mania,OK,C++20 (GCC 13-64),1743988049
314303790,joylintp,osu!mania,OK,PyPy 3-64,1743982786
314303510,joylintp,Minimize!,OK,PyPy 3-64,1743982106
314303506,joylintp,Minimize!,COMPILATION_ERROR,PyPy 3-64,1743982097
314302931,fahim_3301,osu!mania,OK,C++17 (GCC 7-32),1743980905
314302920,A7.mj,The Legend of Freya the Frog,OK,C++20 (GCC 13-64),1743980881
314302610,RCGCRCGC,Minimize!,OK,C++17 (GCC 7-32),1743980212
314302035,A7.mj,The Legend of Freya the Frog,WRONG_ANSWER,C++20 (GCC 13-64),1743979046
314300705,Abhimanyu_Kadhane,Klee's SUPER DUPER LARGE Array!!!,OK,"C++23 (GCC 14-64, msys2)",1743976885
314300005,I_am_blindfold,Minimize!,OK,Python 3,1743975939
314298121,RE_Prince,Yunli's Subarray Queries (easy version),OK,C++17 (GCC 7-32),1743973801
314293169,SumayaSiddika,The Legend of Freya the Frog,OK,C++20 (GCC 13-64),1743969489
314292885,Mostafa_7eshmat,osu!mania,OK,C++20 (GCC 13-64),1743969250
314292857,SumayaSiddika,The Legend of Freya the Frog,WRONG_ANSWER,C++20 (GCC 13-64),1743969233
314292723,Mostafa_7eshmat,osu!mania,COMPILATION_ERROR,Kotlin 1.7,1743969108
314290419,saadsbh,Minimize!,OK,GNU C11,1743967418
314289940,dewidar1001,osu!mania,OK,C++17 (GCC 7-32),1743967078
314289376,dewidar1001,Minimize!,OK,C++17 (GCC 7-32),1743966676
314289306,ColdPalmer7,Minimize!,OK,C++20 (GCC 13-64),1743966639
314289275,ColdPalmer7,Minimize!,COMPILATION_ERROR,C++20 (GCC 13-64),1743966615
314286701,SrinibasVch,The Legend of Freya the Frog,OK,C++17 (GCC 7-32),1743964981
314286511,trishit30,The Legend of Freya the Frog,TIME_LIMIT_EXCEEDED,C++17 (GCC 7-32),1743964871
314285793,d_inozavrik,Minimize!,OK,C++17 (GCC 7-32),1743964431
314283546,trishit30,osu!mania,OK,C++17 (GCC 7-32),1743963189
314283052,CodingGeek0803,osu!mania,OK,C++20 (GCC 13-64),1743962918
314282018,TALAL_KARDOSI,osu!mania,OK,C++17 (GCC 7-32),1743962304
314281397,trishit30,Minimize!,OK,C++17 (GCC 7-32),1743961970
314280235,shreyashgurav,osu!mania,OK,Java 21,1743961301
314279826,mushfiqur_talha,Minimize!,OK,C++17 (GCC 7-32),1743961061
314279801,kaushikyuvraj134,osu!mania,OK,PyPy 3-64,1743961047
314279547,chyupik,Klee's SUPER DUPER LARGE Array!!!,OK,"C++23 (GCC 14-64, msys2)",1743960904
314279251,Ritakhoury,osu!mania,OK,C++20 (GCC 13-64),1743960749
314279221,kaushikyuvraj134,osu!mania,WRONG_ANSWER,PyPy 3-64,1743960731
314278720,Ritakhoury,osu!mania,WRONG_ANSWER,C++20 (GCC 13-64),1743960441
314278685,Ritakhoury,osu!mania,COMPILATION_ERROR,C++20 (GCC 13-64),1743960424
314276620,Ivannavi123,Satyam and Counting,OK,C++20 (GCC 13-64),1743959253
314276353,Ivannavi123,Satyam and Counting,WRONG_ANSWER,C++20 (GCC 13-64),1743959094
314275922,chyupik,The Legend of Freya the Frog,OK,"C++23 (GCC 14-64, msys2)",1743958822
314275240,Ivannavi123,The Legend of Freya the Frog,OK,C++20 (GCC 13-64),1743958409
314275079,chyupik,osu!mania,OK,"C++23 (GCC 14-64, msys2)",1743958312
314274945,Ivannavi123,The Legend of Freya the Frog,WRONG_ANSWER,C++20 (GCC 13-64),1743958229
314274528,chyupik,Minimize!,OK,"C++23 (GCC 14-64, msys2)",1743957979
314274197,Ivannavi123,osu!mania,OK,C++20 (GCC 13-64),1743957781
314273713,Ivannavi123,Minimize!,OK,C++20 (GCC 13-64),1743957507
314272646,Krishmodiya6126,osu!mania,OK,"C++23 (GCC 14-64, msys2)",1743956821
314271283,NOOBPLYR,Minimize!,OK,"C++23 (GCC 14-64, msys2)",1743955980
314271010,Esraa123BZ,Minimize!,OK,"C++23 (GCC 14-64, msys2)",1743955794
314270767,nr232,Minimize!,OK,C++17 (GCC 7-32),1743955653
314269745,aizen_17,Minimize!,OK,C++20 (GCC 13-64),1743955077
314267865,jimmygarg4959,Klee's SUPER DUPER LARGE Array!!!,WRONG_ANSWER,C++17 (GCC 7-32),1743954055
314267481,orz.Hugo,osu!mania,OK,"C++23 (GCC 14-64, msys2)",1743953829
314267463,skyehug,osu!mania,OK,"C++23 (GCC 14-64, msys2)",1743953822
314266512,rajibulalam,Minimize!,OK,C++17 (GCC 7-32),1743953298
314264328,User9876,Yunli's Subarray Queries (easy version),OK,C++20 (GCC 13-64),1743952115
314263916,22211a66a7,Minimize!,OK,Java 21,1743951909
314262565,jimmygarg4959,Satyam and Counting,OK,C++17 (GCC 7-32),1743951554
314262171,dr4c0,osu!mania,OK,Java 21,1743951331
314262025,jimmygarg4959,Satyam and Counting,TIME_LIMIT_EXCEEDED,C++17 (GCC 7-32),1743951257
314261960,Huy_inIT,Satyam and Counting,OK,"C++23 (GCC 14-64, msys2)",1743951225
314260994,Umma_Samia,osu!mania,OK,C++20 (GCC 13-64),1743950721
314259694,Miks_14,Minimize!,OK,C++17 (GCC 7-32),1743950029
314257780,ayushydv23,Yunli's Subarray Queries (easy version),OK,C++20 (GCC 13-64),1743949095
314257084,jimmygarg4959,The Legend of Freya the Frog,WRONG_ANSWER,C++17 (GCC 7-32),1743948730
314256411,jimmygarg4959,The Legend of Freya the Frog,WRONG_ANSWER,C++17 (GCC 7-32),1743948394
314256095,jimmygarg4959,The Legend of Freya the Frog,WRONG_ANSWER,C++17 (GCC 7-32),1743948245
314255828,jimmygarg4959,The Legend of Freya the Frog,WRONG_ANSWER,C++17 (GCC 7-32),1743948129
314255020,Huy_inIT,The Legend of Freya the Frog,OK,"C++23 (GCC 14-64, msys2)",1743947749
314254902,PhanTanTrongDat,Minimize!,OK,"C++23 (GCC 14-64, msys2)",1743947698
314251162,jimmygarg4959,osu!mania,OK,C++17 (GCC 7-32),1743945889
314250572,ridim99,Firefly's Queries,WRONG_ANSWER,C++17 (GCC 7-32),1743945606
314250056,jimmygarg4959,Minimize!,OK,C++17 (GCC 7-32),1743945374
314244598,manu_12,Satyam and Counting,WRONG_ANSWER,C++17 (GCC 7-32),1743942544
314244178,manu_12,Satyam and Counting,WRONG_ANSWER,C++17 (GCC 7-32),1743942314
314244116,ShiYuMuZhi,osu!mania,WRONG_ANSWER,C++17 (GCC 7-32),1743942283
314242934,MattSol,Satyam and Counting,OK,"C++23 (GCC 14-64, msys2)",1743941610
314242865,MattSol,Satyam and Counting,WRONG_ANSWER,"C++23 (GCC 14-64, msys2)",1743941575
314242764,MattSol,Satyam and Counting,WRONG_ANSWER,"C++23 (GCC 14-64, msys2)",1743941509
314241371,Abdul-Kaium,The Legend of Freya the Frog,WRONG_ANSWER,"C++23 (GCC 14-64, msys2)",1743940757
314241213,manu_12,The Legend of Freya the Frog,OK,C++17 (GCC 7-32),1743940667
314240840,manu_12,The Legend of Freya the Frog,WRONG_ANSWER,C++17 (GCC 7-32),1743940458
314240614,Abdul-Kaium,The Legend of Freya the Frog,WRONG_ANSWER,"C++23 (GCC 14-64, msys2)",1743940330
314240517,manu_12,The Legend of Freya the Frog,WRONG_ANSWER,C++17 (GCC 7-32),1743940280
314240281,Abdul-Kaium,The Legend of Freya the Frog,WRONG_ANSWER,"C++23 (GCC 14-64, msys2)",1743940170
314240280,MattSol,Satyam and Counting,WRONG_ANSWER,"C++23 (GCC 14-64, msys2)",1743940170
314240228,zhrok,Minimize!,OK,Java 21,1743940149
314240096,Turjya,Minimize!,OK,C++17 (GCC 7-32),1743940073
314239904,qjyt62,osu!mania,OK,Python 3,1743939970
314238782,manu_12,osu!mania,OK,C++17 (GCC 7-32),1743939359
314238491,manu_12,Minimize!,OK,C++17 (GCC 7-32),1743939198
314238339,manu_12,Minimize!,WRONG_ANSWER,C++17 (GCC 7-32),1743939114
314238080,apoorvtandon81,Yunli's Subarray Queries (easy version),OK,"C++23 (GCC 14-64, msys2)",1743938977
314237904,abxxrj,Minimize!,OK,C++17 (GCC 7-32),1743938876
314237876,apoorvtandon81,Yunli's Subarray Queries (easy version),WRONG_ANSWER,"C++23 (GCC 14-64, msys2)",1743938859
314235797,mochi-002,osu!mania,OK,"C++23 (GCC 14-64, msys2)",1743937695
314235707,ridim99,Firefly's Queries,OK,C++17 (GCC 7-32),1743937643
314235526,ridim99,Firefly's Queries,WRONG_ANSWER,C++17 (GCC 7-32),1743937552
314235402,ridim99,Firefly's Queries,WRONG_ANSWER,C++17 (GCC 7-32),1743937481
314235282,ridim99,Firefly's Queries,WRONG_ANSWER,C++17 (GCC 7-32),1743937422
314235215,ridim99,Firefly's Queries,WRONG_ANSWER,C++17 (GCC 7-32),1743937385
314235149,ridim99,Firefly's Queries,WRONG_ANSWER,C++17 (GCC 7-32),1743937349
314235097,Abdul-Kaium,osu!mania,OK,"C++23 (GCC 14-64, msys2)",1743937326
314235019,ridim99,Firefly's Queries,WRONG_ANSWER,C++17 (GCC 7-32),1743937286
314234878,mochi-002,Minimize!,OK,"C++23 (GCC 14-64, msys2)",1743937207
314234833,heyuan,osu!mania,OK,C++20 (GCC 13-64),1743937183
314234732,ridim99,Firefly's Queries,WRONG_ANSWER,C++17 (GCC 7-32),1743937131
314234557,Abdul-Kaium,osu!mania,WRONG_ANSWER,"C++23 (GCC 14-64, msys2)",1743937031
314234354,ridim99,Firefly's Queries,WRONG_ANSWER,C++17 (GCC 7-32),1743936910
314234081,ridim99,Firefly's Queries,WRONG_ANSWER,C++17 (GCC 7-32),1743936758
314233891,ridim99,Firefly's Queries,WRONG_ANSWER,C++17 (GCC 7-32),1743936664
314233633,ridim99,Firefly's Queries,WRONG_ANSWER,C++17 (GCC 7-32),1743936519
314233537,ridim99,Firefly's Queries,RUNTIME_ERROR,C++17 (GCC 7-32),1743936467
314233530,VSS103072_ChMSaad,osu!mania,OK,PyPy 3-64,1743936465
314232504,Abdul-Kaium,Minimize!,OK,"C++23 (GCC 14-64, msys2)",1743935956
314228266,Ahona-1959,Minimize!,OK,GNU C11,1743933798
314227696,owen_0404,Minimize!,OK,PyPy 3-64,1743933501
314225262,Code_Krackr,osu!mania,OK,C++17 (GCC 7-32),1743932214
314224561,catalystcode009,Minimize!,OK,Java 21,1743931844
314224446,vaishnavi_95,osu!mania,OK,"C++23 (GCC 14-64, msys2)",1743931788
314221840,MiranCZ,osu!mania,OK,Java 21,1743930337
314220224,CountMount,Satyam and Counting,OK,"C++23 (GCC 14-64, msys2)",1743929505
314220124,CountMount,Satyam and Counting,WRONG_ANSWER,"C++23 (GCC 14-64, msys2)",1743929457
314219878,instantregret,Satyam and Counting,OK,C++17 (GCC 7-32),1743929331
314218593,CountMount,Satyam and Counting,WRONG_ANSWER,"C++23 (GCC 14-64, msys2)",1743928669
314217093,instantregret,Klee's SUPER DUPER LARGE Array!!!,OK,C++17 (GCC 7-32),1743927864
314216895,oxytocin,Satyam and Counting,OK,C++20 (GCC 13-64),1743927769
314216394,davaa34,Minimize!,OK,C++17 (GCC 7-32),1743927483
314214836,Algo_Wizard,osu!mania,OK,C++20 (GCC 13-64),1743926674
314214097,gurpreet_kaur__21,Minimize!,OK,C++17 (GCC 7-32),1743926289
314213628,XiaoLanZai,osu!mania,OK,Java 21,1743926044
314213537,XiaoLanZai,osu!mania,RUNTIME_ERROR,Java 21,1743925998
314211894,codexzx,Firefly's Queries,OK,Java 8,1743925109
314211651,codexzx,Firefly's Queries,WRONG_ANSWER,Java 8,1743924977
314211080,glebbbb,osu!mania,OK,PyPy 3-64,1743924657
314211053,rahul1020,Klee's SUPER DUPER LARGE Array!!!,OK,C++20 (GCC 13-64),1743924643
314210500,mariam_mchedlishvili,osu!mania,OK,C++17 (GCC 7-32),1743924351
314210403,codexzx,Firefly's Queries,WRONG_ANSWER,Java 8,1743924306
314210370,codexzx,Firefly's Queries,RUNTIME_ERROR,Java 8,1743924287
314210167,LoveZhenzhou,Minimize!,OK,C++20 (GCC 13-64),1743924168
314210140,LoveZhenzhou,osu!mania,OK,C++20 (GCC 13-64),1743924157
314210116,LoveZhenzhou,The Legend of Freya the Frog,WRONG_ANSWER,C++20 (GCC 13-64),1743924139
314210079,LoveZhenzhou,The Legend of Freya the Frog,OK,C++20 (GCC 13-64),1743924117
314210032,LoveZhenzhou,Satyam and Counting,OK,C++20 (GCC 13-64),1743924087
314209974,LoveZhenzhou,Klee's SUPER DUPER LARGE Array!!!,OK,C++20 (GCC 13-64),1743924052
314209950,LoveZhenzhou,Firefly's Queries,OK,C++20 (GCC 13-64),1743924036
314209903,LoveZhenzhou,Yunli's Subarray Queries (easy version),OK,C++20 (GCC 13-64),1743924012
314209850,Sanad_Jr,Satyam and Counting,OK,"C++23 (GCC 14-64, msys2)",1743923985
314209800,LoveZhenzhou,Yunli's Subarray Queries (hard version),OK,C++20 (GCC 13-64),1743923965
314209669,IronwallxR5,Minimize!,OK,Python 3,1743923890
314208422,ridim99,Firefly's Queries,WRONG_ANSWER,C++17 (GCC 7-32),1743923235
314208337,mariam_mchedlishvili,Minimize!,OK,C++17 (GCC 7-32),1743923183
314208274,mariam_mchedlishvili,Minimize!,WRONG_ANSWER,C++17 (GCC 7-32),1743923144
314207255,Selahaddin123,Minimize!,OK,C++17 (GCC 7-32),1743922562
314206196,Atulya_01,Minimize!,OK,C++17 (GCC 7-32),1743922031
314204329,LunaZhu,The Legend of Freya the Frog,OK,Python 3,1743921040
314202964,Sanad_Jr,Klee's SUPER DUPER LARGE Array!!!,OK,"C++23 (GCC 14-64, msys2)",1743920309
314202880,LunaZhu,Minimize!,OK,Python 3,1743920270
314201989,kukuk,Satyam and Counting,OK,C++20 (GCC 13-64),1743919802
314201768,LunaZhu,osu!mania,OK,Python 3,1743919696
314200025,X_KIRA,Minimize!,OK,"C++23 (GCC 14-64, msys2)",1743918598
314197948,daddymonil,Klee's SUPER DUPER LARGE Array!!!,OK,"C++23 (GCC 14-64, msys2)",1743917352
314196747,0xAbdo,The Legend of Freya the Frog,TIME_LIMIT_EXCEEDED,C++17 (GCC 7-32),1743916533
314196559,Code_Krackr,Minimize!,OK,C++17 (GCC 7-32),1743916397
314196423,0xAbdo,The Legend of Freya the Frog,TIME_LIMIT_EXCEEDED,C++17 (GCC 7-32),1743916310
314196064,0xAbdo,The Legend of Freya the Frog,TIME_LIMIT_EXCEEDED,C++17 (GCC 7-32),1743916046
314195908,Code_Krackr,Minimize!,WRONG_ANSWER,C++17 (GCC 7-32),1743915915
314189818,0xAbdo,osu!mania,OK,C++17 (GCC 7-32),1743909974
314189056,suza,The Legend of Freya the Frog,OK,C++17 (GCC 7-32),1743909077
314188979,0xAbdo,Minimize!,OK,C++17 (GCC 7-32),1743908989
314186154,suza,The Legend of Freya the Frog,WRONG_ANSWER,C++17 (GCC 7-32),1743905605
314185820,suza,The Legend of Freya the Frog,WRONG_ANSWER,C++17 (GCC 7-32),1743905124
314185655,suza,The Legend of Freya the Frog,WRONG_ANSWER,C++17 (GCC 7-32),1743904897
314185318,suza,The Legend of Freya the Frog,WRONG_ANSWER,C++17 (GCC 7-32),1743904431
314185218,suza,The Legend of Freya the Frog,WRONG_ANSWER,C++17 (GCC 7-32),1743904301
314184967,suza,The Legend of Freya the Frog,WRONG_ANSWER,C++17 (GCC 7-32),1743903908
314184838,suza,The Legend of Freya the Frog,WRONG_ANSWER,C++17 (GCC 7-32),1743903717
314184750,suza,The Legend of Freya the Frog,WRONG_ANSWER,C++17 (GCC 7-32),1743903566
314184554,urbanetrex,The Legend of Freya the Frog,OK,C++17 (GCC 7-32),1743903222
314182705,nafijurrahmansadi04,osu!mania,OK,C++20 (GCC 13-64),1743900287
314182234,BillyChicken,Satyam and Counting,OK,C++17 (GCC 7-32),1743899481
314181414,hnhafo,osu!mania,OK,C++17 (GCC 7-32),1743898114
314179651,rahul1020,Klee's SUPER DUPER LARGE Array!!!,OK,C++20 (GCC 13-64),1743894721
314179127,rahul1020,Klee's SUPER DUPER LARGE Array!!!,OK,C++20 (GCC 13-64),1743893866
314174892,caraadi8,Yunli's Subarray Queries (easy version),OK,C++17 (GCC 7-32),1743888682
314172881,caraadi8,Yunli's Subarray Queries (easy version),TIME_LIMIT_EXCEEDED,C++17 (GCC 7-32),1743886866
314172810,Sanad_Jr,The Legend of Freya the Frog,OK,"C++23 (GCC 14-64, msys2)",1743886794
314172739,caraadi8,Yunli's Subarray Queries (easy version),MEMORY_LIMIT_EXCEEDED,C++17 (GCC 7-32),1743886733
314172319,gizachew980,osu!mania,OK,PyPy 3-64,1743886347
314170956,CHARIZARDCODE,Minimize!,OK,"C++23 (GCC 14-64, msys2)",1743885167
314170654,Vivek15Sahu,Klee's SUPER DUPER LARGE Array!!!,WRONG_ANSWER,"C++23 (GCC 14-64, msys2)",1743884899
314170534,sriramd,Minimize!,OK,"C++23 (GCC 14-64, msys2)",1743884813
314170446,sriramd,Minimize!,COMPILATION_ERROR,"C++23 (GCC 14-64, msys2)",1743884751
314170392,sriramd,Minimize!,COMPILATION_ERROR,"C++23 (GCC 14-64, msys2)",1743884708
314162589,fardinfaruqi,osu!mania,OK,C++20 (GCC 13-64),1743879593
314162546,fardinfaruqi,Minimize!,OK,C++20 (GCC 13-64),1743879563
314158106,dikshaapatil525,Minimize!,OK,C++17 (GCC 7-32),1743877049
314157066,yash05080,Minimize!,OK,C++17 (GCC 7-32),1743876037
314154626,tuhin_datta,Minimize!,OK,PyPy 3-64,1743874459
314152733,ep22btech,osu!mania,OK,C++17 (GCC 7-32),1743874138
314152486,Rhythmak45,Satyam and Counting,OK,C++20 (GCC 13-64),1743874094
314149442,ep22btech,Minimize!,OK,C++17 (GCC 7-32),1743873447
314146928,KienMua,osu!mania,OK,C++20 (GCC 13-64),1743872940
314144797,DC_0001,Klee's SUPER DUPER LARGE Array!!!,OK,C++17 (GCC 7-32),1743872523
314134454,anas_bousrih,Minimize!,OK,GNU C11,1743870637
314130679,samayh09,The Legend of Freya the Frog,WRONG_ANSWER,Java 21,1743870039
314120450,omerbagirzade1,Minimize!,OK,Python 3,1743868610
314117907,MDHANIF,osu!mania,OK,C++17 (GCC 7-32),1743868287
314107637,VaibhavRajDwivedi,Satyam and Counting,OK,"C++23 (GCC 14-64, msys2)",1743867056
314090797,KimTuyenn,osu!mania,OK,C++17 (GCC 7-32),1743865342
314069581,luanbohan,Satyam and Counting,OK,C++17 (GCC 7-32),1743863770
314069059,KimTuyenn,Minimize!,OK,C++17 (GCC 7-32),1743863424
314068697,abdalmvlek,osu!mania,OK,C++20 (GCC 13-64),1743863225
314067326,abdalmvlek,Minimize!,OK,C++20 (GCC 13-64),1743862427
314067261,abdalmvlek,Minimize!,COMPILATION_ERROR,C++20 (GCC 13-64),1743862387
314066640,RKsDomain,Minimize!,OK,C++20 (GCC 13-64),1743862052
314066504,RKsDomain,Minimize!,COMPILATION_ERROR,C++20 (GCC 13-64),1743861981
314064349,Bade3,The Legend of Freya the Frog,OK,PyPy 3-64,1743860776
314063479,elenitadese,Minimize!,OK,PyPy 3-64,1743860305
314061973,Bade3,osu!mania,OK,PyPy 3-64,1743859548
314061158,VaibhavRajDwivedi,Klee's SUPER DUPER LARGE Array!!!,OK,"C++23 (GCC 14-64, msys2)",1743859068
314061098,bikashcool481,Minimize!,OK,"C++23 (GCC 14-64, msys2)",1743859039
314056183,a18863449211,The Legend of Freya the Frog,OK,C++20 (GCC 13-64),1743856162
314053749,tiwari_1504,Minimize!,OK,C++20 (GCC 13-64),1743854713
314053231,luanbohan,Klee's SUPER DUPER LARGE Array!!!,WRONG_ANSWER,C++17 (GCC 7-32),1743854419
314053142,luanbohan,Klee's SUPER DUPER LARGE Array!!!,WRONG_ANSWER,C++17 (GCC 7-32),1743854365
314052968,see_me_becoming_CM,Yunli's Subarray Queries (hard version),WRONG_ANSWER,"C++23 (GCC 14-64, msys2)",1743854252
314052864,Bade3,Minimize!,OK,PyPy 3-64,1743854190
314052859,see_me_becoming_CM,Yunli's Subarray Queries (extreme version),OK,"C++23 (GCC 14-64, msys2)",1743854187
314052752,see_me_becoming_CM,Firefly's Queries,OK,"C++23 (GCC 14-64, msys2)",1743854130
314052473,a18863449211,The Legend of Freya the Frog,WRONG_ANSWER,C++20 (GCC 13-64),1743853985
314051907,a18863449211,The Legend of Freya the Frog,WRONG_ANSWER,C++20 (GCC 13-64),1743853674
314051899,see_me_becoming_CM,The Legend of Freya the Frog,OK,"C++23 (GCC 14-64, msys2)",1743853670
314051746,ya_sh,Minimize!,OK,C++17 (GCC 7-32),1743853580
314051528,AyushDharDubey,Satyam and Counting,OK,C++17 (GCC 7-32),1743853458
314051408,see_me_becoming_CM,The Legend of Freya the Frog,WRONG_ANSWER,"C++23 (GCC 14-64, msys2)",1743853400
314051108,luanbohan,Klee's SUPER DUPER LARGE Array!!!,WRONG_ANSWER,C++17 (GCC 7-32),1743853227
314050958,tareq91735,Minimize!,OK,C++20 (GCC 13-64),1743853134
314050132,see_me_becoming_CM,The Legend of Freya the Frog,TIME_LIMIT_EXCEEDED,"C++23 (GCC 14-64, msys2)",1743852684
314049429,see_me_becoming_CM,osu!mania,OK,"C++23 (GCC 14-64, msys2)",1743852295
314049423,a18863449211,The Legend of Freya the Frog,WRONG_ANSWER,C++20 (GCC 13-64),1743852291
314049076,see_me_becoming_CM,Minimize!,OK,"C++23 (GCC 14-64, msys2)",1743852147
314048466,The_NightFury,The Legend of Freya the Frog,WRONG_ANSWER,GNU C11,1743851945
314048355,The_NightFury,The Legend of Freya the Frog,WRONG_ANSWER,GNU C11,1743851895
314048311,AyushDharDubey,Satyam and Counting,TIME_LIMIT_EXCEEDED,C++17 (GCC 7-32),1743851882
314048112,ZUZUU,Klee's SUPER DUPER LARGE Array!!!,OK,"C++23 (GCC 14-64, msys2)",1743851798
314048043,The_NightFury,The Legend of Freya the Frog,WRONG_ANSWER,GNU C11,1743851765
314047894,The_NightFury,The Legend of Freya the Frog,WRONG_ANSWER,GNU C11,1743851685
314047837,a18863449211,The Legend of Freya the Frog,TIME_LIMIT_EXCEEDED,C++20 (GCC 13-64),1743851655
314047714,The_NightFury,The Legend of Freya the Frog,WRONG_ANSWER,GNU C11,1743851594
314047635,DC_0001,Satyam and Counting,OK,C++17 (GCC 7-32),1743851555
314046859,DC_0001,Satyam and Counting,WRONG_ANSWER,C++17 (GCC 7-32),1743851185
314046228,The_NightFury,osu!mania,OK,GNU C11,1743850866
314044551,Kareemmm,Minimize!,OK,C++17 (GCC 7-32),1743850019
314044485,idrive0,Satyam and Counting,OK,C++20 (GCC 13-64),1743849986
314044484,foxserg,Minimize!,OK,"C++23 (GCC 14-64, msys2)",1743849986
314043945,gauravpandit,Klee's SUPER DUPER LARGE Array!!!,OK,C++17 (GCC 7-32),1743849711
314043689,gauravpandit,Klee's SUPER DUPER LARGE Array!!!,WRONG_ANSWER,C++17 (GCC 7-32),1743849579
314042450,foxserg,osu!mania,OK,"C++23 (GCC 14-64, msys2)",1743849032
314041808,AyushDharDubey,osu!mania,OK,C++17 (GCC 7-32),1743848764
314041618,AyushDharDubey,osu!mania,WRONG_ANSWER,C++17 (GCC 7-32),1743848671
314041564,AyushDharDubey,osu!mania,WRONG_ANSWER,C++17 (GCC 7-32),1743848650
314041005,AyushDharDubey,Minimize!,OK,C++17 (GCC 7-32),1743848407
314040850,AyushDharDubey,Minimize!,WRONG_ANSWER,C++17 (GCC 7-32),1743848339
314039822,kapergagen,The Legend of Freya the Frog,OK,C++20 (GCC 13-64),1743847934
314036030,Vivek_bot,Minimize!,OK,C++20 (GCC 13-64),1743846380
314030732,mogulus_tt,Klee's SUPER DUPER LARGE Array!!!,OK,C++17 (GCC 7-32),1743844181
314029830,Vinogradova5,Satyam and Counting,WRONG_ANSWER,C++17 (GCC 7-32),1743843811
314029027,anshu.kumaar712,Minimize!,OK,C++17 (GCC 7-32),1743843464
314028971,anshu.kumaar712,Minimize!,WRONG_ANSWER,C++17 (GCC 7-32),1743843438
314028857,anshu.kumaar712,Minimize!,WRONG_ANSWER,C++17 (GCC 7-32),1743843390
314028739,anshu.kumaar712,Minimize!,WRONG_ANSWER,C++17 (GCC 7-32),1743843332
314027831,xtcofficial,Yunli's Subarray Queries (hard version),OK,C++20 (GCC 13-64),1743842950
314025929,CRACKA,Klee's SUPER DUPER LARGE Array!!!,OK,PyPy 3-64,1743842094
314021800,MostafaTK,Minimize!,OK,"C++23 (GCC 14-64, msys2)",1743840220
314020323,the_KNIGHT_9211,The Legend of Freya the Frog,WRONG_ANSWER,"C++23 (GCC 14-64, msys2)",1743839609
314019513,2210040101,osu!mania,OK,Java 8,1743839249
314019427,2210040101,osu!mania,COMPILATION_ERROR,Java 8,1743839210
314019411,caterpillow,Yunli's Subarray Queries (easy version),OK,C++17 (GCC 7-32),1743839204
314018832,evgen.egreckij,Minimize!,OK,"C++23 (GCC 14-64, msys2)",1743838951
314016568,bkrajak523,osu!mania,OK,"C++23 (GCC 14-64, msys2)",1743837983
314016334,bkrajak523,osu!mania,WRONG_ANSWER,"C++23 (GCC 14-64, msys2)",1743837896
314015988,bkrajak523,osu!mania,RUNTIME_ERROR,"C++23 (GCC 14-64, msys2)",1743837747
314009427,Shafi705,Klee's SUPER DUPER LARGE Array!!!,OK,C++17 (GCC 7-32),1743835091
314008665,prasanntrivedi6263,Firefly's Queries,OK,"C++23 (GCC 14-64, msys2)",1743834771
314007301,het49,Minimize!,OK,Java 8,1743834188
314006378,HJ5623,Yunli's Subarray Queries (hard version),OK,"C++23 (GCC 14-64, msys2)",1743833766
314005790,atom3014,Minimize!,OK,"C++23 (GCC 14-64, msys2)",1743833482
314003398,Sakamoto_11,The Legend of Freya the Frog,OK,C++17 (GCC 7-32),1743832258
314003077,edvidarez,Satyam and Counting,OK,"C++23 (GCC 14-64, msys2)",1743832074
314002946,edvidarez,Satyam and Counting,WRONG_ANSWER,"C++23 (GCC 14-64, msys2)",1743832004
314002719,edvidarez,The Legend of Freya the Frog,OK,"C++23 (GCC 14-64, msys2)",1743831870
314002664,edvidarez,The Legend of Freya the Frog,OK,"C++23 (GCC 14-64, msys2)",1743831840
314002561,edvidarez,Minimize!,OK,"C++23 (GCC 14-64, msys2)",1743831786
314002461,HJ5623,Yunli's Subarray Queries (hard version),WRONG_ANSWER,"C++23 (GCC 14-64, msys2)",1743831731
314000626,George_Joseph,Klee's SUPER DUPER LARGE Array!!!,OK,"C++23 (GCC 14-64, msys2)",1743830647
314000346,XiaoLanZai,osu!mania,OK,"C++23 (GCC 14-64, msys2)",1743830467
313999803,equinoxtech,The Legend of Freya the Frog,OK,C++20 (GCC 13-64),1743830134
313999741,Nikkiacf_24,Minimize!,OK,C++17 (GCC 7-32),1743830099
313999691,arzoobhuker09,The Legend of Freya the Frog,OK,C++20 (GCC 13-64),1743830067
313999567,equinoxtech,The Legend of Freya the Frog,WRONG_ANSWER,C++20 (GCC 13-64),1743829993
313998885,equinoxtech,osu!mania,OK,C++20 (GCC 13-64),1743829586
313998637,equinoxtech,Minimize!,OK,C++20 (GCC 13-64),1743829439
313998555,equinoxtech,Minimize!,WRONG_ANSWER,C++20 (GCC 13-64),1743829381
313998469,equinoxtech,Minimize!,WRONG_ANSWER,C++20 (GCC 13-64),1743829329
313998067,RudyClark,Minimize!,OK,C++17 (GCC 7-32),1743829065
313997875,RudyClark,Minimize!,COMPILATION_ERROR,C++17 (GCC 7-32),1743828933
313997350,neural_net,Minimize!,OK,Python 3,1743828543
313997295,neural_net,Minimize!,WRONG_ANSWER,Python 3,1743828506
313997077,Niarj_10,osu!mania,WRONG_ANSWER,GNU C11,1743828335
313996481,kukuk,Klee's SUPER DUPER LARGE Array!!!,OK,C++20 (GCC 13-64),1743827871
313994883,idrive0,Klee's SUPER DUPER LARGE Array!!!,OK,C++20 (GCC 13-64),1743826553
313994735,eva_mujica,osu!mania,OK,C++17 (GCC 7-32),1743826441
313994712,AmgainBro,Minimize!,OK,C++17 (GCC 7-32),1743826421
313992949,BlackpenRedpen,Satyam and Counting,OK,C++17 (GCC 7-32),1743824739
313991156,Aschio,Minimize!,OK,PyPy 3-64,1743822838
313988794,ignivium,Minimize!,OK,"C++23 (GCC 14-64, msys2)",1743820083
313987619,khoulyo,Minimize!,OK,"C++23 (GCC 14-64, msys2)",1743818650
313985036,leo_messi2456,Minimize!,OK,PyPy 3,1743815116
313984964,leo_messi2456,Minimize!,WRONG_ANSWER,PyPy 3,1743814985
313984868,leo_messi2456,Minimize!,WRONG_ANSWER,PyPy 3,1743814845
313982780,Ali_Al_Saleh_GTR,osu!mania,OK,C++17 (GCC 7-32),1743810686
313979930,yuossefessam3,Minimize!,OK,PyPy 3-64,1743805749
313978237,ghadeerdebo969,Minimize!,OK,C++17 (GCC 7-32),1743803171
313976919,kaif2828,osu!mania,OK,"C++23 (GCC 14-64, msys2)",1743801854
313976576,Mi_thi_LA_,Minimize!,OK,C++20 (GCC 13-64),1743801563
313973288,Sab3awy,Klee's SUPER DUPER LARGE Array!!!,OK,C++17 (GCC 7-32),1743798935
313972983,Quinaz,Minimize!,OK,C++17 (GCC 7-32),1743798722
313972801,FALCO177,Minimize!,OK,C++20 (GCC 13-64),1743798583
313968886,pcheloveks,Minimize!,OK,C++20 (GCC 13-64),1743795853
313966934,Believe_In_God,Minimize!,OK,C++20 (GCC 13-64),1743794657
313966645,ZUZUU,Klee's SUPER DUPER LARGE Array!!!,TIME_LIMIT_EXCEEDED,"C++23 (GCC 14-64, msys2)",1743794485
313966198,Mululgeta_Codeforce,Minimize!,OK,PyPy 3-64,1743794218
313964589,Way_to_code,Minimize!,OK,"C++23 (GCC 14-64, msys2)",1743793290
313964518,Way_to_code,Minimize!,COMPILATION_ERROR,"C++23 (GCC 14-64, msys2)",1743793252
313964449,Way_to_code,Minimize!,COMPILATION_ERROR,"C++23 (GCC 14-64, msys2)",1743793221
313963493,qarazhvn,The Legend of Freya the Frog,OK,"C++23 (GCC 14-64, msys2)",1743792664
313954099,Sakib183,osu!mania,OK,"C++23 (GCC 14-64, msys2)",1743788100
313952834,programmingwithnur,Minimize!,OK,C++17 (GCC 7-32),1743787466
313951699,SudheerChatla,Minimize!,OK,C++17 (GCC 7-32),1743786919
313951552,munen,Minimize!,OK,C++17 (GCC 7-32),1743786844
313947023,ghadem.216,Minimize!,RUNTIME_ERROR,GNU C11,1743784721
313946512,ghadem.216,Minimize!,RUNTIME_ERROR,GNU C11,1743784486
313944919,aj1,The Legend of Freya the Frog,OK,"C++23 (GCC 14-64, msys2)",1743783801
313944742,aj1,The Legend of Freya the Frog,OK,"C++23 (GCC 14-64, msys2)",1743783728
313943371,amitdas107,Minimize!,OK,C++17 (GCC 7-32),1743783105
313942293,TriSquad-Codes,osu!mania,OK,PyPy 3-64,1743782628
313941102,__Chandan_kr.,The Legend of Freya the Frog,WRONG_ANSWER,"C++23 (GCC 14-64, msys2)",1743782126
313940150,Buoyancy,osu!mania,OK,C++20 (GCC 13-64),1743781744
313940074,Lightwin,Minimize!,OK,C++20 (GCC 13-64),1743781721
313939180,__Chandan_kr.,The Legend of Freya the Frog,WRONG_ANSWER,"C++23 (GCC 14-64, msys2)",1743781416
313938658,luxhowl,Minimize!,OK,C++17 (GCC 7-32),1743781216
313937910,luxhowl,Minimize!,WRONG_ANSWER,C++17 (GCC 7-32),1743780927
313937861,gouhhmumu,Yunli's Subarray Queries (extreme version),WRONG_ANSWER,"C++23 (GCC 14-64, msys2)",1743780909
313937858,luxhowl,Minimize!,WRONG_ANSWER,C++17 (GCC 7-32),1743780908
313937405,gouhhmumu,Yunli's Subarray Queries (hard version),OK,"C++23 (GCC 14-64, msys2)",1743780747
313936778,gouhhmumu,Yunli's Subarray Queries (easy version),OK,"C++23 (GCC 14-64, msys2)",1743780521
313935263,LteShuai,osu!mania,OK,C++20 (GCC 13-64),1743779966
313934619,Dev_Patel9906,osu!mania,OK,Java 8,1743779727
313931933,gouhhmumu,Firefly's Queries,OK,"C++23 (GCC 14-64, msys2)",1743778773
313931157,Smallairplane,Klee's SUPER DUPER LARGE Array!!!,OK,"C++23 (GCC 14-64, msys2)",1743778493
313930770,lucas.ms,Satyam and Counting,OK,C++17 (GCC 7-32),1743778351
313930578,3.14,Yunli's Subarray Queries (easy version),OK,C++17 (GCC 7-32),1743778288
313930543,Smallairplane,Klee's SUPER DUPER LARGE Array!!!,WRONG_ANSWER,"C++23 (GCC 14-64, msys2)",1743778276
313929001,gouhhmumu,Klee's SUPER DUPER LARGE Array!!!,OK,"C++23 (GCC 14-64, msys2)",1743777752
313928907,ahmed_1793,The Legend of Freya the Frog,OK,C++17 (GCC 7-32),1743777714
313928635,Kener_Castillo,Klee's SUPER DUPER LARGE Array!!!,OK,C++17 (GCC 7-32),1743777617
313928430,lucas.ms,Satyam and Counting,OK,C++17 (GCC 7-32),1743777541
313927174,gouhhmumu,Satyam and Counting,OK,"C++23 (GCC 14-64, msys2)",1743776971
313927089,gouhhmumu,Satyam and Counting,COMPILATION_ERROR,"C++23 (GCC 14-64, msys2)",1743776934
313927084,Niloy_Chakraborty,Minimize!,OK,Java 21,1743776932
313924442,gouhhmumu,The Legend of Freya the Frog,OK,"C++23 (GCC 14-64, msys2)",1743775688
313921521,Khalid_Kamal_,Klee's SUPER DUPER LARGE Array!!!,OK,C++20 (GCC 13-64),1743774377
313920897,Sorrow,Minimize!,OK,Java 21,1743774104
313920393,gouhhmumu,osu!mania,OK,"C++23 (GCC 14-64, msys2)",1743773868
313920339,sadiatushalima226,Minimize!,OK,"C++23 (GCC 14-64, msys2)",1743773848
313920295,monk666,Minimize!,OK,C++20 (GCC 13-64),1743773823
313918537,Sab3awy,Klee's SUPER DUPER LARGE Array!!!,OK,C++17 (GCC 7-32),1743773080
313917967,gouhhmumu,Minimize!,OK,"C++23 (GCC 14-64, msys2)",1743772816
313917298,cxy1122,Yunli's Subarray Queries (easy version),OK,"C++23 (GCC 14-64, msys2)",1743772493
313915586,KAT14,Satyam and Counting,OK,"C++23 (GCC 14-64, msys2)",1743771697
313915313,KAT14,Satyam and Counting,WRONG_ANSWER,"C++23 (GCC 14-64, msys2)",1743771571
313914765,Nauhniy,The Legend of Freya the Frog,OK,C++17 (GCC 7-32),1743771298
313913407,cxy1122,Firefly's Queries,OK,"C++23 (GCC 14-64, msys2)",1743770623
313913347,sakka09,Minimize!,OK,"C++23 (GCC 14-64, msys2)",1743770568
313912688,Smallairplane,Satyam and Counting,OK,"C++23 (GCC 14-64, msys2)",1743770207
313912657,Nauhniy,The Legend of Freya the Frog,WRONG_ANSWER,C++17 (GCC 7-32),1743770191
313911488,Nauhniy,osu!mania,OK,C++17 (GCC 7-32),1743769599
313911109,raka08,Yunli's Subarray Queries (easy version),OK,C++20 (GCC 13-64),1743769422
313910732,cxy1122,Klee's SUPER DUPER LARGE Array!!!,OK,"C++23 (GCC 14-64, msys2)",1743769221
313910631,Nauhniy,Minimize!,OK,C++17 (GCC 7-32),1743769164
313909150,cxy1122,osu!mania,OK,"C++23 (GCC 14-64, msys2)",1743768373
313908712,cxy1122,Satyam and Counting,OK,"C++23 (GCC 14-64, msys2)",1743768157
313907391,cxy1122,The Legend of Freya the Frog,OK,"C++23 (GCC 14-64, msys2)",1743767498
313907056,cxy1122,The Legend of Freya the Frog,WRONG_ANSWER,"C++23 (GCC 14-64, msys2)",1743767332
313907019,_spider__,Satyam and Counting,OK,C++17 (GCC 7-32),1743767314
313906918,saad_1957,Minimize!,OK,"C++23 (GCC 14-64, msys2)",1743767261
313906817,_spider__,Satyam and Counting,WRONG_ANSWER,C++17 (GCC 7-32),1743767213
313906153,qarazhvn,osu!mania,OK,"C++23 (GCC 14-64, msys2)",1743766811
313906139,Airous,Minimize!,OK,C++20 (GCC 13-64),1743766803
313906023,Airous,Minimize!,WRONG_ANSWER,C++20 (GCC 13-64),1743766742
313904482,cxy1122,osu!mania,OK,"C++23 (GCC 14-64, msys2)",1743765878
313904295,cxy1122,Minimize!,OK,"C++23 (GCC 14-64, msys2)",1743765771
313903038,__Chandan_kr.,The Legend of Freya the Frog,WRONG_ANSWER,"C++23 (GCC 14-64, msys2)",1743765073
313902720,cxy1122,Minimize!,OK,"C++23 (GCC 14-64, msys2)",1743764889
313902575,cxy1122,Minimize!,OK,"C++23 (GCC 14-64, msys2)",1743764807
313895378,0xRapid,osu!mania,OK,"C++23 (GCC 14-64, msys2)",1743760219
313895217,0xRapid,osu!mania,WRONG_ANSWER,"C++23 (GCC 14-64, msys2)",1743760113
313894863,0xRapid,osu!mania,RUNTIME_ERROR,"C++23 (GCC 14-64, msys2)",1743759895
313894779,0xRapid,osu!mania,RUNTIME_ERROR,"C++23 (GCC 14-64, msys2)",1743759841
313894117,0xRapid,osu!mania,RUNTIME_ERROR,"C++23 (GCC 14-64, msys2)",1743759438
313893698,xi_zhi,Satyam and Counting,OK,"C++23 (GCC 14-64, msys2)",1743759184
313893610,xi_zhi,Satyam and Counting,WRONG_ANSWER,"C++23 (GCC 14-64, msys2)",1743759137
313893166,xi_zhi,Satyam and Counting,WRONG_ANSWER,"C++23 (GCC 14-64, msys2)",1743758866
313893007,xi_zhi,Satyam and Counting,WRONG_ANSWER,"C++23 (GCC 14-64, msys2)",1743758768
313892260,xi_zhi,Satyam and Counting,WRONG_ANSWER,"C++23 (GCC 14-64, msys2)",1743758351
313890088,rayxon_33,osu!mania,OK,"C++23 (GCC 14-64, msys2)",1743756962
313889026,Saya_Song,The Legend of Freya the Frog,OK,C++17 (GCC 7-32),1743756297
313888550,Saya_Song,The Legend of Freya the Frog,WRONG_ANSWER,C++17 (GCC 7-32),1743756027
313888040,xi_zhi,The Legend of Freya the Frog,OK,"C++23 (GCC 14-64, msys2)",1743755752
313887496,xi_zhi,The Legend of Freya the Frog,TIME_LIMIT_EXCEEDED,"C++23 (GCC 14-64, msys2)",1743755412
313887446,xi_zhi,The Legend of Freya the Frog,TIME_LIMIT_EXCEEDED,"C++23 (GCC 14-64, msys2)",1743755381
313887298,luwx,osu!mania,OK,"C++23 (GCC 14-64, msys2)",1743755283
313886800,SandraMichelle,Yunli's Subarray Queries (easy version),OK,"C++23 (GCC 14-64, msys2)",1743754973
313886643,Saya_Song,osu!mania,OK,C++17 (GCC 7-32),1743754877
313886167,xi_zhi,osu!mania,OK,"C++23 (GCC 14-64, msys2)",1743754586
313885744,seeyouzjc,Yunli's Subarray Queries (easy version),OK,C++17 (GCC 7-32),1743754332
313885473,xi_zhi,Minimize!,OK,"C++23 (GCC 14-64, msys2)",1743754168
313885393,Tanzim411,Yunli's Subarray Queries (easy version),OK,"C++23 (GCC 14-64, msys2)",1743754127
313885348,Saya_Song,Minimize!,OK,C++17 (GCC 7-32),1743754102
313884627,seeyouzjc,Yunli's Subarray Queries (easy version),WRONG_ANSWER,C++17 (GCC 7-32),1743753674
313884282,seeyouzjc,Yunli's Subarray Queries (easy version),TIME_LIMIT_EXCEEDED,C++17 (GCC 7-32),1743753460
313884235,seeyouzjc,Yunli's Subarray Queries (easy version),WRONG_ANSWER,C++17 (GCC 7-32),1743753427
313884174,Kinsoul,The Legend of Freya the Frog,OK,C++20 (GCC 13-64),1743753385
313884131,seeyouzjc,Yunli's Subarray Queries (easy version),WRONG_ANSWER,C++17 (GCC 7-32),1743753358
313884026,SandraMichelle,Yunli's Subarray Queries (easy version),WRONG_ANSWER,"C++23 (GCC 14-64, msys2)",1743753297
313883528,Kinsoul,The Legend of Freya the Frog,WRONG_ANSWER,C++20 (GCC 13-64),1743752972
313883351,Kinsoul,The Legend of Freya the Frog,WRONG_ANSWER,C++20 (GCC 13-64),1743752860
313883331,wudijimo,The Legend of Freya the Frog,WRONG_ANSWER,Java 8,1743752843
313883229,Kinsoul,The Legend of Freya the Frog,WRONG_ANSWER,C++20 (GCC 13-64),1743752779
313883137,seeyouzjc,Yunli's Subarray Queries (easy version),WRONG_ANSWER,C++17 (GCC 7-32),1743752724
313883094,seeyouzjc,Yunli's Subarray Queries (easy version),RUNTIME_ERROR,C++17 (GCC 7-32),1743752693
313882934,seeyouzjc,Yunli's Subarray Queries (easy version),RUNTIME_ERROR,C++17 (GCC 7-32),1743752592
313882887,Kinsoul,The Legend of Freya the Frog,WRONG_ANSWER,C++20 (GCC 13-64),1743752562
313882836,seeyouzjc,Yunli's Subarray Queries (easy version),RUNTIME_ERROR,C++17 (GCC 7-32),1743752531
313882617,wudijimo,The Legend of Freya the Frog,WRONG_ANSWER,Java 8,1743752381
313881988,wudijimo,The Legend of Freya the Frog,WRONG_ANSWER,Java 8,1743751969
313880782,SandraMichelle,Yunli's Subarray Queries (easy version),WRONG_ANSWER,"C++23 (GCC 14-64, msys2)",1743751160
313879407,Tanzim411,Yunli's Subarray Queries (easy version),WRONG_ANSWER,"C++23 (GCC 14-64, msys2)",1743750272
313878961,wudijimo,osu!mania,OK,Java 8,1743749989
313876988,seeyouzjc,Firefly's Queries,OK,C++17 (GCC 7-32),1743748669
313876823,Tanzim411,Yunli's Subarray Queries (easy version),WRONG_ANSWER,"C++23 (GCC 14-64, msys2)",1743748547
313869928,Nikkiacf_24,osu!mania,OK,C++17 (GCC 7-32),1743743066
313867930,LoveACM..,osu!mania,OK,C++17 (GCC 7-32),1743741538
313867378,LoveACM..,osu!mania,WRONG_ANSWER,C++17 (GCC 7-32),1743741018
313866958,LoveACM..,Minimize!,OK,C++17 (GCC 7-32),1743740585
313866537,The_NightFury,Minimize!,OK,GNU C11,1743740070
313862078,zhan1211,osu!mania,OK,Python 3,1743735849
313862011,zhan1211,osu!mania,WRONG_ANSWER,Python 3,1743735769
313861736,Astefany,osu!mania,WRONG_ANSWER,Python 3,1743735480
313861292,miskatul.anwar.csecu,Minimize!,OK,Rust 2021,1743734947
313861200,miskatul.anwar.csecu,Minimize!,OK,Rust 2021,1743734812
313860673,Astefany,Minimize!,OK,Python 3,1743734133
313860016,Liu_Rui,osu!mania,OK,C++17 (GCC 7-32),1743733280
313857459,2023010187,osu!mania,OK,Python 3,1743729620
313857004,zhan1211,Minimize!,OK,Python 3,1743728967
313856500,songlan,osu!mania,OK,C++20 (GCC 13-64),1743728125
313850544,mayank_dixit_27,osu!mania,OK,PyPy 3-64,1743717215
313847088,i_just_write_code,The Legend of Freya the Frog,OK,"C++23 (GCC 14-64, msys2)",1743713340
313846411,worthNothing,Satyam and Counting,OK,C++17 (GCC 7-32),1743712746
313846145,agharaprutha,osu!mania,RUNTIME_ERROR,"C++23 (GCC 14-64, msys2)",1743712522
313845346,i_just_write_code,The Legend of Freya the Frog,WRONG_ANSWER,"C++23 (GCC 14-64, msys2)",1743711852
313845139,i_just_write_code,The Legend of Freya the Frog,WRONG_ANSWER,"C++23 (GCC 14-64, msys2)",1743711673
313845051,i_just_write_code,The Legend of Freya the Frog,WRONG_ANSWER,"C++23 (GCC 14-64, msys2)",1743711608
313843616,i_just_write_code,The Legend of Freya the Frog,WRONG_ANSWER,"C++23 (GCC 14-64, msys2)",1743710460
313843522,i_just_write_code,The Legend of Freya the Frog,WRONG_ANSWER,"C++23 (GCC 14-64, msys2)",1743710371
313843443,proshanto550,Minimize!,OK,C++17 (GCC 7-32),1743710304
313840912,faded_AM,The Legend of Freya the Frog,OK,C++20 (GCC 13-64),1743708405
313839800,faded_AM,The Legend of Freya the Frog,WRONG_ANSWER,C++20 (GCC 13-64),1743707662
313839242,eeyoowan,Klee's SUPER DUPER LARGE Array!!!,OK,PyPy 3-64,1743707287
313838603,lucas.ms,Klee's SUPER DUPER LARGE Array!!!,OK,C++17 (GCC 7-32),1743706847
313837937,abylai11111111,Minimize!,OK,Python 3,1743706472
313834504,QpritechieF,The Legend of Freya the Frog,WRONG_ANSWER,C++17 (GCC 7-32),1743704412
313834131,QpritechieF,The Legend of Freya the Frog,WRONG_ANSWER,C++17 (GCC 7-32),1743704203
313833581,labibshahriar9997,osu!mania,OK,Python 3,1743703917
313833230,Sala7Nour,The Legend of Freya the Frog,OK,"C++23 (GCC 14-64, msys2)",1743703725
313833041,QpritechieF,osu!mania,OK,C++17 (GCC 7-32),1743703629
313832456,Sala7Nour,The Legend of Freya the Frog,WRONG_ANSWER,"C++23 (GCC 14-64, msys2)",1743703287
313832234,QpritechieF,Minimize!,OK,C++17 (GCC 7-32),1743703162
313832221,Het_the_beginner,osu!mania,OK,"C++23 (GCC 14-64, msys2)",1743703153
313831241,eeyoowan,Satyam and Counting,OK,C++17 (GCC 7-32),1743702616
313830206,Sala7Nour,The Legend of Freya the Frog,WRONG_ANSWER,"C++23 (GCC 14-64, msys2)",1743702085
313829747,vivek_korsa_12,Minimize!,OK,PyPy 3,1743701840
313829253,Sala7Nour,osu!mania,OK,"C++23 (GCC 14-64, msys2)",1743701563
313828973,lucas.ms,The Legend of Freya the Frog,OK,C++17 (GCC 7-32),1743701408
313828549,Sala7Nour,Minimize!,OK,"C++23 (GCC 14-64, msys2)",1743701193
313828037,SaifullahMnsur,The Legend of Freya the Frog,OK,"C++23 (GCC 14-64, msys2)",1743700908
313826684,kozaku07,Minimize!,OK,Python 3,1743700259
313826275,lucas.ms,osu!mania,OK,C++17 (GCC 7-32),1743700067
313826059,shatrughan9328,osu!mania,OK,C++17 (GCC 7-32),1743699966
313826017,stardust_eternalt,osu!mania,OK,C++17 (GCC 7-32),1743699942
313825589,lucas.ms,Minimize!,OK,C++17 (GCC 7-32),1743699743
313825365,Samiun,Minimize!,OK,C++17 (GCC 7-32),1743699638
313823615,Ashu_uone,osu!mania,OK,C++17 (GCC 7-32),1743698871
313803143,mahadi74,Minimize!,OK,C++17 (GCC 7-32),1743695657
313801767,shreyash_11,Klee's SUPER DUPER LARGE Array!!!,OK,C++20 (GCC 13-64),1743695477
313792839,ITerymc,osu!mania,OK,C++20 (GCC 13-64),1743694511
313783330,injector14,osu!mania,OK,C++20 (GCC 13-64),1743693587
313771010,injector14,Minimize!,OK,C++20 (GCC 13-64),1743692482
313744204,m2125729,Minimize!,OK,C++17 (GCC 7-32),1743690726
313743974,StarNightSnow,The Legend of Freya the Frog,OK,C++20 (GCC 13-64),1743690612
313743891,StarNightSnow,The Legend of Freya the Frog,WRONG_ANSWER,C++20 (GCC 13-64),1743690563
313738972,Tshahriar32,Minimize!,OK,GNU C11,1743687958
313738810,Ali_Hany,Satyam and Counting,WRONG_ANSWER,"C++23 (GCC 14-64, msys2)",1743687867
313738456,bkrajak523,osu!mania,WRONG_ANSWER,"C++23 (GCC 14-64, msys2)",1743687679
313737800,imposter_19,Satyam and Counting,OK,C++17 (GCC 7-32),1743687365
313737772,imposter_19,Satyam and Counting,COMPILATION_ERROR,C++17 (GCC 7-32),1743687354
313737234,DYY_124,osu!mania,OK,C++17 (GCC 7-32),1743687071
313736964,tanaysingh2315,The Legend of Freya the Frog,WRONG_ANSWER,C++17 (GCC 7-32),1743686936
313736908,Jabir.Ahmed,Minimize!,OK,"C++23 (GCC 14-64, msys2)",1743686911
313735784,DYY_124,osu!mania,OK,"C++23 (GCC 14-64, msys2)",1743686353
313735692,Mohammad20041976,Firefly's Queries,OK,C++17 (GCC 7-32),1743686313
313735662,DYY_124,osu!mania,COMPILATION_ERROR,GNU C11,1743686295
313733906,Atul_2301,Yunli's Subarray Queries (hard version),WRONG_ANSWER,C++17 (GCC 7-32),1743685451
313732291,SiriYuri,osu!mania,OK,"C++23 (GCC 14-64, msys2)",1743684610
313732073,SiriYuri,osu!mania,WRONG_ANSWER,"C++23 (GCC 14-64, msys2)",1743684494
313731290,Lamia_Tabassum,osu!mania,OK,GNU C11,1743684053
313729119,HKR_Yukino,osu!mania,OK,C++20 (GCC 13-64),1743682828
313729031,Atul_2301,Yunli's Subarray Queries (hard version),TIME_LIMIT_EXCEEDED,C++17 (GCC 7-32),1743682775
313725418,Samar8789,Minimize!,OK,C++17 (GCC 7-32),1743680698
313725087,aarohi_23,Minimize!,OK,C++17 (GCC 7-32),1743680472
313722922,kaustubh,Minimize!,OK,C++17 (GCC 7-32),1743679114
313721970,diya233,Minimize!,OK,C++17 (GCC 7-32),1743678594
313719688,yeshwanth83,osu!mania,OK,Java 8,1743677228
313717197,green_heaven,osu!mania,OK,"C++23 (GCC 14-64, msys2)",1743675655
313716364,SARWARxSAMI,The Legend of Freya the Frog,OK,C++17 (GCC 7-32),1743675151
313714418,astrashevichute,osu!mania,OK,PyPy 3-64,1743673854
313714273,astrashevichute,osu!mania,OK,PyPy 3-64,1743673752
313712591,Nova_Solo,osu!mania,OK,Python 3,1743672770
313711813,Jomman,Minimize!,OK,C++17 (GCC 7-32),1743672317
313709748,Kakusei,The Legend of Freya the Frog,OK,"C++23 (GCC 14-64, msys2)",1743671188
313708996,caterpillow,Yunli's Subarray Queries (easy version),RUNTIME_ERROR,C++17 (GCC 7-32),1743670738
313708859,SAYEM_19,Firefly's Queries,OK,"C++23 (GCC 14-64, msys2)",1743670662
313708395,zhengliang,Satyam and Counting,OK,"C++23 (GCC 14-64, msys2)",1743670400
313708313,Kakusei,The Legend of Freya the Frog,WRONG_ANSWER,"C++23 (GCC 14-64, msys2)",1743670349
313708198,Kakusei,The Legend of Freya the Frog,WRONG_ANSWER,"C++23 (GCC 14-64, msys2)",1743670283
313708056,Kakusei,The Legend of Freya the Frog,WRONG_ANSWER,"C++23 (GCC 14-64, msys2)",1743670204
313708043,zhengliang,Satyam and Counting,WRONG_ANSWER,"C++23 (GCC 14-64, msys2)",1743670199
313707997,Kakusei,The Legend of Freya the Frog,WRONG_ANSWER,"C++23 (GCC 14-64, msys2)",1743670175
313707735,Kakusei,The Legend of Freya the Frog,WRONG_ANSWER,"C++23 (GCC 14-64, msys2)",1743669987
313705280,astrashevichute,Minimize!,OK,PyPy 3-64,1743668394
313702271,ankit2006,Minimize!,OK,C++17 (GCC 7-32),1743666383
313700094,fantasy9663,Satyam and Counting,OK,"C++23 (GCC 14-64, msys2)",1743664891
313698208,uday_2408,The Legend of Freya the Frog,OK,C++20 (GCC 13-64),1743663763
313697303,hjanwar4,Minimize!,OK,Python 3,1743663284
313693660,PetaLinGer.,Satyam and Counting,OK,C++20 (GCC 13-64),1743660991
313693608,utsav_07,osu!mania,OK,C++20 (GCC 13-64),1743660962
313692930,agsh,The Legend of Freya the Frog,OK,C++20 (GCC 13-64),1743660565
313692699,uday_2408,Klee's SUPER DUPER LARGE Array!!!,OK,C++20 (GCC 13-64),1743660419
313692326,uday_2408,Klee's SUPER DUPER LARGE Array!!!,WRONG_ANSWER,C++20 (GCC 13-64),1743660210
313691411,dhakad_239,Yunli's Subarray Queries (easy version),OK,C++17 (GCC 7-32),1743659567
313689714,uday_2408,Klee's SUPER DUPER LARGE Array!!!,COMPILATION_ERROR,C++20 (GCC 13-64),1743658299
313689573,uday_2408,Klee's SUPER DUPER LARGE Array!!!,TIME_LIMIT_EXCEEDED,C++20 (GCC 13-64),1743658191
313688798,FahimAdib,Firefly's Queries,OK,"C++23 (GCC 14-64, msys2)",1743657530
313687869,Carlos,osu!mania,OK,C++17 (GCC 7-32),1743656791
313686616,FahimAdib,Firefly's Queries,TIME_LIMIT_EXCEEDED,"C++23 (GCC 14-64, msys2)",1743655918
313686349,S4532,Klee's SUPER DUPER LARGE Array!!!,OK,C++20 (GCC 13-64),1743655718
313686305,S4532,Klee's SUPER DUPER LARGE Array!!!,COMPILATION_ERROR,GNU C11,1743655677
313685692,SandraMichelle,Yunli's Subarray Queries (easy version),WRONG_ANSWER,"C++23 (GCC 14-64, msys2)",1743655185
313685376,SandraMichelle,Yunli's Subarray Queries (easy version),RUNTIME_ERROR,"C++23 (GCC 14-64, msys2)",1743654933
313684956,SandraMichelle,Yunli's Subarray Queries (easy version),RUNTIME_ERROR,"C++23 (GCC 14-64, msys2)",1743654574
313683422,Ominaxon,Minimize!,OK,"C++23 (GCC 14-64, msys2)",1743653342
313681880,realbug,The Legend of Freya the Frog,OK,PyPy 3-64,1743651909
313681812,realbug,The Legend of Freya the Frog,OK,PyPy 3-64,1743651857
313681515,realbug,The Legend of Freya the Frog,WRONG_ANSWER,PyPy 3-64,1743651582
313680254,Guard1an,Satyam and Counting,WRONG_ANSWER,C++20 (GCC 13-64),1743650157
313680211,Guard1an,Satyam and Counting,WRONG_ANSWER,C++20 (GCC 13-64),1743650108
313680193,Guard1an,Satyam and Counting,WRONG_ANSWER,C++20 (GCC 13-64),1743650082
313680150,Guard1an,Satyam and Counting,OK,C++20 (GCC 13-64),1743650027
313680107,Guard1an,Satyam and Counting,WRONG_ANSWER,C++20 (GCC 13-64),1743649969
313679568,Guard1an,Satyam and Counting,WRONG_ANSWER,C++20 (GCC 13-64),1743649339
313679561,raju_sarkar40,osu!mania,WRONG_ANSWER,GNU C11,1743649334
313679470,raju_sarkar40,osu!mania,WRONG_ANSWER,C++17 (GCC 7-32),1743649216
313679427,Guard1an,Satyam and Counting,WRONG_ANSWER,C++20 (GCC 13-64),1743649161
313679301,raju_sarkar40,osu!mania,WRONG_ANSWER,C++17 (GCC 7-32),1743649000
313679248,raju_sarkar40,osu!mania,WRONG_ANSWER,C++17 (GCC 7-32),1743648927
313679162,raju_sarkar40,osu!mania,WRONG_ANSWER,C++17 (GCC 7-32),1743648844
313678685,Grenzen_Hearn,Minimize!,OK,"C++23 (GCC 14-64, msys2)",1743648216
313678429,Guard1an,Satyam and Counting,WRONG_ANSWER,C++20 (GCC 13-64),1743647888
313678177,Guard1an,Satyam and Counting,WRONG_ANSWER,C++20 (GCC 13-64),1743647556
313678174,paras_churi,Yunli's Subarray Queries (easy version),OK,C++20 (GCC 13-64),1743647554
313677648,oneninetyfive,Firefly's Queries,OK,C++20 (GCC 13-64),1743646919
313677311,shivanis.ug22.cs,The Legend of Freya the Frog,OK,C++17 (GCC 7-32),1743646500
313677014,oneninetyfive,Firefly's Queries,WRONG_ANSWER,C++20 (GCC 13-64),1743646120
313676693,oneninetyfive,Firefly's Queries,WRONG_ANSWER,C++20 (GCC 13-64),1743645733
313676228,paras_churi,Yunli's Subarray Queries (easy version),WRONG_ANSWER,C++20 (GCC 13-64),1743645077
313676029,paras_churi,Yunli's Subarray Queries (easy version),WRONG_ANSWER,C++20 (GCC 13-64),1743644823
313675412,oneninetyfive,Klee's SUPER DUPER LARGE Array!!!,OK,C++20 (GCC 13-64),1743643943
313674849,hieuhfgr,Satyam and Counting,OK,"C++23 (GCC 14-64, msys2)",1743643160
313674469,oneninetyfive,Satyam and Counting,OK,C++20 (GCC 13-64),1743642518
313674360,oneninetyfive,Satyam and Counting,WRONG_ANSWER,C++20 (GCC 13-64),1743642345
313674183,oneninetyfive,The Legend of Freya the Frog,OK,C++20 (GCC 13-64),1743642074
313674051,oneninetyfive,osu!mania,OK,C++20 (GCC 13-64),1743641886
313674020,Guard1an,Satyam and Counting,WRONG_ANSWER,C++20 (GCC 13-64),1743641842
313673986,oneninetyfive,Minimize!,OK,C++20 (GCC 13-64),1743641793
313667901,rahulstudy1000,Firefly's Queries,OK,"C++23 (GCC 14-64, msys2)",1743631002
313667766,rahulstudy1000,Firefly's Queries,WRONG_ANSWER,"C++23 (GCC 14-64, msys2)",1743630803
313667699,rahulstudy1000,Firefly's Queries,WRONG_ANSWER,"C++23 (GCC 14-64, msys2)",1743630720
313662818,SRSami_21,Minimize!,OK,GNU C11,1743625368
313661249,ke_nas134,Minimize!,OK,PyPy 3,1743623892
313661052,am15,Firefly's Queries,OK,"C++23 (GCC 14-64, msys2)",1743623710
313654515,bnz_code,Minimize!,OK,C++17 (GCC 7-32),1743619591
313651315,namanlp,Minimize!,OK,Rust 2021,1743617898
313650339,Priyamcodez,Minimize!,OK,C++17 (GCC 7-32),1743617398
313650162,arun_akhil,osu!mania,OK,C++17 (GCC 7-32),1743617318
313649500,arun_akhil,Minimize!,OK,C++17 (GCC 7-32),1743617005
313649423,Infiniteenergy,Klee's SUPER DUPER LARGE Array!!!,OK,"C++23 (GCC 14-64, msys2)",1743616969
313645594,Mayank_IITM27,The Legend of Freya the Frog,OK,C++17 (GCC 7-32),1743615120
313645201,worthNothing,Klee's SUPER DUPER LARGE Array!!!,OK,C++17 (GCC 7-32),1743614929
313645070,Mayank_IITM27,The Legend of Freya the Frog,WRONG_ANSWER,C++17 (GCC 7-32),1743614868
313644708,poach_maggi,Yunli's Subarray Queries (easy version),OK,C++20 (GCC 13-64),1743614682
313643712,Mayank_IITM27,The Legend of Freya the Frog,WRONG_ANSWER,C++17 (GCC 7-32),1743614181
313643585,saptarshikuar2003,The Legend of Freya the Frog,OK,C++20 (GCC 13-64),1743614121
313643331,saptarshikuar2003,The Legend of Freya the Frog,WRONG_ANSWER,C++20 (GCC 13-64),1743614005
313643199,saptarshikuar2003,The Legend of Freya the Frog,WRONG_ANSWER,C++20 (GCC 13-64),1743613940
313642618,saptarshikuar2003,The Legend of Freya the Frog,WRONG_ANSWER,C++20 (GCC 13-64),1743613640
313642460,saptarshikuar2003,The Legend of Freya the Frog,WRONG_ANSWER,C++20 (GCC 13-64),1743613549
313642390,Mayank_IITM27,The Legend of Freya the Frog,WRONG_ANSWER,C++17 (GCC 7-32),1743613519
313641533,sri_raj_2222,Minimize!,OK,C++20 (GCC 13-64),1743613039
313640819,sri_raj_2222,Minimize!,COMPILATION_ERROR,C++20 (GCC 13-64),1743612616
313640192,ORBITAL_404,Minimize!,OK,C++17 (GCC 7-32),1743612232
313639966,ORBITAL_404,Minimize!,OK,C++17 (GCC 7-32),1743612093
313638334,vive02-xo,Minimize!,OK,Java 8,1743611231
313638256,cb_mariserla,The Legend of Freya the Frog,WRONG_ANSWER,C++17 (GCC 7-32),1743611187
313637882,vive02-xo,Minimize!,OK,Java 8,1743610966
313637753,h233cd-08,Minimize!,OK,C++17 (GCC 7-32),1743610892
313637194,cb_mariserla,The Legend of Freya the Frog,WRONG_ANSWER,C++17 (GCC 7-32),1743610558
313636869,cb_mariserla,The Legend of Freya the Frog,OK,C++17 (GCC 7-32),1743610352
313636404,_kmsnvzrc_,osu!mania,OK,PyPy 3-64,1743610116
313636329,vive02-xo,Minimize!,WRONG_ANSWER,Java 8,1743610063
313635906,_kmsnvzrc_,Minimize!,OK,PyPy 3-64,1743609809
313635706,cb_mariserla,The Legend of Freya the Frog,WRONG_ANSWER,C++17 (GCC 7-32),1743609687
313635175,LteShuai,Minimize!,OK,C++20 (GCC 13-64),1743609364
313635030,LteShuai,Minimize!,OK,C++20 (GCC 13-64),1743609272
313634992,BlackCat_,Satyam and Counting,OK,"C++23 (GCC 14-64, msys2)",1743609246
313634460,BlackCat_,Satyam and Counting,WRONG_ANSWER,"C++23 (GCC 14-64, msys2)",1743608996
313634351,saptarshikuar2003,The Legend of Freya the Frog,WRONG_ANSWER,C++20 (GCC 13-64),1743608229
313634231,saptarshikuar2003,The Legend of Freya the Frog,WRONG_ANSWER,C++20 (GCC 13-64),1743608169
313634121,saptarshikuar2003,The Legend of Freya the Frog,WRONG_ANSWER,C++20 (GCC 13-64),1743608111
313633300,Drashti_varasada,osu!mania,OK,"C++23 (GCC 14-64, msys2)",1743607640
313632486,Team4_LamPhuc,osu!mania,OK,C++17 (GCC 7-32),1743607186
313632373,Nastia_Grigoruants,Minimize!,OK,"C++23 (GCC 14-64, msys2)",1743607129
313632049,Team4_LamPhuc,osu!mania,WRONG_ANSWER,C++17 (GCC 7-32),1743606960
313631930,pieupieu,Minimize!,OK,C++20 (GCC 13-64),1743606903
313631590,arun.k.r,Minimize!,OK,C++17 (GCC 7-32),1743606713
313630619,Team4_LamPhuc,Minimize!,OK,C++17 (GCC 7-32),1743606222
313630153,Nafisa_Noor,Minimize!,OK,C++20 (GCC 13-64),1743605993
313630087,shaka_a,osu!mania,OK,PyPy 3-64,1743605963
313629215,ShubhamMate,Satyam and Counting,OK,C++17 (GCC 7-32),1743605538
313629006,shashanksp851,Klee's SUPER DUPER LARGE Array!!!,OK,Python 3,1743605438
313628930,shaka_a,Minimize!,OK,PyPy 3-64,1743605406
313628578,ShubhamMate,Satyam and Counting,WRONG_ANSWER,C++17 (GCC 7-32),1743605239
313628010,wudijimo,Minimize!,OK,Java 8,1743604948
313622508,djwhhh,Klee's SUPER DUPER LARGE Array!!!,OK,"C++23 (GCC 14-64, msys2)",1743602420
313619850,JONAS-GUO,Minimize!,OK,C++17 (GCC 7-32),1743601270
313617276,bershasml,Minimize!,OK,"C++23 (GCC 14-64, msys2)",1743600133
313614412,anahit,The Legend of Freya the Frog,OK,C++20 (GCC 13-64),1743598858
313613001,123929,osu!mania,OK,C++17 (GCC 7-32),1743598294
313612728,anahit,The Legend of Freya the Frog,WRONG_ANSWER,C++20 (GCC 13-64),1743598176
313612108,anahit,The Legend of Freya the Frog,WRONG_ANSWER,C++20 (GCC 13-64),1743597895
313611284,curious_codist,osu!mania,OK,C++17 (GCC 7-32),1743597525
313609593,sheep32768,Yunli's Subarray Queries (easy version),WRONG_ANSWER,"C++23 (GCC 14-64, msys2)",1743596790
313609360,anahit,The Legend of Freya the Frog,WRONG_ANSWER,C++20 (GCC 13-64),1743596696
313609139,anahit,The Legend of Freya the Frog,WRONG_ANSWER,C++20 (GCC 13-64),1743596605
313608285,RAJKUMAR_MAKAVANA,Minimize!,OK,C++20 (GCC 13-64),1743596224
313608170,123929,The Legend of Freya the Frog,OK,"C++23 (GCC 14-64, msys2)",1743596180
313608023,anahit,The Legend of Freya the Frog,WRONG_ANSWER,C++20 (GCC 13-64),1743596113
313607159,123929,osu!mania,OK,"C++23 (GCC 14-64, msys2)",1743595698
313607127,Raj_Patel_7807,Satyam and Counting,OK,"C++23 (GCC 14-64, msys2)",1743595682
313606555,123929,Minimize!,OK,"C++23 (GCC 14-64, msys2)",1743595416
313606436,123929,Minimize!,OK,C++17 (GCC 7-32),1743595356
313606285,dr4c0,Minimize!,OK,Java 21,1743595283
313605832,sheep32768,Firefly's Queries,OK,"C++23 (GCC 14-64, msys2)",1743595069
313605711,sheep32768,Firefly's Queries,TIME_LIMIT_EXCEEDED,"C++23 (GCC 14-64, msys2)",1743595012
313605417,Chand2024,Minimize!,OK,Python 3,1743594876
313604150,sheep32768,Klee's SUPER DUPER LARGE Array!!!,OK,"C++23 (GCC 14-64, msys2)",1743594257
313603215,sheep32768,Satyam and Counting,OK,"C++23 (GCC 14-64, msys2)",1743593765
313602364,sheep32768,The Legend of Freya the Frog,OK,"C++23 (GCC 14-64, msys2)",1743593352
313602147,zyb_txdy,osu!mania,OK,C++17 (GCC 7-32),1743593250
313602073,zyb_txdy,osu!mania,COMPILATION_ERROR,C++17 (GCC 7-32),1743593221
313601999,sheep32768,osu!mania,OK,"C++23 (GCC 14-64, msys2)",1743593189
313601938,sheep32768,osu!mania,WRONG_ANSWER,"C++23 (GCC 14-64, msys2)",1743593151
313601906,zyb_txdy,osu!mania,WRONG_ANSWER,C++17 (GCC 7-32),1743593131
313601685,zyb_txdy,Minimize!,OK,C++17 (GCC 7-32),1743593018
313601684,sheep32768,Minimize!,OK,"C++23 (GCC 14-64, msys2)",1743593017
313601613,sheep32768,Minimize!,WRONG_ANSWER,"C++23 (GCC 14-64, msys2)",1743592992
313601253,swater01,Yunli's Subarray Queries (easy version),OK,"C++23 (GCC 14-64, msys2)",1743592822
313600465,swater01,Yunli's Subarray Queries (easy version),WRONG_ANSWER,"C++23 (GCC 14-64, msys2)",1743592441
313599606,mvsprabash,osu!mania,OK,"C++23 (GCC 14-64, msys2)",1743592029
313598358,Basem_Alassaf7,Minimize!,OK,C++17 (GCC 7-32),1743591266
313595801,snehitha_boga,Minimize!,OK,Java 21,1743589250
313590606,Mrqx,Satyam and Counting,OK,"C++23 (GCC 14-64, msys2)",1743586361
313590580,doshite,Yunli's Subarray Queries (hard version),OK,C++20 (GCC 13-64),1743586348
313588182,Mrqx,The Legend of Freya the Frog,OK,"C++23 (GCC 14-64, msys2)",1743585107
313587444,Mrqx,osu!mania,OK,"C++23 (GCC 14-64, msys2)",1743584671
313586492,Juswanth_T,Yunli's Subarray Queries (easy version),OK,"C++23 (GCC 14-64, msys2)",1743584195
313585977,Mrqx,Minimize!,OK,"C++23 (GCC 14-64, msys2)",1743583915
313585921,Mrqx,Minimize!,WRONG_ANSWER,"C++23 (GCC 14-64, msys2)",1743583886
313583550,doshite,Yunli's Subarray Queries (easy version),OK,C++20 (GCC 13-64),1743582536
313583043,doshite,Yunli's Subarray Queries (easy version),TIME_LIMIT_EXCEEDED,C++20 (GCC 13-64),1743582230
313582963,doshite,Yunli's Subarray Queries (easy version),WRONG_ANSWER,C++20 (GCC 13-64),1743582183
313582786,doshite,Yunli's Subarray Queries (easy version),WRONG_ANSWER,C++20 (GCC 13-64),1743582083
313582166,doshite,Yunli's Subarray Queries (easy version),WRONG_ANSWER,C++20 (GCC 13-64),1743581702
313581921,kaan.akyarr,Minimize!,OK,C++17 (GCC 7-32),1743581539
313580435,vuvietanhnb2108,Minimize!,OK,Java 8,1743580684
313580210,donghedd,Satyam and Counting,OK,C++17 (GCC 7-32),1743580539
313579151,donghedd,Satyam and Counting,WRONG_ANSWER,C++17 (GCC 7-32),1743579882
313576231,utsav_07,Minimize!,OK,C++20 (GCC 13-64),1743578077
313575893,neuerhocode,osu!mania,OK,C++20 (GCC 13-64),1743577875
313573673,Jannatul_Maowa_Chowdhury,Minimize!,OK,C++17 (GCC 7-32),1743576659
313569374,adibhai0845R,Klee's SUPER DUPER LARGE Array!!!,OK,Java 8,1743574400
313567937,adibhai0845R,Klee's SUPER DUPER LARGE Array!!!,MEMORY_LIMIT_EXCEEDED,Java 8,1743573563
313567268,mimikyumom,osu!mania,OK,C++17 (GCC 7-32),1743573143
313567160,mimikyumom,osu!mania,WRONG_ANSWER,C++17 (GCC 7-32),1743573076
313566182,tanvibansall,The Legend of Freya the Frog,OK,C++17 (GCC 7-32),1743572470
313565636,tanvibansall,The Legend of Freya the Frog,WRONG_ANSWER,C++17 (GCC 7-32),1743572131
313564188,mimikyumom,osu!mania,OK,C++17 (GCC 7-32),1743571174
313564070,big_smoke_2,osu!mania,OK,"C++23 (GCC 14-64, msys2)",1743571080
313563084,big_smoke_2,osu!mania,WRONG_ANSWER,"C++23 (GCC 14-64, msys2)",1743570350
313563046,Amit_Khedar,Klee's SUPER DUPER LARGE Array!!!,OK,"C++23 (GCC 14-64, msys2)",1743570319
313560433,adibhai0845R,Klee's SUPER DUPER LARGE Array!!!,MEMORY_LIMIT_EXCEEDED,Java 8,1743568289
313559597,krish_mangal,Yunli's Subarray Queries (easy version),OK,C++17 (GCC 7-32),1743567607
313558932,lil_goat,Yunli's Subarray Queries (hard version),OK,"C++23 (GCC 14-64, msys2)",1743567071
313558733,lil_goat,Yunli's Subarray Queries (easy version),OK,"C++23 (GCC 14-64, msys2)",1743566911
313557803,lil_goat,Firefly's Queries,OK,"C++23 (GCC 14-64, msys2)",1743566130
313557057,lil_goat,Klee's SUPER DUPER LARGE Array!!!,OK,"C++23 (GCC 14-64, msys2)",1743565497
313556659,lil_goat,Satyam and Counting,OK,"C++23 (GCC 14-64, msys2)",1743565189
313556286,lil_goat,The Legend of Freya the Frog,OK,"C++23 (GCC 14-64, msys2)",1743564854
313556179,Ornob566,Minimize!,OK,C++20 (GCC 13-64),1743564766
313556065,lil_goat,osu!mania,OK,"C++23 (GCC 14-64, msys2)",1743564661
313555911,lil_goat,osu!mania,TIME_LIMIT_EXCEEDED,"C++23 (GCC 14-64, msys2)",1743564526
313555738,Just_Shahd,Minimize!,OK,C++17 (GCC 7-32),1743564363
313555505,lil_goat,Minimize!,OK,"C++23 (GCC 14-64, msys2)",1743564161
313554567,lil_goat,Yunli's Subarray Queries (hard version),TIME_LIMIT_EXCEEDED,"C++23 (GCC 14-64, msys2)",1743563300
313554347,Dishank35117,Minimize!,OK,C++17 (GCC 7-32),1743563087
313553703,zFa3,The Legend of Freya the Frog,OK,Python 3,1743562413
313553390,zFa3,The Legend of Freya the Frog,WRONG_ANSWER,Python 3,1743562104
313553241,zFa3,The Legend of Freya the Frog,WRONG_ANSWER,Python 3,1743561956
313552270,lil_goat,Yunli's Subarray Queries (easy version),OK,"C++23 (GCC 14-64, msys2)",1743560869
313548894,lems,Satyam and Counting,OK,C++17 (GCC 7-32),1743556329
313548851,lems,Satyam and Counting,WRONG_ANSWER,C++17 (GCC 7-32),1743556281
313546958,ziadali_90,Minimize!,OK,C++17 (GCC 7-32),1743553769
313544970,Ismael101038,The Legend of Freya the Frog,OK,C++20 (GCC 13-64),1743550459
313544800,Ismael101038,The Legend of Freya the Frog,WRONG_ANSWER,C++20 (GCC 13-64),1743550131
313542990,angelov,Klee's SUPER DUPER LARGE Array!!!,OK,C++17 (GCC 7-32),1743547148
313541559,MSSaad,Minimize!,OK,GNU C11,1743545177
313540175,ARIFRUETCSE21,Minimize!,OK,C++20 (GCC 13-64),1743543473
313540055,Kate_Youssef,osu!mania,OK,C++20 (GCC 13-64),1743543346
313539566,vitoroliveira260104,Satyam and Counting,WRONG_ANSWER,Kotlin 1.7,1743542725
313539382,vitoroliveira260104,Satyam and Counting,COMPILATION_ERROR,Kotlin 1.7,1743542542
313539362,vitoroliveira260104,Satyam and Counting,RUNTIME_ERROR,Kotlin 1.7,1743542524
313539299,Kate_Youssef,Minimize!,OK,C++20 (GCC 13-64),1743542451
313538945,vitoroliveira260104,Satyam and Counting,COMPILATION_ERROR,Kotlin 1.7,1743542068
313538650,VEAA,Minimize!,OK,C++17 (GCC 7-32),1743541765
313538239,vitoroliveira260104,The Legend of Freya the Frog,OK,Kotlin 1.7,1743541421
313538156,vitoroliveira260104,The Legend of Freya the Frog,WRONG_ANSWER,Kotlin 1.7,1743541337
313537991,sterlin,Yunli's Subarray Queries (hard version),OK,C++20 (GCC 13-64),1743541169
313537978,sterlin,Yunli's Subarray Queries (hard version),COMPILATION_ERROR,PyPy 3-64,1743541157
313537910,vitoroliveira260104,The Legend of Freya the Frog,COMPILATION_ERROR,Kotlin 1.7,1743541101
313537821,sterlin,Yunli's Subarray Queries (hard version),TIME_LIMIT_EXCEEDED,PyPy 3-64,1743541024
313537466,vitoroliveira260104,osu!mania,OK,Kotlin 1.7,1743540723
313537110,vitoroliveira260104,osu!mania,COMPILATION_ERROR,Kotlin 1.7,1743540392
313536712,vitoroliveira260104,Minimize!,OK,Kotlin 1.7,1743540051
313532711,a.out,Yunli's Subarray Queries (easy version),OK,"C++23 (GCC 14-64, msys2)",1743537033
313532688,a.out,Yunli's Subarray Queries (hard version),OK,"C++23 (GCC 14-64, msys2)",1743537017
313528675,Garv_12,The Legend of Freya the Frog,OK,"C++23 (GCC 14-64, msys2)",1743534561
313527757,B_Sarkar,Minimize!,OK,C++20 (GCC 13-64),1743534077
313527613,B_Sarkar,Minimize!,COMPILATION_ERROR,C++20 (GCC 13-64),1743534006
313526121,OneDeilant,osu!mania,OK,C# 10,1743533253
313525514,sterlin,Yunli's Subarray Queries (easy version),OK,PyPy 3-64,1743532974
313523899,MotiAbe,Minimize!,WRONG_ANSWER,PyPy 3-64,1743532183
313522348,Atul_2301,Yunli's Subarray Queries (easy version),TIME_LIMIT_EXCEEDED,C++17 (GCC 7-32),1743531507
313521867,Atul_2301,Yunli's Subarray Queries (easy version),TIME_LIMIT_EXCEEDED,C++17 (GCC 7-32),1743531321
313521196,Atul_2301,Yunli's Subarray Queries (easy version),OK,C++17 (GCC 7-32),1743531036
313519776,K-Marjona,Minimize!,OK,C++20 (GCC 13-64),1743530461
313519709,Ankit_Vashisth,Minimize!,OK,C++17 (GCC 7-32),1743530440
313519190,Atul_2301,Yunli's Subarray Queries (easy version),TIME_LIMIT_EXCEEDED,C++17 (GCC 7-32),1743530250
313515844,h233cd-08,osu!mania,OK,Python 3,1743528959
313515759,xfrs001,The Legend of Freya the Frog,OK,"C++23 (GCC 14-64, msys2)",1743528921
313515641,patelaviral,The Legend of Freya the Frog,OK,Java 21,1743528877
313515364,h233cd-08,osu!mania,COMPILATION_ERROR,C++17 (GCC 7-32),1743528783
313515320,Vansh05,Minimize!,OK,"C++23 (GCC 14-64, msys2)",1743528771
313515140,Yerkebulan777,Minimize!,OK,Python 3,1743528709
313514510,arpit900shukla,Satyam and Counting,OK,C++17 (GCC 7-32),1743528476
313512677,bhavsarabhi1210,osu!mania,OK,C++17 (GCC 7-32),1743527790
313511850,xfrs001,osu!mania,OK,"C++23 (GCC 14-64, msys2)",1743527485
313510516,xfrs001,Minimize!,OK,"C++23 (GCC 14-64, msys2)",1743527055
313490816,mahfujaakterminha,The Legend of Freya the Frog,OK,C++17 (GCC 7-32),1743524399
313481661,smg_raza,Klee's SUPER DUPER LARGE Array!!!,OK,Java 8,1743523793
313473549,arpit900shukla,Satyam and Counting,WRONG_ANSWER,C++17 (GCC 7-32),1743523260
313450212,sagargupta36,Yunli's Subarray Queries (easy version),OK,Java 21,1743521908
313420230,Garv_12,The Legend of Freya the Frog,WRONG_ANSWER,Python 3,1743520234
313413278,lil_goat,Yunli's Subarray Queries (easy version),OK,"C++23 (GCC 14-64, msys2)",1743519777
313406313,lil_goat,Yunli's Subarray Queries (easy version),OK,"C++23 (GCC 14-64, msys2)",1743519329
313404515,lil_goat,Firefly's Queries,IDLENESS_LIMIT_EXCEEDED,"C++23 (GCC 14-64, msys2)",1743519213
313398836,navadeep123,Minimize!,OK,PyPy 3-64,1743518884
313392727,sagargupta36,Yunli's Subarray Queries (easy version),WRONG_ANSWER,Java 21,1743518578
313386220,navadeep123,Minimize!,OK,PyPy 3-64,1743518290
313383588,somvir,Minimize!,OK,C++17 (GCC 7-32),1743518189
313381912,nisxal,Satyam and Counting,OK,"C++23 (GCC 14-64, msys2)",1743518107
313381209,abinet,Satyam and Counting,OK,PyPy 3-64,1743517820
313380335,abinet,The Legend of Freya the Frog,OK,PyPy 3-64,1743517542
313379471,abinet,The Legend of Freya the Frog,WRONG_ANSWER,PyPy 3-64,1743517187
313377953,Hertz55,osu!mania,OK,C++17 (GCC 7-32),1743516548
313377828,abinet,The Legend of Freya the Frog,WRONG_ANSWER,PyPy 3-64,1743516502
313377812,Hertz55,osu!mania,WRONG_ANSWER,C++17 (GCC 7-32),1743516492
313377540,abinet,Satyam and Counting,WRONG_ANSWER,PyPy 3-64,1743516390
313376710,abinet,The Legend of Freya the Frog,WRONG_ANSWER,PyPy 3-64,1743516057
313376396,Hertz55,osu!mania,WRONG_ANSWER,C++17 (GCC 7-32),1743515927
313376318,sandeep_eslavath,osu!mania,WRONG_ANSWER,"C++23 (GCC 14-64, msys2)",1743515898
313376031,sandeep_eslavath,osu!mania,WRONG_ANSWER,"C++23 (GCC 14-64, msys2)",1743515776
313375447,abinet,The Legend of Freya the Frog,WRONG_ANSWER,PyPy 3-64,1743515550
313373658,lil_goat,Satyam and Counting,OK,"C++23 (GCC 14-64, msys2)",1743514811
313373594,Aishcuf,Klee's SUPER DUPER LARGE Array!!!,OK,"C++23 (GCC 14-64, msys2)",1743514792
313373092,abinet,Klee's SUPER DUPER LARGE Array!!!,OK,PyPy 3-64,1743514593
313373065,Vivaswath_2007,The Legend of Freya the Frog,OK,C++17 (GCC 7-32),1743514581
313372220,Aishcuf,Satyam and Counting,OK,"C++23 (GCC 14-64, msys2)",1743514236
313372165,Vivaswath_2007,The Legend of Freya the Frog,WRONG_ANSWER,C++17 (GCC 7-32),1743514210
313372075,Aishcuf,Satyam and Counting,WRONG_ANSWER,"C++23 (GCC 14-64, msys2)",1743514171
313371485,abinet,osu!mania,OK,PyPy 3-64,1743513927
313371340,abinet,Minimize!,OK,PyPy 3-64,1743513875
313369492,chetan_0810,Minimize!,OK,"C++23 (GCC 14-64, msys2)",1743513173
313368607,Vivaswath_2007,The Legend of Freya the Frog,WRONG_ANSWER,C++17 (GCC 7-32),1743512818
313367598,arpit900shukla,Klee's SUPER DUPER LARGE Array!!!,OK,C++17 (GCC 7-32),1743512433
313367112,tazon_66,Minimize!,COMPILATION_ERROR,GNU C11,1743512247
313366489,tazon_66,Minimize!,COMPILATION_ERROR,GNU C11,1743512001
313366355,tazon_66,Minimize!,COMPILATION_ERROR,GNU C11,1743511947
313366076,tazon_66,Minimize!,COMPILATION_ERROR,GNU C11,1743511825
313363823,discontinuous,Satyam and Counting,OK,C++20 (GCC 13-64),1743510916
313363452,Lavr9,Klee's SUPER DUPER LARGE Array!!!,OK,"C++23 (GCC 14-64, msys2)",1743510747
313363034,lil_goat,Firefly's Queries,OK,"C++23 (GCC 14-64, msys2)",1743510573
313361661,Awarko,Minimize!,OK,"C++23 (GCC 14-64, msys2)",1743509989
313361378,jack9915,Satyam and Counting,OK,C++17 (GCC 7-32),1743509872
313361121,discontinuous,Satyam and Counting,WRONG_ANSWER,C++20 (GCC 13-64),1743509755
313360848,jack9915,Satyam and Counting,WRONG_ANSWER,C++17 (GCC 7-32),1743509646
313360520,petrosyan.davo.2010,The Legend of Freya the Frog,OK,C++20 (GCC 13-64),1743509504
313359805,ShiYuMuZhi,osu!mania,WRONG_ANSWER,C++17 (GCC 7-32),1743509188
313357961,JONAS-GUO,osu!mania,OK,C++17 (GCC 7-32),1743508373
313354853,mATRiX2410,Minimize!,OK,"C++23 (GCC 14-64, msys2)",1743506858
313349716,lil_goat,Firefly's Queries,TIME_LIMIT_EXCEEDED,"C++23 (GCC 14-64, msys2)",1743504193
313347276,Areke_10,Minimize!,OK,Python 3,1743502743
313347196,Areke_10,Minimize!,COMPILATION_ERROR,Python 3,1743502697
313345369,Aisham,Satyam and Counting,OK,C++20 (GCC 13-64),1743501624
313345211,Aisham,Satyam and Counting,WRONG_ANSWER,C++20 (GCC 13-64),1743501542
313345000,abdullah_2002,Minimize!,OK,GNU C11,1743501433
313343700,yueyuanzhiyyz,osu!mania,OK,C++17 (GCC 7-32),1743500725
313343674,Aisham,The Legend of Freya the Frog,OK,C++20 (GCC 13-64),1743500713
313343272,Aisham,osu!mania,OK,C++20 (GCC 13-64),1743500492
313342971,Aisham,Minimize!,OK,C++20 (GCC 13-64),1743500323
313341049,verinahossam,Minimize!,OK,"C++23 (GCC 14-64, msys2)",1743499372
313341007,Shuvasish3002,Minimize!,OK,C++17 (GCC 7-32),1743499350
313340759,Shuvasish3002,Minimize!,WRONG_ANSWER,C++17 (GCC 7-32),1743499228
313340472,Shuvasish3002,Minimize!,WRONG_ANSWER,C++17 (GCC 7-32),1743499091
313339481,AnshV,Satyam and Counting,OK,"C++23 (GCC 14-64, msys2)",1743498561
313339364,AnshV,Satyam and Counting,WRONG_ANSWER,"C++23 (GCC 14-64, msys2)",1743498501
313338872,AnshV,Satyam and Counting,WRONG_ANSWER,"C++23 (GCC 14-64, msys2)",1743498256
313338331,Andimeo,Firefly's Queries,OK,C++17 (GCC 7-32),1743497976
313338103,Andimeo,Firefly's Queries,OK,C++17 (GCC 7-32),1743497864
313332087,AnshV,Klee's SUPER DUPER LARGE Array!!!,OK,"C++23 (GCC 14-64, msys2)",1743494468
313331655,bhasinaryan1,Minimize!,OK,C++17 (GCC 7-32),1743494205
313330408,bhasinaryan1,Minimize!,WRONG_ANSWER,C++17 (GCC 7-32),1743493508
313330261,mvr_,Klee's SUPER DUPER LARGE Array!!!,OK,C++20 (GCC 13-64),1743493420
313329586,Jannatul_Maowa_Chowdhury,osu!mania,OK,C++17 (GCC 7-32),1743492997
313329513,bhasinaryan1,Minimize!,WRONG_ANSWER,C++17 (GCC 7-32),1743492952
313329378,bhasinaryan1,Minimize!,COMPILATION_ERROR,C++17 (GCC 7-32),1743492863
313329086,Al.ctrl,Satyam and Counting,OK,C++17 (GCC 7-32),1743492687
313328668,Al.ctrl,Satyam and Counting,WRONG_ANSWER,C++17 (GCC 7-32),1743492417
313327534,yousefAbukhass,Satyam and Counting,WRONG_ANSWER,PyPy 3-64,1743491745
313327047,piisuke,Klee's SUPER DUPER LARGE Array!!!,OK,"C++23 (GCC 14-64, msys2)",1743491462
313327003,yueyuanzhiyyz,Minimize!,OK,C++17 (GCC 7-32),1743491440
313325826,discontinuous,Satyam and Counting,WRONG_ANSWER,C++20 (GCC 13-64),1743490824
313325773,discontinuous,Satyam and Counting,WRONG_ANSWER,C++20 (GCC 13-64),1743490793
313324733,seaside,Satyam and Counting,OK,Python 3,1743490171
313324523,seaside,Satyam and Counting,TIME_LIMIT_EXCEEDED,Python 3,1743490063
313322653,seaside,Satyam and Counting,TIME_LIMIT_EXCEEDED,Python 3,1743488929
313322511,Rahatun_Alam,osu!mania,OK,Python 3,1743488828
313319237,direction_,Minimize!,OK,"C++23 (GCC 14-64, msys2)",1743486827
313318268,kumang805,Minimize!,OK,C++20 (GCC 13-64),1743486175
313317680,kumang805,Minimize!,OK,C++20 (GCC 13-64),1743485796
313316550,prajwal.pp7,osu!mania,OK,C++17 (GCC 7-32),1743484970
313315454,aditi0315,Minimize!,OK,"C++23 (GCC 14-64, msys2)",1743484223
313315344,seaside,The Legend of Freya the Frog,OK,Python 3,1743484146
313315279,seaside,osu!mania,RUNTIME_ERROR,Python 3,1743484097
313314571,lil_goat,Klee's SUPER DUPER LARGE Array!!!,OK,"C++23 (GCC 14-64, msys2)",1743483538
313314040,seaside,osu!mania,OK,Python 3,1743483089
313313531,seaside,Minimize!,OK,Python 3,1743482655
313313313,shironox,Yunli's Subarray Queries (hard version),OK,"C++23 (GCC 14-64, msys2)",1743482460
313310106,Zokzz,Minimize!,OK,C++17 (GCC 7-32),1743479368
313307627,123xc,Satyam and Counting,OK,C++20 (GCC 13-64),1743476768
313307515,Vivaswath_2007,osu!mania,OK,C++17 (GCC 7-32),1743476642
313307451,123xc,Satyam and Counting,RUNTIME_ERROR,C++20 (GCC 13-64),1743476567
313306442,123xc,Klee's SUPER DUPER LARGE Array!!!,OK,C++20 (GCC 13-64),1743475393
313303430,IanPardo,osu!mania,OK,C++17 (GCC 7-32),1743471711
313297198,enviousPillow,Minimize!,OK,C++17 (GCC 7-32),1743459479
313296914,beast09_,Minimize!,OK,C++17 (GCC 7-32),1743458918
313295367,Alfred_124,Satyam and Counting,OK,C++20 (GCC 13-64),1743456424
313295180,pookie_coder,Klee's SUPER DUPER LARGE Array!!!,OK,C++17 (GCC 7-32),1743456042
313293924,rajeev21862,osu!mania,OK,C++17 (GCC 7-32),1743454292
313293868,rajeev21862,Minimize!,OK,C++17 (GCC 7-32),1743454225
313292720,priyanshs.exe,The Legend of Freya the Frog,OK,"C++23 (GCC 14-64, msys2)",1743452947
313292362,sidb1234,Minimize!,OK,C++17 (GCC 7-32),1743452593
313290824,prashan_100,The Legend of Freya the Frog,OK,"C++23 (GCC 14-64, msys2)",1743451061
313290400,lexa228_1,osu!mania,WRONG_ANSWER,Python 3,1743450620
313290203,prashan_100,The Legend of Freya the Frog,WRONG_ANSWER,"C++23 (GCC 14-64, msys2)",1743450454
313290013,prashan_100,The Legend of Freya the Frog,WRONG_ANSWER,"C++23 (GCC 14-64, msys2)",1743450259
313289438,himanharsh,The Legend of Freya the Frog,OK,C++17 (GCC 7-32),1743449765
313289035,dreamoon_love_AA,Yunli's Subarray Queries (hard version),OK,"C++23 (GCC 14-64, msys2)",1743449415
313288945,Mostafa_7eshmat,Minimize!,OK,C++20 (GCC 13-64),1743449330
313288815,himanharsh,The Legend of Freya the Frog,WRONG_ANSWER,C++17 (GCC 7-32),1743449218
313288049,himanharsh,The Legend of Freya the Frog,WRONG_ANSWER,C++17 (GCC 7-32),1743448588
313287072,prashan_100,The Legend of Freya the Frog,TIME_LIMIT_EXCEEDED,"C++23 (GCC 14-64, msys2)",1743447859
313285326,lexa228_1,Minimize!,OK,Python 3,1743446518
313284073,InfiniteLoopsOfHope,The Legend of Freya the Frog,OK,C++20 (GCC 13-64),1743445734
313283301,Rhythmak45,Klee's SUPER DUPER LARGE Array!!!,OK,C++20 (GCC 13-64),1743445287
313282263,wesam2006,osu!mania,OK,GNU C11,1743444663
313281845,kuriyaldivyanshu2003,Klee's SUPER DUPER LARGE Array!!!,OK,C++17 (GCC 7-32),1743444424
313278443,akshanshg26aug,Satyam and Counting,OK,C++17 (GCC 7-32),1743442483
313278367,ashraktabdelhady,Minimize!,OK,"C++23 (GCC 14-64, msys2)",1743442441
313276375,krishnaverma,Klee's SUPER DUPER LARGE Array!!!,OK,C++17 (GCC 7-32),1743441208
313276345,Babyin,Minimize!,OK,Python 3,1743441190
313275399,ttrolka,Minimize!,OK,GNU C11,1743440645
313275331,ttrolka,Minimize!,WRONG_ANSWER,GNU C11,1743440605
313275183,ttrolka,Minimize!,WRONG_ANSWER,GNU C11,1743440526
313274783,Nirjona7,osu!mania,OK,C++20 (GCC 13-64),1743440305
313273446,lil_goat,Klee's SUPER DUPER LARGE Array!!!,WRONG_ANSWER,"C++23 (GCC 14-64, msys2)",1743439580
313272226,lil_goat,Klee's SUPER DUPER LARGE Array!!!,OK,"C++23 (GCC 14-64, msys2)",1743438933
313272179,lil_goat,Klee's SUPER DUPER LARGE Array!!!,OK,"C++23 (GCC 14-64, msys2)",1743438907
313271586,aarkin_237,Klee's SUPER DUPER LARGE Array!!!,OK,C++17 (GCC 7-32),1743438576
313270685,laggger,osu!mania,OK,C++17 (GCC 7-32),1743438093
313268600,MrJindal,Yunli's Subarray Queries (easy version),OK,C++20 (GCC 13-64),1743436926
313262930,KoporovA,Satyam and Counting,OK,C++20 (GCC 13-64),1743433951
313262883,Mrqx,Klee's SUPER DUPER LARGE Array!!!,OK,"C++23 (GCC 14-64, msys2)",1743433926
313262080,Aishcuf,The Legend of Freya the Frog,OK,"C++23 (GCC 14-64, msys2)",1743433504
313261608,Aishcuf,osu!mania,OK,"C++23 (GCC 14-64, msys2)",1743433261
313261568,Aishcuf,osu!mania,COMPILATION_ERROR,GNU C11,1743433240
313261352,Aishcuf,Minimize!,OK,"C++23 (GCC 14-64, msys2)",1743433126
313261301,Aishcuf,Minimize!,COMPILATION_ERROR,GNU C11,1743433095
313261107,krishnaverma,Satyam and Counting,OK,C++17 (GCC 7-32),1743433011
313261022,krishnaverma,Satyam and Counting,WRONG_ANSWER,C++17 (GCC 7-32),1743432966
313260538,lil_goat,Satyam and Counting,OK,"C++23 (GCC 14-64, msys2)",1743432741
313260438,lil_goat,Satyam and Counting,WRONG_ANSWER,"C++23 (GCC 14-64, msys2)",1743432688
313260228,lil_goat,Satyam and Counting,OK,"C++23 (GCC 14-64, msys2)",1743432575
313259686,lil_goat,Satyam and Counting,WRONG_ANSWER,"C++23 (GCC 14-64, msys2)",1743432327
313258120,abdinabiev1,osu!mania,OK,"C++23 (GCC 14-64, msys2)",1743431616
313257203,Vivaswath_2007,Minimize!,OK,C++17 (GCC 7-32),1743431204
313257186,Mr5_X,Minimize!,OK,Java 21,1743431200
313256662,fahim_3301,Minimize!,OK,C++17 (GCC 7-32),1743430977
313256174,akshanshg26aug,The Legend of Freya the Frog,OK,C++17 (GCC 7-32),1743430771
313256000,uv123,Yunli's Subarray Queries (easy version),OK,"C++23 (GCC 14-64, msys2)",1743430691
313255705,uv123,Yunli's Subarray Queries (easy version),RUNTIME_ERROR,"C++23 (GCC 14-64, msys2)",1743430560
313255381,uv123,Yunli's Subarray Queries (easy version),RUNTIME_ERROR,"C++23 (GCC 14-64, msys2)",1743430419
313247751,Dracoder_13,Klee's SUPER DUPER LARGE Array!!!,OK,"C++23 (GCC 14-64, msys2)",1743427149
313247048,Dracoder_13,Klee's SUPER DUPER LARGE Array!!!,WRONG_ANSWER,"C++23 (GCC 14-64, msys2)",1743426792
313246193,StillOnQiCondensation,Yunli's Subarray Queries (easy version),OK,C++17 (GCC 7-32),1743426334
313244548,YYQ7,osu!mania,OK,C++17 (GCC 7-32),1743425461
313244359,uv123,Yunli's Subarray Queries (easy version),WRONG_ANSWER,"C++23 (GCC 14-64, msys2)",1743425371
313244330,sobhit_raghav,Yunli's Subarray Queries (easy version),OK,C++20 (GCC 13-64),1743425352
313243966,XMAN12321,Yunli's Subarray Queries (easy version),OK,C++20 (GCC 13-64),1743425150
313243469,petin_petya,osu!mania,OK,PyPy 3-64,1743424879
313243325,dashise,osu!mania,RUNTIME_ERROR,Python 3,1743424809
313242942,dashise,osu!mania,WRONG_ANSWER,Python 3,1743424621
313242787,KDon,Minimize!,OK,PyPy 3-64,1743424543
313242761,dashise,osu!mania,WRONG_ANSWER,Python 3,1743424531
313242727,philserg,osu!mania,OK,Python 3,1743424515
313242650,philserg,osu!mania,WRONG_ANSWER,Python 3,1743424475
313242472,dashise,osu!mania,WRONG_ANSWER,Python 3,1743424385
313242437,dashise,osu!mania,WRONG_ANSWER,Python 3,1743424367
313242254,Mnacakan28.2011,osu!mania,OK,C++20 (GCC 13-64),1743424267
313242250,PlumPlum,osu!mania,OK,Python 3,1743424264
313242214,dashise,osu!mania,WRONG_ANSWER,Python 3,1743424250
313242059,dashise,osu!mania,COMPILATION_ERROR,Python 3,1743424165
313241995,Talya,Minimize!,RUNTIME_ERROR,Python 3,1743424132
313241975,YYQ7,osu!mania,WRONG_ANSWER,C++17 (GCC 7-32),1743424122
313241831,dashise,osu!mania,WRONG_ANSWER,Python 3,1743424052
313241811,masha_krasovskaya,Minimize!,OK,Python 3,1743424040
313241717,chupachups666,osu!mania,OK,PyPy 3-64,1743423993
313241684,masha_krasovskaya,Minimize!,WRONG_ANSWER,Python 3,1743423978
313241083,dashise,osu!mania,WRONG_ANSWER,Python 3,1743423683
313240915,DIHLORIDUS,osu!mania,OK,Python 3,1743423596
313240761,Zhopetos,Minimize!,OK,PyPy 3-64,1743423518
313240553,philserg,Minimize!,OK,Python 3,1743423415
313240149,chupachups666,Minimize!,OK,PyPy 3-64,1743423218
313240084,chupachups666,Minimize!,COMPILATION_ERROR,PyPy 3-64,1743423190
313240081,dashise,Minimize!,OK,Python 3,1743423188
313240062,E_Salohiddin,osu!mania,OK,C++20 (GCC 13-64),1743423179
313240005,DIHLORIDUS,Minimize!,OK,Python 3,1743423149
313239852,PlumPlum,Minimize!,OK,Python 3,1743423071
313239229,ksami1831,Klee's SUPER DUPER LARGE Array!!!,OK,C++20 (GCC 13-64),1743422735
313239067,lifenghei,Satyam and Counting,OK,C++20 (GCC 13-64),1743422656
313237715,YYQ7,Minimize!,OK,C++17 (GCC 7-32),1743421951
313236000,Pranav_Swaroop,The Legend of Freya the Frog,OK,C++20 (GCC 13-64),1743421091
313235356,wetass,Minimize!,OK,Java 21,1743420752
313235073,wetass,Minimize!,RUNTIME_ERROR,Python 2,1743420605
313234432,CodeWarden,osu!mania,OK,GNU C11,1743420305
313233886,CodeWarden,osu!mania,WRONG_ANSWER,GNU C11,1743420007
313233642,604wujialin,Minimize!,OK,GNU C11,1743419869
313232407,wdzsnd,Minimize!,RUNTIME_ERROR,Python 2,1743419211
313232259,BobB1707,The Legend of Freya the Frog,WRONG_ANSWER,Python 3,1743419130
313232244,mamine27,Klee's SUPER DUPER LARGE Array!!!,OK,PyPy 3-64,1743419121
313230053,Karuizawakei2006,The Legend of Freya the Frog,OK,"C++23 (GCC 14-64, msys2)",1743417829
313221022,Ayhan123,Minimize!,OK,"C++23 (GCC 14-64, msys2)",1743412603
313220873,Ryan22oct,Firefly's Queries,OK,C++20 (GCC 13-64),1743412507
313220667,Ayhan123,Minimize!,OK,"C++23 (GCC 14-64, msys2)",1743412374
313218990,Himel22.0,osu!mania,OK,C++17 (GCC 7-32),1743411374
313217811,CarrotPlane,The Legend of Freya the Frog,OK,C++17 (GCC 7-32),1743410657
313217733,CarrotPlane,The Legend of Freya the Frog,WRONG_ANSWER,C++17 (GCC 7-32),1743410607
313216804,sazzad59,Minimize!,OK,GNU C11,1743410030
313216622,tkt0506tkt,Yunli's Subarray Queries (hard version),OK,C++17 (GCC 7-32),1743409907
313216391,tkt0506tkt,Yunli's Subarray Queries (hard version),OK,C++17 (GCC 7-32),1743409751
313216136,tkt0506tkt,Yunli's Subarray Queries (hard version),RUNTIME_ERROR,C++17 (GCC 7-32),1743409584
313216063,tkt0506tkt,Yunli's Subarray Queries (hard version),WRONG_ANSWER,C++17 (GCC 7-32),1743409530
313216002,tkt0506tkt,Yunli's Subarray Queries (hard version),WRONG_ANSWER,C++17 (GCC 7-32),1743409497
313215870,tkt0506tkt,Yunli's Subarray Queries (hard version),RUNTIME_ERROR,C++17 (GCC 7-32),1743409417
313215802,tkt0506tkt,Yunli's Subarray Queries (hard version),WRONG_ANSWER,C++17 (GCC 7-32),1743409374
313215514,raghvendra98,The Legend of Freya the Frog,OK,C++17 (GCC 7-32),1743409180
313214433,tkt0506tkt,Yunli's Subarray Queries (hard version),WRONG_ANSWER,C++17 (GCC 7-32),1743408470
313214240,tkt0506tkt,Yunli's Subarray Queries (hard version),WRONG_ANSWER,C++17 (GCC 7-32),1743408344
313214001,tkt0506tkt,Yunli's Subarray Queries (hard version),WRONG_ANSWER,C++17 (GCC 7-32),1743408181
313213509,tkt0506tkt,Yunli's Subarray Queries (hard version),WRONG_ANSWER,C++17 (GCC 7-32),1743407862
313213328,tkt0506tkt,Yunli's Subarray Queries (hard version),WRONG_ANSWER,C++17 (GCC 7-32),1743407732
313213317,Dhairya05,osu!mania,OK,Java 21,1743407724
313212510,anshika.yadav.mat22,Klee's SUPER DUPER LARGE Array!!!,OK,C++17 (GCC 7-32),1743407152
313212069,dominator6968,Satyam and Counting,OK,C++17 (GCC 7-32),1743406843
313211960,dominator6968,Satyam and Counting,WRONG_ANSWER,C++17 (GCC 7-32),1743406760
313211169,dominator6968,Satyam and Counting,TIME_LIMIT_EXCEEDED,C++17 (GCC 7-32),1743406252
313211121,ksami1831,Satyam and Counting,OK,C++20 (GCC 13-64),1743406213
313210979,hustlerfromchamps_007,The Legend of Freya the Frog,OK,C++20 (GCC 13-64),1743406119
313210356,2949767807qwer,Yunli's Subarray Queries (extreme version),OK,C++20 (GCC 13-64),1743405670
313210352,hustlerfromchamps_007,The Legend of Freya the Frog,WRONG_ANSWER,C++20 (GCC 13-64),1743405669
313208202,xiaooochaooo,osu!mania,OK,"C++23 (GCC 14-64, msys2)",1743404298
313205721,AlAbid,osu!mania,OK,"C++23 (GCC 14-64, msys2)",1743402779
313205429,AlAbid,osu!mania,OK,"C++23 (GCC 14-64, msys2)",1743402576
313204609,kumaraadesh005,Minimize!,OK,C++17 (GCC 7-32),1743402017
313204515,kumaraadesh005,Minimize!,WRONG_ANSWER,C++17 (GCC 7-32),1743401957
313202770,mdmaruf3,Minimize!,OK,"C++23 (GCC 14-64, msys2)",1743400691
313202701,ephemeral123,Minimize!,OK,"C++23 (GCC 14-64, msys2)",1743400648
313202670,0mar_alnatour,Minimize!,OK,"C++23 (GCC 14-64, msys2)",1743400626
313202635,ephemeral123,Minimize!,COMPILATION_ERROR,"C++23 (GCC 14-64, msys2)",1743400597
313202458,InfiniteLoopsOfHope,Klee's SUPER DUPER LARGE Array!!!,OK,C++20 (GCC 13-64),1743400453
313202238,0mar_alnatour,Minimize!,WRONG_ANSWER,"C++23 (GCC 14-64, msys2)",1743400275
313202183,0mar_alnatour,Minimize!,COMPILATION_ERROR,"C++23 (GCC 14-64, msys2)",1743400221
313201669,Ulugbekov_007,Minimize!,OK,Python 3,1743399811
313201661,slizora2000,Minimize!,OK,C++17 (GCC 7-32),1743399807
313201229,2949767807qwer,Yunli's Subarray Queries (extreme version),WRONG_ANSWER,C++20 (GCC 13-64),1743399470
313200283,nandini_2905,Minimize!,OK,"C++23 (GCC 14-64, msys2)",1743398697
313199417,BG-27,osu!mania,OK,"C++23 (GCC 14-64, msys2)",1743397968
313195419,Ayhan123,Minimize!,OK,"C++23 (GCC 14-64, msys2)",1743393863
313194585,deep_chovatiya,osu!mania,OK,C++17 (GCC 7-32),1743392972
313190960,wyy0801,The Legend of Freya the Frog,OK,C++20 (GCC 13-64),1743388305
313190565,wyy0801,Klee's SUPER DUPER LARGE Array!!!,OK,C++20 (GCC 13-64),1743387717
313187567,daviko,osu!mania,OK,Python 3,1743382479
313186789,CRIPTOGRAFIA_RSA,Minimize!,OK,Python 3,1743380934
313186749,CodaDireitoMlk,Minimize!,OK,Python 3,1743380850
313186733,CRIPTOGRAFIA_RSA,Minimize!,RUNTIME_ERROR,Python 3,1743380815
313186501,CRIPTOGRAFIA_RSA,Minimize!,RUNTIME_ERROR,Python 3,1743380299
313186468,CRIPTOGRAFIA_RSA,Minimize!,RUNTIME_ERROR,Python 3,1743380234
313180677,_kaysar07,Klee's SUPER DUPER LARGE Array!!!,OK,"C++23 (GCC 14-64, msys2)",1743369514
313178470,Azizur_Rahman_Emon,The Legend of Freya the Frog,OK,C++17 (GCC 7-32),1743367185
313172040,pixel_pirate,The Legend of Freya the Frog,OK,C++17 (GCC 7-32),1743361724
313171911,pixel_pirate,The Legend of Freya the Frog,WRONG_ANSWER,C++17 (GCC 7-32),1743361635
313171876,pixel_pirate,The Legend of Freya the Frog,COMPILATION_ERROR,GNU C11,1743361607
313171547,Rush_in,Minimize!,OK,"C++23 (GCC 14-64, msys2)",1743361347
313167375,suryansh1706,Satyam and Counting,OK,"C++23 (GCC 14-64, msys2)",1743358490
313166739,Boeing737,The Legend of Freya the Frog,OK,C++20 (GCC 13-64),1743358066
313165935,RandomPointer,The Legend of Freya the Frog,OK,"C++23 (GCC 14-64, msys2)",1743357503
313165321,Fadak-14,Satyam and Counting,OK,"C++23 (GCC 14-64, msys2)",1743357078
313164909,Fadak-14,The Legend of Freya the Frog,OK,"C++23 (GCC 14-64, msys2)",1743356803
313164649,Jynweythekxtal,The Legend of Freya the Frog,WRONG_ANSWER,"C++23 (GCC 14-64, msys2)",1743356635
313164498,Fadak-14,osu!mania,OK,"C++23 (GCC 14-64, msys2)",1743356527
313164124,Fadak-14,Minimize!,OK,"C++23 (GCC 14-64, msys2)",1743356311
313163972,Jynweythekxtal,The Legend of Freya the Frog,WRONG_ANSWER,"C++23 (GCC 14-64, msys2)",1743356216
313163686,Amit_Khedar,Satyam and Counting,OK,"C++23 (GCC 14-64, msys2)",1743356020
313163636,Amit_Khedar,Satyam and Counting,WRONG_ANSWER,"C++23 (GCC 14-64, msys2)",1743355985
313163088,Amit_Khedar,Satyam and Counting,WRONG_ANSWER,"C++23 (GCC 14-64, msys2)",1743355638
313162761,7981511354,Klee's SUPER DUPER LARGE Array!!!,OK,C++17 (GCC 7-32),1743355448
313160794,Braveplayer_123,The Legend of Freya the Frog,OK,C++17 (GCC 7-32),1743354320
313160501,Braveplayer_123,The Legend of Freya the Frog,WRONG_ANSWER,C++17 (GCC 7-32),1743354166
313159640,Braveplayer_123,The Legend of Freya the Frog,WRONG_ANSWER,C++17 (GCC 7-32),1743353694
313159628,7981511354,Klee's SUPER DUPER LARGE Array!!!,WRONG_ANSWER,C++17 (GCC 7-32),1743353689
313159561,7981511354,Klee's SUPER DUPER LARGE Array!!!,TIME_LIMIT_EXCEEDED,C++17 (GCC 7-32),1743353659
313159482,krishnaverma,The Legend of Freya the Frog,OK,C++17 (GCC 7-32),1743353628
313159445,dreamoon_love_AA,Yunli's Subarray Queries (hard version),TIME_LIMIT_EXCEEDED,"C++23 (GCC 14-64, msys2)",1743353608
313159061,krishnaverma,The Legend of Freya the Frog,WRONG_ANSWER,C++17 (GCC 7-32),1743353381
313158864,krishnaverma,The Legend of Freya the Frog,WRONG_ANSWER,C++17 (GCC 7-32),1743353267
313155107,M_y_a_s_14,osu!mania,OK,"C++23 (GCC 14-64, msys2)",1743352517
313154430,M_y_a_s_14,osu!mania,WRONG_ANSWER,"C++23 (GCC 14-64, msys2)",1743352175
313154275,M_y_a_s_14,osu!mania,WRONG_ANSWER,"C++23 (GCC 14-64, msys2)",1743352096
313153688,asgri,Minimize!,OK,Python 3,1743351748
313153152,dreamoon_love_AA,Yunli's Subarray Queries (easy version),OK,"C++23 (GCC 14-64, msys2)",1743351453
313152994,Braveplayer_123,The Legend of Freya the Frog,WRONG_ANSWER,C++17 (GCC 7-32),1743351360
313152265,Braveplayer_123,The Legend of Freya the Frog,WRONG_ANSWER,C++17 (GCC 7-32),1743350968
313149758,Nadosha20,Minimize!,OK,"C++23 (GCC 14-64, msys2)",1743349722
313148544,akash420k,Minimize!,OK,Python 3,1743349101
313148025,akash420k,Minimize!,COMPILATION_ERROR,Python 3,1743348854
313147951,akash420k,Minimize!,COMPILATION_ERROR,Python 3,1743348820
313147781,akash420k,Minimize!,COMPILATION_ERROR,Python 3,1743348743
313146717,Braveplayer_123,The Legend of Freya the Frog,WRONG_ANSWER,C++17 (GCC 7-32),1743348205
313146426,Braveplayer_123,The Legend of Freya the Frog,WRONG_ANSWER,C++17 (GCC 7-32),1743348060
313146244,Braveplayer_123,The Legend of Freya the Frog,WRONG_ANSWER,C++17 (GCC 7-32),1743347955
313144826,Niarj_10,Minimize!,OK,C++17 (GCC 7-32),1743347273
313144219,Boeing737,The Legend of Freya the Frog,WRONG_ANSWER,C++20 (GCC 13-64),1743346947
313143739,garvahuja15,The Legend of Freya the Frog,OK,PyPy 3-64,1743346703
313142321,Boeing737,Klee's SUPER DUPER LARGE Array!!!,OK,C++20 (GCC 13-64),1743345943
313141858,Braveplayer_123,The Legend of Freya the Frog,WRONG_ANSWER,C++17 (GCC 7-32),1743345699
313141707,oxygen_y,Satyam and Counting,OK,C++17 (GCC 7-32),1743345616
313141588,oxygen_y,The Legend of Freya the Frog,RUNTIME_ERROR,C++17 (GCC 7-32),1743345550
313140930,TheNoobCoder24,osu!mania,OK,"C++23 (GCC 14-64, msys2)",1743345161
313140127,sravyareddy.k,osu!mania,OK,C++17 (GCC 7-32),1743344733
313139891,Braveplayer_123,The Legend of Freya the Frog,WRONG_ANSWER,C++17 (GCC 7-32),1743344603
313139519,sravyareddy.k,osu!mania,COMPILATION_ERROR,C++17 (GCC 7-32),1743344362
313138958,Nhile73,Minimize!,OK,Python 3,1743344072
313135330,au_au,osu!mania,OK,C++17 (GCC 7-32),1743342065
313135023,au_au,osu!mania,WRONG_ANSWER,C++17 (GCC 7-32),1743341902
313127821,BOB_005,Minimize!,OK,C++17 (GCC 7-32),1743338068
313127760,binbeo1,Minimize!,OK,"C++23 (GCC 14-64, msys2)",1743338032
313127662,BOB_005,osu!mania,OK,C++17 (GCC 7-32),1743337977
313122597,felven,The Legend of Freya the Frog,OK,C++17 (GCC 7-32),1743335253
313122494,felven,The Legend of Freya the Frog,COMPILATION_ERROR,C++17 (GCC 7-32),1743335201
313121770,naneraankur69,The Legend of Freya the Frog,WRONG_ANSWER,C++17 (GCC 7-32),1743334853
313121705,BobB1707,The Legend of Freya the Frog,WRONG_ANSWER,Python 3,1743334824
313120552,Sahil_0xC0DE,Minimize!,OK,"C++23 (GCC 14-64, msys2)",1743334261
313120490,naneraankur69,osu!mania,OK,C++17 (GCC 7-32),1743334236
313120489,JessyXJojo,Minimize!,OK,C++20 (GCC 13-64),1743334235
313120359,tusharb_25,Klee's SUPER DUPER LARGE Array!!!,OK,C++17 (GCC 7-32),1743334174
313119568,JessyXJojo,Minimize!,OK,C++20 (GCC 13-64),1743333802
313119023,topcoder815,Yunli's Subarray Queries (hard version),OK,"C++23 (GCC 14-64, msys2)",1743333543
313118790,lakshay44,Minimize!,OK,"C++23 (GCC 14-64, msys2)",1743333438
313118636,Huzaifa_Ahmed_Bari,Minimize!,OK,"C++23 (GCC 14-64, msys2)",1743333365
313118365,BobB1707,osu!mania,OK,Python 3,1743333242
313118234,Huzaifa_Ahmed_Bari,osu!mania,OK,"C++23 (GCC 14-64, msys2)",1743333188
313117743,BobB1707,Minimize!,OK,Python 3,1743332973
313115803,topcoder815,Yunli's Subarray Queries (hard version),WRONG_ANSWER,"C++23 (GCC 14-64, msys2)",1743332120
313113824,Kadyrzhan,osu!mania,OK,PyPy 3-64,1743331390
313113632,Kadyrzhan,osu!mania,WRONG_ANSWER,PyPy 3-64,1743331306
313113575,Kadyrzhan,osu!mania,WRONG_ANSWER,PyPy 3-64,1743331278
313107383,revant.sinha,osu!mania,OK,C++20 (GCC 13-64),1743328904
313105415,oxygen_y,The Legend of Freya the Frog,OK,C++17 (GCC 7-32),1743328101
313100237,oxygen_y,osu!mania,OK,C++17 (GCC 7-32),1743325676
313100154,tasneemfatma5222,The Legend of Freya the Frog,OK,C++20 (GCC 13-64),1743325643
313099569,GGBROO,osu!mania,OK,Python 3,1743325351
313099553,tasneemfatma5222,The Legend of Freya the Frog,WRONG_ANSWER,C++20 (GCC 13-64),1743325343
313098941,oxygen_y,Minimize!,OK,C++17 (GCC 7-32),1743325072
313098172,caterpillow,The Legend of Freya the Frog,OK,C++17 (GCC 7-32),1743324715
313098063,caterpillow,The Legend of Freya the Frog,WRONG_ANSWER,C++17 (GCC 7-32),1743324665
313097586,urbanetrex,The Legend of Freya the Frog,WRONG_ANSWER,C++17 (GCC 7-32),1743324413
313088871,raghvendra98,The Legend of Freya the Frog,WRONG_ANSWER,C++17 (GCC 7-32),1743319537
313086518,Sahil_0xC0DE,Minimize!,OK,"C++23 (GCC 14-64, msys2)",1743318316
313085327,MotiAbe,Minimize!,WRONG_ANSWER,PyPy 3-64,1743317683
313085170,MotiAbe,Minimize!,WRONG_ANSWER,PyPy 3-64,1743317589
313082612,karanmakasana,Minimize!,OK,C++17 (GCC 7-32),1743316159
313082418,karanmakasana,Minimize!,COMPILATION_ERROR,C++17 (GCC 7-32),1743316062
313082363,karanmakasana,Minimize!,COMPILATION_ERROR,C++17 (GCC 7-32),1743316030
313082287,karanmakasana,Minimize!,COMPILATION_ERROR,C++17 (GCC 7-32),1743315992
313076793,God_of_Loli,Firefly's Queries,WRONG_ANSWER,C++17 (GCC 7-32),1743312609
313076294,ANSHp-G,The Legend of Freya the Frog,OK,C++17 (GCC 7-32),1743312281
313075663,Re_frain,The Legend of Freya the Frog,OK,C++20 (GCC 13-64),1743311827
313075158,Re_frain,The Legend of Freya the Frog,WRONG_ANSWER,C++20 (GCC 13-64),1743311477
313074784,Re_frain,The Legend of Freya the Frog,WRONG_ANSWER,C++20 (GCC 13-64),1743311218
313074462,krish1785,Klee's SUPER DUPER LARGE Array!!!,OK,"C++23 (GCC 14-64, msys2)",1743310943
313072455,God_of_Loli,Firefly's Queries,WRONG_ANSWER,C++17 (GCC 7-32),1743309087
313071241,parth_cf,Satyam and Counting,OK,C++17 (GCC 7-32),1743307839
313071156,parth_cf,Satyam and Counting,WRONG_ANSWER,C++17 (GCC 7-32),1743307741
313070976,pranavpanmandpsp7,osu!mania,OK,C++20 (GCC 13-64),1743307541
313070810,hoaicaochi,osu!mania,OK,C++17 (GCC 7-32),1743307339
313070806,Shady_Mo,Firefly's Queries,OK,"C++23 (GCC 14-64, msys2)",1743307334
313070507,hoaicaochi,Minimize!,OK,C++17 (GCC 7-32),1743307018
313066571,akash420k,Minimize!,RUNTIME_ERROR,Python 3,1743302769
313066516,akash420k,Minimize!,RUNTIME_ERROR,Python 3,1743302710
313066424,akash420k,Minimize!,WRONG_ANSWER,Python 3,1743302607
313066415,wesam2006,Minimize!,OK,GNU C11,1743302593
313063001,hacker1909,osu!mania,OK,"C++23 (GCC 14-64, msys2)",1743298355
313061348,BG-27,osu!mania,OK,C++17 (GCC 7-32),1743295816
313058105,suryansh1706,Klee's SUPER DUPER LARGE Array!!!,OK,"C++23 (GCC 14-64, msys2)",1743290050
313057986,Abood1290,Minimize!,OK,"C++23 (GCC 14-64, msys2)",1743289893
313056112,ziad271,osu!mania,WRONG_ANSWER,C++20 (GCC 13-64),1743286905
313055703,akkshaysr,Firefly's Queries,OK,C++20 (GCC 13-64),1743286267
313055434,ziad271,Minimize!,OK,C++20 (GCC 13-64),1743285871
313052897,thunder-saint,osu!mania,OK,"C++23 (GCC 14-64, msys2)",1743282833
313052815,Azizur_Rahman_Emon,Satyam and Counting,WRONG_ANSWER,C++17 (GCC 7-32),1743282765
313050511,Azizur_Rahman_Emon,The Legend of Freya the Frog,WRONG_ANSWER,C++17 (GCC 7-32),1743280756
313049757,SameerX64,Klee's SUPER DUPER LARGE Array!!!,OK,C++17 (GCC 7-32),1743280184
313049513,SameerX64,Satyam and Counting,OK,C++17 (GCC 7-32),1743279961
313049244,mahfujaakterminha,osu!mania,OK,C++17 (GCC 7-32),1743279733
313049016,SameerX64,The Legend of Freya the Frog,OK,C++17 (GCC 7-32),1743279537
313047013,mahfujaakterminha,Minimize!,OK,C++17 (GCC 7-32),1743278015
313046890,SameerX64,osu!mania,OK,C++17 (GCC 7-32),1743277910
313046044,SameerX64,Minimize!,OK,C++17 (GCC 7-32),1743277324
313043216,dk0001,Minimize!,OK,"C++23 (GCC 14-64, msys2)",1743275359
313041889,raneatharva,Firefly's Queries,OK,C++17 (GCC 7-32),1743274462
313040148,Akhil_13_Rana,Satyam and Counting,WRONG_ANSWER,C++20 (GCC 13-64),1743273389
313039820,Akhil_13_Rana,Satyam and Counting,RUNTIME_ERROR,C++20 (GCC 13-64),1743273183
313031553,yemenlander,Satyam and Counting,OK,"C++23 (GCC 14-64, msys2)",1743269297
313030671,Kafi456,Minimize!,OK,C++20 (GCC 13-64),1743268894
313030175,yemenlander,Satyam and Counting,WRONG_ANSWER,"C++23 (GCC 14-64, msys2)",1743268136
313029067,cf_abdi,Minimize!,WRONG_ANSWER,C++20 (GCC 13-64),1743266921
313019774,youngjcesf,Minimize!,OK,C++17 (GCC 7-32),1743265207
313013343,Noyondas290,osu!mania,OK,"C++23 (GCC 14-64, msys2)",1743264441
313012814,uttam282005,Klee's SUPER DUPER LARGE Array!!!,OK,"C++23 (GCC 14-64, msys2)",1743264378
313004957,rodruan,osu!mania,OK,"C++23 (GCC 14-64, msys2)",1743263488
313004656,akash420k,Minimize!,COMPILATION_ERROR,Python 3,1743263455
313004116,rodruan,osu!mania,WRONG_ANSWER,"C++23 (GCC 14-64, msys2)",1743263395
313003645,akash420k,Minimize!,COMPILATION_ERROR,Python 3,1743263339
312977350,rodruan,osu!mania,WRONG_ANSWER,"C++23 (GCC 14-64, msys2)",1743260817
312975049,rodruan,Minimize!,OK,"C++23 (GCC 14-64, msys2)",1743260629
312949530,Azizur_Rahman_Emon,The Legend of Freya the Frog,WRONG_ANSWER,C++17 (GCC 7-32),1743259039
312948753,Durjoy_333,osu!mania,OK,C++17 (GCC 7-32),1743258893
312947335,psyre,Satyam and Counting,OK,"C++23 (GCC 14-64, msys2)",1743258047
312946423,psyre,The Legend of Freya the Frog,OK,"C++23 (GCC 14-64, msys2)",1743257467
312946014,psyre,osu!mania,OK,"C++23 (GCC 14-64, msys2)",1743257188
312945811,psyre,osu!mania,WRONG_ANSWER,"C++23 (GCC 14-64, msys2)",1743257066
312945714,Azizur_Rahman_Emon,osu!mania,OK,C++17 (GCC 7-32),1743257001
312945655,psyre,Minimize!,OK,"C++23 (GCC 14-64, msys2)",1743256963
312944014,Abhishek_1355,Minimize!,OK,C++20 (GCC 13-64),1743255981
312943685,ahmed-shamim,osu!mania,OK,C++17 (GCC 7-32),1743255804
312939410,Destroyer__,Minimize!,OK,C++20 (GCC 13-64),1743253446
312938887,Azizur_Rahman_Emon,Minimize!,OK,C++17 (GCC 7-32),1743253165
312937111,Jerry_07,osu!mania,OK,PyPy 3-64,1743252240
312936669,nikhiltiwari101,Minimize!,OK,Java 8,1743252026
312934270,shubh_aps,Yunli's Subarray Queries (easy version),OK,"C++23 (GCC 14-64, msys2)",1743250778
312934063,TieuBao,osu!mania,OK,C++17 (GCC 7-32),1743250667
312932898,Scofield-05,Firefly's Queries,OK,C++20 (GCC 13-64),1743250146
312931119,Qaiser-,Klee's SUPER DUPER LARGE Array!!!,OK,C++20 (GCC 13-64),1743249184
312930876,ultraoprusher,osu!mania,OK,"C++23 (GCC 14-64, msys2)",1743249068
312930753,Qaiser-,Klee's SUPER DUPER LARGE Array!!!,WRONG_ANSWER,C++20 (GCC 13-64),1743248992
312930740,Scofield-05,Firefly's Queries,WRONG_ANSWER,C++20 (GCC 13-64),1743248986
312929499,harikotak005,Satyam and Counting,OK,"C++23 (GCC 14-64, msys2)",1743248353
312929174,vasireddyvenu,Satyam and Counting,OK,C++17 (GCC 7-32),1743248180
312928989,harikotak005,Satyam and Counting,WRONG_ANSWER,"C++23 (GCC 14-64, msys2)",1743248094
312928662,smwentum,The Legend of Freya the Frog,OK,C++20 (GCC 13-64),1743247949
312928539,smwentum,The Legend of Freya the Frog,WRONG_ANSWER,C++20 (GCC 13-64),1743247895
312928495,Scofield-05,Firefly's Queries,WRONG_ANSWER,C++20 (GCC 13-64),1743247877
312928258,ta815587,The Legend of Freya the Frog,OK,C++17 (GCC 7-32),1743247748
312927429,GGBROO,Minimize!,OK,Python 3,1743247325
312927249,ultraoprusher,Minimize!,OK,"C++23 (GCC 14-64, msys2)",1743247229
312926828,p_piyush,Minimize!,OK,C++17 (GCC 7-32),1743247009
312926192,tentonsofpotato,Minimize!,OK,C++17 (GCC 7-32),1743246630
312925899,shubh_aps,Yunli's Subarray Queries (easy version),WRONG_ANSWER,"C++23 (GCC 14-64, msys2)",1743246472
312924321,ta815587,The Legend of Freya the Frog,WRONG_ANSWER,C++17 (GCC 7-32),1743245658
312921831,aditya2005anand,Minimize!,OK,C++20 (GCC 13-64),1743244348
312921637,aditya2005anand,Minimize!,OK,C++20 (GCC 13-64),1743244260
312921336,aditya2005anand,Minimize!,COMPILATION_ERROR,GNU C11,1743244106
312921163,tksam34,osu!mania,OK,C++17 (GCC 7-32),1743244029
312921100,aditya2005anand,Minimize!,COMPILATION_ERROR,GNU C11,1743243993
312920023,Khush_5114,osu!mania,OK,"C++23 (GCC 14-64, msys2)",1743243435
312919463,Var_sa_33i_0,Minimize!,OK,C++20 (GCC 13-64),1743243177
312919420,skeletonemoji,Minimize!,OK,C++17 (GCC 7-32),1743243156
312919322,The_Yeagerist,Satyam and Counting,OK,"C++23 (GCC 14-64, msys2)",1743243100
312918692,Khush_5114,Minimize!,OK,"C++23 (GCC 14-64, msys2)",1743242786
312918607,goats_9,Firefly's Queries,OK,"C++23 (GCC 14-64, msys2)",1743242748
312917858,lil_goat,Satyam and Counting,WRONG_ANSWER,"C++23 (GCC 14-64, msys2)",1743242371
312917443,AshwinSagar1,osu!mania,OK,Java 21,1743242164
312917406,lil_goat,Satyam and Counting,TIME_LIMIT_EXCEEDED,"C++23 (GCC 14-64, msys2)",1743242144
312917211,lil_goat,Satyam and Counting,TIME_LIMIT_EXCEEDED,"C++23 (GCC 14-64, msys2)",1743242051
312914345,ultraoprusher,Minimize!,OK,"C++23 (GCC 14-64, msys2)",1743240611
312913686,samarthrathore,Klee's SUPER DUPER LARGE Array!!!,OK,"C++23 (GCC 14-64, msys2)",1743240297
312912951,lil_goat,The Legend of Freya the Frog,OK,"C++23 (GCC 14-64, msys2)",1743239933
312912104,lil_goat,Minimize!,OK,"C++23 (GCC 14-64, msys2)",1743239538
312911897,lil_goat,osu!mania,OK,"C++23 (GCC 14-64, msys2)",1743239427
312911551,Munzurul_Papon,Minimize!,OK,C++20 (GCC 13-64),1743239270
312911100,lil_goat,osu!mania,OK,"C++23 (GCC 14-64, msys2)",1743239058
312907362,Akshay_Adak_289,Satyam and Counting,OK,C++17 (GCC 7-32),1743237386
312905593,bridgetheacm,osu!mania,WRONG_ANSWER,C++17 (GCC 7-32),1743236639
312905397,harikotak005,Satyam and Counting,TIME_LIMIT_EXCEEDED,"C++23 (GCC 14-64, msys2)",1743236560
312904823,YinShanglong,osu!mania,WRONG_ANSWER,C++17 (GCC 7-32),1743236284
312903304,NikhilKumar_11,Minimize!,OK,"C++23 (GCC 14-64, msys2)",1743235636
312900565,Fist,osu!mania,OK,"C++23 (GCC 14-64, msys2)",1743234404
312898499,AxSheo,Minimize!,OK,C++17 (GCC 7-32),1743233429
312897386,dmyjudge2,Minimize!,OK,C++17 (GCC 7-32),1743232980
312896488,winner69,Klee's SUPER DUPER LARGE Array!!!,RUNTIME_ERROR,C++20 (GCC 13-64),1743232628
312895532,YinShanglong,Minimize!,OK,C++17 (GCC 7-32),1743232268
312895317,dmyjudge3,Minimize!,OK,C++17 (GCC 7-32),1743232182
312895176,winner69,Klee's SUPER DUPER LARGE Array!!!,TIME_LIMIT_EXCEEDED,C++20 (GCC 13-64),1743232121
312894803,winner69,Klee's SUPER DUPER LARGE Array!!!,WRONG_ANSWER,C++20 (GCC 13-64),1743231958
312894779,Soumil69,Yunli's Subarray Queries (easy version),OK,"C++23 (GCC 14-64, msys2)",1743231946
312893527,Soumil69,Yunli's Subarray Queries (easy version),RUNTIME_ERROR,"C++23 (GCC 14-64, msys2)",1743231409
312893496,thunder-saint,Minimize!,OK,"C++23 (GCC 14-64, msys2)",1743231397
312892791,jackhuang,osu!mania,OK,C++17 (GCC 7-32),1743231086
312892221,VaishCodes,The Legend of Freya the Frog,OK,GNU C11,1743230822
312892106,jackhuang,Minimize!,OK,C++17 (GCC 7-32),1743230773
312890978,rohanbot12,The Legend of Freya the Frog,OK,C++20 (GCC 13-64),1743230263
312890418,rohanbot12,The Legend of Freya the Frog,WRONG_ANSWER,C++20 (GCC 13-64),1743230028
312890210,rohanbot12,The Legend of Freya the Frog,WRONG_ANSWER,C++20 (GCC 13-64),1743229938
312889248,Arpit_2301,Klee's SUPER DUPER LARGE Array!!!,OK,"C++23 (GCC 14-64, msys2)",1743229506
312888766,noyon_1985,Minimize!,OK,C++17 (GCC 7-32),1743229302
312888152,harikotak005,The Legend of Freya the Frog,OK,"C++23 (GCC 14-64, msys2)",1743229031
312887782,hsiaofeng,Satyam and Counting,OK,"C++23 (GCC 14-64, msys2)",1743228854
312886920,harikotak005,The Legend of Freya the Frog,WRONG_ANSWER,"C++23 (GCC 14-64, msys2)",1743228392
312883363,M.Afrooz,Minimize!,OK,C++20 (GCC 13-64),1743226313
312882141,passin1,Minimize!,OK,Python 3,1743225551
312882128,hsiaofeng,Klee's SUPER DUPER LARGE Array!!!,OK,"C++23 (GCC 14-64, msys2)",1743225541
312881221,harikotak005,osu!mania,OK,"C++23 (GCC 14-64, msys2)",1743224903
312880587,samarthrathore,Satyam and Counting,OK,"C++23 (GCC 14-64, msys2)",1743224428
312879527,harikotak005,Minimize!,OK,"C++23 (GCC 14-64, msys2)",1743223583
312877872,hanzoverlord2007,Minimize!,OK,"C++23 (GCC 14-64, msys2)",1743222172
312877669,theabdsadaf,Minimize!,OK,C++17 (GCC 7-32),1743222021
312877513,Lamia_Tabassum,Minimize!,OK,GNU C11,1743221872
312877315,Lubesh,The Legend of Freya the Frog,OK,"C++23 (GCC 14-64, msys2)",1743221688
312876542,AriNing,Minimize!,OK,GNU C11,1743220999
312876022,Lubesh,The Legend of Freya the Frog,WRONG_ANSWER,"C++23 (GCC 14-64, msys2)",1743220523
312875951,once_32,Minimize!,OK,PyPy 3-64,1743220450
312875854,Lubesh,The Legend of Freya the Frog,WRONG_ANSWER,"C++23 (GCC 14-64, msys2)",1743220353
312875548,RAJAB,The Legend of Freya the Frog,OK,C++20 (GCC 13-64),1743220037
312875281,ngwdinhkhai,osu!mania,OK,C++17 (GCC 7-32),1743219795
312875078,RAJAB,The Legend of Freya the Frog,WRONG_ANSWER,C++20 (GCC 13-64),1743219601
312874694,so_close_,Klee's SUPER DUPER LARGE Array!!!,OK,C++17 (GCC 7-32),1743219189
312874585,RAJAB,The Legend of Freya the Frog,WRONG_ANSWER,C++20 (GCC 13-64),1743219079
312874169,caterpillow,The Legend of Freya the Frog,OK,C++17 (GCC 7-32),1743218643
312873834,ayamoo,osu!mania,OK,C++17 (GCC 7-32),1743218294
312873669,RAJAB,The Legend of Freya the Frog,WRONG_ANSWER,C++20 (GCC 13-64),1743218099
312873508,RAJAB,The Legend of Freya the Frog,WRONG_ANSWER,C++20 (GCC 13-64),1743217928
312873465,RAJAB,The Legend of Freya the Frog,WRONG_ANSWER,C++20 (GCC 13-64),1743217867
312873382,RAJAB,The Legend of Freya the Frog,WRONG_ANSWER,C++20 (GCC 13-64),1743217765
312873339,ayamoo,osu!mania,WRONG_ANSWER,C++17 (GCC 7-32),1743217724
312873063,RAJAB,The Legend of Freya the Frog,WRONG_ANSWER,C++20 (GCC 13-64),1743217386
312872981,aman_bhargav7665,Satyam and Counting,OK,C++17 (GCC 7-32),1743217303
312872442,RAJAB,osu!mania,OK,C++20 (GCC 13-64),1743216688
312872171,RAJAB,Minimize!,OK,C++20 (GCC 13-64),1743216363
312870643,zzzzzzzzz__y,The Legend of Freya the Frog,WRONG_ANSWER,C++17 (GCC 7-32),1743214514
312869035,zzzzzzzzz__y,The Legend of Freya the Frog,TIME_LIMIT_EXCEEDED,C++17 (GCC 7-32),1743212345
312868463,zzzzzzzzz__y,osu!mania,OK,C++17 (GCC 7-32),1743211546
312868149,zzzzzzzzz__y,Minimize!,OK,C++17 (GCC 7-32),1743211128
312867243,sc17,Klee's SUPER DUPER LARGE Array!!!,OK,C++20 (GCC 13-64),1743209902
312867191,shahriarhossainbsl,Minimize!,OK,C++20 (GCC 13-64),1743209814
312864631,BigLacis,Satyam and Counting,OK,C++17 (GCC 7-32),1743205346
312862957,CG_Low,osu!mania,OK,PyPy 3-64,1743202693
312862497,CG_Low,Minimize!,OK,PyPy 3-64,1743202029
312862475,CG_Low,Minimize!,COMPILATION_ERROR,PyPy 3-64,1743202000
312861429,Hugo_Zig,Minimize!,OK,"C++23 (GCC 14-64, msys2)",1743200584
312857510,AlAbid,Minimize!,OK,"C++23 (GCC 14-64, msys2)",1743196823
312856378,Rakibun-Ateed,osu!mania,OK,C++17 (GCC 7-32),1743195900
312855751,shoaibhasan600,Klee's SUPER DUPER LARGE Array!!!,OK,C++20 (GCC 13-64),1743195424
312855377,Dev_Trivedi_03,Satyam and Counting,OK,"C++23 (GCC 14-64, msys2)",1743195158
312853926,quavoou,Satyam and Counting,OK,Java 21,1743194215
312853502,quavoou,Satyam and Counting,WRONG_ANSWER,Java 21,1743193962
312853060,quavoou,Satyam and Counting,WRONG_ANSWER,Java 21,1743193714
312852879,SR.Shan,Minimize!,OK,C++17 (GCC 7-32),1743193604
312850904,The_Yeagerist,Klee's SUPER DUPER LARGE Array!!!,OK,"C++23 (GCC 14-64, msys2)",1743192441
312850029,gaeel_,Minimize!,OK,"C++23 (GCC 14-64, msys2)",1743191912
312849207,Dhur_miya,osu!mania,OK,"C++23 (GCC 14-64, msys2)",1743191363
312847722,Rakibun-Ateed,Minimize!,OK,C++17 (GCC 7-32),1743190456
312845717,oxytocin,Klee's SUPER DUPER LARGE Array!!!,OK,C++20 (GCC 13-64),1743189187
312843420,3_B_S,Minimize!,OK,"C++23 (GCC 14-64, msys2)",1743187860
312843195,3_B_S,Minimize!,WRONG_ANSWER,"C++23 (GCC 14-64, msys2)",1743187684
312842823,abdmahdi56,Minimize!,OK,GNU C11,1743187386
312841783,Manav_Patel,Minimize!,OK,C++20 (GCC 13-64),1743186495
312840891,Nabil_Sami,Minimize!,OK,C++17 (GCC 7-32),1743185874
312838363,samarthrathore,The Legend of Freya the Frog,OK,"C++23 (GCC 14-64, msys2)",1743184424
312834181,rii_faa,Minimize!,OK,Python 3,1743182081
312834021,ParthSaini,Satyam and Counting,OK,"C++23 (GCC 14-64, msys2)",1743182000
312833793,ParthSaini,Satyam and Counting,RUNTIME_ERROR,"C++23 (GCC 14-64, msys2)",1743181864
312833616,samarthrathore,osu!mania,OK,"C++23 (GCC 14-64, msys2)",1743181779
312833568,ParthSaini,Satyam and Counting,RUNTIME_ERROR,"C++23 (GCC 14-64, msys2)",1743181754
312833360,ParthSaini,Satyam and Counting,RUNTIME_ERROR,"C++23 (GCC 14-64, msys2)",1743181638
312831850,samarthrathore,Minimize!,OK,"C++23 (GCC 14-64, msys2)",1743180872
312831606,hasib69,Minimize!,OK,GNU C11,1743180739
312831293,VVCZZ,Minimize!,OK,C++20 (GCC 13-64),1743180586
312828717,isaacliu77,Yunli's Subarray Queries (hard version),OK,"C++23 (GCC 14-64, msys2)",1743179108
312828546,isaacliu77,Yunli's Subarray Queries (hard version),WRONG_ANSWER,"C++23 (GCC 14-64, msys2)",1743179020
312827336,tyb3122,The Legend of Freya the Frog,OK,"C++23 (GCC 14-64, msys2)",1743178368
312825846,ashafahmida97,Minimize!,OK,C++17 (GCC 7-32),1743177622
312825383,krazy-8,Yunli's Subarray Queries (easy version),OK,C++17 (GCC 7-32),1743177388
312813985,Varanasi_363,Yunli's Subarray Queries (easy version),OK,"C++23 (GCC 14-64, msys2)",1743171721
312812552,Tanzim_The_Coder,Minimize!,OK,C++20 (GCC 13-64),1743171038
312812260,AnupPaul,The Legend of Freya the Frog,WRONG_ANSWER,GNU C11,1743170906
312811054,AnupPaul,The Legend of Freya the Frog,TIME_LIMIT_EXCEEDED,GNU C11,1743170357
312809176,__smiley,Minimize!,OK,C++17 (GCC 7-32),1743169529
312808686,woyaojiagemi.,osu!mania,OK,"C++23 (GCC 14-64, msys2)",1743169307
312804242,AnupPaul,osu!mania,OK,GNU C11,1743167448
312803683,AnupPaul,osu!mania,RUNTIME_ERROR,GNU C11,1743167212
312803373,soha_stack,Minimize!,OK,"C++23 (GCC 14-64, msys2)",1743167081
312802076,tan.nekimdt,osu!mania,OK,Python 3,1743166491
312800870,AnupPaul,Minimize!,OK,GNU C11,1743165931
312800413,aa-anderxzzz-aa,The Legend of Freya the Frog,WRONG_ANSWER,Python 3,1743165712
312800055,aa-anderxzzz-aa,The Legend of Freya the Frog,TIME_LIMIT_EXCEEDED,Python 3,1743165527
312799960,GAHYUJ,osu!mania,OK,PyPy 3-64,1743165481
312799406,ShiYuMuZhi,Minimize!,OK,C++17 (GCC 7-32),1743165191
312799189,PowerOfSkibidi,osu!mania,OK,PyPy 3-64,1743165090
312798935,aa-anderxzzz-aa,Minimize!,OK,Python 3,1743164969
312798637,aa-anderxzzz-aa,Minimize!,WRONG_ANSWER,Python 3,1743164832
312797957,naumova,Minimize!,OK,PyPy 3-64,1743164522
312797746,Zondbachock,osu!mania,OK,PyPy 3-64,1743164416
312797468,Pahan_osinceva,osu!mania,OK,PyPy 3-64,1743164277
312797418,PowerOfSkibidi,Minimize!,OK,PyPy 3-64,1743164253
312796974,Ri123,Minimize!,OK,PyPy 3-64,1743164034
312796798,PETONCHEK,Minimize!,OK,PyPy 3-64,1743163957
312796594,GAHYUJ,Minimize!,OK,PyPy 3-64,1743163878
312796506,Zondbachock,Minimize!,OK,PyPy 3-64,1743163840
312796367,Pahan_osinceva,Minimize!,OK,PyPy 3-64,1743163771
312795687,yelu,Firefly's Queries,OK,C++20 (GCC 13-64),1743163462
312795426,yxan,osu!mania,OK,C++17 (GCC 7-32),1743163345
312795382,sona_12,osu!mania,OK,C++17 (GCC 7-32),1743163326
312794350,TALAL_KARDOSI,Minimize!,OK,C++17 (GCC 7-32),1743162880
312792089,tverdyznk,The Legend of Freya the Frog,WRONG_ANSWER,PyPy 3-64,1743161893
312791907,giprocess,The Legend of Freya the Frog,OK,PyPy 3-64,1743161816
312791808,tverdyznk,The Legend of Freya the Frog,WRONG_ANSWER,PyPy 3-64,1743161767
312791264,kostyabaghyan,osu!mania,WRONG_ANSWER,PyPy 3-64,1743161509
312791215,aboba_amogyc,osu!mania,OK,PyPy 3-64,1743161486
312791090,kostyabaghyan,osu!mania,RUNTIME_ERROR,PyPy 3-64,1743161430
312791030,avkonyahin,osu!mania,OK,PyPy 3-64,1743161398
312790521,danoni4ek,The Legend of Freya the Frog,WRONG_ANSWER,Python 3,1743161182
312790442,aboba_amogyc,osu!mania,WRONG_ANSWER,PyPy 3-64,1743161139
312790065,giprocess,osu!mania,OK,PyPy 3-64,1743160963
312789338,giprocess,Minimize!,OK,PyPy 3-64,1743160657
312788843,Kaniku1,osu!mania,OK,Python 3,1743160445
312788817,giprocess,Minimize!,RUNTIME_ERROR,PyPy 2,1743160435
312787849,dxdge,Minimize!,OK,PyPy 3-64,1743160014
312787772,dxdge,Minimize!,OK,PyPy 3-64,1743159980
312787654,giprocess,osu!mania,RUNTIME_ERROR,PyPy 2,1743159931
312787639,dxdge,Minimize!,WRONG_ANSWER,PyPy 3-64,1743159921
312787427,dxdge,Minimize!,WRONG_ANSWER,Python 3,1743159829
312787287,dxdge,Minimize!,RUNTIME_ERROR,Python 3,1743159762
312787193,dxdge,Minimize!,WRONG_ANSWER,Python 3,1743159726
312787072,giprocess,osu!mania,RUNTIME_ERROR,PyPy 2,1743159672
312786671,parth_cf,Klee's SUPER DUPER LARGE Array!!!,OK,C++17 (GCC 7-32),1743159495
312786032,giprocess,osu!mania,COMPILATION_ERROR,PyPy 2,1743159201
312785402,Prakshaale_Jain,The Legend of Freya the Frog,OK,"C++23 (GCC 14-64, msys2)",1743158912
312784709,ayamoo,Minimize!,OK,C++17 (GCC 7-32),1743158588
312784239,sethiyaharshal,Satyam and Counting,OK,C++17 (GCC 7-32),1743158338
312784120,amn24,Minimize!,OK,"C++23 (GCC 14-64, msys2)",1743158268
312784010,amn24,Minimize!,WRONG_ANSWER,"C++23 (GCC 14-64, msys2)",1743158211
312783982,Goyda228,Minimize!,OK,PyPy 3-64,1743158196
312783884,masum1914,osu!mania,OK,GNU C11,1743158139
312783818,aboba_amogyc,Minimize!,OK,PyPy 3-64,1743158106
312783801,Goyda228,Minimize!,RUNTIME_ERROR,PyPy 3-64,1743158098
312783643,giprocess,Minimize!,RUNTIME_ERROR,PyPy 2,1743158020
312783504,giprocess,Minimize!,RUNTIME_ERROR,PyPy 2,1743157944
312783476,kostyabaghyan,Minimize!,OK,PyPy 3-64,1743157934
312783333,masum1914,osu!mania,WRONG_ANSWER,GNU C11,1743157864
312783310,Shuisky,Minimize!,OK,Python 3,1743157853
312783256,Overlade,Minimize!,OK,Python 3,1743157819
312783239,Shuisky,Minimize!,COMPILATION_ERROR,GNU C11,1743157811
312783157,masshha48,Minimize!,OK,Python 3,1743157767
312782703,tverdyznk,Minimize!,OK,PyPy 3-64,1743157534
312782592,giprocess,Minimize!,RUNTIME_ERROR,PyPy 2,1743157474
312782355,Kaniku1,Minimize!,OK,Python 3,1743157349
312781913,m0n_pacie,Satyam and Counting,OK,"C++23 (GCC 14-64, msys2)",1743157109
312781637,tverdyznk,osu!mania,OK,PyPy 3-64,1743156952
312781180,kostyabaghyan,Minimize!,RUNTIME_ERROR,Python 3,1743156718
312780518,giprocess,Minimize!,RUNTIME_ERROR,PyPy 2,1743156386
312778319,ngwdinhkhai,Minimize!,OK,C++17 (GCC 7-32),1743155269
312776901,sethiyaharshal,Klee's SUPER DUPER LARGE Array!!!,OK,C++17 (GCC 7-32),1743154577
312773664,202403020,Minimize!,OK,Java 21,1743152904
312773383,zhou_ai_min,Minimize!,OK,C++20 (GCC 13-64),1743152773
312772668,zwn1ow,osu!mania,OK,"C++23 (GCC 14-64, msys2)",1743152428
312772323,unc,Satyam and Counting,OK,C++17 (GCC 7-32),1743152280
312772210,LouiseTheorinesion05,Minimize!,OK,"C++23 (GCC 14-64, msys2)",1743152230
312772154,202403020,osu!mania,OK,Java 21,1743152201
312771116,Youssefh,Minimize!,OK,Python 3,1743151677
312770839,hse_student,Firefly's Queries,OK,C++17 (GCC 7-32),1743151530
312770253,Prabhatkrdprr24,The Legend of Freya the Frog,OK,"C++23 (GCC 14-64, msys2)",1743151220
312769819,frezze,osu!mania,OK,C++20 (GCC 13-64),1743150991
312769148,AbhayWaghamode,Minimize!,OK,Python 3,1743150640
312769074,frezze,Minimize!,OK,C++20 (GCC 13-64),1743150590
312768910,KenanEhmed,Satyam and Counting,WRONG_ANSWER,C++17 (GCC 7-32),1743150504
312767800,KenanEhmed,Satyam and Counting,OK,C++17 (GCC 7-32),1743149909
312767123,ricky9201,Firefly's Queries,TIME_LIMIT_EXCEEDED,C++17 (GCC 7-32),1743149523
312766823,Ayush_1407,The Legend of Freya the Frog,OK,C++17 (GCC 7-32),1743149338
312766745,7_7_7_7_,Firefly's Queries,OK,C++20 (GCC 13-64),1743149305
312766621,hks007,The Legend of Freya the Frog,WRONG_ANSWER,C++17 (GCC 7-32),1743149228
312766437,KenanEhmed,Satyam and Counting,WRONG_ANSWER,C++17 (GCC 7-32),1743149119
312766388,KenanEhmed,Satyam and Counting,COMPILATION_ERROR,C++17 (GCC 7-32),1743149091
312762098,Melvin1027,osu!mania,OK,C++20 (GCC 13-64),1743146454
312760720,_vthong,Yunli's Subarray Queries (easy version),OK,C++20 (GCC 13-64),1743145639
312760686,_vthong,Yunli's Subarray Queries (easy version),TIME_LIMIT_EXCEEDED,C++20 (GCC 13-64),1743145620
312760439,_vthong,Yunli's Subarray Queries (easy version),TIME_LIMIT_EXCEEDED,C++20 (GCC 13-64),1743145490
312759209,7_7_7_7_,Klee's SUPER DUPER LARGE Array!!!,OK,C++20 (GCC 13-64),1743144759
312759029,gentle_rick9201,The Legend of Freya the Frog,OK,C++17 (GCC 7-32),1743144657
312758978,gentle_rick9201,osu!mania,OK,C++17 (GCC 7-32),1743144633
312758933,gentle_rick9201,Minimize!,OK,C++17 (GCC 7-32),1743144606
312758306,7_7_7_7_,Klee's SUPER DUPER LARGE Array!!!,WRONG_ANSWER,C++20 (GCC 13-64),1743144251
312757516,dreamoon_love_AA,Firefly's Queries,OK,"C++23 (GCC 14-64, msys2)",1743143850
312755503,uttam282005,Satyam and Counting,OK,"C++23 (GCC 14-64, msys2)",1743142797
312753960,ydc666,Klee's SUPER DUPER LARGE Array!!!,OK,"C++23 (GCC 14-64, msys2)",1743141999
312752034,uzers8,Yunli's Subarray Queries (easy version),OK,"C++23 (GCC 14-64, msys2)",1743140926
312751417,Justin_csd,Yunli's Subarray Queries (extreme version),TIME_LIMIT_EXCEEDED,"C++23 (GCC 14-64, msys2)",1743140512
312750818,Justin_csd,The Legend of Freya the Frog,OK,"C++23 (GCC 14-64, msys2)",1743140173
312750707,Justin_csd,osu!mania,OK,"C++23 (GCC 14-64, msys2)",1743140115
312750645,Justin_csd,Minimize!,OK,"C++23 (GCC 14-64, msys2)",1743140076
312748659,hks007,The Legend of Freya the Frog,OK,C++17 (GCC 7-32),1743138800
312748569,rupeshpatelcf,Klee's SUPER DUPER LARGE Array!!!,OK,Java 21,1743138753
312748426,uttam282005,Satyam and Counting,WRONG_ANSWER,"C++23 (GCC 14-64, msys2)",1743138656
312748122,rupeshpatelcf,Klee's SUPER DUPER LARGE Array!!!,TIME_LIMIT_EXCEEDED,Java 21,1743138464
312748038,hks007,The Legend of Freya the Frog,WRONG_ANSWER,C++17 (GCC 7-32),1743138418
312744826,2210040101,Minimize!,OK,Java 8,1743137331
312744755,_camila6452,Minimize!,RUNTIME_ERROR,Python 3,1743137282
312743915,hks007,The Legend of Freya the Frog,WRONG_ANSWER,C++17 (GCC 7-32),1743136628
312742742,himanshu12102004,Satyam and Counting,OK,C++17 (GCC 7-32),1743135624
312742612,himanshu12102004,Satyam and Counting,WRONG_ANSWER,C++17 (GCC 7-32),1743135523
312742332,_vthong,Yunli's Subarray Queries (easy version),TIME_LIMIT_EXCEEDED,C++20 (GCC 13-64),1743135299
312741559,Sam_Jiang,Yunli's Subarray Queries (hard version),OK,C++20 (GCC 13-64),1743134603
312740697,hks007,The Legend of Freya the Frog,WRONG_ANSWER,C++17 (GCC 7-32),1743133814
312740442,yagami10,The Legend of Freya the Frog,OK,"C++23 (GCC 14-64, msys2)",1743133576
312740413,yagami10,The Legend of Freya the Frog,WRONG_ANSWER,"C++23 (GCC 14-64, msys2)",1743133555
312740325,yagami10,The Legend of Freya the Frog,WRONG_ANSWER,"C++23 (GCC 14-64, msys2)",1743133482
312740131,hks007,The Legend of Freya the Frog,WRONG_ANSWER,C++17 (GCC 7-32),1743133313
312739537,yagami10,osu!mania,OK,"C++23 (GCC 14-64, msys2)",1743132783
312738884,yagami10,osu!mania,WRONG_ANSWER,"C++23 (GCC 14-64, msys2)",1743132149
312738444,GodNiu,Firefly's Queries,OK,C++20 (GCC 13-64),1743131698
312738394,yagami10,Minimize!,OK,"C++23 (GCC 14-64, msys2)",1743131648
312737894,sethiyaharshal,Klee's SUPER DUPER LARGE Array!!!,OK,C++17 (GCC 7-32),1743131177
312736704,tooBoldToCrumble,The Legend of Freya the Frog,OK,C++17 (GCC 7-32),1743129783
312736529,tooBoldToCrumble,The Legend of Freya the Frog,WRONG_ANSWER,C++17 (GCC 7-32),1743129576
312736496,HaveFunForever,Firefly's Queries,OK,C++17 (GCC 7-32),1743129542
312736427,HaveFunForever,Firefly's Queries,WRONG_ANSWER,C++17 (GCC 7-32),1743129449
312736348,HaveFunForever,Firefly's Queries,WRONG_ANSWER,C++17 (GCC 7-32),1743129368
312736057,saptadeep717,The Legend of Freya the Frog,OK,C++20 (GCC 13-64),1743129016
312735975,saptadeep717,The Legend of Freya the Frog,WRONG_ANSWER,C++20 (GCC 13-64),1743128912
312735936,saptadeep717,The Legend of Freya the Frog,WRONG_ANSWER,C++20 (GCC 13-64),1743128867
312735596,saptadeep717,The Legend of Freya the Frog,WRONG_ANSWER,C++20 (GCC 13-64),1743128451
312735536,saptadeep717,The Legend of Freya the Frog,WRONG_ANSWER,C++20 (GCC 13-64),1743128382
312735278,saptadeep717,The Legend of Freya the Frog,WRONG_ANSWER,C++20 (GCC 13-64),1743128067
312734875,saptadeep717,The Legend of Freya the Frog,WRONG_ANSWER,C++20 (GCC 13-64),1743127586
312734780,saptadeep717,The Legend of Freya the Frog,WRONG_ANSWER,C++20 (GCC 13-64),1743127456
312734714,saptadeep717,The Legend of Freya the Frog,WRONG_ANSWER,C++20 (GCC 13-64),1743127371
312734598,toponram25,osu!mania,OK,GNU C11,1743127234
312733444,HaveFunForever,Firefly's Queries,RUNTIME_ERROR,C++17 (GCC 7-32),1743125698
312733347,m_lozada,Minimize!,OK,"C++23 (GCC 14-64, msys2)",1743125537
312730030,mr_robot99,osu!mania,OK,C++17 (GCC 7-32),1743121309
312724255,dzik77,Yunli's Subarray Queries (easy version),OK,C++20 (GCC 13-64),1743113305
312724136,dzik77,Yunli's Subarray Queries (easy version),RUNTIME_ERROR,C++20 (GCC 13-64),1743113171
312722288,Henrique_Borges_Manzke,The Legend of Freya the Frog,OK,C++17 (GCC 7-32),1743111333
312722196,Abdulrahman777,Minimize!,OK,"C++23 (GCC 14-64, msys2)",1743111215
312721738,nada_alnajjar20201,Minimize!,OK,Python 3,1743110546
312720400,mr_lim0n,The Legend of Freya the Frog,OK,C++20 (GCC 13-64),1743109267
312720029,galiver2009,Minimize!,OK,C++17 (GCC 7-32),1743108916
312715724,Durjoy_333,Minimize!,OK,C++17 (GCC 7-32),1743105792
312715247,As1236,Yunli's Subarray Queries (hard version),WRONG_ANSWER,C++20 (GCC 13-64),1743105416
312712111,hks007,The Legend of Freya the Frog,WRONG_ANSWER,C++17 (GCC 7-32),1743102324
312711975,hks007,The Legend of Freya the Frog,WRONG_ANSWER,C++17 (GCC 7-32),1743102149
312711599,anshit1063,Firefly's Queries,OK,C++17 (GCC 7-32),1743101697
312710890,As1236,Yunli's Subarray Queries (easy version),WRONG_ANSWER,C++20 (GCC 13-64),1743100702
312710020,BaDJI,osu!mania,OK,Java 21,1743099612
312707733,jhaashish270,Satyam and Counting,OK,"C++23 (GCC 14-64, msys2)",1743098010
312706891,teapos,Minimize!,OK,PyPy 3-64,1743097054
312706713,shoaibhasan600,Satyam and Counting,OK,C++20 (GCC 13-64),1743096899
312705938,Aaratrik_Utsav,Minimize!,OK,GNU C11,1743096057
312705859,Sakib_gstu011,Minimize!,OK,GNU C11,1743095969
312705532,Aaratrik_Utsav,Minimize!,OK,GNU C11,1743095595
312704278,mayoswsad,Satyam and Counting,OK,"C++23 (GCC 14-64, msys2)",1743094155
312703463,hasib69,Minimize!,WRONG_ANSWER,GNU C11,1743093132
312702320,chelovek5556,osu!mania,OK,"C++23 (GCC 14-64, msys2)",1743091892
312701906,Abhishek_chaurasia,Minimize!,OK,C++20 (GCC 13-64),1743091422
312701872,tooBoldToCrumble,The Legend of Freya the Frog,WRONG_ANSWER,C++17 (GCC 7-32),1743091380
312701743,Pranav_45,Klee's SUPER DUPER LARGE Array!!!,OK,Java 8,1743091245
312701692,Pranav_Swaroop,The Legend of Freya the Frog,WRONG_ANSWER,C++20 (GCC 13-64),1743091196
312701379,sethiyaharshal,Klee's SUPER DUPER LARGE Array!!!,COMPILATION_ERROR,C++17 (GCC 7-32),1743090892
312700604,shoaibhasan600,The Legend of Freya the Frog,OK,C++20 (GCC 13-64),1743090177
312699869,Popoff,The Legend of Freya the Frog,WRONG_ANSWER,"C++23 (GCC 14-64, msys2)",1743089452
312698831,Popoff,osu!mania,OK,"C++23 (GCC 14-64, msys2)",1743088378
312698785,rahulsuresho07,Minimize!,OK,Python 3,1743088332
312698573,Popoff,Minimize!,OK,"C++23 (GCC 14-64, msys2)",1743088125
312698427,ShahdNatour24,osu!mania,OK,C++20 (GCC 13-64),1743087967
312697193,202251048,Klee's SUPER DUPER LARGE Array!!!,OK,Java 21,1743086737
312696451,harjot.bagga,The Legend of Freya the Frog,OK,C++17 (GCC 7-32),1743086071
312696119,mr_lim0n,The Legend of Freya the Frog,WRONG_ANSWER,C++20 (GCC 13-64),1743085751
312695952,aspgarv112,Klee's SUPER DUPER LARGE Array!!!,OK,Java 21,1743085571
312695148,mayoswsad,Klee's SUPER DUPER LARGE Array!!!,OK,"C++23 (GCC 14-64, msys2)",1743084549
312695088,ankit_iitg,osu!mania,OK,C++20 (GCC 13-64),1743084478
312694870,shoaibhasan600,osu!mania,OK,C++20 (GCC 13-64),1743084233
312694727,Abhimanyu_Kadhane,Satyam and Counting,OK,C++20 (GCC 13-64),1743084103
312694723,ankit_iitg,Minimize!,OK,C++20 (GCC 13-64),1743084097
312694375,shoaibhasan600,Minimize!,OK,C++20 (GCC 13-64),1743083768
312694172,Z10.,Klee's SUPER DUPER LARGE Array!!!,OK,C++20 (GCC 13-64),1743083622
312693477,AntheaFlourish,Firefly's Queries,WRONG_ANSWER,C++20 (GCC 13-64),1743080504
312692879,mr_robot99,Minimize!,OK,C++17 (GCC 7-32),1743079959
312692640,mr_robot99,Minimize!,OK,C++17 (GCC 7-32),1743079721
312691550,navyapratap1807,osu!mania,WRONG_ANSWER,C++17 (GCC 7-32),1743078825
312691183,anshit1063,Firefly's Queries,OK,C++17 (GCC 7-32),1743078456
312690525,7981511354,Satyam and Counting,WRONG_ANSWER,C++17 (GCC 7-32),1743077904
312686739,AbdullahAS,Minimize!,OK,C++20 (GCC 13-64),1743075621
312685499,cc150119,Satyam and Counting,OK,C++20 (GCC 13-64),1743075015
312685055,7981511354,The Legend of Freya the Frog,OK,C++17 (GCC 7-32),1743074802
312684513,7981511354,The Legend of Freya the Frog,WRONG_ANSWER,C++17 (GCC 7-32),1743074516
312683764,7981511354,The Legend of Freya the Frog,WRONG_ANSWER,C++17 (GCC 7-32),1743074112
312683643,MkJordan,osu!mania,OK,C++17 (GCC 7-32),1743074039
312682766,7981511354,osu!mania,OK,C++17 (GCC 7-32),1743073572
312682708,tooBoldToCrumble,The Legend of Freya the Frog,WRONG_ANSWER,C++17 (GCC 7-32),1743073545
312682105,MkJordan,osu!mania,WRONG_ANSWER,C++17 (GCC 7-32),1743073219
312681961,7981511354,Minimize!,OK,C++17 (GCC 7-32),1743073128
312681803,7981511354,Minimize!,WRONG_ANSWER,C++17 (GCC 7-32),1743073048
312681404,MonsterOnEarth,Minimize!,OK,C++20 (GCC 13-64),1743072820
312681198,tooBoldToCrumble,The Legend of Freya the Frog,WRONG_ANSWER,C++17 (GCC 7-32),1743072712
312680835,tekka_ity,The Legend of Freya the Frog,OK,Java 21,1743072497
312680039,tooBoldToCrumble,The Legend of Freya the Frog,WRONG_ANSWER,C++17 (GCC 7-32),1743072000
312679956,tekka_ity,The Legend of Freya the Frog,WRONG_ANSWER,Java 21,1743071949
312679810,tekka_ity,The Legend of Freya the Frog,WRONG_ANSWER,Java 21,1743071880
312679603,Youssefh,Minimize!,WRONG_ANSWER,Python 3,1743071754
312679070,Youssefh,Minimize!,WRONG_ANSWER,Python 3,1743071401
312678738,Youssefh,Minimize!,WRONG_ANSWER,"C++23 (GCC 14-64, msys2)",1743071193
312678480,tooBoldToCrumble,osu!mania,OK,C++17 (GCC 7-32),1743071061
312677864,m0n_pacie,The Legend of Freya the Frog,OK,"C++23 (GCC 14-64, msys2)",1743070701
312677707,tooBoldToCrumble,Minimize!,OK,C++17 (GCC 7-32),1743070616
312676744,toponram25,osu!mania,WRONG_ANSWER,GNU C11,1743070047
312676346,toponram25,osu!mania,RUNTIME_ERROR,GNU C11,1743069813
312675426,toponram25,osu!mania,WRONG_ANSWER,GNU C11,1743069296
312674918,devansh_arora,Klee's SUPER DUPER LARGE Array!!!,OK,"C++23 (GCC 14-64, msys2)",1743069002
312670457,stqlljxz,osu!mania,OK,"C++23 (GCC 14-64, msys2)",1743066697
312669531,Ermuhammed-A-003-2029,Minimize!,WRONG_ANSWER,C++17 (GCC 7-32),1743066222
312666740,Shakib2738,The Legend of Freya the Frog,OK,C++17 (GCC 7-32),1743064753
312666514,YUSUF_JU_CSE,Minimize!,OK,GNU C11,1743064625
312663467,ljh537ljh,The Legend of Freya the Frog,OK,C++17 (GCC 7-32),1743062866
312659898,quavoou,Klee's SUPER DUPER LARGE Array!!!,OK,Java 21,1743060810
312659081,Lechaa,Firefly's Queries,OK,"C++23 (GCC 14-64, msys2)",1743060366
312648352,masum1914,Minimize!,OK,GNU C11,1743053781
312646090,Moohsina_Tabassum_Soumi,Minimize!,OK,C++17 (GCC 7-32),1743051685
312644981,Argentum47,Klee's SUPER DUPER LARGE Array!!!,OK,C++20 (GCC 13-64),1743050684
312644312,HolaKheHase,Minimize!,OK,C++20 (GCC 13-64),1743050080
312643372,4bderrahmane,Minimize!,OK,C++17 (GCC 7-32),1743049127
312643307,pinkiphogat317,Minimize!,OK,GNU C11,1743049073
312642236,prosenjit_mondol,Satyam and Counting,OK,Python 3,1743048198
312642074,prosenjit_mondol,Satyam and Counting,WRONG_ANSWER,Python 3,1743048047
312641617,prosenjit_mondol,Satyam and Counting,WRONG_ANSWER,Python 3,1743047636
312639112,ravikumar2016,The Legend of Freya the Frog,OK,C++17 (GCC 7-32),1743044812
312637642,Saoge,Yunli's Subarray Queries (easy version),OK,Java 21,1743042792
312637615,Saoge,Yunli's Subarray Queries (easy version),WRONG_ANSWER,Java 21,1743042747
312637396,Saoge,Yunli's Subarray Queries (easy version),RUNTIME_ERROR,Java 21,1743042432
312637266,Saoge,Yunli's Subarray Queries (easy version),TIME_LIMIT_EXCEEDED,Java 21,1743042235
312635471,Taimur_Rahman,Minimize!,OK,GNU C11,1743039602
312632619,SG2Alok,Firefly's Queries,OK,C++17 (GCC 7-32),1743034968
312627080,AvengerNabil,osu!mania,OK,C++17 (GCC 7-32),1743026351
312627021,Ritakhoury,Minimize!,OK,C++20 (GCC 13-64),1743026275
312626971,AvengerNabil,osu!mania,RUNTIME_ERROR,GNU C11,1743026222
312624976,AvengerNabil,osu!mania,WRONG_ANSWER,Python 3,1743023980
312624940,AvengerNabil,osu!mania,WRONG_ANSWER,Python 3,1743023934
312624664,aya_noaman,Minimize!,OK,C++17 (GCC 7-32),1743023665
312623388,rebe_1031,Minimize!,WRONG_ANSWER,C++20 (GCC 13-64),1743022439
312622002,eulmelk,Yunli's Subarray Queries (hard version),OK,C++17 (GCC 7-32),1743021251
312621204,eulmelk,Yunli's Subarray Queries (hard version),WRONG_ANSWER,C++17 (GCC 7-32),1743020600
312619608,eulmelk,Yunli's Subarray Queries (hard version),WRONG_ANSWER,C++17 (GCC 7-32),1743019283
312617972,activecamel,Klee's SUPER DUPER LARGE Array!!!,OK,"C++23 (GCC 14-64, msys2)",1743017989
312616962,matheswaran322007,Minimize!,OK,"C++23 (GCC 14-64, msys2)",1743017349
312615391,Mortis_Rex,Klee's SUPER DUPER LARGE Array!!!,OK,C++17 (GCC 7-32),1743016225
312614234,tnowakow,Satyam and Counting,OK,PyPy 3-64,1743015433
312613749,Mortis_Rex,The Legend of Freya the Frog,OK,C++17 (GCC 7-32),1743015115
312613454,keshav8554,osu!mania,OK,C++17 (GCC 7-32),1743014928
312613249,keshav8554,osu!mania,WRONG_ANSWER,C++17 (GCC 7-32),1743014804
312612645,tnowakow,Klee's SUPER DUPER LARGE Array!!!,OK,PyPy 3-64,1743014410
312612533,Mortis_Rex,osu!mania,OK,C++17 (GCC 7-32),1743014336
312612353,lazyBook,Satyam and Counting,TIME_LIMIT_EXCEEDED,"C++23 (GCC 14-64, msys2)",1743014233
312612182,lazyBook,Satyam and Counting,TIME_LIMIT_EXCEEDED,"C++23 (GCC 14-64, msys2)",1743014120
312612178,keshav8554,Minimize!,OK,C++17 (GCC 7-32),1743014118
312611940,lazyBook,Satyam and Counting,WRONG_ANSWER,"C++23 (GCC 14-64, msys2)",1743013948
312611875,Mortis_Rex,Minimize!,OK,C++17 (GCC 7-32),1743013906
312611827,lazyBook,Satyam and Counting,WRONG_ANSWER,"C++23 (GCC 14-64, msys2)",1743013873
312610906,ravi3003,The Legend of Freya the Frog,OK,"C++23 (GCC 14-64, msys2)",1743013332
312610889,geekygavesh,osu!mania,OK,C++20 (GCC 13-64),1743013322
312610804,geekygavesh,osu!mania,COMPILATION_ERROR,C++20 (GCC 13-64),1743013270
312610241,lazyBook,Satyam and Counting,TIME_LIMIT_EXCEEDED,Python 3,1743012948
312610215,srikanth00916,Minimize!,OK,GNU C11,1743012931
312610170,lazyBook,Satyam and Counting,TIME_LIMIT_EXCEEDED,PyPy 3-64,1743012910
312610158,geekygavesh,Minimize!,OK,C++20 (GCC 13-64),1743012901
312609767,lazyBook,Satyam and Counting,TIME_LIMIT_EXCEEDED,PyPy 3-64,1743012663
312609188,lazyBook,Satyam and Counting,WRONG_ANSWER,"C++23 (GCC 14-64, msys2)",1743012308
312607106,lazyBook,Satyam and Counting,WRONG_ANSWER,"C++23 (GCC 14-64, msys2)",1743011124
312604228,haxisCodes,Minimize!,OK,C++17 (GCC 7-32),1743009528
312603724,eulmelk,Yunli's Subarray Queries (hard version),WRONG_ANSWER,C++17 (GCC 7-32),1743009260
312602700,Shubham_Raj_987,Minimize!,OK,C++20 (GCC 13-64),1743008681
312602341,Yellow_93,Minimize!,OK,"C++23 (GCC 14-64, msys2)",1743008499
312602192,Yellow_93,Minimize!,WRONG_ANSWER,"C++23 (GCC 14-64, msys2)",1743008422
312601923,amjadimran004,Klee's SUPER DUPER LARGE Array!!!,OK,C++20 (GCC 13-64),1743008289
312601144,I_Love_Sabnaj,The Legend of Freya the Frog,OK,"C++23 (GCC 14-64, msys2)",1743007867
312601096,I_Love_Sabnaj,osu!mania,OK,"C++23 (GCC 14-64, msys2)",1743007845
312601072,I_Love_Sabnaj,Minimize!,OK,"C++23 (GCC 14-64, msys2)",1743007829
312598368,solverIbrahim,osu!mania,WRONG_ANSWER,"C++23 (GCC 14-64, msys2)",1743006439
312597495,solverIbrahim,osu!mania,WRONG_ANSWER,"C++23 (GCC 14-64, msys2)",1743006001
312597335,solverIbrahim,osu!mania,WRONG_ANSWER,"C++23 (GCC 14-64, msys2)",1743005925
312597012,solverIbrahim,osu!mania,RUNTIME_ERROR,"C++23 (GCC 14-64, msys2)",1743005775
312595346,solverIbrahim,osu!mania,WRONG_ANSWER,"C++23 (GCC 14-64, msys2)",1743004960
312593271,archit101,Klee's SUPER DUPER LARGE Array!!!,OK,C++20 (GCC 13-64),1743004010
312592024,lazyBook,Satyam and Counting,WRONG_ANSWER,"C++23 (GCC 14-64, msys2)",1743003454
312591831,lazyBook,Satyam and Counting,WRONG_ANSWER,"C++23 (GCC 14-64, msys2)",1743003371
312590843,AkashSingh8,Minimize!,OK,"C++23 (GCC 14-64, msys2)",1743002901
312590702,chef08,Minimize!,OK,"C++23 (GCC 14-64, msys2)",1743002842
312583891,joy_027,Minimize!,OK,GNU C11,1742999835
312583711,redwan_228,Minimize!,OK,"C++23 (GCC 14-64, msys2)",1742999757
312583663,inderme9828,Klee's SUPER DUPER LARGE Array!!!,OK,C++20 (GCC 13-64),1742999731
312583498,18839477663,The Legend of Freya the Frog,OK,"C++23 (GCC 14-64, msys2)",1742999664
312583404,tuanhoma,Minimize!,OK,GNU C11,1742999615
312582542,eulmelk,Yunli's Subarray Queries (hard version),WRONG_ANSWER,C++17 (GCC 7-32),1742999184
312582092,fancypanda,Klee's SUPER DUPER LARGE Array!!!,OK,C++17 (GCC 7-32),1742998982
312581646,ChenZHIyU,Minimize!,OK,"C++23 (GCC 14-64, msys2)",1742998779
312581586,ChenZHIyU,Minimize!,WRONG_ANSWER,"C++23 (GCC 14-64, msys2)",1742998751
312580619,eulmelk,Yunli's Subarray Queries (hard version),WRONG_ANSWER,C++17 (GCC 7-32),1742998313
312580579,Ibrahim-Abu-Assad,Minimize!,OK,C++17 (GCC 7-32),1742998296
312579991,inderme9828,Satyam and Counting,OK,C++20 (GCC 13-64),1742998031
312579911,ChenZHIyU,osu!mania,OK,"C++23 (GCC 14-64, msys2)",1742997994
312579702,inderme9828,Satyam and Counting,WRONG_ANSWER,C++20 (GCC 13-64),1742997910
312578722,inderme9828,Satyam and Counting,WRONG_ANSWER,C++20 (GCC 13-64),1742997484
312578614,18839477663,osu!mania,OK,"C++23 (GCC 14-64, msys2)",1742997436
312578461,reddy2354,The Legend of Freya the Frog,OK,"C++23 (GCC 14-64, msys2)",1742997377
312578322,reddy2354,The Legend of Freya the Frog,WRONG_ANSWER,"C++23 (GCC 14-64, msys2)",1742997318
312578195,jeevanavenkatreddy,Minimize!,OK,Java 8,1742997263
312577927,18839477663,Minimize!,OK,"C++23 (GCC 14-64, msys2)",1742997149
312575339,inderme9828,The Legend of Freya the Frog,OK,C++20 (GCC 13-64),1742996075
312574462,inderme9828,osu!mania,OK,C++20 (GCC 13-64),1742995699
312573572,inderme9828,Minimize!,OK,C++20 (GCC 13-64),1742995346
312572699,vansh_2005,Minimize!,OK,"C++23 (GCC 14-64, msys2)",1742994979
312570116,Ankit.x24,The Legend of Freya the Frog,WRONG_ANSWER,C++20 (GCC 13-64),1742993791
312569775,LoveAll,The Legend of Freya the Frog,WRONG_ANSWER,C++17 (GCC 7-32),1742993647
312569393,Ankit.x24,The Legend of Freya the Frog,WRONG_ANSWER,C++20 (GCC 13-64),1742993473
312569114,v4am3i,The Legend of Freya the Frog,WRONG_ANSWER,C++20 (GCC 13-64),1742993353
312568725,v4am3i,The Legend of Freya the Frog,RUNTIME_ERROR,C++20 (GCC 13-64),1742993175
312568599,v4am3i,The Legend of Freya the Frog,WRONG_ANSWER,C++20 (GCC 13-64),1742993116
312567694,v4am3i,The Legend of Freya the Frog,WRONG_ANSWER,C++20 (GCC 13-64),1742992688
312567585,v4am3i,The Legend of Freya the Frog,WRONG_ANSWER,C++20 (GCC 13-64),1742992639
312567427,v4am3i,The Legend of Freya the Frog,WRONG_ANSWER,C++20 (GCC 13-64),1742992570
312566318,3lo1129,Yunli's Subarray Queries (easy version),OK,"C++23 (GCC 14-64, msys2)",1742992062
312565240,kkkgangaji1,osu!mania,OK,C++17 (GCC 7-32),1742991597
312565060,v4am3i,The Legend of Freya the Frog,WRONG_ANSWER,C++20 (GCC 13-64),1742991516
312563359,v4am3i,The Legend of Freya the Frog,WRONG_ANSWER,C++20 (GCC 13-64),1742990766
312563240,kkkgangaji1,osu!mania,WRONG_ANSWER,C++17 (GCC 7-32),1742990719
312563134,v4am3i,The Legend of Freya the Frog,WRONG_ANSWER,C++20 (GCC 13-64),1742990680
312562982,v4am3i,osu!mania,WRONG_ANSWER,C++20 (GCC 13-64),1742990612
312562114,v4am3i,osu!mania,OK,C++20 (GCC 13-64),1742990260
312561999,v4am3i,osu!mania,WRONG_ANSWER,C++20 (GCC 13-64),1742990210
312561669,v4am3i,Minimize!,OK,C++20 (GCC 13-64),1742990063
312561601,v4am3i,osu!mania,WRONG_ANSWER,C++20 (GCC 13-64),1742990033
312561178,v4am3i,Minimize!,OK,C++20 (GCC 13-64),1742989851
312560618,leo2810,osu!mania,OK,C++17 (GCC 7-32),1742989635
312558970,songdachui,The Legend of Freya the Frog,OK,C++20 (GCC 13-64),1742988933
312556742,duka100,Minimize!,OK,C++17 (GCC 7-32),1742987896
312556677,duka100,Minimize!,WRONG_ANSWER,C++17 (GCC 7-32),1742987869
312555897,CacheMe,Satyam and Counting,OK,"C++23 (GCC 14-64, msys2)",1742987523
312552270,ThandaPrani,Yunli's Subarray Queries (easy version),OK,C++17 (GCC 7-32),1742985711
312550674,yeqixx,Satyam and Counting,OK,C++17 (GCC 7-32),1742984863
312548785,m0n_pacie,osu!mania,OK,"C++23 (GCC 14-64, msys2)",1742983910
312548740,CRISTI_STG,Minimize!,OK,"C++23 (GCC 14-64, msys2)",1742983891
312548513,thierrychan,Minimize!,OK,PyPy 3-64,1742983784
312548342,lazyBook,Satyam and Counting,TIME_LIMIT_EXCEEDED,PyPy 3-64,1742983688
312548120,lazyBook,Satyam and Counting,TIME_LIMIT_EXCEEDED,PyPy 3-64,1742983565
312546686,yeqixx,Satyam and Counting,TIME_LIMIT_EXCEEDED,C++17 (GCC 7-32),1742982856
312545975,yeqixx,Satyam and Counting,WRONG_ANSWER,C++17 (GCC 7-32),1742982472
312544909,i_love_qingyu,Yunli's Subarray Queries (hard version),OK,C++20 (GCC 13-64),1742981799
312544533,i_love_qingyu,Yunli's Subarray Queries (hard version),WRONG_ANSWER,C++20 (GCC 13-64),1742981571
312544439,fengling007,Firefly's Queries,OK,Java 21,1742981516
312544121,fengling007,Firefly's Queries,RUNTIME_ERROR,Java 21,1742981330
312544028,i_love_qingyu,Yunli's Subarray Queries (hard version),WRONG_ANSWER,C++20 (GCC 13-64),1742981280
312544011,Akashdeep_Maity,The Legend of Freya the Frog,OK,C++20 (GCC 13-64),1742981268
312542642,lazyBook,The Legend of Freya the Frog,OK,PyPy 3-64,1742980398
312541436,lazyBook,Minimize!,OK,PyPy 3-64,1742979643
312538385,Nushrat7644,Minimize!,OK,C++17 (GCC 7-32),1742977683
312536372,liwenqi,Minimize!,OK,C++20 (GCC 13-64),1742976330
312535733,Blaugranas,osu!mania,OK,"C++23 (GCC 14-64, msys2)",1742975902
312535690,Blaugranas,osu!mania,OK,"C++23 (GCC 14-64, msys2)",1742975875
312535509,Blaugranas,osu!mania,OK,"C++23 (GCC 14-64, msys2)",1742975740
312535448,Blaugranas,osu!mania,OK,"C++23 (GCC 14-64, msys2)",1742975701
312534174,aryan.dagar,The Legend of Freya the Frog,OK,C++17 (GCC 7-32),1742974763
312532613,DarkNight47Rises,osu!mania,OK,Python 3,1742973714
312529936,Himel22.0,Minimize!,OK,C++17 (GCC 7-32),1742971940
312528347,DarkNight47Rises,Minimize!,OK,Python 3,1742970680
312527693,leo2810,The Legend of Freya the Frog,OK,C++17 (GCC 7-32),1742970130
312526921,leo2810,The Legend of Freya the Frog,WRONG_ANSWER,C++17 (GCC 7-32),1742969683
312526232,leo2810,Minimize!,OK,C++17 (GCC 7-32),1742969266
312526033,Blackwolf04,The Legend of Freya the Frog,OK,C++17 (GCC 7-32),1742969130
312525975,Blackwolf04,The Legend of Freya the Frog,WRONG_ANSWER,C++17 (GCC 7-32),1742969085
312525970,lgxsx,The Legend of Freya the Frog,OK,C++17 (GCC 7-32),1742969082
312525899,lgxsx,The Legend of Freya the Frog,WRONG_ANSWER,C++17 (GCC 7-32),1742969035
312525800,lgxsx,The Legend of Freya the Frog,WRONG_ANSWER,C++17 (GCC 7-32),1742968973
312522459,hajisulemanjamali8,Minimize!,OK,"C++23 (GCC 14-64, msys2)",1742966512
312522305,hajisulemanjamali8,Minimize!,WRONG_ANSWER,"C++23 (GCC 14-64, msys2)",1742966410
312520824,Dark_Knight2006,The Legend of Freya the Frog,OK,C++17 (GCC 7-32),1742965325
312520332,Dark_Knight2006,The Legend of Freya the Frog,WRONG_ANSWER,C++17 (GCC 7-32),1742964942
312519415,kutedddd,The Legend of Freya the Frog,OK,C++17 (GCC 7-32),1742964256
312519352,kutedddd,osu!mania,WRONG_ANSWER,C++17 (GCC 7-32),1742964205
312518594,harishwark.cse2024,osu!mania,OK,Java 21,1742963649
312518208,jarin_tasnin_anika,Minimize!,OK,C++17 (GCC 7-32),1742963345
312518205,cocowally,Minimize!,OK,C++17 (GCC 7-32),1742963341
312517812,sridamul,osu!mania,OK,C++17 (GCC 7-32),1742962975
312516585,sridamul,Minimize!,OK,C++17 (GCC 7-32),1742961905
312516487,sridamul,Minimize!,WRONG_ANSWER,C++17 (GCC 7-32),1742961814
312516425,sridamul,Minimize!,WRONG_ANSWER,C++17 (GCC 7-32),1742961767
312514861,aryan.dagar,osu!mania,OK,C++17 (GCC 7-32),1742960376
312514621,aryan.dagar,osu!mania,WRONG_ANSWER,C++17 (GCC 7-32),1742960135
312514457,aryan.dagar,osu!mania,RUNTIME_ERROR,C++17 (GCC 7-32),1742959958
312513764,aryan.dagar,Minimize!,OK,C++17 (GCC 7-32),1742959263
312512766,reddy2354,The Legend of Freya the Frog,WRONG_ANSWER,"C++23 (GCC 14-64, msys2)",1742958181
312512422,reddy2354,The Legend of Freya the Frog,WRONG_ANSWER,"C++23 (GCC 14-64, msys2)",1742957849
312512263,reddy2354,The Legend of Freya the Frog,WRONG_ANSWER,"C++23 (GCC 14-64, msys2)",1742957683
312511317,Kener_Castillo,Satyam and Counting,OK,C++17 (GCC 7-32),1742956621
312509950,Kener_Castillo,Satyam and Counting,WRONG_ANSWER,C++17 (GCC 7-32),1742955095
312509216,Ines_chaieb,The Legend of Freya the Frog,OK,C++20 (GCC 13-64),1742954248
312508912,Ines_chaieb,The Legend of Freya the Frog,WRONG_ANSWER,C++20 (GCC 13-64),1742953873
312501532,anikamalya,The Legend of Freya the Frog,OK,C++17 (GCC 7-32),1742945114
312501332,anikamalya,The Legend of Freya the Frog,WRONG_ANSWER,C++17 (GCC 7-32),1742944769
312500622,grumpyonion,osu!mania,OK,"C++23 (GCC 14-64, msys2)",1742943695
312498670,grumpyonion,osu!mania,OK,"C++23 (GCC 14-64, msys2)",1742940899
312497797,Victorsitou,Minimize!,OK,"C++23 (GCC 14-64, msys2)",1742939889
312497668,Victorsitou,Klee's SUPER DUPER LARGE Array!!!,OK,"C++23 (GCC 14-64, msys2)",1742939735
312497391,pedrobatista,Minimize!,OK,"C++23 (GCC 14-64, msys2)",1742939415
312497066,Victorsitou,Klee's SUPER DUPER LARGE Array!!!,TIME_LIMIT_EXCEEDED,"C++23 (GCC 14-64, msys2)",1742939064
312496465,HemoSul,Minimize!,OK,"C++23 (GCC 14-64, msys2)",1742938478
312494074,aiman_02,Minimize!,OK,C++17 (GCC 7-32),1742936445
312493802,AKulhin,The Legend of Freya the Frog,OK,C++17 (GCC 7-32),1742936241
312493386,AKulhin,osu!mania,OK,C++17 (GCC 7-32),1742935914
312492560,AKulhin,osu!mania,WRONG_ANSWER,C++17 (GCC 7-32),1742935276
312491671,Khandeh_h,Firefly's Queries,COMPILATION_ERROR,"C++23 (GCC 14-64, msys2)",1742934577
312491629,AKulhin,osu!mania,WRONG_ANSWER,C++17 (GCC 7-32),1742934554
312490432,basharkhan24k_0,Minimize!,OK,C++17 (GCC 7-32),1742933663
312490262,basharkhan24k_0,Minimize!,COMPILATION_ERROR,GNU C11,1742933519
312489923,AKulhin,Minimize!,OK,C++17 (GCC 7-32),1742933261
312489033,vanshgarg8683,The Legend of Freya the Frog,OK,C++17 (GCC 7-32),1742932629
312488895,vanshgarg8683,The Legend of Freya the Frog,WRONG_ANSWER,C++17 (GCC 7-32),1742932532
312488273,Samin19,Minimize!,OK,C++20 (GCC 13-64),1742932109
312488258,SamSkull,Minimize!,OK,C++20 (GCC 13-64),1742932098
312487003,Kanheyalal,Yunli's Subarray Queries (easy version),OK,C++17 (GCC 7-32),1742931217
312486494,susus,Satyam and Counting,COMPILATION_ERROR,"C++23 (GCC 14-64, msys2)",1742930921
312485540,Pedreitorzelda,Firefly's Queries,TIME_LIMIT_EXCEEDED,C++17 (GCC 7-32),1742930360
312484420,vanshgarg8683,The Legend of Freya the Frog,WRONG_ANSWER,C++17 (GCC 7-32),1742929685
312479740,xor_cat,Yunli's Subarray Queries (hard version),OK,"C++23 (GCC 14-64, msys2)",1742926755
312479557,xor_cat,Yunli's Subarray Queries (hard version),WRONG_ANSWER,"C++23 (GCC 14-64, msys2)",1742926666
312479102,Aman0mishra,Minimize!,OK,GNU C11,1742926429
312478014,BerSerKeR07,Klee's SUPER DUPER LARGE Array!!!,OK,C++20 (GCC 13-64),1742925866
312477902,BerSerKeR07,Klee's SUPER DUPER LARGE Array!!!,WRONG_ANSWER,C++20 (GCC 13-64),1742925822
312477808,BerSerKeR07,Klee's SUPER DUPER LARGE Array!!!,COMPILATION_ERROR,C++20 (GCC 13-64),1742925775
312477252,Pandemania,The Legend of Freya the Frog,OK,C++17 (GCC 7-32),1742925509
312475170,talont,Satyam and Counting,OK,C++17 (GCC 7-32),1742924379
312475013,zubayer_al_kafi,The Legend of Freya the Frog,WRONG_ANSWER,C++17 (GCC 7-32),1742924301
312474273,talont,Satyam and Counting,WRONG_ANSWER,C++17 (GCC 7-32),1742923929
312474148,Irfan_207,Minimize!,OK,"C++23 (GCC 14-64, msys2)",1742923865
312473909,zubayer_al_kafi,The Legend of Freya the Frog,WRONG_ANSWER,C++17 (GCC 7-32),1742923769
312473619,talont,Satyam and Counting,TIME_LIMIT_EXCEEDED,C++17 (GCC 7-32),1742923642
312470652,emoncode42,Minimize!,OK,GNU C11,1742922519
312469898,prantakumerpandit,Minimize!,OK,C++17 (GCC 7-32),1742922267
312452957,mdgalibhossain,Minimize!,OK,C++20 (GCC 13-64),1742920072
312413737,lgxsx,The Legend of Freya the Frog,WRONG_ANSWER,C++17 (GCC 7-32),1742917010
312405094,Its_Prattik,Minimize!,OK,C++17 (GCC 7-32),1742916511
312367026,Siddesh_G_H,Minimize!,OK,PyPy 3-64,1742914738
312332601,ycperson,Satyam and Counting,OK,C++17 (GCC 7-32),1742912346
312332467,lgxsx,The Legend of Freya the Frog,WRONG_ANSWER,C++17 (GCC 7-32),1742912282
312332217,prakharm2004,Minimize!,OK,C++20 (GCC 13-64),1742912169
312332010,lgxsx,The Legend of Freya the Frog,WRONG_ANSWER,C++17 (GCC 7-32),1742912066
312330845,KishoreKarthick89,osu!mania,OK,C++20 (GCC 13-64),1742911534
312330756,KishoreKarthick89,osu!mania,WRONG_ANSWER,C++20 (GCC 13-64),1742911491
312330432,kyvnathanael28,The Legend of Freya the Frog,OK,C++17 (GCC 7-32),1742911330
312327809,BG-27,Minimize!,OK,C++17 (GCC 7-32),1742910200
312327606,Fist,Minimize!,OK,"C++23 (GCC 14-64, msys2)",1742910119
312327477,3b3a,osu!mania,OK,C++20 (GCC 13-64),1742910074
312326656,ICT_Puchika,Minimize!,OK,GNU C11,1742909722
312326301,ashabagam81,Minimize!,OK,GNU C11,1742909569
312324051,Yellow_93,osu!mania,OK,"C++23 (GCC 14-64, msys2)",1742908634
312324012,Pushkarjain,osu!mania,OK,C++17 (GCC 7-32),1742908614
312323485,shekharshawcoc,The Legend of Freya the Frog,OK,"C++23 (GCC 14-64, msys2)",1742908351
312323242,thusharyyy,Minimize!,OK,GNU C11,1742908221
312323132,TharunJerry,Minimize!,OK,GNU C11,1742908165
312323128,krs2005,Minimize!,OK,C++17 (GCC 7-32),1742908163
312322982,hasangiyosov603,osu!mania,OK,PyPy 3-64,1742908085
312322653,kauanWelter2,osu!mania,OK,C++20 (GCC 13-64),1742907934
312322564,shekharshawcoc,The Legend of Freya the Frog,WRONG_ANSWER,"C++23 (GCC 14-64, msys2)",1742907898
312322438,shekharshawcoc,The Legend of Freya the Frog,WRONG_ANSWER,"C++23 (GCC 14-64, msys2)",1742907841
312322240,shekharshawcoc,The Legend of Freya the Frog,WRONG_ANSWER,"C++23 (GCC 14-64, msys2)",1742907765
312321794,kauanWelter2,Minimize!,OK,C++20 (GCC 13-64),1742907543
312320615,scorpion,Satyam and Counting,OK,"C++23 (GCC 14-64, msys2)",1742906920
312320583,scorpion,Satyam and Counting,COMPILATION_ERROR,Python 3,1742906903
312315498,FreyExe,Klee's SUPER DUPER LARGE Array!!!,OK,PyPy 3-64,1742904513
312312774,queenhustler45,osu!mania,OK,PyPy 3-64,1742903186
312312734,jensonjenkins,Klee's SUPER DUPER LARGE Array!!!,OK,C++20 (GCC 13-64),1742903165
312312655,jensonjenkins,Klee's SUPER DUPER LARGE Array!!!,WRONG_ANSWER,C++20 (GCC 13-64),1742903133
312312642,queenhustler45,osu!mania,WRONG_ANSWER,PyPy 3-64,1742903129
312311589,Kushagra123,Minimize!,OK,C++17 (GCC 7-32),1742902619
312310909,XX_xunmeng,The Legend of Freya the Frog,OK,C++20 (GCC 13-64),1742902282
312310507,mehralii,Satyam and Counting,OK,"C++23 (GCC 14-64, msys2)",1742902085
312309980,Kushagra123,osu!mania,OK,C++17 (GCC 7-32),1742901842
312309426,mehralii,Satyam and Counting,WRONG_ANSWER,"C++23 (GCC 14-64, msys2)",1742901583
312309262,Shashi_S,Satyam and Counting,OK,C++17 (GCC 7-32),1742901501
312309160,Shashi_S,Satyam and Counting,WRONG_ANSWER,C++17 (GCC 7-32),1742901449
312307599,scorpion,The Legend of Freya the Frog,OK,Python 3,1742900617
312307508,scorpion,The Legend of Freya the Frog,WRONG_ANSWER,Python 3,1742900562
312307437,scorpion,The Legend of Freya the Frog,WRONG_ANSWER,Python 3,1742900528
312307190,scorpion,osu!mania,OK,Python 3,1742900386
312307147,itz_syruz,osu!mania,OK,PyPy 3-64,1742900367
312307076,scorpion,osu!mania,RUNTIME_ERROR,Python 3,1742900328
312306983,scorpion,osu!mania,RUNTIME_ERROR,Python 3,1742900279
312306777,scorpion,Minimize!,OK,Python 3,1742900160
312305485,Shashi_S,Klee's SUPER DUPER LARGE Array!!!,OK,C++17 (GCC 7-32),1742899439
312304466,bluetooxth,Minimize!,OK,"C++23 (GCC 14-64, msys2)",1742898860
312304257,zlyycz,osu!mania,OK,"C++23 (GCC 14-64, msys2)",1742898732
312303961,zahid1125,Minimize!,OK,C++17 (GCC 7-32),1742898566
312303272,sohana1806,Minimize!,OK,Java 8,1742898148
312299636,Mr.Arif644,osu!mania,OK,PyPy 3-64,1742896016
312299351,tammzx,Minimize!,OK,C++20 (GCC 13-64),1742895844
312298719,mukundagarawal9,The Legend of Freya the Frog,OK,Java 8,1742895507
312294475,Moayad30,osu!mania,OK,C++20 (GCC 13-64),1742893192
312293127,zhxbz,Klee's SUPER DUPER LARGE Array!!!,OK,C++20 (GCC 13-64),1742892408
312293074,zhxbz,Klee's SUPER DUPER LARGE Array!!!,RUNTIME_ERROR,C++20 (GCC 13-64),1742892378
312291979,zhxbz,Klee's SUPER DUPER LARGE Array!!!,WRONG_ANSWER,C++20 (GCC 13-64),1742891779
312291920,ak1b_hasan,osu!mania,OK,"C++23 (GCC 14-64, msys2)",1742891739
312291418,Moayad30,Minimize!,OK,C++20 (GCC 13-64),1742891475
312287683,kaslana-k423,Satyam and Counting,OK,C++17 (GCC 7-32),1742889049
312286396,Zoz,Yunli's Subarray Queries (easy version),OK,"C++23 (GCC 14-64, msys2)",1742888126
312286173,Zoz,Yunli's Subarray Queries (easy version),WRONG_ANSWER,"C++23 (GCC 14-64, msys2)",1742887966
312286061,Zoz,Yunli's Subarray Queries (easy version),WRONG_ANSWER,"C++23 (GCC 14-64, msys2)",1742887887
312283131,kaslana-k423,The Legend of Freya the Frog,OK,C++17 (GCC 7-32),1742885995
312282752,purnima2819sharma,Minimize!,OK,C++17 (GCC 7-32),1742885719
312282669,kaslana-k423,The Legend of Freya the Frog,WRONG_ANSWER,C++17 (GCC 7-32),1742885651
312281750,h2mnox,Minimize!,OK,C++17 (GCC 7-32),1742885021
312280383,kaslana-k423,osu!mania,OK,C++17 (GCC 7-32),1742884109
312277317,zvemiw9,Klee's SUPER DUPER LARGE Array!!!,OK,C++17 (GCC 7-32),1742881631
312273677,kaslana-k423,Minimize!,OK,C++17 (GCC 7-32),1742878384
312271726,KeepTrying123,Firefly's Queries,OK,C++17 (GCC 7-32),1742876590
312271052,AsifM,osu!mania,OK,GNU C11,1742875872
312270541,JesslynC.,The Legend of Freya the Frog,WRONG_ANSWER,C++20 (GCC 13-64),1742875328
312270373,JesslynC.,The Legend of Freya the Frog,OK,C++20 (GCC 13-64),1742875164
312269939,Dhrubo_CIPHER,osu!mania,OK,C++17 (GCC 7-32),1742874727
312267416,zhxbz,Satyam and Counting,OK,C++20 (GCC 13-64),1742872028
312266977,zhxbz,Satyam and Counting,WRONG_ANSWER,C++20 (GCC 13-64),1742871554
312266976,martinmaged777,The Legend of Freya the Frog,OK,C++17 (GCC 7-32),1742871548
312266883,Mero124,The Legend of Freya the Frog,OK,C++20 (GCC 13-64),1742871448
312266729,jensonjenkins,Satyam and Counting,OK,C++20 (GCC 13-64),1742871265
312266131,Mero124,The Legend of Freya the Frog,WRONG_ANSWER,C++20 (GCC 13-64),1742870582
312266009,Mero124,The Legend of Freya the Frog,WRONG_ANSWER,C++20 (GCC 13-64),1742870434
312265983,Mero124,The Legend of Freya the Frog,WRONG_ANSWER,C++20 (GCC 13-64),1742870404
312265923,Mero124,The Legend of Freya the Frog,WRONG_ANSWER,C++20 (GCC 13-64),1742870342
312265878,Mero124,The Legend of Freya the Frog,WRONG_ANSWER,C++20 (GCC 13-64),1742870294
312265684,kawseralam,osu!mania,OK,C++17 (GCC 7-32),1742870071
312265407,trishakatariya259,Minimize!,OK,"C++23 (GCC 14-64, msys2)",1742869746
312262106,Ashu_5,Minimize!,OK,C++17 (GCC 7-32),1742864794
312262050,WhyKash,Satyam and Counting,OK,"C++23 (GCC 14-64, msys2)",1742864723
312261940,WhyKash,Satyam and Counting,WRONG_ANSWER,"C++23 (GCC 14-64, msys2)",1742864542
312259388,AbdellahTahri,osu!mania,WRONG_ANSWER,C++17 (GCC 7-32),1742860476
312259373,Md_Ashiqul_Islam,The Legend of Freya the Frog,OK,C++20 (GCC 13-64),1742860451
312259328,Md_Ashiqul_Islam,The Legend of Freya the Frog,WRONG_ANSWER,C++20 (GCC 13-64),1742860390
312259170,Md_Ashiqul_Islam,The Legend of Freya the Frog,WRONG_ANSWER,C++20 (GCC 13-64),1742860131
312258884,AbdellahTahri,Minimize!,OK,C++17 (GCC 7-32),1742859613
312258278,TamimBhai,The Legend of Freya the Frog,OK,C++17 (GCC 7-32),1742858648
312255617,mateoandrewquinteros,Minimize!,OK,Python 3,1742854823
312254270,AvengerNabil,Minimize!,OK,Python 3,1742853297
312253693,Abood-_-Elayan,osu!mania,OK,"C++23 (GCC 14-64, msys2)",1742852716
312249310,alezrh,Minimize!,OK,C++17 (GCC 7-32),1742849084
312249227,--RohAn,Yunli's Subarray Queries (easy version),OK,C++17 (GCC 7-32),1742849021
312248222,neel19,The Legend of Freya the Frog,OK,C++20 (GCC 13-64),1742848345
312246984,neel19,The Legend of Freya the Frog,WRONG_ANSWER,C++20 (GCC 13-64),1742847505
312246637,neel19,The Legend of Freya the Frog,OK,C++20 (GCC 13-64),1742847270
312246125,tahmid.haque,The Legend of Freya the Frog,OK,"C++23 (GCC 14-64, msys2)",1742846903
312245875,heyubayed,The Legend of Freya the Frog,OK,C++17 (GCC 7-32),1742846725
312245768,tahmid.haque,The Legend of Freya the Frog,WRONG_ANSWER,"C++23 (GCC 14-64, msys2)",1742846656
312245648,tahmid.haque,The Legend of Freya the Frog,WRONG_ANSWER,"C++23 (GCC 14-64, msys2)",1742846569
312244808,neel19,The Legend of Freya the Frog,WRONG_ANSWER,C++20 (GCC 13-64),1742845992
312244635,heyubayed,The Legend of Freya the Frog,WRONG_ANSWER,C++17 (GCC 7-32),1742845879
312243865,heyubayed,The Legend of Freya the Frog,WRONG_ANSWER,C++17 (GCC 7-32),1742845394
312242010,urosssst,Yunli's Subarray Queries (easy version),OK,C++17 (GCC 7-32),1742844261
312241222,Carlos,Minimize!,OK,C++17 (GCC 7-32),1742843763
312240790,aniket29,The Legend of Freya the Frog,OK,C++20 (GCC 13-64),1742843473
312240541,aniket29,The Legend of Freya the Frog,WRONG_ANSWER,C++20 (GCC 13-64),1742843336
312240515,aniket29,The Legend of Freya the Frog,WRONG_ANSWER,C++20 (GCC 13-64),1742843315
312240463,aniket29,The Legend of Freya the Frog,WRONG_ANSWER,C++20 (GCC 13-64),1742843279
312240383,aniket29,The Legend of Freya the Frog,WRONG_ANSWER,C++20 (GCC 13-64),1742843226
312239197,1_8_0_2,Minimize!,OK,Python 3,1742842533
312238293,Mehedi2003,osu!mania,OK,C++17 (GCC 7-32),1742842006
312238079,Mehedi2003,osu!mania,RUNTIME_ERROR,C++17 (GCC 7-32),1742841884
312237763,ThieuTuong,osu!mania,OK,C++17 (GCC 7-32),1742841711
312237645,dsr369,osu!mania,OK,C++17 (GCC 7-32),1742841651
312237531,Mehedi2003,osu!mania,RUNTIME_ERROR,C++17 (GCC 7-32),1742841598
312237259,3amo_joe,The Legend of Freya the Frog,OK,C++20 (GCC 13-64),1742841441
312237082,3amo_joe,The Legend of Freya the Frog,WRONG_ANSWER,C++20 (GCC 13-64),1742841346
312236747,3amo_joe,The Legend of Freya the Frog,WRONG_ANSWER,C++20 (GCC 13-64),1742841169
312236617,3amo_joe,The Legend of Freya the Frog,WRONG_ANSWER,C++20 (GCC 13-64),1742841102
312236319,princebombastic,Klee's SUPER DUPER LARGE Array!!!,OK,C++20 (GCC 13-64),1742840943
312236226,50-shades-dorker,Minimize!,OK,Python 3,1742840901
312236149,3amo_joe,The Legend of Freya the Frog,WRONG_ANSWER,C++20 (GCC 13-64),1742840861
312235810,3amo_joe,The Legend of Freya the Frog,WRONG_ANSWER,C++20 (GCC 13-64),1742840711
312235445,princebombastic,Klee's SUPER DUPER LARGE Array!!!,OK,C++20 (GCC 13-64),1742840534
312235250,3amo_joe,The Legend of Freya the Frog,WRONG_ANSWER,C++20 (GCC 13-64),1742840439
312233090,krunal_2006,osu!mania,OK,C++17 (GCC 7-32),1742839289
312231743,clement1n0t,The Legend of Freya the Frog,OK,C++17 (GCC 7-32),1742838654
312231466,reddy2354,osu!mania,OK,"C++23 (GCC 14-64, msys2)",1742838501
312231316,clement1n0t,The Legend of Freya the Frog,WRONG_ANSWER,C++17 (GCC 7-32),1742838423
312230667,Tejasuya,osu!mania,OK,C++17 (GCC 7-32),1742838073
312230400,xor_cat,Yunli's Subarray Queries (easy version),OK,"C++23 (GCC 14-64, msys2)",1742837948
312230389,xor_cat,Yunli's Subarray Queries (easy version),OK,"C++23 (GCC 14-64, msys2)",1742837942
312230320,reddy2354,Minimize!,OK,"C++23 (GCC 14-64, msys2)",1742837909
312230245,tanuja_goli,Firefly's Queries,OK,C++17 (GCC 7-32),1742837875
312230013,Md.Rashel,The Legend of Freya the Frog,OK,C++17 (GCC 7-32),1742837770
312229861,Tejasuya,osu!mania,WRONG_ANSWER,C++17 (GCC 7-32),1742837703
312229705,Tejasuya,osu!mania,WRONG_ANSWER,C++17 (GCC 7-32),1742837627
312229380,alpha04,The Legend of Freya the Frog,OK,GNU C11,1742837477
312229083,Md.Rashel,The Legend of Freya the Frog,WRONG_ANSWER,C++17 (GCC 7-32),1742837347
312228868,Tejasuya,Minimize!,OK,C++17 (GCC 7-32),1742837237
312228563,sajib_70,The Legend of Freya the Frog,WRONG_ANSWER,C++17 (GCC 7-32),1742837105
312227907,Dhruvi__,Minimize!,OK,Python 3,1742836804
312227711,3amo_joe,osu!mania,OK,C++20 (GCC 13-64),1742836716
312227443,Conqurer_Abdullah,Minimize!,RUNTIME_ERROR,Python 3,1742836617
312227292,3amo_joe,osu!mania,WRONG_ANSWER,C++20 (GCC 13-64),1742836543
312226874,3amo_joe,osu!mania,WRONG_ANSWER,C++20 (GCC 13-64),1742836341
312226577,dsr369,Minimize!,OK,C++17 (GCC 7-32),1742836199
312226485,Priyanshuj342,Satyam and Counting,OK,C++17 (GCC 7-32),1742836153
312226183,fmy45,The Legend of Freya the Frog,WRONG_ANSWER,C++17 (GCC 7-32),1742836009
312225960,fmy45,The Legend of Freya the Frog,TIME_LIMIT_EXCEEDED,C++17 (GCC 7-32),1742835899
312225901,3amo_joe,Minimize!,OK,C++20 (GCC 13-64),1742835871
312225523,parteekoncode,The Legend of Freya the Frog,OK,"C++23 (GCC 14-64, msys2)",1742835683
312225426,parteekoncode,The Legend of Freya the Frog,WRONG_ANSWER,"C++23 (GCC 14-64, msys2)",1742835646
312225351,fmy45,The Legend of Freya the Frog,WRONG_ANSWER,C++17 (GCC 7-32),1742835605
312225236,fmy45,The Legend of Freya the Frog,WRONG_ANSWER,C++17 (GCC 7-32),1742835552
312225109,Priyanshuj342,Satyam and Counting,WRONG_ANSWER,C++17 (GCC 7-32),1742835483
312224836,Priyanshuj342,Satyam and Counting,WRONG_ANSWER,C++17 (GCC 7-32),1742835358
312224577,Priyanshuj342,Satyam and Counting,WRONG_ANSWER,C++17 (GCC 7-32),1742835228
312223256,_Sentry,osu!mania,OK,C++17 (GCC 7-32),1742834602
312223158,--Sirius--,Minimize!,OK,"C++23 (GCC 14-64, msys2)",1742834547
312221709,chiragshirsath,Klee's SUPER DUPER LARGE Array!!!,OK,"C++23 (GCC 14-64, msys2)",1742833745
312221706,jianjain,osu!mania,OK,"C++23 (GCC 14-64, msys2)",1742833744
312221019,parteekoncode,Klee's SUPER DUPER LARGE Array!!!,OK,"C++23 (GCC 14-64, msys2)",1742833381
312220399,jianjain,Minimize!,OK,"C++23 (GCC 14-64, msys2)",1742833057
312218903,parteekoncode,Satyam and Counting,OK,"C++23 (GCC 14-64, msys2)",1742832337
312218532,chiragshirsath,Satyam and Counting,OK,"C++23 (GCC 14-64, msys2)",1742832145
312217217,rahi79,Minimize!,OK,GNU C11,1742831530
312217062,parteekoncode,The Legend of Freya the Frog,WRONG_ANSWER,"C++23 (GCC 14-64, msys2)",1742831450
312216282,parteekoncode,The Legend of Freya the Frog,WRONG_ANSWER,"C++23 (GCC 14-64, msys2)",1742831069
312215756,Kalyu4ka,The Legend of Freya the Frog,WRONG_ANSWER,PyPy 3-64,1742830810
312215652,Kalyu4ka,The Legend of Freya the Frog,WRONG_ANSWER,PyPy 3-64,1742830752
312215507,chiragshirsath,The Legend of Freya the Frog,OK,"C++23 (GCC 14-64, msys2)",1742830679
312215445,parteekoncode,osu!mania,OK,"C++23 (GCC 14-64, msys2)",1742830651
312215432,Kalyu4ka,The Legend of Freya the Frog,WRONG_ANSWER,PyPy 3-64,1742830644
312214998,chiragshirsath,osu!mania,OK,"C++23 (GCC 14-64, msys2)",1742830443
312214845,parteekoncode,Minimize!,OK,"C++23 (GCC 14-64, msys2)",1742830371
312214780,parteekoncode,Minimize!,COMPILATION_ERROR,"C++23 (GCC 14-64, msys2)",1742830340
312214683,chiragshirsath,Minimize!,OK,"C++23 (GCC 14-64, msys2)",1742830294
312213220,Bhumi07,Firefly's Queries,OK,C++17 (GCC 7-32),1742829621
312211354,saikatgain630,Minimize!,OK,Java 21,1742828810
312211331,SrEy_P-0-7,Satyam and Counting,OK,"C++23 (GCC 14-64, msys2)",1742828800
312210638,alifjobaer12,Minimize!,OK,"C++23 (GCC 14-64, msys2)",1742828475
312210538,IrfanKarim,The Legend of Freya the Frog,OK,"C++23 (GCC 14-64, msys2)",1742828433
312210385,IrfanKarim,The Legend of Freya the Frog,WRONG_ANSWER,"C++23 (GCC 14-64, msys2)",1742828362
312210204,IrfanKarim,The Legend of Freya the Frog,WRONG_ANSWER,"C++23 (GCC 14-64, msys2)",1742828286
312209480,IrfanKarim,The Legend of Freya the Frog,WRONG_ANSWER,"C++23 (GCC 14-64, msys2)",1742827951
312209339,IrfanKarim,The Legend of Freya the Frog,WRONG_ANSWER,"C++23 (GCC 14-64, msys2)",1742827890
312208529,Dobby_Code,The Legend of Freya the Frog,OK,C++17 (GCC 7-32),1742827502
312207027,IrfanKarim,The Legend of Freya the Frog,WRONG_ANSWER,"C++23 (GCC 14-64, msys2)",1742826871
312206882,vjudgeacc1,osu!mania,OK,C++17 (GCC 7-32),1742826802
312205022,snippet8,Minimize!,OK,Java 21,1742825982
312204567,2022831007,Minimize!,OK,C++17 (GCC 7-32),1742825793
312203805,Fat1512,osu!mania,OK,C++17 (GCC 7-32),1742825455
312203090,Fat1512,The Legend of Freya the Frog,OK,C++17 (GCC 7-32),1742825161
312202949,kyvnathanael28,The Legend of Freya the Frog,WRONG_ANSWER,C++17 (GCC 7-32),1742825107
312201272,IrfanKarim,The Legend of Freya the Frog,WRONG_ANSWER,"C++23 (GCC 14-64, msys2)",1742824395
312200583,IrfanKarim,The Legend of Freya the Frog,WRONG_ANSWER,"C++23 (GCC 14-64, msys2)",1742824094
312197045,Anninda,Minimize!,OK,GNU C11,1742822721
312194046,saimun000,Minimize!,OK,GNU C11,1742821414
312192326,aitieva,Minimize!,OK,Python 3,1742820647
312186867,kamulboyev__diyorbek,osu!mania,OK,Python 3,1742818094
312186019,Priyanshuj342,The Legend of Freya the Frog,OK,C++17 (GCC 7-32),1742817727
312185118,Priyanshuj342,The Legend of Freya the Frog,WRONG_ANSWER,C++17 (GCC 7-32),1742817286
312184047,Dhur_miya,Minimize!,OK,"C++23 (GCC 14-64, msys2)",1742816730
312183014,_faisal,The Legend of Freya the Frog,OK,"C++23 (GCC 14-64, msys2)",1742816212
312182412,Piyush0512,Minimize!,OK,C++20 (GCC 13-64),1742815920
312182224,_faisal,The Legend of Freya the Frog,OK,"C++23 (GCC 14-64, msys2)",1742815846
312182134,_faisal,The Legend of Freya the Frog,WRONG_ANSWER,"C++23 (GCC 14-64, msys2)",1742815796
312181645,Priyanshuj342,osu!mania,OK,C++17 (GCC 7-32),1742815559
312180451,Priyanshuj342,Minimize!,OK,C++17 (GCC 7-32),1742814966
312180309,ArturDead,Minimize!,OK,Java 21,1742814902
312179808,penglvda,Minimize!,OK,"C++23 (GCC 14-64, msys2)",1742814656
312178929,4evercl,Minimize!,OK,PyPy 3-64,1742814190
312178155,fanXvirat,Satyam and Counting,OK,C++17 (GCC 7-32),1742813735
312177976,fanXvirat,Satyam and Counting,WRONG_ANSWER,C++17 (GCC 7-32),1742813641
312177756,fanXvirat,Satyam and Counting,WRONG_ANSWER,C++17 (GCC 7-32),1742813505
312177565,luck6x,The Legend of Freya the Frog,WRONG_ANSWER,C++20 (GCC 13-64),1742813407
312177035,luck6x,The Legend of Freya the Frog,WRONG_ANSWER,C++20 (GCC 13-64),1742813106
312176647,kshitija_j,Satyam and Counting,WRONG_ANSWER,Java 8,1742812892
312176587,luck6x,The Legend of Freya the Frog,WRONG_ANSWER,C++20 (GCC 13-64),1742812862
312176285,tasnia_rahman,osu!mania,OK,GNU C11,1742812695
312175784,luck6x,The Legend of Freya the Frog,WRONG_ANSWER,C++20 (GCC 13-64),1742812407
312175480,luck6x,The Legend of Freya the Frog,WRONG_ANSWER,C++20 (GCC 13-64),1742812218
312175388,luck6x,The Legend of Freya the Frog,WRONG_ANSWER,C++20 (GCC 13-64),1742812159
312175328,adbang,Firefly's Queries,TIME_LIMIT_EXCEEDED,C++17 (GCC 7-32),1742812117
312175159,imtiazzihad,osu!mania,OK,C++17 (GCC 7-32),1742812014
312173786,_1234567_,Firefly's Queries,OK,C++17 (GCC 7-32),1742811180
312173694,Dipto_C7,Minimize!,OK,GNU C11,1742811120
312173288,altqi,Klee's SUPER DUPER LARGE Array!!!,OK,PyPy 3-64,1742810870
312173261,altqi,Klee's SUPER DUPER LARGE Array!!!,COMPILATION_ERROR,C++20 (GCC 13-64),1742810857
312172455,kshitija_j,The Legend of Freya the Frog,OK,Java 8,1742810381
312172150,adbang,Firefly's Queries,RUNTIME_ERROR,C++17 (GCC 7-32),1742810197
312171248,Anninda,osu!mania,OK,GNU C11,1742809677
312169454,kshitija_j,The Legend of Freya the Frog,WRONG_ANSWER,Java 8,1742808754
312169386,ByteMastermind,Minimize!,OK,GNU C11,1742808724
312168665,akula_1411,The Legend of Freya the Frog,OK,PyPy 3-64,1742808325
312167258,Jackie-Chan,Yunli's Subarray Queries (easy version),OK,C++20 (GCC 13-64),1742807535
312167173,kshitija_j,osu!mania,OK,Java 8,1742807478
312165825,kshitija_j,Minimize!,OK,Java 8,1742806711
312163854,Byf23333,Yunli's Subarray Queries (hard version),OK,C++20 (GCC 13-64),1742805566
312162818,lololollo,Klee's SUPER DUPER LARGE Array!!!,WRONG_ANSWER,"C++23 (GCC 14-64, msys2)",1742804935
312162795,Byf23333,Yunli's Subarray Queries (hard version),WRONG_ANSWER,C++20 (GCC 13-64),1742804920
312162742,lololollo,Klee's SUPER DUPER LARGE Array!!!,WRONG_ANSWER,"C++23 (GCC 14-64, msys2)",1742804894
312162674,lololollo,Klee's SUPER DUPER LARGE Array!!!,WRONG_ANSWER,"C++23 (GCC 14-64, msys2)",1742804853
312161112,Amangely.Balausa,The Legend of Freya the Frog,OK,PyPy 3-64,1742803933
312160828,Amim,Minimize!,OK,C++17 (GCC 7-32),1742803767
312160388,Amangely.Balausa,The Legend of Freya the Frog,WRONG_ANSWER,PyPy 3-64,1742803518
312160211,Byf23333,Yunli's Subarray Queries (easy version),OK,C++20 (GCC 13-64),1742803412
312160120,Amangely.Balausa,The Legend of Freya the Frog,WRONG_ANSWER,PyPy 3-64,1742803355
312159771,chi_nmay,Firefly's Queries,OK,C++17 (GCC 7-32),1742803133
312158816,saimashahabuddin1806,Minimize!,OK,C++17 (GCC 7-32),1742802490
312156816,saimashahabuddin1806,Minimize!,OK,C++17 (GCC 7-32),1742801129
312156435,Tej_Jikadara,Klee's SUPER DUPER LARGE Array!!!,OK,"C++23 (GCC 14-64, msys2)",1742800909
312153433,atkiya,Yunli's Subarray Queries (easy version),OK,C++20 (GCC 13-64),1742799116
312153086,lololollo,Klee's SUPER DUPER LARGE Array!!!,TIME_LIMIT_EXCEEDED,"C++23 (GCC 14-64, msys2)",1742798910
312152435,adbang,Firefly's Queries,TIME_LIMIT_EXCEEDED,C++17 (GCC 7-32),1742798525
312152239,adbang,Firefly's Queries,TIME_LIMIT_EXCEEDED,C++17 (GCC 7-32),1742798406
312151922,sidhu-siddhesh,Minimize!,OK,PyPy 3-64,1742798197
312151681,elrama,Minimize!,OK,C++17 (GCC 7-32),1742798030
312151223,tuhin_biswas,osu!mania,OK,GNU C11,1742797705
312150698,tuhin_biswas,osu!mania,WRONG_ANSWER,GNU C11,1742797381
312147877,shreyashgurav,Minimize!,OK,Java 21,1742795594
312146751,aw9250,Minimize!,OK,Java 21,1742794693
312146633,tvimal002,Satyam and Counting,OK,C++17 (GCC 7-32),1742794604
312146431,tvimal002,Satyam and Counting,WRONG_ANSWER,C++17 (GCC 7-32),1742794433
312146299,tvimal002,Satyam and Counting,WRONG_ANSWER,C++17 (GCC 7-32),1742794337
312145727,adityapat27,Klee's SUPER DUPER LARGE Array!!!,OK,"C++23 (GCC 14-64, msys2)",1742793889
312144562,adityapat27,Satyam and Counting,OK,"C++23 (GCC 14-64, msys2)",1742792959
312144456,adityapat27,Satyam and Counting,WRONG_ANSWER,"C++23 (GCC 14-64, msys2)",1742792870
312144290,adityapat27,Satyam and Counting,COMPILATION_ERROR,"C++23 (GCC 14-64, msys2)",1742792733
312143667,zeba_maliha340,Minimize!,OK,GNU C11,1742792155
312143036,activecamel,Yunli's Subarray Queries (easy version),OK,"C++23 (GCC 14-64, msys2)",1742791573
312142689,Inwza007,Minimize!,OK,C++17 (GCC 7-32),1742791267
312142445,adityapat27,The Legend of Freya the Frog,OK,"C++23 (GCC 14-64, msys2)",1742791028
312142187,activecamel,Yunli's Subarray Queries (easy version),WRONG_ANSWER,"C++23 (GCC 14-64, msys2)",1742790756
312141979,eslamkhalil00,Minimize!,OK,C++17 (GCC 7-32),1742790520
312141364,adityapat27,osu!mania,OK,"C++23 (GCC 14-64, msys2)",1742789732
312141230,adityapat27,osu!mania,WRONG_ANSWER,"C++23 (GCC 14-64, msys2)",1742789589
312141183,adityapat27,osu!mania,COMPILATION_ERROR,"C++23 (GCC 14-64, msys2)",1742789535
312141158,oZxpnguin,The Legend of Freya the Frog,OK,"C++23 (GCC 14-64, msys2)",1742789503
312141149,adityapat27,osu!mania,COMPILATION_ERROR,"C++23 (GCC 14-64, msys2)",1742789493
312140897,oZxpnguin,The Legend of Freya the Frog,WRONG_ANSWER,"C++23 (GCC 14-64, msys2)",1742789198
312140872,adityapat27,Minimize!,OK,"C++23 (GCC 14-64, msys2)",1742789176
312140740,adityapat27,Minimize!,WRONG_ANSWER,"C++23 (GCC 14-64, msys2)",1742789019
312140517,oZxpnguin,The Legend of Freya the Frog,WRONG_ANSWER,"C++23 (GCC 14-64, msys2)",1742788764
312139890,activecamel,Yunli's Subarray Queries (easy version),TIME_LIMIT_EXCEEDED,"C++23 (GCC 14-64, msys2)",1742788021
312138103,oZxpnguin,osu!mania,OK,"C++23 (GCC 14-64, msys2)",1742786136
312137389,oZxpnguin,Minimize!,OK,"C++23 (GCC 14-64, msys2)",1742785349
312136858,rehan_khan575,Minimize!,OK,Python 3,1742784708
312136085,AlifSrSE,The Legend of Freya the Frog,OK,Python 3,1742783800
312135906,AlifSrSE,Minimize!,OK,Python 3,1742783580
312135325,Ashu_5,osu!mania,OK,C++17 (GCC 7-32),1742782908
312134849,martinmaged777,The Legend of Freya the Frog,WRONG_ANSWER,C++17 (GCC 7-32),1742782335
312133538,muhammad_saif1000,osu!mania,OK,PyPy 3-64,1742780703
312133321,muhammad_saif1000,osu!mania,WRONG_ANSWER,PyPy 3-64,1742780445
312133068,Ti7,Minimize!,OK,C++17 (GCC 7-32),1742780101
312132448,Karuizawakei2006,The Legend of Freya the Frog,WRONG_ANSWER,"C++23 (GCC 14-64, msys2)",1742779253
312132353,Karuizawakei2006,The Legend of Freya the Frog,WRONG_ANSWER,"C++23 (GCC 14-64, msys2)",1742779145
312129011,kawseralam,Minimize!,OK,C++17 (GCC 7-32),1742774160
312128957,timepass_cp,Minimize!,OK,C++17 (GCC 7-32),1742774059
312128946,timepass_cp,Minimize!,COMPILATION_ERROR,GNU C11,1742774043
312128290,kawseralam,Minimize!,WRONG_ANSWER,C++17 (GCC 7-32),1742773004
312127673,grumpyonion,Minimize!,OK,"C++23 (GCC 14-64, msys2)",1742772008
312126018,pds_09,Firefly's Queries,OK,C++17 (GCC 7-32),1742769256
312125959,pds_09,Firefly's Queries,WRONG_ANSWER,C++17 (GCC 7-32),1742769168
312125249,Hamzeh_Miqdad,Klee's SUPER DUPER LARGE Array!!!,OK,C++20 (GCC 13-64),1742768062
312119831,activecamel,Klee's SUPER DUPER LARGE Array!!!,OK,"C++23 (GCC 14-64, msys2)",1742762456
312117916,dummyDax,Minimize!,OK,"C++23 (GCC 14-64, msys2)",1742760786
312117680,pallindrome,The Legend of Freya the Frog,OK,C++17 (GCC 7-32),1742760598
312117361,activecamel,Klee's SUPER DUPER LARGE Array!!!,MEMORY_LIMIT_EXCEEDED,"C++23 (GCC 14-64, msys2)",1742760353
312117169,activecamel,Klee's SUPER DUPER LARGE Array!!!,WRONG_ANSWER,"C++23 (GCC 14-64, msys2)",1742760206
312116560,pallindrome,The Legend of Freya the Frog,WRONG_ANSWER,C++17 (GCC 7-32),1742759717
312116342,BAT88,Minimize!,OK,"C++23 (GCC 14-64, msys2)",1742759553
312114213,Ahmed_atef2006,Minimize!,OK,GNU C11,1742758024
312113569,yashrathi123,osu!mania,OK,Java 21,1742757590
312111618,paulo.pr,The Legend of Freya the Frog,OK,"C++23 (GCC 14-64, msys2)",1742756261
312108794,ParthAgrawal1967,The Legend of Freya the Frog,OK,Java 21,1742754504
312108015,leoo_v1a,Minimize!,OK,"C++23 (GCC 14-64, msys2)",1742754051
312107905,sajib_70,The Legend of Freya the Frog,TIME_LIMIT_EXCEEDED,C++17 (GCC 7-32),1742753993
312106885,sajib_70,The Legend of Freya the Frog,TIME_LIMIT_EXCEEDED,C++17 (GCC 7-32),1742753364
312106645,sanskar_502,osu!mania,OK,C++17 (GCC 7-32),1742753228
312105777,tle_adi,The Legend of Freya the Frog,OK,C++17 (GCC 7-32),1742752687
312105372,shukhrat.fayzulla,osu!mania,OK,Python 3,1742752456
312105337,M1racleMan,Minimize!,OK,PyPy 3-64,1742752438
312105011,Md._Arif_Wazed_Hossain,Minimize!,OK,C++17 (GCC 7-32),1742752249
312104937,sajib_70,The Legend of Freya the Frog,WRONG_ANSWER,C++17 (GCC 7-32),1742752202
312104708,tle_adi,The Legend of Freya the Frog,WRONG_ANSWER,C++17 (GCC 7-32),1742752077
312102011,funky_Q,Firefly's Queries,OK,C++17 (GCC 7-32),1742750565
312101869,funky_Q,Firefly's Queries,WRONG_ANSWER,C++17 (GCC 7-32),1742750488
312101688,funky_Q,Firefly's Queries,COMPILATION_ERROR,C++17 (GCC 7-32),1742750368
312101506,funky_Q,Firefly's Queries,WRONG_ANSWER,C++17 (GCC 7-32),1742750256
312101457,tle_adi,The Legend of Freya the Frog,WRONG_ANSWER,C++17 (GCC 7-32),1742750221
312101024,funky_Q,Firefly's Queries,WRONG_ANSWER,C++17 (GCC 7-32),1742749928
312100926,ImmortalSolver,osu!mania,OK,PyPy 3-64,1742749876
312100579,funky_Q,Firefly's Queries,WRONG_ANSWER,C++17 (GCC 7-32),1742749683
312100300,Rahatun_Alam,Minimize!,OK,Python 3,1742749536
312100088,funky_Q,Firefly's Queries,WRONG_ANSWER,C++17 (GCC 7-32),1742749402
312099861,funky_Q,Firefly's Queries,WRONG_ANSWER,C++17 (GCC 7-32),1742749267
312099548,aban18,The Legend of Freya the Frog,WRONG_ANSWER,C++17 (GCC 7-32),1742749085
312099464,adnan110,Minimize!,OK,"C++23 (GCC 14-64, msys2)",1742749043
312099449,sudipta877,The Legend of Freya the Frog,OK,C++17 (GCC 7-32),1742749035
312099262,aban18,The Legend of Freya the Frog,WRONG_ANSWER,C++17 (GCC 7-32),1742748942
312099183,funky_Q,Firefly's Queries,WRONG_ANSWER,C++17 (GCC 7-32),1742748900
312098849,funky_Q,Firefly's Queries,WRONG_ANSWER,C++17 (GCC 7-32),1742748714
312098155,tle_adi,osu!mania,OK,C++17 (GCC 7-32),1742748265
312097308,funky_Q,Firefly's Queries,WRONG_ANSWER,C++17 (GCC 7-32),1742747724
312097299,tle_adi,Minimize!,OK,C++17 (GCC 7-32),1742747718
312097195,tle_adi,Minimize!,WRONG_ANSWER,C++17 (GCC 7-32),1742747647
312097043,tle_adi,Minimize!,WRONG_ANSWER,C++17 (GCC 7-32),1742747543
312095951,funky_Q,Firefly's Queries,WRONG_ANSWER,C++17 (GCC 7-32),1742746816
312095830,23wh1a12b3,osu!mania,OK,"C++23 (GCC 14-64, msys2)",1742746741
312095398,Vaishnavi_Kotturi,Minimize!,OK,Java 8,1742746483
312094591,funky_Q,Firefly's Queries,WRONG_ANSWER,C++17 (GCC 7-32),1742745979
312094340,funky_Q,Firefly's Queries,WRONG_ANSWER,C++17 (GCC 7-32),1742745835
312093908,Kol-UI,The Legend of Freya the Frog,RUNTIME_ERROR,C# 10,1742745566
312093880,funky_Q,Firefly's Queries,WRONG_ANSWER,C++17 (GCC 7-32),1742745544
312093826,Kol-UI,The Legend of Freya the Frog,RUNTIME_ERROR,C# 10,1742745510
312093753,Kol-UI,The Legend of Freya the Frog,RUNTIME_ERROR,C# 10,1742745455
312093606,Kol-UI,The Legend of Freya the Frog,RUNTIME_ERROR,C# 10,1742745377
312093480,Kol-UI,The Legend of Freya the Frog,RUNTIME_ERROR,C# 10,1742745292
312092924,Ami_Nafi,osu!mania,OK,C++17 (GCC 7-32),1742744999
312092749,Amit_Khedar,The Legend of Freya the Frog,OK,"C++23 (GCC 14-64, msys2)",1742744901
312092748,SantiaxD,The Legend of Freya the Frog,OK,"C++23 (GCC 14-64, msys2)",1742744900
312092509,funky_Q,Firefly's Queries,WRONG_ANSWER,C++17 (GCC 7-32),1742744775
312092315,SantiaxD,The Legend of Freya the Frog,WRONG_ANSWER,"C++23 (GCC 14-64, msys2)",1742744670
312091492,souravsaran155,Minimize!,OK,C++17 (GCC 7-32),1742744223
312091453,funky_Q,Firefly's Queries,WRONG_ANSWER,C++17 (GCC 7-32),1742744206
312091427,souravsaran155,Minimize!,COMPILATION_ERROR,C++17 (GCC 7-32),1742744196
312091064,s0ld4t1k,Minimize!,OK,Python 3,1742743988
312090891,LanFey,The Legend of Freya the Frog,OK,"C++23 (GCC 14-64, msys2)",1742743891
312090518,funky_Q,Firefly's Queries,WRONG_ANSWER,C++17 (GCC 7-32),1742743688
312087914,Eternal_beauty,Minimize!,OK,C++20 (GCC 13-64),1742742204
312087862,_for_cp_,osu!mania,OK,C++17 (GCC 7-32),1742742175
312087007,aayu1401,Satyam and Counting,OK,C++17 (GCC 7-32),1742741713
312086912,AshwinSagar1,Minimize!,OK,Java 21,1742741667
312086852,aayu1401,Satyam and Counting,WRONG_ANSWER,C++17 (GCC 7-32),1742741632
312085504,funky_Q,Firefly's Queries,WRONG_ANSWER,C++17 (GCC 7-32),1742740957
312085145,funky_Q,Firefly's Queries,WRONG_ANSWER,C++17 (GCC 7-32),1742740792
312085070,aayu1401,Satyam and Counting,WRONG_ANSWER,C++17 (GCC 7-32),1742740752
312084531,funky_Q,Firefly's Queries,WRONG_ANSWER,C++17 (GCC 7-32),1742740521
312082531,Flash0432,The Legend of Freya the Frog,WRONG_ANSWER,C++17 (GCC 7-32),1742739569
312082125,CacheMe,Klee's SUPER DUPER LARGE Array!!!,OK,"C++23 (GCC 14-64, msys2)",1742739352
312081652,Flash0432,The Legend of Freya the Frog,WRONG_ANSWER,C++17 (GCC 7-32),1742739120
312080016,wangyao,Minimize!,OK,C++17 (GCC 7-32),1742738323
312079548,fmy45,The Legend of Freya the Frog,WRONG_ANSWER,C++17 (GCC 7-32),1742738096
312079154,Ismayil__JR,Minimize!,OK,C++20 (GCC 13-64),1742737906
312079085,Ismayil__JR,Minimize!,WRONG_ANSWER,C++20 (GCC 13-64),1742737878
312079023,Ismayil__JR,Minimize!,WRONG_ANSWER,C++20 (GCC 13-64),1742737847
312078579,fmy45,The Legend of Freya the Frog,WRONG_ANSWER,C++17 (GCC 7-32),1742737631
312077300,__VOLCANO__,The Legend of Freya the Frog,OK,"C++23 (GCC 14-64, msys2)",1742737044
312076676,__VOLCANO__,The Legend of Freya the Frog,WRONG_ANSWER,"C++23 (GCC 14-64, msys2)",1742736722
312076529,usrapheal06,Minimize!,OK,PyPy 3-64,1742736661
312076287,LanFey,The Legend of Freya the Frog,WRONG_ANSWER,"C++23 (GCC 14-64, msys2)",1742736547
312076146,LanFey,The Legend of Freya the Frog,WRONG_ANSWER,"C++23 (GCC 14-64, msys2)",1742736474
312075619,Kita11,Satyam and Counting,OK,PyPy 3,1742736218
312075388,Mini7007,Minimize!,OK,C++17 (GCC 7-32),1742736129
312072478,Altriaqwe,osu!mania,OK,Python 3,1742734748
312072353,Altriaqwe,osu!mania,WRONG_ANSWER,C++20 (GCC 13-64),1742734689
312071892,Altriaqwe,osu!mania,OK,C++20 (GCC 13-64),1742734482
312071062,Altriaqwe,osu!mania,WRONG_ANSWER,C++20 (GCC 13-64),1742734072
312071007,atajanow_79,osu!mania,OK,"C++23 (GCC 14-64, msys2)",1742734046
312070259,abilmansur25011,Minimize!,OK,"C++23 (GCC 14-64, msys2)",1742733683
312068582,Altriaqwe,Minimize!,OK,C++20 (GCC 13-64),1742732810
312064401,OmegaMD,Firefly's Queries,OK,"C++23 (GCC 14-64, msys2)",1742730730
312064060,Princek1512,Minimize!,OK,C++17 (GCC 7-32),1742730573
312060657,-Kamal_1-,Minimize!,OK,C++20 (GCC 13-64),1742728986
312060224,yaqut-alizada,Minimize!,OK,"C++23 (GCC 14-64, msys2)",1742728799
312058762,nuruyevasemanur5,Minimize!,OK,C++17 (GCC 7-32),1742728176
312054677,mdshehabsk,osu!mania,OK,C++20 (GCC 13-64),1742726452
312054221,Nahian63,Minimize!,OK,C++17 (GCC 7-32),1742726262
312050040,Farhan_Tahsin2,osu!mania,OK,C++20 (GCC 13-64),1742724493
312049914,Farhan_Tahsin2,osu!mania,OK,"C++23 (GCC 14-64, msys2)",1742724441
312049543,Ahmed_Crusader,osu!mania,OK,GNU C11,1742724279
312049508,Ahmed_Crusader,osu!mania,OK,GNU C11,1742724260
312049368,feiwenqiang,Klee's SUPER DUPER LARGE Array!!!,COMPILATION_ERROR,"C++23 (GCC 14-64, msys2)",1742724198
312048736,Farhan_Tahsin2,osu!mania,WRONG_ANSWER,"C++23 (GCC 14-64, msys2)",1742723942
312048313,altqi,Satyam and Counting,OK,C++20 (GCC 13-64),1742723777
312046353,Matthew_hpg,Firefly's Queries,OK,C++17 (GCC 7-32),1742722998
312043056,jinmingyi,Satyam and Counting,OK,"C++23 (GCC 14-64, msys2)",1742721648
312042860,grigi,osu!mania,OK,Python 3,1742721569
312042668,jinmingyi,Satyam and Counting,OK,"C++23 (GCC 14-64, msys2)",1742721493
312041906,jinmingyi,Satyam and Counting,WRONG_ANSWER,"C++23 (GCC 14-64, msys2)",1742721207
312041516,jinmingyi,Satyam and Counting,WRONG_ANSWER,"C++23 (GCC 14-64, msys2)",1742721045
312040914,jinmingyi,Satyam and Counting,WRONG_ANSWER,"C++23 (GCC 14-64, msys2)",1742720824
312040707,jinmingyi,Satyam and Counting,WRONG_ANSWER,"C++23 (GCC 14-64, msys2)",1742720747
312039701,moonZhang,osu!mania,OK,C++20 (GCC 13-64),1742720367
312039251,Matthew_hpg,Firefly's Queries,OK,C++17 (GCC 7-32),1742720219
312039250,Rafeed245,Minimize!,OK,GNU C11,1742720219
312038801,jinmingyi,Satyam and Counting,WRONG_ANSWER,"C++23 (GCC 14-64, msys2)",1742720068
312038730,moonZhang,osu!mania,WRONG_ANSWER,C++20 (GCC 13-64),1742720046
312036892,raisaaa2243,Minimize!,OK,C++17 (GCC 7-32),1742719440
312036508,Matthew_hpg,Firefly's Queries,WRONG_ANSWER,C++17 (GCC 7-32),1742719325
312024640,omg_0014,osu!mania,OK,PyPy 3-64,1742716056
312006223,AnkiPro,Satyam and Counting,OK,"C++23 (GCC 14-64, msys2)",1742713119
312005376,AnkiPro,Satyam and Counting,WRONG_ANSWER,"C++23 (GCC 14-64, msys2)",1742712988
312005313,ganeshdinkargavhar,Minimize!,OK,"C++23 (GCC 14-64, msys2)",1742712980
312001403,hitsuuj,Firefly's Queries,OK,"C++23 (GCC 14-64, msys2)",1742712414
312000938,chichichi1234,Yunli's Subarray Queries (easy version),OK,"C++23 (GCC 14-64, msys2)",1742712346
312000645,yurei_black,Minimize!,OK,PyPy 3-64,1742712303
311988704,daijin07,The Legend of Freya the Frog,TIME_LIMIT_EXCEEDED,GNU C11,1742710699
311987945,daijin07,The Legend of Freya the Frog,WRONG_ANSWER,GNU C11,1742710604
311986819,Minhuajul_Alif,Minimize!,OK,C++17 (GCC 7-32),1742710468
311985757,daijin07,The Legend of Freya the Frog,WRONG_ANSWER,GNU C11,1742710333
311982893,daijin07,The Legend of Freya the Frog,WRONG_ANSWER,GNU C11,1742709986
311972070,daijin07,The Legend of Freya the Frog,WRONG_ANSWER,GNU C11,1742708944
311959898,daijin07,The Legend of Freya the Frog,WRONG_ANSWER,GNU C11,1742707937
311959896,anshuman19,Minimize!,OK,C++17 (GCC 7-32),1742707936
311958801,riya.dhabuwala,The Legend of Freya the Frog,OK,C++17 (GCC 7-32),1742707331
311958637,a19107,osu!mania,OK,C++20 (GCC 13-64),1742707232
311958471,riya.dhabuwala,The Legend of Freya the Frog,WRONG_ANSWER,C++17 (GCC 7-32),1742707144
311958190,Dhrubo_CIPHER,Minimize!,OK,C++17 (GCC 7-32),1742706983
311957304,a19107,Minimize!,OK,C++20 (GCC 13-64),1742706430
311956408,Jerry_07,Minimize!,OK,PyPy 3-64,1742705820
311951342,Mohmed_Gameel,The Legend of Freya the Frog,WRONG_ANSWER,"C++23 (GCC 14-64, msys2)",1742701722
311951263,Mohmed_Gameel,osu!mania,OK,"C++23 (GCC 14-64, msys2)",1742701656
311951213,Mohmed_Gameel,Minimize!,OK,"C++23 (GCC 14-64, msys2)",1742701615
311950875,gaoxihan0607,Satyam and Counting,TIME_LIMIT_EXCEEDED,C++17 (GCC 7-32),1742701296
311950208,sirisha_reddy,Minimize!,OK,Java 21,1742700617
311949643,pranav8,Yunli's Subarray Queries (easy version),OK,"C++23 (GCC 14-64, msys2)",1742700038
311949586,Xinye1,Klee's SUPER DUPER LARGE Array!!!,OK,"C++23 (GCC 14-64, msys2)",1742699991
311949216,zhuml,Klee's SUPER DUPER LARGE Array!!!,OK,C++20 (GCC 13-64),1742699663
311948623,longjunxi,Klee's SUPER DUPER LARGE Array!!!,OK,C++20 (GCC 13-64),1742699067
311948438,zhuml,Klee's SUPER DUPER LARGE Array!!!,WRONG_ANSWER,C++20 (GCC 13-64),1742698882
311948382,zhuml,Klee's SUPER DUPER LARGE Array!!!,OK,C++20 (GCC 13-64),1742698810
311948233,lizhiyuan123,Klee's SUPER DUPER LARGE Array!!!,OK,C++17 (GCC 7-32),1742698683
311948115,lizhiyuan123,Klee's SUPER DUPER LARGE Array!!!,WRONG_ANSWER,C++17 (GCC 7-32),1742698575
311948069,iiif_,Minimize!,OK,"C++23 (GCC 14-64, msys2)",1742698523
311948067,zhuml,Klee's SUPER DUPER LARGE Array!!!,OK,C++20 (GCC 13-64),1742698521
311948032,gaoxihan0607,Satyam and Counting,TIME_LIMIT_EXCEEDED,C++17 (GCC 7-32),1742698492
311947986,zhuml,Klee's SUPER DUPER LARGE Array!!!,WRONG_ANSWER,C++20 (GCC 13-64),1742698458
311947964,iiif_,Minimize!,COMPILATION_ERROR,GNU C11,1742698442
311947934,zhuml,Klee's SUPER DUPER LARGE Array!!!,WRONG_ANSWER,C++20 (GCC 13-64),1742698411
311947883,zhuml,Klee's SUPER DUPER LARGE Array!!!,OK,C++20 (GCC 13-64),1742698355
311947832,gaoxihan0607,Satyam and Counting,TIME_LIMIT_EXCEEDED,C++17 (GCC 7-32),1742698295
311947754,zhuml,Klee's SUPER DUPER LARGE Array!!!,OK,C++20 (GCC 13-64),1742698199
311947706,gaoxihan0607,Satyam and Counting,WRONG_ANSWER,C++17 (GCC 7-32),1742698149
311947699,zhuml,Klee's SUPER DUPER LARGE Array!!!,WRONG_ANSWER,C++20 (GCC 13-64),1742698142
311947630,zhuml,Klee's SUPER DUPER LARGE Array!!!,OK,C++20 (GCC 13-64),1742698078
311947563,gaoxihan0607,Klee's SUPER DUPER LARGE Array!!!,OK,C++17 (GCC 7-32),1742698015
311947526,smooooggy,Klee's SUPER DUPER LARGE Array!!!,OK,C++17 (GCC 7-32),1742697982
311947523,freeman.yang,Klee's SUPER DUPER LARGE Array!!!,OK,"C++23 (GCC 14-64, msys2)",1742697976
311947482,smooooggy,Klee's SUPER DUPER LARGE Array!!!,MEMORY_LIMIT_EXCEEDED,C++17 (GCC 7-32),1742697938
311947400,zhuml,Klee's SUPER DUPER LARGE Array!!!,WRONG_ANSWER,C++20 (GCC 13-64),1742697867
311947386,freeman.yang,Klee's SUPER DUPER LARGE Array!!!,WRONG_ANSWER,"C++23 (GCC 14-64, msys2)",1742697850
311947129,gaoxihan0607,Klee's SUPER DUPER LARGE Array!!!,WRONG_ANSWER,C++17 (GCC 7-32),1742697553
311946949,dhy0922,Klee's SUPER DUPER LARGE Array!!!,OK,C++20 (GCC 13-64),1742697346
311946890,gaoxihan0607,Klee's SUPER DUPER LARGE Array!!!,WRONG_ANSWER,C++17 (GCC 7-32),1742697289
311946834,zhuml,Firefly's Queries,OK,C++20 (GCC 13-64),1742697229
311946767,KL_PIPI,Klee's SUPER DUPER LARGE Array!!!,OK,C++17 (GCC 7-32),1742697145
311946706,KL_PIPI,Klee's SUPER DUPER LARGE Array!!!,WRONG_ANSWER,C++17 (GCC 7-32),1742697081
311946187,dhy0922,Klee's SUPER DUPER LARGE Array!!!,WRONG_ANSWER,C++20 (GCC 13-64),1742696547
311945873,Wang_Hongyi,Klee's SUPER DUPER LARGE Array!!!,OK,C++20 (GCC 13-64),1742696197
311945754,Wang_Hongyi,Klee's SUPER DUPER LARGE Array!!!,WRONG_ANSWER,C++20 (GCC 13-64),1742696072
311945675,Wang_Hongyi,Klee's SUPER DUPER LARGE Array!!!,OK,"C++23 (GCC 14-64, msys2)",1742695972
311945475,RRRong,The Legend of Freya the Frog,OK,"C++23 (GCC 14-64, msys2)",1742695782
311945257,ShangLeYang1,Klee's SUPER DUPER LARGE Array!!!,OK,"C++23 (GCC 14-64, msys2)",1742695536
311944590,RRRong,osu!mania,OK,"C++23 (GCC 14-64, msys2)",1742694800
311944548,dhy0922,Klee's SUPER DUPER LARGE Array!!!,TIME_LIMIT_EXCEEDED,C++20 (GCC 13-64),1742694735
311943603,RRRong,Minimize!,OK,"C++23 (GCC 14-64, msys2)",1742693508
311937350,martinmaged777,osu!mania,OK,C++17 (GCC 7-32),1742684042
311936152,martinmaged777,osu!mania,WRONG_ANSWER,C++17 (GCC 7-32),1742683801
311935628,martinmaged777,Minimize!,OK,C++17 (GCC 7-32),1742683096
311935553,martinmaged777,Minimize!,WRONG_ANSWER,C++17 (GCC 7-32),1742682999
311934008,yisusrgg,The Legend of Freya the Frog,OK,C++20 (GCC 13-64),1742681964
311927948,moohameed,Minimize!,OK,C++17 (GCC 7-32),1742678264
311927935,yisusrgg,osu!mania,OK,C++20 (GCC 13-64),1742678256
311927802,yisusrgg,osu!mania,WRONG_ANSWER,C++20 (GCC 13-64),1742678186
311927517,yisusrgg,osu!mania,WRONG_ANSWER,C++20 (GCC 13-64),1742678031
311925195,yisusrgg,osu!mania,WRONG_ANSWER,C++20 (GCC 13-64),1742676848
311924543,yisusrgg,osu!mania,WRONG_ANSWER,C++20 (GCC 13-64),1742676577
311918987,Matthew_hpg,Firefly's Queries,WRONG_ANSWER,C++17 (GCC 7-32),1742673336
311916530,Pro_gramming_das,Minimize!,OK,GNU C11,1742671883
311915008,a_mumladze,osu!mania,OK,PyPy 3-64,1742671069
311914293,arjunsh217,Minimize!,OK,C++17 (GCC 7-32),1742670672
311914077,arjunsh217,Minimize!,COMPILATION_ERROR,C++17 (GCC 7-32),1742670558
311912582,_.AhmedHassan._,Minimize!,OK,C++20 (GCC 13-64),1742669743
311910608,Viraj_Vasoya,osu!mania,OK,GNU C11,1742668681
311909964,shivamkm55,Minimize!,OK,C++20 (GCC 13-64),1742668346
311909087,ahmed-shamim,Minimize!,OK,C++17 (GCC 7-32),1742667935
311907323,AvengerNabil,Minimize!,RUNTIME_ERROR,Python 2,1742667088
311907196,ilyashka,The Legend of Freya the Frog,WRONG_ANSWER,PyPy 3-64,1742667027
311906037,ilyashka,osu!mania,OK,PyPy 3-64,1742666485
311905588,ilyashka,Minimize!,OK,PyPy 3-64,1742666290
311903727,r1su,Minimize!,OK,C++17 (GCC 7-32),1742665497
311903290,ranavikramsinha57,Minimize!,OK,"C++23 (GCC 14-64, msys2)",1742665308
311902852,CodeBot5621,Firefly's Queries,OK,C++20 (GCC 13-64),1742665129
311902800,g1r2i3h4a5,Minimize!,OK,"C++23 (GCC 14-64, msys2)",1742665108
311902746,ranavikramsinha57,Minimize!,WRONG_ANSWER,"C++23 (GCC 14-64, msys2)",1742665087
311902717,CodeBot5621,Firefly's Queries,WRONG_ANSWER,C++20 (GCC 13-64),1742665074
311902627,manasthakur2732004,Minimize!,OK,C++20 (GCC 13-64),1742665047
311902503,Cotle96,Minimize!,OK,C++17 (GCC 7-32),1742665003
311902389,Cotle96,Minimize!,COMPILATION_ERROR,C++17 (GCC 7-32),1742664960
311902301,manasthakur2732004,Minimize!,COMPILATION_ERROR,C++20 (GCC 13-64),1742664926
311902289,Cotle96,Minimize!,COMPILATION_ERROR,C++17 (GCC 7-32),1742664919
311902113,ranavikramsinha57,Minimize!,WRONG_ANSWER,"C++23 (GCC 14-64, msys2)",1742664850
311900842,ranavikramsinha57,Minimize!,OK,"C++23 (GCC 14-64, msys2)",1742664375
311900345,ForestPrefix,Klee's SUPER DUPER LARGE Array!!!,OK,C++17 (GCC 7-32),1742664200
311895603,sudipta877,The Legend of Freya the Frog,TIME_LIMIT_EXCEEDED,C++17 (GCC 7-32),1742662328
311895467,sudipta877,The Legend of Freya the Frog,TIME_LIMIT_EXCEEDED,C++17 (GCC 7-32),1742662187
311894605,adharsh_patel,osu!mania,OK,C++17 (GCC 7-32),1742661308
311889579,Labib_018,osu!mania,WRONG_ANSWER,C++17 (GCC 7-32),1742660899
311888525,azizurrahmanarzu97,osu!mania,OK,C++17 (GCC 7-32),1742660789
311881320,Labib_018,osu!mania,WRONG_ANSWER,C++17 (GCC 7-32),1742659998
311876372,Labib_018,osu!mania,WRONG_ANSWER,C++17 (GCC 7-32),1742659462
311872598,tm-tareq,osu!mania,WRONG_ANSWER,C++20 (GCC 13-64),1742659075
311867633,tm-tareq,osu!mania,WRONG_ANSWER,C++20 (GCC 13-64),1742658583
311866622,tm-tareq,osu!mania,COMPILATION_ERROR,C++20 (GCC 13-64),1742658489
311857938,nuruyevasemanur5,Minimize!,OK,C++17 (GCC 7-32),1742657705
311857097,nuruyevasemanur5,Minimize!,WRONG_ANSWER,C++17 (GCC 7-32),1742657635
311852968,sudipta877,osu!mania,OK,C++17 (GCC 7-32),1742657300
311848728,kaizen_01,Minimize!,OK,C++20 (GCC 13-64),1742656978
311847986,Ahmed_Crusader,Minimize!,OK,GNU C11,1742656922
311833282,sudipta877,Minimize!,OK,C++17 (GCC 7-32),1742655908
311832992,jamil_cse_jnu,Minimize!,OK,C++20 (GCC 13-64),1742655889
311830004,beka_bro_genii,osu!mania,OK,"C++23 (GCC 14-64, msys2)",1742655707
311816512,Farhan_Tahsin2,Minimize!,OK,"C++23 (GCC 14-64, msys2)",1742654894
311812192,Code__R,Minimize!,OK,"C++23 (GCC 14-64, msys2)",1742654630
311807188,born_newbie,Firefly's Queries,OK,C++20 (GCC 13-64),1742654154
311806847,mohana_sravani,osu!mania,OK,Python 3,1742653971
311801440,suryansh22s,The Legend of Freya the Frog,OK,C++20 (GCC 13-64),1742651510
311801152,Divyansh1551,Satyam and Counting,RUNTIME_ERROR,C++17 (GCC 7-32),1742651380
311800123,Fadysalama274,The Legend of Freya the Frog,OK,"C++23 (GCC 14-64, msys2)",1742650911
311799953,Fadysalama274,The Legend of Freya the Frog,WRONG_ANSWER,"C++23 (GCC 14-64, msys2)",1742650836
311799687,Divyansh1551,Satyam and Counting,RUNTIME_ERROR,C++17 (GCC 7-32),1742650724
311799208,Divyansh1551,Satyam and Counting,RUNTIME_ERROR,C++17 (GCC 7-32),1742650550
311799094,Fadysalama274,The Legend of Freya the Frog,WRONG_ANSWER,"C++23 (GCC 14-64, msys2)",1742650495
311796230,KeepTrying123,Satyam and Counting,OK,C++17 (GCC 7-32),1742649230
311794719,_for_cp_,Minimize!,OK,C++17 (GCC 7-32),1742648483
311790781,dreamsweetDOONA,Minimize!,OK,C++17 (GCC 7-32),1742646312
311790725,dreamsweetDOONA,Minimize!,WRONG_ANSWER,C++17 (GCC 7-32),1742646288
311790173,Tazri,osu!mania,OK,"C++23 (GCC 14-64, msys2)",1742645992
311787858,sanatangupta,The Legend of Freya the Frog,OK,C++20 (GCC 13-64),1742644728
311787771,sanatangupta,The Legend of Freya the Frog,WRONG_ANSWER,C++20 (GCC 13-64),1742644687
311787206,sanatangupta,The Legend of Freya the Frog,WRONG_ANSWER,C++20 (GCC 13-64),1742644369
311786952,sanatangupta,The Legend of Freya the Frog,WRONG_ANSWER,C++20 (GCC 13-64),1742644239
311786877,sanatangupta,The Legend of Freya the Frog,WRONG_ANSWER,C++20 (GCC 13-64),1742644193
311781633,RadishEngineer,Minimize!,WRONG_ANSWER,C++17 (GCC 7-32),1742641437
311778890,ShoabIslamRohan1,Minimize!,OK,C++20 (GCC 13-64),1742640053
311778768,Abhi_kumar0507,Minimize!,OK,C++20 (GCC 13-64),1742639990
311778654,genka.,Minimize!,OK,"C++23 (GCC 14-64, msys2)",1742639938
311777832,vivek.badgujar.24031,Minimize!,OK,GNU C11,1742639485
311777606,vivek.badgujar.24031,Minimize!,WRONG_ANSWER,GNU C11,1742639368
311777494,Soyipov0512,osu!mania,OK,Python 3,1742639311
311777195,Soyipov0512,osu!mania,WRONG_ANSWER,Python 3,1742639147
311777179,creepy...,Klee's SUPER DUPER LARGE Array!!!,OK,"C++23 (GCC 14-64, msys2)",1742639139
311777123,Soyipov0512,osu!mania,WRONG_ANSWER,Python 3,1742639111
311776822,Raman1420,Minimize!,OK,C++17 (GCC 7-32),1742638963
311776354,Raman1420,osu!mania,OK,C++17 (GCC 7-32),1742638726
311775151,creepy...,The Legend of Freya the Frog,OK,"C++23 (GCC 14-64, msys2)",1742638103
311774187,adbang,Klee's SUPER DUPER LARGE Array!!!,OK,C++17 (GCC 7-32),1742637579
311773493,creepy...,Firefly's Queries,OK,"C++23 (GCC 14-64, msys2)",1742637239
311773244,creepy...,Firefly's Queries,WRONG_ANSWER,"C++23 (GCC 14-64, msys2)",1742637107
311773192,creepy...,Firefly's Queries,MEMORY_LIMIT_EXCEEDED,"C++23 (GCC 14-64, msys2)",1742637082
311771824,Jayeshrs,Satyam and Counting,OK,"C++23 (GCC 14-64, msys2)",1742636442
311771715,Jayeshrs,Satyam and Counting,WRONG_ANSWER,"C++23 (GCC 14-64, msys2)",1742636388
311771480,Jayeshrs,Satyam and Counting,RUNTIME_ERROR,"C++23 (GCC 14-64, msys2)",1742636277
311770631,Jayeshrs,Satyam and Counting,TIME_LIMIT_EXCEEDED,"C++23 (GCC 14-64, msys2)",1742635910
311770406,creepy...,Firefly's Queries,WRONG_ANSWER,C++20 (GCC 13-64),1742635810
311770073,___ifat,Minimize!,OK,C++17 (GCC 7-32),1742635665
311768959,mbh_013,osu!mania,OK,"C++23 (GCC 14-64, msys2)",1742635149
311768875,MatinAbbasi,osu!mania,OK,PyPy 3-64,1742635112
311766318,faithhh,The Legend of Freya the Frog,OK,"C++23 (GCC 14-64, msys2)",1742633930
311764499,XuMoYuN_2109,osu!mania,OK,Python 3,1742633145
311764424,adbang,Klee's SUPER DUPER LARGE Array!!!,TIME_LIMIT_EXCEEDED,C++17 (GCC 7-32),1742633113
311764156,adbang,Klee's SUPER DUPER LARGE Array!!!,TIME_LIMIT_EXCEEDED,C++17 (GCC 7-32),1742633003
311764048,nikhil_vishal2004,Klee's SUPER DUPER LARGE Array!!!,OK,"C++23 (GCC 14-64, msys2)",1742632956
311763969,XuMoYuN_2109,Minimize!,OK,Python 3,1742632923
311763810,Supersidd,Yunli's Subarray Queries (easy version),OK,C++17 (GCC 7-32),1742632853
311763113,Supersidd,Yunli's Subarray Queries (easy version),WRONG_ANSWER,C++17 (GCC 7-32),1742632549
311762803,AmirrezaNaderi,Minimize!,OK,Python 3,1742632427
311762699,mohsenKH,Klee's SUPER DUPER LARGE Array!!!,OK,C++20 (GCC 13-64),1742632370
311762475,Raising_Heaven,The Legend of Freya the Frog,OK,"C++23 (GCC 14-64, msys2)",1742632256
311762272,mohaimenul09,Minimize!,OK,C++17 (GCC 7-32),1742632164
311761764,faithhh,The Legend of Freya the Frog,RUNTIME_ERROR,"C++23 (GCC 14-64, msys2)",1742631947
311761648,faithhh,The Legend of Freya the Frog,WRONG_ANSWER,"C++23 (GCC 14-64, msys2)",1742631888
311758558,mindflux,osu!mania,OK,"C++23 (GCC 14-64, msys2)",1742630503
311757972,jiayin1,Minimize!,OK,C++20 (GCC 13-64),1742630228
311757764,faithhh,osu!mania,OK,"C++23 (GCC 14-64, msys2)",1742630138
311757344,adbang,Klee's SUPER DUPER LARGE Array!!!,TIME_LIMIT_EXCEEDED,C++17 (GCC 7-32),1742629968
311756458,adbang,Klee's SUPER DUPER LARGE Array!!!,TIME_LIMIT_EXCEEDED,C++17 (GCC 7-32),1742629546
311755942,tripmemory,Minimize!,OK,C++20 (GCC 13-64),1742629303
311755697,tripmemory,Minimize!,WRONG_ANSWER,C++20 (GCC 13-64),1742629189
311755515,salt6fish,Minimize!,OK,C++17 (GCC 7-32),1742629102
311755405,GGodSSpeed,Yunli's Subarray Queries (easy version),RUNTIME_ERROR,C++20 (GCC 13-64),1742629057
311755282,tripmemory,Minimize!,WRONG_ANSWER,C++20 (GCC 13-64),1742629008
311755092,tripmemory,Minimize!,WRONG_ANSWER,C++20 (GCC 13-64),1742628921
311754781,tripmemory,Minimize!,WRONG_ANSWER,C++20 (GCC 13-64),1742628796
311754219,shivamofficialsp13,Klee's SUPER DUPER LARGE Array!!!,OK,C++17 (GCC 7-32),1742628540
311754075,tripmemory,Minimize!,WRONG_ANSWER,"C++23 (GCC 14-64, msys2)",1742628478
311754000,Muhammad_Zoirov,Minimize!,OK,PyPy 3-64,1742628436
311753975,cmlll1,Minimize!,OK,C++20 (GCC 13-64),1742628425
311753834,faithhh,Minimize!,OK,"C++23 (GCC 14-64, msys2)",1742628363
311753810,tripmemory,Minimize!,WRONG_ANSWER,"C++23 (GCC 14-64, msys2)",1742628354
311753698,DoNo0425,osu!mania,OK,PyPy 3-64,1742628314
311753598,salt6fish,Minimize!,OK,C++17 (GCC 7-32),1742628265
311753398,salt6fish,Minimize!,WRONG_ANSWER,C++17 (GCC 7-32),1742628174
311751469,Dudywar,osu!mania,OK,PyPy 3-64,1742627303
311751047,CrazyApple,Yunli's Subarray Queries (easy version),TIME_LIMIT_EXCEEDED,C++17 (GCC 7-32),1742627108
311750456,xia232,Minimize!,OK,C++20 (GCC 13-64),1742626837
311750339,xia232,Minimize!,COMPILATION_ERROR,C++20 (GCC 13-64),1742626787
311750324,Mmy0420,Minimize!,OK,GNU C11,1742626783
311750111,CrazyApple,Yunli's Subarray Queries (easy version),TIME_LIMIT_EXCEEDED,C++17 (GCC 7-32),1742626682
311750061,salt6fish,Minimize!,OK,C++17 (GCC 7-32),1742626664
311749988,Buqiujun,Minimize!,OK,C++20 (GCC 13-64),1742626624
311749945,Buqiujun,Minimize!,OK,C++17 (GCC 7-32),1742626606
311749919,Dudywar,Minimize!,OK,C++17 (GCC 7-32),1742626597
311749908,lwx666,Minimize!,WRONG_ANSWER,C++20 (GCC 13-64),1742626590
311749907,Buqiujun,Minimize!,OK,"C++23 (GCC 14-64, msys2)",1742626589
311749851,BluemoonV,Minimize!,OK,C++17 (GCC 7-32),1742626560
311749666,GGodSSpeed,Yunli's Subarray Queries (easy version),TIME_LIMIT_EXCEEDED,C++20 (GCC 13-64),1742626473
311748992,salt6fish,Minimize!,WRONG_ANSWER,C++17 (GCC 7-32),1742626177
311748767,salt6fish,Minimize!,WRONG_ANSWER,C++17 (GCC 7-32),1742626076
311748552,crystal__,Minimize!,OK,C++17 (GCC 7-32),1742625976
311748082,salt6fish,Minimize!,COMPILATION_ERROR,C++17 (GCC 7-32),1742625764
311747270,sspring094,osu!mania,OK,C++17 (GCC 7-32),1742625383
311746915,ansy0721,Minimize!,OK,C++20 (GCC 13-64),1742625230
311746776,lwx666,Minimize!,OK,C++20 (GCC 13-64),1742625167
311746693,ansy0721,Minimize!,WRONG_ANSWER,C++20 (GCC 13-64),1742625129
311746539,eastrise,Minimize!,OK,C++20 (GCC 13-64),1742625059
311746439,lh90125,Minimize!,OK,C++17 (GCC 7-32),1742625017
311746371,Heyuxuan,Minimize!,OK,C++20 (GCC 13-64),1742624994
311746293,eastrise,Minimize!,WRONG_ANSWER,C++20 (GCC 13-64),1742624961
311746194,Buqiujun,Minimize!,COMPILATION_ERROR,C++20 (GCC 13-64),1742624924
311745640,Mmy0420,Minimize!,RUNTIME_ERROR,GNU C11,1742624684
311745322,Buqiujun,Minimize!,OK,"C++23 (GCC 14-64, msys2)",1742624547
311745317,Mmy0420,Minimize!,RUNTIME_ERROR,GNU C11,1742624545
311745316,Cipherxtree,Minimize!,OK,GNU C11,1742624544
311745095,v_light_,Minimize!,OK,"C++23 (GCC 14-64, msys2)",1742624434
311744919,Buqiujun,Minimize!,WRONG_ANSWER,"C++23 (GCC 14-64, msys2)",1742624347
311744656,GeethapriyanS,Minimize!,OK,C++17 (GCC 7-32),1742624214
311744506,2954208575,Minimize!,OK,C++20 (GCC 13-64),1742624137
311744501,Corazon_i,Minimize!,OK,"C++23 (GCC 14-64, msys2)",1742624135
311744169,user587,Minimize!,OK,C++20 (GCC 13-64),1742623962
311744086,user587,Minimize!,WRONG_ANSWER,C++20 (GCC 13-64),1742623914
311744057,Lingxiaoling,osu!mania,OK,C++17 (GCC 7-32),1742623901
311743669,Chaoyang-lin,Minimize!,OK,C++20 (GCC 13-64),1742623710
311743659,icon_zzz,Minimize!,OK,C++20 (GCC 13-64),1742623706
311743339,Garingcc,Minimize!,OK,C++20 (GCC 13-64),1742623532
311743041,Buqiujun,Minimize!,OK,GNU C11,1742623386
311742916,www135,Minimize!,OK,"C++23 (GCC 14-64, msys2)",1742623317
311742728,Orca64,Firefly's Queries,OK,C++20 (GCC 13-64),1742623221
311742704,Buqiujun,Minimize!,OK,C++20 (GCC 13-64),1742623209
311742630,anqiqh_ak,Minimize!,OK,C++20 (GCC 13-64),1742623171
311742558,ATU015,Minimize!,OK,"C++23 (GCC 14-64, msys2)",1742623133
311742550,chenzhicheng,Minimize!,OK,C++20 (GCC 13-64),1742623127
311742194,surface_user,Minimize!,OK,C++20 (GCC 13-64),1742622905
311742186,imtiazzihad,Minimize!,OK,C++17 (GCC 7-32),1742622901
311742183,AmyLiu-1020,osu!mania,OK,C++17 (GCC 7-32),1742622900
311742173,tripmemory,Minimize!,OK,C++20 (GCC 13-64),1742622895
311742139,fdskanv,Minimize!,OK,C++20 (GCC 13-64),1742622880
311742046,TechJian,Minimize!,OK,C++20 (GCC 13-64),1742622826
311741657,Kang_ZENG,osu!mania,OK,C++17 (GCC 7-32),1742622616
311741335,Ruiui,Minimize!,OK,C++20 (GCC 13-64),1742622439
311741331,Yilena,Minimize!,OK,C++20 (GCC 13-64),1742622436
311741257,chensibo0604,Minimize!,OK,C++20 (GCC 13-64),1742622397
311741179,zzz_b,Minimize!,OK,C++20 (GCC 13-64),1742622352
311741157,haveafun,Minimize!,OK,C++17 (GCC 7-32),1742622344
311741008,Atsea_zzZ,Minimize!,OK,C++20 (GCC 13-64),1742622258
311740956,psy5_5_5,Minimize!,OK,C++17 (GCC 7-32),1742622220
311740864,qing000,Minimize!,OK,C++17 (GCC 7-32),1742622154
311740847,YaeMiko123,Minimize!,OK,C++20 (GCC 13-64),1742622141
311740845,Buqiujun,Minimize!,OK,C++20 (GCC 13-64),1742622140
311740768,RuBP-cmd,The Legend of Freya the Frog,OK,"C++23 (GCC 14-64, msys2)",1742622086
311740664,1096mikolu,Minimize!,OK,C++20 (GCC 13-64),1742622018
311740619,Buqiujun,Minimize!,OK,C++20 (GCC 13-64),1742621992
311740555,iris_6,Minimize!,OK,C++17 (GCC 7-32),1742621958
311740545,cout_china,Minimize!,OK,C++17 (GCC 7-32),1742621953
311740542,singularity_24,Minimize!,OK,GNU C11,1742621952
311740537,lishiya,Minimize!,OK,C++20 (GCC 13-64),1742621949
311740506,xhphp,Minimize!,OK,C++20 (GCC 13-64),1742621934
311740455,hua_z,Minimize!,OK,C++20 (GCC 13-64),1742621902
311740436,Buqiujun,Minimize!,OK,C++20 (GCC 13-64),1742621887
311740390,zyyx621,osu!mania,OK,C++20 (GCC 13-64),1742621872
311740253,timmmmy,Minimize!,OK,C++20 (GCC 13-64),1742621793
311740252,ayush_31__,Minimize!,OK,C++17 (GCC 7-32),1742621793
311740214,Flx666,Minimize!,OK,C++17 (GCC 7-32),1742621772
311740200,Zhang_Zhihang,Minimize!,OK,"C++23 (GCC 14-64, msys2)",1742621766
311740177,leo9627,Minimize!,OK,"C++23 (GCC 14-64, msys2)",1742621755
311740104,RuBP-cmd,The Legend of Freya the Frog,WRONG_ANSWER,"C++23 (GCC 14-64, msys2)",1742621713
311740018,YaeMiko123,Minimize!,WRONG_ANSWER,C++20 (GCC 13-64),1742621647
311739996,RuBP-cmd,The Legend of Freya the Frog,WRONG_ANSWER,"C++23 (GCC 14-64, msys2)",1742621637
311739925,Tacit_Wuyan,osu!mania,OK,C++17 (GCC 7-32),1742621601
311739886,yinmoqiu,Minimize!,OK,C++20 (GCC 13-64),1742621581
311739865,llhh6,Minimize!,OK,C++20 (GCC 13-64),1742621569
311739781,RuBP-cmd,The Legend of Freya the Frog,WRONG_ANSWER,"C++23 (GCC 14-64, msys2)",1742621508
311739661,1moon1,Minimize!,OK,C++17 (GCC 7-32),1742621440
311739653,XVETV8,Minimize!,OK,C++20 (GCC 13-64),1742621433
311739647,ycdelm,Minimize!,OK,C++20 (GCC 13-64),1742621431
311739619,cenhorsion321,Minimize!,OK,"C++23 (GCC 14-64, msys2)",1742621415
311739472,1moon1,Minimize!,WRONG_ANSWER,C++17 (GCC 7-32),1742621378
311739318,18022104447,osu!mania,OK,C++20 (GCC 13-64),1742621275
311739256,OceanT,Minimize!,OK,C++20 (GCC 13-64),1742621234
311739161,Lao_mang,Minimize!,OK,C++17 (GCC 7-32),1742621175
311739155,yia,Minimize!,OK,C++17 (GCC 7-32),1742621169
311739142,Dreamli,Klee's SUPER DUPER LARGE Array!!!,OK,C++17 (GCC 7-32),1742621165
311738900,ShineLight,Minimize!,OK,"C++23 (GCC 14-64, msys2)",1742620991
311738861,maomaoc,Minimize!,OK,C++20 (GCC 13-64),1742620960
311738775,YGkingNan,Minimize!,OK,"C++23 (GCC 14-64, msys2)",1742620903
311738677,18022104447,osu!mania,WRONG_ANSWER,C++20 (GCC 13-64),1742620843
311738598,FengBaoBao,osu!mania,OK,"C++23 (GCC 14-64, msys2)",1742620778
311738370,Shadow_man1,Minimize!,OK,"C++23 (GCC 14-64, msys2)",1742620640
311738361,hhhccc,osu!mania,OK,C++17 (GCC 7-32),1742620637
311738354,wuxingzhi,osu!mania,OK,C++17 (GCC 7-32),1742620632
311738296,huaruoji,osu!mania,OK,C++17 (GCC 7-32),1742620592
311738216,WBaKn,osu!mania,OK,C++17 (GCC 7-32),1742620540
311738152,Ah1er,Minimize!,OK,"C++23 (GCC 14-64, msys2)",1742620498
311738128,Redbluetulip,osu!mania,OK,C++17 (GCC 7-32),1742620485
311738057,SadKepler,osu!mania,OK,C++17 (GCC 7-32),1742620443
311738007,Aiur-,osu!mania,OK,C++17 (GCC 7-32),1742620409
311737979,Displace_,osu!mania,OK,C++20 (GCC 13-64),1742620391
311737970,8Conan8,osu!mania,OK,C++17 (GCC 7-32),1742620386
311737877,wuxingzhi,osu!mania,OK,C++17 (GCC 7-32),1742620326
311737536,Mohamed_draz,Minimize!,OK,C++20 (GCC 13-64),1742620079
311737249,zerocloud01,The Legend of Freya the Frog,OK,C++20 (GCC 13-64),1742619857
311737026,Julietanilem,Klee's SUPER DUPER LARGE Array!!!,OK,C++17 (GCC 7-32),1742619692
311732951,zerocloud01,osu!mania,OK,C++20 (GCC 13-64),1742616048
311732499,zerocloud01,Minimize!,OK,C++20 (GCC 13-64),1742615590
311728704,Antu_2203012,osu!mania,OK,C++17 (GCC 7-32),1742611358
311727285,KshipraSakhare,osu!mania,OK,C++20 (GCC 13-64),1742609352
311727161,KshipraSakhare,Minimize!,OK,C++20 (GCC 13-64),1742609148
311726974,salim5,Minimize!,OK,"C++23 (GCC 14-64, msys2)",1742608868
311726490,Rigle,osu!mania,OK,C++20 (GCC 13-64),1742608220
311725905,MapleLeafLover,Yunli's Subarray Queries (easy version),OK,"C++23 (GCC 14-64, msys2)",1742607362
311725692,ccserm,Satyam and Counting,OK,"C++23 (GCC 14-64, msys2)",1742607005
311725582,Akylaii,osu!mania,OK,C++17 (GCC 7-32),1742606833
311725465,MapleLeafLover,Yunli's Subarray Queries (easy version),RUNTIME_ERROR,"C++23 (GCC 14-64, msys2)",1742606642
311725451,Akylaii,osu!mania,WRONG_ANSWER,C++17 (GCC 7-32),1742606622
311725377,MapleLeafLover,Yunli's Subarray Queries (easy version),WRONG_ANSWER,"C++23 (GCC 14-64, msys2)",1742606479
311725334,Akylaii,Minimize!,OK,C++17 (GCC 7-32),1742606415
311725323,Nikhil8,osu!mania,OK,C++20 (GCC 13-64),1742606407
311725132,MapleLeafLover,Yunli's Subarray Queries (easy version),RUNTIME_ERROR,"C++23 (GCC 14-64, msys2)",1742606117
311720947,mbh_013,Minimize!,OK,"C++23 (GCC 14-64, msys2)",1742599983
311720208,rnx0w2,Minimize!,OK,Java 21,1742598594
311715699,Fadysalama274,The Legend of Freya the Frog,OK,"C++23 (GCC 14-64, msys2)",1742593168
311714180,xor_cat,Firefly's Queries,OK,"C++23 (GCC 14-64, msys2)",1742591887
311712847,xor_cat,Klee's SUPER DUPER LARGE Array!!!,OK,"C++23 (GCC 14-64, msys2)",1742590917
311702892,labibshahriar9997,Minimize!,OK,Python 3,1742584814
311702665,Devansh_011,The Legend of Freya the Frog,OK,"C++23 (GCC 14-64, msys2)",1742584693
311702269,Devansh_011,The Legend of Freya the Frog,WRONG_ANSWER,"C++23 (GCC 14-64, msys2)",1742584444
311701940,Arnooob,Minimize!,OK,GNU C11,1742584237
311701487,xor_cat,Satyam and Counting,OK,"C++23 (GCC 14-64, msys2)",1742583947
311700898,jahidurmahim,Minimize!,OK,C++17 (GCC 7-32),1742583569
311700866,undisputted_nayeem,Minimize!,OK,C++20 (GCC 13-64),1742583553
311700785,undisputted_nayeem,Minimize!,COMPILATION_ERROR,C++20 (GCC 13-64),1742583505
311700042,xor_cat,Satyam and Counting,OK,"C++23 (GCC 14-64, msys2)",1742583055
311700009,xor_cat,Satyam and Counting,WRONG_ANSWER,"C++23 (GCC 14-64, msys2)",1742583032
311699653,comeback_to_cf,Minimize!,OK,C++20 (GCC 13-64),1742582825
311699243,ani_r,Minimize!,OK,Python 3,1742582577
311698682,_Apon,osu!mania,OK,C++17 (GCC 7-32),1742582233
311698496,turjo1026,Minimize!,OK,C++17 (GCC 7-32),1742582120
311697563,palsaksham025,osu!mania,WRONG_ANSWER,"C++23 (GCC 14-64, msys2)",1742581602
311697301,Mehedi2003,Minimize!,OK,C++17 (GCC 7-32),1742581469
311697195,50-shades-dorker,osu!mania,COMPILATION_ERROR,Python 2,1742581412
311697037,50-shades-dorker,osu!mania,RUNTIME_ERROR,Python 3,1742581335
311696943,Abid_Shahriar_Sakif,The Legend of Freya the Frog,OK,C++20 (GCC 13-64),1742581298
311695698,rajesh-1920,osu!mania,OK,"C++23 (GCC 14-64, msys2)",1742580599
311695694,dumb_backbencher,osu!mania,OK,C++17 (GCC 7-32),1742580597
311695421,Alisher_ZXC,Minimize!,OK,"C++23 (GCC 14-64, msys2)",1742580448
311695376,Sarang_27,osu!mania,OK,C++17 (GCC 7-32),1742580427
311695321,AhmedAlDiab1st,Minimize!,OK,C++20 (GCC 13-64),1742580400
311695278,rock_088263,The Legend of Freya the Frog,OK,"C++23 (GCC 14-64, msys2)",1742580378
311695147,A_Dead_Man,Minimize!,OK,C++17 (GCC 7-32),1742580306
311695029,Four_af,Minimize!,OK,"C++23 (GCC 14-64, msys2)",1742580237
311694424,ak1b_hasan,Minimize!,OK,"C++23 (GCC 14-64, msys2)",1742579938
311694385,Abid_Shahriar_Sakif,The Legend of Freya the Frog,WRONG_ANSWER,C++20 (GCC 13-64),1742579918
311694312,Abid_Shahriar_Sakif,The Legend of Freya the Frog,WRONG_ANSWER,C++20 (GCC 13-64),1742579887
311694165,Abid_Shahriar_Sakif,The Legend of Freya the Frog,WRONG_ANSWER,C++20 (GCC 13-64),1742579819
311693316,Tej_Jikadara,Satyam and Counting,OK,"C++23 (GCC 14-64, msys2)",1742579372
311693216,Abid_Shahriar_Sakif,Minimize!,OK,C++20 (GCC 13-64),1742579322
311693102,TAMIM_CSE_53,osu!mania,OK,"C++23 (GCC 14-64, msys2)",1742579263
311692481,wanshh,Satyam and Counting,OK,C++20 (GCC 13-64),1742578915
311692351,wanshh,Satyam and Counting,WRONG_ANSWER,C++20 (GCC 13-64),1742578854
311692146,Tej_Jikadara,Satyam and Counting,WRONG_ANSWER,"C++23 (GCC 14-64, msys2)",1742578736
311691559,_4san-ny5_,Minimize!,OK,C++17 (GCC 7-32),1742578439
311691517,MahdiEsmailiJadidi,Minimize!,WRONG_ANSWER,C++17 (GCC 7-32),1742578418
311691464,Tej_Jikadara,Satyam and Counting,WRONG_ANSWER,"C++23 (GCC 14-64, msys2)",1742578388
311689356,s_bhavesh,Satyam and Counting,OK,C++17 (GCC 7-32),1742577346
311688742,mdshehabsk,Minimize!,OK,C++20 (GCC 13-64),1742577000
311687572,s_bhavesh,Satyam and Counting,OK,C++17 (GCC 7-32),1742576369
311687544,debanjon_roy,Satyam and Counting,OK,C++20 (GCC 13-64),1742576355
311687437,rajesh-1920,Minimize!,OK,"C++23 (GCC 14-64, msys2)",1742576292
311686876,Choed,Klee's SUPER DUPER LARGE Array!!!,OK,"C++23 (GCC 14-64, msys2)",1742575999
311686760,debanjon_roy,Satyam and Counting,WRONG_ANSWER,C++20 (GCC 13-64),1742575937
311685749,thetaaa,Minimize!,OK,"C++23 (GCC 14-64, msys2)",1742575392
311685505,debanjon_roy,Satyam and Counting,WRONG_ANSWER,C++20 (GCC 13-64),1742575258
311684248,dharanidevi,osu!mania,OK,Java 8,1742574541
311683725,adbang,Satyam and Counting,WRONG_ANSWER,C++17 (GCC 7-32),1742574296
311683381,Tazri,Minimize!,OK,"C++23 (GCC 14-64, msys2)",1742574137
311683177,Tazri,Minimize!,OK,"C++23 (GCC 14-64, msys2)",1742574048
311681916,TAMIM_CSE_53,Minimize!,OK,"C++23 (GCC 14-64, msys2)",1742573457
311681817,mindflux,Minimize!,OK,"C++23 (GCC 14-64, msys2)",1742573411
311677217,spyro2578,Satyam and Counting,OK,C++20 (GCC 13-64),1742571382
311676837,s_bhavesh,Klee's SUPER DUPER LARGE Array!!!,OK,C++17 (GCC 7-32),1742571232
311676360,spyro2578,Satyam and Counting,OK,C++20 (GCC 13-64),1742571027
311676286,spyro2578,Satyam and Counting,WRONG_ANSWER,C++20 (GCC 13-64),1742570990
311673041,Fadysalama274,osu!mania,OK,"C++23 (GCC 14-64, msys2)",1742569534
311671895,AloneInLoops,The Legend of Freya the Frog,OK,C++20 (GCC 13-64),1742569030
311671427,AloneInLoops,The Legend of Freya the Frog,WRONG_ANSWER,C++20 (GCC 13-64),1742568816
311670256,Juven_Lawrinsen,osu!mania,OK,"C++23 (GCC 14-64, msys2)",1742568321
311670251,Fadysalama274,Minimize!,OK,"C++23 (GCC 14-64, msys2)",1742568319
311670019,AloneInLoops,The Legend of Freya the Frog,WRONG_ANSWER,C++20 (GCC 13-64),1742568229
311669784,tempo79,Yunli's Subarray Queries (easy version),OK,C++20 (GCC 13-64),1742568124
311669622,AloneInLoops,The Legend of Freya the Frog,WRONG_ANSWER,C++20 (GCC 13-64),1742568043
311669549,tempo79,Yunli's Subarray Queries (easy version),WRONG_ANSWER,C++20 (GCC 13-64),1742568012
311668357,Juven_Lawrinsen,Minimize!,OK,"C++23 (GCC 14-64, msys2)",1742567437
311666497,ldyrqhtnn494,Yunli's Subarray Queries (easy version),OK,PyPy 3-64,1742566567
311665842,adbang,Satyam and Counting,OK,C++17 (GCC 7-32),1742566266
311665691,adbang,Satyam and Counting,WRONG_ANSWER,C++17 (GCC 7-32),1742566205
311664208,-LOKI-,Yunli's Subarray Queries (easy version),OK,C++20 (GCC 13-64),1742565549
311661699,adbang,Satyam and Counting,WRONG_ANSWER,C++17 (GCC 7-32),1742564524
311661650,starlaw,The Legend of Freya the Frog,WRONG_ANSWER,"C++23 (GCC 14-64, msys2)",1742564506
311659180,adbang,Satyam and Counting,WRONG_ANSWER,C++17 (GCC 7-32),1742563471
311657343,Anarchist_008,Minimize!,OK,C++20 (GCC 13-64),1742562383
311656551,woyaojiagemi.,Minimize!,OK,"C++23 (GCC 14-64, msys2)",1742561850
311656445,woyaojiagemi.,Minimize!,OK,"C++23 (GCC 14-64, msys2)",1742561783
311656269,woyaojiagemi.,Minimize!,OK,"C++23 (GCC 14-64, msys2)",1742561690
311655741,woyaojiagemi.,Minimize!,OK,"C++23 (GCC 14-64, msys2)",1742561372
311655204,Anarchist_008,Minimize!,OK,"C++23 (GCC 14-64, msys2)",1742561180
311654929,4M49_H3R3,Minimize!,OK,C++17 (GCC 7-32),1742561025
311654818,RGB_ICPC1,Minimize!,OK,C++20 (GCC 13-64),1742560972
311654799,RGB_ICPC1,Minimize!,WRONG_ANSWER,C++20 (GCC 13-64),1742560958
311654738,4M49_H3R3,Minimize!,OK,C++17 (GCC 7-32),1742560921
311652757,A__turki,The Legend of Freya the Frog,OK,"C++23 (GCC 14-64, msys2)",1742559996
311652311,A__turki,The Legend of Freya the Frog,WRONG_ANSWER,"C++23 (GCC 14-64, msys2)",1742559815
311652255,Mr_seyed,osu!mania,OK,Go,1742559785
311652221,A__turki,The Legend of Freya the Frog,WRONG_ANSWER,"C++23 (GCC 14-64, msys2)",1742559769
311652062,Mr_seyed,osu!mania,RUNTIME_ERROR,Go,1742559707
311651276,drmarcus,Satyam and Counting,OK,Python 3,1742559300
311650888,muskan469_,The Legend of Freya the Frog,OK,"C++23 (GCC 14-64, msys2)",1742559097
311650154,muskan469_,The Legend of Freya the Frog,WRONG_ANSWER,"C++23 (GCC 14-64, msys2)",1742558758
311649954,arindom001,Minimize!,OK,"C++23 (GCC 14-64, msys2)",1742558659
311649648,muskan469_,The Legend of Freya the Frog,WRONG_ANSWER,"C++23 (GCC 14-64, msys2)",1742558511
311648912,muskan469_,The Legend of Freya the Frog,TIME_LIMIT_EXCEEDED,"C++23 (GCC 14-64, msys2)",1742558170
311648497,Vatan,Firefly's Queries,OK,"C++23 (GCC 14-64, msys2)",1742557994
311646414,Gopta,Klee's SUPER DUPER LARGE Array!!!,OK,C++17 (GCC 7-32),1742557065
311646163,AutumnBells,Firefly's Queries,OK,C++17 (GCC 7-32),1742556941
311646075,Syed_Hussaini,Minimize!,OK,Java 21,1742556897
311643552,RISHABH_127,osu!mania,OK,C++17 (GCC 7-32),1742555662
311643224,Jonty_gupta_1204,osu!mania,OK,C++17 (GCC 7-32),1742555485
311643035,sharmajii7,Yunli's Subarray Queries (easy version),OK,C++17 (GCC 7-32),1742555383
311642075,butterflytabbo,Minimize!,OK,C++17 (GCC 7-32),1742554855
311639662,Jonty_gupta_1204,Minimize!,OK,C++17 (GCC 7-32),1742553594
311637872,Violaine_Gunawan,Minimize!,OK,C++20 (GCC 13-64),1742552558
311636700,sharmajii7,Yunli's Subarray Queries (easy version),OK,C++17 (GCC 7-32),1742551848
311635947,shivamdubey9963,Klee's SUPER DUPER LARGE Array!!!,OK,C++17 (GCC 7-32),1742551411
311635806,shivamdubey9963,Klee's SUPER DUPER LARGE Array!!!,WRONG_ANSWER,C++17 (GCC 7-32),1742551342
311635402,sharmajii7,Yunli's Subarray Queries (easy version),RUNTIME_ERROR,C++17 (GCC 7-32),1742551107
311634270,sharmajii7,Yunli's Subarray Queries (easy version),TIME_LIMIT_EXCEEDED,C++17 (GCC 7-32),1742550452
311631918,sharmajii7,Yunli's Subarray Queries (easy version),TIME_LIMIT_EXCEEDED,C++17 (GCC 7-32),1742548894
311631796,Jackie-Chan,Yunli's Subarray Queries (easy version),OK,C++20 (GCC 13-64),1742548808
311631379,Jackie-Chan,Yunli's Subarray Queries (easy version),WRONG_ANSWER,C++20 (GCC 13-64),1742548191
311630920,zygnb,The Legend of Freya the Frog,WRONG_ANSWER,Java 21,1742546881
311628175,Jackie-Chan,Firefly's Queries,OK,C++20 (GCC 13-64),1742543714
311627645,Jackie-Chan,Firefly's Queries,WRONG_ANSWER,C++20 (GCC 13-64),1742543311
311625245,Gadir_2880,Firefly's Queries,OK,C++20 (GCC 13-64),1742541544
311625128,Azrina,Minimize!,WRONG_ANSWER,C++20 (GCC 13-64),1742541460
311625080,Azrina,Minimize!,TIME_LIMIT_EXCEEDED,C++20 (GCC 13-64),1742541432
311625040,Azrina,Minimize!,WRONG_ANSWER,C++20 (GCC 13-64),1742541404
311621531,anurag_f,Minimize!,OK,C++17 (GCC 7-32),1742539000
311620580,Simanto047,Minimize!,OK,C++17 (GCC 7-32),1742538404
311619315,toponram25,Minimize!,OK,GNU C11,1742537494
311615304,Antu_2203012,Minimize!,OK,C++17 (GCC 7-32),1742534111
311613996,muhammed_b,Minimize!,OK,C++17 (GCC 7-32),1742532858
311613341,vikas_koladiya,Minimize!,OK,C++17 (GCC 7-32),1742532233
311612529,Dreamli,Satyam and Counting,OK,C++17 (GCC 7-32),1742531393
311612413,Probar_Shamim,Minimize!,OK,C++17 (GCC 7-32),1742531275
311611843,guuiiim,Satyam and Counting,OK,"C++23 (GCC 14-64, msys2)",1742530637
311611707,jetset_pog,Minimize!,OK,C++20 (GCC 13-64),1742530497
311611622,amirhanordobaev,Minimize!,OK,Kotlin 1.9,1742530414
311611463,TTA-,The Legend of Freya the Frog,OK,C++17 (GCC 7-32),1742530276
311609259,WYCCCCC,Firefly's Queries,OK,"C++23 (GCC 14-64, msys2)",1742527852
311608743,WYCCCCC,Firefly's Queries,OK,"C++23 (GCC 14-64, msys2)",1742527246
311606994,iyyyy,Klee's SUPER DUPER LARGE Array!!!,OK,C++17 (GCC 7-32),1742525152
311606801,red222,Minimize!,OK,C++17 (GCC 7-32),1742524924
311605580,huwt,Satyam and Counting,OK,C++17 (GCC 7-32),1742523328
311605459,huwt,Satyam and Counting,WRONG_ANSWER,C++17 (GCC 7-32),1742523139
311605315,wusixuan,Yunli's Subarray Queries (easy version),OK,C++20 (GCC 13-64),1742522898
311604343,xyzLL,The Legend of Freya the Frog,OK,C++20 (GCC 13-64),1742521244
311604269,xyzLL,The Legend of Freya the Frog,WRONG_ANSWER,C++20 (GCC 13-64),1742521124
311604205,xyzLL,The Legend of Freya the Frog,WRONG_ANSWER,C++20 (GCC 13-64),1742521008
311603280,eliaukkk,Satyam and Counting,OK,C++17 (GCC 7-32),1742519630
311602720,jihadhasanjewel,Minimize!,OK,C++17 (GCC 7-32),1742518815
311599992,Jvrco,Satyam and Counting,OK,"C++23 (GCC 14-64, msys2)",1742514343
311599970,Jvrco,Satyam and Counting,COMPILATION_ERROR,PyPy 3-64,1742514309
311599217,joaohl19,Satyam and Counting,OK,"C++23 (GCC 14-64, msys2)",1742513112
311598717,joaohl19,Satyam and Counting,OK,"C++23 (GCC 14-64, msys2)",1742512425
311598659,joaohl19,Satyam and Counting,OK,"C++23 (GCC 14-64, msys2)",1742512345
311598596,joaohl19,Satyam and Counting,WRONG_ANSWER,"C++23 (GCC 14-64, msys2)",1742512231
311598457,cem6,osu!mania,OK,"C++23 (GCC 14-64, msys2)",1742511988
311594281,elwatd,Minimize!,OK,"C++23 (GCC 14-64, msys2)",1742507028
311593895,A00571878,osu!mania,OK,Python 3,1742506674
311593755,A00571878,osu!mania,WRONG_ANSWER,Python 3,1742506543
311593407,AlanDeLoa,osu!mania,OK,C++20 (GCC 13-64),1742506203
311593402,nkrishna7,Minimize!,OK,Java 21,1742506198
311592899,Prego,Satyam and Counting,OK,C++17 (GCC 7-32),1742505804
311592789,Prego,Satyam and Counting,WRONG_ANSWER,C++17 (GCC 7-32),1742505723
311592485,Neo070,osu!mania,OK,C++17 (GCC 7-32),1742505478
311592398,Neo070,osu!mania,RUNTIME_ERROR,C++17 (GCC 7-32),1742505406
311591107,ha203811,The Legend of Freya the Frog,OK,C++20 (GCC 13-64),1742504393
311590900,ha203811,The Legend of Freya the Frog,WRONG_ANSWER,C++20 (GCC 13-64),1742504265
311590386,ha203811,The Legend of Freya the Frog,WRONG_ANSWER,C++20 (GCC 13-64),1742503912
311590347,olosxx,osu!mania,OK,Python 3,1742503888
311589177,a00836774,osu!mania,OK,Python 3,1742503114
