submission_id,user_handle,problem_name,verdict,language,creation_time
315973419,mehul28102005,Kevin and Permutation,OK,C++17 (GCC 7-32),1744900185
315972615,zawatin,Kevin and Competition Memories,OK,C++20 (GCC 13-64),1744899824
315970205,alisa22580,Kevin and Competition Memories,OK,"C++23 (GCC 14-64, msys2)",1744898690
315969249,zawatin,Kevin and Binary Strings,OK,C++20 (GCC 13-64),1744898230
315969055,Cyprus004,Kevin and Binary Strings,WRONG_ANSWER,"C++23 (GCC 14-64, msys2)",1744898133
315968844,yaseen_hawat,Kevin and Binary Strings,OK,C++17 (GCC 7-32),1744898043
315968552,yaseen_hawat,Kevin and Binary Strings,TIME_LIMIT_EXCEEDED,C++17 (GCC 7-32),1744897909
315968013,Iosko_Peter,Kevin and Combination Lock,OK,"C++23 (GCC 14-64, msys2)",1744897656
315967257,zawatin,Kevin and Permutation,OK,C++20 (GCC 13-64),1744897340
315967109,zawatin,Kevin and Permutation,WRONG_ANSWER,C++20 (GCC 13-64),1744897259
315966486,zawatin,Kevin and Combination Lock,OK,C++20 (GCC 13-64),1744896985
315964051,utopia35,Kevin and Competition Memories,OK,"C++23 (GCC 14-64, msys2)",1744896009
315957914,wsc2008qwq,Kevin and Math Class,OK,C++20 (GCC 13-64),1744893453
315957425,wsc2008qwq,Kevin and Math Class,TIME_LIMIT_EXCEEDED,C++20 (GCC 13-64),1744893242
315957006,wsc2008qwq,Kevin and Math Class,TIME_LIMIT_EXCEEDED,C++20 (GCC 13-64),1744893051
315956407,wsc2008qwq,Kevin and Math Class,TIME_LIMIT_EXCEEDED,C++20 (GCC 13-64),1744892777
315956150,wsc2008qwq,Kevin and Math Class,TIME_LIMIT_EXCEEDED,C++20 (GCC 13-64),1744892655
315954773,Hackii,Kevin and Permutation,WRONG_ANSWER,C++17 (GCC 7-32),1744892040
315951667,jparkkavan,Kevin and Permutation,OK,PyPy 3-64,1744890698
315941521,vivekjd_9,Kevin and Competition Memories,OK,C++17 (GCC 7-32),1744885594
315940310,eshanrizz4722,Kevin and Binary Strings,OK,C++20 (GCC 13-64),1744884868
315939820,eshanrizz4722,Kevin and Binary Strings,WRONG_ANSWER,C++20 (GCC 13-64),1744884607
315938384,eshanrizz4722,Kevin and Binary Strings,WRONG_ANSWER,C++20 (GCC 13-64),1744883809
315936610,St1ven6friend,Kevin and Bipartite Graph,OK,C++17 (GCC 7-32),1744882809
315936573,St1ven6friend,Kevin and Bipartite Graph,WRONG_ANSWER,C++17 (GCC 7-32),1744882782
315935289,St1ven6friend,Kevin and Competition Memories,OK,C++17 (GCC 7-32),1744882106
315935240,St1ven6friend,Kevin and Competition Memories,WRONG_ANSWER,C++17 (GCC 7-32),1744882079
315935012,ashmelev,Kevin and Competition Memories,OK,"C++23 (GCC 14-64, msys2)",1744881961
315934753,St1ven6friend,Kevin and Competition Memories,WRONG_ANSWER,C++17 (GCC 7-32),1744881827
315928899,xvbdzdv,Kevin and Competition Memories,OK,C++20 (GCC 13-64),1744878551
315928828,xvbdzdv,Kevin and Competition Memories,COMPILATION_ERROR,C++20 (GCC 13-64),1744878506
315928264,suyi0502,Kevin and Binary Strings,OK,"C++23 (GCC 14-64, msys2)",1744878177
315917878,bajigarkumar,Kevin and Permutation,OK,"C++23 (GCC 14-64, msys2)",1744871789
315916172,Hardy.Bai,Kevin and Binary Strings,OK,C++17 (GCC 7-32),1744870705
315915465,Moizdhilawala,Kevin and Combination Lock,OK,Java 21,1744870218
315911791,Anemone_,Kevin and Math Class,OK,"C++23 (GCC 14-64, msys2)",1744867404
315911371,vikyadav,Kevin and Combination Lock,OK,C++17 (GCC 7-32),1744867008
315907087,AnomalyGK,Kevin and Binary Strings,OK,PyPy 3-64,1744862473
315902620,sharmakanupriya,Kevin and Combination Lock,OK,C++20 (GCC 13-64),1744857195
315901997,vivekkumar16jun04,Kevin and Combination Lock,OK,"C++23 (GCC 14-64, msys2)",1744856376
315901820,vivekkumar16jun04,Kevin and Combination Lock,WRONG_ANSWER,"C++23 (GCC 14-64, msys2)",1744856119
315901713,vivekkumar16jun04,Kevin and Combination Lock,WRONG_ANSWER,"C++23 (GCC 14-64, msys2)",1744855935
315901025,V.A.V,Kevin and Binary Strings,OK,"C++23 (GCC 14-64, msys2)",1744854892
315901009,V.A.V,Kevin and Binary Strings,WRONG_ANSWER,"C++23 (GCC 14-64, msys2)",1744854857
315900794,vivekkumar16jun04,Kevin and Permutation,OK,"C++23 (GCC 14-64, msys2)",1744854541
315898922,V.A.V,Kevin and Binary Strings,WRONG_ANSWER,"C++23 (GCC 14-64, msys2)",1744851625
315898389,Real_Reasoning_Model,Kevin and Competition Memories,OK,C++17 (GCC 7-32),1744850659
315896751,mix233,Kevin and Competition Memories,OK,C++17 (GCC 7-32),1744847384
315896566,transformer123,Kevin and Bipartite Graph,WRONG_ANSWER,C++17 (GCC 7-32),1744847121
315896304,WorldShine02,Kevin and Combination Lock,OK,C++17 (GCC 7-32),1744846776
315896188,num2,Kevin and Binary Strings,OK,C++17 (GCC 7-32),1744846641
315896050,num7,Kevin and Permutation,OK,C++17 (GCC 7-32),1744846463
315895944,WorldShine02,Kevin and Math Class,COMPILATION_ERROR,C++17 (GCC 7-32),1744846337
315895917,transformer123,Kevin and Matrices,OK,C++17 (GCC 7-32),1744846307
315895846,WorldShine02,Kevin and Competition Memories,OK,C++17 (GCC 7-32),1744846227
315894707,hammoudehib,Kevin and Binary Strings,OK,C++20 (GCC 13-64),1744844316
315884852,from_the_attic,Kevin and Bipartite Graph,OK,"C++23 (GCC 14-64, msys2)",1744834477
315881864,vanshgarg8683,Kevin and Binary Strings,OK,C++17 (GCC 7-32),1744832227
315880478,AryanMotiani,Kevin and Binary Strings,OK,"C++23 (GCC 14-64, msys2)",1744831174
315879419,Rocker_123,Kevin and Permutation,OK,C++20 (GCC 13-64),1744830460
315879221,vanshgarg8683,Kevin and Binary Strings,WRONG_ANSWER,C++17 (GCC 7-32),1744830337
315878367,AryanMotiani,Kevin and Binary Strings,WRONG_ANSWER,"C++23 (GCC 14-64, msys2)",1744829824
315878295,AryanMotiani,Kevin and Binary Strings,COMPILATION_ERROR,"C++23 (GCC 14-64, msys2)",1744829789
315878182,Platon_rumilov,Kevin and Binary Strings,OK,C++20 (GCC 13-64),1744829725
315877728,AryanMotiani,Kevin and Binary Strings,WRONG_ANSWER,"C++23 (GCC 14-64, msys2)",1744829456
315875862,amayvikram.singh.ece23,Kevin and Combination Lock,OK,C++17 (GCC 7-32),1744828354
315872320,from_the_attic,Kevin and Bipartite Graph,WRONG_ANSWER,"C++23 (GCC 14-64, msys2)",1744826398
315870086,GOJO_SATURO12,Kevin and Binary Strings,OK,"C++23 (GCC 14-64, msys2)",1744825307
315869598,from_the_attic,Kevin and Bipartite Graph,WRONG_ANSWER,"C++23 (GCC 14-64, msys2)",1744825082
315869394,from_the_attic,Kevin and Bipartite Graph,RUNTIME_ERROR,"C++23 (GCC 14-64, msys2)",1744824990
315869088,AryanMotiani,Kevin and Binary Strings,OK,"C++23 (GCC 14-64, msys2)",1744824842
315868789,AryanMotiani,Kevin and Binary Strings,RUNTIME_ERROR,"C++23 (GCC 14-64, msys2)",1744824688
315867593,from_the_attic,Kevin and Bipartite Graph,WRONG_ANSWER,"C++23 (GCC 14-64, msys2)",1744824104
315867259,GOJO_SATURO12,Kevin and Binary Strings,WRONG_ANSWER,"C++23 (GCC 14-64, msys2)",1744823937
315866965,GOJO_SATURO12,Kevin and Binary Strings,WRONG_ANSWER,"C++23 (GCC 14-64, msys2)",1744823796
315866508,from_the_attic,Kevin and Bipartite Graph,WRONG_ANSWER,"C++23 (GCC 14-64, msys2)",1744823573
315865114,AryanMotiani,Kevin and Binary Strings,WRONG_ANSWER,"C++23 (GCC 14-64, msys2)",1744822906
315864481,M1chael_Petrov,Kevin and Competition Memories,OK,"C++23 (GCC 14-64, msys2)",1744822600
315864308,_codingninja_,Kevin and Permutation,OK,"C++23 (GCC 14-64, msys2)",1744822510
315863620,jack1011,Kevin and Permutation,OK,C++17 (GCC 7-32),1744822137
315862133,TurjoyTushar,Kevin and Combination Lock,OK,C++17 (GCC 7-32),1744821286
315860133,TasniaRysa,Kevin and Permutation,OK,C++20 (GCC 13-64),1744820282
315854760,M.A.K,Kevin and Combination Lock,OK,"C++23 (GCC 14-64, msys2)",1744818316
315854689,M.A.K,Kevin and Permutation,OK,"C++23 (GCC 14-64, msys2)",1744818287
315853793,ByteMancer007,Kevin and Math Class,OK,C++20 (GCC 13-64),1744817935
315852783,spmshakti,Kevin and Permutation,OK,C++17 (GCC 7-32),1744817520
315850715,12112002,Kevin and Binary Strings,WRONG_ANSWER,"C++23 (GCC 14-64, msys2)",1744816561
315850472,09_12_2002,Kevin and Binary Strings,WRONG_ANSWER,"C++23 (GCC 14-64, msys2)",1744816447
315850423,cookie0322,Kevin and Competition Memories,OK,C++17 (GCC 7-32),1744816425
315850168,pikaninja123,Kevin and Binary Strings,OK,C++17 (GCC 7-32),1744816306
315850032,Kazaazzz,Kevin and Math Class,OK,C++20 (GCC 13-64),1744816244
315849898,09_12_2002,Kevin and Binary Strings,WRONG_ANSWER,"C++23 (GCC 14-64, msys2)",1744816178
315849419,Kazaazzz,Kevin and Math Class,WRONG_ANSWER,C++20 (GCC 13-64),1744815985
315849324,ByteMancer007,Kevin and Math Class,MEMORY_LIMIT_EXCEEDED,C++20 (GCC 13-64),1744815947
315849193,cookie0322,Kevin and Competition Memories,WRONG_ANSWER,C++17 (GCC 7-32),1744815881
315849173,09_12_2002,Kevin and Binary Strings,WRONG_ANSWER,"C++23 (GCC 14-64, msys2)",1744815875
315849143,09_12_2002,Kevin and Binary Strings,COMPILATION_ERROR,GNU C11,1744815855
315849114,NTU_ICPC,Kevin and Bipartite Graph,WRONG_ANSWER,"C++23 (GCC 14-64, msys2)",1744815842
315848516,Anemone_,Kevin and Bipartite Graph,OK,"C++23 (GCC 14-64, msys2)",1744815576
315848155,KuR222,Kevin and Bipartite Graph,OK,"C++23 (GCC 14-64, msys2)",1744815396
315847910,KuR222,Kevin and Bipartite Graph,WRONG_ANSWER,"C++23 (GCC 14-64, msys2)",1744815275
315842787,KuR222,Kevin and Bipartite Graph,WRONG_ANSWER,"C++23 (GCC 14-64, msys2)",1744812807
315839960,IamYessir,Kevin and Permutation,OK,Perl,1744811582
315839269,bharat1104,Kevin and Permutation,WRONG_ANSWER,Java 21,1744811289
315839197,Anemone_,Kevin and Competition Memories,OK,"C++23 (GCC 14-64, msys2)",1744811258
315837851,maruf_hf13,Kevin and Combination Lock,OK,C++20 (GCC 13-64),1744810694
315837614,xht88991,Kevin and Binary Strings,OK,C++17 (GCC 7-32),1744810582
315837529,Ouha,Kevin and Binary Strings,OK,C++20 (GCC 13-64),1744810543
315837377,Asdezx,Kevin and Permutation,OK,"C++23 (GCC 14-64, msys2)",1744810469
315835052,Anemone_,Kevin and Binary Strings,OK,"C++23 (GCC 14-64, msys2)",1744809410
315834719,Anemone_,Kevin and Binary Strings,WRONG_ANSWER,"C++23 (GCC 14-64, msys2)",1744809224
315834575,Anemone_,Kevin and Binary Strings,RUNTIME_ERROR,"C++23 (GCC 14-64, msys2)",1744809157
315832691,Anemone_,Kevin and Permutation,OK,"C++23 (GCC 14-64, msys2)",1744808274
315832436,KareemElbarbary,Kevin and Combination Lock,OK,C++20 (GCC 13-64),1744808148
315832116,Anemone_,Kevin and Combination Lock,OK,"C++23 (GCC 14-64, msys2)",1744808000
315831378,KareemElbarbary,Kevin and Permutation,OK,C++20 (GCC 13-64),1744807629
315831141,Garv_12,Kevin and Binary Strings,OK,Python 3,1744807516
315830786,DivyamAg,Kevin and Permutation,OK,Java 21,1744807340
315829703,Garv_12,Kevin and Binary Strings,WRONG_ANSWER,Python 3,1744806808
315829426,Garv_12,Kevin and Binary Strings,WRONG_ANSWER,Python 3,1744806679
315827040,anshull.45,Kevin and Permutation,OK,C++17 (GCC 7-32),1744805497
315826046,davinpwk,Kevin and Competition Memories,WRONG_ANSWER,C++17 (GCC 7-32),1744805015
315823920,darkahmed,Kevin and Permutation,WRONG_ANSWER,"C++23 (GCC 14-64, msys2)",1744803932
315823251,darkahmed,Kevin and Permutation,WRONG_ANSWER,"C++23 (GCC 14-64, msys2)",1744803587
315822928,rhomboid,Kevin and Permutation,WRONG_ANSWER,C++17 (GCC 7-32),1744803410
315822190,rhomboid,Kevin and Permutation,WRONG_ANSWER,C++17 (GCC 7-32),1744802986
315806963,Platon_rumilov,Kevin and Binary Strings,WRONG_ANSWER,C++20 (GCC 13-64),1744793211
315801134,Parabellum1417,Kevin and Permutation,OK,C++17 (GCC 7-32),1744789080
315801005,Parabellum1417,Kevin and Permutation,WRONG_ANSWER,C++17 (GCC 7-32),1744788993
315800906,Parabellum1417,Kevin and Permutation,WRONG_ANSWER,C++17 (GCC 7-32),1744788933
315789793,DivyamAg,Kevin and Permutation,WRONG_ANSWER,Java 21,1744780741
315788798,kanikadebnath8759,Kevin and Binary Strings,WRONG_ANSWER,C++17 (GCC 7-32),1744779902
315788509,kanikadebnath8759,Kevin and Binary Strings,WRONG_ANSWER,C++17 (GCC 7-32),1744779591
315788500,Diabloo,Kevin and Permutation,OK,"C++23 (GCC 14-64, msys2)",1744779587
315788129,kanikadebnath8759,Kevin and Binary Strings,WRONG_ANSWER,C++17 (GCC 7-32),1744779220
315788033,kanikadebnath8759,Kevin and Binary Strings,WRONG_ANSWER,C++17 (GCC 7-32),1744779120
315787824,kanikadebnath8759,Kevin and Binary Strings,WRONG_ANSWER,C++17 (GCC 7-32),1744778915
315787378,kanikadebnath8759,Kevin and Binary Strings,WRONG_ANSWER,C++17 (GCC 7-32),1744778476
315782546,turjoyhome,Kevin and Combination Lock,OK,C++17 (GCC 7-32),1744773417
315781861,khush07,Kevin and Binary Strings,OK,"C++23 (GCC 14-64, msys2)",1744772512
315780382,lm123,Kevin and Combination Lock,OK,C++17 (GCC 7-32),1744770527
315780233,lm123,Kevin and Combination Lock,WRONG_ANSWER,C++17 (GCC 7-32),1744770300
315779485,khush07,Kevin and Binary Strings,WRONG_ANSWER,"C++23 (GCC 14-64, msys2)",1744769229
315776899,artofwaraabb,Kevin and Combination Lock,OK,C++17 (GCC 7-32),1744765380
315776575,thienminha5k31,Kevin and Combination Lock,OK,C++17 (GCC 7-32),1744764917
315776553,thienminha5k31,Kevin and Combination Lock,COMPILATION_ERROR,C++17 (GCC 7-32),1744764882
315776528,thienminha5k31,Kevin and Combination Lock,COMPILATION_ERROR,C++17 (GCC 7-32),1744764851
315772324,h_abiba,Kevin and Permutation,OK,"C++23 (GCC 14-64, msys2)",1744757148
315771497,h_abiba,Kevin and Combination Lock,OK,"C++23 (GCC 14-64, msys2)",1744755890
315771420,h_abiba,Kevin and Combination Lock,WRONG_ANSWER,"C++23 (GCC 14-64, msys2)",1744755794
315768598,MohmedGado_255,Kevin and Permutation,OK,C++20 (GCC 13-64),1744752221
315767266,faithhh,Kevin and Permutation,OK,"C++23 (GCC 14-64, msys2)",1744750791
315767006,vivekjd_9,Kevin and Competition Memories,WRONG_ANSWER,C++17 (GCC 7-32),1744750533
315766989,faithhh,Kevin and Permutation,WRONG_ANSWER,"C++23 (GCC 14-64, msys2)",1744750518
315766768,vivekjd_9,Kevin and Competition Memories,WRONG_ANSWER,C++17 (GCC 7-32),1744750322
315766717,vivekjd_9,Kevin and Competition Memories,WRONG_ANSWER,C++17 (GCC 7-32),1744750274
315763902,MrTalas,Kevin and Binary Strings,WRONG_ANSWER,"C++23 (GCC 14-64, msys2)",1744747747
315763827,MrTalas,Kevin and Binary Strings,COMPILATION_ERROR,"C++23 (GCC 14-64, msys2)",1744747687
315759847,Pranshul_Soni,Kevin and Binary Strings,RUNTIME_ERROR,"C++23 (GCC 14-64, msys2)",1744744697
315758623,Mehdi_Ba,Kevin and Permutation,OK,C++20 (GCC 13-64),1744743915
315758428,Mehdi_Ba,Kevin and Permutation,WRONG_ANSWER,C++20 (GCC 13-64),1744743782
315757972,Pranshul_Soni,Kevin and Binary Strings,RUNTIME_ERROR,"C++23 (GCC 14-64, msys2)",1744743484
315757722,Pranshul_Soni,Kevin and Binary Strings,RUNTIME_ERROR,"C++23 (GCC 14-64, msys2)",1744743326
315757491,dweep_desai,Kevin and Binary Strings,OK,PyPy 3-64,1744743210
315757222,Pranshul_Soni,Kevin and Binary Strings,RUNTIME_ERROR,"C++23 (GCC 14-64, msys2)",1744743064
315756528,amrohalali,Kevin and Combination Lock,OK,C++20 (GCC 13-64),1744742649
315755256,BlackCat_,Kevin and Math Class,OK,"C++23 (GCC 14-64, msys2)",1744741963
315755034,kate.codecat,Kevin and Competition Memories,OK,"C++23 (GCC 14-64, msys2)",1744741846
315754476,kate.codecat,Kevin and Competition Memories,WRONG_ANSWER,"C++23 (GCC 14-64, msys2)",1744741599
315752846,Pumkinhead_Me,Kevin and Binary Strings,OK,C++17 (GCC 7-32),1744740826
315750349,adarsh_singh23,Kevin and Permutation,OK,C++17 (GCC 7-32),1744739626
315746463,surbhi.gaikwad,Kevin and Binary Strings,OK,C++17 (GCC 7-32),1744737902
315745385,BG-27,Kevin and Permutation,OK,"C++23 (GCC 14-64, msys2)",1744737389
315744262,BG-27,Kevin and Permutation,WRONG_ANSWER,"C++23 (GCC 14-64, msys2)",1744736838
315743748,xiaoyin0,Kevin and Competition Memories,OK,C++20 (GCC 13-64),1744736600
315741382,BlackCat_,Kevin and Bipartite Graph,OK,"C++23 (GCC 14-64, msys2)",1744735540
315737671,Thawan,Kevin and Permutation,OK,C++20 (GCC 13-64),1744734021
315736125,Sadia_Hossain,Kevin and Combination Lock,OK,C++17 (GCC 7-32),1744733450
315731768,S_amyak,Kevin and Permutation,OK,C++20 (GCC 13-64),1744731708
315726176,san.patil0101,Kevin and Permutation,OK,"C++23 (GCC 14-64, msys2)",1744729650
315724380,san.patil0101,Kevin and Permutation,WRONG_ANSWER,"C++23 (GCC 14-64, msys2)",1744728959
315723936,woonder,Kevin and Bipartite Graph,OK,"C++23 (GCC 14-64, msys2)",1744728780
315723800,woonder,Kevin and Bipartite Graph,WRONG_ANSWER,"C++23 (GCC 14-64, msys2)",1744728726
315721985,san.patil0101,Kevin and Combination Lock,OK,"C++23 (GCC 14-64, msys2)",1744727990
315721607,_codingninja_,Kevin and Combination Lock,OK,"C++23 (GCC 14-64, msys2)",1744727844
315720687,_codingninja_,Kevin and Combination Lock,TIME_LIMIT_EXCEEDED,"C++23 (GCC 14-64, msys2)",1744727447
315715988,banana_182,Kevin and Combination Lock,OK,C++20 (GCC 13-64),1744725357
315713948,Mr_Gajera112,Kevin and Binary Strings,OK,C++20 (GCC 13-64),1744724436
315712512,Mr_Gajera112,Kevin and Binary Strings,WRONG_ANSWER,C++20 (GCC 13-64),1744723848
315698002,gamerid0fsk,Kevin and Permutation,OK,C++17 (GCC 7-32),1744716647
315696041,tarunnnnn,Kevin and Permutation,OK,C++20 (GCC 13-64),1744715639
315694707,asiftanim20,Kevin and Permutation,OK,Java 21,1744714911
315694609,asiftanim20,Kevin and Permutation,WRONG_ANSWER,Java 21,1744714859
315694406,asiftanim20,Kevin and Permutation,WRONG_ANSWER,Java 21,1744714762
315684304,shekhar11,Kevin and Permutation,OK,C++17 (GCC 7-32),1744709198
315683117,cc150119,Kevin and Competition Memories,OK,C++20 (GCC 13-64),1744708546
315679750,mix233,Kevin and Combination Lock,WRONG_ANSWER,C++17 (GCC 7-32),1744706823
315679629,Real_Reasoning_Model,Kevin and Strange Operation,WRONG_ANSWER,C++17 (GCC 7-32),1744706775
315679508,Real_Reasoning_Model,Kevin and Puzzle (Hard Version),WRONG_ANSWER,C++17 (GCC 7-32),1744706719
315679156,Real_Reasoning_Model,Kevin and Binary Strings,WRONG_ANSWER,C++17 (GCC 7-32),1744706555
315678378,1000_H100,Kevin and Binary Strings,WRONG_ANSWER,C++17 (GCC 7-32),1744706194
315677970,never_use_tpu,Kevin and Puzzle (Easy Version),WRONG_ANSWER,C++17 (GCC 7-32),1744706016
315676977,WorldShine01,Kevin and Matrices,WRONG_ANSWER,C++17 (GCC 7-32),1744705587
315676811,num5,Kevin and Competition Memories,WRONG_ANSWER,C++17 (GCC 7-32),1744705516
315676788,WorldShine03,Kevin and Math Class,WRONG_ANSWER,C++17 (GCC 7-32),1744705506
315676047,never_use_tpu,Kevin and Matrices,WRONG_ANSWER,C++17 (GCC 7-32),1744705149
315675990,num6,Kevin and Math Class,COMPILATION_ERROR,C++17 (GCC 7-32),1744705126
315675853,never_use_tpu,Kevin and Competition Memories,WRONG_ANSWER,C++17 (GCC 7-32),1744705056
315675122,num7,Kevin and Puzzle (Hard Version),WRONG_ANSWER,C++17 (GCC 7-32),1744704708
315675037,num7,Kevin and Strange Operation,WRONG_ANSWER,C++17 (GCC 7-32),1744704664
315674707,Real_Reasoning_Model,Kevin and Permutation,WRONG_ANSWER,C++17 (GCC 7-32),1744704518
315674564,ALANDQQ,Kevin and Competition Memories,OK,C++17 (GCC 7-32),1744704451
315674198,Real_Reasoning_Model,Kevin and Bipartite Graph,WRONG_ANSWER,C++17 (GCC 7-32),1744704268
315673948,WorldShine03,Kevin and Permutation,WRONG_ANSWER,C++17 (GCC 7-32),1744704151
315673621,num2,Kevin and Combination Lock,WRONG_ANSWER,C++17 (GCC 7-32),1744704005
315673580,WorldShine01,Kevin and Puzzle (Easy Version),WRONG_ANSWER,C++17 (GCC 7-32),1744703982
315673481,WorldShine01,Kevin and Bipartite Graph,WRONG_ANSWER,C++17 (GCC 7-32),1744703926
315670603,hnust_zhangshuai,Kevin and Competition Memories,OK,C++17 (GCC 7-32),1744702216
315666271,intend,Kevin and Competition Memories,OK,C++20 (GCC 13-64),1744699418
315665957,intend,Kevin and Competition Memories,RUNTIME_ERROR,C++20 (GCC 13-64),1744699210
315660276,GULUJUN,Kevin and Competition Memories,OK,C++20 (GCC 13-64),1744695500
315660235,GULUJUN,Kevin and Competition Memories,OK,C++20 (GCC 13-64),1744695470
315660108,GULUJUN,Kevin and Competition Memories,TIME_LIMIT_EXCEEDED,C++20 (GCC 13-64),1744695368
315654067,lemaclo,Kevin and Binary Strings,OK,C++17 (GCC 7-32),1744690355
315648225,chromatic,Kevin and Binary Strings,OK,C++20 (GCC 13-64),1744683980
315647698,chromatic,Kevin and Binary Strings,WRONG_ANSWER,C++20 (GCC 13-64),1744683321
315647645,chromatic,Kevin and Binary Strings,WRONG_ANSWER,C++20 (GCC 13-64),1744683252
315647596,ch.ingelsson,Kevin and Binary Strings,WRONG_ANSWER,C++20 (GCC 13-64),1744683198
315633880,SeaUrc,Kevin and Competition Memories,OK,C++17 (GCC 7-32),1744664466
315633682,SeaUrc,Kevin and Competition Memories,WRONG_ANSWER,C++17 (GCC 7-32),1744664313
315633639,SeaUrc,Kevin and Competition Memories,WRONG_ANSWER,C++17 (GCC 7-32),1744664274
315629187,john_theBlond,Kevin and Permutation,OK,GNU C11,1744661216
315624729,john_theBlond,Kevin and Permutation,WRONG_ANSWER,GNU C11,1744658566
315624697,asiftanim20,Kevin and Permutation,WRONG_ANSWER,Java 21,1744658551
315624628,john_theBlond,Kevin and Permutation,WRONG_ANSWER,C++17 (GCC 7-32),1744658506
315624221,john_theBlond,Kevin and Permutation,WRONG_ANSWER,GNU C11,1744658286
315620463,john_theBlond,Kevin and Combination Lock,OK,GNU C11,1744656356
315618703,john_theBlond,Kevin and Combination Lock,TIME_LIMIT_EXCEEDED,Node.js,1744655477
315611697,surbhi.gaikwad,Kevin and Binary Strings,WRONG_ANSWER,C++17 (GCC 7-32),1744652275
315611302,surbhi.gaikwad,Kevin and Binary Strings,WRONG_ANSWER,C++17 (GCC 7-32),1744652095
315608122,nasser_10,Kevin and Permutation,OK,C++20 (GCC 13-64),1744650600
315594248,Tian_Ming_Yo,Kevin and Binary Strings,OK,C++17 (GCC 7-32),1744644893
315589930,gsahasra13,Kevin and Binary Strings,WRONG_ANSWER,PyPy 3-64,1744642951
315589778,gsahasra13,Kevin and Binary Strings,WRONG_ANSWER,PyPy 3-64,1744642887
315585339,KuR222,Kevin and Competition Memories,OK,"C++23 (GCC 14-64, msys2)",1744641069
315575570,Dongchy666,Kevin and Combination Lock,OK,"C++23 (GCC 14-64, msys2)",1744635058
315570899,QueAL,Kevin and Combination Lock,OK,C++17 (GCC 7-32),1744631317
315565292,anshull.45,Kevin and Combination Lock,OK,C++17 (GCC 7-32),1744628239
315562326,littlebee2712,Kevin and Permutation,OK,C++17 (GCC 7-32),1744626273
315560601,himadri765,Kevin and Competition Memories,OK,C++17 (GCC 7-32),1744625163
315560411,SealMoBurp,Kevin and Binary Strings,OK,C++17 (GCC 7-32),1744625011
315559447,SealMoBurp,Kevin and Binary Strings,WRONG_ANSWER,C++17 (GCC 7-32),1744624338
315558551,SealMoBurp,Kevin and Binary Strings,TIME_LIMIT_EXCEEDED,C++17 (GCC 7-32),1744623685
315558530,SealMoBurp,Kevin and Binary Strings,WRONG_ANSWER,C++17 (GCC 7-32),1744623667
315558512,SealMoBurp,Kevin and Binary Strings,WRONG_ANSWER,C++17 (GCC 7-32),1744623654
315557710,SealMoBurp,Kevin and Binary Strings,WRONG_ANSWER,C++17 (GCC 7-32),1744623066
315555986,SealMoBurp,Kevin and Binary Strings,WRONG_ANSWER,C++17 (GCC 7-32),1744621674
315555903,SealMoBurp,Kevin and Binary Strings,WRONG_ANSWER,C++17 (GCC 7-32),1744621602
315555733,luojiujing,Kevin and Combination Lock,WRONG_ANSWER,C++20 (GCC 13-64),1744621423
315555620,luojiujing,Kevin and Combination Lock,OK,C++20 (GCC 13-64),1744621323
315551821,siddhartht,Kevin and Binary Strings,OK,C++20 (GCC 13-64),1744618343
315546494,ByteKnight2005,Kevin and Binary Strings,OK,C++17 (GCC 7-32),1744614695
315546214,ByteKnight2005,Kevin and Binary Strings,WRONG_ANSWER,C++17 (GCC 7-32),1744614491
315545425,ByteKnight2005,Kevin and Binary Strings,WRONG_ANSWER,C++17 (GCC 7-32),1744614054
315545119,ByteKnight2005,Kevin and Binary Strings,WRONG_ANSWER,C++17 (GCC 7-32),1744613903
315543450,Arkanec,Kevin and Combination Lock,OK,C++17 (GCC 7-32),1744613130
315523915,Ah1er,Kevin and Competition Memories,OK,"C++23 (GCC 14-64, msys2)",1744600580
315523885,Ah1er,Kevin and Competition Memories,OK,"C++23 (GCC 14-64, msys2)",1744600550
315523549,Ah1er,Kevin and Competition Memories,WRONG_ANSWER,"C++23 (GCC 14-64, msys2)",1744600203
315514744,6PokaliukhinAA,Kevin and Puzzle (Hard Version),WRONG_ANSWER,Python 3,1744587496
315514707,6PokaliukhinAA,Kevin and Puzzle (Hard Version),WRONG_ANSWER,Python 3,1744587420
315514692,6PokaliukhinAA,Kevin and Puzzle (Hard Version),WRONG_ANSWER,Python 3,1744587384
315514519,6PokaliukhinAA,Kevin and Puzzle (Hard Version),TIME_LIMIT_EXCEEDED,Python 3,1744587048
315514372,6PokaliukhinAA,Kevin and Puzzle (Hard Version),WRONG_ANSWER,Python 3,1744586738
315502859,littlebee2712,Kevin and Permutation,WRONG_ANSWER,C++17 (GCC 7-32),1744575145
315501718,darkahmed,Kevin and Permutation,WRONG_ANSWER,"C++23 (GCC 14-64, msys2)",1744574426
315501352,darkahmed,Kevin and Combination Lock,OK,"C++23 (GCC 14-64, msys2)",1744574195
315497916,zmonster8,Kevin and Bipartite Graph,OK,C++20 (GCC 13-64),1744572295
315471872,XinLiao,Kevin and Binary Strings,WRONG_ANSWER,PyPy 3-64,1744565843
315442372,aniket29,Kevin and Binary Strings,WRONG_ANSWER,C++20 (GCC 13-64),1744563784
315416586,PhuDat1,Kevin and Combination Lock,OK,C++20 (GCC 13-64),1744562307
315414161,PhuDat1,Kevin and Combination Lock,OK,C++20 (GCC 13-64),1744562186
315406571,shubhankar_fim,Kevin and Competition Memories,OK,C++20 (GCC 13-64),1744561807
315305932,sed404,Kevin and Competition Memories,OK,"C++23 (GCC 14-64, msys2)",1744556886
315302230,sapcoder,Kevin and Binary Strings,OK,"C++23 (GCC 14-64, msys2)",1744555071
315302213,DeexantBharti,Kevin and Permutation,OK,C++17 (GCC 7-32),1744555064
315302187,ASA911NINJA,Kevin and Combination Lock,OK,C++17 (GCC 7-32),1744555053
315300069,secrete1234,Kevin and Binary Strings,OK,C++17 (GCC 7-32),1744554016
315298843,chumeng,Kevin and Binary Strings,OK,"C++23 (GCC 14-64, msys2)",1744553415
315290979,secrete1234,Kevin and Binary Strings,RUNTIME_ERROR,C++17 (GCC 7-32),1744549367
315290058,Herald_4122,Kevin and Permutation,OK,C++20 (GCC 13-64),1744548911
315278069,khalaf,Kevin and Competition Memories,OK,C++20 (GCC 13-64),1744542702
315278011,khalaf,Kevin and Competition Memories,WRONG_ANSWER,C++20 (GCC 13-64),1744542673
315273598,Luckwet,Kevin and Binary Strings,OK,"C++23 (GCC 14-64, msys2)",1744540289
315271716,the_seal,Kevin and Binary Strings,OK,PyPy 3-64,1744539289
315270052,squid_suraj,Kevin and Binary Strings,OK,C++17 (GCC 7-32),1744538477
315269211,meow_tofu,Kevin and Permutation,OK,C++17 (GCC 7-32),1744538073
315269070,meow_tofu,Kevin and Permutation,WRONG_ANSWER,C++17 (GCC 7-32),1744538000
315268683,swal_hin,Kevin and Permutation,OK,"C++23 (GCC 14-64, msys2)",1744537880
315268458,_61e55,Kevin and Permutation,OK,GNU C11,1744537767
315268311,_61e55,Kevin and Permutation,OK,C++17 (GCC 7-32),1744537684
315263672,xvtianze,Kevin and Matrices,OK,C++20 (GCC 13-64),1744536168
315263621,Luckwet,Kevin and Permutation,OK,"C++23 (GCC 14-64, msys2)",1744536150
315263316,Luckwet,Kevin and Permutation,WRONG_ANSWER,"C++23 (GCC 14-64, msys2)",1744535999
315262701,Luckwet,Kevin and Combination Lock,OK,"C++23 (GCC 14-64, msys2)",1744535683
315252816,Peedobus01,Kevin and Competition Memories,OK,C++20 (GCC 13-64),1744530616
315248210,bourbon111,Kevin and Competition Memories,OK,C++20 (GCC 13-64),1744528070
315247205,nikkysingh091,Kevin and Combination Lock,OK,"C++23 (GCC 14-64, msys2)",1744527483
315246964,nikkysingh091,Kevin and Combination Lock,RUNTIME_ERROR,"C++23 (GCC 14-64, msys2)",1744527341
315246660,nikkysingh091,Kevin and Combination Lock,RUNTIME_ERROR,"C++23 (GCC 14-64, msys2)",1744527164
315246027,bourbon111,Kevin and Competition Memories,OK,C++20 (GCC 13-64),1744526819
315245714,bourbon111,Kevin and Competition Memories,WRONG_ANSWER,C++20 (GCC 13-64),1744526650
315242273,akash_kumar_gupta,Kevin and Competition Memories,OK,"C++23 (GCC 14-64, msys2)",1744524628
315239387,pranshu0,Kevin and Combination Lock,OK,Java 21,1744522906
315239281,pranshu0,Kevin and Combination Lock,WRONG_ANSWER,Java 21,1744522839
315238068,hkgohil1102,Kevin and Permutation,WRONG_ANSWER,C++20 (GCC 13-64),1744521993
315230096,Dishank_Jha,Kevin and Permutation,OK,C++17 (GCC 7-32),1744514639
315230069,zhou3,Kevin and Binary Strings,OK,C++20 (GCC 13-64),1744514600
315221218,kingcabrams,Kevin and Competition Memories,OK,"C++23 (GCC 14-64, msys2)",1744498712
315221157,kingcabrams,Kevin and Competition Memories,WRONG_ANSWER,"C++23 (GCC 14-64, msys2)",1744498628
315219437,kingcabrams,Kevin and Competition Memories,WRONG_ANSWER,"C++23 (GCC 14-64, msys2)",1744496119
315216397,myco,Kevin and Bipartite Graph,OK,C++17 (GCC 7-32),1744492668
315214602,rustyS4h1L,Kevin and Permutation,OK,C++17 (GCC 7-32),1744491030
315212573,GoRed,Kevin and Math Class,OK,C++17 (GCC 7-32),1744489641
315210747,Ak_m7uslim,Kevin and Combination Lock,OK,"C++23 (GCC 14-64, msys2)",1744488470
315203836,18ss,Kevin and Binary Strings,OK,C++20 (GCC 13-64),1744484611
315203575,18ss,Kevin and Binary Strings,WRONG_ANSWER,C++20 (GCC 13-64),1744484480
315200796,justkarsh,Kevin and Permutation,OK,C++17 (GCC 7-32),1744482997
315193034,num3,Kevin and Puzzle (Hard Version),WRONG_ANSWER,C++17 (GCC 7-32),1744479268
315192986,num2,Kevin and Strange Operation,WRONG_ANSWER,C++17 (GCC 7-32),1744479248
315190867,WorldShine03,Kevin and Puzzle (Hard Version),WRONG_ANSWER,C++17 (GCC 7-32),1744478342
315190794,Real_Reasoning_Model,Kevin and Strange Operation,WRONG_ANSWER,C++17 (GCC 7-32),1744478307
315190445,WorldShine01,Kevin and Combination Lock,WRONG_ANSWER,C++17 (GCC 7-32),1744478154
315190390,num5,Kevin and Permutation,WRONG_ANSWER,C++17 (GCC 7-32),1744478127
315189840,Real_Reasoning_Model,Kevin and Matrices,WRONG_ANSWER,C++17 (GCC 7-32),1744477899
315189636,never_use_tpu,Kevin and Binary Strings,RUNTIME_ERROR,C++17 (GCC 7-32),1744477810
315189244,_satoshi_0016,Kevin and Binary Strings,OK,"C++23 (GCC 14-64, msys2)",1744477653
315188594,WorldShine03,Kevin and Math Class,WRONG_ANSWER,C++17 (GCC 7-32),1744477445
315188533,real_Parallelism,Kevin and Competition Memories,WRONG_ANSWER,C++17 (GCC 7-32),1744477430
315188240,_satoshi_0016,Kevin and Binary Strings,WRONG_ANSWER,"C++23 (GCC 14-64, msys2)",1744477358
315187728,never_use_tpu,Kevin and Puzzle (Easy Version),COMPILATION_ERROR,C++17 (GCC 7-32),1744477209
315187053,num6,Kevin and Bipartite Graph,WRONG_ANSWER,C++17 (GCC 7-32),1744477025
315186079,HannahD303,Kevin and Permutation,WRONG_ANSWER,C++20 (GCC 13-64),1744476741
315185567,HannahD303,Kevin and Permutation,RUNTIME_ERROR,C++20 (GCC 13-64),1744476594
315184365,HiTmAn_76,Kevin and Binary Strings,OK,"C++23 (GCC 14-64, msys2)",1744476180
315182467,_LittleNamWizard_,Kevin and Permutation,OK,"C++23 (GCC 14-64, msys2)",1744475486
315179097,txcan11hanoi,Kevin and Combination Lock,OK,C++17 (GCC 7-32),1744474432
315174061,palsaksham025,Kevin and Competition Memories,OK,"C++23 (GCC 14-64, msys2)",1744472798
315173856,suvam01,Kevin and Permutation,OK,"C++23 (GCC 14-64, msys2)",1744472733
315173363,palsaksham025,Kevin and Competition Memories,TIME_LIMIT_EXCEEDED,"C++23 (GCC 14-64, msys2)",1744472585
315172936,palsaksham025,Kevin and Competition Memories,TIME_LIMIT_EXCEEDED,"C++23 (GCC 14-64, msys2)",1744472460
315160551,HiTmAn_76,Kevin and Binary Strings,RUNTIME_ERROR,"C++23 (GCC 14-64, msys2)",1744468345
315160067,HiTmAn_76,Kevin and Binary Strings,RUNTIME_ERROR,"C++23 (GCC 14-64, msys2)",1744468174
315158675,HiTmAn_76,Kevin and Binary Strings,RUNTIME_ERROR,"C++23 (GCC 14-64, msys2)",1744467691
315155489,whippingHeppers,Kevin and Competition Memories,OK,"C++23 (GCC 14-64, msys2)",1744466544
315154541,whippingHeppers,Kevin and Competition Memories,RUNTIME_ERROR,"C++23 (GCC 14-64, msys2)",1744466199
315154302,whippingHeppers,Kevin and Competition Memories,RUNTIME_ERROR,"C++23 (GCC 14-64, msys2)",1744466113
315146159,justkarsh,Kevin and Permutation,WRONG_ANSWER,C++17 (GCC 7-32),1744462638
315137926,Not_Demon,Kevin and Bipartite Graph,WRONG_ANSWER,C++17 (GCC 7-32),1744458985
315137798,Not_Demon,Kevin and Bipartite Graph,WRONG_ANSWER,C++17 (GCC 7-32),1744458938
315136781,Daniel_lele,Kevin and Strange Operation,OK,"C++23 (GCC 14-64, msys2)",1744458585
315135911,Sifat113,Kevin and Permutation,WRONG_ANSWER,C++20 (GCC 13-64),1744458280
315134951,Sifat113,Kevin and Permutation,WRONG_ANSWER,C++20 (GCC 13-64),1744457957
315134315,Sifat113,Kevin and Permutation,WRONG_ANSWER,C++20 (GCC 13-64),1744457720
315133190,Sifat113,Kevin and Permutation,WRONG_ANSWER,C++20 (GCC 13-64),1744457205
315132419,Sifat113,Kevin and Permutation,WRONG_ANSWER,C++20 (GCC 13-64),1744456825
315114428,sab_noor06,Kevin and Combination Lock,OK,C++17 (GCC 7-32),1744448372
315111249,kishan9487,Kevin and Competition Memories,OK,"C++23 (GCC 14-64, msys2)",1744447077
315106865,ashfn,Kevin and Binary Strings,OK,C++17 (GCC 7-32),1744445352
315106755,ashfn,Kevin and Binary Strings,WRONG_ANSWER,C++17 (GCC 7-32),1744445312
315106177,ashfn,Kevin and Binary Strings,WRONG_ANSWER,C++17 (GCC 7-32),1744445071
315106100,AbdulRauf---,Kevin and Binary Strings,TIME_LIMIT_EXCEEDED,"C++23 (GCC 14-64, msys2)",1744445044
315105924,AbdulRauf---,Kevin and Binary Strings,WRONG_ANSWER,"C++23 (GCC 14-64, msys2)",1744444981
315105588,AbdulRauf---,Kevin and Binary Strings,WRONG_ANSWER,"C++23 (GCC 14-64, msys2)",1744444852
315095366,FLATYsss,Kevin and Puzzle (Hard Version),OK,C++20 (GCC 13-64),1744441039
315095242,FLATYsss,Kevin and Puzzle (Easy Version),OK,C++20 (GCC 13-64),1744440989
315095008,FLATYsss,Kevin and Strange Operation,OK,C++20 (GCC 13-64),1744440895
315094924,FLATYsss,Kevin and Matrices,OK,C++20 (GCC 13-64),1744440858
315094726,FLATYsss,Kevin and Math Class,OK,C++20 (GCC 13-64),1744440780
315094593,FLATYsss,Kevin and Bipartite Graph,OK,C++20 (GCC 13-64),1744440729
315094327,FLATYsss,Kevin and Competition Memories,OK,C++20 (GCC 13-64),1744440628
315094117,FLATYsss,Kevin and Binary Strings,OK,C++20 (GCC 13-64),1744440533
315093926,FLATYsss,Kevin and Permutation,OK,C++20 (GCC 13-64),1744440447
315093083,GoRed,Kevin and Matrices,OK,C++17 (GCC 7-32),1744440127
315083277,hustler101,Kevin and Permutation,OK,C++17 (GCC 7-32),1744435460
315083156,Hardy.Bai,Kevin and Binary Strings,WRONG_ANSWER,C++17 (GCC 7-32),1744435396
315082730,Hardy.Bai,Kevin and Binary Strings,WRONG_ANSWER,C++17 (GCC 7-32),1744435163
315082588,Hardy.Bai,Kevin and Binary Strings,WRONG_ANSWER,C++17 (GCC 7-32),1744435079
315081061,Hardy.Bai,Kevin and Binary Strings,WRONG_ANSWER,C++17 (GCC 7-32),1744434079
315079576,wildwolf_pty,Kevin and Math Class,OK,C++17 (GCC 7-32),1744432669
315076609,ABHISHEK_GUPTA_1234_,Kevin and Combination Lock,OK,"C++23 (GCC 14-64, msys2)",1744429200
315070952,bobbyCodes,Kevin and Combination Lock,OK,C++17 (GCC 7-32),1744421325
315070270,bobbyCodes,Kevin and Permutation,OK,C++17 (GCC 7-32),1744419990
315070234,bobbyCodes,Kevin and Permutation,WRONG_ANSWER,C++17 (GCC 7-32),1744419907
315069601,bobbyCodes,Kevin and Permutation,WRONG_ANSWER,C++17 (GCC 7-32),1744418556
315069306,lethan3,Kevin and Math Class,OK,C++20 (GCC 13-64),1744417912
315069279,bobbyCodes,Kevin and Permutation,WRONG_ANSWER,C++17 (GCC 7-32),1744417856
315069167,bobbyCodes,Kevin and Permutation,WRONG_ANSWER,C++17 (GCC 7-32),1744417615
315069112,bobbyCodes,Kevin and Permutation,WRONG_ANSWER,C++17 (GCC 7-32),1744417494
315069057,bobbyCodes,Kevin and Permutation,WRONG_ANSWER,C++17 (GCC 7-32),1744417373
315068400,lethan3,Kevin and Math Class,TIME_LIMIT_EXCEEDED,C++20 (GCC 13-64),1744415936
315067939,Not_Demon,Kevin and Bipartite Graph,WRONG_ANSWER,C++17 (GCC 7-32),1744414905
315067917,Not_Demon,Kevin and Bipartite Graph,WRONG_ANSWER,C++17 (GCC 7-32),1744414841
315067838,Not_Demon,Kevin and Bipartite Graph,RUNTIME_ERROR,C++17 (GCC 7-32),1744414662
315067612,maulanars677,Kevin and Permutation,WRONG_ANSWER,"C++23 (GCC 14-64, msys2)",1744414133
315067468,maulanars677,Kevin and Permutation,WRONG_ANSWER,"C++23 (GCC 14-64, msys2)",1744413808
315067420,maulanars677,Kevin and Permutation,WRONG_ANSWER,"C++23 (GCC 14-64, msys2)",1744413695
315064620,Pri_0707,Kevin and Permutation,OK,C++17 (GCC 7-32),1744408863
315064465,umairanwar,Kevin and Binary Strings,OK,C++17 (GCC 7-32),1744408634
315063584,umairanwar,Kevin and Binary Strings,WRONG_ANSWER,C++17 (GCC 7-32),1744407637
315063221,Mr-Biswas,Kevin and Competition Memories,WRONG_ANSWER,C++20 (GCC 13-64),1744407253
315063120,Mr-Biswas,Kevin and Competition Memories,RUNTIME_ERROR,C++20 (GCC 13-64),1744407150
315062910,umairanwar,Kevin and Binary Strings,WRONG_ANSWER,C++17 (GCC 7-32),1744406910
315062048,OANTU,Kevin and Binary Strings,OK,"C++23 (GCC 14-64, msys2)",1744406054
315061298,Mr-Biswas,Kevin and Competition Memories,WRONG_ANSWER,C++20 (GCC 13-64),1744405316
315061061,Mr-Biswas,Kevin and Competition Memories,RUNTIME_ERROR,C++20 (GCC 13-64),1744405115
315060847,Mr-Biswas,Kevin and Competition Memories,RUNTIME_ERROR,C++20 (GCC 13-64),1744404924
315050152,onepersonintheuniverse,Kevin and Competition Memories,OK,"C++23 (GCC 14-64, msys2)",1744397759
315050020,onepersonintheuniverse,Kevin and Competition Memories,WRONG_ANSWER,"C++23 (GCC 14-64, msys2)",1744397681
315049802,onepersonintheuniverse,Kevin and Competition Memories,RUNTIME_ERROR,"C++23 (GCC 14-64, msys2)",1744397561
315047348,Mr-Biswas,Kevin and Competition Memories,WRONG_ANSWER,C++20 (GCC 13-64),1744396127
315045789,AbhayVerma2027,Kevin and Combination Lock,OK,Java 8,1744395363
315043670,laggger,Kevin and Permutation,OK,C++17 (GCC 7-32),1744394068
315037605,hs.xx,Kevin and Binary Strings,OK,C++17 (GCC 7-32),1744390789
315037202,tuhin_datta,Kevin and Permutation,OK,"C++23 (GCC 14-64, msys2)",1744390573
315036292,hs.xx,Kevin and Binary Strings,RUNTIME_ERROR,C++17 (GCC 7-32),1744390093
315036216,GoRed,Kevin and Strange Operation,OK,C++17 (GCC 7-32),1744390037
315035973,ashfn,Kevin and Permutation,OK,C++17 (GCC 7-32),1744389913
315034496,_LittleNamWizard_,Kevin and Combination Lock,OK,"C++23 (GCC 14-64, msys2)",1744389111
315034487,hs.xx,Kevin and Binary Strings,WRONG_ANSWER,C++17 (GCC 7-32),1744389109
315030420,cauemb,Kevin and Competition Memories,OK,C++17 (GCC 7-32),1744387034
315022402,mohaiminul.shu,Kevin and Combination Lock,OK,C++20 (GCC 13-64),1744383234
315012134,guptavasudev,Kevin and Permutation,OK,C++17 (GCC 7-32),1744378869
315009413,anonymous2186,Kevin and Permutation,OK,"C++23 (GCC 14-64, msys2)",1744377618
315000057,er.abhijeet,Kevin and Permutation,OK,"C++23 (GCC 14-64, msys2)",1744372760
314996177,munen,Kevin and Combination Lock,OK,C++17 (GCC 7-32),1744370584
314994052,exhasan,Kevin and Competition Memories,OK,"C++23 (GCC 14-64, msys2)",1744369373
314993372,Truck-kun,Kevin and Binary Strings,OK,"C++23 (GCC 14-64, msys2)",1744368958
314992587,Truck-kun,Kevin and Binary Strings,WRONG_ANSWER,"C++23 (GCC 14-64, msys2)",1744368483
314989610,onepersonintheuniverse,Kevin and Bipartite Graph,OK,"C++23 (GCC 14-64, msys2)",1744366625
314988613,Xijiaat_Ahmed,Kevin and Binary Strings,OK,PyPy 3-64,1744366055
314987049,akkshit_19,Kevin and Competition Memories,OK,C++20 (GCC 13-64),1744365187
314986978,loohith,Kevin and Binary Strings,OK,C++20 (GCC 13-64),1744365147
314978370,zhou3,Kevin and Competition Memories,OK,C++20 (GCC 13-64),1744360396
314973204,Carpediem_18,Kevin and Binary Strings,OK,"C++23 (GCC 14-64, msys2)",1744357704
314973103,h354222857,Kevin and Competition Memories,OK,C++20 (GCC 13-64),1744357638
314972977,h354222857,Kevin and Competition Memories,WRONG_ANSWER,C++20 (GCC 13-64),1744357547
314972743,Adityapratap07,Kevin and Binary Strings,OK,"C++23 (GCC 14-64, msys2)",1744357389
314968066,summersnowflake,Kevin and Permutation,OK,C++20 (GCC 13-64),1744354149
314966473,lord_of_the_flies,Kevin and Competition Memories,OK,"C++23 (GCC 14-64, msys2)",1744353074
314963926,er.abhijeet,Kevin and Combination Lock,OK,"C++23 (GCC 14-64, msys2)",1744352606
314963687,BlazeBolt,Kevin and Combination Lock,OK,C++20 (GCC 13-64),1744352451
314963016,LoveZhenzhou,Kevin and Permutation,OK,C++20 (GCC 13-64),1744352005
314962961,LoveZhenzhou,Kevin and Combination Lock,OK,C++20 (GCC 13-64),1744351969
314962878,LoveZhenzhou,Kevin and Combination Lock,WRONG_ANSWER,C++20 (GCC 13-64),1744351924
314962692,LoveZhenzhou,Kevin and Competition Memories,OK,C++20 (GCC 13-64),1744351786
314961434,iamronaldo,Kevin and Permutation,OK,"C++23 (GCC 14-64, msys2)",1744350835
314953709,XUNRAN_XXXX,Kevin and Bipartite Graph,OK,"C++23 (GCC 14-64, msys2)",1744344109
314953265,animeshr098,Kevin and Binary Strings,OK,C++20 (GCC 13-64),1744343581
314953086,animeshr098,Kevin and Binary Strings,RUNTIME_ERROR,C++20 (GCC 13-64),1744343366
314952977,animeshr098,Kevin and Binary Strings,RUNTIME_ERROR,C++20 (GCC 13-64),1744343221
314952624,XUNRAN_XXXX,Kevin and Competition Memories,OK,"C++23 (GCC 14-64, msys2)",1744342787
314951204,rogelio9,Kevin and Combination Lock,WRONG_ANSWER,Python 3,1744341173
314951121,rogelio9,Kevin and Combination Lock,TIME_LIMIT_EXCEEDED,Python 3,1744341071
314951028,rogelio9,Kevin and Combination Lock,WRONG_ANSWER,Python 3,1744340958
314950965,rogelio9,Kevin and Combination Lock,TIME_LIMIT_EXCEEDED,Python 3,1744340865
314948047,Adham211,Kevin and Permutation,OK,C++20 (GCC 13-64),1744336407
314944791,raiyan_02,Kevin and Permutation,OK,"C++23 (GCC 14-64, msys2)",1744330386
314944681,raiyan_02,Kevin and Permutation,WRONG_ANSWER,"C++23 (GCC 14-64, msys2)",1744330159
314940389,souravsaran155,Kevin and Combination Lock,OK,C++17 (GCC 7-32),1744322015
314931797,Deep_story,Kevin and Permutation,OK,C++17 (GCC 7-32),1744313818
314929959,DR_STRANGE42,Kevin and Permutation,WRONG_ANSWER,C++17 (GCC 7-32),1744312548
314928531,Deep_story,Kevin and Permutation,WRONG_ANSWER,C++17 (GCC 7-32),1744311699
314926920,Deep_story,Kevin and Permutation,WRONG_ANSWER,C++17 (GCC 7-32),1744310735
314923815,kj_burningPhoenix,Kevin and Binary Strings,OK,C++17 (GCC 7-32),1744309146
314920893,nwblanton,Kevin and Competition Memories,WRONG_ANSWER,PyPy 3-64,1744307524
314919397,m.olimovvv,Kevin and Binary Strings,WRONG_ANSWER,Python 3,1744306705
314916538,Lalic,Kevin and Math Class,WRONG_ANSWER,C++17 (GCC 7-32),1744305087
314916488,ha203811,Kevin and Permutation,OK,"C++23 (GCC 14-64, msys2)",1744305063
314916391,ha203811,Kevin and Permutation,OK,"C++23 (GCC 14-64, msys2)",1744305005
314916376,GODAJM,Kevin and Combination Lock,OK,Java 21,1744304991
314916182,ha203811,Kevin and Permutation,WRONG_ANSWER,"C++23 (GCC 14-64, msys2)",1744304893
314916000,ha203811,Kevin and Permutation,WRONG_ANSWER,"C++23 (GCC 14-64, msys2)",1744304808
314915346,ha203811,Kevin and Permutation,WRONG_ANSWER,"C++23 (GCC 14-64, msys2)",1744304478
314914748,ha203811,Kevin and Permutation,WRONG_ANSWER,"C++23 (GCC 14-64, msys2)",1744304164
314913776,karnyadav,Kevin and Binary Strings,WRONG_ANSWER,C++20 (GCC 13-64),1744303659
314913561,karnyadav,Kevin and Binary Strings,WRONG_ANSWER,C++20 (GCC 13-64),1744303535
314903354,Atik7866,Kevin and Binary Strings,OK,"C++23 (GCC 14-64, msys2)",1744298616
314903076,YuvikaG875,Kevin and Permutation,OK,"C++23 (GCC 14-64, msys2)",1744298496
314903005,Lalic,Kevin and Bipartite Graph,OK,C++17 (GCC 7-32),1744298466
314902483,Lalic,Kevin and Bipartite Graph,WRONG_ANSWER,C++17 (GCC 7-32),1744298223
314901772,Error_127,Kevin and Combination Lock,OK,"C++23 (GCC 14-64, msys2)",1744297919
314897289,YuvikaG875,Kevin and Permutation,WRONG_ANSWER,"C++23 (GCC 14-64, msys2)",1744295933
314895738,MIRAJ12,Kevin and Binary Strings,OK,"C++23 (GCC 14-64, msys2)",1744295237
314894464,animeshr098,Kevin and Binary Strings,WRONG_ANSWER,C++20 (GCC 13-64),1744294666
314894385,animeshr098,Kevin and Binary Strings,WRONG_ANSWER,C++20 (GCC 13-64),1744294627
314880124,himanshuiitg27,Kevin and Permutation,OK,C++17 (GCC 7-32),1744288394
314873749,the_red_hat07,Kevin and Combination Lock,OK,"C++23 (GCC 14-64, msys2)",1744285430
314869739,dcode_me,Kevin and Permutation,OK,C++17 (GCC 7-32),1744283422
314866975,technicaljaggu2005,Kevin and Combination Lock,OK,"C++23 (GCC 14-64, msys2)",1744281926
314865590,Gaurav_Rathod,Kevin and Binary Strings,OK,C++20 (GCC 13-64),1744281148
314860414,Gaurav_Rathod,Kevin and Binary Strings,WRONG_ANSWER,C++20 (GCC 13-64),1744278336
314859123,Gaurav_Rathod,Kevin and Binary Strings,WRONG_ANSWER,C++20 (GCC 13-64),1744277630
314858577,Gaurav_Rathod,Kevin and Binary Strings,WRONG_ANSWER,C++20 (GCC 13-64),1744277352
314856178,n_asar,Kevin and Permutation,OK,C++17 (GCC 7-32),1744276087
314855389,n_asar,Kevin and Permutation,WRONG_ANSWER,C++17 (GCC 7-32),1744275669
314855385,XUNRAN_XXXX,Kevin and Binary Strings,OK,"C++23 (GCC 14-64, msys2)",1744275667
314854314,XUNRAN_XXXX,Kevin and Binary Strings,WRONG_ANSWER,"C++23 (GCC 14-64, msys2)",1744275107
314854242,lifeiyang111,Kevin and Competition Memories,OK,C++17 (GCC 7-32),1744275069
314854024,lifeiyang111,Kevin and Competition Memories,WRONG_ANSWER,C++17 (GCC 7-32),1744274947
314853424,XUNRAN_XXXX,Kevin and Permutation,OK,"C++23 (GCC 14-64, msys2)",1744274633
314852986,XUNRAN_XXXX,Kevin and Combination Lock,OK,"C++23 (GCC 14-64, msys2)",1744274401
314848643,Dhir86,Kevin and Permutation,OK,C++20 (GCC 13-64),1744271859
314847417,Dhir86,Kevin and Permutation,TIME_LIMIT_EXCEEDED,C++20 (GCC 13-64),1744271134
314845841,binggun,Kevin and Bipartite Graph,OK,"C++23 (GCC 14-64, msys2)",1744270199
314845710,binggun,Kevin and Bipartite Graph,WRONG_ANSWER,"C++23 (GCC 14-64, msys2)",1744270118
314845402,Angel_Franco,Kevin and Binary Strings,OK,"C++23 (GCC 14-64, msys2)",1744269955
314844653,Crocubott01,Kevin and Binary Strings,OK,C++17 (GCC 7-32),1744269511
314844605,Angel_Franco,Kevin and Binary Strings,WRONG_ANSWER,"C++23 (GCC 14-64, msys2)",1744269492
314843873,Crocubott01,Kevin and Binary Strings,WRONG_ANSWER,C++17 (GCC 7-32),1744269099
314843471,Crocubott01,Kevin and Binary Strings,WRONG_ANSWER,C++17 (GCC 7-32),1744268871
314842082,Harshsharma28,Kevin and Binary Strings,OK,Java 21,1744268117
314841617,Crocubott01,Kevin and Binary Strings,WRONG_ANSWER,C++17 (GCC 7-32),1744267856
314840066,Gaurav_Rathod,Kevin and Binary Strings,WRONG_ANSWER,C++20 (GCC 13-64),1744267061
314839838,Gaurav_Rathod,Kevin and Binary Strings,WRONG_ANSWER,C++20 (GCC 13-64),1744266952
314839489,Gaurav_Rathod,Kevin and Binary Strings,WRONG_ANSWER,C++20 (GCC 13-64),1744266760
314836828,Dhir86,Kevin and Permutation,WRONG_ANSWER,C++20 (GCC 13-64),1744265163
314835872,Angel_Franco,Kevin and Binary Strings,RUNTIME_ERROR,"C++23 (GCC 14-64, msys2)",1744264570
314835701,Angel_Franco,Kevin and Binary Strings,RUNTIME_ERROR,"C++23 (GCC 14-64, msys2)",1744264465
314835598,Angel_Franco,Kevin and Binary Strings,RUNTIME_ERROR,"C++23 (GCC 14-64, msys2)",1744264407
314835329,Nitesh_6200,Kevin and Binary Strings,OK,C++20 (GCC 13-64),1744264216
314834545,Nitesh_6200,Kevin and Binary Strings,WRONG_ANSWER,C++20 (GCC 13-64),1744263650
314833608,Nitesh_6200,Kevin and Binary Strings,WRONG_ANSWER,C++20 (GCC 13-64),1744262993
314828100,secret_one,Kevin and Binary Strings,WRONG_ANSWER,"C++23 (GCC 14-64, msys2)",1744258581
314826140,deepseekzqh,Kevin and Matrices,TIME_LIMIT_EXCEEDED,PyPy 3-64,1744256436
314826078,deepseekzqh,Kevin and Matrices,TIME_LIMIT_EXCEEDED,PyPy 3-64,1744256363
314825980,deepseekzqh,Kevin and Matrices,TIME_LIMIT_EXCEEDED,PyPy 3-64,1744256257
314825869,minuki646,Kevin and Competition Memories,OK,PyPy 3-64,1744256143
314825761,deepseekzqh,Kevin and Binary Strings,OK,PyPy 3-64,1744256027
314825644,deepseekzqh,Kevin and Binary Strings,TIME_LIMIT_EXCEEDED,PyPy 3-64,1744255896
314816892,Lalic,Kevin and Bipartite Graph,WRONG_ANSWER,C++17 (GCC 7-32),1744241177
314816849,Lalic,Kevin and Bipartite Graph,WRONG_ANSWER,C++17 (GCC 7-32),1744241106
314816786,Lalic,Kevin and Bipartite Graph,RUNTIME_ERROR,C++17 (GCC 7-32),1744240998
314807517,Rez2,Kevin and Binary Strings,WRONG_ANSWER,C++17 (GCC 7-32),1744229140
314807336,Rez2,Kevin and Binary Strings,WRONG_ANSWER,C++17 (GCC 7-32),1744229003
314806965,Rez2,Kevin and Binary Strings,WRONG_ANSWER,C++17 (GCC 7-32),1744228724
314806286,THE_THUNDERSTORM_BEGINS,Kevin and Competition Memories,OK,C++17 (GCC 7-32),1744228164
314805580,THE_THUNDERSTORM_BEGINS,Kevin and Competition Memories,WRONG_ANSWER,C++17 (GCC 7-32),1744228131
314805307,Rez2,Kevin and Binary Strings,TIME_LIMIT_EXCEEDED,C++17 (GCC 7-32),1744227895
314803466,Rez2,Kevin and Binary Strings,WRONG_ANSWER,C++17 (GCC 7-32),1744226598
314800267,CipherMind,Kevin and Permutation,OK,"C++23 (GCC 14-64, msys2)",1744224405
314792516,vididvidid,Kevin and Combination Lock,OK,C++20 (GCC 13-64),1744220208
314792513,CodingPrakharKapoor,Kevin and Combination Lock,OK,Python 3,1744220207
314792428,vididvidid,Kevin and Combination Lock,RUNTIME_ERROR,C++20 (GCC 13-64),1744220169
314791125,lohitha_duppanapudi,Kevin and Combination Lock,OK,Java 21,1744219535
314782520,Dhir86,Kevin and Permutation,WRONG_ANSWER,C++20 (GCC 13-64),1744215702
314777417,BlazingFire27,Kevin and Binary Strings,COMPILATION_ERROR,C++17 (GCC 7-32),1744212975
314774115,nikhilsinghh59,Kevin and Binary Strings,OK,C++17 (GCC 7-32),1744211295
314769600,oxygen_y,Kevin and Permutation,OK,C++17 (GCC 7-32),1744209195
314769599,Lalic,Kevin and Bipartite Graph,WRONG_ANSWER,C++17 (GCC 7-32),1744209195
314769241,AKLF,Kevin and Bipartite Graph,OK,C++20 (GCC 13-64),1744209032
314768930,AKLF,Kevin and Bipartite Graph,WRONG_ANSWER,C++20 (GCC 13-64),1744208903
314768845,AKLF,Kevin and Bipartite Graph,WRONG_ANSWER,C++20 (GCC 13-64),1744208871
314768696,AKLF,Kevin and Bipartite Graph,WRONG_ANSWER,C++20 (GCC 13-64),1744208818
314768638,minhnhatconan,Kevin and Combination Lock,OK,C++17 (GCC 7-32),1744208790
314768550,AKLF,Kevin and Bipartite Graph,WRONG_ANSWER,C++20 (GCC 13-64),1744208754
314767652,oxygen_y,Kevin and Permutation,WRONG_ANSWER,C++17 (GCC 7-32),1744208370
314766705,Lalic,Kevin and Competition Memories,OK,C++17 (GCC 7-32),1744207951
314766588,Lalic,Kevin and Competition Memories,WRONG_ANSWER,C++17 (GCC 7-32),1744207902
314762651,Lalic,Kevin and Binary Strings,OK,C++17 (GCC 7-32),1744206241
314760843,Lalic,Kevin and Permutation,OK,C++17 (GCC 7-32),1744205479
314760465,Lalic,Kevin and Permutation,WRONG_ANSWER,C++17 (GCC 7-32),1744205321
314760144,littleZ_meow,Kevin and Matrices,OK,C++17 (GCC 7-32),1744205156
314760097,littleZ_meow,Kevin and Matrices,WRONG_ANSWER,C++17 (GCC 7-32),1744205131
314759866,Lalic,Kevin and Combination Lock,OK,C++17 (GCC 7-32),1744205025
314758104,efficient_code23,Kevin and Combination Lock,OK,C++17 (GCC 7-32),1744204276
314755081,faizparvez,Kevin and Binary Strings,OK,Java 21,1744203048
314754736,Fly_zyf,Kevin and Competition Memories,OK,C++20 (GCC 13-64),1744202904
314754276,Fly_zyf,Kevin and Competition Memories,OK,C++20 (GCC 13-64),1744202714
314753349,faizparvez,Kevin and Binary Strings,WRONG_ANSWER,Java 21,1744202316
314753102,faizparvez,Kevin and Binary Strings,WRONG_ANSWER,Java 21,1744202202
314753047,Fly_zyf,Kevin and Competition Memories,OK,C++20 (GCC 13-64),1744202179
314749457,gentle_rick9201,Kevin and Binary Strings,OK,C++20 (GCC 13-64),1744200711
314733169,SoumyadeepTus12345,Kevin and Competition Memories,OK,"C++23 (GCC 14-64, msys2)",1744193847
314732502,likhitarani04,Kevin and Combination Lock,OK,Python 3,1744193529
314731259,panchangamakhil,Kevin and Bipartite Graph,OK,C++17 (GCC 7-32),1744192948
314730241,panchangamakhil,Kevin and Bipartite Graph,WRONG_ANSWER,C++17 (GCC 7-32),1744192451
314727664,trankhaihung,Kevin and Binary Strings,OK,C++17 (GCC 7-32),1744190833
314727392,panchangamakhil,Kevin and Bipartite Graph,WRONG_ANSWER,C++17 (GCC 7-32),1744190656
314727287,panchangamakhil,Kevin and Bipartite Graph,WRONG_ANSWER,C++17 (GCC 7-32),1744190579
314725439,panchangamakhil,Kevin and Bipartite Graph,WRONG_ANSWER,C++17 (GCC 7-32),1744189293
314719101,Handh,Kevin and Binary Strings,OK,C++17 (GCC 7-32),1744184635
314716774,NBarykin,Kevin and Permutation,OK,C++20 (GCC 13-64),1744182873
314716327,NBarykin,Kevin and Permutation,WRONG_ANSWER,C++20 (GCC 13-64),1744182545
314716015,NBarykin,Kevin and Combination Lock,OK,C++20 (GCC 13-64),1744182309
314715961,NBarykin,Kevin and Combination Lock,COMPILATION_ERROR,C++20 (GCC 13-64),1744182269
314715708,Labib_tc,Kevin and Bipartite Graph,OK,C++17 (GCC 7-32),1744182056
314708369,Chenyuze24,Kevin and Bipartite Graph,OK,C++17 (GCC 7-32),1744176519
314702696,BandWidth_03,Kevin and Binary Strings,WRONG_ANSWER,C++17 (GCC 7-32),1744172702
314702273,BandWidth_03,Kevin and Binary Strings,OK,C++17 (GCC 7-32),1744172326
314702212,BandWidth_03,Kevin and Binary Strings,WRONG_ANSWER,C++17 (GCC 7-32),1744172278
314702140,BandWidth_03,Kevin and Binary Strings,WRONG_ANSWER,C++17 (GCC 7-32),1744172218
314701625,BandWidth_03,Kevin and Binary Strings,WRONG_ANSWER,C++17 (GCC 7-32),1744171731
314697489,Ilias-M-012-28,Kevin and Permutation,OK,C++17 (GCC 7-32),1744167926
314696881,Ilias-M-012-28,Kevin and Permutation,WRONG_ANSWER,C++17 (GCC 7-32),1744167218
314680815,sky_red,Kevin and Competition Memories,OK,C++20 (GCC 13-64),1744144396
314677165,Nastya_An,Kevin and Bipartite Graph,OK,"C++23 (GCC 14-64, msys2)",1744141575
314676852,Nastya_An,Kevin and Bipartite Graph,WRONG_ANSWER,"C++23 (GCC 14-64, msys2)",1744141360
314676233,Nastya_An,Kevin and Bipartite Graph,WRONG_ANSWER,"C++23 (GCC 14-64, msys2)",1744140894
314670851,WorldShine01,Kevin and Puzzle (Hard Version),WRONG_ANSWER,C++17 (GCC 7-32),1744137734
314670693,WorldShine02,Kevin and Combination Lock,WRONG_ANSWER,C++17 (GCC 7-32),1744137663
314670339,WorldShine02,Kevin and Permutation,WRONG_ANSWER,C++17 (GCC 7-32),1744137495
314669627,WorldShine01,Kevin and Strange Operation,WRONG_ANSWER,C++17 (GCC 7-32),1744137193
314669139,num7,Kevin and Competition Memories,WRONG_ANSWER,C++17 (GCC 7-32),1744136987
314668327,WorldShine02,Kevin and Binary Strings,WRONG_ANSWER,C++17 (GCC 7-32),1744136665
314668306,num5,Kevin and Puzzle (Hard Version),WRONG_ANSWER,C++17 (GCC 7-32),1744136657
314668185,WorldShine01,Kevin and Matrices,WRONG_ANSWER,C++17 (GCC 7-32),1744136606
314668169,Real_Reasoning_Model,Kevin and Combination Lock,WRONG_ANSWER,C++17 (GCC 7-32),1744136599
314667674,mix233,Kevin and Puzzle (Easy Version),WRONG_ANSWER,C++17 (GCC 7-32),1744136409
314666890,num5,Kevin and Permutation,WRONG_ANSWER,C++17 (GCC 7-32),1744136091
314666502,WorldShine02,Kevin and Bipartite Graph,WRONG_ANSWER,C++17 (GCC 7-32),1744135941
314665980,WorldShine02,Kevin and Math Class,TIME_LIMIT_EXCEEDED,C++17 (GCC 7-32),1744135733
314664147,Akashdeep_Maity,Kevin and Binary Strings,OK,C++20 (GCC 13-64),1744134910
314662961,chillisauce,Kevin and Bipartite Graph,OK,"C++23 (GCC 14-64, msys2)",1744134374
314660579,Andreasyan,Kevin and Math Class,OK,"C++23 (GCC 14-64, msys2)",1744133409
314660532,amjadimran004,Kevin and Competition Memories,OK,C++20 (GCC 13-64),1744133394
314657750,OmDhanawat,Kevin and Permutation,OK,"C++23 (GCC 14-64, msys2)",1744132433
314631758,VishuKalier,Kevin and Binary Strings,WRONG_ANSWER,Java 21,1744129097
314606450,2000in2025,Kevin and Combination Lock,OK,C++20 (GCC 13-64),1744127232
314519999,Michal_1,Kevin and Combination Lock,OK,C++20 (GCC 13-64),1744123385
314503848,-George-,Kevin and Binary Strings,OK,C++20 (GCC 13-64),1744122653
314502230,mzmz001,Kevin and Competition Memories,OK,C++17 (GCC 7-32),1744121837
314501709,DAIICT_coder,Kevin and Binary Strings,OK,Java 21,1744121598
314500760,mzmz001,Kevin and Competition Memories,WRONG_ANSWER,C++17 (GCC 7-32),1744121168
314499452,haengsyo,Kevin and Competition Memories,OK,C++20 (GCC 13-64),1744120612
314499279,haengsyo,Kevin and Competition Memories,WRONG_ANSWER,C++20 (GCC 13-64),1744120539
314497726,roni_n48,Kevin and Binary Strings,OK,"C++23 (GCC 14-64, msys2)",1744119882
314496230,2001_Emon,Kevin and Permutation,OK,C++20 (GCC 13-64),1744119194
314495907,2001_Emon,Kevin and Combination Lock,TIME_LIMIT_EXCEEDED,C++20 (GCC 13-64),1744119052
314495171,EMON-82,Kevin and Permutation,OK,C++17 (GCC 7-32),1744118725
314494297,guuu999miloo,Kevin and Binary Strings,OK,"C++23 (GCC 14-64, msys2)",1744118348
314492981,ioma,Kevin and Math Class,WRONG_ANSWER,C++20 (GCC 13-64),1744117790
314492703,EMON-82,Kevin and Permutation,WRONG_ANSWER,C++17 (GCC 7-32),1744117639
314492399,ioma,Kevin and Math Class,OK,C++20 (GCC 13-64),1744117504
314492284,ioma,Kevin and Math Class,RUNTIME_ERROR,C++20 (GCC 13-64),1744117453
314491102,guuu999miloo,Kevin and Binary Strings,TIME_LIMIT_EXCEEDED,"C++23 (GCC 14-64, msys2)",1744116877
314489845,Anninda,Kevin and Permutation,OK,GNU C11,1744116246
314489339,Anninda,Kevin and Permutation,OK,GNU C11,1744116018
314489213,saketh06,Kevin and Binary Strings,OK,"C++23 (GCC 14-64, msys2)",1744115953
314488376,guuu999miloo,Kevin and Binary Strings,RUNTIME_ERROR,"C++23 (GCC 14-64, msys2)",1744115513
314487631,saketh06,Kevin and Binary Strings,WRONG_ANSWER,"C++23 (GCC 14-64, msys2)",1744115118
314487499,saketh06,Kevin and Binary Strings,WRONG_ANSWER,"C++23 (GCC 14-64, msys2)",1744115050
314486927,guuu999miloo,Kevin and Binary Strings,RUNTIME_ERROR,"C++23 (GCC 14-64, msys2)",1744114746
314486640,guuu999miloo,Kevin and Binary Strings,WRONG_ANSWER,"C++23 (GCC 14-64, msys2)",1744114604
314486287,Pollock,Kevin and Competition Memories,OK,C++17 (GCC 7-32),1744114426
314483929,blankhead_91,Kevin and Binary Strings,OK,C++17 (GCC 7-32),1744113253
314480838,Shagun_201,Kevin and Competition Memories,OK,C++17 (GCC 7-32),1744111622
314480760,Shagun_201,Kevin and Competition Memories,WRONG_ANSWER,C++17 (GCC 7-32),1744111577
314480324,houpingze,Kevin and Bipartite Graph,OK,C++20 (GCC 13-64),1744111351
314477364,COOLMAARK,Kevin and Binary Strings,OK,C++17 (GCC 7-32),1744109626
314476447,COOLMAARK,Kevin and Binary Strings,WRONG_ANSWER,C++17 (GCC 7-32),1744109038
314476236,COOLMAARK,Kevin and Binary Strings,WRONG_ANSWER,C++17 (GCC 7-32),1744108910
314476149,COOLMAARK,Kevin and Binary Strings,WRONG_ANSWER,C++17 (GCC 7-32),1744108853
314476008,COOLMAARK,Kevin and Binary Strings,WRONG_ANSWER,C++17 (GCC 7-32),1744108760
314475514,COOLMAARK,Kevin and Binary Strings,WRONG_ANSWER,C++17 (GCC 7-32),1744108442
314474208,drreader,Kevin and Combination Lock,OK,"C++23 (GCC 14-64, msys2)",1744107562
314473820,drreader,Kevin and Combination Lock,TIME_LIMIT_EXCEEDED,"C++23 (GCC 14-64, msys2)",1744107313
314472533,_Baron_,Kevin and Combination Lock,OK,C++20 (GCC 13-64),1744106557
314470262,shashwat1511,Kevin and Competition Memories,OK,C++20 (GCC 13-64),1744105229
314460806,tuhin_datta,Kevin and Permutation,WRONG_ANSWER,GNU C11,1744099426
314458428,tuhin_datta,Kevin and Permutation,WRONG_ANSWER,GNU C11,1744097979
314456486,tuhin_datta,Kevin and Permutation,WRONG_ANSWER,GNU C11,1744096861
314456186,blankhead_91,Kevin and Binary Strings,RUNTIME_ERROR,C++17 (GCC 7-32),1744096701
314456043,tuhin_datta,Kevin and Permutation,WRONG_ANSWER,GNU C11,1744096615
314455987,blankhead_91,Kevin and Binary Strings,RUNTIME_ERROR,C++17 (GCC 7-32),1744096583
314455489,blankhead_91,Kevin and Binary Strings,RUNTIME_ERROR,C++17 (GCC 7-32),1744096255
314455226,tuhin_datta,Kevin and Permutation,WRONG_ANSWER,GNU C11,1744096071
314451754,maruf_hf13,Kevin and Permutation,OK,C++20 (GCC 13-64),1744093572
314448346,Mendeke,Kevin and Permutation,OK,"C++23 (GCC 14-64, msys2)",1744091214
314446706,Nevll,Kevin and Math Class,WRONG_ANSWER,C++17 (GCC 7-32),1744089858
314446497,Nevll,Kevin and Math Class,WRONG_ANSWER,C++17 (GCC 7-32),1744089678
314443906,trivediavikshit28,Kevin and Combination Lock,OK,C++17 (GCC 7-32),1744087598
314443438,awrong,Kevin and Permutation,OK,PyPy 3-64,1744087146
314443156,awrong,Kevin and Permutation,TIME_LIMIT_EXCEEDED,PyPy 3-64,1744086886
314441278,adityaanand_16,Kevin and Combination Lock,OK,C++17 (GCC 7-32),1744085148
314433974,shashwat1511,Kevin and Binary Strings,OK,C++20 (GCC 13-64),1744075770
314433867,shashwat1511,Kevin and Binary Strings,WRONG_ANSWER,C++20 (GCC 13-64),1744075583
314428894,toca1,Kevin and Permutation,OK,C++17 (GCC 7-32),1744065946
314428798,toca1,Kevin and Permutation,WRONG_ANSWER,C++17 (GCC 7-32),1744065760
314428703,toca1,Kevin and Permutation,OK,C++17 (GCC 7-32),1744065577
314428535,toca1,Kevin and Permutation,WRONG_ANSWER,C++17 (GCC 7-32),1744065276
314428303,Samy_Nagy,Kevin and Binary Strings,OK,C++20 (GCC 13-64),1744064908
314427991,toca1,Kevin and Permutation,WRONG_ANSWER,C++17 (GCC 7-32),1744064455
314427913,toca1,Kevin and Permutation,WRONG_ANSWER,C++17 (GCC 7-32),1744064339
314427724,toca1,Kevin and Permutation,WRONG_ANSWER,C++17 (GCC 7-32),1744064021
314427454,toca1,Kevin and Permutation,WRONG_ANSWER,C++17 (GCC 7-32),1744063635
314427172,toca1,Kevin and Permutation,WRONG_ANSWER,C++17 (GCC 7-32),1744063235
314423478,elizar_khloptcev,Kevin and Binary Strings,WRONG_ANSWER,C++20 (GCC 13-64),1744059155
314423023,Akashdeep_Maity,Kevin and Binary Strings,TIME_LIMIT_EXCEEDED,C++20 (GCC 13-64),1744058740
314422267,aryan_sankhla,Kevin and Binary Strings,OK,"C++23 (GCC 14-64, msys2)",1744058007
314422058,aryan_sankhla,Kevin and Binary Strings,RUNTIME_ERROR,"C++23 (GCC 14-64, msys2)",1744057808
314422028,aryan_sankhla,Kevin and Binary Strings,COMPILATION_ERROR,GNU C11,1744057779
314421988,028,Kevin and Math Class,WRONG_ANSWER,PyPy 3-64,1744057737
314421978,wxhtzdy,Kevin and Strange Operation,TIME_LIMIT_EXCEEDED,C++20 (GCC 13-64),1744057727
314421942,aryan_sankhla,Kevin and Binary Strings,RUNTIME_ERROR,C++17 (GCC 7-32),1744057703
314421812,028,Kevin and Math Class,WRONG_ANSWER,PyPy 3-64,1744057589
314421801,aryan_sankhla,Kevin and Binary Strings,WRONG_ANSWER,C++17 (GCC 7-32),1744057577
314421711,aryan_sankhla,Kevin and Binary Strings,RUNTIME_ERROR,"C++23 (GCC 14-64, msys2)",1744057497
314420259,028,Kevin and Math Class,TIME_LIMIT_EXCEEDED,PyPy 3-64,1744056241
314418681,anres,Kevin and Permutation,OK,PyPy 3-64,1744055075
314418453,anres,Kevin and Permutation,WRONG_ANSWER,PyPy 3-64,1744054913
314418232,anres,Kevin and Permutation,WRONG_ANSWER,PyPy 3-64,1744054747
314418023,anres,Kevin and Permutation,WRONG_ANSWER,PyPy 3-64,1744054597
314417818,anres,Kevin and Permutation,WRONG_ANSWER,PyPy 3-64,1744054438
314417591,anres,Kevin and Permutation,WRONG_ANSWER,PyPy 3-64,1744054274
314416938,Error_127,Kevin and Combination Lock,WRONG_ANSWER,"C++23 (GCC 14-64, msys2)",1744053830
314416263,Error_127,Kevin and Combination Lock,WRONG_ANSWER,"C++23 (GCC 14-64, msys2)",1744053369
314415991,Error_127,Kevin and Combination Lock,WRONG_ANSWER,"C++23 (GCC 14-64, msys2)",1744053177
314415671,Error_127,Kevin and Combination Lock,WRONG_ANSWER,"C++23 (GCC 14-64, msys2)",1744052957
314413014,p_sh16,Kevin and Combination Lock,OK,C++17 (GCC 7-32),1744051375
314406379,Underdog_from_JU,Kevin and Permutation,OK,"C++23 (GCC 14-64, msys2)",1744047967
314406016,m.olimovvv,Kevin and Binary Strings,WRONG_ANSWER,Python 3,1744047806
314405408,m.olimovvv,Kevin and Binary Strings,WRONG_ANSWER,Python 3,1744047531
314394866,hemavardhan.g,Kevin and Combination Lock,OK,"C++23 (GCC 14-64, msys2)",1744043138
314393786,Hemavardhan.1,Kevin and Combination Lock,OK,"C++23 (GCC 14-64, msys2)",1744042705
314392076,Brep_Master,Kevin and Permutation,OK,C++17 (GCC 7-32),1744042034
314386127,Nevll,Kevin and Math Class,WRONG_ANSWER,C++17 (GCC 7-32),1744039825
314385712,Nevll,Kevin and Math Class,WRONG_ANSWER,C++17 (GCC 7-32),1744039682
314385363,Nevll,Kevin and Math Class,WRONG_ANSWER,C++17 (GCC 7-32),1744039553
314383795,Nevll,Kevin and Math Class,WRONG_ANSWER,C++17 (GCC 7-32),1744039021
314382884,Nevll,Kevin and Math Class,WRONG_ANSWER,C++17 (GCC 7-32),1744038707
314382325,Nevll,Kevin and Math Class,WRONG_ANSWER,C++17 (GCC 7-32),1744038534
314382173,Nevll,Kevin and Math Class,WRONG_ANSWER,C++17 (GCC 7-32),1744038483
314381401,_Robi,Kevin and Binary Strings,OK,"C++23 (GCC 14-64, msys2)",1744038234
314380456,_Robi,Kevin and Binary Strings,WRONG_ANSWER,"C++23 (GCC 14-64, msys2)",1744037949
314380287,-George-,Kevin and Binary Strings,WRONG_ANSWER,C++20 (GCC 13-64),1744037900
314374275,keshavmittal31,Kevin and Binary Strings,OK,C++17 (GCC 7-32),1744035901
314373712,xigua666,Kevin and Permutation,OK,"C++23 (GCC 14-64, msys2)",1744035661
314371077,Glc_0705,Kevin and Permutation,OK,C++20 (GCC 13-64),1744034525
314369939,DAIICT_coder,Kevin and Binary Strings,WRONG_ANSWER,Java 21,1744033999
314361875,Tenacious_Keshav,Kevin and Binary Strings,OK,"C++23 (GCC 14-64, msys2)",1744030231
314361845,Sam_Ram_Saraswati,Kevin and Binary Strings,OK,"C++23 (GCC 14-64, msys2)",1744030219
314361760,Tenacious_Keshav,Kevin and Binary Strings,TIME_LIMIT_EXCEEDED,"C++23 (GCC 14-64, msys2)",1744030176
314360825,Sam_Ram_Saraswati,Kevin and Binary Strings,RUNTIME_ERROR,"C++23 (GCC 14-64, msys2)",1744029763
314360648,Sam_Ram_Saraswati,Kevin and Binary Strings,RUNTIME_ERROR,"C++23 (GCC 14-64, msys2)",1744029676
314359399,Tenacious_Keshav,Kevin and Binary Strings,WRONG_ANSWER,"C++23 (GCC 14-64, msys2)",1744029075
314359212,Tenacious_Keshav,Kevin and Binary Strings,WRONG_ANSWER,"C++23 (GCC 14-64, msys2)",1744028992
314351038,sufi_16,Kevin and Competition Memories,OK,"C++23 (GCC 14-64, msys2)",1744025119
314350267,sufi_16,Kevin and Competition Memories,WRONG_ANSWER,"C++23 (GCC 14-64, msys2)",1744024703
314349853,vishalthewarrior,Kevin and Permutation,OK,C++20 (GCC 13-64),1744024473
314349009,sufi_16,Kevin and Competition Memories,WRONG_ANSWER,"C++23 (GCC 14-64, msys2)",1744023976
314347869,foxserg,Kevin and Permutation,OK,"C++23 (GCC 14-64, msys2)",1744023319
314347368,Bithacker1.618,Kevin and Binary Strings,OK,C++17 (GCC 7-32),1744023056
314347335,foxserg,Kevin and Permutation,WRONG_ANSWER,"C++23 (GCC 14-64, msys2)",1744023039
314345408,Bithacker1.618,Kevin and Binary Strings,WRONG_ANSWER,C++17 (GCC 7-32),1744021916
314345196,Its_afridi,Kevin and Binary Strings,WRONG_ANSWER,"C++23 (GCC 14-64, msys2)",1744021788
314345064,Its_afridi,Kevin and Binary Strings,WRONG_ANSWER,"C++23 (GCC 14-64, msys2)",1744021712
314341881,ezrapo,Kevin and Binary Strings,OK,"C++23 (GCC 14-64, msys2)",1744019922
314339995,woc_answer,Kevin and Binary Strings,OK,C++17 (GCC 7-32),1744018788
314339914,RiceQuakes,Kevin and Binary Strings,OK,C++20 (GCC 13-64),1744018742
314339778,RiceQuakes,Kevin and Binary Strings,WRONG_ANSWER,C++20 (GCC 13-64),1744018651
314339745,RiceQuakes,Kevin and Binary Strings,WRONG_ANSWER,C++20 (GCC 13-64),1744018628
314339700,RiceQuakes,Kevin and Binary Strings,WRONG_ANSWER,C++20 (GCC 13-64),1744018600
314339446,drreader,Kevin and Permutation,OK,"C++23 (GCC 14-64, msys2)",1744018453
314338561,woc_answer,Kevin and Binary Strings,WRONG_ANSWER,C++17 (GCC 7-32),1744017907
314338122,woc_answer,Kevin and Binary Strings,TIME_LIMIT_EXCEEDED,C++17 (GCC 7-32),1744017630
314337623,woc_answer,Kevin and Binary Strings,TIME_LIMIT_EXCEEDED,C++17 (GCC 7-32),1744017323
314337502,woc_answer,Kevin and Binary Strings,TIME_LIMIT_EXCEEDED,C++17 (GCC 7-32),1744017255
314336118,eargle,Kevin and Competition Memories,OK,C++20 (GCC 13-64),1744016423
314336108,TallBanana,Kevin and Matrices,OK,C++20 (GCC 13-64),1744016417
314335894,RiceQuakes,Kevin and Binary Strings,OK,C++20 (GCC 13-64),1744016281
314335832,Dow_Oscar,Kevin and Permutation,OK,PyPy 3-64,1744016248
314335794,drreader,Kevin and Permutation,WRONG_ANSWER,"C++23 (GCC 14-64, msys2)",1744016225
314334967,drreader,Kevin and Permutation,WRONG_ANSWER,"C++23 (GCC 14-64, msys2)",1744015717
314332409,Axe_Cameron,Kevin and Permutation,OK,PyPy 3-64,1744014091
314331533,woc_answer,Kevin and Binary Strings,WRONG_ANSWER,C++17 (GCC 7-32),1744013558
314330795,jzc2011,Kevin and Competition Memories,COMPILATION_ERROR,C++17 (GCC 7-32),1744013128
314330611,Ayush063,Kevin and Permutation,OK,"C++23 (GCC 14-64, msys2)",1744013010
314329761,Storm_IX,Kevin and Competition Memories,COMPILATION_ERROR,"C++23 (GCC 14-64, msys2)",1744012422
314328109,YFffffffff,Kevin and Competition Memories,OK,"C++23 (GCC 14-64, msys2)",1744011212
314327784,YFffffffff,Kevin and Competition Memories,WRONG_ANSWER,"C++23 (GCC 14-64, msys2)",1744010953
314327741,YFffffffff,Kevin and Competition Memories,WRONG_ANSWER,"C++23 (GCC 14-64, msys2)",1744010927
314327225,YFffffffff,Kevin and Competition Memories,WRONG_ANSWER,"C++23 (GCC 14-64, msys2)",1744010552
314326948,YFffffffff,Kevin and Competition Memories,WRONG_ANSWER,"C++23 (GCC 14-64, msys2)",1744010335
314326917,YFffffffff,Kevin and Competition Memories,WRONG_ANSWER,"C++23 (GCC 14-64, msys2)",1744010311
314326803,jzc2011,Kevin and Binary Strings,OK,C++17 (GCC 7-32),1744010228
314324835,24112006,Kevin and Binary Strings,OK,"C++23 (GCC 14-64, msys2)",1744008840
314324459,jzc2011,Kevin and Binary Strings,WRONG_ANSWER,C++17 (GCC 7-32),1744008591
314324345,drreader,Kevin and Permutation,WRONG_ANSWER,"C++23 (GCC 14-64, msys2)",1744008506
314321939,pipipipipi43,Kevin and Bipartite Graph,OK,"C++23 (GCC 14-64, msys2)",1744006750
314321807,Brep_Master,Kevin and Combination Lock,OK,C++17 (GCC 7-32),1744006657
314318752,TerminalWarlord,Kevin and Permutation,OK,C++17 (GCC 7-32),1744004123
314318452,screen_smasher,Kevin and Permutation,OK,C++17 (GCC 7-32),1744003886
314316276,YFffffffff,Kevin and Binary Strings,OK,"C++23 (GCC 14-64, msys2)",1744001941
314315446,Anfelesan,Kevin and Bipartite Graph,OK,C++17 (GCC 7-32),1744001095
314315160,YFffffffff,Kevin and Permutation,OK,"C++23 (GCC 14-64, msys2)",1744000804
314314891,YFffffffff,Kevin and Permutation,WRONG_ANSWER,"C++23 (GCC 14-64, msys2)",1744000542
314313926,jp5222347,Kevin and Combination Lock,OK,C++20 (GCC 13-64),1743999476
314312889,YFffffffff,Kevin and Combination Lock,OK,"C++23 (GCC 14-64, msys2)",1743998071
314310495,potatoArmy,Kevin and Permutation,OK,PyPy 3-64,1743994974
314310321,potatoArmy,Kevin and Combination Lock,OK,PyPy 3-64,1743994728
314306735,Mohamedisaa,Kevin and Permutation,OK,"C++23 (GCC 14-64, msys2)",1743988916
314306696,Mohamedisaa,Kevin and Permutation,WRONG_ANSWER,"C++23 (GCC 14-64, msys2)",1743988839
314306553,Mohamedisaa,Kevin and Permutation,WRONG_ANSWER,"C++23 (GCC 14-64, msys2)",1743988568
314306467,Mohamedisaa,Kevin and Permutation,WRONG_ANSWER,"C++23 (GCC 14-64, msys2)",1743988458
314294003,RoyalFork,Kevin and Permutation,WRONG_ANSWER,"C++23 (GCC 14-64, msys2)",1743970127
314293963,RoyalFork,Kevin and Permutation,COMPILATION_ERROR,"C++23 (GCC 14-64, msys2)",1743970096
314291357,vanshpadaliya,Kevin and Permutation,OK,C++17 (GCC 7-32),1743968078
314287399,devrathi_20,Kevin and Permutation,OK,C++17 (GCC 7-32),1743965395
314286664,hustlerfromchamps_007,Kevin and Binary Strings,WRONG_ANSWER,C++20 (GCC 13-64),1743964965
314281738,hustlerfromchamps_007,Kevin and Binary Strings,WRONG_ANSWER,C++20 (GCC 13-64),1743962146
314278740,piyushs_13,Kevin and Competition Memories,OK,C++17 (GCC 7-32),1743960450
314276582,joebiden999,Kevin and Permutation,OK,C++20 (GCC 13-64),1743959233
314274797,joebiden999,Kevin and Permutation,WRONG_ANSWER,C++20 (GCC 13-64),1743958134
314274224,Kulshreshtha_Singh_,Kevin and Permutation,OK,C++20 (GCC 13-64),1743957801
314274029,Kulshreshtha_Singh_,Kevin and Permutation,COMPILATION_ERROR,C++20 (GCC 13-64),1743957682
314269260,hacker_1245,Kevin and Permutation,WRONG_ANSWER,C++17 (GCC 7-32),1743954810
314267731,_SURAJ_0.1,Kevin and Permutation,OK,"C++23 (GCC 14-64, msys2)",1743953981
314260695,PzreNTx,Kevin and Binary Strings,WRONG_ANSWER,"C++23 (GCC 14-64, msys2)",1743950574
314259984,PzreNTx,Kevin and Binary Strings,COMPILATION_ERROR,"C++23 (GCC 14-64, msys2)",1743950187
314259886,aritra_chy,Kevin and Permutation,OK,C++17 (GCC 7-32),1743950141
314259828,LUlululu1616,Kevin and Matrices,OK,"C++23 (GCC 14-64, msys2)",1743950109
314259546,LUlululu1616,Kevin and Matrices,OK,"C++23 (GCC 14-64, msys2)",1743949950
314257603,PzreNTx,Kevin and Binary Strings,WRONG_ANSWER,"C++23 (GCC 14-64, msys2)",1743948999
314253167,kayes1280,Kevin and Combination Lock,OK,C++17 (GCC 7-32),1743946864
314249235,Seif_Hamdy,Kevin and Combination Lock,OK,"C++23 (GCC 14-64, msys2)",1743944982
314248419,Seif_Hamdy,Kevin and Combination Lock,TIME_LIMIT_EXCEEDED,"C++23 (GCC 14-64, msys2)",1743944559
314246212,Seif_Hamdy,Kevin and Permutation,OK,"C++23 (GCC 14-64, msys2)",1743943433
314243071,AayushKumarLive001,Kevin and Combination Lock,OK,C++17 (GCC 7-32),1743941692
314240210,pipipipipi43,Kevin and Bipartite Graph,WRONG_ANSWER,"C++23 (GCC 14-64, msys2)",1743940137
314239593,pipipipipi43,Kevin and Bipartite Graph,WRONG_ANSWER,"C++23 (GCC 14-64, msys2)",1743939803
314238349,nikkhil.theguru,Kevin and Combination Lock,WRONG_ANSWER,Python 3,1743939120
314234246,nikkhil.theguru,Kevin and Combination Lock,WRONG_ANSWER,Python 3,1743936849
314234177,nikkhil.theguru,Kevin and Combination Lock,WRONG_ANSWER,Python 3,1743936808
314232872,pipipipipi43,Kevin and Bipartite Graph,WRONG_ANSWER,"C++23 (GCC 14-64, msys2)",1743936152
314231473,pipipipipi43,Kevin and Bipartite Graph,WRONG_ANSWER,"C++23 (GCC 14-64, msys2)",1743935369
314230109,KGB,Kevin and Binary Strings,OK,C++17 (GCC 7-32),1743934831
314230001,KGB,Kevin and Binary Strings,WRONG_ANSWER,C++17 (GCC 7-32),1743934768
314222616,fengling007,Kevin and Competition Memories,OK,Java 21,1743930790
314222426,fengling007,Kevin and Competition Memories,WRONG_ANSWER,Java 21,1743930683
314213280,hanoi09long_nh1,Kevin and Permutation,OK,"C++23 (GCC 14-64, msys2)",1743925858
314211567,Storm_IX,Kevin and Binary Strings,OK,"C++23 (GCC 14-64, msys2)",1743924922
314210704,Storm_IX,Kevin and Binary Strings,WRONG_ANSWER,"C++23 (GCC 14-64, msys2)",1743924457
314209711,JSMxEXCALIBUR,Kevin and Binary Strings,WRONG_ANSWER,C++17 (GCC 7-32),1743923916
314209629,JSMxEXCALIBUR,Kevin and Binary Strings,WRONG_ANSWER,C++17 (GCC 7-32),1743923869
314208426,Storm_IX,Kevin and Binary Strings,WRONG_ANSWER,"C++23 (GCC 14-64, msys2)",1743923238
314207959,Storm_IX,Kevin and Binary Strings,WRONG_ANSWER,"C++23 (GCC 14-64, msys2)",1743922960
314207742,uannai,Kevin and Bipartite Graph,OK,"C++23 (GCC 14-64, msys2)",1743922844
314207739,Storm_IX,Kevin and Binary Strings,WRONG_ANSWER,"C++23 (GCC 14-64, msys2)",1743922841
314204250,suyash_jain099,Kevin and Permutation,OK,C++17 (GCC 7-32),1743920989
314202956,Pranav_45,Kevin and Binary Strings,OK,Java 8,1743920306
314201933,Pranav_45,Kevin and Binary Strings,WRONG_ANSWER,Java 8,1743919778
314201541,suyash_jain099,Kevin and Permutation,WRONG_ANSWER,C++17 (GCC 7-32),1743919579
314200549,yangyunqin2013,Kevin and Permutation,RUNTIME_ERROR,C++17 (GCC 7-32),1743918940
314197716,uannai,Kevin and Bipartite Graph,WRONG_ANSWER,"C++23 (GCC 14-64, msys2)",1743917210
314196084,Icarus_X,Kevin and Binary Strings,WRONG_ANSWER,"C++23 (GCC 14-64, msys2)",1743916060
314192335,Saucyy,Kevin and Combination Lock,OK,Java 21,1743912688
314191680,Knight_Forks,Kevin and Permutation,OK,C++17 (GCC 7-32),1743911958
314185253,moumitaghose,Kevin and Combination Lock,OK,"C++23 (GCC 14-64, msys2)",1743904337
314182703,Madhav_2023,Kevin and Combination Lock,OK,C++17 (GCC 7-32),1743900285
314182170,Madhav_2023,Kevin and Combination Lock,WRONG_ANSWER,C++17 (GCC 7-32),1743899381
314182147,Madhav_2023,Kevin and Combination Lock,WRONG_ANSWER,C++17 (GCC 7-32),1743899347
314181999,Madhav_2023,Kevin and Combination Lock,WRONG_ANSWER,C++17 (GCC 7-32),1743899107
314180994,anna_yang,Kevin and Binary Strings,WRONG_ANSWER,C++17 (GCC 7-32),1743897338
314180784,anna_yang,Kevin and Binary Strings,WRONG_ANSWER,C++17 (GCC 7-32),1743896928
314180569,Carlos,Kevin and Permutation,OK,C++17 (GCC 7-32),1743896478
314180543,Carlos,Kevin and Permutation,OK,C++17 (GCC 7-32),1743896427
314180507,Carlos,Kevin and Permutation,OK,C++17 (GCC 7-32),1743896381
314180446,Carlos,Kevin and Permutation,WRONG_ANSWER,C++17 (GCC 7-32),1743896286
314180389,Carlos,Kevin and Permutation,RUNTIME_ERROR,C++17 (GCC 7-32),1743896172
314179147,newuser22,Kevin and Combination Lock,OK,C++20 (GCC 13-64),1743893889
314178086,Carlos,Kevin and Permutation,WRONG_ANSWER,C++17 (GCC 7-32),1743892408
314177923,Carlos,Kevin and Permutation,WRONG_ANSWER,C++17 (GCC 7-32),1743892169
314177039,Carlos,Kevin and Permutation,WRONG_ANSWER,C++17 (GCC 7-32),1743891052
314176938,-Salama,Kevin and Permutation,OK,C++17 (GCC 7-32),1743890944
314176665,-Salama,Kevin and Permutation,WRONG_ANSWER,C++17 (GCC 7-32),1743890627
314169949,ayhan37,Kevin and Math Class,OK,"C++23 (GCC 14-64, msys2)",1743884378
314168682,ayhan37,Kevin and Math Class,WRONG_ANSWER,"C++23 (GCC 14-64, msys2)",1743883361
314167729,ayhan37,Kevin and Math Class,WRONG_ANSWER,"C++23 (GCC 14-64, msys2)",1743882732
314166845,Knight_Forks,Kevin and Permutation,WRONG_ANSWER,C++17 (GCC 7-32),1743882141
314166684,GautamSh,Kevin and Competition Memories,OK,"C++23 (GCC 14-64, msys2)",1743882032
314165124,GautamSh,Kevin and Binary Strings,OK,"C++23 (GCC 14-64, msys2)",1743881064
314163851,eugenekoran,Kevin and Binary Strings,OK,PyPy 3-64,1743880314
314163704,GautamSh,Kevin and Permutation,OK,"C++23 (GCC 14-64, msys2)",1743880233
314163408,GautamSh,Kevin and Combination Lock,OK,"C++23 (GCC 14-64, msys2)",1743880064
314162686,eugenekoran,Kevin and Binary Strings,WRONG_ANSWER,PyPy 3-64,1743879640
314161374,eugenekoran,Kevin and Binary Strings,TIME_LIMIT_EXCEEDED,PyPy 3-64,1743878997
314160134,eugenekoran,Kevin and Binary Strings,WRONG_ANSWER,PyPy 3-64,1743878409
314159403,Carlos,Kevin and Permutation,WRONG_ANSWER,C++17 (GCC 7-32),1743878067
314158942,Carlos,Kevin and Permutation,WRONG_ANSWER,C++17 (GCC 7-32),1743877916
314148946,Nyemot,Kevin and Competition Memories,OK,C++20 (GCC 13-64),1743873346
314148777,Nyemot,Kevin and Competition Memories,WRONG_ANSWER,C++20 (GCC 13-64),1743873314
314148659,Carlos,Kevin and Permutation,WRONG_ANSWER,C++17 (GCC 7-32),1743873287
314123261,prashant_maurya_109,Kevin and Permutation,OK,Java 21,1743868988
314116997,prashant_maurya_109,Kevin and Permutation,TIME_LIMIT_EXCEEDED,Java 21,1743868173
314111929,_s_a_h_i_l,Kevin and Combination Lock,OK,C++17 (GCC 7-32),1743867551
314092754,Devanshm23,Kevin and Competition Memories,OK,C++20 (GCC 13-64),1743865534
314068748,Pranav_45,Kevin and Binary Strings,WRONG_ANSWER,Java 8,1743863258
314066484,AK.,Kevin and Combination Lock,OK,PyPy 3,1743861969
314065584,xdog,Kevin and Competition Memories,OK,C++17 (GCC 7-32),1743861468
314065356,xdog,Kevin and Competition Memories,COMPILATION_ERROR,C++17 (GCC 7-32),1743861356
314064212,xdog,Kevin and Competition Memories,OK,C++17 (GCC 7-32),1743860707
314064128,xdog,Kevin and Competition Memories,WRONG_ANSWER,C++17 (GCC 7-32),1743860657
314061748,kunnan9999,Kevin and Permutation,OK,PyPy 3-64,1743859420
314057971,Alya2010,Kevin and Combination Lock,OK,Python 3,1743857220
314056283,Nyemot,Kevin and Binary Strings,OK,C++20 (GCC 13-64),1743856225
314054441,AyushRaj3445,Kevin and Combination Lock,OK,C++20 (GCC 13-64),1743855151
314054102,Nyemot,Kevin and Permutation,OK,C++20 (GCC 13-64),1743854937
314053937,Nyemot,Kevin and Permutation,WRONG_ANSWER,C++20 (GCC 13-64),1743854836
314053656,kunnan9999,Kevin and Combination Lock,OK,PyPy 3-64,1743854663
314053583,_KiMi,Kevin and Binary Strings,OK,C++17 (GCC 7-32),1743854624
314053092,kunnan9999,Kevin and Combination Lock,WRONG_ANSWER,PyPy 3-64,1743854333
314053081,Nyemot,Kevin and Combination Lock,OK,C++20 (GCC 13-64),1743854327
314052632,_KiMi,Kevin and Binary Strings,WRONG_ANSWER,C++17 (GCC 7-32),1743854067
314051780,magixx_243,Kevin and Permutation,OK,C++17 (GCC 7-32),1743853601
314051573,TryHard007,Kevin and Binary Strings,OK,"C++23 (GCC 14-64, msys2)",1743853479
314048148,acferrer,Kevin and Permutation,WRONG_ANSWER,"C++23 (GCC 14-64, msys2)",1743851815
314047979,kimzi,Kevin and Combination Lock,OK,PyPy 3-64,1743851722
314043674,MakarBelich,Kevin and Combination Lock,OK,Python 3,1743849573
314043651,semen_s,Kevin and Combination Lock,OK,Python 3,1743849559
314043023,2022_Shilov,Kevin and Combination Lock,OK,Python 3,1743849291
314041624,Casual_W,Kevin and Binary Strings,OK,"C++23 (GCC 14-64, msys2)",1743848675
314041419,TryHard007,Kevin and Binary Strings,WRONG_ANSWER,"C++23 (GCC 14-64, msys2)",1743848591
314041378,Pranav_45,Kevin and Binary Strings,WRONG_ANSWER,Java 8,1743848571
314037091,SunsetVoice_,Kevin and Bipartite Graph,OK,C++20 (GCC 13-64),1743846841
314028393,Shubh_3181,Kevin and Permutation,OK,C++17 (GCC 7-32),1743843191
314028044,Shubh_3181,Kevin and Permutation,WRONG_ANSWER,C++17 (GCC 7-32),1743843045
314018733,tikka2,Kevin and Binary Strings,TIME_LIMIT_EXCEEDED,C++17 (GCC 7-32),1743838898
314016465,The_masseteR,Kevin and Binary Strings,OK,C++17 (GCC 7-32),1743837943
314015174,The_masseteR,Kevin and Binary Strings,OK,C++17 (GCC 7-32),1743837412
314014223,The_masseteR,Kevin and Binary Strings,WRONG_ANSWER,C++17 (GCC 7-32),1743836999
314013775,The_masseteR,Kevin and Binary Strings,WRONG_ANSWER,C++17 (GCC 7-32),1743836808
314012272,abhinavpatil1289,Kevin and Permutation,OK,"C++23 (GCC 14-64, msys2)",1743836160
314011094,The_masseteR,Kevin and Binary Strings,WRONG_ANSWER,C++17 (GCC 7-32),1743835729
314009873,noMathematician1729,Kevin and Permutation,OK,C++20 (GCC 13-64),1743835280
314009822,Shubham.Jain,Kevin and Binary Strings,OK,"C++23 (GCC 14-64, msys2)",1743835256
314008920,noMathematician1729,Kevin and Permutation,WRONG_ANSWER,C++20 (GCC 13-64),1743834870
314007801,tikka2,Kevin and Binary Strings,TIME_LIMIT_EXCEEDED,C++17 (GCC 7-32),1743834401
314007622,noMathematician1729,Kevin and Permutation,WRONG_ANSWER,C++20 (GCC 13-64),1743834325
314007121,tikka2,Kevin and Binary Strings,WRONG_ANSWER,C++17 (GCC 7-32),1743834118
314006742,tikka2,Kevin and Binary Strings,WRONG_ANSWER,C++17 (GCC 7-32),1743833940
314006648,tikka2,Kevin and Binary Strings,COMPILATION_ERROR,C++17 (GCC 7-32),1743833902
314006360,tikka2,Kevin and Binary Strings,COMPILATION_ERROR,C++17 (GCC 7-32),1743833756
314006210,hartaj_singh,Kevin and Combination Lock,OK,C++17 (GCC 7-32),1743833678
314006120,tikka2,Kevin and Binary Strings,COMPILATION_ERROR,C++17 (GCC 7-32),1743833631
314006092,hartaj_singh,Kevin and Combination Lock,COMPILATION_ERROR,C++17 (GCC 7-32),1743833619
314002338,Goobne,Kevin and Math Class,WRONG_ANSWER,"C++23 (GCC 14-64, msys2)",1743831660
314002206,Zeyush,Kevin and Math Class,WRONG_ANSWER,"C++23 (GCC 14-64, msys2)",1743831594
313996793,InfiniteLoop,Kevin and Permutation,OK,C++17 (GCC 7-32),1743828113
313988657,DuyLee,Kevin and Combination Lock,OK,C++17 (GCC 7-32),1743819924
313985675,Lilpa,Kevin and Binary Strings,OK,C++20 (GCC 13-64),1743816143
313985391,Lilpa,Kevin and Binary Strings,WRONG_ANSWER,C++20 (GCC 13-64),1743815708
313985287,Lilpa,Kevin and Binary Strings,WRONG_ANSWER,C++20 (GCC 13-64),1743815521
313985279,richi78,Kevin and Permutation,OK,C++20 (GCC 13-64),1743815503
313985039,Lilpa,Kevin and Binary Strings,WRONG_ANSWER,C++20 (GCC 13-64),1743815118
313984898,richi78,Kevin and Permutation,WRONG_ANSWER,C++20 (GCC 13-64),1743814889
313982514,yusuf12360,Kevin and Math Class,OK,"C++23 (GCC 14-64, msys2)",1743810047
313982078,lethan3,Kevin and Math Class,RUNTIME_ERROR,C++20 (GCC 13-64),1743809109
313981881,lethan3,Kevin and Math Class,RUNTIME_ERROR,C++20 (GCC 13-64),1743808723
313979780,lethan3,Kevin and Bipartite Graph,OK,C++20 (GCC 13-64),1743805498
313979295,lethan3,Kevin and Competition Memories,OK,C++20 (GCC 13-64),1743804680
313979011,lethan3,Kevin and Competition Memories,WRONG_ANSWER,C++20 (GCC 13-64),1743804250
313978144,lethan3,Kevin and Binary Strings,OK,C++20 (GCC 13-64),1743803045
313977624,WorldShine02,Kevin and Matrices,WRONG_ANSWER,C++17 (GCC 7-32),1743802441
313977580,WorldShine01,Kevin and Bipartite Graph,WRONG_ANSWER,C++17 (GCC 7-32),1743802406
313977116,num5,Kevin and Combination Lock,WRONG_ANSWER,C++17 (GCC 7-32),1743802015
313976961,Real_Reasoning_Model,Kevin and Strange Operation,WRONG_ANSWER,C++17 (GCC 7-32),1743801889
313976537,real_Parallelism,Kevin and Competition Memories,WRONG_ANSWER,C++17 (GCC 7-32),1743801533
313976506,lethan3,Kevin and Permutation,OK,C++20 (GCC 13-64),1743801504
313976382,lethan3,Kevin and Combination Lock,OK,C++20 (GCC 13-64),1743801404
313976256,transformer123,Kevin and Puzzle (Hard Version),WRONG_ANSWER,C++17 (GCC 7-32),1743801304
313976045,WorldShine03,Kevin and Binary Strings,WRONG_ANSWER,C++17 (GCC 7-32),1743801127
313975999,num3,Kevin and Puzzle (Easy Version),WRONG_ANSWER,C++17 (GCC 7-32),1743801085
313975884,never_use_tpu,Kevin and Math Class,WRONG_ANSWER,C++17 (GCC 7-32),1743800980
313975877,num7,Kevin and Permutation,WRONG_ANSWER,C++17 (GCC 7-32),1743800975
313974873,tamback,Kevin and Binary Strings,OK,"C++23 (GCC 14-64, msys2)",1743800030
313973540,tamback,Kevin and Binary Strings,WRONG_ANSWER,"C++23 (GCC 14-64, msys2)",1743799095
313968213,_Hz,Kevin and Binary Strings,WRONG_ANSWER,C++17 (GCC 7-32),1743795435
313967170,_Hz,Kevin and Binary Strings,WRONG_ANSWER,C++17 (GCC 7-32),1743794805
313963402,HeartBlueArchive,Kevin and Competition Memories,OK,C++17 (GCC 7-32),1743792601
313963334,HeartBlueArchive,Kevin and Competition Memories,WRONG_ANSWER,C++17 (GCC 7-32),1743792568
313962821,ARIFRUETCSE21,Kevin and Combination Lock,OK,C++20 (GCC 13-64),1743792292
313961687,chiru200513,Kevin and Binary Strings,WRONG_ANSWER,C++17 (GCC 7-32),1743791705
313959264,chiru200513,Kevin and Binary Strings,WRONG_ANSWER,C++17 (GCC 7-32),1743790558
313957676,ORBITAL_404,Kevin and Combination Lock,OK,C++17 (GCC 7-32),1743789808
313953437,thisusernamehasbeentaken,Kevin and Competition Memories,WRONG_ANSWER,"C++23 (GCC 14-64, msys2)",1743787773
313953014,thisusernamehasbeentaken,Kevin and Competition Memories,WRONG_ANSWER,"C++23 (GCC 14-64, msys2)",1743787561
313949710,sakurazexi,Kevin and Binary Strings,OK,C++20 (GCC 13-64),1743785957
313949530,sakurazexi,Kevin and Binary Strings,OK,C++20 (GCC 13-64),1743785874
313949356,sakurazexi,Kevin and Binary Strings,WRONG_ANSWER,C++20 (GCC 13-64),1743785787
313948400,AkShukla,Kevin and Bipartite Graph,WRONG_ANSWER,"C++23 (GCC 14-64, msys2)",1743785355
313948195,AkShukla,Kevin and Bipartite Graph,WRONG_ANSWER,"C++23 (GCC 14-64, msys2)",1743785260
313947086,AkShukla,Kevin and Bipartite Graph,WRONG_ANSWER,"C++23 (GCC 14-64, msys2)",1743784751
313946937,AkShukla,Kevin and Bipartite Graph,WRONG_ANSWER,"C++23 (GCC 14-64, msys2)",1743784682
313946446,09377410346,Kevin and Combination Lock,OK,C++17 (GCC 7-32),1743784454
313944735,arinnaresh,Kevin and Binary Strings,OK,C++17 (GCC 7-32),1743783725
313944227,arinnaresh,Kevin and Binary Strings,WRONG_ANSWER,C++17 (GCC 7-32),1743783505
313941890,AkShukla,Kevin and Bipartite Graph,WRONG_ANSWER,"C++23 (GCC 14-64, msys2)",1743782457
313935119,mansi_jamwal_,Kevin and Binary Strings,WRONG_ANSWER,C++20 (GCC 13-64),1743779917
313930300,arinnaresh,Kevin and Permutation,OK,C++17 (GCC 7-32),1743778191
313929640,Shubham.Jain,Kevin and Permutation,OK,"C++23 (GCC 14-64, msys2)",1743777973
313928426,Shubham.Jain,Kevin and Combination Lock,OK,"C++23 (GCC 14-64, msys2)",1743777539
313928410,Tohidul_Hridoy,Kevin and Permutation,WRONG_ANSWER,C++17 (GCC 7-32),1743777530
313927876,Tohidul_Hridoy,Kevin and Permutation,WRONG_ANSWER,C++17 (GCC 7-32),1743777313
313927798,arinnaresh,Kevin and Combination Lock,OK,C++17 (GCC 7-32),1743777274
313927453,practiceccount1,Kevin and Permutation,OK,C++20 (GCC 13-64),1743777104
313927185,ucan_0326t,Kevin and Combination Lock,OK,"C++23 (GCC 14-64, msys2)",1743776977
313925063,Sam_Jiang,Kevin and Bipartite Graph,OK,C++20 (GCC 13-64),1743775980
313923219,cqbzpqy,Kevin and Bipartite Graph,OK,"C++23 (GCC 14-64, msys2)",1743775119
313920225,cqbzpqy,Kevin and Binary Strings,OK,"C++23 (GCC 14-64, msys2)",1743773793
313920205,cqbzpqy,Kevin and Permutation,OK,"C++23 (GCC 14-64, msys2)",1743773782
313920175,cqbzpqy,Kevin and Combination Lock,OK,"C++23 (GCC 14-64, msys2)",1743773769
313918207,cqbzpqy,Kevin and Competition Memories,OK,"C++23 (GCC 14-64, msys2)",1743772925
313917920,dlrshaze03,Kevin and Binary Strings,OK,Java 21,1743772789
313911441,deepanshu27nit,Kevin and Permutation,OK,C++17 (GCC 7-32),1743769580
313910000,deepanshu27nit,Kevin and Permutation,WRONG_ANSWER,C++17 (GCC 7-32),1743768829
313909615,deepanshu27nit,Kevin and Permutation,WRONG_ANSWER,C++17 (GCC 7-32),1743768608
313908228,Kira_max089,Kevin and Puzzle (Hard Version),WRONG_ANSWER,Python 3,1743767922
313907879,dlrshaze03,Kevin and Binary Strings,WRONG_ANSWER,Java 21,1743767749
313907277,CoDeLikeShubham,Kevin and Binary Strings,OK,C++17 (GCC 7-32),1743767439
313906953,DiegoDias007,Kevin and Binary Strings,OK,C++20 (GCC 13-64),1743767279
313906896,sollysaleh,Kevin and Permutation,OK,C++17 (GCC 7-32),1743767254
313906598,Kira_max089,Kevin and Puzzle (Hard Version),WRONG_ANSWER,Python 3,1743767063
313906455,sollysaleh,Kevin and Permutation,TIME_LIMIT_EXCEEDED,C++17 (GCC 7-32),1743766978
313904647,Shiv_Kaushik,Kevin and Binary Strings,OK,"C++23 (GCC 14-64, msys2)",1743765969
313904468,Shiv_Kaushik,Kevin and Binary Strings,RUNTIME_ERROR,"C++23 (GCC 14-64, msys2)",1743765868
313904134,blue_floyd,Kevin and Competition Memories,OK,C++17 (GCC 7-32),1743765682
313903991,t_saada,Kevin and Combination Lock,OK,C++20 (GCC 13-64),1743765604
313902259,YashwanthRJ,Kevin and Binary Strings,OK,C++17 (GCC 7-32),1743764628
313901872,Shiv_Kaushik,Kevin and Binary Strings,WRONG_ANSWER,"C++23 (GCC 14-64, msys2)",1743764388
313898930,pipipipipi43,Kevin and Bipartite Graph,WRONG_ANSWER,"C++23 (GCC 14-64, msys2)",1743762379
313898866,pipipipipi43,Kevin and Bipartite Graph,WRONG_ANSWER,"C++23 (GCC 14-64, msys2)",1743762329
313898308,ouyangdou,Kevin and Permutation,OK,C++17 (GCC 7-32),1743761973
313898049,ouyangdou,Kevin and Permutation,WRONG_ANSWER,C++17 (GCC 7-32),1743761788
313895640,Satyamyadav77512,Kevin and Binary Strings,OK,C++17 (GCC 7-32),1743760366
313894899,EzazMahmud,Kevin and Permutation,OK,"C++23 (GCC 14-64, msys2)",1743759925
313892665,praconlyaccount,Kevin and Binary Strings,OK,"C++23 (GCC 14-64, msys2)",1743758577
313891338,creesh_krx,Kevin and Math Class,TIME_LIMIT_EXCEEDED,C++20 (GCC 13-64),1743757772
313891056,creesh_krx,Kevin and Math Class,TIME_LIMIT_EXCEEDED,C++20 (GCC 13-64),1743757572
313889520,zjyzhoujunyu,Kevin and Bipartite Graph,OK,"C++23 (GCC 14-64, msys2)",1743756570
313888735,amansingh947667,Kevin and Permutation,OK,"C++23 (GCC 14-64, msys2)",1743756133
313888212,creesh_krx,Kevin and Math Class,TIME_LIMIT_EXCEEDED,C++20 (GCC 13-64),1743755847
313888149,amansingh947667,Kevin and Permutation,OK,"C++23 (GCC 14-64, msys2)",1743755814
313887096,creesh_krx,Kevin and Math Class,TIME_LIMIT_EXCEEDED,C++20 (GCC 13-64),1743755150
313885878,luorongping,Kevin and Bipartite Graph,OK,"C++23 (GCC 14-64, msys2)",1743754407
313883066,creesh_krx,Kevin and Math Class,WRONG_ANSWER,C++20 (GCC 13-64),1743752676
313882653,SRQ_123,Kevin and Binary Strings,TIME_LIMIT_EXCEEDED,C++20 (GCC 13-64),1743752406
313882111,creesh_krx,Kevin and Math Class,WRONG_ANSWER,C++20 (GCC 13-64),1743752057
313881160,creesh_krx,Kevin and Bipartite Graph,WRONG_ANSWER,C++20 (GCC 13-64),1743751408
313881110,guanboyuan,Kevin and Binary Strings,WRONG_ANSWER,"C++23 (GCC 14-64, msys2)",1743751376
313879854,luorongping,Kevin and Binary Strings,OK,"C++23 (GCC 14-64, msys2)",1743750553
313879035,ilobindia,Kevin and Permutation,OK,Java 21,1743750041
313878742,creesh_krx,Kevin and Competition Memories,OK,C++20 (GCC 13-64),1743749851
313878268,guanboyuan,Kevin and Permutation,OK,"C++23 (GCC 14-64, msys2)",1743749589
313878129,guanboyuan,Kevin and Permutation,WRONG_ANSWER,"C++23 (GCC 14-64, msys2)",1743749493
313877747,luorongping,Kevin and Permutation,OK,"C++23 (GCC 14-64, msys2)",1743749218
313877731,guanboyuan,Kevin and Permutation,WRONG_ANSWER,"C++23 (GCC 14-64, msys2)",1743749205
313877627,guanboyuan,Kevin and Permutation,WRONG_ANSWER,"C++23 (GCC 14-64, msys2)",1743749131
313877494,guanboyuan,Kevin and Permutation,WRONG_ANSWER,"C++23 (GCC 14-64, msys2)",1743749043
313875561,xly_tyty,Kevin and Math Class,OK,C++20 (GCC 13-64),1743747663
313874955,xly_tyty,Kevin and Math Class,TIME_LIMIT_EXCEEDED,C++20 (GCC 13-64),1743747210
313867309,P3rp3tu4l,Kevin and Binary Strings,OK,"C++23 (GCC 14-64, msys2)",1743740936
313859470,creesh_krx,Kevin and Binary Strings,OK,C++20 (GCC 13-64),1743732606
313848422,adatiitg,Kevin and Combination Lock,OK,"C++23 (GCC 14-64, msys2)",1743714598
313847536,eternalblue2906,Kevin and Permutation,OK,C++20 (GCC 13-64),1743713747
313847014,eternalblue2906,Kevin and Permutation,WRONG_ANSWER,C++20 (GCC 13-64),1743713275
313846871,eternalblue2906,Kevin and Permutation,WRONG_ANSWER,C++20 (GCC 13-64),1743713165
313846779,eternalblue2906,Kevin and Permutation,WRONG_ANSWER,C++20 (GCC 13-64),1743713073
313846501,Anna,Kevin and Combination Lock,OK,C++20 (GCC 13-64),1743712819
313841868,vaibhav_dsa,Kevin and Competition Memories,OK,C++17 (GCC 7-32),1743709110
313838356,sollysaleh,Kevin and Permutation,WRONG_ANSWER,C++17 (GCC 7-32),1743706714
313836486,rishabh.r3,Kevin and Combination Lock,WRONG_ANSWER,"C++23 (GCC 14-64, msys2)",1743705535
313834811,rishabh.r3,Kevin and Combination Lock,WRONG_ANSWER,"C++23 (GCC 14-64, msys2)",1743704568
313831935,TRDOG,Kevin and Strange Operation,OK,"C++23 (GCC 14-64, msys2)",1743702987
313831693,TRDOG,Kevin and Strange Operation,OK,"C++23 (GCC 14-64, msys2)",1743702867
313830940,masqueradingScythesDoom,Kevin and Permutation,OK,"C++23 (GCC 14-64, msys2)",1743702455
313828865,rishabh.r3,Kevin and Combination Lock,WRONG_ANSWER,"C++23 (GCC 14-64, msys2)",1743701349
313804549,Struggling_Sir,Kevin and Combination Lock,OK,Java 21,1743695831
313743343,ikayesm,Kevin and Combination Lock,OK,C++17 (GCC 7-32),1743690249
313734769,jajuparikshit105,Kevin and Permutation,WRONG_ANSWER,C++17 (GCC 7-32),1743685911
313734412,chiru200513,Kevin and Binary Strings,WRONG_ANSWER,C++17 (GCC 7-32),1743685727
313733964,jajuparikshit105,Kevin and Combination Lock,OK,C++17 (GCC 7-32),1743685487
313733958,chiru200513,Kevin and Binary Strings,WRONG_ANSWER,C++17 (GCC 7-32),1743685484
313732488,Shishir_11,Kevin and Permutation,OK,"C++23 (GCC 14-64, msys2)",1743684720
313730237,bae152,Kevin and Competition Memories,OK,C++20 (GCC 13-64),1743683490
313729682,aricode25,Kevin and Binary Strings,OK,C++17 (GCC 7-32),1743683162
313725089,CoDeLikeShubham,Kevin and Binary Strings,RUNTIME_ERROR,C++17 (GCC 7-32),1743680474
313724482,CoDeLikeShubham,Kevin and Binary Strings,WRONG_ANSWER,C++17 (GCC 7-32),1743680088
313724139,CoDeLikeShubham,Kevin and Binary Strings,WRONG_ANSWER,C++17 (GCC 7-32),1743679847
313723707,Bully9999,Kevin and Permutation,OK,C++17 (GCC 7-32),1743679585
313721963,hrs_01,Kevin and Combination Lock,RUNTIME_ERROR,C++20 (GCC 13-64),1743678583
313717639,Juven_Lawrinsen,Kevin and Combination Lock,OK,"C++23 (GCC 14-64, msys2)",1743675937
313716332,hritik17,Kevin and Combination Lock,WRONG_ANSWER,C++20 (GCC 13-64),1743675123
313716162,hrs_01,Kevin and Combination Lock,WRONG_ANSWER,C++20 (GCC 13-64),1743675001
313716117,hritik17,Kevin and Combination Lock,WRONG_ANSWER,C++20 (GCC 13-64),1743674977
313715692,kesarshah,Kevin and Permutation,WRONG_ANSWER,PyPy 3-64,1743674704
313715535,kesarshah,Kevin and Permutation,WRONG_ANSWER,PyPy 3-64,1743674609
313715032,bae152,Kevin and Competition Memories,TIME_LIMIT_EXCEEDED,C++20 (GCC 13-64),1743674286
313714821,deepseekzqh,Kevin and Bipartite Graph,OK,Python 3,1743674140
313714480,thisisnotvusal,Kevin and Combination Lock,OK,"C++23 (GCC 14-64, msys2)",1743673890
313713551,bae152,Kevin and Competition Memories,WRONG_ANSWER,C++20 (GCC 13-64),1743673320
313712859,bae152,Kevin and Competition Memories,WRONG_ANSWER,C++20 (GCC 13-64),1743672917
313712804,bae152,Kevin and Competition Memories,WRONG_ANSWER,C++20 (GCC 13-64),1743672895
313711385,re-wa-tl-ok,Kevin and Competition Memories,OK,"C++23 (GCC 14-64, msys2)",1743672091
313711355,unkn,Kevin and Combination Lock,OK,"C++23 (GCC 14-64, msys2)",1743672076
313711023,re-wa-tl-ok,Kevin and Competition Memories,WRONG_ANSWER,"C++23 (GCC 14-64, msys2)",1743671889
313710794,re-wa-tl-ok,Kevin and Competition Memories,WRONG_ANSWER,"C++23 (GCC 14-64, msys2)",1743671762
313710691,HackSpectre,Kevin and Combination Lock,OK,C++20 (GCC 13-64),1743671706
313710452,unkn,Kevin and Combination Lock,RUNTIME_ERROR,"C++23 (GCC 14-64, msys2)",1743671585
313705453,chopinL,Kevin and Permutation,OK,PyPy 3-64,1743668514
313704382,chopinL,Kevin and Permutation,WRONG_ANSWER,PyPy 3-64,1743667850
313704134,chopinL,Kevin and Permutation,WRONG_ANSWER,PyPy 3-64,1743667682
313704054,chopinL,Kevin and Permutation,WRONG_ANSWER,PyPy 3-64,1743667625
313703765,Awijeet,Kevin and Binary Strings,OK,C++20 (GCC 13-64),1743667423
313702062,sunn01,Kevin and Binary Strings,WRONG_ANSWER,C++17 (GCC 7-32),1743666254
313701810,As1236,Kevin and Bipartite Graph,OK,C++20 (GCC 13-64),1743666065
313700934,sunn01,Kevin and Binary Strings,OK,C++17 (GCC 7-32),1743665479
313699629,bae152,Kevin and Competition Memories,TIME_LIMIT_EXCEEDED,C++20 (GCC 13-64),1743664592
313699133,bae152,Kevin and Competition Memories,TIME_LIMIT_EXCEEDED,C++20 (GCC 13-64),1743664292
313695826,chloe10011001,Kevin and Binary Strings,OK,Java 8,1743662374
313695527,aricode25,Kevin and Binary Strings,OK,C++17 (GCC 7-32),1743662171
313693781,govger_,Kevin and Combination Lock,OK,PyPy 3-64,1743661065
313683856,db.ann,Kevin and Combination Lock,OK,PyPy 2,1743653727
313680314,platon2010,Kevin and Combination Lock,OK,PyPy 3-64,1743650216
313679695,lazy_abhay,Kevin and Permutation,OK,C++20 (GCC 13-64),1743649482
313679690,nazimsaifullah,Kevin and Competition Memories,OK,C++17 (GCC 7-32),1743649475
313679430,lazy_abhay,Kevin and Permutation,WRONG_ANSWER,C++20 (GCC 13-64),1743649166
313679322,amekawa_kanade,Kevin and Competition Memories,OK,C++20 (GCC 13-64),1743649023
313679267,amekawa_kanade,Kevin and Competition Memories,RUNTIME_ERROR,C++20 (GCC 13-64),1743648955
313674785,EpicChadGamer,Kevin and Bipartite Graph,OK,C++20 (GCC 13-64),1743643057
313674627,EpicChadGamer,Kevin and Bipartite Graph,WRONG_ANSWER,C++20 (GCC 13-64),1743642770
313674546,EpicChadGamer,Kevin and Bipartite Graph,WRONG_ANSWER,C++20 (GCC 13-64),1743642621
313674276,EpicChadGamer,Kevin and Bipartite Graph,WRONG_ANSWER,C++20 (GCC 13-64),1743642212
313674231,EpicChadGamer,Kevin and Bipartite Graph,WRONG_ANSWER,C++20 (GCC 13-64),1743642147
313674005,EpicChadGamer,Kevin and Bipartite Graph,WRONG_ANSWER,C++20 (GCC 13-64),1743641825
313673962,EpicChadGamer,Kevin and Bipartite Graph,WRONG_ANSWER,C++20 (GCC 13-64),1743641763
313673724,jfdyk728026,Kevin and Strange Operation,WRONG_ANSWER,C++17 (GCC 7-32),1743641407
313673700,dcyip001400,Kevin and Strange Operation,WRONG_ANSWER,C++17 (GCC 7-32),1743641370
313673674,rypeh528871,Kevin and Competition Memories,WRONG_ANSWER,C++17 (GCC 7-32),1743641335
313673645,zhuce4,Kevin and Permutation,WRONG_ANSWER,C++17 (GCC 7-32),1743641301
313673620,hzjte578015,Kevin and Math Class,WRONG_ANSWER,C++17 (GCC 7-32),1743641263
313672607,davidvivek,Kevin and Combination Lock,OK,C++17 (GCC 7-32),1743639505
313669775,__Moatz__,Kevin and Permutation,OK,"C++23 (GCC 14-64, msys2)",1743633759
313668926,Omarhanyy,Kevin and Permutation,OK,C++17 (GCC 7-32),1743632505
313668912,Omarhanyy,Kevin and Binary Strings,OK,C++17 (GCC 7-32),1743632487
313668361,Pouyaxanony,Kevin and Permutation,OK,C++17 (GCC 7-32),1743631614
313666715,Satyamyadav77512,Kevin and Binary Strings,WRONG_ANSWER,C++17 (GCC 7-32),1743629501
313664073,Senku,Kevin and Bipartite Graph,OK,C++20 (GCC 13-64),1743626561
313662928,Senku,Kevin and Bipartite Graph,WRONG_ANSWER,C++20 (GCC 13-64),1743625479
313660263,ZERO111,Kevin and Combination Lock,OK,"C++23 (GCC 14-64, msys2)",1743623079
313660218,ZERO111,Kevin and Combination Lock,COMPILATION_ERROR,"C++23 (GCC 14-64, msys2)",1743623045
313657179,As1236,Kevin and Bipartite Graph,WRONG_ANSWER,C++20 (GCC 13-64),1743620989
313656984,As1236,Kevin and Bipartite Graph,WRONG_ANSWER,C++20 (GCC 13-64),1743620893
313650306,younis5yohana,Kevin and Math Class,OK,"C++23 (GCC 14-64, msys2)",1743617383
313650268,younis5yohana,Kevin and Math Class,COMPILATION_ERROR,"C++23 (GCC 14-64, msys2)",1743617362
313650063,Coder.124421,Kevin and Competition Memories,OK,"C++23 (GCC 14-64, msys2)",1743617273
313648127,Sunny_5491,Kevin and Combination Lock,RUNTIME_ERROR,PyPy 3-64,1743616341
313647875,Struggling_Sir,Kevin and Combination Lock,WRONG_ANSWER,Java 21,1743616214
313647857,JSMxHALBERD,Kevin and Binary Strings,OK,"C++23 (GCC 14-64, msys2)",1743616206
313646751,animeshr098,Kevin and Combination Lock,OK,C++20 (GCC 13-64),1743615657
313642173,PzzZ,Kevin and Binary Strings,OK,"C++23 (GCC 14-64, msys2)",1743613403
313637871,BlazeBolt,Kevin and Permutation,OK,C++20 (GCC 13-64),1743610958
313637346,Yash1511,Kevin and Binary Strings,OK,C++17 (GCC 7-32),1743610655
313635755,Coder.124421,Kevin and Combination Lock,OK,"C++23 (GCC 14-64, msys2)",1743609718
313633933,mugiwaraa,Kevin and Binary Strings,OK,PyPy 3-64,1743608007
313633796,mugiwaraa,Kevin and Binary Strings,WRONG_ANSWER,PyPy 3-64,1743607923
313629821,CaoxuanmingRbTree,Kevin and Math Class,OK,C++20 (GCC 13-64),1743605823
313625566,sincy,Kevin and Permutation,OK,PyPy 3-64,1743603891
313624691,chopinL,Kevin and Permutation,TIME_LIMIT_EXCEEDED,PyPy 3-64,1743603464
313624545,Ttyh33,Kevin and Permutation,OK,C++20 (GCC 13-64),1743603392
313622468,chopinL,Kevin and Permutation,WRONG_ANSWER,PyPy 3-64,1743602403
313622041,Cloudy,Kevin and Math Class,WRONG_ANSWER,"C++23 (GCC 14-64, msys2)",1743602235
313621136,ChenZHIyU,Kevin and Permutation,OK,"C++23 (GCC 14-64, msys2)",1743601834
313619423,krishjustice,Kevin and Binary Strings,OK,C++20 (GCC 13-64),1743601070
313619325,krishjustice,Kevin and Binary Strings,WRONG_ANSWER,C++20 (GCC 13-64),1743601027
313614411,sakurazexi,Kevin and Permutation,OK,C++20 (GCC 13-64),1743598856
313612697,sakurazexi,Kevin and Combination Lock,OK,C++20 (GCC 13-64),1743598165
313612010,sunn01,Kevin and Binary Strings,WRONG_ANSWER,C++17 (GCC 7-32),1743597851
313611392,sunn01,Kevin and Binary Strings,WRONG_ANSWER,C++17 (GCC 7-32),1743597563
313611106,line,Kevin and Combination Lock,OK,"C++23 (GCC 14-64, msys2)",1743597458
313607253,buber,Kevin and Permutation,OK,PyPy 3-64,1743595744
313605793,Raman1420,Kevin and Permutation,OK,C++17 (GCC 7-32),1743595045
313605600,Raman1420,Kevin and Permutation,RUNTIME_ERROR,C++17 (GCC 7-32),1743594957
313604915,buber,Kevin and Permutation,WRONG_ANSWER,PyPy 3-64,1743594627
313587345,HTHEGREAT,Kevin and Binary Strings,OK,PyPy 3-64,1743584617
313586023,ShlokAgrahari,Kevin and Binary Strings,OK,C++17 (GCC 7-32),1743583940
313584347,ndeynayan123,Kevin and Permutation,WRONG_ANSWER,"C++23 (GCC 14-64, msys2)",1743583017
313584192,ShlokAgrahari,Kevin and Binary Strings,RUNTIME_ERROR,C++17 (GCC 7-32),1743582929
313581645,Cloudy,Kevin and Math Class,TIME_LIMIT_EXCEEDED,"C++23 (GCC 14-64, msys2)",1743581376
313581561,Cloudy,Kevin and Math Class,TIME_LIMIT_EXCEEDED,"C++23 (GCC 14-64, msys2)",1743581333
313581232,Cloudy,Kevin and Math Class,TIME_LIMIT_EXCEEDED,"C++23 (GCC 14-64, msys2)",1743581147
313577276,notok19,Kevin and Permutation,OK,PyPy 3-64,1743578690
313577204,notok19,Kevin and Permutation,WRONG_ANSWER,PyPy 3-64,1743578655
313576517,qqjxi200721,Kevin and Matrices,WRONG_ANSWER,C++17 (GCC 7-32),1743578258
313576457,dvniw302823,Kevin and Matrices,WRONG_ANSWER,C++17 (GCC 7-32),1743578223
313576401,ozcnm515845,Kevin and Matrices,WRONG_ANSWER,C++17 (GCC 7-32),1743578181
313575498,zhuce5,Kevin and Matrices,WRONG_ANSWER,C++17 (GCC 7-32),1743577651
313575405,baocm764442,Kevin and Matrices,WRONG_ANSWER,C++17 (GCC 7-32),1743577606
313575313,aleklily55006,Kevin and Matrices,WRONG_ANSWER,C++17 (GCC 7-32),1743577556
313575183,zhuce_3,Kevin and Matrices,WRONG_ANSWER,C++17 (GCC 7-32),1743577475
313575124,zhuce2,Kevin and Matrices,WRONG_ANSWER,C++17 (GCC 7-32),1743577437
313575068,zhuce_3,Kevin and Bipartite Graph,WRONG_ANSWER,C++17 (GCC 7-32),1743577402
313575009,zhuce2,Kevin and Bipartite Graph,WRONG_ANSWER,C++17 (GCC 7-32),1743577363
313573347,jfdyk728026,Kevin and Bipartite Graph,WRONG_ANSWER,C++17 (GCC 7-32),1743576517
313573268,zhuce_3,Kevin and Bipartite Graph,WRONG_ANSWER,C++17 (GCC 7-32),1743576481
313573192,ozcnm515845,Kevin and Bipartite Graph,WRONG_ANSWER,C++17 (GCC 7-32),1743576443
313573116,dcyip001400,Kevin and Bipartite Graph,WRONG_ANSWER,C++17 (GCC 7-32),1743576408
313573054,zhuce_3,Kevin and Bipartite Graph,WRONG_ANSWER,C++17 (GCC 7-32),1743576371
313573034,hzjte578015,Kevin and Matrices,OK,C++17 (GCC 7-32),1743576363
313572992,jfdyk728026,Kevin and Bipartite Graph,WRONG_ANSWER,C++17 (GCC 7-32),1743576336
313572921,dcyip001400,Kevin and Combination Lock,OK,C++17 (GCC 7-32),1743576307
313572841,ozcnm515845,Kevin and Permutation,OK,C++17 (GCC 7-32),1743576253
313572493,rypeh528871,Kevin and Bipartite Graph,WRONG_ANSWER,C++17 (GCC 7-32),1743576067
313572388,zhuce5,Kevin and Binary Strings,WRONG_ANSWER,C++17 (GCC 7-32),1743576007
313572313,zhuce5,Kevin and Binary Strings,TIME_LIMIT_EXCEEDED,C++17 (GCC 7-32),1743575965
313572232,ozcnm515845,Kevin and Binary Strings,TIME_LIMIT_EXCEEDED,C++17 (GCC 7-32),1743575919
313572165,zhuce1,Kevin and Binary Strings,TIME_LIMIT_EXCEEDED,C++17 (GCC 7-32),1743575883
313572089,zhuce2,Kevin and Binary Strings,WRONG_ANSWER,C++17 (GCC 7-32),1743575847
313572029,qqjxi200721,Kevin and Binary Strings,TIME_LIMIT_EXCEEDED,C++17 (GCC 7-32),1743575812
313571961,hzjte578015,Kevin and Binary Strings,RUNTIME_ERROR,C++17 (GCC 7-32),1743575769
313570645,pybtv613973,Kevin and Binary Strings,WRONG_ANSWER,C++17 (GCC 7-32),1743575078
313570579,zhuce5,Kevin and Puzzle (Easy Version),WRONG_ANSWER,C++17 (GCC 7-32),1743575040
313570510,zhuce1,Kevin and Puzzle (Easy Version),WRONG_ANSWER,C++17 (GCC 7-32),1743575003
313570454,ozcnm515845,Kevin and Puzzle (Easy Version),WRONG_ANSWER,C++17 (GCC 7-32),1743574967
313570366,rypeh528871,Kevin and Puzzle (Easy Version),WRONG_ANSWER,C++17 (GCC 7-32),1743574912
313570273,pybtv613973,Kevin and Puzzle (Easy Version),WRONG_ANSWER,C++17 (GCC 7-32),1743574870
313570206,pybtv613973,Kevin and Puzzle (Easy Version),WRONG_ANSWER,C++17 (GCC 7-32),1743574833
313569233,zhuce_3,Kevin and Strange Operation,WRONG_ANSWER,C++17 (GCC 7-32),1743574314
313569162,qqjxi200721,Kevin and Strange Operation,WRONG_ANSWER,C++17 (GCC 7-32),1743574271
313569079,zhuce4,Kevin and Strange Operation,WRONG_ANSWER,C++17 (GCC 7-32),1743574231
313568983,zhuce5,Kevin and Strange Operation,WRONG_ANSWER,C++17 (GCC 7-32),1743574194
313568879,jfdyk728026,Kevin and Math Class,WRONG_ANSWER,C++17 (GCC 7-32),1743574116
313568816,zhuce_3,Kevin and Math Class,COMPILATION_ERROR,C++17 (GCC 7-32),1743574079
313568738,jfdyk728026,Kevin and Math Class,WRONG_ANSWER,C++17 (GCC 7-32),1743574035
313568654,zhuce5,Kevin and Math Class,WRONG_ANSWER,C++17 (GCC 7-32),1743573990
313568567,qqjxi200721,Kevin and Competition Memories,OK,C++17 (GCC 7-32),1743573950
313568506,dcyip001400,Kevin and Competition Memories,WRONG_ANSWER,C++17 (GCC 7-32),1743573908
313568482,ozcnm515845,Kevin and Combination Lock,OK,C++17 (GCC 7-32),1743573881
313568459,rypeh528871,Kevin and Competition Memories,WRONG_ANSWER,C++17 (GCC 7-32),1743573869
313568342,jfdyk728026,Kevin and Puzzle (Easy Version),WRONG_ANSWER,C++17 (GCC 7-32),1743573824
313568210,dcyip001400,Kevin and Puzzle (Easy Version),WRONG_ANSWER,C++17 (GCC 7-32),1743573726
313568122,zhuce5,Kevin and Competition Memories,OK,C++17 (GCC 7-32),1743573672
313568058,dcyip001400,Kevin and Competition Memories,WRONG_ANSWER,C++17 (GCC 7-32),1743573633
313568009,jfdyk728026,Kevin and Competition Memories,TIME_LIMIT_EXCEEDED,C++17 (GCC 7-32),1743573599
313567946,zhuce1,Kevin and Competition Memories,OK,C++17 (GCC 7-32),1743573567
313567566,RuBP-cmd,Kevin and Binary Strings,OK,"C++23 (GCC 14-64, msys2)",1743573328
313567540,hzjte578015,Kevin and Competition Memories,WRONG_ANSWER,C++17 (GCC 7-32),1743573314
313566922,RuBP-cmd,Kevin and Binary Strings,WRONG_ANSWER,"C++23 (GCC 14-64, msys2)",1743572922
313566817,dcyip001400,Kevin and Permutation,WRONG_ANSWER,C++17 (GCC 7-32),1743572861
313566760,rypeh528871,Kevin and Permutation,OK,C++17 (GCC 7-32),1743572825
313566665,qqjxi200721,Kevin and Permutation,WRONG_ANSWER,C++17 (GCC 7-32),1743572766
313566591,jfdyk728026,Kevin and Math Class,WRONG_ANSWER,C++17 (GCC 7-32),1743572724
313565969,baocm764442,Kevin and Math Class,WRONG_ANSWER,C++17 (GCC 7-32),1743572336
313565896,rypeh528871,Kevin and Math Class,WRONG_ANSWER,C++17 (GCC 7-32),1743572290
313565855,HforikT,Kevin and Binary Strings,OK,C++17 (GCC 7-32),1743572270
313565829,rypeh528871,Kevin and Puzzle (Hard Version),WRONG_ANSWER,C++17 (GCC 7-32),1743572257
313565773,zhuce2,Kevin and Puzzle (Hard Version),WRONG_ANSWER,C++17 (GCC 7-32),1743572221
313565716,HforikT,Kevin and Binary Strings,WRONG_ANSWER,C++17 (GCC 7-32),1743572182
313565705,jfdyk728026,Kevin and Permutation,WRONG_ANSWER,C++17 (GCC 7-32),1743572178
313565589,pybtv613973,Kevin and Permutation,WRONG_ANSWER,C++17 (GCC 7-32),1743572096
313565533,hzjte578015,Kevin and Permutation,COMPILATION_ERROR,C++17 (GCC 7-32),1743572061
313565515,HforikT,Kevin and Binary Strings,WRONG_ANSWER,C++17 (GCC 7-32),1743572049
313565490,hzjte578015,Kevin and Permutation,WRONG_ANSWER,C++17 (GCC 7-32),1743572031
313565423,dcyip001400,Kevin and Permutation,WRONG_ANSWER,C++17 (GCC 7-32),1743571993
313565330,baocm764442,Kevin and Combination Lock,OK,C++17 (GCC 7-32),1743571928
313565240,zhuce_3,Kevin and Combination Lock,OK,C++17 (GCC 7-32),1743571876
313565183,rypeh528871,Kevin and Combination Lock,OK,C++17 (GCC 7-32),1743571840
313565128,zhuce1,Kevin and Combination Lock,OK,C++17 (GCC 7-32),1743571805
313565060,jfdyk728026,Kevin and Combination Lock,OK,C++17 (GCC 7-32),1743571761
313565006,qqjxi200721,Kevin and Combination Lock,OK,C++17 (GCC 7-32),1743571724
313564934,hzjte578015,Kevin and Combination Lock,OK,C++17 (GCC 7-32),1743571675
313564866,hzjte578015,Kevin and Strange Operation,WRONG_ANSWER,C++17 (GCC 7-32),1743571634
313564779,zhuce_3,Kevin and Puzzle (Hard Version),WRONG_ANSWER,C++17 (GCC 7-32),1743571587
313564721,ozcnm515845,Kevin and Puzzle (Hard Version),WRONG_ANSWER,C++17 (GCC 7-32),1743571551
313564703,hzjte578015,Kevin and Combination Lock,OK,C++17 (GCC 7-32),1743571540
313564676,zhuce4,Kevin and Puzzle (Hard Version),WRONG_ANSWER,C++17 (GCC 7-32),1743571517
313564636,baocm764442,Kevin and Puzzle (Hard Version),WRONG_ANSWER,C++17 (GCC 7-32),1743571480
313564578,zhuce4,Kevin and Puzzle (Hard Version),WRONG_ANSWER,C++17 (GCC 7-32),1743571445
313564533,dcyip001400,Kevin and Puzzle (Hard Version),WRONG_ANSWER,C++17 (GCC 7-32),1743571411
313563090,deepseekzqh,Kevin and Matrices,OK,C++17 (GCC 7-32),1743570353
313562684,zhuce2,Kevin and Permutation,OK,C++17 (GCC 7-32),1743570051
313562324,pybtv613973,Kevin and Bipartite Graph,WRONG_ANSWER,C++17 (GCC 7-32),1743569758
313562236,zhuce_3,Kevin and Puzzle (Easy Version),WRONG_ANSWER,C++17 (GCC 7-32),1743569685
313561782,pybtv613973,Kevin and Binary Strings,TIME_LIMIT_EXCEEDED,C++17 (GCC 7-32),1743569338
313561588,dcyip001400,Kevin and Binary Strings,MEMORY_LIMIT_EXCEEDED,C++17 (GCC 7-32),1743569187
313561177,an.anshulnegi369,Kevin and Permutation,OK,C++20 (GCC 13-64),1743568901
313560774,Abhinav_Rawat,Kevin and Permutation,OK,C++20 (GCC 13-64),1743568580
313560449,pybtv613973,Kevin and Matrices,WRONG_ANSWER,C++17 (GCC 7-32),1743568303
313559364,zhuce_3,Kevin and Strange Operation,WRONG_ANSWER,C++17 (GCC 7-32),1743567415
313558393,pybtv613973,Kevin and Puzzle (Easy Version),WRONG_ANSWER,C++17 (GCC 7-32),1743566623
313558049,zhuce4,Kevin and Strange Operation,WRONG_ANSWER,C++17 (GCC 7-32),1743566338
313558008,zhuce4,Kevin and Puzzle (Easy Version),WRONG_ANSWER,C++17 (GCC 7-32),1743566303
313557627,qqjxi200721,Kevin and Permutation,OK,C++17 (GCC 7-32),1743565980
313557305,baocm764442,Kevin and Matrices,WRONG_ANSWER,C++17 (GCC 7-32),1743565706
313555958,Arav205,Kevin and Competition Memories,OK,C++17 (GCC 7-32),1743564573
313555432,zhuce5,Kevin and Competition Memories,OK,C++17 (GCC 7-32),1743564091
313555337,pybtv613973,Kevin and Math Class,COMPILATION_ERROR,C++17 (GCC 7-32),1743564018
313554920,ozcnm515845,Kevin and Competition Memories,OK,C++17 (GCC 7-32),1743563639
313554497,ozcnm515845,Kevin and Competition Memories,WRONG_ANSWER,C++17 (GCC 7-32),1743563240
313554255,mohibulJesan,Kevin and Binary Strings,OK,C++20 (GCC 13-64),1743562989
313554205,qqjxi200721,Kevin and Puzzle (Easy Version),WRONG_ANSWER,C++17 (GCC 7-32),1743562939
313554095,baocm764442,Kevin and Binary Strings,MEMORY_LIMIT_EXCEEDED,C++17 (GCC 7-32),1743562821
313553725,dcyip001400,Kevin and Matrices,OK,C++17 (GCC 7-32),1743562434
313553327,HforikT,Kevin and Permutation,OK,C++17 (GCC 7-32),1743562042
313553003,zhuce1,Kevin and Permutation,OK,C++17 (GCC 7-32),1743561719
313552701,qqjxi200721,Kevin and Permutation,OK,C++17 (GCC 7-32),1743561398
313552555,dcyip001400,Kevin and Matrices,OK,C++17 (GCC 7-32),1743561220
313552524,zhuce4,Kevin and Permutation,OK,C++17 (GCC 7-32),1743561181
313552492,pybtv613973,Kevin and Competition Memories,WRONG_ANSWER,C++17 (GCC 7-32),1743561144
313552222,jfdyk728026,Kevin and Competition Memories,MEMORY_LIMIT_EXCEEDED,C++17 (GCC 7-32),1743560815
313551470,zhuce4,Kevin and Math Class,COMPILATION_ERROR,C++17 (GCC 7-32),1743559846
313551384,zhuce5,Kevin and Puzzle (Hard Version),WRONG_ANSWER,C++17 (GCC 7-32),1743559734
313551144,jfdyk728026,Kevin and Matrices,COMPILATION_ERROR,C++17 (GCC 7-32),1743559366
313551114,qqjxi200721,Kevin and Puzzle (Hard Version),WRONG_ANSWER,C++17 (GCC 7-32),1743559327
313550819,ozcnm515845,Kevin and Strange Operation,WRONG_ANSWER,C++17 (GCC 7-32),1743558900
313549760,rypeh528871,Kevin and Math Class,TIME_LIMIT_EXCEEDED,C++17 (GCC 7-32),1743557338
313549657,pybtv613973,Kevin and Math Class,TIME_LIMIT_EXCEEDED,C++17 (GCC 7-32),1743557218
313549083,zhuce_3,Kevin and Combination Lock,OK,C++17 (GCC 7-32),1743556517
313547440,zhuce4,Kevin and Puzzle (Hard Version),WRONG_ANSWER,C++17 (GCC 7-32),1743554477
313547414,qqjxi200721,Kevin and Combination Lock,OK,C++17 (GCC 7-32),1743554436
313547295,zhuce5,Kevin and Matrices,OK,C++17 (GCC 7-32),1743554253
313547003,dcyip001400,Kevin and Matrices,WRONG_ANSWER,C++17 (GCC 7-32),1743553829
313546909,Xie_Z_H,Kevin and Permutation,OK,C++17 (GCC 7-32),1743553698
313546888,hzjte578015,Kevin and Combination Lock,OK,C++17 (GCC 7-32),1743553656
313546793,hzjte578015,Kevin and Combination Lock,OK,C++17 (GCC 7-32),1743553517
313546741,zhuce5,Kevin and Puzzle (Easy Version),WRONG_ANSWER,C++17 (GCC 7-32),1743553435
313546660,zhuce2,Kevin and Puzzle (Hard Version),WRONG_ANSWER,C++17 (GCC 7-32),1743553303
313546515,zhuce2,Kevin and Bipartite Graph,WRONG_ANSWER,C++17 (GCC 7-32),1743553045
313545767,zhuce1,Kevin and Puzzle (Hard Version),WRONG_ANSWER,C++17 (GCC 7-32),1743551849
313545730,haengsyo,Kevin and Bipartite Graph,OK,C++20 (GCC 13-64),1743551790
313545724,zhuce2,Kevin and Permutation,OK,C++17 (GCC 7-32),1743551778
313545488,dcyip001400,Kevin and Bipartite Graph,WRONG_ANSWER,C++17 (GCC 7-32),1743551402
313545423,rypeh528871,Kevin and Puzzle (Easy Version),WRONG_ANSWER,C++17 (GCC 7-32),1743551279
313545352,zhuce2,Kevin and Combination Lock,OK,C++17 (GCC 7-32),1743551131
313545263,rypeh528871,Kevin and Binary Strings,OK,C++17 (GCC 7-32),1743550973
313545146,jfdyk728026,Kevin and Binary Strings,TIME_LIMIT_EXCEEDED,C++17 (GCC 7-32),1743550769
313544657,pybtv613973,Kevin and Matrices,WRONG_ANSWER,C++17 (GCC 7-32),1743549856
313544586,zhuce5,Kevin and Permutation,OK,C++17 (GCC 7-32),1743549712
313544507,hzjte578015,Kevin and Puzzle (Hard Version),WRONG_ANSWER,C++17 (GCC 7-32),1743549570
313544291,zhuce4,Kevin and Competition Memories,WRONG_ANSWER,C++17 (GCC 7-32),1743549247
313544062,baocm764442,Kevin and Puzzle (Hard Version),WRONG_ANSWER,C++17 (GCC 7-32),1743548886
313543736,qqjxi200721,Kevin and Combination Lock,OK,C++17 (GCC 7-32),1743548348
313543631,zhuce4,Kevin and Strange Operation,MEMORY_LIMIT_EXCEEDED,C++17 (GCC 7-32),1743548158
313543621,zhuce1,Kevin and Math Class,TIME_LIMIT_EXCEEDED,C++17 (GCC 7-32),1743548150
313543504,jfdyk728026,Kevin and Combination Lock,OK,C++17 (GCC 7-32),1743547980
313541450,rypeh528871,Kevin and Matrices,WRONG_ANSWER,C++17 (GCC 7-32),1743545003
313541423,baocm764442,Kevin and Matrices,WRONG_ANSWER,C++17 (GCC 7-32),1743544958
313541397,jfdyk728026,Kevin and Matrices,WRONG_ANSWER,C++17 (GCC 7-32),1743544921
313541367,rypeh528871,Kevin and Matrices,WRONG_ANSWER,C++17 (GCC 7-32),1743544887
313541334,zhuce2,Kevin and Matrices,WRONG_ANSWER,C++17 (GCC 7-32),1743544848
313541301,rypeh528871,Kevin and Matrices,WRONG_ANSWER,C++17 (GCC 7-32),1743544795
313541266,zhuce1,Kevin and Matrices,WRONG_ANSWER,C++17 (GCC 7-32),1743544765
313541178,nitinsharma728298,Kevin and Binary Strings,WRONG_ANSWER,"C++23 (GCC 14-64, msys2)",1743544662
313540932,nitinsharma728298,Kevin and Binary Strings,WRONG_ANSWER,"C++23 (GCC 14-64, msys2)",1743544356
313540006,async_art,Kevin and Permutation,OK,C++20 (GCC 13-64),1743543285
313537613,ozcnm515845,Kevin and Matrices,WRONG_ANSWER,C++17 (GCC 7-32),1743540842
313537566,dcyip001400,Kevin and Bipartite Graph,WRONG_ANSWER,C++17 (GCC 7-32),1743540806
313537526,qqjxi200721,Kevin and Bipartite Graph,WRONG_ANSWER,C++17 (GCC 7-32),1743540769
313537465,qqjxi200721,Kevin and Bipartite Graph,WRONG_ANSWER,C++17 (GCC 7-32),1743540723
313537411,zhuce1,Kevin and Bipartite Graph,WRONG_ANSWER,C++17 (GCC 7-32),1743540676
313537374,zhuce_3,Kevin and Bipartite Graph,WRONG_ANSWER,C++17 (GCC 7-32),1743540637
313537334,jfdyk728026,Kevin and Bipartite Graph,WRONG_ANSWER,C++17 (GCC 7-32),1743540602
313537280,zhuce2,Kevin and Bipartite Graph,WRONG_ANSWER,C++17 (GCC 7-32),1743540560
313537238,qqjxi200721,Kevin and Bipartite Graph,WRONG_ANSWER,C++17 (GCC 7-32),1743540525
313537195,baocm764442,Kevin and Combination Lock,TIME_LIMIT_EXCEEDED,C++17 (GCC 7-32),1743540484
313537157,hzjte578015,Kevin and Combination Lock,TIME_LIMIT_EXCEEDED,C++17 (GCC 7-32),1743540439
313537125,ozcnm515845,Kevin and Combination Lock,OK,C++17 (GCC 7-32),1743540406
313537086,baocm764442,Kevin and Combination Lock,TIME_LIMIT_EXCEEDED,C++17 (GCC 7-32),1743540365
313537039,spiderman007,Kevin and Combination Lock,OK,C++17 (GCC 7-32),1743540329
313535556,jfdyk728026,Kevin and Puzzle (Easy Version),TIME_LIMIT_EXCEEDED,C++17 (GCC 7-32),1743539131
313535522,zhuce1,Kevin and Puzzle (Easy Version),WRONG_ANSWER,C++17 (GCC 7-32),1743539098
313535336,Holanda2103,Kevin and Competition Memories,OK,C++20 (GCC 13-64),1743538935
313535280,Holanda2103,Kevin and Competition Memories,WRONG_ANSWER,C++20 (GCC 13-64),1743538886
313533114,zhuce_3,Kevin and Puzzle (Easy Version),TIME_LIMIT_EXCEEDED,C++17 (GCC 7-32),1743537301
313533060,jfdyk728026,Kevin and Puzzle (Easy Version),WRONG_ANSWER,C++17 (GCC 7-32),1743537264
313532992,zhuce4,Kevin and Puzzle (Easy Version),WRONG_ANSWER,C++17 (GCC 7-32),1743537224
313532954,rypeh528871,Kevin and Puzzle (Easy Version),WRONG_ANSWER,C++17 (GCC 7-32),1743537190
313532910,onepersonintheuniverse,Kevin and Binary Strings,OK,"C++23 (GCC 14-64, msys2)",1743537165
313532893,zhuce4,Kevin and Puzzle (Easy Version),WRONG_ANSWER,C++17 (GCC 7-32),1743537153
313532827,zhuce2,Kevin and Competition Memories,WRONG_ANSWER,C++17 (GCC 7-32),1743537117
313532734,jfdyk728026,Kevin and Competition Memories,TIME_LIMIT_EXCEEDED,C++17 (GCC 7-32),1743537052
313532689,baocm764442,Kevin and Competition Memories,WRONG_ANSWER,C++17 (GCC 7-32),1743537018
313532644,rypeh528871,Kevin and Competition Memories,COMPILATION_ERROR,C++17 (GCC 7-32),1743536984
313532589,rypeh528871,Kevin and Competition Memories,WRONG_ANSWER,C++17 (GCC 7-32),1743536946
313532522,zhuce4,Kevin and Competition Memories,WRONG_ANSWER,C++17 (GCC 7-32),1743536897
313531681,qqjxi200721,Kevin and Combination Lock,TIME_LIMIT_EXCEEDED,C++17 (GCC 7-32),1743536348
313531555,zhuce1,Kevin and Combination Lock,TIME_LIMIT_EXCEEDED,C++17 (GCC 7-32),1743536278
313531510,hzjte578015,Kevin and Combination Lock,TIME_LIMIT_EXCEEDED,C++17 (GCC 7-32),1743536246
313531453,zhuce5,Kevin and Binary Strings,TIME_LIMIT_EXCEEDED,C++17 (GCC 7-32),1743536209
313531388,zhuce1,Kevin and Binary Strings,RUNTIME_ERROR,C++17 (GCC 7-32),1743536170
313531320,zhuce5,Kevin and Binary Strings,TIME_LIMIT_EXCEEDED,C++17 (GCC 7-32),1743536125
313531248,qqjxi200721,Kevin and Binary Strings,COMPILATION_ERROR,C++17 (GCC 7-32),1743536082
313531194,zhuce2,Kevin and Binary Strings,WRONG_ANSWER,C++17 (GCC 7-32),1743536046
313531144,zhuce4,Kevin and Binary Strings,TIME_LIMIT_EXCEEDED,C++17 (GCC 7-32),1743536009
313531091,ozcnm515845,Kevin and Binary Strings,COMPILATION_ERROR,C++17 (GCC 7-32),1743535978
313531025,zhuce_3,Kevin and Binary Strings,RUNTIME_ERROR,C++17 (GCC 7-32),1743535934
313530966,zhuce4,Kevin and Puzzle (Easy Version),WRONG_ANSWER,C++17 (GCC 7-32),1743535895
313530905,ozcnm515845,Kevin and Permutation,WRONG_ANSWER,C++17 (GCC 7-32),1743535852
313530833,zhuce_3,Kevin and Permutation,WRONG_ANSWER,C++17 (GCC 7-32),1743535818
313530762,rypeh528871,Kevin and Permutation,WRONG_ANSWER,C++17 (GCC 7-32),1743535773
313530652,pybtv613973,Kevin and Math Class,WRONG_ANSWER,C++17 (GCC 7-32),1743535713
313530596,zhuce5,Kevin and Math Class,WRONG_ANSWER,C++17 (GCC 7-32),1743535680
313530554,zhuce1,Kevin and Math Class,RUNTIME_ERROR,C++17 (GCC 7-32),1743535648
313530491,zhuce2,Kevin and Math Class,WRONG_ANSWER,C++17 (GCC 7-32),1743535611
313530434,zhuce_3,Kevin and Math Class,WRONG_ANSWER,C++17 (GCC 7-32),1743535577
313530369,dcyip001400,Kevin and Math Class,WRONG_ANSWER,C++17 (GCC 7-32),1743535541
313530305,hzjte578015,Kevin and Math Class,WRONG_ANSWER,C++17 (GCC 7-32),1743535496
313530243,dcyip001400,Kevin and Math Class,WRONG_ANSWER,C++17 (GCC 7-32),1743535461
313530156,zhuce1,Kevin and Competition Memories,TIME_LIMIT_EXCEEDED,C++17 (GCC 7-32),1743535419
313530091,zhuce1,Kevin and Competition Memories,WRONG_ANSWER,C++17 (GCC 7-32),1743535378
313530027,zhuce1,Kevin and Strange Operation,MEMORY_LIMIT_EXCEEDED,C++17 (GCC 7-32),1743535343
313529961,zhuce1,Kevin and Strange Operation,WRONG_ANSWER,C++17 (GCC 7-32),1743535307
313529917,qqjxi200721,Kevin and Strange Operation,WRONG_ANSWER,C++17 (GCC 7-32),1743535270
313529829,pybtv613973,Kevin and Strange Operation,MEMORY_LIMIT_EXCEEDED,C++17 (GCC 7-32),1743535231
313529753,zhuce4,Kevin and Strange Operation,TIME_LIMIT_EXCEEDED,C++17 (GCC 7-32),1743535184
313529688,zhuce1,Kevin and Strange Operation,WRONG_ANSWER,C++17 (GCC 7-32),1743535148
313529616,dcyip001400,Kevin and Strange Operation,MEMORY_LIMIT_EXCEEDED,C++17 (GCC 7-32),1743535109
313529496,jfdyk728026,Kevin and Strange Operation,MEMORY_LIMIT_EXCEEDED,C++17 (GCC 7-32),1743535041
313529209,Pratyushdumdumb,Kevin and Combination Lock,OK,"C++23 (GCC 14-64, msys2)",1743534861
313523786,qqjxi200721,Kevin and Puzzle (Hard Version),WRONG_ANSWER,C++17 (GCC 7-32),1743532135
313523700,baocm764442,Kevin and Puzzle (Hard Version),WRONG_ANSWER,C++17 (GCC 7-32),1743532095
313523596,dcyip001400,Kevin and Puzzle (Hard Version),WRONG_ANSWER,C++17 (GCC 7-32),1743532052
313523505,zhuce2,Kevin and Puzzle (Hard Version),WRONG_ANSWER,C++17 (GCC 7-32),1743532011
313523411,hzjte578015,Kevin and Puzzle (Hard Version),WRONG_ANSWER,C++17 (GCC 7-32),1743531968
313523050,souravbiswas35,Kevin and Combination Lock,OK,C++17 (GCC 7-32),1743531812
313522670,HediliKhalil,Kevin and Binary Strings,WRONG_ANSWER,"C++23 (GCC 14-64, msys2)",1743531651
313522663,rishabh.r3,Kevin and Bipartite Graph,OK,"C++23 (GCC 14-64, msys2)",1743531649
313522624,baocm764442,Kevin and Puzzle (Hard Version),WRONG_ANSWER,C++17 (GCC 7-32),1743531633
313522373,zhuce1,Kevin and Puzzle (Hard Version),WRONG_ANSWER,C++17 (GCC 7-32),1743531516
313522240,zhuce_3,Kevin and Permutation,WRONG_ANSWER,C++17 (GCC 7-32),1743531466
313522121,zhuce4,Kevin and Permutation,WRONG_ANSWER,C++17 (GCC 7-32),1743531420
313522029,rypeh528871,Kevin and Permutation,WRONG_ANSWER,C++17 (GCC 7-32),1743531381
313521925,qqjxi200721,Kevin and Permutation,RUNTIME_ERROR,C++17 (GCC 7-32),1743531343
313521824,qqjxi200721,Kevin and Permutation,COMPILATION_ERROR,C++17 (GCC 7-32),1743531306
313519042,DIVINESHIELD_Soumya,Kevin and Binary Strings,OK,C++20 (GCC 13-64),1743530189
313514003,foxserg,Kevin and Combination Lock,OK,"C++23 (GCC 14-64, msys2)",1743528295
313511377,sachin_pal9,Kevin and Permutation,OK,C++20 (GCC 13-64),1743527324
313510470,tonmoy197,Kevin and Permutation,OK,C++17 (GCC 7-32),1743527037
313509785,Cloudy,Kevin and Math Class,TIME_LIMIT_EXCEEDED,"C++23 (GCC 14-64, msys2)",1743526806
313508549,vuysztrcKJBHVIUVbkjbkhj,Kevin and Competition Memories,OK,Java 21,1743526418
313508010,HTHEGREAT,Kevin and Binary Strings,TIME_LIMIT_EXCEEDED,Python 3,1743526252
313507653,rainmaker381,Kevin and Binary Strings,OK,C++17 (GCC 7-32),1743526135
313507583,larush,Kevin and Binary Strings,OK,C++20 (GCC 13-64),1743526114
313505462,Cloudy,Kevin and Math Class,TIME_LIMIT_EXCEEDED,"C++23 (GCC 14-64, msys2)",1743525394
313487471,HTHEGREAT,Kevin and Binary Strings,OK,Python 3,1743524178
313473027,kesarshah,Kevin and Combination Lock,OK,"C++23 (GCC 14-64, msys2)",1743523223
313471287,Cloudy,Kevin and Math Class,WRONG_ANSWER,"C++23 (GCC 14-64, msys2)",1743523110
313470408,Cody-Romeo11,Kevin and Permutation,OK,"C++23 (GCC 14-64, msys2)",1743523057
313454774,vuysztrcKJBHVIUVbkjbkhj,Kevin and Competition Memories,WRONG_ANSWER,Java 21,1743522144
313417471,pybtv613973,Kevin and Matrices,OK,C++17 (GCC 7-32),1743520047
313403022,SBR_17,Kevin and Competition Memories,OK,"C++23 (GCC 14-64, msys2)",1743519122
313394529,zhuce1,Kevin and Matrices,WRONG_ANSWER,C++17 (GCC 7-32),1743518663
313381049,Cody-Romeo11,Kevin and Permutation,OK,"C++23 (GCC 14-64, msys2)",1743517746
313380839,RuBP-cmd,Kevin and Binary Strings,WRONG_ANSWER,"C++23 (GCC 14-64, msys2)",1743517634
313379259,pybtv613973,Kevin and Strange Operation,WRONG_ANSWER,C++17 (GCC 7-32),1743517096
313377883,zhuce5,Kevin and Permutation,OK,C++17 (GCC 7-32),1743516520
313377171,jfdyk728026,Kevin and Puzzle (Easy Version),WRONG_ANSWER,C++17 (GCC 7-32),1743516244
313376450,jfdyk728026,Kevin and Puzzle (Easy Version),WRONG_ANSWER,C++17 (GCC 7-32),1743515953
313376207,zhuce1,Kevin and Binary Strings,TIME_LIMIT_EXCEEDED,C++17 (GCC 7-32),1743515853
313375685,zhuce5,Kevin and Permutation,OK,C++17 (GCC 7-32),1743515648
313374985,guineapig25,Kevin and Combination Lock,OK,C++17 (GCC 7-32),1743515356
313374917,ozcnm515845,Kevin and Matrices,WRONG_ANSWER,C++17 (GCC 7-32),1743515326
313374451,zhuce_3,Kevin and Puzzle (Easy Version),WRONG_ANSWER,C++17 (GCC 7-32),1743515143
313374333,rypeh528871,Kevin and Puzzle (Hard Version),WRONG_ANSWER,C++17 (GCC 7-32),1743515093
313374099,moRCHich,Kevin and Combination Lock,OK,Python 3,1743514999
313373946,Pyphav,Kevin and Combination Lock,OK,Python 3,1743514933
313373935,moRCHich,Kevin and Combination Lock,WRONG_ANSWER,Python 3,1743514930
313373757,avorotnikov2009,Kevin and Combination Lock,OK,Python 3,1743514854
313373402,TNMOWA999,Kevin and Combination Lock,OK,Python 3,1743514721
313373382,aleksandrzharkov0720,Kevin and Combination Lock,OK,Python 3,1743514715
313373187,TNMOWA999,Kevin and Combination Lock,RUNTIME_ERROR,Python 3,1743514632
313373068,RDch,Kevin and Combination Lock,OK,Python 3,1743514583
313372896,Golosheykina_Veronika,Kevin and Combination Lock,OK,Python 3,1743514513
313372549,Mr.Sup,Kevin and Combination Lock,OK,Python 3,1743514377
313372179,aashish7648,Kevin and Combination Lock,OK,"C++23 (GCC 14-64, msys2)",1743514216
313372175,Kuznetsov_Danil,Kevin and Combination Lock,OK,Python 3,1743514216
313371991,katyakopyrina,Kevin and Combination Lock,OK,Python 3,1743514135
313371882,Belov_Yaroslav,Kevin and Combination Lock,OK,Python 3,1743514095
313371792,borisoffruma,Kevin and Combination Lock,OK,Python 3,1743514059
313370803,zhuce2,Kevin and Combination Lock,OK,C++17 (GCC 7-32),1743513669
313369913,zhuce1,Kevin and Competition Memories,WRONG_ANSWER,C++17 (GCC 7-32),1743513345
313369713,jfdyk728026,Kevin and Math Class,WRONG_ANSWER,C++17 (GCC 7-32),1743513259
313369546,jcgada,Kevin and Combination Lock,WRONG_ANSWER,"C++23 (GCC 14-64, msys2)",1743513194
313368693,zhuce4,Kevin and Competition Memories,WRONG_ANSWER,C++17 (GCC 7-32),1743512848
313367516,dcyip001400,Kevin and Competition Memories,TIME_LIMIT_EXCEEDED,C++17 (GCC 7-32),1743512401
313367343,problem03,Kevin and Combination Lock,OK,Java 21,1743512336
313367225,Lazy_boy,Kevin and Permutation,OK,C++20 (GCC 13-64),1743512294
313367118,problem03,Kevin and Combination Lock,TIME_LIMIT_EXCEEDED,Java 21,1743512250
313367074,dcyip001400,Kevin and Bipartite Graph,WRONG_ANSWER,C++17 (GCC 7-32),1743512233
313366804,zhuce4,Kevin and Puzzle (Easy Version),WRONG_ANSWER,C++17 (GCC 7-32),1743512117
313366621,problem03,Kevin and Combination Lock,RUNTIME_ERROR,Java 21,1743512049
313366520,zhuce2,Kevin and Binary Strings,OK,C++17 (GCC 7-32),1743512012
313365977,ozcnm515845,Kevin and Strange Operation,TIME_LIMIT_EXCEEDED,C++17 (GCC 7-32),1743511791
313365221,zhuce1,Kevin and Matrices,WRONG_ANSWER,C++17 (GCC 7-32),1743511477
313365123,problem03,Kevin and Combination Lock,RUNTIME_ERROR,Java 21,1743511440
313364751,zengcc290,Kevin and Competition Memories,OK,C++20 (GCC 13-64),1743511297
313364425,zengcc290,Kevin and Competition Memories,OK,C++20 (GCC 13-64),1743511164
313363245,qqjxi200721,Kevin and Permutation,OK,C++17 (GCC 7-32),1743510657
313362801,Litar,Kevin and Binary Strings,OK,C++20 (GCC 13-64),1743510474
313362260,baocm764442,Kevin and Puzzle (Hard Version),WRONG_ANSWER,C++17 (GCC 7-32),1743510255
313362205,system_32_666,Kevin and Combination Lock,OK,Python 3,1743510231
313362152,jfdyk728026,Kevin and Permutation,OK,C++17 (GCC 7-32),1743510208
313361982,system_32_666,Kevin and Combination Lock,OK,Python 3,1743510131
313361763,system_32_666,Kevin and Combination Lock,TIME_LIMIT_EXCEEDED,Python 3,1743510033
313361665,hzjte578015,Kevin and Matrices,WRONG_ANSWER,C++17 (GCC 7-32),1743509991
313361633,zhuce2,Kevin and Bipartite Graph,WRONG_ANSWER,C++17 (GCC 7-32),1743509979
313361627,Litar,Kevin and Binary Strings,WRONG_ANSWER,C++20 (GCC 13-64),1743509977
313361571,hzjte578015,Kevin and Permutation,OK,C++17 (GCC 7-32),1743509956
313361453,zhuce5,Kevin and Math Class,TIME_LIMIT_EXCEEDED,C++17 (GCC 7-32),1743509904
313361309,zhuce1,Kevin and Competition Memories,WRONG_ANSWER,C++17 (GCC 7-32),1743509836
313360198,zhuce5,Kevin and Competition Memories,WRONG_ANSWER,C++17 (GCC 7-32),1743509355
313359962,hzc_17,Kevin and Permutation,OK,"C++23 (GCC 14-64, msys2)",1743509261
313359752,zanxuan,Kevin and Permutation,OK,C++17 (GCC 7-32),1743509168
313359388,zhuce_3,Kevin and Binary Strings,TIME_LIMIT_EXCEEDED,C++17 (GCC 7-32),1743509012
313359120,pybtv613973,Kevin and Strange Operation,WRONG_ANSWER,C++17 (GCC 7-32),1743508895
313358939,hlebhh,Kevin and Combination Lock,OK,PyPy 3-64,1743508821
313358060,zhuce4,Kevin and Math Class,WRONG_ANSWER,C++17 (GCC 7-32),1743508421
313358046,Kazanceva.Valeri,Kevin and Combination Lock,OK,Python 3,1743508416
313357979,ia-Alisa,Kevin and Combination Lock,OK,Python 3,1743508385
313357768,Kirill_kaigorodov.190310,Kevin and Combination Lock,OK,PyPy 3-64,1743508284
313357719,darkvader3,Kevin and Math Class,OK,C++17 (GCC 7-32),1743508252
313357634,Kirill2022,Kevin and Combination Lock,OK,PyPy 3-64,1743508209
313357577,Julia-Kotova,Kevin and Combination Lock,OK,Python 3,1743508177
313357568,qqjxi200721,Kevin and Competition Memories,TIME_LIMIT_EXCEEDED,C++17 (GCC 7-32),1743508172
313357500,Kirill_kaigorodov.190310,Kevin and Combination Lock,OK,Python 3,1743508139
313357318,pybtv613973,Kevin and Bipartite Graph,WRONG_ANSWER,C++17 (GCC 7-32),1743508049
313356939,zhuce1,Kevin and Matrices,WRONG_ANSWER,C++17 (GCC 7-32),1743507880
313356523,clownboy,Kevin and Permutation,OK,"C++23 (GCC 14-64, msys2)",1743507693
313356011,zokz,Kevin and Permutation,OK,C++20 (GCC 13-64),1743507437
313355352,clownboy,Kevin and Combination Lock,OK,"C++23 (GCC 14-64, msys2)",1743507093
313354946,darkvader3,Kevin and Math Class,TIME_LIMIT_EXCEEDED,C++17 (GCC 7-32),1743506899
313354291,darkvader3,Kevin and Math Class,OK,C++17 (GCC 7-32),1743506603
313353586,darkvader3,Kevin and Math Class,TIME_LIMIT_EXCEEDED,C++17 (GCC 7-32),1743506279
313353514,darkvader3,Kevin and Math Class,WRONG_ANSWER,C++17 (GCC 7-32),1743506230
313353414,zhuce2,Kevin and Binary Strings,COMPILATION_ERROR,C++17 (GCC 7-32),1743506177
313353362,darkvader3,Kevin and Math Class,TIME_LIMIT_EXCEEDED,C++17 (GCC 7-32),1743506147
313352855,darkvader3,Kevin and Math Class,WRONG_ANSWER,C++17 (GCC 7-32),1743505893
313352745,baocm764442,Kevin and Math Class,WRONG_ANSWER,C++17 (GCC 7-32),1743505836
313352617,zhuce_3,Kevin and Math Class,COMPILATION_ERROR,C++17 (GCC 7-32),1743505767
313352523,sanskararora10282001,Kevin and Permutation,OK,C++17 (GCC 7-32),1743505718
313351403,chethanr162000,Kevin and Binary Strings,WRONG_ANSWER,Java 21,1743505134
313351271,zhuce4,Kevin and Combination Lock,OK,C++17 (GCC 7-32),1743505059
313351083,chethanr162000,Kevin and Binary Strings,WRONG_ANSWER,Java 21,1743504959
313350770,rypeh528871,Kevin and Binary Strings,TIME_LIMIT_EXCEEDED,C++17 (GCC 7-32),1743504800
313349989,qqjxi200721,Kevin and Competition Memories,WRONG_ANSWER,C++17 (GCC 7-32),1743504361
313349296,chethanr162000,Kevin and Binary Strings,WRONG_ANSWER,Java 21,1743503960
313349055,hzjte578015,Kevin and Bipartite Graph,WRONG_ANSWER,C++17 (GCC 7-32),1743503824
313348016,ozcnm515845,Kevin and Puzzle (Hard Version),WRONG_ANSWER,C++17 (GCC 7-32),1743503211
313347956,dcyip001400,Kevin and Combination Lock,OK,C++17 (GCC 7-32),1743503174
313347850,qqjxi200721,Kevin and Matrices,WRONG_ANSWER,C++17 (GCC 7-32),1743503101
313347607,Asdezx,Kevin and Combination Lock,OK,C++20 (GCC 13-64),1743502941
313347098,baocm764442,Kevin and Combination Lock,OK,C++17 (GCC 7-32),1743502644
313346878,jfdyk728026,Kevin and Bipartite Graph,WRONG_ANSWER,C++17 (GCC 7-32),1743502509
313346805,princeraja_69,Kevin and Permutation,WRONG_ANSWER,C++20 (GCC 13-64),1743502457
313346460,baocm764442,Kevin and Bipartite Graph,WRONG_ANSWER,C++17 (GCC 7-32),1743502258
313346112,zhuce2,Kevin and Math Class,TIME_LIMIT_EXCEEDED,C++17 (GCC 7-32),1743502051
313345802,apl43,Kevin and Permutation,OK,C++17 (GCC 7-32),1743501863
313345216,baocm764442,Kevin and Puzzle (Easy Version),WRONG_ANSWER,C++17 (GCC 7-32),1743501544
313345108,prem1505,Kevin and Combination Lock,OK,C++20 (GCC 13-64),1743501491
313344690,zhuce5,Kevin and Puzzle (Hard Version),WRONG_ANSWER,C++17 (GCC 7-32),1743501273
313344218,pybtv613973,Kevin and Strange Operation,WRONG_ANSWER,C++17 (GCC 7-32),1743501016
313343671,hzjte578015,Kevin and Combination Lock,OK,C++17 (GCC 7-32),1743500712
313343392,ZombieTheLegend,Kevin and Bipartite Graph,OK,"C++23 (GCC 14-64, msys2)",1743500552
313342636,ZombieTheLegend,Kevin and Bipartite Graph,WRONG_ANSWER,"C++23 (GCC 14-64, msys2)",1743500157
313342491,ZombieTheLegend,Kevin and Bipartite Graph,WRONG_ANSWER,"C++23 (GCC 14-64, msys2)",1743500083
313342056,ZombieTheLegend,Kevin and Bipartite Graph,WRONG_ANSWER,"C++23 (GCC 14-64, msys2)",1743499863
313342011,ZombieTheLegend,Kevin and Bipartite Graph,WRONG_ANSWER,"C++23 (GCC 14-64, msys2)",1743499842
313341441,ZombieTheLegend,Kevin and Bipartite Graph,WRONG_ANSWER,"C++23 (GCC 14-64, msys2)",1743499553
313341367,ZombieTheLegend,Kevin and Competition Memories,WRONG_ANSWER,"C++23 (GCC 14-64, msys2)",1743499516
313341175,baocm764442,Kevin and Permutation,OK,C++17 (GCC 7-32),1743499421
313340884,iammark,Kevin and Binary Strings,OK,"C++23 (GCC 14-64, msys2)",1743499298
313340762,zhuce2,Kevin and Puzzle (Hard Version),WRONG_ANSWER,C++17 (GCC 7-32),1743499229
313339839,ZombieTheLegend,Kevin and Competition Memories,OK,"C++23 (GCC 14-64, msys2)",1743498769
313339643,iammark,Kevin and Binary Strings,WRONG_ANSWER,"C++23 (GCC 14-64, msys2)",1743498648
313339259,IPIC_ZYT,Kevin and Permutation,OK,C++17 (GCC 7-32),1743498445
313338707,hzjte578015,Kevin and Math Class,COMPILATION_ERROR,C++17 (GCC 7-32),1743498169
313338678,IPIC_ZYT,Kevin and Permutation,WRONG_ANSWER,C++17 (GCC 7-32),1743498147
313338538,dcyip001400,Kevin and Permutation,WRONG_ANSWER,C++17 (GCC 7-32),1743498067
313338336,dcyip001400,Kevin and Combination Lock,OK,C++17 (GCC 7-32),1743497979
313337807,ZombieTheLegend,Kevin and Binary Strings,OK,"C++23 (GCC 14-64, msys2)",1743497706
313337536,zhuce2,Kevin and Permutation,OK,C++17 (GCC 7-32),1743497570
313337171,GArjun,Kevin and Permutation,OK,C++17 (GCC 7-32),1743497373
313336719,dcyip001400,Kevin and Binary Strings,OK,C++17 (GCC 7-32),1743497139
313336582,jfdyk728026,Kevin and Puzzle (Easy Version),WRONG_ANSWER,C++17 (GCC 7-32),1743497063
313336365,qqjxi200721,Kevin and Binary Strings,TIME_LIMIT_EXCEEDED,C++17 (GCC 7-32),1743496947
313336013,baocm764442,Kevin and Puzzle (Easy Version),WRONG_ANSWER,C++17 (GCC 7-32),1743496769
313335651,ZombieTheLegend,Kevin and Combination Lock,OK,"C++23 (GCC 14-64, msys2)",1743496564
313335471,Sand12345,Kevin and Permutation,WRONG_ANSWER,PyPy 3-64,1743496463
313335456,ZombieTheLegend,Kevin and Permutation,OK,"C++23 (GCC 14-64, msys2)",1743496453
313335380,Sand12345,Kevin and Permutation,WRONG_ANSWER,PyPy 3-64,1743496405
313335258,Sand12345,Kevin and Permutation,WRONG_ANSWER,PyPy 3-64,1743496333
313335195,alij_8,Kevin and Competition Memories,OK,C++17 (GCC 7-32),1743496294
313334669,Sand12345,Kevin and Permutation,WRONG_ANSWER,PyPy 3-64,1743495970
313334581,hzjte578015,Kevin and Strange Operation,WRONG_ANSWER,C++17 (GCC 7-32),1743495912
313334199,zhuce5,Kevin and Combination Lock,OK,C++17 (GCC 7-32),1743495673
313333842,ishisahu17,Kevin and Permutation,WRONG_ANSWER,C++17 (GCC 7-32),1743495462
313333749,zhuce1,Kevin and Matrices,OK,C++17 (GCC 7-32),1743495398
313333460,ishisahu17,Kevin and Permutation,WRONG_ANSWER,C++17 (GCC 7-32),1743495244
313333166,zhuce1,Kevin and Strange Operation,WRONG_ANSWER,C++17 (GCC 7-32),1743495080
313332999,zhuce2,Kevin and Competition Memories,OK,C++17 (GCC 7-32),1743494985
313332836,alij_8,Kevin and Competition Memories,TIME_LIMIT_EXCEEDED,C++17 (GCC 7-32),1743494890
313332772,zhuce2,Kevin and Bipartite Graph,WRONG_ANSWER,C++17 (GCC 7-32),1743494853
313332648,rypeh528871,Kevin and Bipartite Graph,WRONG_ANSWER,C++17 (GCC 7-32),1743494783
313332339,alij_8,Kevin and Competition Memories,WRONG_ANSWER,C++17 (GCC 7-32),1743494605
313331961,dcyip001400,Kevin and Strange Operation,MEMORY_LIMIT_EXCEEDED,C++17 (GCC 7-32),1743494383
313331830,ishisahu17,Kevin and Permutation,WRONG_ANSWER,C++17 (GCC 7-32),1743494299
313330747,ishisahu17,Kevin and Permutation,WRONG_ANSWER,C++17 (GCC 7-32),1743493707
313329995,baocm764442,Kevin and Puzzle (Hard Version),WRONG_ANSWER,C++17 (GCC 7-32),1743493252
313329884,zhuce5,Kevin and Math Class,WRONG_ANSWER,C++17 (GCC 7-32),1743493178
313329681,baocm764442,Kevin and Bipartite Graph,WRONG_ANSWER,C++17 (GCC 7-32),1743493055
313329462,baocm764442,Kevin and Math Class,WRONG_ANSWER,C++17 (GCC 7-32),1743492913
313328421,hzjte578015,Kevin and Binary Strings,OK,C++17 (GCC 7-32),1743492254
313327688,pybtv613973,Kevin and Combination Lock,OK,C++17 (GCC 7-32),1743491838
313327505,zhuce2,Kevin and Competition Memories,WRONG_ANSWER,C++17 (GCC 7-32),1743491725
313325600,jiangn,Kevin and Bipartite Graph,OK,C++20 (GCC 13-64),1743490689
313324734,jiangn,Kevin and Bipartite Graph,WRONG_ANSWER,C++20 (GCC 13-64),1743490173
313324038,hzjte578015,Kevin and Binary Strings,TIME_LIMIT_EXCEEDED,C++17 (GCC 7-32),1743489787
313321807,ozcnm515845,Kevin and Binary Strings,TIME_LIMIT_EXCEEDED,C++17 (GCC 7-32),1743488434
313321649,Krit,Kevin and Competition Memories,OK,"C++23 (GCC 14-64, msys2)",1743488338
313321380,pybtv613973,Kevin and Competition Memories,WRONG_ANSWER,C++17 (GCC 7-32),1743488172
313320653,Krit,Kevin and Competition Memories,WRONG_ANSWER,"C++23 (GCC 14-64, msys2)",1743487695
313320576,baocm764442,Kevin and Bipartite Graph,WRONG_ANSWER,C++17 (GCC 7-32),1743487647
313318541,zhuce5,Kevin and Bipartite Graph,WRONG_ANSWER,C++17 (GCC 7-32),1743486349
313317956,baocm764442,Kevin and Math Class,WRONG_ANSWER,C++17 (GCC 7-32),1743485986
313317254,baocm764442,Kevin and Puzzle (Easy Version),WRONG_ANSWER,C++17 (GCC 7-32),1743485499
313316894,PurpleHanHan,Kevin and Combination Lock,OK,C++20 (GCC 13-64),1743485206
313316567,zhuce1,Kevin and Strange Operation,WRONG_ANSWER,C++17 (GCC 7-32),1743484977
313315850,Alpha_Saru,Kevin and Combination Lock,OK,Python 3,1743484498
313312994,c0ncUSSi0n_sub,Kevin and Combination Lock,RUNTIME_ERROR,"C++23 (GCC 14-64, msys2)",1743482118
313312798,qqjxi200721,Kevin and Math Class,WRONG_ANSWER,C++17 (GCC 7-32),1743481930
313312688,rypeh528871,Kevin and Permutation,OK,C++17 (GCC 7-32),1743481814
313312616,rypeh528871,Kevin and Combination Lock,OK,C++17 (GCC 7-32),1743481740
313311568,jfdyk728026,Kevin and Puzzle (Easy Version),WRONG_ANSWER,C++17 (GCC 7-32),1743480764
313311469,deepseekzqh,Kevin and Bipartite Graph,OK,PyPy 3-64,1743480678
313311419,baocm764442,Kevin and Binary Strings,TIME_LIMIT_EXCEEDED,C++17 (GCC 7-32),1743480637
313310913,deepseekzqh,Kevin and Matrices,TIME_LIMIT_EXCEEDED,PyPy 3-64,1743480132
313309012,hzjte578015,Kevin and Matrices,WRONG_ANSWER,C++17 (GCC 7-32),1743478282
313308779,zhuce2,Kevin and Competition Memories,WRONG_ANSWER,C++17 (GCC 7-32),1743478028
313308714,qqjxi200721,Kevin and Bipartite Graph,WRONG_ANSWER,C++17 (GCC 7-32),1743477954
313305947,dcyip001400,Kevin and Bipartite Graph,WRONG_ANSWER,C++17 (GCC 7-32),1743474826
313305909,jfdyk728026,Kevin and Combination Lock,OK,C++17 (GCC 7-32),1743474793
313304589,_Trozen,Kevin and Combination Lock,OK,C++17 (GCC 7-32),1743473270
313303752,jiangn,Kevin and Bipartite Graph,WRONG_ANSWER,C++20 (GCC 13-64),1743472131
313303521,jiangn,Kevin and Bipartite Graph,WRONG_ANSWER,C++20 (GCC 13-64),1743471841
313302693,jiangn,Kevin and Competition Memories,OK,C++20 (GCC 13-64),1743470701
313302643,jiangn,Kevin and Competition Memories,WRONG_ANSWER,C++20 (GCC 13-64),1743470641
313301705,jiangn,Kevin and Binary Strings,OK,C++20 (GCC 13-64),1743469443
313301620,jiangn,Kevin and Binary Strings,WRONG_ANSWER,C++20 (GCC 13-64),1743469300
313301603,jiangn,Kevin and Binary Strings,WRONG_ANSWER,C++20 (GCC 13-64),1743469267
313301558,jiangn,Kevin and Binary Strings,WRONG_ANSWER,C++20 (GCC 13-64),1743469211
313301317,perurisairam1999,Kevin and Combination Lock,OK,PyPy 3-64,1743468757
313298745,ashok4,Kevin and Binary Strings,WRONG_ANSWER,C++17 (GCC 7-32),1743462805
313297982,ashok4,Kevin and Binary Strings,WRONG_ANSWER,C++17 (GCC 7-32),1743461048
313289158,pulkit1078,Kevin and Binary Strings,WRONG_ANSWER,C++17 (GCC 7-32),1743449540
313288551,pulkit1078,Kevin and Binary Strings,WRONG_ANSWER,C++17 (GCC 7-32),1743448995
313278831,cr0w,Kevin and Competition Memories,OK,C++17 (GCC 7-32),1743442704
313278163,dillen77joe,Kevin and Binary Strings,OK,C++17 (GCC 7-32),1743442325
313277731,dillen77joe,Kevin and Binary Strings,WRONG_ANSWER,C++17 (GCC 7-32),1743442089
313277554,cr0w,Kevin and Competition Memories,WRONG_ANSWER,C++17 (GCC 7-32),1743441973
313277499,cr0w,Kevin and Competition Memories,TIME_LIMIT_EXCEEDED,C++17 (GCC 7-32),1743441937
313276834,cr0w,Kevin and Competition Memories,WRONG_ANSWER,C++17 (GCC 7-32),1743441520
313276749,cr0w,Kevin and Competition Memories,WRONG_ANSWER,C++17 (GCC 7-32),1743441468
313276411,cr0w,Kevin and Competition Memories,WRONG_ANSWER,C++17 (GCC 7-32),1743441231
313276382,cr0w,Kevin and Competition Memories,WRONG_ANSWER,C++17 (GCC 7-32),1743441211
313274120,aryank07,Kevin and Permutation,OK,C++17 (GCC 7-32),1743439944
313273384,dillen77joe,Kevin and Binary Strings,WRONG_ANSWER,C++17 (GCC 7-32),1743439550
313272897,alij_8,Kevin and Binary Strings,OK,C++17 (GCC 7-32),1743439291
313272778,rainmaker381,Kevin and Binary Strings,WRONG_ANSWER,C++17 (GCC 7-32),1743439222
313272256,jp5222347,Kevin and Permutation,OK,C++20 (GCC 13-64),1743438948
313266961,dev3456,Kevin and Competition Memories,OK,"C++23 (GCC 14-64, msys2)",1743436055
313266742,jfdyk728026,Kevin and Combination Lock,OK,C++17 (GCC 7-32),1743435936
313266694,rypeh528871,Kevin and Combination Lock,OK,C++17 (GCC 7-32),1743435900
313266621,rypeh528871,Kevin and Binary Strings,WRONG_ANSWER,C++17 (GCC 7-32),1743435865
313266545,pybtv613973,Kevin and Competition Memories,WRONG_ANSWER,C++17 (GCC 7-32),1743435826
313266489,ozcnm515845,Kevin and Competition Memories,WRONG_ANSWER,C++17 (GCC 7-32),1743435795
313266432,jfdyk728026,Kevin and Competition Memories,WRONG_ANSWER,C++17 (GCC 7-32),1743435759
313266308,nikhil_vishal2004,Kevin and Permutation,OK,"C++23 (GCC 14-64, msys2)",1743435701
313264489,kavya_kaskurthi,Kevin and Combination Lock,OK,Python 3,1743434747
313262849,jfdyk728026,Kevin and Permutation,OK,C++17 (GCC 7-32),1743433906
313262786,dcyip001400,Kevin and Competition Memories,WRONG_ANSWER,C++17 (GCC 7-32),1743433871
313261919,qqjxi200721,Kevin and Bipartite Graph,WRONG_ANSWER,C++17 (GCC 7-32),1743433408
313261824,zhuce4,Kevin and Bipartite Graph,WRONG_ANSWER,C++17 (GCC 7-32),1743433364
313261757,jfdyk728026,Kevin and Bipartite Graph,WRONG_ANSWER,C++17 (GCC 7-32),1743433332
313261661,zhuce1,Kevin and Bipartite Graph,WRONG_ANSWER,C++17 (GCC 7-32),1743433288
313261542,baocm764442,Kevin and Bipartite Graph,OK,C++17 (GCC 7-32),1743433227
313261400,zhuce2,Kevin and Bipartite Graph,WRONG_ANSWER,C++17 (GCC 7-32),1743433148
313261239,qqjxi200721,Kevin and Bipartite Graph,WRONG_ANSWER,C++17 (GCC 7-32),1743433066
313261156,zhuce5,Kevin and Combination Lock,OK,C++17 (GCC 7-32),1743433030
313260986,zhuce1,Kevin and Combination Lock,OK,C++17 (GCC 7-32),1743432950
313258798,iammark,Kevin and Binary Strings,WRONG_ANSWER,"C++23 (GCC 14-64, msys2)",1743431932
313255536,hujinliang,Kevin and Matrices,OK,C++17 (GCC 7-32),1743430491
313240251,Isamatdin,Kevin and Competition Memories,OK,"C++23 (GCC 14-64, msys2)",1743423263
313240012,Isamatdin,Kevin and Competition Memories,RUNTIME_ERROR,"C++23 (GCC 14-64, msys2)",1743423154
313239895,Isamatdin,Kevin and Competition Memories,WRONG_ANSWER,"C++23 (GCC 14-64, msys2)",1743423097
313234087,dinkarkumar7282,Kevin and Permutation,OK,C++17 (GCC 7-32),1743420109
313233677,suyi0502,Kevin and Competition Memories,OK,"C++23 (GCC 14-64, msys2)",1743419892
313231830,aryanagarwal04,Kevin and Combination Lock,OK,C++17 (GCC 7-32),1743418885
313230874,dinkarkumar7282,Kevin and Combination Lock,OK,C++17 (GCC 7-32),1743418318
313230588,wangxiaofan,Kevin and Binary Strings,OK,"C++23 (GCC 14-64, msys2)",1743418155
313229378,redeption_arc,Kevin and Permutation,OK,C++20 (GCC 13-64),1743417427
313226423,ankit24,Kevin and Permutation,OK,Java 8,1743415784
313220726,Shivanshu_k28,Kevin and Permutation,OK,C++17 (GCC 7-32),1743412411
313220263,sonu.kumar.ece24,Kevin and Permutation,OK,C++17 (GCC 7-32),1743412129
313219553,Shivanshu_k28,Kevin and Permutation,OK,C++17 (GCC 7-32),1743411703
313214765,code_saint799,Kevin and Permutation,OK,C++20 (GCC 13-64),1743408668
313210488,Arav205,Kevin and Binary Strings,OK,C++17 (GCC 7-32),1743405778
313210111,shubhamchaurasiaap16,Kevin and Permutation,OK,"C++23 (GCC 14-64, msys2)",1743405490
313209756,Madhav_2023,Kevin and Permutation,OK,C++17 (GCC 7-32),1743405272
313208968,wx0708,Kevin and Matrices,OK,C++20 (GCC 13-64),1743404773
313208921,wx0708,Kevin and Matrices,COMPILATION_ERROR,GNU C11,1743404745
313208765,Arav205,Kevin and Binary Strings,WRONG_ANSWER,C++17 (GCC 7-32),1743404649
313208620,Arav205,Kevin and Binary Strings,WRONG_ANSWER,C++17 (GCC 7-32),1743404555
313206011,Hanjiahang,Kevin and Math Class,OK,C++20 (GCC 13-64),1743402969
313205827,Hanjiahang,Kevin and Math Class,WRONG_ANSWER,C++20 (GCC 13-64),1743402845
313203072,parthagarwal8910,Kevin and Binary Strings,OK,C++17 (GCC 7-32),1743400951
313202923,animeshr098,Kevin and Permutation,OK,C++20 (GCC 13-64),1743400819
313202735,Shivanshu_k28,Kevin and Permutation,WRONG_ANSWER,C++17 (GCC 7-32),1743400669
313202668,Shivanshu_k28,Kevin and Permutation,WRONG_ANSWER,C++17 (GCC 7-32),1743400623
313202452,parthagarwal8910,Kevin and Binary Strings,WRONG_ANSWER,C++17 (GCC 7-32),1743400450
313202256,Shivanshu_k28,Kevin and Permutation,WRONG_ANSWER,C++17 (GCC 7-32),1743400286
313200500,Angel_Franco,Kevin and Permutation,OK,"C++23 (GCC 14-64, msys2)",1743398887
313199297,Arav205,Kevin and Permutation,OK,C++17 (GCC 7-32),1743397875
313198414,mvsprabash,Kevin and Permutation,OK,"C++23 (GCC 14-64, msys2)",1743397080
313197951,Arav205,Kevin and Combination Lock,OK,C++17 (GCC 7-32),1743396663
313190980,mTvTm,Kevin and Competition Memories,OK,C++17 (GCC 7-32),1743388327
313189952,yeweiliang,Kevin and Matrices,OK,"C++23 (GCC 14-64, msys2)",1743386708
313189852,yeweiliang,Kevin and Matrices,OK,"C++23 (GCC 14-64, msys2)",1743386518
313189338,phantom_30,Kevin and Combination Lock,OK,"C++23 (GCC 14-64, msys2)",1743385596
313173032,nik_exists,Kevin and Permutation,OK,C++17 (GCC 7-32),1743362448
313172341,8899759,Kevin and Binary Strings,OK,C++17 (GCC 7-32),1743361939
313168214,blueicecream,Kevin and Competition Memories,TIME_LIMIT_EXCEEDED,C++17 (GCC 7-32),1743358979
313168128,surajsamal00,Kevin and Binary Strings,OK,C++17 (GCC 7-32),1743358928
313168066,blueicecream,Kevin and Competition Memories,OK,C++17 (GCC 7-32),1743358889
313167726,Sumit_Tiwari,Kevin and Binary Strings,OK,C++17 (GCC 7-32),1743358687
313167340,blueicecream,Kevin and Competition Memories,TIME_LIMIT_EXCEEDED,C++17 (GCC 7-32),1743358463
313166500,blueicecream,Kevin and Competition Memories,TIME_LIMIT_EXCEEDED,C++17 (GCC 7-32),1743357911
313161458,powrohithamrushithadatta,Kevin and Permutation,OK,Java 21,1743354709
313149841,codevode,Kevin and Binary Strings,OK,C++17 (GCC 7-32),1743349768
313149638,usedchang,Kevin and Permutation,OK,C++20 (GCC 13-64),1743349666
313148819,codevode,Kevin and Binary Strings,COMPILATION_ERROR,C++17 (GCC 7-32),1743349236
313148131,usedchang,Kevin and Permutation,WRONG_ANSWER,C++20 (GCC 13-64),1743348897
313141577,Priyanshu_Shah_18,Kevin and Competition Memories,OK,C++17 (GCC 7-32),1743345545
313140802,vvkmr,Kevin and Combination Lock,TIME_LIMIT_EXCEEDED,C++20 (GCC 13-64),1743345082
313140741,vvkmr,Kevin and Combination Lock,COMPILATION_ERROR,GNU C11,1743345051
313140473,vvkmr,Kevin and Combination Lock,COMPILATION_ERROR,GNU C11,1743344912
313134628,prakhxrrr,Kevin and Permutation,WRONG_ANSWER,C++17 (GCC 7-32),1743341705
313134299,prakhxrrr,Kevin and Permutation,WRONG_ANSWER,C++17 (GCC 7-32),1743341530
313133943,prakhxrrr,Kevin and Permutation,WRONG_ANSWER,C++17 (GCC 7-32),1743341353
313132041,Hanjiahang,Kevin and Math Class,TIME_LIMIT_EXCEEDED,C++20 (GCC 13-64),1743340332
313131779,Hanjiahang,Kevin and Math Class,TIME_LIMIT_EXCEEDED,C++20 (GCC 13-64),1743340160
313131250,Hanjiahang,Kevin and Math Class,TIME_LIMIT_EXCEEDED,C++20 (GCC 13-64),1743339877
313130875,King678,Kevin and Binary Strings,OK,"C++23 (GCC 14-64, msys2)",1743339693
313130845,shalu_chauhan121,Kevin and Binary Strings,RUNTIME_ERROR,C++17 (GCC 7-32),1743339673
313130175,shalu_chauhan121,Kevin and Binary Strings,WRONG_ANSWER,C++17 (GCC 7-32),1743339348
313129249,itz_syruz,Kevin and Combination Lock,OK,PyPy 3-64,1743338886
313129001,shalu_chauhan121,Kevin and Binary Strings,WRONG_ANSWER,C++17 (GCC 7-32),1743338740
313127280,zlxhh666,Kevin and Competition Memories,OK,C++17 (GCC 7-32),1743337763
313127176,zlxhh666,Kevin and Competition Memories,WRONG_ANSWER,C++17 (GCC 7-32),1743337705
313127119,zlxhh666,Kevin and Competition Memories,WRONG_ANSWER,C++17 (GCC 7-32),1743337670
313121030,shalu_chauhan121,Kevin and Permutation,OK,C++17 (GCC 7-32),1743334512
313120609,antarc_parihar,Kevin and Binary Strings,OK,C++17 (GCC 7-32),1743334292
313119221,shalu_chauhan121,Kevin and Permutation,WRONG_ANSWER,C++17 (GCC 7-32),1743333633
313118873,antarc_parihar,Kevin and Binary Strings,WRONG_ANSWER,C++17 (GCC 7-32),1743333476
313115030,shalu_chauhan121,Kevin and Combination Lock,OK,C++17 (GCC 7-32),1743331924
313114599,vishal_509,Kevin and Permutation,OK,C++17 (GCC 7-32),1743331726
313114320,vishal_509,Kevin and Permutation,OK,C++17 (GCC 7-32),1743331610
313113347,RED_MONK,Kevin and Competition Memories,OK,C++17 (GCC 7-32),1743331191
313111658,shalu_chauhan121,Kevin and Combination Lock,WRONG_ANSWER,C++17 (GCC 7-32),1743330686
313100358,SXZZ5,Kevin and Competition Memories,OK,C++20 (GCC 13-64),1743325738
313097701,a2514631360,Kevin and Matrices,OK,C++17 (GCC 7-32),1743324468
313097671,Hexiuqi,Kevin and Matrices,OK,C++17 (GCC 7-32),1743324452
313086150,-DONNIE-,Kevin and Combination Lock,OK,C++17 (GCC 7-32),1743318130
313075939,SXZZ5,Kevin and Permutation,OK,C++20 (GCC 13-64),1743312011
313071079,shreyashgirdharidhakate,Kevin and Permutation,OK,Java 21,1743307660
313066080,ItsMason,Kevin and Combination Lock,OK,PyPy 3-64,1743302171
313066033,ItsMason,Kevin and Combination Lock,WRONG_ANSWER,PyPy 3-64,1743302122
313065935,ItsMason,Kevin and Combination Lock,WRONG_ANSWER,PyPy 3-64,1743302013
313065554,ItsMason,Kevin and Combination Lock,RUNTIME_ERROR,PyPy 3-64,1743301562
313065164,Ajaniii,Kevin and Permutation,OK,C++17 (GCC 7-32),1743301122
313064931,ThienNhan118,Kevin and Permutation,OK,C++17 (GCC 7-32),1743300845
313064903,Ajaniii,Kevin and Permutation,WRONG_ANSWER,C++17 (GCC 7-32),1743300809
313063794,ThienNhan118,Kevin and Combination Lock,OK,C++17 (GCC 7-32),1743299436
313063463,ThienNhan118,Kevin and Combination Lock,WRONG_ANSWER,C++17 (GCC 7-32),1743299033
313063130,ThienNhan118,Kevin and Combination Lock,WRONG_ANSWER,C++17 (GCC 7-32),1743298545
313046628,yashwanthraju2006,Kevin and Permutation,OK,C++17 (GCC 7-32),1743277713
313045920,MisterO,Kevin and Binary Strings,OK,C++17 (GCC 7-32),1743277237
313045851,MisterO,Kevin and Binary Strings,WRONG_ANSWER,C++17 (GCC 7-32),1743277198
313045150,Adan_nayeem,Kevin and Combination Lock,WRONG_ANSWER,"C++23 (GCC 14-64, msys2)",1743276682
313043830,coder701,Kevin and Combination Lock,OK,PyPy 3-64,1743275794
313042371,nishchal_318,Kevin and Combination Lock,OK,C++17 (GCC 7-32),1743274801
313041724,MisterO,Kevin and Binary Strings,WRONG_ANSWER,C++17 (GCC 7-32),1743274359
313041655,MisterO,Kevin and Binary Strings,WRONG_ANSWER,C++17 (GCC 7-32),1743274316
313041426,MisterO,Kevin and Binary Strings,WRONG_ANSWER,C++17 (GCC 7-32),1743274183
313040907,MisterO,Kevin and Permutation,OK,C++17 (GCC 7-32),1743273861
313040216,MisterO,Kevin and Combination Lock,OK,C++17 (GCC 7-32),1743273433
313031834,mpavansrikar2007,Kevin and Combination Lock,OK,C++17 (GCC 7-32),1743269366
313029189,abusium,Kevin and Permutation,OK,"C++23 (GCC 14-64, msys2)",1743267085
313020650,limamahmedou,Kevin and Permutation,WRONG_ANSWER,C++17 (GCC 7-32),1743265311
313019948,ankitkumar9155343303,Kevin and Permutation,OK,C++17 (GCC 7-32),1743265230
313011680,limamahmedou,Kevin and Permutation,WRONG_ANSWER,C++17 (GCC 7-32),1743264252
313005652,vishal_509,Kevin and Combination Lock,OK,C++17 (GCC 7-32),1743263569
312996323,hujinliang,Kevin and Matrices,OK,C++17 (GCC 7-32),1743262552
312981881,_Purslane_,Kevin and Matrices,OK,C++20 (GCC 13-64),1743261194
312948542,Nogaybica,Kevin and Combination Lock,OK,"C++23 (GCC 14-64, msys2)",1743258740
312943074,ankitkumar9155343303,Kevin and Permutation,WRONG_ANSWER,C++17 (GCC 7-32),1743255491
312942902,ankitkumar9155343303,Kevin and Permutation,WRONG_ANSWER,C++17 (GCC 7-32),1743255398
312942720,Nagorn,Kevin and Combination Lock,OK,C++20 (GCC 13-64),1743255289
312942583,niemanngracie2052,Kevin and Matrices,WRONG_ANSWER,C++17 (GCC 7-32),1743255222
312942520,houndmacaulay961,Kevin and Matrices,COMPILATION_ERROR,C++17 (GCC 7-32),1743255184
312942423,hzjte578015,Kevin and Matrices,WRONG_ANSWER,C++17 (GCC 7-32),1743255145
312941142,jfdyk728026,Kevin and Matrices,WRONG_ANSWER,C++17 (GCC 7-32),1743254422
312941067,zhuce_3,Kevin and Matrices,WRONG_ANSWER,C++17 (GCC 7-32),1743254382
312941009,zhuce4,Kevin and Bipartite Graph,WRONG_ANSWER,C++17 (GCC 7-32),1743254348
312940410,alomjonah540,Kevin and Matrices,WRONG_ANSWER,C++17 (GCC 7-32),1743254038
312940332,alomjonah540,Kevin and Matrices,WRONG_ANSWER,C++17 (GCC 7-32),1743254000
312940277,zhuce4,Kevin and Matrices,WRONG_ANSWER,C++17 (GCC 7-32),1743253965
312939263,zhuce1,Kevin and Competition Memories,WRONG_ANSWER,C++17 (GCC 7-32),1743253362
312939191,jfdyk728026,Kevin and Competition Memories,WRONG_ANSWER,C++17 (GCC 7-32),1743253325
312939128,dvniw302823,Kevin and Puzzle (Easy Version),WRONG_ANSWER,C++17 (GCC 7-32),1743253294
312939049,zhuce1,Kevin and Competition Memories,TIME_LIMIT_EXCEEDED,C++17 (GCC 7-32),1743253252
312938991,hzjte578015,Kevin and Competition Memories,WRONG_ANSWER,C++17 (GCC 7-32),1743253210
312938912,zhuce1,Kevin and Binary Strings,WRONG_ANSWER,C++17 (GCC 7-32),1743253176
312938846,houndmacaulay961,Kevin and Binary Strings,WRONG_ANSWER,C++17 (GCC 7-32),1743253141
312938778,zhuce_3,Kevin and Binary Strings,WRONG_ANSWER,C++17 (GCC 7-32),1743253104
312938692,aleklily55006,Kevin and Puzzle (Easy Version),WRONG_ANSWER,C++17 (GCC 7-32),1743253066
312938615,zhuce_3,Kevin and Puzzle (Easy Version),WRONG_ANSWER,C++17 (GCC 7-32),1743253027
312938546,hrpxh282108,Kevin and Puzzle (Easy Version),WRONG_ANSWER,C++17 (GCC 7-32),1743252991
312938479,houndmacaulay961,Kevin and Puzzle (Easy Version),WRONG_ANSWER,C++17 (GCC 7-32),1743252953
312938396,ozcnm515845,Kevin and Puzzle (Easy Version),WRONG_ANSWER,C++17 (GCC 7-32),1743252916
312938344,zhuce2,Kevin and Puzzle (Easy Version),WRONG_ANSWER,C++17 (GCC 7-32),1743252881
312938274,zhuce1,Kevin and Competition Memories,WRONG_ANSWER,C++17 (GCC 7-32),1743252839
312938200,zhuce_3,Kevin and Competition Memories,WRONG_ANSWER,C++17 (GCC 7-32),1743252800
312937866,zhuce5,Kevin and Math Class,WRONG_ANSWER,C++17 (GCC 7-32),1743252625
312937823,dcyip001400,Kevin and Math Class,WRONG_ANSWER,C++17 (GCC 7-32),1743252591
312937746,pybtv613973,Kevin and Math Class,COMPILATION_ERROR,C++17 (GCC 7-32),1743252561
312937670,rypeh528871,Kevin and Math Class,WRONG_ANSWER,C++17 (GCC 7-32),1743252524
312937582,dcyip001400,Kevin and Bipartite Graph,WRONG_ANSWER,C++17 (GCC 7-32),1743252488
312937526,niemanngracie2052,Kevin and Bipartite Graph,WRONG_ANSWER,C++17 (GCC 7-32),1743252452
312937436,zhuce4,Kevin and Bipartite Graph,WRONG_ANSWER,C++17 (GCC 7-32),1743252411
312937373,zhuce_3,Kevin and Binary Strings,WRONG_ANSWER,C++17 (GCC 7-32),1743252378
312937314,dcyip001400,Kevin and Binary Strings,WRONG_ANSWER,C++17 (GCC 7-32),1743252340
312937228,baocm764442,Kevin and Puzzle (Easy Version),WRONG_ANSWER,C++17 (GCC 7-32),1743252291
312936900,zhuce1,Kevin and Strange Operation,WRONG_ANSWER,C++17 (GCC 7-32),1743252138
312936827,zhuce5,Kevin and Strange Operation,WRONG_ANSWER,C++17 (GCC 7-32),1743252102
312936749,zhuce1,Kevin and Strange Operation,WRONG_ANSWER,C++17 (GCC 7-32),1743252064
312936673,houndmacaulay961,Kevin and Strange Operation,WRONG_ANSWER,C++17 (GCC 7-32),1743252027
312936619,dvniw302823,Kevin and Permutation,WRONG_ANSWER,C++17 (GCC 7-32),1743251991
312936553,houndmacaulay961,Kevin and Permutation,WRONG_ANSWER,C++17 (GCC 7-32),1743251956
312936480,jfdyk728026,Kevin and Permutation,WRONG_ANSWER,C++17 (GCC 7-32),1743251916
312936407,zhuce5,Kevin and Permutation,OK,C++17 (GCC 7-32),1743251879
312936340,hrpxh282108,Kevin and Strange Operation,WRONG_ANSWER,C++17 (GCC 7-32),1743251843
312936273,zhuce5,Kevin and Strange Operation,WRONG_ANSWER,C++17 (GCC 7-32),1743251808
312936171,dvniw302823,Kevin and Strange Operation,WRONG_ANSWER,C++17 (GCC 7-32),1743251761
312936112,zhuce4,Kevin and Strange Operation,WRONG_ANSWER,C++17 (GCC 7-32),1743251725
312936045,alomjonah540,Kevin and Permutation,WRONG_ANSWER,C++17 (GCC 7-32),1743251688
312935967,hrpxh282108,Kevin and Permutation,OK,C++17 (GCC 7-32),1743251651
312935965,fnoihzhyan,Kevin and Matrices,COMPILATION_ERROR,C++17 (GCC 7-32),1743251649
312935870,baocm764442,Kevin and Permutation,WRONG_ANSWER,C++17 (GCC 7-32),1743251613
312935803,jfdyk728026,Kevin and Permutation,WRONG_ANSWER,C++17 (GCC 7-32),1743251577
312935752,chethan_10,Kevin and Binary Strings,OK,C++17 (GCC 7-32),1743251547
312935512,aleklily55006,Kevin and Binary Strings,WRONG_ANSWER,C++17 (GCC 7-32),1743251416
312935443,pybtv613973,Kevin and Binary Strings,WRONG_ANSWER,C++17 (GCC 7-32),1743251380
312935363,hrpxh282108,Kevin and Binary Strings,WRONG_ANSWER,C++17 (GCC 7-32),1743251344
312935303,baocm764442,Kevin and Bipartite Graph,WRONG_ANSWER,C++17 (GCC 7-32),1743251308
312935243,houndmacaulay961,Kevin and Bipartite Graph,WRONG_ANSWER,C++17 (GCC 7-32),1743251273
312935185,zhuce_3,Kevin and Bipartite Graph,WRONG_ANSWER,C++17 (GCC 7-32),1743251242
312935119,aleklily55006,Kevin and Math Class,WRONG_ANSWER,C++17 (GCC 7-32),1743251209
312935041,pybtv613973,Kevin and Math Class,WRONG_ANSWER,C++17 (GCC 7-32),1743251174
312934956,ozcnm515845,Kevin and Math Class,WRONG_ANSWER,C++17 (GCC 7-32),1743251134
312934849,zhuce_3,Kevin and Math Class,WRONG_ANSWER,C++17 (GCC 7-32),1743251075
312934775,zhuce1,Kevin and Bipartite Graph,WRONG_ANSWER,C++17 (GCC 7-32),1743251039
312934705,zhuce1,Kevin and Combination Lock,OK,C++17 (GCC 7-32),1743251001
312934644,houndmacaulay961,Kevin and Combination Lock,OK,C++17 (GCC 7-32),1743250971
312934589,zhuce1,Kevin and Puzzle (Hard Version),WRONG_ANSWER,C++17 (GCC 7-32),1743250935
312934511,qqjxi200721,Kevin and Puzzle (Hard Version),WRONG_ANSWER,C++17 (GCC 7-32),1743250899
312934425,dcyip001400,Kevin and Puzzle (Hard Version),WRONG_ANSWER,C++17 (GCC 7-32),1743250858
312934355,hzjte578015,Kevin and Puzzle (Hard Version),WRONG_ANSWER,C++17 (GCC 7-32),1743250826
312934300,zhuce4,Kevin and Combination Lock,OK,C++17 (GCC 7-32),1743250790
312934114,baocm764442,Kevin and Combination Lock,OK,C++17 (GCC 7-32),1743250693
312934052,hzjte578015,Kevin and Combination Lock,OK,C++17 (GCC 7-32),1743250661
312934048,yyyssstttaaaccc,Kevin and Binary Strings,OK,"C++23 (GCC 14-64, msys2)",1743250659
312933985,zhuce5,Kevin and Combination Lock,OK,C++17 (GCC 7-32),1743250630
312933921,hzjte578015,Kevin and Puzzle (Hard Version),WRONG_ANSWER,C++17 (GCC 7-32),1743250599
312933835,jfdyk728026,Kevin and Puzzle (Hard Version),WRONG_ANSWER,C++17 (GCC 7-32),1743250556
312933765,dcyip001400,Kevin and Puzzle (Hard Version),WRONG_ANSWER,C++17 (GCC 7-32),1743250518
312933698,baocm764442,Kevin and Puzzle (Hard Version),WRONG_ANSWER,C++17 (GCC 7-32),1743250483
312933445,yyyssstttaaaccc,Kevin and Binary Strings,WRONG_ANSWER,"C++23 (GCC 14-64, msys2)",1743250355
312931965,bhanu2306,Kevin and Permutation,OK,C++20 (GCC 13-64),1743249623
312931065,Misty7,Kevin and Matrices,OK,"C++23 (GCC 14-64, msys2)",1743249158
312930961,Misty7,Kevin and Matrices,OK,"C++23 (GCC 14-64, msys2)",1743249113
312930739,Saurav716,Kevin and Binary Strings,OK,"C++23 (GCC 14-64, msys2)",1743248986
312930678,Saurav716,Kevin and Binary Strings,OK,"C++23 (GCC 14-64, msys2)",1743248956
312930334,Saurav716,Kevin and Binary Strings,WRONG_ANSWER,"C++23 (GCC 14-64, msys2)",1743248775
312928799,SunnyX,Kevin and Strange Operation,OK,C++17 (GCC 7-32),1743248012
312928193,Isj2009,Kevin and Matrices,OK,C++20 (GCC 13-64),1743247717
312927116,Harshal0021,Kevin and Binary Strings,OK,C++17 (GCC 7-32),1743247165
312927036,AnVill,Kevin and Combination Lock,OK,C++20 (GCC 13-64),1743247129
312926063,raghav8218,Kevin and Binary Strings,TIME_LIMIT_EXCEEDED,C++17 (GCC 7-32),1743246567
312925961,raghav8218,Kevin and Binary Strings,TIME_LIMIT_EXCEEDED,C++17 (GCC 7-32),1743246507
312925435,raghav8218,Kevin and Binary Strings,RUNTIME_ERROR,C++17 (GCC 7-32),1743246230
312925094,raghav8218,Kevin and Binary Strings,RUNTIME_ERROR,C++17 (GCC 7-32),1743246053
312924850,raghav8218,Kevin and Binary Strings,WRONG_ANSWER,C++17 (GCC 7-32),1743245918
312920609,acxbccx,Kevin and Binary Strings,OK,C++20 (GCC 13-64),1743243742
312920421,acxbccx,Kevin and Binary Strings,WRONG_ANSWER,C++20 (GCC 13-64),1743243634
312919903,anshuman19,Kevin and Combination Lock,OK,C++17 (GCC 7-32),1743243370
312918479,Pratik16,Kevin and Binary Strings,OK,C++20 (GCC 13-64),1743242683
312913267,SSKR,Kevin and Binary Strings,OK,C++20 (GCC 13-64),1743240096
312912073,iffate_jahan_bristi,Kevin and Permutation,WRONG_ANSWER,C++17 (GCC 7-32),1743239521
312911928,Vishesh211,Kevin and Binary Strings,OK,"C++23 (GCC 14-64, msys2)",1743239438
312911636,Vishesh211,Kevin and Binary Strings,WRONG_ANSWER,"C++23 (GCC 14-64, msys2)",1743239306
312911559,iffate_jahan_bristi,Kevin and Combination Lock,OK,C++17 (GCC 7-32),1743239274
312908486,ylzxxx7,Kevin and Matrices,OK,C++17 (GCC 7-32),1743237864
312907199,PengAo,Kevin and Matrices,OK,C++17 (GCC 7-32),1743237315
312906836,cLockingTime,Kevin and Permutation,OK,C++17 (GCC 7-32),1743237161
312906319,yyyssstttaaaccc,Kevin and Binary Strings,WRONG_ANSWER,"C++23 (GCC 14-64, msys2)",1743236946
312905665,int_9,Kevin and Matrices,OK,C++20 (GCC 13-64),1743236668
312905389,small_hao,Kevin and Competition Memories,OK,C++17 (GCC 7-32),1743236555
312904920,int_9,Kevin and Matrices,RUNTIME_ERROR,C++20 (GCC 13-64),1743236322
312904687,Pratik16,Kevin and Permutation,OK,C++20 (GCC 13-64),1743236233
312904555,LiuLiaoyi,Kevin and Permutation,OK,C++20 (GCC 13-64),1743236169
312901952,lycc,Kevin and Matrices,OK,"C++23 (GCC 14-64, msys2)",1743235048
312901642,davinpwk,Kevin and Permutation,OK,C++17 (GCC 7-32),1743234914
312901419,davinpwk,Kevin and Permutation,WRONG_ANSWER,C++17 (GCC 7-32),1743234813
312901010,yyyssstttaaaccc,Kevin and Binary Strings,WRONG_ANSWER,"C++23 (GCC 14-64, msys2)",1743234600
312900597,davinpwk,Kevin and Permutation,WRONG_ANSWER,C++17 (GCC 7-32),1743234415
312899667,davinpwk,Kevin and Combination Lock,OK,C++17 (GCC 7-32),1743233971
312898647,yyyssstttaaaccc,Kevin and Binary Strings,WRONG_ANSWER,"C++23 (GCC 14-64, msys2)",1743233503
312896829,pan2008,Kevin and Matrices,OK,C++17 (GCC 7-32),1743232755
312896227,pan2008,Kevin and Matrices,OK,C++20 (GCC 13-64),1743232533
312890992,hzjte578015,Kevin and Permutation,OK,C++17 (GCC 7-32),1743230268
312890913,ozcnm515845,Kevin and Permutation,OK,C++17 (GCC 7-32),1743230234
312890828,zhuce5,Kevin and Permutation,WRONG_ANSWER,C++17 (GCC 7-32),1743230196
312890724,pybtv613973,Kevin and Matrices,WRONG_ANSWER,C++17 (GCC 7-32),1743230156
312890283,niemanngracie2052,Kevin and Puzzle (Hard Version),WRONG_ANSWER,C++17 (GCC 7-32),1743229970
312890191,aleklily55006,Kevin and Permutation,OK,C++17 (GCC 7-32),1743229931
312887808,dcyip001400,Kevin and Bipartite Graph,WRONG_ANSWER,C++17 (GCC 7-32),1743228871
312887746,jfdyk728026,Kevin and Bipartite Graph,WRONG_ANSWER,C++17 (GCC 7-32),1743228835
312887666,baocm764442,Kevin and Bipartite Graph,WRONG_ANSWER,C++17 (GCC 7-32),1743228795
312887519,zhuce_3,Kevin and Bipartite Graph,WRONG_ANSWER,C++17 (GCC 7-32),1743228724
312887455,alomjonah540,Kevin and Combination Lock,OK,C++17 (GCC 7-32),1743228694
312887399,qqjxi200721,Kevin and Combination Lock,OK,C++17 (GCC 7-32),1743228661
312887340,pybtv613973,Kevin and Combination Lock,OK,C++17 (GCC 7-32),1743228625
312884868,qqjxi200721,Kevin and Combination Lock,OK,C++17 (GCC 7-32),1743227242
312884801,hzjte578015,Kevin and Binary Strings,WRONG_ANSWER,C++17 (GCC 7-32),1743227203
312884343,jfdyk728026,Kevin and Puzzle (Easy Version),WRONG_ANSWER,C++17 (GCC 7-32),1743226910
312884269,zhuce1,Kevin and Puzzle (Easy Version),WRONG_ANSWER,C++17 (GCC 7-32),1743226870
312884223,PACMAN0510,Kevin and Permutation,WRONG_ANSWER,C++17 (GCC 7-32),1743226839
312884188,hzjte578015,Kevin and Puzzle (Easy Version),WRONG_ANSWER,C++17 (GCC 7-32),1743226821
312884152,PACMAN0510,Kevin and Permutation,WRONG_ANSWER,C++17 (GCC 7-32),1743226795
312884129,qqjxi200721,Kevin and Competition Memories,WRONG_ANSWER,C++17 (GCC 7-32),1743226786
312884075,hrpxh282108,Kevin and Competition Memories,WRONG_ANSWER,C++17 (GCC 7-32),1743226750
312883848,PACMAN0510,Kevin and Permutation,OK,C++17 (GCC 7-32),1743226612
312882483,PACMAN0510,Kevin and Permutation,WRONG_ANSWER,C++17 (GCC 7-32),1743225773
312881284,PACMAN0510,Kevin and Permutation,WRONG_ANSWER,C++17 (GCC 7-32),1743224957
312880996,PACMAN0510,Kevin and Permutation,WRONG_ANSWER,C++17 (GCC 7-32),1743224737
312880292,akshat5015,Kevin and Binary Strings,WRONG_ANSWER,C++17 (GCC 7-32),1743224201
312880268,Meet_Patel_14682,Kevin and Binary Strings,OK,C++20 (GCC 13-64),1743224182
312880178,yyyssstttaaaccc,Kevin and Permutation,OK,"C++23 (GCC 14-64, msys2)",1743224110
312879879,yyyssstttaaaccc,Kevin and Permutation,WRONG_ANSWER,"C++23 (GCC 14-64, msys2)",1743223889
312876662,yyyssstttaaaccc,Kevin and Combination Lock,OK,"C++23 (GCC 14-64, msys2)",1743221122
312876423,adarshsingh3002,Kevin and Competition Memories,OK,C++17 (GCC 7-32),1743220887
312876328,adarshsingh3002,Kevin and Competition Memories,WRONG_ANSWER,C++17 (GCC 7-32),1743220796
312874028,Naaah_Id_Win,Kevin and Binary Strings,OK,C++17 (GCC 7-32),1743218504
312869429,Naaah_Id_Win,Kevin and Permutation,OK,C++17 (GCC 7-32),1743212852
312868814,Naaah_Id_Win,Kevin and Combination Lock,OK,C++17 (GCC 7-32),1743212043
312867874,mehdiCS,Kevin and Permutation,OK,C++17 (GCC 7-32),1743210766
312866981,Whizzo_Mo1kai,Kevin and Binary Strings,OK,C++17 (GCC 7-32),1743209480
312855256,Wasif_Jamil,Kevin and Permutation,OK,C++17 (GCC 7-32),1743195077
312854567,Dhumra.Paan,Kevin and Permutation,WRONG_ANSWER,C++17 (GCC 7-32),1743194625
312849306,wild.coder,Kevin and Binary Strings,WRONG_ANSWER,C++20 (GCC 13-64),1743191432
312848875,wild.coder,Kevin and Binary Strings,WRONG_ANSWER,C++20 (GCC 13-64),1743191161
312848570,wild.coder,Kevin and Binary Strings,WRONG_ANSWER,C++20 (GCC 13-64),1743190953
312847234,Abdul_Da,Kevin and Permutation,WRONG_ANSWER,C++17 (GCC 7-32),1743190155
312847095,Abdul_Da,Kevin and Permutation,WRONG_ANSWER,C++17 (GCC 7-32),1743190073
312847020,Abdul_Da,Kevin and Permutation,WRONG_ANSWER,C++17 (GCC 7-32),1743190023
312846750,Abdul_Da,Kevin and Permutation,WRONG_ANSWER,C++17 (GCC 7-32),1743189831
312846509,Abdul_Da,Kevin and Permutation,WRONG_ANSWER,C++17 (GCC 7-32),1743189665
312846382,wild.coder,Kevin and Binary Strings,WRONG_ANSWER,C++20 (GCC 13-64),1743189592
312841038,ka_li,Kevin and Competition Memories,OK,C++17 (GCC 7-32),1743185978
312840680,ReaperScythe21,Kevin and Bipartite Graph,OK,"C++23 (GCC 14-64, msys2)",1743185728
312825553,HungHot,Kevin and Binary Strings,OK,C++17 (GCC 7-32),1743177475
312823706,ParadoxJunior,Kevin and Binary Strings,OK,C++20 (GCC 13-64),1743176531
312822844,pranay_0305,Kevin and Combination Lock,OK,C++17 (GCC 7-32),1743176064
312822730,scwelt,Kevin and Permutation,OK,"C++23 (GCC 14-64, msys2)",1743175992
312822405,scwelt,Kevin and Permutation,WRONG_ANSWER,"C++23 (GCC 14-64, msys2)",1743175813
312822381,GrandMaster_Debugway,Kevin and Binary Strings,OK,C++20 (GCC 13-64),1743175802
312822220,scwelt,Kevin and Permutation,WRONG_ANSWER,"C++23 (GCC 14-64, msys2)",1743175719
312815604,ParadoxJunior,Kevin and Binary Strings,WRONG_ANSWER,C++20 (GCC 13-64),1743172462
312815173,Imposter_21,Kevin and Combination Lock,OK,C++17 (GCC 7-32),1743172285
312814849,Imposter_21,Kevin and Combination Lock,TIME_LIMIT_EXCEEDED,C++17 (GCC 7-32),1743172126
312814814,Imposter_21,Kevin and Combination Lock,COMPILATION_ERROR,GNU C11,1743172110
312814776,ParadoxJunior,Kevin and Binary Strings,WRONG_ANSWER,C++20 (GCC 13-64),1743172090
312814508,ParadoxJunior,Kevin and Binary Strings,WRONG_ANSWER,C++20 (GCC 13-64),1743171964
312813965,ParadoxJunior,Kevin and Binary Strings,WRONG_ANSWER,C++20 (GCC 13-64),1743171712
312812429,ParadoxJunior,Kevin and Binary Strings,WRONG_ANSWER,C++20 (GCC 13-64),1743170980
312811593,rsh-raj,Kevin and Math Class,TIME_LIMIT_EXCEEDED,C++17 (GCC 7-32),1743170548
312810827,X__jd_ndbxii_cfjdnxjj,Kevin and Combination Lock,OK,C++17 (GCC 7-32),1743170263
312809447,ayamoo,Kevin and Combination Lock,OK,C++17 (GCC 7-32),1743169643
312809324,Krish_6969,Kevin and Permutation,OK,"C++23 (GCC 14-64, msys2)",1743169591
312808884,sagarguptaec085,Kevin and Competition Memories,TIME_LIMIT_EXCEEDED,C++20 (GCC 13-64),1743169398
312808411,sagarguptaec085,Kevin and Competition Memories,WRONG_ANSWER,C++20 (GCC 13-64),1743169191
312808371,sagarguptaec085,Kevin and Competition Memories,COMPILATION_ERROR,Python 3,1743169175
312808185,sagarguptaec085,Kevin and Binary Strings,TIME_LIMIT_EXCEEDED,Python 3,1743169101
312807679,ayamoo,Kevin and Combination Lock,RUNTIME_ERROR,C++17 (GCC 7-32),1743168902
312807272,sagarguptaec085,Kevin and Binary Strings,TIME_LIMIT_EXCEEDED,"C++23 (GCC 14-64, msys2)",1743168734
312806857,sagarguptaec085,Kevin and Binary Strings,TIME_LIMIT_EXCEEDED,"C++23 (GCC 14-64, msys2)",1743168561
312806346,sagarguptaec085,Kevin and Binary Strings,TIME_LIMIT_EXCEEDED,"C++23 (GCC 14-64, msys2)",1743168365
312805853,sagarguptaec085,Kevin and Binary Strings,TIME_LIMIT_EXCEEDED,"C++23 (GCC 14-64, msys2)",1743168159
312805365,sagarguptaec085,Kevin and Binary Strings,TIME_LIMIT_EXCEEDED,"C++23 (GCC 14-64, msys2)",1743167943
312804821,sagarguptaec085,Kevin and Permutation,OK,"C++23 (GCC 14-64, msys2)",1743167709
312804215,sagarguptaec085,Kevin and Combination Lock,OK,"C++23 (GCC 14-64, msys2)",1743167436
312803834,maxK99,Kevin and Math Class,WRONG_ANSWER,C++20 (GCC 13-64),1743167273
312803157,coderjmc,Kevin and Matrices,OK,C++20 (GCC 13-64),1743166992
312802845,rsh-raj,Kevin and Math Class,TIME_LIMIT_EXCEEDED,C++17 (GCC 7-32),1743166840
312802112,coderjmc,Kevin and Matrices,OK,"C++23 (GCC 14-64, msys2)",1743166509
312801611,rsh-raj,Kevin and Competition Memories,OK,C++17 (GCC 7-32),1743166272
312790651,RubayetRafsan,Kevin and Combination Lock,OK,C++20 (GCC 13-64),1743161242
312786748,01unp01,Kevin and Competition Memories,OK,"C++23 (GCC 14-64, msys2)",1743159524
312783313,notagain66,Kevin and Permutation,OK,C++17 (GCC 7-32),1743157854
312779640,yuzou,Kevin and Binary Strings,OK,C++17 (GCC 7-32),1743155923
312778011,aksharpathak897,Kevin and Binary Strings,OK,"C++23 (GCC 14-64, msys2)",1743155119
312773845,maxK99,Kevin and Math Class,OK,C++20 (GCC 13-64),1743152991
312773681,Mendeke,Kevin and Bipartite Graph,OK,C++17 (GCC 7-32),1743152914
312772593,kanishkgupta071,Kevin and Bipartite Graph,OK,C++20 (GCC 13-64),1743152395
312770562,_Santiago_,Kevin and Competition Memories,OK,C++17 (GCC 7-32),1743151382
312769760,xiao_zong85,Kevin and Competition Memories,OK,"C++23 (GCC 14-64, msys2)",1743150961
312769256,xiao_zong85,Kevin and Competition Memories,WRONG_ANSWER,"C++23 (GCC 14-64, msys2)",1743150704
312768791,xiao_zong85,Kevin and Competition Memories,WRONG_ANSWER,"C++23 (GCC 14-64, msys2)",1743150444
312768686,xiao_zong85,Kevin and Competition Memories,WRONG_ANSWER,"C++23 (GCC 14-64, msys2)",1743150387
312767251,yuzou,Kevin and Binary Strings,WRONG_ANSWER,C++17 (GCC 7-32),1743149593
312765131,afxhsjodo,Kevin and Binary Strings,OK,C++20 (GCC 13-64),1743148325
312765088,Hassiiboo,Kevin and Competition Memories,OK,C++17 (GCC 7-32),1743148303
312764734,GrandMaster_Debugway,Kevin and Binary Strings,WRONG_ANSWER,C++20 (GCC 13-64),1743148082
312764036,arafah,Kevin and Combination Lock,OK,GNU C11,1743147622
312763739,afxhsjodo,Kevin and Binary Strings,WRONG_ANSWER,C++20 (GCC 13-64),1743147450
312763684,GrandMaster_Debugway,Kevin and Binary Strings,WRONG_ANSWER,C++20 (GCC 13-64),1743147420
312760824,Mendeke,Kevin and Bipartite Graph,WRONG_ANSWER,C++17 (GCC 7-32),1743145691
312760660,Mendeke,Kevin and Bipartite Graph,WRONG_ANSWER,C++17 (GCC 7-32),1743145606
312760282,PLDlS,Kevin and Bipartite Graph,OK,C++20 (GCC 13-64),1743145394
312760027,RichaMishra,Kevin and Binary Strings,OK,C++17 (GCC 7-32),1743145241
312759924,afxhsjodo,Kevin and Permutation,OK,C++20 (GCC 13-64),1743145182
312759087,RichaMishra,Kevin and Binary Strings,WRONG_ANSWER,C++17 (GCC 7-32),1743144689
312758792,zhuce5,Kevin and Matrices,WRONG_ANSWER,C++17 (GCC 7-32),1743144524
312758729,zhuce_3,Kevin and Matrices,WRONG_ANSWER,C++17 (GCC 7-32),1743144489
312758672,houndmacaulay961,Kevin and Matrices,WRONG_ANSWER,C++17 (GCC 7-32),1743144453
312758610,zhuce_3,Kevin and Matrices,WRONG_ANSWER,C++17 (GCC 7-32),1743144419
312758583,afxhsjodo,Kevin and Combination Lock,OK,C++20 (GCC 13-64),1743144407
312758534,qqjxi200721,Kevin and Matrices,WRONG_ANSWER,C++17 (GCC 7-32),1743144382
312757246,afxhsjodo,Kevin and Competition Memories,OK,C++20 (GCC 13-64),1743143723
312756585,Mendeke,Kevin and Bipartite Graph,WRONG_ANSWER,C++17 (GCC 7-32),1743143365
312756391,hzjte578015,Kevin and Math Class,WRONG_ANSWER,C++17 (GCC 7-32),1743143275
312756341,Mendeke,Kevin and Bipartite Graph,WRONG_ANSWER,C++17 (GCC 7-32),1743143251
312756321,hrpxh282108,Kevin and Math Class,COMPILATION_ERROR,C++17 (GCC 7-32),1743143240
312756256,zhuce1,Kevin and Math Class,WRONG_ANSWER,C++17 (GCC 7-32),1743143205
312756227,Mendeke,Kevin and Bipartite Graph,WRONG_ANSWER,C++17 (GCC 7-32),1743143190
312756193,jfdyk728026,Kevin and Math Class,WRONG_ANSWER,C++17 (GCC 7-32),1743143171
312756137,alomjonah540,Kevin and Math Class,WRONG_ANSWER,C++17 (GCC 7-32),1743143135
312756075,jfdyk728026,Kevin and Math Class,COMPILATION_ERROR,C++17 (GCC 7-32),1743143100
312756010,qqjxi200721,Kevin and Math Class,COMPILATION_ERROR,C++17 (GCC 7-32),1743143065
312755929,zhuce2,Kevin and Math Class,WRONG_ANSWER,C++17 (GCC 7-32),1743143019
312755877,zhuce2,Kevin and Competition Memories,WRONG_ANSWER,C++17 (GCC 7-32),1743142984
312755804,dvniw302823,Kevin and Competition Memories,WRONG_ANSWER,C++17 (GCC 7-32),1743142948
312755386,vaibhavpal675,Kevin and Binary Strings,OK,C++20 (GCC 13-64),1743142733
312755057,rypeh528871,Kevin and Combination Lock,COMPILATION_ERROR,C++17 (GCC 7-32),1743142581
312755035,lengling,Kevin and Competition Memories,OK,"C++23 (GCC 14-64, msys2)",1743142569
312755027,nirjharff2,Kevin and Combination Lock,OK,C++17 (GCC 7-32),1743142566
312754995,jfdyk728026,Kevin and Combination Lock,OK,C++17 (GCC 7-32),1743142546
312754966,lengling,Kevin and Competition Memories,TIME_LIMIT_EXCEEDED,"C++23 (GCC 14-64, msys2)",1743142528
312754924,qqjxi200721,Kevin and Combination Lock,OK,C++17 (GCC 7-32),1743142507
312754874,ozcnm515845,Kevin and Combination Lock,OK,C++17 (GCC 7-32),1743142473
312754798,baocm764442,Kevin and Combination Lock,OK,C++17 (GCC 7-32),1743142437
312754722,jfdyk728026,Kevin and Combination Lock,OK,C++17 (GCC 7-32),1743142400
312754654,zhuce1,Kevin and Combination Lock,OK,C++17 (GCC 7-32),1743142366
312754573,zhuce2,Kevin and Binary Strings,WRONG_ANSWER,C++17 (GCC 7-32),1743142329
312754512,dcyip001400,Kevin and Binary Strings,WRONG_ANSWER,C++17 (GCC 7-32),1743142290
312754442,rypeh528871,Kevin and Matrices,WRONG_ANSWER,C++17 (GCC 7-32),1743142254
312754368,hrpxh282108,Kevin and Matrices,WRONG_ANSWER,C++17 (GCC 7-32),1743142213
312754295,dcyip001400,Kevin and Bipartite Graph,WRONG_ANSWER,C++17 (GCC 7-32),1743142175
312754225,rypeh528871,Kevin and Bipartite Graph,WRONG_ANSWER,C++17 (GCC 7-32),1743142138
312754147,niemanngracie2052,Kevin and Bipartite Graph,WRONG_ANSWER,C++17 (GCC 7-32),1743142100
312754081,ozcnm515845,Kevin and Bipartite Graph,WRONG_ANSWER,C++17 (GCC 7-32),1743142066
312754016,ozcnm515845,Kevin and Bipartite Graph,WRONG_ANSWER,C++17 (GCC 7-32),1743142034
312753966,zhuce1,Kevin and Bipartite Graph,WRONG_ANSWER,C++17 (GCC 7-32),1743142001
312753885,zhuce2,Kevin and Bipartite Graph,WRONG_ANSWER,C++17 (GCC 7-32),1743141961
312753816,dcyip001400,Kevin and Bipartite Graph,WRONG_ANSWER,C++17 (GCC 7-32),1743141928
312753046,aleklily55006,Kevin and Puzzle (Hard Version),WRONG_ANSWER,C++17 (GCC 7-32),1743141551
312752981,niemanngracie2052,Kevin and Puzzle (Hard Version),WRONG_ANSWER,C++17 (GCC 7-32),1743141516
312752933,niemanngracie2052,Kevin and Permutation,OK,C++17 (GCC 7-32),1743141479
312752881,niemanngracie2052,Kevin and Permutation,WRONG_ANSWER,C++17 (GCC 7-32),1743141445
312752817,aleklily55006,Kevin and Permutation,WRONG_ANSWER,C++17 (GCC 7-32),1743141409
312752761,niemanngracie2052,Kevin and Permutation,OK,C++17 (GCC 7-32),1743141374
312752705,niemanngracie2052,Kevin and Permutation,WRONG_ANSWER,C++17 (GCC 7-32),1743141336
312752636,zhuce2,Kevin and Permutation,WRONG_ANSWER,C++17 (GCC 7-32),1743141299
312752414,houndmacaulay961,Kevin and Permutation,WRONG_ANSWER,C++17 (GCC 7-32),1743141175
312752362,niemanngracie2052,Kevin and Permutation,WRONG_ANSWER,C++17 (GCC 7-32),1743141142
312751614,jfdyk728026,Kevin and Binary Strings,TIME_LIMIT_EXCEEDED,C++17 (GCC 7-32),1743140648
312751576,dcyip001400,Kevin and Binary Strings,WRONG_ANSWER,C++17 (GCC 7-32),1743140612
312751520,houndmacaulay961,Kevin and Binary Strings,WRONG_ANSWER,C++17 (GCC 7-32),1743140579
312751463,dcyip001400,Kevin and Binary Strings,WRONG_ANSWER,C++17 (GCC 7-32),1743140543
312751413,zhuce2,Kevin and Puzzle (Easy Version),WRONG_ANSWER,C++17 (GCC 7-32),1743140510
312751347,dcyip001400,Kevin and Puzzle (Easy Version),WRONG_ANSWER,C++17 (GCC 7-32),1743140473
312751279,alomjonah540,Kevin and Puzzle (Easy Version),WRONG_ANSWER,C++17 (GCC 7-32),1743140431
312751221,houndmacaulay961,Kevin and Puzzle (Easy Version),WRONG_ANSWER,C++17 (GCC 7-32),1743140393
312751159,jfdyk728026,Kevin and Strange Operation,COMPILATION_ERROR,C++17 (GCC 7-32),1743140358
312751091,qqjxi200721,Kevin and Strange Operation,WRONG_ANSWER,C++17 (GCC 7-32),1743140322
312751010,zhuce5,Kevin and Strange Operation,WRONG_ANSWER,C++17 (GCC 7-32),1743140287
312750962,zhuce1,Kevin and Strange Operation,WRONG_ANSWER,C++17 (GCC 7-32),1743140252
312750883,ozcnm515845,Kevin and Puzzle (Hard Version),WRONG_ANSWER,C++17 (GCC 7-32),1743140212
312750822,baocm764442,Kevin and Puzzle (Hard Version),WRONG_ANSWER,C++17 (GCC 7-32),1743140178
312750747,qqjxi200721,Kevin and Puzzle (Hard Version),WRONG_ANSWER,C++17 (GCC 7-32),1743140140
312750689,niemanngracie2052,Kevin and Puzzle (Hard Version),WRONG_ANSWER,C++17 (GCC 7-32),1743140104
312750630,qqjxi200721,Kevin and Puzzle (Hard Version),WRONG_ANSWER,C++17 (GCC 7-32),1743140068
312750577,zhuce1,Kevin and Puzzle (Hard Version),WRONG_ANSWER,C++17 (GCC 7-32),1743140030
312750507,aleklily55006,Kevin and Strange Operation,WRONG_ANSWER,C++17 (GCC 7-32),1743139995
312750446,aleklily55006,Kevin and Strange Operation,WRONG_ANSWER,C++17 (GCC 7-32),1743139955
312750393,dcyip001400,Kevin and Strange Operation,WRONG_ANSWER,C++17 (GCC 7-32),1743139918
312750314,zhuce1,Kevin and Strange Operation,WRONG_ANSWER,C++17 (GCC 7-32),1743139872
312747638,Ishaan_Tripathi,Kevin and Competition Memories,OK,C++20 (GCC 13-64),1743138158
312747373,X__jd_ndbxii_cfjdnxjj,Kevin and Permutation,OK,C++17 (GCC 7-32),1743137978
312746946,X__jd_ndbxii_cfjdnxjj,Kevin and Permutation,WRONG_ANSWER,C++17 (GCC 7-32),1743137704
312744087,zhuce2,Kevin and Puzzle (Easy Version),WRONG_ANSWER,C++17 (GCC 7-32),1743136779
312744049,ozcnm515845,Kevin and Puzzle (Easy Version),WRONG_ANSWER,C++17 (GCC 7-32),1743136743
312743978,alomjonah540,Kevin and Puzzle (Easy Version),WRONG_ANSWER,C++17 (GCC 7-32),1743136673
312743924,houndmacaulay961,Kevin and Competition Memories,WRONG_ANSWER,C++17 (GCC 7-32),1743136636
312743887,houndmacaulay961,Kevin and Competition Memories,WRONG_ANSWER,C++17 (GCC 7-32),1743136598
312743847,rypeh528871,Kevin and Competition Memories,WRONG_ANSWER,C++17 (GCC 7-32),1743136563
312743804,baocm764442,Kevin and Competition Memories,WRONG_ANSWER,C++17 (GCC 7-32),1743136527
312743763,dcyip001400,Kevin and Competition Memories,COMPILATION_ERROR,C++17 (GCC 7-32),1743136493
312742798,Muschuang123,Kevin and Bipartite Graph,OK,"C++23 (GCC 14-64, msys2)",1743135677
312741882,ljh537ljh,Kevin and Binary Strings,OK,C++17 (GCC 7-32),1743134895
312741648,ljh537ljh,Kevin and Binary Strings,OK,C++17 (GCC 7-32),1743134700
312740895,ljh537ljh,Kevin and Binary Strings,TIME_LIMIT_EXCEEDED,C++17 (GCC 7-32),1743133988
312740151,fnoihzhyan,Kevin and Bipartite Graph,OK,C++17 (GCC 7-32),1743133332
312737143,fnoihzhyan,Kevin and Competition Memories,OK,C++17 (GCC 7-32),1743130329
312735455,fnoihzhyan,Kevin and Binary Strings,OK,C++17 (GCC 7-32),1743128288
312735169,SamuelTull,Kevin and Combination Lock,OK,C++17 (GCC 7-32),1743127933
312734986,SamuelTull,Kevin and Permutation,OK,C++17 (GCC 7-32),1743127709
312734774,SamuelTull,Kevin and Permutation,WRONG_ANSWER,C++17 (GCC 7-32),1743127454
312734729,SamuelTull,Kevin and Permutation,WRONG_ANSWER,C++17 (GCC 7-32),1743127390
312723548,ayush.dwivedi2327,Kevin and Permutation,OK,C++17 (GCC 7-32),1743112548
312722422,Shtn,Kevin and Competition Memories,OK,"C++23 (GCC 14-64, msys2)",1743111468
312721534,rewq,Kevin and Binary Strings,OK,C++20 (GCC 13-64),1743110311
312721267,rewq,Kevin and Binary Strings,WRONG_ANSWER,C++20 (GCC 13-64),1743110043
312721124,rewq,Kevin and Binary Strings,WRONG_ANSWER,C++20 (GCC 13-64),1743109908
312720454,Shtn,Kevin and Competition Memories,WRONG_ANSWER,"C++23 (GCC 14-64, msys2)",1743109315
312719078,siddhi_123,Kevin and Permutation,WRONG_ANSWER,C++17 (GCC 7-32),1743108161
312714896,yuvraj357,Kevin and Competition Memories,OK,C++17 (GCC 7-32),1743105096
312713786,shashank2401,Kevin and Competition Memories,OK,C++20 (GCC 13-64),1743104017
312713595,maxK99,Kevin and Math Class,WRONG_ANSWER,C++20 (GCC 13-64),1743103824
312710993,ahirkhlagariya,Kevin and Combination Lock,OK,C++20 (GCC 13-64),1743100830
312710946,circle977,Kevin and Permutation,OK,"C++23 (GCC 14-64, msys2)",1743100763
312709453,shoesareme,Kevin and Combination Lock,OK,PyPy 3-64,1743098889
312709403,CacheMe,Kevin and Permutation,OK,"C++23 (GCC 14-64, msys2)",1743098836
312709397,orangetomato,Kevin and Combination Lock,OK,Java 21,1743098829
312708123,CacheMe,Kevin and Combination Lock,OK,"C++23 (GCC 14-64, msys2)",1743098441
312707893,Bhuvesh,Kevin and Binary Strings,OK,C++17 (GCC 7-32),1743098180
312704646,ved_donda48,Kevin and Binary Strings,OK,C++17 (GCC 7-32),1743094564
312703996,ka_li,Kevin and Competition Memories,WRONG_ANSWER,C++17 (GCC 7-32),1743093805
312703917,nraghav,Kevin and Permutation,OK,C++17 (GCC 7-32),1743093670
312703420,F13monster,Kevin and Combination Lock,OK,PyPy 3-64,1743093069
312703265,ke_nas134,Kevin and Permutation,WRONG_ANSWER,PyPy 3,1743092894
312701655,shoesareme,Kevin and Combination Lock,OK,PyPy 3-64,1743091162
312701564,_sothis,Kevin and Combination Lock,OK,C++17 (GCC 7-32),1743091070
312699867,_CHO,Kevin and Math Class,OK,"C++23 (GCC 14-64, msys2)",1743089449
312698183,sharodh25,Kevin and Permutation,OK,C++20 (GCC 13-64),1743087711
312696139,yaoyitao,Kevin and Combination Lock,OK,C++20 (GCC 13-64),1743085770
312696086,PLDlS,Kevin and Bipartite Graph,WRONG_ANSWER,C++20 (GCC 13-64),1743085721
312694906,h233cd-08,Kevin and Combination Lock,OK,C++17 (GCC 7-32),1743084279
312694748,h233cd-08,Kevin and Combination Lock,OK,C++17 (GCC 7-32),1743084131
312694177,y6692789,Kevin and Binary Strings,OK,C++20 (GCC 13-64),1743083624
312688325,liuenci,Kevin and Binary Strings,OK,C++20 (GCC 13-64),1743076418
312688320,liuenci,Kevin and Competition Memories,OK,C++20 (GCC 13-64),1743076415
312687494,dranz,Kevin and Permutation,OK,PyPy 3-64,1743075994
312685813,cc150119,Kevin and Binary Strings,OK,C++20 (GCC 13-64),1743075173
312685795,cc150119,Kevin and Permutation,OK,C++20 (GCC 13-64),1743075160
312685767,cc150119,Kevin and Combination Lock,OK,C++20 (GCC 13-64),1743075147
312684604,SomeYoGuy,Kevin and Bipartite Graph,WRONG_ANSWER,C++17 (GCC 7-32),1743074562
312684298,SomeYoGuy,Kevin and Bipartite Graph,WRONG_ANSWER,C++17 (GCC 7-32),1743074398
312683995,SomeYoGuy,Kevin and Bipartite Graph,WRONG_ANSWER,C++17 (GCC 7-32),1743074231
312682583,Code04Unique,Kevin and Competition Memories,OK,C++17 (GCC 7-32),1743073478
312681042,Code04Unique,Kevin and Competition Memories,OK,C++17 (GCC 7-32),1743072615
312680623,Balu2907,Kevin and Binary Strings,OK,Java 21,1743072352
312678581,yutt,Kevin and Competition Memories,OK,C++17 (GCC 7-32),1743071120
312677162,yutt,Kevin and Competition Memories,TIME_LIMIT_EXCEEDED,C++17 (GCC 7-32),1743070314
312676803,K_Tumi_Bakul,Kevin and Binary Strings,OK,C++20 (GCC 13-64),1743070089
312676244,cperkkk,Kevin and Combination Lock,OK,PyPy 3-64,1743069757
312675411,K_Tumi_Bakul,Kevin and Binary Strings,WRONG_ANSWER,C++20 (GCC 13-64),1743069288
312673594,K_Tumi_Bakul,Kevin and Binary Strings,WRONG_ANSWER,C++20 (GCC 13-64),1743068289
312672736,Harman001,Kevin and Competition Memories,OK,C++20 (GCC 13-64),1743067794
312670676,bao-alan,Kevin and Math Class,OK,C++20 (GCC 13-64),1743066806
312670405,K_Tumi_Bakul,Kevin and Binary Strings,WRONG_ANSWER,C++20 (GCC 13-64),1743066670
312666797,K_Tumi_Bakul,Kevin and Permutation,OK,C++20 (GCC 13-64),1743064784
312665918,K_Tumi_Bakul,Kevin and Combination Lock,OK,C++20 (GCC 13-64),1743064297
312665243,K_Tumi_Bakul,Kevin and Combination Lock,TIME_LIMIT_EXCEEDED,C++20 (GCC 13-64),1743063894
312663621,TAREK.A85,Kevin and Binary Strings,OK,C++20 (GCC 13-64),1743062957
312661914,hrpxh282108,Kevin and Bipartite Graph,WRONG_ANSWER,C++17 (GCC 7-32),1743061926
312661849,zhuce5,Kevin and Bipartite Graph,WRONG_ANSWER,C++17 (GCC 7-32),1743061890
312661799,hrpxh282108,Kevin and Bipartite Graph,WRONG_ANSWER,C++17 (GCC 7-32),1743061855
312661741,zhuce2,Kevin and Bipartite Graph,WRONG_ANSWER,C++17 (GCC 7-32),1743061818
312661684,houndmacaulay961,Kevin and Bipartite Graph,WRONG_ANSWER,C++17 (GCC 7-32),1743061787
312661637,rypeh528871,Kevin and Bipartite Graph,WRONG_ANSWER,C++17 (GCC 7-32),1743061753
312661575,niemanngracie2052,Kevin and Combination Lock,OK,C++17 (GCC 7-32),1743061716
312661514,rypeh528871,Kevin and Combination Lock,OK,C++17 (GCC 7-32),1743061679
312661444,hzjte578015,Kevin and Combination Lock,OK,C++17 (GCC 7-32),1743061646
312661393,houndmacaulay961,Kevin and Combination Lock,OK,C++17 (GCC 7-32),1743061609
312661340,dcyip001400,Kevin and Combination Lock,OK,C++17 (GCC 7-32),1743061572
312661274,rypeh528871,Kevin and Strange Operation,WRONG_ANSWER,C++17 (GCC 7-32),1743061535
312661191,zhuce4,Kevin and Puzzle (Hard Version),WRONG_ANSWER,C++17 (GCC 7-32),1743061495
312661135,zhuce2,Kevin and Puzzle (Hard Version),WRONG_ANSWER,C++17 (GCC 7-32),1743061462
312661064,dcyip001400,Kevin and Puzzle (Hard Version),WRONG_ANSWER,C++17 (GCC 7-32),1743061424
312661002,zhuce2,Kevin and Puzzle (Hard Version),WRONG_ANSWER,C++17 (GCC 7-32),1743061387
312660953,zhuce_3,Kevin and Puzzle (Hard Version),WRONG_ANSWER,C++17 (GCC 7-32),1743061358
312660872,houndmacaulay961,Kevin and Puzzle (Hard Version),WRONG_ANSWER,C++17 (GCC 7-32),1743061320
312660791,niemanngracie2052,Kevin and Puzzle (Hard Version),WRONG_ANSWER,C++17 (GCC 7-32),1743061272
312660723,hzjte578015,Kevin and Permutation,OK,C++17 (GCC 7-32),1743061236
312660713,yutt,Kevin and Competition Memories,TIME_LIMIT_EXCEEDED,C++17 (GCC 7-32),1743061230
312660655,hrpxh282108,Kevin and Permutation,OK,C++17 (GCC 7-32),1743061199
312660587,zhuce2,Kevin and Permutation,WRONG_ANSWER,C++17 (GCC 7-32),1743061165
312660523,friedmandoyle517,Kevin and Permutation,OK,C++17 (GCC 7-32),1743061130
312660454,zhuce_3,Kevin and Permutation,WRONG_ANSWER,C++17 (GCC 7-32),1743061093
312660386,zhuce4,Kevin and Math Class,COMPILATION_ERROR,C++17 (GCC 7-32),1743061060
312660346,yutt,Kevin and Competition Memories,TIME_LIMIT_EXCEEDED,C++17 (GCC 7-32),1743061043
312660270,zhuce1,Kevin and Math Class,WRONG_ANSWER,C++17 (GCC 7-32),1743061013
312660172,qqjxi200721,Kevin and Math Class,WRONG_ANSWER,C++17 (GCC 7-32),1743060960
312660117,hzjte578015,Kevin and Competition Memories,WRONG_ANSWER,C++17 (GCC 7-32),1743060928
312659696,_CHO,Kevin and Competition Memories,OK,"C++23 (GCC 14-64, msys2)",1743060700
312659631,_CHO,Kevin and Competition Memories,WRONG_ANSWER,"C++23 (GCC 14-64, msys2)",1743060668
312659597,yutt,Kevin and Competition Memories,OK,C++17 (GCC 7-32),1743060646
312659541,_CHO,Kevin and Competition Memories,WRONG_ANSWER,"C++23 (GCC 14-64, msys2)",1743060618
312659509,_CHO,Kevin and Competition Memories,WRONG_ANSWER,"C++23 (GCC 14-64, msys2)",1743060593
312658303,ozcnm515845,Kevin and Strange Operation,WRONG_ANSWER,C++17 (GCC 7-32),1743059964
312657253,_CHO,Kevin and Bipartite Graph,OK,"C++23 (GCC 14-64, msys2)",1743059418
312655660,srj_42,Kevin and Combination Lock,OK,C++17 (GCC 7-32),1743058548
312653314,abdullahal304,Kevin and Combination Lock,OK,"C++23 (GCC 14-64, msys2)",1743057246
312652988,Harman001,Kevin and Competition Memories,WRONG_ANSWER,C++20 (GCC 13-64),1743057056
312652370,Nael8,Kevin and Competition Memories,OK,"C++23 (GCC 14-64, msys2)",1743056677
312652212,Nael8,Kevin and Competition Memories,WRONG_ANSWER,"C++23 (GCC 14-64, msys2)",1743056585
312652106,Nael8,Kevin and Competition Memories,WRONG_ANSWER,"C++23 (GCC 14-64, msys2)",1743056514
312650215,ayush_5267,Kevin and Binary Strings,OK,C++17 (GCC 7-32),1743055243
312649920,ayush_5267,Kevin and Binary Strings,WRONG_ANSWER,C++17 (GCC 7-32),1743055031
312648117,_CHO,Kevin and Binary Strings,OK,"C++23 (GCC 14-64, msys2)",1743053584
312647989,_CHO,Kevin and Binary Strings,WRONG_ANSWER,"C++23 (GCC 14-64, msys2)",1743053475
312647535,_CHO,Kevin and Binary Strings,WRONG_ANSWER,"C++23 (GCC 14-64, msys2)",1743053052
312647200,_CHO,Kevin and Binary Strings,WRONG_ANSWER,"C++23 (GCC 14-64, msys2)",1743052748
312647009,shashanksumanth,Kevin and Competition Memories,OK,PyPy 3-64,1743052561
312646256,jvhaooooo,Kevin and Competition Memories,OK,PyPy 3-64,1743051842
312646250,_CHO,Kevin and Binary Strings,WRONG_ANSWER,"C++23 (GCC 14-64, msys2)",1743051839
312646226,jvhaooooo,Kevin and Competition Memories,COMPILATION_ERROR,C++20 (GCC 13-64),1743051822
312645343,souravpalit,Kevin and Combination Lock,OK,C++17 (GCC 7-32),1743050985
312644986,_CHO,Kevin and Permutation,OK,"C++23 (GCC 14-64, msys2)",1743050687
312644720,_CHO,Kevin and Combination Lock,OK,"C++23 (GCC 14-64, msys2)",1743050465
312643628,aadityaRaAz,Kevin and Permutation,OK,C++17 (GCC 7-32),1743049355
312643380,Re_frain,Kevin and Binary Strings,WRONG_ANSWER,C++20 (GCC 13-64),1743049132
312643355,Re_frain,Kevin and Binary Strings,COMPILATION_ERROR,C++20 (GCC 13-64),1743049111
312642913,Re_frain,Kevin and Binary Strings,OK,C++20 (GCC 13-64),1743048718
312642578,Re_frain,Kevin and Binary Strings,OK,C++20 (GCC 13-64),1743048454
312642267,Re_frain,Kevin and Binary Strings,WRONG_ANSWER,C++20 (GCC 13-64),1743048220
312642148,Re_frain,Kevin and Binary Strings,WRONG_ANSWER,C++20 (GCC 13-64),1743048121
312642121,Re_frain,Kevin and Binary Strings,WRONG_ANSWER,C++20 (GCC 13-64),1743048089
312642094,Re_frain,Kevin and Binary Strings,WRONG_ANSWER,C++20 (GCC 13-64),1743048064
312642060,Re_frain,Kevin and Binary Strings,WRONG_ANSWER,C++20 (GCC 13-64),1743048040
312641752,Re_frain,Kevin and Binary Strings,WRONG_ANSWER,C++20 (GCC 13-64),1743047756
312641726,Re_frain,Kevin and Binary Strings,WRONG_ANSWER,C++20 (GCC 13-64),1743047735
312641577,Re_frain,Kevin and Binary Strings,WRONG_ANSWER,C++20 (GCC 13-64),1743047595
312641421,Re_frain,Kevin and Binary Strings,WRONG_ANSWER,C++20 (GCC 13-64),1743047428
312641382,Re_frain,Kevin and Binary Strings,WRONG_ANSWER,C++20 (GCC 13-64),1743047389
312640940,Re_frain,Kevin and Binary Strings,COMPILATION_ERROR,C++20 (GCC 13-64),1743046975
312640921,Re_frain,Kevin and Binary Strings,WRONG_ANSWER,C++20 (GCC 13-64),1743046949
312640868,Re_frain,Kevin and Binary Strings,WRONG_ANSWER,C++20 (GCC 13-64),1743046884
312640844,Re_frain,Kevin and Binary Strings,WRONG_ANSWER,C++20 (GCC 13-64),1743046850
312640792,Re_frain,Kevin and Binary Strings,OK,C++20 (GCC 13-64),1743046812
312640643,Re_frain,Kevin and Binary Strings,WRONG_ANSWER,C++20 (GCC 13-64),1743046684
312639897,Pratap6130,Kevin and Permutation,OK,C++20 (GCC 13-64),1743045875
312639725,Pratap6130,Kevin and Permutation,WRONG_ANSWER,C++20 (GCC 13-64),1743045665
312639321,Md_Rahul_Ahmed,Kevin and Permutation,OK,C++20 (GCC 13-64),1743045124
312638405,Nael8,Kevin and Binary Strings,OK,"C++23 (GCC 14-64, msys2)",1743043835
312635213,g1ance,Kevin and Permutation,OK,C++17 (GCC 7-32),1743039254
312628874,susus,Kevin and Competition Memories,COMPILATION_ERROR,"C++23 (GCC 14-64, msys2)",1743028927
312624520,Cypherknnows,Kevin and Competition Memories,OK,PyPy 3-64,1743023529
312622562,Ahmed_Ahmed1379,Kevin and Permutation,OK,C# 10,1743021724
312617412,aadityaRaAz,Kevin and Permutation,WRONG_ANSWER,C++17 (GCC 7-32),1743017633
312611134,CrimsonShinobi,Kevin and Binary Strings,OK,C++20 (GCC 13-64),1743013460
312607888,AzizulHakim537,Kevin and Permutation,OK,GNU C11,1743011560
312607669,AzizulHakim537,Kevin and Permutation,WRONG_ANSWER,GNU C11,1743011446
312607208,purushottam.lal.cse23,Kevin and Binary Strings,OK,C++17 (GCC 7-32),1743011178
312607148,shashankraj1907,Kevin and Competition Memories,OK,"C++23 (GCC 14-64, msys2)",1743011149
312607054,purushottam.lal.cse23,Kevin and Binary Strings,WRONG_ANSWER,C++17 (GCC 7-32),1743011092
312606843,Celestial_Cipher,Kevin and Permutation,WRONG_ANSWER,C++17 (GCC 7-32),1743010969
312606827,Cipher_Sorcerer,Kevin and Permutation,WRONG_ANSWER,C++17 (GCC 7-32),1743010961
312606778,Cipher_Sorcerer,Kevin and Permutation,WRONG_ANSWER,C++17 (GCC 7-32),1743010934
312606297,yashraj_mishra247,Kevin and Competition Memories,OK,C++20 (GCC 13-64),1743010659
312606009,dip_sarker,Kevin and Combination Lock,OK,C++20 (GCC 13-64),1743010495
312605661,Celestial_Cipher,Kevin and Permutation,WRONG_ANSWER,C++17 (GCC 7-32),1743010288
312605615,Cipher_Sorcerer,Kevin and Permutation,WRONG_ANSWER,C++17 (GCC 7-32),1743010261
312604199,purushottam.lal.cse23,Kevin and Competition Memories,OK,C++17 (GCC 7-32),1743009514
312598067,purushottam.lal.cse23,Kevin and Competition Memories,WRONG_ANSWER,C++17 (GCC 7-32),1743006285
312596069,zoncai45,Kevin and Competition Memories,OK,"C++23 (GCC 14-64, msys2)",1743005314
312594665,manideepnaidugorle,Kevin and Permutation,OK,"C++23 (GCC 14-64, msys2)",1743004638
312593675,n3crozma,Kevin and Combination Lock,OK,"C++23 (GCC 14-64, msys2)",1743004176
312592262,Millenialkiid,Kevin and Binary Strings,OK,C++20 (GCC 13-64),1743003565
312592097,convict_of_HM,Kevin and Competition Memories,COMPILATION_ERROR,C++17 (GCC 7-32),1743003483
312590967,HackerUx,Kevin and Binary Strings,WRONG_ANSWER,"C++23 (GCC 14-64, msys2)",1743002958
312590161,HackerUx,Kevin and Permutation,OK,"C++23 (GCC 14-64, msys2)",1743002586
312590121,HackerUx,Kevin and Permutation,COMPILATION_ERROR,"C++23 (GCC 14-64, msys2)",1743002565
312588437,HackerUx,Kevin and Combination Lock,OK,"C++23 (GCC 14-64, msys2)",1743001818
312588275,rate1200,Kevin and Combination Lock,OK,C++17 (GCC 7-32),1743001744
312588229,rate1200,Kevin and Combination Lock,WRONG_ANSWER,C++17 (GCC 7-32),1743001723
312587791,ydsrwex,Kevin and Permutation,OK,C++20 (GCC 13-64),1743001530
312587562,Millenialkiid,Kevin and Binary Strings,WRONG_ANSWER,C++20 (GCC 13-64),1743001431
312585794,ashishkr5656,Kevin and Binary Strings,OK,Java 21,1743000632
312582962,HemendraKumar07,Kevin and Permutation,OK,"C++23 (GCC 14-64, msys2)",1742999392
312582705,CrimsonShinobi,Kevin and Binary Strings,TIME_LIMIT_EXCEEDED,C++20 (GCC 13-64),1742999270
312582608,raparthisrichethan,Kevin and Binary Strings,TIME_LIMIT_EXCEEDED,Python 3,1742999217
312582517,CrimsonShinobi,Kevin and Binary Strings,MEMORY_LIMIT_EXCEEDED,C++20 (GCC 13-64),1742999173
312582457,raparthisrichethan,Kevin and Binary Strings,RUNTIME_ERROR,Java 8,1742999147
312581621,VaishnavAmbilpur,Kevin and Permutation,OK,"C++23 (GCC 14-64, msys2)",1742998766
312580385,Jpds,Kevin and Permutation,OK,C++20 (GCC 13-64),1742998213
312578009,parthhpatil200,Kevin and Permutation,WRONG_ANSWER,"C++23 (GCC 14-64, msys2)",1742997184
312576187,parthhpatil200,Kevin and Permutation,WRONG_ANSWER,"C++23 (GCC 14-64, msys2)",1742996409
312574963,CrimsonShinobi,Kevin and Binary Strings,TIME_LIMIT_EXCEEDED,C++20 (GCC 13-64),1742995911
312574799,jeevanavenkatreddy,Kevin and Combination Lock,OK,Java 8,1742995839
312574586,CrimsonShinobi,Kevin and Binary Strings,TIME_LIMIT_EXCEEDED,C++20 (GCC 13-64),1742995745
312573064,parthhpatil200,Kevin and Permutation,WRONG_ANSWER,"C++23 (GCC 14-64, msys2)",1742995142
312571337,Gordon_Song,Kevin and Matrices,OK,C++17 (GCC 7-32),1742994377
312567560,PengAo,Kevin and Math Class,OK,C++17 (GCC 7-32),1742992628
312559235,PengAo,Kevin and Bipartite Graph,OK,C++17 (GCC 7-32),1742989054
312558587,w458729769,Kevin and Bipartite Graph,OK,C++20 (GCC 13-64),1742988752
312557740,w458729769,Kevin and Bipartite Graph,WRONG_ANSWER,C++20 (GCC 13-64),1742988358
312555230,_Baron_,Kevin and Permutation,OK,C++20 (GCC 13-64),1742987195
312554859,PengAo,Kevin and Competition Memories,OK,C++17 (GCC 7-32),1742987020
312551681,stsm,Kevin and Combination Lock,OK,C++17 (GCC 7-32),1742985420
312551372,PengAo,Kevin and Binary Strings,OK,C++17 (GCC 7-32),1742985248
312551135,zzpower,Kevin and Bipartite Graph,OK,C++17 (GCC 7-32),1742985103
312547919,piyushsingh755,Kevin and Binary Strings,TIME_LIMIT_EXCEEDED,C++17 (GCC 7-32),1742983463
312547513,PengAo,Kevin and Permutation,OK,C++17 (GCC 7-32),1742983251
312547388,zheng_zijian,Kevin and Bipartite Graph,OK,"C++23 (GCC 14-64, msys2)",1742983186
312547076,PengAo,Kevin and Combination Lock,OK,C++17 (GCC 7-32),1742983043
312545493,Pramod_Bhosale67,Kevin and Permutation,OK,Java 21,1742982164
312543327,nafisaan._.,Kevin and Combination Lock,OK,C++17 (GCC 7-32),1742980868
312543137,TAREK.A85,Kevin and Binary Strings,WRONG_ANSWER,C++20 (GCC 13-64),1742980750
312542436,TAREK.A85,Kevin and Binary Strings,WRONG_ANSWER,C++20 (GCC 13-64),1742980250
312541733,kkshiteejtiwari,Kevin and Permutation,OK,C++17 (GCC 7-32),1742979810
312540872,zheng_zijian,Kevin and Bipartite Graph,WRONG_ANSWER,"C++23 (GCC 14-64, msys2)",1742979302
312537448,triggered_code,Kevin and Binary Strings,OK,C++17 (GCC 7-32),1742977069
312537057,siddheshkotwal,Kevin and Binary Strings,OK,C++20 (GCC 13-64),1742976834
312536174,hypermetropia,Kevin and Binary Strings,OK,C++17 (GCC 7-32),1742976212
312530976,ibnul,Kevin and Permutation,OK,C++20 (GCC 13-64),1742972605
312528667,lxnu,Kevin and Bipartite Graph,OK,"C++23 (GCC 14-64, msys2)",1742970976
312528551,lady__hunter,Kevin and Bipartite Graph,OK,C++20 (GCC 13-64),1742970875
312526101,donghedd,Kevin and Binary Strings,OK,C++17 (GCC 7-32),1742969168
312523902,dengfei_,Kevin and Permutation,OK,Python 3,1742967561
312523006,dengfei_,Kevin and Permutation,WRONG_ANSWER,Python 3,1742966909
312514087,amityadav2311,Kevin and Permutation,OK,C++17 (GCC 7-32),1742959585
312510519,bielmandelli,Kevin and Binary Strings,COMPILATION_ERROR,C++17 (GCC 7-32),1742955724
312508351,num2,Kevin and Competition Memories,WRONG_ANSWER,C++17 (GCC 7-32),1742953206
312508332,DiegoDias007,Kevin and Binary Strings,WRONG_ANSWER,C++20 (GCC 13-64),1742953188
312508329,1000_H100,Kevin and Math Class,WRONG_ANSWER,C++17 (GCC 7-32),1742953185
312508000,DiegoDias007,Kevin and Binary Strings,WRONG_ANSWER,C++20 (GCC 13-64),1742952865
312506023,real_Parallelism,Kevin and Bipartite Graph,WRONG_ANSWER,C++17 (GCC 7-32),1742950176
312505970,mix233,Kevin and Binary Strings,TIME_LIMIT_EXCEEDED,C++17 (GCC 7-32),1742950120
312505959,num3,Kevin and Competition Memories,WRONG_ANSWER,C++17 (GCC 7-32),1742950114
312505786,WorldShine01,Kevin and Math Class,WRONG_ANSWER,C++17 (GCC 7-32),1742949913
312505350,num7,Kevin and Bipartite Graph,WRONG_ANSWER,C++17 (GCC 7-32),1742949483
312505192,real_Parallelism,Kevin and Binary Strings,TIME_LIMIT_EXCEEDED,C++17 (GCC 7-32),1742949317
312505168,Real_Reasoning_Model,Kevin and Competition Memories,WRONG_ANSWER,C++17 (GCC 7-32),1742949294
312504618,WorldShine02,Kevin and Permutation,OK,C++17 (GCC 7-32),1742948747
312504612,WorldShine01,Kevin and Matrices,OK,C++17 (GCC 7-32),1742948739
312504486,WorldShine01,Kevin and Puzzle (Hard Version),WRONG_ANSWER,C++17 (GCC 7-32),1742948604
312504476,Real_Reasoning_Model,Kevin and Strange Operation,WRONG_ANSWER,C++17 (GCC 7-32),1742948599
312504445,num3,Kevin and Competition Memories,WRONG_ANSWER,C++17 (GCC 7-32),1742948580
312504283,1000_H100,Kevin and Puzzle (Hard Version),WRONG_ANSWER,C++17 (GCC 7-32),1742948396
312504246,Real_Reasoning_Model,Kevin and Math Class,WRONG_ANSWER,C++17 (GCC 7-32),1742948357
312504214,WorldShine01,Kevin and Strange Operation,WRONG_ANSWER,C++17 (GCC 7-32),1742948320
312504101,never_use_tpu,Kevin and Matrices,WRONG_ANSWER,C++17 (GCC 7-32),1742948210
312504044,real_Parallelism,Kevin and Bipartite Graph,WRONG_ANSWER,C++17 (GCC 7-32),1742948137
312503658,num7,Kevin and Binary Strings,WRONG_ANSWER,C++17 (GCC 7-32),1742947790
312503508,num2,Kevin and Puzzle (Easy Version),WRONG_ANSWER,C++17 (GCC 7-32),1742947637
312503466,num3,Kevin and Math Class,WRONG_ANSWER,C++17 (GCC 7-32),1742947596
312503390,real_Parallelism,Kevin and Puzzle (Easy Version),WRONG_ANSWER,C++17 (GCC 7-32),1742947528
312503265,Morphy0123,Kevin and Binary Strings,OK,Python 3,1742947391
312503259,Real_Reasoning_Model,Kevin and Permutation,WRONG_ANSWER,C++17 (GCC 7-32),1742947385
312503244,num7,Kevin and Combination Lock,OK,C++17 (GCC 7-32),1742947372
312503213,trs3,Kevin and Permutation,OK,"C++23 (GCC 14-64, msys2)",1742947331
312503206,Morphy0123,Kevin and Binary Strings,WRONG_ANSWER,Python 3,1742947322
312502570,WorldShine03,Kevin and Combination Lock,OK,C++17 (GCC 7-32),1742946635
312499084,tiagopio,Kevin and Permutation,OK,C++20 (GCC 13-64),1742941465
312496951,NaifH,Kevin and Binary Strings,OK,C++17 (GCC 7-32),1742938939
312496429,Medeali,Kevin and Binary Strings,OK,"C++23 (GCC 14-64, msys2)",1742938451
312496140,NaifH4,Kevin and Binary Strings,WRONG_ANSWER,C++17 (GCC 7-32),1742938182
312496079,Medeali,Kevin and Binary Strings,TIME_LIMIT_EXCEEDED,"C++23 (GCC 14-64, msys2)",1742938128
312495956,NaifH,Kevin and Binary Strings,WRONG_ANSWER,C++17 (GCC 7-32),1742938019
312494804,Medeali,Kevin and Binary Strings,WRONG_ANSWER,"C++23 (GCC 14-64, msys2)",1742937034
312488411,Im_Piyush,Kevin and Binary Strings,OK,C++20 (GCC 13-64),1742932208
312485669,iLavr,Kevin and Combination Lock,OK,"C++23 (GCC 14-64, msys2)",1742930449
312485488,iLavr,Kevin and Combination Lock,OK,"C++23 (GCC 14-64, msys2)",1742930321
312387632,Amandeep_1077,Kevin and Binary Strings,OK,C++20 (GCC 13-64),1742915627
312375949,Amandeep_1077,Kevin and Binary Strings,OK,C++17 (GCC 7-32),1742915108
312334451,realsarah,Kevin and Binary Strings,WRONG_ANSWER,"C++23 (GCC 14-64, msys2)",1742913220
312334252,ashishkr5656,Kevin and Binary Strings,RUNTIME_ERROR,Java 21,1742913115
312333568,silent-064,Kevin and Permutation,WRONG_ANSWER,"C++23 (GCC 14-64, msys2)",1742912787
312333379,silent-064,Kevin and Permutation,WRONG_ANSWER,"C++23 (GCC 14-64, msys2)",1742912705
312333307,realsarah,Kevin and Binary Strings,WRONG_ANSWER,"C++23 (GCC 14-64, msys2)",1742912671
312332890,realsarah,Kevin and Binary Strings,WRONG_ANSWER,"C++23 (GCC 14-64, msys2)",1742912484
312332339,realsarah,Kevin and Binary Strings,WRONG_ANSWER,"C++23 (GCC 14-64, msys2)",1742912223
312331734,realsarah,Kevin and Binary Strings,WRONG_ANSWER,"C++23 (GCC 14-64, msys2)",1742911929
312331572,realsarah,Kevin and Binary Strings,WRONG_ANSWER,"C++23 (GCC 14-64, msys2)",1742911860
312331399,realsarah,Kevin and Binary Strings,WRONG_ANSWER,"C++23 (GCC 14-64, msys2)",1742911789
312331154,realsarah,Kevin and Binary Strings,WRONG_ANSWER,"C++23 (GCC 14-64, msys2)",1742911670
312326262,realsarah,Kevin and Binary Strings,WRONG_ANSWER,"C++23 (GCC 14-64, msys2)",1742909549
312324252,bhavya_vadla,Kevin and Combination Lock,OK,Java 8,1742908726
312324076,bhavya_vadla,Kevin and Combination Lock,WRONG_ANSWER,Java 8,1742908648
312323385,bhavya_vadla,Kevin and Combination Lock,WRONG_ANSWER,Java 8,1742908292
312321883,bhavya_vadla,Kevin and Combination Lock,WRONG_ANSWER,Java 8,1742907588
312320922,bhavya_vadla,Kevin and Combination Lock,WRONG_ANSWER,Java 8,1742907084
312320417,bhavya_vadla,Kevin and Combination Lock,WRONG_ANSWER,Java 8,1742906809
312314673,jehad_010,Kevin and Permutation,OK,C++17 (GCC 7-32),1742904105
312312147,yangfengjie,Kevin and Permutation,OK,C++17 (GCC 7-32),1742902885
312307997,tyc1925077756,Kevin and Competition Memories,OK,C++17 (GCC 7-32),1742900828
312305108,priya12345,Kevin and Combination Lock,OK,Python 3,1742899240
312304946,trupthimantri,Kevin and Combination Lock,OK,PyPy 3-64,1742899148
312304273,jaanviii1,Kevin and Permutation,OK,C++17 (GCC 7-32),1742898743
312303348,EastMaple,Kevin and Math Class,OK,"C++23 (GCC 14-64, msys2)",1742898197
312303165,EastMaple,Kevin and Math Class,RUNTIME_ERROR,"C++23 (GCC 14-64, msys2)",1742898080
312300941,Aryan_Goel7,Kevin and Permutation,OK,"C++23 (GCC 14-64, msys2)",1742896815
312297798,tyc1925077756,Kevin and Competition Memories,TIME_LIMIT_EXCEEDED,C++17 (GCC 7-32),1742894996
312296775,Dpkasd_12,Kevin and Bipartite Graph,OK,Rust 2021,1742894433
312294956,pink_glacier,Kevin and Permutation,OK,"C++23 (GCC 14-64, msys2)",1742893449
312291744,snehavasishth16,Kevin and Binary Strings,OK,C++20 (GCC 13-64),1742891647
312289619,not_xz,Kevin and Competition Memories,OK,C++17 (GCC 7-32),1742890334
312285831,lcsyya,Kevin and Bipartite Graph,OK,"C++23 (GCC 14-64, msys2)",1742887735
312276954,brokesoul,Kevin and Permutation,OK,C++17 (GCC 7-32),1742881304
312276624,brokesoul,Kevin and Permutation,WRONG_ANSWER,C++17 (GCC 7-32),1742881008
312276075,shellinsertYam,Kevin and Binary Strings,OK,C++17 (GCC 7-32),1742880491
312276029,shellinsertYam,Kevin and Binary Strings,OK,C++17 (GCC 7-32),1742880455
312275568,brokesoul,Kevin and Binary Strings,OK,C++17 (GCC 7-32),1742880043
312274595,FlanaganJulian,Kevin and Puzzle (Easy Version),WRONG_ANSWER,"C++23 (GCC 14-64, msys2)",1742879204
312274551,FlanaganJulian,Kevin and Puzzle (Hard Version),WRONG_ANSWER,PyPy 3-64,1742879157
312274223,FlanaganJulian,Kevin and Puzzle (Easy Version),WRONG_ANSWER,PyPy 3-64,1742878867
312274091,FlanaganJulian,Kevin and Strange Operation,WRONG_ANSWER,PyPy 3-64,1742878739
312273632,FlanaganJulian,Kevin and Matrices,WRONG_ANSWER,PyPy 3-64,1742878345
312273406,FlanaganJulian,Kevin and Bipartite Graph,WRONG_ANSWER,PyPy 3-64,1742878157
312273347,FlanaganJulian,Kevin and Math Class,WRONG_ANSWER,PyPy 3-64,1742878101
312273082,FlanaganJulian,Kevin and Math Class,WRONG_ANSWER,PyPy 3-64,1742877874
312272778,FlanaganJulian,Kevin and Bipartite Graph,WRONG_ANSWER,"C++23 (GCC 14-64, msys2)",1742877593
312272690,FlanaganJulian,Kevin and Bipartite Graph,WRONG_ANSWER,PyPy 3,1742877522
312272612,GTNewHorizons,Kevin and Competition Memories,OK,C++17 (GCC 7-32),1742877453
312272405,FlanaganJulian,Kevin and Competition Memories,WRONG_ANSWER,"C++23 (GCC 14-64, msys2)",1742877248
312272332,FlanaganJulian,Kevin and Competition Memories,WRONG_ANSWER,PyPy 3-64,1742877179
312268090,ravikumar2016,Kevin and Permutation,OK,C++17 (GCC 7-32),1742872812
312267296,HeartBlueArchive,Kevin and Binary Strings,OK,C++17 (GCC 7-32),1742871899
312266445,AlifSrSE,Kevin and Combination Lock,OK,Python 3,1742870953
312265713,AlifSrSE,Kevin and Permutation,OK,Python 3,1742870109
312264421,preyansraval24,Kevin and Combination Lock,OK,C++17 (GCC 7-32),1742868385
312264336,shellinsertYam,Kevin and Binary Strings,WRONG_ANSWER,C++17 (GCC 7-32),1742868242
312263874,shellinsertYam,Kevin and Binary Strings,WRONG_ANSWER,C++17 (GCC 7-32),1742867533
312263733,shellinsertYam,Kevin and Binary Strings,WRONG_ANSWER,C++17 (GCC 7-32),1742867313
312259617,Alqu1mista,Kevin and Permutation,COMPILATION_ERROR,GNU C11,1742860913
312252723,pabloTabilo,Kevin and Combination Lock,OK,C++20 (GCC 13-64),1742851820
312252127,FlanaganJulian,Kevin and Binary Strings,WRONG_ANSWER,PyPy 3-64,1742851333
312251923,FlanaganJulian,Kevin and Competition Memories,WRONG_ANSWER,PyPy 3-64,1742851161
312251560,FlanaganJulian,Kevin and Permutation,WRONG_ANSWER,PyPy 3-64,1742850862
312251445,FlanaganJulian,Kevin and Binary Strings,WRONG_ANSWER,PyPy 3-64,1742850768
312251424,RameezKamran,Kevin and Permutation,WRONG_ANSWER,"C++23 (GCC 14-64, msys2)",1742850742
312251348,FlanaganJulian,Kevin and Binary Strings,WRONG_ANSWER,PyPy 3-64,1742850684
312251336,FlanaganJulian,Kevin and Binary Strings,COMPILATION_ERROR,PyPy 3-64,1742850674
312251208,FlanaganJulian,Kevin and Permutation,OK,PyPy 3-64,1742850558
312251101,FlanaganJulian,Kevin and Combination Lock,OK,PyPy 3-64,1742850473
312250844,FlanaganJulian,Kevin and Permutation,WRONG_ANSWER,PyPy 3-64,1742850252
312250789,FlanaganJulian,Kevin and Permutation,COMPILATION_ERROR,PyPy 2,1742850208
312250559,FlanaganJulian,Kevin and Combination Lock,OK,PyPy 2,1742850021
312250439,FlanaganJulian,Kevin and Combination Lock,RUNTIME_ERROR,PyPy 2,1742849943
312250423,FlanaganJulian,Kevin and Combination Lock,RUNTIME_ERROR,PyPy 3,1742849920
312250333,FlanaganJulian,Kevin and Combination Lock,RUNTIME_ERROR,PyPy 3-64,1742849858
312248684,jewel22,Kevin and Combination Lock,OK,C++17 (GCC 7-32),1742848645
312248152,sakshamgumber124,Kevin and Binary Strings,OK,C++17 (GCC 7-32),1742848284
312246958,YuviRaje,Kevin and Combination Lock,OK,C++17 (GCC 7-32),1742847490
312244668,sakshamgumber124,Kevin and Binary Strings,OK,C++17 (GCC 7-32),1742845902
312243692,Rai_Kshitiz,Kevin and Competition Memories,OK,C++17 (GCC 7-32),1742845294
312240035,Yaswanth_555,Kevin and Binary Strings,OK,C++20 (GCC 13-64),1742843001
312239354,overclocked_t,Kevin and Competition Memories,OK,C++17 (GCC 7-32),1742842615
312238975,overclocked_t,Kevin and Competition Memories,OK,C++17 (GCC 7-32),1742842402
312237027,Adarsh304,Kevin and Combination Lock,OK,Java 21,1742841321
312236608,jehad_010,Kevin and Permutation,WRONG_ANSWER,C++17 (GCC 7-32),1742841098
312234949,swaraj0,Kevin and Combination Lock,OK,Java 21,1742840282
312234743,Adarsh304,Kevin and Combination Lock,TIME_LIMIT_EXCEEDED,Java 21,1742840174
312234371,swaraj0,Kevin and Combination Lock,WRONG_ANSWER,Java 21,1742839960
312233883,sakshamgumber124,Kevin and Binary Strings,OK,C++17 (GCC 7-32),1742839710
312233106,Dpkasd_12,Kevin and Binary Strings,OK,Rust 2021,1742839297
312232742,swaraj0,Kevin and Combination Lock,RUNTIME_ERROR,Java 21,1742839126
312231795,Tier_3_failure,Kevin and Competition Memories,OK,C++20 (GCC 13-64),1742838678
312229163,fahim_7272,Kevin and Binary Strings,OK,C++17 (GCC 7-32),1742837379
312224704,Anisha.k,Kevin and Permutation,OK,Java 21,1742835291
312223031,jehad_010,Kevin and Permutation,WRONG_ANSWER,C++17 (GCC 7-32),1742834477
312221936,Vinay.Udeshi,Kevin and Binary Strings,OK,C++20 (GCC 13-64),1742833876
312218239,brokesoul,Kevin and Competition Memories,OK,C++17 (GCC 7-32),1742832014
312214605,brokesoul,Kevin and Competition Memories,WRONG_ANSWER,C++17 (GCC 7-32),1742830252
312213197,ashishkr5656,Kevin and Binary Strings,RUNTIME_ERROR,Java 21,1742829611
312212880,ashishkr5656,Kevin and Binary Strings,RUNTIME_ERROR,Java 21,1742829473
312212587,ashishkr5656,Kevin and Binary Strings,WRONG_ANSWER,Java 21,1742829348
312211233,manideepnaidugorle,Kevin and Binary Strings,OK,"C++23 (GCC 14-64, msys2)",1742828755
312206771,topke,Kevin and Binary Strings,OK,C++20 (GCC 13-64),1742826741
312206089,rajanagg_11,Kevin and Permutation,OK,Java 21,1742826429
312205941,rajanagg_11,Kevin and Combination Lock,OK,Java 21,1742826365
312204882,topke,Kevin and Binary Strings,WRONG_ANSWER,C++20 (GCC 13-64),1742825933
312204499,visheshkumar18,Kevin and Permutation,OK,C++17 (GCC 7-32),1742825769
312192016,suimaolon,Kevin and Combination Lock,OK,"C++23 (GCC 14-64, msys2)",1742820505
312191534,faizparvez,Kevin and Binary Strings,RUNTIME_ERROR,Java 21,1742820293
312191054,Systuumatic,Kevin and Binary Strings,OK,"C++23 (GCC 14-64, msys2)",1742820076
312190639,maryamabubakr,Kevin and Combination Lock,OK,C++20 (GCC 13-64),1742819887
312189946,Jkel,Kevin and Competition Memories,OK,"C++23 (GCC 14-64, msys2)",1742819540
312188308,Yaswanth_555,Kevin and Binary Strings,WRONG_ANSWER,C++20 (GCC 13-64),1742818742
312187923,Yaswanth_555,Kevin and Binary Strings,WRONG_ANSWER,C++20 (GCC 13-64),1742818578
312187502,Yaswanth_555,Kevin and Binary Strings,WRONG_ANSWER,C++20 (GCC 13-64),1742818378
312186530,Yaswanth_555,Kevin and Binary Strings,WRONG_ANSWER,C++20 (GCC 13-64),1742817959
312184200,cold-coffee,Kevin and Permutation,OK,C++17 (GCC 7-32),1742816800
312183856,Systuumatic,Kevin and Binary Strings,WRONG_ANSWER,"C++23 (GCC 14-64, msys2)",1742816637
312183684,Systuumatic,Kevin and Binary Strings,WRONG_ANSWER,"C++23 (GCC 14-64, msys2)",1742816553
312180684,Systuumatic,Kevin and Binary Strings,WRONG_ANSWER,"C++23 (GCC 14-64, msys2)",1742815073
312180656,ankitkumar9155343303,Kevin and Combination Lock,OK,C++17 (GCC 7-32),1742815056
312180438,ankitkumar9155343303,Kevin and Combination Lock,WRONG_ANSWER,C++17 (GCC 7-32),1742814962
312180296,Systuumatic,Kevin and Binary Strings,WRONG_ANSWER,"C++23 (GCC 14-64, msys2)",1742814896
312179234,Systuumatic,Kevin and Binary Strings,WRONG_ANSWER,"C++23 (GCC 14-64, msys2)",1742814355
312178815,ankitkumar9155343303,Kevin and Combination Lock,RUNTIME_ERROR,C++17 (GCC 7-32),1742814122
312173917,Karthik1812,Kevin and Binary Strings,OK,C++20 (GCC 13-64),1742811250
312173382,cynicalcrusader,Kevin and Binary Strings,OK,"C++23 (GCC 14-64, msys2)",1742810934
312173166,cynicalcrusader,Kevin and Binary Strings,WRONG_ANSWER,"C++23 (GCC 14-64, msys2)",1742810788
312173055,cynicalcrusader,Kevin and Binary Strings,RUNTIME_ERROR,"C++23 (GCC 14-64, msys2)",1742810718
312172929,cynicalcrusader,Kevin and Binary Strings,RUNTIME_ERROR,"C++23 (GCC 14-64, msys2)",1742810650
312171956,Karthik1812,Kevin and Binary Strings,WRONG_ANSWER,C++20 (GCC 13-64),1742810083
312171839,Karthik1812,Kevin and Binary Strings,WRONG_ANSWER,C++20 (GCC 13-64),1742810018
312171733,Krishank,Kevin and Permutation,MEMORY_LIMIT_EXCEEDED,PyPy 3-64,1742809954
312171675,Karthik1812,Kevin and Binary Strings,WRONG_ANSWER,C++20 (GCC 13-64),1742809916
312171461,Krishank,Kevin and Permutation,OK,PyPy 3-64,1742809800
312171453,Karthik1812,Kevin and Binary Strings,WRONG_ANSWER,C++20 (GCC 13-64),1742809796
312171160,Krishank,Kevin and Permutation,MEMORY_LIMIT_EXCEEDED,PyPy 3-64,1742809631
312171026,Hasanatkazi12,Kevin and Permutation,WRONG_ANSWER,C++17 (GCC 7-32),1742809556
312170832,Krishank,Kevin and Permutation,MEMORY_LIMIT_EXCEEDED,PyPy 3-64,1742809460
312170598,Karthik1812,Kevin and Binary Strings,WRONG_ANSWER,C++20 (GCC 13-64),1742809338
312170289,Karthik1812,Kevin and Binary Strings,WRONG_ANSWER,C++20 (GCC 13-64),1742809177
312169989,Karthik1812,Kevin and Binary Strings,WRONG_ANSWER,C++20 (GCC 13-64),1742809032
312169862,Karthik1812,Kevin and Binary Strings,WRONG_ANSWER,C++20 (GCC 13-64),1742808967
312168378,Karthik1812,Kevin and Binary Strings,WRONG_ANSWER,C++20 (GCC 13-64),1742808163
312167353,Systuumatic,Kevin and Permutation,OK,"C++23 (GCC 14-64, msys2)",1742807584
312163582,D1orite,Kevin and Matrices,OK,C++20 (GCC 13-64),1742805391
312161084,hfygrtfrgdtgftgftgdthj,Kevin and Binary Strings,OK,C++17 (GCC 7-32),1742803917
312159903,wusixuan,Kevin and Bipartite Graph,OK,C++17 (GCC 7-32),1742803224
312159883,asmit7336,Kevin and Combination Lock,OK,Java 8,1742803213
312159643,wusixuan,Kevin and Bipartite Graph,WRONG_ANSWER,C++17 (GCC 7-32),1742803046
312159523,wusixuan,Kevin and Bipartite Graph,WRONG_ANSWER,C++17 (GCC 7-32),1742802957
312159336,hfygrtfrgdtgftgftgdthj,Kevin and Binary Strings,WRONG_ANSWER,C++17 (GCC 7-32),1742802834
312154130,arpitprasad,Kevin and Permutation,OK,C++17 (GCC 7-32),1742799513
312154012,arpitprasad,Kevin and Permutation,WRONG_ANSWER,C++17 (GCC 7-32),1742799450
312153935,arpitprasad,Kevin and Permutation,WRONG_ANSWER,C++17 (GCC 7-32),1742799411
312153877,arpitprasad,Kevin and Permutation,WRONG_ANSWER,C++17 (GCC 7-32),1742799371
312153172,arpitprasad,Kevin and Permutation,WRONG_ANSWER,C++17 (GCC 7-32),1742798960
312151766,tasrifkhan0102,Kevin and Permutation,OK,C++17 (GCC 7-32),1742798099
312150321,vishesh_codes,Kevin and Combination Lock,OK,C++20 (GCC 13-64),1742797147
312150069,vishesh_codes,Kevin and Combination Lock,WRONG_ANSWER,C++20 (GCC 13-64),1742797011
312149610,jehad_010,Kevin and Permutation,WRONG_ANSWER,C++17 (GCC 7-32),1742796718
312149452,brandnewnode,Kevin and Matrices,TIME_LIMIT_EXCEEDED,PyPy 3-64,1742796619
312148954,tasrifkhan0102,Kevin and Permutation,WRONG_ANSWER,C++17 (GCC 7-32),1742796294
312147937,ywc_,Kevin and Math Class,OK,C++20 (GCC 13-64),1742795635
312147274,ywc_,Kevin and Math Class,WRONG_ANSWER,C++20 (GCC 13-64),1742795115
312136912,Aword,Kevin and Binary Strings,OK,"C++23 (GCC 14-64, msys2)",1742784778
312135962,JrMelloXOmega,Kevin and Permutation,OK,"C++23 (GCC 14-64, msys2)",1742783643
312134031,Dostonr,Kevin and Binary Strings,OK,"C++23 (GCC 14-64, msys2)",1742781333
312133426,nalindalal2004,Kevin and Permutation,OK,C++17 (GCC 7-32),1742780559
312133387,nalindalal2004,Kevin and Permutation,COMPILATION_ERROR,C++17 (GCC 7-32),1742780522
312130255,nl75,Kevin and Permutation,OK,C++20 (GCC 13-64),1742776165
312130127,nl75,Kevin and Permutation,WRONG_ANSWER,C++20 (GCC 13-64),1742775994
312128746,richi78,Kevin and Combination Lock,OK,C++20 (GCC 13-64),1742773733
312126594,nl75,Kevin and Binary Strings,OK,C++20 (GCC 13-64),1742770188
312126500,nl75,Kevin and Binary Strings,OK,C++20 (GCC 13-64),1742770051
312124450,lxnu,Kevin and Bipartite Graph,WRONG_ANSWER,"C++23 (GCC 14-64, msys2)",1742767031
312123831,lxnu,Kevin and Bipartite Graph,WRONG_ANSWER,"C++23 (GCC 14-64, msys2)",1742766324
312121715,lxnu,Kevin and Competition Memories,OK,"C++23 (GCC 14-64, msys2)",1742764134
312121662,lxnu,Kevin and Competition Memories,OK,"C++23 (GCC 14-64, msys2)",1742764090
312120630,sanatangupta,Kevin and Binary Strings,WRONG_ANSWER,C++20 (GCC 13-64),1742763156
312120419,sanatangupta,Kevin and Binary Strings,WRONG_ANSWER,C++20 (GCC 13-64),1742762976
312120335,sanatangupta,Kevin and Binary Strings,WRONG_ANSWER,C++20 (GCC 13-64),1742762900
312120010,sanatangupta,Kevin and Binary Strings,WRONG_ANSWER,C++20 (GCC 13-64),1742762603
312119762,FALLIN1,Kevin and Combination Lock,OK,C++17 (GCC 7-32),1742762379
312119401,FALLIN1,Kevin and Combination Lock,OK,C++17 (GCC 7-32),1742762066
312119188,sanatangupta,Kevin and Binary Strings,WRONG_ANSWER,C++20 (GCC 13-64),1742761881
312118804,Theorem_of_Everything,Kevin and Permutation,OK,Java 21,1742761552
312118722,FALLIN1,Kevin and Combination Lock,WRONG_ANSWER,C++17 (GCC 7-32),1742761479
312118221,emran_1,Kevin and Permutation,OK,PyPy 3-64,1742761049
312116749,sakshamgumber124,Kevin and Binary Strings,WRONG_ANSWER,C++17 (GCC 7-32),1742759851
312116616,sakshamgumber124,Kevin and Binary Strings,WRONG_ANSWER,C++17 (GCC 7-32),1742759754
312112459,arpitprasad,Kevin and Permutation,WRONG_ANSWER,C++17 (GCC 7-32),1742756803
312112403,arpitprasad,Kevin and Permutation,WRONG_ANSWER,C++17 (GCC 7-32),1742756765
312112315,arpitprasad,Kevin and Permutation,WRONG_ANSWER,C++17 (GCC 7-32),1742756712
312110935,lxnu,Kevin and Binary Strings,OK,"C++23 (GCC 14-64, msys2)",1742755825
312108336,Sanjayk1999,Kevin and Combination Lock,OK,C++20 (GCC 13-64),1742754241
312106777,ivchenkoandrey2,Kevin and Bipartite Graph,OK,"C++23 (GCC 14-64, msys2)",1742753306
312106675,ivchenkoandrey2,Kevin and Bipartite Graph,WRONG_ANSWER,"C++23 (GCC 14-64, msys2)",1742753243
312106617,lxnu,Kevin and Permutation,OK,"C++23 (GCC 14-64, msys2)",1742753215
312106466,lxnu,Kevin and Permutation,WRONG_ANSWER,"C++23 (GCC 14-64, msys2)",1742753112
312106429,lxnu,Kevin and Permutation,WRONG_ANSWER,"C++23 (GCC 14-64, msys2)",1742753090
312106383,ivchenkoandrey2,Kevin and Bipartite Graph,WRONG_ANSWER,"C++23 (GCC 14-64, msys2)",1742753050
312106243,lxnu,Kevin and Combination Lock,OK,"C++23 (GCC 14-64, msys2)",1742752961
312105674,FALLIN1,Kevin and Combination Lock,WRONG_ANSWER,C++17 (GCC 7-32),1742752630
312104941,Theorem_of_Everything,Kevin and Permutation,TIME_LIMIT_EXCEEDED,Java 21,1742752206
312103970,DreamerShemul,Kevin and Permutation,OK,C++20 (GCC 13-64),1742751641
312103664,Sathi13,Kevin and Permutation,OK,C++17 (GCC 7-32),1742751484
312103395,AsXaN,Kevin and Combination Lock,WRONG_ANSWER,C++17 (GCC 7-32),1742751321
312103105,Sam_in_Zulfiker,Kevin and Combination Lock,OK,C++17 (GCC 7-32),1742751133
312102741,FALLIN1,Kevin and Combination Lock,WRONG_ANSWER,C++17 (GCC 7-32),1742750940
312101374,Ambug_Pls_Debug,Kevin and Competition Memories,OK,C++20 (GCC 13-64),1742750171
312100530,Bunny_07,Kevin and Combination Lock,OK,C++17 (GCC 7-32),1742749658
312100505,Bunny_07,Kevin and Combination Lock,OK,C++17 (GCC 7-32),1742749642
312099927,M0_0N,Kevin and Combination Lock,OK,C++17 (GCC 7-32),1742749301
312099478,AsXaN,Kevin and Combination Lock,OK,C++17 (GCC 7-32),1742749051
312099428,AsXaN,Kevin and Combination Lock,OK,C++17 (GCC 7-32),1742749024
312099345,AsXaN,Kevin and Combination Lock,COMPILATION_ERROR,C++17 (GCC 7-32),1742748984
312099286,dati3212,Kevin and Competition Memories,OK,"C++23 (GCC 14-64, msys2)",1742748953
312099051,haxisCodes,Kevin and Permutation,OK,C++17 (GCC 7-32),1742748824
312098875,AsXaN,Kevin and Combination Lock,WRONG_ANSWER,C++17 (GCC 7-32),1742748731
312098125,M0_0N,Kevin and Combination Lock,OK,C++17 (GCC 7-32),1742748244
312097868,M0_0N,Kevin and Combination Lock,WRONG_ANSWER,C++17 (GCC 7-32),1742748088
312097835,Galactic_Adil,Kevin and Permutation,OK,C++17 (GCC 7-32),1742748063
312095202,efendi,Kevin and Combination Lock,OK,C++20 (GCC 13-64),1742746349
312089557,Blueima,Kevin and Permutation,OK,C++17 (GCC 7-32),1742743118
312087977,mvsprabash,Kevin and Combination Lock,OK,"C++23 (GCC 14-64, msys2)",1742742241
312087780,moumitaghose,Kevin and Permutation,OK,"C++23 (GCC 14-64, msys2)",1742742127
312086752,haxisCodes,Kevin and Permutation,RUNTIME_ERROR,C++17 (GCC 7-32),1742741577
312084081,1435730,Kevin and Competition Memories,OK,GNU C11,1742740307
312080638,fatal-98,Kevin and Combination Lock,OK,Java 21,1742738633
312073859,23wh1a12b3,Kevin and Combination Lock,OK,"C++23 (GCC 14-64, msys2)",1742735434
312073469,23wh1a12b3,Kevin and Combination Lock,TIME_LIMIT_EXCEEDED,"C++23 (GCC 14-64, msys2)",1742735243
312073267,Zinetsu,Kevin and Binary Strings,OK,C++17 (GCC 7-32),1742735136
312073185,23wh1a12b3,Kevin and Combination Lock,TIME_LIMIT_EXCEEDED,"C++23 (GCC 14-64, msys2)",1742735095
312062109,AboodProggram,Kevin and Combination Lock,OK,"C++23 (GCC 14-64, msys2)",1742729651
312047671,Dhinakarans,Kevin and Permutation,OK,Python 3,1742723530
312047373,Dhinakarans,Kevin and Permutation,WRONG_ANSWER,Python 3,1742723415
312047122,Satadip.Forz,Kevin and Binary Strings,OK,C++20 (GCC 13-64),1742723316
312042542,23wh1a1288,Kevin and Combination Lock,WRONG_ANSWER,Python 3,1742721442
312042247,23wh1a1288,Kevin and Combination Lock,WRONG_ANSWER,Python 3,1742721330
312035370,aryangarg146,Kevin and Binary Strings,OK,C++17 (GCC 7-32),1742718952
312034211,aryangarg146,Kevin and Binary Strings,OK,C++17 (GCC 7-32),1742718449
312033801,AboodProggram,Kevin and Combination Lock,WRONG_ANSWER,"C++23 (GCC 14-64, msys2)",1742718101
312030877,AboodProggram,Kevin and Combination Lock,OK,"C++23 (GCC 14-64, msys2)",1742716951
312030320,shreyashshinde3011,Kevin and Permutation,OK,Java 21,1742716880
312029636,James114514191,Kevin and Bipartite Graph,OK,C++20 (GCC 13-64),1742716794
312029483,AboodProggram,Kevin and Combination Lock,COMPILATION_ERROR,"C++23 (GCC 14-64, msys2)",1742716773
312029213,AboodProggram,Kevin and Combination Lock,COMPILATION_ERROR,"C++23 (GCC 14-64, msys2)",1742716738
312029191,James114514191,Kevin and Bipartite Graph,COMPILATION_ERROR,C++20 (GCC 13-64),1742716735
312028000,shreyashshinde3011,Kevin and Permutation,WRONG_ANSWER,Java 21,1742716571
312025890,surajmishra88266,Kevin and Permutation,OK,C++20 (GCC 13-64),1742716256
312019095,crazy_7,Kevin and Competition Memories,OK,Java 21,1742715163
312018514,crazy_7,Kevin and Competition Memories,OK,Java 21,1742715066
312017859,crazy_7,Kevin and Competition Memories,WRONG_ANSWER,Java 21,1742714962
312015098,aryangarg146,Kevin and Binary Strings,WRONG_ANSWER,C++17 (GCC 7-32),1742714511
311990036,Marchell_Hii,Kevin and Permutation,OK,C++17 (GCC 7-32),1742710868
311989305,Marchell_Hii,Kevin and Permutation,WRONG_ANSWER,C++17 (GCC 7-32),1742710776
311960099,scar027,Kevin and Permutation,OK,C++20 (GCC 13-64),1742708052
311959928,akramdevstuffs,Kevin and Binary Strings,WRONG_ANSWER,"C++23 (GCC 14-64, msys2)",1742707956
311959698,deku0007,Kevin and Binary Strings,OK,C++17 (GCC 7-32),1742707835
311958839,akramdevstuffs,Kevin and Binary Strings,WRONG_ANSWER,"C++23 (GCC 14-64, msys2)",1742707349
311957793,Acceptyourself,Kevin and Permutation,OK,C++17 (GCC 7-32),1742706757
311957647,akramdevstuffs,Kevin and Binary Strings,WRONG_ANSWER,"C++23 (GCC 14-64, msys2)",1742706660
311951022,kundana_19,Kevin and Combination Lock,TIME_LIMIT_EXCEEDED,C++20 (GCC 13-64),1742701415
311948498,cartesian_bearrr,Kevin and Competition Memories,OK,C++17 (GCC 7-32),1742698945
311946916,cartesian_bearrr,Kevin and Competition Memories,WRONG_ANSWER,C++17 (GCC 7-32),1742697317
311946753,cartesian_bearrr,Kevin and Competition Memories,WRONG_ANSWER,C++17 (GCC 7-32),1742697131
311946627,cartesian_bearrr,Kevin and Competition Memories,WRONG_ANSWER,C++17 (GCC 7-32),1742696995
311940491,cartesian_bearrr,Kevin and Binary Strings,OK,C++17 (GCC 7-32),1742688414
311939791,cartesian_bearrr,Kevin and Permutation,OK,C++17 (GCC 7-32),1742687157
311939673,cartesian_bearrr,Kevin and Permutation,WRONG_ANSWER,C++17 (GCC 7-32),1742687009
311939439,cartesian_bearrr,Kevin and Combination Lock,OK,C++17 (GCC 7-32),1742686652
311939046,Lakshya_Sachan,Kevin and Binary Strings,OK,C++17 (GCC 7-32),1742685959
311937527,mohsen_soleman,Kevin and Binary Strings,OK,"C++23 (GCC 14-64, msys2)",1742684325
311936087,mohsen_soleman,Kevin and Binary Strings,WRONG_ANSWER,"C++23 (GCC 14-64, msys2)",1742683723
311936062,dragoon4890,Kevin and Permutation,OK,PyPy 3-64,1742683683
311935816,Lakshya_Sachan,Kevin and Permutation,OK,C++17 (GCC 7-32),1742683347
311933631,Lakshya_Sachan,Kevin and Combination Lock,OK,C++17 (GCC 7-32),1742681718
311929600,dragoon4890,Kevin and Permutation,WRONG_ANSWER,PyPy 3-64,1742679172
311928822,arun.giri2024,Kevin and Combination Lock,OK,Python 3,1742678740
311919390,chicken_65_,Kevin and Permutation,OK,C++17 (GCC 7-32),1742673599
311905691,CyberEnigma,Kevin and Permutation,OK,C++20 (GCC 13-64),1742666332
311901483,Armaan_912,Kevin and Binary Strings,OK,"C++23 (GCC 14-64, msys2)",1742664613
311898160,bhuvana_5c3,Kevin and Combination Lock,WRONG_ANSWER,Java 8,1742663473
311878238,lucasancruz,Kevin and Competition Memories,OK,C++20 (GCC 13-64),1742659662
311876869,lucasancruz,Kevin and Competition Memories,TIME_LIMIT_EXCEEDED,C++20 (GCC 13-64),1742659515
311837022,Poojitha_Gangadhari,Kevin and Combination Lock,TIME_LIMIT_EXCEEDED,Java 8,1742656159
311836250,Poojitha_Gangadhari,Kevin and Combination Lock,COMPILATION_ERROR,Python 3,1742656106
311830035,meenakshi_2005,Kevin and Combination Lock,COMPILATION_ERROR,Python 3,1742655709
311805580,guangong,Kevin and Combination Lock,OK,C++20 (GCC 13-64),1742653398
311805172,guangong,Kevin and Combination Lock,RUNTIME_ERROR,C++20 (GCC 13-64),1742653199
311804955,Okabe46,Kevin and Permutation,OK,"C++23 (GCC 14-64, msys2)",1742653099
311804584,Okabe46,Kevin and Permutation,WRONG_ANSWER,"C++23 (GCC 14-64, msys2)",1742652932
311804574,guinelo_cp,Kevin and Combination Lock,OK,"C++23 (GCC 14-64, msys2)",1742652927
311803616,Okabe46,Kevin and Combination Lock,OK,"C++23 (GCC 14-64, msys2)",1742652492
311802917,yy910,Kevin and Binary Strings,OK,C++20 (GCC 13-64),1742652173
311800781,sourovdas,Kevin and Combination Lock,COMPILATION_ERROR,GNU C11,1742651195
311799795,sourovdas,Kevin and Combination Lock,TIME_LIMIT_EXCEEDED,GNU C11,1742650770
311796353,tavin,Kevin and Binary Strings,WRONG_ANSWER,C++17 (GCC 7-32),1742649283
311795697,aditeya0306,Kevin and Permutation,OK,C++17 (GCC 7-32),1742648978
311793965,tavin,Kevin and Binary Strings,WRONG_ANSWER,C++17 (GCC 7-32),1742648095
311792429,kanna_23,Kevin and Combination Lock,WRONG_ANSWER,Python 3,1742647259
311792422,Max_Kas,Kevin and Combination Lock,OK,Python 3,1742647257
311792319,kanna_23,Kevin and Combination Lock,WRONG_ANSWER,Python 3,1742647198
311792217,kanna_23,Kevin and Combination Lock,TIME_LIMIT_EXCEEDED,Python 3,1742647137
311787051,H.Shiva,Kevin and Binary Strings,OK,C++17 (GCC 7-32),1742644290
311785444,kkapoor,Kevin and Competition Memories,OK,"C++23 (GCC 14-64, msys2)",1742643415
311784359,raazsharma155,Kevin and Bipartite Graph,WRONG_ANSWER,C++17 (GCC 7-32),1742642772
311783926,4Hundred,Kevin and Binary Strings,OK,C++20 (GCC 13-64),1742642563
311783519,raazsharma155,Kevin and Bipartite Graph,WRONG_ANSWER,C++17 (GCC 7-32),1742642350
311777533,Nitya_Shukla,Kevin and Binary Strings,OK,C++17 (GCC 7-32),1742639333
311774258,H.Shiva,Kevin and Binary Strings,OK,C++17 (GCC 7-32),1742637622
311771740,Ratul_Talukder,Kevin and Permutation,OK,"C++23 (GCC 14-64, msys2)",1742636403
311770923,Rakin_JKKNIU,Kevin and Permutation,OK,PyPy 3-64,1742636041
311770209,Rakin_JKKNIU,Kevin and Permutation,WRONG_ANSWER,PyPy 3-64,1742635725
311768828,Rakin_JKKNIU,Kevin and Permutation,WRONG_ANSWER,PyPy 3-64,1742635085
311765996,yadav_iitbhu,Kevin and Binary Strings,OK,C++17 (GCC 7-32),1742633784
311765679,3.14,Kevin and Bipartite Graph,OK,C++17 (GCC 7-32),1742633644
311763457,h2mnox,Kevin and Permutation,OK,C++17 (GCC 7-32),1742632699
311760306,h2mnox,Kevin and Combination Lock,OK,C++17 (GCC 7-32),1742631318
311758950,yadav_iitbhu,Kevin and Permutation,OK,C++17 (GCC 7-32),1742630686
311757536,Arnab_Bhattacharya,Kevin and Binary Strings,OK,C++17 (GCC 7-32),1742630049
311757092,yadav_iitbhu,Kevin and Combination Lock,OK,C++17 (GCC 7-32),1742629848
311755472,Gaurav_Lodhi,Kevin and Combination Lock,OK,"C++23 (GCC 14-64, msys2)",1742629084
311754529,jubayeribnsaif98,Kevin and Combination Lock,RUNTIME_ERROR,C++17 (GCC 7-32),1742628681
311754436,jubayeribnsaif98,Kevin and Combination Lock,RUNTIME_ERROR,C++17 (GCC 7-32),1742628635
311754308,Gaurav_Lodhi,Kevin and Combination Lock,TIME_LIMIT_EXCEEDED,"C++23 (GCC 14-64, msys2)",1742628578
311751360,IS_Shihab,Kevin and Permutation,OK,C++20 (GCC 13-64),1742627258
311750997,noobie_hunter,Kevin and Competition Memories,OK,"C++23 (GCC 14-64, msys2)",1742627085
311750247,Ylx21,Kevin and Binary Strings,OK,C++17 (GCC 7-32),1742626748
311748727,Dpkasd_12,Kevin and Combination Lock,OK,Rust 2021,1742626056
311748584,yashbaldev07,Kevin and Combination Lock,OK,C++17 (GCC 7-32),1742625992
311747237,Dpkasd_12,Kevin and Permutation,OK,Rust 2021,1742625368
311744360,liujingwen,Kevin and Bipartite Graph,OK,C++17 (GCC 7-32),1742624056
311735230,Rohit7905314,Kevin and Binary Strings,OK,C++17 (GCC 7-32),1742618508
311734505,Rohit7905314,Kevin and Binary Strings,WRONG_ANSWER,C++17 (GCC 7-32),1742617749
311731338,pagemrw,Kevin and Bipartite Graph,OK,C++17 (GCC 7-32),1742614332
311731162,pagemrw,Kevin and Bipartite Graph,WRONG_ANSWER,C++17 (GCC 7-32),1742614140
311730920,pagemrw,Kevin and Bipartite Graph,WRONG_ANSWER,C++17 (GCC 7-32),1742613871
311726017,creesh_krx,Kevin and Permutation,OK,C++20 (GCC 13-64),1742607556
311725896,creesh_krx,Kevin and Combination Lock,OK,C++20 (GCC 13-64),1742607330
311725816,DeMoN-ff,Kevin and Competition Memories,OK,C++20 (GCC 13-64),1742607195
311725747,DeMoN-ff,Kevin and Competition Memories,WRONG_ANSWER,C++20 (GCC 13-64),1742607091
311725624,jypo1104win,Kevin and Bipartite Graph,OK,C++20 (GCC 13-64),1742606901
311721655,shashwatanand021,Kevin and Permutation,OK,C++20 (GCC 13-64),1742601352
311721645,shashwatanand021,Kevin and Permutation,WRONG_ANSWER,C++20 (GCC 13-64),1742601316
311721450,shashwatanand021,Kevin and Permutation,WRONG_ANSWER,C++20 (GCC 13-64),1742600917
311719269,_Trozen,Kevin and Permutation,OK,C++17 (GCC 7-32),1742597185
311717978,BitBoTCoder,Kevin and Permutation,OK,C++17 (GCC 7-32),1742595492
311712751,Aviral_D,Kevin and Permutation,OK,"C++23 (GCC 14-64, msys2)",1742590851
311708945,_Lactosi,Kevin and Competition Memories,OK,C++17 (GCC 7-32),1742588581
311708140,ajitlewis7,Kevin and Combination Lock,MEMORY_LIMIT_EXCEEDED,C++17 (GCC 7-32),1742588082
311706386,vlacerda,Kevin and Binary Strings,OK,"C++23 (GCC 14-64, msys2)",1742587023
311704915,Rami___________________,Kevin and Permutation,OK,C++17 (GCC 7-32),1742586120
311702091,Tanuj_941,Kevin and Binary Strings,OK,PyPy 3-64,1742584337
311701984,_Lactosi,Kevin and Binary Strings,OK,C++17 (GCC 7-32),1742584269
311700882,_Lactosi,Kevin and Binary Strings,WRONG_ANSWER,C++17 (GCC 7-32),1742583559
311700880,lucas2058,Kevin and Permutation,OK,C++17 (GCC 7-32),1742583558
311700212,Balerion111,Kevin and Binary Strings,OK,C++17 (GCC 7-32),1742583158
311699796,Im_Piyush,Kevin and Binary Strings,WRONG_ANSWER,C++20 (GCC 13-64),1742582912
311699669,Balerion111,Kevin and Binary Strings,WRONG_ANSWER,C++17 (GCC 7-32),1742582837
311699630,_Lactosi,Kevin and Permutation,OK,C++17 (GCC 7-32),1742582812
311699352,_Lactosi,Kevin and Combination Lock,OK,C++17 (GCC 7-32),1742582644
311699107,mayank567,Kevin and Binary Strings,OK,"C++23 (GCC 14-64, msys2)",1742582494
311698684,Balerion111,Kevin and Binary Strings,WRONG_ANSWER,C++17 (GCC 7-32),1742582233
311698376,Im_Piyush,Kevin and Binary Strings,WRONG_ANSWER,C++20 (GCC 13-64),1742582054
311698302,Mehedi____,Kevin and Permutation,OK,"C++23 (GCC 14-64, msys2)",1742582003
311697530,Assl_g,Kevin and Permutation,OK,C++17 (GCC 7-32),1742581582
311697479,Garvit_Goyal,Kevin and Permutation,OK,"C++23 (GCC 14-64, msys2)",1742581560
311697305,Assl_g,Kevin and Permutation,WRONG_ANSWER,C++17 (GCC 7-32),1742581471
311697020,Balerion111,Kevin and Binary Strings,WRONG_ANSWER,C++17 (GCC 7-32),1742581327
311694718,ismayils,Kevin and Permutation,OK,C++20 (GCC 13-64),1742580084
311694702,Balerion111,Kevin and Binary Strings,WRONG_ANSWER,C++17 (GCC 7-32),1742580073
311694380,ismayils,Kevin and Permutation,WRONG_ANSWER,C++20 (GCC 13-64),1742579917
311688386,Chanakya_01,Kevin and Permutation,OK,C++20 (GCC 13-64),1742576809
311686737,Casio-AEQ-120W-1AVDF,Kevin and Competition Memories,OK,"C++23 (GCC 14-64, msys2)",1742575928
311684901,ScriptDaddy,Kevin and Competition Memories,OK,C++17 (GCC 7-32),1742574909
311684804,ScriptDaddy,Kevin and Competition Memories,WRONG_ANSWER,C++17 (GCC 7-32),1742574841
311682470,sahilkumar993277,Kevin and Combination Lock,OK,C++17 (GCC 7-32),1742573721
311680394,Arnab_Bhattacharya,Kevin and Binary Strings,RUNTIME_ERROR,C++17 (GCC 7-32),1742572645
311679205,NechtoTom,Kevin and Bipartite Graph,OK,C++20 (GCC 13-64),1742572153
311679089,NechtoTom,Kevin and Bipartite Graph,WRONG_ANSWER,C++20 (GCC 13-64),1742572109
311678643,NechtoTom,Kevin and Bipartite Graph,WRONG_ANSWER,C++20 (GCC 13-64),1742571956
311677788,hitsuuj,Kevin and Competition Memories,OK,"C++23 (GCC 14-64, msys2)",1742571601
311675742,snigdhchamoli,Kevin and Combination Lock,OK,C++17 (GCC 7-32),1742570740
311675447,snigdhchamoli,Kevin and Combination Lock,WRONG_ANSWER,C++17 (GCC 7-32),1742570597
311675388,snigdhchamoli,Kevin and Combination Lock,WRONG_ANSWER,C++17 (GCC 7-32),1742570573
311674581,snigdhchamoli,Kevin and Combination Lock,WRONG_ANSWER,C++17 (GCC 7-32),1742570226
311674359,wangzy336,Kevin and Combination Lock,OK,C++17 (GCC 7-32),1742570117
311674342,snigdhchamoli,Kevin and Combination Lock,WRONG_ANSWER,C++17 (GCC 7-32),1742570108
311674077,jfdyk728026,Kevin and Binary Strings,WRONG_ANSWER,C++17 (GCC 7-32),1742570019
311674069,snigdhchamoli,Kevin and Combination Lock,WRONG_ANSWER,C++17 (GCC 7-32),1742570015
311673982,hzjte578015,Kevin and Puzzle (Easy Version),WRONG_ANSWER,C++17 (GCC 7-32),1742569976
311673945,snigdhchamoli,Kevin and Combination Lock,WRONG_ANSWER,C++17 (GCC 7-32),1742569958
311672869,dcyip001400,Kevin and Bipartite Graph,WRONG_ANSWER,C++17 (GCC 7-32),1742569461
311672803,hzjte578015,Kevin and Bipartite Graph,WRONG_ANSWER,C++17 (GCC 7-32),1742569431
311672361,NechtoTom,Kevin and Bipartite Graph,WRONG_ANSWER,C++20 (GCC 13-64),1742569239
311668941,labibshahriar9997,Kevin and Combination Lock,OK,Python 3,1742567707
311668378,labibshahriar9997,Kevin and Combination Lock,TIME_LIMIT_EXCEEDED,Python 3,1742567450
311667511,labibshahriar9997,Kevin and Combination Lock,RUNTIME_ERROR,Python 3,1742567035
311664438,NechtoTom,Kevin and Competition Memories,OK,C++20 (GCC 13-64),1742565648
311664296,NechtoTom,Kevin and Competition Memories,WRONG_ANSWER,C++20 (GCC 13-64),1742565585
311662218,mayankagrwl_13,Kevin and Competition Memories,OK,C++20 (GCC 13-64),1742564736
311659787,ykgupta2411,Kevin and Combination Lock,OK,Java 21,1742563760
311656687,shashankagrawal2024,Kevin and Combination Lock,OK,Java 21,1742561924
311655738,shashankagrawal2024,Kevin and Combination Lock,OK,Java 21,1742561371
311655196,shashankagrawal2024,Kevin and Combination Lock,OK,Java 21,1742561174
311655174,snigdhchamoli,Kevin and Combination Lock,RUNTIME_ERROR,C++17 (GCC 7-32),1742561158
311653724,shashankagrawal2024,Kevin and Permutation,OK,Java 21,1742560445
311651723,shashankagrawal2024,Kevin and Permutation,WRONG_ANSWER,Java 21,1742559536
311651147,Mehedi____,Kevin and Permutation,WRONG_ANSWER,"C++23 (GCC 14-64, msys2)",1742559237
311650412,Nikhil_Patidar687,Kevin and Permutation,OK,"C++23 (GCC 14-64, msys2)",1742558876
311649295,Nikhil_Patidar687,Kevin and Combination Lock,OK,"C++23 (GCC 14-64, msys2)",1742558344
311645695,arsen1y,Kevin and Competition Memories,OK,C++20 (GCC 13-64),1742556713
311645476,arsen1y,Kevin and Competition Memories,WRONG_ANSWER,C++20 (GCC 13-64),1742556591
311643665,fridge_,Kevin and Permutation,OK,C++17 (GCC 7-32),1742555716
311643645,Aditya_Singal,Kevin and Permutation,TIME_LIMIT_EXCEEDED,PyPy 3,1742555708
311643356,Increedible,Kevin and Bipartite Graph,WRONG_ANSWER,C++20 (GCC 13-64),1742555565
311641402,doomer27,Kevin and Combination Lock,OK,"C++23 (GCC 14-64, msys2)",1742554523
311639619,aayushkabra1862004,Kevin and Binary Strings,WRONG_ANSWER,C++17 (GCC 7-32),1742553573
311639239,vaish_ke,Kevin and Combination Lock,TIME_LIMIT_EXCEEDED,Java 21,1742553340
311639230,Mehedi____,Kevin and Permutation,WRONG_ANSWER,"C++23 (GCC 14-64, msys2)",1742553334
311639227,aayushkabra1862004,Kevin and Binary Strings,WRONG_ANSWER,C++17 (GCC 7-32),1742553332
311639085,Mehedi____,Kevin and Permutation,WRONG_ANSWER,"C++23 (GCC 14-64, msys2)",1742553246
311638507,Nishat_Unnisa20,Kevin and Combination Lock,OK,Java 21,1742552912
311637655,_Srikanth_B,Kevin and Binary Strings,RUNTIME_ERROR,C++17 (GCC 7-32),1742552441
311636810,SmolBrain,Kevin and Competition Memories,OK,C++20 (GCC 13-64),1742551923
311633508,Sahiti_varma,Kevin and Combination Lock,WRONG_ANSWER,Python 3,1742549987
311633318,Sahiti_varma,Kevin and Combination Lock,WRONG_ANSWER,Python 3,1742549873
311631820,Jishnu27,Kevin and Permutation,OK,C++17 (GCC 7-32),1742548822
311631262,xiaoren.,Kevin and Bipartite Graph,OK,C++20 (GCC 13-64),1742547767
311631026,xiaoren.,Kevin and Bipartite Graph,WRONG_ANSWER,C++20 (GCC 13-64),1742547210
311629114,xiaoren.,Kevin and Competition Memories,OK,C++20 (GCC 13-64),1742544312
311628535,drxw,Kevin and Permutation,OK,C++17 (GCC 7-32),1742543954
311627565,drxw,Kevin and Combination Lock,OK,C++17 (GCC 7-32),1742543254
311624359,xiaoren.,Kevin and Binary Strings,OK,C++20 (GCC 13-64),1742540945
311622967,xiaoren.,Kevin and Permutation,OK,C++20 (GCC 13-64),1742539978
311622615,ishansoni9876,Kevin and Permutation,OK,"C++23 (GCC 14-64, msys2)",1742539725
311622584,xiaoren.,Kevin and Permutation,WRONG_ANSWER,C++20 (GCC 13-64),1742539707
311622233,xiaoren.,Kevin and Combination Lock,OK,C++20 (GCC 13-64),1742539486
311622082,ishansoni9876,Kevin and Permutation,RUNTIME_ERROR,"C++23 (GCC 14-64, msys2)",1742539381
311621152,AdityABIRLA2005,Kevin and Binary Strings,OK,C++17 (GCC 7-32),1742538770
311620877,friedmandoyle517,Kevin and Matrices,WRONG_ANSWER,C++17 (GCC 7-32),1742538586
311620813,dvniw302823,Kevin and Matrices,WRONG_ANSWER,C++17 (GCC 7-32),1742538551
311620752,aleklily55006,Kevin and Matrices,WRONG_ANSWER,C++17 (GCC 7-32),1742538516
311619858,-willing-,Kevin and Combination Lock,OK,"C++23 (GCC 14-64, msys2)",1742537924
311619776,-willing-,Kevin and Combination Lock,COMPILATION_ERROR,"C++23 (GCC 14-64, msys2)",1742537867
311619275,NechtoTom,Kevin and Binary Strings,OK,C++20 (GCC 13-64),1742537458
311617743,alwaysAsk,Kevin and Permutation,OK,C++17 (GCC 7-32),1742536195
311617183,kuntesh035,Kevin and Permutation,OK,"C++23 (GCC 14-64, msys2)",1742535737
311615941,kuntesh035,Kevin and Permutation,WRONG_ANSWER,"C++23 (GCC 14-64, msys2)",1742534657
311615874,NechtoTom,Kevin and Permutation,OK,C++20 (GCC 13-64),1742534590
311615696,NechtoTom,Kevin and Permutation,WRONG_ANSWER,C++20 (GCC 13-64),1742534445
311614788,NechtoTom,Kevin and Combination Lock,OK,C++20 (GCC 13-64),1742533601
311612811,jfdyk728026,Kevin and Permutation,WRONG_ANSWER,C++17 (GCC 7-32),1742531688
311612773,zhuce4,Kevin and Math Class,WRONG_ANSWER,C++17 (GCC 7-32),1742531649
311612742,dvniw302823,Kevin and Math Class,WRONG_ANSWER,C++17 (GCC 7-32),1742531616
311612714,pybtv613973,Kevin and Math Class,WRONG_ANSWER,C++17 (GCC 7-32),1742531581
311612673,friedmandoyle517,Kevin and Math Class,WRONG_ANSWER,C++17 (GCC 7-32),1742531548
311612644,rypeh528871,Kevin and Math Class,WRONG_ANSWER,C++17 (GCC 7-32),1742531514
311612602,dvniw302823,Kevin and Math Class,WRONG_ANSWER,C++17 (GCC 7-32),1742531467
311612555,zhuce4,Kevin and Math Class,WRONG_ANSWER,C++17 (GCC 7-32),1742531424
311612536,Kabir_hasan,Kevin and Combination Lock,OK,C++17 (GCC 7-32),1742531406
311612510,hzjte578015,Kevin and Math Class,WRONG_ANSWER,C++17 (GCC 7-32),1742531371
311612469,baocm764442,Kevin and Competition Memories,WRONG_ANSWER,C++17 (GCC 7-32),1742531336
311612433,Kabir_hasan,Kevin and Combination Lock,OK,C++17 (GCC 7-32),1742531296
311612430,alomjonah540,Kevin and Competition Memories,TIME_LIMIT_EXCEEDED,C++17 (GCC 7-32),1742531296
311612388,dcyip001400,Kevin and Competition Memories,WRONG_ANSWER,C++17 (GCC 7-32),1742531251
311612349,dvniw302823,Kevin and Competition Memories,WRONG_ANSWER,C++17 (GCC 7-32),1742531213
311612295,baocm764442,Kevin and Competition Memories,WRONG_ANSWER,C++17 (GCC 7-32),1742531141
311612256,hrpxh282108,Kevin and Competition Memories,WRONG_ANSWER,C++17 (GCC 7-32),1742531104
311612213,qqjxi200721,Kevin and Combination Lock,OK,C++17 (GCC 7-32),1742531062
311612184,aleklily55006,Kevin and Binary Strings,WRONG_ANSWER,C++17 (GCC 7-32),1742531029
311612140,friedmandoyle517,Kevin and Binary Strings,WRONG_ANSWER,C++17 (GCC 7-32),1742530981
311612105,qqjxi200721,Kevin and Binary Strings,WRONG_ANSWER,C++17 (GCC 7-32),1742530942
311612080,rypeh528871,Kevin and Binary Strings,TIME_LIMIT_EXCEEDED,C++17 (GCC 7-32),1742530906
311612036,jfdyk728026,Kevin and Binary Strings,TIME_LIMIT_EXCEEDED,C++17 (GCC 7-32),1742530853
311611999,jfdyk728026,Kevin and Binary Strings,RUNTIME_ERROR,C++17 (GCC 7-32),1742530819
311611964,friedmandoyle517,Kevin and Binary Strings,TIME_LIMIT_EXCEEDED,C++17 (GCC 7-32),1742530771
311611914,friedmandoyle517,Kevin and Binary Strings,TIME_LIMIT_EXCEEDED,C++17 (GCC 7-32),1742530721
311611885,aleklily55006,Kevin and Puzzle (Easy Version),WRONG_ANSWER,C++17 (GCC 7-32),1742530687
311611859,alomjonah540,Kevin and Puzzle (Easy Version),WRONG_ANSWER,C++17 (GCC 7-32),1742530654
311611818,rypeh528871,Kevin and Puzzle (Easy Version),WRONG_ANSWER,C++17 (GCC 7-32),1742530614
311611697,qqjxi200721,Kevin and Puzzle (Easy Version),WRONG_ANSWER,C++17 (GCC 7-32),1742530488
311611654,pybtv613973,Kevin and Puzzle (Easy Version),WRONG_ANSWER,C++17 (GCC 7-32),1742530452
311611607,friedmandoyle517,Kevin and Puzzle (Easy Version),WRONG_ANSWER,C++17 (GCC 7-32),1742530409
311610445,alomjonah540,Kevin and Matrices,WRONG_ANSWER,C++17 (GCC 7-32),1742529157
311610414,zhuce4,Kevin and Matrices,WRONG_ANSWER,C++17 (GCC 7-32),1742529120
311610389,qqjxi200721,Kevin and Bipartite Graph,WRONG_ANSWER,C++17 (GCC 7-32),1742529084
311610292,rypeh528871,Kevin and Bipartite Graph,WRONG_ANSWER,C++17 (GCC 7-32),1742528965
311610258,rypeh528871,Kevin and Bipartite Graph,WRONG_ANSWER,C++17 (GCC 7-32),1742528930
311610220,dcyip001400,Kevin and Bipartite Graph,WRONG_ANSWER,C++17 (GCC 7-32),1742528890
311610201,zhuce4,Kevin and Bipartite Graph,WRONG_ANSWER,C++17 (GCC 7-32),1742528856
311610171,hrpxh282108,Kevin and Bipartite Graph,WRONG_ANSWER,C++17 (GCC 7-32),1742528818
311610111,baocm764442,Kevin and Bipartite Graph,WRONG_ANSWER,C++17 (GCC 7-32),1742528754
311609984,alomjonah540,Kevin and Combination Lock,OK,C++17 (GCC 7-32),1742528599
311609942,aleklily55006,Kevin and Combination Lock,OK,C++17 (GCC 7-32),1742528562
311609903,hzjte578015,Kevin and Combination Lock,OK,C++17 (GCC 7-32),1742528527
311609877,hrpxh282108,Kevin and Combination Lock,OK,C++17 (GCC 7-32),1742528493
311609847,aleklily55006,Kevin and Combination Lock,OK,C++17 (GCC 7-32),1742528458
311609812,pybtv613973,Kevin and Combination Lock,OK,C++17 (GCC 7-32),1742528422
311609765,hrpxh282108,Kevin and Combination Lock,OK,C++17 (GCC 7-32),1742528382
311609231,dcyip001400,Kevin and Strange Operation,WRONG_ANSWER,C++17 (GCC 7-32),1742527811
311609206,qqjxi200721,Kevin and Strange Operation,WRONG_ANSWER,C++17 (GCC 7-32),1742527778
311609179,baocm764442,Kevin and Strange Operation,WRONG_ANSWER,C++17 (GCC 7-32),1742527743
311609146,dvniw302823,Kevin and Strange Operation,WRONG_ANSWER,C++17 (GCC 7-32),1742527707
311609113,jfdyk728026,Kevin and Strange Operation,WRONG_ANSWER,C++17 (GCC 7-32),1742527673
311608722,pybtv613973,Kevin and Strange Operation,WRONG_ANSWER,C++17 (GCC 7-32),1742527221
311608683,dvniw302823,Kevin and Strange Operation,WRONG_ANSWER,C++17 (GCC 7-32),1742527178
311608653,dvniw302823,Kevin and Puzzle (Hard Version),WRONG_ANSWER,C++17 (GCC 7-32),1742527142
311608623,zhuce4,Kevin and Puzzle (Hard Version),WRONG_ANSWER,C++17 (GCC 7-32),1742527107
311608601,rypeh528871,Kevin and Puzzle (Hard Version),WRONG_ANSWER,C++17 (GCC 7-32),1742527070
311608566,hrpxh282108,Kevin and Puzzle (Hard Version),WRONG_ANSWER,C++17 (GCC 7-32),1742527033
311608526,jfdyk728026,Kevin and Puzzle (Hard Version),WRONG_ANSWER,C++17 (GCC 7-32),1742526990
311608480,friedmandoyle517,Kevin and Puzzle (Hard Version),WRONG_ANSWER,C++17 (GCC 7-32),1742526946
311608451,baocm764442,Kevin and Puzzle (Hard Version),WRONG_ANSWER,C++17 (GCC 7-32),1742526904
311608423,hrpxh282108,Kevin and Puzzle (Hard Version),WRONG_ANSWER,C++17 (GCC 7-32),1742526859
311608387,hrpxh282108,Kevin and Permutation,WRONG_ANSWER,C++17 (GCC 7-32),1742526820
311608352,zhuce4,Kevin and Permutation,WRONG_ANSWER,C++17 (GCC 7-32),1742526783
311608314,rypeh528871,Kevin and Permutation,WRONG_ANSWER,C++17 (GCC 7-32),1742526742
311608284,aleklily55006,Kevin and Permutation,WRONG_ANSWER,C++17 (GCC 7-32),1742526705
311608279,Kabir_hasan,Kevin and Combination Lock,WRONG_ANSWER,C++17 (GCC 7-32),1742526699
311608243,friedmandoyle517,Kevin and Permutation,WRONG_ANSWER,C++17 (GCC 7-32),1742526642
311608200,aleklily55006,Kevin and Permutation,WRONG_ANSWER,C++17 (GCC 7-32),1742526597
311608164,qqjxi200721,Kevin and Permutation,WRONG_ANSWER,C++17 (GCC 7-32),1742526555
311606925,Zyntherix,Kevin and Competition Memories,OK,"C++23 (GCC 14-64, msys2)",1742525068
311606050,UmBender,Kevin and Binary Strings,OK,"C++23 (GCC 14-64, msys2)",1742524013
311603868,_Venti,Kevin and Competition Memories,WRONG_ANSWER,C++20 (GCC 13-64),1742520429
311603798,_Venti,Kevin and Competition Memories,OK,C++20 (GCC 13-64),1742520324
311602528,arctano,Kevin and Combination Lock,OK,"C++23 (GCC 14-64, msys2)",1742518511
311602095,chenkexin,Kevin and Permutation,OK,C++20 (GCC 13-64),1742517909
311597190,amirhoseinfar1385,Kevin and Strange Operation,RUNTIME_ERROR,"C++23 (GCC 14-64, msys2)",1742510276
311596215,shashankagrawal2024,Kevin and Permutation,WRONG_ANSWER,Java 21,1742508984
311596115,shashankagrawal2024,Kevin and Permutation,WRONG_ANSWER,Java 21,1742508854
311594173,SamuelTull,Kevin and Competition Memories,OK,C++17 (GCC 7-32),1742506923
311593123,altcringer,Kevin and Permutation,OK,PyPy 3-64,1742505967
311592777,altcringer,Kevin and Combination Lock,OK,PyPy 3-64,1742505712
311589294,ridwan2005,Kevin and Permutation,OK,"C++23 (GCC 14-64, msys2)",1742503194
311586952,SHOVON_2004,Kevin and Permutation,OK,"C++23 (GCC 14-64, msys2)",1742501706
311585672,toxicjoker,Kevin and Combination Lock,OK,C++17 (GCC 7-32),1742500989
311584736,toxicjoker,Kevin and Combination Lock,OK,C++17 (GCC 7-32),1742500446
311584401,ridwan2005,Kevin and Permutation,OK,"C++23 (GCC 14-64, msys2)",1742500247
311579182,Sohel_rana_25,Kevin and Permutation,OK,"C++23 (GCC 14-64, msys2)",1742497174
311577939,ridwan2005,Kevin and Permutation,WRONG_ANSWER,"C++23 (GCC 14-64, msys2)",1742496434
311577810,ridwan2005,Kevin and Permutation,WRONG_ANSWER,"C++23 (GCC 14-64, msys2)",1742496361
311574651,ridwan2005,Kevin and Permutation,WRONG_ANSWER,"C++23 (GCC 14-64, msys2)",1742494659
311573685,_Rithik,Kevin and Binary Strings,OK,C++20 (GCC 13-64),1742494145
311573078,ridwan2005,Kevin and Permutation,WRONG_ANSWER,"C++23 (GCC 14-64, msys2)",1742493816
311571665,_Rithik,Kevin and Binary Strings,WRONG_ANSWER,C++20 (GCC 13-64),1742493123
311570679,AdeebBinHuda,Kevin and Permutation,OK,C++20 (GCC 13-64),1742492665
311570462,AdeebBinHuda,Kevin and Permutation,WRONG_ANSWER,C++20 (GCC 13-64),1742492567
311570197,AdeebBinHuda,Kevin and Permutation,WRONG_ANSWER,C++20 (GCC 13-64),1742492420
311569713,amirhoseinfar1385,Kevin and Strange Operation,OK,"C++23 (GCC 14-64, msys2)",1742492200
311569640,amirhoseinfar1385,Kevin and Strange Operation,WRONG_ANSWER,"C++23 (GCC 14-64, msys2)",1742492161
311569513,amirhoseinfar1385,Kevin and Strange Operation,WRONG_ANSWER,"C++23 (GCC 14-64, msys2)",1742492095
311569427,amirhoseinfar1385,Kevin and Strange Operation,WRONG_ANSWER,"C++23 (GCC 14-64, msys2)",1742492059
311569202,mayankagrwl_13,Kevin and Bipartite Graph,OK,C++20 (GCC 13-64),1742491957
311569078,mayankagrwl_13,Kevin and Bipartite Graph,RUNTIME_ERROR,C++20 (GCC 13-64),1742491896
311568236,bindhujupally,Kevin and Combination Lock,WRONG_ANSWER,C++17 (GCC 7-32),1742491489
311567239,ff465593,Kevin and Binary Strings,OK,C++17 (GCC 7-32),1742491036
311566615,toxicjoker,Kevin and Combination Lock,TIME_LIMIT_EXCEEDED,C++17 (GCC 7-32),1742490766
311564459,AdeebBinHuda,Kevin and Permutation,WRONG_ANSWER,C++20 (GCC 13-64),1742489751
311561319,rypeh528871,Kevin and Matrices,WRONG_ANSWER,C++17 (GCC 7-32),1742488315
311561291,Sir_Heisenberg,Kevin and Binary Strings,OK,"C++23 (GCC 14-64, msys2)",1742488303
311561249,zhuce4,Kevin and Matrices,WRONG_ANSWER,C++17 (GCC 7-32),1742488284
311561144,zhuce4,Kevin and Matrices,WRONG_ANSWER,C++17 (GCC 7-32),1742488237
311561056,rypeh528871,Kevin and Matrices,WRONG_ANSWER,C++17 (GCC 7-32),1742488200
311560968,hrpxh282108,Kevin and Bipartite Graph,WRONG_ANSWER,C++17 (GCC 7-32),1742488168
311560451,PiyushShrey,Kevin and Competition Memories,OK,"C++23 (GCC 14-64, msys2)",1742487945
311557177,dvniw302823,Kevin and Puzzle (Hard Version),WRONG_ANSWER,C++17 (GCC 7-32),1742486477
311556327,Dpkasd_12,Kevin and Competition Memories,OK,Rust 2021,1742486099
311555806,23wh1a0568,Kevin and Combination Lock,OK,GNU C11,1742485883
311551751,minarapoly,Kevin and Combination Lock,OK,C++17 (GCC 7-32),1742484075
311549571,PKC17,Kevin and Permutation,OK,PyPy 3-64,1742483112
311549478,khushikapoor200313,Kevin and Competition Memories,TIME_LIMIT_EXCEEDED,Java 21,1742483076
311549254,khushikapoor200313,Kevin and Competition Memories,TIME_LIMIT_EXCEEDED,Java 21,1742482978
311548006,khushikapoor200313,Kevin and Competition Memories,TIME_LIMIT_EXCEEDED,Java 21,1742482462
311542419,guts_01,Kevin and Competition Memories,OK,"C++23 (GCC 14-64, msys2)",1742480128
311539456,Lforlullaby,Kevin and Combination Lock,OK,C++20 (GCC 13-64),1742478878
311538631,23wh1a1205,Kevin and Combination Lock,WRONG_ANSWER,Java 21,1742478586
311538368,23wh1a1205,Kevin and Combination Lock,WRONG_ANSWER,Java 21,1742478481
311537804,alzimdoang,Kevin and Combination Lock,OK,Python 3,1742478216
311532406,01hcaijiahao,Kevin and Competition Memories,OK,C++20 (GCC 13-64),1742475795
311531885,ning1ing,Kevin and Binary Strings,OK,Java 21,1742475543
311530109,vlacerda,Kevin and Binary Strings,WRONG_ANSWER,"C++23 (GCC 14-64, msys2)",1742474736
311529764,vlacerda,Kevin and Binary Strings,WRONG_ANSWER,"C++23 (GCC 14-64, msys2)",1742474580
311526789,WANG6666SIJIE,Kevin and Combination Lock,OK,C++17 (GCC 7-32),1742473126
311524974,EatClenTrenHard,Kevin and Combination Lock,TIME_LIMIT_EXCEEDED,C++20 (GCC 13-64),1742472326
311523713,asitis,Kevin and Competition Memories,OK,C++20 (GCC 13-64),1742471770
311521837,Lakshmi_14,Kevin and Combination Lock,TIME_LIMIT_EXCEEDED,Java 8,1742470948
311521736,Lakshmi_14,Kevin and Combination Lock,WRONG_ANSWER,Java 8,1742470907
311521636,Lakshmi_14,Kevin and Combination Lock,TIME_LIMIT_EXCEEDED,Java 8,1742470870
311517081,PiyushShrey,Kevin and Binary Strings,OK,"C++23 (GCC 14-64, msys2)",1742468904
311516923,PiyushShrey,Kevin and Binary Strings,WRONG_ANSWER,"C++23 (GCC 14-64, msys2)",1742468831
311516061,lowestratedaccount,Kevin and Permutation,OK,C++17 (GCC 7-32),1742468470
311515760,asimshah2111,Kevin and Binary Strings,OK,"C++23 (GCC 14-64, msys2)",1742468342
311514456,asimshah2111,Kevin and Binary Strings,WRONG_ANSWER,"C++23 (GCC 14-64, msys2)",1742467619
311514365,voicon,Kevin and Competition Memories,OK,PyPy 3-64,1742467570
311511389,lg465128,Kevin and Matrices,OK,"C++23 (GCC 14-64, msys2)",1742465998
311506961,asimshah2111,Kevin and Binary Strings,WRONG_ANSWER,"C++23 (GCC 14-64, msys2)",1742463567
311506764,asimshah2111,Kevin and Binary Strings,WRONG_ANSWER,"C++23 (GCC 14-64, msys2)",1742463463
311506702,wallcrack,Kevin and Bipartite Graph,OK,C++20 (GCC 13-64),1742463424
311506544,zhuce4,Kevin and Strange Operation,WRONG_ANSWER,C++17 (GCC 7-32),1742463348
311506470,hrpxh282108,Kevin and Strange Operation,WRONG_ANSWER,C++17 (GCC 7-32),1742463311
311506400,jfdyk728026,Kevin and Strange Operation,WRONG_ANSWER,C++17 (GCC 7-32),1742463272
311506303,friedmandoyle517,Kevin and Puzzle (Hard Version),WRONG_ANSWER,C++17 (GCC 7-32),1742463222
311506226,qqjxi200721,Kevin and Puzzle (Hard Version),WRONG_ANSWER,C++17 (GCC 7-32),1742463178
311506165,niemanngracie2052,Kevin and Puzzle (Hard Version),WRONG_ANSWER,C++17 (GCC 7-32),1742463143
311506098,aleklily55006,Kevin and Puzzle (Hard Version),WRONG_ANSWER,C++17 (GCC 7-32),1742463103
311506030,hrpxh282108,Kevin and Puzzle (Hard Version),WRONG_ANSWER,C++17 (GCC 7-32),1742463071
311505967,pybtv613973,Kevin and Puzzle (Hard Version),WRONG_ANSWER,C++17 (GCC 7-32),1742463030
311505914,hzjte578015,Kevin and Puzzle (Hard Version),WRONG_ANSWER,C++17 (GCC 7-32),1742462990
311505853,aleklily55006,Kevin and Puzzle (Hard Version),WRONG_ANSWER,C++17 (GCC 7-32),1742462954
311505782,dcyip001400,Kevin and Binary Strings,WRONG_ANSWER,C++17 (GCC 7-32),1742462915
311505737,hzjte578015,Kevin and Binary Strings,RUNTIME_ERROR,C++17 (GCC 7-32),1742462882
311505654,hrpxh282108,Kevin and Binary Strings,TIME_LIMIT_EXCEEDED,C++17 (GCC 7-32),1742462840
311505594,hzjte578015,Kevin and Binary Strings,WRONG_ANSWER,C++17 (GCC 7-32),1742462803
311505534,niemanngracie2052,Kevin and Binary Strings,WRONG_ANSWER,C++17 (GCC 7-32),1742462764
311505465,rypeh528871,Kevin and Binary Strings,WRONG_ANSWER,C++17 (GCC 7-32),1742462729
311505415,zhuce4,Kevin and Permutation,OK,C++17 (GCC 7-32),1742462695
311505333,hzjte578015,Kevin and Permutation,OK,C++17 (GCC 7-32),1742462656
311505264,niemanngracie2052,Kevin and Permutation,OK,C++17 (GCC 7-32),1742462621
311505199,rypeh528871,Kevin and Permutation,WRONG_ANSWER,C++17 (GCC 7-32),1742462587
311505124,alomjonah540,Kevin and Permutation,WRONG_ANSWER,C++17 (GCC 7-32),1742462551
311505091,to_bad,Kevin and Competition Memories,OK,"C++23 (GCC 14-64, msys2)",1742462527
311505075,jfdyk728026,Kevin and Permutation,OK,C++17 (GCC 7-32),1742462518
311505028,dcyip001400,Kevin and Permutation,WRONG_ANSWER,C++17 (GCC 7-32),1742462485
311504963,niemanngracie2052,Kevin and Permutation,OK,C++17 (GCC 7-32),1742462451
311504938,to_bad,Kevin and Competition Memories,OK,"C++23 (GCC 14-64, msys2)",1742462439
311504909,alomjonah540,Kevin and Math Class,WRONG_ANSWER,C++17 (GCC 7-32),1742462415
311504856,starforces,Kevin and Competition Memories,OK,C++20 (GCC 13-64),1742462383
311504839,niemanngracie2052,Kevin and Math Class,WRONG_ANSWER,C++17 (GCC 7-32),1742462375
311504772,hrpxh282108,Kevin and Math Class,WRONG_ANSWER,C++17 (GCC 7-32),1742462341
311504711,rypeh528871,Kevin and Math Class,WRONG_ANSWER,C++17 (GCC 7-32),1742462309
311504635,hrpxh282108,Kevin and Math Class,TIME_LIMIT_EXCEEDED,C++17 (GCC 7-32),1742462269
311504566,hrpxh282108,Kevin and Math Class,RUNTIME_ERROR,C++17 (GCC 7-32),1742462239
311504498,dcyip001400,Kevin and Math Class,WRONG_ANSWER,C++17 (GCC 7-32),1742462206
311504427,dcyip001400,Kevin and Puzzle (Easy Version),WRONG_ANSWER,C++17 (GCC 7-32),1742462171
311504357,aleklily55006,Kevin and Puzzle (Easy Version),WRONG_ANSWER,C++17 (GCC 7-32),1742462136
311504278,hzjte578015,Kevin and Puzzle (Easy Version),WRONG_ANSWER,C++17 (GCC 7-32),1742462094
311504201,hzjte578015,Kevin and Puzzle (Easy Version),WRONG_ANSWER,C++17 (GCC 7-32),1742462052
311504143,dcyip001400,Kevin and Puzzle (Easy Version),WRONG_ANSWER,C++17 (GCC 7-32),1742462018
311504078,aleklily55006,Kevin and Puzzle (Easy Version),WRONG_ANSWER,C++17 (GCC 7-32),1742461985
311504017,niemanngracie2052,Kevin and Puzzle (Easy Version),WRONG_ANSWER,C++17 (GCC 7-32),1742461953
311503926,niemanngracie2052,Kevin and Puzzle (Easy Version),WRONG_ANSWER,C++17 (GCC 7-32),1742461906
311503865,Messi_00005,Kevin and Permutation,OK,PyPy 3-64,1742461869
311503745,zhuce4,Kevin and Competition Memories,WRONG_ANSWER,C++17 (GCC 7-32),1742461806
311503679,qqjxi200721,Kevin and Competition Memories,WRONG_ANSWER,C++17 (GCC 7-32),1742461768
311503611,aleklily55006,Kevin and Competition Memories,WRONG_ANSWER,C++17 (GCC 7-32),1742461732
311503554,baocm764442,Kevin and Competition Memories,WRONG_ANSWER,C++17 (GCC 7-32),1742461702
311503488,niemanngracie2052,Kevin and Competition Memories,WRONG_ANSWER,C++17 (GCC 7-32),1742461660
311503417,hzjte578015,Kevin and Matrices,WRONG_ANSWER,C++17 (GCC 7-32),1742461626
311503354,qqjxi200721,Kevin and Matrices,WRONG_ANSWER,C++17 (GCC 7-32),1742461592
311503300,zhuce4,Kevin and Matrices,WRONG_ANSWER,C++17 (GCC 7-32),1742461557
311503241,jfdyk728026,Kevin and Matrices,WRONG_ANSWER,C++17 (GCC 7-32),1742461520
311503156,qqjxi200721,Kevin and Matrices,WRONG_ANSWER,C++17 (GCC 7-32),1742461473
311503096,hrpxh282108,Kevin and Matrices,WRONG_ANSWER,C++17 (GCC 7-32),1742461443
311503015,hzjte578015,Kevin and Matrices,WRONG_ANSWER,C++17 (GCC 7-32),1742461405
311502941,dvniw302823,Kevin and Bipartite Graph,WRONG_ANSWER,C++17 (GCC 7-32),1742461368
311502880,hrpxh282108,Kevin and Bipartite Graph,WRONG_ANSWER,C++17 (GCC 7-32),1742461330
311502810,jfdyk728026,Kevin and Bipartite Graph,WRONG_ANSWER,C++17 (GCC 7-32),1742461295
311502739,qqjxi200721,Kevin and Bipartite Graph,WRONG_ANSWER,C++17 (GCC 7-32),1742461258
311502679,zhuce4,Kevin and Bipartite Graph,WRONG_ANSWER,C++17 (GCC 7-32),1742461221
311502613,niemanngracie2052,Kevin and Bipartite Graph,WRONG_ANSWER,C++17 (GCC 7-32),1742461188
311502535,dcyip001400,Kevin and Bipartite Graph,WRONG_ANSWER,C++17 (GCC 7-32),1742461152
311502459,rypeh528871,Kevin and Bipartite Graph,WRONG_ANSWER,C++17 (GCC 7-32),1742461106
311502386,hzjte578015,Kevin and Combination Lock,OK,C++17 (GCC 7-32),1742461075
311502322,hzjte578015,Kevin and Combination Lock,OK,C++17 (GCC 7-32),1742461042
311502256,rypeh528871,Kevin and Combination Lock,OK,C++17 (GCC 7-32),1742461008
311502203,ozcnm515845,Kevin and Combination Lock,OK,C++17 (GCC 7-32),1742460973
311502088,pybtv613973,Kevin and Combination Lock,OK,C++17 (GCC 7-32),1742460908
311502018,alomjonah540,Kevin and Combination Lock,OK,C++17 (GCC 7-32),1742460870
311501938,qqjxi200721,Kevin and Combination Lock,OK,C++17 (GCC 7-32),1742460832
311501879,jfdyk728026,Kevin and Binary Strings,WRONG_ANSWER,C++17 (GCC 7-32),1742460798
311500508,starforces,Kevin and Binary Strings,OK,C++20 (GCC 13-64),1742460039
311500291,qqjxi200721,Kevin and Strange Operation,WRONG_ANSWER,C++17 (GCC 7-32),1742459931
311500224,alomjonah540,Kevin and Strange Operation,WRONG_ANSWER,C++17 (GCC 7-32),1742459895
311500169,ozcnm515845,Kevin and Strange Operation,WRONG_ANSWER,C++17 (GCC 7-32),1742459863
311500105,jfdyk728026,Kevin and Strange Operation,WRONG_ANSWER,C++17 (GCC 7-32),1742459828
311498820,starforces,Kevin and Binary Strings,WRONG_ANSWER,C++20 (GCC 13-64),1742459100
311498307,zhuce4,Kevin and Matrices,WRONG_ANSWER,C++17 (GCC 7-32),1742458809
311498251,niemanngracie2052,Kevin and Matrices,WRONG_ANSWER,C++17 (GCC 7-32),1742458778
311498203,hzjte578015,Kevin and Matrices,WRONG_ANSWER,C++17 (GCC 7-32),1742458750
311498153,ozcnm515845,Kevin and Matrices,WRONG_ANSWER,C++17 (GCC 7-32),1742458718
311498062,ozcnm515845,Kevin and Bipartite Graph,WRONG_ANSWER,C++17 (GCC 7-32),1742458657
311497397,starforces,Kevin and Permutation,OK,C++20 (GCC 13-64),1742458256
311496721,starforces,Kevin and Combination Lock,OK,C++20 (GCC 13-64),1742457867
311496630,duckkkkkk,Kevin and Binary Strings,OK,C++17 (GCC 7-32),1742457817
311496090,duckkkkkk,Kevin and Binary Strings,WRONG_ANSWER,C++17 (GCC 7-32),1742457479
311496013,dcyip001400,Kevin and Puzzle (Hard Version),WRONG_ANSWER,C++17 (GCC 7-32),1742457425
311495109,duckkkkkk,Kevin and Binary Strings,WRONG_ANSWER,C++17 (GCC 7-32),1742456838
311494522,Radhe03,Kevin and Permutation,OK,C++17 (GCC 7-32),1742456465
311494271,Radhe03,Kevin and Permutation,WRONG_ANSWER,C++17 (GCC 7-32),1742456312
311493708,zhuce4,Kevin and Strange Operation,WRONG_ANSWER,C++17 (GCC 7-32),1742455996
311493642,qqjxi200721,Kevin and Strange Operation,WRONG_ANSWER,C++17 (GCC 7-32),1742455961
311493568,niemanngracie2052,Kevin and Strange Operation,WRONG_ANSWER,C++17 (GCC 7-32),1742455922
311493521,qqjxi200721,Kevin and Puzzle (Hard Version),WRONG_ANSWER,C++17 (GCC 7-32),1742455892
311493468,hrpxh282108,Kevin and Puzzle (Hard Version),COMPILATION_ERROR,C++17 (GCC 7-32),1742455861
311493415,dcyip001400,Kevin and Puzzle (Hard Version),COMPILATION_ERROR,C++17 (GCC 7-32),1742455826
311493362,ozcnm515845,Kevin and Puzzle (Hard Version),WRONG_ANSWER,C++17 (GCC 7-32),1742455789
311493305,baocm764442,Kevin and Puzzle (Hard Version),WRONG_ANSWER,C++17 (GCC 7-32),1742455757
311493287,AliberA,Kevin and Combination Lock,OK,C++20 (GCC 13-64),1742455746
311493211,niemanngracie2052,Kevin and Puzzle (Hard Version),WRONG_ANSWER,C++17 (GCC 7-32),1742455709
311493143,baocm764442,Kevin and Permutation,WRONG_ANSWER,C++17 (GCC 7-32),1742455672
311493069,pybtv613973,Kevin and Permutation,WRONG_ANSWER,C++17 (GCC 7-32),1742455635
311492992,dvniw302823,Kevin and Permutation,WRONG_ANSWER,C++17 (GCC 7-32),1742455597
311492941,hrpxh282108,Kevin and Permutation,WRONG_ANSWER,C++17 (GCC 7-32),1742455563
311492868,friedmandoyle517,Kevin and Permutation,WRONG_ANSWER,C++17 (GCC 7-32),1742455520
311492788,friedmandoyle517,Kevin and Permutation,WRONG_ANSWER,C++17 (GCC 7-32),1742455471
311492719,aleklily55006,Kevin and Permutation,WRONG_ANSWER,C++17 (GCC 7-32),1742455436
311492673,zhuce4,Kevin and Math Class,WRONG_ANSWER,C++17 (GCC 7-32),1742455402
311492623,dvniw302823,Kevin and Math Class,WRONG_ANSWER,C++17 (GCC 7-32),1742455369
311492568,pybtv613973,Kevin and Math Class,WRONG_ANSWER,C++17 (GCC 7-32),1742455332
311492503,rypeh528871,Kevin and Math Class,COMPILATION_ERROR,C++17 (GCC 7-32),1742455295
311492446,hrpxh282108,Kevin and Math Class,WRONG_ANSWER,C++17 (GCC 7-32),1742455260
311492393,jfdyk728026,Kevin and Math Class,WRONG_ANSWER,C++17 (GCC 7-32),1742455227
311492318,rypeh528871,Kevin and Competition Memories,WRONG_ANSWER,C++17 (GCC 7-32),1742455191
311492254,dvniw302823,Kevin and Competition Memories,WRONG_ANSWER,C++17 (GCC 7-32),1742455156
311492183,pybtv613973,Kevin and Competition Memories,WRONG_ANSWER,C++17 (GCC 7-32),1742455113
311492115,aleklily55006,Kevin and Competition Memories,WRONG_ANSWER,C++17 (GCC 7-32),1742455077
311492052,rypeh528871,Kevin and Bipartite Graph,WRONG_ANSWER,C++17 (GCC 7-32),1742455045
311491983,niemanngracie2052,Kevin and Bipartite Graph,WRONG_ANSWER,C++17 (GCC 7-32),1742454999
311491919,dcyip001400,Kevin and Bipartite Graph,WRONG_ANSWER,C++17 (GCC 7-32),1742454964
311491846,qqjxi200721,Kevin and Bipartite Graph,WRONG_ANSWER,C++17 (GCC 7-32),1742454930
311491796,friedmandoyle517,Kevin and Bipartite Graph,WRONG_ANSWER,C++17 (GCC 7-32),1742454897
311491750,dcyip001400,Kevin and Bipartite Graph,WRONG_ANSWER,C++17 (GCC 7-32),1742454868
311491632,baocm764442,Kevin and Bipartite Graph,WRONG_ANSWER,C++17 (GCC 7-32),1742454801
311491576,ozcnm515845,Kevin and Combination Lock,OK,C++17 (GCC 7-32),1742454766
311491513,dcyip001400,Kevin and Combination Lock,OK,C++17 (GCC 7-32),1742454731
311491454,ozcnm515845,Kevin and Combination Lock,OK,C++17 (GCC 7-32),1742454698
311491360,friedmandoyle517,Kevin and Combination Lock,OK,C++17 (GCC 7-32),1742454630
311491229,rypeh528871,Kevin and Combination Lock,OK,C++17 (GCC 7-32),1742454567
311491138,aleklily55006,Kevin and Combination Lock,OK,C++17 (GCC 7-32),1742454515
311491074,ozcnm515845,Kevin and Binary Strings,WRONG_ANSWER,C++17 (GCC 7-32),1742454477
311490992,jfdyk728026,Kevin and Binary Strings,WRONG_ANSWER,C++17 (GCC 7-32),1742454438
311490917,baocm764442,Kevin and Binary Strings,WRONG_ANSWER,C++17 (GCC 7-32),1742454401
311490851,friedmandoyle517,Kevin and Binary Strings,WRONG_ANSWER,C++17 (GCC 7-32),1742454365
311490777,friedmandoyle517,Kevin and Binary Strings,WRONG_ANSWER,C++17 (GCC 7-32),1742454327
311490702,zhuce4,Kevin and Binary Strings,WRONG_ANSWER,C++17 (GCC 7-32),1742454294
311490634,niemanngracie2052,Kevin and Puzzle (Easy Version),WRONG_ANSWER,C++17 (GCC 7-32),1742454259
311490550,qqjxi200721,Kevin and Puzzle (Easy Version),WRONG_ANSWER,C++17 (GCC 7-32),1742454221
311490494,pybtv613973,Kevin and Puzzle (Easy Version),WRONG_ANSWER,C++17 (GCC 7-32),1742454188
311490439,qqjxi200721,Kevin and Puzzle (Easy Version),WRONG_ANSWER,C++17 (GCC 7-32),1742454153
311490374,rypeh528871,Kevin and Puzzle (Easy Version),WRONG_ANSWER,C++17 (GCC 7-32),1742454119
311490315,ozcnm515845,Kevin and Puzzle (Easy Version),WRONG_ANSWER,C++17 (GCC 7-32),1742454083
311490216,baocm764442,Kevin and Puzzle (Easy Version),WRONG_ANSWER,C++17 (GCC 7-32),1742454031
311490130,jfdyk728026,Kevin and Competition Memories,WRONG_ANSWER,C++17 (GCC 7-32),1742453982
311490053,niemanngracie2052,Kevin and Competition Memories,WRONG_ANSWER,C++17 (GCC 7-32),1742453935
311488309,Akshatj557,Kevin and Permutation,OK,C++20 (GCC 13-64),1742452951
311487616,preksha_1207,Kevin and Combination Lock,OK,C++17 (GCC 7-32),1742452516
311480423,aka_chinkz,Kevin and Permutation,OK,"C++23 (GCC 14-64, msys2)",1742447415
311479443,tmz09,Kevin and Permutation,OK,"C++23 (GCC 14-64, msys2)",1742446531
311478938,thuhabong,Kevin and Strange Operation,OK,"C++23 (GCC 14-64, msys2)",1742446129
311477908,Shahrima,Kevin and Combination Lock,WRONG_ANSWER,"C++23 (GCC 14-64, msys2)",1742445344
311477665,Shahrima,Kevin and Combination Lock,WRONG_ANSWER,"C++23 (GCC 14-64, msys2)",1742445117
311475142,IIIIndex,Kevin and Math Class,OK,"C++23 (GCC 14-64, msys2)",1742442840
311473059,baocm764442,Kevin and Strange Operation,WRONG_ANSWER,C++17 (GCC 7-32),1742440809
311473036,baocm764442,Kevin and Strange Operation,WRONG_ANSWER,C++17 (GCC 7-32),1742440773
311473005,zhuce4,Kevin and Strange Operation,WRONG_ANSWER,C++17 (GCC 7-32),1742440737
311472967,baocm764442,Kevin and Strange Operation,WRONG_ANSWER,C++17 (GCC 7-32),1742440688
311469468,amanthaband,Kevin and Permutation,OK,"C++23 (GCC 14-64, msys2)",1742436175
311469342,IIIIndex,Kevin and Math Class,WRONG_ANSWER,"C++23 (GCC 14-64, msys2)",1742436010
311469171,LonggVuz,Kevin and Permutation,OK,"C++23 (GCC 14-64, msys2)",1742435785
311465826,gerar123,Kevin and Permutation,OK,C++17 (GCC 7-32),1742430986
311463783,utopia35,Kevin and Binary Strings,OK,"C++23 (GCC 14-64, msys2)",1742428063
311462807,MJSoto123,Kevin and Permutation,OK,"C++23 (GCC 14-64, msys2)",1742426456
311461287,hadibd,Kevin and Binary Strings,OK,C++17 (GCC 7-32),1742423976
311461263,hadibd,Kevin and Binary Strings,WRONG_ANSWER,C++17 (GCC 7-32),1742423942
311458323,notaleksandrlaptev,Kevin and Permutation,OK,C++20 (GCC 13-64),1742419722
311457527,ajitlewis7,Kevin and Permutation,WRONG_ANSWER,C++17 (GCC 7-32),1742415805
311451778,sujal-17,Kevin and Permutation,OK,Java 21,1742412044
311442316,Riyad27,Kevin and Permutation,OK,Python 3,1742406642
311441580,Mohamedisaa,Kevin and Combination Lock,OK,"C++23 (GCC 14-64, msys2)",1742406289
311437131,Bona_Boss,Kevin and Binary Strings,OK,C++17 (GCC 7-32),1742404152
311436559,joaohl19,Kevin and Binary Strings,OK,"C++23 (GCC 14-64, msys2)",1742403865
311436551,violentpenguin,Kevin and Permutation,OK,C++17 (GCC 7-32),1742403861
311436460,joaohl19,Kevin and Binary Strings,OK,"C++23 (GCC 14-64, msys2)",1742403820
311430375,KimberlyBruh,Kevin and Binary Strings,OK,"C++23 (GCC 14-64, msys2)",1742400768
311429759,KimberlyBruh,Kevin and Binary Strings,TIME_LIMIT_EXCEEDED,"C++23 (GCC 14-64, msys2)",1742400426
311429664,KimberlyBruh,Kevin and Binary Strings,WRONG_ANSWER,"C++23 (GCC 14-64, msys2)",1742400380
311427435,2471785699,Kevin and Binary Strings,OK,C++17 (GCC 7-32),1742399199
311427136,gpsvirk1,Kevin and Combination Lock,OK,C++17 (GCC 7-32),1742399048
311427121,2471785699,Kevin and Binary Strings,WRONG_ANSWER,C++17 (GCC 7-32),1742399041
311423952,2471785699,Kevin and Binary Strings,WRONG_ANSWER,C++17 (GCC 7-32),1742397377
311423300,2471785699,Kevin and Binary Strings,WRONG_ANSWER,C++17 (GCC 7-32),1742397008
311418538,utopia35,Kevin and Binary Strings,OK,"C++23 (GCC 14-64, msys2)",1742394609
311417659,Tonmoy_Roy007,Kevin and Binary Strings,OK,"C++23 (GCC 14-64, msys2)",1742394206
311416908,Tonmoy_Roy007,Kevin and Binary Strings,WRONG_ANSWER,"C++23 (GCC 14-64, msys2)",1742393855
311416640,Tonmoy_Roy007,Kevin and Binary Strings,WRONG_ANSWER,"C++23 (GCC 14-64, msys2)",1742393723
311416417,to_bad,Kevin and Competition Memories,WRONG_ANSWER,"C++23 (GCC 14-64, msys2)",1742393629
311416255,Tonmoy_Roy007,Kevin and Binary Strings,WRONG_ANSWER,"C++23 (GCC 14-64, msys2)",1742393556
311415161,to_bad,Kevin and Competition Memories,WRONG_ANSWER,"C++23 (GCC 14-64, msys2)",1742393087
311415054,to_bad,Kevin and Competition Memories,WRONG_ANSWER,"C++23 (GCC 14-64, msys2)",1742393042
311414668,to_bad,Kevin and Competition Memories,WRONG_ANSWER,"C++23 (GCC 14-64, msys2)",1742392874
311414343,mkfl2,Kevin and Combination Lock,OK,"C++23 (GCC 14-64, msys2)",1742392744
311414051,Insightcoder,Kevin and Permutation,OK,C++20 (GCC 13-64),1742392635
311413716,mkfl2,Kevin and Permutation,OK,"C++23 (GCC 14-64, msys2)",1742392491
311412280,to_bad,Kevin and Competition Memories,WRONG_ANSWER,"C++23 (GCC 14-64, msys2)",1742391889
311411863,Sauron06_,Kevin and Competition Memories,OK,C++20 (GCC 13-64),1742391716
311411535,iluvsneklanguage,Kevin and Permutation,OK,"C++23 (GCC 14-64, msys2)",1742391567
311411251,Insightcoder,Kevin and Permutation,WRONG_ANSWER,C++20 (GCC 13-64),1742391448
311410828,Jannatul30348,Kevin and Combination Lock,OK,C++17 (GCC 7-32),1742391257
311410632,iluvsneklanguage,Kevin and Permutation,WRONG_ANSWER,"C++23 (GCC 14-64, msys2)",1742391169
311409433,_VNND,Kevin and Competition Memories,OK,C++17 (GCC 7-32),1742390664
311409171,iluvsneklanguage,Kevin and Permutation,WRONG_ANSWER,"C++23 (GCC 14-64, msys2)",1742390554
311409129,iluvsneklanguage,Kevin and Permutation,COMPILATION_ERROR,PyPy 3-64,1742390534
311408634,Tonmoy_Roy007,Kevin and Binary Strings,WRONG_ANSWER,"C++23 (GCC 14-64, msys2)",1742390333
311408153,Tonmoy_Roy007,Kevin and Binary Strings,WRONG_ANSWER,"C++23 (GCC 14-64, msys2)",1742390140
311407898,Tonmoy_Roy007,Kevin and Binary Strings,WRONG_ANSWER,"C++23 (GCC 14-64, msys2)",1742390033
311407270,BinaryHunter_21,Kevin and Binary Strings,WRONG_ANSWER,Java 21,1742389752
311407133,Tonmoy_Roy007,Kevin and Binary Strings,WRONG_ANSWER,"C++23 (GCC 14-64, msys2)",1742389696
311404955,Tonmoy_Roy007,Kevin and Binary Strings,WRONG_ANSWER,"C++23 (GCC 14-64, msys2)",1742389028
311404175,joebiden999,Kevin and Permutation,WRONG_ANSWER,C++20 (GCC 13-64),1742388687
311402867,Insightcoder,Kevin and Permutation,WRONG_ANSWER,C++20 (GCC 13-64),1742388112
311402246,QueAL,Kevin and Permutation,OK,C++17 (GCC 7-32),1742387827
311402151,QueAL,Kevin and Permutation,OK,C++17 (GCC 7-32),1742387787
311401506,zhuce_3,Kevin and Bipartite Graph,WRONG_ANSWER,C++17 (GCC 7-32),1742387485
311401403,aleklily55006,Kevin and Combination Lock,TIME_LIMIT_EXCEEDED,C++17 (GCC 7-32),1742387428
311400738,aleklily55006,Kevin and Combination Lock,TIME_LIMIT_EXCEEDED,C++17 (GCC 7-32),1742387381
311400649,ozcnm515845,Kevin and Combination Lock,TIME_LIMIT_EXCEEDED,C++17 (GCC 7-32),1742387344
311400544,ozcnm515845,Kevin and Combination Lock,TIME_LIMIT_EXCEEDED,C++17 (GCC 7-32),1742387290
311400449,houndmacaulay961,Kevin and Combination Lock,TIME_LIMIT_EXCEEDED,C++17 (GCC 7-32),1742387246
311400338,aleklily55006,Kevin and Combination Lock,TIME_LIMIT_EXCEEDED,C++17 (GCC 7-32),1742387201
311400216,Marinaco,Kevin and Permutation,OK,C++20 (GCC 13-64),1742387147
311399805,yillin,Kevin and Binary Strings,OK,"C++23 (GCC 14-64, msys2)",1742386950
311399498,Krritin,Kevin and Binary Strings,OK,C++20 (GCC 13-64),1742386797
311397309,bluket,Kevin and Binary Strings,OK,"C++23 (GCC 14-64, msys2)",1742385754
311396839,Nightmares_saber,Kevin and Bipartite Graph,OK,C++20 (GCC 13-64),1742385534
311396448,Agnight866,Kevin and Binary Strings,OK,C++17 (GCC 7-32),1742385335
311396400,Nightmares_saber,Kevin and Bipartite Graph,WRONG_ANSWER,C++20 (GCC 13-64),1742385313
311395871,9217,Kevin and Math Class,OK,C++17 (GCC 7-32),1742385074
311395686,psz12,Kevin and Math Class,OK,C++20 (GCC 13-64),1742384991
311395299,Nightmares_saber,Kevin and Bipartite Graph,WRONG_ANSWER,C++20 (GCC 13-64),1742384796
311394831,drxw,Kevin and Binary Strings,OK,C++17 (GCC 7-32),1742384592
311394376,drxw,Kevin and Binary Strings,WRONG_ANSWER,C++17 (GCC 7-32),1742384377
311393964,niemanngracie2052,Kevin and Strange Operation,MEMORY_LIMIT_EXCEEDED,C++17 (GCC 7-32),1742384163
311393872,dvniw302823,Kevin and Strange Operation,WRONG_ANSWER,C++17 (GCC 7-32),1742384123
311393775,dvniw302823,Kevin and Strange Operation,MEMORY_LIMIT_EXCEEDED,C++17 (GCC 7-32),1742384069
311393705,zhuce_3,Kevin and Strange Operation,MEMORY_LIMIT_EXCEEDED,C++17 (GCC 7-32),1742384030
311393617,zhuce2,Kevin and Strange Operation,MEMORY_LIMIT_EXCEEDED,C++17 (GCC 7-32),1742383990
311393541,Raman1420,Kevin and Combination Lock,OK,C++17 (GCC 7-32),1742383952
311393533,pybtv613973,Kevin and Strange Operation,MEMORY_LIMIT_EXCEEDED,C++17 (GCC 7-32),1742383948
311393461,dcyip001400,Kevin and Puzzle (Hard Version),COMPILATION_ERROR,C++17 (GCC 7-32),1742383908
311392243,Nightmares_saber,Kevin and Bipartite Graph,WRONG_ANSWER,C++20 (GCC 13-64),1742383277
311391753,yillin,Kevin and Binary Strings,WRONG_ANSWER,"C++23 (GCC 14-64, msys2)",1742383017
311391205,rypeh528871,Kevin and Matrices,WRONG_ANSWER,C++17 (GCC 7-32),1742382730
311384884,blind_eyes,Kevin and Binary Strings,OK,C++20 (GCC 13-64),1742379183
311381985,Nightmares_saber,Kevin and Competition Memories,OK,C++20 (GCC 13-64),1742377588
311381514,Nightmares_saber,Kevin and Competition Memories,TIME_LIMIT_EXCEEDED,C++20 (GCC 13-64),1742377360
311381395,Nightmares_saber,Kevin and Competition Memories,TIME_LIMIT_EXCEEDED,C++20 (GCC 13-64),1742377304
311381154,Nightmares_saber,Kevin and Competition Memories,WRONG_ANSWER,C++20 (GCC 13-64),1742377187
311379054,alomjonah540,Kevin and Puzzle (Easy Version),WRONG_ANSWER,C++17 (GCC 7-32),1742376067
311378982,zhuce5,Kevin and Permutation,WRONG_ANSWER,C++17 (GCC 7-32),1742376028
311378916,friedmandoyle517,Kevin and Permutation,WRONG_ANSWER,C++17 (GCC 7-32),1742375991
311378854,houndmacaulay961,Kevin and Permutation,WRONG_ANSWER,C++17 (GCC 7-32),1742375953
311378777,friedmandoyle517,Kevin and Permutation,WRONG_ANSWER,C++17 (GCC 7-32),1742375918
311378714,aleklily55006,Kevin and Permutation,WRONG_ANSWER,C++17 (GCC 7-32),1742375880
311378652,zhuce_3,Kevin and Permutation,WRONG_ANSWER,C++17 (GCC 7-32),1742375844
311378566,niemanngracie2052,Kevin and Permutation,WRONG_ANSWER,C++17 (GCC 7-32),1742375803
311378492,friedmandoyle517,Kevin and Bipartite Graph,WRONG_ANSWER,C++17 (GCC 7-32),1742375763
311378429,niemanngracie2052,Kevin and Bipartite Graph,WRONG_ANSWER,C++17 (GCC 7-32),1742375734
311375360,xjh_090509,Kevin and Math Class,OK,"C++23 (GCC 14-64, msys2)",1742374136
311373680,xjh_090509,Kevin and Math Class,WRONG_ANSWER,"C++23 (GCC 14-64, msys2)",1742373273
311373197,aleklily55006,Kevin and Bipartite Graph,WRONG_ANSWER,C++17 (GCC 7-32),1742373023
311372925,zhuce5,Kevin and Math Class,RUNTIME_ERROR,C++17 (GCC 7-32),1742372858
311372637,xjh_090509,Kevin and Math Class,TIME_LIMIT_EXCEEDED,"C++23 (GCC 14-64, msys2)",1742372695
311372600,zhuce4,Kevin and Matrices,WRONG_ANSWER,C++17 (GCC 7-32),1742372667
311372478,xjh_090509,Kevin and Math Class,TIME_LIMIT_EXCEEDED,"C++23 (GCC 14-64, msys2)",1742372602
311370450,niemanngracie2052,Kevin and Strange Operation,WRONG_ANSWER,C++17 (GCC 7-32),1742371514
311370387,aleklily55006,Kevin and Math Class,WRONG_ANSWER,C++17 (GCC 7-32),1742371477
311370148,aleklily55006,Kevin and Combination Lock,TIME_LIMIT_EXCEEDED,C++17 (GCC 7-32),1742371332
311369849,alomjonah540,Kevin and Permutation,WRONG_ANSWER,C++17 (GCC 7-32),1742371155
311369744,xjh_090509,Kevin and Math Class,WRONG_ANSWER,"C++23 (GCC 14-64, msys2)",1742371090
311369665,xjh_090509,Kevin and Math Class,WRONG_ANSWER,"C++23 (GCC 14-64, msys2)",1742371045
311369485,zbeing.,Kevin and Binary Strings,OK,C++17 (GCC 7-32),1742370944
311369401,xjh_090509,Kevin and Math Class,WRONG_ANSWER,"C++23 (GCC 14-64, msys2)",1742370899
311369052,zbeing.,Kevin and Binary Strings,WRONG_ANSWER,C++17 (GCC 7-32),1742370706
311369019,xjh_090509,Kevin and Math Class,WRONG_ANSWER,"C++23 (GCC 14-64, msys2)",1742370687
311368887,niemanngracie2052,Kevin and Competition Memories,TIME_LIMIT_EXCEEDED,C++17 (GCC 7-32),1742370616
311368807,xjh_090509,Kevin and Math Class,WRONG_ANSWER,"C++23 (GCC 14-64, msys2)",1742370566
311368773,zbeing.,Kevin and Binary Strings,WRONG_ANSWER,C++17 (GCC 7-32),1742370546
311368690,xjh_090509,Kevin and Math Class,WRONG_ANSWER,"C++23 (GCC 14-64, msys2)",1742370497
311368650,xjh_090509,Kevin and Math Class,WRONG_ANSWER,"C++23 (GCC 14-64, msys2)",1742370472
311368534,zhuce2,Kevin and Matrices,WRONG_ANSWER,C++17 (GCC 7-32),1742370399
311368532,xjh_090509,Kevin and Math Class,WRONG_ANSWER,"C++23 (GCC 14-64, msys2)",1742370397
311368524,Insightcoder,Kevin and Permutation,WRONG_ANSWER,C++20 (GCC 13-64),1742370391
311368417,xjh_090509,Kevin and Math Class,WRONG_ANSWER,"C++23 (GCC 14-64, msys2)",1742370324
311368275,xjh_090509,Kevin and Math Class,WRONG_ANSWER,"C++23 (GCC 14-64, msys2)",1742370241
311368141,piyal12066,Kevin and Binary Strings,OK,C++17 (GCC 7-32),1742370146
311367936,alomjonah540,Kevin and Puzzle (Easy Version),WRONG_ANSWER,C++17 (GCC 7-32),1742370020
311367639,zhuce2,Kevin and Binary Strings,WRONG_ANSWER,C++17 (GCC 7-32),1742369857
311367331,xjh_090509,Kevin and Math Class,WRONG_ANSWER,"C++23 (GCC 14-64, msys2)",1742369661
311367023,zhuce4,Kevin and Puzzle (Easy Version),COMPILATION_ERROR,C++17 (GCC 7-32),1742369464
311366443,zhuce_3,Kevin and Strange Operation,WRONG_ANSWER,C++17 (GCC 7-32),1742369141
311366258,zhuce5,Kevin and Bipartite Graph,COMPILATION_ERROR,C++17 (GCC 7-32),1742369029
311366086,aleklily55006,Kevin and Combination Lock,TIME_LIMIT_EXCEEDED,C++17 (GCC 7-32),1742368947
311364694,friedmandoyle517,Kevin and Competition Memories,TIME_LIMIT_EXCEEDED,C++17 (GCC 7-32),1742368199
311364391,DamnUFlicker__10,Kevin and Combination Lock,OK,"C++23 (GCC 14-64, msys2)",1742368030
311364120,_U_Turn_,Kevin and Permutation,OK,C++17 (GCC 7-32),1742367882
311364024,DamnUFlicker__10,Kevin and Combination Lock,TIME_LIMIT_EXCEEDED,"C++23 (GCC 14-64, msys2)",1742367823
311363496,alomjonah540,Kevin and Puzzle (Easy Version),WRONG_ANSWER,C++17 (GCC 7-32),1742367540
311362982,houndmacaulay961,Kevin and Bipartite Graph,WRONG_ANSWER,C++17 (GCC 7-32),1742367260
311362926,houndmacaulay961,Kevin and Bipartite Graph,COMPILATION_ERROR,C++17 (GCC 7-32),1742367224
311362712,aleklily55006,Kevin and Competition Memories,WRONG_ANSWER,C++17 (GCC 7-32),1742367110
311362448,Cracker_2898,Kevin and Binary Strings,OK,C++17 (GCC 7-32),1742366962
311362433,ta_zhi,Kevin and Competition Memories,OK,C++17 (GCC 7-32),1742366948
311361637,Satyam_Singh019,Kevin and Permutation,OK,PyPy 3-64,1742366478
311361462,zhuce2,Kevin and Bipartite Graph,WRONG_ANSWER,C++17 (GCC 7-32),1742366383
311360589,zhuce4,Kevin and Puzzle (Hard Version),WRONG_ANSWER,C++17 (GCC 7-32),1742365904
311359970,niemanngracie2052,Kevin and Bipartite Graph,WRONG_ANSWER,C++17 (GCC 7-32),1742365564
311359896,houndmacaulay961,Kevin and Bipartite Graph,WRONG_ANSWER,C++17 (GCC 7-32),1742365527
311359846,zhuce5,Kevin and Combination Lock,OK,C++17 (GCC 7-32),1742365495
311359774,zhuce5,Kevin and Puzzle (Easy Version),WRONG_ANSWER,C++17 (GCC 7-32),1742365454
311359708,zhuce5,Kevin and Competition Memories,WRONG_ANSWER,C++17 (GCC 7-32),1742365414
311359628,houndmacaulay961,Kevin and Permutation,OK,C++17 (GCC 7-32),1742365373
311359125,zhuce2,Kevin and Puzzle (Hard Version),WRONG_ANSWER,C++17 (GCC 7-32),1742365055
311358777,alomjonah540,Kevin and Permutation,WRONG_ANSWER,C++17 (GCC 7-32),1742364844
311358470,Satyam_Singh019,Kevin and Permutation,WRONG_ANSWER,PyPy 3-64,1742364639
311357744,Satyam_Singh019,Kevin and Permutation,WRONG_ANSWER,PyPy 3-64,1742364158
311355710,XeNAf_I,Kevin and Binary Strings,OK,"C++23 (GCC 14-64, msys2)",1742362575
311355265,zhuce2,Kevin and Binary Strings,WRONG_ANSWER,C++17 (GCC 7-32),1742362241
311354727,zhuce4,Kevin and Bipartite Graph,WRONG_ANSWER,C++17 (GCC 7-32),1742361854
311354682,alomjonah540,Kevin and Binary Strings,WRONG_ANSWER,C++17 (GCC 7-32),1742361820
311353714,zhuce5,Kevin and Matrices,WRONG_ANSWER,C++17 (GCC 7-32),1742361102
311353610,houndmacaulay961,Kevin and Strange Operation,WRONG_ANSWER,C++17 (GCC 7-32),1742361024
311353209,friedmandoyle517,Kevin and Competition Memories,WRONG_ANSWER,C++17 (GCC 7-32),1742360716
311353161,friedmandoyle517,Kevin and Math Class,WRONG_ANSWER,C++17 (GCC 7-32),1742360680
311351493,gurjot008,Kevin and Permutation,OK,GNU C11,1742359265
311351370,gurjot008,Kevin and Permutation,OK,"C++23 (GCC 14-64, msys2)",1742359161
311351319,gurjot008,Kevin and Permutation,COMPILATION_ERROR,"C++23 (GCC 14-64, msys2)",1742359107
311351066,Jim_X,Kevin and Binary Strings,OK,PyPy 3-64,1742358881
311351014,Jim_X,Kevin and Binary Strings,WRONG_ANSWER,PyPy 3-64,1742358839
311350899,alomjonah540,Kevin and Combination Lock,OK,C++17 (GCC 7-32),1742358734
311350770,zhuce5,Kevin and Binary Strings,WRONG_ANSWER,C++17 (GCC 7-32),1742358622
311350705,gurjot008,Kevin and Permutation,COMPILATION_ERROR,GNU C11,1742358560
311350427,Jim_X,Kevin and Permutation,OK,PyPy 3-64,1742358291
311350400,gurjot008,Kevin and Permutation,OK,GNU C11,1742358267
311350308,gurjot008,Kevin and Permutation,COMPILATION_ERROR,GNU C11,1742358185
311350144,friedmandoyle517,Kevin and Math Class,WRONG_ANSWER,C++17 (GCC 7-32),1742358044
311347760,Jim_X,Kevin and Permutation,WRONG_ANSWER,PyPy 3-64,1742355667
311345976,zygnb,Kevin and Permutation,OK,Java 21,1742353712
311345789,VNTN,Kevin and Competition Memories,OK,C++20 (GCC 13-64),1742353512
311345630,IIIIndex,Kevin and Bipartite Graph,OK,"C++23 (GCC 14-64, msys2)",1742353329
311345474,VNTN,Kevin and Competition Memories,OK,C++20 (GCC 13-64),1742353152
311343970,LoganGD,Kevin and Bipartite Graph,OK,C++17 (GCC 7-32),1742351488
311343036,VNTN,Kevin and Competition Memories,WRONG_ANSWER,C++20 (GCC 13-64),1742350396
311328209,aash8a9,Kevin and Bipartite Graph,OK,"C++23 (GCC 14-64, msys2)",1742331541
311325401,Just_crow,Kevin and Binary Strings,TIME_LIMIT_EXCEEDED,C++20 (GCC 13-64),1742329312
311324925,Just_crow,Kevin and Binary Strings,TIME_LIMIT_EXCEEDED,C++20 (GCC 13-64),1742328981
311324802,Just_crow,Kevin and Binary Strings,TIME_LIMIT_EXCEEDED,C++20 (GCC 13-64),1742328906
311324778,Just_crow,Kevin and Binary Strings,WRONG_ANSWER,C++20 (GCC 13-64),1742328885
311324715,Just_crow,Kevin and Binary Strings,WRONG_ANSWER,C++20 (GCC 13-64),1742328839
311324596,fuchsia_wn,Kevin and Binary Strings,WRONG_ANSWER,C++20 (GCC 13-64),1742328755
311324435,prashant_1609,Kevin and Competition Memories,WRONG_ANSWER,C++17 (GCC 7-32),1742328645
311324337,Just_crow,Kevin and Binary Strings,TIME_LIMIT_EXCEEDED,C++20 (GCC 13-64),1742328567
311324158,Just_crow,Kevin and Binary Strings,WRONG_ANSWER,C++20 (GCC 13-64),1742328444
311324111,prashant_1609,Kevin and Competition Memories,WRONG_ANSWER,C++17 (GCC 7-32),1742328412
311321919,Just_crow,Kevin and Binary Strings,WRONG_ANSWER,C++20 (GCC 13-64),1742326850
311321527,Just_crow,Kevin and Binary Strings,WRONG_ANSWER,C++20 (GCC 13-64),1742326567
311320247,patelharsh.hvp,Kevin and Permutation,OK,C++17 (GCC 7-32),1742325663
311320072,hvpatel.me,Kevin and Permutation,OK,C++17 (GCC 7-32),1742325544
311317579,vlacerda,Kevin and Binary Strings,WRONG_ANSWER,"C++23 (GCC 14-64, msys2)",1742324048
311317546,MinhazKhan,Kevin and Permutation,OK,"C++23 (GCC 14-64, msys2)",1742324029
311317283,vlacerda,Kevin and Binary Strings,WRONG_ANSWER,"C++23 (GCC 14-64, msys2)",1742323892
311316302,MinhazKhan,Kevin and Permutation,WRONG_ANSWER,"C++23 (GCC 14-64, msys2)",1742323311
311312822,gurjot008,Kevin and Combination Lock,OK,PyPy 3-64,1742321469
311312489,gurjot008,Kevin and Combination Lock,WRONG_ANSWER,PyPy 3-64,1742321305
311311690,gurjot008,Kevin and Combination Lock,WRONG_ANSWER,PyPy 3-64,1742320913
311310837,gurjot008,Kevin and Combination Lock,RUNTIME_ERROR,PyPy 3-64,1742320517
311310690,gurjot008,Kevin and Combination Lock,COMPILATION_ERROR,PyPy 3-64,1742320456
311310609,gurjot008,Kevin and Combination Lock,COMPILATION_ERROR,PyPy 3-64,1742320414
311309774,rahulN29,Kevin and Permutation,OK,C++17 (GCC 7-32),1742320001
311300694,priyanka_1,Kevin and Combination Lock,OK,C++17 (GCC 7-32),1742316043
311299189,the-NerdNinja,Kevin and Binary Strings,OK,C++17 (GCC 7-32),1742315441
311297701,the-NerdNinja,Kevin and Binary Strings,RUNTIME_ERROR,C++17 (GCC 7-32),1742314890
311295668,the-NerdNinja,Kevin and Binary Strings,WRONG_ANSWER,C++17 (GCC 7-32),1742314064
311292268,Firewafer,Kevin and Binary Strings,OK,C++17 (GCC 7-32),1742312807
311291538,MaggiMonster,Kevin and Competition Memories,OK,"C++23 (GCC 14-64, msys2)",1742312558
311291288,MaggiMonster,Kevin and Competition Memories,WRONG_ANSWER,"C++23 (GCC 14-64, msys2)",1742312465
311291226,iamrus,Kevin and Binary Strings,OK,C++17 (GCC 7-32),1742312440
311291116,Nael8,Kevin and Combination Lock,OK,"C++23 (GCC 14-64, msys2)",1742312400
311290666,patelabhinav92,Kevin and Permutation,OK,C++17 (GCC 7-32),1742312236
311289687,iamrus,Kevin and Binary Strings,WRONG_ANSWER,C++17 (GCC 7-32),1742311888
311281323,Binyuqing,Kevin and Permutation,OK,C++17 (GCC 7-32),1742309482
311280546,1mvghost,Kevin and Combination Lock,OK,Python 3,1742309201
311278175,code_with_abhishek,Kevin and Competition Memories,OK,C++17 (GCC 7-32),1742308340
311277924,code_with_abhishek,Kevin and Competition Memories,WRONG_ANSWER,C++17 (GCC 7-32),1742308257
311277807,code_with_abhishek,Kevin and Competition Memories,WRONG_ANSWER,C++17 (GCC 7-32),1742308212
311277085,code_with_abhishek,Kevin and Competition Memories,WRONG_ANSWER,C++17 (GCC 7-32),1742307956
311276983,code_with_abhishek,Kevin and Competition Memories,COMPILATION_ERROR,GNU C11,1742307925
311276847,adnanosman137,Kevin and Permutation,OK,C++17 (GCC 7-32),1742307881
311274203,adnanosman137,Kevin and Permutation,WRONG_ANSWER,C++17 (GCC 7-32),1742306964
311273188,adnanosman137,Kevin and Permutation,WRONG_ANSWER,C++17 (GCC 7-32),1742306600
311272216,zhuce5,Kevin and Matrices,WRONG_ANSWER,C++17 (GCC 7-32),1742306284
311270026,adnanosman137,Kevin and Permutation,WRONG_ANSWER,C++17 (GCC 7-32),1742305631
311269637,zhuce2,Kevin and Matrices,WRONG_ANSWER,C++17 (GCC 7-32),1742305516
311269483,zhuce1,Kevin and Matrices,WRONG_ANSWER,C++17 (GCC 7-32),1742305478
311269202,aleklily55006,Kevin and Matrices,WRONG_ANSWER,C++17 (GCC 7-32),1742305389
311269073,alomjonah540,Kevin and Matrices,WRONG_ANSWER,C++17 (GCC 7-32),1742305352
311268918,friedmandoyle517,Kevin and Matrices,WRONG_ANSWER,C++17 (GCC 7-32),1742305307
311268794,aleklily55006,Kevin and Bipartite Graph,WRONG_ANSWER,C++17 (GCC 7-32),1742305267
311268673,zhuce4,Kevin and Matrices,WRONG_ANSWER,C++17 (GCC 7-32),1742305231
311268508,zhuce5,Kevin and Binary Strings,TIME_LIMIT_EXCEEDED,C++17 (GCC 7-32),1742305187
311268452,adnanosman137,Kevin and Permutation,WRONG_ANSWER,C++17 (GCC 7-32),1742305175
311268304,zhuce4,Kevin and Bipartite Graph,WRONG_ANSWER,C++17 (GCC 7-32),1742305134
311268157,zhuce5,Kevin and Bipartite Graph,WRONG_ANSWER,C++17 (GCC 7-32),1742305095
311267994,zhuce4,Kevin and Bipartite Graph,WRONG_ANSWER,C++17 (GCC 7-32),1742305043
311267832,zhuce5,Kevin and Bipartite Graph,WRONG_ANSWER,C++17 (GCC 7-32),1742305003
311267645,aleklily55006,Kevin and Bipartite Graph,WRONG_ANSWER,C++17 (GCC 7-32),1742304957
311267284,shyro8998,Kevin and Permutation,OK,GNU C11,1742304857
311266613,friedmandoyle517,Kevin and Matrices,WRONG_ANSWER,C++17 (GCC 7-32),1742304667
311266475,aleklily55006,Kevin and Matrices,WRONG_ANSWER,C++17 (GCC 7-32),1742304631
311266416,alomjonah540,Kevin and Bipartite Graph,WRONG_ANSWER,C++17 (GCC 7-32),1742304616
311266389,shyro8998,Kevin and Permutation,RUNTIME_ERROR,GNU C11,1742304609
311266291,aleklily55006,Kevin and Matrices,WRONG_ANSWER,C++17 (GCC 7-32),1742304580
311266273,alomjonah540,Kevin and Bipartite Graph,WRONG_ANSWER,C++17 (GCC 7-32),1742304575
311266157,zhuce4,Kevin and Matrices,WRONG_ANSWER,C++17 (GCC 7-32),1742304541
311266128,zhuce1,Kevin and Binary Strings,TIME_LIMIT_EXCEEDED,C++17 (GCC 7-32),1742304534
311265978,alomjonah540,Kevin and Bipartite Graph,WRONG_ANSWER,C++17 (GCC 7-32),1742304499
311265957,zhuce2,Kevin and Combination Lock,TIME_LIMIT_EXCEEDED,C++17 (GCC 7-32),1742304494
311265823,zhuce1,Kevin and Bipartite Graph,WRONG_ANSWER,C++17 (GCC 7-32),1742304456
311265782,zhuce5,Kevin and Binary Strings,TIME_LIMIT_EXCEEDED,C++17 (GCC 7-32),1742304444
311265662,houndmacaulay961,Kevin and Bipartite Graph,WRONG_ANSWER,C++17 (GCC 7-32),1742304414
311265621,zhuce4,Kevin and Combination Lock,OK,C++17 (GCC 7-32),1742304403
311265502,zhuce5,Kevin and Bipartite Graph,WRONG_ANSWER,C++17 (GCC 7-32),1742304373
311265451,friedmandoyle517,Kevin and Combination Lock,OK,C++17 (GCC 7-32),1742304359
311265331,zhuce2,Kevin and Bipartite Graph,WRONG_ANSWER,C++17 (GCC 7-32),1742304329
311265240,zhuce4,Kevin and Combination Lock,OK,C++17 (GCC 7-32),1742304305
311265171,friedmandoyle517,Kevin and Binary Strings,WRONG_ANSWER,C++17 (GCC 7-32),1742304288
311265100,alomjonah540,Kevin and Binary Strings,WRONG_ANSWER,C++17 (GCC 7-32),1742304265
311265021,aleklily55006,Kevin and Puzzle (Easy Version),WRONG_ANSWER,C++17 (GCC 7-32),1742304248
311264907,zhuce4,Kevin and Combination Lock,OK,C++17 (GCC 7-32),1742304218
311264834,alomjonah540,Kevin and Puzzle (Easy Version),WRONG_ANSWER,C++17 (GCC 7-32),1742304207
311264749,houndmacaulay961,Kevin and Combination Lock,OK,C++17 (GCC 7-32),1742304177
311264677,alomjonah540,Kevin and Puzzle (Easy Version),WRONG_ANSWER,C++17 (GCC 7-32),1742304159
311264598,houndmacaulay961,Kevin and Combination Lock,OK,C++17 (GCC 7-32),1742304139
311264543,zhuce5,Kevin and Puzzle (Easy Version),WRONG_ANSWER,C++17 (GCC 7-32),1742304123
311264417,aleklily55006,Kevin and Puzzle (Easy Version),WRONG_ANSWER,C++17 (GCC 7-32),1742304083
311264413,zhuce2,Kevin and Puzzle (Easy Version),WRONG_ANSWER,C++17 (GCC 7-32),1742304083
311264305,alomjonah540,Kevin and Combination Lock,OK,C++17 (GCC 7-32),1742304039
311264303,aleklily55006,Kevin and Puzzle (Easy Version),WRONG_ANSWER,C++17 (GCC 7-32),1742304039
311264199,alomjonah540,Kevin and Binary Strings,COMPILATION_ERROR,C++17 (GCC 7-32),1742304003
311264194,friedmandoyle517,Kevin and Puzzle (Easy Version),WRONG_ANSWER,C++17 (GCC 7-32),1742304001
311264109,friedmandoyle517,Kevin and Puzzle (Easy Version),WRONG_ANSWER,C++17 (GCC 7-32),1742303962
311264105,adnanosman137,Kevin and Permutation,WRONG_ANSWER,C++17 (GCC 7-32),1742303958
311264103,aleklily55006,Kevin and Binary Strings,WRONG_ANSWER,C++17 (GCC 7-32),1742303957
311264015,houndmacaulay961,Kevin and Competition Memories,WRONG_ANSWER,C++17 (GCC 7-32),1742303921
311263995,friedmandoyle517,Kevin and Binary Strings,WRONG_ANSWER,C++17 (GCC 7-32),1742303914
311263891,zhuce1,Kevin and Binary Strings,WRONG_ANSWER,C++17 (GCC 7-32),1742303874
311263768,aleklily55006,Kevin and Competition Memories,WRONG_ANSWER,C++17 (GCC 7-32),1742303833
311263650,zhuce5,Kevin and Puzzle (Easy Version),WRONG_ANSWER,C++17 (GCC 7-32),1742303790
311263574,aleklily55006,Kevin and Puzzle (Easy Version),WRONG_ANSWER,C++17 (GCC 7-32),1742303750
311263552,zhuce2,Kevin and Combination Lock,TIME_LIMIT_EXCEEDED,C++17 (GCC 7-32),1742303741
311263489,alomjonah540,Kevin and Puzzle (Easy Version),WRONG_ANSWER,C++17 (GCC 7-32),1742303719
311263449,zhuce2,Kevin and Combination Lock,OK,C++17 (GCC 7-32),1742303707
311263381,alomjonah540,Kevin and Puzzle (Easy Version),WRONG_ANSWER,C++17 (GCC 7-32),1742303677
311263359,adnanosman137,Kevin and Permutation,COMPILATION_ERROR,C++17 (GCC 7-32),1742303669
311263349,zhuce1,Kevin and Binary Strings,TIME_LIMIT_EXCEEDED,C++17 (GCC 7-32),1742303666
311263282,zhuce5,Kevin and Competition Memories,WRONG_ANSWER,C++17 (GCC 7-32),1742303636
311263277,zhuce4,Kevin and Binary Strings,WRONG_ANSWER,C++17 (GCC 7-32),1742303634
311263190,alomjonah540,Kevin and Puzzle (Easy Version),WRONG_ANSWER,C++17 (GCC 7-32),1742303604
311262992,aleklily55006,Kevin and Puzzle (Easy Version),WRONG_ANSWER,C++17 (GCC 7-32),1742303525
311262763,houndmacaulay961,Kevin and Competition Memories,WRONG_ANSWER,C++17 (GCC 7-32),1742303429
311262662,zhuce4,Kevin and Competition Memories,WRONG_ANSWER,C++17 (GCC 7-32),1742303386
311262585,zhuce4,Kevin and Competition Memories,WRONG_ANSWER,C++17 (GCC 7-32),1742303352
311262487,zhuce1,Kevin and Math Class,WRONG_ANSWER,C++17 (GCC 7-32),1742303317
311262453,aleklily55006,Kevin and Matrices,WRONG_ANSWER,C++17 (GCC 7-32),1742303297
311262327,houndmacaulay961,Kevin and Matrices,WRONG_ANSWER,C++17 (GCC 7-32),1742303250
311262230,houndmacaulay961,Kevin and Bipartite Graph,WRONG_ANSWER,C++17 (GCC 7-32),1742303211
311262228,aleklily55006,Kevin and Competition Memories,WRONG_ANSWER,C++17 (GCC 7-32),1742303211
311262146,zhuce2,Kevin and Bipartite Graph,COMPILATION_ERROR,C++17 (GCC 7-32),1742303183
311262110,zhuce5,Kevin and Math Class,COMPILATION_ERROR,C++17 (GCC 7-32),1742303166
311262064,zhuce1,Kevin and Bipartite Graph,WRONG_ANSWER,C++17 (GCC 7-32),1742303149
311262016,friedmandoyle517,Kevin and Competition Memories,OK,C++17 (GCC 7-32),1742303129
311261977,alomjonah540,Kevin and Binary Strings,WRONG_ANSWER,C++17 (GCC 7-32),1742303114
311261934,zhuce2,Kevin and Math Class,WRONG_ANSWER,C++17 (GCC 7-32),1742303092
311261884,zhuce4,Kevin and Binary Strings,WRONG_ANSWER,C++17 (GCC 7-32),1742303072
311261852,alomjonah540,Kevin and Math Class,WRONG_ANSWER,C++17 (GCC 7-32),1742303059
311261791,friedmandoyle517,Kevin and Binary Strings,TIME_LIMIT_EXCEEDED,C++17 (GCC 7-32),1742303029
311261771,zhuce2,Kevin and Math Class,WRONG_ANSWER,C++17 (GCC 7-32),1742303021
311261679,zhuce2,Kevin and Math Class,WRONG_ANSWER,C++17 (GCC 7-32),1742302991
311261678,alomjonah540,Kevin and Binary Strings,WRONG_ANSWER,C++17 (GCC 7-32),1742302990
311261588,friedmandoyle517,Kevin and Math Class,WRONG_ANSWER,C++17 (GCC 7-32),1742302956
311261572,zhuce5,Kevin and Binary Strings,WRONG_ANSWER,C++17 (GCC 7-32),1742302951
311261468,zhuce4,Kevin and Math Class,WRONG_ANSWER,C++17 (GCC 7-32),1742302915
311261467,zhuce5,Kevin and Competition Memories,WRONG_ANSWER,C++17 (GCC 7-32),1742302915
311261366,aleklily55006,Kevin and Competition Memories,WRONG_ANSWER,C++17 (GCC 7-32),1742302877
311261345,houndmacaulay961,Kevin and Strange Operation,WRONG_ANSWER,C++17 (GCC 7-32),1742302870
311261283,alomjonah540,Kevin and Competition Memories,COMPILATION_ERROR,C++17 (GCC 7-32),1742302842
311261244,aleklily55006,Kevin and Permutation,OK,C++17 (GCC 7-32),1742302827
311261185,zhuce2,Kevin and Competition Memories,WRONG_ANSWER,C++17 (GCC 7-32),1742302804
311261159,artemiy.fokin14,Kevin and Permutation,RUNTIME_ERROR,PyPy 3-64,1742302794
311261158,zhuce1,Kevin and Puzzle (Hard Version),WRONG_ANSWER,C++17 (GCC 7-32),1742302793
311261104,alomjonah540,Kevin and Competition Memories,WRONG_ANSWER,C++17 (GCC 7-32),1742302768
311261042,aleklily55006,Kevin and Permutation,OK,C++17 (GCC 7-32),1742302742
311260997,ZhouYuXuanAllen,Kevin and Combination Lock,OK,C++17 (GCC 7-32),1742302727
311260943,zhuce4,Kevin and Permutation,OK,C++17 (GCC 7-32),1742302700
311260799,zhuce1,Kevin and Permutation,OK,C++17 (GCC 7-32),1742302643
311260694,aleklily55006,Kevin and Permutation,WRONG_ANSWER,C++17 (GCC 7-32),1742302601
311260560,zhuce1,Kevin and Permutation,OK,C++17 (GCC 7-32),1742302555
311260439,friedmandoyle517,Kevin and Puzzle (Hard Version),WRONG_ANSWER,C++17 (GCC 7-32),1742302514
311260346,houndmacaulay961,Kevin and Strange Operation,WRONG_ANSWER,C++17 (GCC 7-32),1742302480
311260215,houndmacaulay961,Kevin and Permutation,WRONG_ANSWER,C++17 (GCC 7-32),1742302436
311260214,alomjonah540,Kevin and Strange Operation,WRONG_ANSWER,C++17 (GCC 7-32),1742302436
311260129,zhuce4,Kevin and Strange Operation,WRONG_ANSWER,C++17 (GCC 7-32),1742302395
311260102,aleklily55006,Kevin and Strange Operation,WRONG_ANSWER,C++17 (GCC 7-32),1742302380
311260007,friedmandoyle517,Kevin and Puzzle (Hard Version),WRONG_ANSWER,C++17 (GCC 7-32),1742302345
311259909,alomjonah540,Kevin and Puzzle (Hard Version),WRONG_ANSWER,C++17 (GCC 7-32),1742302304
311259807,zhuce1,Kevin and Puzzle (Hard Version),WRONG_ANSWER,C++17 (GCC 7-32),1742302265
311259730,zhuce1,Kevin and Puzzle (Hard Version),COMPILATION_ERROR,C++17 (GCC 7-32),1742302229
311259592,friedmandoyle517,Kevin and Puzzle (Hard Version),WRONG_ANSWER,C++17 (GCC 7-32),1742302178
311259571,programmist12345,Kevin and Permutation,WRONG_ANSWER,PyPy 3-64,1742302167
311259504,friedmandoyle517,Kevin and Strange Operation,WRONG_ANSWER,C++17 (GCC 7-32),1742302139
311259380,zhuce2,Kevin and Strange Operation,WRONG_ANSWER,C++17 (GCC 7-32),1742302098
311259240,programmist12345,Kevin and Permutation,WRONG_ANSWER,PyPy 3-64,1742302041
311259209,artemiy.fokin14,Kevin and Permutation,RUNTIME_ERROR,PyPy 3-64,1742302029
311259208,friedmandoyle517,Kevin and Strange Operation,WRONG_ANSWER,C++17 (GCC 7-32),1742302029
311258320,friedmandoyle517,Kevin and Math Class,WRONG_ANSWER,C++17 (GCC 7-32),1742301669
311258236,zhuce4,Kevin and Math Class,WRONG_ANSWER,C++17 (GCC 7-32),1742301633
311258132,zhuce1,Kevin and Math Class,WRONG_ANSWER,C++17 (GCC 7-32),1742301596
311258049,zhuce4,Kevin and Competition Memories,RUNTIME_ERROR,C++17 (GCC 7-32),1742301565
311257939,friedmandoyle517,Kevin and Competition Memories,WRONG_ANSWER,C++17 (GCC 7-32),1742301527
311257856,aleklily55006,Kevin and Puzzle (Hard Version),COMPILATION_ERROR,C++17 (GCC 7-32),1742301493
311257753,aleklily55006,Kevin and Puzzle (Hard Version),WRONG_ANSWER,C++17 (GCC 7-32),1742301456
311257667,zhuce2,Kevin and Puzzle (Hard Version),WRONG_ANSWER,C++17 (GCC 7-32),1742301420
311257600,houndmacaulay961,Kevin and Puzzle (Hard Version),WRONG_ANSWER,C++17 (GCC 7-32),1742301387
311256877,alomjonah540,Kevin and Puzzle (Hard Version),WRONG_ANSWER,C++17 (GCC 7-32),1742301073
311256762,alomjonah540,Kevin and Puzzle (Hard Version),WRONG_ANSWER,C++17 (GCC 7-32),1742301024
311256671,zhuce1,Kevin and Permutation,WRONG_ANSWER,C++17 (GCC 7-32),1742300989
311256581,friedmandoyle517,Kevin and Permutation,COMPILATION_ERROR,C++17 (GCC 7-32),1742300952
311256474,zhuce2,Kevin and Permutation,COMPILATION_ERROR,C++17 (GCC 7-32),1742300915
311256038,zhuce2,Kevin and Strange Operation,WRONG_ANSWER,C++17 (GCC 7-32),1742300723
311255970,aleklily55006,Kevin and Strange Operation,COMPILATION_ERROR,C++17 (GCC 7-32),1742300687
311255842,zhuce1,Kevin and Strange Operation,WRONG_ANSWER,C++17 (GCC 7-32),1742300632
311255757,houndmacaulay961,Kevin and Permutation,WRONG_ANSWER,C++17 (GCC 7-32),1742300596
311255671,zhuce2,Kevin and Permutation,WRONG_ANSWER,C++17 (GCC 7-32),1742300560
311255558,friedmandoyle517,Kevin and Permutation,WRONG_ANSWER,C++17 (GCC 7-32),1742300521
311255459,alomjonah540,Kevin and Permutation,WRONG_ANSWER,C++17 (GCC 7-32),1742300476
311255385,alomjonah540,Kevin and Permutation,WRONG_ANSWER,C++17 (GCC 7-32),1742300439
311254900,convie,Kevin and Binary Strings,OK,C++17 (GCC 7-32),1742300231
311254848,aleklily55006,Kevin and Combination Lock,OK,C++17 (GCC 7-32),1742300212
311254763,aleklily55006,Kevin and Combination Lock,TIME_LIMIT_EXCEEDED,C++17 (GCC 7-32),1742300176
311254692,houndmacaulay961,Kevin and Combination Lock,OK,C++17 (GCC 7-32),1742300144
311254602,aleklily55006,Kevin and Combination Lock,OK,C++17 (GCC 7-32),1742300105
311254513,zhuce2,Kevin and Combination Lock,OK,C++17 (GCC 7-32),1742300070
311252590,01iveria,Kevin and Combination Lock,OK,"C++23 (GCC 14-64, msys2)",1742299243
311250408,Abhay_Pandey7777,Kevin and Binary Strings,OK,C++17 (GCC 7-32),1742298612
311249640,zhuce2,Kevin and Math Class,WRONG_ANSWER,C++17 (GCC 7-32),1742298378
311249532,aleklily55006,Kevin and Math Class,WRONG_ANSWER,C++17 (GCC 7-32),1742298346
311249433,aleklily55006,Kevin and Math Class,WRONG_ANSWER,C++17 (GCC 7-32),1742298311
311249311,zhuce2,Kevin and Math Class,WRONG_ANSWER,C++17 (GCC 7-32),1742298275
311249208,aleklily55006,Kevin and Math Class,WRONG_ANSWER,C++17 (GCC 7-32),1742298245
311244688,Dpkasd_12,Kevin and Math Class,OK,Rust 2021,1742296730
311241569,moralsoul48,Kevin and Binary Strings,OK,"C++23 (GCC 14-64, msys2)",1742295656
311241339,ANANDAI,Kevin and Permutation,OK,"C++23 (GCC 14-64, msys2)",1742295586
311240110,moralsoul48,Kevin and Binary Strings,WRONG_ANSWER,"C++23 (GCC 14-64, msys2)",1742295121
311239388,ANANDAI,Kevin and Permutation,TIME_LIMIT_EXCEEDED,"C++23 (GCC 14-64, msys2)",1742294837
311237884,RichaMishra,Kevin and Permutation,OK,C++17 (GCC 7-32),1742294249
311234247,Inverted_Tuna,Kevin and Competition Memories,OK,C++20 (GCC 13-64),1742292771
311228709,sriramt234,Kevin and Combination Lock,OK,C++17 (GCC 7-32),1742290629
311227043,vanshgarg8683,Kevin and Permutation,OK,C++17 (GCC 7-32),1742289974
311226025,vanshgarg8683,Kevin and Permutation,OK,C++17 (GCC 7-32),1742289569
311224267,sujalr655,Kevin and Bipartite Graph,OK,C++20 (GCC 13-64),1742288875
311223649,sujalr655,Kevin and Bipartite Graph,WRONG_ANSWER,C++20 (GCC 13-64),1742288630
311221624,CalmTempest,Kevin and Competition Memories,OK,"C++23 (GCC 14-64, msys2)",1742287779
311221305,sinmim236,Kevin and Combination Lock,OK,C++17 (GCC 7-32),1742287649
311221077,harsh_singh_01,Kevin and Combination Lock,OK,C++20 (GCC 13-64),1742287551
311219318,CalmTempest,Kevin and Competition Memories,WRONG_ANSWER,"C++23 (GCC 14-64, msys2)",1742286790
311215802,l3harath,Kevin and Permutation,OK,C++17 (GCC 7-32),1742285249
311215275,l3harath,Kevin and Permutation,WRONG_ANSWER,C++17 (GCC 7-32),1742285011
311215056,l3harath,Kevin and Permutation,WRONG_ANSWER,C++17 (GCC 7-32),1742284907
311214945,KrustyKrabs,Kevin and Binary Strings,OK,C++17 (GCC 7-32),1742284856
311214271,l3harath,Kevin and Permutation,WRONG_ANSWER,C++17 (GCC 7-32),1742284572
311213516,l3harath,Kevin and Permutation,WRONG_ANSWER,C++17 (GCC 7-32),1742284253
311212612,CalmTempest,Kevin and Competition Memories,WRONG_ANSWER,"C++23 (GCC 14-64, msys2)",1742283876
311211336,Rempah,Kevin and Permutation,OK,C++17 (GCC 7-32),1742283255
311211328,_for_cp_,Kevin and Permutation,OK,C++17 (GCC 7-32),1742283250
311211199,Rempah,Kevin and Permutation,WRONG_ANSWER,C++17 (GCC 7-32),1742283179
311209505,Rempah,Kevin and Permutation,WRONG_ANSWER,C++17 (GCC 7-32),1742282248
311205670,NE0b01,Kevin and Competition Memories,OK,Java 8,1742279603
311205442,NE0b01,Kevin and Competition Memories,WRONG_ANSWER,Java 8,1742279421
311205016,aiOs.s18,Kevin and Permutation,OK,C++17 (GCC 7-32),1742279111
311204801,NE0b01,Kevin and Competition Memories,RUNTIME_ERROR,Java 8,1742278936
311196906,XchOvO,Kevin and Permutation,OK,"C++23 (GCC 14-64, msys2)",1742272099
311195842,MoonNBlackCat,Kevin and Combination Lock,OK,"C++23 (GCC 14-64, msys2)",1742271099
311195393,MoonNBlackCat,Kevin and Combination Lock,WRONG_ANSWER,"C++23 (GCC 14-64, msys2)",1742270656
311195116,MoonNBlackCat,Kevin and Combination Lock,WRONG_ANSWER,"C++23 (GCC 14-64, msys2)",1742270381
311195087,MoonNBlackCat,Kevin and Combination Lock,WRONG_ANSWER,"C++23 (GCC 14-64, msys2)",1742270342
311192008,KoiRaheNaJabApna,Kevin and Binary Strings,OK,C++20 (GCC 13-64),1742267299
311189514,elangchristian,Kevin and Permutation,OK,C++17 (GCC 7-32),1742264738
311188937,windowlicker,Kevin and Permutation,WRONG_ANSWER,C++17 (GCC 7-32),1742264118
311188869,windowlicker,Kevin and Permutation,WRONG_ANSWER,C++17 (GCC 7-32),1742264052
311187130,KK_0319,Kevin and Binary Strings,TIME_LIMIT_EXCEEDED,GNU C11,1742262097
311187124,storby,Kevin and Permutation,OK,"C++23 (GCC 14-64, msys2)",1742262091
311186752,storby,Kevin and Permutation,WRONG_ANSWER,"C++23 (GCC 14-64, msys2)",1742261655
311180116,BManav,Kevin and Binary Strings,OK,C++20 (GCC 13-64),1742252774
311179426,Rigle,Kevin and Binary Strings,WRONG_ANSWER,C++20 (GCC 13-64),1742251833
311176427,MOHDSO,Kevin and Combination Lock,OK,"C++23 (GCC 14-64, msys2)",1742248286
311167443,Rohittchoudhary,Kevin and Permutation,OK,C++17 (GCC 7-32),1742241700
311160633,sandrahanysamir2005,Kevin and Combination Lock,OK,"C++23 (GCC 14-64, msys2)",1742237406
311154690,mayank94,Kevin and Binary Strings,OK,C++20 (GCC 13-64),1742234354
311150013,namit-jain,Kevin and Bipartite Graph,OK,PyPy 3-64,1742232292
311147473,namit-jain,Kevin and Bipartite Graph,WRONG_ANSWER,PyPy 3-64,1742231377
311147197,namit-jain,Kevin and Bipartite Graph,WRONG_ANSWER,PyPy 3-64,1742231282
311146450,namit-jain,Kevin and Bipartite Graph,WRONG_ANSWER,PyPy 3-64,1742231024
311146022,namit-jain,Kevin and Bipartite Graph,WRONG_ANSWER,PyPy 3-64,1742230909
311111045,_for_cp_,Kevin and Permutation,RUNTIME_ERROR,C++17 (GCC 7-32),1742226852
311094818,joshuaChoi,Kevin and Competition Memories,OK,C++20 (GCC 13-64),1742225624
311040042,Eshan129,Kevin and Permutation,OK,Python 3,1742222090
311039607,maxK99,Kevin and Math Class,WRONG_ANSWER,C++20 (GCC 13-64),1742221876
311039221,maxK99,Kevin and Math Class,TIME_LIMIT_EXCEEDED,C++20 (GCC 13-64),1742221697
311039219,Eshan129,Kevin and Permutation,WRONG_ANSWER,Python 3,1742221695
311037888,Eshan129,Kevin and Permutation,WRONG_ANSWER,Python 3,1742221058
311034047,Atharva3003,Kevin and Permutation,OK,C++17 (GCC 7-32),1742219162
311032714,Atharva3003,Kevin and Permutation,WRONG_ANSWER,C++17 (GCC 7-32),1742218537
311032665,abaabaha,Kevin and Competition Memories,OK,C++17 (GCC 7-32),1742218510
311031479,abaabaha,Kevin and Competition Memories,OK,C++17 (GCC 7-32),1742217969
311028808,RajVaibhav85,Kevin and Permutation,OK,C++17 (GCC 7-32),1742216771
311027885,RajVaibhav85,Kevin and Permutation,WRONG_ANSWER,C++17 (GCC 7-32),1742216355
311027609,2023wsy,Kevin and Competition Memories,OK,C++17 (GCC 7-32),1742216222
311027398,RajVaibhav85,Kevin and Permutation,WRONG_ANSWER,C++17 (GCC 7-32),1742216125
311027154,Kaushal_singal,Kevin and Matrices,WRONG_ANSWER,C++20 (GCC 13-64),1742216010
311027097,AmirrezaShoom,Kevin and Matrices,WRONG_ANSWER,C++20 (GCC 13-64),1742215987
311027055,Yasho_han,Kevin and Matrices,WRONG_ANSWER,C++20 (GCC 13-64),1742215965
311026998,Mlchael_Petrov,Kevin and Matrices,WRONG_ANSWER,C++20 (GCC 13-64),1742215945
311026921,Mlchael_Petrov,Kevin and Bipartite Graph,WRONG_ANSWER,C++20 (GCC 13-64),1742215904
311026874,AhmedAbdelhamid29,Kevin and Bipartite Graph,WRONG_ANSWER,C++20 (GCC 13-64),1742215883
311026834,Faisal_Saqid,Kevin and Bipartite Graph,WRONG_ANSWER,C++20 (GCC 13-64),1742215863
311026782,Yasho_han,Kevin and Bipartite Graph,WRONG_ANSWER,C++20 (GCC 13-64),1742215841
311026746,AmirrezaShoom,Kevin and Bipartite Graph,WRONG_ANSWER,C++20 (GCC 13-64),1742215824
311026697,Mousa_Aboubakar,Kevin and Binary Strings,WRONG_ANSWER,C++20 (GCC 13-64),1742215801
311026642,Anand_Bhartis,Kevin and Puzzle (Easy Version),WRONG_ANSWER,C++20 (GCC 13-64),1742215780
311026602,Mousa_Aboubakar,Kevin and Puzzle (Easy Version),WRONG_ANSWER,C++20 (GCC 13-64),1742215758
311026555,khuni_usture,Kevin and Puzzle (Easy Version),WRONG_ANSWER,C++20 (GCC 13-64),1742215737
311026518,khuni_usture,Kevin and Puzzle (Easy Version),WRONG_ANSWER,C++20 (GCC 13-64),1742215717
311026468,Mlchael_Petrov,Kevin and Puzzle (Easy Version),WRONG_ANSWER,C++20 (GCC 13-64),1742215696
311026418,AmirrezaShoom,Kevin and Puzzle (Easy Version),WRONG_ANSWER,C++20 (GCC 13-64),1742215675
311026373,AhmedAbdelhamid29,Kevin and Puzzle (Easy Version),WRONG_ANSWER,C++20 (GCC 13-64),1742215657
311026317,Yasho_han,Kevin and Puzzle (Easy Version),WRONG_ANSWER,C++20 (GCC 13-64),1742215633
311026286,Mlchael_Petrov,Kevin and Competition Memories,WRONG_ANSWER,C++20 (GCC 13-64),1742215616
311026007,Kaushal_singal,Kevin and Combination Lock,TIME_LIMIT_EXCEEDED,C++20 (GCC 13-64),1742215467
311025964,Kaushal_singal,Kevin and Combination Lock,OK,C++20 (GCC 13-64),1742215446
311025907,khuni_usture,Kevin and Binary Strings,TIME_LIMIT_EXCEEDED,C++20 (GCC 13-64),1742215425
311025858,Yasho_han,Kevin and Binary Strings,WRONG_ANSWER,C++20 (GCC 13-64),1742215405
311025571,Faisal_Saqid,Kevin and Matrices,WRONG_ANSWER,C++20 (GCC 13-64),1742215285
311025534,King87arshiar,Kevin and Matrices,WRONG_ANSWER,C++20 (GCC 13-64),1742215265
311025495,Anand_Bhartis,Kevin and Bipartite Graph,WRONG_ANSWER,C++20 (GCC 13-64),1742215245
311025449,Mousa_Aboubakar,Kevin and Bipartite Graph,COMPILATION_ERROR,C++20 (GCC 13-64),1742215219
311025412,AhmedAbdelhamid29,Kevin and Bipartite Graph,WRONG_ANSWER,C++20 (GCC 13-64),1742215201
311025380,Faisal_Saqid,Kevin and Binary Strings,WRONG_ANSWER,C++20 (GCC 13-64),1742215182
311025327,khuni_usture,Kevin and Binary Strings,WRONG_ANSWER,C++20 (GCC 13-64),1742215158
311025283,Anand_Bhartis,Kevin and Binary Strings,TIME_LIMIT_EXCEEDED,C++20 (GCC 13-64),1742215136
311025247,Mlchael_Petrov,Kevin and Binary Strings,WRONG_ANSWER,C++20 (GCC 13-64),1742215115
311025212,Kaushal_singal,Kevin and Binary Strings,WRONG_ANSWER,C++20 (GCC 13-64),1742215094
311025167,neuer_muller_kross_ozil.,Kevin and Binary Strings,OK,"C++23 (GCC 14-64, msys2)",1742215079
311025161,Mousa_Aboubakar,Kevin and Competition Memories,WRONG_ANSWER,C++20 (GCC 13-64),1742215075
311025125,Kaushal_singal,Kevin and Competition Memories,WRONG_ANSWER,C++20 (GCC 13-64),1742215054
311025091,Mlchael_Petrov,Kevin and Competition Memories,COMPILATION_ERROR,C++20 (GCC 13-64),1742215035
311025047,Kaushal_singal,Kevin and Competition Memories,WRONG_ANSWER,C++20 (GCC 13-64),1742215012
311024999,Anand_Bhartis,Kevin and Competition Memories,WRONG_ANSWER,C++20 (GCC 13-64),1742214992
311024759,King87arshiar,Kevin and Strange Operation,WRONG_ANSWER,C++20 (GCC 13-64),1742214866
311024677,King87arshiar,Kevin and Strange Operation,WRONG_ANSWER,C++20 (GCC 13-64),1742214827
311024630,khuni_usture,Kevin and Strange Operation,WRONG_ANSWER,C++20 (GCC 13-64),1742214805
311023891,Faisal_Saqid,Kevin and Math Class,WRONG_ANSWER,C++20 (GCC 13-64),1742214450
311023858,Yasho_han,Kevin and Math Class,WRONG_ANSWER,C++20 (GCC 13-64),1742214430
311023810,Kaushal_singal,Kevin and Math Class,WRONG_ANSWER,C++20 (GCC 13-64),1742214409
311023773,Kaushal_singal,Kevin and Competition Memories,RUNTIME_ERROR,C++20 (GCC 13-64),1742214386
311023732,Kaushal_singal,Kevin and Competition Memories,WRONG_ANSWER,C++20 (GCC 13-64),1742214365
311023693,Kaushal_singal,Kevin and Puzzle (Hard Version),COMPILATION_ERROR,C++20 (GCC 13-64),1742214346
311023657,Faisal_Saqid,Kevin and Puzzle (Hard Version),WRONG_ANSWER,C++20 (GCC 13-64),1742214324
311023618,King87arshiar,Kevin and Puzzle (Hard Version),WRONG_ANSWER,C++20 (GCC 13-64),1742214303
311023537,AmirrezaShoom,Kevin and Puzzle (Hard Version),WRONG_ANSWER,C++20 (GCC 13-64),1742214264
311023283,AhmedAbdelhamid29,Kevin and Puzzle (Hard Version),WRONG_ANSWER,C++20 (GCC 13-64),1742214143
311023225,khuni_usture,Kevin and Puzzle (Hard Version),WRONG_ANSWER,C++20 (GCC 13-64),1742214115
311023182,King87arshiar,Kevin and Permutation,WRONG_ANSWER,C++20 (GCC 13-64),1742214095
311023133,AhmedAbdelhamid29,Kevin and Permutation,COMPILATION_ERROR,C++20 (GCC 13-64),1742214074
311022787,Faisal_Saqid,Kevin and Strange Operation,WRONG_ANSWER,C++20 (GCC 13-64),1742213909
311022753,khuni_usture,Kevin and Strange Operation,COMPILATION_ERROR,C++20 (GCC 13-64),1742213889
311022702,Mousa_Aboubakar,Kevin and Strange Operation,WRONG_ANSWER,C++20 (GCC 13-64),1742213867
311022617,Yasho_han,Kevin and Permutation,WRONG_ANSWER,C++20 (GCC 13-64),1742213826
311022575,Mousa_Aboubakar,Kevin and Permutation,WRONG_ANSWER,C++20 (GCC 13-64),1742213805
311022541,King87arshiar,Kevin and Permutation,WRONG_ANSWER,C++20 (GCC 13-64),1742213784
311022501,AmirrezaShoom,Kevin and Permutation,WRONG_ANSWER,C++20 (GCC 13-64),1742213764
311022458,King87arshiar,Kevin and Permutation,WRONG_ANSWER,C++20 (GCC 13-64),1742213743
311022187,AhmedAbdelhamid29,Kevin and Combination Lock,OK,C++20 (GCC 13-64),1742213618
311022147,khuni_usture,Kevin and Combination Lock,TIME_LIMIT_EXCEEDED,C++20 (GCC 13-64),1742213597
311022099,Mousa_Aboubakar,Kevin and Combination Lock,OK,C++20 (GCC 13-64),1742213577
311022061,AhmedAbdelhamid29,Kevin and Combination Lock,OK,C++20 (GCC 13-64),1742213556
311022010,AmirrezaShoom,Kevin and Combination Lock,OK,C++20 (GCC 13-64),1742213535
311021913,n00b_koder,Kevin and Binary Strings,OK,"C++23 (GCC 14-64, msys2)",1742213494
311021180,n00b_koder,Kevin and Binary Strings,WRONG_ANSWER,"C++23 (GCC 14-64, msys2)",1742213145
311019743,Yasho_han,Kevin and Math Class,WRONG_ANSWER,C++20 (GCC 13-64),1742212479
311019696,King87arshiar,Kevin and Math Class,WRONG_ANSWER,C++20 (GCC 13-64),1742212459
311019654,Yasho_han,Kevin and Math Class,WRONG_ANSWER,C++20 (GCC 13-64),1742212438
311019625,AhmedAbdelhamid29,Kevin and Math Class,WRONG_ANSWER,C++20 (GCC 13-64),1742212424
311019555,AmirrezaShoom,Kevin and Math Class,WRONG_ANSWER,C++20 (GCC 13-64),1742212395
311018371,n00b_koder,Kevin and Binary Strings,WRONG_ANSWER,"C++23 (GCC 14-64, msys2)",1742211837
311017337,xgny,Kevin and Permutation,OK,C++20 (GCC 13-64),1742211327
311017293,Serendipity23,Kevin and Permutation,OK,C++20 (GCC 13-64),1742211304
311016383,sakuaika,Kevin and Combination Lock,OK,C++17 (GCC 7-32),1742210872
311014439,sakuaika,Kevin and Permutation,OK,C++17 (GCC 7-32),1742209853
311014261,sakuaika,Kevin and Permutation,WRONG_ANSWER,C++17 (GCC 7-32),1742209761
311009548,UltraMad,Kevin and Bipartite Graph,WRONG_ANSWER,"C++23 (GCC 14-64, msys2)",1742207048
311009213,UltraMad,Kevin and Bipartite Graph,WRONG_ANSWER,"C++23 (GCC 14-64, msys2)",1742206852
311009073,UltraMad,Kevin and Bipartite Graph,WRONG_ANSWER,"C++23 (GCC 14-64, msys2)",1742206765
311008948,alaa_samir..,Kevin and Combination Lock,OK,C++17 (GCC 7-32),1742206681
311008230,Manikanta420,Kevin and Combination Lock,OK,C++20 (GCC 13-64),1742206250
311006524,Defile,Kevin and Binary Strings,OK,C++17 (GCC 7-32),1742205208
311006394,Wave0466,Kevin and Competition Memories,OK,C++20 (GCC 13-64),1742205110
311005765,Orca64,Kevin and Bipartite Graph,OK,C++20 (GCC 13-64),1742204709
311003917,donghedd,Kevin and Competition Memories,OK,PyPy 3-64,1742203600
311003706,donghedd,Kevin and Competition Memories,RUNTIME_ERROR,PyPy 3-64,1742203478
310999238,Markdownchen,Kevin and Combination Lock,OK,C++17 (GCC 7-32),1742201129
310998972,Utonut-Zvezdy,Kevin and Bipartite Graph,OK,C++20 (GCC 13-64),1742200996
310997539,DivDraco05,Kevin and Binary Strings,OK,C++17 (GCC 7-32),1742200219
310996874,IIIIndex,Kevin and Competition Memories,OK,"C++23 (GCC 14-64, msys2)",1742199863
310996185,mayankdahotre,Kevin and Combination Lock,OK,C++17 (GCC 7-32),1742199478
310995793,utopia35,Kevin and Binary Strings,WRONG_ANSWER,"C++23 (GCC 14-64, msys2)",1742199265
310995256,IIIIndex,Kevin and Competition Memories,WRONG_ANSWER,"C++23 (GCC 14-64, msys2)",1742198963
310995113,utopia35,Kevin and Binary Strings,TIME_LIMIT_EXCEEDED,"C++23 (GCC 14-64, msys2)",1742198890
310994666,IIIIndex,Kevin and Competition Memories,WRONG_ANSWER,"C++23 (GCC 14-64, msys2)",1742198642
310991384,mpl_peaches,Kevin and Math Class,OK,C++17 (GCC 7-32),1742196646
310990811,ddh123,Kevin and Math Class,WRONG_ANSWER,C++20 (GCC 13-64),1742196224
310988779,Silverine,Kevin and Competition Memories,OK,C++17 (GCC 7-32),1742194955
310988757,Silverine,Kevin and Competition Memories,RUNTIME_ERROR,C++17 (GCC 7-32),1742194944
310988421,Yasho_han,Kevin and Strange Operation,WRONG_ANSWER,C++20 (GCC 13-64),1742194745
310988384,AmirrezaShoom,Kevin and Strange Operation,WRONG_ANSWER,C++20 (GCC 13-64),1742194723
310988335,Anand_Bhartis,Kevin and Strange Operation,WRONG_ANSWER,C++20 (GCC 13-64),1742194703
310988306,AmirrezaShoom,Kevin and Strange Operation,WRONG_ANSWER,C++20 (GCC 13-64),1742194681
310988278,Mousa_Aboubakar,Kevin and Puzzle (Hard Version),WRONG_ANSWER,C++20 (GCC 13-64),1742194661
310988240,Anand_Bhartis,Kevin and Puzzle (Hard Version),WRONG_ANSWER,C++20 (GCC 13-64),1742194639
310988219,khuni_usture,Kevin and Puzzle (Hard Version),WRONG_ANSWER,C++20 (GCC 13-64),1742194619
310988187,AmirrezaShoom,Kevin and Puzzle (Hard Version),WRONG_ANSWER,C++20 (GCC 13-64),1742194598
310988152,Mousa_Aboubakar,Kevin and Puzzle (Hard Version),WRONG_ANSWER,C++20 (GCC 13-64),1742194577
310988122,AhmedAbdelhamid29,Kevin and Puzzle (Hard Version),WRONG_ANSWER,C++20 (GCC 13-64),1742194556
310988099,AhmedAbdelhamid29,Kevin and Puzzle (Hard Version),WRONG_ANSWER,C++20 (GCC 13-64),1742194541
310988054,Anand_Bhartis,Kevin and Puzzle (Hard Version),WRONG_ANSWER,C++20 (GCC 13-64),1742194514
310988014,King87arshiar,Kevin and Binary Strings,WRONG_ANSWER,C++20 (GCC 13-64),1742194494
310987981,Faisal_Saqid,Kevin and Binary Strings,WRONG_ANSWER,C++20 (GCC 13-64),1742194472
310987949,Faisal_Saqid,Kevin and Binary Strings,TIME_LIMIT_EXCEEDED,C++20 (GCC 13-64),1742194453
310987927,Mousa_Aboubakar,Kevin and Binary Strings,TIME_LIMIT_EXCEEDED,C++20 (GCC 13-64),1742194435
310987887,Kaushal_singal,Kevin and Binary Strings,COMPILATION_ERROR,C++20 (GCC 13-64),1742194410
310987846,Anand_Bhartis,Kevin and Binary Strings,WRONG_ANSWER,C++20 (GCC 13-64),1742194389
310987819,Mlchael_Petrov,Kevin and Permutation,WRONG_ANSWER,C++20 (GCC 13-64),1742194369
310987784,Anand_Bhartis,Kevin and Permutation,WRONG_ANSWER,C++20 (GCC 13-64),1742194348
310987750,Kaushal_singal,Kevin and Permutation,WRONG_ANSWER,C++20 (GCC 13-64),1742194326
310987713,Mousa_Aboubakar,Kevin and Permutation,WRONG_ANSWER,C++20 (GCC 13-64),1742194308
310987664,Mlchael_Petrov,Kevin and Permutation,WRONG_ANSWER,C++20 (GCC 13-64),1742194285
310987628,Mlchael_Petrov,Kevin and Permutation,WRONG_ANSWER,C++20 (GCC 13-64),1742194266
310987589,Mlchael_Petrov,Kevin and Permutation,OK,C++20 (GCC 13-64),1742194243
310987545,Kaushal_singal,Kevin and Permutation,WRONG_ANSWER,C++20 (GCC 13-64),1742194223
310987526,Mlchael_Petrov,Kevin and Math Class,WRONG_ANSWER,C++20 (GCC 13-64),1742194214
310987470,King87arshiar,Kevin and Math Class,WRONG_ANSWER,C++20 (GCC 13-64),1742194183
310987434,AmirrezaShoom,Kevin and Math Class,WRONG_ANSWER,C++20 (GCC 13-64),1742194161
310987396,AmirrezaShoom,Kevin and Math Class,COMPILATION_ERROR,C++20 (GCC 13-64),1742194141
310987352,King87arshiar,Kevin and Math Class,COMPILATION_ERROR,C++20 (GCC 13-64),1742194118
310987333,King87arshiar,Kevin and Math Class,WRONG_ANSWER,C++20 (GCC 13-64),1742194102
310987285,Yasho_han,Kevin and Math Class,WRONG_ANSWER,C++20 (GCC 13-64),1742194077
310987253,Kaushal_singal,Kevin and Math Class,WRONG_ANSWER,C++20 (GCC 13-64),1742194056
310987227,Mlchael_Petrov,Kevin and Puzzle (Easy Version),WRONG_ANSWER,C++20 (GCC 13-64),1742194038
310987214,Anand_Bhartis,Kevin and Puzzle (Easy Version),WRONG_ANSWER,C++20 (GCC 13-64),1742194027
310987163,King87arshiar,Kevin and Puzzle (Easy Version),WRONG_ANSWER,C++20 (GCC 13-64),1742193996
310987138,Faisal_Saqid,Kevin and Puzzle (Easy Version),WRONG_ANSWER,C++20 (GCC 13-64),1742193979
310987116,AmirrezaShoom,Kevin and Puzzle (Easy Version),WRONG_ANSWER,C++20 (GCC 13-64),1742193957
310987073,Faisal_Saqid,Kevin and Puzzle (Easy Version),WRONG_ANSWER,C++20 (GCC 13-64),1742193931
310987057,Yasho_han,Kevin and Puzzle (Easy Version),WRONG_ANSWER,C++20 (GCC 13-64),1742193914
310987023,Yasho_han,Kevin and Puzzle (Easy Version),WRONG_ANSWER,C++20 (GCC 13-64),1742193892
310986989,Kaushal_singal,Kevin and Competition Memories,WRONG_ANSWER,C++20 (GCC 13-64),1742193873
310986949,khuni_usture,Kevin and Competition Memories,WRONG_ANSWER,C++20 (GCC 13-64),1742193848
310986918,khuni_usture,Kevin and Competition Memories,WRONG_ANSWER,C++20 (GCC 13-64),1742193827
310986900,Anand_Bhartis,Kevin and Competition Memories,WRONG_ANSWER,C++20 (GCC 13-64),1742193817
310986848,Yasho_han,Kevin and Competition Memories,WRONG_ANSWER,C++20 (GCC 13-64),1742193784
310986817,Kaushal_singal,Kevin and Competition Memories,WRONG_ANSWER,C++20 (GCC 13-64),1742193763
310986788,King87arshiar,Kevin and Competition Memories,WRONG_ANSWER,C++20 (GCC 13-64),1742193743
310986754,khuni_usture,Kevin and Competition Memories,WRONG_ANSWER,C++20 (GCC 13-64),1742193722
310986719,Mousa_Aboubakar,Kevin and Matrices,WRONG_ANSWER,C++20 (GCC 13-64),1742193702
310986683,AmirrezaShoom,Kevin and Matrices,WRONG_ANSWER,C++20 (GCC 13-64),1742193681
310986645,Kaushal_singal,Kevin and Matrices,WRONG_ANSWER,C++20 (GCC 13-64),1742193659
310986613,Faisal_Saqid,Kevin and Matrices,WRONG_ANSWER,C++20 (GCC 13-64),1742193640
310986565,Yasho_han,Kevin and Matrices,WRONG_ANSWER,C++20 (GCC 13-64),1742193618
310986532,Yasho_han,Kevin and Matrices,WRONG_ANSWER,C++20 (GCC 13-64),1742193597
310986492,King87arshiar,Kevin and Matrices,WRONG_ANSWER,C++20 (GCC 13-64),1742193576
310986456,AhmedAbdelhamid29,Kevin and Matrices,WRONG_ANSWER,C++20 (GCC 13-64),1742193556
310986415,King87arshiar,Kevin and Bipartite Graph,WRONG_ANSWER,C++20 (GCC 13-64),1742193535
310986385,Kaushal_singal,Kevin and Bipartite Graph,WRONG_ANSWER,C++20 (GCC 13-64),1742193514
310986345,King87arshiar,Kevin and Bipartite Graph,WRONG_ANSWER,C++20 (GCC 13-64),1742193493
310986312,Kaushal_singal,Kevin and Bipartite Graph,WRONG_ANSWER,C++20 (GCC 13-64),1742193473
310986280,khuni_usture,Kevin and Bipartite Graph,WRONG_ANSWER,C++20 (GCC 13-64),1742193452
310986257,AmirrezaShoom,Kevin and Bipartite Graph,WRONG_ANSWER,C++20 (GCC 13-64),1742193435
310986209,Anand_Bhartis,Kevin and Bipartite Graph,WRONG_ANSWER,C++20 (GCC 13-64),1742193410
310986169,Mousa_Aboubakar,Kevin and Bipartite Graph,WRONG_ANSWER,C++20 (GCC 13-64),1742193390
310986126,King87arshiar,Kevin and Combination Lock,OK,C++20 (GCC 13-64),1742193369
310986092,AhmedAbdelhamid29,Kevin and Combination Lock,OK,C++20 (GCC 13-64),1742193347
310985959,Faisal_Saqid,Kevin and Combination Lock,OK,C++20 (GCC 13-64),1742193265
310985915,Anand_Bhartis,Kevin and Combination Lock,OK,C++20 (GCC 13-64),1742193244
310985846,AhmedAbdelhamid29,Kevin and Binary Strings,TIME_LIMIT_EXCEEDED,C++20 (GCC 13-64),1742193203
310985821,AhmedAbdelhamid29,Kevin and Binary Strings,WRONG_ANSWER,C++20 (GCC 13-64),1742193184
310985098,AmirrezaShoom,Kevin and Strange Operation,WRONG_ANSWER,C++20 (GCC 13-64),1742192662
310985068,Kaushal_singal,Kevin and Strange Operation,WRONG_ANSWER,C++20 (GCC 13-64),1742192641
310985039,Yasho_han,Kevin and Strange Operation,WRONG_ANSWER,C++20 (GCC 13-64),1742192624
310985012,AmirrezaShoom,Kevin and Strange Operation,WRONG_ANSWER,C++20 (GCC 13-64),1742192600
310984178,ducnguyen120906,Kevin and Combination Lock,OK,C++20 (GCC 13-64),1742192037
310982536,PrakharPrakash,Kevin and Permutation,OK,C++20 (GCC 13-64),1742190883
310979899,Jaswanth_33399,Kevin and Combination Lock,OK,Java 8,1742188886
310979464,not_mohith,Kevin and Combination Lock,OK,C++20 (GCC 13-64),1742188580
310978612,Vinay.Udeshi,Kevin and Binary Strings,WRONG_ANSWER,C++20 (GCC 13-64),1742187971
310973910,golden_rains,Kevin and Binary Strings,OK,PyPy 3-64,1742183802
310973902,elite95,Kevin and Permutation,OK,C++17 (GCC 7-32),1742183794
310973569,elite95,Kevin and Permutation,WRONG_ANSWER,C++17 (GCC 7-32),1742183480
310971751,elite95,Kevin and Combination Lock,OK,C++17 (GCC 7-32),1742181404
310971420,Muramasa07,Kevin and Permutation,OK,"C++23 (GCC 14-64, msys2)",1742180988
310971324,elite95,Kevin and Combination Lock,WRONG_ANSWER,C++17 (GCC 7-32),1742180877
310970139,elite95,Kevin and Combination Lock,WRONG_ANSWER,C++17 (GCC 7-32),1742179632
310970115,elite95,Kevin and Combination Lock,WRONG_ANSWER,C++17 (GCC 7-32),1742179601
310967499,dlucoding813,Kevin and Binary Strings,OK,"C++23 (GCC 14-64, msys2)",1742176324
310966240,dlucoding813,Kevin and Binary Strings,WRONG_ANSWER,"C++23 (GCC 14-64, msys2)",1742174663
310963246,wise_gator,Kevin and Combination Lock,OK,"C++23 (GCC 14-64, msys2)",1742170358
310962641,nealzane,Kevin and Binary Strings,OK,C++17 (GCC 7-32),1742169665
310961919,kill_me_again,Kevin and Competition Memories,OK,C++20 (GCC 13-64),1742168795
310961858,RageebIntisarPolok,Kevin and Permutation,OK,C++17 (GCC 7-32),1742168714
310953875,MaishaFarzana,Kevin and Combination Lock,OK,C++17 (GCC 7-32),1742160243
310953777,MaishaFarzana,Kevin and Combination Lock,WRONG_ANSWER,C++17 (GCC 7-32),1742160165
310951253,ivan-smirnov,Kevin and Combination Lock,OK,C++20 (GCC 13-64),1742158302
310949505,akshatsaxena552004.ss,Kevin and Bipartite Graph,OK,Java 21,1742157114
310944990,the.periperi,Kevin and Permutation,OK,Python 3,1742154178
310944692,the.periperi,Kevin and Permutation,WRONG_ANSWER,Python 3,1742153962
310944661,M.inggg,Kevin and Permutation,OK,C++17 (GCC 7-32),1742153938
310944270,Ak_stranger,Kevin and Binary Strings,OK,C++17 (GCC 7-32),1742153705
310943498,ishikarathore,Kevin and Permutation,OK,C++17 (GCC 7-32),1742153195
310943315,M.inggg,Kevin and Permutation,WRONG_ANSWER,C++17 (GCC 7-32),1742153082
310941813,akshatsaxena552004.ss,Kevin and Bipartite Graph,WRONG_ANSWER,Java 21,1742152140
310941540,AdiPandeyji,Kevin and Combination Lock,OK,"C++23 (GCC 14-64, msys2)",1742151968
310941504,AdiPandeyjii,Kevin and Combination Lock,OK,"C++23 (GCC 14-64, msys2)",1742151943
310939897,animesh11,Kevin and Binary Strings,OK,"C++23 (GCC 14-64, msys2)",1742150926
310938057,mahak0520,Kevin and Combination Lock,OK,Java 21,1742149859
310937974,mahak0520,Kevin and Combination Lock,COMPILATION_ERROR,Java 21,1742149814
310937832,mahak0520,Kevin and Combination Lock,WRONG_ANSWER,Java 21,1742149737
310937271,Sazzad21,Kevin and Combination Lock,OK,C++17 (GCC 7-32),1742149416
310937212,Owv,Kevin and Permutation,OK,"C++23 (GCC 14-64, msys2)",1742149377
310937073,Owv,Kevin and Permutation,WRONG_ANSWER,"C++23 (GCC 14-64, msys2)",1742149297
310936963,Owv,Kevin and Permutation,WRONG_ANSWER,"C++23 (GCC 14-64, msys2)",1742149232
310936355,weirdo13,Kevin and Combination Lock,OK,"C++23 (GCC 14-64, msys2)",1742148884
310933923,Aparanjith25,Kevin and Binary Strings,OK,C++20 (GCC 13-64),1742147569
310933161,snufflepuff,Kevin and Permutation,OK,"C++23 (GCC 14-64, msys2)",1742147234
310933151,kill_me_again,Kevin and Competition Memories,OK,C++20 (GCC 13-64),1742147231
310933057,snufflepuff,Kevin and Permutation,WRONG_ANSWER,"C++23 (GCC 14-64, msys2)",1742147182
310932974,snufflepuff,Kevin and Permutation,COMPILATION_ERROR,"C++23 (GCC 14-64, msys2)",1742147146
310932831,snufflepuff,Kevin and Permutation,WRONG_ANSWER,"C++23 (GCC 14-64, msys2)",1742147074
310932563,Aaditya-03,Kevin and Permutation,OK,C++17 (GCC 7-32),1742146935
310932383,snufflepuff,Kevin and Permutation,COMPILATION_ERROR,"C++23 (GCC 14-64, msys2)",1742146855
310932166,sajaljhaa,Kevin and Combination Lock,OK,C++20 (GCC 13-64),1742146764
310930883,shadowstorm43,Kevin and Permutation,OK,C++20 (GCC 13-64),1742146193
310926939,-alpha_cpp,Kevin and Combination Lock,OK,"C++23 (GCC 14-64, msys2)",1742144410
310926859,alpha_cpp,Kevin and Combination Lock,OK,"C++23 (GCC 14-64, msys2)",1742144375
310920307,akif078,Kevin and Binary Strings,OK,"C++23 (GCC 14-64, msys2)",1742141547
310919876,akif078,Kevin and Binary Strings,WRONG_ANSWER,"C++23 (GCC 14-64, msys2)",1742141308
310916326,longntt,Kevin and Combination Lock,OK,"C++23 (GCC 14-64, msys2)",1742139461
310916059,AmirrezaShoom,Kevin and Bipartite Graph,WRONG_ANSWER,C++20 (GCC 13-64),1742139338
310916004,khuni_usture,Kevin and Bipartite Graph,WRONG_ANSWER,C++20 (GCC 13-64),1742139306
310915970,AmirrezaShoom,Kevin and Bipartite Graph,WRONG_ANSWER,C++20 (GCC 13-64),1742139286
310915931,Yasho_han,Kevin and Bipartite Graph,WRONG_ANSWER,C++20 (GCC 13-64),1742139267
310915888,khuni_usture,Kevin and Bipartite Graph,WRONG_ANSWER,C++20 (GCC 13-64),1742139250
310915630,Anand_Bhartis,Kevin and Matrices,WRONG_ANSWER,C++20 (GCC 13-64),1742139119
310915579,khuni_usture,Kevin and Matrices,WRONG_ANSWER,C++20 (GCC 13-64),1742139098
310915532,khuni_usture,Kevin and Bipartite Graph,WRONG_ANSWER,C++20 (GCC 13-64),1742139078
310915487,Mlchael_Petrov,Kevin and Bipartite Graph,WRONG_ANSWER,C++20 (GCC 13-64),1742139057
310915484,sakka09,Kevin and Binary Strings,OK,C++20 (GCC 13-64),1742139055
310915442,Faisal_Saqid,Kevin and Bipartite Graph,WRONG_ANSWER,C++20 (GCC 13-64),1742139036
310914971,sakka09,Kevin and Binary Strings,WRONG_ANSWER,C++20 (GCC 13-64),1742138802
310914798,CacheMe,Kevin and Competition Memories,OK,"C++23 (GCC 14-64, msys2)",1742138723
310914196,akash_81,Kevin and Permutation,WRONG_ANSWER,C++20 (GCC 13-64),1742138444
310913998,akash_81,Kevin and Permutation,WRONG_ANSWER,C++20 (GCC 13-64),1742138342
310913646,akif078,Kevin and Binary Strings,OK,"C++23 (GCC 14-64, msys2)",1742138169
310913494,akash_81,Kevin and Permutation,WRONG_ANSWER,C++20 (GCC 13-64),1742138100
310912838,sakka09,Kevin and Binary Strings,WRONG_ANSWER,C++20 (GCC 13-64),1742137775
310912194,Yasho_han,Kevin and Matrices,WRONG_ANSWER,C++20 (GCC 13-64),1742137455
310912152,Yasho_han,Kevin and Matrices,WRONG_ANSWER,C++20 (GCC 13-64),1742137437
310912102,Kaushal_singal,Kevin and Matrices,WRONG_ANSWER,C++20 (GCC 13-64),1742137414
310912064,AmirrezaShoom,Kevin and Matrices,WRONG_ANSWER,C++20 (GCC 13-64),1742137393
310912026,Mousa_Aboubakar,Kevin and Matrices,WRONG_ANSWER,C++20 (GCC 13-64),1742137372
310911763,Mousa_Aboubakar,Kevin and Puzzle (Easy Version),WRONG_ANSWER,C++20 (GCC 13-64),1742137247
310911712,AhmedAbdelhamid29,Kevin and Puzzle (Easy Version),WRONG_ANSWER,C++20 (GCC 13-64),1742137227
310911665,AhmedAbdelhamid29,Kevin and Puzzle (Easy Version),WRONG_ANSWER,C++20 (GCC 13-64),1742137206
310911632,Anand_Bhartis,Kevin and Puzzle (Easy Version),WRONG_ANSWER,C++20 (GCC 13-64),1742137185
310911592,Mlchael_Petrov,Kevin and Competition Memories,WRONG_ANSWER,C++20 (GCC 13-64),1742137165
310911097,Kaushal_singal,Kevin and Matrices,WRONG_ANSWER,C++20 (GCC 13-64),1742136939
310910815,PownShanYu,Kevin and Permutation,OK,C++20 (GCC 13-64),1742136794
310910452,Kaushal_singal,Kevin and Binary Strings,TIME_LIMIT_EXCEEDED,C++20 (GCC 13-64),1742136623
310910406,Kaushal_singal,Kevin and Binary Strings,WRONG_ANSWER,C++20 (GCC 13-64),1742136602
310910364,AmirrezaShoom,Kevin and Binary Strings,WRONG_ANSWER,C++20 (GCC 13-64),1742136582
310910324,Mlchael_Petrov,Kevin and Binary Strings,TIME_LIMIT_EXCEEDED,C++20 (GCC 13-64),1742136561
310910286,Anand_Bhartis,Kevin and Binary Strings,TIME_LIMIT_EXCEEDED,C++20 (GCC 13-64),1742136540
310910006,King87arshiar,Kevin and Competition Memories,WRONG_ANSWER,C++20 (GCC 13-64),1742136419
310909945,Kaushal_singal,Kevin and Competition Memories,WRONG_ANSWER,C++20 (GCC 13-64),1742136394
310909898,Mlchael_Petrov,Kevin and Competition Memories,WRONG_ANSWER,C++20 (GCC 13-64),1742136374
310909845,Anand_Bhartis,Kevin and Competition Memories,WRONG_ANSWER,C++20 (GCC 13-64),1742136352
310909806,Mousa_Aboubakar,Kevin and Competition Memories,WRONG_ANSWER,C++20 (GCC 13-64),1742136331
310909383,PownShanYu,Kevin and Permutation,WRONG_ANSWER,C++20 (GCC 13-64),1742136148
310909106,Kaushal_singal,Kevin and Binary Strings,WRONG_ANSWER,C++20 (GCC 13-64),1742135999
310909070,Yasho_han,Kevin and Puzzle (Easy Version),WRONG_ANSWER,C++20 (GCC 13-64),1742135977
310909033,Anand_Bhartis,Kevin and Puzzle (Easy Version),WRONG_ANSWER,C++20 (GCC 13-64),1742135957
310909000,AmirrezaShoom,Kevin and Puzzle (Easy Version),WRONG_ANSWER,C++20 (GCC 13-64),1742135936
310908960,khuni_usture,Kevin and Puzzle (Easy Version),WRONG_ANSWER,C++20 (GCC 13-64),1742135915
310908907,yushiuan,Kevin and Bipartite Graph,OK,C++17 (GCC 7-32),1742135883
310908714,Faisal_Saqid,Kevin and Combination Lock,OK,C++20 (GCC 13-64),1742135790
310908669,Kaushal_singal,Kevin and Combination Lock,OK,C++20 (GCC 13-64),1742135769
310908621,Faisal_Saqid,Kevin and Combination Lock,OK,C++20 (GCC 13-64),1742135748
310908579,Yasho_han,Kevin and Combination Lock,OK,C++20 (GCC 13-64),1742135727
310908529,AhmedAbdelhamid29,Kevin and Combination Lock,OK,C++20 (GCC 13-64),1742135706
310907895,yushiuan,Kevin and Bipartite Graph,WRONG_ANSWER,C++17 (GCC 7-32),1742135408
310906940,khuni_usture,Kevin and Combination Lock,OK,C++20 (GCC 13-64),1742134957
310906899,Kaushal_singal,Kevin and Combination Lock,OK,C++20 (GCC 13-64),1742134940
310906854,AmirrezaShoom,Kevin and Combination Lock,OK,C++20 (GCC 13-64),1742134918
310906805,Mlchael_Petrov,Kevin and Binary Strings,TIME_LIMIT_EXCEEDED,C++20 (GCC 13-64),1742134895
310906760,AhmedAbdelhamid29,Kevin and Binary Strings,WRONG_ANSWER,C++20 (GCC 13-64),1742134874
310906717,AhmedAbdelhamid29,Kevin and Math Class,WRONG_ANSWER,C++20 (GCC 13-64),1742134853
310906663,Anand_Bhartis,Kevin and Math Class,TIME_LIMIT_EXCEEDED,C++20 (GCC 13-64),1742134833
310906612,khuni_usture,Kevin and Math Class,COMPILATION_ERROR,C++20 (GCC 13-64),1742134812
310906558,Mousa_Aboubakar,Kevin and Competition Memories,WRONG_ANSWER,C++20 (GCC 13-64),1742134791
310906520,Mlchael_Petrov,Kevin and Competition Memories,WRONG_ANSWER,C++20 (GCC 13-64),1742134770
310906292,fridge_,Kevin and Combination Lock,OK,C++17 (GCC 7-32),1742134663
310905812,Faisal_Saqid,Kevin and Puzzle (Hard Version),WRONG_ANSWER,C++20 (GCC 13-64),1742134437
310905776,khuni_usture,Kevin and Puzzle (Hard Version),WRONG_ANSWER,C++20 (GCC 13-64),1742134420
310905726,AhmedAbdelhamid29,Kevin and Permutation,WRONG_ANSWER,C++20 (GCC 13-64),1742134395
310905692,AhmedAbdelhamid29,Kevin and Permutation,OK,C++20 (GCC 13-64),1742134374
310905650,AhmedAbdelhamid29,Kevin and Permutation,WRONG_ANSWER,C++20 (GCC 13-64),1742134353
310905188,AhmedAbdelhamid29,Kevin and Strange Operation,WRONG_ANSWER,C++20 (GCC 13-64),1742134125
310905151,Kaushal_singal,Kevin and Strange Operation,WRONG_ANSWER,C++20 (GCC 13-64),1742134104
310905105,khuni_usture,Kevin and Strange Operation,WRONG_ANSWER,C++20 (GCC 13-64),1742134083
310905059,Anand_Bhartis,Kevin and Strange Operation,WRONG_ANSWER,C++20 (GCC 13-64),1742134062
310904966,AmirrezaShoom,Kevin and Permutation,WRONG_ANSWER,C++20 (GCC 13-64),1742134021
310904925,khuni_usture,Kevin and Permutation,WRONG_ANSWER,C++20 (GCC 13-64),1742134000
310904869,Anand_Bhartis,Kevin and Permutation,WRONG_ANSWER,C++20 (GCC 13-64),1742133979
310904820,Yasho_han,Kevin and Permutation,WRONG_ANSWER,C++20 (GCC 13-64),1742133957
310904778,Anand_Bhartis,Kevin and Permutation,WRONG_ANSWER,C++20 (GCC 13-64),1742133936
310904732,khuni_usture,Kevin and Strange Operation,WRONG_ANSWER,C++20 (GCC 13-64),1742133915
310904680,khuni_usture,Kevin and Strange Operation,WRONG_ANSWER,C++20 (GCC 13-64),1742133894
310904638,Yasho_han,Kevin and Strange Operation,WRONG_ANSWER,C++20 (GCC 13-64),1742133873
310904592,Yasho_han,Kevin and Strange Operation,WRONG_ANSWER,C++20 (GCC 13-64),1742133853
310904549,Faisal_Saqid,Kevin and Puzzle (Hard Version),WRONG_ANSWER,C++20 (GCC 13-64),1742133832
310904103,King87arshiar,Kevin and Puzzle (Hard Version),WRONG_ANSWER,C++20 (GCC 13-64),1742133601
310904051,Kaushal_singal,Kevin and Puzzle (Hard Version),WRONG_ANSWER,C++20 (GCC 13-64),1742133580
310904018,AhmedAbdelhamid29,Kevin and Puzzle (Hard Version),WRONG_ANSWER,C++20 (GCC 13-64),1742133559
310903965,Anand_Bhartis,Kevin and Puzzle (Hard Version),WRONG_ANSWER,C++20 (GCC 13-64),1742133538
310903903,Mlchael_Petrov,Kevin and Puzzle (Hard Version),COMPILATION_ERROR,C++20 (GCC 13-64),1742133517
310903636,AmirrezaShoom,Kevin and Math Class,WRONG_ANSWER,C++20 (GCC 13-64),1742133391
310903605,khuni_usture,Kevin and Math Class,WRONG_ANSWER,C++20 (GCC 13-64),1742133374
310903555,Faisal_Saqid,Kevin and Math Class,WRONG_ANSWER,C++20 (GCC 13-64),1742133350
310903496,khuni_usture,Kevin and Math Class,COMPILATION_ERROR,C++20 (GCC 13-64),1742133329
310903450,AmirrezaShoom,Kevin and Math Class,WRONG_ANSWER,C++20 (GCC 13-64),1742133308
310902333,wise_gator,Kevin and Combination Lock,MEMORY_LIMIT_EXCEEDED,"C++23 (GCC 14-64, msys2)",1742132786
310902055,wise_gator,Kevin and Combination Lock,RUNTIME_ERROR,"C++23 (GCC 14-64, msys2)",1742132651
310900118,MayStrike,Kevin and Permutation,OK,C++17 (GCC 7-32),1742131754
310899305,hm114514,Kevin and Competition Memories,OK,"C++23 (GCC 14-64, msys2)",1742131358
310899157,hm114514,Kevin and Competition Memories,WRONG_ANSWER,"C++23 (GCC 14-64, msys2)",1742131298
310897974,nerfe_d,Kevin and Permutation,OK,"C++23 (GCC 14-64, msys2)",1742130700
310897471,uditjain,Kevin and Combination Lock,OK,"C++23 (GCC 14-64, msys2)",1742130439
310892115,hm114514,Kevin and Binary Strings,OK,"C++23 (GCC 14-64, msys2)",1742127695
310890403,Nor1012,Kevin and Permutation,OK,C++20 (GCC 13-64),1742126748
310890124,imritesh24,Kevin and Permutation,OK,GNU C11,1742126616
310889328,230727,Kevin and Competition Memories,OK,C++17 (GCC 7-32),1742126207
310885622,Asuka555,Kevin and Competition Memories,OK,C++17 (GCC 7-32),1742124361
310884335,saiabhyankarsridhar,Kevin and Permutation,OK,C++17 (GCC 7-32),1742123715
310883795,hunter_hrid0y_29,Kevin and Permutation,OK,C++17 (GCC 7-32),1742123428
310882977,quziy,Kevin and Binary Strings,OK,C++17 (GCC 7-32),1742122993
310882752,quziy,Kevin and Binary Strings,WRONG_ANSWER,C++17 (GCC 7-32),1742122863
310882156,hs.xx,Kevin and Competition Memories,OK,C++17 (GCC 7-32),1742122538
310875699,Code_Enjoyer,Kevin and Binary Strings,OK,C++17 (GCC 7-32),1742120054
310873570,Code_Enjoyer,Kevin and Binary Strings,WRONG_ANSWER,C++17 (GCC 7-32),1742119183
310872981,Code_Enjoyer,Kevin and Binary Strings,RUNTIME_ERROR,C++17 (GCC 7-32),1742118930
310872390,Code_Enjoyer,Kevin and Binary Strings,RUNTIME_ERROR,C++17 (GCC 7-32),1742118688
310867886,FARMAAN_KHANN,Kevin and Combination Lock,OK,C++17 (GCC 7-32),1742116921
310863314,shaurya010101,Kevin and Permutation,WRONG_ANSWER,C++17 (GCC 7-32),1742114965
310858869,Nightmares_saber,Kevin and Binary Strings,OK,C++20 (GCC 13-64),1742113220
310858811,Nightmares_saber,Kevin and Binary Strings,WRONG_ANSWER,C++20 (GCC 13-64),1742113194
310857818,ShahariarIslan,Kevin and Combination Lock,OK,C++17 (GCC 7-32),1742112741
310857421,hunter_hrid0y_29,Kevin and Permutation,WRONG_ANSWER,C++17 (GCC 7-32),1742112570
310852435,adnan110,Kevin and Permutation,OK,"C++23 (GCC 14-64, msys2)",1742111516
310851683,Nightmares_saber,Kevin and Binary Strings,WRONG_ANSWER,C++20 (GCC 13-64),1742111176
310849996,Nightmares_saber,Kevin and Binary Strings,WRONG_ANSWER,C++20 (GCC 13-64),1742110365
310849057,Nightmares_saber,Kevin and Binary Strings,OK,"C++23 (GCC 14-64, msys2)",1742109928
310848460,kartik4323,Kevin and Competition Memories,OK,C++17 (GCC 7-32),1742109642
310847331,thinguyen2351,Kevin and Competition Memories,OK,C++20 (GCC 13-64),1742109144
310846572,chayon017,Kevin and Binary Strings,OK,C++17 (GCC 7-32),1742108799
310845246,Nightmares_saber,Kevin and Permutation,OK,"C++23 (GCC 14-64, msys2)",1742108199
310844792,Nightmares_saber,Kevin and Permutation,OK,C++20 (GCC 13-64),1742107977
310844143,Nightmares_saber,Kevin and Combination Lock,OK,"C++23 (GCC 14-64, msys2)",1742107686
310843149,Nightmares_saber,Kevin and Combination Lock,OK,C++20 (GCC 13-64),1742107251
310841442,Hasibur_Rahman,Kevin and Combination Lock,OK,"C++23 (GCC 14-64, msys2)",1742106479
310840770,mohammad.ali.sakib.pk,Kevin and Permutation,OK,C++20 (GCC 13-64),1742106149
310837609,shivacharani16,Kevin and Combination Lock,OK,C++20 (GCC 13-64),1742104650
310836272,nabeiljomaa22,Kevin and Combination Lock,OK,C++20 (GCC 13-64),1742103969
310824760,isomorphictogod,Kevin and Combination Lock,OK,C++17 (GCC 7-32),1742094242
310824705,starlaw,Kevin and Binary Strings,OK,"C++23 (GCC 14-64, msys2)",1742094174
310823961,starlaw,Kevin and Binary Strings,WRONG_ANSWER,"C++23 (GCC 14-64, msys2)",1742093354
310823825,starlaw,Kevin and Binary Strings,WRONG_ANSWER,"C++23 (GCC 14-64, msys2)",1742093201
310823738,zhulexuan,Kevin and Math Class,OK,"C++23 (GCC 14-64, msys2)",1742093112
310823669,starlaw,Kevin and Binary Strings,WRONG_ANSWER,"C++23 (GCC 14-64, msys2)",1742093036
310823517,starlaw,Kevin and Binary Strings,WRONG_ANSWER,"C++23 (GCC 14-64, msys2)",1742092876
310821881,sakurajimamayi,Kevin and Permutation,WRONG_ANSWER,C++20 (GCC 13-64),1742090965
310821756,sakurajimamayi,Kevin and Permutation,WRONG_ANSWER,C++20 (GCC 13-64),1742090809
310814508,sakurajimamayi,Kevin and Combination Lock,OK,C++20 (GCC 13-64),1742090027
310813520,exue,Kevin and Combination Lock,OK,C++20 (GCC 13-64),1742088732
310809864,OmarAboutaleb78,Kevin and Binary Strings,OK,C++20 (GCC 13-64),1742083530
310799627,boa,Kevin and Binary Strings,OK,C++17 (GCC 7-32),1742073901
310799272,boa,Kevin and Binary Strings,RUNTIME_ERROR,C++17 (GCC 7-32),1742073677
310799086,boa,Kevin and Binary Strings,RUNTIME_ERROR,C++17 (GCC 7-32),1742073550
310798209,gvsl,Kevin and Combination Lock,OK,C++20 (GCC 13-64),1742072920
310795469,discontinuous,Kevin and Binary Strings,OK,C++20 (GCC 13-64),1742071055
310794868,discontinuous,Kevin and Binary Strings,WRONG_ANSWER,C++20 (GCC 13-64),1742070652
310794772,RageebIntisarPolok,Kevin and Permutation,WRONG_ANSWER,C++17 (GCC 7-32),1742070587
310794468,discontinuous,Kevin and Binary Strings,WRONG_ANSWER,C++20 (GCC 13-64),1742070402
310794324,discontinuous,Kevin and Binary Strings,WRONG_ANSWER,C++20 (GCC 13-64),1742070295
310792751,eternalblue2906,Kevin and Combination Lock,OK,C++20 (GCC 13-64),1742069385
310789685,Varun_7880,Kevin and Combination Lock,OK,"C++23 (GCC 14-64, msys2)",1742067646
310778051,Niv2604,Kevin and Permutation,OK,"C++23 (GCC 14-64, msys2)",1742061553
310777591,Niv2604,Kevin and Permutation,WRONG_ANSWER,"C++23 (GCC 14-64, msys2)",1742061361
310774468,mdshahin_alam,Kevin and Combination Lock,OK,"C++23 (GCC 14-64, msys2)",1742059836
310773078,menyhlas,Kevin and Binary Strings,OK,C++20 (GCC 13-64),1742059324
310772685,menyhlas,Kevin and Binary Strings,WRONG_ANSWER,C++20 (GCC 13-64),1742059182
310751747,juandavidarce,Kevin and Permutation,OK,"C++23 (GCC 14-64, msys2)",1742053064
310730902,Aayush1901,Kevin and Permutation,OK,"C++23 (GCC 14-64, msys2)",1742049246
310726344,XmHz,Kevin and Competition Memories,OK,C++20 (GCC 13-64),1742046968
310724880,hm114514,Kevin and Permutation,OK,"C++23 (GCC 14-64, msys2)",1742046250
310724706,hm114514,Kevin and Permutation,WRONG_ANSWER,"C++23 (GCC 14-64, msys2)",1742046168
310724339,hm114514,Kevin and Permutation,WRONG_ANSWER,"C++23 (GCC 14-64, msys2)",1742046011
310723459,hm114514,Kevin and Permutation,WRONG_ANSWER,"C++23 (GCC 14-64, msys2)",1742045615
310722717,hm114514,Kevin and Permutation,WRONG_ANSWER,"C++23 (GCC 14-64, msys2)",1742045271
310721723,hm114514,Kevin and Combination Lock,OK,"C++23 (GCC 14-64, msys2)",1742044807
310721031,Mrkimedo,Kevin and Binary Strings,OK,C++17 (GCC 7-32),1742044499
310719635,Mrkimedo,Kevin and Binary Strings,WRONG_ANSWER,C++17 (GCC 7-32),1742043853
310719326,Mrkimedo,Kevin and Binary Strings,WRONG_ANSWER,C++17 (GCC 7-32),1742043720
310717063,OxyGen32,Kevin and Binary Strings,OK,C++20 (GCC 13-64),1742042662
310716941,Mrkimedo,Kevin and Binary Strings,WRONG_ANSWER,C++17 (GCC 7-32),1742042607
310716713,janlitwim,Kevin and Combination Lock,OK,GNU C11,1742042504
310716661,Stup702,Kevin and Combination Lock,OK,GNU C11,1742042480
310715729,Potato_chips_hh,Kevin and Binary Strings,OK,C++20 (GCC 13-64),1742042027
310714437,aditya_s123,Kevin and Binary Strings,OK,C++20 (GCC 13-64),1742041425
310714262,OxyGen32,Kevin and Binary Strings,WRONG_ANSWER,C++20 (GCC 13-64),1742041347
310713233,Vladek_P,Kevin and Permutation,OK,Python 3,1742040848
310711142,Vladek_P,Kevin and Permutation,WRONG_ANSWER,Python 3,1742039826
310711074,Vladek_P,Kevin and Permutation,WRONG_ANSWER,Python 3,1742039801
310710283,satyam07singh,Kevin and Combination Lock,OK,C++17 (GCC 7-32),1742039403
310709674,satyam07singh,Kevin and Permutation,OK,C++17 (GCC 7-32),1742039101
310709215,satyam07singh,Kevin and Permutation,WRONG_ANSWER,C++17 (GCC 7-32),1742038888
310708982,Vladek_P,Kevin and Permutation,WRONG_ANSWER,Python 3,1742038774
310708600,satyam07singh,Kevin and Permutation,WRONG_ANSWER,C++17 (GCC 7-32),1742038582
310708251,Krish_6969,Kevin and Combination Lock,OK,"C++23 (GCC 14-64, msys2)",1742038425
310708087,Krish_6969,Kevin and Combination Lock,WRONG_ANSWER,"C++23 (GCC 14-64, msys2)",1742038356
310705479,SadKepler,Kevin and Competition Memories,OK,C++20 (GCC 13-64),1742037186
310705301,bsp_rocks,Kevin and Binary Strings,OK,"C++23 (GCC 14-64, msys2)",1742037097
310704947,bsp_rocks,Kevin and Binary Strings,WRONG_ANSWER,"C++23 (GCC 14-64, msys2)",1742036941
310702721,SadKepler,Kevin and Binary Strings,OK,C++20 (GCC 13-64),1742035908
310702369,yogitajain1999,Kevin and Binary Strings,OK,C++17 (GCC 7-32),1742035741
310701745,SadKepler,Kevin and Permutation,OK,C++20 (GCC 13-64),1742035465
310701111,SadKepler,Kevin and Combination Lock,OK,C++20 (GCC 13-64),1742035177
310700485,yogitajain1999,Kevin and Binary Strings,WRONG_ANSWER,C++17 (GCC 7-32),1742034892
310693251,aftabroushad711,Kevin and Combination Lock,OK,C++17 (GCC 7-32),1742031560
310690926,bhut_ho_gya,Kevin and Binary Strings,OK,C++17 (GCC 7-32),1742030620
310690380,bhut_ho_gya,Kevin and Binary Strings,WRONG_ANSWER,C++17 (GCC 7-32),1742030382
310689974,harshbksp98,Kevin and Competition Memories,OK,C++20 (GCC 13-64),1742030209
310689410,YezarAyman71,Kevin and Permutation,OK,C++20 (GCC 13-64),1742029986
310689326,YezarAyman71,Kevin and Permutation,COMPILATION_ERROR,C++20 (GCC 13-64),1742029948
310687459,harshbksp98,Kevin and Competition Memories,WRONG_ANSWER,C++20 (GCC 13-64),1742029152
310686788,DaemonGod,Kevin and Permutation,OK,"C++23 (GCC 14-64, msys2)",1742028875
310686634,Amit_Khedar,Kevin and Binary Strings,OK,"C++23 (GCC 14-64, msys2)",1742028806
310686273,Amit_Khedar,Kevin and Binary Strings,WRONG_ANSWER,"C++23 (GCC 14-64, msys2)",1742028660
310685726,Amit_Khedar,Kevin and Binary Strings,WRONG_ANSWER,"C++23 (GCC 14-64, msys2)",1742028438
310685615,Amit_Khedar,Kevin and Binary Strings,WRONG_ANSWER,"C++23 (GCC 14-64, msys2)",1742028394
310685491,Amit_Khedar,Kevin and Binary Strings,COMPILATION_ERROR,"C++23 (GCC 14-64, msys2)",1742028333
310684834,CODERHARD,Kevin and Binary Strings,TIME_LIMIT_EXCEEDED,C++20 (GCC 13-64),1742028072
310684223,Amit_Khedar,Kevin and Binary Strings,WRONG_ANSWER,"C++23 (GCC 14-64, msys2)",1742027823
310684148,itsSPY_n,Kevin and Combination Lock,OK,C++17 (GCC 7-32),1742027792
310684008,Amit_Khedar,Kevin and Binary Strings,WRONG_ANSWER,"C++23 (GCC 14-64, msys2)",1742027738
310683237,Amit_Khedar,Kevin and Binary Strings,WRONG_ANSWER,"C++23 (GCC 14-64, msys2)",1742027407
310682980,Amit_Khedar,Kevin and Binary Strings,RUNTIME_ERROR,"C++23 (GCC 14-64, msys2)",1742027307
310682908,CodingDuck,Kevin and Permutation,OK,C++20 (GCC 13-64),1742027279
310682882,SuuvannAroraa,Kevin and Permutation,OK,C++20 (GCC 13-64),1742027269
310682458,Amit_Khedar,Kevin and Binary Strings,RUNTIME_ERROR,"C++23 (GCC 14-64, msys2)",1742027113
310681219,CodingDuck,Kevin and Permutation,WRONG_ANSWER,C++20 (GCC 13-64),1742026658
310680858,SuuvannAroraa,Kevin and Combination Lock,OK,C++20 (GCC 13-64),1742026505
310678935,iamkumarshivam,Kevin and Permutation,OK,C++17 (GCC 7-32),1742025713
310676217,3alam,Kevin and Competition Memories,OK,C++17 (GCC 7-32),1742024623
310675480,3alam,Kevin and Competition Memories,OK,C++17 (GCC 7-32),1742024322
310675091,3alam,Kevin and Competition Memories,OK,C++17 (GCC 7-32),1742024147
310674523,bhut_ho_gya,Kevin and Binary Strings,WRONG_ANSWER,C++17 (GCC 7-32),1742023899
310674008,iamkumarshivam,Kevin and Combination Lock,OK,C++17 (GCC 7-32),1742023689
310673689,3alam,Kevin and Competition Memories,OK,C++17 (GCC 7-32),1742023568
310673275,3alam,Kevin and Competition Memories,OK,C++17 (GCC 7-32),1742023387
310672169,3alam,Kevin and Competition Memories,OK,C++17 (GCC 7-32),1742022997
310672019,Codernikkk,Kevin and Competition Memories,OK,C++17 (GCC 7-32),1742022925
310671865,SJCHSKY,Kevin and Competition Memories,WRONG_ANSWER,C++17 (GCC 7-32),1742022858
310669054,Gowtham569,Kevin and Binary Strings,OK,C++17 (GCC 7-32),1742021675
310657612,rhythmrahejar,Kevin and Combination Lock,OK,PyPy 3-64,1742016159
310654489,Aword,Kevin and Bipartite Graph,OK,"C++23 (GCC 14-64, msys2)",1742013283
310654447,youzhiyingshi,Kevin and Combination Lock,OK,C++17 (GCC 7-32),1742013243
310654163,youzhiyingshi,Kevin and Permutation,OK,C++17 (GCC 7-32),1742012937
310651700,fly_1,Kevin and Competition Memories,OK,C++17 (GCC 7-32),1742010618
310651615,Aword,Kevin and Competition Memories,OK,"C++23 (GCC 14-64, msys2)",1742010540
310651514,Aword,Kevin and Competition Memories,WRONG_ANSWER,"C++23 (GCC 14-64, msys2)",1742010446
310651088,ALANDQQ,Kevin and Bipartite Graph,OK,C++17 (GCC 7-32),1742010064
310650490,ALANDQQ,Kevin and Bipartite Graph,WRONG_ANSWER,C++17 (GCC 7-32),1742009511
310650267,fly_1,Kevin and Competition Memories,OK,C++17 (GCC 7-32),1742009311
310650181,ALANDQQ,Kevin and Bipartite Graph,WRONG_ANSWER,C++17 (GCC 7-32),1742009236
310649919,fly_1,Kevin and Competition Memories,OK,C++17 (GCC 7-32),1742009020
310648108,Fatefly,Kevin and Competition Memories,OK,"C++23 (GCC 14-64, msys2)",1742007168
310648025,Fatefly,Kevin and Competition Memories,WRONG_ANSWER,"C++23 (GCC 14-64, msys2)",1742007087
310647521,Fatefly,Kevin and Competition Memories,WRONG_ANSWER,"C++23 (GCC 14-64, msys2)",1742006601
310647220,kill_me_again,Kevin and Competition Memories,WRONG_ANSWER,C++20 (GCC 13-64),1742006302
310646105,tobitk06,Kevin and Permutation,OK,C++17 (GCC 7-32),1742005133
310644898,kill_me_again,Kevin and Competition Memories,TIME_LIMIT_EXCEEDED,C++20 (GCC 13-64),1742003929
310641982,LHaoooo,Kevin and Combination Lock,OK,GNU C11,1742000908
310639485,tanushm,Kevin and Permutation,OK,"C++23 (GCC 14-64, msys2)",1741997709
310639430,tanushm,Kevin and Permutation,WRONG_ANSWER,"C++23 (GCC 14-64, msys2)",1741997628
310639092,farzz_,Kevin and Combination Lock,OK,"C++23 (GCC 14-64, msys2)",1741997134
310638420,tanushm,Kevin and Permutation,WRONG_ANSWER,"C++23 (GCC 14-64, msys2)",1741996176
310626679,SaddamHasanov,Kevin and Permutation,OK,C++17 (GCC 7-32),1741985781
310613610,KalraJi,Kevin and Competition Memories,OK,"C++23 (GCC 14-64, msys2)",1741978635
310611954,Mahmoud-Hossam,Kevin and Permutation,OK,C++20 (GCC 13-64),1741977708
310611330,Mahmoud-Hossam,Kevin and Permutation,WRONG_ANSWER,C++20 (GCC 13-64),1741977367
310610876,gentle_rick9201,Kevin and Permutation,OK,C++17 (GCC 7-32),1741977245
310608206,p__seervi5678,Kevin and Bipartite Graph,OK,C++17 (GCC 7-32),1741975922
310608133,p__seervi5678,Kevin and Bipartite Graph,WRONG_ANSWER,C++17 (GCC 7-32),1741975889
310607941,p__seervi5678,Kevin and Bipartite Graph,WRONG_ANSWER,C++17 (GCC 7-32),1741975795
310607212,SKR030,Kevin and Binary Strings,OK,PyPy 3-64,1741975459
310607107,kenpegrasia,Kevin and Binary Strings,OK,PyPy 3-64,1741975411
310604064,p__seervi5678,Kevin and Bipartite Graph,WRONG_ANSWER,C++17 (GCC 7-32),1741974041
310603687,vishallodhi_19,Kevin and Permutation,OK,C++20 (GCC 13-64),1741973872
310603257,fly_1,Kevin and Competition Memories,WRONG_ANSWER,C++17 (GCC 7-32),1741973679
310601944,fly_1,Kevin and Competition Memories,WRONG_ANSWER,C++17 (GCC 7-32),1741973049
310598346,KUSHAGRA2606,Kevin and Binary Strings,WRONG_ANSWER,C++20 (GCC 13-64),1741971416
310598273,Rembrandt_69,Kevin and Binary Strings,OK,"C++23 (GCC 14-64, msys2)",1741971381
310596904,harshbksp98,Kevin and Competition Memories,WRONG_ANSWER,C++20 (GCC 13-64),1741970736
310595823,mdshahin_alam,Kevin and Permutation,OK,"C++23 (GCC 14-64, msys2)",1741970258
310589690,KathirSrivathsan.S,Kevin and Binary Strings,OK,"C++23 (GCC 14-64, msys2)",1741967347
310589479,Kathir23,Kevin and Binary Strings,OK,"C++23 (GCC 14-64, msys2)",1741967260
310583599,KathirSrivathsan.S,Kevin and Binary Strings,WRONG_ANSWER,"C++23 (GCC 14-64, msys2)",1741964924
310582942,ate.codes,Kevin and Combination Lock,OK,"C++23 (GCC 14-64, msys2)",1741964654
310577558,ambassadorofinfinity,Kevin and Combination Lock,OK,Python 3,1741962495
310577084,Christina_Pinaru,Kevin and Combination Lock,OK,C++17 (GCC 7-32),1741962301
310572693,ProblemTerminator,Kevin and Math Class,OK,C++20 (GCC 13-64),1741960475
310572575,trishfr,Kevin and Permutation,OK,C++20 (GCC 13-64),1741960423
310572169,trishfr,Kevin and Permutation,WRONG_ANSWER,C++20 (GCC 13-64),1741960235
310569398,lalit_karthik,Kevin and Binary Strings,WRONG_ANSWER,C++17 (GCC 7-32),1741959046
310568502,lolanyways,Kevin and Competition Memories,OK,C++17 (GCC 7-32),1741958658
310567089,Nectarius,Kevin and Combination Lock,OK,Java 21,1741958008
310565188,Saurabh__Chauhan,Kevin and Combination Lock,OK,C++17 (GCC 7-32),1741957164
310561464,00BrainLock00,Kevin and Combination Lock,OK,"C++23 (GCC 14-64, msys2)",1741955567
310561134,sameersingh8848,Kevin and Bipartite Graph,TIME_LIMIT_EXCEEDED,C++17 (GCC 7-32),1741955423
310560410,ninja1301,Kevin and Combination Lock,OK,C++17 (GCC 7-32),1741955122
310560152,00BrainLock00,Kevin and Combination Lock,RUNTIME_ERROR,"C++23 (GCC 14-64, msys2)",1741955010
310558989,mpl_peaches,Kevin and Bipartite Graph,WRONG_ANSWER,C++17 (GCC 7-32),1741954481
310555749,kairk,Kevin and Binary Strings,OK,C++20 (GCC 13-64),1741953077
310552601,imritesh24,Kevin and Permutation,WRONG_ANSWER,GNU C11,1741951735
310548883,ankit.kumar.24031,Kevin and Combination Lock,OK,C++17 (GCC 7-32),1741950023
310548452,Artem_Pugash,Kevin and Combination Lock,OK,"C++23 (GCC 14-64, msys2)",1741949817
310548402,baizhoublack,Kevin and Combination Lock,OK,"C++23 (GCC 14-64, msys2)",1741949796
310548354,burga97,Kevin and Binary Strings,OK,"C++23 (GCC 14-64, msys2)",1741949772
310548329,ankit.kumar.24031,Kevin and Combination Lock,WRONG_ANSWER,C++17 (GCC 7-32),1741949757
310548267,bkifhr8,Kevin and Combination Lock,OK,C++17 (GCC 7-32),1741949723
310547969,ankit.kumar.24031,Kevin and Combination Lock,WRONG_ANSWER,C++17 (GCC 7-32),1741949589
310542493,prakhar3044,Kevin and Permutation,OK,C++17 (GCC 7-32),1741946969
310542261,ymmparsa,Kevin and Strange Operation,OK,"C++23 (GCC 14-64, msys2)",1741946873
310541733,aftabroushad711,Kevin and Bipartite Graph,TIME_LIMIT_EXCEEDED,C++17 (GCC 7-32),1741946630
310541478,rezaul7081,Kevin and Bipartite Graph,TIME_LIMIT_EXCEEDED,C++17 (GCC 7-32),1741946512
310540179,ymmparsa,Kevin and Strange Operation,WRONG_ANSWER,"C++23 (GCC 14-64, msys2)",1741945920
310540169,any_gate,Kevin and Binary Strings,OK,C++20 (GCC 13-64),1741945913
310539846,ymmparsa,Kevin and Strange Operation,RUNTIME_ERROR,"C++23 (GCC 14-64, msys2)",1741945743
310539771,abhay_25,Kevin and Permutation,TIME_LIMIT_EXCEEDED,C++17 (GCC 7-32),1741945712
310537558,abhaykumarverma,Kevin and Binary Strings,OK,"C++23 (GCC 14-64, msys2)",1741944700
310536855,lolanyways,Kevin and Competition Memories,TIME_LIMIT_EXCEEDED,C++17 (GCC 7-32),1741944386
310534360,Re_frain,Kevin and Combination Lock,OK,C++20 (GCC 13-64),1741943320
310534280,burga97,Kevin and Math Class,OK,"C++23 (GCC 14-64, msys2)",1741943286
310534155,kenpegrasia,Kevin and Math Class,WRONG_ANSWER,"C++23 (GCC 14-64, msys2)",1741943226
310533864,bkifhr7,Kevin and Math Class,TIME_LIMIT_EXCEEDED,"C++23 (GCC 14-64, msys2)",1741943093
310533323,Serendipity23,Kevin and Math Class,TIME_LIMIT_EXCEEDED,"C++23 (GCC 14-64, msys2)",1741942834
310532534,3.14,Kevin and Competition Memories,OK,C++17 (GCC 7-32),1741942486
310530041,DanilCh,Kevin and Combination Lock,OK,C++20 (GCC 13-64),1741941178
310529912,Noob_er_Bacca,Kevin and Binary Strings,OK,C++17 (GCC 7-32),1741941105
310529138,Noob_er_Bacca,Kevin and Binary Strings,WRONG_ANSWER,C++17 (GCC 7-32),1741940718
310527023,kairk,Kevin and Binary Strings,WRONG_ANSWER,C++20 (GCC 13-64),1741939510
310526681,aibarsnurr__,Kevin and Combination Lock,OK,C++20 (GCC 13-64),1741939311
310526592,aibarsnurr__,Kevin and Combination Lock,WRONG_ANSWER,C++20 (GCC 13-64),1741939256
310524412,Arnab_Bhattacharya,Kevin and Binary Strings,WRONG_ANSWER,C++17 (GCC 7-32),1741937871
310523208,Arnab_Bhattacharya,Kevin and Binary Strings,RUNTIME_ERROR,C++17 (GCC 7-32),1741937152
310522394,zhutianrui,Kevin and Strange Operation,OK,C++20 (GCC 13-64),1741936641
310520710,IIIIndex,Kevin and Binary Strings,OK,C++20 (GCC 13-64),1741935623
310517832,5am__Arpit,Kevin and Binary Strings,OK,C++20 (GCC 13-64),1741933827
310514850,Kakusei,Kevin and Permutation,OK,"C++23 (GCC 14-64, msys2)",1741931894
310514752,H370,Kevin and Competition Memories,OK,C++20 (GCC 13-64),1741931830
310514631,H370,Kevin and Competition Memories,WRONG_ANSWER,C++20 (GCC 13-64),1741931736
310514576,awesomeAbhra,Kevin and Permutation,OK,"C++23 (GCC 14-64, msys2)",1741931696
310514089,Sarwar171452,Kevin and Binary Strings,RUNTIME_ERROR,C++17 (GCC 7-32),1741931353
310512631,raghvendra98,Kevin and Permutation,OK,C++17 (GCC 7-32),1741930260
310512539,NiangZai,Kevin and Permutation,OK,"C++23 (GCC 14-64, msys2)",1741930189
310510244,zhutianrui,Kevin and Math Class,OK,C++20 (GCC 13-64),1741928310
310510073,Re_frain,Kevin and Permutation,OK,C++20 (GCC 13-64),1741928144
310509476,K_alpha-genZ,Kevin and Combination Lock,OK,PyPy 3-64,1741927559
310509169,K_alpha-genZ,Kevin and Combination Lock,TIME_LIMIT_EXCEEDED,PyPy 3-64,1741927260
310509120,K_alpha-genZ,Kevin and Combination Lock,WRONG_ANSWER,PyPy 3-64,1741927205
310506012,mttgermano,Kevin and Permutation,OK,C++20 (GCC 13-64),1741924114
310505679,zhutianrui,Kevin and Math Class,WRONG_ANSWER,C++20 (GCC 13-64),1741923846
310505511,zhutianrui,Kevin and Math Class,WRONG_ANSWER,C++20 (GCC 13-64),1741923695
310504828,sriramt234,Kevin and Permutation,OK,C++17 (GCC 7-32),1741923120
310502906,joaoc,Kevin and Permutation,OK,"C++23 (GCC 14-64, msys2)",1741921241
310501789,SamuelTull,Kevin and Binary Strings,OK,C++17 (GCC 7-32),1741919761
310500516,mayank94,Kevin and Matrices,OK,C++17 (GCC 7-32),1741918023
310497062,zsj6315,Kevin and Matrices,OK,C++20 (GCC 13-64),1741914571
310493740,amine.gouerch,Kevin and Permutation,OK,"C++23 (GCC 14-64, msys2)",1741910702
310483421,Diverso,Kevin and Permutation,OK,C++17 (GCC 7-32),1741901485
310480755,Badar_019,Kevin and Permutation,OK,"C++23 (GCC 14-64, msys2)",1741899803
310479951,Badar_019,Kevin and Permutation,OK,"C++23 (GCC 14-64, msys2)",1741899391
310477349,Noob_er_Bacca,Kevin and Binary Strings,WRONG_ANSWER,C++17 (GCC 7-32),1741897956
310477211,Badar_019,Kevin and Permutation,WRONG_ANSWER,"C++23 (GCC 14-64, msys2)",1741897884
310476007,Badar_019,Kevin and Permutation,WRONG_ANSWER,"C++23 (GCC 14-64, msys2)",1741897277
310475798,Badar_019,Kevin and Permutation,WRONG_ANSWER,"C++23 (GCC 14-64, msys2)",1741897178
310474151,ekinAbstract,Kevin and Binary Strings,OK,PyPy 3-64,1741896373
310473669,ekinAbstract,Kevin and Binary Strings,WRONG_ANSWER,PyPy 3-64,1741896135
310467381,Badar_019,Kevin and Permutation,WRONG_ANSWER,"C++23 (GCC 14-64, msys2)",1741892986
310466040,shah99,Kevin and Permutation,OK,"C++23 (GCC 14-64, msys2)",1741892263
310459679,sheriff1,Kevin and Combination Lock,OK,"C++23 (GCC 14-64, msys2)",1741889283
310456102,jack9915,Kevin and Binary Strings,OK,C++20 (GCC 13-64),1741887672
310455077,mattshahed,Kevin and Permutation,RUNTIME_ERROR,C++17 (GCC 7-32),1741887261
310453761,mattshahed,Kevin and Permutation,RUNTIME_ERROR,C++17 (GCC 7-32),1741886697
310453580,thento,Kevin and Permutation,OK,C++20 (GCC 13-64),1741886623
310453383,thento,Kevin and Permutation,WRONG_ANSWER,C++20 (GCC 13-64),1741886538
310451404,Voidron,Kevin and Permutation,OK,C++17 (GCC 7-32),1741885725
310450833,Voidron,Kevin and Permutation,WRONG_ANSWER,C++17 (GCC 7-32),1741885475
310443031,thento,Kevin and Permutation,WRONG_ANSWER,C++20 (GCC 13-64),1741882154
310442523,thento,Kevin and Permutation,WRONG_ANSWER,C++20 (GCC 13-64),1741881942
310441986,harshbksp98,Kevin and Competition Memories,WRONG_ANSWER,C++20 (GCC 13-64),1741881718
310441033,Voidron,Kevin and Permutation,TIME_LIMIT_EXCEEDED,C++17 (GCC 7-32),1741881355
310440275,rohitjazz199955,Kevin and Bipartite Graph,OK,"C++23 (GCC 14-64, msys2)",1741881046
310438605,piyush_joshi,Kevin and Binary Strings,OK,C++20 (GCC 13-64),1741880364
310438282,piyush_joshi,Kevin and Binary Strings,WRONG_ANSWER,C++20 (GCC 13-64),1741880233
310437681,piyush_joshi,Kevin and Binary Strings,WRONG_ANSWER,C++20 (GCC 13-64),1741880009
310437597,piyush_joshi,Kevin and Binary Strings,WRONG_ANSWER,C++20 (GCC 13-64),1741879979
310437081,piyush_joshi,Kevin and Permutation,OK,C++20 (GCC 13-64),1741879783
310436346,piyush_joshi,Kevin and Combination Lock,OK,C++20 (GCC 13-64),1741879490
310434410,transformer123,Kevin and Puzzle (Hard Version),WRONG_ANSWER,C++17 (GCC 7-32),1741878798
310433703,transformer123,Kevin and Strange Operation,WRONG_ANSWER,C++17 (GCC 7-32),1741878559
310432670,real_Parallelism,Kevin and Matrices,COMPILATION_ERROR,C++17 (GCC 7-32),1741878230
310432659,num2,Kevin and Competition Memories,TIME_LIMIT_EXCEEDED,C++17 (GCC 7-32),1741878223
310432373,_P_Bh,Kevin and Combination Lock,OK,C++17 (GCC 7-32),1741878136
310432176,WorldShine01,Kevin and Permutation,WRONG_ANSWER,C++17 (GCC 7-32),1741878074
310431978,num2,Kevin and Bipartite Graph,WRONG_ANSWER,C++17 (GCC 7-32),1741878016
310431855,num3,Kevin and Puzzle (Easy Version),WRONG_ANSWER,C++17 (GCC 7-32),1741877982
310431826,num6,Kevin and Binary Strings,TIME_LIMIT_EXCEEDED,C++17 (GCC 7-32),1741877967
310431498,aditya_s123,Kevin and Binary Strings,WRONG_ANSWER,C++20 (GCC 13-64),1741877857
310431466,WorldShine02,Kevin and Combination Lock,WRONG_ANSWER,C++17 (GCC 7-32),1741877843
310431296,transformer123,Kevin and Math Class,WRONG_ANSWER,C++17 (GCC 7-32),1741877788
310431042,aditya_s123,Kevin and Binary Strings,WRONG_ANSWER,C++20 (GCC 13-64),1741877704
310430336,aditya_s123,Kevin and Binary Strings,WRONG_ANSWER,C++20 (GCC 13-64),1741877451
310429606,aditya_s123,Kevin and Binary Strings,WRONG_ANSWER,C++20 (GCC 13-64),1741877221
310429169,califeee,Kevin and Binary Strings,OK,C++20 (GCC 13-64),1741877043
310428906,Voidron,Kevin and Permutation,WRONG_ANSWER,C++17 (GCC 7-32),1741876949
310420001,rohitjazz199955,Kevin and Bipartite Graph,WRONG_ANSWER,"C++23 (GCC 14-64, msys2)",1741873775
310419720,prajwal.pp7,Kevin and Binary Strings,OK,C++17 (GCC 7-32),1741873657
310418891,ayu_raj09,Kevin and Binary Strings,OK,"C++23 (GCC 14-64, msys2)",1741873361
310415882,bhanu2306,Kevin and Bipartite Graph,OK,"C++23 (GCC 14-64, msys2)",1741872238
310415640,Arefin_malek,Kevin and Binary Strings,OK,C++17 (GCC 7-32),1741872156
310413615,3213213,Kevin and Permutation,OK,"C++23 (GCC 14-64, msys2)",1741871389
310413137,3213213,Kevin and Permutation,WRONG_ANSWER,"C++23 (GCC 14-64, msys2)",1741871206
310413012,3213213,Kevin and Permutation,COMPILATION_ERROR,"C++23 (GCC 14-64, msys2)",1741871158
310412773,Arefin_malek,Kevin and Binary Strings,WRONG_ANSWER,C++17 (GCC 7-32),1741871073
310411364,pushp-raj-mishra,Kevin and Binary Strings,OK,C++17 (GCC 7-32),1741870561
310411122,pushp-raj-mishra,Kevin and Binary Strings,WRONG_ANSWER,C++17 (GCC 7-32),1741870455
310410512,3_B_S,Kevin and Permutation,WRONG_ANSWER,"C++23 (GCC 14-64, msys2)",1741870240
310409908,3_B_S,Kevin and Permutation,WRONG_ANSWER,"C++23 (GCC 14-64, msys2)",1741870016
310407969,IIIIndex,Kevin and Permutation,OK,C++20 (GCC 13-64),1741869327
310407047,Bl0ck_M0mb0,Kevin and Competition Memories,OK,C++17 (GCC 7-32),1741868987
310406585,IIIIndex,Kevin and Combination Lock,OK,C++20 (GCC 13-64),1741868796
310405123,aman_bhargav7665,Kevin and Binary Strings,OK,"C++23 (GCC 14-64, msys2)",1741868235
310403610,aftabroushad711,Kevin and Matrices,OK,C++17 (GCC 7-32),1741867669
310403031,xuluhui,Kevin and Matrices,OK,"C++23 (GCC 14-64, msys2)",1741867434
310403013,xuluhui,Kevin and Matrices,OK,C++17 (GCC 7-32),1741867428
310402575,gevak,Kevin and Bipartite Graph,WRONG_ANSWER,C++17 (GCC 7-32),1741867267
310395752,Sayanta10paul,Kevin and Combination Lock,OK,"C++23 (GCC 14-64, msys2)",1741864672
310393523,LokwaniRajput,Kevin and Permutation,OK,C++17 (GCC 7-32),1741863792
310393402,diyaanna06,Kevin and Permutation,OK,C++17 (GCC 7-32),1741863744
310393198,diyaanna06,Kevin and Permutation,OK,C++17 (GCC 7-32),1741863660
310389673,CodeStorm1,Kevin and Combination Lock,OK,"C++23 (GCC 14-64, msys2)",1741862249
310389299,delulu_raiymbek,Kevin and Combination Lock,OK,C++20 (GCC 13-64),1741862101
310389214,delulu_raiymbek,Kevin and Combination Lock,WRONG_ANSWER,C++20 (GCC 13-64),1741862070
310389131,delulu_raiymbek,Kevin and Combination Lock,TIME_LIMIT_EXCEEDED,C++20 (GCC 13-64),1741862039
310389072,delulu_raiymbek,Kevin and Combination Lock,COMPILATION_ERROR,GNU C11,1741862019
310387719,arshjeet,Kevin and Binary Strings,OK,C++17 (GCC 7-32),1741861481
310386678,arshjeet,Kevin and Binary Strings,WRONG_ANSWER,C++17 (GCC 7-32),1741861071
310385669,Umesh_Krishna,Kevin and Competition Memories,OK,C++17 (GCC 7-32),1741860645
310384192,Aishcuf,Kevin and Competition Memories,OK,"C++23 (GCC 14-64, msys2)",1741860094
310384076,Aishcuf,Kevin and Competition Memories,TIME_LIMIT_EXCEEDED,"C++23 (GCC 14-64, msys2)",1741860048
310383908,Aishcuf,Kevin and Competition Memories,OK,"C++23 (GCC 14-64, msys2)",1741859976
310383594,Aishcuf,Kevin and Competition Memories,TIME_LIMIT_EXCEEDED,"C++23 (GCC 14-64, msys2)",1741859847
310382527,AarushIITM,Kevin and Binary Strings,OK,C++20 (GCC 13-64),1741859418
310381526,Jayy__07,Kevin and Binary Strings,OK,C++20 (GCC 13-64),1741858989
310381242,AarushIITM,Kevin and Binary Strings,WRONG_ANSWER,C++20 (GCC 13-64),1741858869
310380985,AarushIITM,Kevin and Binary Strings,WRONG_ANSWER,C++20 (GCC 13-64),1741858762
310379951,Khushisaini7284,Kevin and Binary Strings,OK,C++17 (GCC 7-32),1741858315
310377196,so_close_,Kevin and Binary Strings,OK,C++17 (GCC 7-32),1741857132
310375174,Jayy__07,Kevin and Binary Strings,RUNTIME_ERROR,C++20 (GCC 13-64),1741856205
310374994,mathematicianlittle,Kevin and Combination Lock,OK,GNU C11,1741856116
310374983,Jayy__07,Kevin and Binary Strings,RUNTIME_ERROR,C++20 (GCC 13-64),1741856111
310374892,mathematicianlittle,Kevin and Combination Lock,WRONG_ANSWER,GNU C11,1741856067
310373222,so_close_,Kevin and Binary Strings,WRONG_ANSWER,C++17 (GCC 7-32),1741855317
310371031,diyaanna06,Kevin and Permutation,WRONG_ANSWER,C++17 (GCC 7-32),1741854286
310368721,rm_13954,Kevin and Permutation,OK,"C++23 (GCC 14-64, msys2)",1741853165
310368580,Entropy15,Kevin and Combination Lock,OK,Java 21,1741853090
310367599,rm_13954,Kevin and Permutation,WRONG_ANSWER,"C++23 (GCC 14-64, msys2)",1741852615
310367073,rm_13954,Kevin and Permutation,RUNTIME_ERROR,"C++23 (GCC 14-64, msys2)",1741852365
310366492,rm_13954,Kevin and Permutation,RUNTIME_ERROR,"C++23 (GCC 14-64, msys2)",1741852061
310365170,Aishcuf,Kevin and Binary Strings,OK,"C++23 (GCC 14-64, msys2)",1741851414
310364469,Aishcuf,Kevin and Binary Strings,WRONG_ANSWER,"C++23 (GCC 14-64, msys2)",1741851095
310361253,Aishcuf,Kevin and Permutation,OK,"C++23 (GCC 14-64, msys2)",1741849529
310360304,Aishcuf,Kevin and Combination Lock,OK,"C++23 (GCC 14-64, msys2)",1741849079
310358448,gauravsharmaop,Kevin and Permutation,OK,C++20 (GCC 13-64),1741848174
310358306,Sarwar171452,Kevin and Binary Strings,WRONG_ANSWER,C++17 (GCC 7-32),1741848098
310358042,Sarwar171452,Kevin and Binary Strings,RUNTIME_ERROR,C++17 (GCC 7-32),1741847952
310353091,bkifhr6,Kevin and Bipartite Graph,OK,"C++23 (GCC 14-64, msys2)",1741845299
310352780,halym2008,Kevin and Bipartite Graph,OK,"C++23 (GCC 14-64, msys2)",1741845106
310352042,Cojo_Mr,Kevin and Combination Lock,OK,Java 8,1741844674
310351460,ab2ulloh2013,Kevin and Combination Lock,OK,Java 8,1741844316
310350268,gevak,Kevin and Bipartite Graph,WRONG_ANSWER,C++17 (GCC 7-32),1741843502
310350180,gevak,Kevin and Bipartite Graph,WRONG_ANSWER,C++17 (GCC 7-32),1741843434
310350078,gevak,Kevin and Bipartite Graph,WRONG_ANSWER,C++17 (GCC 7-32),1741843373
310348154,daniutaiyang,Kevin and Permutation,OK,C++17 (GCC 7-32),1741842006
310346057,Um_nikO,Kevin and Combination Lock,OK,Java 8,1741840275
310346029,Um_nikO,Kevin and Combination Lock,WRONG_ANSWER,Java 8,1741840244
310345185,kapcode22,Kevin and Binary Strings,OK,"C++23 (GCC 14-64, msys2)",1741839494
310344818,ScorpioDaggar,Kevin and Bipartite Graph,OK,C++20 (GCC 13-64),1741839183
310342836,ff.shayx,Kevin and Combination Lock,OK,C++20 (GCC 13-64),1741837384
310339793,deepak422,Kevin and Permutation,OK,C++20 (GCC 13-64),1741834362
310339442,cringrammer,Kevin and Competition Memories,OK,C++20 (GCC 13-64),1741833989
310337574,3omdaughh,Kevin and Permutation,OK,"C++23 (GCC 14-64, msys2)",1741832048
310335983,Cojo_Mr,Kevin and Combination Lock,OK,Java 8,1741830047
310334864,MYS158,Kevin and Binary Strings,WRONG_ANSWER,C++17 (GCC 7-32),1741828728
310333992,MYS158,Kevin and Binary Strings,WRONG_ANSWER,C++17 (GCC 7-32),1741827791
310329784,anupomkhan,Kevin and Permutation,WRONG_ANSWER,C++17 (GCC 7-32),1741822914
310329401,anupomkhan,Kevin and Permutation,WRONG_ANSWER,C++17 (GCC 7-32),1741822536
310327118,Sam3,Kevin and Binary Strings,OK,C++17 (GCC 7-32),1741819763
310326900,Sam3,Kevin and Binary Strings,WRONG_ANSWER,C++17 (GCC 7-32),1741819509
310314421,OANTU,Kevin and Combination Lock,OK,C++20 (GCC 13-64),1741810433
310314208,pat.k,Kevin and Binary Strings,OK,"C++23 (GCC 14-64, msys2)",1741810322
310313213,OANTU,Kevin and Permutation,OK,C++20 (GCC 13-64),1741809811
310312930,pat.k,Kevin and Binary Strings,WRONG_ANSWER,"C++23 (GCC 14-64, msys2)",1741809659
310312533,OANTU,Kevin and Permutation,WRONG_ANSWER,C++20 (GCC 13-64),1741809437
310306061,adarsh_0007,Kevin and Permutation,OK,"C++23 (GCC 14-64, msys2)",1741805833
310304016,adarsh_0007,Kevin and Permutation,WRONG_ANSWER,"C++23 (GCC 14-64, msys2)",1741804896
310303489,thento,Kevin and Permutation,WRONG_ANSWER,C++20 (GCC 13-64),1741804636
310302147,saxenaprashast2003,Kevin and Permutation,OK,C++20 (GCC 13-64),1741804007
310301420,Jitendarr16,Kevin and Matrices,OK,"C++23 (GCC 14-64, msys2)",1741803710
310299245,israatumeh9,Kevin and Permutation,OK,"C++23 (GCC 14-64, msys2)",1741802743
310297185,sriramt234,Kevin and Binary Strings,WRONG_ANSWER,C++17 (GCC 7-32),1741801794
310296251,Karthik1812,Kevin and Combination Lock,OK,C++20 (GCC 13-64),1741801406
310296128,Nikunj23,Kevin and Combination Lock,OK,C++17 (GCC 7-32),1741801355
310295385,Sabbir486,Kevin and Permutation,WRONG_ANSWER,C++20 (GCC 13-64),1741801034
310294753,Nikunj23,Kevin and Combination Lock,TIME_LIMIT_EXCEEDED,C++17 (GCC 7-32),1741800769
310294364,Wait_for_revenge,Kevin and Bipartite Graph,OK,C++20 (GCC 13-64),1741800603
310293120,Nikunj23,Kevin and Combination Lock,RUNTIME_ERROR,C++17 (GCC 7-32),1741800073
310292627,Nikunj23,Kevin and Combination Lock,RUNTIME_ERROR,C++17 (GCC 7-32),1741799875
310288656,Nikunj23,Kevin and Combination Lock,RUNTIME_ERROR,C++17 (GCC 7-32),1741798137
310288368,__hemang__,Kevin and Competition Memories,OK,"C++23 (GCC 14-64, msys2)",1741798003
310288353,Radhe03,Kevin and Combination Lock,OK,C++17 (GCC 7-32),1741797999
310287152,jitendraturing,Kevin and Matrices,OK,"C++23 (GCC 14-64, msys2)",1741797463
310286979,jitendraturing,Kevin and Matrices,OK,"C++23 (GCC 14-64, msys2)",1741797379
310279277,just_peter,Kevin and Binary Strings,OK,C++20 (GCC 13-64),1741793957
310274327,Sanad_Jr,Kevin and Permutation,OK,"C++23 (GCC 14-64, msys2)",1741792003
310272496,Andreasyan,Kevin and Matrices,OK,C++20 (GCC 13-64),1741791257
310271894,just_peter,Kevin and Binary Strings,WRONG_ANSWER,C++20 (GCC 13-64),1741791008
310267148,goodluck_2077,Kevin and Bipartite Graph,OK,"C++23 (GCC 14-64, msys2)",1741789178
310266271,just_peter,Kevin and Binary Strings,WRONG_ANSWER,C++20 (GCC 13-64),1741788864
310265223,zinga2511,Kevin and Permutation,WRONG_ANSWER,C++17 (GCC 7-32),1741788491
310258040,zhuangyanqi123456,Kevin and Bipartite Graph,OK,C++17 (GCC 7-32),1741785681
310257209,Andreasyan,Kevin and Bipartite Graph,OK,C++20 (GCC 13-64),1741785272
310254993,amartya.nigam,Kevin and Puzzle (Hard Version),OK,"C++23 (GCC 14-64, msys2)",1741784136
310253508,Andreasyan,Kevin and Competition Memories,OK,C++20 (GCC 13-64),1741783377
310252234,_Vimal,Kevin and Competition Memories,OK,C++17 (GCC 7-32),1741782725
310251724,Andreasyan,Kevin and Binary Strings,OK,C++20 (GCC 13-64),1741782456
310251252,stellar11,Kevin and Competition Memories,OK,C++17 (GCC 7-32),1741782186
310250357,Andreasyan,Kevin and Permutation,OK,C++20 (GCC 13-64),1741781709
310250093,Andreasyan,Kevin and Combination Lock,OK,C++20 (GCC 13-64),1741781564
310249307,ETO-leaders,Kevin and Bipartite Graph,OK,C++17 (GCC 7-32),1741781125
310249178,ALANYQ,Kevin and Bipartite Graph,OK,C++17 (GCC 7-32),1741781063
310248308,231002814yht,Kevin and Competition Memories,OK,C++17 (GCC 7-32),1741780603
310247857,231002814yht,Kevin and Competition Memories,TIME_LIMIT_EXCEEDED,C++17 (GCC 7-32),1741780368
310246721,kridant_kumar,Kevin and Permutation,OK,Python 3,1741779765
310246616,Code_Attempt_2,Kevin and Permutation,OK,"C++23 (GCC 14-64, msys2)",1741779718
310246292,kridant_kumar,Kevin and Permutation,WRONG_ANSWER,Python 3,1741779558
310246063,kridant_kumar,Kevin and Permutation,WRONG_ANSWER,Python 3,1741779438
310245693,kridant_kumar,Kevin and Permutation,OK,Python 3,1741779261
310245598,kridant_kumar,Kevin and Permutation,RUNTIME_ERROR,Python 3,1741779207
310242831,SIR51,Kevin and Binary Strings,OK,"C++23 (GCC 14-64, msys2)",1741777778
310242277,SIR51,Kevin and Binary Strings,WRONG_ANSWER,"C++23 (GCC 14-64, msys2)",1741777509
310239128,gzukovik,Kevin and Matrices,OK,C++20 (GCC 13-64),1741775701
310238534,ByteMancer007,Kevin and Binary Strings,OK,C++20 (GCC 13-64),1741775337
310237878,ByteMancer007,Kevin and Binary Strings,WRONG_ANSWER,C++20 (GCC 13-64),1741774946
310237553,SIR51,Kevin and Binary Strings,WRONG_ANSWER,"C++23 (GCC 14-64, msys2)",1741774768
310236111,Kartop,Kevin and Competition Memories,OK,"C++23 (GCC 14-64, msys2)",1741773934
310232442,fighting.,Kevin and Combination Lock,OK,"C++23 (GCC 14-64, msys2)",1741771807
310228225,being_mysterious,Kevin and Bipartite Graph,OK,C++20 (GCC 13-64),1741769707
310227364,Bl0ck_M0mb0,Kevin and Combination Lock,OK,C++17 (GCC 7-32),1741769251
310226901,being_mysterious,Kevin and Bipartite Graph,WRONG_ANSWER,C++20 (GCC 13-64),1741769074
310226820,being_mysterious,Kevin and Bipartite Graph,WRONG_ANSWER,C++20 (GCC 13-64),1741769040
310226634,being_mysterious,Kevin and Bipartite Graph,WRONG_ANSWER,C++20 (GCC 13-64),1741768940
310226473,being_mysterious,Kevin and Bipartite Graph,WRONG_ANSWER,C++20 (GCC 13-64),1741768853
310223569,aarsh_12,Kevin and Competition Memories,OK,"C++23 (GCC 14-64, msys2)",1741767150
310223466,King87arshiar,Kevin and Matrices,WRONG_ANSWER,C++20 (GCC 13-64),1741767083
310222997,King87arshiar,Kevin and Matrices,WRONG_ANSWER,C++20 (GCC 13-64),1741767022
310222679,Anand_Bhartis,Kevin and Permutation,OK,C++20 (GCC 13-64),1741766836
310222609,Yasho_han,Kevin and Math Class,WRONG_ANSWER,C++20 (GCC 13-64),1741766794
310222584,King87arshiar,Kevin and Math Class,COMPILATION_ERROR,C++20 (GCC 13-64),1741766775
310221810,King87arshiar,Kevin and Puzzle (Hard Version),WRONG_ANSWER,C++20 (GCC 13-64),1741766308
310221739,Kaushal_singal,Kevin and Puzzle (Hard Version),WRONG_ANSWER,C++20 (GCC 13-64),1741766271
310221604,Mlchael_Petrov,Kevin and Permutation,WRONG_ANSWER,C++20 (GCC 13-64),1741766186
310221573,khuni_usture,Kevin and Permutation,OK,C++20 (GCC 13-64),1741766165
310221535,Mousa_Aboubakar,Kevin and Permutation,OK,C++20 (GCC 13-64),1741766144
310221493,khuni_usture,Kevin and Permutation,OK,C++20 (GCC 13-64),1741766122
310221452,Faisal_Saqid,Kevin and Permutation,OK,C++20 (GCC 13-64),1741766102
310220795,Trumpsunderwear,Kevin and Competition Memories,OK,C++17 (GCC 7-32),1741765742
310220117,Bl0ck_M0mb0,Kevin and Combination Lock,TIME_LIMIT_EXCEEDED,C++17 (GCC 7-32),1741765355
310219978,aarsh_12,Kevin and Binary Strings,OK,"C++23 (GCC 14-64, msys2)",1741765279
310219566,Mlchael_Petrov,Kevin and Bipartite Graph,WRONG_ANSWER,C++20 (GCC 13-64),1741765015
310219528,AhmedAbdelhamid29,Kevin and Bipartite Graph,WRONG_ANSWER,C++20 (GCC 13-64),1741764996
310219493,Mlchael_Petrov,Kevin and Bipartite Graph,WRONG_ANSWER,C++20 (GCC 13-64),1741764975
310219383,King87arshiar,Kevin and Bipartite Graph,WRONG_ANSWER,C++20 (GCC 13-64),1741764914
310219346,Anand_Bhartis,Kevin and Bipartite Graph,WRONG_ANSWER,C++20 (GCC 13-64),1741764892
310219275,Mousa_Aboubakar,Kevin and Combination Lock,OK,C++20 (GCC 13-64),1741764854
310219239,Anand_Bhartis,Kevin and Combination Lock,OK,C++20 (GCC 13-64),1741764832
310219204,Kaushal_singal,Kevin and Combination Lock,OK,C++20 (GCC 13-64),1741764816
310219136,AmirrezaShoom,Kevin and Combination Lock,OK,C++20 (GCC 13-64),1741764789
310217819,YangYu233,Kevin and Permutation,OK,PyPy 3,1741764203
310217369,aarsh_12,Kevin and Permutation,OK,"C++23 (GCC 14-64, msys2)",1741764012
310217207,aayush01x,Kevin and Competition Memories,OK,"C++23 (GCC 14-64, msys2)",1741763944
310217038,__hemang__,Kevin and Bipartite Graph,OK,"C++23 (GCC 14-64, msys2)",1741763876
310216784,aarsh_12,Kevin and Combination Lock,OK,"C++23 (GCC 14-64, msys2)",1741763755
310215662,Anand_Bhartis,Kevin and Combination Lock,OK,C++20 (GCC 13-64),1741763262
310215619,khuni_usture,Kevin and Combination Lock,OK,C++20 (GCC 13-64),1741763240
310215566,Faisal_Saqid,Kevin and Combination Lock,OK,C++20 (GCC 13-64),1741763217
310215522,Kaushal_singal,Kevin and Combination Lock,OK,C++20 (GCC 13-64),1741763198
310215307,rifatsyauki12,Kevin and Combination Lock,OK,C++17 (GCC 7-32),1741763104
310215277,Mlchael_Petrov,Kevin and Binary Strings,WRONG_ANSWER,C++20 (GCC 13-64),1741763095
310215191,Faisal_Saqid,Kevin and Binary Strings,WRONG_ANSWER,C++20 (GCC 13-64),1741763054
310215111,Yasho_han,Kevin and Puzzle (Easy Version),WRONG_ANSWER,C++20 (GCC 13-64),1741763015
310213874,KrisH_2207,Kevin and Binary Strings,OK,C++17 (GCC 7-32),1741762473
310213066,Safdar.Saidov,Kevin and Permutation,WRONG_ANSWER,C++17 (GCC 7-32),1741762085
310212962,Safdar.Saidov,Kevin and Permutation,WRONG_ANSWER,C++17 (GCC 7-32),1741762033
310212782,Safdar.Saidov,Kevin and Permutation,WRONG_ANSWER,C++20 (GCC 13-64),1741761947
310210759,YuriBazz,Kevin and Permutation,OK,C# 10,1741760961
310210680,AmirrezaShoom,Kevin and Puzzle (Easy Version),WRONG_ANSWER,C++20 (GCC 13-64),1741760923
310210642,King87arshiar,Kevin and Puzzle (Easy Version),WRONG_ANSWER,C++20 (GCC 13-64),1741760904
310210583,khuni_usture,Kevin and Puzzle (Easy Version),WRONG_ANSWER,C++20 (GCC 13-64),1741760881
310210463,Mlchael_Petrov,Kevin and Puzzle (Easy Version),WRONG_ANSWER,C++20 (GCC 13-64),1741760820
310210188,Mousa_Aboubakar,Kevin and Competition Memories,WRONG_ANSWER,C++20 (GCC 13-64),1741760679
310209110,amartya.nigam,Kevin and Combination Lock,OK,"C++23 (GCC 14-64, msys2)",1741760169
310208503,agnivkar178,Kevin and Permutation,OK,C++17 (GCC 7-32),1741759908
310207209,amartya.nigam,Kevin and Binary Strings,OK,"C++23 (GCC 14-64, msys2)",1741759251
310206219,agnivkar178,Kevin and Permutation,RUNTIME_ERROR,C++17 (GCC 7-32),1741758669
310206011,agnivkar178,Kevin and Permutation,WRONG_ANSWER,C++17 (GCC 7-32),1741758556
310205383,agnivkar178,Kevin and Permutation,WRONG_ANSWER,C++17 (GCC 7-32),1741758207
310205006,agnivkar178,Kevin and Permutation,WRONG_ANSWER,C++17 (GCC 7-32),1741757966
310202692,amartya.nigam,Kevin and Strange Operation,OK,"C++23 (GCC 14-64, msys2)",1741756638
310202249,waterwang002,Kevin and Combination Lock,OK,PyPy 3-64,1741756372
310202041,waterwang002,Kevin and Permutation,OK,PyPy 3-64,1741756226
310201976,waterwang002,Kevin and Binary Strings,OK,PyPy 3-64,1741756187
310201886,Mxhrv_11,Kevin and Combination Lock,OK,C++20 (GCC 13-64),1741756133
310196982,agnivkar178,Kevin and Permutation,WRONG_ANSWER,C++17 (GCC 7-32),1741752525
310196941,Ansh_Pant,Kevin and Combination Lock,OK,"C++23 (GCC 14-64, msys2)",1741752492
310196240,agnivkar178,Kevin and Permutation,WRONG_ANSWER,C++17 (GCC 7-32),1741751934
310196107,agnivkar178,Kevin and Permutation,WRONG_ANSWER,C++17 (GCC 7-32),1741751828
310195154,agnivkar178,Kevin and Permutation,WRONG_ANSWER,C++17 (GCC 7-32),1741750997
310194840,Girit,Kevin and Combination Lock,OK,C++17 (GCC 7-32),1741750713
310191872,IAMGaoeight,Kevin and Bipartite Graph,WRONG_ANSWER,C++17 (GCC 7-32),1741748053
310190371,King87arshiar,Kevin and Combination Lock,TIME_LIMIT_EXCEEDED,C++20 (GCC 13-64),1741746539
310190351,Kaushal_singal,Kevin and Combination Lock,TIME_LIMIT_EXCEEDED,C++20 (GCC 13-64),1741746513
310190328,khuni_usture,Kevin and Combination Lock,TIME_LIMIT_EXCEEDED,C++20 (GCC 13-64),1741746491
310190308,AmirrezaShoom,Kevin and Combination Lock,TIME_LIMIT_EXCEEDED,C++20 (GCC 13-64),1741746471
310190292,Anand_Bhartis,Kevin and Binary Strings,WRONG_ANSWER,C++20 (GCC 13-64),1741746450
310190270,Faisal_Saqid,Kevin and Binary Strings,WRONG_ANSWER,C++20 (GCC 13-64),1741746428
310190254,Yasho_han,Kevin and Binary Strings,WRONG_ANSWER,C++20 (GCC 13-64),1741746410
310190238,AhmedAbdelhamid29,Kevin and Binary Strings,TIME_LIMIT_EXCEEDED,C++20 (GCC 13-64),1741746387
310190220,AmirrezaShoom,Kevin and Binary Strings,COMPILATION_ERROR,C++20 (GCC 13-64),1741746365
310190210,Mlchael_Petrov,Kevin and Binary Strings,TIME_LIMIT_EXCEEDED,C++20 (GCC 13-64),1741746348
310190192,Faisal_Saqid,Kevin and Binary Strings,WRONG_ANSWER,C++20 (GCC 13-64),1741746325
310190172,Faisal_Saqid,Kevin and Binary Strings,COMPILATION_ERROR,C++20 (GCC 13-64),1741746303
310190160,Anand_Bhartis,Kevin and Puzzle (Easy Version),WRONG_ANSWER,C++20 (GCC 13-64),1741746283
310189906,Mousa_Aboubakar,Kevin and Permutation,WRONG_ANSWER,C++20 (GCC 13-64),1741745993
310189883,Mlchael_Petrov,Kevin and Permutation,WRONG_ANSWER,C++20 (GCC 13-64),1741745970
310189862,Anand_Bhartis,Kevin and Permutation,WRONG_ANSWER,C++20 (GCC 13-64),1741745949
310189839,Mousa_Aboubakar,Kevin and Math Class,WRONG_ANSWER,C++20 (GCC 13-64),1741745928
310189816,AmirrezaShoom,Kevin and Math Class,WRONG_ANSWER,C++20 (GCC 13-64),1741745907
310189798,Yasho_han,Kevin and Math Class,TIME_LIMIT_EXCEEDED,C++20 (GCC 13-64),1741745886
310189786,Mousa_Aboubakar,Kevin and Math Class,WRONG_ANSWER,C++20 (GCC 13-64),1741745868
310189755,Mousa_Aboubakar,Kevin and Math Class,TIME_LIMIT_EXCEEDED,C++20 (GCC 13-64),1741745845
310189734,Yasho_han,Kevin and Math Class,WRONG_ANSWER,C++20 (GCC 13-64),1741745824
310189719,Faisal_Saqid,Kevin and Math Class,WRONG_ANSWER,C++20 (GCC 13-64),1741745808
310189701,Faisal_Saqid,Kevin and Math Class,WRONG_ANSWER,C++20 (GCC 13-64),1741745783
310189679,Yasho_han,Kevin and Competition Memories,WRONG_ANSWER,C++20 (GCC 13-64),1741745762
310189655,Mousa_Aboubakar,Kevin and Competition Memories,WRONG_ANSWER,C++20 (GCC 13-64),1741745741
310189629,AmirrezaShoom,Kevin and Strange Operation,MEMORY_LIMIT_EXCEEDED,C++20 (GCC 13-64),1741745719
310189605,AmirrezaShoom,Kevin and Strange Operation,WRONG_ANSWER,C++20 (GCC 13-64),1741745699
310189581,Mousa_Aboubakar,Kevin and Strange Operation,WRONG_ANSWER,C++20 (GCC 13-64),1741745678
310189564,Faisal_Saqid,Kevin and Strange Operation,WRONG_ANSWER,C++20 (GCC 13-64),1741745663
310189524,Anand_Bhartis,Kevin and Strange Operation,WRONG_ANSWER,C++20 (GCC 13-64),1741745636
310189506,Mousa_Aboubakar,Kevin and Strange Operation,WRONG_ANSWER,C++20 (GCC 13-64),1741745615
310189489,King87arshiar,Kevin and Strange Operation,TIME_LIMIT_EXCEEDED,C++20 (GCC 13-64),1741745594
310189463,Mlchael_Petrov,Kevin and Strange Operation,MEMORY_LIMIT_EXCEEDED,C++20 (GCC 13-64),1741745574
310188891,khuni_usture,Kevin and Puzzle (Easy Version),WRONG_ANSWER,C++20 (GCC 13-64),1741744907
310188876,AmirrezaShoom,Kevin and Puzzle (Easy Version),WRONG_ANSWER,C++20 (GCC 13-64),1741744886
310188857,AmirrezaShoom,Kevin and Puzzle (Easy Version),WRONG_ANSWER,C++20 (GCC 13-64),1741744866
310188839,Mlchael_Petrov,Kevin and Puzzle (Easy Version),WRONG_ANSWER,C++20 (GCC 13-64),1741744845
310188823,khuni_usture,Kevin and Puzzle (Easy Version),WRONG_ANSWER,C++20 (GCC 13-64),1741744824
310188808,Mlchael_Petrov,Kevin and Puzzle (Easy Version),WRONG_ANSWER,C++20 (GCC 13-64),1741744803
310188791,AhmedAbdelhamid29,Kevin and Puzzle (Easy Version),WRONG_ANSWER,C++20 (GCC 13-64),1741744783
310188776,King87arshiar,Kevin and Competition Memories,WRONG_ANSWER,C++20 (GCC 13-64),1741744761
310188751,Mousa_Aboubakar,Kevin and Competition Memories,WRONG_ANSWER,C++20 (GCC 13-64),1741744743
310188738,King87arshiar,Kevin and Competition Memories,WRONG_ANSWER,C++20 (GCC 13-64),1741744729
310188714,AmirrezaShoom,Kevin and Competition Memories,COMPILATION_ERROR,C++20 (GCC 13-64),1741744701
310188687,khuni_usture,Kevin and Competition Memories,WRONG_ANSWER,C++20 (GCC 13-64),1741744680
310188667,Anand_Bhartis,Kevin and Competition Memories,TIME_LIMIT_EXCEEDED,C++20 (GCC 13-64),1741744662
310188264,RE_night,Kevin and Bipartite Graph,OK,C++17 (GCC 7-32),1741744235
310187470,Mlchael_Petrov,Kevin and Matrices,WRONG_ANSWER,C++20 (GCC 13-64),1741743348
310187457,Mlchael_Petrov,Kevin and Matrices,WRONG_ANSWER,C++20 (GCC 13-64),1741743327
310187449,Faisal_Saqid,Kevin and Matrices,WRONG_ANSWER,C++20 (GCC 13-64),1741743308
310187433,Mousa_Aboubakar,Kevin and Matrices,WRONG_ANSWER,C++20 (GCC 13-64),1741743285
310187422,AhmedAbdelhamid29,Kevin and Matrices,COMPILATION_ERROR,C++20 (GCC 13-64),1741743265
310187407,Mlchael_Petrov,Kevin and Matrices,WRONG_ANSWER,C++20 (GCC 13-64),1741743254
310187387,AhmedAbdelhamid29,Kevin and Matrices,WRONG_ANSWER,C++20 (GCC 13-64),1741743240
310186560,AhmedAbdelhamid29,Kevin and Puzzle (Hard Version),RUNTIME_ERROR,C++20 (GCC 13-64),1741742306
310186542,King87arshiar,Kevin and Puzzle (Hard Version),WRONG_ANSWER,C++20 (GCC 13-64),1741742290
310186517,Anand_Bhartis,Kevin and Puzzle (Hard Version),TIME_LIMIT_EXCEEDED,C++20 (GCC 13-64),1741742262
310186495,King87arshiar,Kevin and Puzzle (Hard Version),WRONG_ANSWER,C++20 (GCC 13-64),1741742241
310186481,khuni_usture,Kevin and Puzzle (Hard Version),WRONG_ANSWER,C++20 (GCC 13-64),1741742222
310186466,Faisal_Saqid,Kevin and Puzzle (Hard Version),WRONG_ANSWER,C++20 (GCC 13-64),1741742200
310186450,Anand_Bhartis,Kevin and Puzzle (Hard Version),WRONG_ANSWER,C++20 (GCC 13-64),1741742179
310186430,Mousa_Aboubakar,Kevin and Puzzle (Hard Version),WRONG_ANSWER,C++20 (GCC 13-64),1741742158
310186412,Yasho_han,Kevin and Permutation,WRONG_ANSWER,C++20 (GCC 13-64),1741742137
310186388,AmirrezaShoom,Kevin and Permutation,WRONG_ANSWER,C++20 (GCC 13-64),1741742120
310186364,khuni_usture,Kevin and Permutation,WRONG_ANSWER,C++20 (GCC 13-64),1741742095
310186347,AmirrezaShoom,Kevin and Permutation,WRONG_ANSWER,C++20 (GCC 13-64),1741742075
310186326,Mlchael_Petrov,Kevin and Permutation,WRONG_ANSWER,C++20 (GCC 13-64),1741742054
310185400,King87arshiar,Kevin and Matrices,WRONG_ANSWER,C++20 (GCC 13-64),1741740971
310185365,Anand_Bhartis,Kevin and Bipartite Graph,WRONG_ANSWER,C++20 (GCC 13-64),1741740930
310185359,khuni_usture,Kevin and Bipartite Graph,WRONG_ANSWER,C++20 (GCC 13-64),1741740923
310185330,Mlchael_Petrov,Kevin and Bipartite Graph,WRONG_ANSWER,C++20 (GCC 13-64),1741740890
310185310,Yasho_han,Kevin and Bipartite Graph,WRONG_ANSWER,C++20 (GCC 13-64),1741740868
310185290,Faisal_Saqid,Kevin and Bipartite Graph,WRONG_ANSWER,C++20 (GCC 13-64),1741740847
310185278,khuni_usture,Kevin and Bipartite Graph,WRONG_ANSWER,C++20 (GCC 13-64),1741740826
310185255,AhmedAbdelhamid29,Kevin and Bipartite Graph,WRONG_ANSWER,C++20 (GCC 13-64),1741740805
310185241,King87arshiar,Kevin and Combination Lock,TIME_LIMIT_EXCEEDED,C++20 (GCC 13-64),1741740788
310185219,AhmedAbdelhamid29,Kevin and Combination Lock,TIME_LIMIT_EXCEEDED,C++20 (GCC 13-64),1741740763
310185210,Mlchael_Petrov,Kevin and Combination Lock,OK,C++20 (GCC 13-64),1741740753
310185185,Kaushal_singal,Kevin and Combination Lock,TIME_LIMIT_EXCEEDED,C++20 (GCC 13-64),1741740728
310182257,hcywoi,Kevin and Math Class,OK,"C++23 (GCC 14-64, msys2)",1741737219
310180259,hcywoi,Kevin and Matrices,OK,"C++23 (GCC 14-64, msys2)",1741734568
310171928,heyamha,Kevin and Combination Lock,OK,C++20 (GCC 13-64),1741726146
310168087,ankit.kumar.24031,Kevin and Permutation,WRONG_ANSWER,C++17 (GCC 7-32),1741723354
310167295,palsatyam877,Kevin and Permutation,OK,C++20 (GCC 13-64),1741722808
310166712,ayushagg,Kevin and Combination Lock,OK,"C++23 (GCC 14-64, msys2)",1741722345
310166519,ayushagg,Kevin and Combination Lock,WRONG_ANSWER,"C++23 (GCC 14-64, msys2)",1741722212
310166507,aliazgor_rumi,Kevin and Combination Lock,OK,C++17 (GCC 7-32),1741722202
310165502,SAsaklam,Kevin and Permutation,WRONG_ANSWER,C++17 (GCC 7-32),1741721549
310158499,Qinghao.H,Kevin and Competition Memories,OK,"C++23 (GCC 14-64, msys2)",1741717585
310146999,kkakarott,Kevin and Competition Memories,OK,C++20 (GCC 13-64),1741713413
310136220,__hemang__,Kevin and Combination Lock,COMPILATION_ERROR,"C++23 (GCC 14-64, msys2)",1741711802
310136134,priyanshu.r.turing,Kevin and Bipartite Graph,OK,"C++23 (GCC 14-64, msys2)",1741711791
310132822,__hemang__,Kevin and Combination Lock,OK,"C++23 (GCC 14-64, msys2)",1741711435
310126222,waterwang002,Kevin and Competition Memories,OK,PyPy 3-64,1741710751
310125084,waterwang002,Kevin and Bipartite Graph,OK,PyPy 3-64,1741710638
310124051,waterwang002,Kevin and Math Class,WRONG_ANSWER,PyPy 3-64,1741710541
310123041,waterwang002,Kevin and Matrices,TIME_LIMIT_EXCEEDED,PyPy 3-64,1741710443
310122000,waterwang002,Kevin and Strange Operation,WRONG_ANSWER,PyPy 3-64,1741710346
310120898,waterwang002,Kevin and Puzzle (Easy Version),RUNTIME_ERROR,PyPy 3-64,1741710241
310120605,man_from_nowhere,Kevin and Competition Memories,OK,C++17 (GCC 7-32),1741710212
310119789,waterwang002,Kevin and Puzzle (Hard Version),WRONG_ANSWER,PyPy 3-64,1741710140
310118487,ManyamMani,Kevin and Math Class,OK,"C++23 (GCC 14-64, msys2)",1741710021
310117160,ManyamMani,Kevin and Math Class,OK,C++17 (GCC 7-32),1741709903
310115078,Qinghao.H,Kevin and Competition Memories,WRONG_ANSWER,"C++23 (GCC 14-64, msys2)",1741709719
310086080,Code-Metrics-thesis,Kevin and Competition Memories,WRONG_ANSWER,"C++23 (GCC 14-64, msys2)",1741707582
310083595,Hy-yH,Kevin and Combination Lock,OK,C++17 (GCC 7-32),1741707435
310058229,Code-Metrics-thesis,Kevin and Competition Memories,WRONG_ANSWER,"C++23 (GCC 14-64, msys2)",1741706081
310032027,Oberlin,Kevin and Binary Strings,OK,C++20 (GCC 13-64),1741704955
310017326,kayS,Kevin and Permutation,OK,C++17 (GCC 7-32),1741704426
310015012,phuchit.k,Kevin and Math Class,OK,C++20 (GCC 13-64),1741704361
310008094,Code-Metrics-thesis,Kevin and Competition Memories,WRONG_ANSWER,"C++23 (GCC 14-64, msys2)",1741704174
310005435,phuchit.k,Kevin and Combination Lock,COMPILATION_ERROR,C++20 (GCC 13-64),1741704112
309988609,Bernini,Kevin and Binary Strings,OK,C++17 (GCC 7-32),1741703233
309988082,Code-Metrics-thesis,Kevin and Competition Memories,WRONG_ANSWER,"C++23 (GCC 14-64, msys2)",1741702971
309987192,Code-Metrics-thesis,Kevin and Binary Strings,WRONG_ANSWER,"C++23 (GCC 14-64, msys2)",1741702578
309986534,Code-Metrics-thesis,Kevin and Binary Strings,WRONG_ANSWER,"C++23 (GCC 14-64, msys2)",1741702287
309985690,Code-Metrics-thesis,Kevin and Binary Strings,WRONG_ANSWER,"C++23 (GCC 14-64, msys2)",1741701890
309984671,Mousa_Aboubakar,Kevin and Matrices,WRONG_ANSWER,C++20 (GCC 13-64),1741701432
309984614,Anand_Bhartis,Kevin and Matrices,WRONG_ANSWER,C++20 (GCC 13-64),1741701408
309984585,Kaushal_singal,Kevin and Matrices,WRONG_ANSWER,C++20 (GCC 13-64),1741701395
309982399,asma.rikabdar,Kevin and Puzzle (Hard Version),OK,"C++23 (GCC 14-64, msys2)",1741700470
309980525,Code-Metrics-thesis,Kevin and Binary Strings,WRONG_ANSWER,"C++23 (GCC 14-64, msys2)",1741699638
309979281,amarjit7_shs,Kevin and Combination Lock,OK,C++20 (GCC 13-64),1741699081
309978328,Solkatt_lvy,Kevin and Binary Strings,OK,"C++23 (GCC 14-64, msys2)",1741698664
309976504,Kulshreshtha_Singh_,Kevin and Combination Lock,OK,C++20 (GCC 13-64),1741697900
309976302,Kulshreshtha_Singh_,Kevin and Combination Lock,COMPILATION_ERROR,C++20 (GCC 13-64),1741697822
309976118,Kulshreshtha_Singh_,Kevin and Combination Lock,OK,C++20 (GCC 13-64),1741697764
309975706,Hasibur_Rahmen,Kevin and Binary Strings,OK,C++20 (GCC 13-64),1741697613
309975209,Kulshreshtha_Singh_,Kevin and Combination Lock,OK,C++20 (GCC 13-64),1741697422
309974746,zsj6315,Kevin and Math Class,OK,C++20 (GCC 13-64),1741697262
309974669,__yyn__,Kevin and Combination Lock,OK,PyPy 3-64,1741697237
309974394,Solkatt_lvy,Kevin and Binary Strings,WRONG_ANSWER,"C++23 (GCC 14-64, msys2)",1741697119
309974194,zhuce5,Kevin and Matrices,WRONG_ANSWER,Python 3,1741697051
309974019,houndmacaulay961,Kevin and Bipartite Graph,WRONG_ANSWER,C++17 (GCC 7-32),1741696988
309973838,houndmacaulay961,Kevin and Combination Lock,OK,C++17 (GCC 7-32),1741696948
309973813,AAhaomingzi,Kevin and Binary Strings,OK,C++20 (GCC 13-64),1741696941
309973602,amartya.nigam,Kevin and Puzzle (Easy Version),OK,"C++23 (GCC 14-64, msys2)",1741696864
309973539,Solkatt_lvy,Kevin and Binary Strings,WRONG_ANSWER,"C++23 (GCC 14-64, msys2)",1741696840
309972195,MuhammadJon_SundarStem,Kevin and Permutation,OK,C++17 (GCC 7-32),1741696305
309972007,MuhammadJon_SundarStem,Kevin and Permutation,WRONG_ANSWER,C++17 (GCC 7-32),1741696226
309971930,rishabh.r3,Kevin and Combination Lock,OK,"C++23 (GCC 14-64, msys2)",1741696196
309971736,rishabh.r3,Kevin and Permutation,OK,"C++23 (GCC 14-64, msys2)",1741696116
309971108,Xiao_Yu_,Kevin and Binary Strings,OK,C++20 (GCC 13-64),1741695888
309970884,Dhruv_576,Kevin and Permutation,OK,"C++23 (GCC 14-64, msys2)",1741695790
309970293,Ajudiya_kashyaps,Kevin and Binary Strings,WRONG_ANSWER,C++20 (GCC 13-64),1741695555
309968514,zhuce4,Kevin and Puzzle (Easy Version),WRONG_ANSWER,Python 3,1741694883
309968405,houndmacaulay961,Kevin and Competition Memories,WRONG_ANSWER,Python 3,1741694843
309967510,srushc14,Kevin and Combination Lock,WRONG_ANSWER,GNU C11,1741694525
309965759,zhuce4,Kevin and Strange Operation,WRONG_ANSWER,Python 3,1741693877
309965651,zhuce4,Kevin and Puzzle (Hard Version),WRONG_ANSWER,Python 3,1741693841
309965502,zhuce4,Kevin and Permutation,OK,C++17 (GCC 7-32),1741693783
309965395,zhuce4,Kevin and Math Class,WRONG_ANSWER,Python 3,1741693746
309964431,houndmacaulay961,Kevin and Permutation,OK,C++17 (GCC 7-32),1741693392
309963453,rhythmrahejar,Kevin and Combination Lock,OK,GNU C11,1741693017
309963431,jusManas,Kevin and Competition Memories,COMPILATION_ERROR,C++20 (GCC 13-64),1741693011
309962675,houndmacaulay961,Kevin and Permutation,OK,C++17 (GCC 7-32),1741692718
309962025,zsj6315,Kevin and Bipartite Graph,OK,C++20 (GCC 13-64),1741692471
309960951,houndmacaulay961,Kevin and Permutation,COMPILATION_ERROR,C++17 (GCC 7-32),1741692056
309959570,Yasho_han,Kevin and Permutation,WRONG_ANSWER,C++20 (GCC 13-64),1741691516
309959554,Kaushal_singal,Kevin and Math Class,WRONG_ANSWER,C++20 (GCC 13-64),1741691506
309959513,King87arshiar,Kevin and Math Class,WRONG_ANSWER,C++20 (GCC 13-64),1741691491
309959475,Yasho_han,Kevin and Math Class,WRONG_ANSWER,C++20 (GCC 13-64),1741691477
309959456,AmirrezaShoom,Kevin and Math Class,WRONG_ANSWER,C++20 (GCC 13-64),1741691466
309959424,King87arshiar,Kevin and Math Class,WRONG_ANSWER,C++20 (GCC 13-64),1741691453
309959383,King87arshiar,Kevin and Math Class,WRONG_ANSWER,C++20 (GCC 13-64),1741691439
309959358,Mlchael_Petrov,Kevin and Math Class,WRONG_ANSWER,C++20 (GCC 13-64),1741691428
309959318,King87arshiar,Kevin and Math Class,WRONG_ANSWER,C++20 (GCC 13-64),1741691415
309959258,khuni_usture,Kevin and Competition Memories,WRONG_ANSWER,C++20 (GCC 13-64),1741691388
309959230,AmirrezaShoom,Kevin and Competition Memories,TIME_LIMIT_EXCEEDED,C++20 (GCC 13-64),1741691377
309958301,selfjaraut,Kevin and Binary Strings,WRONG_ANSWER,C++17 (GCC 7-32),1741690977
309957976,selfjaraut,Kevin and Binary Strings,WRONG_ANSWER,C++17 (GCC 7-32),1741690845
309957804,mkaran9721,Kevin and Competition Memories,TIME_LIMIT_EXCEEDED,Python 3,1741690767
309957747,mkaran9721,Kevin and Competition Memories,COMPILATION_ERROR,"C++23 (GCC 14-64, msys2)",1741690747
309956886,King87arshiar,Kevin and Competition Memories,WRONG_ANSWER,C++20 (GCC 13-64),1741690369
309956869,khuni_usture,Kevin and Competition Memories,WRONG_ANSWER,C++20 (GCC 13-64),1741690360
309956831,AhmedAbdelhamid29,Kevin and Combination Lock,OK,C++20 (GCC 13-64),1741690344
309956804,Faisal_Saqid,Kevin and Binary Strings,WRONG_ANSWER,C++20 (GCC 13-64),1741690333
309956788,Kaushal_singal,Kevin and Binary Strings,WRONG_ANSWER,C++20 (GCC 13-64),1741690327
309956736,Kaushal_singal,Kevin and Binary Strings,WRONG_ANSWER,C++20 (GCC 13-64),1741690305
309956717,AmirrezaShoom,Kevin and Binary Strings,TIME_LIMIT_EXCEEDED,C++20 (GCC 13-64),1741690295
309956675,Mlchael_Petrov,Kevin and Binary Strings,TIME_LIMIT_EXCEEDED,C++20 (GCC 13-64),1741690279
309956659,Mlchael_Petrov,Kevin and Binary Strings,RUNTIME_ERROR,C++20 (GCC 13-64),1741690266
309956636,Yasho_han,Kevin and Binary Strings,TIME_LIMIT_EXCEEDED,C++20 (GCC 13-64),1741690253
309956614,King87arshiar,Kevin and Binary Strings,TIME_LIMIT_EXCEEDED,C++20 (GCC 13-64),1741690242
309956580,Mousa_Aboubakar,Kevin and Puzzle (Easy Version),WRONG_ANSWER,C++20 (GCC 13-64),1741690228
309956555,Anand_Bhartis,Kevin and Puzzle (Easy Version),WRONG_ANSWER,C++20 (GCC 13-64),1741690219
309956524,King87arshiar,Kevin and Puzzle (Easy Version),WRONG_ANSWER,C++20 (GCC 13-64),1741690202
309956502,Faisal_Saqid,Kevin and Puzzle (Easy Version),WRONG_ANSWER,C++20 (GCC 13-64),1741690189
309956478,King87arshiar,Kevin and Puzzle (Easy Version),WRONG_ANSWER,C++20 (GCC 13-64),1741690176
309956422,Yasho_han,Kevin and Puzzle (Easy Version),WRONG_ANSWER,C++20 (GCC 13-64),1741690151
309956396,Anand_Bhartis,Kevin and Puzzle (Easy Version),WRONG_ANSWER,C++20 (GCC 13-64),1741690139
309955404,khuni_usture,Kevin and Matrices,WRONG_ANSWER,C++20 (GCC 13-64),1741689710
309955373,khuni_usture,Kevin and Matrices,WRONG_ANSWER,C++20 (GCC 13-64),1741689695
309955346,Mlchael_Petrov,Kevin and Bipartite Graph,WRONG_ANSWER,C++20 (GCC 13-64),1741689685
309955311,AhmedAbdelhamid29,Kevin and Bipartite Graph,WRONG_ANSWER,C++20 (GCC 13-64),1741689669
309955286,King87arshiar,Kevin and Bipartite Graph,WRONG_ANSWER,C++20 (GCC 13-64),1741689658
309955237,AmirrezaShoom,Kevin and Bipartite Graph,WRONG_ANSWER,C++20 (GCC 13-64),1741689634
309955189,Kaushal_singal,Kevin and Bipartite Graph,WRONG_ANSWER,C++20 (GCC 13-64),1741689617
309955157,Anand_Bhartis,Kevin and Bipartite Graph,WRONG_ANSWER,C++20 (GCC 13-64),1741689605
309955138,Mousa_Aboubakar,Kevin and Bipartite Graph,WRONG_ANSWER,C++20 (GCC 13-64),1741689592
309955114,King87arshiar,Kevin and Combination Lock,OK,C++20 (GCC 13-64),1741689580
309955056,Yasho_han,Kevin and Combination Lock,OK,C++20 (GCC 13-64),1741689554
309955054,psz12,Kevin and Matrices,OK,C++17 (GCC 7-32),1741689552
309955030,Faisal_Saqid,Kevin and Combination Lock,OK,C++20 (GCC 13-64),1741689541
309955006,Kaushal_singal,Kevin and Combination Lock,OK,C++20 (GCC 13-64),1741689528
309954966,AhmedAbdelhamid29,Kevin and Combination Lock,OK,C++20 (GCC 13-64),1741689515
309954942,AhmedAbdelhamid29,Kevin and Combination Lock,OK,C++20 (GCC 13-64),1741689502
309954456,Mousa_Aboubakar,Kevin and Strange Operation,WRONG_ANSWER,C++20 (GCC 13-64),1741689286
309954434,Mlchael_Petrov,Kevin and Strange Operation,WRONG_ANSWER,C++20 (GCC 13-64),1741689274
309954399,Faisal_Saqid,Kevin and Strange Operation,WRONG_ANSWER,C++20 (GCC 13-64),1741689260
309954367,khuni_usture,Kevin and Strange Operation,WRONG_ANSWER,C++20 (GCC 13-64),1741689240
309954329,Yasho_han,Kevin and Strange Operation,WRONG_ANSWER,C++20 (GCC 13-64),1741689223
309953991,AmirrezaShoom,Kevin and Strange Operation,WRONG_ANSWER,C++20 (GCC 13-64),1741689068
309953962,Anand_Bhartis,Kevin and Strange Operation,WRONG_ANSWER,C++20 (GCC 13-64),1741689056
309953937,Anand_Bhartis,Kevin and Puzzle (Hard Version),WRONG_ANSWER,C++20 (GCC 13-64),1741689043
309953917,Kaushal_singal,Kevin and Puzzle (Hard Version),WRONG_ANSWER,C++20 (GCC 13-64),1741689030
309953890,AhmedAbdelhamid29,Kevin and Puzzle (Hard Version),WRONG_ANSWER,C++20 (GCC 13-64),1741689017
309953864,Faisal_Saqid,Kevin and Puzzle (Hard Version),WRONG_ANSWER,C++20 (GCC 13-64),1741689005
309953837,khuni_usture,Kevin and Puzzle (Hard Version),WRONG_ANSWER,C++20 (GCC 13-64),1741688992
309953809,Mousa_Aboubakar,Kevin and Puzzle (Hard Version),WRONG_ANSWER,C++20 (GCC 13-64),1741688979
309953782,Anand_Bhartis,Kevin and Puzzle (Hard Version),WRONG_ANSWER,C++20 (GCC 13-64),1741688966
309953755,AmirrezaShoom,Kevin and Puzzle (Hard Version),WRONG_ANSWER,C++20 (GCC 13-64),1741688953
309953734,Mousa_Aboubakar,Kevin and Permutation,WRONG_ANSWER,C++20 (GCC 13-64),1741688940
309953715,Mousa_Aboubakar,Kevin and Permutation,WRONG_ANSWER,C++20 (GCC 13-64),1741688927
309953688,AmirrezaShoom,Kevin and Permutation,WRONG_ANSWER,C++20 (GCC 13-64),1741688915
309953660,King87arshiar,Kevin and Permutation,WRONG_ANSWER,C++20 (GCC 13-64),1741688901
309953630,Anand_Bhartis,Kevin and Permutation,WRONG_ANSWER,C++20 (GCC 13-64),1741688889
309953610,Yasho_han,Kevin and Permutation,WRONG_ANSWER,C++20 (GCC 13-64),1741688876
309953587,AmirrezaShoom,Kevin and Permutation,WRONG_ANSWER,C++20 (GCC 13-64),1741688863
309947354,ritiwij,Kevin and Binary Strings,OK,C++20 (GCC 13-64),1741686060
309946568,ritiwij,Kevin and Binary Strings,WRONG_ANSWER,C++20 (GCC 13-64),1741685730
309946390,-ChunChunMaru-,Kevin and Bipartite Graph,WRONG_ANSWER,C++17 (GCC 7-32),1741685657
309946263,selfjaraut,Kevin and Binary Strings,WRONG_ANSWER,C++17 (GCC 7-32),1741685595
309946131,selfjaraut,Kevin and Binary Strings,COMPILATION_ERROR,C++17 (GCC 7-32),1741685539
309944912,Canyonzzzzz,Kevin and Combination Lock,OK,PyPy 3-64,1741685014
309944748,__hemang__,Kevin and Binary Strings,OK,"C++23 (GCC 14-64, msys2)",1741684940
309942854,bkifhr8,Kevin and Bipartite Graph,OK,C++17 (GCC 7-32),1741684067
309942773,2012_zhang_,Kevin and Bipartite Graph,OK,"C++23 (GCC 14-64, msys2)",1741684034
309942700,Canyonzzzzz,Kevin and Permutation,OK,PyPy 3-64,1741684003
309942477,brandnewnode,Kevin and Bipartite Graph,OK,PyPy 3-64,1741683895
309942204,Canyonzzzzz,Kevin and Permutation,WRONG_ANSWER,PyPy 3-64,1741683763
309939553,rizowanrafi71,Kevin and Combination Lock,OK,C++17 (GCC 7-32),1741682591
309939473,ritiwij,Kevin and Binary Strings,WRONG_ANSWER,C++20 (GCC 13-64),1741682552
309936282,ritiwij,Kevin and Binary Strings,WRONG_ANSWER,C++20 (GCC 13-64),1741681087
309934678,ritiwij,Kevin and Binary Strings,WRONG_ANSWER,C++20 (GCC 13-64),1741680307
309931525,maffiozz0,Kevin and Permutation,OK,"C++23 (GCC 14-64, msys2)",1741678700
309931410,chenyifanlx,Kevin and Matrices,OK,C++20 (GCC 13-64),1741678647
309930970,mohaiminul.shu,Kevin and Permutation,OK,C++20 (GCC 13-64),1741678426
309930835,maffiozz0,Kevin and Permutation,WRONG_ANSWER,"C++23 (GCC 14-64, msys2)",1741678344
309928833,rifatsyauki12,Kevin and Combination Lock,WRONG_ANSWER,C++17 (GCC 7-32),1741677291
309928197,__hemang__,Kevin and Competition Memories,OK,"C++23 (GCC 14-64, msys2)",1741676959
309928160,rifatsyauki12,Kevin and Combination Lock,COMPILATION_ERROR,C++17 (GCC 7-32),1741676938
309928062,bao-alan,Kevin and Competition Memories,OK,"C++23 (GCC 14-64, msys2)",1741676883
309927935,bao-alan,Kevin and Strange Operation,OK,"C++23 (GCC 14-64, msys2)",1741676809
309927763,__hemang__,Kevin and Puzzle (Easy Version),OK,C++17 (GCC 7-32),1741676716
309927672,__hemang__,Kevin and Competition Memories,COMPILATION_ERROR,C++17 (GCC 7-32),1741676667
309927563,__hemang__,Kevin and Competition Memories,OK,C++17 (GCC 7-32),1741676610
309927460,Anand_Bhartis,Kevin and Matrices,WRONG_ANSWER,C++20 (GCC 13-64),1741676551
309927441,Kaushal_singal,Kevin and Matrices,WRONG_ANSWER,C++20 (GCC 13-64),1741676541
309927422,Mousa_Aboubakar,Kevin and Matrices,COMPILATION_ERROR,C++20 (GCC 13-64),1741676526
309927388,Anand_Bhartis,Kevin and Matrices,WRONG_ANSWER,C++20 (GCC 13-64),1741676510
309927384,__hemang__,Kevin and Competition Memories,COMPILATION_ERROR,C++17 (GCC 7-32),1741676507
309927367,AhmedAbdelhamid29,Kevin and Matrices,WRONG_ANSWER,C++20 (GCC 13-64),1741676497
309927342,Yasho_han,Kevin and Matrices,WRONG_ANSWER,C++20 (GCC 13-64),1741676484
309927330,Yasho_han,Kevin and Matrices,WRONG_ANSWER,C++20 (GCC 13-64),1741676476
309927046,rifatsyauki12,Kevin and Combination Lock,WRONG_ANSWER,C++17 (GCC 7-32),1741676315
309926954,hauyaun6,Kevin and Binary Strings,OK,C++20 (GCC 13-64),1741676267
309926470,hauyaun6,Kevin and Binary Strings,WRONG_ANSWER,C++20 (GCC 13-64),1741676014
309926427,Mlchael_Petrov,Kevin and Matrices,WRONG_ANSWER,C++20 (GCC 13-64),1741675997
309926398,AhmedAbdelhamid29,Kevin and Bipartite Graph,WRONG_ANSWER,C++20 (GCC 13-64),1741675984
309926359,Anand_Bhartis,Kevin and Bipartite Graph,WRONG_ANSWER,C++20 (GCC 13-64),1741675970
309926339,Yasho_han,Kevin and Bipartite Graph,WRONG_ANSWER,C++20 (GCC 13-64),1741675960
309926312,Faisal_Saqid,Kevin and Bipartite Graph,WRONG_ANSWER,C++20 (GCC 13-64),1741675945
309926286,AmirrezaShoom,Kevin and Bipartite Graph,WRONG_ANSWER,C++20 (GCC 13-64),1741675932
309926267,Mlchael_Petrov,Kevin and Bipartite Graph,WRONG_ANSWER,C++20 (GCC 13-64),1741675921
309926234,Anand_Bhartis,Kevin and Bipartite Graph,WRONG_ANSWER,C++20 (GCC 13-64),1741675907
309926213,Anand_Bhartis,Kevin and Bipartite Graph,WRONG_ANSWER,C++20 (GCC 13-64),1741675894
309926188,Mlchael_Petrov,Kevin and Combination Lock,OK,C++20 (GCC 13-64),1741675881
309926154,Faisal_Saqid,Kevin and Combination Lock,OK,C++20 (GCC 13-64),1741675868
309926129,AhmedAbdelhamid29,Kevin and Combination Lock,TIME_LIMIT_EXCEEDED,C++20 (GCC 13-64),1741675857
309926104,AmirrezaShoom,Kevin and Combination Lock,TIME_LIMIT_EXCEEDED,C++20 (GCC 13-64),1741675842
309925411,asma.rikabdar,Kevin and Strange Operation,OK,"C++23 (GCC 14-64, msys2)",1741675494
309925109,Faisal_Saqid,Kevin and Puzzle (Easy Version),WRONG_ANSWER,C++20 (GCC 13-64),1741675341
309925082,Mlchael_Petrov,Kevin and Puzzle (Easy Version),WRONG_ANSWER,C++20 (GCC 13-64),1741675329
309925066,AmirrezaShoom,Kevin and Puzzle (Easy Version),WRONG_ANSWER,C++20 (GCC 13-64),1741675321
309925041,Faisal_Saqid,Kevin and Puzzle (Easy Version),WRONG_ANSWER,C++20 (GCC 13-64),1741675303
309925024,Anand_Bhartis,Kevin and Puzzle (Easy Version),WRONG_ANSWER,C++20 (GCC 13-64),1741675294
309924984,AhmedAbdelhamid29,Kevin and Puzzle (Easy Version),WRONG_ANSWER,C++20 (GCC 13-64),1741675278
309924950,Kaushal_singal,Kevin and Puzzle (Easy Version),WRONG_ANSWER,C++20 (GCC 13-64),1741675267
309924916,Anand_Bhartis,Kevin and Competition Memories,WRONG_ANSWER,C++20 (GCC 13-64),1741675252
309924897,Mlchael_Petrov,Kevin and Competition Memories,WRONG_ANSWER,C++20 (GCC 13-64),1741675239
309924874,Mlchael_Petrov,Kevin and Competition Memories,WRONG_ANSWER,C++20 (GCC 13-64),1741675226
309924851,Anand_Bhartis,Kevin and Competition Memories,WRONG_ANSWER,C++20 (GCC 13-64),1741675214
309924833,Anand_Bhartis,Kevin and Competition Memories,WRONG_ANSWER,C++20 (GCC 13-64),1741675207
309924792,Yasho_han,Kevin and Competition Memories,WRONG_ANSWER,C++20 (GCC 13-64),1741675188
309924442,AhmedAbdelhamid29,Kevin and Combination Lock,OK,C++20 (GCC 13-64),1741675008
309924422,Yasho_han,Kevin and Combination Lock,OK,C++20 (GCC 13-64),1741674996
309924396,Mlchael_Petrov,Kevin and Combination Lock,TIME_LIMIT_EXCEEDED,C++20 (GCC 13-64),1741674983
309924369,Kaushal_singal,Kevin and Combination Lock,OK,C++20 (GCC 13-64),1741674971
309924337,AmirrezaShoom,Kevin and Binary Strings,TIME_LIMIT_EXCEEDED,C++20 (GCC 13-64),1741674957
309924318,AhmedAbdelhamid29,Kevin and Binary Strings,WRONG_ANSWER,C++20 (GCC 13-64),1741674944
309924286,Anand_Bhartis,Kevin and Binary Strings,WRONG_ANSWER,C++20 (GCC 13-64),1741674931
309924255,Yasho_han,Kevin and Binary Strings,TIME_LIMIT_EXCEEDED,C++20 (GCC 13-64),1741674919
309924232,Mousa_Aboubakar,Kevin and Binary Strings,WRONG_ANSWER,C++20 (GCC 13-64),1741674907
309924203,Mousa_Aboubakar,Kevin and Binary Strings,TIME_LIMIT_EXCEEDED,C++20 (GCC 13-64),1741674893
309924192,AhmedAbdelhamid29,Kevin and Binary Strings,TIME_LIMIT_EXCEEDED,C++20 (GCC 13-64),1741674881
309924155,Yasho_han,Kevin and Binary Strings,WRONG_ANSWER,C++20 (GCC 13-64),1741674867
309924132,AhmedAbdelhamid29,Kevin and Puzzle (Easy Version),WRONG_ANSWER,C++20 (GCC 13-64),1741674854
309924118,King87arshiar,Kevin and Permutation,WRONG_ANSWER,C++20 (GCC 13-64),1741674848
309924077,King87arshiar,Kevin and Permutation,WRONG_ANSWER,C++20 (GCC 13-64),1741674828
309924068,Anand_Bhartis,Kevin and Permutation,WRONG_ANSWER,C++20 (GCC 13-64),1741674823
309924017,AhmedAbdelhamid29,Kevin and Math Class,WRONG_ANSWER,C++20 (GCC 13-64),1741674803
309924005,AmirrezaShoom,Kevin and Math Class,TIME_LIMIT_EXCEEDED,C++20 (GCC 13-64),1741674797
309923982,khuni_usture,Kevin and Math Class,WRONG_ANSWER,C++20 (GCC 13-64),1741674778
309922997,AhmedAbdelhamid29,Kevin and Math Class,WRONG_ANSWER,C++20 (GCC 13-64),1741674230
309922967,khuni_usture,Kevin and Math Class,TIME_LIMIT_EXCEEDED,C++20 (GCC 13-64),1741674218
309922941,khuni_usture,Kevin and Math Class,WRONG_ANSWER,C++20 (GCC 13-64),1741674205
309922918,Mlchael_Petrov,Kevin and Math Class,WRONG_ANSWER,C++20 (GCC 13-64),1741674192
309922898,AhmedAbdelhamid29,Kevin and Math Class,WRONG_ANSWER,C++20 (GCC 13-64),1741674179
309922878,Mousa_Aboubakar,Kevin and Competition Memories,WRONG_ANSWER,C++20 (GCC 13-64),1741674167
309922856,Faisal_Saqid,Kevin and Competition Memories,WRONG_ANSWER,C++20 (GCC 13-64),1741674153
309922532,Anand_Bhartis,Kevin and Puzzle (Hard Version),WRONG_ANSWER,C++20 (GCC 13-64),1741673973
309922509,King87arshiar,Kevin and Puzzle (Hard Version),WRONG_ANSWER,C++20 (GCC 13-64),1741673961
309922487,Faisal_Saqid,Kevin and Puzzle (Hard Version),WRONG_ANSWER,C++20 (GCC 13-64),1741673948
309922459,Anand_Bhartis,Kevin and Puzzle (Hard Version),WRONG_ANSWER,C++20 (GCC 13-64),1741673935
309922432,AmirrezaShoom,Kevin and Puzzle (Hard Version),WRONG_ANSWER,C++20 (GCC 13-64),1741673923
309922416,King87arshiar,Kevin and Puzzle (Hard Version),WRONG_ANSWER,C++20 (GCC 13-64),1741673910
309922385,Yasho_han,Kevin and Puzzle (Hard Version),WRONG_ANSWER,C++20 (GCC 13-64),1741673896
309922367,King87arshiar,Kevin and Puzzle (Hard Version),WRONG_ANSWER,C++20 (GCC 13-64),1741673885
309922341,khuni_usture,Kevin and Permutation,WRONG_ANSWER,C++20 (GCC 13-64),1741673871
309922323,Yasho_han,Kevin and Permutation,WRONG_ANSWER,C++20 (GCC 13-64),1741673858
309922289,Faisal_Saqid,Kevin and Permutation,WRONG_ANSWER,C++20 (GCC 13-64),1741673845
309922263,Anand_Bhartis,Kevin and Permutation,OK,C++20 (GCC 13-64),1741673833
309922240,Anand_Bhartis,Kevin and Permutation,WRONG_ANSWER,C++20 (GCC 13-64),1741673820
309922226,Mlchael_Petrov,Kevin and Strange Operation,WRONG_ANSWER,C++20 (GCC 13-64),1741673807
309922196,Faisal_Saqid,Kevin and Strange Operation,WRONG_ANSWER,C++20 (GCC 13-64),1741673794
309922160,AhmedAbdelhamid29,Kevin and Strange Operation,WRONG_ANSWER,C++20 (GCC 13-64),1741673781
309922140,Yasho_han,Kevin and Strange Operation,WRONG_ANSWER,C++20 (GCC 13-64),1741673768
309922118,Faisal_Saqid,Kevin and Strange Operation,WRONG_ANSWER,C++20 (GCC 13-64),1741673755
309922094,Kaushal_singal,Kevin and Strange Operation,MEMORY_LIMIT_EXCEEDED,C++20 (GCC 13-64),1741673742
309922078,King87arshiar,Kevin and Strange Operation,WRONG_ANSWER,C++20 (GCC 13-64),1741673730
309922059,Mousa_Aboubakar,Kevin and Strange Operation,MEMORY_LIMIT_EXCEEDED,C++20 (GCC 13-64),1741673717
309921770,cyf5528083,Kevin and Permutation,OK,C++17 (GCC 7-32),1741673565
309920056,TienLee,Kevin and Combination Lock,OK,C++17 (GCC 7-32),1741672609
309918634,blaze_byte,Kevin and Permutation,OK,"C++23 (GCC 14-64, msys2)",1741671729
309915036,Einja,Kevin and Combination Lock,OK,C++17 (GCC 7-32),1741669464
309912899,sahil_24,Kevin and Permutation,OK,"C++23 (GCC 14-64, msys2)",1741667896
309910163,bkifhr10,Kevin and Binary Strings,OK,"C++23 (GCC 14-64, msys2)",1741665660
309908584,khuni_usture,Kevin and Competition Memories,WRONG_ANSWER,C++20 (GCC 13-64),1741664170
309908569,Mousa_Aboubakar,Kevin and Competition Memories,WRONG_ANSWER,C++20 (GCC 13-64),1741664158
309908406,Faisal_Saqid,Kevin and Strange Operation,WRONG_ANSWER,C++20 (GCC 13-64),1741664021
309908393,AmirrezaShoom,Kevin and Strange Operation,WRONG_ANSWER,C++20 (GCC 13-64),1741664003
309908375,Yasho_han,Kevin and Strange Operation,WRONG_ANSWER,C++20 (GCC 13-64),1741663990
309908358,Kaushal_singal,Kevin and Strange Operation,WRONG_ANSWER,C++20 (GCC 13-64),1741663978
309906735,bhavyamsurati__,Kevin and Permutation,WRONG_ANSWER,Java 21,1741662594
309906672,jingjingxupku.02,Kevin and Puzzle (Hard Version),WRONG_ANSWER,C++17 (GCC 7-32),1741662543
309906650,jingjingxupku.02,Kevin and Puzzle (Easy Version),WRONG_ANSWER,C++17 (GCC 7-32),1741662525
309906609,jingjingxupku.02,Kevin and Strange Operation,WRONG_ANSWER,C++17 (GCC 7-32),1741662497
309906586,jingjingxupku.02,Kevin and Matrices,WRONG_ANSWER,C++17 (GCC 7-32),1741662472
309906568,jingjingxupku.02,Kevin and Math Class,WRONG_ANSWER,C++17 (GCC 7-32),1741662454
309906516,jingjingxupku.02,Kevin and Bipartite Graph,WRONG_ANSWER,C++17 (GCC 7-32),1741662418
309906484,jingjingxupku.02,Kevin and Competition Memories,WRONG_ANSWER,C++17 (GCC 7-32),1741662391
309906445,jingjingxupku.02,Kevin and Binary Strings,TIME_LIMIT_EXCEEDED,C++17 (GCC 7-32),1741662361
309905427,jingjingxupku.02,Kevin and Permutation,WRONG_ANSWER,C++17 (GCC 7-32),1741661501
309905395,jingjingxupku.02,Kevin and Combination Lock,WRONG_ANSWER,C++17 (GCC 7-32),1741661479
309905348,jingjingxupku.02,Kevin and Binary Strings,TIME_LIMIT_EXCEEDED,C++17 (GCC 7-32),1741661444
309905330,jingjingxupku.02,Kevin and Permutation,WRONG_ANSWER,C++17 (GCC 7-32),1741661429
309905314,jingjingxupku.02,Kevin and Combination Lock,OK,C++17 (GCC 7-32),1741661415
309905135,intnamespace,Kevin and Permutation,OK,"C++23 (GCC 14-64, msys2)",1741661233
309904950,Milkcat2009,Kevin and Math Class,OK,C++20 (GCC 13-64),1741661031
309902449,dreamsweetDOONA,Kevin and Combination Lock,OK,C++17 (GCC 7-32),1741658364
309901708,sahil9929,Kevin and Permutation,OK,"C++23 (GCC 14-64, msys2)",1741657579
309901300,mayank94,Kevin and Binary Strings,WRONG_ANSWER,C++20 (GCC 13-64),1741657163
309900307,sam10109,Kevin and Permutation,WRONG_ANSWER,"C++23 (GCC 14-64, msys2)",1741656126
309890530,kaizen_01,Kevin and Combination Lock,OK,C++20 (GCC 13-64),1741645157
309890135,kaizen_01,Kevin and Permutation,OK,C++20 (GCC 13-64),1741644797
309890110,kaizen_01,Kevin and Permutation,OK,C++20 (GCC 13-64),1741644769
309887191,killah9,Kevin and Competition Memories,OK,C++17 (GCC 7-32),1741642448
309886977,killah9,Kevin and Competition Memories,OK,C++17 (GCC 7-32),1741642303
309882930,Akky76,Kevin and Permutation,OK,C++17 (GCC 7-32),1741639613
309876833,Shuvasish3002,Kevin and Combination Lock,OK,C++20 (GCC 13-64),1741635963
309876455,Shuvasish3002,Kevin and Combination Lock,TIME_LIMIT_EXCEEDED,C++20 (GCC 13-64),1741635754
309872764,SCUTkk,Kevin and Math Class,OK,C++20 (GCC 13-64),1741633575
309867370,namish--shankar,Kevin and Permutation,OK,C++17 (GCC 7-32),1741630846
309863908,manasgoyal2807,Kevin and Competition Memories,OK,C++17 (GCC 7-32),1741629479
309862840,omar.eladly2323,Kevin and Combination Lock,RUNTIME_ERROR,C++17 (GCC 7-32),1741628532
309862602,SCUTkk,Kevin and Math Class,WRONG_ANSWER,C++20 (GCC 13-64),1741628349
309862594,omar.eladly2323,Kevin and Combination Lock,RUNTIME_ERROR,C++17 (GCC 7-32),1741628341
309862296,SCUTkk,Kevin and Math Class,WRONG_ANSWER,C++20 (GCC 13-64),1741628134
309860882,SCUTkk,Kevin and Math Class,WRONG_ANSWER,C++20 (GCC 13-64),1741627210
309805268,william20020113,Kevin and Competition Memories,OK,C++17 (GCC 7-32),1741620094
309766979,zhuce4,Kevin and Puzzle (Easy Version),WRONG_ANSWER,C++17 (GCC 7-32),1741617626
309766898,houndmacaulay961,Kevin and Puzzle (Easy Version),WRONG_ANSWER,C++17 (GCC 7-32),1741617585
309766802,zhuce4,Kevin and Competition Memories,TIME_LIMIT_EXCEEDED,C++17 (GCC 7-32),1741617546
309766696,zhuce4,Kevin and Competition Memories,WRONG_ANSWER,C++17 (GCC 7-32),1741617496
309766526,zhuce_3,Kevin and Matrices,WRONG_ANSWER,C++17 (GCC 7-32),1741617402
309766366,zhuce_3,Kevin and Matrices,COMPILATION_ERROR,C++17 (GCC 7-32),1741617328
309766227,houndmacaulay961,Kevin and Matrices,WRONG_ANSWER,C++17 (GCC 7-32),1741617251
309766139,zhuce_3,Kevin and Matrices,WRONG_ANSWER,C++17 (GCC 7-32),1741617214
309765976,lawragatidu,Kevin and Permutation,OK,C++17 (GCC 7-32),1741617140
309765660,qarazhvn,Kevin and Combination Lock,OK,"C++23 (GCC 14-64, msys2)",1741616986
309764571,SCUTkk,Kevin and Bipartite Graph,OK,C++20 (GCC 13-64),1741616446
309764547,0x3FF,Kevin and Permutation,OK,C++17 (GCC 7-32),1741616435
309764497,SCUTkk,Kevin and Bipartite Graph,WRONG_ANSWER,C++20 (GCC 13-64),1741616408
309764434,SCUTkk,Kevin and Bipartite Graph,COMPILATION_ERROR,C++20 (GCC 13-64),1741616384
309763969,SCUTkk,Kevin and Bipartite Graph,WRONG_ANSWER,C++20 (GCC 13-64),1741616225
309763886,chetan__,Kevin and Bipartite Graph,OK,C++20 (GCC 13-64),1741616182
309763180,Ratul5629,Kevin and Binary Strings,OK,"C++23 (GCC 14-64, msys2)",1741615841
309761843,NumberFive,Kevin and Combination Lock,OK,"C++23 (GCC 14-64, msys2)",1741615263
309761766,NumberFive,Kevin and Combination Lock,COMPILATION_ERROR,"C++23 (GCC 14-64, msys2)",1741615225
309761732,turjo1026,Kevin and Combination Lock,OK,C++17 (GCC 7-32),1741615210
309761400,zhuce_3,Kevin and Math Class,WRONG_ANSWER,C++17 (GCC 7-32),1741615057
309761299,zhuce4,Kevin and Math Class,WRONG_ANSWER,C++17 (GCC 7-32),1741615019
309761156,zhuce4,Kevin and Math Class,WRONG_ANSWER,C++17 (GCC 7-32),1741614952
309761071,zhuce4,Kevin and Competition Memories,COMPILATION_ERROR,C++17 (GCC 7-32),1741614914
309760980,zhuce_3,Kevin and Competition Memories,WRONG_ANSWER,C++17 (GCC 7-32),1741614876
309760483,zhuce4,Kevin and Combination Lock,TIME_LIMIT_EXCEEDED,C++17 (GCC 7-32),1741614645
309760402,zhuce4,Kevin and Combination Lock,OK,C++17 (GCC 7-32),1741614601
309760333,zhuce4,Kevin and Combination Lock,OK,C++17 (GCC 7-32),1741614568
309760243,zhuce4,Kevin and Combination Lock,OK,C++17 (GCC 7-32),1741614525
309759877,antarbarua16sec,Kevin and Combination Lock,OK,C++17 (GCC 7-32),1741614367
309759429,zhuce_3,Kevin and Combination Lock,OK,C++17 (GCC 7-32),1741614176
309759336,houndmacaulay961,Kevin and Combination Lock,OK,C++17 (GCC 7-32),1741614132
309759270,scwelt,Kevin and Combination Lock,OK,C++17 (GCC 7-32),1741614109
309759235,zhuce_3,Kevin and Binary Strings,WRONG_ANSWER,C++17 (GCC 7-32),1741614094
309759053,zhuce4,Kevin and Binary Strings,TIME_LIMIT_EXCEEDED,C++17 (GCC 7-32),1741614009
309758580,zhuce_3,Kevin and Binary Strings,WRONG_ANSWER,C++17 (GCC 7-32),1741613798
309757994,fanjiayu666,Kevin and Bipartite Graph,OK,C++20 (GCC 13-64),1741613548
309757238,chetan__,Kevin and Bipartite Graph,WRONG_ANSWER,C++20 (GCC 13-64),1741613210
309756074,snkkkts,Kevin and Binary Strings,OK,C++20 (GCC 13-64),1741612690
309754923,zhuce5,Kevin and Math Class,WRONG_ANSWER,C++17 (GCC 7-32),1741612114
309754837,zhuce5,Kevin and Math Class,WRONG_ANSWER,C++17 (GCC 7-32),1741612072
309754676,zhuce4,Kevin and Math Class,WRONG_ANSWER,C++17 (GCC 7-32),1741611998
309754601,houndmacaulay961,Kevin and Math Class,TIME_LIMIT_EXCEEDED,C++17 (GCC 7-32),1741611960
309754516,zhuce5,Kevin and Math Class,WRONG_ANSWER,C++17 (GCC 7-32),1741611921
309754352,zhuce4,Kevin and Competition Memories,WRONG_ANSWER,C++17 (GCC 7-32),1741611848
309753863,houndmacaulay961,Kevin and Combination Lock,TIME_LIMIT_EXCEEDED,C++17 (GCC 7-32),1741611613
309753795,houndmacaulay961,Kevin and Combination Lock,OK,C++17 (GCC 7-32),1741611581
309753613,zhuce4,Kevin and Combination Lock,OK,C++17 (GCC 7-32),1741611506
309753547,houndmacaulay961,Kevin and Combination Lock,OK,C++17 (GCC 7-32),1741611475
309753448,houndmacaulay961,Kevin and Combination Lock,OK,C++17 (GCC 7-32),1741611430
309753306,zhuce5,Kevin and Combination Lock,OK,C++17 (GCC 7-32),1741611359
309753201,zhuce4,Kevin and Binary Strings,WRONG_ANSWER,C++17 (GCC 7-32),1741611313
309753077,zhuce4,Kevin and Binary Strings,TIME_LIMIT_EXCEEDED,C++17 (GCC 7-32),1741611259
309752912,zhuce4,Kevin and Math Class,WRONG_ANSWER,C++17 (GCC 7-32),1741611177
309752821,zhuce4,Kevin and Math Class,TIME_LIMIT_EXCEEDED,C++17 (GCC 7-32),1741611131
309752729,zhuce4,Kevin and Math Class,WRONG_ANSWER,C++17 (GCC 7-32),1741611090
309752648,houndmacaulay961,Kevin and Competition Memories,COMPILATION_ERROR,C++17 (GCC 7-32),1741611048
309752549,zhuce5,Kevin and Competition Memories,WRONG_ANSWER,C++17 (GCC 7-32),1741611010
309750901,zhuce_3,Kevin and Combination Lock,OK,C++17 (GCC 7-32),1741610236
309750742,zhuce4,Kevin and Combination Lock,OK,C++17 (GCC 7-32),1741610156
309750625,zhuce5,Kevin and Binary Strings,WRONG_ANSWER,C++17 (GCC 7-32),1741610096
309750555,zhuce_3,Kevin and Binary Strings,TIME_LIMIT_EXCEEDED,C++17 (GCC 7-32),1741610055
309747537,knknk_,Kevin and Binary Strings,OK,"C++23 (GCC 14-64, msys2)",1741608717
309746815,ritviksuri2001,Kevin and Permutation,WRONG_ANSWER,"C++23 (GCC 14-64, msys2)",1741608350
309743836,knknk_,Kevin and Binary Strings,WRONG_ANSWER,"C++23 (GCC 14-64, msys2)",1741606976
309741667,FindingGao,Kevin and Permutation,OK,C++17 (GCC 7-32),1741605910
309741491,Sanchit1248,Kevin and Combination Lock,OK,C++20 (GCC 13-64),1741605825
309740927,FindingGao,Kevin and Permutation,WRONG_ANSWER,C++17 (GCC 7-32),1741605558
309740043,FindingGao,Kevin and Permutation,WRONG_ANSWER,C++17 (GCC 7-32),1741605094
309739751,FindingGao,Kevin and Permutation,WRONG_ANSWER,C++17 (GCC 7-32),1741604945
309738611,LuckyAgrawal,Kevin and Binary Strings,OK,C++17 (GCC 7-32),1741604302
309738383,BeastMods,Kevin and Competition Memories,OK,C++20 (GCC 13-64),1741604170
309735819,hyououin_Kyouma,Kevin and Permutation,OK,C++17 (GCC 7-32),1741602813
309735648,hyououin_Kyouma,Kevin and Permutation,COMPILATION_ERROR,GNU C11,1741602729
309735362,Leelasai_2004,Kevin and Bipartite Graph,OK,C++20 (GCC 13-64),1741602588
309733262,AhmedAbdelhamid29,Kevin and Puzzle (Easy Version),WRONG_ANSWER,C++20 (GCC 13-64),1741601437
309733025,AhmedAbdelhamid29,Kevin and Binary Strings,WRONG_ANSWER,C++20 (GCC 13-64),1741601310
309732963,Anand_Bhartis,Kevin and Bipartite Graph,WRONG_ANSWER,C++20 (GCC 13-64),1741601271
309732935,AmirrezaShoom,Kevin and Bipartite Graph,WRONG_ANSWER,C++20 (GCC 13-64),1741601259
309732766,AmirrezaShoom,Kevin and Bipartite Graph,WRONG_ANSWER,C++20 (GCC 13-64),1741601169
309732741,khuni_usture,Kevin and Bipartite Graph,WRONG_ANSWER,C++20 (GCC 13-64),1741601156
309732590,King87arshiar,Kevin and Matrices,WRONG_ANSWER,C++20 (GCC 13-64),1741601068
309732546,Anand_Bhartis,Kevin and Matrices,COMPILATION_ERROR,C++20 (GCC 13-64),1741601042
309732524,Faisal_Saqid,Kevin and Matrices,WRONG_ANSWER,C++20 (GCC 13-64),1741601030
309732341,Anand_Bhartis,Kevin and Bipartite Graph,WRONG_ANSWER,C++20 (GCC 13-64),1741600929
309732314,AhmedAbdelhamid29,Kevin and Strange Operation,WRONG_ANSWER,C++20 (GCC 13-64),1741600917
309732277,Anand_Bhartis,Kevin and Matrices,WRONG_ANSWER,C++20 (GCC 13-64),1741600891
309732245,Anand_Bhartis,Kevin and Matrices,WRONG_ANSWER,C++20 (GCC 13-64),1741600878
309732111,Mousa_Aboubakar,Kevin and Bipartite Graph,WRONG_ANSWER,C++20 (GCC 13-64),1741600813
309732081,Mlchael_Petrov,Kevin and Bipartite Graph,WRONG_ANSWER,C++20 (GCC 13-64),1741600801
309731950,AhmedAbdelhamid29,Kevin and Puzzle (Hard Version),WRONG_ANSWER,C++20 (GCC 13-64),1741600737
309731933,Mousa_Aboubakar,Kevin and Puzzle (Hard Version),WRONG_ANSWER,C++20 (GCC 13-64),1741600725
309731901,Mlchael_Petrov,Kevin and Puzzle (Easy Version),WRONG_ANSWER,C++20 (GCC 13-64),1741600711
309731870,Faisal_Saqid,Kevin and Puzzle (Easy Version),WRONG_ANSWER,C++20 (GCC 13-64),1741600698
309731756,Yasho_han,Kevin and Binary Strings,WRONG_ANSWER,C++20 (GCC 13-64),1741600634
309731738,AmirrezaShoom,Kevin and Binary Strings,WRONG_ANSWER,C++20 (GCC 13-64),1741600621
309731718,Yasho_han,Kevin and Puzzle (Hard Version),WRONG_ANSWER,C++20 (GCC 13-64),1741600609
309731698,khuni_usture,Kevin and Puzzle (Hard Version),WRONG_ANSWER,C++20 (GCC 13-64),1741600596
309731677,AmirrezaShoom,Kevin and Binary Strings,WRONG_ANSWER,C++20 (GCC 13-64),1741600583
309731657,King87arshiar,Kevin and Binary Strings,TIME_LIMIT_EXCEEDED,C++20 (GCC 13-64),1741600570
309731480,AhmedAbdelhamid29,Kevin and Permutation,WRONG_ANSWER,C++20 (GCC 13-64),1741600480
309731451,khuni_usture,Kevin and Permutation,WRONG_ANSWER,C++20 (GCC 13-64),1741600469
309731427,Faisal_Saqid,Kevin and Matrices,WRONG_ANSWER,C++20 (GCC 13-64),1741600454
309731344,Ioniser,Kevin and Binary Strings,OK,C++17 (GCC 7-32),1741600407
309731338,khuni_usture,Kevin and Combination Lock,OK,C++20 (GCC 13-64),1741600404
309731316,AmirrezaShoom,Kevin and Combination Lock,OK,C++20 (GCC 13-64),1741600393
309731289,Yasho_han,Kevin and Strange Operation,WRONG_ANSWER,C++20 (GCC 13-64),1741600379
309731252,Yasho_han,Kevin and Math Class,WRONG_ANSWER,C++20 (GCC 13-64),1741600354
309731227,Faisal_Saqid,Kevin and Math Class,WRONG_ANSWER,C++20 (GCC 13-64),1741600343
309731201,khuni_usture,Kevin and Strange Operation,WRONG_ANSWER,C++20 (GCC 13-64),1741600329
309730927,Meryem_712,Kevin and Combination Lock,OK,"C++23 (GCC 14-64, msys2)",1741600173
309730715,Ioniser,Kevin and Binary Strings,WRONG_ANSWER,C++17 (GCC 7-32),1741600042
309730695,Mlchael_Petrov,Kevin and Puzzle (Hard Version),WRONG_ANSWER,C++20 (GCC 13-64),1741600033
309730623,Anand_Bhartis,Kevin and Math Class,WRONG_ANSWER,C++20 (GCC 13-64),1741599995
309730607,Mousa_Aboubakar,Kevin and Math Class,WRONG_ANSWER,C++20 (GCC 13-64),1741599982
309730604,Asedwai,Kevin and Bipartite Graph,OK,C++17 (GCC 7-32),1741599979
309730594,Kaushal_singal,Kevin and Permutation,WRONG_ANSWER,C++20 (GCC 13-64),1741599969
309730566,Mousa_Aboubakar,Kevin and Permutation,WRONG_ANSWER,C++20 (GCC 13-64),1741599956
309730527,King87arshiar,Kevin and Competition Memories,WRONG_ANSWER,C++20 (GCC 13-64),1741599931
309730456,Yasho_han,Kevin and Permutation,OK,C++20 (GCC 13-64),1741599893
309730435,Anand_Bhartis,Kevin and Permutation,OK,C++20 (GCC 13-64),1741599880
309730278,AmirrezaShoom,Kevin and Binary Strings,WRONG_ANSWER,C++20 (GCC 13-64),1741599792
309730249,Yasho_han,Kevin and Binary Strings,TIME_LIMIT_EXCEEDED,C++20 (GCC 13-64),1741599779
309730216,AmirrezaShoom,Kevin and Combination Lock,OK,C++20 (GCC 13-64),1741599767
309730202,Faisal_Saqid,Kevin and Combination Lock,OK,C++20 (GCC 13-64),1741599754
309730066,Faisal_Saqid,Kevin and Math Class,WRONG_ANSWER,C++20 (GCC 13-64),1741599689
309730053,Yasho_han,Kevin and Math Class,WRONG_ANSWER,C++20 (GCC 13-64),1741599680
309729849,Faisal_Saqid,Kevin and Puzzle (Hard Version),WRONG_ANSWER,C++20 (GCC 13-64),1741599563
309729831,Faisal_Saqid,Kevin and Puzzle (Hard Version),WRONG_ANSWER,C++20 (GCC 13-64),1741599552
309729600,Yasho_han,Kevin and Puzzle (Easy Version),WRONG_ANSWER,C++20 (GCC 13-64),1741599435
309729580,AhmedAbdelhamid29,Kevin and Puzzle (Easy Version),WRONG_ANSWER,C++20 (GCC 13-64),1741599422
309729470,AmirrezaShoom,Kevin and Puzzle (Easy Version),WRONG_ANSWER,C++20 (GCC 13-64),1741599358
309729453,khuni_usture,Kevin and Puzzle (Easy Version),WRONG_ANSWER,C++20 (GCC 13-64),1741599345
309729434,Faisal_Saqid,Kevin and Permutation,WRONG_ANSWER,C++20 (GCC 13-64),1741599332
309729419,Kaushal_singal,Kevin and Permutation,WRONG_ANSWER,C++20 (GCC 13-64),1741599325
309729247,Anand_Bhartis,Kevin and Combination Lock,OK,C++20 (GCC 13-64),1741599233
309729237,Mlchael_Petrov,Kevin and Combination Lock,OK,C++20 (GCC 13-64),1741599228
309729201,Anand_Bhartis,Kevin and Competition Memories,WRONG_ANSWER,C++20 (GCC 13-64),1741599207
309729108,khuni_usture,Kevin and Competition Memories,WRONG_ANSWER,C++20 (GCC 13-64),1741599158
